date,open,high,low,close,volume,amount
2020-01-02,1006.377,1027.156,1006.377,1027.156,59326424,60937492370.144
2020-01-03,1030.676,1043.866,1030.676,1037.757,65949281,68439328002.717
2020-01-06,1030.315,1051.18,1029.398,1034.823,65459139,67738622597.397
2020-01-07,1034.909,1055.991,1027.59,1055.701,74458835,78606266568.335
2020-01-08,1045.936,1073.515,1042.428,1070.852,85168745,91203120920.74
2020-01-09,1079.799,1103.289,1079.799,1096.323,77075169,84499280503.587
2020-01-10,1100.577,1111.924,1092.482,1092.482,62361655,68128985577.71
2020-01-13,1090.186,1136.918,1087.704,1136.918,68990305,78436319579.98999
2020-01-14,1135.541,1168.489,1135.218,1144.354,91056496,104200865423.584
2020-01-15,1139.699,1151.806,1130.492,1150.135,67736571,77906201087.085
2020-01-16,1152.317,1218.946,1152.317,1210.462,95202811,115239385008.68199
2020-01-17,1215.986,1338.183,1215.986,1322.798,146972394,194414788838.412
2020-01-20,1321.169,1370.43,1277.322,1322.02,133268711,176183901316.22
2020-01-21,1314.616,1329.023,1271.492,1271.625,97086822,123458030025.75
2020-01-22,1249.906,1361.457,1235.445,1361.457,117713206,160261468301.142
2020-01-23,1327.501,1388.67,1274.695,1311.006,105992252,138956478325.51202
2020-02-03,1098.494,1172.108,1098.494,1100.28,105982481,116610404194.68
2020-02-04,1131.291,1256.354,1131.291,1256.354,114840843,144280752466.422
2020-02-05,1268.008,1353.017,1268.008,1284.731,127662179,164011558888.849
2020-02-06,1275.635,1338.591,1275.635,1328.094,108394983,143958726552.402
2020-02-07,1332.482,1442.8,1332.482,1442.8,141684188,204421946446.4
2020-02-10,1448.309,1476.297,1414.902,1437.779,128506827,184764417217.233
2020-02-11,1431.429,1442.799,1387.634,1415.879,102248065,144770888024.13498
2020-02-12,1402.613,1513.615,1402.613,1496.883,116401586,174239555256.43802
2020-02-13,1510.689,1582.6,1495.959,1516.204,141741016,214908295423.264
2020-02-14,1515.752,1549.856,1440.702,1467.057,129203797,189549334815.42902
2020-02-17,1477.8,1514.476,1474.399,1514.476,103331957,156493768909.532
2020-02-18,1509.936,1546.096,1509.936,1542.366,107715793,166137176786.238
2020-02-19,1535.206,1546.722,1497.767,1497.767,104711835,156833930972.445
2020-02-20,1502.045,1520.515,1421.076,1457.348,100000713,145735839089.124
2020-02-21,1446.056,1497.573,1446.056,1461.891,84431305,123429364897.755
2020-02-24,1451.902,1478.72,1430.478,1469.732,90737140,133359278246.48
2020-02-25,1422.739,1496.622,1422.739,1482.338,96869216,143592919907.008
2020-02-26,1460.809,1476.044,1375.746,1377.182,97858769,134769335208.95801
2020-02-27,1381.633,1381.633,1327.696,1350.981,77995478,105370408863.918
2020-02-28,1277.024,1308.038,1254.185,1259.351,84350477,106226857560.427
2020-03-02,1279.021,1334.401,1260.174,1324.056,69908118,92562263086.608
2020-03-03,1349.838,1427.969,1347.742,1362.473,82453506,112340675680.338
2020-03-04,1342.693,1347.298,1279.217,1310.287,62251036,81566723207.332
2020-03-05,1336.673,1338.243,1291.65,1315.664,56302735,74075481541.04
2020-03-06,1294.135,1298.93,1279.102,1285.893,42560021,54727633083.753
2020-03-09,1254.765,1267.111,1197.456,1197.456,57839017,69259677940.752
2020-03-10,1174.772,1259.338,1166.983,1259.338,69775061,87870385769.618
2020-03-11,1262.328,1276.615,1213.873,1213.873,57601767,69921229713.591
2020-03-12,1192.378,1219.075,1189.131,1207.853,43857136,52972973289.008
2020-03-13,1144.563,1252.6,1144.563,1237.646,67279580,83268303068.68
2020-03-16,1252.073,1264.807,1176.563,1176.563,63405680,74600777077.84001
2020-03-17,1200.858,1221.615,1151.94,1211.271,55498995,67224323172.645
2020-03-18,1229.159,1259.52,1194.51,1194.51,61972951,74027309699.01
2020-03-19,1197.156,1225.509,1176.859,1221.678,53144439,64925391948.642006
2020-03-20,1231.662,1242.397,1199.332,1211.29,40923189,49569849603.81
2020-03-23,1171.15,1171.673,1098.504,1103.051,53992466,59556443613.766
2020-03-24,1134.087,1135.552,1072.849,1124.196,43360403,48745591610.988
2020-03-25,1165.345,1181.24,1157.289,1165.412,42427482,49445496652.584
2020-03-26,1156.354,1178.665,1151.227,1158.122,31013815,35917781455.43
2020-03-27,1174.655,1174.655,1136.993,1137.563,27124522,30855852619.886
2020-03-30,1112.047,1112.047,1058.203,1078.917,41270652,44527608043.883995
2020-03-31,1096.288,1108.467,1074.143,1077.07,30127839,32449791551.73
2020-04-01,1069.282,1116.287,1069.282,1090.863,35717059,38962418131.917
2020-04-02,1085.801,1169.751,1085.801,1169.751,45626416,53371545742.416
2020-04-03,1161.591,1165.048,1140.672,1148.172,33634206,38617853571.432
2020-04-07,1183.125,1196.434,1178.281,1181.307,35319486,41723156048.202
2020-04-08,1173.579,1186.184,1165.763,1171.168,27434647,32130580657.695995
2020-04-09,1175.701,1178.098,1155.3,1160.723,26084869,30277307400.287
2020-04-10,1160.682,1160.682,1097.126,1103.439,35082675,38711591819.325005
2020-04-13,1093.671,1103.743,1085.59,1089.781,21560423,23496139337.363
2020-04-14,1098.456,1124.85,1098.456,1124.85,23377784,26296500332.399998
2020-04-15,1128.617,1161.493,1128.617,1143.273,28490645,32572585181.085
2020-04-16,1134.455,1157.768,1133.077,1148.385,22498033,25836403626.704998
2020-04-17,1162.179,1197.857,1162.179,1180.755,41236078,48689705278.89001
2020-04-20,1180.01,1192.421,1172.021,1192.234,25702130,30642953258.42
2020-04-21,1186.767,1186.767,1163.035,1174.463,26098898,30652190041.774
2020-04-22,1164.992,1199.545,1164.992,1199.545,32452211,38927887443.995
2020-04-23,1208.085,1222.231,1200.825,1213.133,41251581,50043654213.273
2020-04-24,1212.223,1223.476,1205.447,1211.677,39846374,48280934909.198
2020-04-27,1205.723,1209.273,1198.772,1200.343,30399135,36489388903.305
2020-04-28,1188.168,1188.168,1082.483,1176.709,59494858,70008134862.322
2020-04-29,1167.518,1187.15,1159.756,1160.204,35064682,40682184315.128
2020-04-30,1167.938,1252.033,1167.938,1245.025,54220590,67505990064.75001
2020-05-06,1233.918,1365.97,1233.918,1352.888,80643929,109102203816.952
2020-05-07,1359.063,1359.063,1318.308,1325.145,63995389,84803169756.405
2020-05-08,1338.059,1397.221,1338.059,1349.893,60897418,82204998276.274
2020-05-11,1355.04,1389.921,1323.763,1334.383,47955379,63990842496.157005
2020-05-12,1329.708,1336.707,1300.507,1336.707,42134446,56321408909.32201
2020-05-13,1332.932,1355.975,1332.932,1342.484,36076005,48431459496.42
2020-05-14,1338.851,1366.042,1338.851,1341.731,49847993,66882597495.883
2020-05-15,1344.855,1406.697,1344.855,1394.272,58622126,81735188862.272
2020-05-18,1412.216,1412.216,1368.497,1368.642,72742278,99558136846.476
2020-05-19,1374.651,1466.24,1374.651,1466.24,70415903,103246613614.72
2020-05-20,1452.992,1485.997,1427.402,1440.803,76155618,109725242881.25401
2020-05-21,1440.357,1444.836,1362.724,1366.63,61274578,83739676532.14
2020-05-22,1356.613,1376.192,1313.348,1346.504,49830487,67096950067.448
2020-05-25,1337.331,1343.442,1306.503,1315.532,43279561,56935647441.451996
2020-05-26,1323.292,1382.648,1323.292,1381.027,64473364,89039456464.828
2020-05-27,1374.626,1385.001,1350.019,1353.621,55192964,74710355122.64401
2020-05-28,1350.363,1353.396,1295.601,1323.07,51662602,68353238828.14
2020-05-29,1315.679,1367.269,1315.679,1331.846,52139682,69442026912.972
2020-06-01,1347.992,1417.047,1347.992,1405.767,63483674,89243253947.95801
2020-06-02,1414.68,1430.913,1403.853,1415.875,64874093,91853606426.375
2020-06-03,1418.568,1420.771,1393.87,1395.485,66315829,92542744632.06499
2020-06-04,1396.304,1396.819,1382.319,1385.459,77391369,107222568703.371
2020-06-05,1386.28,1401.381,1381.515,1386.728,66758227,92575502611.25601
2020-06-08,1398.348,1410.031,1370.692,1375.471,64281529,88417378975.159
2020-06-09,1371.822,1371.822,1353.956,1360.352,52620996,71583077150.59201
2020-06-10,1359.473,1359.473,1344.46,1349.841,45178155,60983325923.354996
2020-06-11,1349.532,1384.6,1349.532,1363.589,55209981,75283722781.80899
2020-06-12,1332.143,1354.432,1332.143,1347.521,41776460,56294657155.659996
2020-06-15,1343.319,1351.193,1314.035,1314.373,48092338,63211270574.074005
2020-06-16,1327.195,1347.749,1327.195,1347.749,47074127,63444107590.123
2020-06-17,1350.518,1354.304,1333.035,1347.088,51039306,68754436640.928
2020-06-18,1345.173,1372.623,1345.173,1368.721,43444529,59463439177.409
2020-06-19,1368.616,1389.494,1364.003,1385.907,38259562,53024194792.73399
2020-06-22,1409.332,1469.768,1409.332,1454.594,63507138,92377101891.972
2020-06-23,1446.216,1491.993,1442.577,1490.344,50093080,74655921219.52
2020-06-24,1490.71,1541.226,1490.71,1522.773,64440608,98128417965.984
2020-06-29,1513.945,1513.945,1475.753,1483.322,52778594,78287649609.26799
2020-06-30,1495.288,1543.404,1495.288,1535.774,50784757,77993909396.918
2020-07-01,1540.237,1555.518,1510.623,1534.501,61133388,93809245019.388
2020-07-02,1532.836,1549.644,1521.669,1546.571,65423579,101182209997.609
2020-07-03,1546.766,1556.037,1516.876,1554.552,56095426,87203256679.152
2020-07-06,1569.151,1711.314,1569.151,1697.776,93964591,159530827449.616
2020-07-07,1709.135,1784.95,1709.135,1716.984,103055056,176943882271.104
2020-07-08,1718.834,1764.894,1708.609,1752.229,79029646,138478037580.934
2020-07-09,1752.904,1849.622,1752.904,1832.132,98144563,179813794498.316
2020-07-10,1811.329,1845.343,1799.073,1815.315,84846831,154023725016.765
2020-07-13,1803.047,1886.134,1803.047,1886.134,86876644,163860992054.296
2020-07-14,1874.966,1880.641,1810.803,1869.53,96260353,179961617744.09
2020-07-15,1877.471,1877.471,1759.307,1759.307,90567965,159336854800.255
2020-07-16,1745.444,1745.444,1577.528,1584.591,79141805,125407391926.75499
2020-07-17,1594.485,1604.284,1541.719,1552.904,50797824,78884144080.896
2020-07-20,1574.904,1575.631,1494.671,1575.444,57327657,90316513254.708
2020-07-21,1571.549,1619.737,1571.549,1609.805,50356538,81064206655.09
2020-07-22,1597.063,1647.986,1597.063,1620.064,83537922,135336780067.00801
2020-07-23,1612.363,1632.935,1589.25,1614.805,82252008,132820953778.44
2020-07-24,1587.578,1591.311,1498.72,1498.72,86352955,129418900717.6
2020-07-27,1508.031,1517.96,1477.017,1491.381,60067636,89583731045.31601
2020-07-28,1505.786,1524.088,1498.792,1512.41,53671283,81172985122.03
2020-07-29,1510.023,1590.864,1509.682,1589.198,68920339,109528064898.12201
2020-07-30,1597.62,1605.126,1581.034,1583.125,60764229,96197370035.625
2020-07-31,1581.656,1629.529,1581.656,1624.623,60172062,97756915882.626
2020-08-03,1653.255,1742.952,1653.255,1742.952,91455573,159402673871.496
2020-08-04,1744.07,1744.333,1684.375,1695.495,69344974,117574056692.12999
2020-08-05,1749.998,1749.998,1690.416,1728.593,64107572,110815900206.196
2020-08-06,1718.656,1740.279,1703.388,1722.364,60400918,104032366730.15201
2020-08-07,1711.396,1711.396,1616.371,1658.166,68671123,113868121340.418
2020-08-10,1646.32,1694.893,1644.713,1671.135,59722516,99804386775.66
2020-08-11,1667.021,1667.862,1622.102,1622.102,52721403,85519493249.106
2020-08-12,1613.055,1613.055,1550.497,1592.232,58780818,93592699405.776
2020-08-13,1595.972,1623.887,1591.654,1605.784,44739095,71841322925.48001
2020-08-14,1602.697,1635.26,1600.06,1631.993,44441312,72527910094.816
2020-08-17,1636.879,1643.023,1620.926,1637.856,54271480,88888869146.88
2020-08-18,1635.924,1651.432,1622.859,1650.42,56600117,93413965099.14
2020-08-19,1653.282,1653.282,1600.195,1600.195,56021149,89644762524.055
2020-08-20,1587.221,1606.975,1567.213,1567.756,39092330,61287234911.48
2020-08-21,1575.27,1602.169,1570.853,1572.67,40687725,63988364475.75
2020-08-24,1580.04,1580.04,1549.731,1565.591,41625398,65168348480.217995
2020-08-25,1565.975,1578.998,1546.506,1547.804,41563276,64331804845.90401
2020-08-26,1548.334,1550.039,1502.187,1508.665,53972644,81426638960.26
2020-08-27,1518.73,1567.717,1514.384,1553.257,55296434,85889573185.53801
2020-08-28,1551.708,1551.708,1521.502,1542.188,48333394,74539180226.072
2020-08-31,1548.77,1573.623,1548.77,1554.967,48685163,75703821854.621
2020-09-01,1555.504,1568.442,1549.052,1552.002,42129933,65385740275.866
2020-09-02,1557.268,1567.043,1534.01,1541.149,42697569,65803315766.781
2020-09-03,1540.098,1540.098,1517.179,1520.917,39738604,60439118379.868
2020-09-04,1495.556,1521.306,1495.556,1514.932,42549442,64459511267.944
2020-09-07,1511.99,1515.315,1464.365,1470.522,49973236,73486742949.192
2020-09-08,1470.912,1470.912,1445.512,1461.49,36302685,53056011100.65
2020-09-09,1443.776,1443.776,1402.284,1412.484,40533050,57252284596.2
2020-09-10,1426.368,1445.407,1396.913,1401.256,41440949,58069378431.944
2020-09-11,1401.177,1434.156,1399.827,1434.156,27038306,38777148779.736
2020-09-14,1459.529,1493.051,1459.529,1473.171,110626692,162972034480.332
2020-09-15,1471.897,1501.262,1457.064,1488.662,108709106,161831115156.172
2020-09-16,1483.179,1491.76,1466.605,1472.328,82895111,122048792988.408
2020-09-17,1468.477,1523.132,1464.328,1515.25,151341535,229320260908.75
2020-09-18,1514.341,1538.508,1514.341,1538.508,103440544,159144104468.352
2020-09-21,1546.013,1551.454,1523.277,1527.202,87774375,134049201048.75
2020-09-22,1516.117,1530.252,1503.396,1508.974,78079437,117819840367.638
2020-09-23,1521.177,1554.554,1521.177,1542.277,114179030,176095691851.31
2020-09-24,1529.082,1532.263,1507.224,1509.977,96784716,146142695111.532
2020-09-25,1514.608,1514.608,1467.779,1470.941,79907517,117539242963.49701
2020-09-28,1472.037,1472.037,1434.316,1436.293,95398218,137019792725.874
2020-09-29,1445.731,1505.333,1445.731,1490.795,98750321,147216484795.195
2020-09-30,1496.604,1520.087,1496.604,1504.256,80688581,121376282100.73601
2020-10-09,1534.596,1553.36,1533.37,1550.922,94329464,146297640965.808
2020-10-12,1558.148,1601.604,1558.148,1600.231,138397150,221467409741.65
2020-10-13,1596.078,1605.45,1587.849,1600.438,101465700,162389561976.6
2020-10-14,1598.33,1598.33,1575.052,1581.795,96489128,152626020224.76
2020-10-15,1583.378,1589.323,1552.345,1552.836,83760963,130067038741.06801
2020-10-16,1565.82,1565.82,1527.518,1537.493,75113166,115485966932.838
2020-10-19,1544.031,1544.031,1521.559,1522.865,78388355,119374882237.075
2020-10-20,1512.365,1514.535,1483.685,1514.535,126031949,190879797878.715
2020-10-21,1512.356,1512.356,1470.115,1473.219,95488415,140675347257.885
2020-10-22,1472.982,1475.67,1464.767,1464.767,65094379,95348098244.69301
2020-10-23,1465.65,1471.925,1410.032,1411.976,72682334,102625711231.98401
2020-10-26,1408.398,1438.326,1390.316,1433.406,59777834,85685905922.604
2020-10-27,1434.834,1457.847,1434.834,1457.847,65427648,95383500353.856
2020-10-28,1468.93,1487.528,1466.374,1482.955,78133800,115868909379.0
2020-10-29,1466.625,1491.21,1464.516,1483.998,93388687,138588624730.626
2020-10-30,1502.391,1546.683,1501.189,1504.788,128280945,193035626664.66
2020-11-02,1511.219,1515.748,1471.639,1502.803,108813007,163524513358.621
2020-11-03,1507.759,1554.337,1507.759,1554.337,109202528,169737529763.936
2020-11-04,1559.517,1560.706,1544.653,1557.716,77982507,121474598874.012
2020-11-05,1590.822,1590.822,1551.439,1571.424,96341141,151392781154.784
2020-11-06,1576.443,1576.443,1550.11,1563.524,86170725,134729996634.9
2020-11-09,1578.726,1653.025,1578.726,1644.245,204487751,336227962142.995
2020-11-10,1632.145,1632.145,1593.491,1596.982,129752516,207212432506.712
2020-11-11,1596.691,1596.691,1532.192,1533.077,107205372,164354090089.644
2020-11-12,1544.405,1558.375,1528.223,1535.502,79807470,122544529799.94
2020-11-13,1529.684,1564.174,1524.918,1561.854,81382354,127107355124.31601
2020-11-16,1604.397,1604.397,1553.141,1554.463,87273854,135663976910.402
2020-11-17,1562.295,1562.295,1523.115,1542.463,90766022,140003230592.186
2020-11-18,1542.627,1554.221,1530.007,1530.303,75155365,115010480525.595
2020-11-19,1528.231,1558.398,1523.398,1558.137,78753187,122708254532.61899
2020-11-20,1557.32,1563.036,1545.123,1550.026,68410469,106038005622.194
2020-11-23,1549.781,1549.781,1524.986,1539.027,81499609,125430098740.44301
2020-11-24,1532.948,1556.904,1532.948,1548.507,83055783,128612461365.981
2020-11-25,1553.376,1558.616,1525.986,1525.986,84026780,128223689905.08
2020-11-26,1528.982,1542.33,1519.212,1527.207,70086805,107037059203.63501
2020-11-27,1526.325,1545.863,1522.024,1536.827,79113291,121583441667.657
2020-11-30,1549.344,1568.82,1547.18,1554.598,103356548,160677882807.704
2020-12-01,1558.141,1594.3,1558.141,1591.639,88283052,140514748602.228
2020-12-02,1601.957,1630.739,1601.957,1626.737,123436606,200798894134.622
2020-12-03,1625.641,1633.754,1610.537,1619.41,89081585,144259609564.85
2020-12-04,1616.602,1623.87,1605.627,1623.87,87706427,142423835612.49
2020-12-07,1644.987,1645.871,1624.354,1626.364,107103618,174189468584.952
2020-12-08,1625.225,1635.985,1618.374,1628.328,80908750,131745983070.0
2020-12-09,1628.992,1628.992,1590.673,1590.673,102783891,163495560248.643
2020-12-10,1588.267,1613.474,1588.267,1605.114,121311019,194718014951.16602
2020-12-11,1606.221,1621.064,1597.741,1610.347,155644968,250642407283.896
2020-12-14,1608.858,1624.727,1599.747,1619.283,116436769,188544080616.62698
2020-12-15,1618.499,1620.563,1591.279,1594.916,141645851,225913234093.516
2020-12-16,1588.514,1588.514,1562.321,1565.836,164605654,257745458836.744
2020-12-17,1561.707,1583.127,1556.396,1578.544,113176937,178654774839.728
2020-12-18,1604.24,1604.24,1561.022,1563.012,104279640,162990328675.68
2020-12-21,1560.564,1607.354,1560.564,1595.04,132008949,210559554012.96
2020-12-22,1587.193,1592.125,1560.598,1563.348,113093226,176804068680.648
2020-12-23,1563.862,1584.815,1556.786,1584.141,117498584,186134324356.344
2020-12-24,1585.657,1590.924,1549.25,1549.25,102514922,158821242908.5
2020-12-25,1546.567,1552.383,1532.538,1533.749,92605783,142034027070.467
2020-12-28,1527.899,1530.784,1514.002,1516.571,105487393,159979121089.40298
2020-12-29,1516.576,1547.334,1516.576,1530.081,92222996,141108653942.676
2020-12-30,1527.631,1560.632,1527.631,1555.738,139311079,216731539421.302
2020-12-31,1566.923,1599.907,1566.923,1599.907,165557358,264876375965.706
2021-01-04,1605.999,1625.712,1600.483,1622.709,155174399,251802893826.89102
2021-01-05,1612.102,1632.898,1610.287,1631.447,152888245,249429068640.51498
2021-01-06,1639.407,1644.857,1612.631,1617.845,162971325,263662343294.625
2021-01-07,1616.552,1616.552,1562.425,1574.796,153974752,242478823550.592
2021-01-08,1577.351,1586.452,1561.802,1583.635,154462787,244612675690.745
2021-01-11,1587.116,1617.994,1587.116,1602.282,173798638,278474429291.916
2021-01-12,1597.026,1616.338,1588.428,1616.27,129107680,208672869953.6
2021-01-13,1623.328,1623.328,1598.251,1620.23,151866093,246057999861.39
2021-01-14,1618.58,1715.991,1618.58,1679.033,253418200,425497520600.6
2021-01-15,1682.674,1713.016,1671.848,1680.217,218204464,366630849888.68805
2021-01-18,1673.171,1748.173,1669.394,1727.512,200486681,346343147267.672
2021-01-19,1725.838,1725.838,1669.472,1669.472,177527405,296377031880.16
2021-01-20,1679.74,1705.705,1671.859,1705.705,144425736,246347700023.87997
2021-01-21,1710.047,1720.78,1693.275,1711.531,147214713,251962544955.603
2021-01-22,1711.434,1711.434,1669.937,1703.722,149122685,254063599133.57
2021-01-25,1692.783,1723.208,1678.498,1710.726,139699124,238986923604.02402
2021-01-26,1709.658,1726.417,1687.244,1693.764,139378631,236074507557.08398
2021-01-27,1697.59,1697.59,1657.313,1664.324,113984824,189707678218.976
2021-01-28,1644.222,1665.804,1621.608,1622.04,98644689,160005631345.56
2021-01-29,1637.557,1639.553,1602.392,1625.911,117235381,190614295557.091
2021-02-01,1622.112,1636.839,1604.299,1615.837,92236534,149039204388.958
2021-02-02,1613.925,1628.381,1611.489,1628.381,90407076,147217164823.956
2021-02-03,1624.947,1624.947,1587.944,1587.944,132875791,210999315063.70398
2021-02-04,1575.848,1580.746,1544.634,1576.389,127746495,201378169506.555
2021-02-05,1578.162,1589.88,1546.753,1547.255,125689433,194473603656.415
2021-02-08,1550.826,1579.115,1550.826,1567.094,93924006,147187746258.564
2021-02-09,1575.121,1620.678,1573.428,1620.542,96027409,155616449435.67798
2021-02-10,1615.246,1628.882,1605.219,1627.1,95306802,155073697534.19998
2021-02-18,1647.921,1654.373,1633.537,1634.762,153207895,250458444845.99
2021-02-19,1627.916,1627.916,1601.16,1623.633,111725298,181400880767.634
2021-02-22,1629.442,1629.442,1561.423,1562.024,132672857,207238186782.568
2021-02-23,1538.342,1576.858,1538.342,1563.229,106956699,167197813621.071
2021-02-24,1568.365,1569.61,1538.984,1540.851,118155746,182060399379.846
2021-02-25,1552.503,1552.503,1524.839,1524.839,98109044,149600496543.916
2021-02-26,1491.053,1510.044,1491.053,1495.565,111351595,166533548176.17502
2021-03-01,1513.002,1536.826,1509.899,1536.207,130155156,199945261733.29202
2021-03-02,1552.709,1552.709,1523.704,1532.939,135333031,207457281208.109
2021-03-03,1530.17,1537.693,1517.005,1537.597,94432503,145199133315.291
2021-03-04,1538.051,1538.051,1499.845,1500.856,146585710,220004042367.76
2021-03-05,1480.45,1512.417,1480.45,1506.499,101311121,152625102475.379
2021-03-08,1514.727,1514.727,1440.305,1440.305,127902432,184218512321.76
2021-03-09,1437.958,1437.958,1386.54,1386.54,116792329,161937235851.66
2021-03-10,1410.024,1410.024,1388.388,1394.586,84913102,118418623265.772
2021-03-11,1400.912,1442.431,1388.782,1434.346,119810003,171848998563.038
2021-03-12,1434.14,1434.14,1418.748,1424.174,82041469,116841327071.606
2021-03-15,1415.055,1415.055,1360.409,1370.806,97823913,134097606883.878
2021-03-16,1370.775,1375.775,1352.254,1361.23,93773006,127646628957.38
2021-03-17,1361.885,1379.892,1356.371,1378.924,83027179,114488169775.396
2021-03-18,1385.426,1394.492,1381.095,1383.365,76661637,106051025468.505
2021-03-19,1366.672,1385.941,1366.672,1380.937,90555020,125050777653.73999
2021-03-22,1375.355,1396.34,1375.355,1393.548,78888908,109935479965.584
2021-03-23,1397.922,1407.649,1386.934,1388.974,92611351,128634758643.874
2021-03-24,1381.646,1397.886,1369.998,1370.901,89855126,123182482088.526
2021-03-25,1360.195,1380.091,1360.195,1367.878,84500774,115586749737.57199
2021-03-26,1373.76,1406.765,1373.76,1405.33,90360042,126985677823.86
2021-03-29,1411.226,1411.226,1394.661,1395.098,83299315,116210707757.87
2021-03-30,1393.408,1398.784,1386.74,1389.675,70519711,97999479383.925
2021-03-31,1388.734,1392.455,1376.142,1391.168,70132379,97565921428.672
2021-04-01,1392.687,1415.559,1392.687,1411.764,112960247,159473210145.70798
2021-04-02,1420.198,1460.681,1420.198,1460.441,186885370,272935056648.17
2021-04-06,1467.57,1467.57,1450.096,1457.332,102938083,150014962374.556
2021-04-07,1458.742,1461.676,1440.215,1460.444,103415632,151032739260.608
2021-04-08,1453.635,1463.691,1443.639,1447.262,103269886,149458581752.132
2021-04-09,1445.359,1449.652,1417.256,1417.78,88413141,125350383046.98
2021-04-12,1415.009,1425.764,1385.789,1389.214,88291011,122655108555.35399
2021-04-13,1388.987,1403.687,1382.262,1383.251,71459189,98845994643.439
2021-04-14,1384.95,1394.268,1380.486,1389.855,71023379,98712198420.045
2021-04-15,1383.38,1398.628,1375.976,1398.628,81475065,113953307210.81999
2021-04-16,1402.09,1418.948,1391.152,1415.188,85220251,120602676572.188
2021-04-19,1412.307,1442.344,1410.706,1441.472,116564740,168024808897.28
2021-04-20,1436.764,1444.745,1427.301,1428.016,107096967,152936182427.47202
2021-04-21,1417.442,1424.061,1410.906,1418.74,86470018,122678473337.32
2021-04-22,1420.509,1445.857,1420.509,1441.012,96800274,139490356437.288
2021-04-23,1438.599,1455.083,1438.599,1449.858,84738827,122859266236.566
2021-04-26,1452.263,1476.375,1452.263,1454.21,130649695,189992092965.95
2021-04-27,1449.059,1449.853,1433.184,1444.717,97211961,140443772660.03702
2021-04-28,1450.856,1456.15,1432.43,1454.097,96014993,139615113276.32098
2021-04-29,1450.844,1467.513,1447.526,1457.317,116993104,170496039341.968
2021-04-30,1446.061,1448.526,1431.47,1441.877,144740931,208698619367.487
2021-05-06,1440.899,1440.899,1414.8,1423.539,97487709,138777555782.151
2021-05-07,1425.031,1425.031,1362.672,1362.672,109714381,149504714986.032
2021-05-10,1360.204,1361.115,1345.757,1353.003,103635081,140218575498.24298
2021-05-11,1343.033,1358.425,1338.181,1357.685,98097815,133185931958.275
2021-05-12,1355.666,1378.551,1352.599,1376.286,103348173,142236643625.478
2021-05-13,1361.577,1397.228,1361.577,1382.444,124623545,172285072043.97998
2021-05-14,1383.691,1413.546,1383.691,1412.319,113173361,159836888034.159
2021-05-17,1417.989,1446.561,1417.989,1435.697,110856258,159155997041.826
2021-05-18,1438.388,1438.388,1424.567,1427.944,87457951,124885056382.744
2021-05-19,1426.006,1439.285,1426.006,1428.159,86265381,123200680263.57901
2021-05-20,1423.28,1441.512,1423.28,1430.645,85723990,122640597673.55
2021-05-21,1435.665,1437.788,1412.855,1412.855,103114001,145685131882.855
2021-05-24,1412.695,1430.886,1399.305,1429.035,120086467,171607764369.345
2021-05-25,1428.282,1480.962,1428.282,1479.113,139378787,206156975775.931
2021-05-26,1480.353,1483.055,1468.637,1468.955,143982289,211503503337.995
2021-05-27,1467.813,1520.601,1467.813,1518.293,237249890,360214847237.76996
2021-05-28,1509.797,1515.198,1480.332,1482.149,165018648,244582224114.55197
2021-05-31,1493.014,1526.211,1493.014,1526.211,151982320,231957088589.52
2021-06-01,1522.214,1563.477,1522.214,1550.605,236467505,366667695590.525
2021-06-02,1551.984,1551.984,1522.873,1523.709,216810782,330356539830.438
2021-06-03,1522.143,1530.113,1504.876,1506.111,161458151,243173897260.76102
2021-06-04,1495.371,1526.612,1495.371,1513.811,168490132,255062215213.052
2021-06-07,1535.485,1548.644,1526.754,1532.503,190557694,292030237728.082
2021-06-08,1542.996,1542.996,1511.413,1517.165,171690798,260483269547.66998
2021-06-09,1518.178,1547.345,1518.178,1536.556,156225272,240048879043.232
2021-06-10,1538.268,1565.257,1538.268,1564.443,205750054,321884231729.922
2021-06-11,1566.547,1568.931,1547.515,1547.515,208549805,322733951484.575
2021-06-15,1550.665,1593.228,1550.665,1574.813,201126837,316737157556.481
2021-06-16,1584.819,1584.819,1536.718,1538.044,195195008,300218510884.352
2021-06-17,1539.302,1635.633,1539.302,1632.624,359390665,586749825054.96
2021-06-18,1635.448,1652.265,1625.147,1640.192,288992531,474003237405.952
2021-06-21,1630.581,1680.106,1630.581,1679.729,234154140,393315499428.06
2021-06-22,1682.705,1682.705,1649.584,1656.991,198611497,329097463025.527
2021-06-23,1662.282,1687.892,1649.21,1665.307,249014092,414684910506.244
2021-06-24,1659.407,1663.086,1621.738,1630.575,202931270,330894655580.25
2021-06-25,1630.427,1656.269,1620.995,1656.122,204826185,339217151154.57
2021-06-28,1659.75,1705.799,1659.75,1681.071,209611703,352372155173.91296
2021-06-29,1682.836,1689.864,1656.595,1667.884,190480680,317699678481.12
2021-06-30,1674.78,1725.979,1674.78,1711.241,283291361,484779791889.001
2021-07-01,1708.256,1708.256,1683.154,1683.189,228561363,384711972026.607
2021-07-02,1670.325,1670.325,1621.997,1625.951,200299545,325677245492.295
2021-07-05,1639.144,1678.9,1639.144,1671.478,211355691,353276387681.29803
2021-07-06,1683.417,1705.572,1634.944,1657.046,224554960,372097898248.16003
2021-07-07,1642.247,1672.84,1628.575,1670.216,175139203,292520299077.84796
2021-07-08,1673.562,1734.658,1673.562,1727.872,260058195,449347273511.04004
2021-07-09,1716.683,1716.683,1670.777,1688.234,193189434,326148970919.55597
2021-07-12,1695.373,1695.373,1670.814,1687.983,221357121,373647057176.943
2021-07-13,1686.409,1697.944,1654.003,1665.512,217241277,361817953738.824
2021-07-14,1657.711,1666.373,1636.834,1636.834,165004719,270085334219.646
2021-07-15,1629.61,1648.584,1624.346,1635.823,169133741,276672863603.843
2021-07-16,1649.582,1653.983,1609.953,1609.953,205914218,331512213011.75397
2021-07-19,1598.619,1615.319,1598.487,1613.185,185233536,298815961772.16
2021-07-20,1606.502,1620.822,1596.105,1618.838,145750824,235946972422.512
2021-07-21,1624.515,1681.543,1624.515,1671.564,217037671,362792357487.44403
2021-07-22,1682.062,1716.759,1668.431,1714.895,307407557,527171682461.515
2021-07-23,1723.708,1726.11,1695.483,1713.237,278135005,476511181561.185
2021-07-26,1712.008,1738.989,1669.539,1738.338,382261773,664500165953.2739
2021-07-27,1736.198,1846.147,1736.198,1741.146,695004056,1210103532088.176
2021-07-28,1718.417,1724.872,1671.268,1683.901,432422756,728157111251.156
2021-07-29,1722.397,1789.217,1716.032,1777.491,408535500,726168174430.5
2021-07-30,1764.555,1824.098,1764.555,1797.27,392428522,705300009734.94
2021-08-02,1792.335,1808.198,1745.616,1777.305,402866643,716016898937.115
2021-08-03,1765.562,1765.562,1700.612,1702.991,358789961,611016074473.351
2021-08-04,1706.409,1744.723,1706.409,1741.844,276751484,482057911896.49603
2021-08-05,1748.028,1759.155,1737.922,1748.834,302205021,528506415695.51404
2021-08-06,1780.662,1780.662,1712.812,1727.276,340436111,588027124063.636
2021-08-09,1705.048,1727.498,1688.447,1721.771,261265426,449839233789.446
2021-08-10,1724.468,1736.401,1713.051,1732.839,257935428,446960569120.092
2021-08-11,1735.845,1735.845,1705.143,1716.033,201488202,345760403742.66595
2021-08-12,1709.303,1751.917,1709.303,1732.813,215306981,373086735667.55304
2021-08-13,1724.01,1724.01,1682.35,1682.98,280771489,472532800557.22003
2021-08-16,1678.078,1723.225,1668.317,1699.954,206347400,350781088019.6
2021-08-17,1693.45,1706.595,1650.296,1652.759,200533000,331432720547.0
2021-08-18,1660.804,1669.045,1640.677,1648.279,162094300,267176630709.7
2021-08-19,1650.919,1693.113,1649.765,1681.325,185242700,311453182577.5
2021-08-20,1674.148,1706.335,1661.448,1679.538,173610600,291585599902.8
2021-08-23,1681.836,1726.131,1680.145,1721.72,186682700,321415338244.0
2021-08-24,1721.954,1735.1,1703.053,1725.885,197027300,340046461660.5
2021-08-25,1721.772,1730.734,1678.353,1684.707,184531800,310882015182.60004
2021-08-26,1692.118,1699.369,1638.787,1641.111,209085700,343132842212.7
2021-08-27,1638.187,1651.196,1621.724,1626.193,177779900,289104428920.7
2021-08-30,1636.108,1658.464,1597.779,1605.379,216907000,348217942753.0
2021-08-31,1600.449,1601.83,1544.949,1566.496,209043800,327466276524.80005
2021-09-01,1562.312,1565.322,1532.31,1559.332,167644400,261413277540.80002
2021-09-02,1549.206,1553.009,1518.498,1522.704,157192000,239356887168.0
2021-09-03,1525.014,1547.228,1508.808,1537.819,183856300,282737711409.7
2021-09-06,1531.241,1567.697,1517.817,1564.252,143996200,225246343842.4
2021-09-07,1558.586,1566.265,1542.815,1551.54,133446000,207046806840.0
2021-09-08,1552.216,1560.81,1527.028,1534.431,145347900,223026323544.9
2021-09-09,1532.37,1532.37,1495.401,1504.482,151719500,228259256799.0
2021-09-10,1501.359,1559.256,1497.364,1555.187,206618300,321330094122.1
2021-09-13,1546.283,1546.868,1495.769,1495.769,166105700,248455756783.3
2021-09-14,1498.804,1528.742,1497.159,1501.682,155251500,233138383023.0
2021-09-15,1495.912,1501.6,1481.405,1491.178,116917000,174344058226.0
2021-09-16,1482.092,1494.098,1461.6,1468.95,137770700,202378269765.0
2021-09-17,1466.755,1471.822,1443.601,1451.79,106236000,154232362440.0
2021-09-22,1438.684,1467.927,1435.779,1455.282,109766400,159741066124.8
2021-09-23,1459.004,1485.68,1454.436,1478.652,116314500,171988668054.0
2021-09-24,1476.258,1497.396,1473.799,1481.206,119970100,177700431940.59998
2021-09-27,1495.011,1512.083,1466.41,1475.595,125025200,184486559994.0
2021-09-28,1471.311,1489.757,1449.775,1471.366,106972300,157395405161.8
2021-09-29,1463.127,1478.414,1451.302,1466.201,141090500,206867032190.5
2021-09-30,1468.75,1481.89,1464.784,1477.995,92042100,136037763589.49998
2021-10-08,1492.057,1509.986,1476.568,1479.291,98904400,146308388780.4
2021-10-11,1480.538,1491.572,1461.817,1464.156,100511000,147163783716.0
2021-10-12,1463.317,1471.397,1417.214,1422.523,108365400,154152273904.19998
2021-10-13,1422.915,1442.804,1422.915,1439.451,90982300,130964562717.3
2021-10-14,1440.21,1446.167,1429.134,1438.691,77341300,111270232238.3
2021-10-15,1444.127,1469.983,1432.85,1465.743,118754300,174063283944.9
2021-10-18,1470.01,1470.01,1422.13,1434.69,102580000,147170500200.0
2021-10-19,1436.506,1457.696,1433.292,1454.97,84011400,122234066658.0
2021-10-20,1461.728,1469.795,1442.344,1451.765,95780700,139051067935.5
2021-10-21,1451.195,1461.433,1437.101,1446.408,108906100,157522654288.8
2021-10-22,1448.574,1469.122,1443.765,1463.388,155321400,227295472903.19998
2021-10-25,1462.914,1472.954,1448.645,1472.954,129115000,190180455710.0
2021-10-26,1465.823,1476.874,1456.887,1461.59,145911300,213262496967.0
2021-10-27,1458.295,1461.179,1422.913,1430.941,169141600,242031650245.6
2021-10-28,1425.063,1443.3,1424.871,1427.56,135112500,192881200500.0
2021-10-29,1437.369,1485.646,1432.862,1481.107,179194000,265405487758.0
2021-11-01,1481.697,1503.384,1474.174,1497.848,168573100,252496880688.8
2021-11-02,1499.813,1520.939,1491.767,1503.031,220785200,331846999941.2
2021-11-03,1506.871,1516.153,1486.333,1501.079,148930400,223556295901.6
2021-11-04,1506.65,1519.996,1506.65,1512.062,158205700,239216827153.4
2021-11-05,1522.645,1533.808,1504.163,1505.519,184896700,278365494887.3
2021-11-08,1503.768,1503.768,1472.45,1494.096,159533500,238358364216.0
2021-11-09,1493.389,1532.356,1489.07,1527.747,213629100,326371216637.7
2021-11-10,1523.89,1533.958,1507.188,1532.912,187060500,286747285176.0
2021-11-11,1528.966,1581.887,1524.863,1567.981,272437000,427176039697.0
2021-11-12,1558.157,1568.61,1544.592,1561.726,269455000,420814879330.0
2021-11-15,1565.419,1578.125,1556.055,1559.727,204938200,319647643871.4
2021-11-16,1556.809,1572.046,1545.935,1548.047,178717200,276662625308.4
2021-11-17,1547.953,1567.179,1535.049,1562.849,151586400,236906653653.59998
2021-11-18,1560.436,1565.628,1543.485,1543.485,152825500,235883866867.49997
2021-11-19,1541.719,1559.146,1540.518,1553.45,149406200,232095061390.0
2021-11-22,1555.753,1600.734,1553.843,1596.248,246678200,393759583393.60004
2021-11-23,1594.034,1608.694,1593.086,1597.933,221017300,353170837240.9
2021-11-24,1597.439,1611.846,1597.012,1598.238,206234400,329611654987.2
2021-11-25,1598.211,1617.452,1594.293,1603.966,183452800,294252053804.8
2021-11-26,1600.703,1602.299,1566.382,1576.523,175911700,277328841019.1
2021-11-29,1557.617,1578.836,1551.593,1572.316,166992400,262564822398.4
2021-11-30,1578.815,1589.528,1569.608,1583.527,172073800,272483508292.6
2021-12-01,1578.49,1586.539,1561.192,1563.692,152357400,238240047520.8
2021-12-02,1562.807,1564.85,1525.841,1527.439,145560600,222334937303.40002
2021-12-03,1530.47,1546.606,1530.47,1543.056,147010000,226844662560.0
2021-12-06,1545.669,1545.669,1502.319,1503.746,170342900,256152454503.40002
2021-12-07,1511.134,1512.26,1477.133,1485.216,138617900,205877522966.4
2021-12-08,1493.104,1519.332,1493.104,1517.519,134507900,204118293900.1
2021-12-09,1518.463,1544.771,1517.265,1541.352,184936500,285052244148.0
2021-12-10,1539.347,1543.243,1523.46,1536.32,242263600,372194413952.0
2021-12-13,1536.103,1551.786,1531.746,1546.011,181554300,280684944897.3
2021-12-14,1545.015,1553.409,1538.056,1542.541,149283900,230276536389.9
2021-12-15,1542.932,1545.587,1522.118,1522.585,159499100,242850937173.5
2021-12-16,1523.552,1536.073,1520.234,1527.895,145611300,222478777213.5
2021-12-17,1529.493,1530.139,1490.42,1491.769,159463500,237882705931.5
2021-12-20,1478.336,1493.275,1460.054,1460.331,137665700,201037489346.69998
2021-12-21,1461.218,1478.927,1459.267,1473.857,119891700,176703221286.9
2021-12-22,1478.265,1491.558,1473.033,1479.661,139947000,207074117967.0
2021-12-23,1479.647,1485.466,1470.793,1479.129,118809400,175734429012.59998
2021-12-24,1478.157,1483.745,1463.072,1473.392,115902000,170769079584.0
2021-12-27,1470.43,1480.027,1464.181,1470.158,89125900,131029154892.2
2021-12-28,1471.533,1481.74,1467.261,1473.715,94773800,139669570667.0
2021-12-29,1473.443,1473.443,1445.638,1453.68,108277900,157401417672.0
2021-12-30,1452.866,1488.175,1452.257,1481.749,134788800,199723169611.2
2021-12-31,1483.51,1496.31,1474.216,1494.468,112180300,167649868580.4
2022-01-04,1497.686,1502.412,1467.878,1470.315,159724100,234844740091.5
2022-01-05,1469.763,1473.357,1439.52,1444.748,148741600,214894129116.80002
2022-01-06,1439.512,1442.906,1420.751,1423.67,113964800,162248266816.0
2022-01-07,1427.748,1439.707,1410.996,1412.076,115416300,162976587238.8
2022-01-10,1410.683,1430.912,1389.173,1424.634,116671700,166214470657.8
2022-01-11,1424.657,1424.657,1392.247,1395.421,112924900,157577776882.9
2022-01-12,1393.969,1405.951,1389.299,1403.299,107763200,151223990796.8
2022-01-13,1404.628,1404.967,1374.731,1374.731,115382700,158620174553.7
2022-01-14,1371.869,1391.234,1368.036,1378.252,129952300,179107017379.6
2022-01-17,1383.161,1419.935,1382.286,1418.54,161205300,228676166262.0
2022-01-18,1424.032,1463.176,1417.246,1437.886,183784600,264261303355.6
2022-01-19,1435.039,1441.181,1416.78,1423.405,119404500,169960962322.5
2022-01-20,1424.832,1426.215,1402.705,1404.364,131643400,184875251797.6
2022-01-21,1400.767,1401.945,1380.507,1383.416,122818900,169909631362.4
2022-01-24,1380.029,1401.529,1377.221,1396.474,115867000,161805252958.0
2022-01-25,1393.242,1400.3,1363.283,1364.022,133303700,181829179481.4
2022-01-26,1367.355,1372.233,1344.922,1360.816,102362000,139295847392.0
2022-01-27,1358.046,1362.561,1314.342,1315.337,128419800,168915314472.6
2022-01-28,1328.4,1328.672,1300.536,1300.536,104453200,135845146915.20001
2022-02-07,1316.335,1332.427,1297.991,1301.717,98307300,127968283634.1
2022-02-08,1301.042,1301.937,1269.388,1280.336,99628100,127557443041.6
2022-02-09,1281.164,1289.08,1273.517,1285.688,111885900,143850358999.2
2022-02-10,1291.185,1292.475,1266.11,1270.001,117923100,149762454923.1
2022-02-11,1267.075,1274.375,1253.316,1254.926,124146200,155794294181.19998
2022-02-14,1246.791,1259.524,1227.881,1245.713,88606300,110378019791.9
2022-02-15,1251.469,1281.5,1249.469,1280.562,111502500,142785864405.0
2022-02-16,1290.414,1291.224,1268.429,1269.745,86653600,110027975331.99998
2022-02-17,1269.973,1289.427,1265.11,1278.195,106102600,135619812807.0
2022-02-18,1271.038,1273.634,1261.289,1272.446,98137000,124874033101.99998
2022-02-21,1273.617,1282.852,1261.485,1263.915,123964400,156680464626.0
2022-02-22,1256.064,1256.064,1233.791,1251.462,118174700,147891146411.4
2022-02-23,1248.493,1306.862,1248.493,1305.221,184285000,240532651985.0
2022-02-24,1301.657,1302.746,1260.91,1276.096,178918000,228316544128.0
2022-02-25,1290.635,1307.693,1285.159,1295.035,137274600,177775411611.0
2022-02-28,1293.963,1298.802,1281.238,1296.8,147183900,190868081520.0
2022-03-01,1296.831,1300.394,1276.435,1284.881,108289400,139138992561.40002
2022-03-02,1277.959,1277.959,1264.673,1272.579,87653200,111545621602.8
2022-03-03,1279.61,1282.069,1249.613,1251.183,106414600,133144138471.8
2022-03-04,1242.788,1276.257,1238.327,1252.504,119174700,149266788448.8
2022-03-07,1247.38,1247.627,1205.335,1210.591,129276200,156500604234.19998
2022-03-08,1210.539,1231.086,1191.867,1198.924,142641300,171016077961.19998
2022-03-09,1206.151,1222.027,1160.167,1193.369,190513900,227353382329.09998
2022-03-10,1222.573,1230.654,1200.863,1201.52,162901000,195728809520.0
2022-03-11,1187.893,1211.455,1174.901,1210.795,166094200,201106026889.0
2022-03-14,1199.458,1201.041,1170.453,1170.453,150299900,175918968854.69998
2022-03-15,1159.695,1178.55,1127.379,1127.379,212328700,239374917477.3
2022-03-16,1147.186,1170.181,1107.699,1167.358,202831800,236777324384.4
2022-03-17,1189.072,1206.126,1185.564,1190.131,203156100,241782372449.1
2022-03-18,1185.122,1185.122,1163.15,1176.137,126086100,148294527395.69998
2022-03-21,1176.175,1191.904,1166.973,1183.468,136411700,161438881775.6
2022-03-22,1180.231,1181.02,1166.532,1168.709,108578900,126897137640.1
2022-03-23,1171.259,1179.803,1159.347,1174.892,105521200,123976013710.40001
2022-03-24,1168.616,1168.853,1146.496,1156.244,104029000,120282907075.99998
2022-03-25,1160.097,1170.416,1139.971,1141.329,102351500,116816735143.5
2022-03-28,1128.109,1139.001,1118.53,1130.273,95554700,108002897433.09999
2022-03-29,1133.136,1135.776,1107.51,1109.112,96367100,106881907015.20001
2022-03-30,1113.608,1138.071,1113.608,1137.42,104855200,119264401584.0
2022-03-31,1136.895,1136.895,1120.323,1121.35,99119500,111147651324.99998
2022-04-01,1116.826,1124.085,1103.428,1116.273,94371500,105344357419.49998
2022-04-06,1114.903,1114.903,1084.927,1089.428,123060900,134065990165.20001
2022-04-07,1085.865,1092.087,1066.75,1066.75,102210100,109032624175.0
2022-04-08,1068.874,1079.413,1055.037,1070.327,109996100,117731795724.7
2022-04-11,1068.334,1068.334,1020.9,1024.988,131964000,135261516432.0
2022-04-12,1022.177,1036.858,1006.808,1036.264,105944100,109786056842.4
2022-04-13,1032.626,1032.626,1008.905,1008.905,84848800,85604378564.0
2022-04-14,1014.754,1032.333,1003.449,1022.545,107815000,110245689175.0
2022-04-15,1014.305,1018.9,997.862,1013.556,95109800,96399108448.8
2022-04-18,1008.545,1046.791,1002.581,1043.209,104707000,109231284763.0
2022-04-19,1041.308,1046.695,1018.278,1020.44,84224400,85945946736.0
2022-04-20,1023.004,1032.218,1010.398,1011.961,81495300,82470065283.3
2022-04-21,1006.661,1030.315,998.353,1000.384,113974300,114018066131.2
2022-04-22,995.752,1001.568,980.517,981.952,99432400,97637844044.8
2022-04-25,970.675,970.675,914.319,914.319,164896800,150768277279.19998
2022-04-26,915.071,927.635,888.379,890.034,146686400,130555883337.6
2022-04-27,879.75,931.95,875.378,928.772,162593100,151011918673.2
2022-04-28,923.048,924.026,899.678,909.431,138513500,125968470818.5
2022-04-29,918.023,962.847,910.686,960.284,170836300,164051365509.2
2022-05-05,955.33,978.702,953.989,966.25,143911400,139054390250.0
2022-05-06,943.758,974.321,940.467,953.79,108022200,103030494138.0
2022-05-09,947.469,960.117,938.904,944.012,102407200,96673625686.4
2022-05-10,934.311,984.293,928.833,975.453,154337600,150549074932.8
2022-05-11,977.22,1025.469,974.022,1000.91,203828400,204013883844.0
2022-05-12,997.611,1018.444,994.64,1010.039,132378700,133707649769.3
2022-05-13,1015.48,1017.427,999.717,1006.367,118063400,118815109667.8
2022-05-16,1014.456,1027.188,994.811,998.241,119719400,119508813575.4
2022-05-17,997.244,1018.046,991.99,1015.802,121118000,123031906636.0
2022-05-18,1018.648,1029.654,1015.846,1019.827,117844100,120180594970.7
2022-05-19,1005.737,1039.012,1002.985,1038.976,137748400,143117281638.40002
2022-05-20,1041.952,1048.11,1032.008,1047.495,136151800,142618329741.0
2022-05-23,1047.95,1053.43,1040.911,1049.573,116751200,122538907237.6
2022-05-24,1047.797,1055.64,1008.101,1008.101,162184000,163497852584.0
2022-05-25,1009.265,1025.03,1003.933,1012.899,105519200,106880292160.8
2022-05-26,1012.861,1021.088,989.779,1012.864,109122600,110526353126.40001
2022-05-27,1015.67,1021.31,989.737,994.432,116774200,116124001254.40001
2022-05-30,997.435,1015.959,986.009,1010.522,126413700,127743824951.40001
2022-05-31,1011.405,1048.772,998.58,1048.172,245627100,257459448661.2
2022-06-01,1044.516,1068.256,1042.78,1061.348,212335600,225361964388.8
2022-06-02,1060.606,1124.35,1055.226,1121.715,391267700,438890848105.49994
2022-06-06,1130.223,1173.503,1126.963,1165.772,395004500,460485185974.0
2022-06-07,1159.934,1160.086,1130.683,1138.652,254671400,289982098952.8
2022-06-08,1137.694,1152.383,1119.185,1138.47,216654600,246654762462.0
2022-06-09,1139.08,1139.967,1093.726,1100.189,202488000,222775070232.00003
2022-06-10,1092.595,1120.455,1090.603,1119.306,260691800,291793895890.8
2022-06-13,1105.917,1115.732,1095.077,1102.535,205014800,226035992518.00003
2022-06-14,1089.014,1091.073,1053.046,1080.34,210147700,227030966217.99997
2022-06-15,1080.589,1105.23,1079.584,1082.279,212800200,230309187655.8
2022-06-16,1084.646,1110.775,1084.646,1092.805,174007700,190156484598.5
2022-06-17,1083.93,1097.891,1069.67,1091.871,164708900,179840871351.90002
2022-06-20,1095.217,1106.771,1082.252,1082.907,177681500,192412540120.5
2022-06-21,1082.062,1087.333,1061.12,1069.656,172955300,185002674376.8
2022-06-22,1072.229,1074.665,1036.391,1036.391,174621800,180976461923.80002
2022-06-23,1038.873,1061.107,1033.956,1060.799,190492300,202074041347.69998
2022-06-24,1063.645,1079.454,1058.422,1069.515,187760300,200812457254.50003
2022-06-27,1073.142,1082.537,1067.923,1069.48,183761400,196529142072.0
2022-06-28,1070.593,1084.179,1047.631,1082.206,227758700,246481831692.19998
2022-06-29,1078.862,1096.891,1063.71,1064.148,231476900,246325680181.19998
2022-06-30,1064.851,1088.347,1064.811,1077.739,190200600,204986604443.4
2022-07-01,1078.541,1080.328,1059.115,1061.325,163859700,173908396102.5
2022-07-04,1056.373,1056.373,1028.262,1036.682,200487400,207841678806.80002
2022-07-05,1038.513,1048.546,1013.227,1024.766,167711200,171864735579.2
2022-07-06,1028.453,1062.738,1025.298,1041.928,217510000,226629759280.00003
2022-07-07,1045.39,1045.39,1025.097,1029.127,150984900,155382637182.3
2022-07-08,1034.404,1052.584,1031.255,1037.383,164425100,170571803513.30002
2022-07-11,1034.485,1034.485,1007.515,1013.226,163849600,166016674809.6
2022-07-12,1013.799,1018.405,982.929,982.929,157292100,154606966560.9
2022-07-13,983.319,988.317,970.533,973.417,132043700,128533582322.90001
2022-07-14,972.63,994.59,971.096,984.148,149030100,146667674854.80002
2022-07-15,982.745,1005.212,981.619,984.683,148548800,146273478030.4
2022-07-18,988.238,991.807,973.206,985.711,160447200,158154569959.2
2022-07-19,985.129,994.934,977.867,994.21,168702500,167725712525.0
2022-07-20,998.652,1010.939,998.642,1003.684,152487100,153048862476.4
2022-07-21,1003.386,1045.896,1000.748,1028.973,228269400,234883049326.19998
2022-07-22,1037.198,1038.812,1007.517,1014.232,160003700,162280872658.4
2022-07-25,1014.396,1032.685,1009.104,1013.312,140797300,142671593657.6
2022-07-26,1013.822,1016.791,1001.175,1015.724,128675800,130699098279.20001
2022-07-27,1012.422,1018.777,1008.118,1015.895,133591600,135715038482.0
2022-07-28,1023.241,1042.767,1023.241,1036.294,191794600,198755593212.40002
2022-07-29,1038.97,1038.97,1013.936,1014.7,178165900,180784938730.0
2022-08-01,1010.684,1036.641,995.143,1033.978,197454700,204163815796.6
2022-08-02,1021.274,1040.997,1009.236,1027.395,249281600,256110669432.0
2022-08-03,1030.997,1084.36,1028.58,1056.87,345145800,364774241645.99994
2022-08-04,1064.079,1082.862,1060.097,1074.175,252594500,271330697037.5
2022-08-05,1079.385,1149.319,1078.286,1148.806,412648000,474052498288.0
2022-08-08,1157.785,1158.051,1131.06,1142.698,367231000,419634129238.00006
2022-08-09,1139.772,1145.527,1115.714,1144.182,273889400,313379321470.8
2022-08-10,1133.047,1159.635,1127.37,1135.214,273788400,310808424717.6
2022-08-11,1143.241,1162.791,1142.164,1158.12,284487300,329470431875.99994
2022-08-12,1157.394,1164.093,1129.583,1129.583,242610400,274048583463.2
2022-08-15,1126.39,1132.009,1114.657,1114.657,214681200,239295902348.4
2022-08-16,1114.218,1123.334,1098.568,1100.784,195705200,215429152876.80002
2022-08-17,1101.476,1107.026,1092.614,1102.834,177982600,196285262688.40002
2022-08-18,1103.373,1119.355,1094.225,1116.445,270673200,302191740774.0
2022-08-19,1118.415,1136.909,1090.476,1090.476,251739200,274515555859.20004
2022-08-22,1087.837,1099.564,1075.345,1088.31,186184100,202626017871.0
2022-08-23,1086.202,1091.434,1077.347,1078.889,162986500,175844341998.49997
2022-08-24,1080.387,1081.289,1029.431,1029.58,224297700,230932425965.99997
2022-08-25,1030.482,1036.23,1008.382,1019.672,172917000,176318623224.0
2022-08-26,1024.578,1027.015,1005.538,1006.14,134086400,134909690496.0
2022-08-29,991.986,1014.227,990.351,1008.011,142836100,143980359997.1
2022-08-30,1007.291,1018.079,1002.045,1007.299,124879200,125790693280.8
2022-08-31,1006.008,1015.739,994.064,1000.683,160693000,160802753319.0
2022-09-01,1008.299,1020.311,994.836,996.42,159085200,158515674984.0
2022-09-02,998.084,1017.658,996.032,1009.59,161619400,163169330046.0
2022-09-05,1009.744,1009.744,988.638,999.223,179327700,179188362377.1
2022-09-06,998.981,1001.894,989.006,998.738,144508200,144325830651.6
2022-09-07,999.919,1034.67,999.635,1022.294,190704700,194956270581.8
2022-09-08,1020.384,1023.931,1009.33,1010.046,156963900,158540759339.4
2022-09-09,1009.69,1010.243,993.064,1002.485,131892100,132219851868.5
2022-09-13,1002.21,1028.187,1002.21,1010.451,132632600,134018743302.6
2022-09-14,996.388,1020.9,994.979,1019.723,136329000,139017816867.0
2022-09-15,1022.998,1026.145,990.392,1000.303,172007600,172059718302.8
2022-09-16,996.987,1023.986,996.359,1003.858,169055300,169707515347.4
2022-09-19,1003.264,1011.041,975.766,979.764,168532100,165121684424.4
2022-09-20,983.425,986.08,968.376,975.479,117356400,114478703715.6
2022-09-21,970.209,971.706,954.168,957.343,135472100,129693266630.29999
2022-09-22,952.679,972.187,951.581,962.146,116189400,111791166452.4
2022-09-23,962.165,963.675,935.084,936.772,139115500,130319505166.0
2022-09-26,932.374,945.665,926.973,931.395,127059700,118342769281.5
2022-09-27,932.346,952.54,930.791,952.54,125130000,119191330200.0
2022-09-28,949.45,949.45,927.635,928.233,107653200,99927252795.59999
2022-09-29,934.651,947.725,927.521,931.614,105483200,98269625884.8
2022-09-30,929.061,934.687,911.848,911.863,99510900,90740307806.70001
2022-10-10,904.659,904.945,854.146,854.573,165668100,141575485221.3
2022-10-11,854.162,857.615,835.817,838.117,137394200,115152414721.4
2022-10-12,836.436,884.207,829.332,882.662,168036900,148319786227.80002
2022-10-13,877.437,903.822,875.227,889.022,152325400,135420631758.8
2022-10-14,899.154,910.943,890.827,907.899,156141800,141760984078.2
2022-10-17,902.941,936.73,901.738,933.64,186012800,173668990592.0
2022-10-18,936.453,937.219,918.971,923.055,142330800,131379156594.0
2022-10-19,922.12,925.348,911.939,916.641,134204600,123017438748.59999
2022-10-20,912.021,970.287,910.511,957.53,229004400,219278583132.0
2022-10-21,951.629,970.758,937.804,963.166,179822000,173198436452.0
2022-10-24,965.036,993.266,961.71,971.284,191521600,186021865734.4
2022-10-25,963.793,972.374,947.176,956.226,160623500,153592366911.0
2022-10-26,954.484,1000.069,942.014,990.67,233306000,231129255020.0
2022-10-27,991.432,1012.492,979.643,997.697,274766100,274133313671.7
2022-10-28,983.765,1012.022,980.943,988.971,265714100,262783539191.1
2022-10-31,983.402,1035.194,983.402,1023.627,280603800,287233625982.6
2022-11-01,1022.42,1039.378,1008.931,1023.928,254466000,260554862448.0
2022-11-02,1023.131,1041.703,1020.118,1034.368,255647800,264433903590.4
2022-11-03,1026.855,1055.645,1026.058,1052.439,254830400,268193451345.6
2022-11-04,1052.093,1064.359,1040.452,1059.759,240531600,254905527884.4
2022-11-07,1058.169,1071.146,1042.228,1044.41,222933300,232833767853.00003
2022-11-08,1044.489,1045.289,1023.387,1038.263,178640900,185476236756.69998
2022-11-09,1036.167,1046.587,1025.354,1032.951,139123800,143708068333.8
2022-11-10,1026.696,1039.571,1011.52,1012.198,173895700,176016879748.6
2022-11-11,1040.784,1047.007,1018.542,1018.542,204382700,208172364023.4
2022-11-14,1015.92,1030.28,1004.57,1023.714,186518900,190942009194.6
2022-11-15,1023.623,1075.534,1022.563,1069.84,305141500,326452582360.0
2022-11-16,1071.339,1078.095,1054.326,1055.802,199342600,210466315765.19998
2022-11-17,1049.568,1086.941,1034.057,1085.285,218441300,237071066270.50003
2022-11-18,1079.864,1090.129,1058.247,1058.464,218564700,231342866620.8
2022-11-21,1052.725,1062.197,1041.986,1054.704,164653000,173660177712.0
2022-11-22,1051.937,1061.946,1041.742,1044.386,198143900,206938715145.4
2022-11-23,1042.48,1049.651,1016.353,1036.864,186138600,193000413350.4
2022-11-24,1039.705,1043.483,1022.417,1024.893,165771800,169898357417.4
2022-11-25,1023.264,1040.47,1013.232,1013.232,176417100,178751451067.19998
2022-11-28,997.03,1014.7,994.007,1002.849,198467800,199033234762.2
2022-11-29,1006.359,1021.706,999.852,1016.585,193422700,196630615479.5
2022-11-30,1013.152,1016.711,1001.028,1011.274,172424900,174368818322.6
2022-12-01,1016.819,1040.714,1015.812,1030.969,202634400,208909784733.6
2022-12-02,1025.034,1041.304,1022.564,1022.957,167533400,171379464263.8
2022-12-05,1029.694,1039.239,1026.495,1032.074,216012800,222941194547.2
2022-12-06,1030.906,1059.67,1027.316,1050.452,215170700,226026492156.4
2022-12-07,1047.996,1048.54,1037.133,1039.734,183473300,190763428102.19998
2022-12-08,1037.868,1037.979,1026.256,1028.559,212988300,219071032859.69998
2022-12-09,1030.369,1040.357,1024.334,1037.371,375201400,389223051519.4
2022-12-12,1036.62,1058.527,1032.156,1052.409,270492000,284668215228.0
2022-12-13,1049.412,1050.177,1035.385,1035.525,169114500,175122292612.50003
2022-12-14,1061.38,1063.983,1031.25,1033.316,212510900,219590913144.4
2022-12-15,1034.99,1050.799,1025.043,1039.142,150334900,156219308655.80002
2022-12-16,1033.936,1034.201,1019.374,1024.075,148797500,152379799812.5
2022-12-19,1019.58,1028.817,996.563,999.472,132195100,132125300987.2
2022-12-20,996.944,1007.145,990.097,994.049,115493500,114806198181.5
2022-12-21,991.414,998.511,976.128,981.495,106097300,104133969463.5
2022-12-22,984.653,986.578,966.925,969.309,98849500,95815709995.5
2022-12-23,964.644,968.902,953.385,958.581,118688700,113772732734.7
2022-12-26,957.329,981.681,957.284,977.964,109788400,107369102817.6
2022-12-27,979.337,993.683,975.502,991.158,110808900,109829127706.2
2022-12-28,988.433,989.079,976.835,977.428,106590300,104184343748.4
2022-12-29,974.851,993.21,971.701,982.487,102047900,100260735127.3
2022-12-30,983.869,992.327,973.991,975.901,94226600,91955833166.59999
2023-01-03,976.432,1004.092,972.526,1002.891,140717400,141124214003.4
2023-01-04,1006.153,1012.098,990.799,999.184,141165800,141050608707.19998
2023-01-05,998.445,1008.784,992.739,1006.206,139457200,140322671383.2
2023-01-06,1004.085,1009.81,995.161,1000.236,144824400,144858578558.4
2023-01-09,1001.539,1012.257,992.594,996.332,129246900,128772822370.8
2023-01-10,997.386,1008.625,991.573,996.623,124699900,124278788437.70001
2023-01-11,996.959,1005.636,981.876,982.99,150044000,147491751560.0
2023-01-12,983.647,986.406,976.477,980.682,120451400,118124519854.8
2023-01-13,983.51,983.512,974.778,983.049,114058700,112125290976.3
2023-01-16,981.054,1019.179,980.303,1011.444,198211300,200479630117.19998
2023-01-17,1013.645,1032.934,1010.512,1030.093,179533500,184936201615.5
2023-01-18,1032.983,1038.835,1026.579,1034.133,134074400,138650761495.2
2023-01-19,1033.332,1063.229,1032.531,1063.186,164218700,174595022778.19998
2023-01-20,1064.791,1072.966,1058.287,1063.569,144367000,153544265823.0
2023-01-30,1078.512,1086.834,1066.135,1066.659,239482000,255445630638.00003
2023-01-31,1062.194,1063.707,1036.726,1037.28,177480300,184096765584.0
2023-02-01,1040.56,1061.901,1040.56,1061.801,187833300,199441585773.3
2023-02-02,1068.421,1091.726,1068.421,1077.422,220047100,237083586576.2
2023-02-03,1073.724,1090.713,1068.565,1090.229,175166800,190971925197.2
2023-02-06,1088.709,1103.599,1078.988,1082.666,179073000,193876248618.0
2023-02-07,1082.764,1083.703,1071.622,1077.389,169848200,182992582349.8
2023-02-08,1079.047,1088.305,1068.629,1068.629,158928600,169835710889.4
2023-02-09,1062.966,1104.857,1060.823,1104.01,235761200,260282722412.0
2023-02-10,1101.522,1109.469,1081.218,1088.361,224146500,243952308886.50003
2023-02-13,1084.254,1102.251,1080.464,1092.889,207700300,226993373166.69998
2023-02-14,1094.168,1110.905,1087.192,1091.527,175990300,192098164188.1
2023-02-15,1091.679,1107.962,1084.585,1105.698,253832800,280662419294.4
2023-02-16,1103.591,1112.904,1073.31,1079.39,285498600,308164333854.0
2023-02-17,1075.263,1080.225,1048.096,1048.096,201183200,210859307187.2
2023-02-20,1047.51,1061.027,1040.255,1059.52,179684000,190378791680.0
2023-02-21,1059.272,1067.744,1046.978,1054.778,158032100,166688782373.80002
2023-02-22,1047.249,1062.355,1044.664,1057.372,135996500,143798891198.0
2023-02-23,1055.009,1060.608,1049.252,1052.857,127131400,133851184409.8
2023-02-24,1058.261,1069.001,1053.904,1057.403,140340000,148395937020.0
2023-02-27,1055.375,1060.545,1044.489,1047.483,163057700,170800168769.1
2023-02-28,1053.019,1062.944,1042.009,1052.315,160957900,169378412538.5
2023-03-01,1051.046,1071.94,1049.28,1069.071,220672700,235914784061.69998
2023-03-02,1068.366,1074.806,1063.621,1065.251,184000400,196006610100.4
2023-03-03,1075.691,1087.398,1066.394,1078.851,231437600,249686686197.60004
2023-03-06,1078.656,1093.908,1073.354,1088.666,213020800,231908502252.8
2023-03-07,1087.282,1093.077,1064.488,1064.83,208290700,221794186081.0
2023-03-08,1064.196,1080.934,1064.156,1077.554,157206500,169398492901.0
2023-03-09,1077.791,1095.112,1075.749,1087.22,208155700,226311040154.0
2023-03-10,1079.233,1098.496,1076.737,1080.336,276789100,299025229137.6
2023-03-13,1078.255,1098.38,1078.255,1098.38,252482400,277321618512.0
2023-03-14,1096.06,1127.26,1089.668,1121.55,435951100,488940956205.0
2023-03-15,1124.096,1139.327,1111.373,1112.086,381816500,424612784219.0
2023-03-16,1105.939,1120.045,1100.12,1103.296,306827600,338521663769.60004
2023-03-17,1116.584,1155.949,1110.66,1145.865,462327500,529764900787.5
2023-03-20,1148.439,1178.538,1146.415,1160.39,463729300,538106842427.00006
2023-03-21,1156.502,1166.969,1148.432,1161.928,319667200,371430270361.60004
2023-03-22,1160.953,1174.188,1153.154,1170.931,365502100,427977739455.10004
2023-03-23,1166.119,1217.974,1166.119,1217.974,517729600,630581191830.4
2023-03-24,1214.6,1222.727,1195.833,1217.967,464205700,565387223811.9
2023-03-27,1214.237,1233.171,1186.14,1207.678,452379900,546329252872.2001
2023-03-28,1208.794,1220.908,1182.962,1184.96,370521500,439053156640.0
2023-03-29,1185.338,1253.246,1176.988,1229.534,470827600,578898542338.4
2023-03-30,1234.705,1240.059,1211.273,1229.489,421557700,518300555015.3
2023-03-31,1226.431,1255.824,1214.323,1254.323,406423400,509786218358.2
2023-04-03,1273.3,1325.283,1269.125,1323.081,649007000,858688830566.9999
2023-04-04,1316.779,1369.748,1313.519,1337.46,738984000,988361540640.0
2023-04-06,1333.98,1403.467,1333.98,1371.58,790781700,1084620364086.0
2023-04-07,1375.349,1396.414,1360.679,1395.779,560753600,782688099054.4
2023-04-10,1398.166,1406.6,1325.299,1330.591,638023100,848947794652.1
2023-04-11,1336.262,1348.69,1300.726,1319.363,555247600,732573139278.8
2023-04-12,1316.645,1353.383,1304.114,1339.739,522794600,700408314609.4
2023-04-13,1327.513,1335.046,1289.784,1293.659,448265600,579902827830.4
2023-04-14,1306.026,1354.82,1279.909,1352.402,560990100,758684133220.2001
2023-04-17,1350.037,1371.804,1343.429,1351.292,458877400,620077359600.7999
2023-04-18,1336.838,1344.794,1305.583,1329.658,405843800,539633455420.39996
2023-04-19,1332.287,1373.547,1331.037,1343.845,488903300,657010255188.5
2023-04-20,1344.824,1407.002,1344.824,1406.767,607760900,854977978010.3
2023-04-21,1402.059,1403.208,1328.139,1328.139,578932500,768902831617.5
2023-04-24,1327.344,1331.656,1295.556,1304.073,486793700,634814520740.1001
2023-04-25,1305.63,1326.859,1278.212,1288.195,460553200,593282329474.0
2023-04-26,1282.38,1293.295,1238.078,1249.365,447432900,559007005108.5
2023-04-27,1238.423,1275.912,1234.202,1246.98,366056100,456464635578.0
2023-04-28,1241.333,1292.753,1241.333,1290.635,455920700,588427212644.5
2023-05-04,1278.163,1287.101,1245.119,1252.09,362847500,454317726275.0
2023-05-05,1249.274,1268.731,1232.896,1235.957,315011100,389340174122.7
2023-05-08,1235.912,1262.936,1229.243,1250.488,288952500,361331633820.0
2023-05-09,1250.355,1263.217,1220.265,1220.265,436948000,533192351220.00006
2023-05-10,1216.535,1231.311,1196.646,1206.62,337189100,406859111841.99994
2023-05-11,1222.509,1235.408,1206.765,1207.2,267382000,322783550400.0
2023-05-12,1211.191,1230.605,1195.938,1196.164,327101500,391267038646.0
2023-05-15,1194.29,1204.034,1173.448,1203.554,289530300,348465350686.2
2023-05-16,1208.977,1214.839,1195.907,1200.143,271132200,325397411904.60004
2023-05-17,1196.499,1219.778,1194.676,1206.4,237860400,286954786560.0
2023-05-18,1208.75,1231.97,1203.92,1225.523,269924000,330798070252.0
2023-05-19,1235.061,1252.433,1232.286,1238.053,301497500,373269884367.50006
2023-05-22,1239.097,1248.864,1215.979,1222.978,227427500,278138829095.0
2023-05-23,1219.213,1219.264,1198.978,1198.978,188837500,226412008075.0
2023-05-24,1193.88,1213.082,1178.684,1191.6,272960100,325259255160.0
2023-05-25,1199.932,1211.014,1177.824,1201.261,249386900,299578756880.89996
2023-05-26,1204.598,1241.974,1204.175,1238.308,255909100,316894285802.8
2023-05-29,1248.209,1266.515,1243.962,1250.101,357169000,446497324069.00006
2023-05-30,1244.477,1277.094,1235.656,1272.624,301621500,383850759816.0
2023-05-31,1266.857,1286.118,1262.139,1286.118,412869800,530999281436.39996
2023-06-01,1278.015,1302.449,1272.301,1285.342,355633200,457110288554.4
2023-06-02,1288.355,1290.903,1270.621,1280.572,315768200,404363915410.39996
2023-06-05,1296.755,1313.285,1285.391,1289.464,298034300,384304500615.2
2023-06-06,1281.932,1284.927,1246.223,1249.102,285779500,356967745009.0
2023-06-07,1249.555,1256.091,1241.837,1246.585,250691500,312508263527.5
2023-06-08,1237.829,1238.436,1218.188,1225.377,297395200,364421237990.39996
2023-06-09,1228.31,1253.838,1215.941,1253.838,433693800,543781766804.39996
2023-06-12,1251.757,1258.809,1239.899,1244.064,335128000,416920680192.0
2023-06-13,1244.208,1277.109,1235.797,1271.269,361214700,459201050454.3
2023-06-14,1269.27,1276.767,1258.288,1270.028,326168200,414242746709.60004
2023-06-15,1273.411,1275.871,1247.231,1249.973,304021300,380018416424.89996
2023-06-16,1247.923,1275.537,1241.315,1273.769,342640500,436444847044.5
2023-06-19,1274.127,1290.755,1263.629,1281.987,382297600,490100553331.2
2023-06-20,1282.516,1290.42,1265.011,1286.661,443568200,570721903780.2001
2023-06-21,1279.075,1279.075,1236.016,1236.227,355085000,438965664295.00006
2023-06-26,1224.478,1240.701,1210.847,1215.99,334412100,406641769479.0
2023-06-27,1216.338,1221.59,1206.183,1214.135,269126000,326755296010.0
2023-06-28,1222.587,1226.092,1189.802,1208.871,337538200,408040141372.2
2023-06-29,1203.936,1215.212,1198.226,1201.388,263343900,316378201333.19995
2023-06-30,1197.731,1209.441,1192.592,1203.771,259232000,312055963872.0
2023-07-03,1206.259,1215.486,1188.37,1205.794,316426700,381545416299.80005
2023-07-04,1205.821,1235.078,1200.538,1224.817,284622900,348610966509.3
2023-07-05,1221.143,1228.202,1208.666,1210.8,306675300,371322453240.0
2023-07-06,1206.937,1222.664,1204.105,1207.482,275192200,332289628040.39996
2023-07-07,1204.553,1208.051,1185.176,1194.497,316626300,378209165471.10004
2023-07-10,1195.53,1200.254,1185.703,1190.538,266596300,317393025809.4
2023-07-11,1194.293,1211.311,1192.233,1205.703,302990900,365317037102.7
2023-07-12,1202.312,1203.482,1176.231,1176.817,307273700,361604913812.9
2023-07-13,1183.307,1196.019,1180.124,1191.532,259419700,309106873980.39996
2023-07-14,1198.688,1206.505,1192.079,1193.252,244663200,291944852726.39996
2023-07-17,1189.986,1190.967,1178.148,1182.894,209931700,248326948339.8
2023-07-18,1181.948,1191.119,1175.778,1175.778,232210800,273028350002.4
2023-07-19,1186.325,1190.696,1170.431,1173.061,184774400,216751642438.4
2023-07-20,1175.972,1175.972,1148.709,1149.98,195683700,225032341326.0
2023-07-21,1146.588,1151.573,1136.702,1139.262,208165100,237154588156.19998
2023-07-24,1136.328,1150.218,1133.691,1135.386,164950400,187282374854.4
2023-07-25,1148.22,1152.89,1139.056,1151.355,187626000,216024133230.0
2023-07-26,1148.911,1156.944,1142.816,1146.883,185632300,212898529120.9
2023-07-27,1147.571,1148.502,1128.813,1130.783,225838500,255374336545.49997
2023-07-28,1128.656,1141.89,1126.497,1140.945,208828500,238261832932.5
2023-07-31,1138.589,1155.831,1137.347,1150.504,239121600,275110357286.39996
2023-08-01,1151.793,1155.916,1145.728,1152.058,209111400,240908461261.2
2023-08-02,1148.204,1161.941,1148.204,1157.949,195800700,226727224764.30002
2023-08-03,1152.437,1163.417,1149.875,1159.498,199787700,231653438574.6
2023-08-04,1161.994,1168.99,1158.95,1167.064,210333600,245472772550.40002
2023-08-07,1165.604,1174.55,1162.516,1164.871,188376400,219434205444.40002
2023-08-08,1163.278,1171.625,1162.797,1163.639,165039800,192046747832.19998
2023-08-09,1158.969,1164.114,1147.792,1149.329,152838100,175661260634.9
2023-08-10,1149.238,1152.727,1141.409,1147.819,132922200,152570626681.8
2023-08-11,1149.177,1150.477,1123.335,1123.335,203156100,228212357593.5
2023-08-14,1114.558,1117.845,1102.28,1115.299,225087600,251039975192.4
2023-08-15,1119.492,1122.707,1089.684,1098.386,210290200,230979811617.19998
2023-08-16,1097.814,1100.722,1072.525,1072.735,198379200,212808311111.99997
2023-08-17,1070.447,1089.491,1065.309,1083.407,226106000,244964823141.99997
2023-08-18,1099.157,1099.239,1075.897,1075.897,215329900,231672793420.3
2023-08-21,1071.305,1084.169,1063.657,1064.193,174636100,185846515167.3
2023-08-22,1070.36,1086.276,1051.682,1082.925,231759600,250978264830.0
2023-08-23,1081.652,1081.652,1055.121,1055.121,182867200,192947022931.2
2023-08-24,1061.429,1077.022,1055.778,1062.698,208378000,221442883844.00003
2023-08-25,1054.123,1055.955,1032.32,1039.211,226294000,235167214034.0
2023-08-28,1104.408,1106.944,1045.25,1047.083,318698200,333703467350.60004
2023-08-29,1046.026,1105.307,1045.941,1099.655,424441000,466738667855.0
2023-08-30,1125.754,1148.611,1117.749,1137.327,601522800,684128121555.6
2023-08-31,1134.399,1159.493,1130.627,1150.964,476447800,548374265679.19995
2023-09-01,1153.842,1160.402,1129.586,1141.301,314728000,359199381128.0
2023-09-04,1143.147,1148.113,1128.398,1148.012,321525500,369115132306.0
2023-09-05,1149.007,1158.265,1131.855,1133.807,326735300,370454770287.1
2023-09-06,1129.739,1154.332,1124.682,1151.58,335339200,386169915936.0
2023-09-07,1144.261,1144.261,1106.348,1106.916,358244400,396546458270.39996
2023-09-08,1100.177,1120.528,1100.177,1113.797,281522500,313558915932.5
2023-09-11,1113.739,1128.417,1104.211,1117.334,306093800,342009009929.2
2023-09-12,1114.926,1119.734,1107.521,1107.605,208637700,231088159708.5
2023-09-13,1104.722,1110.293,1083.669,1094.128,224908800,246079015526.4
2023-09-14,1093.106,1098.612,1077.001,1081.271,201923400,218333916641.4
2023-09-15,1083.923,1098.922,1072.551,1086.771,290553000,315764574363.0
2023-09-18,1079.398,1084.813,1069.578,1071.754,234306800,251119250127.19998
2023-09-19,1071.358,1076.489,1059.16,1065.993,179645100,191500419084.3
2023-09-20,1061.051,1069.977,1053.867,1054.284,152117400,160374940941.6
2023-09-21,1050.276,1059.925,1047.577,1048.118,152359100,159690315173.8
2023-09-22,1047.677,1078.802,1043.801,1078.075,250075100,269599713432.5
2023-09-25,1075.75,1078.456,1066.548,1066.661,187362200,199851951614.2
2023-09-26,1068.402,1081.968,1065.838,1071.325,219363200,235009280240.0
2023-09-27,1070.395,1077.928,1067.547,1068.761,190181400,203258463245.4
2023-09-28,1069.567,1086.804,1066.63,1083.076,214074600,231859061469.6
2023-10-09,1078.647,1089.997,1074.42,1083.117,197583700,214006264392.9
2023-10-10,1083.586,1090.926,1078.127,1081.107,230086500,248748125755.5
2023-10-11,1083.801,1099.047,1078.981,1097.547,290185800,318492554232.60004
2023-10-12,1100.924,1107.891,1090.367,1102.47,252218500,278063329695.0
2023-10-13,1096.628,1102.91,1090.41,1095.244,294461500,322507191106.0
2023-10-16,1095.216,1095.727,1071.619,1075.554,252465100,271539848165.40002
2023-10-17,1076.059,1091.022,1071.501,1088.202,211826500,230510020953.0
2023-10-18,1091.497,1093.93,1069.762,1070.609,269991100,289054901579.89996
2023-10-19,1062.569,1088.397,1062.064,1072.647,360147100,386310706373.69995
2023-10-20,1067.005,1073.893,1051.866,1053.38,310249900,326811039662.00006
2023-10-23,1047.126,1051.57,1021.343,1025.828,303740300,311585304468.39996
2023-10-24,1030.747,1051.829,1021.712,1040.097,302920000,315066183240.0
2023-10-25,1052.013,1056.625,1040.795,1041.532,287899400,299856437880.8
2023-10-26,1033.044,1046.689,1030.539,1045.27,269705300,281914858931.0
2023-10-27,1038.85,1062.558,1035.953,1056.682,315179300,333044293082.6
2023-10-30,1057.23,1088.539,1056.193,1083.546,464809300,503642257777.80005
2023-10-31,1091.406,1092.56,1073.871,1083.096,289871700,313958878783.2
2023-11-01,1081.391,1091.109,1077.613,1079.233,266755500,287891338531.5
2023-11-02,1082.416,1086.791,1067.021,1067.174,263332700,281021810789.8
2023-11-03,1069.314,1094.092,1069.314,1091.813,309208300,337597641647.9
2023-11-06,1099.663,1112.672,1095.763,1108.652,387288100,429367726641.2
2023-11-07,1105.307,1115.817,1101.726,1113.696,338823700,377346599395.19995
2023-11-08,1113.558,1134.318,1111.82,1126.573,409902000,461784525846.00006
2023-11-09,1124.302,1131.152,1110.681,1112.852,300819900,334768027354.80005
2023-11-10,1107.817,1120.462,1104.506,1112.438,302932900,336994069410.2
2023-11-13,1117.458,1125.34,1110.938,1121.493,352725800,395579515619.39996
2023-11-14,1119.247,1134.072,1114.947,1132.102,452438300,512206304306.60004
2023-11-15,1141.682,1142.545,1122.749,1125.313,445170900,500956600991.7001
2023-11-16,1120.908,1122.083,1105.954,1107.016,360341500,398903805964.0
2023-11-17,1106.947,1115.182,1103.733,1112.119,336587100,374324909064.89996
2023-11-20,1111.719,1118.007,1100.554,1112.237,365198400,406187172820.80005
2023-11-21,1112.344,1116.356,1099.285,1099.574,293945400,323214719259.60004
2023-11-22,1095.959,1101.496,1081.969,1081.969,266236200,288059315077.8
2023-11-23,1080.209,1093.323,1073.868,1092.099,242124600,264424033535.4
2023-11-24,1088.893,1090.104,1072.58,1074.977,245645800,264063585146.60004
2023-11-27,1073.459,1090.723,1071.095,1089.285,330569600,360084506736.0
2023-11-28,1090.334,1097.666,1085.209,1093.071,309572900,338385159375.89996
2023-11-29,1091.527,1098.092,1083.389,1083.389,293433700,317902842809.3
2023-11-30,1082.28,1088.92,1076.32,1088.92,325875000,354851805000.0
2023-12-01,1085.754,1096.847,1077.773,1093.777,325744700,356292060731.9
2023-12-04,1093.665,1103.279,1087.977,1087.977,295002300,320955717347.10004
2023-12-05,1084.752,1084.752,1065.489,1065.697,285222500,303960762582.49994
2023-12-06,1063.154,1071.678,1061.711,1067.386,295664500,315588147997.0
2023-12-07,1065.657,1071.141,1055.438,1065.717,373306100,397838656973.7
2023-12-08,1067.412,1091.079,1066.097,1091.079,638997100,697196316870.9
2023-12-11,1080.425,1113.261,1075.107,1112.035,403914100,449166616193.50006
2023-12-12,1107.961,1112.878,1097.486,1103.192,306105500,337693138756.0
2023-12-13,1101.385,1111.245,1091.698,1091.698,271337200,296218278565.60004
2023-12-14,1096.049,1102.296,1084.668,1085.163,237498700,257724801788.1
2023-12-15,1085.61,1087.805,1071.34,1072.568,216426800,232132460022.4
2023-12-18,1069.461,1071.662,1060.139,1062.785,216170400,229742658564.00003
2023-12-19,1061.593,1076.878,1059.237,1070.687,215808900,231063783714.3
2023-12-20,1072.419,1072.758,1054.655,1055.021,205062100,216344821804.1
2023-12-21,1051.112,1073.984,1049.305,1066.683,242954100,259155008250.3
2023-12-22,1066.404,1067.206,1048.041,1051.689,252559600,265614153164.40002
2023-12-25,1047.507,1054.706,1033.782,1037.367,232411500,241096020520.5
2023-12-26,1036.701,1037.021,1010.438,1013.977,233108300,236366454709.1
2023-12-27,1016.961,1032.14,1016.771,1026.57,237682000,243997210740.0
2023-12-28,1024.458,1048.273,1022.529,1043.534,280020600,292211016800.4
2023-12-29,1043.847,1053.987,1042.829,1049.843,255224200,267945339800.6
2024-01-02,1047.929,1047.929,1030.274,1030.274,244654300,252060964278.19998
2024-01-03,1028.303,1033.421,1006.699,1010.004,243247200,245680644988.80002
2024-01-04,1011.459,1011.678,993.67,1001.315,216415200,216699785988.0
2024-01-05,998.534,1005.439,976.505,982.25,254021200,249512323700.0
2024-01-08,977.474,979.662,949.703,950.609,242021600,230067911154.4
2024-01-09,954.319,960.957,936.849,944.169,232396900,219421948676.1
2024-01-10,939.823,949.289,927.04,934.154,213401900,199350238492.6
2024-01-11,932.469,954.496,932.152,950.149,226667800,215368183502.2
2024-01-12,947.794,949.58,933.531,933.531,192530000,179732723430.0
2024-01-15,930.003,945.535,926.233,930.08,199446000,185500735680.0
2024-01-16,927.842,933.315,918.869,933.065,219716300,205009589459.5
2024-01-17,932.181,932.566,909.94,909.941,183418700,166900195296.7
2024-01-18,904.616,924.558,889.634,923.963,293057800,270774564061.4
2024-01-19,923.119,928.878,917.377,920.404,206633200,190186023812.8
2024-01-22,919.644,922.048,881.63,890.625,276591500,246339304687.5
2024-01-23,886.282,906.916,878.535,901.051,276865500,249469935640.5
2024-01-24,905.695,907.146,873.866,901.668,281908700,254188053711.6
2024-01-25,900.788,925.096,892.096,921.167,298354200,274834043351.4
2024-01-26,914.337,914.337,893.933,895.228,265566100,237742208570.8
2024-01-29,899.858,911.008,874.941,874.941,271204300,237287761446.30002
2024-01-30,868.609,873.417,838.685,839.887,255548000,214631443076.0
2024-01-31,835.284,841.568,819.012,820.501,299895100,246064229445.1
2024-02-01,817.359,849.698,812.658,830.594,294460600,244577207596.40002
2024-02-02,834.401,836.147,781.507,806.575,334246200,269594628765.0
2024-02-05,806.996,819.931,757.062,803.979,461913600,371368834214.4
2024-02-06,801.712,863.698,790.91,862.972,439366800,379161246129.6
2024-02-07,863.788,892.459,858.054,889.459,535731200,476510937420.8
2024-02-08,898.268,928.899,897.157,902.873,493334600,445418490305.80005
2024-02-19,922.234,927.955,905.554,927.754,460153400,426909157463.60004
2024-02-20,919.013,922.179,907.447,917.114,323965700,297113478989.8
2024-02-21,906.403,932.298,902.305,913.722,341996400,312489634600.8
2024-02-22,919.216,937.545,918.981,928.554,327774500,304356323073.0
2024-02-23,937.727,939.332,916.248,932.648,349789600,326230570860.8
2024-02-26,932.526,952.473,928.965,940.926,401048600,377357055003.60004
2024-02-27,934.569,985.45,930.622,984.989,488543100,481209579525.9
2024-02-28,983.008,1000.395,941.022,941.022,548050500,515727577611.0
2024-02-29,940.095,994.593,940.095,994.593,518474000,515670611082.0
2024-03-01,997.305,1014.286,991.011,1010.645,475651200,480714507024.0
2024-03-04,1017.926,1021.605,997.52,1015.499,428431500,435071759818.5
2024-03-05,1007.886,1026.123,1004.533,1014.153,444505300,450796383510.9
2024-03-06,1009.982,1013.177,989.646,1000.746,335580900,335831243351.39996
2024-03-07,1005.531,1012.676,977.134,977.892,351909900,344129875930.80005
2024-03-08,979.735,993.81,973.331,990.02,328481000,325202759620.0
2024-03-11,982.671,1003.888,975.194,1003.741,364233200,365595796401.2
2024-03-12,1003.504,1019.416,998.436,1004.905,368092000,369897491260.0
2024-03-13,1011.662,1019.505,1001.066,1003.633,349898700,351169881977.10004
2024-03-14,995.319,1001.883,978.441,988.539,323910000,320197667490.0
2024-03-15,985.932,995.852,975.727,994.657,322093500,320372554429.5
2024-03-18,997.856,1021.096,997.465,1020.418,399335500,407489132239.0
2024-03-19,1015.856,1019.783,1004.38,1004.38,372972200,374605818236.0
2024-03-20,1004.086,1012.501,998.957,1011.09,363330800,367360138572.0
2024-03-21,1020.953,1030.156,1005.167,1006.001,416106500,418603555106.5
2024-03-22,1004.143,1012.773,992.633,996.003,391262200,389698324986.60004
2024-03-25,995.16,1003.379,976.683,976.683,363201700,354732925961.1
2024-03-26,976.61,985.523,955.078,956.517,325794500,311627977756.5
2024-03-27,955.489,956.733,929.115,929.305,304063300,282567545006.5
2024-03-28,931.319,957.534,928.486,945.063,346247200,327225417573.6
2024-03-29,943.272,945.294,925.002,944.377,310118000,292868306486.0
2024-04-01,951.091,960.001,948.036,958.011,335451300,321366035364.3
2024-04-02,956.142,956.357,939.931,946.238,276181200,261333146325.6
2024-04-03,946.022,947.483,925.624,926.853,290662300,269401224741.9
2024-04-08,920.934,924.228,905.007,905.078,302420900,273714503330.19998
2024-04-09,903.636,914.65,897.37,914.427,273132300,249759549692.1
2024-04-10,913.434,913.654,891.093,895.255,271646100,243192529255.5
2024-04-11,895.725,912.333,895.63,899.377,309174500,278064434286.5
2024-04-12,906.395,917.351,904.45,905.068,301233200,272636529857.6
2024-04-15,905.463,925.384,903.34,920.285,364381300,335334644670.5
2024-04-16,915.016,919.323,897.93,898.122,337695000,303291308790.0
2024-04-17,904.399,923.663,901.731,923.604,367701600,339610668566.4
2024-04-18,918.955,931.586,910.327,916.468,341597400,313063085983.2
2024-04-19,910.069,911.594,892.409,893.493,291924800,260832765326.40002
2024-04-22,881.23,901.291,872.797,895.882,272192500,243852361285.0
2024-04-23,897.456,902.399,888.788,892.144,262927200,234568923916.8
2024-04-24,898.474,914.909,894.97,914.428,289230700,264480650539.6
2024-04-25,911.775,918.336,903.713,906.479,298827400,270880762724.6
2024-04-26,907.1,937.037,907.1,933.607,453174000,423086418618.0
2024-04-29,935.324,969.763,934.76,962.855,444009400,427516670837.0
2024-04-30,960.672,963.18,947.981,949.246,332347200,315479250211.2
2024-05-06,964.06,970.947,954.562,958.995,358432300,343734783538.5
2024-05-07,957.949,961.121,941.521,943.636,312388700,294781223313.2
2024-05-08,942.941,943.521,930.889,933.609,277306900,258896217602.1
2024-05-09,933.909,956.05,933.909,954.959,352235300,336370269852.69995
2024-05-10,954.163,954.645,934.102,936.954,324680200,304210412110.8
2024-05-13,927.361,938.236,922.747,927.919,292743900,271642626944.1
2024-05-14,932.687,937.149,921.918,925.375,265872100,246031394537.5
2024-05-15,921.983,924.916,912.384,912.512,221239600,201883789875.19998
2024-05-16,918.705,920.843,908.747,911.0,268783400,244861677400.0
2024-05-17,907.286,925.217,905.612,925.174,271429900,251119886302.6
2024-05-20,922.296,939.002,919.374,926.798,324758000,300985064884.0
2024-05-21,925.37,932.097,920.447,921.578,251906300,232151304141.4
2024-05-22,921.534,923.958,911.583,922.272,250584800,231107344665.6
2024-05-23,922.82,924.566,908.599,909.601,272725500,248071387525.5
2024-05-24,908.903,912.499,884.815,885.348,271845800,240678135338.4
2024-05-27,884.124,907.306,875.121,906.301,351631200,318683708191.2
2024-05-28,903.939,922.449,901.936,902.355,343830600,310257261063.0
2024-05-29,900.64,908.483,893.63,897.809,225942100,202852850858.9
2024-05-30,894.785,918.157,889.623,911.946,343810000,313536154260.0
2024-05-31,911.761,923.823,908.901,912.069,324475900,295944409637.1
2024-06-03,914.536,935.52,913.508,927.111,454337800,421221572095.8
2024-06-04,923.872,930.891,918.379,928.724,310984700,288818954522.8
2024-06-05,927.109,940.923,925.56,925.702,329172000,304715178744.0
2024-06-06,933.941,937.934,915.849,917.467,411088000,377159674096.0
2024-06-07,920.356,929.298,904.334,913.345,349969500,319642892977.5
2024-06-11,911.312,943.614,910.152,943.008,471726600,444841957612.8
2024-06-12,945.86,951.765,940.839,942.421,414346900,390489219844.9
2024-06-13,947.225,960.715,945.498,951.106,512733000,487663432698.0
2024-06-14,946.879,948.374,938.646,946.479,616867100,583851755940.9
2024-06-17,941.604,958.913,940.06,955.167,543125300,518775363425.10004
2024-06-18,955.472,966.234,948.43,953.915,475178900,453280280393.5
2024-06-19,957.22,958.537,941.138,949.582,471570600,447794953489.2
2024-06-20,950.229,978.775,948.271,959.843,621014400,596076324739.2
2024-06-21,950.703,964.868,939.455,964.656,426572600,411495818025.6
2024-06-24,959.934,973.11,934.702,937.259,592776100,555584734709.9
2024-06-25,936.209,936.376,898.772,904.905,525637000,475651549485.0
2024-06-26,908.82,926.805,898.439,923.353,433138700,399939918061.1
2024-06-27,917.287,921.575,904.246,904.525,356319100,322299533927.5
2024-06-28,901.719,916.887,897.325,899.971,422939900,380633644742.9
2024-07-01,899.327,902.425,879.87,894.372,349368400,312465314644.8
2024-07-02,893.987,894.028,879.121,881.484,326015400,287377358853.60004
2024-07-03,881.318,897.333,872.567,889.197,379172800,337159316241.6
2024-07-04,889.304,894.191,873.648,873.841,326962500,285713237962.5
2024-07-05,871.288,884.776,860.727,882.351,318043300,280625823798.3
2024-07-08,883.857,891.341,873.219,876.871,350174700,307058039363.7
2024-07-09,873.128,905.362,872.674,901.934,449230100,405175901013.39996
2024-07-10,899.204,908.412,898.135,901.345,326399900,294198917865.5
2024-07-11,916.831,920.241,898.475,909.338,415237500,377591237775.0
2024-07-12,901.349,913.076,895.706,908.908,326946300,297164107640.4
2024-07-15,907.383,913.4,902.584,907.413,333783700,302879668568.1
2024-07-16,903.944,937.115,902.466,936.137,457065100,427875551518.69995
2024-07-17,934.253,939.853,930.697,930.697,392849300,365623664962.1
2024-07-18,920.864,942.08,911.316,936.266,428084800,400801243356.8
2024-07-19,931.374,960.958,930.725,956.61,523198700,500497108407.0
2024-07-22,958.41,967.643,953.708,959.031,450995800,432518953069.8
2024-07-23,957.146,957.146,914.304,914.745,430542200,393836324739.0
2024-07-24,914.069,924.334,902.228,903.606,353211900,319164392111.4
2024-07-25,896.492,912.207,894.962,900.377,282411300,254276639060.09998
2024-07-26,900.684,913.126,892.952,908.283,286397400,260129889664.2
2024-07-29,908.04,911.303,892.346,892.346,298793400,266627095316.4
2024-07-30,890.518,904.593,882.766,899.772,284398800,255894077073.6
2024-07-31,895.824,946.934,895.824,946.453,435351300,412039543938.89996
2024-08-01,950.915,956.507,938.113,945.295,395373500,373744592682.5
2024-08-02,933.235,947.051,919.784,922.522,329827300,304272940450.60004
2024-08-05,912.566,925.407,887.918,888.055,399518200,354794135101.0
2024-08-06,902.511,905.414,886.04,898.42,271569600,243983560032.0
2024-08-07,900.39,904.754,889.8,891.981,245326100,218826220004.1
2024-08-08,885.623,906.797,878.88,896.413,290642200,260535446428.6
2024-08-09,908.578,912.869,893.841,893.841,311893300,278783019165.3
2024-08-12,889.988,898.708,888.654,894.485,254408300,227564408225.5
2024-08-13,895.346,901.336,889.254,899.48,218721700,196735794716.0
2024-08-14,901.239,901.393,885.402,885.521,215495700,190825967759.69998
2024-08-15,882.3,904.756,881.477,893.42,291290800,260245026536.0
2024-08-16,893.827,899.258,889.185,890.556,244757700,217970438281.2
2024-08-19,890.146,902.345,888.912,891.38,258020800,229994580704.0
2024-08-20,892.993,894.263,876.642,879.078,244679800,215092629224.4
2024-08-21,876.069,889.845,874.338,880.338,230600400,203006294935.19998
2024-08-22,880.572,886.252,869.709,871.928,261147700,227701991765.6
2024-08-23,868.903,874.517,858.47,871.13,256140600,223131760878.0
2024-08-26,869.813,875.168,863.975,867.761,201093100,174500749549.1
2024-08-27,865.293,865.293,856.307,858.051,201896500,173237493721.5
2024-08-28,856.844,859.76,849.846,853.655,183928900,157011825129.5
2024-08-29,847.669,869.914,846.259,864.512,229927900,198775428684.8
2024-08-30,862.253,892.404,862.253,884.666,395961800,350293941758.80005
2024-09-02,885.263,887.128,852.941,852.941,320625900,273474975771.90002
2024-09-03,853.337,868.009,853.337,858.55,236683400,203204533070.0
2024-09-04,849.189,864.033,847.487,855.984,192201900,164521751169.6
2024-09-05,856.788,868.472,850.868,854.368,210145900,179541932291.2
2024-09-06,856.063,859.889,843.151,843.151,211499000,178325593349.0
2024-09-09,838.387,847.383,832.348,835.116,201062100,167910176703.6
2024-09-10,835.83,850.061,828.859,844.686,228527800,193034233270.80002
2024-09-11,841.167,849.918,840.671,848.744,210314400,178503085113.6
2024-09-12,851.578,857.653,839.59,839.718,210769200,176986691085.6
2024-09-13,839.655,845.536,829.257,832.619,270447400,225179643740.6
2024-09-18,833.049,834.01,819.623,827.323,240756400,199183307117.19998
2024-09-19,830.535,841.189,820.274,831.043,281110800,233615162564.4
2024-09-20,832.572,837.109,821.028,828.094,233156100,193075167473.40002
2024-09-23,829.106,837.948,822.537,822.707,231814000,190715000498.0
2024-09-24,829.09,854.839,817.826,853.786,399299300,340916152149.8
2024-09-25,862.07,876.257,851.817,852.176,434150700,369972806923.2
2024-09-26,852.204,885.612,846.697,885.042,451508300,399603808848.60004
2024-09-27,899.427,949.485,899.173,945.508,411923700,389477153739.60004
2024-09-30,1001.384,1119.337,992.526,1119.337,1331833300,1490770290522.1
2024-10-08,1342.28,1342.28,1265.851,1326.81,1911585400,2536310624574.0
2024-10-09,1289.151,1441.389,1244.963,1318.355,2178557500,2872112172912.5
2024-10-10,1336.059,1339.023,1228.837,1249.858,1344450700,1680372463000.5999
2024-10-11,1220.994,1240.84,1155.661,1170.04,958018400,1120919848736.0
2024-10-14,1175.775,1215.162,1134.605,1210.143,976840500,1182116693191.5
2024-10-15,1202.807,1234.436,1173.135,1173.159,860107500,1009042854592.5001
2024-10-16,1137.301,1171.061,1136.032,1143.991,623256400,712999712292.4
2024-10-17,1176.121,1185.785,1155.835,1155.982,679922600,785978286993.2
2024-10-18,1157.773,1345.613,1154.429,1304.366,1423993700,1857408966494.2
2024-10-21,1333.975,1425.17,1299.0,1327.872,1709973700,2270626196966.4
2024-10-22,1311.201,1331.974,1278.191,1296.934,1121399900,1454381657906.5999
2024-10-23,1283.353,1307.426,1270.852,1274.749,906418900,1155456586356.1
2024-10-24,1260.785,1291.909,1260.545,1278.119,680051900,869187254376.1
2024-10-25,1285.177,1318.598,1265.233,1284.429,743957800,955560973096.2001
2024-10-28,1281.91,1286.723,1268.953,1281.965,640165000,820669124225.0
2024-10-29,1280.385,1320.231,1271.401,1271.744,823326100,1047060027718.3999
2024-10-30,1264.943,1276.117,1236.759,1252.432,844575500,1057773382616.0
2024-10-31,1254.216,1283.249,1233.884,1268.461,880804300,1117265903182.3
2024-11-01,1255.801,1263.81,1219.72,1219.72,735323000,896888169560.0
2024-11-04,1217.013,1248.86,1216.72,1246.579,533229700,664712946196.2999
2024-11-05,1245.909,1315.58,1240.889,1312.484,1033995700,1357102812318.7998
2024-11-06,1321.41,1350.485,1301.746,1319.347,1073163000,1415874384561.0
2024-11-07,1308.039,1383.349,1306.129,1369.265,1046418100,1432823679696.5
2024-11-08,1405.251,1436.69,1367.31,1367.335,1633296900,2233264016761.5
2024-11-11,1382.112,1445.012,1374.962,1442.849,1776223800,2562822733606.1997
2024-11-12,1437.071,1445.908,1392.419,1406.611,1431996000,2014261325556.0002
2024-11-13,1393.391,1427.461,1391.59,1425.093,1082922800,1543265701820.4001
2024-11-14,1416.147,1435.374,1373.838,1377.902,943336200,1299824836652.4001
2024-11-15,1373.862,1382.906,1318.437,1318.633,969670100,1278638992973.3
2024-11-18,1321.718,1337.904,1283.365,1292.088,833041900,1076363442487.2
2024-11-19,1298.836,1337.037,1279.099,1334.04,718568800,958599521952.0
2024-11-20,1326.724,1342.881,1313.741,1335.045,664900800,887672488536.0
2024-11-21,1332.284,1366.043,1329.591,1350.68,662327600,894592642768.0
2024-11-22,1351.75,1366.305,1294.153,1294.56,784951100,1016166296016.0
2024-11-25,1298.226,1302.684,1250.768,1274.95,634521900,808983696405.0
2024-11-26,1271.829,1288.906,1264.553,1266.076,476325300,603064030522.8
2024-11-27,1259.49,1316.941,1246.499,1314.644,704014700,925528701266.8
2024-11-28,1314.019,1345.868,1307.991,1312.584,672973000,883333592232.0
2024-11-29,1306.945,1373.769,1301.545,1346.889,822389700,1107667640643.2998
2024-12-02,1347.715,1369.168,1339.699,1353.991,810272100,1097101130951.1
2024-12-03,1356.587,1362.927,1322.679,1334.696,708811000,946047206455.9999
2024-12-04,1360.179,1365.757,1323.994,1329.558,839811500,1116578098317.0
2024-12-05,1318.998,1341.236,1318.609,1336.108,585233200,781934760385.6
2024-12-06,1337.694,1371.812,1325.679,1353.727,743600900,1006632615554.3
2024-12-09,1349.403,1357.804,1325.799,1337.922,624391100,835386589294.2001
2024-12-10,1404.605,1405.327,1348.649,1351.706,833152600,1126177368335.5999
2024-12-11,1347.093,1363.911,1342.877,1348.731,816900000,1101778353900.0
2024-12-12,1350.095,1361.1,1336.923,1355.816,738367500,1001090470380.0
2024-12-13,1344.989,1356.259,1329.304,1331.077,1315733300,1751342333764.1
2024-12-16,1332.504,1334.681,1300.28,1306.937,773146200,1010453375189.3999
2024-12-17,1304.158,1314.584,1292.233,1294.828,521844400,675698740763.2
2024-12-18,1299.206,1325.16,1290.947,1320.642,538261000,710850083562.0
2024-12-19,1303.125,1353.368,1301.753,1343.821,647074200,869551898518.2
2024-12-20,1339.81,1403.741,1338.707,1381.003,920659000,1271432840977.0
2024-12-23,1380.2,1401.476,1354.952,1357.69,860659300,1168508525017.0
2024-12-24,1364.725,1381.543,1339.568,1379.213,633015200,873062793037.6
2024-12-25,1381.722,1396.544,1372.061,1384.338,653848200,905146909491.6
2024-12-26,1379.698,1412.074,1374.672,1406.264,667904800,939250475667.2
2024-12-27,1404.518,1432.358,1388.987,1391.371,759595700,1056879428704.7001
2024-12-30,1385.421,1411.744,1377.66,1392.819,620444600,864167027327.4
2024-12-31,1392.662,1394.193,1341.424,1341.424,641111800,860002755203.2
2025-01-02,1337.21,1338.119,1274.745,1289.017,658382400,848666106100.8
2025-01-03,1291.614,1299.976,1267.73,1268.882,549499600,697250151447.2001
2025-01-06,1271.442,1282.112,1250.908,1261.693,445519100,562108329836.3
2025-01-07,1262.426,1312.093,1261.672,1311.602,496310600,650961975581.2001
2025-01-08,1296.587,1327.556,1269.721,1310.985,566232200,742321920717.0
2025-01-09,1306.191,1324.969,1305.658,1307.797,474582300,620657308193.1
2025-01-10,1308.785,1342.559,1295.478,1295.478,590851800,765435508160.4
2025-01-13,1275.442,1298.717,1271.946,1294.544,463940800,600591778995.2001
2025-01-14,1304.173,1344.152,1285.442,1340.547,656518400,880093771564.8
2025-01-15,1332.217,1353.604,1326.541,1335.463,539394200,720340996514.6
2025-01-16,1344.049,1355.38,1296.284,1299.314,667935700,867858206109.8
2025-01-17,1289.278,1340.461,1288.87,1322.386,608944300,805259417099.7999
2025-01-20,1327.111,1338.41,1313.044,1324.246,510831100,676466040850.6001
2025-01-21,1332.107,1349.596,1322.402,1343.437,576245800,774149928814.6
2025-01-22,1336.854,1351.831,1332.617,1341.974,510012400,684423380477.6
2025-01-23,1360.46,1371.096,1324.627,1324.627,614467900,813940770973.2999
2025-01-24,1324.582,1348.181,1324.582,1341.256,487520900,653890332250.4
2025-01-27,1338.36,1341.429,1309.604,1309.656,486411000,637031084616.0
2025-02-05,1359.952,1368.819,1344.638,1357.305,713891100,968967959485.5
2025-02-06,1348.651,1408.597,1346.544,1405.467,866239400,1217470890799.8
2025-02-07,1404.378,1439.2,1387.794,1410.99,888994600,1254362490654.0
2025-02-10,1417.555,1436.998,1410.397,1434.982,728408800,1045253516641.6
2025-02-11,1431.706,1439.741,1407.873,1419.082,614790700,872438416137.4
2025-02-12,1421.645,1450.497,1414.731,1449.291,774469700,1122431965982.7
2025-02-13,1448.055,1451.126,1410.791,1412.23,688299700,972037485331.0
2025-02-14,1403.56,1416.899,1389.948,1413.175,673649200,951984208210.0
2025-02-17,1422.509,1436.533,1414.561,1432.47,732854200,1049791655874.0
2025-02-18,1427.8,1435.191,1391.49,1397.13,700291800,978398682534.0001
2025-02-19,1395.649,1442.928,1395.585,1441.797,953699000,1375040357103.0
2025-02-20,1442.199,1450.73,1424.427,1435.943,791934600,1137172945327.8
2025-02-21,1448.434,1537.121,1443.234,1529.759,1210078800,1851128935009.2
2025-02-24,1525.551,1549.963,1514.823,1534.985,911349600,1398907965756.0
2025-02-25,1510.647,1565.866,1502.896,1537.535,871573000,1340073992555.0
2025-02-26,1546.204,1573.864,1520.279,1566.939,907117300,1421397474944.7
2025-02-27,1567.159,1586.659,1523.004,1562.667,910158600,1422274808986.2
2025-02-28,1549.134,1555.114,1482.65,1486.356,888399300,1320477629950.8
2025-03-03,1489.194,1498.298,1453.93,1464.143,705171700,1032472208353.1
2025-03-04,1447.619,1506.063,1442.53,1491.905,697154700,1040088582703.5
2025-03-05,1491.522,1510.582,1481.498,1501.179,616009000,924739774611.0
2025-03-06,1526.043,1565.748,1524.586,1559.967,824979600,1286940951673.2002
2025-03-07,1547.142,1559.876,1532.897,1540.806,672831400,1036702658108.4
2025-03-10,1535.913,1542.289,1508.997,1532.676,617796300,946881561898.7999
2025-03-11,1507.121,1532.648,1505.897,1527.318,600401100,917003407249.8
2025-03-12,1539.385,1547.303,1518.239,1518.312,596748600,906050560363.2
2025-03-13,1517.679,1519.316,1472.35,1480.108,659911400,976740142431.2
2025-03-14,1480.497,1507.724,1478.131,1505.893,627736800,945304452962.4
2025-03-17,1509.702,1509.996,1490.102,1498.137,532610100,797922897383.7
2025-03-18,1504.941,1527.409,1503.972,1507.087,562233700,847335100231.9
2025-03-19,1500.146,1509.116,1479.818,1483.61,475839000,705959498790.0
2025-03-20,1480.908,1484.832,1466.33,1467.13,432819300,635002179609.0
2025-03-21,1464.166,1466.633,1420.902,1429.473,537523200,768374901273.6
2025-03-24,1427.542,1442.1,1415.339,1439.278,504064400,725488801503.2
2025-03-25,1439.194,1442.125,1406.068,1410.855,402131900,567349801774.5
2025-03-26,1409.406,1427.187,1408.646,1409.388,326379500,459995350746.0
2025-03-27,1408.681,1450.323,1408.358,1427.334,473939200,676469534092.8
2025-03-28,1422.806,1433.985,1406.418,1406.434,370502300,521087031798.2
2025-03-31,1398.872,1414.245,1387.7,1407.082,424858800,597811170021.6001
2025-04-01,1415.195,1421.475,1399.325,1401.062,389720000,546021882639.99994
2025-04-02,1398.047,1413.586,1396.267,1400.365,290336600,406577212859.0
2025-04-03,1383.837,1413.427,1383.837,1391.946,416981000,580415035026.0
2025-04-07,1305.342,1340.49,1194.481,1257.541,988467100,1243037905401.0999
2025-04-08,1269.462,1292.348,1247.064,1270.545,730581300,928236417808.5
2025-04-09,1247.571,1352.442,1238.752,1332.418,810551600,1079993541768.7999
2025-04-10,1365.431,1372.469,1340.242,1345.879,614445300,826969025918.7
2025-04-11,1347.151,1419.446,1343.601,1391.625,790470300,1100038231237.5
2025-04-14,1401.132,1411.287,1381.059,1393.605,549638900,765979519234.5
2025-04-15,1389.398,1390.092,1364.637,1378.529,381645900,526109940881.1
2025-04-16,1394.586,1396.088,1365.102,1389.578,414954100,576611088369.8
2025-04-17,1380.474,1409.614,1379.362,1396.856,357563700,499464999727.2
2025-04-18,1389.621,1391.265,1375.223,1383.591,289479200,400520815807.19995
2025-04-21,1388.79,1399.376,1383.836,1397.024,330186600,461278604678.39996
2025-04-22,1395.465,1400.872,1383.72,1389.255,362937000,504212041935.00006
2025-04-23,1393.604,1398.333,1381.591,1389.634,348964200,484932517102.8
2025-04-24,1388.598,1388.598,1370.128,1374.13,330672400,454386865012.00006
2025-04-25,1372.571,1387.109,1362.182,1376.649,396565800,545931912004.19995
2025-04-28,1377.353,1385.885,1367.536,1377.003,347660700,478729826882.1
2025-04-29,1368.89,1381.862,1363.315,1378.793,391271700,539482681058.1
2025-04-30,1377.96,1399.332,1376.374,1396.196,470647500,657116156910.0
2025-05-06,1403.068,1418.963,1397.751,1418.437,474488600,673032186318.2
2025-05-07,1444.271,1445.213,1408.583,1420.433,504884800,717155031118.4
2025-05-08,1413.108,1419.471,1407.446,1412.973,385901300,545268117564.89996
2025-05-09,1404.343,1404.343,1378.447,1379.725,448167600,618348041910.0
2025-05-12,1384.014,1395.123,1376.437,1386.612,426487700,591372962672.4
2025-05-13,1399.556,1399.556,1379.481,1380.171,377559600,521096810691.60004
2025-05-14,1387.611,1399.054,1376.662,1387.448,370954500,514680079116.00006
2025-05-15,1384.23,1384.496,1364.24,1366.869,303553700,414918142365.3
2025-05-16,1362.243,1365.717,1354.071,1360.202,322105600,438128681331.2
2025-05-19,1358.673,1366.164,1347.657,1361.611,361426500,492122298091.50006
2025-05-20,1361.694,1371.935,1359.299,1365.563,283796300,387541726816.9
2025-05-21,1364.398,1368.079,1355.994,1359.647,349952600,475812002732.19995
2025-05-22,1357.662,1370.598,1352.192,1354.422,290969500,394095492129.0
2025-05-23,1352.427,1359.741,1337.127,1337.127,308680100,412744496072.7
2025-05-26,1340.427,1345.933,1335.3,1341.741,283457100,380326012811.1
2025-05-27,1340.538,1342.281,1325.411,1325.668,265772500,352326098530.0
2025-05-28,1326.78,1330.434,1320.448,1322.388,231253900,305807382313.19995
2025-05-29,1324.685,1343.791,1322.583,1343.725,304020900,408520483852.5
2025-05-30,1334.865,1334.865,1323.096,1327.322,294816700,391316691877.39996
2025-06-03,1326.193,1346.383,1326.086,1338.287,449849000,602027068663.0
2025-06-04,1339.425,1347.04,1338.319,1342.867,297848000,399970250216.0
2025-06-05,1345.361,1369.106,1341.757,1366.893,388670900,531271532513.7
2025-06-06,1364.653,1366.601,1357.308,1361.789,324709400,442185689116.6
2025-06-09,1360.875,1371.739,1356.851,1367.948,361671400,494747668287.2
2025-06-10,1377.76,1378.359,1335.566,1341.533,490250500,657687224016.5
2025-06-11,1341.242,1350.663,1336.778,1336.778,355244000,474882363832.0
2025-06-12,1333.381,1339.902,1325.93,1327.343,398583500,529057018640.5
2025-06-13,1318.81,1331.337,1316.231,1326.511,739274900,980656286873.9
2025-06-16,1319.212,1333.824,1319.212,1328.147,404087500,536687600862.5
2025-06-17,1328.958,1330.615,1313.343,1317.756,357920800,471652281724.80005
2025-06-18,1316.373,1334.34,1313.852,1328.69,345864400,459546569636.0
2025-06-19,1327.089,1342.216,1322.887,1326.323,365876800,485270815006.4
2025-06-20,1326.598,1332.875,1315.263,1315.378,326537600,429520375212.8
2025-06-23,1307.195,1331.732,1307.195,1321.049,403627400,533211573142.6
2025-06-24,1325.296,1350.978,1325.296,1347.616,405678900,546699376502.4
2025-06-25,1349.975,1377.693,1345.364,1376.009,516003400,710025322430.6
2025-06-26,1376.263,1391.526,1364.598,1364.598,444114000,606037076172.0
2025-06-27,1375.502,1379.37,1358.194,1362.531,409708800,558240940972.7999
2025-06-30,1368.5,1389.659,1368.5,1388.137,466934200,648168639585.4
2025-07-01,1385.847,1385.847,1369.361,1373.523,409615000,562615623645.0
2025-07-02,1368.225,1368.225,1347.159,1349.24,341055100,460165183124.0
2025-07-03,1351.651,1357.509,1346.023,1353.684,327465100,443284266428.39996
2025-07-04,1350.84,1371.423,1338.161,1350.28,379744800,512761808544.0
2025-07-07,1347.283,1354.353,1340.572,1341.938,269612000,361802588056.0
2025-07-08,1344.45,1363.026,1342.267,1361.756,383624100,522402419919.60004
2025-07-09,1361.632,1363.183,1342.865,1345.389,317397700,427023374205.3
2025-07-10,1343.552,1347.608,1335.861,1338.958,344238100,460920357899.80005
2025-07-11,1338.519,1370.347,1336.348,1363.019,484174600,659939179117.4
2025-07-14,1363.205,1368.541,1356.65,1356.65,339023300,459935959945.00006
2025-07-15,1355.177,1366.041,1350.184,1364.043,434989100,593343836931.2999
2025-07-16,1364.137,1386.486,1361.958,1365.721,363424900,496337017852.9
2025-07-17,1364.472,1375.537,1356.257,1375.505,416362100,572708150360.5
2025-07-18,1379.576,1389.505,1369.476,1375.023,368263900,506371332569.69995
2025-07-21,1375.284,1381.348,1371.299,1375.089,451502600,620856258731.4
2025-07-22,1374.66,1388.662,1372.232,1380.483,480466100,663275283126.2999
2025-07-23,1378.382,1404.967,1377.149,1393.88,531461200,740793137456.0
2025-07-24,1393.051,1411.653,1392.386,1409.947,537064000,757231775608.0
2025-07-25,1410.112,1456.042,1405.902,1447.792,615815200,891572320038.3999
2025-07-28,1448.576,1451.702,1437.66,1445.836,551971000,798059542756.0
2025-07-29,1441.172,1473.561,1440.555,1471.051,595496200,876005280506.2
2025-07-30,1464.542,1473.564,1440.394,1451.555,561810700,815499130638.5
2025-07-31,1450.641,1477.358,1439.606,1443.444,687371400,992182123101.6
2025-08-01,1442.421,1457.269,1413.379,1425.446,498951000,711227707146.0
2025-08-04,1422.986,1452.172,1422.986,1452.162,550350600,799198227997.2001
2025-08-05,1450.915,1458.43,1447.007,1457.25,536051700,781161339825.0
2025-08-06,1453.582,1467.035,1446.947,1466.609,579003000,849171010827.0
2025-08-07,1466.711,1482.953,1454.409,1465.067,592325100,867795957281.7
2025-08-08,1455.997,1455.997,1436.686,1437.35,700748600,1007221000209.9999
2025-08-11,1437.907,1452.369,1437.684,1445.485,631515600,912846327065.9999
2025-08-12,1443.862,1495.318,1437.544,1483.343,733224200,1087622984500.6001
2025-08-13,1482.416,1498.038,1480.183,1496.207,721098000,1078911875286.0001
2025-08-14,1498.011,1550.049,1498.011,1511.714,877339900,1326287009588.5999
2025-08-15,1502.605,1541.655,1498.6,1538.036,835027100,1284301740775.6
2025-08-18,1556.756,1596.673,1540.994,1574.037,1073649700,1689964352838.9001
2025-08-19,1568.941,1585.338,1555.303,1556.594,774245000,1205185121530.0
2025-08-20,1549.645,1620.534,1541.306,1619.461,941663600,1524987475319.6
2025-08-21,1627.179,1659.515,1608.193,1617.487,903125100,1460793108623.7
2025-08-22,1636.481,1770.36,1636.481,1770.119,1453170000,2572283827230.0
2025-08-25,1821.362,1878.616,1777.033,1829.347,1731748300,3167968557360.1
2025-08-26,1795.228,1823.494,1783.306,1802.7,1095873200,1975530617640.0
2025-08-27,1822.012,1907.637,1812.917,1814.506,1515187800,2749317354226.8003
2025-08-28,1825.255,1959.776,1819.072,1958.334,1826383600,3576669100922.4
2025-08-29,1914.74,1923.768,1869.559,1911.729,1399106500,2674712470138.5
2025-09-01,1929.53,1959.516,1878.337,1929.477,1414446200,2729141410637.4
2025-09-02,1922.084,1938.434,1852.687,1871.893,1270178700,2377638617279.1
2025-09-03,1855.791,1873.225,1823.589,1835.132,904416300,1659723293451.6
2025-09-04,1828.367,1831.903,1684.145,1706.635,1198716800,2045772045968.0
2025-09-05,1715.964,1775.15,1696.388,1764.892,909955100,1605972476349.2
2025-09-08,1760.36,1772.906,1729.235,1765.948,907442200,1602495738205.6
2025-09-09,1730.298,1758.552,1714.739,1722.348,871060800,1500269826758.4
2025-09-10,1736.869,1774.101,1731.665,1751.059,782444300,1370106133513.7
2025-09-11,1749.395,1872.331,1734.743,1861.998,1245539500,2319192057921.0
2025-09-12,1858.955,1920.956,1856.605,1887.626,1213499100,2290632452136.6
2025-09-15,1931.888,1937.176,1877.629,1895.668,1111602700,2107229667103.5999
2025-09-16,1903.001,1946.877,1903.001,1930.126,946274600,1826429208599.6
2025-09-17,1920.509,1967.91,1897.997,1952.627,1038377200,2027563356904.4
2025-09-18,1976.516,2064.178,1930.827,1976.051,1555115200,3072986946075.1997
2025-09-19,1988.734,2010.394,1944.268,1947.906,1066853100,2078129554608.5999
2025-09-22,1947.434,2051.941,1935.24,2029.779,1109303800,2251641557860.2
2025-09-23,2027.492,2045.185,1962.233,2030.021,1296608100,2632141671770.1
2025-09-24,2012.341,2147.947,2010.114,2107.826,1775264500,3741948669977.0
2025-09-25,2095.56,2154.359,2093.848,2133.394,1415956200,3020792461342.8
2025-09-26,2113.532,2153.965,2095.445,2099.139,1637841100,3438056128812.9004
2025-09-29,2094.915,2131.669,2058.737,2131.669,1399763600,2983832673448.4
2025-09-30,2157.325,2193.065,2141.199,2173.007,1354362600,2943039410338.2
2025-10-09,2221.794,2322.119,2216.297,2238.71,1982805300,4438926053163.0
2025-10-10,2192.75,2199.255,2083.901,2095.989,1634541800,3425981632840.2
2025-10-13,2031.165,2148.094,2031.165,2145.303,1557469700,3341244419819.0996
2025-10-14,2168.778,2169.394,2019.965,2038.535,1469522800,2995673661098.0
2025-10-15,2034.163,2070.255,2004.796,2068.151,968037800,2002048344107.7998
2025-10-16,2050.675,2085.417,2031.449,2042.345,882728800,1802836751036.0
2025-10-17,2034.508,2038.227,1957.467,1961.029,921270800,1806638755653.2
2025-10-20,2004.105,2017.351,1955.926,1970.366,783891800,1544553750398.8
2025-10-21,1981.912,2034.506,1969.592,2027.911,815972000,1654718594492.0
2025-10-22,2003.541,2058.334,1986.713,2028.233,707283600,1434535937878.8
2025-10-23,2015.089,2026.295,1982.367,2021.047,632650600,1278616597178.2
2025-10-24,2053.17,2133.902,2045.669,2126.535,1028167200,2186433536651.9998
2025-10-27,2170.591,2172.813,2116.574,2161.508,1165361400,2518937988991.1997
2025-10-28,2136.444,2182.655,2129.951,2145.466,987349200,2118324138727.2
2025-10-29,2137.162,2185.316,2128.711,2162.012,876691300,1895417110895.6
2025-10-30,2157.486,2172.187,2123.953,2126.724,938618800,1996183128811.2002
2025-10-31,2112.978,2114.097,2046.973,2046.973,982417400,2010981892530.2
2025-11-03,2023.227,2025.336,1973.963,2017.991,882263400,1780399600829.4
2025-11-04,2023.204,2044.229,1989.028,2000.95,729522200,1459737446090.0
2025-11-05,1951.276,1999.981,1951.276,1988.091,607601500,1207967073736.5
2025-11-06,2013.323,2072.983,2007.602,2066.291,773330800,1597926472062.8
2025-11-07,2036.751,2061.06,2025.258,2034.018,886735100,1803635154631.8
2025-11-10,2041.277,2056.725,1980.401,2013.31,915434200,1843052829202.0
2025-11-11,2026.437,2039.738,1969.592,1973.307,726590400,1433785922452.8
2025-11-12,1959.316,1983.349,1943.345,1969.945,691863300,1362932648518.5
2025-11-13,1965.668,2008.726,1961.314,2000.711,829745600,1660081149121.6
2025-11-14,1968.547,1987.169,1939.09,1939.099,770894600,1494840947965.4
2025-11-17,1943.028,1971.005,1924.217,1937.635,791411000,1533465652985.0
2025-11-18,1932.336,1975.965,1927.157,1947.696,738411200,1438200540595.2
2025-11-19,1942.739,1959.377,1919.906,1927.958,603980100,1164448265635.8
2025-11-20,1957.551,1960.784,1904.53,1905.753,525382100,1001248513221.2999
2025-11-21,1863.208,1880.342,1834.289,1838.778,769217600,1414420400092.8
2025-11-24,1854.555,1870.09,1816.989,1854.093,708505200,1313634531783.6
2025-11-25,1875.901,1898.919,1861.863,1867.558,679210900,1268465749982.2
2025-11-26,1857.436,1913.291,1852.75,1894.179,654408000,1239565891032.0
2025-11-27,1910.495,1955.434,1885.338,1887.74,663910900,1253291162366.0
2025-11-28,1883.34,1920.316,1873.504,1917.288,780711900,1496849557327.2
2025-12-01,1920.846,1944.915,1891.888,1936.506,879042000,1702270107252.0
2025-12-02,1931.571,1937.89,1904.443,1913.367,623491500,1192968060880.5
2025-12-03,1909.471,1919.843,1887.533,1895.31,607753100,1151880527961.0
2025-12-04,1888.749,1930.718,1872.629,1930.682,608304100,1174441776396.2
2025-12-05,1920.127,1939.039,1895.342,1931.392,641670900,1239318042892.8
2025-12-08,1931.936,1991.888,1931.855,1975.515,840721000,1660856946315.0
2025-12-09,1954.711,1985.95,1952.858,1965.587,615857500,1210521495852.5
2025-12-10,1950.145,1971.141,1918.908,1966.058,730112100,1435442735101.8
2025-12-11,1970.719,1972.793,1936.87,1936.982,899644800,1742595783993.5999
2025-12-12,1931.88,1978.897,1907.756,1977.056,1192198700,2357043593027.2
2025-12-15,1948.297,1965.21,1922.037,1923.299,681122100,1310001453807.9
2025-12-16,1915.45,1922.244,1875.296,1887.347,587709200,1109211195492.4
2025-12-17,1889.253,1940.796,1877.829,1936.811,666822500,1291509153047.5
2025-12-18,1919.849,1936.029,1912.057,1912.065,593012500,1133878445812.5
2025-12-19,1926.075,1937.993,1908.283,1911.174,558267800,1066946904397.2
2025-12-22,1919.76,1961.992,1919.76,1957.154,712961800,1395376038717.2
2025-12-23,1955.146,1983.009,1951.698,1969.105,624794200,1230285383191.0
2025-12-24,1974.855,1990.213,1958.76,1989.484,626398100,1246208997580.4
2025-12-25,1983.127,2001.037,1970.507,1991.607,632190400,1259074825972.8
2025-12-26,1983.949,2002.676,1971.986,1981.563,640481200,1269153848115.6
2025-12-29,1980.516,2015.334,1979.335,1986.61,733636500,1457449607265.0
2025-12-30,1988.064,2023.306,1988.064,2011.574,669860800,1347474568899.2
2025-12-31,2024.138,2025.748,1991.318,1993.792,645176300,1286347345529.5999
2026-01-05,2022.875,2090.064,2022.875,2089.802,975211100,2037998107202.2002
2026-01-06,2085.169,2151.798,2081.442,2130.405,1025595800,2184934420299.0002
2026-01-07,2155.325,2172.812,2132.673,2158.979,1068549100,2306975067368.9
2026-01-08,2152.547,2218.435,2152.547,2177.807,979805200,2133826623196.4
2026-01-09,2156.232,2213.015,2143.792,2209.711,946202400,2090833851506.4
2026-01-12,2234.98,2275.649,2213.329,2272.963,1148741100,2611046016879.3003
2026-01-13,2264.234,2269.628,2187.706,2200.381,1167332800,2568576913796.8
2026-01-14,2218.779,2307.132,2218.779,2259.601,1366366400,3087442883806.4004
2026-01-15,2241.149,2265.331,2207.553,2258.636,1147587000,2591981311332.0
2026-01-16,2283.582,2328.401,2265.437,2307.047,1412449100,3258586458807.7
2026-01-19,2306.725,2318.742,2284.895,2289.437,1032794000,2364516796978.0
2026-01-20,2293.416,2322.793,2243.016,2259.794,1028817000,2324914483698.0
2026-01-21,2257.422,2358.87,2257.422,2344.722,1229271200,2882299226606.4004
2026-01-22,2393.4,2411.443,2329.101,2349.097,1181652400,2775816107882.8003
2026-01-23,2334.075,2365.194,2315.637,2365.194,1175116200,2779377785542.8
2026-01-26,2363.335,2397.28,2320.522,2327.843,1396295100,3250355774469.3
2026-01-27,2322.951,2379.966,2289.014,2371.106,1403944900,3328902176059.4004
2026-01-28,2390.892,2403.871,2346.535,2382.946,1231058000,2933544736868.0
2026-01-29,2373.691,2390.439,2296.137,2297.173,1180697600,2712266647884.8
2026-01-30,2284.57,2331.829,2232.583,2310.344,1093102000,2525441647088.0
2026-02-02,2281.493,2305.691,2206.372,2207.873,1057171200,2334099748857.6
2026-02-03,2249.733,2254.303,2176.917,2240.635,863585800,1934980568983.0002
2026-02-04,2209.686,2209.686,2162.666,2193.099,723408800,1586507115871.2002
2026-02-05,2145.817,2180.074,2136.155,2169.731,690223400,1497599107905.4001
2026-02-06,2141.526,2180.123,2128.631,2149.759,619875500,1332582935004.5
2026-02-09,2199.356,2215.514,2175.399,2215.07,816613000,1808854957910.0002
2026-02-10,2222.644,2262.04,2222.644,2235.153,647538300,1447347173859.9
2026-02-11,2217.624,2224.024,2198.064,2207.052,520194100,1148095428793.2
2026-02-12,2222.454,2254.052,2207.481,2251.246,661738900,1489737051669.4001
2026-02-13,2232.998,2273.87,2228.747,2243.935,669051800,1501308750833.0
2026-02-24,2276.248,2277.082,2199.038,2220.676,729129200,1619159715339.2
2026-02-25,2226.128,2248.175,2197.069,2236.083,787540600,1761006147469.8
2026-02-26,2243.292,2276.538,2205.437,2259.262,802900000,1813961459800.0002
2026-02-27,2229.135,2267.423,2217.868,2256.504,711884300,1606369770487.2
2026-03-02,2212.759,2260.381,2212.759,2220.196,880917600,1955809731849.5999
2026-03-03,2225.676,2227.43,2086.782,2091.386,1034522200,2163585245769.2
2026-03-04,2076.907,2123.531,2072.645,2082.548,725418100,1510718013318.7998
2026-03-05,2144.87,2157.469,2110.62,2125.814,837223400,1779781224847.5999
2026-03-06,2111.672,2149.654,2111.672,2134.302,654049900,1395940009669.8
2026-03-09,2065.527,2105.301,2029.293,2094.07,773960800,1620728092456.0002
2026-03-10,2141.78,2154.106,2111.581,2138.091,642574800,1373883396706.8
2026-03-11,2140.296,2152.277,2103.316,2104.224,638910500,1344410807952.0
2026-03-12,2098.042,2128.631,2060.49,2078.446,612254900,1272538747885.4
2026-03-13,2060.845,2086.344,2043.85,2056.756,681145300,1400949682646.7998
2026-03-16,2051.877,2088.068,2017.109,2085.465,750068600,1564241812899.0
2026-03-17,2085.94,2089.659,2031.662,2031.662,590580500,1199859959791.0
2026-03-18,2048.442,2074.486,2029.348,2072.365,586497700,1215437306060.4998
2026-03-19,2032.455,2045.296,2013.059,2021.789,629062100,1271830834096.9
2026-03-20,2036.399,2042.458,1991.966,1994.765,635745800,1268163470737.0
2026-03-23,1951.335,1969.123,1889.032,1899.36,806387900,1531620921744.0
2026-03-24,1931.037,1947.714,1878.945,1946.082,633448000,1232741750736.0
2026-03-25,1963.487,2006.311,1963.487,1987.258,621948300,1235971734761.4
2026-03-26,1983.072,1988.851,1941.471,1946.728,518044400,1008491538723.2001
2026-03-27,1907.777,1975.311,1907.777,1957.752,508641000,995792935032.0
2026-03-30,1922.33,1952.195,1909.558,1945.06,514620100,1000966971706.0
2026-03-31,1933.378,1952.299,1890.751,1891.03,560463400,1059853103302.0
2026-04-01,1947.523,1965.09,1932.214,1957.196,607088600,1188191379565.5999
2026-04-02,1950.649,1950.649,1882.674,1895.215,529509200,1003533778478.0
2026-04-03,1913.122,1918.7,1892.731,1897.522,425615100,807614015782.2
2026-04-07,1905.611,1948.576,1905.611,1929.253,474905200,916212281815.6
2026-04-08,2000.863,2055.41,1997.246,2054.065,854787100,1755788264561.5
2026-04-09,2027.787,2080.56,2025.419,2049.332,601351700,1232369282064.4
2026-04-10,2080.122,2113.037,2080.122,2087.009,655954100,1368982110286.9
2026-04-13,2076.117,2141.675,2076.117,2102.538,662698700,1393349199300.6
2026-04-14,2141.239,2163.856,2124.443,2150.503,743697100,1599322844641.3
2026-04-15,2166.126,2202.219,2140.092,2151.299,756866200,1628245499193.8
2026-04-16,2151.427,2181.707,2146.257,2178.794,666974800,1453200692391.2
2026-04-17,2170.65,2211.425,2169.462,2194.388,710386800,1558864269278.4
2026-04-20,2201.192,2237.244,2198.383,2236.238,916334000,2049140911491.9998
2026-04-21,2225.302,2226.001,2174.2,2201.094,786042400,1730153210385.6
2026-04-22,2190.664,2246.23,2190.496,2245.659,788725700,1771208966736.3
2026-04-23,2267.577,2269.898,2185.822,2209.885,873160400,1929584070554.0002
2026-04-24,2225.915,2281.913,2184.353,2252.606,988280900,2226207485025.4004
2026-04-27,2296.453,2359.698,2279.907,2349.32,1164353500,2735438964620.0
2026-04-28,2339.663,2380.275,2307.253,2322.408,924826400,2147824229971.2
2026-04-29,2298.091,2331.517,2256.068,2328.585,853963400,1988526363789.0
2026-04-30,2358.955,2475.247,2358.955,2459.135,1188780600,2923371980781.0005
2026-05-06,2562.48,2696.161,2556.193,2602.06,1538133800,4002316435628.0
2026-05-07,2613.636,2654.917,2583.498,2648.7,1156234500,3062518320150.0
2026-05-08,2602.319,2605.432,2555.941,2579.638,1113557100,2872574210329.8
2026-05-11,2658.236,2725.558,2625.18,2703.828,1483484400,4011086658283.2
2026-05-12,2690.992,2757.379,2658.713,2717.433,1328910100,3611224159773.3
2026-05-13,2649.098,2789.798,2634.377,2788.416,1452679300,4050674202988.8003
2026-05-14,2825.515,2835.989,2708.385,2714.04,1666552600,4523090418504.0
2026-05-15,2712.258,2787.854,2618.213,2666.096,1718432900,4581507080958.4
2026-05-18,2656.729,2757.016,2649.692,2691.838,1368158700,3682861578690.6
2026-05-19,2667.65,2797.612,2620.038,2796.146,1531134600,4281275887251.6
2026-05-20,2778.584,2905.615,2778.584,2902.632,1683193800,4885692186081.601
2026-05-21,2954.046,2985.663,2767.355,2775.49,1982144300,5501421683207.0
2026-05-22,2819.793,2839.308,2753.986,2827.743,1506319200,4259483573565.6
2026-05-25,2833.098,3025.392,2808.713,3019.585,1944507000,5871604169595.0
2026-05-26,2989.921,2994.541,2897.155,2972.079,1778903100,5287040546544.9
2026-05-27,2984.524,3035.572,2877.019,2886.787,1945114800,5615132118147.6
2026-05-28,2869.319,2966.569,2862.549,2949.624,1974990300,5825478788647.199
2026-05-29,2962.663,2970.708,2751.589,2793.863,2027363500,5664175870200.5
2026-06-01,2796.369,2799.768,2640.848,2643.169,1539986600,4070444841535.4
2026-06-02,2667.78,2739.443,2618.11,2702.998,1322623600,3575048945552.8003
2026-06-03,2715.967,2867.257,2715.776,2783.229,1517768600,4224297582809.4
2026-06-04,2734.398,2839.515,2729.916,2803.785,1285571900,3604467209641.5
2026-06-05,2748.071,2806.57,2668.558,2685.216,1444558400,3878951328614.4
2026-06-08,2546.882,2635.133,2545.777,2576.898,1337128000,3445642468944.0
2026-06-09,2635.997,2703.647,2596.606,2698.88,1260352800,3401540964864.0
2026-06-10,2695.936,2800.978,2645.194,2674.95,1326271200,3547709146440.0
2026-06-11,2664.37,2717.427,2638.657,2690.301,1166217300,3137475568407.3
2026-06-12,2800.164,2806.158,2671.798,2679.883,1831593900,4908457355513.699
2026-06-15,2721.356,2829.653,2666.45,2829.351,1575525000,4457713234275.0
2026-06-16,2836.699,2861.618,2801.273,2847.333,1470797400,4187849973334.2
2026-06-17,2796.603,2996.958,2791.444,2996.303,1838088700,5507470686076.1
2026-06-18,2994.228,3164.312,2991.806,3121.446,1862019600,5812193632341.6
2026-06-22,3144.345,3217.807,3068.901,3183.102,1903892600,6060284342845.2
2026-06-23,3148.86,3239.036,3086.708,3133.342,1756156900,5502640173359.8
2026-06-24,3096.068,3279.137,3077.606,3265.905,1880151400,6140395858017.0
2026-06-25,3294.427,3407.563,3283.313,3391.3,1884010500,6389244808650.0
2026-06-26,3335.12,3406.561,3237.059,3336.576,1964952000,6556211684352.0
2026-06-29,3345.633,3488.595,3287.312,3486.193,2075193700,7234525750584.101
2026-06-30,3497.728,3642.308,3462.284,3632.355,1960436300,7121000596486.5
2026-07-01,3625.983,3721.219,3470.051,3524.772,2199192700,7751652851564.399
2026-07-02,3362.6,3447.471,3223.88,3239.515,2002370900,6486710566113.5
2026-07-03,3222.051,3339.028,3167.001,3222.772,1803542500,5812406269810.0
2026-07-06,3292.413,3300.102,3110.203,3250.25,1665372200,5412875993050.0
2026-07-07,3200.508,3333.157,3178.239,3267.511,1385006700,4525524627323.7
2026-07-08,3301.341,3401.587,3194.049,3293.1,1639476000,5398958415600.0
2026-07-09,3350.52,3592.082,3303.739,3586.707,1997041500,7162802727340.5
2026-07-10,3595.312,3668.345,3370.304,3370.304,2478433400,8353074001753.601
2026-07-13,3322.674,3449.126,3212.101,3245.476,1891270000,6138071394520.0
2026-07-14,3247.593,3298.228,3070.949,3269.264,1699515300,5556164187739.2
2026-07-15,3295.274,3308.734,3087.464,3117.544,1431936300,4464124420447.2
2026-07-16,3024.146,3156.611,2945.3,2976.797,1478973000,4402602389481.0
2026-07-17,2946.681,2971.526,2719.134,2744.796,1699842400,4665720620150.399
2026-07-20,2832.529,2850.24,2605.825,2719.062,1770655600,4814522357047.2
2026-07-21,2779.565,3048.286,2624.333,3045.451,1954518900,5952391538523.9
2026-07-22,2998.52,3107.275,2935.828,2976.292,1654069700,4922994415552.399
2026-07-23,3007.631,3007.998,2822.709,2855.645,1144434500,3268098657752.5
2026-07-24,2816.705,2930.989,2787.126,2859.169,993240700,2839843018978.3
2026-07-27,2850.903,2909.129,2751.234,2896.329,1069466400,3097526548845.6
2026-07-28,2808.25,2881.227,2667.539,2697.184,1161591000,3133024659744.0
2026-07-29,2716.061,2728.17,2542.648,2662.615,1409704500,3753500347267.4995
2026-07-30,2619.967,2648.536,2452.847,2498.528,1398181200,3493394877273.5996
2026-07-31,2730.993,2752.497,2586.64,2586.64,1475689300,3817076970952.0
2026-08-03,2558.94,2563.728,2439.033,2445.39,1166720300,2853086154417.0
2026-08-04,2476.453,2587.502,2451.903,2562.513,1163083400,2980416332584.1997
2026-08-05,2561.747,2739.521,2561.747,2700.358,1365331500,3686883838677.0
2026-08-06,2626.939,2768.148,2626.939,2720.79,1209970800,3292076452932.0
2026-08-07,2714.577,2805.443,2697.372,2797.717,1230056800,3441350820325.6
2026-08-10,2792.157,2813.644,2727.2,2786.299,1073813400,2991965202606.6
2026-08-11,2744.014,2811.355,2718.496,2737.456,1185228600,3244511142441.6
2026-08-12,2756.638,2807.482,2736.999,2788.995,939658900,2620703973805.5
2026-08-13,2835.662,2868.934,2754.105,2758.087,1099493400,3032498453125.8
2026-08-14,2795.92,2800.259,2715.188,2762.485,895044000,2472545624340.0
2026-08-17,2770.33,2890.366,2764.941,2890.366,1106698300,3198763138577.8
2026-08-18,2888.533,2912.139,2831.761,2896.4,1194517300,3459799907720.0
2026-08-19,2805.174,2824.864,2657.41,2681.431,1348681800,3616397187655.8003
2026-08-20,2711.034,2721.791,2627.144,2653.201,1001674000,2657642458474.0
2026-08-21,2648.343,2699.121,2634.802,2657.806,725015000,1926949217090.0
2026-08-24,2654.715,2654.991,2521.748,2572.541,889694500,2288775578724.5
2026-08-25,2539.218,2604.38,2503.687,2573.965,749428800,1929003501192.0
2026-08-26,2576.798,2637.726,2554.996,2616.793,726591300,1901339027700.9001
2026-08-27,2645.153,2734.443,2631.149,2728.658,927735600,2531473166824.8
2026-08-28,2713.607,2762.858,2673.77,2674.898,761088400,2035833838983.2002
2026-08-31,2609.465,2724.672,2608.902,2724.347,919538500,2505141953859.5
2026-09-01,2715.421,2722.966,2653.238,2656.289,713257900,1894619113933.1
2026-09-02,2614.546,2638.404,2587.395,2607.703,661809400,1725802357808.2
2026-09-03,2637.703,2640.58,2571.28,2596.101,568863600,1476827360823.6
2026-09-04,2624.545,2640.807,2514.988,2533.377,748752300,1896871855517.0999
2026-09-07,2568.201,2623.417,2536.982,2603.59,782220800,2036582252672.0
2026-09-08,2602.82,2623.529,2552.819,2562.749,693781300,1777987332793.7
2026-09-09,2593.069,2596.896,2534.427,2546.935,557179900,1419100988606.5
2026-09-10,2528.909,2563.133,2516.651,2530.635,530482300,1342457075260.5
2026-09-11,2493.907,2505.828,2435.851,2499.871,910884200,2277092995938.2
2026-09-14,2453.921,2481.913,2434.246,2455.549,490399700,1204200492935.3
2026-09-15,2449.439,2544.919,2449.439,2499.198,551548800,1378429657862.4
2026-09-16,2510.392,2625.348,2500.129,2613.892,805376000,2105165883391.9998
2026-09-17,2600.229,2639.109,2583.382,2598.109,641310000,1666193282790.0
2026-09-18,2647.329,2716.807,2637.451,2685.096,905713600,2431927964505.6
2026-09-21,2713.129,2726.982,2664.974,2688.688,699163300,1879831974750.4001
2026-09-22,2759.448,2774.927,2688.277,2701.637,836262100,2259276631057.7
2026-09-23,2715.058,2723.705,2686.428,2692.623,546643700,1471905399425.1
