date,open,high,low,close,volume,amount,outstanding_share,turnover
2019-11-15,14.5,15.18,13.49,14.84,14244948.0,599049511.0,19546404.0,0.7287758914632072
2019-11-18,13.76,13.83,12.4,12.63,8179204.0,315057999.0,19546404.0,0.4184505753590277
2019-11-19,12.48,12.82,12.14,12.47,6030472.0,222403174.0,19546404.0,0.30852078980870346
2019-11-20,12.3,12.3,11.47,11.65,6037490.0,213297854.0,19546404.0,0.30887983283267856
2019-11-21,11.52,11.96,11.24,11.47,4449505.0,151690327.0,19546404.0,0.22763803510865732
2019-11-22,11.43,11.58,10.81,10.82,4358306.0,144449742.0,19546404.0,0.22297226640767273
2019-11-25,10.86,10.94,10.3,10.46,3622282.0,112939525.0,19546404.0,0.18531705371484186
2019-11-26,10.46,10.56,10.3,10.4,2057330.0,63393795.0,19546404.0,0.10525363130732385
2019-11-27,10.39,10.57,10.25,10.48,2320306.0,71767835.0,19546404.0,0.1187075638055982
2019-11-28,10.44,10.79,10.4,10.48,2455306.0,76985028.0,19546404.0,0.12561420504763945
2019-11-29,10.52,10.69,10.41,10.6,2011400.0,62867092.0,19546404.0,0.10290383847586491
2019-12-02,10.75,11.26,10.72,10.79,4341706.0,141235148.0,19546404.0,0.22212300533642915
2019-12-03,10.79,10.79,10.11,10.62,3327782.0,102995133.0,19546404.0,0.17025034374609263
2019-12-04,10.45,10.61,10.31,10.42,1324966.0,41107809.0,19546404.0,0.06778566533261055
2019-12-05,10.45,10.53,10.34,10.48,1574983.0,48764198.0,19546404.0,0.08057661143195444
2019-12-06,10.46,10.64,10.44,10.56,1644757.0,51389345.0,19546404.0,0.08414627058767433
2019-12-09,10.58,10.78,10.42,10.72,2226239.0,69989155.0,19546404.0,0.11389506734844936
2019-12-10,10.67,11.43,10.62,11.07,4947391.0,163422579.0,19546404.0,0.25311003497113843
2019-12-11,10.93,11.23,10.89,10.89,2102440.0,68648757.0,19546404.0,0.10756147268827555
2019-12-12,10.96,11.21,10.93,10.97,1856136.0,60988646.0,19546404.0,0.09496048480324054
2019-12-13,10.98,11.11,10.76,10.88,1673754.0,53947314.0,19546404.0,0.0856297659661593
2019-12-16,11.13,11.62,11.11,11.49,3837303.0,130142213.0,19546404.0,0.19631759376302668
2019-12-17,11.41,11.76,11.36,11.7,2968703.0,102196763.0,19546404.0,0.15187975240867835
2019-12-18,11.72,12.14,11.72,11.87,2773861.0,98281293.0,19546404.0,0.14191157616510944
2019-12-19,12.01,12.25,11.78,12.1,2666309.0,95204077.0,19546404.0,0.13640918298833893
2019-12-20,12.1,13.25,12.03,13.07,4505846.0,169248388.0,19546404.0,0.23052045788064138
2019-12-23,13.42,14.29,12.88,13.12,4921610.0,198868291.0,19546404.0,0.25179107113513055
2019-12-24,13.17,14.94,13.02,14.79,4085517.0,168842256.0,19546404.0,0.20901629783156023
2019-12-25,14.33,15.84,14.03,15.52,4320350.0,190082653.0,19546404.0,0.22103042585224372
2019-12-26,15.38,15.74,14.8,15.06,2804423.0,126705584.0,19546404.0,0.1434751374216966
2019-12-27,15.08,15.28,14.17,14.42,2536673.0,109796535.0,19546404.0,0.12977696562498145
2019-12-30,14.6,14.6,13.49,14.28,2236999.0,93846380.0,19546404.0,0.1144455522355928
2019-12-31,14.29,15.47,14.24,15.33,2387684.0,106070593.0,20032204.0,0.11919227659622476
2020-01-02,15.51,18.04,15.07,16.92,2902519.0,137772881.0,20032204.0,0.14489264386484882
2020-01-03,16.52,19.66,16.52,19.18,3536248.0,192706142.0,20032204.0,0.17652815436584013
2020-01-06,18.55,19.18,17.54,18.17,2488962.0,135019211.0,20032204.0,0.12424803581273433
2020-01-07,17.97,19.31,17.97,18.3,2367078.0,130449281.0,20032204.0,0.11816363291827499
2020-01-08,18.05,18.09,17.15,17.74,2442418.0,126789432.0,20032204.0,0.12192457704604047
2020-01-09,17.72,18.7,17.72,17.97,2379602.0,128613155.0,20032204.0,0.11878882623200124
2020-01-10,17.97,18.13,17.16,17.58,1682876.0,87165467.0,20032204.0,0.08400852946585408
2020-01-13,17.41,18.3,17.03,18.14,1868214.0,98273049.0,20032204.0,0.09326053189154823
2020-01-14,18.17,18.38,17.58,18.02,1789043.0,95450084.0,20032204.0,0.08930834570175104
2020-01-15,18.11,18.65,17.05,17.23,2321336.0,122784705.0,20032204.0,0.11588020968636302
2020-01-16,16.86,18.3,16.74,17.96,2850437.0,148930400.0,20032204.0,0.14229273024575828
2020-01-17,17.64,19.01,17.61,18.9,2647585.0,144680518.0,20032204.0,0.1321664356053882
2020-01-20,18.88,20.19,18.04,19.31,2225099.0,125130610.0,20032204.0,0.111076095271394
2020-01-21,19.07,19.22,17.88,17.98,1713699.0,93837701.0,20032204.0,0.08554720189550785
2020-01-22,17.98,18.84,17.31,18.66,1329439.0,71951569.0,20032204.0,0.06636508893379879
2020-01-23,18.69,18.83,16.84,16.93,1681344.0,88028065.0,20032204.0,0.08393205260888917
2020-02-03,13.74,15.78,13.74,14.84,2226906.0,98609109.0,20032204.0,0.11116630002370184
2020-02-04,14.84,16.41,14.84,16.34,1168806.0,55672389.0,20032204.0,0.05834635070609305
2020-02-05,16.34,17.47,16.02,16.58,1647678.0,82800881.0,20032204.0,0.08225145870119933
2020-02-06,16.25,17.15,16.25,17.09,1034779.0,51742645.0,20032204.0,0.051655773872909844
2020-02-07,16.96,18.61,16.81,18.38,1628854.0,84615750.0,20032204.0,0.08131177178507168
2020-02-10,18.46,18.87,17.71,17.99,1400151.0,75201517.0,20032204.0,0.0698950050628478
2020-02-11,17.91,18.01,16.88,17.06,1393377.0,71406635.0,20032204.0,0.06955684956083714
2020-02-12,17.0,17.87,16.79,17.64,1409984.0,72548322.0,20032204.0,0.07038586468069115
2020-02-13,17.73,19.86,17.3,19.22,2975346.0,164642097.0,20032204.0,0.14852813998898973
2020-02-14,18.9,20.78,18.56,19.72,2883617.0,168397633.0,20032204.0,0.14394906321840573
2020-02-17,19.93,20.43,19.32,20.23,2118230.0,125660186.0,20032204.0,0.10574123546265803
2020-02-18,20.45,24.28,19.42,23.74,4754091.0,300438050.0,20032204.0,0.23732241344986302
2020-02-19,22.44,22.86,21.18,21.73,3384160.0,222373851.0,20032204.0,0.16893597928615345
2020-02-20,21.84,22.38,20.3,20.86,2340640.0,146633395.0,20032204.0,0.11684385801981649
2020-02-21,21.14,21.88,20.91,21.26,2060464.0,130783784.0,20032204.0,0.1028575787267342
2020-02-24,21.94,23.91,21.2,23.44,2801779.0,187782503.0,20032204.0,0.13986374140359192
2020-02-25,22.26,23.72,21.68,23.09,2899347.0,196436148.0,20032204.0,0.14473429883202069
2020-02-26,22.29,22.96,20.23,21.2,2342402.0,148703188.0,20032204.0,0.11693181638925003
2020-02-27,21.22,21.22,19.83,19.91,1814739.0,110091548.0,20032204.0,0.09059108024259338
2020-02-28,18.99,19.78,18.16,18.28,1831847.0,101581214.0,20032204.0,0.09144510509178122
2020-03-02,18.71,19.83,18.38,19.54,1478652.0,84320979.0,20032204.0,0.0738137451076277
2020-03-03,20.13,20.57,19.01,19.22,1877684.0,110869112.0,20032204.0,0.09373327068753892
2020-03-04,19.38,19.88,18.45,18.79,1325779.0,75215382.0,20032204.0,0.0661823831266894
2020-03-05,19.56,19.9,19.22,19.56,1894367.0,109521187.0,20032204.0,0.09456607969846953
2020-03-06,18.98,20.01,18.72,19.85,1282864.0,74525133.0,20032204.0,0.06404008265890264
2020-03-09,19.22,19.65,18.75,19.02,1056448.0,59625888.0,20032204.0,0.05273748210631241
2020-03-10,18.61,19.88,18.0,19.86,1275278.0,71957463.0,20032204.0,0.06366139242591579
2020-03-11,19.9,20.39,19.12,19.31,1069711.0,62993694.0,20032204.0,0.053399566018796536
2020-03-12,18.54,19.15,18.38,18.75,741998.0,41085089.0,20032204.0,0.03704025777692759
2020-03-13,17.81,19.48,17.29,18.83,1009684.0,55241987.0,20032204.0,0.05040304102334421
2020-03-16,19.11,19.12,17.55,17.94,972372.0,52788310.0,20032204.0,0.04854044018321699
2020-03-17,18.07,18.5,16.97,17.13,1068771.0,55230902.0,20032204.0,0.053352641576533466
2020-03-18,17.2,17.85,16.59,16.59,741167.0,38140589.0,20032204.0,0.036998774573182264
2020-03-19,16.41,17.28,16.41,17.13,883673.0,44074516.0,20032204.0,0.04411261985950223
2020-03-20,17.2,18.31,17.14,17.97,1208955.0,63797814.0,20032204.0,0.06035057350653977
2020-03-23,17.53,17.82,16.72,17.03,765487.0,39092935.0,20032204.0,0.038212819717690576
2020-03-24,17.67,17.67,16.73,17.28,577377.0,29475466.0,20032204.0,0.028822440106939805
2020-03-25,17.7,18.08,17.54,17.58,552536.0,29166721.0,20032204.0,0.02758238684070909
2020-03-26,17.42,17.61,16.93,17.07,455840.0,23173227.0,20032204.0,0.022755359320422257
2020-03-27,17.35,17.49,16.36,16.41,592176.0,29705392.0,20032204.0,0.029561200554866555
2020-03-30,16.42,16.42,14.96,15.46,750587.0,34284549.0,20032204.0,0.03746901738820152
2020-03-31,15.53,15.73,15.11,15.33,431212.0,19646124.0,20032204.0,0.021525938933129873
2020-04-01,15.37,15.52,14.82,15.28,439665.0,19868915.0,20032204.0,0.021947909476161483
2020-04-02,15.07,16.15,15.07,16.13,441317.0,20452318.0,20032204.0,0.022030376687457855
2020-04-03,16.08,16.08,15.48,15.51,407596.0,18993008.0,20032204.0,0.020347037200699435
2020-04-07,16.12,16.28,15.75,16.02,360517.0,17088193.0,20032204.0,0.01799687143761116
2020-04-08,15.87,16.24,15.78,16.05,258925.0,12308367.0,20032204.0,0.01292543746060094
2020-04-09,16.17,16.17,15.92,15.93,217924.0,10328516.0,20032204.0,0.010878683144400885
2020-04-10,15.98,15.98,15.26,15.26,379479.0,17399498.0,20032204.0,0.018943447261219985
2020-04-13,15.18,15.18,14.67,15.11,236496.0,10480874.0,20032204.0,0.011805790316432481
2020-04-14,15.15,15.52,15.15,15.52,173627.0,7936056.0,20032204.0,0.00866739376256352
2020-04-15,15.53,16.14,15.53,15.81,392912.0,18568753.0,20032204.0,0.019614017509006997
2020-04-16,15.75,15.92,15.5,15.85,144865.0,6772784.0,20032204.0,0.007231605668552497
2020-04-17,16.19,17.5,16.19,16.38,1180207.0,59036422.0,20032204.0,0.058915484287200746
2020-04-20,16.37,16.93,16.27,16.83,453697.0,22336551.0,20032204.0,0.022648381575986348
2020-04-21,16.64,16.77,15.96,16.02,549649.0,26398663.0,20032204.0,0.027438268899418156
2020-04-22,16.05,16.51,15.9,16.31,562512.0,27067268.0,20032204.0,0.028080384964130758
2020-04-23,16.34,16.86,16.23,16.52,872834.0,42943996.0,20032204.0,0.043571541104513514
2020-04-24,16.53,17.01,16.17,16.46,702754.0,34542191.0,20032204.0,0.03508121223206393
2020-04-27,16.33,16.73,16.19,16.49,458117.0,22419285.0,20032204.0,0.022869026293861623
2020-04-28,16.52,16.83,15.19,15.89,939158.0,44012013.0,20032204.0,0.046882409943508965
2020-04-29,16.34,17.2,16.08,16.96,969551.0,48244752.0,20032204.0,0.04839961693680835
2020-04-30,17.02,19.02,17.02,18.69,1356723.0,73106638.0,20032204.0,0.06772709583029406
2020-05-06,18.7,19.81,18.32,19.58,1462043.0,83367221.0,20032204.0,0.07298463014853483
2020-05-07,19.31,20.06,18.74,18.89,1142804.0,64917745.0,20032204.0,0.0570483407617055
2020-05-08,18.92,19.45,18.84,18.86,1009794.0,56946647.0,20032204.0,0.05040853218148138
2020-05-11,18.82,19.16,18.16,18.24,1187707.0,65562623.0,20032204.0,0.05928988143291672
2020-05-12,18.4,18.88,18.03,18.88,730498.0,39997441.0,20032204.0,0.03646618215349644
2020-05-13,18.8,19.05,18.48,18.82,643270.0,35865659.0,20032204.0,0.03211179358996145
2020-05-14,18.66,19.71,18.65,18.96,1082565.0,61854879.0,20032204.0,0.05404123280693428
2020-05-15,18.82,19.72,18.72,19.46,1303622.0,74278197.0,20904530.0,0.06236074190618014
2020-05-18,19.56,19.89,18.48,18.55,1436580.0,80935758.0,20904530.0,0.06872099013945782
2020-05-19,19.0,19.0,18.51,18.78,1210811.0,67394166.0,20904530.0,0.05792098650388217
2020-05-20,18.82,19.47,18.55,18.65,1557070.0,87673045.0,20904530.0,0.07448481262195324
2020-05-21,18.65,18.82,17.62,17.7,1114130.0,59717417.0,20904530.0,0.05329610376315564
2020-05-22,17.54,17.85,16.6,16.87,895368.0,45353579.0,20904530.0,0.04283129063413528
2020-05-25,16.63,16.95,16.26,16.56,706350.0,34667192.0,20904530.0,0.03378932700232916
2020-05-26,16.56,17.11,16.54,17.11,794242.0,39737149.0,20904530.0,0.03799377455508447
2020-05-27,17.54,17.54,16.47,16.66,1169889.0,58692637.0,20904530.0,0.055963420368695206
2020-05-28,16.42,16.76,15.85,16.75,1203648.0,58178325.0,20904530.0,0.057578333499963885
2020-05-29,16.69,17.1,16.52,16.9,809239.0,40536884.0,20904530.0,0.038711178868886316
2020-06-01,16.98,18.36,16.98,18.18,1415026.0,74790827.0,20904530.0,0.06768992175380169
2020-06-02,18.2,18.78,17.95,18.46,1299428.0,70962247.0,20904530.0,0.062160115534766865
2020-06-03,18.53,18.77,18.12,18.17,1214087.0,66448507.0,20904530.0,0.05807769894850542
2020-06-04,18.21,19.18,18.08,18.95,1463438.0,81546014.0,20904530.0,0.07000578343545634
2020-06-05,19.15,20.87,19.15,20.23,2476629.0,147578473.0,20904530.0,0.11847331654909248
2020-06-08,20.2,20.23,19.23,19.48,2013994.0,117798478.0,20904530.0,0.09634246739821464
2020-06-09,19.49,19.56,18.84,19.19,1232780.0,70037315.0,20904530.0,0.05897190704598477
2020-06-10,19.19,19.19,18.64,19.13,822235.0,46097183.0,20904530.0,0.03933286230305106
2020-06-11,19.13,19.82,18.9,18.9,1068488.0,61318603.0,20904530.0,0.05111274924621601
2020-06-12,18.49,18.81,18.28,18.47,838526.0,46079142.0,20904530.0,0.040112167075748655
2020-06-15,18.28,18.72,18.21,18.21,825461.0,45132926.0,20904530.0,0.03948718292159642
2020-06-16,18.38,19.55,18.38,19.55,1402828.0,79662921.0,20904530.0,0.06710641186384003
2020-06-17,19.55,19.85,19.22,19.48,1387607.0,80308895.0,20904530.0,0.06637829216920926
2020-06-18,19.73,21.56,19.41,20.68,2553514.0,155632876.0,20904530.0,0.12215122750906143
2020-06-19,20.84,21.88,20.46,20.94,1961219.0,123250510.0,20904530.0,0.09381789497300345
2020-06-22,21.35,21.54,20.67,21.11,1392460.0,87012235.0,20904530.0,0.0666104428083291
2020-06-23,21.11,22.27,20.91,22.12,1852453.0,118429229.0,20904530.0,0.0886149078692513
2020-06-24,22.03,22.84,21.78,21.94,1170754.0,76229745.0,20904530.0,0.05600479895984267
2020-06-29,22.02,23.38,21.77,22.88,1421058.0,94336461.0,20904530.0,0.06797847165183814
2020-06-30,23.04,24.36,22.74,23.37,1532182.0,105777404.0,20694530.0,0.0740380187421507
2020-07-01,23.72,24.07,23.14,23.99,1342899.0,93401323.0,20694530.0,0.06489149548213949
2020-07-02,23.98,26.44,23.79,26.27,2092326.0,157415578.0,20694530.0,0.10110526791379171
2020-07-03,25.98,25.99,23.89,24.7,2089251.0,153412846.0,20694530.0,0.10095667792406979
2020-07-06,24.67,25.77,24.63,25.2,2054884.0,152042584.0,20694530.0,0.09929599754137929
2020-07-07,25.49,26.63,25.15,25.71,1706589.0,130251031.0,20694530.0,0.08246570470554296
2020-07-08,25.51,26.12,24.95,25.26,1595060.0,118694728.0,20694530.0,0.07707640618076371
2020-07-09,25.34,26.0,24.88,25.48,1974338.0,147869344.0,20694530.0,0.09540385792767461
2020-07-10,25.02,27.08,25.02,26.07,1754668.0,134632343.0,20694530.0,0.08478897563752354
2020-07-13,25.98,27.84,25.89,27.77,1644045.0,131582454.0,20694530.0,0.07944345679752089
2020-07-14,27.77,28.81,25.32,26.57,2382727.0,187986137.0,20694530.0,0.11513800989923424
2020-07-15,26.54,26.6,24.48,24.86,1568028.0,117876457.0,20694530.0,0.07577016728575135
2020-07-16,24.67,25.6,21.85,22.31,2052330.0,142741180.0,20694530.0,0.09917258328650132
2020-07-17,22.57,23.11,21.95,22.77,1035673.0,68914948.0,20694530.0,0.05004573672366563
2020-07-20,23.2,23.2,22.01,22.97,805714.0,53472135.0,20694530.0,0.03893366991180761
2020-07-21,23.41,23.41,22.78,23.27,751714.0,50920567.0,20694530.0,0.03632428472644704
2020-07-22,23.11,23.68,22.63,23.14,991812.0,67606498.0,20694530.0,0.047926287767830436
2020-07-23,22.81,23.09,21.41,22.02,1601199.0,103722628.0,20694530.0,0.0773730546187809
2020-07-24,21.75,21.76,19.6,19.71,1941760.0,118046461.0,20694530.0,0.09382962550973614
2020-07-27,19.75,20.39,19.03,20.37,1112691.0,65181899.0,20694530.0,0.053767396505260086
2020-07-28,20.36,20.8,20.1,20.75,629497.0,38075484.0,20694530.0,0.0304185212227579
2020-07-29,20.75,21.36,20.55,21.32,870313.0,53830928.0,20694530.0,0.04205521942271702
2020-07-30,21.22,21.73,21.08,21.68,794575.0,50064555.0,20694530.0,0.03839541173440518
2020-07-31,21.58,22.51,21.44,22.05,1213070.0,78661590.0,20694530.0,0.05861790531121026
2020-08-03,22.42,22.86,21.89,22.58,1503670.0,99246126.0,20694530.0,0.07266026336428032
2020-08-04,22.53,22.83,21.41,21.75,1262910.0,81547142.0,20694530.0,0.061026271193402315
2020-08-05,22.02,23.09,21.45,22.6,1531684.0,100067703.0,20694530.0,0.07401395441210794
2020-08-06,22.49,22.9,21.8,22.43,1078194.0,70822551.0,20694530.0,0.05210043426934557
2020-08-07,22.36,22.6,21.71,22.09,822455.0,53327502.0,20694530.0,0.03974262764121727
2020-08-10,22.09,22.19,21.27,21.91,641132.0,40830073.0,20694530.0,0.03098074708630735
2020-08-11,22.09,22.09,20.32,20.51,2083990.0,127422395.0,20694530.0,0.10070245615628864
2020-08-12,20.26,20.92,19.27,20.83,1507452.0,88522125.0,20694530.0,0.07284301697115131
2020-08-13,20.71,20.91,20.43,20.5,450104.0,27408006.0,20694530.0,0.02174990202725068
2020-08-14,21.04,21.04,19.82,20.75,910650.0,54461873.0,20694530.0,0.04400438183423349
2020-08-17,20.81,21.22,20.47,21.07,725892.0,44541572.0,20694530.0,0.03507651538836591
2020-08-18,20.55,21.48,20.55,21.24,723260.0,45087937.0,20694530.0,0.03494933202155352
2020-08-19,21.24,21.91,20.76,21.17,1025312.0,64597124.0,20694530.0,0.04954507302171154
2020-08-20,21.09,21.32,20.75,20.94,414798.0,25542626.0,20694530.0,0.020043847335503632
2020-08-21,21.05,21.26,20.74,20.79,437503.0,26929742.0,20694530.0,0.021140997162052002
2020-08-24,20.93,20.93,20.07,20.5,527704.0,31808360.0,20694530.0,0.02549968518250958
2020-08-25,20.66,20.7,20.12,20.43,541930.0,32482190.0,20694530.0,0.026187113213008463
2020-08-26,20.49,20.49,18.92,19.0,1234794.0,70805726.0,20694530.0,0.059667651306891244
2020-08-27,19.03,19.64,18.88,19.55,745222.0,42379409.0,20694530.0,0.036010578640829245
2020-08-28,19.5,19.53,19.1,19.53,517533.0,29427398.0,20694530.0,0.02500820265065213
2020-08-31,19.57,19.97,19.46,19.54,638197.0,37046325.0,20694530.0,0.030838922169288213
2020-09-01,19.38,19.53,19.05,19.25,358526.0,20310138.0,20694530.0,0.017324674684566405
2020-09-02,19.44,19.44,18.92,19.1,385624.0,21628715.0,20694530.0,0.018634102828138644
2020-09-03,19.06,19.44,18.69,18.95,356079.0,19721955.0,20694530.0,0.01720643087811127
2020-09-04,18.59,18.99,18.08,18.87,514911.0,28084582.0,20694530.0,0.024881502503318508
2020-09-07,18.96,19.18,18.64,18.77,323384.0,18034434.0,20694530.0,0.015626544792271196
2020-09-08,18.7,18.85,18.08,18.35,340055.0,18327260.0,20694530.0,0.016432119985329455
2020-09-09,18.32,18.59,17.43,18.23,508383.0,27010106.0,20694530.0,0.02456605682757714
2020-09-10,18.35,18.74,18.01,18.12,466949.0,25260793.0,20694530.0,0.022563885239239547
2020-09-11,18.01,18.66,17.6,18.6,410676.0,22032870.0,20694530.0,0.019844664266354443
2020-09-14,18.9,19.45,18.66,19.26,817158.0,46304669.0,20694530.0,0.039486666283312544
2020-09-15,19.26,19.37,18.78,18.88,463057.0,25790149.0,20694530.0,0.022375816218102078
2020-09-16,18.76,18.92,17.8,18.08,1031006.0,55022033.0,20694530.0,0.04982021819292344
2020-09-17,18.01,18.92,17.63,18.65,814181.0,43876555.0,20694530.0,0.03934281184448257
2020-09-18,18.76,19.04,18.57,18.8,541476.0,29933009.0,20694530.0,0.02616517504867228
2020-09-21,18.85,19.2,18.53,18.73,476528.0,26378823.0,20694530.0,0.023026761177953787
2020-09-22,18.69,18.69,17.89,17.98,586119.0,31491462.0,20694530.0,0.028322411767747323
2020-09-23,17.95,18.91,17.95,18.13,694045.0,37738962.0,20694530.0,0.03353760631432557
2020-09-24,18.12,18.12,17.46,17.63,667992.0,34654459.0,20694530.0,0.03227867460628485
2020-09-25,17.63,17.73,17.1,17.19,667486.0,34183679.0,20694530.0,0.032254223700659064
2020-09-28,17.33,17.43,16.99,17.06,276108.0,13970213.0,20694530.0,0.013342076384435887
2020-09-29,17.09,17.47,17.01,17.32,270895.0,13792979.0,20694530.0,0.013090174070152838
2020-09-30,17.43,17.83,17.12,17.34,347650.0,17869519.0,20694530.0,0.016799125179455632
2020-10-09,17.5,17.93,17.49,17.84,389663.0,20358424.0,20694530.0,0.01882927517561404
2020-10-12,17.92,18.42,17.92,18.33,464540.0,24886469.0,20694530.0,0.02244747766680374
2020-10-13,18.28,18.6,18.23,18.5,437141.0,23724153.0,20694530.0,0.02112350461692051
2020-10-14,18.43,18.52,18.11,18.18,368018.0,19733668.0,20694530.0,0.01778334661381534
2020-10-15,18.18,18.31,17.94,18.11,263691.0,14043423.0,20694530.0,0.012742062757646586
2020-10-16,18.16,18.16,17.57,17.72,332428.0,17381210.0,20694530.0,0.016063568488871215
2020-10-19,17.94,17.94,17.16,17.23,367727.0,18941792.0,20694530.0,0.017769284926983122
2020-10-20,17.36,17.36,16.89,17.16,457353.0,22968825.0,20694530.0,0.022100187827411397
2020-10-21,17.33,17.87,17.18,17.39,645238.0,33080243.0,20694530.0,0.031179157004290504
2020-10-22,17.27,17.96,16.73,17.8,954992.0,49233190.0,20694530.0,0.04614707364699754
2020-10-23,17.86,18.44,17.59,18.04,994199.0,52858084.0,20694530.0,0.048041632257412946
2020-10-26,18.35,18.58,17.78,18.5,986514.0,53080905.0,20694530.0,0.04767027808797784
2020-10-27,18.48,18.63,18.29,18.43,628486.0,34079900.0,20694530.0,0.030369667733454203
2020-10-28,18.48,19.0,18.32,18.51,918191.0,50504621.0,20694530.0,0.04436877764317431
2020-10-29,18.22,18.52,17.94,18.25,760062.0,40691657.0,20694530.0,0.03672767634732463
2020-10-30,18.35,18.52,17.61,17.67,708264.0,37630680.0,20694530.0,0.03422469609118931
2020-11-02,17.84,17.84,16.99,17.02,756056.0,38610987.0,20694530.0,0.03653409862412918
2020-11-03,17.15,18.11,17.01,17.94,685359.0,35618262.0,20694530.0,0.033117881875065536
2020-11-04,18.21,18.21,17.44,18.0,571601.0,29891511.0,20694530.0,0.027620873728468345
2020-11-05,18.56,18.57,17.98,18.32,639029.0,34347712.0,20694530.0,0.030879126029921915
2020-11-06,18.48,18.59,18.12,18.35,496181.0,26785235.0,20694530.0,0.023976432419581407
2020-11-09,18.35,18.95,17.87,18.89,874301.0,48037661.0,20694530.0,0.042247927350850686
2020-11-10,18.97,18.97,17.59,17.7,1085683.0,58030897.0,20694530.0,0.05246231733699678
2020-11-11,17.72,17.77,16.76,16.78,951930.0,47837091.0,20694530.0,0.04599911184259802
2020-11-12,16.85,17.08,16.25,16.3,707995.0,34403292.0,20694530.0,0.03421169748721039
2020-11-13,16.24,16.42,15.86,16.01,683769.0,32464290.0,20694530.0,0.03304104997794103
2020-11-16,16.24,18.01,16.24,17.96,1563573.0,79282378.0,52494530.00000001,0.029785446216967746
2020-11-17,17.84,18.13,17.14,17.52,1031738.0,53246683.0,52494530.00000001,0.01965420016142634
2020-11-18,17.77,17.77,17.23,17.5,484392.0,24882252.0,52494530.00000001,0.009227475700801588
2020-11-19,17.44,17.66,16.88,16.96,733091.0,37102375.0,52494530.00000001,0.013965093124940825
2020-11-20,16.79,17.63,16.79,17.05,779537.0,39652706.0,52494530.00000001,0.014849871024657233
2020-11-23,17.05,17.05,16.44,16.7,713886.0,35030107.0,52494530.00000001,0.013599245483291306
2020-11-24,16.79,17.46,16.54,17.15,668571.0,33298960.0,52494530.00000001,0.012736012685512183
2020-11-25,17.03,17.76,17.03,17.17,970999.0,49439436.0,52494530.00000001,0.018497146274097508
2020-11-26,17.33,17.33,16.67,16.72,462902.0,23068660.0,52494530.00000001,0.008818099714389288
2020-11-27,16.67,16.74,16.42,16.66,366955.0,17914916.0,52494530.00000001,0.00699034737524081
2020-11-30,16.75,16.89,16.56,16.7,392122.0,19330672.0,52494530.00000001,0.007469768754954086
2020-12-01,16.7,17.49,16.56,17.35,605540.0,30626938.0,52494530.00000001,0.011535297106193729
2020-12-02,17.32,17.6,17.23,17.26,381512.0,19528069.0,52494530.00000001,0.007267652458265651
2020-12-03,17.48,17.48,17.01,17.18,487402.0,24664951.0,52494530.00000001,0.009284815008344677
2020-12-04,17.18,18.28,17.09,18.24,1412769.0,74204907.0,52494530.00000001,0.026912689760247396
2020-12-07,18.25,18.89,18.25,18.58,1329851.0,72857154.0,52494530.00000001,0.025333134709464012
2020-12-08,18.61,19.19,18.36,18.48,1114644.0,61672387.0,52494530.00000001,0.02123352661696371
2020-12-09,18.47,18.75,17.85,17.95,1125892.0,60390482.0,52494530.00000001,0.02144779656089882
2020-12-10,17.99,18.11,17.7,17.7,689743.0,36249690.0,52494530.00000001,0.01313933089790498
2020-12-11,17.73,17.87,16.92,17.09,793123.0,40467291.0,52494530.00000001,0.015108678942358372
2020-12-14,17.26,17.31,16.86,17.13,740261.0,37226994.0,52494530.00000001,0.014101678784437157
2020-12-15,17.25,17.3,16.72,16.82,821122.0,40771103.0,52494530.00000001,0.015642048800132126
2020-12-16,16.92,16.97,16.09,16.18,907834.0,43844997.0,52494530.00000001,0.017293878047865176
2020-12-17,16.13,16.48,15.97,16.43,517935.0,24904604.0,52494530.00000001,0.009866456562236102
2020-12-18,16.51,16.57,16.01,16.08,615782.0,29415359.0,52494530.00000001,0.011730403148670916
2020-12-21,16.06,16.71,16.04,16.65,575754.0,27881667.0,52494530.00000001,0.010967885606366986
2020-12-22,16.65,16.78,16.23,16.33,856402.0,41567426.0,52494530.00000001,0.016314118823427887
2020-12-23,16.31,16.42,15.88,15.98,649454.0,30715227.0,52494530.00000001,0.012371841409000136
2020-12-24,15.93,16.04,15.22,15.37,723761.0,33186657.0,52494530.00000001,0.013787360321161079
2020-12-25,15.31,15.56,15.0,15.39,549173.0,24777270.0,52494530.00000001,0.01046152808683114
2020-12-28,15.56,15.68,15.29,15.4,465241.0,21203497.0,52494530.00000001,0.008862656737759152
2020-12-29,15.4,15.8,15.4,15.53,329542.0,15160139.0,52494530.00000001,0.006277644546965178
2020-12-30,15.53,15.79,15.34,15.71,283101.0,13041799.0,52494530.00000001,0.005392961895267944
2020-12-31,15.71,16.01,15.6,15.91,382529.0,17827781.0,52621930.0,0.007269383696113008
2021-01-04,15.84,16.37,15.67,16.21,536702.0,25433131.0,52621930.0,0.010199207820769782
2021-01-05,16.21,16.35,15.98,16.03,462655.0,21928390.0,52621930.0,0.008792056847781903
2021-01-06,16.06,16.24,14.72,15.24,1614345.0,72321382.0,52621930.0,0.030678179230598346
2021-01-07,14.8,15.11,14.62,14.78,720402.0,31339225.0,52621930.0,0.013690147814798888
2021-01-08,14.7,14.91,14.08,14.46,469717.0,19987009.0,52621930.0,0.008926259451145179
2021-01-11,14.46,14.51,13.82,13.9,604322.0,25136521.0,52621930.0,0.011484223402676413
2021-01-12,13.9,14.34,13.76,14.14,306163.0,12710208.0,52621930.0,0.005818163643940844
2021-01-13,14.26,14.26,13.65,13.76,776083.0,31666601.0,52621930.0,0.01474828080231949
2021-01-14,13.68,14.48,13.68,14.33,550202.0,23018077.0,52621930.0,0.0104557548535373
2021-01-15,14.33,14.72,14.22,14.49,471002.0,20121875.0,52621930.0,0.008950678927967864
2021-01-18,14.61,14.75,14.34,14.71,355291.0,15264188.0,52621930.0,0.006751766801407702
2021-01-19,14.72,15.22,14.62,14.67,508145.0,22296297.0,52621930.0,0.009656525330788894
2021-01-20,14.66,15.4,14.51,15.33,755244.0,33544576.0,52621930.0,0.014352267201145985
2021-01-21,15.1,15.66,15.1,15.34,644168.0,29296195.0,52621930.0,0.012241436222502672
2021-01-22,15.46,15.48,14.97,15.06,424262.0,18894607.0,52621930.0,0.008062456090074993
2021-01-25,14.81,15.06,14.27,14.27,618695.0,26396216.0,52621930.0,0.011757360476896229
2021-01-26,14.5,14.73,14.15,14.28,325779.0,13816548.0,52621930.0,0.006190935984294
2021-01-27,14.6,14.61,14.03,14.49,309143.0,13039322.0,52621930.0,0.005874794025988785
2021-01-28,14.47,14.57,13.94,14.03,300444.0,12648102.0,52621930.0,0.00570948271946696
2021-01-29,14.03,14.25,13.73,13.91,430067.0,17649192.0,52621930.0,0.008172771314165026
2021-02-01,13.85,14.91,13.85,14.58,571758.0,24449788.0,52621930.0,0.010865393952673344
2021-02-02,14.29,14.91,14.29,14.53,360602.0,15451619.0,52621930.0,0.006852694304446834
2021-02-03,14.38,15.08,14.14,15.02,899694.0,38923444.0,52621930.0,0.01709732045175842
2021-02-04,14.91,15.08,14.26,14.43,651012.0,27812340.0,52621930.0,0.012371496066373848
2021-02-05,14.55,14.61,13.66,13.7,444363.0,18409189.0,52621930.0,0.008444445120123873
2021-02-08,13.7,14.74,13.52,14.34,707089.0,29689763.0,52621930.0,0.013437154433522298
2021-02-09,14.59,15.12,14.27,15.01,892757.0,38971249.0,52621930.0,0.016965493283883734
2021-02-10,14.77,15.12,14.66,14.76,577364.0,25309423.0,52621930.0,0.010971927483465543
2021-02-18,14.95,15.45,14.72,15.26,879360.0,39244655.0,52621930.0,0.016710903609958815
2021-02-19,15.24,15.44,14.99,15.36,817756.0,36746635.0,52621930.0,0.015540212987246952
2021-02-22,15.36,15.73,15.2,15.2,822307.0,37489994.0,52621930.0,0.01562669784251547
2021-02-23,15.44,15.44,14.69,15.05,651033.0,28549577.0,52621930.0,0.01237189513953593
2021-02-24,16.11,16.92,15.98,16.45,2071667.0,100519826.0,52621930.0,0.039368890498695124
2021-02-25,16.72,17.5,16.31,17.34,1917649.0,95237150.0,52621930.0,0.036442011914044205
2021-02-26,16.72,18.14,16.71,18.08,1946402.0,101263093.0,52621930.0,0.0369884190868712
2021-03-01,17.97,18.42,17.64,18.12,1244457.0,66375972.0,52621930.0,0.023649018574575277
2021-03-02,18.24,18.35,17.86,17.97,729879.0,38883006.0,52621930.0,0.013870243831801684
2021-03-03,17.83,18.32,17.7,17.95,815885.0,43322362.0,52621930.0,0.015504657468853765
2021-03-04,18.11,18.28,17.28,17.33,898854.0,46885501.0,52621930.0,0.01708135752527511
2021-03-05,17.36,17.48,16.99,17.15,650403.0,32841977.0,52621930.0,0.012359922944673448
2021-03-08,17.12,17.61,16.99,17.0,505837.0,25736696.0,52621930.0,0.009612665289927602
2021-03-09,17.32,17.32,16.09,16.23,703551.0,34366143.0,52621930.0,0.0133699201074533
2021-03-10,16.37,16.74,15.76,15.8,687123.0,32476407.0,52621930.0,0.013057730873801094
2021-03-11,16.04,16.61,15.89,16.5,634756.0,30533878.0,52621930.0,0.01206257543195394
2021-03-12,16.55,17.2,16.2,16.89,816134.0,40059034.0,52621930.0,0.015509389336347032
2021-03-15,16.92,17.0,16.21,16.35,463449.0,22563973.0,52621930.0,0.008807145614005415
2021-03-16,16.44,16.44,15.77,15.99,553178.0,26046443.0,52621930.0,0.010512309221649606
2021-03-17,15.96,16.61,15.77,16.44,419606.0,19997235.0,52621930.0,0.007973975868996064
2021-03-18,16.6,18.08,16.48,17.36,1706651.0,87754532.0,52621930.0,0.032432314816275266
2021-03-19,17.46,17.6,17.16,17.37,552570.0,28332580.0,52621930.0,0.010500755103433112
2021-03-22,17.32,17.77,17.22,17.57,472801.0,24404268.0,52621930.0,0.008984866195519624
2021-03-23,17.67,17.8,17.24,17.36,295021.0,15142916.0,52621930.0,0.0056064268262300525
2021-03-24,17.55,17.62,16.66,16.83,396539.0,19784099.0,52621930.0,0.007535622505673965
2021-03-25,16.91,17.45,16.65,17.28,462782.0,23294602.0,52621930.0,0.00879447029023831
2021-03-26,17.15,17.87,17.08,17.77,746342.0,38535507.0,52621930.0,0.014183098187390695
2021-03-29,17.73,17.87,17.34,17.36,345278.0,17858965.0,52621930.0,0.0065614849170298395
2021-03-30,17.53,17.59,17.27,17.46,267117.0,13682011.0,52621930.0,0.005076153611241549
2021-03-31,17.55,17.63,17.16,17.29,241663.0,12302722.0,52621930.0,0.004592438931829372
2021-04-01,17.43,17.45,17.18,17.26,235641.0,11987322.0,52621930.0,0.004477999951731151
2021-04-02,17.29,18.4,17.29,17.94,1288019.0,68396680.0,52621930.0,0.02447684834060628
2021-04-06,18.1,18.96,18.01,18.65,1132769.0,61681286.0,52621930.0,0.021526557463779836
2021-04-07,18.67,18.67,18.36,18.52,530151.0,28794510.0,52621930.0,0.010074715997683855
2021-04-08,18.42,18.82,18.31,18.41,411953.0,22457198.0,52621930.0,0.007828542206642744
2021-04-09,18.57,18.64,17.75,18.28,582537.0,30893237.0,52621930.0,0.011070232505725275
2021-04-12,18.19,18.19,17.39,17.55,565922.0,29495284.0,52621930.0,0.010754489620582142
2021-04-13,17.42,17.75,17.23,17.23,341676.0,17543433.0,52621930.0,0.006493034367990684
2021-04-14,17.4,17.49,17.16,17.26,248026.0,12597658.0,52621930.0,0.004713358099940462
2021-04-15,17.2,17.32,16.66,16.67,542070.0,26869034.0,52621930.0,0.01030121852239171
2021-04-16,16.72,16.98,16.66,16.87,359360.0,17828145.0,52621930.0,0.006829091977432223
2021-04-19,16.92,18.52,16.84,18.48,1450978.0,76854868.0,52621930.0,0.02757363707488494
2021-04-20,18.47,19.29,18.37,18.99,1623823.0,90743551.0,52621930.0,0.03085829425108505
2021-04-21,19.34,19.37,18.19,18.64,1690767.0,92695256.0,52621930.0,0.032130463477869395
2021-04-22,18.55,19.23,18.55,18.67,1003318.0,55782997.0,52621930.0,0.019066537468314066
2021-04-23,18.8,19.81,18.8,19.44,1445779.0,82539120.0,52621930.0,0.027474837962043582
2021-04-26,19.51,20.1,19.12,19.72,1288042.0,74434821.0,52621930.0,0.024477285420736183
2021-04-27,19.88,19.88,19.05,19.36,894704.0,50940810.0,52621930.0,0.017002493067053984
2021-04-28,19.34,19.67,19.17,19.41,642123.0,36652632.0,52621930.0,0.012202574097909369
2021-04-29,19.43,19.69,19.25,19.26,492009.0,27997917.0,52621930.0,0.00934988511443803
2021-04-30,19.2,19.5,19.04,19.27,633371.0,35883344.0,52621930.0,0.012036255606740385
2021-05-06,19.09,19.99,19.09,19.94,899391.0,52280355.0,52621930.0,0.017091562396134085
2021-05-07,19.75,19.95,18.76,18.86,1199641.0,67337273.0,52621930.0,0.022797358439722755
2021-05-10,18.96,19.83,18.96,19.51,782775.0,44894275.0,52621930.0,0.014875452116636543
2021-05-11,19.66,19.94,19.29,19.46,674807.0,38941310.0,52621930.0,0.012823683965981483
2021-05-12,19.46,19.51,18.59,19.37,816418.0,45755223.0,52621930.0,0.015514786325777104
2021-05-13,19.04,20.08,19.01,19.3,601567.0,34666494.0,52621930.0,0.01143186880450793
2021-05-14,19.46,20.47,19.28,20.47,1024143.0,60597537.0,52621930.0,0.019462285020712847
2021-05-17,20.46,20.61,20.23,20.31,458171.0,27526311.0,52621930.0,0.00870684522593527
2021-05-18,20.29,20.52,20.15,20.38,418695.0,25004087.0,52621930.0,0.007956663695155233
2021-05-19,20.42,20.51,20.05,20.07,415540.0,24698279.0,52621930.0,0.007896707703423269
2021-05-20,20.05,20.17,19.67,20.02,651883.0,38143936.0,52621930.0,0.01238804810085833
2021-05-21,19.88,20.21,18.81,18.88,1126893.0,63864705.0,52621930.0,0.021414892992332284
2021-05-24,18.88,19.47,18.8,18.89,615226.0,34492826.0,52621930.0,0.011691437391216931
2021-05-25,19.05,19.52,18.76,19.1,696196.0,39149313.0,52621930.0,0.013230149483304775
2021-05-26,19.25,19.35,18.74,18.98,566969.0,31714227.0,52621930.0,0.010774386268234555
2021-05-27,19.07,19.62,18.86,19.37,598768.0,34162734.0,52621930.0,0.011378678053047465
2021-05-28,19.35,20.19,19.27,20.02,947990.0,55593178.0,52621930.0,0.018015112710613238
2021-05-31,20.06,20.61,19.94,20.56,790607.0,47449733.0,52621930.0,0.015024287402609521
2021-06-01,20.43,20.72,20.22,20.56,725066.0,43606357.0,52621930.0,0.013778780063749087
2021-06-02,20.46,20.78,20.22,20.52,580107.0,34991738.0,52621930.0,0.011024054039827121
2021-06-03,20.46,21.58,20.39,20.47,1027293.0,63170409.0,52621930.0,0.019522145995025268
2021-06-04,20.22,21.26,20.22,21.13,893890.0,54974422.0,52621930.0,0.0169870242311523
2021-06-07,21.2,21.4,20.69,20.88,590426.0,36500010.0,52621930.0,0.011220150990281048
2021-06-08,21.07,21.07,20.3,20.35,465706.0,28171102.0,52621930.0,0.008850036477187363
2021-06-09,20.35,20.96,20.25,20.64,498717.0,30272721.0,52621930.0,0.009477360484497623
2021-06-10,20.54,21.22,20.39,21.17,745883.0,45973815.0,52621930.0,0.014174375588276599
2021-06-11,20.96,21.22,20.42,20.44,580977.0,35275651.0,52621930.0,0.011040587070827695
2021-06-15,20.46,20.61,20.0,20.02,528390.0,31396862.0,52621930.0,0.010041250862520626
2021-06-16,19.93,20.41,18.89,18.97,1020903.0,58455877.0,52621930.0,0.019400713732848643
2021-06-17,19.0,19.83,18.88,19.74,731067.0,42109911.0,52621930.0,0.013892819970685226
2021-06-18,19.93,21.43,19.93,20.86,1698147.0,104500794.0,52621930.0,0.03227070918911564
2021-06-21,20.81,21.2,20.75,20.93,801228.0,49487101.0,52621930.0,0.015226123405203877
2021-06-22,21.07,21.26,20.76,20.84,647158.0,39980347.0,52621930.0,0.0122982566393897
2021-06-23,20.76,21.34,20.41,21.14,776130.0,47816281.0,52621930.0,0.014749173966063199
2021-06-24,21.2,21.48,20.35,20.45,730697.0,44369510.0,52621930.0,0.013885788681639005
2021-06-25,20.45,20.73,19.83,20.21,603943.0,35621029.0,52621930.0,0.011477021082275014
2021-06-28,20.04,20.59,19.95,20.4,545167.0,32301630.0,52621930.0,0.01036007231205697
2021-06-29,20.29,20.49,19.76,19.8,498915.0,29094954.0,52621930.0,0.009481123174311547
2021-06-30,19.76,21.24,19.76,21.24,896965.0,54426976.0,52935530.0,0.01694447944509104
2021-07-01,21.41,21.48,21.0,21.01,723698.0,44780473.0,52935530.0,0.013671309232192442
2021-07-02,20.73,22.22,20.73,21.9,1382203.0,87699451.0,52935530.0,0.026111063778902373
2021-07-05,21.64,22.74,21.55,22.44,1347091.0,87748822.0,52935530.0,0.025447766367881836
2021-07-06,22.3,23.12,21.72,21.96,1369567.0,89440431.0,52935530.0,0.025872358319639
2021-07-07,22.27,23.09,21.47,22.9,1279524.0,83763552.0,52935530.0,0.02417136467699483
2021-07-08,22.89,22.91,22.37,22.58,715085.0,47214749.0,52935530.0,0.013508601878549246
2021-07-09,22.35,23.29,22.24,22.88,779210.0,51637272.0,52935530.0,0.014719981078870846
2021-07-12,22.98,23.6,22.62,22.78,942083.0,63420901.0,52935530.0,0.017796799238621017
2021-07-13,22.73,22.8,22.2,22.62,767565.0,50292523.0,52935530.0,0.014499996505182813
2021-07-14,22.81,22.81,21.87,22.17,605027.0,39284016.0,52935530.0,0.011429506798175063
2021-07-15,22.09,22.32,21.38,22.01,529118.0,33747394.0,52935530.0,0.009995517188549921
2021-07-16,22.01,22.37,21.76,21.89,438646.0,28205841.0,52935530.0,0.008286419348214705
2021-07-19,21.89,21.97,21.27,21.76,531362.0,33462094.0,52935530.0,0.010037908376472286
2021-07-20,21.44,22.47,21.16,22.37,824817.0,52366521.0,52935530.0,0.015581538524314388
2021-07-21,22.37,22.89,22.0,22.8,666645.0,43868995.0,52935530.0,0.012593526502898904
2021-07-22,22.67,25.8,22.67,25.5,1864472.0,133818528.0,52935530.0,0.035221561019602526
2021-07-23,25.49,25.69,23.99,24.08,1190611.0,85347144.0,52935530.0,0.022491717755541506
2021-07-26,24.08,24.3,22.54,23.11,1216098.0,82480054.0,52935530.0,0.02297319021836562
2021-07-27,23.35,25.55,23.35,23.64,1534536.0,109279668.0,52935530.0,0.028988771813562648
2021-07-28,23.84,24.06,21.88,22.81,1109125.0,75214934.0,52935530.0,0.020952373575932836
2021-07-29,23.17,24.97,23.12,24.49,1100050.0,77763493.0,52935530.0,0.020780938624776212
2021-07-30,24.66,24.9,23.6,24.06,962934.0,67811520.0,52935530.0,0.018190693471851514
2021-08-02,24.13,24.83,23.54,24.43,862861.0,60836783.0,52935530.0,0.01630022406500889
2021-08-03,24.62,26.2,23.83,23.95,1637853.0,119152881.0,52935530.0,0.03094052331203636
2021-08-04,24.18,25.77,23.82,25.65,1380003.0,101218564.0,52935530.0,0.026069503790743194
2021-08-05,25.81,25.97,24.8,25.13,1088050.0,80386242.0,52935530.0,0.020554247780271588
2021-08-06,25.19,25.61,24.54,25.01,781953.0,56865605.0,52935530.0,0.01477179882774386
2021-08-09,25.01,25.01,23.3,24.13,1543448.0,107522002.0,52935530.0,0.02915712754741475
2021-08-10,24.21,24.77,23.92,24.32,760125.0,53997822.0,52935530.0,0.014359448181589945
2021-08-11,24.21,24.49,23.67,23.92,681272.0,47490053.0,52935530.0,0.012869843751446335
2021-08-12,24.2,26.11,23.81,25.32,1382312.0,101780484.0,52935530.0,0.026113122887406623
2021-08-13,25.2,25.54,24.4,24.85,851755.0,61650023.0,52935530.0,0.016090421688419856
2021-08-16,26.21,27.91,23.65,24.06,2722413.0,200722405.0,52935530.0,0.05142884183836452
2021-08-17,23.98,24.51,22.79,22.79,1633137.0,112076090.0,52935530.0,0.03085143381014604
2021-08-18,22.76,23.27,22.47,22.64,820546.0,54689058.0,52935530.0,0.01550085547457445
2021-08-19,22.67,23.76,22.5,23.26,889622.0,60162291.0,52935530.0,0.016805763539157914
2021-08-20,23.13,23.9,22.96,23.74,865717.0,59475483.0,52935530.0,0.01635417648600099
2021-08-23,23.83,25.28,23.59,25.08,1123157.0,80449602.0,52935530.0,0.021217450736773582
2021-08-24,25.22,25.52,24.53,25.42,1028003.0,75504749.0,52935530.0,0.019419905685274144
2021-08-25,25.42,26.84,25.42,26.68,1422721.0,108845218.0,52935530.0,0.026876485415372246
2021-08-26,26.77,26.9,25.61,25.73,1269683.0,96579826.0,52935530.0,0.023985459293597324
2021-08-27,25.6,26.73,25.05,26.42,1067513.0,81510062.0,52935530.0,0.02016628529080563
2021-08-30,26.48,26.85,25.71,26.08,1305158.0,99510287.0,52935530.0,0.024655614102664127
2021-08-31,25.86,27.21,25.74,26.97,1242956.0,97352475.0,52935530.0,0.023480562110174394
2021-09-01,26.72,26.97,25.22,26.03,1213797.0,91918793.0,52935530.0,0.02292972224893186
2021-09-02,25.75,26.29,25.01,25.17,939153.0,69573549.0,52935530.0,0.01774144889075447
2021-09-03,24.88,25.44,23.84,23.96,1218036.0,86709386.0,52935530.0,0.02300980078975312
2021-09-06,23.96,24.84,23.74,24.37,875684.0,62108354.0,52935530.0,0.01654246212326579
2021-09-07,24.63,26.64,24.4,25.86,1574087.0,118266709.0,52935530.0,0.02973592594614619
2021-09-08,26.48,26.48,25.03,25.11,1017549.0,75292318.0,52935530.0,0.019222420177903196
2021-09-09,25.11,25.3,24.19,24.68,812704.0,58523533.0,52935530.0,0.015352713007690675
2021-09-10,24.5,26.47,24.49,26.11,1299232.0,97005045.0,52935530.0,0.024543666607286258
2021-09-13,26.11,26.31,24.16,24.46,1440937.0,104441355.0,52935530.0,0.02722060211733027
2021-09-14,24.15,25.27,24.15,24.46,792162.0,57022892.0,52935530.0,0.014964656063706172
2021-09-15,24.19,24.83,23.99,24.58,528493.0,37742596.0,52935530.0,0.009983710373731972
2021-09-16,24.76,24.76,23.85,24.16,678628.0,47865154.0,52935530.0,0.012819896202040482
2021-09-17,24.33,24.49,22.84,23.77,908265.0,62248753.0,52935530.0,0.017157946656999563
2021-09-22,23.64,23.64,22.81,23.23,367000.0,24815847.0,52935530.0,0.0069329616610998325
2021-09-23,23.44,23.94,22.99,23.77,518941.0,35633344.0,52935530.0,0.009803264461506289
2021-09-24,23.53,23.61,22.71,22.75,566375.0,38016716.0,52935530.0,0.01069933558802566
2021-09-27,22.61,22.94,21.6,22.27,760627.0,49273285.0,52935530.0,0.014368931415251722
2021-09-28,21.96,22.47,21.94,22.21,321935.0,20892192.0,52935530.0,0.0060816430854664155
2021-09-29,21.79,21.95,20.83,20.92,542820.0,33634402.0,52935530.0,0.010254360351166787
2021-09-30,20.92,21.3,20.74,20.9,443721.0,27201393.0,52935530.0,0.008382290684536454
2021-10-08,21.07,21.56,20.85,21.16,546429.0,33766199.0,52935530.0,0.010322537622651553
2021-10-11,21.27,22.09,20.9,21.51,640170.0,40355636.0,52935530.0,0.01209338982721057
2021-10-12,21.32,21.69,20.59,20.76,663884.0,40813157.0,52935530.0,0.01254136871775913
2021-10-13,20.89,21.0,19.91,20.73,384290.0,23062835.0,52935530.0,0.007259585386223582
2021-10-14,20.79,21.53,20.42,21.44,335214.0,20785733.0,52935530.0,0.006332495395814494
2021-10-15,21.55,22.43,21.25,22.16,591221.0,37988641.0,52935530.0,0.01116869898157249
2021-10-18,22.32,22.32,21.41,21.83,436236.0,27594652.0,52935530.0,0.008240892270276693
2021-10-19,21.77,22.08,21.54,22.06,360842.0,22917366.0,52935530.0,0.006816631476061541
2021-10-20,22.0,23.22,21.92,22.71,772766.0,51097836.0,52935530.0,0.014598248095371861
2021-10-21,22.81,22.84,21.76,22.0,554777.0,35920310.0,52935530.0,0.01048023888681194
2021-10-22,21.92,22.67,21.64,22.24,362088.0,23530146.0,52935530.0,0.006840169542082605
2021-10-25,22.62,22.62,21.64,22.37,534751.0,34429782.0,52935530.0,0.010101929649141134
2021-10-26,22.14,23.62,22.14,23.61,835762.0,56627187.0,52935530.0,0.015788299465406316
2021-10-27,24.66,25.68,23.72,23.74,3001863.0,216574170.0,52935530.0,0.056707904879766007
2021-10-28,24.29,24.99,23.4,23.54,1369528.0,96312975.0,52935530.0,0.025871621574394363
2021-10-29,23.3,24.93,23.3,24.76,1029581.0,73465911.0,52935530.0,0.019449715531326503
2021-11-01,24.84,27.16,24.73,26.67,2152728.0,164640051.0,52935530.0,0.040666977359062995
2021-11-02,26.91,27.15,25.82,26.36,1285876.0,99020139.0,52935530.0,0.024291359697352608
2021-11-03,26.27,26.68,25.76,26.53,898322.0,68842641.0,52935530.0,0.01697011440142377
2021-11-04,26.53,27.38,26.45,27.13,1088231.0,85718901.0,52935530.0,0.020557667033842864
2021-11-05,27.23,27.23,26.04,26.63,1053758.0,81763007.0,52935530.0,0.0199064409102922
2021-11-08,26.62,26.62,25.17,25.38,826824.0,61886941.0,52935530.0,0.015619452568057787
2021-11-09,25.92,27.38,25.53,27.13,1097057.0,85213874.0,52935530.0,0.02072439814997602
2021-11-10,26.97,28.05,26.66,27.85,1511242.0,121491798.0,52935530.0,0.028548727102571753
2021-11-11,27.56,30.42,27.56,29.46,2087677.0,178623644.0,52935530.0,0.03943810518190712
2021-11-12,29.69,30.98,28.79,30.6,1619974.0,142276300.0,52935530.0,0.030602772844628173
2021-11-15,31.17,32.13,29.72,30.7,1121478.0,100216861.0,54010200.00000001,0.020764188986524764
2021-11-16,30.28,30.96,29.81,30.31,1016534.0,90327689.0,54010200.00000001,0.01882114859785744
2021-11-17,30.0,31.9,29.81,31.72,1322945.0,119451479.0,54010200.00000001,0.024494354770024918
2021-11-18,31.6,32.13,29.81,30.15,1544199.0,137897681.0,54010200.00000001,0.028590877278736236
2021-11-19,30.35,31.75,30.0,31.52,1057063.0,96468898.0,54010200.00000001,0.019571543893560844
2021-11-22,31.36,32.81,31.35,32.5,1229520.0,115900892.0,54010200.00000001,0.02276458891098348
2021-11-23,32.5,33.33,31.53,32.79,935722.0,88550449.0,54010200.00000001,0.017324912701674865
2021-11-24,33.09,33.26,31.21,31.48,1304032.0,121474362.0,54010200.00000001,0.024144180173374656
2021-11-25,31.52,32.18,31.1,31.15,668030.0,61639138.0,54010200.00000001,0.012368589636772311
2021-11-26,31.14,33.06,30.87,32.54,1060362.0,99312939.0,54010200.00000001,0.01963262494862081
2021-11-29,32.21,32.54,31.25,31.94,1331774.0,123666322.0,54010200.00000001,0.024657823892524
2021-11-30,32.2,32.2,30.53,31.17,1121809.0,101988230.0,54010200.00000001,0.02077031745855412
2021-12-01,31.17,32.48,29.84,30.26,1755654.0,156156161.0,54010200.00000001,0.03250597109434884
2021-12-02,30.26,31.38,30.18,30.87,1308632.0,117968183.0,54010200.00000001,0.02422934927106361
2021-12-03,31.2,33.74,30.02,32.59,1566256.0,145847810.0,54010200.00000001,0.028999263102154775
2021-12-06,32.47,33.43,32.13,32.48,1324290.0,127456275.0,54010200.00000001,0.02451925747358832
2021-12-07,32.77,33.92,31.7,32.1,1480014.0,141935566.0,54010200.00000001,0.027402490640656762
2021-12-08,32.09,36.91,31.9,36.72,2807580.0,289205491.0,54010200.00000001,0.0519824033238166
2021-12-09,36.11,36.65,34.09,34.74,1989406.0,203396651.0,54010200.00000001,0.0368338943384768
2021-12-10,34.42,35.24,33.71,34.68,1370266.0,137844406.0,54010200.00000001,0.025370504089968188
2021-12-13,34.68,34.83,33.43,34.11,1199563.0,119751313.0,54010200.00000001,0.022209934419794776
2021-12-14,34.11,36.29,33.6,35.75,1217830.0,125701711.0,54010200.00000001,0.022548148312726113
2021-12-15,35.36,36.31,34.26,34.59,662350.0,67827385.0,54010200.00000001,0.012263424316147688
2021-12-16,34.67,34.93,33.43,33.67,642139.0,63765391.0,54010200.00000001,0.011889217221932152
2021-12-17,33.54,34.2,32.2,33.6,1150413.0,111553591.0,54010200.00000001,0.02129992112600953
2021-12-20,33.6,33.9,32.55,33.23,677066.0,65647540.0,54010200.00000001,0.012535891368667397
2021-12-21,33.56,37.6,32.33,35.73,1928284.0,197483098.0,54010200.00000001,0.03570221921044543
2021-12-22,36.04,39.12,35.14,38.37,1989309.0,218391088.0,54010200.00000001,0.036832098381416836
2021-12-23,38.64,38.7,37.37,38.35,947232.0,105681588.0,54010200.00000001,0.01753802059610962
2021-12-24,39.04,39.04,36.61,37.44,837147.0,91238386.0,54010200.00000001,0.01549979448326427
2021-12-27,37.46,37.46,34.95,36.48,1447942.0,152725571.0,54010200.00000001,0.02680867687955238
2021-12-28,36.69,38.02,35.98,37.5,722601.0,77950474.0,54010200.00000001,0.013378972860681869
2021-12-29,36.88,37.51,35.63,36.18,724200.0,76676692.0,54010200.00000001,0.013408578379639399
2021-12-30,36.92,38.37,35.64,37.7,959066.0,104069791.0,54010200.00000001,0.017757127357425077
2021-12-31,38.26,38.71,36.66,37.98,881354.0,96871343.0,53293400.0,0.01653777015540386
2022-01-04,37.98,39.73,37.22,37.98,940244.0,105468270.0,53293400.0,0.017642785035295178
2022-01-05,37.97,38.49,35.46,36.14,1007344.0,107695038.0,53293400.0,0.018901852762255738
2022-01-06,36.12,38.44,35.2,37.51,932095.0,100486445.0,53293400.0,0.017489876795250443
2022-01-07,37.49,37.89,35.64,37.01,960770.0,103498021.0,53293400.0,0.018027935917017866
2022-01-10,36.86,38.54,35.19,37.24,956817.0,103383723.0,53293400.0,0.017953761629019727
2022-01-11,38.02,38.02,35.68,36.9,816315.0,87661260.0,53293400.0,0.015317375134632055
2022-01-12,36.9,39.57,36.9,37.22,798640.0,88812673.0,53293400.0,0.014985720558268004
2022-01-13,36.48,37.3,35.15,35.42,749284.0,78997540.0,53293400.0,0.01405960212709266
2022-01-14,34.86,37.66,34.71,35.1,956433.0,99550499.0,53293400.0,0.017946556233980192
2022-01-17,34.29,35.97,33.61,35.1,528609.0,54188275.0,53293400.0,0.00991884548555731
2022-01-18,35.27,36.99,34.81,36.65,859074.0,90921145.0,53293400.0,0.01611970713071412
2022-01-19,36.8,36.8,34.05,34.6,871189.0,88891937.0,53293400.0,0.016347033591401564
2022-01-20,34.26,36.14,33.44,34.73,1036769.0,105099098.0,53293400.0,0.019453984921209755
2022-01-21,34.6,35.79,33.57,35.16,754727.0,76806090.0,53293400.0,0.014161734848968165
2022-01-24,34.9,36.84,34.26,36.24,673615.0,70184559.0,53293400.0,0.012639745259262872
2022-01-25,36.65,36.65,32.73,33.49,1980750.0,195315481.0,53293400.0,0.037166891209793336
2022-01-26,32.72,34.41,32.26,33.43,900804.0,87877066.0,53293400.0,0.016902730919776184
2022-01-27,32.92,34.75,32.89,33.07,1058772.0,104436051.0,53293400.0,0.019866850304165243
2022-01-28,33.05,34.73,31.34,34.25,2151838.0,208078429.0,53293400.0,0.04037719492469987
2022-02-07,34.48,34.94,32.26,33.13,768067.0,74349679.0,53293400.0,0.014412047270393706
2022-02-08,33.26,33.41,31.68,32.47,601640.0,56777595.0,53293400.0,0.011289202790589453
2022-02-09,32.24,32.5,31.17,31.86,902865.0,83964626.0,53293400.0,0.01694140362596494
2022-02-10,32.12,32.19,30.35,30.69,1139418.0,102837703.0,53293400.0,0.021380095846765264
2022-02-11,30.88,30.88,29.36,29.52,1517602.0,131705268.0,53293400.0,0.02847635917393148
2022-02-14,29.3,30.78,29.17,30.15,1015236.0,89665324.0,53293400.0,0.019049938641557865
2022-02-15,29.34,31.51,29.34,31.04,791487.0,71784031.0,53293400.0,0.014851501311607066
2022-02-16,31.48,31.89,30.73,31.2,652271.0,59913141.0,53293400.0,0.012239245384982006
2022-02-17,31.2,32.61,31.05,32.37,669444.0,62753830.0,53293400.0,0.012561480408455832
2022-02-18,32.17,33.47,31.74,33.26,724070.0,69780813.0,53293400.0,0.013586485380928971
2022-02-21,33.61,34.05,32.99,33.81,507103.0,49879891.0,53293400.0,0.00951530583524414
2022-02-22,33.81,33.81,32.66,33.32,404760.0,38984502.0,53293400.0,0.007594936708860759
2022-02-23,32.96,36.04,32.96,35.42,752921.0,77333949.0,53293400.0,0.014127846975422848
2022-02-24,35.35,35.89,34.26,34.42,586559.0,59809998.0,53293400.0,0.011006222158841433
2022-02-25,35.56,36.65,34.79,35.98,869572.0,90815706.0,53293400.0,0.016316692123227266
2022-02-28,35.66,36.73,34.8,35.5,605211.0,62856469.0,53293400.0,0.011356209211647221
2022-03-01,35.66,35.77,34.47,34.8,514996.0,52649149.0,53293400.0,0.00966341047859585
2022-03-02,35.22,35.22,33.93,34.26,470293.0,47157577.0,53293400.0,0.008824601170126132
2022-03-03,34.62,34.62,32.65,32.78,797177.0,77055223.0,53293400.0,0.014958268753729355
2022-03-04,32.68,32.86,31.52,32.54,1052749.0,98761438.0,53293400.0,0.019753834433532107
2022-03-07,32.2,32.54,30.65,31.4,1207250.0,110544820.0,53293400.0,0.02265289885801994
2022-03-08,31.87,31.87,30.21,30.48,968400.0,87842450.0,53293400.0,0.018171105615329478
2022-03-09,30.32,32.08,30.32,31.57,1217901.0,111708925.0,53293400.0,0.02285275475011915
2022-03-10,32.58,33.04,31.79,31.86,837019.0,79106745.0,53293400.0,0.015705866017180364
2022-03-11,31.61,32.52,30.99,31.94,685224.0,63633883.0,53293400.0,0.012857577110861758
2022-03-14,32.16,32.76,30.25,30.25,550122.0,50037670.0,53293400.0,0.010322516484217559
2022-03-15,30.29,31.17,29.23,29.23,892891.0,78747406.0,53293400.0,0.01675425099543283
2022-03-16,29.72,31.12,27.68,30.71,1104104.0,93806280.0,53293400.0,0.020717462199822116
2022-03-17,30.76,32.58,30.69,32.16,778346.0,71904999.0,53293400.0,0.014604922936048367
2022-03-18,31.89,32.39,30.67,31.13,525596.0,48033859.0,53293400.0,0.00986230940416637
2022-03-21,31.13,31.14,30.19,31.13,377892.0,33837800.0,53293400.0,0.007090784224688235
2022-03-22,31.11,31.11,29.84,30.04,501297.0,44184598.0,53293400.0,0.009406361763370324
2022-03-23,30.38,30.38,29.46,30.02,272307.0,23680864.0,53293400.0,0.005109582049559608
2022-03-24,29.78,30.02,28.63,29.11,497148.0,42408578.0,53293400.0,0.009328509721654088
2022-03-25,29.22,30.24,28.94,29.22,444712.0,38365996.0,53293400.0,0.008344598017765803
2022-03-28,28.78,29.21,27.87,28.3,498381.0,41210867.0,53293400.0,0.009351645794788848
2022-03-29,28.6,28.78,27.33,27.84,625531.0,50734648.0,53293400.0,0.011737494699155993
2022-03-30,28.3,29.42,28.11,29.06,508420.0,43082486.0,53293400.0,0.009540018088543796
2022-03-31,28.78,29.8,28.15,28.71,639973.0,53789839.0,53293400.0,0.012008485103221037
2022-04-01,28.3,28.53,27.61,28.46,594215.0,48666270.0,53293400.0,0.011149879722442179
2022-04-06,27.6,28.86,27.27,27.6,852064.0,69143263.0,53293400.0,0.01598817114314343
2022-04-07,27.48,27.71,26.05,26.62,1010039.0,78825245.0,53293400.0,0.018952421875879564
2022-04-08,26.04,26.64,25.39,26.18,1464074.0,111083974.0,53293400.0,0.027471957127899516
2022-04-11,26.2,26.42,24.83,25.02,639823.0,46964249.0,53293400.0,0.012005670495783717
2022-04-12,25.23,25.66,24.71,25.07,719782.0,52734843.0,53293400.0,0.01350602513632082
2022-04-13,25.31,25.31,24.15,24.39,773573.0,55497901.0,53293400.0,0.014515362127392885
2022-04-14,24.8,25.42,24.47,24.87,562211.0,41016867.0,53293400.0,0.010549355079615862
2022-04-15,24.11,25.27,23.3,24.32,1211043.0,85139550.0,53293400.0,0.022724070898084942
2022-04-18,23.98,25.33,23.42,24.76,651236.0,47143085.0,53293400.0,0.012219824593664507
2022-04-19,24.92,25.4,23.82,23.84,441485.0,31563765.0,53293400.0,0.008284046429764286
2022-04-20,24.14,24.32,23.14,23.49,378691.0,26046502.0,53293400.0,0.007105776700304353
2022-04-21,23.13,23.91,22.18,22.27,446694.0,29751476.0,53293400.0,0.008381788364037574
2022-04-22,21.92,22.43,21.24,21.4,923814.0,58764521.0,53293400.0,0.01733449170066087
2022-04-25,21.09,21.11,19.53,19.66,1344937.0,80260719.0,53293400.0,0.025236464552833935
2022-04-26,19.66,20.01,18.21,18.36,1242521.0,68507039.0,53293400.0,0.02331472565083106
2022-04-27,18.5,20.51,17.7,20.26,1802965.0,101535978.0,53293400.0,0.03383092465483531
2022-04-28,20.58,20.58,19.55,19.78,955158.0,55384276.0,53293400.0,0.017922632070762983
2022-04-29,20.04,21.54,19.7,21.14,959236.0,58108441.0,53293400.0,0.017999151864958887
2022-05-05,21.44,22.44,20.56,22.27,835361.0,53696963.0,53293400.0,0.0156747552229732
2022-05-06,21.71,22.11,21.15,21.16,610311.0,38345430.0,53293400.0,0.011451905864516056
2022-05-09,21.1,22.05,20.63,21.3,791641.0,49057194.0,53293400.0,0.014854390975242713
2022-05-10,20.59,22.47,20.55,22.25,771691.0,49374746.0,53293400.0,0.014480048186079326
2022-05-11,22.12,24.2,22.1,23.2,1063582.0,73255266.0,53293400.0,0.019957105382655264
2022-05-12,22.84,23.39,22.33,22.97,655828.0,43667516.0,53293400.0,0.012305989109345623
2022-05-13,23.2,23.29,22.12,22.79,806402.0,53257707.0,53293400.0,0.015131367111124455
2022-05-16,23.11,23.48,22.46,22.66,537398.0,35969119.0,53293400.0,0.010083762717334604
2022-05-17,22.66,23.06,21.96,22.72,511500.0,33440011.0,53293400.0,0.009597811361256741
2022-05-18,22.93,24.15,22.93,23.51,843076.0,57789710.0,53293400.0,0.01581951986549929
2022-05-19,22.99,24.08,22.99,23.75,642860.0,44426962.0,53293400.0,0.01206265691436463
2022-05-20,23.99,24.33,23.54,24.2,452789.0,31419225.0,53293400.0,0.008496155246240623
2022-05-23,24.16,25.29,23.36,24.74,775609.0,54070762.0,53293400.0,0.01455356573234209
2022-05-24,24.61,25.18,23.04,23.18,790418.0,55116620.0,53293400.0,0.014831442542603775
2022-05-25,23.36,24.73,23.36,23.56,533194.0,36801174.0,53293400.0,0.010004878652891352
2022-05-26,23.3,23.91,22.65,23.85,564952.0,38173784.0,53293400.0,0.010600787339520466
2022-05-27,24.02,24.88,23.6,24.07,350406.0,24667841.0,53293400.0,0.006575035557873958
2022-05-30,23.81,24.54,23.42,24.2,361402.0,25079221.0,53293400.0,0.0067813650470790006
2022-05-31,23.67,26.29,23.67,26.2,801685.0,58872053.0,53293400.0,0.015042857089245572
2022-06-01,26.13,27.26,25.93,26.82,610712.0,47151667.0,53293400.0,0.011459430248398489
2022-06-02,26.82,28.06,26.27,27.54,561115.0,43904652.0,53293400.0,0.010528789681273854
2022-06-06,27.55,29.16,27.55,28.64,813423.0,67435991.0,53293400.0,0.015263109503240552
2022-06-07,28.52,29.02,26.97,27.25,605305.0,48452877.0,53293400.0,0.011357973032307941
2022-06-08,27.25,28.41,26.96,27.67,462352.0,37085683.0,53293400.0,0.008675595852394481
2022-06-09,27.32,27.99,26.35,26.78,382834.0,29618836.0,53293400.0,0.007183516157723095
2022-06-10,27.11,27.11,25.92,26.68,812993.0,62163427.0,53293400.0,0.015255040961920237
2022-06-13,26.33,27.45,26.32,27.24,524322.0,40908238.0,53293400.0,0.009838404004998743
2022-06-14,27.24,27.24,26.2,26.47,308677.0,23750338.0,53293400.0,0.00579203053286148
2022-06-15,26.47,26.96,25.69,25.76,683560.0,51518797.0,53293400.0,0.012826353732357102
2022-06-16,25.59,26.53,25.51,26.04,816488.0,61415529.0,53293400.0,0.015320621315209764
2022-06-17,25.76,27.54,25.76,27.3,756900.0,58686637.0,53293400.0,0.014202509128710121
2022-06-20,27.86,28.82,26.56,26.75,1079024.0,85041248.0,53293400.0,0.020246859836302433
2022-06-21,26.61,26.69,25.0,25.51,1097192.0,81510342.0,53293400.0,0.02058776508911047
2022-06-22,25.26,26.06,24.74,24.78,881563.0,64103788.0,53293400.0,0.016541691841766522
2022-06-23,24.74,25.3,24.21,25.23,1218167.0,87251559.0,53293400.0,0.022857745987307998
2022-06-24,25.57,27.74,25.57,27.13,2614293.0,205149072.0,53293400.0,0.04905472347420131
2022-06-27,27.75,29.03,27.03,27.74,1182055.0,94810906.0,53293400.0,0.022180138628798314
2022-06-28,28.17,30.18,28.17,28.42,1372269.0,114448729.0,53293400.0,0.025749323556012563
2022-06-29,28.17,28.39,26.88,26.88,1369638.0,108448107.0,53293400.0,0.025699955341561994
2022-06-30,26.7,27.26,26.27,26.84,863224.0,66748200.0,53293400.0,0.01619757793647994
2022-07-01,27.11,27.11,25.75,25.91,898471.0,67778132.0,53293400.0,0.016858954392101087
2022-07-04,25.89,25.89,25.06,25.33,1216836.0,89003307.0,53293400.0,0.022832771037314188
2022-07-05,25.11,25.68,23.95,24.33,1261117.0,89217770.0,53293400.0,0.02366366191686025
2022-07-06,24.33,25.45,24.19,24.74,862783.0,62124803.0,53293400.0,0.016189302990614222
2022-07-07,24.64,25.05,23.85,24.11,897470.0,62871813.0,53293400.0,0.016840171578469378
2022-07-08,24.23,24.67,24.12,24.26,578748.0,40796743.0,53293400.0,0.010859656167555458
2022-07-11,24.5,24.5,23.33,23.42,549118.0,37456735.0,53293400.0,0.010303677378437105
2022-07-12,23.22,23.56,22.17,22.46,746475.0,49273657.0,53293400.0,0.014006893911816472
2022-07-13,22.52,22.81,22.19,22.46,379920.0,24678165.0,53293400.0,0.007128837717240784
2022-07-14,22.49,23.42,22.23,23.04,474105.0,31521967.0,53293400.0,0.008896129727133191
2022-07-15,23.12,24.08,23.08,23.52,782534.0,53786297.0,53293400.0,0.014683506775698305
2022-07-18,23.52,24.43,23.41,24.23,751998.0,52213479.0,53293400.0,0.014110527757658546
2022-07-19,24.23,25.14,24.19,24.47,786641.0,56238055.0,53293400.0,0.01476057072733209
2022-07-20,24.85,24.97,24.15,24.46,525008.0,37201200.0,53293400.0,0.00985127614301208
2022-07-21,24.46,26.08,24.37,25.68,1453665.0,107097808.0,53293400.0,0.02727664213579918
2022-07-22,25.71,26.16,25.01,25.42,802729.0,59273393.0,53293400.0,0.015062446757009311
2022-07-25,25.37,25.92,24.9,25.42,631411.0,46159203.0,53293400.0,0.011847827310698885
2022-07-26,25.24,26.19,24.81,26.16,836320.0,62283318.0,53293400.0,0.01569274994652246
2022-07-27,26.16,26.64,25.75,26.37,631598.0,48188677.0,53293400.0,0.011851336187970744
2022-07-28,26.77,27.29,26.19,27.25,782218.0,60785772.0,53293400.0,0.014677577336030354
2022-07-29,27.4,27.67,26.86,27.38,739227.0,58525782.0,53293400.0,0.013870892080445233
2022-08-01,27.26,28.99,26.66,28.87,977960.0,79638235.0,53293400.0,0.01835048992933459
2022-08-02,28.68,29.4,27.99,28.76,1310207.0,108531227.0,53293400.0,0.024584789110846748
2022-08-03,28.51,29.7,27.86,28.03,1468230.0,122197949.0,53293400.0,0.027549940517962824
2022-08-04,28.3,28.71,27.91,28.55,706324.0,57786525.0,53293400.0,0.013253498557044587
2022-08-05,28.65,29.93,28.34,29.34,1115835.0,94529102.0,53293400.0,0.02093758326547002
2022-08-08,30.33,30.46,28.95,30.14,978137.0,84032523.0,53293400.0,0.018353811166110626
2022-08-09,29.74,30.14,28.73,29.26,734870.0,62147952.0,53293400.0,0.013789137116415917
2022-08-10,30.57,35.11,30.41,33.7,4698844.0,468192017.0,53293400.0,0.08816934179466876
2022-08-11,33.84,34.7,33.23,34.21,3908303.0,386170941.0,53293400.0,0.07333559127396638
2022-08-12,34.72,34.91,32.66,33.2,2087381.0,202298896.0,53293400.0,0.03916772058078486
2022-08-15,33.18,34.56,32.99,33.94,1886058.0,185022730.0,53293400.0,0.03539008582676279
2022-08-16,33.94,34.52,33.36,34.17,836343.0,82572365.0,53293400.0,0.015693181519662848
2022-08-17,34.51,34.83,32.77,32.9,930699.0,90018872.0,53293400.0,0.0174636821820338
2022-08-18,32.5,33.5,32.5,33.35,745542.0,71498072.0,53293400.0,0.013989387053556351
2022-08-19,33.06,33.32,31.14,31.33,1227259.0,113944206.0,53293400.0,0.023028348726108674
2022-08-22,31.19,31.95,31.0,31.62,839895.0,76751220.0,53293400.0,0.015759831423778556
2022-08-23,32.03,32.8,31.34,31.53,821861.0,75793560.0,53293400.0,0.015421440553614519
2022-08-24,31.99,32.0,29.37,29.67,1479704.0,128589551.0,53293400.0,0.027765239222868124
2022-08-25,30.13,30.28,28.18,28.96,841399.0,70236128.0,53293400.0,0.01578805255435007
2022-08-26,28.96,29.64,28.53,28.65,604238.0,50693974.0,53293400.0,0.011337951791403813
2022-08-29,28.19,29.11,27.56,27.91,1240694.0,101284491.0,53293400.0,0.023280443732244516
2022-08-30,28.07,28.07,26.62,26.96,1501079.0,117789204.0,53293400.0,0.028166320782686036
2022-08-31,27.13,27.13,25.95,26.4,1442677.0,110175934.0,53293400.0,0.027070462758990794
2022-09-01,26.38,26.77,25.92,26.34,782536.0,59672164.0,53293400.0,0.014683544303797468
2022-09-02,26.02,27.93,26.02,27.35,951735.0,75087325.0,53293400.0,0.01785840272904337
2022-09-05,27.44,29.46,27.3,28.17,1287857.0,106168587.0,53293400.0,0.024165412602686263
2022-09-06,28.91,29.24,28.03,29.14,711253.0,59317762.0,53293400.0,0.01334598655743488
2022-09-07,28.95,31.36,28.78,30.77,1001873.0,88690883.0,53293400.0,0.018799194646991934
2022-09-08,30.61,31.17,29.96,30.17,945364.0,83448198.0,53293400.0,0.017738856969155656
2022-09-09,30.07,30.18,28.96,30.04,892826.0,76449614.0,53293400.0,0.016753031332209994
2022-09-13,29.69,31.55,29.69,30.64,809674.0,72034074.0,53293400.0,0.015192763081357166
2022-09-14,30.52,30.52,29.56,29.72,575375.0,49684001.0,53293400.0,0.010796365028314952
2022-09-15,29.95,29.95,28.28,29.02,1456380.0,121678931.0,53293400.0,0.027327586530414647
2022-09-16,28.5,29.67,28.48,29.0,709018.0,59847865.0,53293400.0,0.013304048906618831
2022-09-19,29.34,29.56,27.58,27.75,676589.0,55125283.0,53293400.0,0.012695549542720112
2022-09-20,28.39,28.86,27.61,28.23,750439.0,61460489.0,53293400.0,0.014081274604360015
2022-09-21,28.17,28.23,27.37,27.45,564330.0,45233742.0,53293400.0,0.010589116100680385
2022-09-22,27.37,28.31,27.14,27.87,531122.0,42597298.0,53293400.0,0.00996599954215719
2022-09-23,27.99,27.99,26.09,26.27,1137133.0,87327330.0,53293400.0,0.02133721999347011
2022-09-26,26.34,26.85,25.89,26.27,584344.0,44624135.0,53293400.0,0.010964659789017027
2022-09-27,25.96,27.13,25.96,26.99,455342.0,35219853.0,53293400.0,0.008544059864823787
2022-09-28,26.96,27.22,25.52,25.75,750345.0,56420069.0,53293400.0,0.014079510783699295
2022-09-29,26.0,26.33,25.33,25.64,418820.0,31284093.0,53293400.0,0.007858759245985432
2022-09-30,25.26,25.37,24.19,24.19,656308.0,46800295.0,53293400.0,0.012314995853145043
2022-10-10,24.16,24.33,22.59,22.88,1002595.0,67310882.0,53293400.0,0.01881274229079023
2022-10-11,23.04,23.04,22.19,22.65,1155485.0,75460453.0,53293400.0,0.02168157783140126
2022-10-12,23.03,23.5,21.93,23.36,875593.0,57425461.0,53293400.0,0.01642967046576124
2022-10-13,23.6,24.4,23.16,24.09,985817.0,68581079.0,53293400.0,0.018497919066901344
2022-10-14,24.19,24.75,23.67,24.42,602563.0,42420272.0,53293400.0,0.011306522008353755
2022-10-17,24.54,25.27,24.17,24.95,620250.0,44640855.0,53293400.0,0.011638401753312794
2022-10-18,25.5,25.5,24.42,25.08,491759.0,35531738.0,53293400.0,0.009227390258456019
2022-10-19,24.92,25.54,24.88,25.0,364620.0,26553846.0,53293400.0,0.006841747758634277
2022-10-20,24.62,26.58,24.47,25.75,825064.0,60895366.0,53293400.0,0.015481541804426064
2022-10-21,25.48,25.68,24.57,24.95,608973.0,44140928.0,53293400.0,0.011426799566175174
2022-10-24,24.96,25.45,24.35,24.51,598073.0,42928229.0,53293400.0,0.011222271425730016
2022-10-25,24.5,25.3,24.05,24.54,590553.0,42172470.0,53293400.0,0.011081165772872438
2022-10-26,24.74,25.17,24.26,24.98,712211.0,50996116.0,53293400.0,0.013363962516934554
2022-10-27,23.82,23.85,21.48,21.9,4419695.0,286139991.0,53293400.0,0.08293137611786826
2022-10-28,21.98,22.38,21.08,21.6,2742839.0,173025003.0,53293400.0,0.0514667669917851
2022-10-31,21.35,22.75,21.15,22.69,1336452.0,86873226.0,53293400.0,0.025077251592129608
2022-11-01,22.58,24.16,22.29,23.94,1619437.0,110683729.0,53293400.0,0.030387196163127142
2022-11-02,23.97,24.98,23.69,24.35,1711032.0,121173627.0,53293400.0,0.03210588928460185
2022-11-03,24.37,25.54,24.22,25.23,1649439.0,118795927.0,53293400.0,0.030950155178690045
2022-11-04,25.52,25.52,24.74,25.22,980826.0,71119929.0,53293400.0,0.01840426769543696
2022-11-07,25.22,25.35,24.68,25.06,1018868.0,73666428.0,53293400.0,0.019118089669640143
2022-11-08,24.99,25.46,24.37,24.61,1002497.0,49247404.0,53293400.0,0.01881090341393118
2022-11-09,24.76,24.83,24.05,24.28,673939.0,32654419.0,77275430.0,0.008721258490570677
2022-11-10,24.25,24.3,23.1,23.19,1490904.0,69920380.0,77275430.0,0.019293376950474426
2022-11-11,23.7,24.17,23.26,23.65,1037133.0,48996951.0,77275430.0,0.013421251748453551
2022-11-14,23.98,23.98,23.31,23.79,809773.0,38377528.0,77275430.0,0.010479048773976412
2022-11-15,23.68,26.14,23.59,26.06,1189867.0,59943911.0,77275430.0,0.01539774026491991
2022-11-16,26.51,26.94,25.97,26.06,1009059.0,53404326.0,77275430.0,0.013057953867095918
2022-11-17,25.8,26.51,25.21,26.29,1082050.0,56109778.0,124661430.0,0.008679910057184487
2022-11-18,26.06,26.69,25.83,25.93,822499.0,43101699.0,124661430.0,0.006597862707013709
2022-11-21,25.52,26.51,25.31,26.49,605270.0,31345733.0,124661430.0,0.004855310900893725
2022-11-22,26.08,27.2,26.01,26.16,838389.0,44469622.0,124661430.0,0.006725327954283855
2022-11-23,26.21,26.38,25.15,25.77,546986.0,28136659.0,124661430.0,0.004387772545205041
2022-11-24,25.84,26.06,25.33,25.54,475662.0,24281479.0,124661430.0,0.003815630865136073
2022-11-25,25.42,25.55,25.06,25.23,350622.0,17671054.0,124661430.0,0.0028125940798208395
2022-11-28,25.46,25.46,24.61,24.96,268087.0,13353160.0,124661430.0,0.002150520814657749
2022-11-29,25.27,25.8,24.81,25.62,515849.0,26100575.0,124661430.0,0.0041380000213377946
2022-11-30,25.7,25.71,25.24,25.28,217597.0,11046770.0,124661430.0,0.001745503801777342
2022-12-01,25.75,26.5,25.52,26.34,799099.0,41709035.0,124661430.0,0.006410154287496942
2022-12-02,26.46,27.31,26.24,27.31,588625.0,31469573.0,124661430.0,0.004721789249489598
2022-12-05,27.56,28.04,26.66,27.56,582059.0,31621315.0,124661430.0,0.004669118587842286
2022-12-06,27.61,28.5,27.36,28.35,530718.0,29821891.0,124661430.0,0.004257275085004239
2022-12-07,28.36,28.36,27.44,27.45,383110.0,21312554.0,124661430.0,0.003073203957310613
2022-12-08,27.74,27.74,26.83,27.2,303538.0,16483733.0,124661430.0,0.0024348990702256503
2022-12-09,27.43,27.89,27.03,27.46,404927.0,22264002.0,124661430.0,0.0032482139824643436
2022-12-12,27.46,27.86,27.11,27.64,215456.0,11855129.0,124661430.0,0.001728329283564291
2022-12-13,27.78,28.34,26.58,26.67,267012.0,14318447.0,124661430.0,0.00214189745777824
2022-12-14,26.92,27.09,26.64,26.78,143158.0,7661352.0,124661430.0,0.0011483744410761211
2022-12-15,27.01,27.2,26.57,27.01,195945.0,10505908.0,124661430.0,0.0015718173616330248
2022-12-16,27.21,27.45,26.56,26.96,164767.0,8816540.0,124661430.0,0.001321715946945258
2022-12-19,26.66,27.08,25.64,25.93,412274.0,21592145.0,124661430.0,0.0033071496131562104
2022-12-20,25.98,25.98,24.9,25.04,443671.0,22351119.0,124661430.0,0.003559007786129198
2022-12-21,25.04,25.49,24.61,25.41,319457.0,15990459.0,124661430.0,0.00256259694758836
2022-12-22,25.11,25.4,24.55,24.88,827785.0,41229547.0,124661430.0,0.006640265557678907
2022-12-23,24.63,25.33,23.85,25.31,823960.0,40213725.0,124661430.0,0.006609582450642512
2022-12-26,25.16,26.0,25.05,25.55,389221.0,19854565.0,124661430.0,0.0031222247330228766
2022-12-27,25.17,25.21,24.74,24.95,267459.0,13347282.0,124661430.0,0.0021454831698946497
2022-12-28,24.95,25.02,24.41,24.91,235789.0,11634036.0,124661430.0,0.0018914350653606333
2022-12-29,25.11,25.11,24.67,24.94,142368.0,7076564.0,124661430.0,0.001142037276485598
2022-12-30,24.94,24.94,24.16,24.39,314061.0,15291931.0,124661430.0,0.0025193117069168868
2023-01-03,24.15,25.21,24.05,24.96,611398.0,30131634.0,124661430.0,0.004904468045970594
2023-01-04,24.71,25.93,24.68,25.85,877146.0,44408055.0,124661430.0,0.007036226040403997
2023-01-05,25.95,26.31,25.57,26.15,383750.0,19947491.0,124661430.0,0.00307833786280167
2023-01-06,26.4,27.36,25.93,27.1,562534.0,30137629.0,124661430.0,0.004512494361728403
2023-01-09,27.1,27.13,26.56,26.76,616006.0,32875035.0,124661430.0,0.004941432165506203
2023-01-10,26.8,26.93,26.06,26.21,627560.0,33058741.0,124661430.0,0.00503411520307444
2023-01-11,26.33,26.33,25.66,25.66,747668.0,38791462.0,124661430.0,0.005997588829199216
2023-01-12,25.58,26.05,25.58,25.68,283840.0,14618307.0,124661430.0,0.002276887085283716
2023-01-13,25.93,25.93,25.32,25.34,198685.0,10073654.0,124661430.0,0.001593796894516612
2023-01-16,25.55,26.31,25.42,26.13,328517.0,16987187.0,124661430.0,0.0026352737971961334
2023-01-17,26.14,27.45,26.14,27.33,479147.0,25822409.0,124661430.0,0.0038435865848803433
2023-01-18,27.09,27.4,26.91,27.31,278916.0,15114609.0,124661430.0,0.002237388099911897
2023-01-19,27.17,28.56,27.17,28.29,546504.0,30558047.0,124661430.0,0.004383906072632089
2023-01-20,28.41,28.51,27.82,27.92,292877.0,16348510.0,124661430.0,0.002349379435162905
2023-01-30,28.45,28.91,27.66,28.67,668930.0,38004063.0,124661430.0,0.005365974062707286
2023-01-31,28.36,28.65,27.96,28.31,548507.0,30872044.0,124661430.0,0.004399973592473631
2023-02-01,28.31,29.47,28.31,29.19,1005763.0,58414976.0,124661430.0,0.00806795654437784
2023-02-02,29.2,29.82,28.6,28.79,432136.0,24936956.0,124661430.0,0.003466477161380228
2023-02-03,28.86,30.12,28.69,29.84,1155984.0,68072824.0,124661430.0,0.009272988445584171
2023-02-06,30.04,30.04,28.72,29.01,826079.0,47933883.0,124661430.0,0.0066265804908543086
2023-02-07,29.01,29.12,28.56,28.84,444838.0,25539842.0,124661430.0,0.003568369141923047
2023-02-08,28.76,28.94,28.42,28.5,298044.0,16999978.0,124661430.0,0.0023908277002758593
2023-02-09,28.51,29.92,28.34,29.66,487714.0,28727184.0,124661430.0,0.003912308722914537
2023-02-10,29.43,30.37,29.06,30.24,761827.0,45227791.0,124661430.0,0.006111168466461519
2023-02-13,30.31,31.75,30.23,30.76,714146.0,44209760.0,124661430.0,0.005728684485650453
2023-02-14,31.01,31.31,30.34,31.07,273396.0,16901347.0,124661430.0,0.002193108165051532
2023-02-15,31.32,31.72,30.83,31.03,271422.0,16864197.0,124661430.0,0.0021772732753025533
2023-02-16,31.24,31.62,30.07,30.47,711343.0,43557616.0,124661430.0,0.0057061995839450905
2023-02-17,30.25,30.68,29.62,29.73,403239.0,24146042.0,124661430.0,0.0032346733067316813
2023-02-20,29.73,30.64,29.3,30.52,383428.0,22897662.0,124661430.0,0.003075754866601482
2023-02-21,30.47,30.89,30.21,30.68,254244.0,15532560.0,124661430.0,0.0020394760432316554
2023-02-22,30.33,30.84,30.1,30.37,206809.0,12570679.0,124661430.0,0.0016589654073437148
2023-02-23,30.13,30.52,29.22,29.62,611071.0,36107526.0,124661430.0,0.0049018449411337576
2023-02-24,29.82,30.16,29.34,29.53,512585.0,30317459.0,124661430.0,0.004111817103333405
2023-02-27,29.47,29.56,28.57,28.71,485648.0,27970069.0,124661430.0,0.0038957358342512193
2023-02-28,28.81,30.17,28.71,29.46,780481.0,45943918.0,124661430.0,0.006260805768071167
2023-03-01,29.28,29.95,28.99,29.17,824532.0,48336501.0,124661430.0,0.006614170878675145
2023-03-02,29.16,31.17,29.04,30.27,1424793.0,86270032.0,124661430.0,0.01142930094737402
2023-03-03,30.33,30.82,29.95,30.09,717732.0,43483704.0,124661430.0,0.005757450399855031
2023-03-06,30.2,30.62,29.07,30.32,931797.0,55349067.0,124661430.0,0.007474621460703604
2023-03-07,30.08,30.62,29.36,29.54,436954.0,26072286.0,124661430.0,0.0035051258436550902
2023-03-08,29.62,30.05,29.22,29.37,518199.0,30537341.0,124661430.0,0.004156851080562769
2023-03-09,29.2,30.6,29.2,30.0,666116.0,39906067.0,124661430.0,0.0053434009220012955
2023-03-10,29.79,30.51,29.59,29.96,439649.0,26434026.0,124661430.0,0.0035267443988088376
2023-03-13,29.82,30.04,28.56,28.92,899368.0,52052299.0,124661430.0,0.007214484865126287
2023-03-14,28.83,28.92,28.12,28.6,510047.0,29005479.0,124661430.0,0.004091457959370433
2023-03-15,28.65,29.4,28.42,28.66,498806.0,28646750.0,124661430.0,0.004001285722456416
2023-03-16,28.56,28.73,27.69,27.81,335021.0,18844807.0,124661430.0,0.002687447111748999
2023-03-17,27.83,28.65,27.59,28.02,942337.0,52707932.0,124661430.0,0.007559170466759446
2023-03-20,28.26,29.47,27.86,28.8,817063.0,47086948.0,124661430.0,0.006554256597249045
2023-03-21,29.05,34.17,28.77,33.66,2329634.0,151015099.0,124661430.0,0.018687688726176172
2023-03-22,33.7,34.56,32.87,33.91,1474050.0,98847626.0,124661430.0,0.011824427170456812
2023-03-23,33.08,33.83,32.25,33.58,1451607.0,95389798.0,124661430.0,0.011644395543994643
2023-03-24,33.35,33.98,32.87,33.49,615520.0,40802784.0,124661430.0,0.0049375336060239325
2023-03-27,33.49,33.76,32.26,32.45,1051484.0,68727986.0,124661430.0,0.008434717939622544
2023-03-28,32.37,32.67,31.82,32.08,696188.0,44745641.0,124661430.0,0.00558463030626233
2023-03-29,32.38,33.16,32.07,32.42,742595.0,48262389.0,124661430.0,0.00595689460645526
2023-03-30,32.7,33.95,32.3,33.3,1008928.0,66898052.0,124661430.0,0.008093345311376583
2023-03-31,33.24,34.33,33.24,34.11,900008.0,60539045.0,124661430.0,0.007219618770617343
2023-04-03,34.6,34.82,33.68,34.51,1032506.0,70488444.0,124661430.0,0.008282481598358048
2023-04-04,34.82,36.78,34.33,36.57,1829310.0,132030533.0,124661430.0,0.014674226021633154
2023-04-06,37.03,43.89,37.03,43.89,2377244.0,195836786.0,124661430.0,0.019069603164346822
2023-04-07,45.49,48.61,42.86,43.77,4308819.0,385884696.0,124661430.0,0.03456417113135955
2023-04-10,42.75,44.59,40.44,41.08,2826552.0,237643347.0,124661430.0,0.02267382942743397
2023-04-11,40.94,42.39,40.13,40.37,1869100.0,153374571.0,124661430.0,0.014993410552084955
2023-04-12,40.23,41.29,39.4,40.53,1537385.0,123459251.0,124661430.0,0.012332483270888197
2023-04-13,40.64,40.77,39.12,39.34,1686267.0,133316825.0,124661430.0,0.013526774079199957
2023-04-14,39.34,40.32,38.32,39.94,1889685.0,148828941.0,124661430.0,0.0151585378091684
2023-04-17,40.53,40.53,37.94,39.09,1751141.0,136874920.0,124661430.0,0.014047175617991868
2023-04-18,38.96,39.08,38.2,38.44,1009554.0,77667896.0,124661430.0,0.008098366912685022
2023-04-19,38.44,39.54,38.12,38.72,1204421.0,93553332.0,124661430.0,0.009661536852256548
2023-04-20,38.43,41.59,38.14,41.49,2791817.0,223832155.0,124661430.0,0.022395194728634188
2023-04-21,41.07,41.59,38.34,38.53,1908595.0,151565242.0,124661430.0,0.015310228672974472
2023-04-24,39.24,39.24,36.78,37.74,1400266.0,104849580.0,124661430.0,0.011232552041156595
2023-04-25,37.83,38.07,36.56,37.59,1356410.0,100562795.0,124661430.0,0.010880751167381924
2023-04-26,37.61,37.61,36.02,36.33,1325380.0,96889210.0,124661430.0,0.010631836968338965
2023-04-27,36.33,37.28,35.14,35.65,1077587.0,77472332.0,124661430.0,0.008644109088111696
2023-04-28,35.1,36.53,35.08,35.39,874829.0,62293211.0,124661430.0,0.007017639698180905
2023-05-04,34.58,35.37,33.47,33.68,1914119.0,129845555.0,124661430.0,0.015354540694744156
2023-05-05,33.73,33.92,33.42,33.52,506015.0,33975162.0,124661430.0,0.004059114354776774
2023-05-08,33.9,33.9,33.12,33.32,600717.0,40064678.0,124661430.0,0.004818787976361253
2023-05-09,33.37,33.87,32.48,32.55,632170.0,41764268.0,124661430.0,0.005071095366064708
2023-05-10,32.56,32.66,31.97,32.07,540765.0,34687833.0,124661430.0,0.004337869379486502
2023-05-11,32.27,32.4,31.62,31.82,350773.0,22303781.0,124661430.0,0.002813805360647636
2023-05-12,31.87,32.15,31.31,31.36,263511.0,16593538.0,124661430.0,0.002113813390396693
2023-05-15,31.12,31.54,30.57,31.31,524242.0,32473020.0,124661430.0,0.004205326378816607
2023-05-16,31.56,31.57,30.98,31.12,480580.0,29948077.0,124661430.0,0.003855081720143913
2023-05-17,31.27,31.7,30.8,31.58,974174.0,60863952.0,124661430.0,0.007814558199757536
2023-05-18,31.32,32.54,31.32,31.87,1177824.0,74794928.0,124661430.0,0.009448182970466486
2023-05-19,31.99,32.83,31.58,32.57,1193235.0,76951829.0,124661430.0,0.00957180581034567
2023-05-22,32.72,33.26,31.57,31.86,845227.0,54056671.0,124661430.0,0.006780180525764866
2023-05-23,31.72,32.27,31.24,31.75,724322.0,45979971.0,124661430.0,0.005810313582958257
2023-05-24,31.57,32.42,31.12,32.1,582367.0,36940513.0,124661430.0,0.004671589279859857
2023-05-25,32.36,33.07,31.58,32.06,613349.0,39348118.0,124661430.0,0.0049201184359909875
2023-05-26,31.98,33.01,31.65,32.37,991899.0,64260750.0,124661430.0,0.007956743316677822
2023-05-29,32.87,33.43,32.2,32.66,860288.0,56451003.0,124661430.0,0.006900995761078627
2023-05-30,32.73,33.16,31.33,32.31,846823.0,54183614.0,124661430.0,0.006792983202583189
2023-05-31,32.3,33.35,31.12,33.26,1432781.0,92211152.0,124661430.0,0.011493378505284273
2023-06-01,35.03,37.01,34.88,35.39,3083736.0,219428520.0,124661430.0,0.02473688934901517
2023-06-02,34.68,35.75,33.87,35.08,1733817.0,119900177.0,124661430.0,0.013908207213730824
2023-06-05,35.08,35.87,34.55,34.74,1189126.0,83344661.0,124661430.0,0.009538844532747618
2023-06-06,34.7,34.7,33.35,33.36,847929.0,57512635.0,124661430.0,0.006801855233009921
2023-06-07,33.43,34.22,33.27,33.57,840195.0,56558217.0,124661430.0,0.006739815193841431
2023-06-08,33.57,33.72,32.32,33.08,609848.0,40198857.0,124661430.0,0.004892034368609441
2023-06-09,33.3,33.3,31.85,32.91,1070456.0,69420016.0,124661430.0,0.008586906150523061
2023-06-12,33.15,34.85,32.96,34.58,1086367.0,73898806.0,124661430.0,0.008714539854067132
2023-06-13,34.69,35.35,34.08,35.17,852621.0,59206034.0,124661430.0,0.006839493177641232
2023-06-14,35.29,35.35,33.93,34.08,863529.0,58968506.0,124661430.0,0.006926994179354432
2023-06-15,33.83,34.52,32.77,34.45,1690629.0,75631242.0,185745531.0,0.009101855591885007
2023-06-16,34.92,36.18,33.6,36.01,2408849.0,112538859.0,185745531.0,0.012968543506976756
2023-06-19,36.42,37.96,36.02,37.58,3927892.0,195052325.0,185745531.0,0.021146629901959795
2023-06-20,36.87,37.92,35.03,35.56,2771597.0,133167737.0,185745531.0,0.014921473400078735
2023-06-21,35.56,36.03,34.36,35.07,1811161.0,84681283.0,185745531.0,0.009750764878429297
2023-06-26,34.59,35.62,34.11,34.8,1048297.0,48539334.0,185745531.0,0.005643726631571018
2023-06-27,34.87,35.66,34.59,34.66,656946.0,30522063.0,185745531.0,0.003536806492534133
2023-06-28,34.95,34.95,33.47,34.05,962970.0,43462231.0,185745531.0,0.005184350841797642
2023-06-29,34.07,34.8,33.5,33.66,871530.0,39423835.0,185745531.0,0.0046920644351868684
2023-06-30,33.47,35.33,33.3,35.14,1205220.0,55720760.0,185745531.0,0.006488554494482024
2023-07-03,34.89,35.47,32.7,33.84,2244672.0,100982202.0,185745531.0,0.012084662214564936
2023-07-04,33.53,34.41,32.8,34.22,1690435.0,75322318.0,185745531.0,0.009100811152220938
2023-07-05,34.33,35.27,33.64,33.77,1322406.0,60687464.0,185745531.0,0.007119449888675922
2023-07-06,33.77,35.48,33.32,35.28,1423645.0,66068602.0,185745531.0,0.007664491265741409
2023-07-07,35.33,35.33,33.84,34.42,893519.0,41100871.0,185745531.0,0.004810446825770468
2023-07-10,34.33,34.49,33.0,34.25,1198613.0,53581411.0,185745531.0,0.006452984325097975
2023-07-11,34.15,37.89,33.84,36.73,3530474.0,170937358.0,185745531.0,0.019007046796727507
2023-07-12,37.16,40.22,36.84,38.9,6788680.0,347789777.0,185745531.0,0.03654828174573955
2023-07-13,37.71,42.26,37.25,41.4,10438208.0,559766140.0,185745531.0,0.05619628070620983
2023-07-14,42.85,43.97,39.85,40.31,9907566.0,549965752.0,185745531.0,0.05333945827208085
2023-07-17,40.83,42.47,39.85,41.31,5526273.0,301781765.0,185745531.0,0.029751849049870275
2023-07-18,41.34,43.52,37.37,37.4,8078095.0,436981274.0,185745531.0,0.04349011767071801
2023-07-19,36.92,38.64,36.53,37.89,4860753.0,243645202.0,185745531.0,0.026168882631151972
2023-07-20,37.95,38.49,35.63,35.88,4441540.0,216079291.0,185745531.0,0.023911961575000154
2023-07-21,36.14,37.04,35.4,36.4,2709795.0,130531748.0,185745531.0,0.014588749378847774
2023-07-24,36.1,37.37,34.8,34.94,2169963.0,104258463.0,185745531.0,0.011682450653415721
2023-07-25,35.42,36.46,34.22,36.23,2578550.0,122782077.0,185745531.0,0.013882164411266508
2023-07-26,36.03,36.3,33.77,34.07,2807257.0,129266594.0,185745531.0,0.015113456484721562
2023-07-27,33.83,34.19,32.79,33.59,2658031.0,118358682.0,185745531.0,0.014310067034667983
2023-07-28,33.56,33.8,32.23,33.12,2748809.0,120433262.0,185745531.0,0.01479878942551786
2023-07-31,32.33,33.68,32.13,33.16,2143007.0,94230001.0,185745531.0,0.011537327377206185
2023-08-01,33.08,33.49,32.29,32.41,1298399.0,56496804.0,185745531.0,0.006990203172102159
2023-08-02,32.25,33.41,31.95,33.07,1680304.0,73505313.0,185745531.0,0.009046268790176169
2023-08-03,32.89,33.73,32.27,33.35,1532682.0,67386430.0,185745531.0,0.00825151481033479
2023-08-04,33.07,33.38,32.26,32.54,1589859.0,69263399.0,185745531.0,0.008559339174625957
2023-08-07,32.33,32.89,32.33,32.7,748525.0,32421966.0,185745531.0,0.004029841234780502
2023-08-08,32.52,33.6,31.56,33.44,2048702.0,89008636.0,185745531.0,0.01102961664256676
2023-08-09,33.3,33.3,32.46,32.46,597898.0,26063022.0,185745531.0,0.0032189092075652686
2023-08-10,32.33,32.7,32.08,32.13,521272.0,22388339.0,185745531.0,0.0028063770750963585
2023-08-11,32.32,32.32,31.65,31.8,435814.0,18525755.0,185745531.0,0.0023462960193642557
2023-08-14,31.57,32.38,31.23,32.31,720935.0,30513821.0,185745531.0,0.0038813046866791106
2023-08-15,32.32,32.4,31.52,31.65,586871.0,24850577.0,185745531.0,0.003159543041711189
2023-08-16,31.62,32.08,31.35,31.66,545412.0,23026550.0,185745531.0,0.0029363398250480655
2023-08-17,31.5,32.13,31.27,31.68,339638.0,14345251.0,185745531.0,0.001828512364047133
2023-08-18,31.61,32.47,31.5,31.57,818597.0,34824087.0,185745531.0,0.004407088534474619
2023-08-21,31.57,31.94,31.2,31.2,640325.0,26849943.0,185745531.0,0.0034473238551295214
2023-08-22,31.38,31.73,30.35,31.72,979469.0,40511154.0,185745531.0,0.005273176666630004
2023-08-23,31.49,31.55,30.58,30.62,442309.0,18188601.0,185745531.0,0.0023812632132721406
2023-08-24,30.82,31.01,30.17,30.52,897414.0,36410454.0,185745531.0,0.0048314163746959815
2023-08-25,30.41,30.82,29.34,29.45,1028331.0,40804085.0,185745531.0,0.0055362354855256245
2023-08-28,30.93,31.07,29.25,29.4,658330.0,26367021.0,185745531.0,0.003544257546632441
2023-08-29,29.46,30.96,29.32,30.83,848923.0,34326104.0,185745531.0,0.004570354912065152
2023-08-30,30.83,32.7,30.83,32.36,1399113.0,59980812.0,185745531.0,0.007532418101623129
2023-08-31,32.55,33.19,32.1,32.32,819866.0,35564398.0,185745531.0,0.004413920461967938
2023-09-01,32.35,32.9,32.04,32.66,444528.0,19192084.0,185745531.0,0.0023932096648936335
2023-09-04,32.34,33.07,31.95,32.94,754415.0,32802731.0,185745531.0,0.0040615512843751814
2023-09-05,32.94,33.59,32.71,32.83,530259.0,23409490.0,185745531.0,0.002854760473348885
2023-09-06,32.77,34.43,32.55,34.19,1336664.0,60204753.0,185745531.0,0.007196210820275401
2023-09-07,34.17,34.58,33.11,33.12,809349.0,36077035.0,185745531.0,0.004357299988014247
2023-09-08,33.07,33.95,33.01,33.48,753825.0,33654444.0,185745531.0,0.004058374895706105
2023-09-11,33.45,34.4,33.16,33.42,690023.0,30858351.0,185745531.0,0.0037148834552579355
2023-09-12,33.6,33.89,33.07,33.71,695249.0,30993338.0,185745531.0,0.0037430187216725016
2023-09-13,33.71,34.2,32.78,33.05,673758.0,29788479.0,185745531.0,0.0036273174184739874
2023-09-14,33.07,33.15,32.44,33.0,601089.0,26229553.0,185745531.0,0.0032360886249263245
2023-09-15,32.92,33.94,32.64,33.07,492832.0,21751045.0,185745531.0,0.0026532643738276535
2023-09-18,32.74,33.44,32.56,32.62,394177.0,17189864.0,185745531.0,0.0021221345023908003
2023-09-19,32.62,32.65,31.95,32.22,460375.0,19734163.0,185745531.0,0.002478525311061185
2023-09-20,31.95,32.32,31.59,31.6,443087.0,18747943.0,185745531.0,0.0023854517393476346
2023-09-21,31.56,31.9,31.37,31.39,256255.0,10779549.0,185745531.0,0.001379602505752884
2023-09-22,31.56,32.35,30.86,32.31,383398.0,16291332.0,185745531.0,0.002064103496519655
2023-09-25,32.68,32.7,31.68,32.07,361390.0,15375037.0,185745531.0,0.0019456188154534926
2023-09-26,31.87,32.02,31.53,31.59,248842.0,10494207.0,185745531.0,0.0013396930664243006
2023-09-27,31.59,31.98,31.4,31.65,282194.0,11896421.0,185745531.0,0.0015192505492904699
2023-09-28,31.86,32.47,31.64,32.31,567503.0,24217440.0,185745531.0,0.003055271354011742
2023-10-09,32.47,32.55,31.97,32.15,392800.0,16815217.0,185745531.0,0.0021147211342597526
2023-10-10,32.32,32.65,32.04,32.25,336145.0,14444090.0,185745531.0,0.001809707066384278
2023-10-11,32.15,33.35,31.98,32.69,535797.0,23281496.0,185745531.0,0.0028845754571613356
2023-10-12,32.72,32.83,32.02,32.36,452598.0,19480544.0,185745531.0,0.0024366562014350697
2023-10-13,32.36,33.21,32.13,33.06,581557.0,25377907.0,185745531.0,0.0031309340088510663
2023-10-16,33.08,33.44,32.41,32.67,784648.0,34112754.0,185745531.0,0.004224316976972113
2023-10-17,32.41,33.15,32.41,33.0,406062.0,17759002.0,185745531.0,0.002186119891089062
2023-10-18,32.92,33.07,32.63,32.78,313043.0,13686879.0,185745531.0,0.0016853326070063025
2023-10-19,32.7,33.36,32.65,32.67,613436.0,26919450.0,185745531.0,0.0033025612874637614
2023-10-20,32.71,32.81,30.55,31.31,1281830.0,53614153.0,185745531.0,0.006901000487597195
2023-10-23,31.29,31.29,29.92,30.55,623518.0,25180607.0,185745531.0,0.0033568398477377094
2023-10-24,30.71,31.48,30.28,31.2,410283.0,16912027.0,185745531.0,0.0022088445293469805
2023-10-25,31.2,31.98,30.92,31.72,422446.0,17696314.0,185745531.0,0.0022743265893164343
2023-10-26,32.29,34.13,32.25,34.04,1585287.0,70410815.0,185745531.0,0.008534724854295418
2023-10-27,33.68,35.26,33.23,34.79,1496350.0,68395084.0,185745531.0,0.008055913872834981
2023-10-30,34.75,35.7,34.59,35.29,656252.0,30813309.0,185745531.0,0.0035330701980657614
2023-10-31,35.29,35.93,34.51,34.68,600653.0,27930719.0,185745531.0,0.0032337413275369733
2023-11-01,34.59,35.04,34.43,34.58,412716.0,19050225.0,185745531.0,0.0022219430948247146
2023-11-02,34.51,34.78,33.51,33.65,751792.0,33898031.0,185745531.0,0.004047429814071812
2023-11-03,33.82,34.47,33.45,34.28,740886.0,33448896.0,185745531.0,0.003988715077080374
2023-11-06,34.48,34.99,33.91,34.29,935069.0,42918941.0,185745531.0,0.005034139960007975
2023-11-07,34.37,35.4,34.37,35.02,1215347.0,56558503.0,185745531.0,0.006543075321688359
2023-11-08,35.02,35.96,34.44,35.47,1128851.0,53215744.0,185745531.0,0.006077405975382525
2023-11-09,35.49,36.99,35.34,36.76,1709307.0,83499566.0,185745531.0,0.009202412519954517
2023-11-10,36.46,37.39,35.62,35.62,949357.0,45765839.0,185745531.0,0.005111062402895712
2023-11-13,35.85,36.54,35.85,36.01,536015.0,25744424.0,185745531.0,0.002885749105856011
2023-11-14,38.34,41.25,37.58,38.63,3318398.0,170968896.0,185745531.0,0.01786529119777315
2023-11-15,40.92,46.36,40.91,43.59,8793661.0,511303048.0,185745531.0,0.04734251722050852
2023-11-16,43.21,44.9,40.82,40.82,6801316.0,386840429.0,185745531.0,0.03661631030035387
2023-11-17,41.83,48.98,41.83,48.98,10596250.0,641924567.0,185745531.0,0.057047132940172864
2023-11-20,50.36,50.36,46.49,48.02,11439293.0,728245872.0,185745531.0,0.06158583163973942
2023-11-21,47.55,48.01,43.67,44.45,9184739.0,559784993.0,185745531.0,0.04944796760682226
2023-11-22,44.85,45.45,43.74,43.75,6520400.0,387512665.0,185745531.0,0.0351039401319432
2023-11-23,43.83,44.64,42.4,43.86,5119081.0,297142098.0,185745531.0,0.02755964556692349
2023-11-24,43.97,44.34,41.04,41.1,5851305.0,327076919.0,185745531.0,0.03150172695137413
2023-11-27,40.97,42.15,40.67,41.72,3332951.0,183725451.0,185745531.0,0.01794364032370717
2023-11-28,41.79,43.47,41.58,42.86,4026813.0,228728081.0,185745531.0,0.021679191840152535
2023-11-29,42.84,43.22,42.2,42.66,2102000.0,119077820.0,185745531.0,0.011316557597286149
2023-11-30,42.55,42.55,41.4,42.07,2215994.0,123189186.0,185745531.0,0.011930268190409384
2023-12-01,41.96,43.22,41.59,43.04,2482579.0,140853149.0,185745531.0,0.01336548441641915
2023-12-04,43.22,44.2,42.62,42.96,3592562.0,207908279.0,185745531.0,0.01934131055890653
2023-12-05,42.64,43.09,41.52,41.52,2210219.0,123476547.0,185745531.0,0.011899177267419694
2023-12-06,41.34,42.22,40.97,41.22,1866560.0,102894125.0,185745531.0,0.010049017007036363
2023-12-07,41.22,41.7,40.67,41.03,1679702.0,92153837.0,185745531.0,0.009043027796991789
2023-12-08,41.34,43.15,41.22,42.62,2710017.0,152801820.0,185745531.0,0.014589944562380884
2023-12-11,41.96,42.23,41.0,41.79,2191267.0,121185540.0,185745531.0,0.011797145202917426
2023-12-12,41.84,42.43,41.13,41.24,1631550.0,90529169.0,185745531.0,0.008783791411918276
2023-12-13,41.21,41.46,40.82,41.27,1290779.0,70793040.0,185745531.0,0.006949179304884595
2023-12-14,41.56,42.31,40.67,40.68,1746382.0,95991779.0,185745531.0,0.00940201355369352
2023-12-15,40.68,41.06,39.99,40.2,1795609.0,96462778.0,185745531.0,0.009667037426596282
2023-12-18,39.85,40.04,39.02,39.2,1899249.0,99709339.0,185745531.0,0.010225005090432027
2023-12-19,39.08,39.83,39.02,39.34,1323172.0,69219755.0,185745531.0,0.007123573810236113
2023-12-20,39.34,39.58,38.79,38.88,974651.0,50703359.0,185745531.0,0.0052472379537357484
2023-12-21,38.75,39.93,38.17,39.44,1717340.0,89630613.0,185745531.0,0.009245659859240436
2023-12-22,39.5,39.99,38.27,38.47,1758452.0,91099935.0,185745531.0,0.009466994928669373
2023-12-25,38.0,38.55,37.67,37.96,1427093.0,72209491.0,185745531.0,0.007683054296471876
2023-12-26,37.9,38.27,37.28,37.54,990611.0,49687410.0,185745531.0,0.005333161959089072
2023-12-27,37.78,38.83,37.31,38.5,1204903.0,61362754.0,185745531.0,0.006486847858536096
2023-12-28,39.07,39.79,38.16,38.93,1744105.0,90592280.0,185745531.0,0.00938975484691473
2023-12-29,38.61,40.03,38.61,39.8,1766627.0,92902818.0,185745531.0,0.009511006754719714
2024-01-02,39.62,39.71,38.26,38.7,1368351.0,70448663.0,185745531.0,0.007366804426643244
2024-01-03,38.49,38.58,37.4,37.51,1824681.0,91779082.0,185745531.0,0.009823552632337626
2024-01-04,37.56,37.73,37.1,37.1,1038514.0,51715757.0,185745531.0,0.005591057800470042
2024-01-05,36.98,37.85,36.35,36.47,1392362.0,68684773.0,185745531.0,0.007496072678055441
2024-01-08,36.49,36.74,35.93,36.13,897188.0,43235374.0,185745531.0,0.004830199656324437
2024-01-09,36.01,36.57,35.03,35.22,1866363.0,88446837.0,185745531.0,0.010047956416243469
2024-01-10,34.95,35.44,34.63,34.93,870845.0,40597081.0,185745531.0,0.004688376594104975
2024-01-11,34.77,36.01,34.77,35.8,1417240.0,67003298.0,185745531.0,0.007630008605698298
2024-01-12,35.62,35.77,34.78,34.79,1133399.0,52950990.0,185745531.0,0.006101891086682457
2024-01-15,34.84,35.14,34.5,34.8,1020185.0,47191735.0,185745531.0,0.0054923797870539345
2024-01-16,34.68,34.8,33.64,33.99,2219268.0,100332773.0,185745531.0,0.011947894455667954
2024-01-17,33.95,34.09,32.92,32.92,893068.0,39700403.0,185745531.0,0.004808018772736987
2024-01-18,32.61,33.38,32.05,32.98,1630652.0,70601583.0,185745531.0,0.00877895684068975
2024-01-19,33.41,34.56,33.0,33.07,1667162.0,74475008.0,185745531.0,0.008975516078499892
2024-01-22,33.14,33.97,31.24,31.39,1984630.0,86386958.0,185745531.0,0.010684671600524267
2024-01-23,31.64,31.64,30.74,31.1,1546304.0,64181299.0,185745531.0,0.008324851702623199
2024-01-24,31.38,31.65,29.77,30.82,1439589.0,58476381.0,185745531.0,0.007750329131740994
2024-01-25,30.8,32.07,30.35,31.98,1235537.0,51771536.0,185745531.0,0.006651772418686078
2024-01-26,31.92,32.16,30.8,30.89,1251978.0,52270238.0,185745531.0,0.006740285988361142
2024-01-29,31.05,31.38,29.68,29.71,995588.0,40072266.0,185745531.0,0.005359956681811095
2024-01-30,29.44,29.86,28.26,28.3,1335961.0,51510524.0,185745531.0,0.007192426072420552
2024-01-31,28.11,28.83,26.76,26.76,1355702.0,49628381.0,185745531.0,0.007298705883804009
2024-02-01,26.69,27.56,25.81,26.93,1532228.0,54741151.0,185745531.0,0.008249070606172484
2024-02-02,26.84,27.14,24.54,25.51,1557890.0,53516051.0,185745531.0,0.008387227362148487
2024-02-05,24.93,25.18,22.4,23.01,2668732.0,83361106.0,185745531.0,0.014367678111189658
2024-02-06,22.63,25.33,21.71,25.33,3408761.0,107149402.0,185745531.0,0.01835177934913546
2024-02-07,25.32,28.94,24.92,26.13,3803730.0,136764845.0,185745531.0,0.020478177749536274
2024-02-08,25.97,29.23,25.19,28.62,4145139.0,149410917.0,185745531.0,0.022316224663300244
2024-02-19,29.43,30.8,29.14,30.41,3923277.0,156913942.0,185745531.0,0.021121784082116086
2024-02-20,30.05,31.04,29.35,30.82,2872849.0,114658962.0,185745531.0,0.015466584765369133
2024-02-21,30.23,30.4,29.5,29.53,2765157.0,110087169.0,185745531.0,0.014886802310199324
2024-02-22,29.77,31.24,29.76,30.74,2807319.0,114085576.0,185745531.0,0.015113790274717296
2024-02-23,30.67,31.78,30.55,31.04,2930148.0,121261444.0,185745531.0,0.015775065942232547
2024-02-26,32.25,33.44,31.42,32.59,3716156.0,160268752.0,185745531.0,0.020006704764272364
2024-02-27,32.62,34.19,32.33,33.83,3534784.0,156656487.0,185745531.0,0.01903025058514059
2024-02-28,33.34,34.5,31.27,31.29,3683266.0,160689908.0,185745531.0,0.01982963455524537
2024-02-29,31.42,33.22,31.21,33.11,2982037.0,128782061.0,185745531.0,0.016054421250113415
2024-03-01,33.36,34.68,33.07,34.32,2788005.0,125662471.0,185745531.0,0.015009809307336714
2024-03-04,35.24,37.73,34.71,36.77,4784145.0,231272574.0,185745531.0,0.025756447405456018
2024-03-05,36.55,38.55,34.59,34.92,5302230.0,258320715.0,185745531.0,0.02854566659802975
2024-03-06,34.92,35.31,33.51,34.52,3525976.0,160852340.0,185745531.0,0.018982830870908005
2024-03-07,35.01,36.23,33.59,34.31,3453991.0,160579014.0,185745531.0,0.01859528453473263
2024-03-08,34.63,37.58,34.58,37.58,5642967.0,273468043.0,185745531.0,0.03038009565893674
2024-03-11,36.47,36.86,35.52,36.75,5130387.0,246310741.0,185745531.0,0.027620513787758372
2024-03-12,36.23,37.72,35.1,35.85,4068492.0,195714823.0,185745531.0,0.021903579472929553
2024-03-13,36.46,37.16,35.78,36.26,3972481.0,192338308.0,185745531.0,0.02138668412969785
2024-03-14,35.71,35.71,34.39,34.99,3247835.0,151182931.0,185745531.0,0.01748540049666121
2024-03-15,34.59,35.29,33.98,35.1,2478721.0,114204896.0,185745531.0,0.013344714064749155
2024-03-18,35.04,36.22,34.96,36.15,3243851.0,153970111.0,185745531.0,0.01746395179758053
2024-03-19,36.07,36.43,35.37,35.52,2781782.0,132519325.0,185745531.0,0.014976306482442369
2024-03-20,35.56,37.43,35.04,35.95,5170872.0,248246040.0,185745531.0,0.027838473271262716
2024-03-21,37.57,38.25,35.58,35.61,6763517.0,330693060.0,185745531.0,0.036412811460858244
2024-03-22,35.62,36.81,33.94,33.99,6422047.0,301369832.0,185745531.0,0.03457443614080815
2024-03-25,33.62,34.32,32.42,32.65,4486933.0,199221005.0,185745531.0,0.024156344305263526
2024-03-26,32.86,33.73,31.8,32.28,3256064.0,141357749.0,185745531.0,0.017529703043030413
2024-03-27,32.07,32.35,30.15,30.29,3391840.0,140071313.0,185745531.0,0.018260681598848263
2024-03-28,30.13,32.01,30.11,31.4,3405286.0,140818933.0,185745531.0,0.01833307095824556
2024-03-29,31.42,32.92,30.49,32.46,3139748.0,132900660.0,185745531.0,0.016903491476196
2024-04-01,32.38,33.3,32.08,32.62,2517973.0,109119480.0,185745531.0,0.013556035434306089
2024-04-02,32.58,32.92,31.44,31.85,2196777.0,93446063.0,185745531.0,0.011826809442860835
2024-04-03,31.8,32.31,30.59,31.2,2137291.0,89273049.0,185745531.0,0.011506554093083403
2024-04-08,31.02,31.02,30.14,30.18,2178849.0,88175022.0,185745531.0,0.011730290296997778
2024-04-09,30.15,30.86,29.86,30.82,1503563.0,60823535.0,185745531.0,0.008094746570241843
2024-04-10,30.82,30.82,29.44,29.62,1618456.0,64383004.0,185745531.0,0.008713297118303213
2024-04-11,29.62,32.53,29.62,31.44,4932988.0,208150997.0,185745531.0,0.026557774894729498
2024-04-12,31.56,32.2,31.11,31.78,2595487.0,109325200.0,185745531.0,0.01397334830090744
2024-04-15,31.69,32.23,29.88,30.32,3148012.0,130187820.0,185745531.0,0.016947982452401505
2024-04-16,29.98,30.36,27.97,28.18,2922788.0,112253239.0,185745531.0,0.015735441839513222
2024-04-17,28.53,31.26,28.53,31.23,3097853.0,124429264.0,185745531.0,0.016677940962143527
2024-04-18,31.11,32.81,30.41,31.78,3155214.0,133553361.0,185745531.0,0.016986755929002673
2024-04-19,31.65,31.78,30.53,31.26,1931027.0,79928865.0,185745531.0,0.010396088614374254
2024-04-22,30.82,31.24,29.48,31.11,1906019.0,77464222.0,185745531.0,0.010261452804482278
2024-04-23,31.34,31.95,31.16,31.57,1434678.0,60272578.0,185745531.0,0.007723889733853139
2024-04-24,31.57,32.67,31.39,32.55,2249961.0,96584788.0,185745531.0,0.012113136654684845
2024-04-25,33.05,34.95,33.05,33.94,4415058.0,200369535.0,185745531.0,0.023769390177145095
2024-04-26,35.1,36.68,34.32,36.16,5003593.0,235823347.0,185745531.0,0.026937891711645002
2024-04-29,36.11,37.21,36.0,36.22,3363077.0,162955548.0,185745531.0,0.018105829959375982
2024-04-30,36.22,36.76,35.48,35.99,2046315.0,98070052.0,185745531.0,0.01101676572773102
2024-05-06,36.45,37.21,35.45,36.83,2403724.0,116797574.0,185745531.0,0.012940951995232661
2024-05-07,36.55,37.96,36.52,36.83,3000360.0,148701377.0,185745531.0,0.016153066961271872
2024-05-08,36.92,37.39,36.16,36.35,1905721.0,93101637.0,185745531.0,0.010259848459018915
2024-05-09,36.44,36.83,35.85,36.44,1694045.0,81653962.0,185745531.0,0.009120246343908
2024-05-10,36.46,36.52,34.24,34.31,3014872.0,139812530.0,185745531.0,0.016231195355111937
2024-05-13,34.01,35.89,33.69,35.07,2616808.0,122001080.0,185745531.0,0.01408813437347249
2024-05-14,34.78,35.63,34.13,34.32,1444310.0,66790990.0,185745531.0,0.007775745624803215
2024-05-15,34.33,36.22,33.98,34.95,2282275.0,107497584.0,185745531.0,0.012287105846977281
2024-05-16,35.31,37.19,35.28,36.95,3228592.0,156439359.0,185745531.0,0.01738180177266284
2024-05-17,36.54,37.31,36.14,37.2,2798216.0,136708173.0,185745531.0,0.015064782366150171
2024-05-20,37.19,37.19,36.01,36.83,3561647.0,172841951.0,185745531.0,0.01917487317635653
2024-05-21,36.83,37.33,36.08,36.19,1923087.0,93646230.0,185745531.0,0.010353341960081936
2024-05-22,36.31,36.43,35.07,36.26,2286920.0,108722346.0,185745531.0,0.012312113178109249
2024-05-23,36.04,39.38,35.7,37.31,5013109.0,250220511.0,185745531.0,0.026989123092280482
2024-05-24,37.06,37.16,34.92,35.37,4329886.0,205420745.0,185745531.0,0.023310848862361056
2024-05-27,35.68,37.65,34.39,37.28,3846378.0,184566374.0,185745531.0,0.020707782196924027
2024-05-28,37.64,39.03,36.9,37.66,4865643.0,246269260.0,185745531.0,0.026195208971138046
2024-05-29,37.4,37.71,36.55,36.9,2006389.0,99091623.0,185745531.0,0.010801815737897888
2024-05-30,36.49,38.4,36.38,37.69,2787023.0,139952253.0,185745531.0,0.015004522504501063
2024-05-31,37.62,38.18,37.25,37.34,1742512.0,87111525.0,185745531.0,0.009381178597508222
2024-06-03,37.28,38.79,36.95,37.34,3052808.0,153517661.0,185745531.0,0.016435431762823947
2024-06-04,37.2,37.68,36.77,37.13,1747829.0,86237622.0,185745531.0,0.00940980378149717
2024-06-05,36.98,37.77,36.83,37.37,1832390.0,91054253.0,185745531.0,0.009865055649710356
2024-06-06,37.88,39.6,37.28,37.43,3678764.0,186902993.0,185745531.0,0.019805397094587434
2024-06-07,37.43,39.63,36.13,36.74,4706892.0,231955161.0,185745531.0,0.02534053968706251
2024-06-11,36.45,38.76,36.11,38.73,3884537.0,191787611.0,185745531.0,0.020913219171878758
2024-06-12,38.35,41.6,38.16,40.53,5320711.0,279197328.0,185745531.0,0.02864516293530637
2024-06-13,41.3,41.48,40.15,40.24,4075859.0,218048162.0,185745531.0,0.02194324126161614
2024-06-14,40.02,40.7,39.64,40.32,2428961.0,128477143.0,185745531.0,0.013076820674625006
2024-06-17,40.24,42.36,39.94,42.01,3817663.0,207785032.0,185745531.0,0.020553188975512955
2024-06-18,42.11,42.29,40.51,41.19,3266606.0,177428020.0,185745531.0,0.01758645810972432
2024-06-19,41.73,41.88,39.9,40.43,2726452.0,146048590.0,185745531.0,0.014678425829798296
2024-06-20,40.25,42.29,40.24,40.85,3473396.0,188440221.0,185745531.0,0.018699755419687596
2024-06-21,40.25,41.38,39.3,40.8,2100148.0,111700211.0,185745531.0,0.011306586967091014
2024-06-24,40.32,40.93,37.97,38.41,3982260.0,206379328.0,185745531.0,0.02143933142596039
2024-06-25,38.19,38.31,36.3,36.45,4278470.0,208255110.0,185745531.0,0.023034040049125057
2024-06-26,36.59,37.28,36.07,37.09,2895281.0,140058407.0,185745531.0,0.015587352139309344
2024-06-27,37.04,37.55,36.07,36.11,2871566.0,139019007.0,185745531.0,0.015459677465941294
2024-06-28,36.04,37.48,35.84,36.52,2324268.0,112581569.0,185745531.0,0.0125131839645714
2024-07-01,36.55,38.1,35.92,37.66,2445136.0,119134556.0,185745531.0,0.01316390217754418
2024-07-02,37.47,37.81,36.87,37.65,2191710.0,107670734.0,185745531.0,0.011799530186274037
2024-07-03,37.5,39.26,36.46,38.06,3367851.0,167704668.0,185745531.0,0.01813153178904746
2024-07-04,37.9,38.34,36.36,36.45,2699435.0,132869894.0,185745531.0,0.014532974147302634
2024-07-05,36.45,36.61,35.18,35.8,2829044.0,133104249.0,185745531.0,0.015230751365964223
2024-07-08,35.68,36.9,35.32,35.8,2542577.0,121496130.0,185745531.0,0.013688496225516187
2024-07-09,35.83,39.09,35.68,38.79,3972625.0,198460936.0,185745531.0,0.02138745938388149
2024-07-10,38.54,39.86,38.48,39.47,2601316.0,134521553.0,185745531.0,0.014004729944215992
2024-07-11,39.96,40.09,38.85,39.67,3150046.0,163755363.0,185745531.0,0.016958932917745407
2024-07-12,39.11,39.31,38.0,39.01,2577871.0,131092985.0,185745531.0,0.013878508872442265
2024-07-15,38.75,41.36,38.75,40.75,4509771.0,241840480.0,185745531.0,0.02427929746530483
2024-07-16,40.78,41.22,39.52,40.71,2743905.0,145532727.0,185745531.0,0.014772387713597266
2024-07-17,40.49,41.22,39.56,39.61,1906979.0,101191700.0,185745531.0,0.010266621165706539
2024-07-18,39.14,39.67,37.55,39.62,2546124.0,129602522.0,185745531.0,0.013707592243497907
2024-07-19,39.14,41.22,39.14,39.9,2641980.0,140655050.0,185745531.0,0.014223653111740276
2024-07-22,39.79,40.4,39.39,40.02,1686760.0,88631827.0,185745531.0,0.009081026019409317
2024-07-23,39.87,40.07,37.56,37.56,2244363.0,113455444.0,185745531.0,0.012082998648295878
2024-07-24,37.62,37.96,36.85,36.87,1507036.0,74102312.0,185745531.0,0.008113444193712526
2024-07-25,36.46,36.48,35.32,35.5,2017404.0,95139573.0,185745531.0,0.010861117299236663
2024-07-26,35.68,36.36,34.93,36.02,1363587.0,63996103.0,185745531.0,0.007341156434067853
2024-07-29,35.99,36.27,34.56,34.69,1677482.0,77446361.0,185745531.0,0.009031075961660688
2024-07-30,34.59,35.23,33.87,34.6,1441469.0,65638734.0,185745531.0,0.007760450505805171
2024-07-31,34.53,36.43,34.25,36.32,1814202.0,85257322.0,185745531.0,0.009767136739349062
2024-08-01,37.78,38.6,36.74,37.3,2697887.0,133737456.0,185745531.0,0.014524640164828516
2024-08-02,36.64,36.9,35.8,35.8,2441560.0,116902026.0,185745531.0,0.01314465003198381
2024-08-05,35.08,35.79,34.17,34.17,2369601.0,108337933.0,185745531.0,0.012757243672258257
2024-08-06,34.75,35.12,33.43,34.03,1528966.0,68602444.0,185745531.0,0.008231508945429218
2024-08-07,34.08,34.27,33.3,33.39,1518907.0,67453007.0,185745531.0,0.008177354210476268
2024-08-08,33.04,33.48,32.36,32.68,1963057.0,84837387.0,185745531.0,0.010568528833137848
2024-08-09,33.41,33.9,33.01,33.36,1709440.0,75428480.0,185745531.0,0.009203128553332463
2024-08-12,33.05,33.83,32.66,32.99,1018004.0,44431020.0,185745531.0,0.005480637916397569
2024-08-13,33.03,33.48,32.8,33.41,815715.0,35700228.0,185745531.0,0.004391572683382622
2024-08-14,33.49,33.94,32.46,32.62,1539849.0,66803952.0,185745531.0,0.008290099857099657
2024-08-15,32.54,33.15,32.39,32.81,750725.0,32428774.0,185745531.0,0.0040416853959194315
2024-08-16,32.95,33.82,32.86,33.11,1329302.0,58360768.0,185745531.0,0.0071565759501368564
2024-08-19,33.11,33.21,31.79,32.01,1703666.0,72825955.0,185745531.0,0.00917204301405238
2024-08-20,32.17,32.23,31.16,31.36,1212195.0,50344317.0,185745531.0,0.006526105869002038
2024-08-21,31.36,31.8,30.71,30.89,1760282.0,72165857.0,185745531.0,0.00947684711725312
2024-08-22,30.89,30.94,30.02,30.11,1808231.0,72465416.0,185745531.0,0.009734990609276085
2024-08-23,30.37,31.63,30.24,30.98,3555739.0,145465790.0,185745531.0,0.019143066219988895
2024-08-26,31.06,32.65,30.75,32.54,2492144.0,104637708.0,185745531.0,0.013416979598825448
2024-08-27,32.2,33.14,32.12,32.26,1126602.0,48179816.0,185745531.0,0.006065298012472774
2024-08-28,32.12,33.02,31.98,32.79,1205270.0,51738760.0,185745531.0,0.006488823679962454
2024-08-29,32.69,33.78,32.18,33.41,1671492.0,73095349.0,185745531.0,0.008998827541105148
2024-08-30,33.4,34.52,33.07,34.03,1704775.0,76593279.0,185745531.0,0.009178013548008323
2024-09-02,34.0,34.35,32.29,32.32,1531857.0,66366501.0,185745531.0,0.008247073249907692
2024-09-03,32.42,32.84,31.91,32.2,1353133.0,57536806.0,185745531.0,0.007284875133819505
2024-09-04,31.89,32.27,31.07,31.86,1254123.0,52390647.0,185745531.0,0.006751834045471598
2024-09-05,31.86,32.13,31.17,31.39,1395334.0,58073605.0,185745531.0,0.007512073063012213
2024-09-06,31.38,31.38,30.27,30.45,1897805.0,76408425.0,185745531.0,0.010217231013757204
2024-09-09,30.35,30.65,29.6,29.79,1638544.0,64518616.0,185745531.0,0.008821445076920854
2024-09-10,29.86,30.62,29.14,30.19,2449921.0,96182874.0,185745531.0,0.01318966322802135
2024-09-11,29.92,30.35,29.86,30.27,1592613.0,63166933.0,185745531.0,0.008574165910888052
2024-09-12,30.56,31.12,29.77,30.1,1885675.0,75260247.0,185745531.0,0.010151926616204834
2024-09-13,30.01,30.88,29.83,30.12,1344668.0,53734535.0,185745531.0,0.0072393020319826695
2024-09-18,30.09,30.56,29.77,30.39,982626.0,39013013.0,185745531.0,0.0052901730378643675
2024-09-19,30.4,30.49,29.16,29.41,2094889.0,81572272.0,185745531.0,0.011278274038259364
2024-09-20,29.53,29.8,28.79,29.12,1498048.0,57518489.0,185745531.0,0.00806505541175039
2024-09-23,28.87,29.5,28.76,28.92,1381744.0,52841342.0,185745531.0,0.007438908449431281
2024-09-24,28.92,30.81,28.6,30.28,3423586.0,134619778.0,185745531.0,0.018431592844083015
2024-09-25,30.62,31.1,30.01,30.08,2579499.0,103868512.0,185745531.0,0.013887273551685075
2024-09-26,30.41,32.18,30.27,32.13,2336223.0,95580350.0,185745531.0,0.012577546212942265
2024-09-27,32.26,34.09,32.04,33.84,1343928.0,58360734.0,185745531.0,0.007235318086872303
2024-09-30,34.85,39.43,34.85,38.95,4581349.0,225048473.0,185745531.0,0.024664652631669507
2024-10-08,46.32,46.32,40.24,44.17,6461626.0,368255716.0,185745531.0,0.034787517983407096
2024-10-09,42.52,43.56,39.17,39.51,5467970.0,299173031.0,185745531.0,0.029437962628559824
2024-10-10,40.33,41.59,38.58,38.65,4608437.0,243709546.0,185745531.0,0.02481048655754738
2024-10-11,39.41,39.41,36.39,37.52,3774837.0,186302130.0,185745531.0,0.02032262622781487
2024-10-14,37.46,39.3,36.63,39.2,2737255.0,137021245.0,185745531.0,0.014736586044700047
2024-10-15,39.48,40.08,38.03,38.03,2498185.0,128350051.0,185745531.0,0.013449502588571027
2024-10-16,37.62,38.08,36.8,37.22,2537577.0,124841567.0,185745531.0,0.013661577677473166
2024-10-17,37.58,38.16,37.02,37.13,2000594.0,98771452.0,185745531.0,0.010770617140716025
2024-10-18,36.87,41.76,36.87,40.58,5497045.0,288932358.0,185745531.0,0.02959449398542999
2024-10-21,41.28,42.52,39.94,41.21,5278943.0,286258267.0,185745531.0,0.028420296152374184
2024-10-22,41.23,41.74,39.3,39.77,4513633.0,238367037.0,185745531.0,0.02430008935181326
2024-10-23,39.39,40.16,38.79,38.88,2560726.0,132587982.0,185745531.0,0.013786205171202746
2024-10-24,38.88,39.44,38.33,38.95,1838286.0,93982848.0,185745531.0,0.009896798001562686
2024-10-25,38.95,40.01,38.47,39.41,2042994.0,105499562.0,185745531.0,0.010998886428120847
2024-10-28,39.23,40.37,38.73,39.9,2310483.0,120915621.0,185745531.0,0.012438969527616792
2024-10-29,40.09,41.0,39.38,39.72,2872958.0,151899193.0,185745531.0,0.01546717158971647
2024-10-30,39.86,40.55,39.11,39.84,2077665.0,108881659.0,185745531.0,0.011185545023960766
2024-10-31,39.84,40.16,38.65,39.27,3724756.0,192579026.0,185745531.0,0.02005300466690636
2024-11-01,39.1,39.17,37.25,37.75,3720463.0,186348719.0,185745531.0,0.020029892401556622
2024-11-04,37.75,38.99,37.71,38.6,1815761.0,92085415.0,185745531.0,0.009775529942628876
2024-11-05,38.71,40.58,37.98,40.24,2895313.0,151742171.0,185745531.0,0.01558752441801682
2024-11-06,40.38,42.36,39.67,41.12,4314184.0,233520251.0,185745531.0,0.02322631385408675
2024-11-07,41.38,41.9,40.43,41.41,2507075.0,135897764.0,185745531.0,0.013497363766991519
2024-11-08,42.2,44.72,42.2,43.66,4584620.0,263147981.0,185745531.0,0.024682262745799252
2024-11-11,44.79,47.53,44.6,47.35,5155470.0,312610266.0,185745531.0,0.027755553375870993
2024-11-12,47.29,47.29,43.95,44.23,5273953.0,311731491.0,185745531.0,0.02839343144142725
2024-11-13,44.21,44.21,42.66,43.49,2983267.0,170453937.0,185745531.0,0.016061043212932
2024-11-14,43.52,43.65,41.0,41.16,3061362.0,169721482.0,185745531.0,0.016481484014815948
2024-11-15,41.14,41.38,38.86,39.11,3638141.0,192601008.0,185745531.0,0.019586694659157102
2024-11-18,39.34,40.0,38.39,39.03,2829838.0,146033668.0,185745531.0,0.015235026031393456
2024-11-19,39.3,40.65,39.04,40.46,2306358.0,120946698.0,185745531.0,0.012416761725481298
2024-11-20,40.85,41.22,39.76,40.34,2845165.0,151306954.0,185745531.0,0.015317542148564532
2024-11-21,40.47,41.38,39.87,40.46,1874694.0,100177657.0,185745531.0,0.01009280810099275
2024-11-22,40.33,42.43,39.47,39.47,3017703.0,163490380.0,185745531.0,0.016246436637013893
2024-11-25,40.63,42.63,40.33,41.68,4035938.0,221173215.0,185745531.0,0.02172831819033105
2024-11-26,41.69,41.69,39.9,40.12,2438847.0,130514721.0,185745531.0,0.013130044027815669
2024-11-27,40.05,41.0,38.89,41.0,2323977.0,122720841.0,185745531.0,0.012511617305075298
2024-11-28,41.91,45.43,41.84,43.51,7831242.0,450838356.0,185745531.0,0.042161132802705226
2024-11-29,43.82,45.65,42.66,44.15,6117400.0,355222517.0,185745531.0,0.032934305159675686
2024-12-02,45.39,47.53,44.88,45.79,8110237.0,493632272.0,185745531.0,0.04366316086495777
2024-12-03,46.81,49.58,46.77,46.99,9383053.0,592093239.0,185745531.0,0.050515632594143
2024-12-04,46.82,50.8,46.51,47.63,8171456.0,524567077.0,185745531.0,0.04399274618348691
2024-12-05,46.86,47.63,45.11,45.44,6539780.0,397239168.0,185745531.0,0.03520827642415795
2024-12-06,45.32,45.44,44.01,44.8,3922352.0,230469703.0,185745531.0,0.021116804150728127
2024-12-09,44.48,46.08,44.19,44.96,4703696.0,278535821.0,185745531.0,0.025323333351153412
2024-12-10,46.32,46.54,44.81,45.02,3866606.0,231802206.0,185745531.0,0.020816683874886874
2024-12-11,44.81,45.46,43.24,45.33,4157324.0,243378399.0,185745531.0,0.022381825164881086
2024-12-12,45.19,45.93,44.84,45.84,2587516.0,154571070.0,185745531.0,0.013930434751617255
2024-12-13,45.37,45.42,43.73,44.01,5136979.0,298821525.0,185745531.0,0.027656003201498292
2024-12-16,44.31,45.56,43.78,44.65,3424868.0,201464394.0,185745531.0,0.018438494759801246
2024-12-17,47.84,50.85,46.78,47.72,10217711.0,651724223.0,185745531.0,0.05500918888864142
2024-12-18,46.47,48.62,44.93,48.14,6395289.0,394271629.0,185745531.0,0.03443037883910111
2024-12-19,46.62,48.5,46.14,48.49,4558541.0,284746993.0,185745531.0,0.024541860982916462
2024-12-20,48.43,54.5,47.92,52.97,8756760.0,602388358.0,185745531.0,0.04714385295224142
2024-12-23,53.15,53.61,49.07,49.61,7642464.0,508585494.0,185745531.0,0.04114480687021213
2024-12-24,49.74,50.62,48.6,49.66,3458658.0,225616824.0,185745531.0,0.018620410307475986
2024-12-25,49.61,52.01,48.72,51.25,4145198.0,277408696.0,185745531.0,0.02231654230216715
2024-12-26,51.25,52.62,50.38,52.45,3566152.0,243200784.0,185745531.0,0.01919912678814329
2024-12-27,51.9,52.98,50.37,50.46,3750000.0,255076308.0,185745531.0,0.020188911032265965
2024-12-30,50.45,53.49,50.0,51.46,3659838.0,250001765.0,185745531.0,0.019703505006534987
2024-12-31,51.33,51.59,48.89,48.9,3112501.0,204240573.0,185745531.0,0.01675680154049036
2025-01-02,48.91,50.26,48.17,48.49,4043894.0,261448367.0,185745531.0,0.021771150983977104
2025-01-03,48.82,49.13,45.75,46.04,3421054.0,213342198.0,185745531.0,0.01841796129135403
2025-01-06,46.17,46.58,45.01,46.21,3226730.0,194876561.0,185745531.0,0.017371777305371615
2025-01-07,46.24,49.47,46.05,49.3,3573124.0,224965806.0,185745531.0,0.01923666201153448
2025-01-08,48.82,49.25,47.08,48.6,3867454.0,245321739.0,185745531.0,0.020821249260634972
2025-01-09,48.6,51.38,48.6,50.41,4103819.0,273115365.0,185745531.0,0.022093769782272715
2025-01-10,50.13,52.32,49.77,50.62,3774368.0,254734784.0,185745531.0,0.020320101268008435
2025-01-13,49.98,51.44,49.39,50.56,2710039.0,179712939.0,185745531.0,0.014590063003992274
2025-01-14,50.84,52.33,50.13,52.26,3276258.0,222757005.0,185745531.0,0.017638421674866567
2025-01-15,51.74,52.39,50.34,50.5,2277608.0,152924788.0,185745531.0,0.012261980074233927
2025-01-16,50.74,51.82,49.54,51.06,3044442.0,203176750.0,185745531.0,0.016390391648238363
2025-01-17,51.1,54.95,50.07,53.44,5267046.0,364914653.0,185745531.0,0.02835624615916062
2025-01-20,53.53,53.53,52.03,53.08,3352974.0,233387210.0,185745531.0,0.01805143834120025
2025-01-21,53.3,54.57,52.09,52.49,4816122.0,335902187.0,185745531.0,0.025928602287610354
2025-01-22,52.07,52.84,50.74,51.22,5106904.0,344258290.0,185745531.0,0.027494088135019516
2025-01-23,51.62,52.17,49.61,49.77,4372831.0,291905708.0,185745531.0,0.023542052271502564
2025-01-24,49.74,51.13,49.55,50.9,2877044.0,192011988.0,185745531.0,0.015489169427177228
2025-01-27,49.91,49.91,47.85,47.85,3188160.0,204634153.0,185745531.0,0.01716412762576775
2025-02-05,47.5,48.39,43.44,45.2,7937953.0,469364805.0,185745531.0,0.042735633838748996
2025-02-06,45.19,46.89,44.85,46.36,4115841.0,250335562.0,185745531.0,0.022158492739187356
2025-02-07,46.47,47.37,45.6,46.31,5039172.0,308527890.0,185745531.0,0.027129438715809535
2025-02-10,46.32,47.07,45.54,46.82,5126429.0,312045400.0,185745531.0,0.027599205065127516
2025-02-11,46.77,47.06,45.94,46.36,2782545.0,170356814.0,185745531.0,0.014980414252873733
2025-02-12,46.36,46.81,45.54,46.17,4023626.0,244004694.0,185745531.0,0.021662033957629914
2025-02-13,46.11,46.11,43.71,43.86,4944865.0,290163323.0,185745531.0,0.02662171721375089
2025-02-14,44.04,44.28,42.9,43.81,3468022.0,199284430.0,185745531.0,0.018670823364250955
2025-02-17,44.42,46.39,44.39,46.09,5447816.0,327105682.0,185745531.0,0.029329459345108014
2025-02-18,46.23,48.21,45.94,46.11,5151226.0,319878691.0,185745531.0,0.027732704912292076
2025-02-19,46.17,47.61,46.17,47.08,3396277.0,210715793.0,185745531.0,0.018284569118381642
2025-02-20,47.04,47.04,45.89,46.31,3367274.0,204924058.0,185745531.0,0.018128425388603292
2025-02-21,46.31,49.88,46.31,49.67,5751667.0,366233298.0,185745531.0,0.030965304893392026
2025-02-24,50.42,50.87,49.36,50.37,4809724.0,317769370.0,185745531.0,0.025894157313534505
2025-02-25,49.36,49.71,48.16,48.69,4331501.0,278809321.0,185745531.0,0.023319543553378952
2025-02-26,48.75,48.79,46.82,47.46,6028283.0,375901337.0,185745531.0,0.0324545251104857
2025-02-27,47.98,48.89,45.86,46.85,4634865.0,288897714.0,185745531.0,0.02495276723508357
2025-02-28,46.32,46.69,45.01,45.39,3780988.0,227340495.0,185745531.0,0.020355741425617396
2025-03-03,44.8,46.27,43.85,45.48,3494627.0,209452365.0,185745531.0,0.01881405695838787
2025-03-04,44.8,46.13,43.9,45.8,3357967.0,198795618.0,185745531.0,0.018078319203276013
2025-03-05,45.98,46.3,45.32,45.6,1972800.0,118591575.0,185745531.0,0.010620982315854479
2025-03-06,45.7,46.69,45.64,46.14,2801837.0,170606002.0,185745531.0,0.015084276778642927
2025-03-07,45.75,46.16,44.8,45.2,2497275.0,149606409.0,185745531.0,0.013444603412827197
2025-03-10,45.29,47.23,44.84,46.94,3200440.0,194670620.0,185745531.0,0.01723023957976141
2025-03-11,46.24,46.96,45.45,46.47,2399769.0,145475731.0,185745531.0,0.01291965942373063
2025-03-12,46.36,46.58,45.6,45.61,2070669.0,125261958.0,185745531.0,0.01114788059153897
2025-03-13,45.56,45.71,44.14,44.29,2217249.0,130431456.0,185745531.0,0.011937024745968182
2025-03-14,44.04,45.25,43.87,44.94,2271904.0,133478027.0,185745531.0,0.012231271394626448
2025-03-17,44.96,46.46,44.38,46.17,2764891.0,165337943.0,185745531.0,0.014885370243443434
2025-03-18,46.32,47.8,46.02,46.35,1767880.0,108701637.0,185745531.0,0.009517752542859295
2025-03-19,46.32,46.93,44.53,44.83,2588422.0,154254213.0,185745531.0,0.01393531239252265
2025-03-20,44.79,44.95,43.92,44.09,2263909.0,132167239.0,185745531.0,0.012188228636305656
2025-03-21,44.08,44.13,41.54,42.61,2656622.0,150037956.0,185745531.0,0.01430248138782946
2025-03-24,42.87,43.66,42.54,43.59,2091560.0,119125809.0,185745531.0,0.01126035166897232
2025-03-25,43.38,43.96,43.13,43.54,1493517.0,85776026.0,185745531.0,0.008040661823513805
2025-03-26,43.85,44.32,42.92,42.94,1977260.0,113487475.0,185745531.0,0.010644993660708854
2025-03-27,42.55,44.31,42.48,43.7,1728998.0,99388143.0,185745531.0,0.009308423145857544
2025-03-28,43.67,44.13,42.95,43.11,1282841.0,73254899.0,185745531.0,0.006906443418011494
2025-03-31,42.96,44.29,42.67,43.93,2095824.0,120191133.0,185745531.0,0.01128330780674341
2025-04-01,43.97,44.61,43.68,44.02,1261994.0,73318085.0,185745531.0,0.006794209223800921
2025-04-02,44.02,45.09,44.0,44.29,1343696.0,78887565.0,185745531.0,0.007234069066243107
2025-04-03,43.74,44.38,42.75,42.77,1402677.0,80025156.0,185745531.0,0.007551605642668194
2025-04-07,39.2,40.24,35.84,36.38,4270743.0,212554341.0,185745531.0,0.022992440124979373
2025-04-08,36.36,38.54,36.3,37.34,3181254.0,156058939.0,185745531.0,0.01712694772721073
2025-04-09,36.55,39.48,35.5,39.05,2881071.0,143593852.0,185745531.0,0.015510849625771077
2025-04-10,40.24,41.19,39.57,40.31,1991230.0,106178449.0,185745531.0,0.010720204083941056
2025-04-11,39.9,43.02,39.64,42.65,3185966.0,175195010.0,185745531.0,0.017152315766886472
2025-04-14,43.32,43.4,41.69,41.89,1787419.0,99304438.0,185745531.0,0.009622944844901813
2025-04-15,41.81,42.27,41.32,41.92,1474763.0,81154450.0,185745531.0,0.007939695733514041
2025-04-16,41.77,42.37,40.51,40.79,1554843.0,84448530.0,185745531.0,0.00837082319897107
2025-04-17,40.64,41.91,40.51,40.95,1312111.0,71512612.0,185745531.0,0.0070640245982553414
2025-04-18,41.07,41.34,40.64,40.9,843357.0,45535683.0,185745531.0,0.004540389184383661
2025-04-21,41.0,41.64,40.49,41.23,1205047.0,65476617.0,185745531.0,0.006487623112719735
2025-04-22,41.0,41.87,40.7,41.19,2054969.0,111708158.0,185745531.0,0.011063356350683883
2025-04-23,41.59,42.67,41.19,42.14,1759115.0,97480855.0,185745531.0,0.009470564328139879
2025-04-24,42.14,42.35,41.11,41.21,1216490.0,66734371.0,185745531.0,0.006549228901770994
2025-04-25,41.09,41.82,40.9,41.5,807482.0,44117311.0,185745531.0,0.004347248602174983
2025-04-28,41.37,43.24,41.3,42.74,2122571.0,119096226.0,185745531.0,0.011427305887644748
2025-04-29,42.19,42.42,41.42,41.58,2631174.0,144762246.0,185745531.0,0.014165476745709699
2025-04-30,41.52,42.14,41.13,42.1,1748044.0,95993544.0,185745531.0,0.009410961279063022
2025-05-06,42.29,43.81,42.02,43.65,2287644.0,129626373.0,185745531.0,0.012316010983865878
2025-05-07,43.96,44.23,42.58,42.94,1690271.0,96207547.0,185745531.0,0.009099928223845127
2025-05-08,42.69,43.26,42.45,42.86,1151171.0,64974003.0,185745531.0,0.006197570373846572
2025-05-09,42.86,42.98,41.48,41.57,1584187.0,87414327.0,185745531.0,0.008528802773725953
2025-05-12,41.76,42.47,41.76,42.13,1147331.0,63624065.0,185745531.0,0.006176896928949531
2025-05-13,42.59,42.79,41.61,41.67,1350749.0,74799922.0,185745531.0,0.007272040370112592
2025-05-14,41.76,43.24,41.76,42.42,2152014.0,120952689.0,185745531.0,0.011585818449650884
2025-05-15,42.33,42.36,40.86,40.91,1693382.0,92417793.0,185745531.0,0.009116676944437494
2025-05-16,40.91,41.15,40.7,40.81,877498.0,47301403.0,185745531.0,0.004724194414131019
2025-05-19,40.66,41.15,40.14,41.05,931466.0,49896248.0,185745531.0,0.005014742454288173
2025-05-20,41.04,41.04,39.3,39.83,2311742.0,121419931.0,185745531.0,0.012445747618014024
2025-05-21,39.88,40.39,39.45,39.93,1253837.0,65914811.0,185745531.0,0.006750294304523536
2025-05-22,39.94,40.16,38.99,39.04,1745507.0,90457036.0,185745531.0,0.009397302807785992
2025-05-23,39.33,39.47,38.74,38.75,1089974.0,56099365.0,185745531.0,0.005868103496928817
2025-05-26,38.77,39.24,38.59,38.8,1003395.0,51282359.0,185745531.0,0.005401987302725469
2025-05-27,38.63,38.84,38.0,38.16,1018726.0,51308365.0,185745531.0,0.005484524954734981
2025-05-28,38.16,38.55,38.16,38.28,839206.0,42360464.0,185745531.0,0.004518041405798345
2025-05-29,38.66,39.38,38.14,39.06,1784676.0,69761995.0,241469190.00000003,0.007390905647217352
2025-05-30,38.86,38.91,38.0,38.05,1564184.0,60144572.0,241469190.00000003,0.0064777788006826036
2025-06-03,37.99,39.13,37.44,38.62,2067177.0,79884665.0,241469190.00000003,0.008560831301086485
2025-06-04,38.97,41.63,38.73,40.22,5368756.0,217784893.0,241469190.00000003,0.022233710230278238
2025-06-05,39.9,42.53,39.55,42.22,5578229.0,229583776.0,241469190.00000003,0.023101203925850744
2025-06-06,41.9,42.72,41.79,42.04,2882474.0,121774835.0,241469190.00000003,0.011937233068947636
2025-06-09,42.04,42.57,41.54,41.57,1869969.0,78750366.0,241469190.00000003,0.007744130835076722
2025-06-10,41.4,41.68,40.89,41.25,2015655.0,83342079.0,241469190.00000003,0.00834746246508716
2025-06-11,40.9,43.3,40.9,41.7,2558461.0,108414930.0,241469190.00000003,0.010595393143116931
2025-06-12,41.5,42.59,41.26,41.44,1653288.0,69458071.0,241469190.00000003,0.00684678654034496
2025-06-13,41.77,41.77,40.64,40.98,1630268.0,67048519.0,241469190.00000003,0.0067514534670033875
2025-06-16,41.16,42.83,40.83,41.85,2833696.0,118988745.0,241469190.00000003,0.011735228001551667
2025-06-17,41.7,43.03,41.67,41.81,1994056.0,84589992.0,241469190.00000003,0.008258014200486611
2025-06-18,41.77,44.68,41.6,43.86,5149068.0,224623302.0,241469190.00000003,0.021323913001074793
2025-06-19,44.28,44.63,42.76,42.94,2546391.0,110936426.0,241469190.00000003,0.01054540746999648
2025-06-20,43.14,44.31,42.52,42.72,1996935.0,86296786.0,241469190.00000003,0.008269937046626942
2025-06-23,42.37,44.73,42.28,44.52,4837738.0,214132711.0,241469190.00000003,0.020034597374513907
2025-06-24,44.35,45.25,44.12,45.12,4145358.0,185704418.0,241469190.00000003,0.01716723363340888
2025-06-25,45.43,46.52,44.34,45.23,4928395.0,224114394.0,241469190.00000003,0.020410036576508993
2025-06-26,45.45,46.96,44.88,45.1,5418776.0,250492539.0,241469190.00000003,0.022440858811014354
2025-06-27,45.29,46.49,44.18,46.16,4898572.0,223761405.0,241469190.00000003,0.020286530136619085
2025-06-30,46.88,47.74,45.66,46.41,5365123.0,250304427.0,241469190.00000003,0.022218664832561037
2025-07-01,46.84,47.71,45.78,45.97,3116105.0,144871752.0,241469190.00000003,0.01290477265443264
2025-07-02,46.13,46.13,44.26,44.57,2952507.0,132705218.0,241469190.00000003,0.012227261788553644
2025-07-03,44.39,45.52,44.39,45.17,2428347.0,109564695.0,241469190.00000003,0.010056550071667527
2025-07-04,44.97,46.78,44.92,45.68,3714916.0,171091130.0,241469190.00000003,0.015384637684004322
2025-07-07,46.86,49.64,46.86,47.23,10363172.0,502109842.0,241469190.00000003,0.04291716057025743
2025-07-08,47.35,51.37,46.73,50.49,10690862.0,532154003.0,241469190.00000003,0.04427422811166923
2025-07-09,50.56,51.51,48.42,48.96,6448004.0,319620019.0,241469190.00000003,0.026703216257113378
2025-07-10,49.45,49.63,48.21,48.96,5190718.0,255030582.0,241469190.00000003,0.021496398774518602
2025-07-11,48.6,48.97,47.93,48.07,4231712.0,205471893.0,241469190.00000003,0.01752485275657735
2025-07-14,48.06,48.74,47.51,48.38,2905875.0,140578204.0,241469190.00000003,0.012034143983337997
2025-07-15,48.38,50.24,48.38,49.68,5389510.0,268368939.0,241469190.00000003,0.022319659083628846
2025-07-16,49.84,49.84,48.85,48.94,2695644.0,132929358.0,241469190.00000003,0.011163511170928266
2025-07-17,48.85,50.04,48.21,49.65,3848399.0,190378973.0,241469190.00000003,0.015937432845987514
2025-07-18,49.65,50.94,49.39,49.74,3059548.0,153742905.0,241469190.00000003,0.012670552296961776
2025-07-21,49.85,50.35,48.55,49.92,3506747.0,173282716.0,241469190.00000003,0.014522544263307463
2025-07-22,49.9,53.53,49.73,51.03,7260728.0,379098761.0,241469190.00000003,0.030068962421251337
2025-07-23,51.03,51.05,49.44,49.5,3578536.0,178780544.0,241469190.00000003,0.014819845132209205
2025-07-24,49.5,50.18,48.87,49.5,3068708.0,152178539.0,241469190.00000003,0.012708486743174149
2025-07-25,49.5,51.14,49.15,50.03,2662710.0,132987660.0,241469190.00000003,0.01102712109979745
2025-07-28,50.15,53.34,49.5,53.04,7409613.0,386634633.0,241469190.00000003,0.030685542118230484
2025-07-29,53.72,60.42,52.84,59.42,14119572.0,813911493.0,241469190.00000003,0.058473596569400835
2025-07-30,59.75,60.92,58.94,60.48,7174907.0,430472487.0,241469190.00000003,0.02971355061902514
2025-07-31,60.33,61.66,57.53,58.03,10095955.0,599342920.0,241469190.00000003,0.04181053077620378
2025-08-01,57.7,58.46,54.64,55.25,7907747.0,446104720.0,241469190.00000003,0.03274847196861844
2025-08-04,55.04,55.35,53.74,54.88,4516204.0,246336992.0,241469190.00000003,0.018703023768788057
2025-08-05,55.27,55.52,53.65,53.9,5208485.0,283307323.0,241469190.00000003,0.0215699775196993
2025-08-06,53.84,54.5,53.07,53.47,4094275.0,220161539.0,241469190.00000003,0.01695568283473349
2025-08-07,53.52,54.41,52.8,53.91,5502517.0,296314988.0,241469190.00000003,0.022787656677856084
2025-08-08,53.91,54.12,52.77,52.93,4224389.0,225978163.0,241469190.00000003,0.017494525906182893
2025-08-11,52.84,54.38,52.49,53.94,4516940.0,243609665.0,241469190.00000003,0.018706071776693332
2025-08-12,54.14,54.7,52.72,53.79,5357939.0,288090908.0,241469190.00000003,0.02218891362496391
2025-08-13,53.77,56.79,53.77,56.79,7893826.0,440768681.0,241469190.00000003,0.032690820721268825
2025-08-14,57.03,57.07,54.39,55.21,5371122.0,298266787.0,241469190.00000003,0.02224350858177807
2025-08-15,55.02,58.98,55.01,58.26,7149779.0,411063582.0,241469190.00000003,0.029609487653476617
2025-08-18,59.55,60.66,57.68,58.45,6358244.0,377272002.0,241469190.00000003,0.026331491814752844
2025-08-19,58.52,58.83,56.44,56.83,4620307.0,265498772.0,241469190.00000003,0.019134147093465628
2025-08-20,56.35,58.8,54.93,58.62,4573740.0,260738599.0,241469190.00000003,0.018941298473730744
2025-08-21,59.41,59.72,56.62,56.94,4744081.0,274196278.0,241469190.00000003,0.019646734227252757
2025-08-22,56.83,62.16,56.41,60.36,9407146.0,565365782.0,241469190.00000003,0.03895795567128046
2025-08-25,61.12,65.24,60.42,63.41,8648412.0,544849689.0,241469190.00000003,0.03581579910878071
2025-08-26,62.79,63.66,61.39,62.77,5834043.0,365766160.0,241469190.00000003,0.02416061030394809
2025-08-27,61.02,61.02,58.04,58.13,14419954.0,858479348.0,241469190.00000003,0.05971757307837078
2025-08-28,57.73,60.01,56.33,59.61,12111742.0,706439162.0,241469190.00000003,0.05015853989488265
2025-08-29,61.8,62.56,58.14,59.98,11191508.0,671071639.0,241469190.00000003,0.04634756094555997
2025-09-01,60.08,60.51,55.94,57.06,10081771.0,581624767.0,241469190.00000003,0.04175179036298585
2025-09-02,56.64,57.7,52.54,52.97,9362709.0,510440196.0,241469190.00000003,0.03877392805268448
2025-09-03,53.03,54.82,52.12,52.69,6708661.0,358505044.0,241469190.00000003,0.027782679024185235
2025-09-04,52.64,53.42,49.46,50.35,7490150.0,385328502.0,241469190.00000003,0.031019071211528058
2025-09-05,50.37,53.34,50.08,52.73,5582411.0,291846069.0,241469190.00000003,0.023118522905551633
2025-09-08,52.88,52.94,51.63,52.37,4428274.0,231459336.0,241469190.00000003,0.01833887793303982
2025-09-09,52.37,52.79,51.26,51.36,2897386.0,150958435.0,241469190.00000003,0.011998988359550135
2025-09-10,51.84,53.13,51.52,51.61,2812449.0,147259283.0,241469190.00000003,0.011647237479862337
2025-09-11,51.61,55.22,51.36,54.88,7329765.0,392949879.0,241469190.00000003,0.030354866391029012
2025-09-12,54.9,57.58,53.94,55.83,7294614.0,407761314.0,241469190.00000003,0.03020929502434658
2025-09-15,56.83,56.83,54.1,54.44,4632864.0,254957297.0,241469190.00000003,0.019186149587034268
2025-09-16,54.24,55.22,53.78,54.04,3651138.0,198755118.0,241469190.00000003,0.01512051289027805
2025-09-17,54.0,55.08,53.47,54.29,3478961.0,189378232.0,241469190.00000003,0.014407473682253208
2025-09-18,54.34,58.27,53.98,56.43,11379179.0,644013147.0,241469190.00000003,0.04712476568956892
2025-09-19,56.99,58.18,56.35,56.79,6523932.0,374574142.0,241469190.00000003,0.027017658029167196
2025-09-22,57.29,59.05,56.83,57.95,5966556.0,346915849.0,241469190.00000003,0.024709388390295257
2025-09-23,57.93,58.7,56.51,58.38,7686281.0,443744835.0,241469190.00000003,0.031831311481187306
2025-09-24,57.83,61.51,57.39,60.87,10164024.0,609883752.0,241469190.00000003,0.04209242595297561
2025-09-25,60.34,62.2,58.87,60.58,8332534.0,505052102.0,241469190.00000003,0.03450764878119647
2025-09-26,60.51,62.11,59.47,59.55,6496630.0,395438347.0,241469190.00000003,0.026904591844615865
2025-09-29,60.32,61.7,59.34,59.83,5331784.0,321028302.0,241469190.00000003,0.022080597528819305
2025-09-30,60.59,63.86,60.59,61.91,7785970.0,487587333.0,241469190.00000003,0.03224415504106341
2025-10-09,62.75,66.03,62.03,62.41,8886591.0,571169983.0,241469190.00000003,0.03680217339528906
2025-10-10,61.8,63.74,60.04,63.21,6691480.0,418062137.0,241469190.00000003,0.027711527089646505
2025-10-13,60.32,61.38,59.02,60.33,7514723.0,453634989.0,241469190.00000003,0.031120835747202362
2025-10-14,61.44,61.91,55.83,56.17,8399751.0,491516060.0,241469190.00000003,0.034786015557512734
2025-10-15,56.46,56.84,55.05,56.73,4751184.0,266708013.0,241469190.00000003,0.0196761499883277
2025-10-16,56.73,59.48,56.15,56.58,5710114.0,331213619.0,241469190.00000003,0.023647381266322213
2025-10-17,56.13,56.62,52.95,53.4,5158687.0,281484753.0,241469190.00000003,0.021363748310912874
2025-10-20,54.41,57.02,54.36,55.34,5143062.0,286753817.0,241469190.00000003,0.021299040262652138
2025-10-21,55.33,57.38,55.33,56.07,3739448.0,211930388.0,241469190.00000003,0.015486232425759989
2025-10-22,55.88,56.61,55.09,55.57,2326201.0,130124499.0,241469190.00000003,0.009633531300618517
2025-10-23,55.35,55.35,53.4,54.64,2667544.0,145040170.0,241469190.00000003,0.011047140216936164
2025-10-24,55.56,58.04,55.56,57.53,4032283.0,231591051.0,241469190.00000003,0.01669895442975561
2025-10-27,59.72,66.36,59.7,63.44,12899377.0,824651764.0,241469190.00000003,0.05342038460476054
2025-10-28,63.42,66.15,63.12,65.25,7825133.0,507032452.0,241469190.00000003,0.03240634136388166
2025-10-29,65.7,67.15,63.93,65.01,6965574.0,455940234.0,241469190.00000003,0.02884663670756505
2025-10-30,63.91,68.23,63.47,65.47,8770201.0,578531117.0,241469190.00000003,0.03632016573211679
2025-10-31,64.81,66.18,62.51,63.41,7561100.0,486061940.0,241469190.00000003,0.03131289751707039
2025-11-03,63.34,63.35,59.42,61.23,6996376.0,424767357.0,241469190.00000003,0.02897419749492678
2025-11-04,61.17,61.51,59.23,59.53,4226001.0,254132669.0,241469190.00000003,0.01750120170610586
2025-11-05,58.7,58.98,57.04,58.21,4930540.0,287297699.0,241469190.00000003,0.020418919697374225
2025-11-06,60.19,62.1,58.9,61.13,6915217.0,420027855.0,241469190.00000003,0.028638092503644044
2025-11-07,59.96,61.71,59.08,60.51,5084735.0,308164949.0,241469190.00000003,0.0210574897774743
2025-11-10,61.02,62.25,59.41,60.65,5946849.0,360989854.0,241469190.00000003,0.024627775493842503
2025-11-11,61.12,62.29,58.19,58.76,6791407.0,410288510.0,241469190.00000003,0.02812535628251372
2025-11-12,57.85,59.61,56.2,58.8,6185841.0,358437791.0,241469190.00000003,0.02561751666951796
2025-11-13,58.72,60.18,58.44,58.81,4859977.0,289293052.0,241469190.00000003,0.020126696080771212
2025-11-14,57.72,57.72,56.22,56.34,4833595.0,275380160.0,241469190.00000003,0.020017439906101477
2025-11-17,56.82,57.11,54.94,55.3,3195297.0,178936713.0,241469190.00000003,0.013232731678935933
2025-11-18,55.23,56.12,54.79,55.06,2579763.0,143047785.0,241469190.00000003,0.01068361143713614
2025-11-19,55.06,55.28,53.67,54.13,2864426.0,156025033.0,241469190.00000003,0.011862490614227015
2025-11-20,54.84,56.01,54.44,55.23,4217447.0,233404173.0,241469190.00000003,0.01746577689683723
2025-11-21,53.89,54.32,52.59,52.7,3675717.0,196815808.0,241469190.00000003,0.015222302273842884
2025-11-24,52.99,54.59,52.64,54.11,2711192.0,145980489.0,241469190.00000003,0.011227900337927168
2025-11-25,54.83,56.92,54.64,55.7,3992836.0,223447894.0,241469190.00000003,0.01653559197345218
2025-11-26,55.33,56.91,54.89,55.63,2650523.0,148259224.0,241469190.00000003,0.010976650892811624
2025-11-27,55.22,57.32,55.0,55.23,2603519.0,146907871.0,241469190.00000003,0.010781992518382987
2025-11-28,54.94,56.28,54.55,55.83,2359561.0,131188299.0,241469190.00000003,0.00977168557197711
2025-12-01,56.23,56.93,55.44,56.66,2955363.0,167405546.0,241469190.00000003,0.012239089384446934
2025-12-02,56.81,56.82,55.92,56.04,1550363.0,87485429.0,241469190.00000003,0.006420541684841862
2025-12-03,56.13,57.29,55.93,56.39,2060560.0,117003946.0,241469190.00000003,0.008533428219144644
2025-12-04,56.44,56.95,55.36,56.48,1614502.0,90985435.0,241469190.00000003,0.00668616149331515
2025-12-05,56.63,57.71,55.64,57.15,2848626.0,162453585.0,241469190.00000003,0.011797057835825762
2025-12-08,57.43,59.3,56.93,58.56,3924715.0,230094502.0,241469190.00000003,0.01625348144829574
2025-12-09,58.62,59.62,58.31,58.65,3252518.0,192266116.0,241469190.00000003,0.013469701869625685
2025-12-10,58.66,58.86,57.61,58.35,2538218.0,147719036.0,241469190.00000003,0.010511560501776644
2025-12-11,58.7,59.2,57.49,57.67,2437356.0,142798296.0,241469190.00000003,0.010093859179301508
2025-12-12,57.41,59.02,56.44,58.39,3236473.0,187020528.0,241469190.00000003,0.013403254469027704
2025-12-15,57.85,58.38,57.08,57.87,2299601.0,133260871.0,241469190.00000003,0.009523372319259446
2025-12-16,57.83,58.01,55.53,56.44,2890817.0,163279088.0,241469190.00000003,0.01197178406073255
2025-12-17,56.22,59.06,55.92,58.84,4131484.0,239589036.0,241469190.00000003,0.01710977702786844
2025-12-18,58.99,59.0,57.05,57.14,2557842.0,148138353.0,241469190.00000003,0.010592829669077035
2025-12-19,57.72,57.97,56.48,56.62,2922011.0,166884477.0,241469190.00000003,0.012100968243609048
2025-12-22,56.83,59.25,56.83,58.8,3945902.0,231520799.0,241469190.00000003,0.01634122349107975
2025-12-23,58.77,62.32,58.77,61.72,8349502.0,512273606.0,241469190.00000003,0.03457791861562131
2025-12-24,62.76,66.75,62.02,66.28,10956550.0,705364516.0,241469190.00000003,0.04537452583495227
2025-12-25,65.33,66.18,64.11,64.47,4748051.0,308671043.0,241469190.00000003,0.019663175248154845
2025-12-26,64.46,64.85,62.95,63.5,4437881.0,283493513.0,241469190.00000003,0.018378663547096833
2025-12-29,63.9,64.8,62.93,63.56,4350141.0,278348289.0,241469190.00000003,0.01801530456121545
2025-12-30,63.06,64.46,62.83,62.83,3157953.0,200682954.0,241469190.00000003,0.01307807840826401
2025-12-31,63.41,63.91,61.9,61.9,3168384.0,199137915.0,241469190.00000003,0.013121276465954103
2026-01-05,62.21,64.0,62.21,63.53,4451362.0,282843120.0,241469190.00000003,0.018434492615807423
2026-01-06,64.39,65.09,63.42,64.21,6878810.0,442175504.0,241469190.00000003,0.02848731964521022
2026-01-07,64.31,66.49,64.31,65.5,9391812.0,614426477.0,241469190.00000003,0.03889445274571054
2026-01-08,63.61,64.71,62.53,63.04,6123790.0,389628332.0,241469190.00000003,0.02536054392694985
2026-01-09,62.53,63.98,61.99,63.86,4610631.0,292256015.0,241469190.00000003,0.019094075728667493
2026-01-12,63.87,64.22,62.06,62.92,4984199.0,313417054.0,241469190.00000003,0.020641138523718076
2026-01-13,62.43,63.25,60.38,60.68,4739373.0,292271523.0,241469190.00000003,0.01962723691581522
2026-01-14,60.71,62.01,59.6,60.39,4575205.0,279093133.0,241469190.00000003,0.018947365500335673
2026-01-15,60.25,65.14,59.84,64.46,8388739.0,529072953.0,241469190.00000003,0.034740411395756114
2026-01-16,65.41,68.06,64.64,67.55,8494492.0,565336127.0,241469190.00000003,0.03517836789033002
2026-01-19,68.41,71.08,67.85,68.03,7160191.0,495939408.0,241469190.00000003,0.029652607026180024
2026-01-20,67.78,70.23,66.88,68.76,7148481.0,490850856.0,241469190.00000003,0.0296041122264915
2026-01-21,68.1,72.68,68.1,71.79,8180775.0,585307361.0,241469190.00000003,0.033879166944652435
2026-01-22,73.29,73.75,69.09,69.62,6670238.0,469848492.0,241469190.00000003,0.02762355727453262
2026-01-23,68.84,69.58,67.68,68.53,4709704.0,322983623.0,241469190.00000003,0.01950436823844897
2026-01-26,68.87,69.74,66.48,67.3,5317953.0,359727914.0,241469190.00000003,0.022023318999827676
2026-01-27,66.81,70.22,65.33,69.93,6292030.0,430011575.0,241469190.00000003,0.026057278777470532
2026-01-28,70.29,71.68,69.66,70.59,5232565.0,368751549.0,241469190.00000003,0.02166970038703488
2026-01-29,70.99,72.0,64.81,64.91,8317513.0,561398829.0,241469190.00000003,0.034445442087249305
2026-01-30,64.51,67.5,63.06,66.59,6423704.0,421731810.0,241469190.00000003,0.026602582300458286
2026-02-02,65.81,66.0,61.41,61.41,6629856.0,417746120.0,241469190.00000003,0.027456322688621266
2026-02-03,62.69,63.12,61.16,62.74,3653876.0,228025739.0,241469190.00000003,0.015131851810990875
2026-02-04,62.01,62.6,60.57,61.5,3509564.0,215532055.0,241469190.00000003,0.014534210347912293
2026-02-05,60.32,60.98,59.02,59.67,3959531.0,237386355.0,241469190.00000003,0.016397665474423465
2026-02-06,58.94,60.76,58.94,59.65,3103046.0,186467224.0,241469190.00000003,0.012850691220689478
2026-02-09,61.19,62.2,60.5,61.39,3191022.0,196650866.0,241469190.00000003,0.013215027556931797
2026-02-10,61.69,63.1,61.23,62.39,3850075.0,240875703.0,241469190.00000003,0.015944373690076154
2026-02-11,61.69,63.99,61.69,62.02,3727362.0,234481869.0,241469190.00000003,0.015436180491598119
2026-02-12,62.43,63.48,62.06,62.62,3861502.0,242956874.0,241469190.00000003,0.015991696497594576
2026-02-13,62.11,64.2,62.11,62.61,3410047.0,216970467.0,241469190.00000003,0.01412207909423144
2026-02-24,62.84,64.99,62.59,63.93,4319233.0,276826074.0,241469190.00000003,0.017887304794454315
2026-02-25,64.05,68.69,62.7,68.3,7963187.0,527296948.0,241469190.00000003,0.032978066477135234
2026-02-26,68.29,71.86,67.47,71.13,7878135.0,553676409.0,241469190.00000003,0.032625839346212236
2026-02-27,70.3,71.68,68.95,70.71,6377747.0,447900665.0,241469190.00000003,0.026412259882927502
2026-03-02,69.79,73.77,69.34,71.68,7440746.0,537767747.0,241469190.00000003,0.03081447368088657
2026-03-03,72.43,72.66,66.4,66.75,6783923.0,465868611.0,241469190.00000003,0.02809436268038999
2026-03-04,65.85,68.06,65.36,65.94,4323875.0,287621799.0,241469190.00000003,0.017906528779095997
2026-03-05,67.3,70.59,66.51,68.04,5921893.0,407298595.0,241469190.00000003,0.024524424834489234
2026-03-06,67.6,75.75,66.8,74.78,12734262.0,920458312.0,241469190.00000003,0.052736591363892006
2026-03-09,70.98,84.61,70.39,83.05,20254645.0,1562368532.0,241469190.00000003,0.08388086695449634
2026-03-10,87.75,99.66,87.75,99.66,18627590.0,1813257393.0,241469190.00000003,0.0771427195328729
2026-03-11,98.8,103.37,97.71,99.26,18148155.0,1817725625.0,241469190.00000003,0.0751572281333283
2026-03-12,98.22,98.94,94.04,96.81,14226193.0,1373146628.0,241469190.00000003,0.05891514772547172
2026-03-13,96.69,96.81,90.25,90.73,10866706.0,1001729723.0,241469190.00000003,0.045002453522124286
2026-03-16,90.33,95.61,87.64,93.24,11386596.0,1041410471.0,241469190.00000003,0.04715548182358171
2026-03-17,92.72,94.64,87.51,87.51,7366297.0,665138334.0,241469190.00000003,0.030506156913848923
2026-03-18,88.67,90.67,86.07,87.19,6732297.0,593386975.0,241469190.00000003,0.02788056314762144
2026-03-19,84.85,85.73,81.96,83.54,8229650.0,690227882.0,241469190.00000003,0.034081573719612006
2026-03-20,84.64,85.23,80.01,80.3,7117561.0,587917912.0,241469190.00000003,0.0294760627639493
2026-03-23,78.96,81.0,76.43,76.95,7304911.0,573163453.0,241469190.00000003,0.03025193814581479
2026-03-24,78.21,82.05,75.53,82.05,7551794.0,596437869.0,241469190.00000003,0.03127435843885507
2026-03-25,82.7,87.13,82.61,85.56,11256408.0,962761162.0,241469190.00000003,0.046616332294815745
2026-03-26,85.74,86.99,83.55,84.86,6203853.0,529036388.0,241469190.00000003,0.025692110036895387
2026-03-27,82.06,89.02,81.53,87.53,7713955.0,670833274.0,241469190.00000003,0.031945918234951624
2026-03-30,85.79,88.63,84.82,87.74,6125440.0,533613361.0,241469190.00000003,0.025367377096846184
2026-03-31,86.27,86.88,83.0,83.81,4840389.0,410416283.0,241469190.00000003,0.020045576000814015
2026-04-01,86.94,90.73,86.32,88.15,5140862.0,454999058.0,241469190.00000003,0.021289929369457027
2026-04-02,87.5,87.5,82.93,83.35,4344730.0,369286311.0,241469190.00000003,0.01799289590527056
2026-04-03,84.17,90.53,83.7,87.34,6360241.0,556430729.0,241469190.00000003,0.026339762020984953
2026-04-07,88.17,95.07,86.94,91.49,6255192.0,575140065.0,241469190.00000003,0.025904721012233484
2026-04-08,94.18,94.28,91.67,93.35,6685925.0,623640605.0,241469190.00000003,0.02768852208432885
2026-04-09,93.35,95.51,92.38,93.45,5248920.0,493961883.0,241469190.00000003,0.021737431595310355
2026-04-10,93.24,96.21,92.31,92.81,4537111.0,427292512.0,241469190.00000003,0.018789606243347235
2026-04-13,91.34,97.48,90.41,96.21,6439552.0,611605138.0,241469190.00000003,0.026668213861983796
2026-04-14,95.47,97.16,93.87,94.97,5797690.0,553068737.0,241469190.00000003,0.024010061076529057
2026-04-15,95.16,95.66,92.09,92.74,4240585.0,398289598.0,241469190.00000003,0.017561598645359267
2026-04-16,91.97,94.35,90.92,91.67,5064441.0,468193694.0,241469190.00000003,0.02097344592906449
2026-04-17,92.03,96.4,91.67,94.77,7357771.0,696182365.0,241469190.00000003,0.030470848061402777
2026-04-20,94.6,97.2,91.73,94.52,6113503.0,578697475.0,241469190.00000003,0.02531794221863253
2026-04-21,94.93,96.21,92.02,94.38,5501912.0,521333064.0,241469190.00000003,0.022785151182227428
2026-04-22,94.29,96.2,92.39,95.1,6875067.0,651296692.0,241469190.00000003,0.028471818702833263
2026-04-23,95.81,96.71,87.79,89.78,8130802.0,742241033.0,241469190.00000003,0.03367221300572549
2026-04-24,88.87,91.18,85.59,86.74,7831426.0,685754966.0,241469190.00000003,0.032432402659734766
2026-04-27,85.84,90.72,85.84,89.36,4853086.0,435527571.0,241469190.00000003,0.020098158278495072
2026-04-28,88.73,88.73,82.86,83.8,8344814.0,706583307.0,241469190.00000003,0.03455850413048554
2026-04-29,82.95,86.07,82.92,84.93,5269512.0,447642124.0,241469190.00000003,0.021822709555616597
2026-04-30,85.24,88.0,84.26,87.17,5057738.0,437271650.0,241469190.00000003,0.02094568669402502
2026-05-06,89.33,92.66,89.33,90.92,7950153.0,724529002.0,241469190.00000003,0.03292408857626929
2026-05-07,91.73,96.07,88.83,94.68,7280143.0,679947024.0,241469190.00000003,0.030149366053698192
2026-05-08,93.72,95.71,92.39,94.01,5318210.0,500422095.0,241469190.00000003,0.02202438331780547
2026-05-11,96.86,98.01,93.46,95.8,6872799.0,660623787.0,241469190.00000003,0.028462426200212124
2026-05-12,96.55,112.64,96.49,111.67,15987882.0,1671334756.0,241469190.00000003,0.06621085696274542
2026-05-13,108.65,130.95,107.7,126.83,20329103.0,2481907123.0,241469190.00000003,0.08418922099336978
2026-05-14,128.14,130.79,125.62,126.62,12576930.0,1611498289.0,241469190.00000003,0.052085029978358725
2026-05-15,130.61,132.77,120.22,121.94,11268191.0,1403580994.0,241469190.00000003,0.04666512941050574
2026-05-18,121.64,124.1,117.01,120.83,8994162.0,1093118370.0,241469190.00000003,0.037247658800694194
2026-05-19,118.21,124.73,116.67,124.14,8554006.0,1039830556.0,241469190.00000003,0.03542483411651813
2026-05-20,122.65,125.11,118.69,122.55,8641154.0,1054785686.0,241469190.00000003,0.035785741443867015
2026-05-21,123.24,129.51,116.72,116.72,10019904.0,1237116374.0,241469190.00000003,0.04149557962239406
2026-05-22,118.64,139.48,117.25,134.45,13041840.0,1700740245.0,241469190.00000003,0.054010368776240145
2026-05-25,136.25,142.15,132.61,139.57,11970846.0,1662620957.0,241469190.00000003,0.04957504516414702
2026-05-26,140.87,159.5,137.59,157.03,14187017.0,2108520057.0,241469190.00000003,0.05875290756555732
2026-05-27,159.52,161.89,144.63,146.45,12529351.0,1885887946.0,241469190.00000003,0.05188799034775409
2026-05-28,147.9,166.48,141.08,160.74,12523228.0,1901952204.0,241469190.00000003,0.05186263307546606
2026-05-29,159.19,177.47,153.54,167.19,13835697.0,2324613697.0,241469190.00000003,0.05729798074859985
2026-06-01,177.47,191.43,167.3,173.98,17336066.0,3116932595.0,241469190.00000003,0.07179411170427166
2026-06-02,175.77,190.91,172.28,182.97,11296715.0,2076105999.0,241469190.00000003,0.046783256282095446
2026-06-03,175.47,178.47,161.57,166.27,15843005.0,2722801147.0,241469190.00000003,0.06561087565664174
2026-06-04,163.48,174.16,159.22,168.3,12430787.0,2072285771.0,241469190.00000003,0.051479805767352754
2026-06-05,161.25,163.2,153.14,156.74,11252006.0,1788219577.0,241469190.00000003,0.04659810222579534
2026-06-08,141.58,162.87,141.58,158.5,9301678.0,1442904702.0,241469190.00000003,0.038521179451506835
2026-06-09,165.24,168.27,158.36,167.04,8927611.0,1469966416.0,241469190.00000003,0.036972050140226996
2026-06-10,163.02,183.87,162.52,180.19,10985131.0,1922635907.0,241469190.00000003,0.04549288876150203
2026-06-11,177.0,180.58,171.39,177.66,7172975.0,1264902660.0,241469190.00000003,0.029705549598273796
2026-06-12,188.0,211.0,186.0,188.06,10948756.0,2159168325.0,241469190.00000003,0.04534224842515105
2026-06-15,200.0,215.56,192.0,213.11,9577471.0,1984860108.0,241469190.00000003,0.03966332516376105
2026-06-16,213.11,238.0,210.0,220.0,10782507.0,2417584378.0,241469190.00000003,0.04465375893297194
2026-06-17,215.67,249.94,215.67,235.24,9386715.0,2222822638.0,241469190.00000003,0.0388733444627035
2026-06-18,232.99,277.72,232.0,270.47,8862607.0,2266466601.0,241469190.00000003,0.03670284809420199
2026-06-22,278.15,297.31,268.0,272.54,14104189.0,3973351208.0,241469190.00000003,0.058409890719391566
2026-06-23,269.25,269.27,233.62,238.93,14542794.0,3579531393.0,241469190.00000003,0.06022629222386507
2026-06-24,234.65,249.0,229.01,246.56,11410539.0,2775096333.0,241469190.00000003,0.04725463733075014
2026-06-25,245.0,278.98,239.08,269.99,11533511.0,3009744048.0,241469190.00000003,0.047763903129836145
2026-06-26,260.03,276.0,251.87,265.56,10160731.0,2673078042.0,241469190.00000003,0.04207878860238856
2026-06-29,265.0,279.15,233.8,244.98,13294225.0,3336469009.0,241469190.00000003,0.05505557458489838
2026-06-30,244.99,246.8,230.67,244.4,10675517.0,2545639423.0,241469190.00000003,0.04421067963163333
2026-07-01,246.0,252.0,226.09,231.0,11897621.0,2809064633.0,241469190.00000003,0.04927179736677793
2026-07-02,215.0,224.0,208.12,208.78,10032134.0,2161635840.0,241469190.00000003,0.0415462279059287
2026-07-03,206.0,217.58,200.88,208.99,8681361.0,1818166148.0,241469190.00000003,0.03595225129963785
2026-07-06,217.3,217.3,188.0,192.0,12242130.0,2421254269.0,241469190.00000003,0.050698517686666354
2026-07-07,192.0,196.0,185.1,189.01,7837180.0,1487468971.0,241469190.00000003,0.032456231786755066
2026-07-08,191.0,194.1,180.6,182.06,6240981.0,1162264169.0,241469190.00000003,0.025845868783508155
2026-07-09,188.0,196.99,183.08,196.16,9484345.0,1810265566.0,241469190.00000003,0.039277661054812
2026-07-10,199.7,205.48,183.17,183.17,10619975.0,2088987281.0,241469190.00000003,0.043980662708977485
2026-07-13,178.3,188.88,164.01,165.7,13288856.0,2314201251.0,241469190.00000003,0.05503333986418722
2026-07-14,168.44,183.17,168.06,180.32,10411140.0,1823721703.0,241469190.00000003,0.04311581117243156
2026-07-15,183.92,186.0,166.05,166.31,9428926.0,1628312641.0,241469190.00000003,0.03904815351391206
2026-07-16,165.25,172.0,155.02,158.4,7271907.0,1185343161.0,241469190.00000003,0.030115258182627766
2026-07-17,160.44,160.68,140.42,141.0,10486017.0,1553714250.0,241469190.00000003,0.04342590042232716
2026-07-20,146.58,147.99,117.6,121.79,12548955.0,1650812108.0,241469190.00000003,0.051969176688752707
2026-07-21,127.99,135.98,111.12,135.3,13820918.0,1735617950.0,241469190.00000003,0.057236776252904145
2026-07-22,134.01,138.11,127.3,128.32,10489452.0,1400619745.0,241469190.00000003,0.043440125839656805
2026-07-23,130.12,136.31,125.31,127.38,8340892.0,1085496828.0,241469190.00000003,0.03454226189270772
2026-07-24,125.5,128.4,121.37,123.5,6900108.0,861253940.0,241469190.00000003,0.028575521373969074
2026-07-27,124.21,132.11,120.94,131.78,8779006.0,1114961111.0,241469190.00000003,0.03635663001147268
2026-07-28,126.0,130.29,117.52,118.76,8411421.0,1037010607.0,241469190.00000003,0.03483434470459771
2026-07-29,119.99,122.8,108.3,115.88,10702767.0,1227760875.0,241469190.00000003,0.04432353046780005
2026-07-30,115.62,116.67,103.33,104.76,10187241.0,1100692511.0,241469190.00000003,0.042188574865389655
2026-07-31,117.0,119.43,107.13,107.32,10409236.0,1184058765.0,241469190.00000003,0.0431079261085027
2026-08-03,106.1,108.15,98.78,100.2,9463440.0,963350797.0,241469190.00000003,0.039191086862883
2026-08-04,102.95,112.6,100.9,111.18,9753846.0,1051339662.0,241469190.00000003,0.0403937496125282
2026-08-05,109.95,127.98,109.05,125.05,13627299.0,1639727777.0,241469190.00000003,0.05643493896674768
2026-08-06,121.02,139.75,121.02,136.08,16529026.0,2186648522.0,241469190.00000003,0.0684519047750978
2026-08-07,136.35,154.23,136.35,151.7,18784021.0,2744331395.0,241469190.00000003,0.07779054959351128
2026-08-10,151.78,156.7,142.78,148.3,15232482.0,2241395740.0,241469190.00000003,0.06308250754475135
2026-08-11,145.63,148.68,141.66,143.46,11297271.0,1635607789.0,241469190.00000003,0.04678555885328475
2026-08-12,144.02,165.0,142.23,165.0,16618522.0,2516595394.0,241469190.00000003,0.06882253591027492
2026-08-13,166.0,175.98,160.1,162.22,19106759.0,3238189155.0,241469190.00000003,0.0791271093426039
2026-08-14,162.78,166.92,158.0,164.65,12686458.0,2066587084.0,241469190.00000003,0.05253861993739242
2026-08-17,158.5,168.94,155.0,166.47,18365966.0,2963249209.0,241469190.00000003,0.07605925211411028
2026-08-18,166.0,166.0,156.51,160.0,13471651.0,2152712106.0,241469190.00000003,0.05579035155582374
2026-08-19,152.01,155.59,139.0,140.25,15623789.0,2294418069.0,241469190.00000003,0.06470303312816016
2026-08-20,144.0,147.0,138.88,142.57,10349004.0,1477133259.0,241469190.00000003,0.04285848641808091
2026-08-21,143.44,151.38,137.18,145.31,12798401.0,1841604115.0,241469190.00000003,0.053002211172365296
2026-08-24,142.01,145.5,134.25,139.14,10174744.0,1414104380.0,241469190.00000003,0.042136820850726335
2026-08-25,135.1,146.99,130.22,145.75,14910411.0,2081387908.0,241469190.00000003,0.06174871005282288
2026-08-26,145.49,157.98,141.1,155.2,20361935.0,3070397596.0,241469190.00000003,0.08432518865036155
2026-08-27,158.14,186.24,158.0,186.24,21840246.0,3769790833.0,241469190.00000003,0.09044734030043335
2026-08-28,198.77,202.88,189.07,189.9,25904407.0,5056494047.0,241469190.00000003,0.10727831157258612
2026-08-31,181.02,202.0,181.02,193.0,20553431.0,3970308124.0,241469190.00000003,0.08511823392458474
2026-09-01,190.9,191.01,175.55,176.16,17119845.0,3073889510.0,241469190.00000003,0.0708986724144807
2026-09-02,172.9,184.37,172.9,177.05,14037011.0,2514979845.0,241469190.00000003,0.05813168545436376
2026-09-03,181.0,182.5,164.12,168.0,16218955.0,2735303825.0,241469190.00000003,0.06716780306423357
2026-09-04,171.36,174.97,161.36,163.68,12082906.0,2011857532.0,241469190.00000003,0.05003912093298527
2026-09-07,166.66,177.94,164.46,175.5,18353384.0,3138947429.0,241469190.00000003,0.07600714608766443
2026-09-08,175.0,177.79,166.0,167.69,13590186.0,2313180981.0,241469190.00000003,0.05628124233986124
2026-09-09,169.99,182.0,168.1,181.79,17624981.0,3087333879.0,241469190.00000003,0.07299059975311964
2026-09-10,178.0,191.66,178.0,183.37,16947172.0,3126705527.0,241469190.00000003,0.07018357911417186
2026-09-11,179.02,184.5,168.77,178.69,15584787.0,2763768387.0,241469190.00000003,0.06454151355707119
2026-09-14,170.2,179.6,162.2,175.99,13408423.0,2295850510.0,241469190.00000003,0.05552850448539624
2026-09-15,176.15,188.7,175.91,179.49,14317171.0,2634948386.0,241469190.00000003,0.05929191628961027
2026-09-16,178.57,191.45,176.0,186.63,13582517.0,2513019932.0,241469190.00000003,0.0562494825944461
2026-09-17,184.97,189.99,174.69,174.69,13101660.0,2382583729.0,241469190.00000003,0.05425810224484539
2026-09-18,179.86,182.0,168.5,176.8,13712818.0,2385291385.0,241469190.00000003,0.05678910009181709
2026-09-21,176.5,180.8,174.6,174.78,9194290.0,1630660145.0,241469190.00000003,0.038076451906762926
2026-09-22,179.33,183.03,176.1,177.21,10397789.0,1868626665.0,241469190.00000003,0.0430605204746825
2026-09-23,177.0,186.0,175.0,183.1,11038091.0,2008086375.0,241469190.00000003,0.04571221280859889
