date,open,high,low,close,volume,amount,outstanding_share,turnover
2019-12-26,47.92,52.8,47.73,49.83,21117832.0,1098028701.0,27227108.0,0.7756178878785069
2019-12-27,50.21,50.21,44.1,46.0,15518380.0,755728033.0,27227108.0,0.5699606436350125
2019-12-30,45.03,45.03,40.98,41.77,9017010.0,399043824.0,27227108.0,0.3311776630848932
2019-12-31,41.59,43.19,40.4,42.02,6111372.0,269896818.0,27227108.0,0.22445909422330126
2020-01-02,42.35,44.65,41.2,43.41,6886035.0,308760011.0,27227108.0,0.2529109959089302
2020-01-03,43.6,44.33,42.24,43.12,6400874.0,288602325.0,27227108.0,0.23509195321074863
2020-01-06,42.75,48.75,42.74,48.58,11181111.0,535652828.0,27227108.0,0.4106609853679649
2020-01-07,47.91,51.42,47.51,48.77,8811434.0,454439477.0,27227108.0,0.3236272467865482
2020-01-08,48.58,53.9,48.3,52.7,8115082.0,436277059.0,27227108.0,0.2980515594972481
2020-01-09,50.94,53.76,50.6,53.2,6104187.0,332544148.0,27227108.0,0.2241952028103756
2020-01-10,53.26,54.5,51.75,52.18,3164757.0,174834753.0,27227108.0,0.11623551792573783
2020-01-13,51.75,58.93,51.72,58.45,6118253.0,352245930.0,27227108.0,0.2247118202932166
2020-01-14,58.45,66.89,57.06,60.76,6372628.0,407417551.0,27227108.0,0.23405453124143777
2020-01-15,61.63,64.59,60.93,63.13,3550457.0,231575174.0,27227108.0,0.13040154687012664
2020-01-16,63.39,72.16,62.41,71.96,5940161.0,418308132.0,27227108.0,0.21817083915045254
2020-01-17,70.43,74.72,68.04,71.65,5201901.0,387713236.0,27227108.0,0.19105595056221175
2020-01-20,70.53,78.58,70.14,72.23,4483795.0,344902521.0,27227108.0,0.1646812801418351
2020-01-21,70.58,71.37,65.93,67.08,4367639.0,310541062.0,27227108.0,0.16041509072502302
2020-01-22,66.63,74.72,64.11,72.63,3761684.0,274175259.0,27227108.0,0.13815951367291746
2020-01-23,70.79,72.63,63.82,67.08,3352266.0,239995507.0,27227108.0,0.12312236760510885
2020-02-03,55.87,62.44,55.69,55.94,3727615.0,226935320.0,27227108.0,0.13690822396561544
2020-02-04,57.97,65.31,57.97,64.11,3153030.0,205309726.0,27227108.0,0.11580480747349296
2020-02-05,62.29,70.43,61.54,65.35,3318268.0,230417588.0,27227108.0,0.1218736855930494
2020-02-06,64.38,70.49,64.38,68.31,2618808.0,187259816.0,27227108.0,0.09618384736270925
2020-02-07,67.65,74.32,65.93,71.96,4428569.0,316439169.0,27227108.0,0.16265293398035516
2020-02-10,75.51,77.62,71.63,71.94,3651957.0,282977077.0,27227108.0,0.13412944922391318
2020-02-11,71.13,74.24,68.66,70.23,2532484.0,186543791.0,27227108.0,0.09301333068499232
2020-02-12,70.91,75.59,68.14,73.51,3905790.0,291588052.0,27227108.0,0.14345225354084612
2020-02-13,72.52,77.02,70.0,72.68,3898529.0,298455773.0,27227108.0,0.14318557079216787
2020-02-14,72.83,77.65,71.47,73.69,4211968.0,329378297.0,27227108.0,0.1546975903573747
2020-02-17,73.94,75.28,71.69,74.47,3001639.0,230264849.0,27227108.0,0.11024450338243783
2020-02-18,73.79,85.28,73.5,81.83,5707737.0,469623962.0,27227108.0,0.20963434676940348
2020-02-19,80.49,82.41,76.66,77.02,4006021.0,328243557.0,27227108.0,0.1471335479331848
2020-02-20,77.02,79.51,72.52,73.9,2837409.0,222192975.0,27227108.0,0.1042126471897052
2020-02-21,75.99,78.96,75.22,76.97,3123186.0,249423230.0,27227108.0,0.1147086939971737
2020-02-24,76.66,80.36,73.77,78.58,3821401.0,307267342.0,27227108.0,0.1403528057405142
2020-02-25,76.08,78.42,72.84,75.6,3069456.0,242875403.0,27227108.0,0.11273529307629734
2020-02-26,73.31,73.92,64.69,65.64,3848614.0,275867622.0,27227108.0,0.14135228758045107
2020-02-27,65.74,67.03,62.1,62.29,2633814.0,176343723.0,27227108.0,0.09673498926143753
2020-02-28,58.45,61.13,57.03,58.13,3735574.0,228621529.0,27227108.0,0.13720054292949513
2020-03-02,60.19,61.76,58.16,59.63,3192565.0,198638673.0,27227108.0,0.11725685298636931
2020-03-03,61.14,65.73,59.97,60.61,4527448.0,294973956.0,27227108.0,0.16628457197877938
2020-03-04,59.86,62.09,56.55,58.75,3081539.0,190155015.0,27227108.0,0.11317907873285697
2020-03-05,60.37,62.57,58.77,61.64,3154076.0,199426760.0,27227108.0,0.11584322506819307
2020-03-06,60.35,60.93,59.4,59.61,1592698.0,99769063.0,27227108.0,0.058496774611537884
2020-03-09,57.84,57.84,53.25,53.86,2607810.0,151443992.0,27227108.0,0.09577991169682804
2020-03-10,53.55,58.71,51.92,58.44,3919278.0,228912677.0,27227108.0,0.14394764218072664
2020-03-11,58.36,58.36,54.81,55.3,2221607.0,131535809.0,27227108.0,0.08159540851712932
2020-03-12,54.04,57.49,53.87,55.65,1654565.0,96035021.0,27227108.0,0.060769032098451296
2020-03-13,52.01,60.35,52.01,58.6,4365635.0,263634156.0,27227108.0,0.16034148760859948
2020-03-16,58.07,61.52,58.07,59.42,4604077.0,287788486.0,27227108.0,0.1690990097075312
2020-03-17,61.14,62.48,56.56,61.42,4445884.0,280891720.0,27227108.0,0.16328888106661935
2020-03-18,63.37,66.24,60.38,61.28,4858641.0,325408375.0,27227108.0,0.17844866226703182
2020-03-19,61.64,64.67,57.51,64.44,5441228.0,344972509.0,27227108.0,0.1998459770314203
2020-03-20,64.4,65.61,61.4,61.96,3965319.0,261404647.0,27227108.0,0.14563864072526542
2020-03-23,58.64,60.05,52.22,53.83,3182623.0,187346271.0,27227108.0,0.11689170219620827
2020-03-24,55.45,56.13,52.01,55.11,2218349.0,125619252.0,27227108.0,0.08147574836078808
2020-03-25,57.42,57.69,55.07,55.61,2117702.0,124485363.0,27227108.0,0.07777917507801416
2020-03-26,54.69,57.0,53.77,55.24,1746749.0,100892950.0,27227108.0,0.06415477545393364
2020-03-27,56.47,56.47,53.28,53.55,1853036.0,105296088.0,27227108.0,0.06805849523203125
2020-03-30,51.75,52.47,48.1,48.77,2886777.0,148672985.0,27227108.0,0.10602584012962375
2020-03-31,49.92,50.88,47.8,48.11,2314752.0,119661817.0,27227108.0,0.08501644757864112
2020-04-01,48.2,50.4,47.93,49.06,1939559.0,100225929.0,27227108.0,0.07123632080204773
2020-04-02,48.35,53.04,48.16,53.04,2471879.0,130840683.0,27227108.0,0.09078742406281269
2020-04-03,52.22,53.15,50.5,51.1,1969371.0,105889303.0,27227108.0,0.07233125897910274
2020-04-07,52.7,53.28,51.59,52.28,1921648.0,105008226.0,27227108.0,0.07057848376698693
2020-04-08,51.6,53.81,50.86,52.47,1615378.0,88990226.0,27227108.0,0.05932976796507363
2020-04-09,52.7,53.35,51.23,51.84,1872067.0,101411834.0,27227108.0,0.06875746774134073
2020-04-10,51.39,51.65,48.07,49.46,1904483.0,98574695.0,27227108.0,0.06994804589602392
2020-04-13,48.38,48.68,46.86,47.21,1985460.0,98854527.0,27227108.0,0.07292217741230542
2020-04-14,47.48,49.01,47.48,48.89,1422728.0,71629103.0,27227108.0,0.05225409911328078
2020-04-15,48.95,50.64,48.42,49.95,1718156.0,89425883.0,27227108.0,0.06310460883322606
2020-04-16,49.63,50.28,48.97,49.69,1196823.0,61815813.0,27227108.0,0.04395703722922023
2020-04-17,50.31,52.01,49.92,50.46,2129782.0,113206210.0,27227108.0,0.07822285055026777
2020-04-20,50.42,50.61,49.5,50.16,1255249.0,65382250.0,27227108.0,0.046102913317124974
2020-04-21,50.16,50.19,48.01,49.16,1485163.0,75813646.0,27227108.0,0.05454721816213459
2020-04-22,49.14,55.1,48.47,55.0,4334441.0,239680147.0,27227108.0,0.15919579119456975
2020-04-23,55.58,55.94,53.81,54.32,2711786.0,155179803.0,27227108.0,0.09959875283118574
2020-04-24,54.2,58.25,52.8,56.19,2554250.0,149643672.0,27227108.0,0.09381275455329299
2020-04-27,55.67,57.68,53.43,54.86,1826978.0,104267286.0,27227108.0,0.06710143434991334
2020-04-28,54.67,55.05,46.95,51.07,2864322.0,154892826.0,27227108.0,0.10520111059903975
2020-04-29,51.09,53.17,51.09,51.55,1602887.0,87139085.0,27227108.0,0.05887099724289484
2020-04-30,52.81,61.04,52.13,59.99,4062341.0,240056491.0,27227108.0,0.14920207463826124
2020-05-06,59.79,70.33,58.45,68.51,5294594.0,360859377.0,27227108.0,0.19446038852161604
2020-05-07,67.33,69.24,64.2,64.87,4042992.0,279069586.0,27227108.0,0.14849142259251333
2020-05-08,65.64,66.86,63.14,65.12,4979886.0,339122778.0,27227108.0,0.18290176099496133
2020-05-11,65.07,68.98,63.42,64.59,4385448.0,300919934.0,27227108.0,0.16106918149367902
2020-05-12,63.31,64.19,60.55,63.73,3602072.0,234249415.0,27227108.0,0.1322972678552566
2020-05-13,62.68,65.16,62.48,63.3,2944368.0,194885232.0,27227108.0,0.10814104825235203
2020-05-14,63.88,72.35,63.79,66.37,7410065.0,525205934.0,27227108.0,0.2721576232040509
2020-05-15,67.36,70.24,65.48,66.6,5962497.0,421952731.0,27227108.0,0.21899119803689765
2020-05-18,69.25,79.34,67.08,73.86,8613908.0,652372228.0,27227108.0,0.31637249170936554
2020-05-19,74.26,88.64,72.57,88.64,8561758.0,722837576.0,27227108.0,0.3144571211896614
2020-05-20,90.64,97.5,84.33,88.64,10914279.0,1036444465.0,27227108.0,0.4008607524530332
2020-05-21,89.13,90.08,80.73,84.8,8661080.0,769108511.0,27227108.0,0.31810502973727506
2020-05-22,81.83,84.08,76.86,80.03,7773680.0,652311441.0,27227108.0,0.2855125120155986
2020-05-25,79.44,85.85,78.87,82.01,7318637.0,636280699.0,27227108.0,0.2687996462936864
2020-05-26,81.45,87.97,81.08,85.89,7210808.0,634108088.0,27227108.0,0.2648392917822929
2020-05-27,84.31,90.63,82.03,83.89,7652994.0,682585050.0,27227108.0,0.28107994429669136
2020-05-28,82.0,82.07,76.19,79.53,6623037.0,545036009.0,27227108.0,0.2432515785370962
2020-05-29,77.82,87.22,77.16,80.99,7125937.0,615122327.0,27227108.0,0.2617221410367932
2020-06-01,82.2,87.19,81.07,85.23,6187440.0,547346886.0,27227108.0,0.22725292748682674
2020-06-02,86.74,97.51,84.61,92.47,8996442.0,844936029.0,27227108.0,0.3304222394827978
2020-06-03,90.17,100.49,89.31,91.87,9086529.0,892193726.0,27227108.0,0.3337309640083699
2020-06-04,90.09,93.24,84.91,86.34,6263731.0,575592482.0,27227108.0,0.23005495111709992
2020-06-05,85.33,88.92,83.18,84.98,4629903.0,416666407.0,27227108.0,0.1700475496699833
2020-06-08,85.48,87.77,82.22,82.79,3850921.0,342025780.0,27227108.0,0.14143701931178296
2020-06-09,82.49,86.2,81.67,86.08,4270449.0,374869188.0,27227108.0,0.1568454864908899
2020-06-10,84.54,84.91,81.26,82.2,3844272.0,331400037.0,27227108.0,0.14119281416153343
2020-06-11,82.6,85.51,82.01,82.04,3804208.0,332509227.0,27227108.0,0.13972133948269497
2020-06-12,78.81,81.14,78.42,80.02,3054240.0,252801181.0,27227108.0,0.11217643827614743
2020-06-15,78.94,79.65,74.97,74.97,3874237.0,310315683.0,27227108.0,0.14229337173819562
2020-06-16,76.28,79.28,76.28,77.7,3100719.0,250730236.0,27227108.0,0.1138835237293656
2020-06-17,77.84,77.9,73.81,75.54,3525058.0,275933600.0,27227108.0,0.12946868980723183
2020-06-18,75.54,78.79,74.96,75.92,3331417.0,266549262.0,27227108.0,0.12235662340634929
2020-06-19,75.59,78.78,74.96,77.3,3141568.0,251293438.0,27227108.0,0.11538382996828014
2020-06-22,78.81,88.82,78.66,85.82,6868622.0,598986427.0,27227108.0,0.25227144946866925
2020-06-23,85.54,91.24,84.14,87.54,6449424.0,589689304.0,27227108.0,0.23687510256322486
2020-06-24,86.51,90.31,85.58,85.97,4704580.0,428170781.0,27227108.0,0.172790294143616
2020-06-29,85.32,88.78,83.33,85.57,4052799.0,362751630.0,28500000.0,0.14220347368421052
2020-06-30,88.08,92.15,87.46,88.95,5085026.0,474339804.0,28500000.0,0.1784219649122807
2020-07-01,87.63,90.26,85.09,87.64,4450165.0,405855599.0,28500000.0,0.1561461403508772
2020-07-02,88.28,93.79,88.21,92.27,6337593.0,601993613.0,28500000.0,0.2223716842105263
2020-07-03,92.2,92.26,86.71,88.61,4554474.0,421769779.0,28500000.0,0.1598061052631579
2020-07-06,89.28,101.41,89.24,99.94,6269097.0,631786661.0,28500000.0,0.21996831578947368
2020-07-07,101.37,105.71,97.07,97.22,6751000.0,707259849.0,28500000.0,0.23687719298245613
2020-07-08,96.2,99.88,94.66,98.51,4291937.0,433038313.0,28500000.0,0.15059428070175437
2020-07-09,97.07,108.22,96.3,103.8,5900982.0,632186566.0,28500000.0,0.207052
2020-07-10,101.67,104.24,99.27,101.58,3931147.0,415265482.0,28500000.0,0.13793498245614036
2020-07-13,100.43,109.8,100.05,106.78,5079322.0,560083103.0,28500000.0,0.1782218245614035
2020-07-14,104.23,108.5,97.84,105.12,4946523.0,530237741.0,28500000.0,0.1735622105263158
2020-07-15,103.79,105.72,91.3,92.84,5487550.0,553882840.0,28500000.0,0.19254561403508771
2020-07-16,92.42,92.42,78.5,80.54,5243851.0,468811877.0,28500000.0,0.18399477192982455
2020-07-17,81.11,83.21,78.64,79.75,2636006.0,222298383.0,28500000.0,0.09249143859649123
2020-07-20,81.11,82.27,76.19,81.75,2748731.0,227343320.0,28500000.0,0.09644670175438597
2020-07-21,82.17,84.57,81.02,81.98,2522071.0,216429181.0,28500000.0,0.08849371929824561
2020-07-22,80.72,87.71,80.15,86.9,4018843.0,355839435.0,28500000.0,0.1410120350877193
2020-07-23,85.49,87.35,83.61,85.72,2365501.0,210461301.0,28500000.0,0.0830000350877193
2020-07-24,84.88,86.24,78.5,78.69,2916443.0,248174465.0,28500000.0,0.10233133333333333
2020-07-27,79.3,81.21,77.36,78.88,1531073.0,126301042.0,28500000.0,0.05372185964912281
2020-07-28,80.44,81.19,78.34,79.37,1208604.0,100286917.0,28500000.0,0.04240715789473684
2020-07-29,79.08,85.91,78.83,85.0,2258832.0,195197756.0,28500000.0,0.07925726315789473
2020-07-30,85.42,89.78,83.52,86.97,2497013.0,224379243.0,28500000.0,0.08761449122807018
2020-07-31,86.55,93.73,86.49,91.8,3723382.0,351460797.0,28500000.0,0.13064498245614034
2020-08-03,93.7,96.92,90.27,93.03,4063218.0,394905584.0,28500000.0,0.14256905263157896
2020-08-04,92.89,92.89,86.63,89.44,3094953.0,288829267.0,28500000.0,0.10859484210526316
2020-08-05,93.77,94.66,89.44,89.88,2580812.0,246382585.0,28500000.0,0.09055480701754386
2020-08-06,87.94,90.18,86.91,88.42,1821070.0,167477346.0,28500000.0,0.06389719298245614
2020-08-07,87.51,88.42,80.73,82.7,2373522.0,206832181.0,28500000.0,0.08328147368421053
2020-08-10,81.15,85.96,79.98,83.76,2018310.0,172761388.0,28500000.0,0.07081789473684211
2020-08-11,83.13,89.51,82.98,85.54,3275467.0,295031091.0,28500000.0,0.11492866666666667
2020-08-12,85.53,90.23,84.09,88.88,3257534.0,296891158.0,28500000.0,0.11429943859649123
2020-08-13,89.05,89.64,82.36,83.07,2533696.0,224734659.0,28500000.0,0.08890161403508771
2020-08-14,81.74,83.61,80.23,82.15,1956858.0,166286183.0,28500000.0,0.06866168421052632
2020-08-17,83.13,83.42,81.57,83.27,1706106.0,146604466.0,28500000.0,0.05986336842105263
2020-08-18,83.65,83.69,81.74,82.23,1275228.0,109169438.0,28500000.0,0.04474484210526316
2020-08-19,82.35,82.43,79.8,79.82,1553843.0,130696039.0,28500000.0,0.05452080701754386
2020-08-20,79.0,82.34,78.4,80.17,1134644.0,94960615.0,28500000.0,0.0398120701754386
2020-08-21,81.06,82.04,78.04,78.73,1090617.0,90578738.0,28500000.0,0.038267263157894735
2020-08-24,79.37,79.56,75.71,76.19,2121339.0,170814678.0,28500000.0,0.07443294736842106
2020-08-25,76.79,77.07,69.77,70.85,3924292.0,295462462.0,28500000.0,0.1376944561403509
2020-08-26,70.06,71.07,67.18,67.43,2141462.0,153388233.0,28500000.0,0.07513901754385965
2020-08-27,67.73,72.56,66.52,70.66,2424480.0,176646436.0,28500000.0,0.08506947368421053
2020-08-28,69.68,71.89,69.23,70.93,1586149.0,116631401.0,28500000.0,0.05565435087719298
2020-08-31,72.08,72.56,70.33,70.6,1406678.0,104645914.0,28500000.0,0.049357122807017546
2020-09-01,70.05,71.57,68.81,70.68,1081309.0,79026736.0,28500000.0,0.037940666666666664
2020-09-02,70.55,70.97,68.89,69.97,1161744.0,84265175.0,28500000.0,0.04076294736842105
2020-09-03,69.95,70.98,68.92,69.98,882924.0,64275498.0,28500000.0,0.03097978947368421
2020-09-04,69.76,73.52,69.12,71.88,1760193.0,131936389.0,28500000.0,0.061761157894736844
2020-09-07,71.86,72.1,69.0,69.37,1346485.0,98970487.0,28500000.0,0.047245087719298244
2020-09-08,69.21,69.68,67.26,68.02,1088737.0,77285056.0,28500000.0,0.03820129824561404
2020-09-09,66.79,67.2,63.49,64.9,1512768.0,102680310.0,28500000.0,0.05307957894736842
2020-09-10,65.39,69.06,65.39,67.35,1825690.0,128172550.0,28500000.0,0.06405929824561403
2020-09-11,67.35,68.79,66.04,68.4,1100325.0,77595891.0,28500000.0,0.038607894736842105
2020-09-14,71.12,71.6,68.87,69.08,1384952.0,100973116.0,28500000.0,0.04859480701754386
2020-09-15,69.64,73.58,68.23,72.04,2134717.0,158680762.0,28500000.0,0.07490235087719298
2020-09-16,71.42,72.44,70.09,70.44,1218112.0,90068813.0,28500000.0,0.04274077192982456
2020-09-17,70.36,73.89,69.4,72.8,2178608.0,163972255.0,28500000.0,0.07644238596491228
2020-09-18,74.48,76.86,73.62,74.29,2539717.0,198685921.0,28500000.0,0.08911287719298246
2020-09-21,74.48,75.17,73.04,73.06,1264523.0,96935222.0,28500000.0,0.04436922807017544
2020-09-22,72.82,73.47,70.86,70.92,1351481.0,101430494.0,28500000.0,0.04742038596491228
2020-09-23,71.26,74.27,71.13,73.33,1741670.0,131898513.0,28500000.0,0.06111122807017544
2020-09-24,72.75,73.09,70.04,70.35,1574756.0,116893534.0,28500000.0,0.05525459649122807
2020-09-25,70.83,70.83,67.27,67.68,1387291.0,98888246.0,28500000.0,0.04867687719298246
2020-09-28,67.68,68.18,64.42,64.87,1752218.0,119853235.0,28500000.0,0.06148133333333333
2020-09-29,65.57,67.61,65.39,65.83,1667809.0,115012665.0,28500000.0,0.05851961403508772
2020-09-30,66.79,66.79,62.95,63.43,1922091.0,128829387.0,28500000.0,0.0674417894736842
2020-10-09,64.79,67.95,64.79,66.95,2007530.0,138791414.0,28500000.0,0.07043964912280702
2020-10-12,68.12,71.3,66.97,70.54,2219507.0,160960318.0,28500000.0,0.07787743859649122
2020-10-13,70.7,70.78,69.2,69.87,1423498.0,103542886.0,28500000.0,0.04994729824561404
2020-10-14,69.87,70.52,68.08,68.6,1298784.0,93321197.0,28500000.0,0.04557136842105263
2020-10-15,68.89,70.33,66.85,67.2,1425194.0,101603253.0,28500000.0,0.05000680701754386
2020-10-16,67.8,68.11,65.83,67.09,966971.0,67225181.0,28500000.0,0.03392880701754386
2020-10-19,67.75,68.67,66.56,67.05,802134.0,56381152.0,28500000.0,0.028145052631578946
2020-10-20,67.27,67.64,64.87,67.64,946410.0,64982801.0,28500000.0,0.03320736842105263
2020-10-21,67.2,67.61,64.67,65.08,1082906.0,73954478.0,28500000.0,0.037996701754385964
2020-10-22,64.34,66.0,63.44,64.97,852008.0,57776980.0,28500000.0,0.029895017543859648
2020-10-23,64.01,65.55,63.04,63.48,800661.0,53414488.0,28500000.0,0.02809336842105263
2020-10-26,63.24,63.87,61.53,62.05,910132.0,59161077.0,28500000.0,0.03193445614035088
2020-10-27,61.88,62.61,60.8,62.23,748883.0,48122908.0,28500000.0,0.02627659649122807
2020-10-28,62.24,63.33,60.76,63.13,823287.0,53201140.0,28500000.0,0.028887263157894735
2020-10-29,61.53,63.33,61.53,63.07,849223.0,55105206.0,28500000.0,0.029797298245614036
2020-10-30,63.72,66.09,61.77,61.81,2128616.0,141923117.0,28500000.0,0.07468828070175439
2020-11-02,61.57,62.95,58.89,59.92,1532118.0,96407826.0,28500000.0,0.05375852631578947
2020-11-03,60.37,64.38,60.35,64.15,2079925.0,136813475.0,28500000.0,0.0729798245614035
2020-11-04,64.65,64.92,62.95,63.46,1298340.0,86578848.0,28500000.0,0.04555578947368421
2020-11-05,64.92,66.02,63.12,64.16,1298337.0,86898727.0,28500000.0,0.04555568421052632
2020-11-06,64.38,66.74,63.59,64.82,2187829.0,147911294.0,28500000.0,0.0767659298245614
2020-11-09,66.31,70.85,65.74,69.87,3547719.0,254769647.0,28500000.0,0.12448136842105263
2020-11-10,69.2,69.82,67.37,67.71,1962506.0,139921672.0,28500000.0,0.0688598596491228
2020-11-11,67.48,68.71,64.2,64.27,1721654.0,117895858.0,28500000.0,0.060408912280701756
2020-11-12,65.19,65.78,64.03,64.74,929327.0,62685694.0,28500000.0,0.0326079649122807
2020-11-13,64.46,66.49,63.53,66.02,1128392.0,76865416.0,28500000.0,0.039592701754385964
2020-11-16,66.22,67.24,65.17,66.29,966339.0,66311032.0,28500000.0,0.03390663157894737
2020-11-17,66.29,66.29,63.01,65.16,1534364.0,102284462.0,28500000.0,0.053837333333333334
2020-11-18,64.87,66.3,64.16,64.58,978714.0,66233836.0,28500000.0,0.034340842105263156
2020-11-19,64.87,65.83,63.77,64.31,804485.0,54356804.0,28500000.0,0.028227543859649123
2020-11-20,64.32,64.53,63.26,63.55,649915.0,43071741.0,28500000.0,0.022804035087719297
2020-11-23,63.09,63.62,62.01,63.09,995381.0,64971776.0,28500000.0,0.03492564912280702
2020-11-24,63.02,64.47,62.28,63.29,1048246.0,69318320.0,28500000.0,0.03678056140350877
2020-11-25,63.24,64.32,62.85,62.93,848737.0,56078829.0,28500000.0,0.029780245614035087
2020-11-26,62.64,63.03,61.08,61.24,780538.0,50375708.0,28500000.0,0.027387298245614033
2020-11-27,61.24,62.64,60.83,61.6,831257.0,53330452.0,28500000.0,0.029166912280701753
2020-11-30,61.84,63.33,61.33,62.29,876372.0,56819563.0,28500000.0,0.030749894736842105
2020-12-01,61.99,63.19,61.7,62.71,763247.0,49647413.0,28500000.0,0.02678059649122807
2020-12-02,62.71,65.73,62.71,64.58,1614666.0,108131103.0,28500000.0,0.056654947368421055
2020-12-03,64.67,66.0,63.38,63.54,935825.0,62805895.0,28500000.0,0.032835964912280705
2020-12-04,63.91,65.34,63.12,64.27,876220.0,58606490.0,28500000.0,0.03074456140350877
2020-12-07,65.31,65.8,64.2,64.77,1035370.0,70175243.0,28500000.0,0.03632877192982456
2020-12-08,64.4,65.45,63.43,63.54,630598.0,42245767.0,28500000.0,0.02212624561403509
2020-12-09,63.57,64.57,60.55,60.93,1002928.0,65186113.0,28500000.0,0.03519045614035088
2020-12-10,61.03,62.47,60.13,61.97,883566.0,56549925.0,28500000.0,0.031002315789473683
2020-12-11,61.63,62.65,60.41,60.98,701425.0,44692434.0,28500000.0,0.02461140350877193
2020-12-14,61.05,62.07,59.7,60.81,591848.0,37221525.0,28500000.0,0.02076659649122807
2020-12-15,60.74,60.91,59.26,59.94,769249.0,47881936.0,28500000.0,0.02699119298245614
2020-12-16,59.73,59.8,56.62,56.82,1262594.0,75542990.0,28500000.0,0.04430154385964912
2020-12-17,56.22,57.63,54.59,57.2,1129603.0,65761284.0,28500000.0,0.03963519298245614
2020-12-18,57.65,58.53,55.74,56.32,720884.0,42856675.0,28500000.0,0.02529417543859649
2020-12-21,56.31,59.47,55.93,59.17,1250733.0,76347771.0,28500000.0,0.04388536842105263
2020-12-22,58.73,59.96,57.73,57.89,941767.0,57483130.0,28500000.0,0.03304445614035088
2020-12-23,57.74,58.91,56.87,58.21,714300.0,43146680.0,28500000.0,0.025063157894736843
2020-12-24,58.86,58.86,56.05,56.11,754968.0,44800093.0,28500000.0,0.026490105263157895
2020-12-25,56.02,56.95,54.59,55.49,883870.0,51058405.0,28500000.0,0.03101298245614035
2020-12-28,55.49,55.49,52.99,53.63,1022408.0,57215441.0,33443500.0,0.030571202176805656
2020-12-29,53.82,57.13,53.63,56.03,1182611.0,68799642.0,33443500.0,0.03536146037346569
2020-12-30,55.92,57.18,55.03,56.64,703956.0,41072015.0,33443500.0,0.02104911268258406
2020-12-31,56.64,59.65,56.38,59.02,1208277.0,73732581.0,33654800.0,0.03590207043274659
2021-01-04,58.9,59.94,58.42,59.16,1078013.0,66244918.0,33654800.0,0.0320314784220973
2021-01-05,59.32,60.35,58.6,59.64,1041023.0,64409607.0,33654800.0,0.030932378145168
2021-01-06,59.58,60.24,56.71,57.22,1185299.0,71250706.0,33654800.0,0.035219314926845505
2021-01-07,56.93,57.67,55.03,55.52,891138.0,51717490.0,33654800.0,0.026478778658616305
2021-01-08,55.64,56.7,53.39,56.32,745947.0,43159526.0,33654800.0,0.022164654076090185
2021-01-11,56.32,57.86,55.14,55.51,1037812.0,61085951.0,33654800.0,0.030836968277927666
2021-01-12,55.51,55.51,53.63,54.2,1036906.0,58470060.0,33654800.0,0.030810047898071003
2021-01-13,53.9,56.59,53.87,56.59,1191560.0,68535051.0,33654800.0,0.03540535079691456
2021-01-14,56.18,61.79,55.84,60.16,2737903.0,169741060.0,33654800.0,0.08135252623697066
2021-01-15,61.89,64.97,60.64,62.89,3549360.0,232010664.0,33654800.0,0.10546370800004753
2021-01-18,63.43,67.15,63.07,66.46,2885480.0,196595067.0,33654800.0,0.08573754709580803
2021-01-19,66.41,70.44,64.45,64.96,3278822.0,229866973.0,33654800.0,0.09742509240880944
2021-01-20,65.16,66.88,63.86,64.38,1764750.0,119132779.0,33654800.0,0.0524367995055683
2021-01-21,65.45,66.43,63.1,63.19,2238358.0,149844255.0,33654800.0,0.06650932407858612
2021-01-22,63.14,63.89,61.39,61.56,1697493.0,109611479.0,33654800.0,0.05043836243269905
2021-01-25,61.32,63.01,59.58,62.47,1555138.0,99904247.0,33654800.0,0.04620850517608187
2021-01-26,62.48,65.1,62.0,63.1,1571667.0,104367467.0,33654800.0,0.04669963868452643
2021-01-27,61.51,62.74,59.3,59.34,1683193.0,105834105.0,33654800.0,0.05001346018992833
2021-01-28,58.21,60.14,57.48,57.65,937689.0,57324515.0,33654800.0,0.027861969169330973
2021-01-29,58.59,59.01,54.59,55.5,1079493.0,63084529.0,33654800.0,0.03207545431855188
2021-02-01,55.9,59.07,55.9,58.61,718185.0,43445454.0,33654800.0,0.02133974945624398
2021-02-02,59.19,59.38,56.7,58.05,725899.0,43851982.0,33654800.0,0.02156895895979177
2021-02-03,57.65,58.62,55.88,56.33,660481.0,38954030.0,33654800.0,0.019625164909611706
2021-02-04,55.77,59.7,54.98,58.32,1170497.0,69399697.0,33654800.0,0.034779496535412485
2021-02-05,58.62,59.2,54.66,54.68,1281260.0,75179866.0,33654800.0,0.03807064668338543
2021-02-08,54.59,56.51,53.11,54.76,784847.0,44834107.0,33654800.0,0.023320507030200745
2021-02-09,54.5,56.38,54.02,55.64,679171.0,39189892.0,33654800.0,0.02018050916956868
2021-02-10,55.64,56.07,54.06,54.79,919020.0,52421495.0,33654800.0,0.027307248891688556
2021-02-18,55.74,60.07,55.64,58.89,1550793.0,94275708.0,33654800.0,0.04607940026385538
2021-02-19,59.36,60.35,57.74,58.52,1169233.0,70996650.0,33654800.0,0.03474193874276477
2021-02-22,59.34,60.03,58.04,58.56,1338961.0,82496294.0,33654800.0,0.03978514208968706
2021-02-23,57.66,58.53,56.22,56.29,1228819.0,72492546.0,33654800.0,0.036512443990158905
2021-02-24,56.53,57.95,56.31,56.58,1064826.0,63293722.0,33654800.0,0.03163964724199817
2021-02-25,56.99,57.17,54.98,55.74,963172.0,55799369.0,33654800.0,0.028619156851325815
2021-02-26,54.32,55.88,54.29,54.47,795090.0,45338126.0,33654800.0,0.02362486183248749
2021-03-01,55.03,56.93,54.51,56.74,883338.0,51488299.0,33654800.0,0.026247013798923184
2021-03-02,57.65,59.55,57.3,58.3,1644397.0,100126751.0,33654800.0,0.04886069743394701
2021-03-03,58.37,59.06,57.74,58.52,908703.0,55224667.0,33654800.0,0.027000695294579078
2021-03-04,59.1,59.96,57.54,57.76,1073175.0,65435064.0,33654800.0,0.031887724782200456
2021-03-05,57.18,60.32,57.09,59.93,1917199.0,118597902.0,33654800.0,0.05696658426138322
2021-03-08,60.26,60.44,57.87,58.39,1241361.0,76497084.0,33654800.0,0.036885109999168025
2021-03-09,58.14,60.16,55.83,56.7,1504362.0,91366860.0,33654800.0,0.04469977536636676
2021-03-10,57.66,60.13,56.24,57.91,1890150.0,114525148.0,33654800.0,0.05616286532678845
2021-03-11,58.77,61.31,58.15,60.3,2563857.0,159254651.0,33654800.0,0.07618102024079774
2021-03-12,62.28,63.95,58.82,59.58,2947136.0,189516883.0,33654800.0,0.08756955917135148
2021-03-15,58.6,58.62,55.81,56.04,1995154.0,118312242.0,33654800.0,0.059282895753354645
2021-03-16,56.22,57.18,54.49,55.92,1185145.0,68534211.0,33654800.0,0.03521473905653874
2021-03-17,55.68,56.76,54.97,56.12,680154.0,39737189.0,33654800.0,0.020209717484578723
2021-03-18,56.12,56.68,55.31,55.83,750222.0,43567351.0,33654800.0,0.022291679047268146
2021-03-19,55.27,56.13,54.95,55.24,519755.0,29990063.0,33654800.0,0.015443710852538123
2021-03-22,54.78,55.84,54.78,55.61,594062.0,34208485.0,33654800.0,0.01765162770243769
2021-03-23,56.54,58.99,56.22,56.68,1622194.0,97412851.0,33654800.0,0.04820096984679748
2021-03-24,56.41,56.51,53.9,54.77,1260570.0,72206191.0,33654800.0,0.037455875536327655
2021-03-25,54.39,55.68,54.19,55.52,584279.0,33496221.0,33654800.0,0.01736094108418413
2021-03-26,55.51,56.6,55.0,56.25,744082.0,43299427.0,33654800.0,0.02210923850386869
2021-03-29,56.26,57.26,55.84,56.15,492327.0,28913271.0,33654800.0,0.014628730522837754
2021-03-30,55.89,56.14,54.49,54.65,756300.0,43346340.0,33654800.0,0.02247227735716748
2021-03-31,54.63,55.35,54.21,54.97,328688.0,18733478.0,33654800.0,0.009766452333693856
2021-04-01,55.23,57.58,54.44,56.72,1312549.0,77095680.0,33654800.0,0.0390003506186339
2021-04-02,57.02,58.6,57.02,57.89,1200911.0,72408771.0,33654800.0,0.035683201207554346
2021-04-06,58.25,59.91,57.04,58.27,1270540.0,77685576.0,33654800.0,0.037752118568525145
2021-04-07,58.35,59.09,57.37,58.72,791981.0,48042843.0,33654800.0,0.023532482736489297
2021-04-08,58.78,59.23,57.55,57.57,722379.0,43885875.0,33654800.0,0.02146436763849436
2021-04-09,57.76,58.05,56.74,57.05,540740.0,32259332.0,33654800.0,0.016067247465443264
2021-04-12,57.18,57.53,55.51,55.74,560505.0,32803378.0,33654800.0,0.01665453367721692
2021-04-13,55.75,57.83,55.21,56.71,700772.0,41332184.0,33654800.0,0.020822349263700867
2021-04-14,56.41,57.25,56.2,56.83,392490.0,23133125.0,33654800.0,0.011662229459096474
2021-04-15,56.7,56.87,55.52,56.62,548609.0,32031865.0,33654800.0,0.01630106255274136
2021-04-16,56.59,57.01,55.82,56.64,426116.0,25026525.0,33654800.0,0.012661373711922223
2021-04-19,56.79,58.36,56.68,58.24,841768.0,50643002.0,33654800.0,0.02501182595053306
2021-04-20,57.76,59.1,57.06,57.08,901868.0,54409275.0,33654800.0,0.026797603907912096
2021-04-21,57.06,57.2,55.89,56.38,495322.0,29066871.0,33654800.0,0.0147177222862712
2021-04-22,56.38,58.56,56.23,58.07,1023716.0,61653574.0,33654800.0,0.03041812757764123
2021-04-23,58.05,58.8,57.33,58.12,714463.0,43140476.0,33654800.0,0.021229156019349396
2021-04-26,58.24,60.35,58.24,58.49,1478581.0,91242385.0,33654800.0,0.0439337330781939
2021-04-27,58.55,62.28,57.82,61.44,1952034.0,121995517.0,33654800.0,0.058001652067461405
2021-04-28,61.45,61.78,59.66,60.82,1319380.0,82910015.0,33654800.0,0.03920332315152668
2021-04-29,59.97,60.41,58.4,58.92,1214793.0,74583314.0,33654800.0,0.036095683230921
2021-04-30,58.92,59.1,57.86,58.44,738143.0,44912406.0,33654800.0,0.021932770362622867
2021-05-06,58.61,58.96,56.91,56.98,880995.0,52941765.0,33654800.0,0.026177395200684597
2021-05-07,57.02,57.13,55.37,55.53,810272.0,47380990.0,33654800.0,0.02407597133246966
2021-05-10,55.28,56.05,54.9,55.62,435757.0,25179548.0,33654800.0,0.012947841021191628
2021-05-11,55.27,56.39,55.07,55.88,367110.0,21319283.0,33654800.0,0.010908102261787324
2021-05-12,55.82,56.44,55.35,56.44,430528.0,25029213.0,33654800.0,0.012792469424866587
2021-05-13,55.82,57.92,55.82,56.7,634978.0,37664011.0,33654800.0,0.018867382958745856
2021-05-14,56.87,57.89,56.61,57.24,460333.0,27386090.0,33654800.0,0.013678078609886258
2021-05-17,57.64,57.64,55.74,55.95,666836.0,39368669.0,33654800.0,0.019813993843374497
2021-05-18,55.78,57.36,55.34,56.8,749481.0,43899084.0,33654800.0,0.0222696613855973
2021-05-19,56.7,57.28,55.81,55.85,607486.0,35701180.0,33654800.0,0.01805050096865826
2021-05-20,56.01,56.22,55.36,55.77,524476.0,30385925.0,33654800.0,0.015583988019539561
2021-05-21,56.2,56.2,54.8,54.9,611315.0,35156030.0,33654800.0,0.018164273744012742
2021-05-24,55.26,55.6,54.57,55.47,554426.0,31800177.0,33654800.0,0.01647390565387404
2021-05-25,55.51,56.83,55.14,56.75,679745.0,39720489.0,33654800.0,0.02019756468616661
2021-05-26,56.35,57.17,56.28,56.38,511795.0,30150961.0,33654800.0,0.015207191841876938
2021-05-27,56.39,60.72,56.39,59.25,2155170.0,132440975.0,33654800.0,0.06403752213651545
2021-05-28,58.63,61.07,58.62,60.37,2043440.0,128403606.0,33654800.0,0.06071763908862926
2021-05-31,60.45,64.1,60.45,62.73,2186955.0,142106122.0,33654800.0,0.06498196393976491
2021-06-01,63.91,69.0,62.52,66.58,3559545.0,245156605.0,33654800.0,0.10576633942260837
2021-06-02,66.58,67.23,63.53,64.38,2394190.0,161356351.0,33654800.0,0.07113962941393204
2021-06-03,64.68,65.79,63.56,63.78,1308361.0,87524407.0,33654800.0,0.03887591071704482
2021-06-04,63.43,65.53,62.81,64.68,1326289.0,88716538.0,33654800.0,0.03940861333301639
2021-06-07,65.6,67.88,65.08,66.6,2151397.0,148606635.0,33654800.0,0.06392541331399978
2021-06-08,66.6,66.94,63.58,64.1,1470963.0,99427809.0,33654800.0,0.04370737606522695
2021-06-09,64.11,66.57,63.91,64.6,1317518.0,89461789.0,33654800.0,0.039147996719635834
2021-06-10,65.02,65.97,64.03,65.61,1249965.0,84290183.0,33654800.0,0.03714076446747566
2021-06-11,65.61,65.61,62.33,62.7,1263349.0,82933469.0,33654800.0,0.03753844919595422
2021-06-15,62.66,64.27,61.85,62.56,1324332.0,86296455.0,33654800.0,0.03935046412398826
2021-06-16,63.35,65.99,61.78,62.54,1642285.0,108610441.0,33654800.0,0.048797942641168573
2021-06-17,61.8,71.59,61.8,68.57,3047192.0,210964522.0,33654800.0,0.0905425674792303
2021-06-18,69.85,74.94,68.64,72.55,3654060.0,270791505.0,33654800.0,0.10857470553977441
2021-06-21,72.2,72.88,67.54,69.87,3554846.0,257574900.0,33654800.0,0.10562671595136504
2021-06-22,69.49,70.64,67.28,68.26,1884430.0,133780880.0,33654800.0,0.05599290442968016
2021-06-23,68.06,72.02,67.77,70.09,2925058.0,212582898.0,33654800.0,0.08691354576464576
2021-06-24,69.29,71.21,67.89,68.23,1432167.0,102189575.0,33654800.0,0.042554613309245634
2021-06-25,68.34,70.84,67.6,69.08,1422710.0,102203312.0,33654800.0,0.0422736132735895
2021-06-28,69.23,72.88,69.23,71.35,1777016.0,131497874.0,33654800.0,0.0528012646041575
2021-06-29,71.05,71.92,68.65,68.78,1427217.0,103283008.0,33654800.0,0.04240753176367115
2021-06-30,69.02,73.15,69.02,72.58,2264567.0,168614009.0,33654800.0,0.06728808372059855
2021-07-01,72.74,75.1,70.18,70.44,2263659.0,170764911.0,33654800.0,0.06726110391385479
2021-07-02,71.44,71.87,68.25,69.46,1899400.0,137619227.0,33654800.0,0.05643771467962965
2021-07-05,70.82,72.77,69.61,72.74,1783693.0,132271428.0,33654800.0,0.05299966126674353
2021-07-06,72.79,75.08,68.55,70.52,2547340.0,191054914.0,33654800.0,0.0756902432936758
2021-07-07,69.9,75.09,69.4,74.93,2652085.0,200626600.0,33654800.0,0.07880257793836243
2021-07-08,75.3,78.0,74.14,75.65,2506594.0,197574123.0,33654800.0,0.0744795393227712
2021-07-09,75.49,76.75,73.85,74.33,1961397.0,152196863.0,33654800.0,0.058279859039423794
2021-07-12,74.82,76.36,73.06,73.46,2258251.0,174304108.0,33654800.0,0.06710041361113422
2021-07-13,73.94,73.95,69.22,70.14,2093141.0,153638725.0,33654800.0,0.06219442694652769
2021-07-14,69.99,70.76,68.65,69.62,1304197.0,94116966.0,33654800.0,0.038752183938100954
2021-07-15,69.48,70.47,68.35,70.08,1192178.0,85870348.0,33654800.0,0.035423713705028705
2021-07-16,70.76,72.26,69.12,69.52,1192060.0,87256135.0,33654800.0,0.03542020751868975
2021-07-19,69.01,72.26,68.78,69.94,1398943.0,101963526.0,33654800.0,0.04156741386072715
2021-07-20,69.19,70.77,68.41,70.64,1249805.0,89642551.0,33654800.0,0.0371360103165076
2021-07-21,70.57,73.32,69.76,72.5,1736242.0,129307297.0,33654800.0,0.0515897286568335
2021-07-22,73.37,82.16,72.51,81.08,3971009.0,323491821.0,33654800.0,0.11799235175963013
2021-07-23,80.12,83.29,79.29,80.17,2673075.0,223563327.0,33654800.0,0.07942626311848533
2021-07-26,80.38,87.73,80.24,84.75,3582793.0,314618379.0,33654800.0,0.10645711755826806
2021-07-27,84.28,94.92,84.08,85.27,5128188.0,474418993.0,33654800.0,0.15237612465383837
2021-07-28,84.3,89.59,80.46,87.11,3551635.0,317895452.0,33654800.0,0.1055313060841247
2021-07-29,89.22,99.42,86.88,95.21,4536153.0,439727407.0,33654800.0,0.13478472610147735
2021-07-30,93.64,99.41,92.22,95.37,4012377.0,395884210.0,33654800.0,0.11922153749242308
2021-08-02,96.54,98.66,86.88,91.97,3979992.0,379457572.0,33654800.0,0.11825926762304337
2021-08-03,89.78,91.36,83.06,83.99,3669515.0,327636940.0,33654800.0,0.10903392680984585
2021-08-04,83.01,88.72,82.62,87.79,2901630.0,261502374.0,33654800.0,0.08621741920914698
2021-08-05,87.09,89.63,84.95,86.66,2205697.0,199954725.0,33654800.0,0.0655388532987865
2021-08-06,89.37,90.15,85.34,87.3,2080401.0,189476509.0,33654800.0,0.061815877675695595
2021-08-09,85.53,90.63,83.21,89.54,2037648.0,183738744.0,33654800.0,0.06054553882358534
2021-08-10,89.78,91.52,84.82,86.91,2006259.0,181842299.0,33654800.0,0.05961286354398184
2021-08-11,86.22,90.26,84.45,87.12,1591080.0,144362706.0,33654800.0,0.04727646576417034
2021-08-12,87.81,92.68,87.09,91.56,1981356.0,185519787.0,33654800.0,0.05887290965924623
2021-08-13,90.44,92.58,87.43,87.73,2235132.0,206583007.0,33654800.0,0.06641346850969253
2021-08-16,87.4,88.81,84.54,86.69,1370496.0,123155360.0,33654800.0,0.04072215553204892
2021-08-17,86.02,88.81,80.61,81.21,2797521.0,242147108.0,33654800.0,0.08312398231455839
2021-08-18,82.52,85.53,81.24,84.04,1628944.0,141566935.0,33654800.0,0.048401535590762684
2021-08-19,83.63,90.26,83.02,89.96,2402185.0,217780869.0,33654800.0,0.07137718839511749
2021-08-20,88.94,92.96,88.33,92.17,1777272.0,168063913.0,33654800.0,0.05280887124570641
2021-08-23,92.0,94.17,90.16,91.18,1257277.0,118807438.0,33654800.0,0.03735802916671619
2021-08-24,90.75,97.98,89.3,93.79,2051491.0,200262097.0,33654800.0,0.06095686202265353
2021-08-25,94.6,95.09,89.78,93.79,1577076.0,150579525.0,33654800.0,0.04686035870069054
2021-08-26,93.75,95.09,88.8,89.3,1285351.0,121288989.0,33654800.0,0.03819220438095012
2021-08-27,86.88,92.63,86.51,91.4,1365975.0,128957843.0,33654800.0,0.040587821053757564
2021-08-30,94.05,94.89,89.03,90.74,1173530.0,110990446.0,33654800.0,0.03486961740970085
2021-08-31,89.43,90.65,83.65,88.81,1889126.0,167999963.0,33654800.0,0.056132438760592845
2021-09-01,86.87,88.01,76.26,76.75,2759693.0,228321426.0,33654800.0,0.08199998217193387
2021-09-02,76.9,78.19,72.75,76.26,1594818.0,124401395.0,33654800.0,0.047387534616161735
2021-09-03,75.76,78.43,72.88,76.08,1625456.0,127267283.0,33654800.0,0.04829789509965889
2021-09-06,75.72,78.09,74.87,77.81,1071315.0,85519359.0,33654800.0,0.03183245777719672
2021-09-07,77.81,79.74,77.05,78.97,797052.0,65089463.0,33654800.0,0.023683159608733375
2021-09-08,78.98,80.59,77.81,79.54,875309.0,71782372.0,33654800.0,0.026008444560657023
2021-09-09,79.47,80.52,78.17,78.75,610641.0,49987180.0,33654800.0,0.01814424688305977
2021-09-10,79.16,85.9,76.33,84.61,2150136.0,182194186.0,33654800.0,0.06388794466168274
2021-09-13,85.13,85.79,83.02,83.69,1073644.0,93538387.0,33654800.0,0.0319016603872256
2021-09-14,82.98,87.12,82.92,85.84,1120803.0,99600831.0,33654800.0,0.03330291667161891
2021-09-15,85.25,89.29,84.31,87.84,822656.0,74780612.0,33654800.0,0.024443942617397817
2021-09-16,88.24,89.67,84.51,84.51,1171118.0,105542044.0,33654800.0,0.03479794858385728
2021-09-17,84.95,89.59,84.95,88.45,1046184.0,95367964.0,33654800.0,0.031085729227331615
2021-09-22,87.85,89.14,82.99,83.81,1149466.0,101457450.0,33654800.0,0.03415459310410402
2021-09-23,84.22,87.36,83.69,85.24,970998.0,86365700.0,33654800.0,0.028851694260551244
2021-09-24,85.21,88.98,83.39,85.99,875579.0,78560625.0,33654800.0,0.026016467190415633
2021-09-27,88.81,88.81,78.68,80.4,1297273.0,109684898.0,33654800.0,0.03854644805495799
2021-09-28,79.58,81.94,78.2,78.46,695778.0,57783500.0,33654800.0,0.02067396032661017
2021-09-29,78.21,78.22,74.58,76.31,952994.0,75618289.0,33654800.0,0.028316733422869843
2021-09-30,78.18,78.18,74.87,75.39,934634.0,73501303.0,33654800.0,0.0277711945992845
2021-10-08,75.92,76.74,74.53,75.64,707805.0,55227549.0,33654800.0,0.02103132391219083
2021-10-11,76.23,76.74,73.96,74.26,634194.0,49407229.0,33654800.0,0.01884408761900234
2021-10-12,74.77,75.49,71.26,71.92,721086.0,54403596.0,33654800.0,0.021425948155983695
2021-10-13,71.91,72.93,70.66,72.46,824989.0,61426938.0,33654800.0,0.0245132640812009
2021-10-14,72.47,74.31,71.57,73.61,461200.0,34835894.0,33654800.0,0.013703840165444453
2021-10-15,74.31,76.21,71.92,74.97,905655.0,70251179.0,33654800.0,0.02691012871863746
2021-10-18,75.1,76.04,71.12,71.94,924709.0,69377568.0,33654800.0,0.02747628867204678
2021-10-19,71.94,73.66,71.94,72.44,815217.0,61440624.0,33654800.0,0.02422290431082639
2021-10-20,72.44,73.08,71.0,72.59,764736.0,57195371.0,33654800.0,0.02272293996695865
2021-10-21,73.37,73.37,67.29,69.17,2331282.0,165873201.0,33654800.0,0.06927041610706348
2021-10-22,69.42,74.75,69.06,72.8,1626648.0,122087834.0,33654800.0,0.048333313524370966
2021-10-25,72.31,72.87,69.7,72.26,1090040.0,80627940.0,33654800.0,0.032388842007677957
2021-10-26,72.02,72.94,70.02,71.8,1052191.0,77936114.0,33654800.0,0.031264217882738865
2021-10-27,71.44,72.53,67.92,68.54,1063836.0,76281885.0,33654800.0,0.031610230932883274
2021-10-28,68.32,69.51,65.33,65.76,1390946.0,96255928.0,33654800.0,0.0413297954526546
2021-10-29,66.18,68.02,65.42,66.42,857767.0,59105016.0,33654800.0,0.025487211333895907
2021-11-01,66.95,67.37,64.79,65.64,1090521.0,74611123.0,33654800.0,0.0324031341740257
2021-11-02,65.77,69.01,65.34,66.59,1920025.0,133344540.0,33654800.0,0.05705055445285665
2021-11-03,67.63,69.0,66.75,67.56,1622792.0,114032308.0,33654800.0,0.04821873848604062
2021-11-04,67.56,72.97,67.33,72.4,2339882.0,171299918.0,33654800.0,0.06952595172159692
2021-11-05,72.83,74.34,71.07,71.73,1131922.0,84645905.0,33654800.0,0.0336333004504558
2021-11-08,70.93,76.03,69.62,73.41,1506193.0,113532352.0,33654800.0,0.04475418068150754
2021-11-09,74.14,77.11,73.45,76.34,1386322.0,108582444.0,33654800.0,0.04119240048967755
2021-11-10,76.77,78.85,75.73,77.86,1508037.0,120819589.0,33654800.0,0.04480897227141448
2021-11-11,77.16,83.62,76.6,81.38,2098112.0,176068805.0,33654800.0,0.06234213247441672
2021-11-12,80.97,81.78,78.74,81.08,1291627.0,107471556.0,33654800.0,0.03837868595267243
2021-11-15,80.77,81.54,77.71,80.32,1396133.0,114652852.0,33654800.0,0.04148391908435052
2021-11-16,79.2,79.64,75.93,78.62,1624449.0,130943953.0,33654800.0,0.04826797366200364
2021-11-17,77.9,80.41,77.26,80.13,928651.0,76635436.0,33654800.0,0.02759341906652246
2021-11-18,80.77,81.98,78.97,80.44,970767.0,81122955.0,33654800.0,0.028844830455091102
2021-11-19,81.57,82.99,78.27,81.84,1038063.0,86995089.0,33654800.0,0.030844426352258817
2021-11-22,82.01,87.94,82.01,87.36,1970040.0,176091250.0,33654800.0,0.0585366723320299
2021-11-23,87.05,88.17,85.48,86.83,1078801.0,96916197.0,33654800.0,0.03205489261561501
2021-11-24,86.78,86.96,83.75,84.36,901723.0,79253388.0,33654800.0,0.026793295458597287
2021-11-25,83.81,84.55,81.1,81.72,920112.0,78540077.0,33654800.0,0.027339695972045594
2021-11-26,82.05,86.07,81.44,85.82,1330174.0,116799097.0,33654800.0,0.039524050061209695
2021-11-29,85.7,86.79,82.87,84.79,896869.0,77820960.0,33654800.0,0.026649066403603646
2021-11-30,83.99,86.78,81.09,83.85,1246064.0,107023631.0,33654800.0,0.03702485232418556
2021-12-01,82.47,84.18,81.38,83.28,642767.0,55183928.0,33654800.0,0.01909882097055992
2021-12-02,82.83,83.6,81.15,81.33,604141.0,51270746.0,33654800.0,0.017951109499982174
2021-12-03,81.57,82.71,79.33,80.12,626272.0,52534471.0,33654800.0,0.018608697719196075
2021-12-06,80.96,80.96,76.81,76.89,871898.0,70439050.0,33654800.0,0.02590709200470661
2021-12-07,76.92,78.48,72.96,72.98,874124.0,67051660.0,33654800.0,0.0259732341300498
2021-12-08,73.45,76.14,73.29,74.91,743147.0,57471557.0,33654800.0,0.022081456434149067
2021-12-09,76.26,76.26,73.7,73.74,540498.0,41565715.0,33654800.0,0.016060056812104068
2021-12-10,73.48,77.61,72.99,73.11,1019866.0,78840476.0,33654800.0,0.03030373081997219
2021-12-13,73.56,74.87,72.4,74.0,633503.0,48233465.0,33654800.0,0.018823555629509017
2021-12-14,74.33,88.8,74.23,88.8,3943364.0,343163588.0,33654800.0,0.11717092361267932
2021-12-15,87.85,88.01,82.97,85.12,3123007.0,276954116.0,33654800.0,0.09279529220200387
2021-12-16,85.12,88.12,83.87,86.61,1311510.0,117069627.0,33654800.0,0.03896947835078503
2021-12-17,87.13,87.52,84.47,84.47,803806.0,71311720.0,33654800.0,0.023883844206472778
2021-12-20,83.8,86.88,80.98,83.5,1422892.0,122555650.0,33654800.0,0.042279021120315674
2021-12-21,81.57,84.18,81.21,82.88,834154.0,71718032.0,33654800.0,0.024785587791340314
2021-12-22,84.85,84.85,82.16,83.97,830740.0,72248024.0,33654800.0,0.02468414609505925
2021-12-23,84.26,85.14,82.13,83.91,484887.0,42087956.0,33654800.0,0.014407662502822776
2021-12-24,83.72,83.99,79.37,79.37,547970.0,46229734.0,33654800.0,0.016282075662312656
2021-12-27,79.16,82.72,79.0,80.91,688999.0,58002778.0,35154800.0,0.0195990021277322
2021-12-28,81.38,86.8,81.02,85.37,1119754.0,98057280.0,35154800.0,0.031852094166372726
2021-12-29,86.74,86.74,83.26,83.84,437173.0,38165942.0,35154800.0,0.012435656012834662
2021-12-30,83.19,87.83,83.19,87.14,704181.0,63069344.0,35154800.0,0.020030863495169936
2021-12-31,86.88,87.69,85.19,87.08,662075.0,59130352.0,34943500.0,0.01894701446620974
2022-01-04,87.08,87.36,83.31,86.68,882022.0,77861784.0,34943500.0,0.025241375363086124
2022-01-05,86.64,87.85,83.63,85.41,799853.0,70896621.0,34943500.0,0.022889893685520912
2022-01-06,84.95,87.53,81.99,83.99,615950.0,53359975.0,34943500.0,0.017627026485612488
2022-01-07,82.72,83.98,80.15,81.97,464484.0,39321992.0,34943500.0,0.013292429207148683
2022-01-10,81.83,82.33,79.28,80.12,333517.0,27831206.0,34943500.0,0.00954446463576917
2022-01-11,80.12,80.12,76.75,76.89,432580.0,34883869.0,34943500.0,0.012379412480146523
2022-01-12,76.4,77.86,76.15,76.32,521874.0,41422930.0,34943500.0,0.014934794740080415
2022-01-13,76.53,79.01,74.77,76.48,926926.0,73738045.0,34943500.0,0.02652642122283114
2022-01-14,77.11,78.94,75.74,78.02,717245.0,57957546.0,34943500.0,0.02052584887031923
2022-01-17,78.99,78.99,76.55,77.54,471856.0,37709425.0,34943500.0,0.013503398343039479
2022-01-18,77.54,78.57,75.98,77.13,474381.0,38054434.0,34943500.0,0.01357565784766838
2022-01-19,77.13,78.3,75.32,77.87,553542.0,44000180.0,34943500.0,0.015841057707442013
2022-01-20,77.61,77.98,75.31,75.41,220498.0,17424293.0,34943500.0,0.0063101292085795645
2022-01-21,75.43,76.24,73.37,73.46,468651.0,36057042.0,34943500.0,0.013411678853005565
2022-01-24,74.2,74.2,70.57,71.14,475611.0,35182091.0,34943500.0,0.013610857527150973
2022-01-25,71.24,77.22,71.24,71.44,1759463.0,135898467.0,34943500.0,0.05035165338331878
2022-01-26,73.37,74.87,69.99,74.16,711614.0,53873508.0,34943500.0,0.02036470302059038
2022-01-27,73.12,75.04,70.66,70.66,513860.0,38465301.0,34943500.0,0.014705453088557242
2022-01-28,71.65,72.79,70.22,70.69,530835.0,39112375.0,34943500.0,0.015191237283042626
2022-02-07,71.38,74.12,69.31,70.92,601535.0,44430767.0,34943500.0,0.017214503412651853
2022-02-08,70.01,73.07,68.54,70.94,841201.0,62002868.0,34943500.0,0.02407317526864796
2022-02-09,70.92,71.61,69.61,70.74,447278.0,32740466.0,34943500.0,0.012800034341150715
2022-02-10,71.1,71.1,69.7,70.3,262320.0,19068262.0,34943500.0,0.007506975546238928
2022-02-11,70.28,70.46,66.31,69.03,872100.0,61714864.0,34943500.0,0.02495743128192654
2022-02-14,70.48,73.7,68.73,70.04,1609801.0,117674845.0,34943500.0,0.04606868230142945
2022-02-15,69.05,71.89,67.77,68.86,822149.0,58763645.0,34943500.0,0.023527952265800508
2022-02-16,68.86,70.22,66.9,68.4,937041.0,66589061.0,34943500.0,0.02681588850573068
2022-02-17,68.49,72.06,67.89,69.6,1368252.0,99032298.0,34943500.0,0.03915612345643682
2022-02-18,68.86,70.04,66.62,67.3,1009820.0,70347549.0,34943500.0,0.028898650678953166
2022-02-21,67.27,68.81,66.61,68.06,698853.0,48992029.0,34943500.0,0.019999513500364875
2022-02-22,69.99,72.69,68.95,71.44,2118327.0,155890807.0,34943500.0,0.06062148897505974
2022-02-23,71.34,77.09,70.47,75.06,2255966.0,173721289.0,34943500.0,0.06456039034441312
2022-02-24,78.19,87.9,74.45,78.54,5026740.0,413876637.0,34943500.0,0.14385336328644813
2022-02-25,80.12,83.99,76.32,77.12,4391116.0,363255261.0,34943500.0,0.1256633136348677
2022-02-28,81.09,87.01,80.12,81.74,4951522.0,424975738.0,34943500.0,0.14170080272439795
2022-03-01,81.09,81.09,75.84,77.87,3037406.0,243800905.0,34943500.0,0.08692334768984217
2022-03-02,77.23,78.77,76.15,76.47,2269224.0,181542653.0,34943500.0,0.06493980282455965
2022-03-03,77.23,79.06,74.26,77.71,2798208.0,223307089.0,34943500.0,0.08007806888262481
2022-03-04,77.71,77.82,72.43,73.21,2802321.0,216270866.0,34943500.0,0.08019577317669953
2022-03-07,72.02,72.83,70.49,71.04,1486626.0,110037137.0,34943500.0,0.04254370626869089
2022-03-08,70.91,73.93,69.71,72.27,1984820.0,147896856.0,34943500.0,0.05680083563466739
2022-03-09,72.4,73.03,66.61,69.51,1920150.0,138027490.0,34943500.0,0.05495013378739966
2022-03-10,71.34,71.34,68.25,68.38,1609508.0,115687592.0,34943500.0,0.046060297337129935
2022-03-11,67.26,67.56,64.31,66.74,1320257.0,90155406.0,34943500.0,0.03778262051597579
2022-03-14,68.54,71.13,68.09,68.8,1993023.0,143533440.0,34943500.0,0.057035586017428135
2022-03-15,67.24,68.71,61.79,61.79,2210399.0,149864491.0,34943500.0,0.06325637099889822
2022-03-16,63.71,64.47,59.85,63.28,1536798.0,98321969.0,34943500.0,0.04397950978007355
2022-03-17,64.2,67.36,63.81,65.53,2213679.0,151282173.0,34943500.0,0.0633502368108518
2022-03-18,64.73,65.41,62.22,62.94,1836129.0,120212723.0,34943500.0,0.05254565226723139
2022-03-21,62.83,67.57,61.97,66.43,2425937.0,165752459.0,34943500.0,0.06942455678452358
2022-03-22,65.84,65.95,64.34,64.93,1168076.0,78359865.0,34943500.0,0.03342756163521113
2022-03-23,65.66,67.07,64.67,65.27,1209680.0,82405764.0,34943500.0,0.034618169330490646
2022-03-24,66.5,67.41,64.95,66.62,1456792.0,99920865.0,34943500.0,0.041689928026671624
2022-03-25,66.71,68.3,66.51,66.82,1532822.0,106889411.0,34943500.0,0.043865726100705424
2022-03-28,66.61,69.46,66.18,67.59,1502742.0,105875118.0,34943500.0,0.043004907922789645
2022-03-29,67.29,67.29,64.8,66.0,1059963.0,72201588.0,34943500.0,0.030333624279193554
2022-03-30,65.68,66.57,64.2,65.06,906629.0,60885487.0,34943500.0,0.025945569276117162
2022-03-31,65.16,65.25,62.22,62.43,1197998.0,77981453.0,34943500.0,0.0342838582282828
2022-04-01,63.02,66.46,61.44,65.97,1735549.0,115734880.0,34943500.0,0.0496672914848255
2022-04-06,65.65,65.65,62.87,63.26,1220391.0,80804593.0,34943500.0,0.034924692718245165
2022-04-07,62.81,63.01,61.3,61.3,692854.0,44365179.0,34943500.0,0.019827836364416845
2022-04-08,61.08,62.34,59.93,61.16,650912.0,41216370.0,34943500.0,0.01862755591168601
2022-04-11,61.15,61.15,57.35,57.54,990541.0,59778725.0,34943500.0,0.02834693147509551
2022-04-12,57.54,58.5,55.8,57.95,760112.0,44887098.0,34943500.0,0.021752600626726
2022-04-13,58.69,58.69,56.97,57.14,592844.0,35519345.0,34943500.0,0.016965787628600456
2022-04-14,57.22,58.28,56.56,57.44,576937.0,34323998.0,34943500.0,0.01651056705825118
2022-04-15,56.97,56.97,54.74,55.6,823133.0,47301234.0,34943500.0,0.023556112009386582
2022-04-18,54.83,56.47,53.4,55.87,542240.0,31273196.0,34943500.0,0.015517621302960494
2022-04-19,56.37,57.34,55.8,56.19,450804.0,26389273.0,34943500.0,0.012900940089000815
2022-04-20,56.19,56.71,54.72,55.03,342055.0,19790877.0,34943500.0,0.00978880192310444
2022-04-21,54.7,55.5,51.79,51.84,653899.0,36004884.0,34943500.0,0.01871303675934008
2022-04-22,52.72,52.72,50.39,50.58,487908.0,25834618.0,34943500.0,0.013962768469100119
2022-04-25,50.16,50.16,46.14,47.09,1102262.0,53929192.0,34943500.0,0.03154412122426202
2022-04-26,48.65,48.65,46.35,46.53,573755.0,28146442.0,34943500.0,0.016419505773605965
2022-04-27,45.91,49.23,45.06,48.83,639388.0,31511964.0,34943500.0,0.018297766394322262
2022-04-28,47.97,48.55,46.08,46.38,624712.0,30361704.0,34943500.0,0.017877774121081175
2022-04-29,47.25,51.84,47.25,51.64,1205472.0,62471136.0,34943500.0,0.03449774636198435
2022-05-05,51.94,52.89,51.17,51.74,650121.0,35173852.0,34943500.0,0.018604919369839885
2022-05-06,49.76,51.32,49.73,50.3,609436.0,31906773.0,34943500.0,0.017440611272482722
2022-05-09,50.3,52.61,49.72,51.99,618720.0,33057776.0,34943500.0,0.017706297308512312
2022-05-10,51.46,55.31,50.9,54.44,970545.0,54336278.0,34943500.0,0.027774693433685806
2022-05-11,55.12,59.59,55.12,56.57,1357954.0,81139183.0,34941740.0,0.03886337658055953
2022-05-12,55.53,58.25,55.53,57.15,727734.0,43184558.0,34941740.0,0.020827068142571036
2022-05-13,57.47,58.01,56.0,57.65,559160.0,32987360.0,34941740.0,0.016002637533219583
2022-05-16,57.67,59.07,57.44,58.0,466316.0,28158603.0,34941740.0,0.013345528871773414
2022-05-17,57.49,60.99,56.95,60.43,1044012.0,64801755.0,34941740.0,0.0298786494318829
2022-05-18,60.99,61.76,59.96,60.73,664184.0,41887562.0,34941740.0,0.01900832643136833
2022-05-19,59.99,61.3,59.43,60.47,554934.0,34518167.0,34941740.0,0.015881693355854633
2022-05-20,60.58,61.72,59.92,60.84,430003.0,26894095.0,34941740.0,0.012306284689886652
2022-05-23,61.35,62.01,60.58,61.24,528112.0,33293084.0,34941740.0,0.015114072739365584
2022-05-24,62.08,65.03,60.85,61.37,1186718.0,76805363.0,34941740.0,0.033962762014713634
2022-05-25,61.37,61.43,59.22,59.6,639690.0,39470553.0,34941740.0,0.0183073310029781
2022-05-26,59.9,60.66,58.25,58.27,525607.0,31818300.0,34941740.0,0.015042381976398428
2022-05-27,59.26,61.11,58.3,58.56,515025.0,31589823.0,34941740.0,0.014739535008846153
2022-05-30,58.52,60.7,58.44,59.85,513710.0,31603019.0,34941740.0,0.014701900935671778
2022-05-31,60.61,60.88,58.26,60.38,578799.0,35564714.0,34941740.0,0.016564687391068676
2022-06-01,60.25,61.32,59.23,60.51,532583.0,33247966.0,34941740.0,0.01524202858815846
2022-06-02,60.83,65.41,60.52,65.22,1447174.0,94801960.0,34941740.0,0.0414167697430065
2022-06-06,73.78,78.26,69.96,72.63,5181312.0,396885671.0,34941740.0,0.14828431554925428
2022-06-07,70.87,71.43,66.13,67.62,3705412.0,259701221.0,34941740.0,0.10604543448609027
2022-06-08,66.69,71.08,66.69,69.07,2844328.0,203232333.0,34941740.0,0.0814020137520341
2022-06-09,68.55,69.41,65.41,65.41,1836384.0,125741504.0,34941740.0,0.052555596830610035
2022-06-10,65.04,70.15,64.86,68.93,2196849.0,153851236.0,34941740.0,0.06287176883578208
2022-06-13,67.83,70.33,67.76,69.22,1412529.0,100610896.0,34941740.0,0.040425262164963734
2022-06-14,67.48,68.18,64.56,66.13,1546548.0,105498263.0,34941740.0,0.04426076091230717
2022-06-15,66.33,68.82,66.04,66.16,1440158.0,99920655.0,34941740.0,0.04121597836856436
2022-06-16,66.21,68.25,65.86,66.57,1212094.0,83650217.0,34941740.0,0.034688999460244396
2022-06-17,65.67,68.29,65.23,67.59,1147584.0,79876412.0,34941740.0,0.03284278344467104
2022-06-20,68.28,69.2,66.38,67.88,1275446.0,89176367.0,34941740.0,0.03650207459617066
2022-06-21,67.85,68.33,65.58,66.55,941890.0,64739944.0,34941740.0,0.026956013066321255
2022-06-22,66.56,66.76,64.05,64.39,906260.0,60929267.0,34941740.0,0.025936315707231525
2022-06-23,64.31,67.4,64.31,67.32,1258208.0,86420804.0,34941740.0,0.03600873911831523
2022-06-24,67.32,73.75,67.32,71.57,2880923.0,211430239.0,34941740.0,0.08244932851082974
2022-06-27,73.57,73.57,70.25,72.4,1953948.0,144595713.0,34941740.0,0.05592016882960036
2022-06-28,71.04,71.92,67.95,69.83,2086835.0,148575133.0,34941740.0,0.05972327079304007
2022-06-29,68.73,70.64,68.43,69.02,1267564.0,90329652.0,34941740.0,0.036276499109660826
2022-06-30,69.12,69.47,66.98,68.21,1121500.0,79133400.0,34941740.0,0.03209628369966693
2022-07-01,68.53,69.4,67.16,67.35,975282.0,68310172.0,34941740.0,0.027911660953346913
2022-07-04,67.35,68.23,65.03,66.57,935707.0,63668043.0,34941740.0,0.026779061374734056
2022-07-05,66.59,68.08,65.41,67.12,815108.0,55963485.0,34941740.0,0.02332763050723862
2022-07-06,66.89,71.46,66.15,69.97,2386202.0,173033220.0,34941740.0,0.06829087503942277
2022-07-07,69.97,70.76,68.19,69.22,815064.0,58047182.0,34941740.0,0.0233263712682883
2022-07-08,69.57,70.46,67.48,67.98,731882.0,51722268.0,34941740.0,0.02094578003270587
2022-07-11,67.55,68.44,66.28,68.05,602147.0,41675792.0,34941740.0,0.017232885368616446
2022-07-12,67.92,68.31,64.85,64.98,735100.0,50047492.0,34941740.0,0.02103787619048164
2022-07-13,65.61,65.79,63.1,65.38,777782.0,51708174.0,34941740.0,0.022259395210427413
2022-07-14,65.38,67.61,64.98,67.22,685156.0,47236405.0,34941740.0,0.01960852550559875
2022-07-15,67.22,67.91,65.84,65.85,484900.0,33297284.0,34941740.0,0.01387738561388185
2022-07-18,65.72,66.93,64.07,64.79,875411.0,58460261.0,34941740.0,0.025053446107721023
2022-07-19,64.7,66.68,64.3,66.68,723099.0,49124470.0,34941740.0,0.020694418766781505
2022-07-20,66.78,68.22,65.35,66.01,543051.0,37242869.0,34941740.0,0.01554161298206672
2022-07-21,66.87,70.26,65.82,67.74,1448744.0,102607964.0,34941740.0,0.04146170167827933
2022-07-22,68.72,68.72,65.62,66.16,809986.0,55741809.0,34941740.0,0.0231810436457944
2022-07-25,65.5,67.36,64.85,65.5,484892.0,32810304.0,34941740.0,0.013877156661345428
2022-07-26,65.06,71.61,64.77,70.67,2475282.0,177648989.0,34941740.0,0.07084026153248235
2022-07-27,70.87,73.76,69.92,71.74,1772705.0,131805894.0,34941740.0,0.050733163259757526
2022-07-28,71.74,75.99,71.16,75.58,2664898.0,204723176.0,34941740.0,0.07626689455075791
2022-07-29,75.33,77.68,74.91,75.97,1724447.0,136285016.0,34941740.0,0.049352064321925584
2022-08-01,76.01,76.97,74.08,75.43,1302386.0,101313048.0,34941740.0,0.03727307226257193
2022-08-02,74.26,75.68,71.53,73.45,1616539.0,122159077.0,34941740.0,0.04626383803439668
2022-08-03,72.48,81.83,72.48,77.71,2473297.0,198246243.0,34941740.0,0.07078345268438263
2022-08-04,80.38,81.08,77.77,79.84,1879907.0,154452795.0,34941740.0,0.05380118448594718
2022-08-05,79.6,90.16,79.6,87.75,3224838.0,278265806.0,34941740.0,0.09229185495627865
2022-08-08,87.37,93.72,83.98,92.77,3199915.0,292722285.0,34941740.0,0.0915785819481228
2022-08-09,90.92,95.79,87.73,94.76,2083011.0,196051061.0,34941740.0,0.059613831480630326
2022-08-10,93.19,95.11,90.77,92.8,2020890.0,193370558.0,34941740.0,0.057835986416246016
2022-08-11,92.84,95.99,92.22,93.17,1899434.0,184669096.0,34941740.0,0.05436002900828636
2022-08-12,93.96,96.68,88.63,89.28,2499470.0,237031188.0,34941740.0,0.07153249952635445
2022-08-15,89.3,91.76,88.43,89.51,1268014.0,117112128.0,34941740.0,0.03628937768983456
2022-08-16,90.41,92.4,87.27,89.21,941240.0,87121078.0,34941740.0,0.026937410672736962
2022-08-17,91.74,91.74,85.43,86.29,1100785.0,98230001.0,34941740.0,0.03150343972566907
2022-08-18,86.37,87.06,83.23,86.12,1288161.0,112884406.0,34941740.0,0.03686596603374646
2022-08-19,85.91,88.28,81.74,82.3,1354008.0,117597129.0,34941740.0,0.03875044574196935
2022-08-22,81.64,84.13,79.89,83.88,1620501.0,137364994.0,34941740.0,0.04637722677805971
2022-08-23,82.36,84.44,81.54,82.57,798560.0,68128763.0,34941740.0,0.022854042185649598
2022-08-24,82.58,83.58,76.9,79.6,2501894.0,204930818.0,34941740.0,0.07160187214489032
2022-08-25,78.7,82.01,78.7,79.84,2072253.0,171862273.0,34941740.0,0.05930594755727677
2022-08-26,80.15,82.27,77.69,78.82,1237161.0,101382497.0,34941740.0,0.035406393614055856
2022-08-29,77.18,79.98,75.91,78.71,854509.0,69249276.0,34941740.0,0.024455250368184297
2022-08-30,92.25,92.25,84.24,85.15,4088421.0,370544998.0,34941740.0,0.11700679473889966
2022-08-31,86.87,89.73,84.76,85.29,3184358.0,284820249.0,34941740.0,0.09113335512198305
2022-09-01,84.88,99.58,84.53,98.98,4826196.0,467338665.0,34941740.0,0.13812122693374743
2022-09-02,98.84,103.54,94.16,101.79,3811334.0,390871911.0,34941740.0,0.1090768233064524
2022-09-05,99.91,110.28,99.91,106.65,2625881.0,282976494.0,34941740.0,0.0751502644115605
2022-09-06,105.74,110.27,102.49,109.41,2273110.0,247493248.0,35219980.0,0.064540354650968
2022-09-07,109.16,113.25,107.68,110.19,1635713.0,186951185.0,35219980.0,0.04644275777555808
2022-09-08,111.3,115.13,108.83,111.83,1426698.0,164539517.0,35219980.0,0.040508200175014296
2022-09-09,112.31,114.55,108.72,111.31,1202258.0,137442714.0,35219980.0,0.034135680940193605
2022-09-13,110.95,121.37,110.95,118.66,2032392.0,247655864.0,35219980.0,0.05770565457447733
2022-09-14,115.52,118.77,113.42,118.74,1439115.0,171898228.0,35219980.0,0.04086075574148537
2022-09-15,117.36,117.36,109.73,112.98,1550977.0,180051912.0,35219980.0,0.04403685067396404
2022-09-16,113.33,125.02,112.67,118.96,1333993.0,164200882.0,35219980.0,0.03787602945827908
2022-09-19,117.83,124.26,114.17,115.26,1056559.0,128237500.0,35219980.0,0.029998852923823354
2022-09-20,114.9,118.34,111.74,114.54,870423.0,103446287.0,35219980.0,0.024713898190742867
2022-09-21,112.87,119.13,111.82,118.66,1185948.0,141794737.0,35219980.0,0.0336725915233342
2022-09-22,116.29,124.21,113.58,119.21,1432236.0,176541600.0,35219980.0,0.04066544046873394
2022-09-23,117.35,121.26,112.2,112.96,1269271.0,150341077.0,35219980.0,0.036038379351720246
2022-09-26,109.7,119.21,109.7,115.34,1248437.0,149063486.0,35219980.0,0.03544684011745606
2022-09-27,117.49,121.8,114.54,118.12,947158.0,115641391.0,35219980.0,0.026892633102006305
2022-09-28,118.71,119.99,112.45,112.61,748611.0,88518441.0,35219980.0,0.02125529316030276
2022-09-29,114.21,115.39,110.28,112.42,790224.0,92160423.0,35219980.0,0.022436810015224313
2022-09-30,110.11,114.71,109.04,109.1,774925.0,89085534.0,35219980.0,0.02200242589575576
2022-10-10,105.89,109.02,93.19,95.38,2880703.0,293555612.0,35219980.0,0.0817917273093284
2022-10-11,96.43,99.53,93.19,95.13,2078830.0,205386938.0,35219980.0,0.05902416753217918
2022-10-12,92.43,96.74,89.84,94.74,2140999.0,203570288.0,35219980.0,0.0607893303744068
2022-10-13,93.12,97.98,91.49,92.39,1688739.0,163999371.0,35219980.0,0.04794832365038254
2022-10-14,92.39,94.09,87.47,89.97,2276657.0,210280307.0,35219980.0,0.06464106453212069
2022-10-17,89.95,92.49,87.81,89.78,2023389.0,186908391.0,35219980.0,0.057450032623527894
2022-10-18,90.18,91.06,86.03,86.76,2696343.0,244480110.0,35219980.0,0.07655719849926093
2022-10-19,86.11,88.22,85.04,85.48,1696997.0,151354684.0,35219980.0,0.0481827928352032
2022-10-20,84.66,93.96,84.45,90.77,3460086.0,320335588.0,35219980.0,0.09824213415226243
2022-10-21,90.75,90.75,83.66,87.46,2626769.0,234529551.0,35219980.0,0.07458178567960573
2022-10-24,88.63,93.97,88.3,90.75,2334622.0,219499539.0,35219980.0,0.06628686330883776
2022-10-25,91.57,91.58,84.46,89.14,1806855.0,165338311.0,35219980.0,0.051301988246444205
2022-10-26,90.19,90.47,85.67,88.14,2046362.0,186534981.0,35219980.0,0.058102304430610124
2022-10-27,88.16,89.16,85.48,86.54,1893373.0,169825586.0,35219980.0,0.05375849162889928
2022-10-28,86.4,91.25,85.43,85.9,2262578.0,205883679.0,35219980.0,0.06424131984174891
2022-10-31,85.05,89.21,84.63,85.27,1917306.0,171232059.0,35219980.0,0.05443802069166422
2022-11-01,83.05,85.7,82.53,85.07,1959545.0,169537236.0,35219980.0,0.05563731154872888
2022-11-02,85.12,88.81,83.78,86.69,1981247.0,175694763.0,35219980.0,0.05625349588500618
2022-11-03,86.0,94.7,85.57,92.33,2948258.0,275240158.0,35219980.0,0.0837098147131259
2022-11-04,93.17,94.68,89.98,93.78,2741969.0,260226559.0,35219980.0,0.07785265636153116
2022-11-07,93.77,93.77,86.69,87.14,3387434.0,310585517.0,35219980.0,0.09617932775657453
2022-11-08,87.37,88.12,84.62,85.16,1793779.0,158265088.0,35219980.0,0.050930721709665935
2022-11-09,84.45,86.15,84.2,85.56,1153006.0,101503506.0,35219980.0,0.03273727015177181
2022-11-10,85.43,86.36,81.55,81.85,1949592.0,166858755.0,35219980.0,0.05535471627184343
2022-11-11,84.0,84.94,82.32,82.69,1438896.0,123292406.0,35219980.0,0.040854537680032756
2022-11-14,82.63,83.49,79.04,79.72,1901859.0,157701121.0,35219980.0,0.05399943441194458
2022-11-15,79.88,85.21,78.81,85.03,2242214.0,191715266.0,35219980.0,0.0636631253055794
2022-11-16,84.32,85.6,83.07,84.72,1789344.0,155356687.0,35219980.0,0.050804798867006735
2022-11-17,83.63,84.44,80.38,84.19,1615666.0,137015128.0,35219980.0,0.045873563812358784
2022-11-18,84.31,87.76,82.51,82.72,2000352.0,175467831.0,35219980.0,0.056795943666066814
2022-11-21,81.26,84.24,81.25,83.38,1038342.0,88858761.0,35219980.0,0.029481618104269223
2022-11-22,82.91,84.69,81.21,81.85,1231054.0,104944357.0,35219980.0,0.03495328503877629
2022-11-23,81.1,82.96,79.97,82.29,1152338.0,96945672.0,35219980.0,0.03271830364469259
2022-11-24,82.13,84.45,81.91,83.65,1047779.0,90059560.0,35219980.0,0.029749562606225216
2022-11-25,83.29,84.19,79.97,80.0,1291203.0,108249069.0,35219980.0,0.03666109407217154
2022-11-28,79.26,80.47,78.38,79.98,812101.0,66483249.0,35219980.0,0.02305796312206878
2022-11-29,79.86,79.87,78.05,78.35,1206806.0,97916420.0,35219980.0,0.034264812188990454
2022-11-30,78.65,79.29,76.33,77.37,1270577.0,101349713.0,35219980.0,0.0360754605766386
2022-12-01,77.66,80.77,77.66,78.45,1507969.0,123485138.0,35219980.0,0.04281572561937855
2022-12-02,78.46,79.6,77.47,78.25,792884.0,64154896.0,35219980.0,0.022512335327845162
2022-12-05,78.0,78.79,76.69,77.61,951402.0,76074340.0,35219980.0,0.027013132886503626
2022-12-06,77.09,79.3,76.7,78.37,1205788.0,96985070.0,35219980.0,0.03423590814077691
2022-12-07,78.34,78.81,76.69,77.08,1066438.0,84915724.0,35219980.0,0.03027934712058326
2022-12-08,77.08,77.17,75.62,75.75,891655.0,69913941.0,35219980.0,0.025316737828925514
2022-12-09,76.86,79.0,75.53,77.65,1672474.0,133595016.0,35219980.0,0.047486511917383255
2022-12-12,77.29,79.45,76.2,78.0,1536286.0,123002146.0,35219980.0,0.04361972948309454
2022-12-13,77.57,78.07,74.05,74.22,1500144.0,116607661.0,35219980.0,0.04259355059258978
2022-12-14,76.81,78.15,74.07,74.23,2021787.0,158987191.0,35219980.0,0.05740454707810737
2022-12-15,73.65,76.43,72.81,75.5,1648620.0,127849758.0,35219980.0,0.0468092258996172
2022-12-16,75.23,75.71,71.57,71.87,1935641.0,144164212.0,35219980.0,0.054958605882229346
2022-12-19,71.84,73.73,71.36,72.51,1160169.0,86399220.0,35219980.0,0.032940649029329375
2022-12-20,72.42,73.0,70.98,71.3,805575.0,59525277.0,35219980.0,0.02287267056937568
2022-12-21,71.19,71.83,70.38,70.54,1086649.0,79360407.0,35219980.0,0.030853197531628355
2022-12-22,70.57,71.06,69.67,70.26,947931.0,68510972.0,35219980.0,0.02691458087142582
2022-12-23,69.89,70.17,68.13,68.65,851129.0,60563041.0,35219980.0,0.024166084137469696
2022-12-26,68.92,72.24,67.95,71.84,1314332.0,96559915.0,35219980.0,0.03731779518330221
2022-12-27,71.36,74.86,70.87,74.52,1368610.0,103089600.0,120278240.0,0.011378699921116238
2022-12-28,73.36,74.55,72.42,72.88,985761.0,74396674.0,120278240.0,0.008195671968595483
2022-12-29,72.89,73.97,72.34,73.53,627483.0,47437155.0,120278240.0,0.005216928681364144
2022-12-30,74.19,74.19,71.61,72.08,786683.0,58683186.0,120278240.0,0.006540526366198907
2023-01-03,71.51,77.25,71.35,76.1,1613673.0,124818166.0,120278240.0,0.0134161673799018
2023-01-04,76.88,77.18,74.52,75.4,1065334.0,82682620.0,120278240.0,0.008857246331506015
2023-01-05,74.75,76.17,73.82,75.15,990890.0,76415417.0,120278240.0,0.008238314760841196
2023-01-06,75.17,77.12,74.48,74.82,1349963.0,104992323.0,120278240.0,0.0112236677224409
2023-01-09,74.66,78.58,74.66,76.87,1594854.0,126796850.0,120278240.0,0.01325970516362727
2023-01-10,76.8,78.62,76.49,76.79,941316.0,75210572.0,120278240.0,0.007826153758152763
2023-01-11,76.26,79.41,74.75,74.89,1623531.0,128295060.0,120278240.0,0.01349812734206952
2023-01-12,75.51,76.29,74.3,76.09,1058697.0,82441076.0,120278240.0,0.008802065943099933
2023-01-13,76.08,76.11,73.8,74.82,910376.0,70086453.0,120278240.0,0.007568916871414148
2023-01-16,74.86,78.05,74.42,77.49,1628355.0,129022861.0,120278240.0,0.013538234347293409
2023-01-17,77.66,80.58,76.88,78.75,1239997.0,100993360.0,120278240.0,0.01030940426131942
2023-01-18,79.63,80.55,78.01,78.49,782317.0,63357775.0,120278240.0,0.006504227198535662
2023-01-19,78.18,79.18,77.37,78.83,740871.0,59848674.0,120278240.0,0.006159642841464924
2023-01-20,78.51,78.51,76.65,77.06,1347923.0,107176979.0,120278240.0,0.011206707048590003
2023-01-30,77.85,80.95,77.17,79.51,1892588.0,154271223.0,120278240.0,0.015735082255942553
2023-01-31,78.51,79.96,77.19,77.96,2186496.0,176117987.0,120278240.0,0.018178649770731598
2023-02-01,77.87,80.09,77.87,79.13,1324014.0,107736904.0,120278240.0,0.01100792628824632
2023-02-02,79.69,81.52,79.13,80.41,1818132.0,150458627.0,120278240.0,0.015116050916608025
2023-02-03,80.57,81.67,79.62,81.34,1975888.0,164497387.0,120278240.0,0.01642764310485421
2023-02-06,81.32,81.32,78.51,78.92,1683133.0,137574239.0,120278240.0,0.01399366169641325
2023-02-07,78.97,80.27,78.35,78.97,1139544.0,92935024.0,120310880.0,0.00947166208076942
2023-02-08,79.3,80.18,77.8,77.97,1322457.0,106630217.0,120310880.0,0.010991998396155028
2023-02-09,77.49,80.98,77.49,80.71,2348021.0,193171302.0,120310880.0,0.01951628148676163
2023-02-10,80.33,81.33,78.68,79.41,1355483.0,111418193.0,120310880.0,0.011266503910535772
2023-02-13,78.87,81.01,78.87,80.71,1385099.0,114557786.0,120310880.0,0.01151266618613379
2023-02-14,81.32,81.73,79.49,80.32,1459647.0,121018978.0,120310880.0,0.012132294269645438
2023-02-15,80.17,82.08,79.7,81.55,1645756.0,137370685.0,120310880.0,0.013679195098564651
2023-02-16,81.05,81.65,77.68,78.24,1907028.0,157056025.0,120310880.0,0.01585083576813668
2023-02-17,78.63,79.43,75.13,75.69,1389000.0,109784699.0,120310880.0,0.01154509051882922
2023-02-20,75.42,75.42,73.42,74.76,1210858.0,92649432.0,120310880.0,0.01006440980233874
2023-02-21,74.77,75.82,74.13,74.94,873909.0,67459228.0,120310880.0,0.0072637570267959145
2023-02-22,74.65,75.42,74.26,74.72,660741.0,50908309.0,120310880.0,0.005491947195465614
2023-02-23,74.3,75.12,73.46,73.87,813531.0,62174432.0,120310880.0,0.006761907152536828
2023-02-24,73.87,75.04,73.2,73.43,793318.0,60472758.0,120310880.0,0.0065939007344971625
2023-02-27,74.17,74.17,71.67,72.43,1052932.0,78542250.0,120310880.0,0.008751760439288617
2023-02-28,71.93,72.56,70.67,71.62,1317434.0,96803605.0,120310880.0,0.010950248223602055
2023-03-01,71.62,72.31,70.87,71.52,991330.0,73157358.0,120310880.0,0.008239736921548575
2023-03-02,71.52,72.52,69.51,69.55,1676642.0,122004849.0,120310880.0,0.013935913360454183
2023-03-03,70.14,72.03,70.14,71.07,1496212.0,109341720.0,120310880.0,0.01243621524503852
2023-03-06,72.0,75.51,70.58,75.17,2721039.0,206397630.0,120310880.0,0.022616732584783687
2023-03-07,74.87,75.29,72.37,72.91,1479820.0,112744530.0,120310880.0,0.012299968215675923
2023-03-08,72.92,75.6,72.42,74.8,1507631.0,115362390.0,120310880.0,0.012531127691859623
2023-03-09,75.02,80.36,74.93,78.34,3466094.0,280922692.0,120310880.0,0.028809480904802624
2023-03-10,78.34,81.79,77.25,79.29,3886129.0,319569009.0,120310880.0,0.032300727914216905
2023-03-13,78.62,81.16,77.18,77.82,2272761.0,183956120.0,120310880.0,0.018890735401486548
2023-03-14,77.78,81.14,76.38,80.8,3109113.0,254545470.0,120310880.0,0.025842326147061678
2023-03-15,80.64,86.28,80.58,82.51,3623897.0,311981760.0,120310880.0,0.030121107916424517
2023-03-16,81.86,84.01,80.01,80.5,2796069.0,235465624.0,120310880.0,0.023240366956005974
2023-03-17,80.96,83.56,80.26,82.52,2864399.0,242295948.0,120310880.0,0.02380831226569035
2023-03-20,81.46,85.91,79.6,83.85,3339844.0,287607347.0,120310880.0,0.027760116125823367
2023-03-21,82.48,84.42,81.89,83.49,2398245.0,204691128.0,120310880.0,0.01993373334148998
2023-03-22,83.37,83.66,81.62,82.27,1862608.0,158224122.0,120310880.0,0.015481625601940573
2023-03-23,82.65,82.8,80.43,82.1,2143387.0,180612566.0,120310880.0,0.017815404558590212
2023-03-24,81.63,83.38,79.74,80.08,2126676.0,177398728.0,120310880.0,0.01767650606495439
2023-03-27,81.37,84.24,80.69,81.94,2520346.0,213468636.0,120310880.0,0.020948612461316882
2023-03-28,81.29,82.76,78.77,79.12,1942658.0,160001259.0,120310880.0,0.016146985210315143
2023-03-29,78.94,90.98,77.71,86.3,5840240.0,507826482.0,120310880.0,0.048542908172560954
2023-03-30,87.1,90.77,86.45,89.51,4984890.0,455057008.0,120310880.0,0.041433409846225046
2023-03-31,90.09,95.11,88.68,92.09,5197648.0,490732861.0,120310880.0,0.043201811839461236
2023-04-03,93.68,96.88,90.66,96.29,4427219.0,428238024.0,120310880.0,0.03679815990041799
2023-04-04,94.65,100.46,93.39,94.81,4298835.0,426008937.0,120310880.0,0.03573105773974889
2023-04-06,92.23,103.24,92.23,96.5,4803282.0,480995179.0,120310880.0,0.03992392043013899
2023-04-07,96.09,100.46,94.27,99.34,3295919.0,328767035.0,120310880.0,0.02739502030074088
2023-04-10,98.48,103.66,95.21,95.23,3788755.0,386610660.0,120310880.0,0.0314913746786658
2023-04-11,96.95,98.97,92.11,93.89,3552568.0,345892419.0,120310880.0,0.02952823551785175
2023-04-12,94.35,96.01,92.21,95.47,2494458.0,242627805.0,120310880.0,0.020733436576974584
2023-04-13,94.16,95.35,90.28,91.01,2998988.0,284686904.0,120310880.0,0.02492698914678373
2023-04-14,91.67,99.66,89.46,99.01,5493744.0,540497560.0,120310880.0,0.04566290264022672
2023-04-17,98.53,103.01,93.48,94.32,4009652.0,401288573.0,120310880.0,0.033327426413970206
2023-04-18,94.12,94.41,91.15,93.08,2616794.0,249944294.0,120310880.0,0.02175026896985543
2023-04-19,93.76,97.52,92.11,94.61,3367045.0,329258222.0,120310880.0,0.027986205403867048
2023-04-20,94.36,98.03,93.83,97.76,4309013.0,427227672.0,120310880.0,0.03581565524248514
2023-04-21,97.56,97.56,91.74,94.35,4659083.0,455785223.0,120310880.0,0.038725367148839736
2023-04-24,94.65,95.01,85.79,86.4,4164167.0,378208690.0,120310880.0,0.03461172422643738
2023-04-25,86.78,86.88,80.57,83.51,4281766.0,369581265.0,120310880.0,0.035589183621630896
2023-04-26,79.47,82.3,75.19,76.05,4545650.0,364028676.0,120310880.0,0.037782534713402476
2023-04-27,75.72,79.58,75.23,78.02,2830588.0,227200112.0,120310880.0,0.02352728198812942
2023-04-28,79.42,84.72,79.42,82.5,3793935.0,321401442.0,120310880.0,0.03153442980385481
2023-05-04,80.59,82.7,78.84,78.9,2549279.0,211340895.0,120310880.0,0.021189097777358123
2023-05-05,78.61,80.79,77.08,78.0,1895014.0,153201733.0,120310880.0,0.015750977800179002
2023-05-08,78.21,78.59,75.23,75.37,2084509.0,163974661.0,120310880.0,0.017326022384675434
2023-05-09,75.72,76.48,73.81,74.92,1752531.0,135635584.0,120310880.0,0.014566687568073644
2023-05-10,74.1,75.02,71.35,72.03,2752427.0,204819761.0,120310880.0,0.022877623370388445
2023-05-11,73.27,75.54,71.95,72.0,1696559.0,127379084.0,120310880.0,0.014101459485625904
2023-05-12,71.74,73.49,70.38,70.48,1938466.0,142772541.0,120310880.0,0.01611214214375292
2023-05-15,70.48,75.31,70.07,74.65,2946202.0,222011299.0,120310880.0,0.024488242459867304
2023-05-16,74.65,79.78,74.63,76.5,3649299.0,290631800.0,120310880.0,0.03033224426585526
2023-05-17,75.72,79.7,75.72,78.25,3333547.0,268261607.0,120310880.0,0.027707776719777963
2023-05-18,76.88,80.09,76.88,79.12,2793856.0,226830025.0,120310880.0,0.023221972942098004
2023-05-19,78.51,84.05,78.51,83.33,3280192.0,277139591.0,120310880.0,0.027264300618530926
2023-05-22,85.43,85.79,81.2,81.91,1598654.0,135752500.0,120310880.0,0.01328769268415292
2023-05-23,81.47,81.9,79.67,80.49,2002515.0,166335527.0,120310880.0,0.01664450463665464
2023-05-24,80.6,85.42,79.77,83.69,2915631.0,250093633.0,120310880.0,0.024234142415050078
2023-05-25,83.99,84.94,81.06,82.61,1921387.0,162718260.0,120310880.0,0.015970184907632627
2023-05-26,83.11,85.21,82.43,83.0,1635428.0,140798574.0,120310880.0,0.013593350825793977
2023-05-29,83.39,86.16,83.01,84.0,1553555.0,135534139.0,120310880.0,0.012912838805600957
2023-05-30,83.51,84.42,82.28,83.92,923737.0,79447086.0,120310880.0,0.007677917408633367
2023-05-31,83.49,85.2,83.08,84.36,1124992.0,97318900.0,120310880.0,0.009350708763829173
2023-06-01,83.88,85.1,82.28,84.23,991135.0,85509398.0,120335880.0,0.008236404636755056
2023-06-02,84.34,85.04,80.1,82.47,1542587.0,131039699.0,120335880.0,0.012819011254166256
2023-06-05,83.46,84.75,80.99,81.06,1174078.0,99699192.0,120335880.0,0.009756674401683022
2023-06-06,80.83,83.19,80.05,81.17,1434663.0,120769390.0,120065880.0,0.011948965018205006
2023-06-07,80.8,82.5,80.17,80.73,744830.0,62108589.0,120065880.0,0.006203510939161067
2023-06-08,79.89,80.57,76.69,78.13,1535747.0,123584795.0,120065880.0,0.012790869479322519
2023-06-09,78.85,79.49,75.72,78.66,1340500.0,106982379.0,120065880.0,0.011164703910886257
2023-06-12,78.36,80.94,77.66,77.97,1169142.0,95455131.0,120065880.0,0.009737504110243477
2023-06-13,78.37,79.79,77.01,79.17,1109896.0,89785162.0,120065880.0,0.009244058345301762
2023-06-14,78.92,80.86,78.23,79.78,1001429.0,82275502.0,120065880.0,0.008340662642875727
2023-06-15,79.6,81.47,78.74,79.75,1299959.0,107589010.0,120065880.0,0.010827047617524645
2023-06-16,79.83,81.04,78.83,80.11,1236203.0,102081467.0,120065880.0,0.01029603914117816
2023-06-19,80.54,82.79,79.6,80.23,1393927.0,116428436.0,120065880.0,0.011609684616478886
2023-06-20,79.98,81.74,78.09,78.25,1530957.0,124887323.0,120065880.0,0.01275097471488153
2023-06-21,77.95,78.25,74.93,75.04,1266547.0,99052777.0,120065880.0,0.010548767060217274
2023-06-26,74.92,77.0,74.46,75.85,959975.0,74884120.0,120065880.0,0.007995402190863882
2023-06-27,75.69,76.86,73.79,74.75,1118501.0,86499608.0,120065880.0,0.0093157273323612
2023-06-28,74.76,76.48,72.81,75.41,1115789.0,86118254.0,120065880.0,0.009293139732953275
2023-06-29,76.3,76.5,74.55,75.71,1013055.0,78837895.0,120065880.0,0.008437492816443772
2023-06-30,75.39,79.0,74.76,78.37,1458835.0,116878087.0,120065880.0,0.012150287825317234
2023-07-03,78.28,79.43,77.67,78.93,935394.0,75787026.0,120065880.0,0.007790672920566609
2023-07-04,78.59,79.88,76.57,77.77,1445794.0,116030781.0,120065880.0,0.012041672455155453
2023-07-05,77.56,78.83,76.26,76.52,890654.0,70937911.0,120065880.0,0.007418044160422595
2023-07-06,76.87,77.95,75.13,75.5,1110051.0,86495634.0,120065880.0,0.009245349303232526
2023-07-07,75.5,75.91,74.03,75.4,944901.0,72768400.0,120065880.0,0.007869854449907001
2023-07-10,75.08,76.57,74.81,75.61,624935.0,48572767.0,120065880.0,0.005204934157814027
2023-07-11,75.62,77.24,75.61,76.59,605348.0,47446352.0,120065880.0,0.005041798719169843
2023-07-12,76.51,76.57,73.02,73.37,1341915.0,102141842.0,120065880.0,0.011176489107479993
2023-07-13,73.64,75.26,73.54,74.98,1044889.0,79909410.0,120065880.0,0.008702630589139896
2023-07-14,75.18,76.09,73.54,73.6,886148.0,67424435.0,120065880.0,0.0073805147640611975
2023-07-17,73.68,73.99,72.08,73.14,695985.0,51943972.0,120065880.0,0.005796692615753951
2023-07-18,72.3,74.15,72.3,72.54,582622.0,43699594.0,120065880.0,0.004852519300237503
2023-07-19,72.69,73.12,70.98,71.43,700054.0,51461360.0,120065880.0,0.005830582343626683
2023-07-20,71.71,72.14,70.9,71.11,504789.0,36924752.0,120065880.0,0.004204266857495235
2023-07-21,70.95,71.51,70.19,70.54,506696.0,36737371.0,120065880.0,0.004220149804424038
2023-07-24,71.16,71.16,69.96,70.17,389696.0,28077682.0,120065880.0,0.003245684785719307
2023-07-25,70.74,71.81,70.36,71.63,531650.0,38894530.0,120065880.0,0.004427985702515985
2023-07-26,72.49,72.49,71.08,71.22,459079.0,33612856.0,120065880.0,0.0038235591993328994
2023-07-27,71.32,71.59,70.75,71.37,546916.0,39882437.0,120065880.0,0.004555132565554843
2023-07-28,70.88,71.47,70.01,71.47,528905.0,38343752.0,120065880.0,0.0044051232540002205
2023-07-31,71.54,72.42,70.92,71.48,992149.0,72759868.0,120065880.0,0.00826337174224684
2023-08-01,71.77,72.56,70.93,72.54,1080725.0,79719919.0,120065880.0,0.009001100062732227
2023-08-02,72.44,73.99,71.98,73.53,801259.0,60166889.0,120065880.0,0.006673494584806275
2023-08-03,73.5,73.58,72.7,73.5,528744.0,39625643.0,120065880.0,0.004403782323504396
2023-08-04,73.5,73.9,72.09,72.72,606191.0,45179703.0,120065880.0,0.005048819864561023
2023-08-07,72.2,72.58,70.09,72.58,1458157.0,105822857.0,120065880.0,0.012144640925465253
2023-08-08,71.73,71.73,70.15,71.09,835854.0,60387545.0,120065880.0,0.006961628066191661
2023-08-09,70.26,70.92,69.97,70.27,853766.0,61417749.0,120065880.0,0.007110812830422765
2023-08-10,68.93,68.93,60.69,63.1,2847527.0,185036314.0,120065880.0,0.023716371378779716
2023-08-11,63.1,63.1,60.98,61.66,1581084.0,99984189.0,120065880.0,0.01316847050969018
2023-08-14,61.18,61.41,59.64,61.02,986627.0,61202951.0,120065880.0,0.008217380324868314
2023-08-15,61.26,61.35,57.18,57.75,1834705.0,109879155.0,120065880.0,0.01528081916361251
2023-08-16,57.75,57.81,56.31,56.65,971871.0,56703903.0,120065880.0,0.008094481129859707
2023-08-17,56.32,58.14,55.75,57.86,1033399.0,60466284.0,120065880.0,0.008606933127046584
2023-08-18,58.34,59.87,58.06,58.23,1276205.0,77205742.0,120065880.0,0.010629206232445055
2023-08-21,58.55,59.48,57.98,58.26,694216.0,41759650.0,120213360.0,0.00577486562225696
2023-08-22,58.32,59.32,56.77,59.03,815355.0,48533974.0,120213360.0,0.006782565598366105
2023-08-23,59.25,59.25,56.54,56.58,818878.0,48127035.0,120213360.0,0.0068118718252280774
2023-08-24,56.39,57.51,55.81,57.02,919242.0,53456384.0,120213360.0,0.007646754071261298
2023-08-25,56.74,56.78,55.13,55.59,1101190.0,62927354.0,120213360.0,0.00916029632646488
2023-08-28,59.52,59.89,57.57,57.57,1450654.0,86926315.0,120213360.0,0.01206732762481641
2023-08-29,57.25,63.22,57.13,62.64,2473886.0,154635352.0,120213360.0,0.020579126978898184
2023-08-30,62.54,64.77,62.31,63.97,1455139.0,95083511.0,120213360.0,0.012104636290009695
2023-08-31,63.89,65.16,62.84,64.61,1851738.0,122096273.0,120213360.0,0.0154037621109667
2023-09-01,65.01,66.24,63.64,64.19,1242437.0,82581693.0,120213360.0,0.010335265564492999
2023-09-04,64.19,64.88,63.34,64.59,1392800.0,91545506.0,120213360.0,0.011586066640180425
2023-09-05,64.93,66.54,64.85,65.22,1582917.0,106310866.0,120213360.0,0.01316756307285646
2023-09-06,64.79,69.59,64.44,69.44,2751479.0,190867539.0,120213360.0,0.022888296275888138
2023-09-07,70.13,71.11,66.05,66.26,2838835.0,199002221.0,120213360.0,0.02361497091504638
2023-09-08,66.65,70.82,66.65,69.09,3164426.0,224985715.0,120213360.0,0.02632341363721969
2023-09-11,70.26,70.26,66.35,67.23,4104394.0,284121262.0,120213360.0,0.03414257782995168
2023-09-12,66.52,66.99,64.02,66.09,2499033.0,167453301.0,120213360.0,0.02078831337881247
2023-09-13,65.04,66.41,64.2,64.98,1449417.0,96484939.0,120213360.0,0.012057037587170012
2023-09-14,64.2,65.48,63.97,64.64,1245622.0,82690725.0,120213360.0,0.010361760123833158
2023-09-15,64.49,67.81,63.54,66.2,2206061.0,148223905.0,120213360.0,0.018351213209580032
2023-09-18,65.04,65.59,63.71,64.26,1741610.0,115099073.0,120213360.0,0.014487657611433538
2023-09-19,64.07,67.02,63.5,65.67,1941148.0,130263590.0,120213360.0,0.016147523037372883
2023-09-20,65.18,65.94,64.01,64.33,1108822.0,73544615.0,120213360.0,0.009223783446365695
2023-09-21,63.42,65.07,63.42,64.38,684369.0,45222661.0,120213360.0,0.005692952929691009
2023-09-22,64.07,65.56,63.71,65.53,939555.0,62363358.0,120213360.0,0.00781572863448788
2023-09-25,64.69,66.98,64.69,66.25,1600719.0,108410493.0,120213360.0,0.013315649774700582
2023-09-26,66.03,66.03,64.45,64.69,662658.0,44122169.0,120213360.0,0.005512349043400833
2023-09-27,64.67,65.64,64.4,64.46,687823.0,45701247.0,120213360.0,0.00572168517708847
2023-09-28,64.4,66.92,64.22,66.05,1228689.0,82773410.0,120213394.00000001,0.010220899345043031
2023-10-09,66.83,66.97,65.06,65.27,872549.0,58773200.0,120213394.00000001,0.007258334291767853
2023-10-10,66.21,66.93,64.38,64.76,1146591.0,76594277.0,120213394.00000001,0.009537963797944178
2023-10-11,64.36,65.6,64.0,65.08,1221874.0,81195550.0,120213394.00000001,0.010164208490777657
2023-10-12,65.09,68.63,63.59,68.25,2232206.0,150037133.0,120213394.00000001,0.01856869626357941
2023-10-13,67.32,68.18,66.25,67.7,1803609.0,123904614.0,120213394.00000001,0.015003394713238026
2023-10-16,67.7,68.66,66.04,66.85,1495215.0,102952248.0,120213394.00000001,0.012438006699985526
2023-10-17,66.85,67.53,65.05,65.68,1048831.0,70646962.0,120213394.00000001,0.008724743267792604
2023-10-18,65.63,66.2,63.68,63.69,959542.0,63446734.0,120213394.00000001,0.007981989095158563
2023-10-19,63.69,66.21,63.45,64.39,1043033.0,69580505.0,120213394.00000001,0.008676512369328827
2023-10-20,64.3,65.78,63.62,64.52,861260.0,57055117.0,120213394.00000001,0.00716442628680794
2023-10-23,64.4,64.59,61.15,61.66,948870.0,60669727.0,120213394.00000001,0.007893213629755765
2023-10-24,62.07,64.35,61.08,63.3,621057.0,40085037.0,120213394.00000001,0.005166287876374241
2023-10-25,63.3,64.8,62.93,63.42,590574.0,38645693.0,120213394.00000001,0.004912713802922825
2023-10-26,62.98,63.43,60.3,61.46,1025115.0,64856659.0,120213394.00000001,0.008527460758657224
2023-10-27,61.47,64.65,60.34,64.35,1856001.0,119095464.0,120213394.00000001,0.01543921969294037
2023-10-30,63.91,67.49,63.71,66.74,1277449.0,86553519.0,120213394.00000001,0.010626511385245473
2023-10-31,67.48,68.69,67.13,67.92,1566746.0,109166254.0,120213394.00000001,0.013033040228445756
2023-11-01,67.35,68.44,66.74,68.14,760435.0,52892097.0,120213394.00000001,0.006325709429683018
2023-11-02,68.27,68.27,66.36,66.69,918198.0,63258286.0,120213394.00000001,0.0076380673521288306
2023-11-03,67.02,68.92,66.55,68.58,1025084.0,71604313.0,120213394.00000001,0.008527202883898277
2023-11-06,69.13,69.75,67.9,69.64,1436049.0,101539940.0,120213394.00000001,0.011945831926182867
2023-11-07,69.21,69.86,68.49,69.27,642559.0,45538378.0,120213394.00000001,0.005345153136596409
2023-11-08,68.79,70.82,68.44,70.22,768138.0,54913038.0,120213394.00000001,0.006389787148011143
2023-11-09,71.2,72.19,69.57,69.79,1176635.0,85460988.0,120213394.00000001,0.009787886032067273
2023-11-10,69.79,70.89,69.28,70.01,792436.0,57063369.0,120213394.00000001,0.006591911047782246
2023-11-13,70.63,70.64,69.46,70.21,502059.0,36005467.0,120213394.00000001,0.004176398180721858
2023-11-14,70.25,70.83,69.46,70.02,508923.0,36568619.0,120213394.00000001,0.004233496643477181
2023-11-15,70.68,71.06,69.62,70.13,563758.0,40563770.0,120213394.00000001,0.004689643817892704
2023-11-16,69.94,70.5,68.93,68.93,689561.0,49016899.0,120213394.00000001,0.00573614118240435
2023-11-17,69.26,69.66,68.57,69.34,499102.0,35390772.0,120213394.00000001,0.00415180025613452
2023-11-20,69.97,75.71,69.93,75.42,2559404.0,191869357.0,120213394.00000001,0.021290506114485044
2023-11-21,74.15,75.1,72.77,74.3,1512821.0,114719607.0,120213394.00000001,0.012584462925986433
2023-11-22,74.15,74.15,71.22,71.63,1141805.0,84656567.0,120213394.00000001,0.009498151262578943
2023-11-23,71.78,73.15,71.13,72.9,763402.0,56613052.0,120213394.00000001,0.0063503905396764685
2023-11-24,72.28,73.4,71.92,72.55,587457.0,43868768.0,120213394.00000001,0.004886784911837694
2023-11-27,71.38,75.76,71.34,74.65,942046.0,71870571.0,120213394.00000001,0.00783644790862489
2023-11-28,74.7,76.94,73.66,74.57,805950.0,62258092.0,120213394.00000001,0.006704327805602094
2023-11-29,74.54,75.68,72.86,74.39,796064.0,60349920.0,120213394.00000001,0.006622090713119704
2023-11-30,74.14,74.14,72.28,72.86,561621.0,42107355.0,120213394.00000001,0.004671867096606556
2023-12-01,72.86,73.6,71.87,72.75,573241.0,42785824.0,120213394.00000001,0.0047685285385087785
2023-12-04,73.32,74.14,72.13,72.67,882202.0,66003847.0,120213394.00000001,0.007338633164287832
2023-12-05,72.2,73.75,71.38,71.75,640749.0,47432508.0,120213394.00000001,0.005330096578090125
2023-12-06,72.07,72.69,69.46,70.07,1191224.0,86424660.0,120213394.00000001,0.00990924522104417
2023-12-07,69.61,70.58,68.1,68.7,1486287.0,105078849.0,120213394.00000001,0.012363738769408671
2023-12-08,68.41,69.14,67.1,67.73,2085101.0,144729397.0,120213394.00000001,0.01734499734696784
2023-12-11,67.39,67.96,65.89,67.79,1140014.0,78152529.0,120213394.00000001,0.009483252756344271
2023-12-12,67.98,68.4,66.94,67.19,532597.0,36899672.0,120213394.00000001,0.0044304297739068904
2023-12-13,67.42,67.76,66.0,66.14,652952.0,44606857.0,120213394.00000001,0.005431607729168681
2023-12-14,66.28,66.93,65.45,65.68,485901.0,33001636.0,120213394.00000001,0.004041987201525979
2023-12-15,66.29,66.59,65.01,65.07,384533.0,25847054.0,120213394.00000001,0.0031987533768491716
2023-12-18,64.91,65.34,63.55,63.85,447805.0,29440116.0,120213394.00000001,0.0037250840784014464
2023-12-19,64.21,65.13,63.42,64.23,532814.0,35083474.0,120213394.00000001,0.004432234897219522
2023-12-20,64.23,65.19,63.52,63.54,313102.0,20486352.0,120213394.00000001,0.0026045517024500613
2023-12-21,63.52,64.68,62.61,63.79,379975.0,24775810.0,120213394.00000001,0.0031608374687432913
2023-12-22,63.73,64.04,62.65,62.99,659913.0,42745724.0,120213394.00000001,0.005489513090363291
2023-12-25,62.99,63.76,62.43,62.77,258721.0,16625791.0,120213394.00000001,0.002152181145472026
2023-12-26,63.06,63.06,60.88,61.29,415335.0,26264966.0,120213394.00000001,0.0034549810647555627
2023-12-27,61.7,64.28,60.84,63.11,729839.0,47112579.0,120213394.00000001,0.006071195361142536
2023-12-28,63.06,64.7,62.27,64.03,662519.0,43362699.0,120213394.00000001,0.005511191207196096
2023-12-29,64.02,66.74,63.71,65.74,686068.0,46278922.0,120213461.0,0.005707081339252016
2024-01-02,65.76,65.78,64.47,64.79,553711.0,36877649.0,120213461.0,0.004606064873217484
2024-01-03,64.64,64.97,62.52,63.47,673116.0,43850139.0,120213461.0,0.005599339661304652
2024-01-04,63.42,63.69,61.97,62.17,464268.0,29786250.0,120213461.0,0.0038620300600113325
2024-01-05,61.98,62.58,60.71,60.89,517514.0,32635936.0,120213461.0,0.004304958826532746
2024-01-08,59.53,59.53,55.24,55.35,1319045.0,76000232.0,120213461.0,0.010972523285058733
2024-01-09,55.61,57.18,55.32,55.78,678269.0,38982290.0,120213461.0,0.005642205077183495
2024-01-10,55.49,55.91,53.92,54.08,908786.0,51015999.0,120213461.0,0.00755976903451769
2024-01-11,54.15,55.79,53.06,55.21,1066381.0,59204813.0,120213461.0,0.008870728711487643
2024-01-12,54.98,55.13,53.2,53.7,1000554.0,55251900.0,120213461.0,0.008323144443865567
2024-01-15,53.6,54.05,52.59,53.08,779372.0,42511179.0,120213461.0,0.0064832340198573936
2024-01-16,53.49,53.49,51.65,52.67,839368.0,45044903.0,120213461.0,0.006982312904209621
2024-01-17,52.23,52.83,51.22,51.32,1012911.0,54003080.0,120222760.99999999,0.00842528479278562
2024-01-18,51.31,51.35,48.94,50.54,1427397.0,72935825.0,120222760.99999999,0.011872934776468827
2024-01-19,50.74,51.62,50.33,50.46,871113.0,45517131.0,120222760.99999999,0.007245824274489921
2024-01-22,50.45,50.48,46.71,46.95,999322.0,49780609.0,120222760.99999999,0.00831225295183497
2024-01-23,46.13,49.52,46.13,48.83,1528612.0,75772310.0,120222760.99999999,0.012714830264129437
2024-01-24,48.78,49.32,46.67,49.32,894441.0,43791178.0,120222760.99999999,0.007439864070331908
2024-01-25,48.59,50.47,47.58,50.25,1349616.0,68205834.0,120222760.99999999,0.011225960781253395
2024-01-26,50.25,50.25,48.19,49.21,909362.0,45734197.0,120222760.99999999,0.007563975344069831
2024-01-29,48.81,54.14,46.52,54.14,1117814.0,54917920.0,120222760.99999999,0.009297856667923307
2024-01-30,48.59,48.59,44.88,45.33,2393465.0,112449720.0,120222760.99999999,0.019908584531676165
2024-01-31,44.35,44.75,42.33,42.73,1830783.0,81557335.0,120222760.99999999,0.015228256153591416
2024-02-01,42.73,43.96,41.3,43.22,1404717.0,61619085.0,120222760.99999999,0.011684284974955784
2024-02-02,43.48,43.48,39.01,40.26,1617121.0,68164898.0,120222760.99999999,0.013451038609901832
2024-02-05,36.8,39.88,36.6,39.61,1756883.0,69117044.0,120222760.99999999,0.01461356389910227
2024-02-06,37.87,43.03,36.62,41.95,2014852.0,82937797.0,120222760.99999999,0.016759322305033405
2024-02-07,42.01,43.8,41.19,43.17,1833596.0,80910369.0,120222760.99999999,0.015251654385145922
2024-02-08,42.31,47.5,42.31,46.34,2069843.0,97373711.0,120222760.99999999,0.017216731530562673
2024-02-19,46.46,48.1,44.8,45.82,1681750.0,79522603.0,120222760.99999999,0.013988615683181658
2024-02-20,46.1,46.18,44.83,45.9,671701.0,31322114.0,120222760.99999999,0.005587136698682208
2024-02-21,45.7,47.07,45.04,46.03,1296455.0,61500550.0,120222760.99999999,0.010783773298967906
2024-02-22,45.74,47.32,45.66,46.9,1197838.0,57087687.0,120222760.99999999,0.00996348769597797
2024-02-23,47.71,48.21,46.96,47.65,1525547.0,74233702.0,120222760.99999999,0.012689335923669231
2024-02-26,47.29,48.75,46.34,47.69,1687186.0,82075260.0,120222760.99999999,0.01403383174671891
2024-02-27,47.35,49.75,47.11,49.75,1502117.0,74792103.0,120222760.99999999,0.012494447702793983
2024-02-28,49.77,51.03,45.87,45.98,2191145.0,109355296.0,120222760.99999999,0.018225708524528067
2024-02-29,45.52,49.32,45.43,49.15,1911128.0,94381588.0,120222760.99999999,0.015896557225133102
2024-03-01,50.78,51.03,48.78,49.61,2125872.0,108449601.0,120222760.99999999,0.017682774728489226
2024-03-04,49.55,51.02,48.78,49.69,1830311.0,93368298.0,120222760.99999999,0.01522433010833947
2024-03-05,49.66,49.66,47.95,48.39,1511228.0,75101433.0,120222760.99999999,0.012570232021206036
2024-03-06,48.09,49.27,47.17,48.18,1104068.0,54438029.0,120222760.99999999,0.009183518917852835
2024-03-07,48.64,49.72,47.89,48.04,1819289.0,91174512.0,120222760.99999999,0.015132650297392523
2024-03-08,47.95,48.8,47.48,48.56,1140146.0,56398629.0,120222760.99999999,0.009483611842852287
2024-03-11,48.3,49.26,47.62,49.24,1166050.0,58389954.0,120222760.99999999,0.009699078529730324
2024-03-12,49.24,51.32,49.06,50.04,2169581.0,111081928.0,120222760.99999999,0.01804634149102598
2024-03-13,50.25,50.57,49.37,49.64,1359659.0,69502634.0,120222760.99999999,0.011309497375459545
2024-03-14,49.55,49.83,48.35,48.93,964204.0,48447613.0,120222760.99999999,0.00802014520361914
2024-03-15,48.78,49.55,48.3,49.3,834666.0,41895050.0,120222760.99999999,0.006942662047164264
2024-03-18,49.65,51.02,49.17,50.84,1276308.0,65463220.0,120222760.99999999,0.010616192719114147
2024-03-19,50.63,51.01,50.25,50.35,948687.0,49223035.0,120222760.99999999,0.007891076465961384
2024-03-20,50.62,51.89,50.35,51.01,1179763.0,61680238.0,120222760.99999999,0.009813141789348858
2024-03-21,52.0,52.59,50.2,50.38,1282333.0,67338118.0,120222760.99999999,0.01066630802132385
2024-03-22,50.56,51.16,49.47,49.77,1024377.0,52746558.0,120222760.99999999,0.008520657747994992
2024-03-25,49.75,50.07,47.72,47.73,1290726.0,64366599.0,120222760.99999999,0.010736120092933153
2024-03-26,47.49,48.64,45.72,46.62,1556712.0,74652099.0,120222760.99999999,0.012948563042900006
2024-03-27,46.52,46.62,44.39,44.39,1028239.0,47662232.0,120222760.99999999,0.0085527814487641
2024-03-28,44.39,46.26,44.19,45.53,1177800.0,54587911.0,120222760.99999999,0.00979681376640485
2024-03-29,45.61,45.71,44.57,45.13,834400.0,38510141.0,120223021.00000001,0.00694043447801898
2024-04-01,46.05,47.18,46.04,47.15,1085206.0,51825682.0,120223021.00000001,0.009026607308428889
2024-04-02,47.17,47.22,46.05,46.8,695677.0,33267018.0,120223021.00000001,0.005786553974550347
2024-04-03,46.8,46.92,45.48,45.79,974681.0,45987141.0,120223021.00000001,0.008107274229949685
2024-04-08,45.61,45.61,43.14,43.19,1240371.0,55994549.0,120223021.00000001,0.010317250304332311
2024-04-09,43.3,44.68,43.11,44.29,1448839.0,65313511.0,120223021.00000001,0.012051260964403813
2024-04-10,44.2,44.2,42.6,42.94,923115.0,40862824.0,120223021.00000001,0.007678354713778153
2024-04-11,42.66,43.61,42.32,42.68,965521.0,42520163.0,120223021.00000001,0.008031082499582171
2024-04-12,43.03,44.11,42.74,43.5,1339006.0,59502309.0,120223021.00000001,0.011137683855074644
2024-04-15,43.5,44.38,42.62,43.23,1175386.0,52309068.0,120223021.00000001,0.009776713230322169
2024-04-16,42.91,42.91,41.22,41.32,1319872.0,56927116.0,120223021.00000001,0.01097852964450128
2024-04-17,41.95,43.12,41.67,43.0,1005309.0,43896165.0,120223021.00000001,0.008362034089960191
2024-04-18,42.91,44.08,42.42,43.35,1115974.0,49685147.0,120223021.00000001,0.009282531670868592
2024-04-19,43.13,43.74,42.44,43.23,808589.0,35659468.0,120223021.00000001,0.006725741819447374
2024-04-22,42.93,43.68,41.88,43.38,610983.0,26882265.0,120223021.00000001,0.005082079912132635
2024-04-23,43.38,44.2,43.09,43.86,753061.0,33760948.0,120223021.00000001,0.006263866884529544
2024-04-24,43.86,46.33,43.86,45.89,1393296.0,65028649.0,120223021.00000001,0.011589261261368567
2024-04-25,45.89,46.69,45.49,45.78,824629.0,38920330.0,120223021.00000001,0.006859160526335467
2024-04-26,45.47,47.65,45.44,47.56,1481903.0,71182309.0,120223021.00000001,0.01232628316668236
2024-04-29,47.23,51.05,47.14,50.73,2047941.0,104088582.0,120223021.00000001,0.017034516209670024
2024-04-30,51.16,51.32,49.96,50.48,1289962.0,66978927.0,120223021.00000001,0.010729742018377661
2024-05-06,51.49,51.8,50.48,51.68,1299271.0,68330177.0,120223021.00000001,0.010807173112044821
2024-05-07,51.52,53.16,51.49,52.96,1315916.0,71262216.0,120223021.00000001,0.010945624133001947
2024-05-08,52.98,53.32,51.73,52.2,1075574.0,57808618.0,120223021.00000001,0.00894648954130008
2024-05-09,52.21,53.36,51.83,52.28,1241486.0,66698598.0,120223021.00000001,0.010326524734393423
2024-05-10,52.3,52.35,50.49,50.66,1152258.0,60185392.0,120223021.00000001,0.009584337429018689
2024-05-13,51.21,51.29,49.84,50.22,956789.0,49557526.0,120223021.00000001,0.007958450819498204
2024-05-14,50.39,50.94,49.56,49.76,629669.0,32190817.0,120223021.00000001,0.005237507714932566
2024-05-15,49.67,49.93,48.93,49.35,444133.0,22538000.0,120223021.00000001,0.003694242552763667
2024-05-16,49.89,49.89,48.78,49.13,670280.0,33850562.0,120223021.00000001,0.005575304916019369
2024-05-17,49.36,50.25,48.69,50.2,617512.0,31314981.0,120223021.00000001,0.005136387314705724
2024-05-20,50.06,51.12,49.97,51.08,846454.0,43974494.0,120223021.00000001,0.0070406981371729125
2024-05-21,51.28,51.28,49.64,50.07,742866.0,38152280.0,120223021.00000001,0.00617906615406046
2024-05-22,50.42,50.57,48.98,49.45,705097.0,35705187.0,120223021.00000001,0.005864908352286372
2024-05-23,49.46,49.62,48.35,48.61,649230.0,32456223.0,120223021.00000001,0.005400213657914984
2024-05-24,48.59,48.6,46.98,47.51,1031209.0,50426062.0,120223021.00000001,0.008577467039361786
2024-05-27,43.98,48.29,43.98,48.04,1995430.0,94730284.0,120223021.00000001,0.016597736302101408
2024-05-28,48.0,50.91,47.62,49.5,2191632.0,111453981.0,120223021.00000001,0.01822971991362619
2024-05-29,49.27,50.17,48.15,48.46,907883.0,45638468.0,120223021.00000001,0.007551656849481431
2024-05-30,48.27,49.72,48.07,49.7,765467.0,38688869.0,120223021.00000001,0.006367058435505459
2024-05-31,49.17,50.24,49.14,49.57,542449.0,27584321.0,120223021.00000001,0.004512022701542327
2024-06-03,49.58,51.56,49.28,51.02,1469099.0,76708762.0,120223021.00000001,0.012219781101657725
2024-06-04,50.93,51.26,49.65,50.92,930685.0,47999644.0,120223021.00000001,0.007741321023699778
2024-06-05,50.35,52.03,50.35,50.78,822078.0,43178648.0,120223021.00000001,0.006837941628500584
2024-06-06,50.58,53.16,50.58,50.69,1884746.0,100651539.0,120223021.00000001,0.015677080681577613
2024-06-07,50.21,52.3,49.94,50.19,1037586.0,54325266.0,120223021.00000001,0.008630510125011747
2024-06-11,49.71,53.57,49.47,52.8,2336409.0,123508078.0,120223021.00000001,0.019433956829283134
2024-06-12,52.53,53.56,51.71,52.89,1510873.0,81731860.0,120223021.00000001,0.012567251990781365
2024-06-13,52.98,55.12,52.88,54.96,2152804.0,119453247.0,120223021.00000001,0.01790675348276267
2024-06-14,54.44,54.92,53.06,54.5,1819948.0,100588072.0,120223021.00000001,0.015138099050097898
2024-06-17,53.96,57.26,53.81,56.59,1649163.0,94401617.0,120223021.00000001,0.013717530854593978
2024-06-18,56.12,57.36,55.16,55.86,1084253.0,62093433.0,120223021.00000001,0.00901868037403585
2024-06-19,55.91,56.39,54.64,54.78,1489786.0,84538019.0,120223021.00000001,0.01239185297132069
2024-06-20,53.66,56.05,53.48,54.42,1242079.0,69913712.0,120223021.00000001,0.010331457233968524
2024-06-21,53.5,54.87,53.22,53.7,969121.0,53494918.0,120223021.00000001,0.008061026847761544
2024-06-24,53.96,54.83,51.86,51.91,1424618.0,77697816.0,120223021.00000001,0.011849793726278096
2024-06-25,51.6,52.34,50.02,50.22,1156344.0,60259051.0,120223021.00000001,0.009618324264202277
2024-06-26,50.23,51.48,49.79,51.12,895359.0,46519714.0,120223021.00000001,0.007447483789315192
2024-06-27,50.7,52.69,50.7,50.89,1277125.0,67592944.0,120223021.00000001,0.010622965463494715
2024-06-28,50.85,52.18,49.79,50.36,1070047.0,56085093.0,120223021.00000001,0.00890051664897025
2024-07-01,50.36,50.97,48.61,50.31,949311.0,48399163.0,120223021.00000001,0.007896249754030053
2024-07-02,50.01,50.05,49.15,49.39,619005.0,31420091.0,120223021.00000001,0.00514880590132567
2024-07-03,49.27,50.25,48.23,48.9,956974.0,48128008.0,120223021.00000001,0.007959989626279645
2024-07-04,48.63,49.33,47.47,47.66,777339.0,38428514.0,120223021.00000001,0.006465808241501433
2024-07-05,47.61,48.04,45.35,47.36,1238021.0,58703570.0,120223021.00000001,0.010297703299270777
2024-07-08,47.31,47.94,46.14,46.3,858307.0,40999515.0,120223021.00000001,0.007139289903553496
2024-07-09,46.04,48.45,45.93,48.2,966120.0,46450537.0,120223021.00000001,0.008036064906404239
2024-07-10,47.98,48.87,47.35,47.62,592621.0,28954824.0,120223021.00000001,0.004929347100668847
2024-07-11,48.44,48.86,47.31,47.91,1395542.0,67875793.0,120223021.00000001,0.011607943207482698
2024-07-12,48.2,48.85,47.2,48.63,1022519.0,49959324.0,120223021.00000001,0.008505184710006579
2024-07-15,48.68,50.27,48.27,48.97,1287625.0,64688887.0,120223021.00000001,0.01071030314568455
2024-07-16,48.97,50.37,48.03,50.35,1049157.0,52537638.0,120223021.00000001,0.008726756250784947
2024-07-17,50.41,50.66,49.47,49.94,754335.0,38228183.0,120223021.00000001,0.006274463856635244
2024-07-18,49.66,50.96,48.47,50.54,1074971.0,54409249.0,120223021.00000001,0.008941473862980035
2024-07-19,50.96,52.89,50.47,52.07,1419317.0,74819193.0,120223021.00000001,0.01180570067358397
2024-07-22,51.75,52.19,51.28,51.74,859187.0,45026764.0,120223021.00000001,0.007146609633108454
2024-07-23,51.75,52.14,48.0,48.13,1250374.0,62902180.0,120223021.00000001,0.010400454002898496
2024-07-24,47.86,48.72,47.16,47.24,728586.0,35443157.0,120223021.00000001,0.0060602869062822825
2024-07-25,46.77,48.21,46.64,46.82,598960.0,28758182.0,120223021.00000001,0.0049820741070880255
2024-07-26,46.82,47.47,46.4,46.98,501897.0,23898145.0,120223021.00000001,0.004174716255050686
2024-07-29,46.99,47.25,45.85,45.99,766649.0,36024867.0,120223021.00000001,0.006376890163157686
2024-07-30,46.08,46.89,45.52,46.45,738058.0,34641736.0,120223021.00000001,0.006139073813492009
2024-07-31,46.49,50.03,46.05,50.03,1828278.0,89969311.0,120223021.00000001,0.015207386944635169
2024-08-01,50.27,50.76,49.39,49.56,752299.0,38172663.0,120223021.00000001,0.00625752866416491
2024-08-02,49.29,49.3,47.32,47.57,687204.0,33682849.0,120223021.00000001,0.005716076623960397
2024-08-05,47.32,47.98,46.08,46.16,1013136.0,48123091.0,120223021.00000001,0.008427138093626843
2024-08-06,46.52,47.49,46.07,46.66,478411.0,22626537.0,120223021.00000001,0.003979362654678258
2024-08-07,46.43,47.1,46.25,46.47,386934.0,18302600.0,120223021.00000001,0.003218468449565911
2024-08-08,46.24,47.5,45.64,46.85,550302.0,26008008.0,120223021.00000001,0.00457734296994583
2024-08-09,47.31,48.05,46.0,46.0,478715.0,22752607.0,120223021.00000001,0.003981891288524516
2024-08-12,45.67,46.01,44.14,44.56,1083109.0,49170702.0,120223021.00000001,0.009009164725614405
2024-08-13,44.85,45.04,43.8,44.76,622127.0,27924238.0,120223021.00000001,0.005174774305496781
2024-08-14,44.75,44.75,43.04,43.14,926480.0,41151786.0,120223021.00000001,0.007706344361451372
2024-08-15,43.09,44.21,42.44,43.2,612338.0,26856589.0,120223021.00000001,0.005093350632072371
2024-08-16,43.1,43.86,43.08,43.1,501142.0,22048674.0,120223021.00000001,0.004168436259807512
2024-08-19,43.13,43.74,42.65,42.78,475048.0,20740403.0,120223021.00000001,0.0039513896427540275
2024-08-20,43.37,43.37,40.72,41.29,1358051.0,57196540.0,120223021.00000001,0.011296097774818019
2024-08-21,40.91,41.57,40.25,40.72,657156.0,27195559.0,120223021.00000001,0.005466141131156569
2024-08-22,40.71,41.18,39.31,40.2,971437.0,39282160.0,120223021.00000001,0.008080291045090273
2024-08-23,39.97,40.1,39.29,39.8,514352.0,20717872.0,120223021.00000001,0.00427831538187682
2024-08-26,39.61,40.86,39.61,40.33,629727.0,25823050.0,120223021.00000001,0.005237990151653234
2024-08-27,40.06,40.49,39.51,39.68,344529.0,13921907.0,120223021.00000001,0.0028657489816363868
2024-08-28,39.67,40.54,39.33,40.12,416213.0,16910648.0,120223021.00000001,0.0034620074968836454
2024-08-29,39.89,41.4,39.71,41.31,624329.0,25914482.0,120223021.00000001,0.005193090265133164
2024-08-30,42.39,46.02,41.46,44.17,2720107.0,120904104.0,120223021.00000001,0.02262550863698559
2024-09-02,44.33,44.45,42.42,42.5,1772424.0,77837824.0,120223021.00000001,0.014742800382632206
2024-09-03,42.39,43.58,42.39,43.01,619455.0,27052403.0,120223021.00000001,0.005152548944848091
2024-09-04,42.41,44.51,42.41,43.56,1270268.0,56191766.0,120223021.00000001,0.010565929798087504
2024-09-05,43.48,43.9,42.89,43.17,619010.0,27272315.0,120223021.00000001,0.005148847490698141
2024-09-06,43.26,43.67,41.91,42.02,765275.0,32952710.0,120223021.00000001,0.006365461403602559
2024-09-09,42.04,42.58,41.3,41.38,571492.0,24264392.0,120223021.00000001,0.004753598730479414
2024-09-10,41.4,42.01,40.72,41.99,760438.0,31939180.0,120223021.00000001,0.006325227844673775
2024-09-11,42.29,42.41,41.37,41.62,799478.0,33842504.0,120223021.00000001,0.0066499576649300795
2024-09-12,41.75,41.78,40.44,40.6,1092109.0,45515668.0,120223021.00000001,0.009084025596062835
2024-09-13,40.51,40.78,39.92,39.94,801569.0,32788236.0,120223021.00000001,0.006667350340497598
2024-09-18,40.83,41.4,39.53,39.99,1173889.0,47936763.0,120223021.00000001,0.009764261372204246
2024-09-19,40.32,40.8,39.44,39.63,1994137.0,80827636.0,120223021.00000001,0.016586981290380314
2024-09-20,39.62,40.05,38.76,39.04,1209644.0,48225406.0,120223021.00000001,0.010061666974746874
2024-09-23,39.04,39.43,38.41,38.88,941702.0,37161330.0,120223021.00000001,0.007832959047003152
2024-09-24,39.21,41.0,38.88,40.81,1527056.0,62035095.0,120223021.00000001,0.012701860153722138
2024-09-25,41.4,42.24,40.83,40.92,1791405.0,75555627.0,120223021.00000001,0.014900681958407947
2024-09-26,40.8,43.54,40.46,43.28,1961678.0,83672865.0,120223021.00000001,0.016316991402170803
2024-09-27,43.79,46.41,43.53,46.22,1586805.0,72229128.0,120223021.00000001,0.013198844836880283
2024-09-30,48.33,53.62,47.31,53.6,3611177.0,186671042.0,120223057.00000001,0.030037308068118742
2024-10-08,64.27,64.27,56.2,63.47,5782140.0,360318922.0,120223057.00000001,0.04809510042653465
2024-10-09,61.11,62.56,54.59,56.19,6220736.0,371154049.0,120223057.00000001,0.05174328581579821
2024-10-10,56.69,58.05,54.55,55.64,3265939.0,187609851.0,120223057.00000001,0.027165662573361445
2024-10-11,54.71,55.67,49.8,50.18,3238230.0,171020719.0,120223057.00000001,0.026935182658015422
2024-10-14,50.47,52.22,48.97,52.15,2514251.0,129729683.0,120223057.00000001,0.020913218002766305
2024-10-15,52.16,53.48,51.29,51.29,2127865.0,112867478.0,120223057.00000001,0.017699308710807445
2024-10-16,50.77,52.3,50.32,51.19,1513954.0,79086819.0,120223057.00000001,0.012592875591243698
2024-10-17,51.56,52.29,50.77,50.81,1352733.0,70890296.0,120223057.00000001,0.011251859948961369
2024-10-18,50.81,57.65,50.42,54.84,3885174.0,212819127.0,120223057.00000001,0.03231638004347202
2024-10-21,55.56,59.03,54.71,55.75,4040456.0,231935199.0,120223057.00000001,0.03360799584392534
2024-10-22,56.32,57.65,55.2,55.99,3225033.0,183982200.0,120223057.00000001,0.026825411701184736
2024-10-23,55.7,56.17,54.21,54.69,3000978.0,168373641.0,120223057.00000001,0.02496175088943213
2024-10-24,54.29,55.13,53.96,54.54,1574613.0,87171480.0,120223057.00000001,0.013097429389106283
2024-10-25,54.82,56.13,54.05,55.68,1816739.0,101570943.0,120223057.00000001,0.015111402465834816
2024-10-28,55.78,55.78,54.42,55.44,1387574.0,77643239.0,120223057.00000001,0.011541662927436622
2024-10-29,55.2,56.4,54.35,54.61,1763983.0,98709769.0,120223057.00000001,0.01467258481041619
2024-10-30,53.33,53.41,51.11,51.8,3161874.0,166553714.0,120223057.00000001,0.026300063223313307
2024-10-31,51.45,52.91,50.01,52.22,2633264.0,137891572.0,120223057.00000001,0.02190315290352332
2024-11-01,52.26,53.09,50.79,51.76,2385427.0,125680488.0,120223057.00000001,0.019841676459782583
2024-11-04,51.33,53.06,50.84,52.44,1565169.0,83161790.0,120223057.00000001,0.013018875405904875
2024-11-05,52.05,54.69,52.05,54.41,2326995.0,126925846.0,120223057.00000001,0.019355646562871878
2024-11-06,54.71,55.55,53.63,54.27,2490553.0,137741699.0,120223057.00000001,0.020716101072026472
2024-11-07,54.21,55.5,53.74,55.28,2341693.0,130012499.0,120223057.00000001,0.019477902645579873
2024-11-08,55.71,58.35,55.71,57.25,4205943.0,244634872.0,120223057.00000001,0.03498449552817476
2024-11-11,57.54,60.7,57.28,59.89,4589593.0,277073715.0,120223057.00000001,0.03817564712233194
2024-11-12,59.88,60.42,56.68,57.32,4338551.0,256688537.0,120223057.00000001,0.03608751189881987
2024-11-13,56.7,57.74,55.89,57.25,2129773.0,122889781.0,120223057.00000001,0.017715179210590192
2024-11-14,57.17,57.17,54.59,54.83,2091634.0,118426267.0,120223057.00000001,0.017397943890247274
2024-11-15,54.83,55.2,52.37,52.37,2019120.0,110058561.0,120223057.00000001,0.016794781719782752
2024-11-18,52.79,53.11,50.81,51.35,1649700.0,86514155.0,120223057.00000001,0.013721993444235907
2024-11-19,51.85,53.51,51.29,53.31,1375825.0,72925432.0,120223057.00000001,0.011443936249267058
2024-11-20,52.96,54.35,52.83,53.72,1579956.0,85713294.0,120223057.00000001,0.013141871779221184
2024-11-21,53.59,54.04,51.87,52.24,1932916.0,103580316.0,120223057.00000001,0.0160777478815898
2024-11-22,52.29,53.43,50.47,50.52,1943091.0,102651760.0,120223057.00000001,0.016162382229225794
2024-11-25,50.17,51.77,49.97,50.93,1230529.0,63347782.0,120223057.00000001,0.010235382718641066
2024-11-26,50.59,51.26,49.88,50.08,978012.0,50160299.0,120223057.00000001,0.008134978633923772
2024-11-27,49.91,51.16,48.31,51.16,1620978.0,81501560.0,120223057.00000001,0.013483087524550302
2024-11-28,50.92,51.64,50.53,51.11,1163998.0,60308298.0,120223057.00000001,0.009681986376373708
2024-11-29,51.22,52.47,50.08,51.45,1509290.0,78721899.0,120223057.00000001,0.0125540810362192
2024-12-02,51.45,52.33,51.01,52.01,1319234.0,69301753.0,120223057.00000001,0.010973219554714865
2024-12-03,52.05,52.74,51.11,51.63,1352353.0,71243692.0,120223057.00000001,0.011248699157600026
2024-12-04,52.08,52.56,50.6,50.78,1489700.0,77737912.0,120223057.00000001,0.012391133923669898
2024-12-05,50.39,51.34,50.39,50.92,817630.0,42245975.0,120223057.00000001,0.006800941686252412
2024-12-06,51.0,51.69,49.78,51.41,1506258.0,77900017.0,120223057.00000001,0.012528861248304473
2024-12-09,51.41,51.63,50.29,50.67,964935.0,49893284.0,120223057.00000001,0.008026205821733513
2024-12-10,52.1,52.62,50.77,50.86,1781075.0,93611344.0,120223057.00000001,0.014814753878700654
2024-12-11,50.95,52.19,50.95,51.6,1140177.0,59703799.0,120223057.00000001,0.00948384634737744
2024-12-12,51.65,52.09,50.87,51.6,1022126.0,53249651.0,120223057.00000001,0.008501913239487829
2024-12-13,51.31,51.44,50.42,50.48,1259301.0,64842275.0,120223057.00000001,0.01047470453192685
2024-12-16,50.37,50.74,49.79,50.0,948532.0,48246149.0,120223057.00000001,0.007889767767259486
2024-12-17,49.8,50.28,49.18,49.19,781204.0,39268625.0,120223057.00000001,0.006497954880651554
2024-12-18,49.18,49.94,49.1,49.29,752262.0,37754946.0,120223057.00000001,0.00625721902912517
2024-12-19,48.8,49.41,48.4,49.24,1530563.0,75916205.0,120223057.00000001,0.012731027127350454
2024-12-20,49.0,51.01,48.8,50.23,1480912.0,75297543.0,120223057.00000001,0.01231803646450281
2024-12-23,50.12,50.43,48.32,48.48,1915458.0,95183581.0,120223057.00000001,0.01593253447215204
2024-12-24,48.47,48.76,47.23,48.25,1863659.0,90523577.0,120223057.00000001,0.015501677020240799
2024-12-25,48.25,48.26,46.84,47.02,1236148.0,59518859.0,120223057.00000001,0.010282120841428944
2024-12-26,47.03,47.91,46.93,47.53,1266283.0,60937330.0,120223057.00000001,0.010532779914255547
2024-12-27,47.57,48.18,47.28,47.29,1204985.0,58384692.0,120223057.00000001,0.010022910996182703
2024-12-30,47.24,47.77,46.34,46.8,1060550.0,50572205.0,120223057.00000001,0.008821519153351757
2024-12-31,46.88,47.09,45.22,45.26,1440230.0,66917546.0,120223201.00000001,0.011979634446765395
2025-01-02,45.22,45.54,43.54,43.93,1194360.0,53997750.0,120223201.00000001,0.0099345217068376
2025-01-03,44.13,44.51,43.0,43.13,1079384.0,47877770.0,120223201.00000001,0.008978167200855015
2025-01-06,42.98,43.56,42.46,42.75,979535.0,42740026.0,120223201.00000001,0.008147636993960924
2025-01-07,42.96,43.38,42.4,43.29,869274.0,37879843.0,120223201.00000001,0.007230501207499873
2025-01-08,43.2,43.57,41.79,43.16,1049805.0,45472696.0,120223201.00000001,0.00873213315955545
2025-01-09,43.11,43.79,42.74,43.25,761104.0,33480417.0,120223201.00000001,0.006330758070565763
2025-01-10,43.37,44.03,42.27,42.27,888635.0,39091945.0,120223201.00000001,0.0073915433344683605
2025-01-13,41.65,42.86,41.6,42.58,1091626.0,46793899.0,120223201.00000001,0.009079994467956314
2025-01-14,43.07,44.11,42.57,44.03,1351832.0,59647980.0,120223201.00000001,0.011244352078098468
2025-01-15,44.03,44.1,43.38,43.4,687205.0,30401174.0,120223201.00000001,0.005716076383625819
2025-01-16,43.63,44.48,43.37,43.68,890614.0,39622352.0,120223201.00000001,0.007408004383446752
2025-01-17,43.61,44.85,43.54,44.38,1099590.0,49287078.0,120223201.00000001,0.009146237921247828
2025-01-20,44.6,44.81,44.13,44.58,917454.0,41432591.0,120223201.00000001,0.007631255800617053
2025-01-21,45.22,45.22,44.07,44.57,776340.0,35017105.0,120223201.00000001,0.006457489016616684
2025-01-22,44.48,44.83,43.92,44.11,831923.0,37322405.0,120223201.00000001,0.00691982074242059
2025-01-23,44.6,45.01,43.6,43.64,1366831.0,61378736.0,120223201.00000001,0.011369111690845762
2025-01-24,43.59,44.27,43.47,44.17,1033103.0,46114399.0,120223201.00000001,0.008593208227752976
2025-01-27,43.94,44.34,43.25,43.27,1040818.0,46067755.0,120223201.00000001,0.008657380533396377
2025-02-05,43.89,44.21,43.31,43.53,1049705.0,46672126.0,120223201.00000001,0.008731301373351387
2025-02-06,43.41,45.2,43.37,45.17,1502486.0,68007745.0,120223201.00000001,0.012497471265966374
2025-02-07,45.24,46.44,45.1,45.64,1620380.0,75286532.0,120223201.00000001,0.013478097293383494
2025-02-10,46.08,46.13,45.42,45.62,2085970.0,96627522.0,120223201.00000001,0.01735081068087681
2025-02-11,45.63,45.93,44.36,44.73,2022298.0,91885410.0,120223201.00000001,0.016821195769026312
2025-02-12,44.75,46.0,44.35,45.99,2057044.0,94239757.0,120223201.00000001,0.017110208203489772
2025-02-13,45.86,46.13,45.1,45.1,1526125.0,70384901.0,120223201.00000001,0.012694097206744644
2025-02-14,45.05,45.6,44.85,45.48,1367904.0,62777269.0,120223201.00000001,0.01137803675681535
2025-02-17,45.48,45.64,44.95,45.21,1507672.0,69213518.0,120223201.00000001,0.012540607698509041
2025-02-18,45.36,46.11,44.41,44.52,1753934.0,80676881.0,120223201.00000001,0.014588981040356759
2025-02-19,44.38,45.84,44.38,45.81,2030335.0,93618448.0,120223201.00000001,0.01688804642624679
2025-02-20,45.78,46.43,45.62,46.22,1711323.0,80048118.0,120223201.00000001,0.014234548620943805
2025-02-21,46.41,47.6,45.72,47.43,2563381.0,121814173.0,120223201.00000001,0.021321849515552323
2025-02-24,47.61,47.89,47.05,47.47,1919183.0,92355944.0,120223201.00000001,0.015963499424707546
2025-02-25,46.82,48.43,46.79,47.63,2228257.0,107600105.0,120223201.00000001,0.01853433431705083
2025-02-26,48.85,49.17,47.87,48.41,2779563.0,136869194.0,120223201.00000001,0.023120021567218124
2025-02-27,48.25,49.17,47.99,48.83,2384817.0,117299929.0,120223201.00000001,0.019836578798130652
2025-02-28,48.63,49.17,47.39,47.67,2529421.0,123576398.0,120223201.00000001,0.021039374920652793
2025-03-03,47.97,48.45,47.38,47.57,1817519.0,88378991.0,120223201.00000001,0.015117872298209725
2025-03-04,47.3,48.59,46.85,48.45,2230686.0,108556581.0,120223201.00000001,0.018554538403947503
2025-03-05,48.5,49.28,48.09,48.55,1896673.0,93481528.0,120223201.00000001,0.01577626435017314
2025-03-06,48.88,49.46,48.57,49.03,2618267.0,130580146.0,120223201.00000001,0.021778383691513917
2025-03-07,49.22,49.25,47.86,48.1,2014154.0,98939734.0,120223201.00000001,0.016753455100567482
2025-03-10,47.68,48.98,47.61,48.16,1310686.0,64191388.0,120223201.00000001,0.010902105326575024
2025-03-11,47.9,49.27,47.52,48.66,1385016.0,68023615.0,120223201.00000001,0.011520372012054476
2025-03-12,48.67,49.25,48.28,48.31,1857183.0,91757717.0,120223201.00000001,0.015447791978188966
2025-03-13,48.08,48.14,46.93,47.27,1516299.0,72892137.0,120223201.00000001,0.01261236589433349
2025-03-14,47.38,48.02,46.92,47.98,1217814.0,58956403.0,120223201.00000001,0.010129608843138354
2025-03-17,47.98,48.26,47.7,48.25,1208102.0,58861465.0,120223201.00000001,0.01004882576699983
2025-03-18,48.32,48.87,47.81,48.16,1121160.0,55008995.0,120223201.00000001,0.009325654205464051
2025-03-19,47.73,48.13,47.1,47.19,1289056.0,62012447.0,120223201.00000001,0.010722189970636365
2025-03-20,47.29,47.46,46.88,46.95,932326.0,44610596.0,120223201.00000001,0.007754959044885187
2025-03-21,46.83,46.95,45.85,45.93,1250209.0,58713275.0,120223201.00000001,0.010399065983944312
2025-03-24,45.93,46.38,44.99,45.97,1299259.0,60286527.0,120223201.00000001,0.010807057117036833
2025-03-25,46.16,46.65,45.42,46.35,871725.0,40744078.0,120223201.00000001,0.007250888287361438
2025-03-26,46.11,46.82,45.85,46.38,889810.0,41993746.0,120223201.00000001,0.007401316822366092
2025-03-27,46.23,51.5,45.98,50.12,7434999.0,374572942.0,120223201.00000001,0.06184329595416445
2025-03-28,50.22,51.11,48.1,48.6,4879605.0,242975565.0,120223201.00000001,0.040587881202730575
2025-03-31,48.58,51.36,48.35,50.95,7488585.0,382628289.0,120223261.0,0.0622889858228018
2025-04-01,50.24,52.44,49.78,50.92,5948370.0,308587833.0,120223261.0,0.0494776963336571
2025-04-02,52.41,54.71,50.46,50.97,6131361.0,323580362.0,120223261.0,0.05099978946669896
2025-04-03,49.21,51.77,48.94,49.74,4907304.0,248300700.0,120223261.0,0.0408182572921558
2025-04-07,46.8,50.76,45.9,47.35,6957513.0,341431668.0,120223261.0,0.05787160439775461
2025-04-08,47.61,49.57,46.62,48.69,5342509.0,260607690.0,120223261.0,0.04443823063491848
2025-04-09,48.19,52.5,45.98,52.1,7967193.0,407122563.0,120223261.0,0.06626997915153873
2025-04-10,51.63,54.21,51.09,51.75,8359899.0,446462384.0,120223261.0,0.06953645185185918
2025-04-11,52.5,54.32,51.8,53.4,7692116.0,414141615.0,120223261.0,0.06398192775689224
2025-04-14,53.62,57.17,52.54,55.77,7955884.0,442904241.0,120223261.0,0.06617591249666735
2025-04-15,54.79,55.33,53.67,54.26,4271983.0,235026871.0,120223261.0,0.03553374749999503
2025-04-16,53.57,55.1,52.75,54.08,4340840.0,237313997.0,120223261.0,0.03610649024068645
2025-04-17,53.88,55.7,53.2,53.38,4439103.0,245972433.0,120223261.0,0.036923827910473994
2025-04-18,52.64,53.38,51.36,51.56,3987400.0,210338759.0,120223261.0,0.033166626548251754
2025-04-21,51.74,52.52,51.58,52.26,2607537.0,137727842.0,120223261.0,0.021689122207390464
2025-04-22,52.01,54.69,51.75,54.22,4779530.0,259531991.0,120223261.0,0.03975545131819374
2025-04-23,53.42,53.48,51.76,52.93,4630797.0,247682925.0,120223261.0,0.03851831136072744
2025-04-24,52.98,53.03,50.22,50.35,4151264.0,215431732.0,120223261.0,0.03452962401344279
2025-04-25,50.36,50.76,49.88,50.43,2039659.0,104216954.0,120223261.0,0.016965593704865483
2025-04-28,50.41,51.24,49.59,50.69,1896902.0,97427146.0,120223261.0,0.015778161266146323
2025-04-29,50.27,51.43,49.67,51.12,2360021.0,121224991.0,120223261.0,0.019630319294034124
2025-04-30,50.95,51.7,50.8,51.46,2279222.0,118621054.0,120223261.0,0.018958244694427313
2025-05-06,51.79,53.72,51.49,53.59,3958085.0,211587407.0,120223261.0,0.03292278854422357
2025-05-07,53.94,54.36,52.61,53.33,3379740.0,182975700.0,120223261.0,0.028112197023170082
2025-05-08,52.93,53.69,52.7,53.27,2097164.0,113221318.0,120223261.0,0.01744391212279627
2025-05-09,53.23,53.23,51.31,51.75,2325513.0,122301713.0,120223261.0,0.019343286653986203
2025-05-12,52.16,52.42,51.42,51.9,1807512.0,95024617.0,120223261.0,0.015034627949411553
2025-05-13,52.2,52.37,51.01,51.06,1989276.0,103864364.0,120223261.0,0.01654651507082311
2025-05-14,51.43,51.65,50.3,51.51,1721202.0,89357169.0,120223261.0,0.01431671363497618
2025-05-15,50.67,50.75,48.79,48.82,3547046.0,177158332.0,120223261.0,0.029503824555216482
2025-05-16,49.06,49.12,48.08,48.18,1700403.0,83888619.0,120223261.0,0.014143710508734246
2025-05-19,48.18,49.66,47.98,49.53,2013828.0,99845798.0,120223261.0,0.016750735117724014
2025-05-20,49.29,49.72,48.81,49.27,1523955.0,76092742.0,120223261.0,0.01267604111986282
2025-05-21,49.19,50.52,48.79,50.06,2019702.0,101865238.0,120223261.0,0.016799594214966438
2025-05-22,49.63,50.37,49.36,49.37,1539491.0,77922041.0,120223261.0,0.012805267360032764
2025-05-23,49.29,49.67,48.3,48.3,1602714.0,79676034.0,120223261.0,0.013331147289375223
2025-05-26,48.4,49.08,48.1,48.42,1553906.0,76530446.0,120223261.0,0.012925169281508676
2025-05-27,48.39,49.56,47.94,49.17,1465911.0,72988660.0,120223261.0,0.012193239376529639
2025-05-28,48.89,49.24,48.21,48.21,1211608.0,59643168.0,120223261.0,0.010077983161677838
2025-05-29,48.39,49.46,48.09,49.28,1590686.0,79009637.0,120223261.0,0.013231100094681345
2025-05-30,49.3,49.42,48.38,48.61,1179832.0,58240010.0,120223261.0,0.0098136749093838
2025-06-03,48.12,48.67,47.17,47.18,2737610.0,132729225.0,120223261.0,0.02277105093664029
2025-06-04,47.23,48.69,47.07,48.21,2342064.0,113751397.0,120223261.0,0.019480955519913905
2025-06-05,48.0,48.29,47.31,47.8,1717354.0,83040615.0,120223261.0,0.014284706517817712
2025-06-06,47.95,48.09,47.33,47.49,1267659.0,61341664.0,120223261.0,0.010544207414237417
2025-06-09,47.76,48.98,47.47,48.71,2565610.0,125550955.0,120223261.0,0.02134037937966098
2025-06-10,48.5,48.69,47.22,47.37,2647333.0,128293301.0,120223261.0,0.02202013967995761
2025-06-11,47.74,48.1,47.29,47.43,1447547.0,69978210.0,120223261.0,0.012040490234248429
2025-06-12,47.43,47.6,46.82,46.97,1895668.0,90684926.0,120223261.0,0.015767897029510786
2025-06-13,46.92,47.24,45.93,46.27,2177504.0,102551051.0,120223261.0,0.01811216882563184
2025-06-16,46.02,46.6,46.02,46.36,925357.0,43501235.0,120223261.0,0.007696988022975021
2025-06-17,46.29,46.65,46.19,46.44,882303.0,41541667.0,120223261.0,0.007338870969404165
2025-06-18,46.23,47.22,46.21,47.15,1287315.0,61024020.0,120223261.0,0.01070770322891175
2025-06-19,47.16,47.6,46.62,46.74,1452148.0,69380374.0,120223261.0,0.012078760698397625
2025-06-20,46.82,47.51,46.75,46.75,1173417.0,56140522.0,120223261.0,0.009760315851023205
2025-06-23,46.33,47.46,45.92,47.29,1224946.0,58441984.0,120223261.0,0.01018892675020685
2025-06-24,47.45,47.98,47.29,47.91,2031594.0,98441455.0,120223848.99999999,0.016898427532460722
2025-06-25,48.0,48.18,47.46,48.13,1877187.0,91171037.0,120223848.99999999,0.015614098330856137
2025-06-26,48.0,48.43,47.56,47.56,1635209.0,79631516.0,120223848.99999999,0.013601369558547408
2025-06-27,47.8,48.38,47.53,47.79,1623972.0,79018616.0,120223848.99999999,0.013507902246583372
2025-06-30,48.3,50.03,48.3,49.65,3353332.0,168361446.0,120223848.99999999,0.027892402613062243
2025-07-01,50.24,50.73,49.55,49.66,3343602.0,169977854.0,120223848.99999999,0.02781147025163036
2025-07-02,49.19,50.15,49.09,49.36,2262092.0,113565992.0,120223848.99999999,0.01881566776322392
2025-07-03,49.83,49.83,48.49,49.11,1957219.0,96042761.0,120223848.99999999,0.016279789877630686
2025-07-04,48.79,49.29,48.31,48.31,2002119.0,97794781.0,120223848.99999999,0.016653259870260853
2025-07-07,48.77,51.43,48.38,50.87,4559835.0,230207598.0,120223848.99999999,0.037927874027723074
2025-07-08,51.12,51.18,50.24,50.47,2990598.0,151963292.0,120223848.99999999,0.024875247506008565
2025-07-09,50.74,50.74,49.85,49.97,1975815.0,99489141.0,120223848.99999999,0.016434468006426912
2025-07-10,49.83,50.37,49.83,50.27,1414154.0,71094863.0,120223848.99999999,0.011762674475677451
2025-07-11,50.0,50.71,49.78,50.3,1743263.0,87821855.0,120223848.99999999,0.014500142979118896
2025-07-14,50.26,50.69,49.88,49.97,1373347.0,69172784.0,120223848.99999999,0.011423249308878808
2025-07-15,50.2,50.41,49.38,49.97,1590052.0,79391903.0,120223848.99999999,0.01322576188689484
2025-07-16,49.87,50.15,49.31,49.52,1450170.0,72216929.0,120223848.99999999,0.012062248980233533
2025-07-17,49.48,50.01,49.39,49.99,1256182.0,62610024.0,120223848.99999999,0.010448692255727065
2025-07-18,50.16,50.42,49.58,50.37,1569504.0,78542655.0,120223848.99999999,0.01305484737890899
2025-07-21,50.27,50.43,50.0,50.38,1594131.0,80271854.0,120223848.99999999,0.01325969026328545
2025-07-22,50.37,51.07,50.31,50.68,2203494.0,111960237.0,120223848.99999999,0.018328260310481327
2025-07-23,50.7,52.43,50.19,51.18,3647051.0,188542301.0,120223848.99999999,0.030335503565519686
2025-07-24,51.3,52.38,51.21,52.07,3043556.0,158603724.0,120223848.99999999,0.025315742469699174
2025-07-25,52.37,52.86,51.68,52.77,2902018.0,152191750.0,120223848.99999999,0.02413845525774175
2025-07-28,53.07,53.13,52.06,52.26,2367094.0,124186995.0,120223848.99999999,0.019689055205677205
2025-07-29,52.65,53.74,51.96,53.2,3349671.0,178226685.0,120223848.99999999,0.02786195108426449
2025-07-30,53.23,54.2,52.31,52.68,3039702.0,162085176.0,120223848.99999999,0.025283685602180316
2025-07-31,52.56,52.96,51.38,51.63,3049276.0,159167648.0,120223848.99999999,0.02536332038412778
2025-08-01,51.63,53.85,51.2,52.3,4026436.0,212285197.0,120223848.99999999,0.03349115864690042
2025-08-04,51.49,53.48,51.21,53.2,2901927.0,152823262.0,120223848.99999999,0.024137698336375843
2025-08-05,53.48,53.92,52.78,53.07,2280643.0,121603021.0,120223848.99999999,0.018969971590245795
2025-08-06,53.1,55.0,52.97,54.28,4236862.0,230124348.0,120223848.99999999,0.03524144365066868
2025-08-07,54.61,54.7,53.76,54.32,2534489.0,137615589.0,120223848.99999999,0.021081416217176678
2025-08-08,53.98,55.76,53.88,54.22,3223336.0,177213598.0,120223848.99999999,0.026811119647317232
2025-08-11,54.17,54.72,53.38,54.41,2942169.0,159649055.0,120223848.99999999,0.02447242393645208
2025-08-12,54.42,55.7,53.51,55.37,4199521.0,230010421.0,120223848.99999999,0.03493084803831227
2025-08-13,56.79,62.95,56.68,62.32,11465818.0,699855936.0,120223848.99999999,0.0953705782618888
2025-08-14,62.33,62.73,58.36,58.49,8953544.0,535334220.0,120223848.99999999,0.07447394235398337
2025-08-15,58.2,62.03,58.2,60.33,7020972.0,424933719.0,120223848.99999999,0.058399161717073295
2025-08-18,60.66,62.25,59.46,61.36,6895707.0,418998114.0,120223848.99999999,0.057357230344538386
2025-08-19,61.28,61.28,59.46,59.52,4465020.0,268418509.0,120223848.99999999,0.037139220189165635
2025-08-20,59.86,60.42,58.24,59.7,3501545.0,207915771.0,120223848.99999999,0.02912521125488172
2025-08-21,60.3,60.32,58.47,58.94,2693105.0,159725842.0,120223848.99999999,0.022400755111408887
2025-08-22,58.85,61.19,58.79,60.45,4956502.0,298815552.0,120223848.99999999,0.041227277626088986
2025-08-25,61.66,61.76,58.95,59.53,5594910.0,336080083.0,120223848.99999999,0.04653743867408538
2025-08-26,58.92,60.22,58.19,59.26,3701487.0,219203506.0,120223848.99999999,0.03078829226304342
2025-08-27,59.47,60.85,57.69,57.7,5220923.0,312578579.0,120223848.99999999,0.04342668316999234
2025-08-28,56.63,58.98,56.52,58.84,5681064.0,329855129.0,120223848.99999999,0.04725405189780607
2025-08-29,58.61,58.76,56.87,57.34,3950937.0,227192338.0,120223848.99999999,0.032863171765528824
2025-09-01,57.76,60.3,57.69,58.47,4076671.0,240011810.0,120223848.99999999,0.033909004194334194
2025-09-02,58.35,59.3,55.48,56.27,4248799.0,241909415.0,120223848.99999999,0.035340733434678175
2025-09-03,56.12,57.71,55.42,56.12,3293375.0,186948522.0,120223848.99999999,0.027393691246734252
2025-09-04,55.98,56.57,52.78,53.76,4011307.0,219585635.0,120223848.99999999,0.033365318390363635
2025-09-05,53.77,55.66,53.77,55.47,2439275.0,134107902.0,120223848.99999999,0.02028944356955333
2025-09-08,55.47,57.62,55.06,57.53,3574271.0,202716125.0,120223848.99999999,0.029730132829136093
2025-09-09,57.05,57.27,55.18,55.44,2336095.0,131167321.0,120223848.99999999,0.01943121119005265
2025-09-10,55.44,55.85,54.57,54.64,1762847.0,97152387.0,120223848.99999999,0.014663039111316426
2025-09-11,54.5,56.21,54.03,55.9,2363562.0,131525788.0,120223848.99999999,0.019659676675299262
2025-09-12,55.9,57.05,55.36,56.09,2416870.0,135985696.0,120223848.99999999,0.0201030828750126
2025-09-15,54.87,55.53,54.38,55.31,2617787.0,144306171.0,120223848.99999999,0.0217742737549519
2025-09-16,54.94,55.46,54.92,55.15,1761775.0,97331755.0,120223848.99999999,0.014654122411269666
2025-09-17,55.42,58.06,55.42,57.25,4016492.0,228633409.0,120223848.99999999,0.03340844627258607
2025-09-18,56.83,59.16,56.48,57.76,5590295.0,325808492.0,120223848.99999999,0.046499051947671385
2025-09-19,57.24,59.43,57.07,58.43,4801228.0,281835884.0,120223848.99999999,0.03993573687696524
2025-09-22,59.52,59.81,58.17,58.86,3991192.0,235540532.0,120223848.99999999,0.03319800549722876
2025-09-23,58.43,60.86,56.88,60.74,4922646.0,289204033.0,120223848.99999999,0.04094566960670175
2025-09-24,60.36,67.93,59.86,64.63,11209665.0,715799826.0,120223848.99999999,0.09323994443065953
2025-09-25,63.88,69.52,63.13,67.49,10473095.0,694856032.0,120223848.99999999,0.08711328980991119
2025-09-26,66.5,66.87,64.45,64.6,6400790.0,419823687.0,120223848.99999999,0.05324060120550624
2025-09-29,63.88,64.55,63.05,63.84,4010578.0,256217090.0,120223848.99999999,0.03335925470161915
2025-09-30,64.35,66.3,63.66,64.85,4789680.0,311343853.0,120223920.99999999,0.039839658864561575
2025-10-09,65.85,68.78,64.33,66.29,5810586.0,386737106.0,120223920.99999999,0.04833136327337054
2025-10-10,65.23,70.83,63.39,68.43,7074627.0,473038987.0,120223920.99999999,0.058845418957846174
2025-10-13,67.33,77.32,65.85,77.0,11176017.0,821938099.0,120223920.99999999,0.09296001084509631
2025-10-14,77.07,77.44,70.24,70.83,9096335.0,664195081.0,120223920.99999999,0.07566160647846447
2025-10-15,70.85,70.85,65.85,68.0,5563630.0,376820988.0,120223920.99999999,0.04627722963718677
2025-10-16,67.74,67.74,64.85,65.6,4016358.0,266558757.0,120223920.99999999,0.03340731167801456
2025-10-17,66.44,66.48,62.73,62.83,3803163.0,244361221.0,120223920.99999999,0.03163399570040641
2025-10-20,64.03,64.35,62.25,62.65,2470897.0,156632523.0,120223920.99999999,0.02055245727678438
2025-10-21,62.65,63.73,62.15,63.31,2141366.0,135498401.0,120223920.99999999,0.017811480296005322
2025-10-22,63.04,64.07,61.57,63.48,2510370.0,158013085.0,120223920.99999999,0.020880786278797216
2025-10-23,62.91,63.46,61.04,61.87,2516072.0,155439009.0,120223920.99999999,0.020928214444112168
2025-10-24,62.35,64.28,62.19,63.8,3482471.0,221777028.0,120223920.99999999,0.02896653986189654
2025-10-27,65.73,67.5,64.85,64.85,4311571.0,284593104.0,120223920.99999999,0.0358628379788079
2025-10-28,64.35,68.84,63.93,68.36,4478095.0,297295725.0,120223920.99999999,0.03724795334199756
2025-10-29,67.12,69.83,66.65,68.13,4895079.0,336197172.0,120223920.99999999,0.040716347955412305
2025-10-30,66.79,67.38,64.16,64.36,4028389.0,265898831.0,120223920.99999999,0.03350738327691043
2025-10-31,63.87,66.29,63.87,64.17,2394648.0,155640685.0,120223920.99999999,0.019918232412333318
2025-11-03,64.31,64.31,61.31,62.92,2786303.0,173373464.0,120223920.99999999,0.023175945159865485
2025-11-04,62.4,64.22,60.97,61.14,1804750.0,112011894.0,120223920.99999999,0.015011571615602192
2025-11-05,60.31,61.02,59.56,60.55,1926373.0,116412590.0,120223920.99999999,0.016023208892014095
2025-11-06,60.86,62.03,60.39,61.85,1880546.0,115717793.0,120223920.99999999,0.01564202851111469
2025-11-07,61.36,63.3,60.17,61.83,1936549.0,120531736.0,120223920.99999999,0.01610785094922998
2025-11-10,62.14,64.62,62.14,63.52,2765223.0,176284397.0,120223920.99999999,0.023000605678132894
2025-11-11,62.96,64.16,62.35,63.94,2221101.0,140793516.0,120223920.99999999,0.018474701053877624
2025-11-12,63.57,63.57,60.78,61.22,2206536.0,136162184.0,120223920.99999999,0.018353552118800055
2025-11-13,60.88,62.73,60.88,61.57,1994205.0,123978607.0,120223920.99999999,0.016587422730955516
2025-11-14,60.87,61.22,58.44,58.51,3067169.0,183177848.0,120223920.99999999,0.025512135808646603
2025-11-17,59.24,60.74,58.44,58.77,1850048.0,110280650.0,120223920.99999999,0.01538835187383383
2025-11-18,58.57,60.28,58.07,59.37,1995328.0,118510988.0,120223920.99999999,0.016596763634085767
2025-11-19,58.99,60.67,58.86,60.01,1811635.0,108705819.0,120223920.99999999,0.01506883975278098
2025-11-20,60.57,60.89,58.76,58.86,1554532.0,93277616.0,120223920.99999999,0.012930305275935895
2025-11-21,58.07,62.71,57.67,59.7,4042043.0,243379136.0,120223920.99999999,0.03362095468504975
2025-11-24,60.76,61.1,58.98,60.59,2662120.0,160132568.0,120223920.99999999,0.022143014284153984
2025-11-25,59.96,61.09,59.26,59.68,2859925.0,172902710.0,120223920.99999999,0.023788319131597783
2025-11-26,59.44,59.66,57.87,58.06,2976342.0,174551094.0,120223920.99999999,0.02475665387755903
2025-11-27,58.03,59.02,57.27,57.32,1799928.0,105044618.0,120223920.99999999,0.014971463125046472
2025-11-28,57.37,57.89,56.9,57.87,1504163.0,86766288.0,120223920.99999999,0.012511345391904164
2025-12-01,57.89,59.66,57.48,59.16,2761949.0,162428064.0,120223920.99999999,0.022973373160903646
2025-12-02,58.86,59.7,58.23,58.26,1915066.0,112841340.0,120223920.99999999,0.01592915938917015
2025-12-03,58.46,58.85,57.2,57.68,1437811.0,83225312.0,120223920.99999999,0.01195944191505782
2025-12-04,57.47,58.05,56.18,57.84,1502885.0,86107268.0,120223920.99999999,0.012500715227878819
2025-12-05,57.57,58.35,56.47,58.25,1462114.0,84323598.0,120223920.99999999,0.012161589705596111
2025-12-08,58.2,59.04,57.42,58.45,3629027.0,212007613.0,120223920.99999999,0.03018556515054937
2025-12-09,57.97,58.28,56.55,56.65,3207347.0,184314103.0,120223920.99999999,0.02667811009091943
2025-12-10,56.45,57.74,56.37,57.53,2030700.0,116267581.0,120223920.99999999,0.01689098128815812
2025-12-11,57.96,58.03,56.67,57.05,2252213.0,129760189.0,120223920.99999999,0.0187334848278655
2025-12-12,56.94,59.25,56.58,59.11,4029561.0,235330563.0,120223920.99999999,0.033517131752839775
2025-12-15,58.64,61.02,58.39,59.71,3818264.0,229201237.0,120223920.99999999,0.03175960298283734
2025-12-16,59.71,60.15,57.91,59.18,3227738.0,190632087.0,120223920.99999999,0.02684771860002803
2025-12-17,58.89,59.18,56.53,59.0,3610347.0,208952762.0,120223920.99999999,0.030030188418160148
2025-12-18,58.96,61.14,58.67,58.74,3573848.0,214402492.0,120223920.99999999,0.029726596589708637
2025-12-19,58.76,59.74,57.62,57.95,2442525.0,142614597.0,120223920.99999999,0.020316464308296853
2025-12-22,57.77,60.0,57.77,59.41,3207631.0,190362210.0,120223920.99999999,0.026680472349591727
2025-12-23,59.25,61.61,59.06,60.41,3825079.0,232368628.0,120223920.99999999,0.03181628887316028
2025-12-24,60.46,60.93,59.86,60.53,2396737.0,145199743.0,120223920.99999999,0.019935608322074277
2025-12-25,60.98,61.16,59.88,60.73,2402461.0,145595922.0,120223920.99999999,0.01998321947925821
2025-12-26,61.06,61.06,59.16,59.29,3298210.0,198071110.0,120223920.99999999,0.027433891463247154
2025-12-29,59.07,59.33,58.37,58.48,2260709.0,133091600.0,120223920.99999999,0.018804152960541026
2025-12-30,58.54,58.76,57.4,57.52,2501230.0,145140957.0,120223920.99999999,0.020804761475047884
2025-12-31,57.77,58.33,57.17,57.26,2038112.0,117793195.0,120223933.0,0.016952631220274586
2026-01-05,57.87,59.74,57.85,59.31,3127765.0,184860885.0,120223933.0,0.02601615936154742
2026-01-06,60.04,63.37,59.12,62.3,5906674.0,367223189.0,120223933.0,0.04913060031067192
2026-01-07,64.76,67.64,63.73,66.32,10636297.0,699430782.0,120223933.0,0.08847071239966837
2026-01-08,71.83,77.31,67.97,68.29,15131200.0,1093346878.0,120223933.0,0.12585846779775536
2026-01-09,67.31,68.23,66.19,66.69,8723773.0,585136578.0,120223933.0,0.07256269847701621
2026-01-12,64.88,66.15,64.53,65.27,7414278.0,484219521.0,120223933.0,0.061670566042786173
2026-01-13,65.22,65.22,62.51,62.65,5879621.0,375343030.0,120223933.0,0.048905578558971284
2026-01-14,62.65,64.47,62.47,63.28,5338664.0,339213515.0,120223933.0,0.04440600025953235
2026-01-15,62.76,66.64,62.76,66.3,7602891.0,494975306.0,120223933.0,0.06323941340365233
2026-01-16,68.34,68.99,65.75,68.41,8103169.0,547426240.0,120223933.0,0.0674006314533064
2026-01-19,68.61,71.53,67.26,69.09,7215976.0,497997055.0,120223933.0,0.060021127407302505
2026-01-20,68.39,68.99,66.84,68.54,4928148.0,334567437.0,120223933.0,0.04099140559642147
2026-01-21,68.2,70.69,67.4,69.82,6347305.0,442033969.0,119915377.00000001,0.0529315352108679
2026-01-22,70.91,71.31,67.25,67.72,5185335.0,354389095.0,119915377.00000001,0.04324161862911042
2026-01-23,67.47,68.4,66.74,68.14,3870558.0,262262240.0,119915377.00000001,0.032277411761795986
2026-01-26,68.05,68.05,64.86,65.42,3612679.0,238907897.0,119915377.00000001,0.03012690357467666
2026-01-27,64.85,67.13,63.57,66.99,3764863.0,247726136.0,119915377.00000001,0.031395998529863266
2026-01-28,67.19,68.34,66.45,67.81,4096867.0,276887350.0,119915377.00000001,0.03416465096048524
2026-01-29,67.34,67.8,64.51,64.55,3449139.0,228571905.0,119915377.00000001,0.028763108504424748
2026-01-30,64.36,66.5,63.18,65.75,3362547.0,219465137.0,119915377.00000001,0.028040999279016564
2026-02-02,64.93,66.1,61.93,61.98,3304756.0,209849073.0,119915377.00000001,0.027559067758257554
2026-02-03,62.44,63.71,62.41,63.45,1935802.0,122550392.0,119915377.00000001,0.01614306728986058
2026-02-04,63.43,63.7,62.06,62.64,1392723.0,87573054.0,119915377.00000001,0.011614215247807626
2026-02-05,62.51,62.72,60.78,61.55,2104215.0,129747167.0,119915377.00000001,0.017547499350312676
2026-02-06,60.81,62.28,60.81,61.59,1404005.0,87016909.0,119915377.00000001,0.011708298261031192
2026-02-09,64.55,66.72,63.85,63.88,4249424.0,277428584.0,119915377.00000001,0.03543685644252279
2026-02-10,63.84,65.14,63.38,63.86,2652828.0,170663959.0,119915377.00000001,0.02212250060307111
2026-02-11,63.67,65.04,63.22,63.9,1735609.0,111746209.0,119915377.00000001,0.01447361500602212
2026-02-12,64.41,65.5,63.85,65.09,2110187.0,137153944.0,119915377.00000001,0.01759730113678415
2026-02-13,64.76,66.45,64.3,65.36,2802791.0,184257524.0,119915377.00000001,0.023373074163791353
2026-02-24,66.07,67.34,65.37,66.7,3409588.0,227047767.0,119915377.00000001,0.028433284248441295
2026-02-25,66.75,70.54,65.75,69.37,5943459.0,408079648.0,119915377.00000001,0.04956377696248246
2026-02-26,68.76,70.81,68.17,70.61,4890316.0,342201849.0,119915377.00000001,0.040781392031148764
2026-02-27,70.13,70.24,68.85,69.58,3219192.0,224104868.0,119915377.00000001,0.026845531244921155
2026-03-02,69.58,71.36,68.06,68.73,4396382.0,304592161.0,119915377.00000001,0.036662370664939825
2026-03-03,69.84,72.78,68.96,69.33,10676957.0,761824761.0,119915377.00000001,0.08903743012040899
2026-03-04,69.54,72.8,68.19,68.94,7335231.0,514312819.0,119915377.00000001,0.06117006161770228
2026-03-05,70.07,70.83,67.21,67.54,5728414.0,395915447.0,119915377.00000001,0.04777047067116338
2026-03-06,67.56,69.45,66.15,68.07,4592585.0,312564852.0,119915377.00000001,0.03829854948460863
2026-03-09,67.84,72.3,67.36,72.19,9373662.0,667973469.0,119915377.00000001,0.07816897410913363
2026-03-10,70.02,70.34,68.36,68.91,7695114.0,532988898.0,119915377.00000001,0.06417120299759387
2026-03-11,69.43,70.22,67.73,69.24,6700617.0,462470120.0,119915377.00000001,0.05587787961505553
2026-03-12,70.37,73.56,69.22,73.14,10600965.0,762650397.0,119915377.00000001,0.08840371656422344
2026-03-13,75.82,80.8,69.98,78.62,14934318.0,1125435358.0,119915377.00000001,0.12454047490506574
2026-03-16,81.36,84.0,77.82,77.82,12718814.0,1033120280.0,119915377.00000001,0.10606491275927021
2026-03-17,75.45,76.82,71.98,73.51,8910677.0,660690252.0,119915377.00000001,0.07430804307941256
2026-03-18,71.83,72.13,69.52,71.06,6631508.0,469429811.0,119915377.00000001,0.05530156486936616
2026-03-19,72.95,84.56,72.95,82.58,14558973.0,1152353181.0,119915377.00000001,0.12141039259710619
2026-03-20,79.17,82.31,79.17,79.88,10234291.0,826901459.0,119915377.00000001,0.08534594358153082
2026-03-23,80.81,94.79,78.98,91.82,16701018.0,1501612578.0,119915377.00000001,0.13927336441597477
2026-03-24,86.62,92.78,86.62,91.79,13073084.0,1178304133.0,119915377.00000001,0.1090192461305442
2026-03-25,87.8,91.66,84.85,91.41,11750975.0,1041293751.0,119915377.00000001,0.09799389614561274
2026-03-26,91.79,98.57,88.2,95.93,13733200.0,1301839761.0,119915377.00000001,0.11452409477059809
2026-03-27,96.72,101.76,92.98,100.36,11997396.0,1175626849.0,119915377.00000001,0.10004885361783084
2026-03-30,104.75,109.66,97.72,98.28,14017898.0,1455326000.0,119915377.00000001,0.11689825234006476
2026-03-31,95.4,98.67,90.69,90.79,10414911.0,966769053.0,119915377.00000001,0.08685217242822828
2026-04-01,89.76,90.79,84.02,88.79,9777664.0,862645431.0,119915377.00000001,0.08153803327491518
2026-04-02,89.99,96.75,89.99,95.28,9767852.0,922420887.0,119915377.00000001,0.0814562089063857
2026-04-03,98.77,106.04,96.33,104.78,11606057.0,1179485852.0,119915377.00000001,0.09678539391991403
2026-04-07,108.75,111.74,105.75,106.82,10278240.0,1114811220.0,119915377.00000001,0.0857124437010276
2026-04-08,93.33,96.86,93.33,95.12,14755069.0,1405038932.0,119915377.00000001,0.1230456791208687
2026-04-09,97.37,107.97,97.37,101.86,15497474.0,1601039107.0,119915377.00000001,0.12923675334815482
2026-04-10,103.0,108.51,100.15,100.27,12147860.0,1257964442.0,119915377.00000001,0.10130360512480395
2026-04-13,105.25,107.73,94.9,97.74,12577167.0,1251332117.0,119915377.00000001,0.10488368810281937
2026-04-14,97.27,102.66,95.78,100.62,10665747.0,1069613016.0,119915377.00000001,0.088943947530599
2026-04-15,100.27,103.54,95.41,96.77,9942559.0,972538982.0,119915377.00000001,0.08291312798024225
2026-04-16,96.68,98.57,89.24,93.83,10609007.0,995256734.0,119915377.00000001,0.08847078052383556
2026-04-17,92.78,92.83,89.2,90.65,9492857.0,860128811.0,119915377.00000001,0.07916296673111405
2026-04-20,93.78,103.64,91.8,98.97,13818776.0,1333458987.0,119915377.00000001,0.11523773135450342
2026-04-21,99.77,118.76,98.21,118.76,14560692.0,1584953660.0,119915377.00000001,0.1214247277061056
2026-04-22,124.74,141.84,124.51,137.58,18989162.0,2487112538.0,119915377.00000001,0.1583546870723677
2026-04-23,141.56,149.15,134.7,146.99,14078443.0,2021668560.0,119915377.00000001,0.1174031500563935
2026-04-24,156.74,176.39,156.74,176.39,15533475.0,2674231533.0,119915377.00000001,0.12953697339416276
2026-04-27,185.2,200.38,175.78,181.58,18496169.0,3454400071.0,119915377.00000001,0.1542435129066058
2026-04-28,188.56,212.57,180.08,207.79,17015213.0,3334829628.0,119915377.00000001,0.14189350378308863
2026-04-29,196.54,196.54,181.58,189.79,12236846.0,2340127864.0,119915377.00000001,0.10204567842871393
2026-04-30,193.52,204.71,174.79,187.86,11708767.0,2206903037.0,119915377.00000001,0.09764191459782509
2026-05-06,190.56,194.55,176.59,193.15,11597617.0,2149189678.0,119915377.00000001,0.09671501095309902
2026-05-07,182.71,183.64,166.41,166.82,14365363.0,2522995897.0,119915377.00000001,0.11979583735954062
2026-05-08,163.56,169.56,159.52,164.57,9748906.0,1608696501.0,119915377.00000001,0.08129821415647134
2026-05-11,163.86,183.77,163.53,183.77,12274410.0,2152605099.0,119915377.00000001,0.10235893266632518
2026-05-12,176.86,178.67,161.3,163.8,10220926.0,1727831735.0,119915377.00000001,0.0852344899853836
2026-05-13,161.62,174.39,161.5,172.09,8426170.0,1431525017.0,119915377.00000001,0.07026763548431324
2026-05-14,176.28,196.54,175.59,178.6,11495274.0,2133688763.0,122205826.0,0.09406486070475888
2026-05-15,168.61,197.52,167.62,190.75,11349638.0,2096442183.0,122205826.0,0.09287313356075184
2026-05-18,180.58,187.55,173.62,179.53,10067783.0,1821324542.0,122205826.0,0.08238382186459751
2026-05-19,177.39,187.41,168.29,176.03,8410234.0,1480756215.0,122205826.0,0.06882023775200374
2026-05-20,174.27,190.16,171.71,182.57,11647937.0,2142964795.0,123174722.0,0.09456434575918914
2026-05-21,184.17,185.27,157.63,158.35,13096849.0,2235511775.0,123174722.0,0.10632740863827564
2026-05-22,156.63,164.81,152.71,163.5,7306784.0,1170989436.0,123174722.0,0.05932048298026603
2026-05-25,156.15,161.41,153.64,157.56,8398780.0,1325148585.0,123174722.0,0.06818590587117379
2026-05-26,155.09,161.47,150.64,157.63,8445207.0,1324698650.0,123174722.0,0.06856282573952145
2026-05-27,157.63,167.41,154.74,158.94,8119780.0,1304583425.0,123174722.0,0.06592083073668313
2026-05-28,154.66,158.38,149.83,151.95,8012945.0,1236148970.0,123174722.0,0.06505348556824833
2026-05-29,149.81,151.95,141.67,142.77,9977621.0,1454067562.0,125016815.0,0.0798102319276011
2026-06-01,145.26,159.23,145.26,147.31,9045066.0,1378202905.0,125016815.0,0.0723507953710067
2026-06-02,147.31,149.76,142.17,146.55,6875852.0,1006314088.0,125016815.0,0.05499941747836081
2026-06-03,145.47,175.86,144.8,175.86,16372633.0,2675199477.0,125016815.0,0.13096344679713684
2026-06-04,182.75,206.1,182.57,203.13,17299957.0,3405510379.0,125016815.0,0.13838104098236706
2026-06-05,194.73,207.52,193.61,196.24,13911471.0,2763108536.0,125016815.0,0.11127679904499246
2026-06-08,184.46,194.48,178.59,182.59,10753309.0,2002393214.0,125016815.0,0.08601490127548042
2026-06-09,191.55,204.82,181.38,188.89,12427424.0,2375146319.0,127682038.0,0.0973310278772336
2026-06-10,187.56,198.07,179.4,190.24,17095429.0,3268419964.0,127682038.0,0.13389063385720706
2026-06-11,184.75,228.29,184.75,228.29,17609472.0,3639895775.0,127682038.0,0.13791659559819996
2026-06-12,220.11,222.28,182.8,188.06,18907664.0,3791320619.0,127682038.0,0.1480839771683469
2026-06-15,177.59,188.05,160.63,183.5,12871841.0,2296043362.0,127682038.0,0.10081168190626782
2026-06-16,185.72,197.52,184.27,184.34,13499097.0,2601024705.0,127682038.0,0.10572432279002314
2026-06-17,178.99,192.75,174.6,186.91,11094342.0,2041769896.0,127682038.0,0.08689038939055782
2026-06-18,180.64,190.73,175.34,187.92,11443413.0,2085627454.0,127682038.0,0.08962429782018361
2026-06-22,193.55,218.99,191.68,218.55,16148166.0,3381536198.0,127682038.0,0.12647171248942626
2026-06-23,233.62,252.21,212.5,248.51,17916234.0,4209356170.0,127682038.0,0.14031914183575298
2026-06-24,230.85,247.42,215.05,236.98,15810667.0,3619056780.0,127682038.0,0.1238284354452425
2026-06-25,241.34,259.3,227.65,251.4,13012068.0,3167782449.0,127682038.0,0.101909933486494
2026-06-26,246.29,256.18,221.7,231.45,10376266.0,2529196223.0,127682038.0,0.08126645033657749
2026-06-29,244.83,254.19,229.47,251.41,12122784.0,2974791505.0,127682038.0,0.09494510104859072
2026-06-30,246.92,277.95,231.54,266.88,12282620.0,3088007747.0,127682038.0,0.09619692943810938
2026-07-01,255.4,289.33,255.4,277.3,12364846.0,3439201429.0,127682038.0,0.0968409197854439
2026-07-02,260.37,274.86,237.2,248.42,9975331.0,2587524363.0,127682038.0,0.07812634538305223
2026-07-03,246.09,255.4,224.48,225.38,10217529.0,2389944156.0,127682038.0,0.08002322926581105
2026-07-06,224.28,229.47,208.51,211.71,8184280.0,1775932012.0,127682038.0,0.06409891421062687
2026-07-07,211.48,220.48,207.62,217.49,7446288.0,1594973562.0,127682038.0,0.05831899393711119
2026-07-08,214.5,225.47,208.51,214.52,7400651.0,1621993825.0,127682038.0,0.05796156699817088
2026-07-09,220.0,229.98,207.53,229.21,7384179.0,1620016414.0,127682038.0,0.05783255903230492
2026-07-10,229.21,233.33,194.0,195.22,10694672.0,2320445357.0,127682038.0,0.08376019186034608
2026-07-13,215.96,226.98,205.0,208.1,11481478.0,2469483336.0,127682038.0,0.08992242119443614
2026-07-14,202.1,215.52,192.0,209.4,8616863.0,1766810514.0,127682038.0,0.06748688488195967
2026-07-15,209.42,209.98,194.44,198.94,6109440.0,1220123865.0,127682038.0,0.04784886030719528
2026-07-16,189.5,197.7,182.5,182.84,6190572.0,1171099150.0,127682038.0,0.048484282495553525
2026-07-17,180.0,189.0,168.0,169.4,8177377.0,1457918707.0,127682038.0,0.06404485022396024
2026-07-20,176.0,179.5,142.0,146.9,10988247.0,1721309891.0,127682038.0,0.08605945810482755
2026-07-21,131.28,156.13,123.0,156.08,15174584.0,2106122327.0,127682038.0,0.11884666189303776
2026-07-22,148.18,156.09,147.55,148.34,8777540.0,1324744195.0,127682038.0,0.0687452999457919
2026-07-23,151.12,154.54,145.18,146.26,5378026.0,799398456.0,127682038.0,0.04212045863490995
2026-07-24,143.96,156.39,141.05,149.01,7888626.0,1194124589.0,127682038.0,0.06178336533130838
2026-07-27,147.26,157.6,145.0,156.48,8827659.0,1350745721.0,127682038.0,0.06913782970788734
2026-07-28,156.4,165.37,145.01,146.34,9973652.0,1557505549.0,127682038.0,0.07811319553029064
2026-07-29,145.62,148.34,130.5,139.45,9932644.0,1367027555.0,127682038.0,0.07779202271191818
2026-07-30,139.0,139.16,126.43,126.99,8033361.0,1053283786.0,127682038.0,0.0629169233655246
2026-07-31,140.0,141.24,126.8,126.85,8656100.0,1163802030.0,127682038.0,0.0677941873076932
2026-08-03,127.0,129.92,121.06,121.5,6894911.0,856771574.0,127682038.0,0.0540006339811086
2026-08-04,122.55,129.65,120.16,128.3,7391571.0,927308654.0,127682038.0,0.057890452845058754
2026-08-05,128.0,141.23,127.8,139.0,9561161.0,1298836762.0,127682038.0,0.07488258450260639
2026-08-06,134.99,153.2,134.96,151.1,12434905.0,1812754966.0,127682038.0,0.09738961873399922
2026-08-07,148.72,157.0,146.1,155.6,12579460.0,1917236870.0,127682038.0,0.09852176701628149
2026-08-10,155.6,157.57,149.0,155.55,9493383.0,1453339243.0,127682038.0,0.07435175024383618
2026-08-11,154.1,158.68,151.0,154.7,7483389.0,1159203392.0,127682038.0,0.058609567306561944
2026-08-12,154.33,157.27,152.57,155.55,6316569.0,980451889.0,127682038.0,0.049471085353446506
2026-08-13,158.55,159.55,149.9,150.1,7445366.0,1154692102.0,127682038.0,0.058311772874427334
2026-08-14,153.1,158.88,150.62,155.0,7342917.0,1141348463.0,127682038.0,0.05750939689731456
2026-08-17,155.45,162.87,154.57,162.67,8245486.0,1316254591.0,127682038.0,0.06457827685989787
2026-08-18,163.96,164.65,157.11,159.89,6481123.0,1040070384.0,127682038.0,0.050759864907544784
2026-08-19,152.5,157.85,144.9,145.02,6982783.0,1051405456.0,127682038.0,0.054688843547437735
2026-08-20,148.68,149.0,139.7,141.35,6084627.0,869224521.0,127682038.0,0.04765452600310155
2026-08-21,141.11,153.49,140.58,145.2,6689285.0,981243908.0,127682038.0,0.05239018036350579
2026-08-24,145.0,146.87,139.28,142.75,4994731.0,709601763.0,127682038.0,0.03911850937091089
2026-08-25,139.5,144.4,134.51,142.3,4803592.0,671205985.0,127682038.0,0.03762151728812474
2026-08-26,143.52,145.22,140.0,144.0,4427158.0,632660648.0,127682038.0,0.03467330306867439
2026-08-27,144.0,149.8,140.18,148.28,6984932.0,1021198451.0,127682038.0,0.05470567441913795
2026-08-28,148.17,151.59,144.2,144.2,5600053.0,826538915.0,127682038.0,0.043859364149560334
2026-08-31,138.32,155.0,137.09,153.57,8538184.0,1243263980.0,127682038.0,0.06687067447967897
2026-09-01,152.22,154.0,137.0,141.6,10535732.0,1493198529.0,127682038.0,0.08251538090267638
2026-09-02,139.66,141.6,136.18,137.56,4856085.0,670846655.0,127682038.0,0.038032640111837816
2026-09-03,135.5,137.33,131.31,135.5,5923873.0,793380355.0,127682038.0,0.046395507878719794
2026-09-04,136.03,139.2,129.03,129.86,4972966.0,661078593.0,127682038.0,0.03894804686623188
2026-09-07,131.65,133.77,130.1,132.88,3696941.0,489987432.0,127682038.0,0.028954276246749757
2026-09-08,137.8,138.8,130.0,130.98,4484999.0,596742861.0,127682038.0,0.03512631118873588
2026-09-09,132.66,135.52,129.3,130.7,3980811.0,527050500.0,127682038.0,0.03117753336612625
2026-09-10,130.44,131.8,127.85,129.3,2710783.0,352529902.0,127682038.0,0.02123073098190992
2026-09-11,127.0,130.0,123.36,127.55,3888161.0,491888812.0,127682038.0,0.03045190271790618
2026-09-14,125.01,128.8,123.79,128.0,2652466.0,336640223.0,127682038.0,0.020773994851178677
2026-09-15,129.0,132.56,127.0,130.4,3472722.0,453127714.0,127682038.0,0.02719820308632605
2026-09-16,130.7,135.65,129.21,135.06,4193069.0,559857845.0,127682038.0,0.032839928510539594
2026-09-17,134.08,137.09,132.8,133.73,3906831.0,525516760.0,127682038.0,0.030598125321276592
2026-09-18,136.1,140.78,133.51,138.21,6196316.0,855065956.0,127682038.0,0.048529269246156616
2026-09-21,141.98,142.0,135.08,136.17,4848189.0,664801056.0,127682038.0,0.037970798993668946
2026-09-22,138.03,139.55,133.8,134.68,4446372.0,607174476.0,127682038.0,0.03482378625566738
2026-09-23,135.01,136.03,133.28,134.87,2637159.0,355626361.0,127682038.0,0.02065411111310739
2026-09-24,133.84,135.99,131.95,132.03,2548552.0,340724809.0,127682038.0,0.019960145059714662
