date,open,high,low,close,volume,amount,outstanding_share,turnover
2010-05-25,9.34,10.43,9.34,9.97,15119040.0,486501952.0,22400000.0,0.6749571428571428
2010-05-26,9.47,9.74,9.2,9.43,7299491.0,224526496.0,22400000.0,0.32587013392857145
2010-05-27,9.29,9.48,9.01,9.43,5030436.0,151881840.0,22400000.0,0.22457303571428572
2010-05-28,9.48,9.56,9.3,9.46,4865497.0,150344112.0,22400000.0,0.2172096875
2010-05-31,9.38,9.45,9.08,9.17,3700118.0,112680920.0,22400000.0,0.16518383928571428
2010-06-01,9.06,9.15,8.25,8.49,3901032.0,110748168.0,22400000.0,0.1741532142857143
2010-06-02,8.4,8.51,8.13,8.45,2219289.0,60590992.0,22400000.0,0.09907540178571428
2010-06-03,8.46,8.53,8.26,8.28,2075611.0,57306736.0,22400000.0,0.09266120535714285
2010-06-04,8.27,8.38,8.16,8.36,1437593.0,39042640.0,22400000.0,0.06417825892857143
2010-06-07,8.17,8.55,8.14,8.52,2155080.0,59349920.0,22400000.0,0.09620892857142857
2010-06-08,8.45,8.67,8.45,8.59,2047067.0,57340844.0,22400000.0,0.09138691964285714
2010-06-09,8.64,8.69,8.57,8.67,1956330.0,55314784.0,22400000.0,0.08733616071428571
2010-06-10,8.67,8.82,8.66,8.76,1714304.0,49066184.0,22400000.0,0.07653142857142857
2010-06-11,8.82,9.02,8.76,8.98,2522595.0,73370784.0,22400000.0,0.11261584821428572
2010-06-17,9.04,9.1,8.69,8.69,1900391.0,55310356.0,22400000.0,0.08483888392857143
2010-06-18,8.65,8.69,8.19,8.25,1334653.0,37014888.0,22400000.0,0.05958272321428571
2010-06-21,8.26,8.62,8.19,8.62,1013547.0,27983264.0,22400000.0,0.04524763392857143
2010-06-22,8.59,8.74,8.55,8.61,1029852.0,29153514.0,22400000.0,0.04597553571428571
2010-06-23,8.55,8.58,8.29,8.48,1117735.0,30817934.0,22400000.0,0.049898883928571426
2010-06-24,8.43,8.57,8.42,8.49,784312.0,21766380.0,22400000.0,0.03501392857142857
2010-06-25,8.46,8.49,8.28,8.38,756457.0,20775282.0,22400000.0,0.033770401785714284
2010-06-28,8.38,8.55,8.3,8.41,677381.0,18681292.0,22400000.0,0.030240223214285714
2010-06-29,8.45,8.45,7.72,7.74,1610659.0,42117852.0,22400000.0,0.07190441964285714
2010-06-30,7.7,7.7,7.4,7.57,879035.0,21594382.0,22400000.0,0.03924263392857143
2010-07-01,7.54,7.67,7.49,7.49,609134.0,15065935.0,22400000.0,0.027193482142857144
2010-07-02,7.57,7.57,7.18,7.41,894021.0,21708130.0,22400000.0,0.039911651785714285
2010-07-06,7.41,7.63,7.34,7.61,960172.0,23742824.0,22400000.0,0.042864821428571426
2010-07-07,7.61,7.9,7.58,7.89,1795650.0,45886948.0,22400000.0,0.08016294642857143
2010-07-08,7.93,8.06,7.79,7.97,1618104.0,41913860.0,22400000.0,0.07223678571428571
2010-07-09,7.91,8.22,7.83,8.11,1295338.0,34099008.0,22400000.0,0.057827589285714284
2010-07-12,8.14,8.28,8.08,8.11,1387884.0,37177340.0,22400000.0,0.06195910714285714
2010-07-13,8.03,8.43,8.01,8.36,1943065.0,52433788.0,22400000.0,0.08674397321428572
2010-07-14,8.4,8.52,8.25,8.52,1750026.0,48167404.0,22400000.0,0.07812616071428571
2010-07-15,8.42,8.55,8.18,8.2,1370207.0,37708336.0,22400000.0,0.061169955357142855
2010-07-16,8.11,8.36,8.11,8.33,1029739.0,27728648.0,22400000.0,0.045970491071428574
2010-07-19,8.31,8.43,8.2,8.39,1165559.0,31799484.0,22400000.0,0.05203388392857143
2010-07-20,8.42,8.91,8.36,8.87,2539847.0,71889048.0,22400000.0,0.11338602678571429
2010-07-21,8.89,9.16,8.76,9.01,3650575.0,107350592.0,22400000.0,0.1629720982142857
2010-07-22,8.99,9.13,8.88,9.03,1744665.0,51284468.0,22400000.0,0.07788683035714286
2010-07-23,9.07,9.2,9.0,9.14,2003341.0,59707504.0,22400000.0,0.08943486607142857
2010-07-26,9.15,9.15,8.87,9.07,1560044.0,46037656.0,22400000.0,0.06964482142857142
2010-07-27,8.92,8.98,8.65,8.83,3084951.0,88721192.0,22400000.0,0.1377210267857143
2010-07-28,8.78,9.01,8.73,8.95,1811316.0,52831276.0,22400000.0,0.08086232142857143
2010-07-29,8.95,9.01,8.71,8.78,1593877.0,46075904.0,22400000.0,0.07115522321428572
2010-07-30,8.74,8.89,8.68,8.77,975799.0,28025560.0,22400000.0,0.04356245535714286
2010-08-02,8.73,9.07,8.73,9.01,1631572.0,47860520.0,22400000.0,0.07283803571428571
2010-08-03,9.01,9.14,8.91,8.96,1630037.0,48208808.0,22400000.0,0.07276950892857142
2010-08-04,8.95,9.0,8.75,8.9,1116129.0,32316572.0,22400000.0,0.0498271875
2010-08-05,8.91,9.31,8.88,9.23,2685289.0,80541208.0,22400000.0,0.11987897321428571
2010-08-06,9.25,9.32,9.1,9.31,1725370.0,52099384.0,22400000.0,0.07702544642857143
2010-08-09,9.28,9.53,9.24,9.52,1737796.0,53738324.0,22400000.0,0.07758017857142857
2010-08-10,9.56,9.56,9.11,9.12,1622360.0,49402904.0,22400000.0,0.07242678571428571
2010-08-11,9.08,9.17,8.95,9.11,1101319.0,32748540.0,22400000.0,0.04916602678571429
2010-08-12,8.92,9.13,8.83,8.83,865455.0,25425392.0,22400000.0,0.03863638392857143
2010-08-13,8.83,9.02,8.83,8.99,545536.0,15966018.0,22400000.0,0.024354285714285714
2010-08-16,9.01,9.27,8.98,9.22,900589.0,26961598.0,22400000.0,0.04020486607142857
2010-08-17,9.23,9.25,8.98,9.05,1669453.0,49526604.0,22400000.0,0.07452915178571429
2010-08-18,9.06,9.11,8.92,8.96,969687.0,28535576.0,22400000.0,0.04328959821428571
2010-08-19,9.02,9.04,8.87,9.01,940595.0,27590028.0,22400000.0,0.04199084821428571
2010-08-20,8.98,9.04,8.63,8.68,1237275.0,35538424.0,22400000.0,0.05523549107142857
2010-08-23,8.68,8.8,8.63,8.7,553162.0,15811201.0,22400000.0,0.024694732142857143
2010-08-24,8.71,8.91,8.65,8.87,777792.0,22473124.0,22400000.0,0.034722857142857146
2010-08-25,8.92,8.92,8.33,8.43,2931645.0,82249056.0,28000000.0,0.10470160714285714
2010-08-26,8.49,8.55,8.37,8.5,1414591.0,39169956.0,28000000.0,0.050521107142857145
2010-08-27,8.5,8.59,8.46,8.57,1133069.0,31701236.0,28000000.0,0.04046675
2010-08-30,8.62,8.82,8.62,8.77,1967472.0,56384336.0,28000000.0,0.07026685714285714
2010-08-31,8.72,8.93,8.69,8.86,1518166.0,43763324.0,28000000.0,0.05422021428571429
2010-09-01,8.91,8.93,8.56,8.71,1305243.0,37251996.0,28000000.0,0.04661582142857143
2010-09-02,8.77,8.96,8.67,8.95,1620134.0,46916032.0,28000000.0,0.05786192857142857
2010-09-03,8.99,9.16,8.98,9.11,2233742.0,66424064.0,28000000.0,0.0797765
2010-09-06,9.21,9.22,8.97,8.99,1485780.0,43971188.0,28000000.0,0.053063571428571425
2010-09-07,8.97,9.04,8.89,9.02,770086.0,22564730.0,28000000.0,0.02750307142857143
2010-09-08,9.0,9.0,8.86,8.97,763284.0,22312140.0,28000000.0,0.027260142857142858
2010-09-09,9.01,9.14,8.82,8.82,1208199.0,35448648.0,28000000.0,0.043149964285714285
2010-09-10,8.82,9.12,8.74,9.06,2101133.0,61849064.0,28000000.0,0.07504046428571429
2010-09-13,9.06,9.28,9.06,9.2,2158504.0,64926752.0,28000000.0,0.07708942857142857
2010-09-14,9.07,9.25,9.01,9.06,1181291.0,35228784.0,28000000.0,0.04218896428571429
2010-09-15,9.05,9.22,8.86,8.94,1524575.0,45512192.0,28000000.0,0.054449107142857146
2010-09-16,8.97,8.97,8.52,8.58,1178961.0,33517710.0,28000000.0,0.04210575
2010-09-17,8.63,8.64,8.46,8.54,475002.0,13286578.0,28000000.0,0.016964357142857142
2010-09-20,8.55,8.67,8.45,8.46,388982.0,10820013.0,28000000.0,0.013892214285714286
2010-09-21,8.55,8.58,8.4,8.42,344102.0,9501593.0,28000000.0,0.012289357142857144
2010-09-27,8.48,8.6,8.48,8.58,249359.0,6984248.0,28000000.0,0.008905678571428571
2010-09-28,8.56,8.59,8.45,8.54,425157.0,11836618.0,28000000.0,0.01518417857142857
2010-09-29,8.52,8.54,8.16,8.19,774360.0,21104496.0,28000000.0,0.027655714285714287
2010-09-30,8.16,8.37,8.16,8.3,358661.0,9720734.0,28000000.0,0.012809321428571429
2010-10-08,8.33,8.6,8.33,8.54,494415.0,13771765.0,28000000.0,0.01765767857142857
2010-10-11,8.58,8.65,8.44,8.51,570098.0,15953416.0,28000000.0,0.02036064285714286
2010-10-12,8.51,8.6,8.49,8.54,755747.0,21099716.0,28000000.0,0.026990964285714285
2010-10-13,8.58,8.62,8.43,8.59,841267.0,23520516.0,28000000.0,0.03004525
2010-10-14,8.62,8.62,8.25,8.25,1068247.0,29322662.0,28000000.0,0.03815167857142857
2010-10-15,8.25,8.32,7.88,7.97,1521783.0,40174468.0,28000000.0,0.05434939285714286
2010-10-18,7.91,8.1,7.64,8.04,1191364.0,30466842.0,28000000.0,0.04254871428571429
2010-10-19,8.05,8.33,7.97,8.25,1274791.0,34263372.0,28000000.0,0.04552825
2010-10-20,8.22,8.47,8.12,8.38,1899330.0,51627944.0,28000000.0,0.06783321428571429
2010-10-21,8.43,8.61,8.42,8.48,1459498.0,40699112.0,28000000.0,0.05212492857142857
2010-10-22,8.46,8.57,8.42,8.5,1048916.0,29218186.0,28000000.0,0.03746128571428571
2010-10-25,8.58,8.71,8.49,8.66,1922668.0,54181464.0,28000000.0,0.06866671428571429
2010-10-26,8.73,9.1,8.64,9.02,3249897.0,94491848.0,28000000.0,0.11606775
2010-10-27,9.12,9.16,8.86,8.87,2252250.0,66441196.0,28000000.0,0.0804375
2010-10-28,8.88,9.28,8.87,9.24,2889808.0,86399936.0,28000000.0,0.10320742857142857
2010-10-29,9.21,9.56,9.13,9.53,2868675.0,87541336.0,28000000.0,0.10245267857142858
2010-11-01,9.53,9.98,9.38,9.95,3737165.0,118679152.0,28000000.0,0.13347017857142857
2010-11-02,9.95,10.35,9.75,9.76,3290724.0,108175904.0,28000000.0,0.11752585714285714
2010-11-03,9.76,9.85,9.48,9.48,1342901.0,42674824.0,28000000.0,0.04796075
2010-11-04,9.47,9.68,9.39,9.63,1221231.0,38122716.0,28000000.0,0.04361539285714286
2010-11-05,9.66,10.14,9.66,9.98,1632707.0,53272728.0,28000000.0,0.058310964285714285
2010-11-08,10.0,10.98,10.0,10.98,3744254.0,132953288.0,28000000.0,0.13372335714285713
2010-11-09,11.22,11.29,10.77,11.06,3313393.0,119626096.0,28000000.0,0.11833546428571429
2010-11-10,10.92,11.2,10.85,11.04,1925359.0,69424592.0,28000000.0,0.06876282142857143
2010-11-11,10.95,11.21,10.66,10.72,2461239.0,88513024.0,28000000.0,0.08790139285714285
2010-11-12,10.73,10.91,10.27,10.39,3586496.0,123719776.0,28000000.0,0.12808914285714285
2010-11-15,10.43,10.78,10.18,10.75,1958927.0,67533808.0,28000000.0,0.06996167857142857
2010-11-16,11.3,11.73,10.78,10.95,4434291.0,164561792.0,28000000.0,0.15836753571428572
2010-11-17,10.82,11.37,10.63,10.68,2329790.0,83807672.0,28000000.0,0.08320678571428572
2010-11-18,10.69,10.94,10.29,10.78,2276882.0,78603816.0,28000000.0,0.08131721428571428
2010-11-19,10.69,11.35,10.69,11.3,2450579.0,88422456.0,28000000.0,0.08752067857142858
2010-11-22,11.33,11.73,11.21,11.53,2354892.0,88965400.0,28000000.0,0.08410328571428571
2010-11-23,11.53,12.59,11.53,12.52,3847060.0,150408368.0,28000000.0,0.137395
2010-11-24,12.37,12.7,12.23,12.7,1839756.0,75517168.0,28000000.0,0.06570557142857143
2010-11-25,12.65,12.7,12.17,12.18,2925914.0,117549992.0,28000000.0,0.10449692857142857
2010-11-26,12.21,12.46,11.95,12.46,1583619.0,63174804.0,28000000.0,0.05655782142857143
2010-11-29,12.32,13.47,12.1,13.2,2450397.0,102924152.0,28000000.0,0.08751417857142857
2010-11-30,13.21,13.83,12.36,13.66,3051374.0,130906992.0,28000000.0,0.10897764285714286
2010-12-01,13.5,13.78,12.84,13.26,1905479.0,82559048.0,28000000.0,0.06805282142857143
2010-12-02,13.38,13.45,13.0,13.01,910479.0,39285904.0,28000000.0,0.032517107142857146
2010-12-03,13.01,13.22,12.74,12.74,1144448.0,48342196.0,28000000.0,0.04087314285714286
2010-12-06,12.83,12.95,12.22,12.58,1725484.0,70200456.0,28000000.0,0.06162442857142857
2010-12-07,12.54,12.83,12.37,12.79,670714.0,27766168.0,28000000.0,0.02395407142857143
2010-12-08,12.8,13.33,12.7,12.83,1747756.0,74170408.0,28000000.0,0.062419857142857145
2010-12-09,12.8,13.13,12.54,12.83,919845.0,38791216.0,28000000.0,0.03285160714285714
2010-12-13,13.13,13.38,12.95,13.22,1701233.0,73274272.0,28000000.0,0.060758321428571425
2010-12-14,13.23,13.74,13.14,13.41,1239978.0,54634648.0,28000000.0,0.04428492857142857
2010-12-15,13.44,13.55,13.08,13.11,992558.0,43133308.0,28000000.0,0.0354485
2010-12-16,13.11,13.2,12.92,12.94,1298029.0,55281136.0,28000000.0,0.04635817857142857
2010-12-17,12.92,13.41,12.92,13.39,1239595.0,53849408.0,28000000.0,0.04427125
2010-12-20,13.46,13.59,12.89,13.35,1095049.0,47576792.0,28000000.0,0.039108892857142856
2010-12-21,13.3,13.36,13.14,13.26,529794.0,22924012.0,28000000.0,0.018921214285714284
2010-12-22,13.26,13.43,13.17,13.36,643346.0,28036182.0,28000000.0,0.02297664285714286
2010-12-23,13.31,13.36,12.55,12.7,1189972.0,50223712.0,28000000.0,0.042499
2010-12-24,12.59,12.82,12.28,12.74,1419591.0,57880384.0,28000000.0,0.05069967857142857
2010-12-27,12.58,12.88,12.22,12.26,894975.0,36756476.0,28000000.0,0.03196339285714286
2010-12-28,12.26,12.37,11.91,12.27,633407.0,25083188.0,28000000.0,0.02262167857142857
2010-12-29,12.1,12.34,12.1,12.31,481193.0,19246210.0,28000000.0,0.017185464285714287
2010-12-30,12.3,12.69,12.16,12.46,543739.0,22247782.0,28000000.0,0.01941925
2010-12-31,12.5,12.71,12.47,12.65,505837.0,20869584.0,28000000.0,0.018065607142857144
2011-01-04,12.59,13.29,12.59,13.2,724242.0,30983476.0,28000000.0,0.025865785714285713
2011-01-05,13.14,13.29,13.01,13.11,444272.0,19173078.0,28000000.0,0.015866857142857144
2011-01-06,12.98,13.33,12.97,13.17,398631.0,17184956.0,28000000.0,0.014236821428571429
2011-01-07,13.17,13.21,12.23,12.62,992259.0,41403968.0,28000000.0,0.03543782142857143
2011-01-10,12.46,12.68,12.1,12.21,1078483.0,43349440.0,28000000.0,0.03851725
2011-01-11,12.28,12.28,11.97,12.18,385520.0,15260076.0,28000000.0,0.013768571428571429
2011-01-12,12.18,12.53,12.03,12.22,308028.0,12263396.0,28000000.0,0.011001
2011-01-13,12.36,12.37,12.1,12.16,182678.0,7284940.0,28000000.0,0.006524214285714286
2011-01-14,12.09,12.21,11.88,12.13,364423.0,14302704.0,28000000.0,0.013015107142857142
2011-01-17,12.13,12.13,11.46,11.91,713620.0,27649502.0,28000000.0,0.025486428571428573
2011-01-18,11.81,11.91,11.67,11.87,162563.0,6279395.0,28000000.0,0.005805821428571428
2011-01-19,11.85,12.01,11.72,11.98,229466.0,8937933.0,28000000.0,0.008195214285714287
2011-01-20,11.96,12.34,11.94,12.18,347025.0,13751032.0,28000000.0,0.01239375
2011-01-21,11.98,12.33,11.92,12.32,398549.0,15879044.0,28000000.0,0.014233892857142856
2011-01-24,12.32,12.46,11.09,11.09,1096008.0,41273408.0,28000000.0,0.039143142857142856
2011-01-25,10.93,10.93,10.02,10.38,808724.0,27524662.0,28000000.0,0.028883
2011-01-26,10.38,10.83,10.38,10.78,398391.0,13871916.0,28000000.0,0.01422825
2011-01-27,10.48,10.96,10.48,10.76,413288.0,14634963.0,28000000.0,0.014760285714285714
2011-01-28,10.73,11.03,10.73,10.96,230809.0,8282890.0,28000000.0,0.008243178571428571
2011-01-31,10.66,10.66,10.05,10.51,1062477.0,35735824.0,28000000.0,0.03794560714285714
2011-02-01,10.34,10.57,10.27,10.51,360864.0,12375764.0,28000000.0,0.012888
2011-02-09,10.56,10.96,10.43,10.52,375130.0,13086008.0,28000000.0,0.0133975
2011-02-10,10.45,10.84,10.24,10.75,408640.0,14241788.0,28000000.0,0.014594285714285714
2011-02-11,10.78,11.05,10.75,10.98,515435.0,18484468.0,28000000.0,0.018408392857142856
2011-02-14,11.12,11.13,10.88,11.09,686029.0,24793394.0,28000000.0,0.024501035714285715
2011-02-15,11.09,11.58,10.97,11.22,663837.0,24613186.0,28000000.0,0.023708464285714284
2011-02-16,11.22,11.62,11.15,11.56,606151.0,22821418.0,28000000.0,0.02164825
2011-02-17,11.54,12.01,11.5,11.81,898772.0,34789356.0,28000000.0,0.032099
2011-02-18,11.81,11.95,11.57,11.84,384185.0,14769890.0,28000000.0,0.013720892857142857
2011-02-21,11.76,12.02,11.61,11.97,826375.0,31959736.0,28000000.0,0.029513392857142856
2011-02-22,11.96,11.96,11.49,11.52,502370.0,19217470.0,28000000.0,0.017941785714285716
2011-02-23,11.49,11.75,11.17,11.37,436983.0,16399063.0,28000000.0,0.015606535714285715
2011-02-24,11.38,11.38,11.22,11.3,330881.0,12210789.0,28000000.0,0.011817178571428572
2011-02-25,11.3,11.32,10.96,11.05,618098.0,22321718.0,28000000.0,0.02207492857142857
2011-02-28,11.05,11.15,10.94,11.05,785213.0,28236552.0,28000000.0,0.028043321428571428
2011-03-01,11.07,11.24,10.99,11.24,1192698.0,43201404.0,28000000.0,0.042596357142857144
2011-03-02,11.21,11.21,10.9,11.02,572397.0,20631350.0,28000000.0,0.02044275
2011-03-03,11.01,11.03,10.69,10.69,533870.0,18962280.0,28000000.0,0.019066785714285713
2011-03-04,10.74,11.03,10.69,10.77,386699.0,13727946.0,28000000.0,0.013810678571428571
2011-03-07,10.91,11.15,10.8,11.11,775844.0,28080490.0,28000000.0,0.027708714285714284
2011-03-08,11.12,11.98,11.04,11.91,2008683.0,77058560.0,28000000.0,0.07173867857142857
2011-03-09,11.88,11.88,11.61,11.74,748087.0,28659582.0,28000000.0,0.026717392857142856
2011-03-10,11.75,11.75,11.61,11.63,458328.0,17460442.0,28000000.0,0.016368857142857143
2011-03-11,11.64,12.19,11.64,11.7,830632.0,32496010.0,28000000.0,0.029665428571428572
2011-03-14,11.71,12.01,11.71,11.92,596871.0,23155458.0,28000000.0,0.021316821428571428
2011-03-15,11.92,11.98,11.49,11.58,610894.0,23187986.0,28000000.0,0.02181764285714286
2011-03-16,11.7,12.22,11.7,12.16,1142617.0,45097864.0,28000000.0,0.04080775
2011-03-17,12.0,12.8,11.93,12.64,1992170.0,81615848.0,28000000.0,0.07114892857142857
2011-03-18,12.66,12.79,12.4,12.72,1204275.0,49681272.0,28000000.0,0.04300982142857143
2011-03-21,12.62,12.98,12.48,12.53,915283.0,38061484.0,28000000.0,0.03268867857142857
2011-03-22,12.57,12.68,12.25,12.32,555387.0,22482244.0,28000000.0,0.01983525
2011-03-23,12.13,12.86,11.49,12.83,3901839.0,153846448.0,28000000.0,0.13935139285714285
2011-03-24,12.42,12.83,12.4,12.74,2790226.0,114778168.0,28000000.0,0.09965092857142857
2011-03-25,12.74,12.92,12.5,12.67,1841669.0,76448928.0,28000000.0,0.06577389285714286
2011-03-28,12.64,12.65,11.87,11.95,1917759.0,76493288.0,28000000.0,0.06849139285714285
2011-03-29,11.87,12.04,11.55,11.62,851938.0,32712922.0,28000000.0,0.030426357142857144
2011-03-30,11.64,11.88,11.3,11.49,505015.0,19048802.0,28000000.0,0.01803625
2011-03-31,11.37,11.61,11.34,11.42,444721.0,16728398.0,28000000.0,0.015882892857142856
2011-04-01,11.43,11.79,11.43,11.69,457601.0,17396508.0,28000000.0,0.016342892857142858
2011-04-06,11.61,12.28,11.55,12.01,997139.0,39292196.0,28000000.0,0.03561210714285714
2011-04-07,12.04,12.22,11.92,12.01,395911.0,15622598.0,28000000.0,0.014139678571428572
2011-04-08,12.01,12.25,12.01,12.13,527171.0,20936690.0,28000000.0,0.018827535714285713
2011-04-11,12.19,12.62,12.19,12.35,1602622.0,65600260.0,28000000.0,0.0572365
2011-04-12,12.46,12.77,12.46,12.57,928259.0,38319616.0,28000000.0,0.03315210714285714
2011-04-13,12.54,12.83,12.46,12.76,987966.0,40826692.0,28000000.0,0.0352845
2011-04-15,12.74,12.82,12.37,12.37,622389.0,25465764.0,28000000.0,0.022228178571428572
2011-04-18,12.37,12.45,12.22,12.38,501132.0,20241558.0,28000000.0,0.01789757142857143
2011-04-19,12.42,12.42,12.09,12.28,366575.0,14649858.0,28000000.0,0.013091964285714285
2011-04-20,12.19,12.34,12.07,12.11,328586.0,13070991.0,28000000.0,0.011735214285714286
2011-04-21,12.11,12.22,11.91,12.03,419486.0,16519104.0,28000000.0,0.014981642857142857
2011-04-22,12.03,12.83,11.91,12.8,1319434.0,54340748.0,28000000.0,0.047122642857142856
2011-04-25,12.92,13.14,12.68,12.8,898647.0,38057752.0,28000000.0,0.032094535714285714
2011-04-26,12.59,12.8,12.4,12.56,411000.0,16879930.0,28000000.0,0.014678571428571428
2011-04-27,12.46,12.86,12.43,12.48,516992.0,21376688.0,28000000.0,0.018464
2011-04-28,12.19,12.46,11.91,11.95,427659.0,17019320.0,28000000.0,0.015273535714285713
2011-04-29,11.59,12.25,11.59,11.76,733657.0,28015708.0,28000000.0,0.026202035714285716
2011-05-03,11.93,12.25,11.88,12.18,365432.0,14417189.0,28000000.0,0.013051142857142857
2011-05-04,12.17,12.37,11.99,12.18,318672.0,12603641.0,28000000.0,0.011381142857142857
2011-05-05,11.98,12.25,11.84,12.09,290816.0,11454622.0,28000000.0,0.010386285714285714
2011-05-06,11.85,12.3,11.83,12.22,246509.0,9796382.0,28000000.0,0.008803892857142857
2011-05-09,12.13,12.36,11.99,12.08,727243.0,28729002.0,28000000.0,0.025972964285714287
2011-05-10,12.08,12.15,11.97,12.05,333364.0,13075701.0,28000000.0,0.011905857142857143
2011-05-11,12.07,12.07,11.82,11.93,290323.0,11292771.0,28000000.0,0.010368678571428572
2011-05-12,11.82,11.91,11.31,11.36,666435.0,25204592.0,28000000.0,0.02380125
2011-05-13,11.34,11.51,11.3,11.45,295218.0,10959579.0,28000000.0,0.0105435
2011-05-16,11.54,11.54,11.27,11.34,416712.0,15410631.0,28000000.0,0.014882571428571429
2011-05-17,11.45,11.47,11.3,11.33,226133.0,8358524.0,28000000.0,0.008076178571428571
2011-05-18,11.28,11.52,11.28,11.36,206671.0,7681426.0,28000000.0,0.007381107142857143
2011-05-19,11.36,11.52,11.33,11.41,202414.0,7544713.0,28000000.0,0.0072290714285714285
2011-05-20,11.38,11.51,11.34,11.36,130465.0,4849267.0,28000000.0,0.004659464285714286
2011-05-23,11.3,11.36,10.69,10.71,407624.0,14455104.0,28000000.0,0.014558
2011-05-24,10.59,11.03,10.59,11.01,152647.0,5397155.0,28000000.0,0.005451678571428572
2011-05-25,11.01,11.01,10.69,10.77,110721.0,3891020.0,30880000.0,0.0035855246113989637
2011-05-26,10.76,10.89,10.71,10.79,109940.0,3853041.0,30880000.0,0.003560233160621762
2011-05-27,10.71,10.71,10.19,10.2,228112.0,7706309.0,30880000.0,0.007387046632124352
2011-05-30,10.24,10.24,9.76,9.79,232457.0,7501977.0,30880000.0,0.0075277525906735756
2011-05-31,9.82,9.92,9.64,9.89,173273.0,5527439.0,30880000.0,0.0056111722797927465
2011-06-01,9.89,9.98,9.76,9.87,157802.0,5086760.0,30880000.0,0.0051101683937823834
2011-06-02,9.86,9.86,9.54,9.64,122451.0,3869460.0,30880000.0,0.003965382124352331
2011-06-03,9.76,9.92,9.73,9.87,159130.0,5113410.0,30880000.0,0.005153173575129534
2011-06-07,9.78,10.01,9.76,9.82,333729.0,10686150.0,30880000.0,0.010807286269430052
2011-06-08,9.82,10.16,9.76,10.14,330724.0,10713766.0,30880000.0,0.01070997409326425
2011-06-09,10.1,10.38,10.01,10.13,290812.0,9666866.0,30880000.0,0.009417487046632124
2011-06-10,10.13,10.17,9.85,9.94,185489.0,6011187.0,30880000.0,0.006006768134715026
2011-06-13,9.44,10.05,9.39,9.8,85694.0,2729571.0,30880000.0,0.0027750647668393783
2011-06-14,9.67,9.96,9.67,9.92,126051.0,4048971.0,30880000.0,0.004081962435233161
2011-06-15,9.92,9.92,9.8,9.81,107880.0,3464072.0,30880000.0,0.003493523316062176
2011-06-16,9.81,9.87,9.73,9.78,79940.0,2542438.0,30880000.0,0.0025887305699481863
2011-06-17,9.81,10.04,9.81,9.86,187301.0,6056375.0,30880000.0,0.00606544689119171
2011-06-20,9.56,9.9,9.53,9.61,120756.0,3789632.0,30880000.0,0.003910492227979275
2011-06-21,9.51,9.67,9.51,9.62,70732.0,2214411.0,30880000.0,0.002290544041450777
2011-06-22,9.67,9.76,9.54,9.61,82100.0,2573459.0,30880000.0,0.002658678756476684
2011-06-23,9.53,9.82,9.53,9.72,129210.0,4071744.0,30880000.0,0.004184261658031088
2011-06-24,9.75,10.04,9.7,9.93,201393.0,6499192.0,30880000.0,0.006521794041450777
2011-06-27,9.98,10.13,9.89,10.0,177393.0,5773771.0,30880000.0,0.005744591968911917
2011-06-28,10.13,10.13,9.89,10.0,114693.0,3721106.0,30880000.0,0.003714151554404145
2011-06-29,9.97,10.07,9.88,9.93,122803.0,3978412.0,30880000.0,0.003976781088082902
2011-06-30,9.78,10.03,9.78,9.99,160151.0,5190944.0,32880000.0,0.004870772506082725
2011-07-01,9.93,10.18,9.93,10.1,259590.0,8519047.0,32880000.0,0.00789507299270073
2011-07-04,10.16,10.47,10.13,10.36,324219.0,10916236.0,32880000.0,0.009860675182481751
2011-07-05,10.44,10.44,10.25,10.36,189548.0,6360218.0,32880000.0,0.005764841849148419
2011-07-06,10.26,10.36,10.23,10.32,141448.0,4750530.0,32880000.0,0.004301946472019464
2011-07-07,10.37,10.44,10.23,10.3,358845.0,12050296.0,32880000.0,0.010913777372262774
2011-07-08,10.19,10.26,9.98,10.05,185038.0,6112666.0,32880000.0,0.005627676399026764
2011-07-11,10.09,10.13,9.83,10.11,231464.0,7539410.0,32880000.0,0.007039659367396593
2011-07-12,10.01,10.1,9.95,10.06,332360.0,10846280.0,32880000.0,0.010108272506082726
2011-07-13,10.06,10.3,10.01,10.26,246958.0,8174708.0,32880000.0,0.007510888077858881
2011-07-14,10.24,10.53,10.24,10.44,416000.0,14141062.0,32880000.0,0.012652068126520682
2011-07-15,10.44,10.58,10.4,10.57,322807.0,11057046.0,32880000.0,0.009817731143552312
2011-07-18,10.44,10.71,10.44,10.65,267629.0,9261455.0,32880000.0,0.008139568126520681
2011-07-19,10.71,10.71,10.4,10.53,282934.0,9653790.0,32880000.0,0.008605048661800486
2011-07-20,10.65,10.65,10.4,10.51,110225.0,3762153.0,32880000.0,0.0033523418491484187
2011-07-21,10.28,10.56,10.28,10.44,125010.0,4257211.0,32880000.0,0.003802007299270073
2011-07-22,10.51,10.51,10.28,10.38,91838.0,3107154.0,32880000.0,0.0027931265206812654
2011-07-25,10.28,10.4,9.89,10.25,253300.0,8345629.0,32880000.0,0.007703771289537713
2011-07-26,10.13,10.37,9.98,10.15,203800.0,6712277.0,32880000.0,0.006198296836982968
2011-07-27,10.15,10.25,9.89,10.12,138427.0,4561291.0,32880000.0,0.004210066909975669
2011-07-28,10.12,10.12,9.92,9.95,141413.0,4592695.0,32880000.0,0.00430088199513382
2011-07-29,10.03,10.03,9.92,10.01,95623.0,3105061.0,32880000.0,0.0029082420924574207
2011-08-01,9.97,9.97,9.89,9.96,171575.0,5542923.0,32880000.0,0.005218217761557177
2011-08-02,9.92,9.92,9.73,9.82,260688.0,8322882.0,32880000.0,0.007928467153284671
2011-08-03,9.77,9.85,9.58,9.85,235001.0,7457781.0,32880000.0,0.007147232360097323
2011-08-04,9.92,10.01,9.73,9.82,208288.0,6656220.0,32880000.0,0.0063347931873479315
2011-08-05,9.7,9.74,9.28,9.67,133484.0,4182217.0,32880000.0,0.004059732360097323
2011-08-08,9.52,9.71,8.77,8.99,439149.0,13146615.0,32880000.0,0.013356113138686131
2011-08-09,8.83,9.03,8.12,8.9,366426.0,10206759.0,32880000.0,0.01114434306569343
2011-08-10,8.9,9.39,8.9,9.03,253271.0,7553599.0,32880000.0,0.007702889294403893
2011-08-11,9.03,9.12,8.72,9.08,184710.0,5423954.0,32880000.0,0.0056177007299270075
2011-08-12,9.15,9.43,9.06,9.43,363232.0,11012020.0,32880000.0,0.01104720194647202
2011-08-15,9.52,9.7,9.43,9.61,255566.0,7973277.0,32880000.0,0.007772688564476886
2011-08-16,9.64,9.64,9.39,9.46,144100.0,4452424.0,32880000.0,0.004382603406326034
2011-08-17,9.45,9.51,9.37,9.42,82251.0,2522727.0,32880000.0,0.002501551094890511
2011-08-18,9.46,9.49,9.06,9.07,203911.0,6137368.0,32880000.0,0.006201672749391728
2011-08-19,8.97,9.39,8.89,9.27,232729.0,6959152.0,32880000.0,0.007078132603406326
2011-08-22,9.36,9.39,9.25,9.3,119640.0,3636569.0,32880000.0,0.0036386861313868614
2011-08-24,9.48,9.57,9.33,9.42,188999.0,5823898.0,32880000.0,0.005748144768856447
2011-08-25,9.31,9.46,9.23,9.42,262121.0,7967736.0,32880000.0,0.007972049878345499
2011-08-26,9.55,9.56,9.39,9.53,139827.0,4320636.0,32880000.0,0.004252645985401459
2011-08-29,9.58,9.58,9.39,9.39,90786.0,2791694.0,32880000.0,0.002761131386861314
2011-08-30,9.52,9.52,9.39,9.4,141700.0,4367698.0,32880000.0,0.004309610705596107
2011-08-31,9.3,9.45,9.3,9.44,102900.0,3144324.0,32880000.0,0.0031295620437956206
2011-09-01,9.39,9.45,9.27,9.28,62315.0,1895122.0,32880000.0,0.0018952250608272505
2011-09-02,9.19,9.26,8.9,9.0,139200.0,4100539.0,32880000.0,0.004233576642335766
2011-09-05,8.93,9.0,8.7,8.8,84167.0,2415495.0,32880000.0,0.002559823600973236
2011-09-06,8.63,8.81,8.6,8.63,74822.0,2115780.0,32880000.0,0.0022756082725060825
2011-09-07,8.8,9.03,8.65,8.93,83861.0,2409915.0,32880000.0,0.0025505170316301702
2011-09-08,8.93,8.95,8.72,8.74,160610.0,4613562.0,32880000.0,0.004884732360097324
2011-09-09,8.83,8.84,8.29,8.63,78049.0,2207349.0,32880000.0,0.0023737530413625303
2011-09-13,8.61,8.83,8.38,8.83,106429.0,2990881.0,32880000.0,0.003236891727493917
2011-09-14,8.72,8.89,8.72,8.87,54424.0,1562919.0,32880000.0,0.0016552311435523114
2011-09-15,8.87,8.87,8.66,8.87,253990.0,7283721.0,32880000.0,0.007724756690997567
2011-09-16,9.07,9.67,9.06,9.24,479491.0,14633650.0,32880000.0,0.014583059610705596
2011-09-19,9.1,9.24,9.0,9.24,191904.0,5704222.0,32880000.0,0.005836496350364964
2011-09-20,9.21,9.21,8.92,9.12,161434.0,4762649.0,32880000.0,0.004909793187347932
2011-09-21,9.02,9.35,9.02,9.33,184950.0,5557441.0,32880000.0,0.005625
2011-09-22,9.19,9.45,9.09,9.21,165017.0,4971501.0,32880000.0,0.005018765206812652
2011-09-23,9.06,9.1,8.94,9.01,216054.0,6333053.0,32880000.0,0.006570985401459854
2011-09-26,8.87,9.04,8.68,8.7,112957.0,3237050.0,32880000.0,0.003435431873479319
2011-09-27,8.73,8.85,8.6,8.64,75369.0,2130708.0,32880000.0,0.002292244525547445
2011-09-28,8.64,8.71,8.45,8.51,75002.0,2095705.0,32880000.0,0.002281082725060827
2011-09-29,8.51,8.53,8.29,8.29,177174.0,4848859.0,32880000.0,0.005388503649635036
2011-09-30,8.23,8.42,7.47,8.07,201729.0,5313282.0,32880000.0,0.006135310218978102
2011-10-10,8.04,8.1,7.8,7.81,87200.0,2249007.0,32880000.0,0.002652068126520681
2011-10-11,8.07,8.1,7.68,7.77,166396.0,4283807.0,32880000.0,0.005060705596107056
2011-10-12,7.69,8.07,7.69,8.05,175158.0,4536365.0,32880000.0,0.005327189781021898
2011-10-13,7.84,8.22,7.84,8.2,175372.0,4628208.0,32880000.0,0.005333698296836983
2011-10-14,8.2,8.2,8.02,8.13,80700.0,2121576.0,32880000.0,0.0024543795620437956
2011-10-17,8.07,8.18,8.07,8.09,71450.0,1890399.0,32880000.0,0.0021730535279805355
2011-10-18,7.95,8.1,7.79,8.04,158874.0,4142367.0,32880000.0,0.004831934306569343
2011-10-19,7.99,8.25,7.92,8.22,142304.0,3748616.0,32880000.0,0.004327980535279805
2011-10-20,8.22,8.22,7.84,8.04,164900.0,4281522.0,32880000.0,0.005015206812652068
2011-10-21,8.84,8.84,7.98,8.18,478339.0,13152213.0,32880000.0,0.01454802311435523
2011-10-24,8.17,8.17,7.57,7.8,337570.0,8525657.0,32880000.0,0.010266727493917275
2011-10-25,7.71,7.98,7.59,7.96,183701.0,4683241.0,32880000.0,0.0055870133819951335
2011-10-26,7.95,7.98,7.68,7.91,203105.0,5209992.0,32880000.0,0.006177159367396594
2011-10-27,7.91,7.98,7.8,7.98,264372.0,6802796.0,32880000.0,0.00804051094890511
2011-10-28,8.75,8.75,8.04,8.19,440211.0,11918903.0,32880000.0,0.013388412408759124
2011-10-31,8.19,8.27,8.08,8.23,271984.0,7222461.0,32880000.0,0.008272019464720195
2011-11-01,8.15,8.35,8.13,8.31,276467.0,7459745.0,32880000.0,0.008408363746958638
2011-11-02,8.25,8.5,8.14,8.44,354694.0,9598960.0,32880000.0,0.010787530413625304
2011-11-03,8.75,8.75,8.44,8.49,399586.0,11181404.0,32880000.0,0.012152858880778588
2011-11-04,8.49,8.59,8.44,8.53,195035.0,5416416.0,32880000.0,0.005931721411192214
2011-11-07,8.56,8.58,8.45,8.45,135200.0,3751068.0,32880000.0,0.004111922141119222
2011-11-08,8.45,8.48,8.34,8.39,111946.0,3063353.0,32880000.0,0.003404683698296837
2011-11-09,8.43,8.47,8.31,8.47,206537.0,5640138.0,32880000.0,0.006281538929440389
2011-11-10,8.4,8.41,8.25,8.32,200454.0,5439807.0,32880000.0,0.006096532846715328
2011-11-11,8.25,8.36,8.23,8.3,115688.0,3129603.0,32880000.0,0.0035184914841849147
2011-11-14,8.34,8.58,8.33,8.53,221877.0,6130994.0,32880000.0,0.0067480839416058395
2011-11-15,8.56,8.63,8.47,8.6,284596.0,7928164.0,32880000.0,0.008655596107055961
2011-11-16,8.61,9.46,8.6,9.18,1773526.0,52537976.0,32880000.0,0.05393935523114355
2011-11-17,9.12,9.15,8.81,9.07,1122197.0,32793530.0,32880000.0,0.03413007907542579
2011-11-18,8.92,9.02,8.58,8.72,547576.0,15736873.0,32880000.0,0.016653771289537714
2011-11-21,8.75,8.79,8.51,8.66,236248.0,6633724.0,32880000.0,0.007185158150851582
2011-11-22,8.54,8.75,8.48,8.75,247074.0,6927750.0,32880000.0,0.0075144160583941605
2011-11-23,8.78,8.82,8.57,8.64,274992.0,7742328.0,32880000.0,0.008363503649635036
2011-11-24,8.4,8.58,8.29,8.3,370867.0,10101005.0,32880000.0,0.0112794099756691
2011-11-25,8.29,8.32,8.07,8.1,269975.0,7200213.0,32880000.0,0.008210918491484184
2011-11-28,8.1,8.14,7.91,7.98,215426.0,5611825.0,32880000.0,0.006551885644768857
2011-11-29,8.07,8.12,8.02,8.1,141232.0,3716952.0,32880000.0,0.004295377128953772
2011-11-30,8.11,8.11,7.71,7.8,237997.0,6081073.0,32880000.0,0.0072383515815085155
2011-12-01,8.01,8.1,7.92,7.98,259095.0,6768805.0,32880000.0,0.007880018248175183
2011-12-02,7.95,7.95,7.77,7.8,111653.0,2837715.0,32880000.0,0.0033957725060827252
2011-12-05,7.66,7.83,7.62,7.67,148500.0,3714210.0,32880000.0,0.004516423357664234
2011-12-06,7.67,7.67,7.55,7.64,145808.0,3615848.0,32880000.0,0.004434549878345499
2011-12-08,7.55,7.72,7.55,7.64,118051.0,2940076.0,32880000.0,0.0035903588807785886
2011-12-09,7.61,7.72,7.57,7.66,54550.0,1357059.0,32880000.0,0.0016590632603406326
2011-12-12,7.6,7.69,7.58,7.63,69906.0,1737509.0,32880000.0,0.002126094890510949
2011-12-13,7.6,7.6,7.31,7.36,133830.0,3236057.0,32880000.0,0.0040702554744525546
2011-12-14,7.35,7.4,7.17,7.26,49206.0,1164033.0,32880000.0,0.0014965328467153286
2011-12-15,7.32,7.33,6.97,6.98,141095.0,3287341.0,32880000.0,0.004291210462287105
2011-12-16,6.94,7.29,6.94,7.24,111036.0,2572870.0,32880000.0,0.003377007299270073
2011-12-19,7.24,7.3,7.03,7.15,103604.0,2405141.0,32880000.0,0.003150973236009732
2011-12-20,7.23,7.24,7.01,7.04,100885.0,2343142.0,32880000.0,0.0030682785888077858
2011-12-21,7.17,7.19,7.04,7.17,121482.0,2816718.0,32880000.0,0.00369470802919708
2011-12-22,7.12,7.18,6.76,7.11,212188.0,4877840.0,32880000.0,0.0064534063260340635
2011-12-23,7.1,7.15,7.01,7.11,76160.0,1759491.0,32880000.0,0.002316301703163017
2011-12-26,7.11,7.17,6.93,7.14,176123.0,4068786.0,32880000.0,0.005356538929440389
2011-12-27,7.16,7.16,6.97,7.03,115070.0,2631439.0,32880000.0,0.0034996958637469587
2011-12-28,7.02,7.02,6.54,6.76,167844.0,3701902.0,32880000.0,0.0051047445255474454
2011-12-29,6.61,6.72,6.45,6.5,150757.0,3222763.0,32880000.0,0.004585066909975669
2011-12-30,6.55,6.58,6.45,6.58,162425.0,3454697.0,32880000.0,0.0049399330900243305
2012-01-04,6.61,6.65,6.47,6.48,118271.0,2519023.0,32880000.0,0.003597049878345499
2012-01-05,6.29,6.4,6.1,6.14,119747.0,2445034.0,32880000.0,0.0036419403892944038
2012-01-06,6.08,6.15,5.99,6.13,163502.0,3212756.0,32880000.0,0.004972688564476886
2012-01-09,6.13,6.39,6.08,6.32,185484.0,3790707.0,32880000.0,0.005641240875912409
2012-01-10,6.32,6.63,6.3,6.54,254341.0,5395625.0,32880000.0,0.0077354318734793185
2012-01-11,6.57,6.77,6.52,6.66,254142.0,5510372.0,32880000.0,0.007729379562043796
2012-01-12,6.65,6.75,6.6,6.65,109692.0,2374498.0,32880000.0,0.003336131386861314
2012-01-13,6.6,6.64,6.31,6.34,289900.0,6051694.0,32880000.0,0.0088169099756691
2012-01-16,6.17,6.24,6.08,6.1,106000.0,2123216.0,32880000.0,0.0032238442822384427
2012-01-17,6.1,6.38,6.1,6.31,118804.0,2420616.0,32880000.0,0.0036132603406326034
2012-01-18,6.4,6.41,6.15,6.16,112000.0,2302489.0,32880000.0,0.0034063260340632603
2012-01-19,6.08,6.4,6.03,6.23,168669.0,3378329.0,32880000.0,0.005129835766423358
2012-01-20,6.24,6.37,6.17,6.36,95746.0,1964715.0,32880000.0,0.0029119829683698297
2012-01-30,6.38,6.45,6.25,6.34,106862.0,2227664.0,32880000.0,0.0032500608272506082
2012-01-31,6.32,6.39,6.32,6.37,46397.0,959546.0,32880000.0,0.0014111009732360098
2012-02-01,6.31,6.43,6.31,6.35,77851.0,1613610.0,32880000.0,0.0023677311435523116
2012-02-02,6.34,6.49,6.33,6.46,98050.0,2041802.0,32880000.0,0.0029820559610705595
2012-02-03,6.45,6.56,6.42,6.53,146946.0,3116301.0,32880000.0,0.004469160583941606
2012-02-06,6.54,6.64,6.5,6.54,159479.0,3414067.0,32880000.0,0.0048503345498783455
2012-02-07,6.47,6.54,6.4,6.46,127432.0,2687408.0,32880000.0,0.003875669099756691
2012-02-08,6.45,6.64,6.45,6.64,196656.0,4210368.0,32880000.0,0.005981021897810219
2012-02-09,6.65,6.94,6.65,6.82,356103.0,7963187.0,32880000.0,0.010830383211678831
2012-02-10,6.79,6.85,6.71,6.83,191443.0,4228200.0,32880000.0,0.005822475669099757
2012-02-13,6.85,6.91,6.72,6.89,131516.0,2928077.0,32880000.0,0.003999878345498783
2012-02-14,6.89,6.91,6.76,6.81,163301.0,3633750.0,32880000.0,0.004966575425790754
2012-02-15,6.81,6.92,6.81,6.91,161609.0,3621978.0,32880000.0,0.004915115571776155
2012-02-16,6.89,6.97,6.82,6.89,103879.0,2324883.0,32880000.0,0.00315933698296837
2012-02-17,6.91,7.0,6.82,6.94,285818.0,6405707.0,32880000.0,0.008692761557177615
2012-02-20,7.02,7.05,6.91,6.95,275539.0,6244129.0,32880000.0,0.008380139902676399
2012-02-21,6.96,7.12,6.85,7.06,213620.0,4877065.0,32880000.0,0.006496958637469586
2012-02-22,7.09,7.52,7.0,7.47,486365.0,11473544.0,32880000.0,0.01479212287104623
2012-02-23,7.37,7.52,7.21,7.34,397714.0,9530104.0,32880000.0,0.012095924574209245
2012-02-24,7.34,7.37,7.26,7.33,179702.0,4273609.0,32880000.0,0.005465389294403893
2012-02-27,7.34,7.43,7.31,7.37,304810.0,7317106.0,32880000.0,0.009270377128953771
2012-02-28,7.3,7.31,7.18,7.26,185372.0,4378366.0,32880000.0,0.0056378345498783455
2012-02-29,7.26,7.26,7.01,7.05,186501.0,4359115.0,32880000.0,0.005672171532846716
2012-03-01,7.06,7.2,6.93,7.18,168485.0,3874101.0,32880000.0,0.005124239659367397
2012-03-02,7.17,7.48,7.15,7.29,154958.0,3675421.0,32880000.0,0.004712834549878346
2012-03-05,7.36,7.36,7.19,7.19,142658.0,3380912.0,32880000.0,0.00433874695863747
2012-03-06,7.28,7.29,7.0,7.03,167948.0,3870411.0,32880000.0,0.0051079075425790755
2012-03-07,7.03,7.18,6.94,7.18,186853.0,4323739.0,32880000.0,0.0056828771289537715
2012-03-08,7.18,7.36,7.12,7.36,341350.0,8120938.0,32880000.0,0.01038169099756691
2012-03-09,7.67,7.67,7.33,7.45,576948.0,14108585.0,32880000.0,0.0175470802919708
2012-03-12,7.51,7.64,7.25,7.6,476365.0,11590551.0,32880000.0,0.014487986618004866
2012-03-13,7.95,7.95,7.46,7.92,771239.0,19524050.0,32880000.0,0.02345617396593674
2012-03-14,7.99,7.99,7.33,7.47,774870.0,19513276.0,32880000.0,0.02356660583941606
2012-03-15,7.37,7.63,7.06,7.58,507167.0,12113091.0,32880000.0,0.015424787104622872
2012-03-16,7.82,7.82,7.51,7.7,493585.0,12325744.0,32880000.0,0.015011709245742093
2012-03-19,7.7,7.88,7.49,7.88,418638.0,10557312.0,32880000.0,0.012732299270072992
2012-03-20,8.12,8.12,7.69,7.7,434519.0,11179730.0,32880000.0,0.013215298053527981
2012-03-21,7.64,7.88,7.46,7.77,500991.0,12475353.0,32880000.0,0.015236952554744526
2012-03-22,7.98,7.98,7.62,7.68,410701.0,10416533.0,32880000.0,0.012490906326034064
2012-03-23,7.68,7.68,7.37,7.46,323384.0,7856574.0,32880000.0,0.009835279805352797
2012-03-26,7.46,7.67,7.31,7.63,323115.0,7844718.0,32880000.0,0.009827098540145985
2012-03-27,7.78,7.78,7.49,7.58,428472.0,10681481.0,32880000.0,0.013031386861313868
2012-03-28,7.4,7.52,7.15,7.34,405289.0,9602208.0,32880000.0,0.012326307785888078
2012-03-29,7.39,7.39,7.0,7.02,309546.0,7279293.0,32880000.0,0.009414416058394161
2012-03-30,6.96,7.05,6.48,6.66,349375.0,7645586.0,32880000.0,0.010625760340632603
2012-04-05,6.67,6.84,6.63,6.8,178320.0,3921116.0,32880000.0,0.005423357664233576
2012-04-06,6.8,7.08,6.8,6.99,290729.0,6631426.0,32880000.0,0.008842122871046229
2012-04-09,6.94,7.0,6.86,6.87,176173.0,3968753.0,32880000.0,0.005358059610705596
2012-04-10,6.83,6.97,6.66,6.77,320634.0,7066623.0,32880000.0,0.009751642335766423
2012-04-11,6.72,6.81,6.63,6.74,213196.0,4661534.0,32880000.0,0.006484063260340633
2012-04-12,6.77,7.02,6.71,6.92,263720.0,5925492.0,32880000.0,0.008020681265206813
2012-04-13,6.92,7.05,6.75,7.03,293420.0,6640965.0,32880000.0,0.008923965936739659
2012-04-16,7.01,7.01,6.91,6.97,127982.0,2895336.0,32880000.0,0.003892396593673966
2012-04-17,6.94,6.97,6.85,6.9,127917.0,2875811.0,32880000.0,0.003890419708029197
2012-04-18,6.95,7.21,6.9,7.17,370620.0,8596816.0,32880000.0,0.011271897810218978
2012-04-19,7.17,7.17,7.01,7.06,302900.0,6971994.0,32880000.0,0.00921228710462287
2012-04-20,7.03,7.13,7.03,7.12,172997.0,3997109.0,32880000.0,0.00526146593673966
2012-04-23,7.12,7.15,6.97,6.97,145660.0,3342633.0,32880000.0,0.004430048661800487
2012-04-25,6.91,7.67,6.91,7.67,756463.0,18628116.0,32880000.0,0.02300678223844282
2012-04-26,7.89,7.98,7.58,7.69,1161977.0,29312440.0,32880000.0,0.03533993309002433
2012-04-27,7.54,7.69,7.46,7.69,440838.0,10867775.0,32880000.0,0.013407481751824818
2012-05-02,7.77,7.92,7.55,7.66,419187.0,10450788.0,32880000.0,0.012748996350364963
2012-05-03,7.66,7.66,7.53,7.61,298758.0,7376946.0,32880000.0,0.009086313868613138
2012-05-04,7.64,7.79,7.61,7.71,335793.0,8436972.0,32880000.0,0.010212682481751825
2012-05-07,7.82,7.82,7.62,7.7,372587.0,9327762.0,32880000.0,0.011331721411192213
2012-05-08,7.65,7.72,7.57,7.57,464100.0,7619149.0,49320000.0,0.009409975669099757
2012-05-09,7.52,7.55,7.37,7.38,375094.0,5988812.0,49320000.0,0.007605312246553123
2012-05-10,7.39,7.49,7.35,7.44,246287.0,3933026.0,49320000.0,0.004993653690186537
2012-05-11,7.44,7.47,7.32,7.34,237627.0,3772719.0,49320000.0,0.004818065693430657
2012-05-14,7.36,7.43,7.28,7.3,228014.0,3606589.0,49320000.0,0.004623154906731549
2012-05-15,7.16,7.27,7.13,7.25,230895.0,3571459.0,49320000.0,0.004681569343065693
2012-05-16,7.23,7.3,7.15,7.19,155661.0,2419225.0,49320000.0,0.0031561435523114354
2012-05-17,7.2,7.24,7.14,7.23,291329.0,4524323.0,49320000.0,0.005906914030819141
2012-05-18,7.2,7.23,7.03,7.03,232423.0,3567337.0,49320000.0,0.004712550689375507
2012-05-21,7.13,7.21,6.94,7.19,318324.0,4858314.0,49320000.0,0.006454257907542579
2012-05-22,7.17,7.6,7.1,7.43,491421.0,7797188.0,49320000.0,0.009963929440389294
2012-05-23,7.43,8.12,7.43,7.85,1467309.0,24742420.0,49320000.0,0.02975079075425791
2012-05-24,7.85,8.16,7.8,7.89,1118979.0,19287524.0,49320000.0,0.022688138686131388
2012-05-25,7.89,7.9,7.59,7.7,380850.0,6325064.0,49320000.0,0.007722019464720195
2012-05-28,7.7,7.91,7.57,7.86,490346.0,8210140.0,49320000.0,0.00994213300892133
2012-05-29,7.83,7.91,7.62,7.9,638779.0,10767751.0,49320000.0,0.012951723438767234
2012-05-30,7.9,7.91,7.73,7.78,478056.0,8013505.0,49320000.0,0.00969294403892944
2012-05-31,7.78,7.87,7.71,7.81,367621.0,6158523.0,49320000.0,0.007453791565287916
2012-06-01,7.85,7.87,7.63,7.7,376357.0,6268592.0,49320000.0,0.007630920519059206
2012-06-04,7.45,7.61,7.34,7.38,289281.0,4652024.0,49320000.0,0.005865389294403893
2012-06-05,7.34,7.42,7.31,7.33,176364.0,2790121.0,49320000.0,0.003575912408759124
2012-06-06,7.39,7.47,7.3,7.32,311590.0,4937119.0,49320000.0,0.00631772100567721
2012-06-07,7.37,7.46,7.23,7.33,222431.0,3504322.0,49320000.0,0.004509955393349554
2012-06-08,7.42,7.42,7.28,7.3,120134.0,1897952.0,49320000.0,0.0024358069748580697
2012-06-11,7.2,7.44,7.2,7.38,135460.0,2147714.0,49320000.0,0.0027465531224655313
2012-06-12,7.38,7.38,7.21,7.25,158985.0,2491661.0,49320000.0,0.0032235401459854013
2012-06-13,7.26,7.42,7.26,7.4,203472.0,3226901.0,49320000.0,0.004125547445255474
2012-06-14,7.42,7.84,7.4,7.82,1006797.0,16722633.0,49320000.0,0.020413564476885644
2012-06-15,7.85,7.93,7.66,7.82,721109.0,12036304.0,49320000.0,0.01462102595296026
2012-06-18,7.82,7.87,7.72,7.8,410471.0,6893447.0,49320000.0,0.008322607461476075
2012-06-19,7.85,7.85,7.65,7.65,305360.0,5076811.0,49320000.0,0.006191403081914031
2012-06-20,7.7,8.42,7.68,8.06,2327157.0,40814360.0,49320000.0,0.04718485401459854
2012-06-21,8.0,8.03,7.76,7.95,1058947.0,17973736.0,49320000.0,0.02147094484995945
2012-06-25,7.88,7.98,7.2,7.46,618178.0,10193785.0,49320000.0,0.012534022708840227
2012-06-26,7.46,7.65,7.35,7.51,366895.0,5934596.0,49320000.0,0.007439071370640714
2012-06-27,7.44,7.58,7.43,7.46,399299.0,6437790.0,49320000.0,0.008096086780210867
2012-06-28,7.46,7.55,7.27,7.34,305237.0,4839656.0,49320000.0,0.006188909164639092
2012-06-29,7.38,7.59,7.31,7.58,307613.0,4938380.0,49320000.0,0.006237084347120844
2012-07-02,7.58,7.79,7.54,7.79,623497.0,10278035.0,52320000.0,0.011916991590214067
2012-07-03,7.79,7.87,7.74,7.85,683748.0,11510897.0,52320000.0,0.013068577981651376
2012-07-04,7.85,7.98,7.76,7.85,522998.0,8865762.0,52320000.0,0.009996139143730888
2012-07-05,7.85,7.85,7.62,7.65,282460.0,4687289.0,52320000.0,0.005398700305810397
2012-07-06,7.66,7.85,7.47,7.85,454352.0,7514080.0,52320000.0,0.008684097859327217
2012-07-09,7.83,7.97,7.55,7.56,658202.0,11077966.0,52320000.0,0.012580313455657492
2012-07-10,7.51,7.63,7.46,7.5,435790.0,7072194.0,52320000.0,0.008329319571865444
2012-07-11,7.47,7.61,7.43,7.61,336495.0,5457616.0,52320000.0,0.006431479357798165
2012-07-12,7.55,7.85,7.52,7.82,640977.0,10654874.0,52320000.0,0.012251089449541284
2012-07-13,7.83,7.87,7.75,7.77,522910.0,8783225.0,52320000.0,0.009994457186544342
2012-07-16,7.81,7.81,7.52,7.54,539709.0,8825945.0,52320000.0,0.010315538990825688
2012-07-17,7.44,7.73,7.44,7.68,216503.0,3560925.0,52320000.0,0.004138054281345566
2012-07-18,7.73,7.96,7.57,7.93,864013.0,14627387.0,52320000.0,0.01651400993883792
2012-07-19,7.92,8.01,7.85,7.87,816247.0,13965795.0,52320000.0,0.01560105122324159
2012-07-20,7.86,8.3,7.82,8.22,1679930.0,29258722.0,52320000.0,0.03210875382262997
2012-07-23,8.25,8.5,8.04,8.22,1942122.0,34635464.0,52320000.0,0.03712006880733945
2012-07-24,8.11,8.21,7.89,8.07,1126093.0,19452510.0,52320000.0,0.021523184250764524
2012-07-25,8.0,8.22,7.91,8.07,856881.0,14905354.0,52320000.0,0.01637769495412844
2012-07-26,8.07,8.12,7.68,7.73,997933.0,17025506.0,52320000.0,0.019073642966360858
2012-07-27,7.72,7.78,7.51,7.55,779354.0,12742877.0,52320000.0,0.014895909785932722
2012-07-30,7.55,7.6,6.87,7.1,745516.0,11716557.0,52320000.0,0.014249159021406728
2012-07-31,7.08,7.08,6.87,6.93,390893.0,5860090.0,52320000.0,0.007471196483180428
2012-08-01,6.89,7.15,6.85,7.14,413714.0,6251448.0,52320000.0,0.007907377675840979
2012-08-02,7.06,7.18,6.85,7.03,372013.0,5649335.0,52320000.0,0.007110340214067278
2012-08-03,7.15,7.15,6.99,7.12,264112.0,4025602.0,52320000.0,0.005048012232415902
2012-08-06,7.13,7.33,7.1,7.33,349461.0,5451549.0,52320000.0,0.006679300458715597
2012-08-07,7.34,7.46,7.23,7.41,394865.0,6246249.0,52320000.0,0.007547113914373089
2012-08-08,7.39,7.79,7.29,7.5,639294.0,10322492.0,52320000.0,0.012218922018348623
2012-08-09,7.6,7.6,7.4,7.5,527203.0,8505493.0,52320000.0,0.01007650993883792
2012-08-10,7.51,7.51,7.24,7.27,523442.0,8278351.0,52320000.0,0.010004625382262997
2012-08-13,7.26,7.27,7.11,7.18,198910.0,3077881.0,52320000.0,0.003801796636085627
2012-08-14,7.14,7.23,7.07,7.22,197073.0,3029059.0,52320000.0,0.003766685779816514
2012-08-15,7.16,7.52,7.16,7.33,599398.0,9526201.0,52320000.0,0.01145638379204893
2012-08-16,7.24,7.34,7.2,7.24,182569.0,2862066.0,52320000.0,0.0034894686544342506
2012-08-17,7.11,7.26,7.11,7.19,114539.0,1772498.0,52320000.0,0.0021892010703363917
2012-08-20,7.19,7.33,7.13,7.25,197359.0,3076476.0,52320000.0,0.003772152140672783
2012-08-21,7.29,7.54,7.23,7.47,677019.0,10838829.0,52320000.0,0.012939965596330275
2012-08-22,7.43,7.57,7.33,7.44,420100.0,6755174.0,52320000.0,0.008029434250764526
2012-08-23,7.8,7.81,7.39,7.43,1095555.0,17971402.0,52320000.0,0.020939506880733944
2012-08-24,7.29,7.38,7.17,7.27,511350.0,7978702.0,52320000.0,0.009773509174311927
2012-08-27,7.27,7.27,7.01,7.05,299143.0,4567913.0,52320000.0,0.00571756498470948
2012-08-28,7.07,7.18,6.98,7.15,166161.0,2534185.0,52320000.0,0.003175860091743119
2012-08-29,7.06,7.17,6.97,7.03,182533.0,2778694.0,52320000.0,0.0034887805810397553
2012-08-30,7.03,7.14,6.93,6.97,239558.0,3603890.0,52320000.0,0.004578707951070337
2012-08-31,6.97,7.01,6.89,6.98,154026.0,2304740.0,52320000.0,0.0029439220183486237
2012-09-03,6.91,7.12,6.91,7.06,204426.0,3092877.0,52320000.0,0.003907224770642202
2012-09-04,7.06,7.09,6.92,6.94,250032.0,3773271.0,52320000.0,0.004778899082568807
2012-09-05,6.94,7.07,6.91,7.03,107357.0,1622576.0,52320000.0,0.0020519304281345564
2012-09-06,7.03,7.13,7.01,7.13,236372.0,3604827.0,52320000.0,0.0045178134556574925
2012-09-07,7.13,7.37,7.13,7.34,832538.0,13044401.0,52320000.0,0.015912423547400613
2012-09-10,7.3,7.34,7.22,7.29,631672.0,9899427.0,52320000.0,0.012073241590214067
2012-09-11,7.25,7.65,7.25,7.42,1210536.0,19441214.0,52320000.0,0.023137155963302753
2012-09-12,7.51,7.51,7.29,7.38,611837.0,9705036.0,52320000.0,0.011694132262996941
2012-09-13,7.31,7.52,7.3,7.31,518776.0,8279285.0,52320000.0,0.009915443425076453
2012-09-14,7.31,7.46,7.26,7.28,401897.0,6343960.0,52320000.0,0.007681517584097859
2012-09-17,7.28,7.3,7.01,7.03,393000.0,6027650.0,52320000.0,0.007511467889908257
2012-09-18,7.03,7.1,6.99,7.03,172424.0,2608975.0,52320000.0,0.003295565749235474
2012-09-19,6.97,7.38,6.96,7.28,632647.0,9797895.0,52320000.0,0.012091876911314985
2012-09-20,7.2,7.36,7.1,7.1,306711.0,4757030.0,52320000.0,0.0058622133027522935
2012-09-21,7.07,7.26,6.97,7.14,571925.0,8798141.0,52320000.0,0.010931288226299693
2012-09-24,7.07,7.29,6.99,7.24,307656.0,4751413.0,52320000.0,0.005880275229357798
2012-09-25,7.3,7.3,7.1,7.13,494802.0,7722205.0,52320000.0,0.009457224770642201
2012-09-26,7.08,7.08,6.71,6.71,483399.0,7177359.0,52320000.0,0.00923927752293578
2012-09-27,6.71,7.37,6.71,6.98,766604.0,11477834.0,52320000.0,0.014652217125382262
2012-09-28,6.95,7.17,6.85,7.07,504861.0,7633266.0,52320000.0,0.00964948394495413
2012-10-08,7.06,7.23,7.01,7.08,353774.0,5422929.0,52320000.0,0.006761735474006116
2012-10-09,7.17,7.33,7.07,7.26,563965.0,8749746.0,52320000.0,0.01077914755351682
2012-10-10,7.21,7.43,7.18,7.33,865013.0,13635874.0,52320000.0,0.016533123088685014
2012-10-11,7.33,7.49,7.26,7.27,768291.0,12173138.0,52320000.0,0.014684461009174312
2012-10-12,7.29,7.45,7.21,7.26,717125.0,11329108.0,52320000.0,0.01370651758409786
2012-10-15,7.29,7.29,7.02,7.06,339907.0,5186951.0,52320000.0,0.006496693425076453
2012-10-16,7.06,7.13,7.0,7.07,195601.0,2978633.0,52320000.0,0.0037385512232415903
2012-10-17,7.02,7.26,7.02,7.13,301649.0,4632507.0,52320000.0,0.005765462538226299
2012-10-18,7.14,7.3,7.13,7.19,239699.0,3723304.0,52320000.0,0.004581402905198777
2012-10-19,7.26,7.33,7.15,7.23,336150.0,5238710.0,52320000.0,0.0064248853211009175
2012-10-22,7.22,7.38,7.15,7.37,1124477.0,17729148.0,52320000.0,0.02149229740061162
2012-10-23,7.37,7.37,7.17,7.17,595070.0,9277159.0,52320000.0,0.011373662079510703
2012-10-24,7.16,7.29,7.12,7.17,376765.0,5842139.0,52320000.0,0.007201165902140673
2012-10-25,7.13,7.19,6.99,7.01,464455.0,7089241.0,52320000.0,0.008877198012232416
2012-10-26,7.0,7.03,6.78,6.89,348543.0,5178511.0,52320000.0,0.006661754587155963
2012-10-29,6.89,6.92,6.83,6.87,152327.0,2254885.0,52320000.0,0.00291144877675841
2012-10-30,6.86,6.93,6.86,6.87,92400.0,1370869.0,52320000.0,0.0017660550458715597
2012-10-31,6.9,6.91,6.83,6.89,76875.0,1136987.0,52320000.0,0.001469323394495413
2012-11-01,6.84,7.0,6.84,7.0,186505.0,2795521.0,52320000.0,0.003564698012232416
2012-11-02,6.92,7.06,6.92,7.0,138699.0,2085861.0,52320000.0,0.002650974770642202
2012-11-05,7.04,7.04,6.94,6.96,203950.0,3063184.0,52320000.0,0.003898126911314985
2012-11-06,6.87,7.16,6.81,7.11,757480.0,11455520.0,52320000.0,0.01447782874617737
2012-11-07,7.18,7.27,7.08,7.12,631971.0,9752133.0,52320000.0,0.01207895642201835
2012-11-08,7.04,7.04,6.82,6.85,340033.0,5063933.0,52320000.0,0.006499101681957186
2012-11-09,6.85,6.91,6.78,6.84,134201.0,1975280.0,52320000.0,0.0025650038226299695
2012-11-12,6.83,6.93,6.83,6.89,226409.0,3354215.0,52320000.0,0.004327389143730887
2012-11-13,6.92,6.92,6.75,6.75,192786.0,2834628.0,52320000.0,0.0036847477064220185
2012-11-14,6.76,6.84,6.68,6.79,129701.0,1891631.0,52320000.0,0.002478994648318043
2012-11-15,6.73,6.85,6.72,6.72,67500.0,986818.0,52320000.0,0.0012901376146788992
2012-11-16,6.75,6.77,6.53,6.67,184872.0,2640233.0,52320000.0,0.00353348623853211
2012-11-19,6.55,6.66,6.51,6.61,112001.0,1587837.0,52320000.0,0.002140691896024465
2012-11-20,6.67,6.67,6.45,6.45,178796.0,2506970.0,52320000.0,0.003417354740061162
2012-11-21,6.4,6.53,6.27,6.41,208163.0,2852285.0,52320000.0,0.003978650611620795
2012-11-22,6.41,6.45,6.27,6.44,200120.0,2761375.0,52320000.0,0.0038249235474006114
2012-11-23,6.46,6.57,6.41,6.49,91344.0,1275393.0,52320000.0,0.0017458715596330276
2012-11-26,6.51,6.63,6.41,6.53,89206.0,1250770.0,52320000.0,0.001705007645259939
2012-11-27,6.52,6.52,6.17,6.2,232705.0,3151209.0,52320000.0,0.004447725535168196
2012-11-28,6.2,6.3,6.11,6.12,101621.0,1351107.0,52320000.0,0.0019422974006116209
2012-11-29,6.22,6.22,5.68,5.99,96600.0,1261115.0,52320000.0,0.0018463302752293577
2012-11-30,6.06,6.12,5.89,5.97,135193.0,1745032.0,52320000.0,0.0025839640672782873
2012-12-03,6.08,6.2,5.58,5.71,161581.0,2007244.0,52320000.0,0.003088321865443425
2012-12-04,5.79,5.79,5.4,5.74,185010.0,2230209.0,52320000.0,0.003536123853211009
2012-12-05,5.74,6.01,5.73,5.96,212150.0,2704224.0,52320000.0,0.004054854740061162
2012-12-06,5.97,5.99,5.89,5.94,112302.0,1438676.0,52320000.0,0.0021464449541284403
2012-12-07,5.95,6.12,5.95,6.12,164481.0,2141297.0,52320000.0,0.00314375
2012-12-10,6.21,6.25,6.08,6.24,178793.0,2384074.0,52320000.0,0.003417297400611621
2012-12-11,6.14,6.25,6.13,6.17,127470.0,1695975.0,52320000.0,0.002436353211009174
2012-12-12,6.2,6.21,6.08,6.16,96543.0,1275592.0,52320000.0,0.0018452408256880734
2012-12-13,6.16,6.16,5.99,6.03,175871.0,2290231.0,52320000.0,0.0033614487767584097
2012-12-14,6.15,6.43,6.0,6.27,491415.0,6627358.0,52320000.0,0.009392488532110091
2012-12-17,6.29,6.36,6.21,6.22,461563.0,6210731.0,52320000.0,0.008821922782874617
2012-12-18,6.21,6.34,6.21,6.26,587561.0,7926688.0,52320000.0,0.011230141437308869
2012-12-19,6.3,6.3,6.22,6.27,261595.0,3525455.0,52320000.0,0.004999904434250764
2012-12-20,6.29,6.34,6.13,6.17,313266.0,4173445.0,52320000.0,0.0059875
2012-12-21,6.16,6.25,6.14,6.17,258619.0,3448435.0,52320000.0,0.00494302370030581
2012-12-24,6.08,6.21,6.08,6.17,182286.0,2421518.0,52320000.0,0.003484059633027523
2012-12-25,6.13,6.36,6.13,6.29,711102.0,9627488.0,52320000.0,0.013591399082568806
2012-12-26,6.24,6.54,6.23,6.5,839952.0,11626844.0,52320000.0,0.016054128440366973
2012-12-27,6.52,6.56,6.36,6.4,515688.0,7148589.0,52320000.0,0.009856422018348623
2012-12-28,6.37,6.48,6.34,6.47,332294.0,4599019.0,52320000.0,0.00635118501529052
2012-12-31,6.47,6.55,6.42,6.5,366481.0,5104045.0,52319850.0,0.007004626351184111
2013-01-04,6.58,6.58,6.36,6.47,327171.0,4542535.0,52319850.0,0.0062532862766234995
2013-01-07,6.41,6.8,6.41,6.74,1115648.0,15927669.0,52319850.0,0.0213236085348104
2013-01-08,6.74,7.4,6.65,7.35,2348223.0,35885392.0,52319850.0,0.04488206674904458
2013-01-09,7.2,7.28,7.08,7.13,1470474.0,22753670.0,52319850.0,0.02810547048586722
2013-01-10,7.13,7.33,7.13,7.31,1289848.0,20141640.0,52319850.0,0.024653128783817233
2013-01-11,7.33,7.37,7.05,7.09,850232.0,13219225.0,52319850.0,0.016250658210984932
2013-01-14,7.06,7.29,6.97,7.23,1094310.0,16887582.0,52319850.0,0.020915770974114033
2013-01-15,7.25,7.34,7.18,7.29,1142796.0,17860550.0,52319850.0,0.021842493814489147
2013-01-16,7.28,7.28,7.07,7.18,839971.0,12943538.0,52319850.0,0.01605453761813155
2013-01-17,7.13,7.51,7.13,7.5,1804577.0,28603386.0,52319850.0,0.0344912494970838
2013-01-18,7.51,7.57,7.38,7.46,1143681.0,18369568.0,52319850.0,0.021859409000599198
2013-01-21,7.39,7.56,7.34,7.39,556222.0,8869769.0,52319850.0,0.01063118491356531
2013-01-22,7.39,7.45,7.17,7.19,607623.0,9574138.0,52319850.0,0.011613622745478055
2013-01-23,7.11,7.32,6.99,7.18,402298.0,6165515.0,52319850.0,0.007689204001922788
2013-01-24,7.13,7.24,6.85,6.87,711569.0,10827060.0,52319850.0,0.013600363915416424
2013-01-25,6.92,7.14,6.83,7.12,352625.0,5294723.0,52319850.0,0.006739793787635094
2013-01-28,7.13,7.33,7.13,7.27,636465.0,9970373.0,52319850.0,0.01216488579382395
2013-01-29,7.25,7.28,7.12,7.24,453810.0,7030287.0,52319850.0,0.00867376339955103
2013-01-30,7.22,7.25,7.14,7.2,287813.0,4455670.0,52319850.0,0.00550102876823997
2013-01-31,7.2,7.23,7.1,7.16,307046.0,4727037.0,52319850.0,0.005868633033160454
2013-02-01,7.16,7.2,7.01,7.16,387974.0,5954633.0,52319850.0,0.007415426458600321
2013-02-04,7.2,7.21,7.0,7.06,298155.0,4546440.0,52319850.0,0.005698697530669526
2013-02-05,7.05,7.13,6.98,7.13,220198.0,3357789.0,52319850.0,0.00420868943622736
2013-02-06,7.1,7.2,7.06,7.2,288487.0,4439301.0,52319850.0,0.005513911068170112
2013-02-07,7.16,7.22,7.08,7.13,256132.0,3946507.0,52319850.0,0.0048955033319094
2013-02-08,7.19,7.28,7.11,7.28,430188.0,6703041.0,52319850.0,0.008222271279447475
2013-02-18,7.28,7.39,7.24,7.33,670511.0,10575698.0,52319850.0,0.01281561395913788
2013-02-19,7.38,7.39,7.21,7.24,410204.0,6441465.0,52319850.0,0.007840312997839253
2013-02-20,7.19,7.36,7.18,7.36,464222.0,7278243.0,52319850.0,0.008872770086305675
2013-02-21,7.31,7.31,7.2,7.24,442351.0,6904766.0,52319850.0,0.008454745187533986
2013-02-22,7.24,7.31,7.21,7.24,287685.0,4495791.0,52319850.0,0.005498582278045522
2013-02-25,7.06,7.28,7.06,7.17,379752.0,5874747.0,52319850.0,0.007258277690016313
2013-02-26,7.14,7.19,7.06,7.07,270326.0,4156036.0,52319850.0,0.005166796158628131
2013-02-27,7.24,7.24,7.02,7.06,384410.0,5872510.0,52319850.0,0.007347306997248654
2013-02-28,7.06,7.19,7.04,7.13,332359.0,5102798.0,52319850.0,0.006352445582317227
2013-03-01,7.17,7.37,7.17,7.35,616154.0,9651001.0,52319850.0,0.011776677494297097
2013-03-04,7.35,7.43,7.15,7.16,614896.0,9660204.0,52319850.0,0.011752633082854786
2013-03-05,7.24,7.52,7.23,7.51,1370448.0,21964410.0,52319850.0,0.026193653078133827
2013-03-06,7.52,7.57,7.4,7.52,1173289.0,18929220.0,52319850.0,0.022425312763702496
2013-03-07,7.54,7.56,7.31,7.36,831700.0,13293649.0,52319850.0,0.01589645230251998
2013-03-08,7.38,7.42,7.22,7.26,461441.0,7249479.0,52319850.0,0.00881961626419036
2013-03-11,7.33,7.46,7.26,7.3,329051.0,5218219.0,52319850.0,0.006289219101354457
2013-03-12,7.31,7.4,6.97,7.01,542920.0,8359065.0,52319850.0,0.010376941065389141
2013-03-13,7.06,7.06,6.81,6.92,261203.0,3872547.0,52319850.0,0.004992426392659765
2013-03-14,6.86,6.96,6.85,6.88,152806.0,2268710.0,52319850.0,0.0029206123488503886
2013-03-15,6.92,6.94,6.68,6.8,457539.0,6733050.0,52319850.0,0.008745036539668979
2013-03-18,6.75,6.79,6.68,6.73,274513.0,3976921.0,52319850.0,0.005246823146473088
2013-03-19,6.75,6.81,6.7,6.78,208901.0,3036505.0,52319850.0,0.0039927675633626624
2013-03-20,6.92,6.98,6.79,6.98,325148.0,4831839.0,52319850.0,0.006214620263628431
2013-03-21,6.96,7.0,6.87,6.95,336477.0,5027459.0,52319850.0,0.00643115375904174
2013-03-22,6.9,6.98,6.87,6.92,255354.0,3791959.0,52319850.0,0.004880633258696269
2013-03-25,6.87,6.98,6.87,6.92,262524.0,3922440.0,52319850.0,0.005017674935994656
2013-03-26,6.87,7.0,6.84,6.93,313690.0,4663057.0,52319850.0,0.00599562116481603
2013-03-27,6.73,7.01,6.73,6.93,186110.0,2784147.0,52319850.0,0.0035571585163183764
2013-03-28,6.9,7.43,6.56,7.43,554107.0,8254817.0,52319850.0,0.010590760485742983
2013-03-29,7.43,7.43,6.97,7.16,1179919.0,18410304.0,52319850.0,0.022552033310493054
2013-04-01,7.08,7.18,6.95,7.01,357994.0,5407312.0,52319850.0,0.006842412583369409
2013-04-02,7.03,7.03,6.87,6.87,231044.0,3456856.0,52319850.0,0.004415991253797555
2013-04-03,6.65,6.94,6.65,6.66,272200.0,3938490.0,52319850.0,0.005202614304131224
2013-04-08,6.55,6.61,6.5,6.56,317924.0,4481277.0,52319850.0,0.006076546473279262
2013-04-09,6.62,6.68,6.54,6.63,246801.0,3503973.0,52319850.0,0.004717158019375055
2013-04-10,6.63,6.66,6.52,6.59,176971.0,2509505.0,52319850.0,0.0033824829390757044
2013-04-11,6.59,6.66,6.42,6.43,341700.0,4803940.0,52319850.0,0.006530982026898013
2013-04-12,6.56,6.56,6.35,6.36,233353.0,3218578.0,52319850.0,0.004460123643320843
2013-04-15,6.32,6.4,6.21,6.38,192546.0,2613370.0,52319850.0,0.0036801711014079743
2013-04-16,6.27,6.37,6.23,6.35,206864.0,2813529.0,52319850.0,0.003953833965502577
2013-04-17,6.32,6.34,6.23,6.34,225790.0,3062601.0,52319850.0,0.004315570476597314
2013-04-18,6.21,6.37,6.21,6.37,206738.0,2805162.0,52319850.0,0.003951425701717417
2013-04-19,6.35,6.57,6.35,6.53,238116.0,3323103.0,52319850.0,0.004551159837040817
2013-04-22,6.41,6.57,6.41,6.47,235489.0,3279499.0,52319850.0,0.004500949448440697
2013-04-23,6.47,6.48,6.34,6.36,220945.0,3043806.0,52319850.0,0.004222967000096522
2013-04-24,6.36,6.65,6.35,6.59,410661.0,5771177.0,52319850.0,0.007849047732361617
2013-04-25,6.54,6.59,6.32,6.34,434355.0,6054740.0,52319850.0,0.008301916003199551
2013-04-26,6.32,6.37,6.22,6.29,183417.0,2489617.0,52319850.0,0.003505686656211744
2013-05-02,6.29,6.34,6.15,6.33,213016.0,2854681.0,52319850.0,0.004071418400473243
2013-05-03,6.31,6.91,6.31,6.88,1079254.0,15327652.0,52319850.0,0.020628002564992063
2013-05-06,6.85,7.2,6.69,7.08,2298278.0,34167984.0,52319850.0,0.04392745774309368
2013-05-07,6.99,7.0,6.77,6.88,746696.0,11068680.0,52319850.0,0.014271753454950655
2013-05-08,6.79,6.88,6.72,6.82,583772.0,8534782.0,52319850.0,0.011157753701510995
2013-05-09,6.85,6.88,6.61,6.7,629215.0,9042845.0,52319850.0,0.012026315060154034
2013-05-10,6.7,6.8,6.63,6.75,482228.0,6929964.0,52319850.0,0.009216922449127817
2013-05-13,6.69,6.79,6.69,6.75,344388.0,4957718.0,52319850.0,0.0065823583209814246
2013-05-14,6.71,6.75,6.63,6.66,299763.0,4273465.0,52319850.0,0.005729431563737282
2013-05-15,6.72,7.12,6.72,7.05,1449148.0,21669226.0,52319850.0,0.027697862283626577
2013-05-16,7.03,7.05,6.88,6.92,1038859.0,15433637.0,52319850.0,0.019855924663392574
2013-05-17,7.0,7.14,6.93,7.06,874866.0,13195748.0,52319850.0,0.016721492894188342
2013-05-20,7.03,7.22,7.0,7.2,936601.0,14197622.0,52319850.0,0.017901446582893492
2013-05-21,7.2,7.25,7.07,7.17,519549.0,7897458.0,52319850.0,0.00993024635965126
2013-05-22,7.12,7.12,6.98,6.99,786075.0,11799493.0,52319850.0,0.015024412340631711
2013-05-23,6.99,7.14,6.93,7.04,554092.0,8338209.0,52319850.0,0.01059047378767332
2013-05-24,6.97,7.14,6.97,7.11,485988.0,7322914.0,52319850.0,0.009288788098589733
2013-05-27,7.05,7.18,7.04,7.14,615983.0,9361832.0,82529850.0,0.007463760081958225
2013-05-28,7.11,7.18,7.01,7.05,680864.0,10273911.0,82529850.0,0.008249912001536413
2013-05-29,7.05,7.41,7.02,7.33,1206073.0,18524776.0,82529850.0,0.014613779135670305
2013-05-30,7.32,7.64,7.23,7.49,2103658.0,33662844.0,82529850.0,0.02548966222524335
2013-05-31,7.54,7.77,7.36,7.44,1207931.0,19439120.0,82529850.0,0.014636292202154736
2013-06-03,7.73,7.73,7.41,7.5,733023.0,11764849.0,82529850.0,0.008881913634884832
2013-06-04,7.59,7.61,7.27,7.29,830515.0,13146790.0,82529850.0,0.010063207433431661
2013-06-05,7.36,7.39,7.22,7.29,500381.0,7783413.0,82529850.0,0.006063030527742387
2013-06-06,7.34,7.56,7.29,7.36,1034450.0,16458697.0,82529850.0,0.01253425275824444
2013-06-07,7.35,7.72,7.13,7.59,1778618.0,28458798.0,82529850.0,0.021551208441551752
2013-06-13,7.49,8.14,7.35,7.93,4288269.0,71722344.0,82529850.0,0.05196021803020362
2013-06-14,8.09,8.09,7.75,7.88,2460160.0,41354480.0,82529850.0,0.029809335652494218
2013-06-17,7.88,8.09,7.69,7.87,1791459.0,30114114.0,82529850.0,0.021706800630317394
2013-06-18,7.88,8.19,7.64,8.18,2571653.0,43580292.0,82529850.0,0.031160277160324417
2013-06-19,8.04,8.25,7.95,8.03,1566270.0,26958880.0,82529850.0,0.01897822424250135
2013-06-20,8.0,8.0,7.53,7.7,1214677.0,20074152.0,82529850.0,0.014718032324062142
2013-06-21,7.64,7.7,7.32,7.6,849545.0,13744831.0,82529850.0,0.010293790670890594
2013-06-24,7.62,7.62,6.86,7.11,1141569.0,17541654.0,82529850.0,0.013832195260260378
2013-06-25,7.05,7.13,6.4,6.94,858446.0,12402643.0,82529850.0,0.01040164255720809
2013-06-26,6.98,7.11,6.75,7.09,622151.0,9248367.0,82529850.0,0.007538496677262833
2013-06-27,7.09,7.34,6.94,6.95,886222.0,13547269.0,82529850.0,0.010738199572639476
2013-06-28,6.95,7.09,6.66,6.94,605181.0,8897508.0,82529850.0,0.007332874105550901
2013-07-01,6.98,7.13,6.75,7.07,483671.0,7121585.0,82530000.0,0.005860547679631649
2013-07-02,7.03,7.17,6.99,7.1,473280.0,7157342.0,82530000.0,0.005734641948382406
2013-07-03,7.1,7.1,6.8,6.98,606590.0,8961633.0,82530000.0,0.007349933357566945
2013-07-04,6.87,7.13,6.81,7.03,784329.0,11632695.0,82530000.0,0.009503562340966921
2013-07-05,6.96,7.12,6.8,6.92,509107.0,7533471.0,82530000.0,0.006168750757300376
2013-07-08,6.81,6.81,6.43,6.54,1223755.0,17039382.0,82530000.0,0.014828001938688962
2013-07-09,6.47,6.64,6.39,6.51,558292.0,7706721.0,82530000.0,0.006764715860899067
2013-07-10,6.5,6.75,6.33,6.68,597987.0,8346944.0,82530000.0,0.007245692475463468
2013-07-11,6.65,6.98,6.57,6.75,1134847.0,16486054.0,82530000.0,0.013750720949957591
2013-07-12,6.75,6.92,6.58,6.66,655928.0,9395318.0,82530000.0,0.007947752332485156
2013-07-15,6.71,6.85,6.61,6.8,639637.0,9199789.0,82530000.0,0.007750357445777293
2013-07-16,6.76,6.86,6.67,6.82,568820.0,8224262.0,82530000.0,0.006892281594571671
2013-07-17,6.82,6.84,6.63,6.67,500502.0,7169764.0,82530000.0,0.006064485641584879
2013-07-18,6.59,6.69,6.58,6.6,338234.0,4778819.0,82530000.0,0.004098315763964619
2013-07-19,6.58,6.66,6.42,6.44,495364.0,6917650.0,82530000.0,0.0060022294923058285
2013-07-22,6.54,6.63,6.38,6.53,336554.0,4663380.0,82530000.0,0.004077959529867927
2013-07-23,6.6,6.76,6.38,6.71,609679.0,8637618.0,82530000.0,0.007387362171331637
2013-07-24,6.75,6.75,6.59,6.7,597876.0,8485097.0,82530000.0,0.007244347509996365
2013-07-25,6.7,6.7,6.57,6.6,465757.0,6586683.0,82530000.0,0.0056434872167696595
2013-07-26,6.54,6.68,6.5,6.67,314826.0,4443263.0,82530000.0,0.0038146855688840423
2013-07-29,6.72,6.72,6.45,6.58,446456.0,6234402.0,82530000.0,0.005409620743971889
2013-07-30,6.51,6.6,6.47,6.58,246676.0,3434697.0,82530000.0,0.002988925239306919
2013-07-31,6.52,6.63,6.48,6.55,342403.0,4774402.0,82530000.0,0.004148830728220042
2013-08-01,6.55,6.7,6.49,6.7,557150.0,7882341.0,82530000.0,0.00675087846843572
2013-08-02,6.73,7.08,6.66,6.88,1310485.0,19216842.0,82530000.0,0.015878892523930693
2013-08-05,7.17,7.32,6.89,7.18,1586579.0,24146340.0,82530000.0,0.019224269962437902
2013-08-06,7.2,7.2,7.03,7.12,892664.0,13550066.0,82530000.0,0.010816236520053315
2013-08-07,7.12,7.13,7.03,7.06,551550.0,8307057.0,82530000.0,0.00668302435478008
2013-08-08,7.08,7.34,7.03,7.27,1168975.0,17944492.0,82530000.0,0.01416424330546468
2013-08-09,7.25,7.45,7.03,7.24,1319985.0,20373334.0,82530000.0,0.01599400218102508
2013-08-12,7.2,7.31,7.09,7.21,522139.0,7975718.0,82530000.0,0.006326656973221859
2013-08-13,7.18,7.29,7.11,7.29,653014.0,10050681.0,82530000.0,0.007912443959772204
2013-08-14,7.29,7.32,7.13,7.21,454441.0,6995983.0,82530000.0,0.0055063734399612265
2013-08-15,7.13,7.21,7.04,7.17,605562.0,9195652.0,82530000.0,0.007337477280988732
2013-08-16,7.16,7.17,7.04,7.09,459235.0,6951931.0,82530000.0,0.005564461407972858
2013-08-19,7.04,7.15,7.03,7.15,286783.0,4343890.0,82530000.0,0.003474893977947413
2013-08-20,7.15,7.26,7.06,7.09,395977.0,6019675.0,82530000.0,0.004797976493396341
2013-08-21,7.06,7.16,7.03,7.12,388141.0,5879761.0,82530000.0,0.004703029201502484
2013-08-22,7.08,7.15,7.04,7.04,437015.0,6618311.0,82530000.0,0.005295225978432085
2013-08-23,7.11,7.41,7.08,7.31,1492197.0,23095490.0,82530000.0,0.018080661577608143
2013-08-26,7.37,7.45,7.28,7.37,1482651.0,23228824.0,82530000.0,0.017964994547437295
2013-08-27,7.31,7.41,7.27,7.39,1048369.0,16413327.0,82530000.0,0.012702883799830365
2013-08-28,7.34,7.44,7.27,7.27,670112.0,10486359.0,82530000.0,0.008119617108930086
2013-08-29,7.22,7.3,6.96,7.03,859360.0,12982231.0,82530000.0,0.010412698412698413
2013-08-30,7.03,7.06,6.8,6.85,577915.0,8534648.0,82530000.0,0.007002483945232037
2013-09-02,6.85,7.02,6.69,7.02,688785.0,10058528.0,82530000.0,0.008345874227553616
2013-09-03,7.22,7.22,7.09,7.16,1202825.0,18373424.0,82530000.0,0.014574397188901005
2013-09-04,7.11,7.16,7.03,7.07,654008.0,9841151.0,82530000.0,0.00792448806494608
2013-09-05,7.03,7.09,7.0,7.08,337155.0,5067854.0,82530000.0,0.004085241730279898
2013-09-06,7.08,7.08,6.95,6.95,511672.0,7627193.0,82530000.0,0.006199830364715861
2013-09-09,6.95,7.07,6.9,7.03,589502.0,8769203.0,82530000.0,0.0071428813764691625
2013-09-10,7.01,7.4,6.94,7.4,1150987.0,17541148.0,82530000.0,0.013946286198957955
2013-09-11,7.39,7.5,7.16,7.33,2454014.0,38425452.0,82530000.0,0.029734811583666546
2013-09-12,7.26,7.33,7.18,7.27,996551.0,15367551.0,82530000.0,0.012075015146007513
2013-09-13,7.2,7.34,7.15,7.22,519884.0,7998233.0,82530000.0,0.006299333575669454
2013-09-16,7.22,7.28,7.16,7.22,445160.0,6832088.0,82530000.0,0.005393917363383012
2013-09-17,7.26,7.26,6.99,7.0,397852.0,6058066.0,82530000.0,0.00482069550466497
2013-09-18,6.99,7.09,6.95,7.03,414417.0,6196366.0,82530000.0,0.005021410396219557
2013-09-23,7.08,7.11,7.02,7.09,504290.0,7605363.0,82530000.0,0.006110384102750515
2013-09-24,7.11,7.25,7.08,7.13,638308.0,9743780.0,82530000.0,0.007734254210590088
2013-09-25,7.1,7.12,6.95,7.01,519064.0,7767639.0,82530000.0,0.006289397794741306
2013-09-26,7.07,7.07,6.9,6.95,409908.0,6099269.0,82530000.0,0.004966775717920756
2013-09-27,6.95,7.02,6.84,6.94,463334.0,6815863.0,82530000.0,0.005614128195807585
2013-09-30,6.94,7.03,6.94,6.96,263543.0,3921973.0,82530000.0,0.0031932994062765056
2013-10-08,6.96,7.0,6.86,6.98,402827.0,5976639.0,82530000.0,0.004880976614564401
2013-10-09,6.96,7.06,6.92,7.06,441390.0,6594407.0,82530000.0,0.005348237004725555
2013-10-10,7.08,7.11,6.93,6.94,460770.0,6870903.0,82530000.0,0.00558306070519811
2013-10-11,6.95,7.08,6.95,7.08,459028.0,6897696.0,82530000.0,0.0055619532291288016
2013-10-14,7.12,7.49,7.05,7.49,1742501.0,26914012.0,82530000.0,0.021113546589119108
2013-10-15,7.42,7.79,7.3,7.59,3452828.0,55206400.0,82530000.0,0.04183724706167454
2013-10-16,7.48,7.48,7.16,7.24,1375713.0,21437486.0,82530000.0,0.016669247546346782
2013-10-17,7.22,7.43,7.21,7.3,703201.0,10987233.0,82530000.0,0.00852055010299285
2013-10-18,7.31,7.43,7.26,7.32,541168.0,8496357.0,82530000.0,0.006557227674784926
2013-10-21,7.32,7.48,7.23,7.43,988475.0,15667101.0,82530000.0,0.011977159820671272
2013-10-22,7.43,7.48,7.32,7.4,904058.0,14286830.0,82530000.0,0.010954295407730522
2013-10-23,7.39,7.43,7.09,7.16,971827.0,15027573.0,82530000.0,0.01177543923421786
2013-10-24,7.16,7.24,7.11,7.18,402928.0,6172119.0,82530000.0,0.004882200411971405
2013-10-25,7.26,7.26,6.95,7.0,664478.0,10027121.0,82530000.0,0.008051351023870107
2013-10-28,7.01,7.02,6.96,7.0,234226.0,3491381.0,82530000.0,0.0028380710044832182
2013-10-29,7.04,7.17,6.57,6.72,649709.0,9486369.0,82530000.0,0.007872397915909365
2013-10-30,6.66,6.89,6.58,6.85,325612.0,4704456.0,82530000.0,0.00394537743850721
2013-10-31,6.85,6.87,6.71,6.84,234460.0,3387869.0,82530000.0,0.002840906337089543
2013-11-01,6.78,6.83,6.71,6.83,304327.0,4395700.0,82530000.0,0.0036874712225857262
2013-11-04,6.84,6.91,6.8,6.87,321458.0,4703382.0,82530000.0,0.0038950442263419364
2013-11-05,6.9,6.96,6.78,6.92,202243.0,2964574.0,82530000.0,0.0024505391978674423
2013-11-06,6.89,6.99,6.86,6.88,249702.0,3689212.0,82530000.0,0.0030255906942929845
2013-11-07,6.88,6.91,6.71,6.77,333664.0,4829888.0,82530000.0,0.004042941960499213
2013-11-08,6.77,6.77,6.58,6.67,240972.0,3434336.0,82530000.0,0.002919810977826245
2013-11-11,6.62,6.81,6.62,6.78,189407.0,2715164.0,82530000.0,0.0022950078759239063
2013-11-12,6.73,6.83,6.73,6.83,218323.0,3161068.0,82530000.0,0.0026453774385072097
2013-11-13,6.84,6.87,6.73,6.75,185850.0,2685375.0,82530000.0,0.002251908396946565
2013-11-14,6.76,6.87,6.73,6.87,309092.0,4497846.0,82530000.0,0.0037452078032230705
2013-11-15,6.9,7.03,6.85,6.96,680420.0,10086936.0,82530000.0,0.008244517145280504
2013-11-18,6.99,7.03,6.92,7.01,729354.0,10877683.0,82530000.0,0.008837440930570702
2013-11-19,7.01,7.15,6.96,7.04,599816.0,9009480.0,82530000.0,0.00726785411365564
2013-11-20,7.07,7.11,6.99,7.06,446739.0,6705856.0,82530000.0,0.0054130498000727004
2013-11-21,7.08,7.08,6.95,6.98,336672.0,5015727.0,82530000.0,0.004079389312977099
2013-11-22,6.96,7.25,6.96,7.21,994663.0,15152780.0,82530000.0,0.012052138616260753
2013-11-25,7.17,7.32,7.15,7.27,1194882.0,18480842.0,82530000.0,0.014478153398764087
2013-11-26,7.22,7.3,7.18,7.21,583022.0,8975172.0,82530000.0,0.0070643644735247785
2013-11-27,7.22,7.41,7.15,7.32,1327021.0,20682958.0,82530000.0,0.01607925602811099
2013-11-28,7.32,7.34,7.2,7.31,1131942.0,17548006.0,82530000.0,0.013715521628498728
2013-11-29,7.32,7.4,7.25,7.38,1327919.0,20731766.0,82530000.0,0.01609013691990791
2013-12-02,7.25,7.25,6.73,6.82,1317726.0,19648736.0,82530000.0,0.015966630316248637
2013-12-03,6.8,7.0,6.76,6.96,603138.0,8912048.0,82530000.0,0.007308106143220647
2013-12-04,7.05,7.25,6.81,7.1,873841.0,13260714.0,82530000.0,0.010588161880528293
2013-12-05,7.1,7.16,7.03,7.08,855586.0,12902021.0,82530000.0,0.010366969586816915
2013-12-06,7.05,7.29,7.04,7.29,960739.0,14721634.0,82530000.0,0.011641088089179692
2013-12-09,7.41,7.56,7.32,7.48,2378181.0,37860284.0,82530000.0,0.028815957833515086
2013-12-10,7.49,7.74,7.36,7.37,2673366.0,43034060.0,82530000.0,0.03239265721555798
2013-12-11,7.38,7.73,7.33,7.6,3219238.0,51953012.0,82530000.0,0.03900688234581364
2013-12-12,7.56,7.61,7.41,7.55,1825420.0,29293572.0,82530000.0,0.022118260026656972
2013-12-13,7.5,7.88,7.45,7.72,3207844.0,52871308.0,82530000.0,0.038868823458136435
2013-12-16,7.71,7.81,7.51,7.57,2049515.0,33254022.0,82530000.0,0.02483357566945353
2013-12-17,7.53,7.62,7.43,7.45,1410885.0,22568348.0,82530000.0,0.017095419847328243
2013-12-18,7.41,7.56,7.41,7.48,781363.0,12494888.0,82530000.0,0.009467623894341451
2013-12-19,7.5,7.64,7.42,7.47,878859.0,14044308.0,82530000.0,0.01064896401308615
2013-12-20,7.48,7.51,7.28,7.32,906625.0,14244513.0,82530000.0,0.010985399248758028
2013-12-23,7.28,7.52,7.27,7.46,842829.0,13343841.0,82530000.0,0.010212395492548165
2013-12-24,7.49,7.56,7.41,7.53,800598.0,12806542.0,82530000.0,0.009700690657942566
2013-12-25,7.56,7.68,7.51,7.65,1249492.0,20253914.0,82530000.0,0.015139852174966679
2013-12-26,7.69,7.75,7.58,7.59,1173036.0,19174356.0,82530000.0,0.014213449654671029
2013-12-27,7.6,7.76,7.57,7.74,1284734.0,21082026.0,82530000.0,0.015566872652368835
2013-12-30,7.81,7.87,7.63,7.69,1272147.0,20955720.0,82530000.0,0.015414358415121773
2013-12-31,7.59,7.69,7.55,7.61,1121769.0,18227074.0,82530000.0,0.013592257360959651
2014-01-02,7.59,7.74,7.58,7.71,647189.0,10604670.0,82530000.0,0.007841863564764328
2014-01-03,7.66,7.72,7.58,7.62,749052.0,12174030.0,82530000.0,0.009076117775354416
2014-01-06,7.62,7.62,7.28,7.35,1170309.0,18473312.0,82530000.0,0.014180407124681934
2014-01-07,7.26,7.41,7.26,7.34,612811.0,9572952.0,82530000.0,0.007425312007754756
2014-01-08,7.4,7.41,7.22,7.27,901520.0,14013718.0,82530000.0,0.010923542954077305
2014-01-09,7.27,7.36,7.08,7.11,651866.0,10094808.0,82530000.0,0.007898533866472797
2014-01-10,7.14,7.17,7.08,7.15,438689.0,6665300.0,82530000.0,0.005315509511692718
2014-01-13,7.16,7.3,7.12,7.3,454152.0,6998599.0,82530000.0,0.005502871683024354
2014-01-14,7.3,7.34,7.24,7.33,465710.0,7246229.0,82530000.0,0.005642917726887193
2014-01-15,7.36,7.36,7.25,7.3,457492.0,7094998.0,82530000.0,0.00554334181509754
2014-01-16,7.27,7.35,7.26,7.3,445857.0,6946288.0,82530000.0,0.005402362777171938
2014-01-17,7.35,7.35,7.09,7.09,662799.0,10106613.0,82530000.0,0.008031006906579426
2014-01-20,7.09,7.14,6.96,7.03,647796.0,9759070.0,82530000.0,0.007849218466012359
2014-01-21,6.99,7.16,6.96,7.15,380644.0,5748695.0,82530000.0,0.004612189506845996
2014-01-22,7.16,7.27,7.09,7.26,802620.0,12319460.0,82530000.0,0.009725190839694656
2014-01-23,7.26,7.47,7.2,7.42,1209236.0,18958300.0,82530000.0,0.014652078032230703
2014-01-24,7.41,7.58,7.37,7.53,1222216.0,19510970.0,82530000.0,0.01480935417423967
2014-01-27,7.55,7.64,7.41,7.59,1452198.0,23417108.0,82530000.0,0.01759600145401672
2014-01-28,7.59,7.73,7.54,7.57,1282546.0,20855218.0,82530000.0,0.015540361080819095
2014-01-29,7.57,7.7,7.5,7.6,966058.0,15697999.0,82530000.0,0.011705537380346541
2014-01-30,7.62,7.68,7.5,7.56,597860.0,9691305.0,82530000.0,0.007244153641100206
2014-02-07,7.56,7.64,7.45,7.6,941227.0,15156769.0,82530000.0,0.011404664970313826
2014-02-10,7.6,7.89,7.6,7.84,1737076.0,28901416.0,82530000.0,0.021047812916515207
2014-02-11,7.88,7.88,7.76,7.78,1489208.0,24809526.0,82530000.0,0.018044444444444443
2014-02-12,7.82,8.12,7.77,8.02,1692901.0,28815458.0,82530000.0,0.020512553011026294
2014-02-13,7.97,8.0,7.73,7.73,1435803.0,24101684.0,82530000.0,0.017397346419483824
2014-02-14,7.71,7.94,7.71,7.94,1401766.0,23434922.0,82530000.0,0.01698492669332364
2014-02-17,7.96,8.11,7.95,8.09,1687671.0,28916800.0,82530000.0,0.02044918211559433
2014-02-18,8.09,8.89,8.02,8.89,4980663.0,91678064.0,82530000.0,0.060349727371864774
2014-02-19,9.0,9.15,8.75,8.89,5069187.0,96725728.0,82530000.0,0.061422355507088335
2014-02-20,8.9,9.0,8.52,8.68,2368575.0,43945020.0,82530000.0,0.028699563794983642
2014-02-21,8.72,8.89,8.63,8.73,1583297.0,29511042.0,82530000.0,0.019184502605113292
2014-02-24,8.82,9.0,8.7,8.95,2177673.0,41354924.0,82530000.0,0.026386441294074883
2014-02-25,8.91,9.05,8.28,8.37,2740675.0,50636128.0,82530000.0,0.033208227311280744
2014-02-26,8.35,8.54,8.17,8.31,1471023.0,26123814.0,82530000.0,0.01782410032715376
2014-02-27,8.32,8.55,8.21,8.21,1233461.0,22148402.0,82530000.0,0.014945607657821398
2014-02-28,8.21,8.53,7.97,8.28,1041920.0,18223116.0,82530000.0,0.012624742517872288
2014-03-03,8.32,8.65,8.21,8.63,1463115.0,26594164.0,82530000.0,0.01772828062522719
2014-03-04,8.63,8.8,8.49,8.72,1447097.0,26695596.0,82530000.0,0.01753419362656004
2014-03-05,8.72,8.81,8.54,8.63,1021706.0,18875482.0,82530000.0,0.012379813401187448
2014-03-06,8.63,8.63,8.34,8.39,872306.0,15691619.0,82530000.0,0.01056956258330304
2014-03-07,8.39,8.51,8.21,8.39,700908.0,12478317.0,82530000.0,0.008492766266812068
2014-03-10,8.28,8.39,8.04,8.06,689134.0,11997055.0,82530000.0,0.008350102992851084
2014-03-11,8.05,8.17,7.99,8.11,546504.0,9434666.0,82530000.0,0.006621882951653944
2014-03-12,8.11,8.14,7.71,7.83,888544.0,14971007.0,82530000.0,0.010766315279292378
2014-03-13,7.88,8.02,7.81,7.95,538798.0,9114084.0,82530000.0,0.006528510844541379
2014-03-14,7.95,8.16,7.83,8.02,537450.0,9181953.0,82530000.0,0.006512177390039986
2014-03-17,8.16,8.3,8.0,8.22,681298.0,11955647.0,82530000.0,0.008255155700957228
2014-03-18,8.16,8.35,8.16,8.2,637738.0,11212922.0,82530000.0,0.007727347631164425
2014-03-19,8.15,8.53,8.11,8.39,1521156.0,27212974.0,82530000.0,0.018431552162849873
2014-03-20,8.28,8.44,8.15,8.39,1606390.0,28339176.0,82530000.0,0.01946431600630074
2014-03-21,8.3,8.89,8.3,8.86,3031848.0,56170488.0,82530000.0,0.036736314067611776
2014-03-24,8.86,9.13,8.69,8.77,4822616.0,91646504.0,82530000.0,0.05843470253241246
2014-03-25,8.59,8.9,8.57,8.75,2180063.0,40490196.0,82530000.0,0.026415400460438627
2014-03-26,8.68,8.86,8.58,8.65,1109330.0,20470398.0,82530000.0,0.01344153641100206
2014-03-27,8.59,8.7,8.42,8.51,1243629.0,22630158.0,82530000.0,0.015068811341330425
2014-03-28,8.51,8.58,8.04,8.11,1451105.0,25452130.0,82530000.0,0.01758275778504786
2014-03-31,8.01,8.18,8.01,8.05,514266.0,8845122.0,82530000.0,0.0062312613595056346
2014-04-01,8.05,8.21,8.05,8.21,801606.0,13936173.0,82530000.0,0.009712904398400581
2014-04-02,8.21,8.33,8.16,8.21,719497.0,12673461.0,82530000.0,0.008718005573730765
2014-04-03,8.23,8.23,8.07,8.13,644328.0,11191063.0,82530000.0,0.007807197382769902
2014-04-04,8.13,8.21,8.0,8.2,456695.0,7921805.0,82530000.0,0.005533684720707622
2014-04-08,8.24,8.3,8.16,8.25,680366.0,11932108.0,82530000.0,0.008243862837755968
2014-04-09,8.28,8.36,8.21,8.28,604020.0,10662621.0,82530000.0,0.0073187931661214106
2014-04-10,8.28,8.5,8.23,8.42,1027479.0,18355774.0,82530000.0,0.012449763722282806
2014-04-11,8.39,8.58,8.39,8.55,1147579.0,20835040.0,82530000.0,0.013904992124076093
2014-04-14,8.55,8.6,8.44,8.56,789741.0,14343511.0,82530000.0,0.009569138495092694
2014-04-15,8.62,8.62,8.37,8.38,687600.0,12379415.0,82530000.0,0.008331515812431843
2014-04-16,8.39,8.4,8.29,8.39,348620.0,6214705.0,82530000.0,0.004224160911183812
2014-04-17,8.38,8.49,8.35,8.4,574665.0,10312630.0,82530000.0,0.006963104325699745
2014-04-18,8.43,8.59,8.39,8.57,679952.0,12298822.0,82530000.0,0.008238846480067855
2014-04-21,8.57,8.6,8.18,8.21,796573.0,14155609.0,82530000.0,0.009651920513752575
2014-04-22,8.2,8.25,7.83,7.89,1474481.0,24984832.0,82530000.0,0.01786600024233612
2014-04-23,7.89,8.02,7.77,7.78,612898.0,10218110.0,82530000.0,0.00742636616987762
2014-04-24,7.87,7.87,7.61,7.75,529275.0,8661558.0,82530000.0,0.00641312250090876
2014-04-25,7.77,8.13,7.75,7.77,619607.0,10330310.0,82530000.0,0.007507657821398279
2014-04-28,7.8,8.01,7.61,7.65,432002.0,7040129.0,82530000.0,0.005234484429904277
2014-04-29,7.64,7.75,7.64,7.72,245515.0,3989328.0,82530000.0,0.002974857627529383
2014-04-30,7.74,7.79,7.66,7.74,404384.0,6600709.0,82530000.0,0.004899842481521871
2014-05-05,7.76,7.89,7.63,7.89,503735.0,8295975.0,82530000.0,0.006103659275415001
2014-05-06,7.9,8.09,7.85,7.93,575824.0,9748134.0,82530000.0,0.006977147703865261
2014-05-07,7.99,7.99,7.78,7.78,254830.0,4244458.0,82530000.0,0.003087725675511935
2014-05-08,7.66,7.91,7.65,7.79,206150.0,3413177.0,82530000.0,0.002497879558948261
2014-05-09,7.86,7.86,7.72,7.75,233611.0,3836306.0,82530000.0,0.002830619168787108
2014-05-12,7.84,7.94,7.76,7.93,371003.0,6177945.0,82530000.0,0.004495371380104205
2014-05-13,7.93,8.0,7.85,7.94,308175.0,5156822.0,82530000.0,0.0037340966921119594
2014-05-14,7.97,7.98,7.88,7.91,198269.0,3331868.0,82530000.0,0.0024023870107839572
2014-05-15,7.92,7.92,7.68,7.75,316401.0,5212235.0,82530000.0,0.003833769538349691
2014-05-16,7.68,7.77,7.48,7.58,647921.0,10421403.0,82530000.0,0.007850733066763602
2014-05-19,7.57,7.72,7.5,7.67,456974.0,7314670.0,82530000.0,0.005537065309584394
2014-05-20,7.59,7.75,7.59,7.69,364909.0,5957639.0,82530000.0,0.004421531564279656
2014-05-21,7.69,7.7,7.57,7.68,477234.0,7698870.0,82530000.0,0.005782551799345692
2014-05-22,7.67,8.23,7.59,8.18,1417167.0,23768154.0,82530000.0,0.01717153762268266
2014-05-23,8.18,8.4,8.06,8.19,2836839.0,49486604.0,82530000.0,0.03437342784442021
2014-05-26,8.15,8.19,7.95,8.06,1257295.0,21388710.0,82530000.0,0.015234399612262207
2014-05-27,8.04,8.1,7.95,8.0,608668.0,10308780.0,82530000.0,0.0073751120804555915
2014-05-28,8.0,8.06,7.9,8.04,622484.0,10524707.0,82530000.0,0.007542517872288865
2014-05-29,8.04,8.04,7.91,7.92,667123.0,11219224.0,82530000.0,0.008083399975766388
2014-05-30,7.91,7.99,7.88,7.94,419591.0,7039528.0,82530000.0,0.0050841027505149645
2014-06-03,7.94,8.08,7.9,7.91,395496.0,6669477.0,82530000.0,0.004792148309705562
2014-06-04,7.91,7.97,7.66,7.73,488691.0,8037693.0,82530000.0,0.005921374045801527
2014-06-05,7.76,7.81,7.68,7.78,460498.0,7547481.0,82530000.0,0.0055797649339634076
2014-06-06,7.84,7.85,7.66,7.74,297981.0,4903817.0,82530000.0,0.003610577971646674
2014-06-09,7.74,7.89,7.71,7.77,329274.0,5413469.0,82530000.0,0.003989749182115594
2014-06-10,7.77,7.88,7.72,7.83,428411.0,7058867.0,82530000.0,0.005190972979522598
2014-06-11,7.79,7.87,7.76,7.87,286200.0,4740531.0,82530000.0,0.0034678298800436204
2014-06-12,7.87,7.91,7.83,7.89,448830.0,7474020.0,82530000.0,0.005438386041439477
2014-06-13,7.94,7.97,7.86,7.93,502391.0,8424678.0,82530000.0,0.006087374288137647
2014-06-16,7.85,7.99,7.85,7.94,431912.0,7226910.0,82530000.0,0.005233393917363383
2014-06-17,7.89,7.96,7.73,7.75,507119.0,8400330.0,82530000.0,0.006144662546952623
2014-06-18,7.78,7.83,7.71,7.74,345939.0,5663681.0,82530000.0,0.004191675754271174
2014-06-19,7.72,7.78,7.48,7.57,569646.0,9196127.0,82530000.0,0.006902290076335878
2014-06-20,7.56,7.65,7.54,7.65,235592.0,3784892.0,82530000.0,0.0028546225614927904
2014-06-23,7.64,7.73,7.61,7.69,315334.0,5116988.0,82530000.0,0.0038208409063370894
2014-06-24,7.64,7.75,7.64,7.72,223087.0,3642893.0,82530000.0,0.0027031019023385436
2014-06-25,7.7,7.77,7.68,7.72,210689.0,3438916.0,82530000.0,0.00255287774142736
2014-06-26,7.79,7.84,7.72,7.83,426251.0,7035594.0,82530000.0,0.005164800678541136
2014-06-27,7.78,7.89,7.78,7.81,330204.0,5477009.0,82530000.0,0.004001017811704834
2014-06-30,7.85,7.89,7.78,7.89,441864.0,7345960.0,82530000.0,0.005353980370774264
2014-07-01,7.87,8.03,7.85,8.0,774640.0,13049748.0,82530000.0,0.009386162607536653
2014-07-02,8.0,8.03,7.93,7.99,419113.0,7067966.0,82530000.0,0.005078310917242215
2014-07-03,7.99,8.01,7.96,7.97,410674.0,6941655.0,82530000.0,0.004976057191324367
2014-07-04,7.97,8.03,7.87,7.99,527199.0,8874056.0,82530000.0,0.006387968011632134
2014-07-07,7.97,8.2,7.92,8.11,943416.0,16122623.0,82530000.0,0.011431188658669574
2014-07-08,8.08,8.13,7.95,8.04,544978.0,9260459.0,82530000.0,0.006603392705682782
2014-07-09,8.0,8.17,7.85,7.85,608703.0,10265014.0,82530000.0,0.00737553616866594
2014-07-10,7.87,8.03,7.85,7.97,427597.0,7185406.0,82530000.0,0.00518110989943051
2014-07-11,7.98,8.12,7.94,8.07,690683.0,11758930.0,82530000.0,0.008368871925360476
2014-07-14,8.12,8.12,8.03,8.11,663975.0,11349484.0,82530000.0,0.00804525627044711
2014-07-15,8.17,8.4,8.08,8.35,2221446.0,38743576.0,82530000.0,0.0269168302435478
2014-07-16,8.31,8.32,8.14,8.23,858738.0,14951713.0,82530000.0,0.010405161759360232
2014-07-17,8.2,8.29,8.09,8.14,474305.0,8176402.0,82530000.0,0.0057470616745425905
2014-07-18,8.14,8.21,8.12,8.16,450799.0,7784752.0,82530000.0,0.0054622440324730405
2014-07-21,8.16,8.18,8.07,8.08,302413.0,5185777.0,82530000.0,0.003664279655882709
2014-07-22,8.06,8.23,8.02,8.21,589388.0,10183389.0,82530000.0,0.00714150006058403
2014-07-23,8.18,8.25,7.89,7.94,564512.0,9646448.0,82530000.0,0.0068400823942808674
2014-07-24,7.92,8.07,7.73,8.05,686609.0,11446545.0,82530000.0,0.008319508057675997
2014-07-25,8.05,8.08,7.97,8.04,501150.0,8501151.0,82530000.0,0.006072337331879316
2014-07-28,8.05,8.2,8.04,8.18,521097.0,8973111.0,82530000.0,0.0063140312613595055
2014-07-29,8.21,8.23,8.12,8.2,1040650.0,18013190.0,82530000.0,0.012609354174239671
2014-07-30,8.2,8.32,8.16,8.3,1033585.0,18009748.0,82530000.0,0.012523748939779474
2014-07-31,8.25,8.35,8.25,8.29,606903.0,10651059.0,82530000.0,0.0073537259178480556
2014-08-01,8.28,8.38,8.28,8.3,1030715.0,18164376.0,82530000.0,0.01248897370653096
2014-08-04,8.31,8.39,8.24,8.38,1080690.0,19081126.0,82530000.0,0.0130945110868775
2014-08-05,8.41,8.45,8.27,8.32,686482.0,12085321.0,82530000.0,0.008317969223312734
2014-08-06,8.27,8.33,8.22,8.3,639183.0,11193271.0,82530000.0,0.007744856415848782
2014-08-07,8.3,8.58,8.27,8.5,2027383.0,36358968.0,82530000.0,0.024565406518841634
2014-08-08,8.5,8.67,8.43,8.5,1303163.0,23630090.0,82530000.0,0.015790173270325943
2014-08-11,8.52,8.68,8.49,8.62,984929.0,17881074.0,82530000.0,0.01193419362656004
2014-08-12,8.7,8.78,8.51,8.74,1208738.0,22100976.0,82530000.0,0.014646043862837755
2014-08-13,8.7,8.84,8.61,8.84,1415368.0,26155682.0,82530000.0,0.017149739488670785
2014-08-14,8.84,8.94,8.67,8.71,1225855.0,22772488.0,82530000.0,0.014853447231309826
2014-08-15,8.65,8.74,8.62,8.71,721011.0,13225578.0,82530000.0,0.008736350418029807
2014-08-18,8.63,9.04,8.63,9.0,1602894.0,30144182.0,82530000.0,0.019421955652490004
2014-08-19,9.03,9.14,8.89,9.05,1383766.0,26355706.0,82530000.0,0.016766824185144795
2014-08-20,9.02,9.12,8.92,8.97,609382.0,11587376.0,82530000.0,0.007383763479946686
2014-08-21,9.03,9.03,8.8,8.93,708452.0,13346589.0,82530000.0,0.008584175451351024
2014-08-22,8.93,9.15,8.87,9.05,1184014.0,22640570.0,82530000.0,0.014346467951048103
2014-08-25,9.05,9.06,8.78,8.86,1106845.0,20870208.0,82530000.0,0.01341142614806737
2014-08-26,8.75,8.88,8.35,8.56,1360413.0,24746522.0,82530000.0,0.016483860414394765
2014-08-27,8.48,8.59,8.41,8.55,638003.0,11513003.0,82530000.0,0.007730558584757058
2014-08-28,8.49,9.27,8.49,9.16,4833550.0,92319808.0,82530000.0,0.0585671876893251
2014-08-29,9.1,9.5,8.99,9.25,4409132.0,86954624.0,82530000.0,0.05342459711620017
2014-09-01,9.36,9.36,9.17,9.28,1644292.0,32115358.0,82530000.0,0.019923567187689326
2014-09-02,9.24,9.45,9.24,9.28,1699508.0,33491340.0,82530000.0,0.02059260874833394
2014-09-03,9.29,9.4,9.19,9.35,1819935.0,35837732.0,82530000.0,0.022051799345692475
2014-09-04,9.36,9.59,9.3,9.59,1195994.0,23774186.0,82530000.0,0.014491627287047134
2014-09-05,9.51,9.64,9.39,9.56,1534629.0,30728728.0,82530000.0,0.018594801890221738
2014-09-09,9.53,9.54,9.33,9.48,1205137.0,24061548.0,82530000.0,0.014602411244395977
2014-09-10,9.37,10.05,9.36,9.81,4661256.0,96087808.0,82530000.0,0.05647953471464922
2014-09-11,9.69,9.98,9.66,9.82,3277451.0,67992936.0,82530000.0,0.03971223797407004
2014-09-12,9.74,9.9,9.74,9.81,713677.0,14819426.0,82530000.0,0.008647485762752939
2014-09-15,9.83,10.17,9.77,9.8,1413950.0,29447782.0,82530000.0,0.017132557857748698
2014-09-16,9.75,9.81,9.37,9.5,1169309.0,23831996.0,82530000.0,0.014168290318671999
2014-09-17,9.47,9.62,9.39,9.54,1132789.0,22742310.0,82530000.0,0.013725784563189144
2014-09-18,9.54,9.63,9.44,9.6,497352.0,10041088.0,82530000.0,0.006026317702653581
2014-09-19,9.51,9.76,9.51,9.76,680186.0,13953860.0,82530000.0,0.008241681812674179
2014-09-22,9.76,9.83,9.53,9.74,870631.0,17815150.0,82530000.0,0.0105492669332364
2014-09-23,9.73,9.79,9.61,9.76,889582.0,18289416.0,82530000.0,0.010778892523930692
2014-09-24,9.73,9.87,9.73,9.83,897440.0,18656624.0,82530000.0,0.010874106385556767
2014-09-25,9.8,9.98,9.72,9.81,861794.0,17978172.0,82530000.0,0.010442190718526596
2014-09-26,9.81,9.92,9.74,9.87,621602.0,12951030.0,82530000.0,0.007531830849388101
2014-09-29,9.92,10.0,9.83,9.98,1238803.0,26004050.0,82530000.0,0.015010335635526475
2014-09-30,9.97,10.14,9.96,10.11,763197.0,16202958.0,82530000.0,0.009247509996364959
2014-10-08,10.12,10.31,9.98,10.26,848801.0,18346250.0,82530000.0,0.0102847570580395
2014-10-09,10.31,10.33,10.02,10.18,828521.0,17804572.0,82530000.0,0.010039028232158003
2014-10-10,10.17,10.2,9.98,10.02,732287.0,15615807.0,82530000.0,0.008872979522597843
2014-10-13,9.95,10.07,9.81,10.06,1131704.0,23813726.0,82530000.0,0.013712637828668363
2014-10-14,10.06,10.29,10.03,10.11,758633.0,16315589.0,82530000.0,0.009192208893735612
2014-10-15,10.08,10.2,9.96,10.16,805490.0,17188956.0,82530000.0,0.009759966072943172
2014-10-16,10.16,10.3,10.01,10.01,486685.0,10471209.0,82530000.0,0.0058970677329455955
2014-10-17,9.96,10.14,9.46,9.7,892148.0,18462760.0,82530000.0,0.010809984248152188
2014-10-20,9.69,10.2,9.65,9.97,611607.0,12803860.0,82530000.0,0.0074107233733187935
2014-10-21,9.93,10.14,9.86,10.03,1357576.0,28829060.0,82530000.0,0.016449485035744577
2014-10-22,10.09,10.13,9.74,10.02,1329238.0,28098962.0,82530000.0,0.01610611898703502
2014-10-23,9.92,10.12,9.53,10.0,2772257.0,58375668.0,82530000.0,0.03359090027868654
2014-10-24,9.96,10.3,9.76,10.26,5401429.0,115143104.0,82530000.0,0.06544806736944142
2014-10-27,10.07,10.65,10.07,10.63,8463911.0,187748864.0,82530000.0,0.10255556767236157
2014-10-28,10.43,10.81,10.19,10.49,10434688.0,229301184.0,82530000.0,0.12643509027020478
2014-10-29,10.34,10.48,10.18,10.26,5708989.0,123981688.0,82530000.0,0.06917471222585726
2014-10-30,10.16,10.19,9.96,10.0,3410977.0,72617720.0,82530000.0,0.04133014661335272
2014-10-31,10.0,10.06,9.77,9.88,2479008.0,51715416.0,82530000.0,0.03003765903307888
2014-11-03,9.87,9.98,9.84,9.96,1427557.0,29990530.0,82530000.0,0.017297431237125894
2014-11-04,9.98,10.0,9.65,9.73,1862459.0,38631908.0,82530000.0,0.022567054404458983
2014-11-05,9.74,9.82,9.6,9.8,1126847.0,23119768.0,82530000.0,0.013653786501878104
2014-11-06,9.8,9.9,9.69,9.9,1168434.0,24231686.0,82530000.0,0.014157688113413305
2014-11-07,9.9,9.96,9.69,9.69,1400593.0,29196194.0,82530000.0,0.016970713679873985
2014-11-10,9.68,9.77,9.65,9.75,826113.0,16962254.0,82530000.0,0.010009850963286078
2014-11-11,9.76,9.8,9.07,9.2,1911630.0,38070284.0,82530000.0,0.023162849872773537
2014-11-12,9.12,9.34,9.12,9.33,957164.0,18742344.0,82530000.0,0.011597770507694172
2014-11-13,9.33,9.4,9.01,9.14,1179526.0,22840094.0,82530000.0,0.014292087725675511
2014-11-14,9.12,9.21,9.04,9.15,861129.0,16620287.0,82530000.0,0.01043413304252999
2014-11-17,9.2,9.77,9.11,9.76,2019819.0,40326244.0,82530000.0,0.024473754998182478
2014-11-18,9.64,10.01,9.6,9.99,2909681.0,60577584.0,82530000.0,0.03525604022779595
2014-11-19,9.99,10.02,9.72,9.93,3478130.0,72713080.0,82530000.0,0.042143826487337936
2014-11-20,9.89,9.93,9.77,9.79,1179544.0,24493070.0,82530000.0,0.01429230582818369
2014-11-21,9.78,9.78,9.7,9.73,971369.0,19985486.0,82530000.0,0.01176988973706531
2014-11-24,9.75,9.81,9.57,9.67,1559449.0,31915406.0,82530000.0,0.018895541015388345
2014-11-25,9.72,9.82,9.63,9.78,1189106.0,24402384.0,82530000.0,0.014408166727250697
2014-11-26,9.79,9.79,9.66,9.71,1031500.0,21181394.0,82530000.0,0.012498485399248757
2014-11-27,9.69,9.97,9.65,9.81,1415635.0,29462402.0,82530000.0,0.01715297467587544
2014-11-28,9.75,9.81,9.7,9.79,1217006.0,25112424.0,82530000.0,0.014746225614927905
2014-12-01,9.79,9.79,9.41,9.48,988648.0,19972206.0,82530000.0,0.01197925602811099
2014-12-02,9.41,10.11,9.41,10.09,2755569.0,56340896.0,82530000.0,0.03338869501999273
2014-12-03,10.09,10.09,9.87,10.0,3532887.0,74579112.0,82530000.0,0.042807306434023994
2014-12-04,10.03,10.05,9.89,9.92,1687574.0,35427180.0,82530000.0,0.020448006785411366
2014-12-05,9.92,9.92,9.46,9.53,1808141.0,36707672.0,82530000.0,0.021908893735611293
2014-12-08,9.53,9.64,9.41,9.54,1369005.0,27569688.0,82530000.0,0.016587968011632134
2014-12-09,9.48,9.48,8.78,8.94,1743927.0,33938780.0,82530000.0,0.021130825154489278
2014-12-10,8.89,9.38,8.89,9.34,1008223.0,19683742.0,82530000.0,0.012216442505755484
2014-12-11,9.31,9.87,9.22,9.78,2079657.0,41832020.0,82530000.0,0.025198800436205017
2014-12-12,9.87,10.14,9.78,9.92,3891401.0,81669144.0,82530000.0,0.04715135102387011
2014-12-15,9.78,9.78,9.23,9.68,1428072.0,28869118.0,82530000.0,0.017303671392221012
2014-12-16,9.55,9.65,9.49,9.54,1071055.0,21652606.0,82530000.0,0.012977765660971767
2014-12-17,9.54,9.59,9.34,9.41,1007669.0,20124270.0,82530000.0,0.012209729795225978
2014-12-18,9.34,9.76,9.33,9.48,1047948.0,21108584.0,82530000.0,0.012697782624500182
2014-12-19,9.52,9.53,9.35,9.36,910116.0,18047180.0,82530000.0,0.011027699018538712
2014-12-22,9.31,9.31,8.79,8.87,859934.0,16336223.0,82530000.0,0.010419653459348116
2014-12-23,8.87,9.1,8.82,8.9,445825.0,8418501.0,82530000.0,0.005401975039379619
2014-12-24,9.07,9.16,8.91,9.13,742810.0,14180560.0,82530000.0,0.009000484672240397
2014-12-25,9.17,9.5,9.1,9.36,893577.0,17687452.0,82530000.0,0.010827299163940386
2014-12-26,9.31,9.41,9.23,9.41,777553.0,15314919.0,82530000.0,0.009421458863443597
2014-12-29,9.29,9.6,9.06,9.54,1076623.0,21231246.0,82530000.0,0.013045232036835091
2014-12-30,9.5,9.54,9.22,9.3,1103218.0,21871130.0,82530000.0,0.013367478492669333
2014-12-31,9.36,9.62,9.36,9.41,2680395.0,53874240.0,82530000.0,0.03247782624500182
2015-01-05,9.33,9.33,8.52,8.89,1980407.0,37014596.0,82530000.0,0.023996207439718892
2015-01-06,8.75,8.93,8.68,8.91,1085412.0,20211904.0,82530000.0,0.013151726644856416
2015-01-07,8.87,9.07,8.81,8.87,554266.0,10378343.0,82530000.0,0.006715933599903066
2015-01-08,8.82,8.98,8.79,8.83,377767.0,7084886.0,82530000.0,0.00457732945595541
2015-01-09,8.72,9.05,8.72,8.93,1005089.0,18943250.0,82530000.0,0.012178468435720345
2015-01-12,8.93,9.03,8.79,8.89,1848055.0,34962836.0,82530000.0,0.02239252393069187
2015-01-13,8.88,9.13,8.79,9.08,931561.0,17576564.0,82530000.0,0.011287543923421786
2015-01-14,9.04,9.41,8.99,9.34,1659582.0,32334268.0,82530000.0,0.020108833151581244
2015-01-15,9.36,9.62,9.26,9.57,4945122.0,98939744.0,82530000.0,0.05991908396946565
2015-01-16,9.53,9.53,9.23,9.27,1724675.0,33958456.0,82530000.0,0.020897552405185992
2015-01-19,9.25,9.25,8.75,8.99,1128540.0,21482906.0,82530000.0,0.013674300254452926
2015-01-20,9.06,9.2,8.99,9.16,815088.0,15697106.0,82530000.0,0.009876263177026536
2015-01-21,9.14,9.37,9.13,9.2,1300418.0,25455992.0,82530000.0,0.01575691263782867
2015-01-22,9.25,9.55,9.19,9.54,2480263.0,49319448.0,82530000.0,0.03005286562462135
2015-01-23,9.5,9.69,9.48,9.64,2651168.0,53772048.0,82530000.0,0.03212368835574943
2015-01-26,9.61,9.87,9.55,9.74,4728385.0,97091480.0,82530000.0,0.057292923785290197
2015-01-27,9.64,9.64,9.37,9.51,2248244.0,44959640.0,82530000.0,0.02724153641100206
2015-01-28,9.42,9.49,9.36,9.47,1051873.0,20970994.0,82530000.0,0.01274534108808918
2015-01-29,9.41,9.44,9.25,9.27,845997.0,16689407.0,82530000.0,0.010250781533987641
2015-01-30,9.3,9.36,9.22,9.3,708060.0,13884095.0,82530000.0,0.008579425663395129
2015-02-02,9.28,9.31,9.1,9.21,661406.0,12830074.0,82530000.0,0.008014128195807584
2015-02-03,9.22,9.33,9.19,9.29,582100.0,11444576.0,82530000.0,0.007053192778383618
2015-02-04,9.29,9.44,9.27,9.43,1033834.0,20489396.0,82530000.0,0.012526766024475949
2015-02-05,9.47,9.53,9.31,9.39,1261032.0,25158780.0,82530000.0,0.015279680116321338
2015-02-06,9.41,9.45,9.07,9.43,2460904.0,48050292.0,82530000.0,0.029818296377075004
2015-02-09,9.36,9.55,9.23,9.49,1993014.0,39406748.0,82530000.0,0.024148964013086152
2015-02-10,9.5,9.84,9.41,9.75,5930450.0,121356480.0,82530000.0,0.07185811220162365
2015-02-11,9.81,9.81,9.42,9.57,2762449.0,55681740.0,82530000.0,0.033472058645341085
2015-02-12,9.53,9.53,9.37,9.47,1590420.0,31744646.0,82530000.0,0.019270810614322065
2015-02-13,9.51,9.6,9.47,9.54,1693019.0,34174036.0,82530000.0,0.020513982794135466
2015-02-16,9.51,9.72,9.51,9.69,1866766.0,37964356.0,82530000.0,0.022619241487943777
2015-02-17,9.68,9.68,9.54,9.57,1302391.0,26394142.0,82530000.0,0.015780819096086272
2015-02-25,9.57,9.71,9.54,9.64,1449479.0,29481550.0,82530000.0,0.017563055858475705
2015-02-26,9.65,9.9,9.65,9.83,2368313.0,49158152.0,82530000.0,0.02869638919180904
2015-02-27,9.88,9.88,9.74,9.79,1694223.0,35111504.0,82530000.0,0.020528571428571427
2015-03-02,9.72,9.73,9.56,9.71,3090891.0,62988948.0,82530000.0,0.037451726644856416
2015-03-03,9.71,9.77,9.64,9.73,2370129.0,48600932.0,82530000.0,0.028718393311523083
2015-03-04,9.73,9.92,9.73,9.87,2707574.0,56360480.0,82530000.0,0.03280714891554586
2015-03-05,9.86,9.87,9.75,9.83,1862116.0,38648964.0,82530000.0,0.022562898339997577
2015-03-06,9.83,9.95,9.68,9.72,1948307.0,40451012.0,82530000.0,0.023607257966799952
2015-03-09,9.71,9.92,9.67,9.83,1810089.0,37663064.0,82530000.0,0.021932497273718647
2015-03-10,9.84,10.02,9.84,9.88,2120306.0,44525116.0,82530000.0,0.025691336483702896
2015-03-11,9.92,10.0,9.72,9.8,1851251.0,38318916.0,82530000.0,0.022431249242699625
2015-03-12,9.79,9.92,9.64,9.65,1829069.0,37639056.0,82530000.0,0.022162474251787228
2015-03-13,9.68,9.83,9.64,9.75,1446800.0,29763462.0,82530000.0,0.017530594935175087
2015-03-16,9.78,10.12,9.78,10.09,3582467.0,75557368.0,82530000.0,0.043408057675996606
2015-03-17,10.09,10.31,9.93,10.16,3524019.0,75519072.0,82530000.0,0.04269985459832788
2015-03-18,10.15,10.42,10.11,10.35,2591204.0,56159100.0,82530000.0,0.031397116200169634
2015-03-19,10.38,10.78,10.22,10.62,4343268.0,96885200.0,82530000.0,0.05262653580516176
2015-03-20,10.63,10.63,10.46,10.48,2368058.0,52667240.0,82530000.0,0.028693299406276504
2015-03-23,10.56,10.71,10.48,10.65,2752959.0,61735308.0,82530000.0,0.033357070156306796
2015-03-24,10.67,10.77,10.18,10.41,3634581.0,80374040.0,82530000.0,0.0440395129043984
2015-03-25,10.4,10.85,10.26,10.8,3894213.0,86517296.0,82530000.0,0.047185423482370044
2015-03-26,10.75,11.09,10.6,10.67,3719741.0,84807312.0,82530000.0,0.045071380104204535
2015-03-27,10.61,10.77,10.51,10.67,2352593.0,53020304.0,82530000.0,0.028505913001332848
2015-03-30,10.77,11.0,10.67,10.87,3145236.0,72350208.0,82530000.0,0.038110214467466375
2015-03-31,10.63,10.71,10.31,10.62,4331522.0,96425296.0,82530000.0,0.05248421180176906
2015-04-01,10.61,10.88,10.45,10.87,4362413.0,98300776.0,82530000.0,0.05285851205622198
2015-04-02,10.87,11.58,10.78,11.41,5127603.0,120715920.0,82530000.0,0.06213017084696474
2015-04-03,11.35,11.46,11.09,11.37,3124757.0,74684504.0,82530000.0,0.0378620743971889
2015-04-07,11.39,11.81,11.29,11.58,3595419.0,87899336.0,82530000.0,0.04356499454743729
2015-04-08,11.58,11.58,11.19,11.41,2878822.0,69248120.0,82530000.0,0.034882127711135344
2015-04-09,11.41,12.36,11.31,12.02,5304200.0,132610648.0,82530000.0,0.06426996243790137
2015-04-10,12.1,12.76,11.82,12.4,3521975.0,91794496.0,82530000.0,0.042675087846843575
2015-04-13,12.29,12.93,12.23,12.49,2706493.0,72181696.0,82530000.0,0.03279405064824912
2015-04-14,12.55,12.55,12.1,12.28,2347650.0,60833008.0,82530000.0,0.028446019629225737
2015-04-15,12.23,12.23,11.44,11.48,2393931.0,59725476.0,82530000.0,0.029006797528171573
2015-04-16,10.98,11.68,10.98,11.42,1735295.0,41874152.0,82530000.0,0.02102623288501151
2015-04-17,11.46,11.63,11.31,11.44,2277187.0,55061872.0,82530000.0,0.02759223312734763
2015-04-20,11.39,11.39,10.96,11.02,2643353.0,62266476.0,82530000.0,0.032028995516781775
2015-04-21,11.08,11.42,11.02,11.38,1761626.0,42007676.0,82530000.0,0.02134528050405913
2015-04-22,11.39,12.0,11.39,11.83,3026705.0,75469880.0,82530000.0,0.036673997334302676
2015-04-23,11.84,12.2,11.73,12.2,3466025.0,88062512.0,82530000.0,0.04199715255058766
2015-04-24,12.05,12.46,11.82,12.46,2610486.0,67153224.0,82530000.0,0.03163075245365322
2015-04-27,12.48,13.08,12.15,12.74,6970926.0,186655520.0,82530000.0,0.08446535805161759
2015-04-28,12.9,13.22,12.39,13.09,7852288.0,213182592.0,82530000.0,0.09514465043014661
2015-04-29,12.74,13.15,12.2,12.34,7056084.0,187688112.0,82530000.0,0.0854972010178117
2015-04-30,12.51,12.58,12.09,12.22,3004290.0,77758520.0,82530000.0,0.03640239912758997
2015-05-04,12.1,12.16,11.68,11.91,3650620.0,90993800.0,82530000.0,0.04423385435599176
2015-05-05,11.9,12.14,11.75,11.84,3017237.0,75963056.0,82530000.0,0.036559275415000606
2015-05-06,11.86,12.04,11.34,11.43,2107422.0,52215420.0,82530000.0,0.025535223555070884
2015-05-07,11.44,11.53,11.15,11.27,1461117.0,34999900.0,82530000.0,0.017704071246819338
2015-05-08,11.4,11.7,11.4,11.65,2021277.0,49175104.0,82530000.0,0.024491421301344966
2015-05-11,11.8,12.03,11.66,12.01,2036182.0,51053632.0,82530000.0,0.02467202229492306
2015-05-12,12.03,12.09,11.78,12.0,3057652.0,76708224.0,82530000.0,0.037048976129892164
2015-05-13,11.96,12.26,11.81,12.0,2955676.0,74955696.0,82530000.0,0.03581335272022295
2015-05-14,12.0,12.34,11.96,12.27,3134832.0,80324656.0,82530000.0,0.037984151217739
2015-05-15,12.18,12.24,11.75,11.77,3061501.0,76841640.0,82530000.0,0.037095613716224406
2015-05-18,11.65,12.33,11.63,12.27,3233577.0,82208784.0,82530000.0,0.03918062522719011
2015-05-19,12.18,12.81,12.18,12.65,3568156.0,94590608.0,82530000.0,0.043234654065188415
2015-05-20,12.67,12.96,12.48,12.67,3733752.0,100557712.0,82530000.0,0.04524114867320974
2015-05-21,12.72,13.23,12.71,13.11,3343706.0,91935440.0,82530000.0,0.040515036956258334
2015-05-22,13.11,13.69,13.1,13.23,4608608.0,129337648.0,82530000.0,0.05584160911183812
2015-05-25,13.1,14.23,12.99,13.86,4682831.0,136186832.0,82530000.0,0.056740954804313584
2015-05-26,13.98,14.61,13.81,14.52,5399513.0,160581168.0,82530000.0,0.06542485156912638
2015-05-27,14.53,14.65,13.96,14.34,4350329.0,130753528.0,82530000.0,0.052712092572397916
2015-05-28,14.34,14.93,13.33,13.86,5556444.0,167886992.0,82530000.0,0.06732635405307161
2015-05-29,13.91,14.69,13.38,14.34,5024498.0,150065984.0,82530000.0,0.06088086756331031
2015-06-01,14.52,15.77,14.49,15.77,6175240.0,198623360.0,82530000.0,0.07482418514479583
2015-06-02,16.04,16.56,15.57,16.23,5601913.0,187184512.0,82530000.0,0.06787729310553738
2015-06-03,16.14,17.33,15.45,16.9,5075996.0,176118160.0,82530000.0,0.06150485883920998
2015-06-04,16.61,17.08,15.59,16.5,2943526.0,101928152.0,82530000.0,0.03566613352720223
2015-06-05,16.53,17.03,15.89,16.37,3666704.0,127210904.0,82530000.0,0.04442874106385557
2015-06-08,16.4,16.6,15.19,15.59,4394848.0,145459152.0,82530000.0,0.05325152065915425
2015-06-09,15.61,15.92,15.43,15.62,2842193.0,94166352.0,82530000.0,0.03443830122379741
2015-06-10,15.66,16.07,15.28,15.72,2504889.0,83319816.0,82530000.0,0.03035125408942203
2015-06-11,15.72,16.83,15.72,16.6,3504000.0,121206416.0,82530000.0,0.04245728825881498
2015-06-12,16.57,18.26,16.57,17.88,4616381.0,170429856.0,82530000.0,0.05593579304495335
2015-06-15,18.04,18.99,17.57,18.04,4008563.0,155205952.0,82530000.0,0.048570980249606203
2015-06-16,17.57,18.46,17.0,18.14,2781598.0,104263512.0,82530000.0,0.03370408336362535
2015-06-17,18.27,18.36,17.02,17.96,2812673.0,104750632.0,82530000.0,0.0340806131103841
2015-06-18,17.96,18.63,17.36,17.72,2004082.0,76551872.0,82530000.0,0.02428307282200412
2015-06-19,17.1,17.42,15.95,15.95,2655564.0,92226424.0,82530000.0,0.0321769538349691
2015-06-23,15.66,16.14,14.36,15.31,2810421.0,90109936.0,82530000.0,0.03405332606324973
2015-06-24,15.52,16.09,15.43,15.87,2246067.0,74775000.0,82530000.0,0.02721515812431843
2015-06-25,15.8,16.59,15.61,15.94,2229344.0,75714448.0,82530000.0,0.027012528777414273
2015-06-26,15.19,15.65,14.34,14.34,2368532.0,73462120.0,82530000.0,0.028699042772325215
2015-06-29,14.72,14.9,12.91,12.91,3748252.0,107567600.0,82530000.0,0.04541684236035381
2015-06-30,12.82,14.19,11.94,14.1,4398095.0,120919328.0,82530000.0,0.05329086392826851
2015-07-01,14.15,15.51,14.05,14.71,4969123.0,158898080.0,82530000.0,0.06020989943051012
2015-07-02,14.71,15.08,13.24,13.24,2751903.0,81271768.0,82530000.0,0.03334427480916031
2015-07-03,12.82,14.04,11.92,12.25,3084487.0,82070944.0,82530000.0,0.037374130619168784
2015-07-06,13.47,13.47,11.02,11.58,5388085.0,136610976.0,82530000.0,0.06528638071004483
2015-07-07,11.38,12.25,10.42,10.42,4659642.0,110603024.0,82530000.0,0.05645997818974918
2016-02-29,11.47,11.47,11.07,11.47,6447709.0,155556880.0,82530000.0,0.07812563916151702
2016-03-01,11.87,12.62,11.47,12.18,13479036.0,343721248.0,82530000.0,0.16332286441294075
2016-03-02,11.53,12.94,10.96,12.41,11652529.0,288706560.0,82530000.0,0.14119143341815096
2016-03-03,11.9,12.48,11.72,12.08,8846015.0,226020112.0,82530000.0,0.10718544771598207
2016-03-04,12.67,13.05,12.15,12.7,12864915.0,343987552.0,82530000.0,0.15588167938931297
2016-03-07,12.73,12.82,12.38,12.57,8382829.0,223242320.0,82530000.0,0.10157311280746395
2016-03-08,12.47,12.47,11.31,11.98,6305134.0,155979344.0,82530000.0,0.07639808554465043
2016-03-09,11.53,11.67,11.15,11.32,3919498.0,94536904.0,82530000.0,0.04749179692233128
2016-03-10,11.32,11.51,11.15,11.21,3051620.0,72978616.0,82530000.0,0.03697588755604023
2016-03-11,11.16,11.16,10.76,10.88,2716386.0,62449976.0,82530000.0,0.03291392221010542
2016-03-14,11.06,11.61,11.06,11.54,4239569.0,101725672.0,82530000.0,0.051370035138737426
2016-03-15,11.39,12.1,11.35,11.88,5681483.0,141600848.0,82530000.0,0.06884142735974796
2016-03-16,11.91,12.08,11.39,11.51,3592491.0,88263008.0,82530000.0,0.043529516539440205
2016-03-17,11.54,11.99,11.44,11.94,4727256.0,116937968.0,82530000.0,0.05727924391130498
2016-03-18,11.97,12.45,11.82,12.33,5769509.0,148288960.0,82530000.0,0.06990802132557858
2016-03-21,12.58,12.64,12.2,12.53,6052075.0,158060784.0,82530000.0,0.07333181873258209
2016-03-22,12.34,12.76,12.2,12.46,4698785.0,123740696.0,82530000.0,0.0569342663273961
2016-03-23,12.46,12.56,12.29,12.52,3702105.0,97094920.0,82530000.0,0.044857688113413306
2016-03-24,12.36,13.66,12.32,13.15,8361530.0,229946768.0,82530000.0,0.10131503695625833
2016-03-25,12.91,13.9,12.91,13.57,6783760.0,193423408.0,82530000.0,0.08219750393796195
2016-03-28,13.57,13.81,13.19,13.29,4989228.0,141676176.0,82530000.0,0.060453507815339876
2016-03-29,13.13,13.37,12.52,12.7,3688260.0,99668344.0,82530000.0,0.04468993093420574
2016-03-30,12.77,13.57,12.77,13.57,4360790.0,121026496.0,82530000.0,0.052838846480067855
2016-03-31,13.75,13.76,13.3,13.31,4907810.0,139808384.0,82530000.0,0.059466981703622926
2016-04-01,13.22,13.33,12.99,13.29,3145941.0,87341640.0,82530000.0,0.038118756815703383
2016-04-05,13.39,13.77,13.39,13.76,4970508.0,143011008.0,82530000.0,0.06022668120683388
2016-04-06,13.76,14.03,13.6,13.91,5045171.0,147059152.0,82530000.0,0.06113135829395371
2016-04-07,14.0,15.04,13.6,14.43,6540575.0,194749424.0,82530000.0,0.07925087846843572
2016-04-08,14.24,15.09,14.05,14.76,5609276.0,172769840.0,82530000.0,0.06796650914818854
2016-04-11,15.21,15.21,14.48,14.76,6049927.0,188989152.0,82530000.0,0.07330579183327275
2016-04-12,14.58,14.8,14.29,14.49,2729954.0,83531128.0,82530000.0,0.03307832303404822
2016-04-13,14.57,14.84,14.45,14.45,3890036.0,120303296.0,82530000.0,0.047134811583666544
2016-04-14,14.53,14.71,14.24,14.69,3033253.0,92759792.0,82530000.0,0.03675333818005574
2016-04-15,14.63,14.94,14.48,14.62,2162663.0,66831804.0,82530000.0,0.026204568035865745
2016-04-18,14.62,14.78,14.24,14.68,3101345.0,95393912.0,82530000.0,0.037578395734884286
2016-04-19,14.71,14.89,14.55,14.65,2299866.0,71084408.0,82530000.0,0.027867030170846966
2016-04-20,14.8,14.8,13.29,13.75,3582123.0,105271240.0,82530000.0,0.04340388949472919
2016-04-21,13.7,13.87,13.43,13.44,2150807.0,61978880.0,82530000.0,0.026060911183811947
2016-04-22,13.42,13.9,13.31,13.62,1925157.0,55404964.0,82530000.0,0.023326753907669938
2016-04-25,13.62,13.66,13.41,13.52,1182099.0,33567956.0,82530000.0,0.014323264267539076
2016-04-26,13.57,13.93,13.48,13.9,1386177.0,39822628.0,82530000.0,0.01679603780443475
2016-04-27,14.03,14.59,14.0,14.33,3313155.0,100363592.0,82530000.0,0.040144856415848786
2016-04-28,14.24,14.43,13.81,14.11,2067266.0,61728276.0,82530000.0,0.025048661092935902
2016-04-29,13.96,14.39,13.91,14.16,1190462.0,35599536.0,82530000.0,0.01442459711620017
2016-05-03,13.99,14.55,13.67,14.52,2542195.0,76003944.0,82530000.0,0.030803283654428693
2016-05-04,14.38,14.62,14.28,14.31,2050932.0,62331952.0,82530000.0,0.02485074518356961
2016-05-05,14.32,14.45,14.13,14.32,1757568.0,52765460.0,82530000.0,0.02129611050527081
2016-05-06,14.32,14.38,13.62,13.62,3119191.0,92629664.0,82530000.0,0.0377946322549376
2016-05-09,13.47,13.47,12.49,12.63,2900988.0,78396000.0,82530000.0,0.03515070883315158
2016-05-10,12.58,12.86,12.44,12.75,1270019.0,33948968.0,82530000.0,0.015388573851932631
2016-05-11,12.88,12.96,12.61,12.61,1227500.0,33082506.0,82530000.0,0.014873379377196171
2016-05-12,12.39,12.94,12.09,12.89,1666524.0,44228415.0,82530000.0,0.02019294801890222
2016-05-13,12.77,13.07,12.74,12.75,1067639.0,29027628.0,82530000.0,0.012936374651641828
2016-05-16,12.81,13.11,12.74,13.05,1297406.0,35532197.0,82530000.0,0.01572041681812674
2016-05-17,13.2,14.36,13.2,14.36,2633246.0,78857722.0,82530000.0,0.03190653095843936
2016-05-18,14.57,14.84,13.75,13.96,3876377.0,116008650.0,82530000.0,0.046969308130376836
2016-05-19,14.05,14.71,13.96,14.42,3760960.0,114504702.0,82530000.0,0.04557082273112807
2016-05-20,14.24,14.69,13.72,14.58,3590438.0,108495007.0,82530000.0,0.04350464073670181
2016-05-23,14.41,14.56,13.83,14.38,5982552.0,89513260.0,165060000.0,0.036244711014176666
2016-05-24,14.85,15.54,14.33,14.42,12735433.0,200549473.0,165060000.0,0.07715638555676724
2016-05-25,13.84,14.83,13.84,14.03,6535099.0,97778902.0,165060000.0,0.03959226341936266
2016-05-26,13.91,14.27,13.48,14.15,4646251.0,67462863.0,165060000.0,0.028148861020235064
2016-05-27,14.08,14.2,13.72,13.95,3499646.0,51495573.0,165060000.0,0.021202265842723857
2016-05-30,13.65,15.24,13.61,14.99,8568573.0,130623536.0,165060000.0,0.051911868411486733
2016-05-31,15.08,15.74,14.9,15.45,11595397.0,185757217.0,165060000.0,0.07024958802859566
2016-06-01,15.61,15.7,15.2,15.51,7698022.0,124439117.0,165060000.0,0.04663771961710893
2016-06-02,15.51,16.56,15.3,16.22,9892070.0,165345459.0,165060000.0,0.05993014661335272
2016-06-03,16.25,16.68,15.92,16.25,7119036.0,121572436.0,165060000.0,0.04312998909487459
2016-06-06,16.23,16.56,15.94,16.16,5392696.0,92144918.0,165060000.0,0.032671125651278325
2016-06-07,16.23,16.99,15.63,16.95,7116448.0,121563688.0,165060000.0,0.043114309947897736
2016-06-08,16.71,17.3,16.59,17.18,4679319.0,83202406.0,165060000.0,0.028349200290803345
2016-06-13,16.7,17.8,15.77,15.84,5054936.0,89735286.0,165060000.0,0.03062483945232037
2016-06-14,15.84,16.49,15.59,16.02,4439390.0,74531164.0,165060000.0,0.026895613716224405
2016-06-15,15.9,17.61,15.61,17.42,6625628.0,118841861.0,165060000.0,0.04014072458499939
2016-06-16,17.81,19.13,17.33,18.81,8061473.0,153486515.0,165060000.0,0.048839652247667516
2016-06-17,18.81,19.04,18.22,18.78,6541646.0,127609068.0,165060000.0,0.03963192778383618
2016-06-20,18.59,20.66,18.44,20.66,9187356.0,189606961.0,165060000.0,0.055660705198109776
2016-06-21,20.69,22.43,20.14,20.63,10189452.0,223633704.0,165060000.0,0.06173180661577608
2016-06-22,20.81,20.99,19.91,20.23,6508264.0,138701979.0,165060000.0,0.039429686174724345
2016-06-23,20.12,20.67,19.59,19.78,5054152.0,105642835.0,165060000.0,0.030620089664364473
2016-06-24,19.78,20.62,18.9,19.79,6803419.0,141367827.0,165060000.0,0.04121785411365564
2016-06-27,19.28,20.41,19.28,20.29,4467769.0,93819697.0,165060000.0,0.027067545135102386
2016-06-28,20.02,22.12,20.02,21.88,8407995.0,187640880.0,165060000.0,0.050939022173755
2016-06-29,21.76,21.95,21.11,21.38,5453727.0,122732910.0,165060000.0,0.03304087604507452
2016-06-30,21.12,22.14,20.93,21.25,4973527.0,111500910.0,165060000.0,0.030131630922088936
2016-07-01,21.33,21.73,20.76,20.88,3045561.0,67292439.0,165060000.0,0.018451235914213014
2016-07-04,20.8,21.2,20.64,20.9,2936952.0,64408688.0,165060000.0,0.017793238822246454
2016-07-05,21.34,21.34,20.02,20.22,4664871.0,99514414.0,165060000.0,0.02826166848418757
2016-07-06,20.62,20.62,19.76,20.59,4267953.0,90810119.0,165060000.0,0.025856979280261722
2016-07-07,20.52,21.95,20.13,21.38,7215947.0,158987094.0,165060000.0,0.043717114988489035
2016-07-08,21.18,21.94,20.9,21.09,3795787.0,85728317.0,165060000.0,0.022996407367018055
2016-07-11,21.01,21.51,20.72,21.12,4336340.0,95946093.0,165060000.0,0.02627129528656246
2016-07-12,21.08,21.4,20.24,20.92,3376989.0,73145334.0,165060000.0,0.02045916030534351
2016-07-13,20.88,21.16,20.63,20.79,2088879.0,45743244.0,165060000.0,0.012655270810614322
2016-07-14,20.79,21.33,20.61,21.01,2206810.0,48635601.0,165060000.0,0.01336974433539319
2016-07-15,21.01,21.18,20.53,21.09,1372008.0,29976683.0,165060000.0,0.008312177390039985
2016-07-18,21.09,21.29,20.21,20.48,3376391.0,72881100.0,165060000.0,0.020455537380346542
2016-07-19,20.38,21.96,19.79,21.75,5948625.0,132707607.0,165060000.0,0.03603916757542712
2016-07-20,21.63,23.18,21.39,22.86,7828879.0,186137550.0,165060000.0,0.04743050405913001
2016-07-21,22.61,23.38,22.42,22.86,4705967.0,113178158.0,165060000.0,0.02851064461407973
2016-07-22,22.86,23.04,22.17,22.28,2749290.0,64952498.0,165060000.0,0.01665630679752817
2016-07-25,22.52,23.86,22.26,23.81,5436248.0,132814398.0,165060000.0,0.032934981218950686
2016-07-26,23.83,23.94,22.86,23.47,6043187.0,147096570.0,165060000.0,0.03661206228038289
2016-07-27,23.38,23.38,21.92,22.77,4364695.0,103811939.0,165060000.0,0.026443081303768327
2016-07-28,22.6,23.09,21.95,22.39,2116586.0,50317106.0,165060000.0,0.012823130982672968
2016-07-29,22.39,24.13,22.24,23.74,5984334.0,147568042.0,165060000.0,0.036255507088331515
2016-08-01,23.39,23.74,22.79,23.03,3357374.0,81382610.0,165060000.0,0.020340324730401066
2016-08-02,22.45,24.15,22.45,24.15,4310086.0,106621453.0,165060000.0,0.026112237974070036
2016-08-03,23.91,24.33,23.5,23.86,3061767.0,76489826.0,165060000.0,0.018549418393311524
2016-08-04,23.75,24.24,22.91,23.29,3973534.0,97657452.0,165060000.0,0.024073270325942083
2016-08-05,23.76,25.08,23.38,24.76,8708307.0,223543966.0,165060000.0,0.05275843329698292
2016-08-08,24.53,25.58,24.16,24.84,4881263.0,127956898.0,165060000.0,0.02957265842723858
2016-08-09,24.97,25.37,24.29,25.12,3619020.0,93765645.0,165060000.0,0.021925481643038897
2016-08-10,24.9,25.48,24.63,24.73,2585700.0,67634733.0,165060000.0,0.015665212649945474
2016-08-11,24.74,25.0,24.22,24.5,1891214.0,48505950.0,165060000.0,0.011457736580637343
2016-08-12,24.5,24.63,24.04,24.55,2245022.0,57263485.0,165060000.0,0.013601248031019024
2016-08-15,24.58,25.02,24.0,24.67,2263818.0,58329932.0,165060000.0,0.0137151217739004
2016-08-16,24.67,24.98,24.15,24.29,2900637.0,74142373.0,165060000.0,0.017573227917121046
2016-08-17,24.24,24.58,24.03,24.26,1659616.0,42227452.0,165060000.0,0.01005462256149279
2016-08-18,24.34,24.47,24.03,24.09,1576144.0,39884202.0,165060000.0,0.00954891554586211
2016-08-19,24.09,24.31,23.9,24.03,1663327.0,41973524.0,165060000.0,0.010077105295044226
2016-08-22,24.03,25.44,23.97,25.1,5380053.0,140584830.0,165060000.0,0.032594529262086516
2016-08-23,25.07,25.29,24.65,24.72,2286605.0,59662366.0,165060000.0,0.013853174603174603
2016-08-24,24.82,25.14,24.3,24.56,2028743.0,52403828.0,165060000.0,0.012290942687507573
2016-08-25,24.3,24.71,23.67,23.75,2368218.0,59294415.0,165060000.0,0.014347619047619048
2016-08-26,23.95,25.58,23.62,25.24,4776260.0,124372831.0,165060000.0,0.028936507936507937
2016-08-29,25.2,25.76,24.35,25.07,5121736.0,134355522.0,165060000.0,0.031029540773052224
2016-08-30,25.07,25.75,24.52,24.83,2409358.0,62996344.0,165060000.0,0.014596861747243426
2016-08-31,25.09,25.19,23.96,24.51,4131104.0,105407471.0,165060000.0,0.02502789288743487
2016-09-01,24.37,24.39,22.7,22.75,7358892.0,179666205.0,165060000.0,0.04458313340603417
2016-09-02,22.8,23.03,21.69,22.52,5328012.0,123568664.0,165060000.0,0.03227924391130498
2016-09-05,22.23,22.81,21.82,22.14,2503353.0,58390700.0,165060000.0,0.015166321337695384
2016-09-06,22.11,22.67,21.95,22.36,1556900.0,36479726.0,165060000.0,0.00943232763843451
2016-09-07,22.34,22.65,22.05,22.07,2310130.0,53885313.0,165060000.0,0.013995698533866473
2016-09-08,22.06,23.77,21.95,23.67,4594015.0,109576082.0,165060000.0,0.02783239428086756
2016-09-09,23.58,24.79,23.29,23.61,7311967.0,183321360.0,165060000.0,0.044298842845026054
2016-09-12,22.65,23.25,22.27,22.47,3322289.0,78650987.0,165060000.0,0.02012776566097177
2016-09-13,22.53,22.62,21.91,22.29,1971074.0,45889548.0,165060000.0,0.01194156064461408
2016-09-14,22.08,22.45,21.86,21.95,1598358.0,37009348.0,165060000.0,0.009683496910214468
2016-09-19,21.93,22.52,21.91,22.21,1707730.0,39878316.0,165060000.0,0.010346116563673815
2016-09-20,22.4,22.43,21.96,22.3,2027015.0,47038684.0,165060000.0,0.012280473767114988
2016-09-28,22.2,23.37,21.49,21.91,2051813.0,48157629.0,165060000.0,0.012430710044832182
2016-09-29,21.74,22.19,21.0,21.19,2320289.0,51821516.0,165060000.0,0.014057245849993941
2016-09-30,21.22,21.22,20.87,21.02,1211962.0,26642678.0,165060000.0,0.007342554222706895
2016-10-10,21.03,22.08,21.03,21.89,1548230.0,35228556.0,165060000.0,0.009379801284381437
2016-10-11,21.95,22.51,21.7,21.96,1344334.0,31004667.0,165060000.0,0.008144517145280503
2016-10-12,22.14,22.49,21.86,22.22,1472506.0,34387507.0,165060000.0,0.008921034775233249
2016-10-13,22.1,24.44,22.1,23.55,4814972.0,119860406.0,165060000.0,0.029171040833636253
2016-10-14,23.29,23.84,23.24,23.66,2454294.0,60518456.0,165060000.0,0.014869102144674663
2016-10-17,23.66,23.91,23.38,23.48,2110556.0,52354912.0,165060000.0,0.01278659881255301
2016-10-18,23.48,24.81,23.39,23.98,1875655.0,47278210.0,165060000.0,0.011363473888283048
2016-10-19,24.07,24.21,23.48,23.57,1561944.0,38726644.0,165060000.0,0.009462886223191566
2016-10-20,23.58,23.91,23.48,23.58,1107543.0,27491811.0,165060000.0,0.006709941839331152
2016-10-21,23.62,23.67,22.79,22.89,1351300.0,32650524.0,165060000.0,0.00818671998061311
2016-10-24,22.99,23.16,22.81,22.92,986600.0,23737235.0,165060000.0,0.00597722040470132
2016-10-25,23.06,23.15,22.81,22.9,905942.0,21762704.0,165060000.0,0.0054885617351266205
2016-10-26,22.9,23.08,22.69,22.96,802887.0,19251858.0,165060000.0,0.004864213013449655
2016-10-27,23.05,23.08,22.72,22.9,599758.0,14417866.0,165060000.0,0.003633575669453532
2016-10-28,22.81,23.05,22.77,22.83,529100.0,12685226.0,165060000.0,0.003205501029928511
2016-10-31,22.81,23.64,22.44,23.41,1405486.0,33958752.0,165060000.0,0.0085150006058403
2016-11-01,23.31,23.58,23.31,23.41,1119000.0,27474816.0,165060000.0,0.0067793529625590696
2016-11-02,23.34,24.02,23.34,23.48,1795366.0,44614187.0,165060000.0,0.010877050769417182
2016-11-03,23.5,23.71,22.83,23.16,1723447.0,41982496.0,165060000.0,0.010441336483702896
2016-11-04,23.33,23.33,22.62,22.76,1176198.0,28231203.0,165060000.0,0.007125881497637223
2016-11-07,22.76,23.0,22.51,22.93,1066861.0,25432489.0,165060000.0,0.006463473888283049
2016-11-08,22.91,23.07,22.73,22.95,659290.0,15821948.0,165060000.0,0.003994244517145281
2016-11-09,22.81,23.06,22.45,22.7,1025677.0,24416529.0,165060000.0,0.006213964618926451
2016-11-10,22.76,23.0,22.7,22.72,1148618.0,27451032.0,165060000.0,0.006958790742760209
2016-11-11,22.81,23.46,22.45,22.81,1449929.0,34998916.0,165060000.0,0.008784254210590089
2016-11-14,22.91,24.42,22.73,24.07,4454522.0,111085867.0,165060000.0,0.026987289470495578
2016-11-15,24.05,24.23,23.68,24.04,1958408.0,49111399.0,165060000.0,0.011864824912153156
2016-11-16,23.87,24.34,23.87,24.08,1805238.0,45599180.0,165060000.0,0.010936859323882225
2016-11-17,23.87,24.18,23.38,23.47,1490975.0,37043506.0,165060000.0,0.009032927420332
2016-11-18,23.58,23.59,23.19,23.47,1009260.0,24687730.0,165060000.0,0.006114503816793893
2016-11-21,23.4,23.48,22.62,23.43,1571379.0,38111504.0,165060000.0,0.009520047255543439
2016-11-22,23.43,24.39,23.36,23.79,1653552.0,41378781.0,165060000.0,0.010017884405670665
2016-11-23,23.62,23.86,23.15,23.22,1439692.0,35144439.0,165060000.0,0.008722234339028231
2016-11-24,23.32,23.32,22.78,22.82,1063196.0,25595634.0,165060000.0,0.0064412698412698415
2016-11-25,22.89,23.06,22.57,22.88,755195.0,18052069.0,165060000.0,0.004575275657336726
2016-11-28,23.0,23.0,22.72,22.75,1012049.0,24191611.0,165060000.0,0.0061314007027747485
2016-11-29,22.72,22.88,22.24,22.31,1658048.0,39149416.0,165060000.0,0.010045122985581
2016-11-30,22.24,22.96,21.97,22.87,1464497.0,34503257.0,165060000.0,0.00887251302556646
2016-12-01,22.89,23.14,22.53,22.88,1354652.0,32429980.0,165060000.0,0.008207027747485763
2016-12-02,22.91,23.12,22.53,22.81,1032938.0,24707624.0,165060000.0,0.006257954683145523
2016-12-05,22.68,23.05,22.24,22.93,1315146.0,31225201.0,165060000.0,0.007967684478371501
2016-12-06,22.91,24.36,22.86,24.09,5248125.0,131640576.0,165060000.0,0.03179525627044711
2016-12-07,24.14,24.24,23.7,24.05,2490358.0,62474355.0,165060000.0,0.015087592390645825
2016-12-08,24.1,24.6,23.77,24.0,2172631.0,55032935.0,165060000.0,0.013162674179086392
2016-12-09,24.04,24.7,23.86,24.63,3174458.0,81560526.0,165060000.0,0.019232145886344358
2016-12-12,25.01,25.01,23.48,24.15,2926636.0,73868016.0,165060000.0,0.017730740336847208
2016-12-13,24.11,24.26,23.5,23.96,1687317.0,42199349.0,165060000.0,0.010222446383133407
2016-12-14,23.67,25.62,23.67,24.85,4100310.0,106627165.0,165060000.0,0.02484133042529989
2016-12-15,24.7,26.3,24.12,26.25,5525120.0,147641172.0,165060000.0,0.03347340361080819
2016-12-16,25.95,26.95,25.64,26.23,4245787.0,116704170.0,165060000.0,0.025722688719253605
2016-12-19,25.96,26.25,25.06,25.47,3664930.0,98450958.0,165060000.0,0.02220362292499697
2016-12-20,25.43,25.44,24.17,24.9,2842750.0,73788912.0,165060000.0,0.01722252514237247
2016-12-21,24.9,25.01,24.54,24.91,1822923.0,47244891.0,165060000.0,0.011044002181025081
2016-12-22,24.73,25.61,24.48,24.49,1657638.0,43281480.0,165060000.0,0.010042639040348965
2016-12-23,24.63,24.63,23.92,23.92,1813767.0,45857351.0,165060000.0,0.010988531443111595
2016-12-26,23.68,24.68,23.11,24.26,1720985.0,43123271.0,165060000.0,0.010426420695504665
2016-12-27,24.26,24.31,23.37,23.59,2917334.0,72493380.0,165060000.0,0.017674385072094997
2016-12-28,23.59,23.77,23.38,23.57,1465797.0,36168570.0,165060000.0,0.008880388949472918
2016-12-29,23.38,23.69,23.1,23.36,1184021.0,29001746.0,165060000.0,0.007173276384345086
2016-12-30,23.21,23.67,23.1,23.67,1671580.0,40821161.0,165060000.0,0.010127105295044226
2017-01-03,23.76,23.77,22.98,23.05,2068393.0,50399525.0,165060000.0,0.01253115836665455
2017-01-04,23.05,23.15,22.6,22.86,2138726.0,51027952.0,181131428.0,0.011807591998888234
2017-01-05,22.95,24.04,22.88,23.52,3445120.0,85104227.0,181131428.0,0.019020001321913057
2017-01-06,23.39,23.79,23.1,23.33,1642718.0,40197076.0,181131428.0,0.009069204710294671
2017-01-09,23.1,23.77,23.1,23.19,2125341.0,52083626.0,181131428.0,0.011733695380571946
2017-01-10,23.19,23.37,23.1,23.19,1424514.0,34623486.0,181131428.0,0.007864532487426754
2017-01-11,23.19,23.42,22.96,23.12,667104.0,16203009.0,181131428.0,0.003682983165130239
2017-01-12,23.03,23.24,21.58,21.62,2694774.0,63085547.0,181131428.0,0.01487745130568948
2017-01-13,21.91,21.91,20.74,20.74,2121394.0,47100356.0,181131428.0,0.011711904573512224
2017-01-16,20.74,20.81,19.19,20.52,1576405.0,33268813.0,181131428.0,0.008703100380790902
2017-01-17,20.52,21.27,19.23,21.01,2033007.0,44203397.0,181131428.0,0.011223932933383599
2017-01-18,21.01,21.76,21.0,21.46,1734312.0,38836660.0,181131428.0,0.009574881726212637
2017-01-19,21.46,21.46,21.11,21.28,586178.0,13069892.0,181131428.0,0.0032362026097425786
2017-01-20,21.46,21.57,21.22,21.3,959522.0,21477114.0,181131428.0,0.005297379977592845
2017-01-23,21.34,21.54,20.84,21.21,1036848.0,22927169.0,181131428.0,0.005724285461935407
2017-01-24,20.99,21.14,20.76,21.09,458900.0,10060657.0,181131428.0,0.002533519472943149
2017-01-25,20.77,21.36,20.76,21.15,520931.0,11560733.0,181131428.0,0.002875983509609387
2017-01-26,21.17,21.36,21.03,21.22,289900.0,6458953.0,181131428.0,0.0016004953044371736
2017-02-03,21.22,22.1,21.19,21.52,958377.0,21799901.0,181131428.0,0.005291058600829891
2017-02-06,21.38,22.05,21.38,21.93,1245812.0,28571583.0,181131428.0,0.00687794500245424
2017-02-07,21.93,22.54,21.84,22.31,2210427.0,51748146.0,181131428.0,0.01220344268472283
2017-02-08,22.31,22.72,22.02,22.63,1013700.0,23779162.0,181131428.0,0.0055964887551154295
2017-02-09,22.63,22.76,22.32,22.53,2241986.0,52735435.0,181131428.0,0.012377675286698453
2017-02-10,22.53,22.96,22.34,22.72,1421275.0,33851506.0,181131428.0,0.007846650444339234
2017-02-13,22.62,22.72,22.32,22.52,1456693.0,34279433.0,181131428.0,0.008042188018304587
2017-02-14,22.52,22.52,22.1,22.33,875480.0,20448168.0,181131428.0,0.004833396444045039
2017-02-15,22.33,22.44,21.65,21.75,1443263.0,33152225.0,181131428.0,0.007968042961600237
2017-02-16,21.76,21.97,21.61,21.68,964906.0,22031553.0,181131428.0,0.0053271042505114025
2017-02-17,21.74,22.17,21.72,21.93,983598.0,22603791.0,181131428.0,0.005430300036060004
2017-02-20,22.05,22.13,21.46,21.57,1513600.0,34413803.0,181131428.0,0.008356363203849968
2017-02-21,21.73,21.91,21.57,21.73,1655713.0,37670359.0,181131428.0,0.009140948195914406
2017-02-22,21.78,21.86,21.48,21.64,1902718.0,43127898.0,181131428.0,0.010504626507996172
2017-02-23,21.64,21.92,21.58,21.87,1222126.0,27927239.0,181131428.0,0.006747178076683633
2017-02-24,21.88,22.05,21.02,21.19,2294619.0,51547321.0,181131428.0,0.012668254346230848
2017-02-27,21.42,21.42,20.88,20.96,2021671.0,44785876.0,181131428.0,0.011161348543003814
2017-02-28,20.86,21.39,20.72,21.28,1813410.0,40086935.0,181131428.0,0.010011570162191842
2017-03-01,21.28,21.44,21.06,21.07,1729871.0,38590233.0,181131428.0,0.009550363617737282
2017-03-02,21.11,22.01,21.11,21.76,2558583.0,57940122.0,181131428.0,0.01412556080549423
2017-03-03,21.77,22.41,21.76,22.24,2155481.0,50029965.0,181131428.0,0.011900093892043958
2017-03-06,22.14,22.72,21.99,22.41,2269933.0,53301687.0,181131428.0,0.01253196656739216
2017-03-07,22.4,22.71,22.14,22.4,2470427.0,58056976.0,181131428.0,0.013638864482424332
2017-03-08,22.43,22.58,22.19,22.42,1604889.0,37510098.0,181131428.0,0.008860356359582171
2017-03-09,22.44,22.44,21.89,21.91,1263764.0,29136730.0,181131428.0,0.006977055356732461
2017-03-10,22.08,22.26,21.91,22.12,883211.0,20428584.0,181131428.0,0.004876078159114386
2017-03-13,22.23,22.7,21.95,22.09,1062802.0,24745646.0,181131428.0,0.005867573682464426
2017-03-14,22.1,22.32,22.0,22.1,691830.0,16039810.0,181131428.0,0.003819491778091652
2017-03-15,22.1,22.24,21.97,22.2,784630.0,18182798.0,181131428.0,0.004331826942809726
2017-03-16,22.11,22.87,22.11,22.75,2980974.0,70742526.0,181131428.0,0.016457519453774747
2017-03-17,22.81,23.16,22.52,22.94,2685950.0,64589644.0,181131428.0,0.014828735298216718
2017-03-20,22.95,23.15,22.6,23.0,1858387.0,44517081.0,181131428.0,0.010259881570634998
2017-03-21,23.05,23.62,22.63,22.64,1295045.0,30924653.0,181131428.0,0.0071497531615551555
2017-03-22,22.72,22.75,22.29,22.51,962492.0,22643397.0,181131428.0,0.005313776911205051
2017-03-23,22.34,23.07,22.34,22.6,1304953.0,31029672.0,181131428.0,0.007204453773753719
2017-03-24,23.24,24.63,23.24,23.5,4059618.0,101160776.0,181131428.0,0.02241255449054374
2017-03-27,23.5,23.67,22.83,22.84,2382411.0,57543797.0,181131428.0,0.013152941078783965
2017-03-28,22.72,23.76,22.54,22.91,2459794.0,59495590.0,181131428.0,0.013580161251751408
2017-03-29,22.56,22.86,22.36,22.41,2001859.0,47250910.0,181131428.0,0.011051969402018958
2017-03-30,22.33,22.33,21.18,21.19,2079465.0,46955505.0,181131428.0,0.011480420725220585
2017-03-31,21.22,21.62,21.19,21.47,1095367.0,24590733.0,181131428.0,0.0060473602626265385
2017-04-05,21.3,21.95,21.3,21.86,895262.0,20360963.0,181131428.0,0.004942609959437851
2017-04-06,21.86,23.18,21.62,22.58,2449882.0,58111910.0,181131428.0,0.013525438556140572
2017-04-07,22.26,22.5,22.07,22.23,1254394.0,29299009.0,181131428.0,0.006925324963484526
2017-04-10,22.05,22.2,21.78,21.82,1217315.0,27952225.0,181131428.0,0.006720617252573087
2017-04-11,21.88,22.29,21.88,22.03,1116681.0,25819806.0,181131428.0,0.0061650317249196535
2017-04-12,22.13,22.27,22.02,22.07,900412.0,20867724.0,181131428.0,0.004971042352738477
2017-04-13,22.16,22.33,21.92,22.22,944223.0,21947597.0,181131428.0,0.005212916446504247
2017-04-14,22.21,22.22,21.28,21.45,1427071.0,32346079.0,181131428.0,0.007878649308721841
2017-04-17,21.34,21.44,20.04,20.79,1395645.0,30239335.0,181131428.0,0.0077051509802042745
2017-04-18,20.77,20.9,20.49,20.52,450100.0,9756286.0,181131428.0,0.0024849359659440216
2017-04-19,20.46,20.46,19.66,20.02,844548.0,17673216.0,181131428.0,0.004662625416943105
2017-04-20,19.96,20.23,19.21,19.75,843928.0,17453792.0,181131428.0,0.004659202488040894
2017-04-21,19.76,20.36,19.09,20.19,3617788.0,75249625.0,181131428.0,0.019973275979472762
2017-11-02,22.2,22.2,22.2,22.2,107036.0,2487517.0,181131428.0,0.0005909300289952995
2017-11-03,24.42,24.42,24.42,24.42,175200.0,4478112.0,181131428.0,0.0009672534575280884
2017-11-06,26.87,26.87,26.87,26.87,715100.0,20108612.0,181131428.0,0.003947962028985936
2017-11-07,29.55,29.55,29.55,29.55,422797.0,13077111.0,181131428.0,0.00233420011462616
2017-11-08,32.5,32.5,32.5,32.5,438802.0,14928044.0,181131428.0,0.0024225613679808235
2017-11-09,35.75,35.75,35.75,35.75,325548.0,12182006.0,181131428.0,0.0017973026746081857
2017-11-10,39.32,39.32,39.19,39.32,57599951.0,2370778660.0,181131428.0,0.318000866199763
2017-11-16,38.21,40.41,37.45,39.07,49292849.0,2011146489.0,181131428.0,0.27213857663618707
2017-11-17,38.21,38.79,35.17,35.17,33398337.0,1255502890.0,181131428.0,0.18438731129530983
2017-11-20,33.13,33.27,31.65,32.37,37211535.0,1253108836.0,181131428.0,0.20543941717281664
2017-11-21,32.8,33.62,30.78,32.95,34197150.0,1167422187.0,181131428.0,0.18879744049718417
2017-11-22,32.14,34.18,32.05,33.12,30953862.0,1071390571.0,181131428.0,0.17089172399170838
2017-11-23,33.3,33.89,29.81,29.81,27915956.0,944742832.0,181131428.0,0.15411989133106155
2017-11-24,29.9,31.43,29.09,29.32,23483197.0,744592127.0,181131428.0,0.12964728020584038
2017-11-27,28.81,30.36,28.41,29.43,18533063.0,570361890.0,181131428.0,0.1023183177245199
2017-11-28,29.61,30.43,28.48,30.41,23014796.0,713451705.0,181131428.0,0.12706130710789737
2017-11-29,30.0,30.08,27.75,28.1,23863278.0,717737858.0,181131428.0,0.1317456515608103
2017-11-30,27.72,30.42,27.22,29.33,26989789.0,817211089.0,181131428.0,0.14900665940755461
2017-12-01,28.66,29.87,28.05,29.38,21472185.0,653645605.0,181131428.0,0.11854477843568925
2017-12-04,28.71,29.01,26.44,26.44,20473525.0,587316749.0,181131428.0,0.11303132331071779
2017-12-05,26.26,27.32,25.41,26.21,15743421.0,437147132.0,181131428.0,0.08691711412996755
2017-12-06,26.43,27.44,26.28,27.32,14727141.0,414574954.0,181131428.0,0.08130638157393646
2017-12-07,27.13,29.5,26.46,28.33,23724849.0,694936230.0,181131428.0,0.1309814053914487
2017-12-08,27.88,29.9,27.52,28.84,22348770.0,672173112.0,181131428.0,0.12338427542237453
2017-12-11,28.24,29.19,28.24,28.61,13406246.0,402749037.0,181131428.0,0.07401391436057138
2017-12-12,28.69,29.89,28.1,28.37,15039156.0,456484862.0,181131428.0,0.08302897054397429
2017-12-13,28.02,28.65,27.32,28.65,12119258.0,355998515.0,181131428.0,0.06690864271218576
2017-12-14,28.67,29.48,28.42,29.3,15290855.0,465220844.0,181131428.0,0.08441856374035764
2017-12-15,29.23,30.0,28.18,28.47,17080470.0,521807146.0,181131428.0,0.09429876520379445
2017-12-18,27.98,28.06,26.15,26.3,13056958.0,367489298.0,181131428.0,0.0720855466341269
2017-12-19,26.12,26.88,26.08,26.56,9623727.0,266802565.0,181131428.0,0.05313118273434028
2017-12-20,26.56,26.94,25.82,26.68,7714670.0,213697377.0,181131428.0,0.042591559538745535
2017-12-21,26.65,27.4,26.11,27.0,9195371.0,258752569.0,181131428.0,0.05076629219750865
2017-12-22,26.74,27.51,26.7,27.05,7661624.0,217858501.0,181131428.0,0.04229870036689602
2017-12-25,26.96,27.15,25.68,25.84,7227135.0,198509486.0,181131428.0,0.039899950438197836
2017-12-26,25.68,26.2,24.92,26.12,8208684.0,221100358.0,181131428.0,0.04531893824632134
2017-12-27,26.35,26.71,25.61,25.79,8053784.0,221268345.0,181131428.0,0.04446375810607533
2017-12-28,25.52,26.2,25.42,25.65,6569726.0,177735206.0,181131428.0,0.03627049194356266
2017-12-29,25.23,28.22,25.23,27.31,17182895.0,489335415.0,181131428.0,0.09486423857929283
2018-01-02,27.23,28.04,26.7,27.78,15165170.0,436664340.0,181131428.0,0.08372467532249567
2018-01-03,27.72,29.24,27.44,29.0,17893652.0,530451807.0,181131428.0,0.09878822354340408
2018-01-04,28.52,29.82,28.52,28.67,16583997.0,503866823.0,183145196.0,0.09055108931167379
2018-01-05,28.53,28.67,27.4,27.49,13657683.0,397743166.0,183145196.0,0.07457297979030801
2018-01-08,27.28,27.86,27.09,27.51,7495222.0,215480391.0,183145196.0,0.040925026501923645
2018-01-09,27.42,27.84,27.28,27.76,5399756.0,156012114.0,183145196.0,0.029483470590186814
2018-01-10,27.7,27.7,25.82,26.17,8535956.0,237829314.0,183145196.0,0.04660758887718791
2018-01-11,26.26,27.18,25.81,26.79,6391091.0,177610037.0,183145196.0,0.034896307080858405
2018-01-12,26.56,27.27,26.13,26.13,4428800.0,123552335.0,183145196.0,0.02418190646944406
2018-01-15,25.89,25.9,23.52,23.52,11320894.0,288909881.0,183145196.0,0.061813764418914924
2018-01-16,23.02,23.68,23.02,23.17,5712557.0,139676930.0,183145196.0,0.031191410557118843
2018-01-17,23.22,23.61,21.79,23.5,8160593.0,194869009.0,183145196.0,0.044558051088601856
2018-01-18,23.23,23.36,22.83,23.13,4650819.0,112536219.0,183145196.0,0.025394163219001387
2018-01-19,22.96,23.74,22.88,23.47,4600807.0,112613010.0,183145196.0,0.025121090263268496
2018-01-22,23.31,24.3,23.17,23.87,4588922.0,114189681.0,183145196.0,0.025056196396218876
2018-01-23,23.7,24.51,23.61,23.84,3911135.0,98520523.0,183145196.0,0.021355378603542512
2018-01-24,24.03,24.44,22.93,24.21,4899815.0,122872555.0,183145196.0,0.026753718399471424
2018-01-25,23.97,25.03,23.79,24.3,5447800.0,139794796.0,183145196.0,0.029745797973319485
2018-01-26,24.36,24.92,23.89,24.03,3769281.0,95948282.0,183145196.0,0.020580834672835207
2018-01-29,24.03,24.03,21.88,22.72,6726632.0,160612767.0,183145196.0,0.03672841082875032
2018-01-30,22.69,23.23,22.36,22.98,3744220.0,89762648.0,183145196.0,0.020443997886791417
2018-01-31,22.12,22.25,21.08,21.26,6961783.0,156396740.0,183145196.0,0.03801237025075995
2018-02-01,21.26,21.83,20.36,20.64,5399031.0,119738248.0,183145196.0,0.029479511982394558
2018-02-02,21.13,21.57,20.21,20.44,6406590.0,140219365.0,183145196.0,0.03498093392523383
2018-02-05,19.54,20.57,19.52,20.12,4207542.0,88624032.0,183145196.0,0.022973804893031427
2018-02-06,19.78,19.86,18.1,18.1,5624760.0,111344161.0,183145196.0,0.030712025883550886
2018-02-07,18.49,18.58,16.3,17.2,9570425.0,171571433.0,183145196.0,0.052255943420978404
2018-02-08,17.23,18.92,16.94,18.38,8961659.0,169407280.0,183145196.0,0.048931990550273564
2018-02-09,17.48,18.12,17.09,17.2,4837235.0,89197981.0,183145196.0,0.026412022295141172
2018-02-12,17.62,18.12,17.24,17.87,4233989.0,79133128.0,183145196.0,0.023118209445144276
2018-02-13,17.99,18.56,17.96,18.07,4249803.0,81204577.0,183145196.0,0.023204556236353587
2018-02-14,18.24,18.49,17.6,17.82,3496993.0,66145263.0,183145196.0,0.01909410170933449
2018-02-22,18.12,19.57,17.82,19.32,6107137.0,120761911.0,183145196.0,0.033345876022868766
2018-02-23,19.11,19.2,18.44,18.85,5388172.0,105783706.0,183145196.0,0.02942022022788957
2018-02-26,18.87,20.5,18.87,20.12,7633652.0,158223350.0,183145196.0,0.04168087488355414
2018-02-27,20.23,21.48,20.07,20.82,7890572.0,172501698.0,183145196.0,0.04308369628215637
2018-02-28,20.64,21.38,19.73,20.74,5822265.0,126597172.0,183145196.0,0.031790432548391825
2018-03-01,20.36,22.74,20.35,22.03,7873345.0,177510255.0,183145196.0,0.04298963430086367
2018-03-02,21.62,22.45,21.54,21.8,4370300.0,100510121.0,183145196.0,0.023862487771724027
2018-03-05,22.07,23.57,21.97,23.06,5192909.0,124418693.0,183145196.0,0.028354055216386894
2018-03-06,23.08,23.67,22.61,23.17,6287366.0,151734416.0,183145196.0,0.03432995315913173
2018-03-07,22.9,23.34,22.65,22.95,3814543.0,91458926.0,183145196.0,0.02082797192234297
2018-03-15,23.89,25.24,23.6,25.24,8088459.0,211087242.0,183145196.0,0.04416418872379268
2018-03-16,26.27,27.28,24.73,24.84,15780850.0,425585576.0,183145196.0,0.08616578728060112
2018-03-19,24.55,24.74,23.14,23.69,11210771.0,279101724.0,183145196.0,0.06121247646594017
2018-03-20,23.12,23.31,22.0,22.61,10150091.0,240053710.0,183145196.0,0.05542100596512507
2018-03-21,22.62,23.16,22.0,22.02,6494602.0,154128315.0,183145196.0,0.035461492530767774
2018-03-22,22.16,22.83,22.04,22.43,5476327.0,128427963.0,183145196.0,0.029901559634684605
2018-03-23,21.16,21.59,20.19,20.19,7427524.0,161820979.0,183145196.0,0.0405553853566544
2018-03-26,19.27,21.08,19.27,20.99,5929774.0,127672978.0,183145196.0,0.03237744767271974
2018-03-27,21.52,22.58,21.49,22.16,7799879.0,180065877.0,183145196.0,0.0425884990180141
2018-03-28,21.66,22.83,21.63,21.96,6274822.0,146138611.0,183145196.0,0.03426146105410267
2018-03-29,21.67,22.34,21.64,22.22,5450195.0,125302970.0,183145196.0,0.02975887502940563
2018-03-30,22.08,23.53,21.99,23.49,10310829.0,247604246.0,183145196.0,0.056298659343486136
2018-04-02,24.25,25.68,23.69,24.41,11821574.0,305493737.0,183145196.0,0.06454755165950408
2018-04-03,23.92,25.68,23.88,25.19,11979650.0,310935432.0,183145196.0,0.06541067012208172
2018-04-04,25.33,25.63,24.46,24.57,7661228.0,200399993.0,183145196.0,0.04183144394352555
2018-04-09,24.52,25.01,24.12,24.24,4685600.0,119939072.0,183145196.0,0.025584072650204813
2018-04-10,24.35,24.68,22.96,23.52,8472462.0,210503537.0,183145196.0,0.046260902196965076
2018-04-11,24.05,24.54,23.6,23.78,5661347.0,142373534.0,183145196.0,0.03091179634326854
2018-04-12,24.25,24.64,23.23,23.69,6593688.0,166187063.0,183145196.0,0.03600251682277268
2018-04-13,24.11,24.27,23.66,23.93,4732461.0,119045470.0,183145196.0,0.025839940677450258
2018-04-16,23.8,24.44,23.28,23.47,6643300.0,166504714.0,183145196.0,0.03627340571903399
2018-04-17,23.74,25.44,23.74,24.16,11107096.0,285371817.0,183145196.0,0.06064639555164745
2018-04-18,24.84,26.42,24.18,25.93,18620618.0,492795349.0,183145196.0,0.10167134277439634
2018-04-19,25.8,26.62,25.18,25.21,14848341.0,401580018.0,183145196.0,0.08107414949611892
2018-04-20,25.02,26.74,25.02,26.27,18045403.0,489691742.0,183145196.0,0.09853058335201978
2018-04-23,26.04,26.16,24.0,24.73,14165382.0,374896234.0,183145196.0,0.0773450918144749
2018-04-24,24.39,25.25,24.25,24.88,11583338.0,301963367.0,183145196.0,0.06324674767881981
2018-04-25,24.67,26.63,24.55,25.69,13491778.0,362438880.0,183145196.0,0.07366711382372268
2018-04-26,25.47,27.6,25.41,26.71,20272518.0,563320128.0,183145196.0,0.11069096237719497
2018-04-27,27.0,28.04,25.8,26.27,12729232.0,355614208.0,183145196.0,0.06950349928916509
2018-05-02,26.7,26.99,25.6,25.76,9076109.0,249899017.0,183145196.0,0.049556904566582245
2018-05-03,25.45,25.7,23.98,25.44,10187806.0,264484795.0,183145196.0,0.05562693547255261
2018-05-04,25.04,26.45,24.94,25.44,7453293.0,200979374.0,183145196.0,0.04069608792796291
2018-05-07,24.74,25.09,24.27,24.96,10282998.0,266154411.0,183145196.0,0.056146697945601585
2018-05-08,24.82,24.86,24.25,24.75,7638012.0,196457540.0,183145196.0,0.04170468113179447
2018-05-09,24.63,25.78,24.55,25.4,8319711.0,220548654.0,183145196.0,0.04542685902610298
2018-05-10,25.6,25.6,24.61,25.12,7499179.0,196728865.0,183145196.0,0.040946632310246346
2018-05-11,24.95,25.37,24.61,24.62,4783769.0,124881269.0,183145196.0,0.0261200899858711
2018-05-14,24.26,24.78,22.97,23.02,7574534.0,188508603.0,183145196.0,0.0413580818139505
2018-05-15,23.03,23.48,22.99,23.31,4477285.0,109039653.0,183145196.0,0.024446641778144155
2018-05-16,23.17,23.45,22.46,22.63,4735632.0,114288701.0,183145196.0,0.025857254808911285
2018-05-17,22.43,23.08,22.43,23.01,3271397.0,78521527.0,183145196.0,0.017862314007952466
2018-05-18,23.04,23.32,22.7,23.3,3467077.0,83619768.0,183145196.0,0.018930755901454276
2018-05-21,23.83,23.83,23.16,23.49,3944484.0,97290998.0,183145196.0,0.02153746910183765
2018-05-22,23.57,23.66,22.89,23.33,3848486.0,93426575.0,183145196.0,0.021013305748953416
2018-05-23,23.33,23.88,23.25,23.4,4334646.0,106842680.0,183145196.0,0.023667811630723855
2018-05-24,23.47,23.66,22.75,22.86,3477184.0,84329568.0,183145196.0,0.018985941624152677
2018-05-25,22.61,22.83,21.32,21.61,6638758.0,152450300.0,183145196.0,0.03624860572373408
2018-05-28,21.35,21.93,21.35,21.43,2843198.0,64231224.0,183145196.0,0.015524283803764092
2018-05-29,21.42,21.74,21.13,21.49,2112200.0,47459558.0,183145196.0,0.011532926039730794
2018-05-30,21.27,21.96,20.66,21.0,3460296.0,77422746.0,183145196.0,0.01889373063326215
2018-05-31,21.6,21.69,20.91,21.29,2305965.0,51289831.0,183145196.0,0.012590911748512366
2018-06-01,20.92,21.24,20.55,20.68,2134633.0,46632290.0,183145196.0,0.011655413555046238
2018-06-04,21.01,21.02,20.55,20.89,1590624.0,34717702.0,183145196.0,0.008685043532345778
2018-06-05,20.75,21.37,20.75,21.31,1972900.0,43684157.0,183145196.0,0.01077232732874959
2018-06-06,21.45,21.5,20.99,21.08,1831201.0,40552672.0,183145196.0,0.009998629721087525
2018-06-07,21.09,21.22,20.46,20.63,2241100.0,48748648.0,183145196.0,0.01223673920445066
2018-06-08,20.62,20.89,20.32,20.66,2096700.0,45193980.0,183145196.0,0.011448293735206682
2018-06-11,20.47,20.63,19.7,19.94,2487100.0,52417944.0,183145196.0,0.013579935779478485
2018-06-12,20.03,20.5,19.83,20.45,2237012.0,47309177.0,183145196.0,0.01221441811665101
2018-06-13,20.44,20.89,20.12,20.57,2234868.0,48350618.0,183145196.0,0.012202711557883288
2018-06-14,20.45,21.3,20.38,21.09,2692700.0,59120193.0,183145196.0,0.014702542347875725
2018-06-15,21.11,22.59,21.11,21.95,8148877.0,188314474.0,183144946.00000003,0.0444941407228349
2018-06-19,21.61,21.95,19.76,19.88,6748829.0,146712280.0,183144946.00000003,0.03684966005013318
2018-06-20,19.67,19.88,18.18,19.01,5899476.0,118085101.0,183144946.00000003,0.032212060058703446
2018-06-21,19.15,19.17,17.11,17.11,7403864.0,137842185.0,183144946.00000003,0.040426253422248405
2018-06-22,16.73,17.33,16.44,16.92,4178968.0,74114819.0,183144946.00000003,0.02281781775184776
2018-06-25,17.06,18.32,17.01,17.78,6150595.0,114170343.0,183144946.00000003,0.03358320900648822
2018-06-26,17.53,18.38,17.25,18.08,4127296.0,77576107.0,183144946.00000003,0.02253568056418002
2018-06-27,18.11,18.8,17.87,18.08,4329410.0,83438836.0,183144946.00000003,0.02363925456070188
2018-06-28,18.07,18.69,17.65,17.88,3420172.0,65707982.0,183144946.00000003,0.018674673119289897
2018-06-29,18.02,18.77,17.78,18.64,4136471.0,79548842.0,183144946.00000003,0.02258577749669379
2018-07-02,18.69,18.83,17.8,18.07,3445663.0,66347131.0,183144946.00000003,0.018813857959258124
2018-07-03,17.88,19.88,17.88,19.88,5967387.0,119363514.0,183144946.00000003,0.03258286472180345
2018-07-04,20.05,20.27,19.35,19.64,7400879.0,153661252.0,183144946.00000003,0.04040995485619352
2018-07-05,19.31,19.58,18.55,18.67,5221952.0,104044142.0,183144946.00000003,0.028512673235329133
2018-07-06,18.79,20.18,18.79,19.32,7395464.0,150881321.0,183144946.00000003,0.04038038811073716
2018-07-09,19.03,20.0,18.92,19.82,4866998.0,99763313.0,183144946.00000003,0.02657456897554792
2018-07-10,19.73,19.84,19.23,19.6,4280584.0,87359721.0,183144946.00000003,0.02337265697738664
2018-07-11,19.12,19.4,18.19,18.83,4661526.0,91852435.0,183144946.00000003,0.025452659774733828
2018-07-12,18.83,19.98,18.52,19.61,5691300.0,116297611.0,183144946.00000003,0.031075386595707636
2018-07-13,19.52,20.05,19.5,19.59,4287799.0,88421287.0,183144946.00000003,0.02341205200388112
2018-07-16,19.59,21.2,19.35,19.42,4724300.0,98315464.0,183144946.00000003,0.025795415615782264
2018-07-17,19.63,20.25,19.59,20.17,5235784.0,108905211.0,183144946.00000003,0.02858819811495098
2018-07-18,20.34,20.47,19.33,19.34,5793925.0,119280658.0,183144946.00000003,0.031635735118784
2018-07-19,19.36,19.45,18.88,19.15,2731720.0,54524526.0,183144946.00000003,0.014915617709701907
2018-07-20,19.15,19.28,18.72,19.13,3216470.0,64047927.0,183144946.00000003,0.01756242839482996
2018-07-23,19.03,19.93,18.93,19.78,4827704.0,99051310.0,183144946.00000003,0.026360017600485678
2018-07-24,19.59,19.9,19.53,19.74,3548017.0,73264919.0,183144946.00000003,0.019372726780022637
2018-07-25,19.79,20.26,19.36,19.51,5242260.0,108384846.0,183144946.00000003,0.028623558086063698
2018-07-26,19.58,19.58,18.74,18.8,3659342.0,72852736.0,183144946.00000003,0.01998057866144993
2018-07-27,18.59,18.97,18.53,18.67,1580500.0,30947500.0,183144946.00000003,0.008629776767085888
2018-07-30,18.64,18.86,17.87,18.06,2267700.0,43406801.0,183144946.00000003,0.012381996061196249
2018-07-31,18.06,18.26,17.75,17.94,1773400.0,33373331.0,183144946.00000003,0.009683040885004818
2018-08-01,18.05,18.29,17.68,17.71,2127000.0,40050424.0,183144946.00000003,0.011613752093382909
2018-08-02,17.55,17.64,16.74,16.91,2893700.0,51628243.0,183144946.00000003,0.0158000538000104
2018-08-03,17.06,17.06,16.58,16.8,1828309.0,32276313.0,183144946.00000003,0.009982852598072784
2018-08-06,16.54,16.96,16.3,16.37,1931584.0,33437919.0,183144946.00000003,0.010546750222635135
2018-08-07,16.42,16.91,16.36,16.88,2057376.0,35920284.0,183144946.00000003,0.011233594182828282
2018-08-08,16.76,17.0,16.52,16.63,1396684.0,24476286.0,183144946.00000003,0.007626112707472691
2018-08-09,16.54,17.51,16.41,17.3,3109984.0,56209194.0,183144946.00000003,0.01698099820892682
2018-08-10,17.24,17.45,17.11,17.4,2286820.0,41399128.0,183144946.00000003,0.012486394246445652
2018-08-13,17.11,17.78,17.01,17.7,2399425.0,43702308.0,183144946.00000003,0.013101235127722278
2018-08-14,17.65,17.7,17.27,17.41,1561500.0,28445718.0,183144946.00000003,0.00852603380057236
2018-08-15,17.4,17.5,16.84,16.9,2359200.0,42281416.0,183144946.00000003,0.012881600347300872
2018-08-16,16.58,17.27,16.47,16.82,2096200.0,37038248.0,183144946.00000003,0.011445579284508347
2018-08-17,17.02,17.15,15.85,15.85,2802150.0,48211953.0,183144946.00000003,0.015300176506099161
2018-08-20,15.77,16.39,15.77,16.33,2526250.0,42371859.0,183144946.00000003,0.013793719429200081
2018-08-21,16.3,16.91,16.26,16.68,2203050.0,38438964.0,183144946.00000003,0.012028996967243636
2018-08-22,16.55,16.87,16.55,16.62,1440900.0,25172071.0,183144946.00000003,0.007867538971018068
2018-08-23,16.56,17.3,16.55,16.92,2639000.0,46946307.0,183144946.00000003,0.014409352033115889
2018-08-24,16.78,17.13,16.76,16.94,1403700.0,24916497.0,183144946.00000003,0.007664421162896845
2018-08-27,17.16,17.42,16.8,17.28,2431085.0,43724448.0,183144946.00000003,0.01327410367087061
2018-08-28,17.35,17.37,17.01,17.12,1927150.0,34588852.0,183144946.00000003,0.010522539890344556
2018-08-29,17.11,17.2,16.76,16.9,1946404.0,34510752.0,183144946.00000003,0.010627669736515686
2018-08-30,16.93,17.09,16.34,16.41,1946100.0,33954519.0,183144946.00000003,0.01062600984905147
2018-08-31,16.46,16.71,16.34,16.45,2079612.0,36017671.0,183144946.00000003,0.011355006214585904
2018-09-03,16.52,16.66,15.88,16.19,2066300.0,34863326.0,183144946.00000003,0.011282320616152846
2018-09-04,16.25,16.98,16.16,16.94,3344102.0,58557943.0,183144946.00000003,0.018259319042306522
2018-09-05,16.94,16.94,16.44,16.47,2315856.0,40428980.0,183144946.00000003,0.012644935339902854
2018-09-06,16.55,17.16,16.08,16.75,3363066.0,58829788.0,183144946.00000003,0.018362865443199285
2018-09-07,16.73,16.89,16.08,16.25,3093186.0,53286655.0,183144946.00000003,0.016889278506216597
2018-09-10,16.14,16.23,15.59,15.65,2220170.0,36816766.0,183144946.00000003,0.012122474840228459
2018-09-11,15.68,15.96,15.49,15.77,1096198.0,18095934.0,183144946.00000003,0.005985412231905104
2018-09-12,15.78,15.95,15.65,15.71,1140300.0,18848562.0,183144946.00000003,0.006226216037651401
2018-09-13,15.88,15.95,15.56,15.81,1302538.0,21469960.0,183144946.00000003,0.007112060848242024
2018-09-14,15.78,15.92,15.63,15.7,1109000.0,18296310.0,183144946.00000003,0.006055313150710694
2018-09-17,15.68,15.68,14.6,14.67,2604476.0,40750348.0,183144946.00000003,0.014220845602804675
2018-09-18,14.67,14.99,14.44,14.93,1526526.0,23686665.0,183144946.00000003,0.008335070300001616
2018-09-19,14.86,15.41,14.86,15.27,1867200.0,29668424.0,183144946.00000003,0.010195203530213711
2018-09-20,15.35,15.55,15.17,15.23,1359500.0,21823505.0,183144946.00000003,0.007423082261849583
2018-09-21,15.39,15.65,15.23,15.51,1570754.0,25437106.0,183144946.00000003,0.008576562085420581
2018-09-25,15.51,15.66,15.34,15.48,956902.0,15552189.0,183144946.00000003,0.0052248343233015
2018-09-26,15.47,15.76,15.41,15.52,1554302.0,25233790.0,183144946.00000003,0.00848673159673213
2018-09-27,15.52,15.53,14.83,14.83,1896600.0,29958253.0,183144946.00000003,0.010355732120503067
2018-09-28,14.93,15.68,14.83,15.54,2654202.0,42672528.0,183144946.00000003,0.014492357326638975
2018-10-08,15.26,15.5,14.65,14.65,2216268.0,34719757.0,183144946.00000003,0.012101169311000259
2018-10-09,15.1,15.1,14.49,14.71,1220534.0,18796216.0,183144946.00000003,0.006664306204769635
2018-10-10,14.76,14.86,14.53,14.73,1010601.0,15574352.0,183144946.00000003,0.005518039247449394
2018-10-11,14.15,14.16,13.26,13.26,2696000.0,38197578.0,183144946.00000003,0.014720580932656473
2018-10-12,13.19,13.3,12.11,13.03,2416426.0,32326994.0,183144946.00000003,0.013194063242127357
2018-10-15,13.25,13.31,12.97,13.02,2191508.0,30271355.0,183144946.00000003,0.011965975845164734
2018-10-16,12.95,13.37,12.81,12.87,1249200.0,17154746.0,183144946.00000003,0.006820827040457889
2018-10-17,13.13,13.51,13.01,13.37,2353577.0,32779551.0,183144946.00000003,0.012850897889369
2018-10-18,13.2,13.32,12.4,12.46,2328806.0,30931684.0,183144946.00000003,0.012715644361816021
2018-10-19,12.14,13.09,12.03,13.09,2512211.0,33607426.0,183144946.00000003,0.013717064297258847
2018-10-22,13.07,13.95,13.07,13.65,3306992.0,47270141.0,183144946.00000003,0.018056692648237203
2018-10-23,13.67,13.78,13.42,13.52,1958438.0,27902490.0,183144946.00000003,0.010693377255411677
2018-10-24,13.52,13.79,13.48,13.48,1329900.0,18937323.0,183144946.00000003,0.007261461640333771
2018-10-25,13.14,13.61,12.99,13.56,1659178.0,23055712.0,183144946.00000003,0.009059370931262278
2018-10-26,13.83,13.95,13.41,13.62,1986437.0,28360593.0,183144946.00000003,0.010846256166959691
2018-10-29,13.36,13.6,13.33,13.38,1340361.0,18880169.0,183144946.00000003,0.007318580333633667
2018-10-30,13.29,13.83,13.29,13.65,1873418.0,26686667.0,183144946.00000003,0.010229154781044298
2018-10-31,13.76,13.91,13.63,13.76,2113905.0,30472800.0,183144946.00000003,0.011542251348830558
2018-11-01,13.86,14.38,13.73,14.11,3908559.0,57434358.0,183144946.00000003,0.02134134239227109
2018-11-02,14.4,14.52,14.08,14.32,3120245.0,46562278.0,183144946.00000003,0.01703702487100026
2018-11-05,14.41,14.6,14.05,14.3,2807840.0,42135459.0,183144946.00000003,0.015331244794491897
2018-11-06,14.16,14.38,13.95,14.25,2118767.0,31415947.0,183144946.00000003,0.011568798627945756
2018-11-07,14.15,14.41,14.15,14.19,1632639.0,24373986.0,183144946.00000003,0.008914463847667408
2018-11-08,14.48,14.5,13.95,13.95,1220521.0,18057223.0,183144946.00000003,0.006664235222739915
2018-11-09,14.01,14.41,14.0,14.13,2385900.0,35611993.0,183144946.00000003,0.013027386516033043
2018-11-12,14.13,14.63,14.12,14.57,2482912.0,37560203.0,183144946.00000003,0.013557087182738854
2018-11-13,14.4,14.75,14.33,14.55,2292613.0,34864750.0,183144946.00000003,0.012518024930920014
2018-11-14,14.55,15.31,14.5,15.15,4366700.0,67968238.0,183144946.00000003,0.02384286378287501
2018-11-15,15.11,16.67,14.75,15.72,5654776.0,91342195.0,183144946.00000003,0.03087595985313184
2018-11-16,15.63,15.94,15.55,15.61,2809613.0,46125993.0,183144946.00000003,0.015340925651314449
2018-11-19,15.61,15.9,15.34,15.47,2131700.0,34739787.0,183144946.00000003,0.011639414827204675
2018-11-20,15.37,15.72,15.1,15.16,2662763.0,43168230.0,183144946.00000003,0.014539101723287519
2018-11-21,14.93,15.22,14.91,15.21,1551692.0,24436249.0,183144946.00000003,0.00847248058922685
2018-11-22,15.21,15.71,15.11,15.62,2208932.0,35772869.0,183144946.00000003,0.012061113605613773
2018-11-23,15.59,15.65,14.44,14.66,2741199.0,43030233.0,183144946.00000003,0.014967374529679894
2018-11-26,14.66,14.91,14.43,14.57,1057349.0,16267363.0,183144946.00000003,0.005773290626321732
2018-11-27,14.81,14.87,14.63,14.73,968066.0,14934008.0,183144946.00000003,0.005285791506362397
2018-11-28,14.73,14.87,14.43,14.83,1018365.0,15665541.0,183144946.00000003,0.005560431899660501
2018-11-29,14.92,15.09,14.38,14.38,1515823.0,23404149.0,183144946.00000003,0.008276630248917706
2018-11-30,14.34,14.54,13.89,14.35,1698762.0,25257863.0,183144946.00000003,0.009275505751602884
2018-12-03,14.75,15.61,14.74,15.45,3842950.0,61100042.0,183144946.00000003,0.02098310700858761
2018-12-04,15.39,15.57,15.28,15.49,2223340.0,35925395.0,183144946.00000003,0.012139783535167821
2018-12-05,15.28,15.75,15.2,15.49,2365340.0,38392757.0,183144946.00000003,0.01291512570595314
2018-12-06,15.34,15.61,15.05,15.12,1808332.0,28903936.0,183144946.00000003,0.009873775059018007
2018-12-07,15.15,15.61,15.15,15.39,1403940.0,22648432.0,183144946.00000003,0.0076657316003685945
2018-12-10,15.4,15.4,15.03,15.03,1279440.0,20292291.0,183144946.00000003,0.006985942161898367
2018-12-11,15.29,15.53,15.11,15.49,1780992.0,28737668.0,183144946.00000003,0.009724494390361172
2018-12-12,15.59,15.59,15.02,15.08,1841912.0,29375226.0,183144946.00000003,0.010057127101940337
2018-12-13,15.1,15.5,15.1,15.42,1821500.0,29272524.0,183144946.00000003,0.009945674394968015
2018-12-14,15.38,15.38,14.82,14.95,1601551.0,25247662.0,183144946.00000003,0.008744718513826747
2018-12-17,15.01,15.48,14.55,14.91,1567800.0,24261576.0,183144946.00000003,0.008560432784205794
2018-12-18,14.67,14.82,14.28,14.52,1598000.0,24300346.0,183144946.00000003,0.008725329499400981
2018-12-19,14.61,14.61,14.2,14.22,1229526.0,18472558.0,183144946.00000003,0.006713403928711195
2018-12-20,14.24,14.51,14.06,14.21,1283574.0,19073218.0,183144946.00000003,0.007008514447349259
2018-12-21,14.15,14.28,13.95,14.09,894851.0,13211384.0,183144946.00000003,0.004886026175136713
2018-12-24,14.09,14.43,13.95,14.17,1722026.0,25500776.0,183144946.00000003,0.009402530823864502
2018-12-25,14.17,14.17,13.54,14.0,1600900.0,23227168.0,183144946.00000003,0.008741163952184624
2018-12-26,14.01,14.07,13.6,13.77,1220012.0,17626173.0,183144946.00000003,0.0066614560032685795
2018-12-27,14.12,14.12,13.48,13.48,1560212.0,22603987.0,183144946.00000003,0.00851900111947397
2018-12-28,13.48,13.71,13.1,13.26,1257801.0,17560999.0,183144946.00000003,0.0068677898433517235
2019-01-02,13.38,13.45,13.08,13.14,948501.0,13125903.0,183144946.00000003,0.005178963551634124
2019-01-03,13.18,13.32,12.7,12.71,1526700.0,20692056.0,183144946.00000003,0.008336020367168635
2019-01-04,12.44,13.27,12.44,13.12,1936100.0,26009104.0,183144946.00000003,0.01057140828772856
2019-01-07,13.14,13.82,13.14,13.65,2745040.0,38985048.0,183144946.00000003,0.014988346989384024
2019-01-08,13.65,13.75,13.52,13.6,1156459.0,16485997.0,183144946.00000003,0.006314446700593091
2019-01-09,13.68,13.98,13.63,13.67,1848591.0,26698091.0,183144946.00000003,0.010093595484747909
2019-01-10,13.61,13.8,13.48,13.52,1108900.0,15818646.0,183144946.00000003,0.006054767135097464
2019-01-11,13.66,13.71,13.44,13.69,1231703.0,17471204.0,183144946.00000003,0.006725290688611193
2019-01-14,13.61,13.95,13.61,13.83,1697213.0,24539547.0,183144946.00000003,0.009267047969753965
2019-01-15,13.83,13.84,13.56,13.8,1847600.0,26459161.0,183144946.00000003,0.010088184470020809
2019-01-16,13.79,13.8,13.29,13.5,1930400.0,27325315.0,183144946.00000003,0.010540285397774503
2019-01-17,13.5,13.64,13.38,13.45,1118090.0,15813617.0,183144946.00000003,0.006104945969953218
2019-01-18,13.37,13.6,13.19,13.43,1803400.0,25191854.0,183144946.00000003,0.009846845568973549
2019-01-21,13.43,13.73,13.35,13.67,1813527.0,25791964.0,183144946.00000003,0.009902140570125258
2019-01-22,13.71,13.71,13.17,13.21,2169001.0,30274783.0,183144946.00000003,0.011843084111095262
2019-01-23,13.24,13.44,13.18,13.32,1287430.0,17942086.0,183144946.00000003,0.007029568809395373
2019-01-24,13.33,14.36,13.29,13.9,5108321.0,74731638.0,183144946.00000003,0.027892230233860775
2019-01-25,13.9,14.04,13.55,13.72,2958699.0,42754567.0,183144946.00000003,0.01615495848845318
2019-01-28,13.73,13.83,13.29,13.41,2388612.0,33874435.0,183144946.00000003,0.013042194459463816
2019-01-29,13.41,13.44,12.76,13.13,2195495.0,30054995.0,183144946.00000003,0.01198774548766418
2019-01-30,13.09,13.29,12.94,13.0,960716.0,13199157.0,183144946.00000003,0.005245659358790058
2019-01-31,13.0,13.32,12.91,12.91,1453006.0,19938350.0,183144946.00000003,0.007933639621155583
2019-02-01,13.07,13.54,12.92,13.41,1514504.0,21076958.0,183144946.00000003,0.008269428302979213
2019-02-11,13.49,13.89,13.48,13.82,1878764.0,26951049.0,183144946.00000003,0.010258344775727525
2019-02-12,13.81,14.05,13.75,13.85,1701190.0,24755881.0,183144946.00000003,0.009288763010692086
2019-02-13,14.02,15.24,14.02,15.24,6714856.0,104492157.0,183144946.00000003,0.03666416216585086
2019-02-14,15.48,15.75,14.99,15.28,9407601.0,151208323.0,183144946.00000003,0.05136697029029673
2019-02-15,15.14,15.44,15.07,15.17,4280853.0,68229264.0,183144946.00000003,0.023374125759386227
2019-02-18,15.2,15.86,15.2,15.69,6951897.0,113363846.0,183144946.00000003,0.03795844303560525
2019-02-19,15.69,15.72,15.2,15.49,6416855.0,103839460.0,183144946.00000003,0.03503703017827202
2019-02-20,15.29,15.62,15.06,15.36,3509027.0,56204839.0,183144946.00000003,0.01915983529242461
2019-02-21,15.25,15.77,15.18,15.18,4840250.0,78222222.0,183144946.00000003,0.0264285207193214
2019-02-22,15.17,15.51,15.12,15.47,3387178.0,54358017.0,183144946.00000003,0.018494520727861088
2019-02-25,15.6,16.44,15.53,16.21,8601200.0,144061814.0,183144946.00000003,0.04696389492506115
2019-02-26,16.25,16.68,15.68,16.18,8801543.0,149318273.0,183144946.00000003,0.048057798985072724
2019-02-27,16.07,16.39,15.88,16.04,4392400.0,74405704.0,183144946.00000003,0.023983189795474886
2019-02-28,16.26,16.4,15.98,16.21,3503843.0,59429422.0,183144946.00000003,0.019131529843034813
2019-03-01,16.25,16.63,16.15,16.48,4126230.0,70836818.0,183144946.00000003,0.022529860037743
2019-03-04,16.65,17.09,16.34,16.41,6007274.0,105340195.0,183144946.00000003,0.03280065396945215
2019-03-05,16.34,17.47,16.26,17.45,8925847.0,158188095.0,183144946.00000003,0.04873651823294102
2019-03-06,17.73,18.35,17.21,17.59,9279045.0,171667796.0,183144946.00000003,0.05066503445855393
2019-03-07,17.3,17.62,17.19,17.32,6043806.0,109697956.0,183144946.00000003,0.033000124393277
2019-03-08,17.11,18.81,16.73,17.78,12002265.0,226283860.0,183144946.00000003,0.06553424084113137
2019-03-11,18.11,18.69,17.65,18.45,8809665.0,167465511.0,183144946.00000003,0.04810214637317919
2019-03-12,18.3,18.73,18.21,18.73,7834905.0,150928757.0,183144946.00000003,0.04277980458166724
2019-03-13,19.12,19.28,17.2,17.67,8565729.0,163402227.0,183144946.00000003,0.04677021772689266
2019-03-14,17.4,17.53,16.25,16.51,5530203.0,96867041.0,183144946.00000003,0.030195771823263957
2019-03-15,16.78,16.88,16.27,16.45,4442530.0,76868982.0,183144946.00000003,0.024256907422386634
2019-03-18,16.45,16.77,16.3,16.76,3430398.0,59343639.0,183144946.00000003,0.0187305086758987
2019-03-19,16.89,17.57,16.81,17.2,4600832.0,82574103.0,183144946.00000003,0.02512126105844056
2019-03-20,17.07,17.18,16.4,16.77,4137401.0,72530865.0,183144946.00000003,0.02259085544189682
2019-03-21,16.94,17.2,16.77,16.85,4084404.0,72566031.0,183144946.00000003,0.022301483547353795
2019-03-22,17.01,17.09,16.25,16.66,4981950.0,86420480.0,183144946.00000003,0.027202224843267033
2019-03-25,16.16,16.8,16.16,16.63,3889339.0,67593243.0,183144946.00000003,0.021236398191408455
2019-03-26,16.77,16.82,15.94,16.03,3889739.0,66490288.0,183144946.00000003,0.021238582253861372
2019-03-27,16.11,16.46,15.98,16.46,3580843.0,60856517.0,183144946.00000003,0.019551961865221217
2019-03-28,16.46,16.86,16.16,16.44,3018633.0,52305836.0,183144946.00000003,0.01648220748608591
2019-03-29,16.44,17.01,16.2,16.97,4232870.0,73754613.0,183144946.00000003,0.02311213108769051
2019-04-01,16.52,17.35,16.49,17.25,7605820.0,135348774.0,183144946.00000003,0.041528964714101356
2019-04-02,17.2,17.97,17.05,17.9,11422654.0,209652047.0,183144946.00000003,0.06236947428513806
2019-04-03,17.76,18.09,17.49,17.88,7258235.0,134831925.0,183144946.00000003,0.039631096344859
2019-04-04,18.02,18.06,17.41,17.59,5671946.0,104580214.0,183144946.00000003,0.030969710733923277
2019-04-08,17.32,18.05,17.32,17.74,8559457.0,158234851.0,183144946.00000003,0.04673597162763093
2019-04-09,17.64,17.64,17.1,17.21,6184566.0,111858529.0,183144946.00000003,0.03376869597045828
2019-04-10,17.08,17.08,16.25,16.6,4302416.0,74977455.0,183144946.00000003,0.023491863106066817
2019-04-11,16.76,16.77,15.91,15.95,4367052.0,74127387.0,183144946.00000003,0.023844785757833574
2019-04-12,15.94,16.12,15.9,16.06,2502550.0,41973904.0,183144946.00000003,0.013664313728864784
2019-04-15,16.39,17.64,16.29,16.78,6002633.0,106455556.0,183144946.00000003,0.032775313384842186
2019-04-16,16.88,17.2,16.33,17.16,4657999.0,82435824.0,183144946.00000003,0.025433401804055237
2019-04-17,17.05,17.47,16.97,16.99,3657942.0,65568086.0,183144946.00000003,0.019972934442864722
2019-04-18,16.94,17.05,16.71,16.77,2434784.0,42890074.0,183144946.00000003,0.013294300788403953
2019-04-19,16.65,17.04,16.48,16.98,2899722.0,50837625.0,183144946.00000003,0.015832934860239057
2019-04-22,16.98,17.34,16.82,17.06,3346200.0,59868900.0,183144946.00000003,0.018270774449872067
2019-04-23,17.03,17.07,16.41,16.54,2420241.0,42127077.0,183144946.00000003,0.013214893737772047
2019-04-24,16.86,17.83,16.73,17.65,8607419.0,157249001.0,183144946.00000003,0.04699785163604787
2019-04-25,17.48,17.95,16.99,17.23,7938204.0,145537189.0,183144946.00000003,0.04334383324997676
2019-04-26,17.13,18.32,17.01,18.15,11477644.0,215082347.0,183144946.00000003,0.06266972827085274
2019-04-29,18.16,18.16,16.33,16.86,9008630.0,164774141.0,183144946.00000003,0.04918852633804047
2019-04-30,16.36,16.62,15.46,15.88,7471050.0,125625556.0,183144946.00000003,0.040793099472152504
2019-05-06,15.05,15.36,14.29,14.52,5715508.0,87835282.0,183144946.00000003,0.031207566055358137
2019-05-07,14.6,14.9,14.32,14.72,3170234.0,48637008.0,183144946.00000003,0.017309972615897354
2019-05-08,14.34,15.16,13.99,14.48,2874754.0,44174593.0,183144946.00000003,0.015696605681928016
2019-05-09,14.48,15.1,14.48,14.75,2894305.0,45059012.0,183144946.00000003,0.015803357194470437
2019-05-10,14.91,15.66,14.44,15.6,5036245.0,80143905.0,183144946.00000003,0.02749868402046977
2019-05-13,15.4,15.83,15.16,15.32,3739082.0,60611007.0,183144946.00000003,0.02041597151143881
2019-05-14,15.25,15.62,15.11,15.25,2806482.0,45173056.0,183144946.00000003,0.015323829902464246
2019-05-15,15.44,15.53,15.11,15.38,2986650.0,47950238.0,183144946.00000003,0.016307575312506848
2019-05-16,15.42,15.42,15.05,15.17,2318268.0,36819839.0,183144946.00000003,0.012658105236493938
2019-05-17,15.34,15.65,14.82,14.95,3573600.0,57005592.0,183144946.00000003,0.019512413954355035
2019-05-20,15.1,15.66,15.1,15.59,5342207.0,86159858.0,183144946.00000003,0.029169284311017785
2019-05-21,15.4,15.55,15.1,15.51,3662114.0,58988873.0,183144946.00000003,0.019995714214248637
2019-05-22,15.51,15.8,15.36,15.62,3529362.0,57455311.0,183144946.00000003,0.01927086756737475
2019-05-23,15.69,15.9,15.27,15.55,3596581.0,58786059.0,183144946.00000003,0.019637893802431215
2019-05-24,15.29,15.46,14.55,14.59,3398600.0,53056217.0,183144946.00000003,0.018556886631204115
2019-05-27,14.72,16.04,14.62,15.73,5937401.0,96195603.0,183144946.00000003,0.03241913648002058
2019-05-28,15.88,15.95,15.47,15.55,4472981.0,73366943.0,183144946.00000003,0.024423174636771027
2019-05-29,15.53,16.42,15.41,16.01,6281430.0,104942192.0,183144946.00000003,0.03429758853405651
2019-05-30,16.33,16.58,15.52,15.76,5293597.0,87583913.0,183144946.00000003,0.02890386612142712
2019-05-31,15.58,16.23,15.57,16.14,5123907.0,84874945.0,183144946.00000003,0.027977332227338662
2019-06-03,16.19,16.24,15.58,15.69,4388323.0,72124758.0,183144946.00000003,0.023960928738923536
2019-06-04,15.67,15.67,15.1,15.24,3032800.0,48170848.0,183144946.00000003,0.016559561518012075
2019-06-05,15.37,15.45,15.07,15.16,1897320.0,30101698.0,183144946.00000003,0.010359663432918316
2019-06-06,15.18,15.18,14.61,14.73,2075804.0,32188865.0,183144946.00000003,0.01133421394003414
2019-06-10,14.7,15.05,14.7,14.86,1738104.0,26969630.0,183144946.00000003,0.009490319214159475
2019-06-11,14.8,15.27,14.54,15.18,3270147.0,51103523.0,183144946.00000003,0.017855513195542943
2019-06-12,15.1,15.27,14.94,14.94,3260299.0,51231116.0,183144946.00000003,0.01780174157795214
2019-06-13,14.91,14.98,14.65,14.76,2362356.0,36301238.0,183144946.00000003,0.012898832600054384
2019-06-14,14.76,14.9,14.11,14.22,3587468.0,53779587.0,183144946.00000003,0.019588135399597646
2019-06-17,14.22,14.31,14.09,14.16,1137300.0,16786858.0,237758394.0,0.004783427330855877
2019-06-18,14.17,14.45,14.17,14.38,1368668.0,20437125.0,237758394.0,0.005756549650987296
2019-06-19,14.7,14.89,14.41,14.54,2089602.0,32037970.0,237758394.0,0.008788762259220173
2019-06-20,14.54,14.78,14.36,14.69,1612004.0,24524789.0,237758394.0,0.006780008784884373
2019-06-21,14.79,15.07,14.75,14.8,2345452.0,36299381.0,237758394.0,0.009864854655772953
2019-06-24,14.8,14.93,14.63,14.65,1836604.0,28152954.0,237758394.0,0.0077246652330600785
2019-06-25,14.6,14.72,14.34,14.47,1702516.0,25683904.0,237758394.0,0.007160697762788556
2019-06-26,14.37,14.57,14.32,14.45,1271624.0,19140845.0,237758394.0,0.005348387405409543
2019-06-27,14.5,14.78,14.41,14.68,2065200.0,31533601.0,237758394.0,0.008686128658826658
2019-06-28,14.68,14.7,14.37,14.39,1439179.0,21717625.0,237758394.0,0.006053115415979803
2019-07-01,14.85,15.83,14.84,15.59,8850461.0,141505405.0,237758394.0,0.03722459952349779
2019-07-02,15.83,15.96,15.34,15.46,5492067.0,89099570.0,237758394.0,0.023099361110253798
2019-07-03,15.49,15.49,15.15,15.28,2703952.0,43006318.0,237758394.0,0.011372687855554744
2019-07-04,15.28,15.4,14.94,15.11,2172525.0,34202523.0,237758394.0,0.00913753227993288
2019-07-05,15.11,15.33,15.05,15.28,2454870.0,38845390.0,237758394.0,0.010325061330957678
2019-07-08,15.38,15.38,14.78,14.85,2008100.0,31438061.0,237758394.0,0.008445968893952068
2019-07-09,15.04,15.51,14.77,15.38,2674579.0,42240229.0,237758394.0,0.01124914647598099
2019-07-10,15.29,15.72,15.18,15.43,3655716.0,58890703.0,237758394.0,0.01537575998263178
2019-07-11,15.45,15.7,15.12,15.68,4244952.0,68483905.0,237758394.0,0.017854057341925012
2019-07-12,15.65,17.23,15.58,16.21,8626242.0,146983267.0,237758394.0,0.036281545542404696
2019-07-15,16.82,16.82,16.2,16.62,10151325.0,174765425.0,237758394.0,0.0426959689170848
2019-07-16,16.26,17.82,16.06,17.13,13538127.0,235595266.0,237758394.0,0.056940689967816656
2019-07-17,16.82,17.57,16.69,17.03,10395905.0,185475144.0,237758394.0,0.043724660253214864
2019-07-18,16.84,16.87,16.32,16.33,8273235.0,142643275.0,237758394.0,0.034796815627884836
2019-07-19,16.47,16.58,16.15,16.17,5080032.0,86400904.0,237758394.0,0.021366362358588274
2019-07-22,16.24,16.32,15.38,15.64,5047100.0,82728740.0,237758394.0,0.021227852001725753
2019-07-23,15.65,16.13,15.52,15.82,3592465.0,59233261.0,237758394.0,0.015109729417166234
2019-07-24,15.91,16.74,15.86,16.59,7522843.0,128379298.0,237758394.0,0.03164070413429862
2019-07-25,16.4,16.69,16.28,16.51,6774147.0,116200201.0,237758394.0,0.028491725932502723
2019-07-26,16.58,17.19,16.48,16.73,11169200.0,195204114.0,237758394.0,0.04697710062762284
2019-07-29,16.72,16.91,16.51,16.77,6204207.0,108034384.0,237758394.0,0.02609458659112578
2019-07-30,16.77,17.0,16.58,16.62,3949106.0,68922074.0,237758394.0,0.016609743755250973
2019-07-31,16.72,16.74,16.23,16.28,4140633.0,70795500.0,237758394.0,0.017415296807565078
2019-08-01,16.26,17.17,16.17,16.97,9267783.0,163351387.0,237758394.0,0.03897983513465354
2019-08-02,16.53,17.33,16.38,17.0,9907465.0,174622621.0,237758394.0,0.04167030586520533
2019-08-05,16.99,17.21,16.44,16.61,7355618.0,128525497.0,237758394.0,0.03093736408734322
2019-08-06,16.14,16.24,15.38,16.24,7719585.0,127569656.0,237758394.0,0.03246819121767789
2019-08-07,16.2,16.2,15.71,15.76,4476830.0,74318039.0,237758394.0,0.018829324696733946
2019-08-08,15.86,16.03,15.64,15.85,3100850.0,51015580.0,237758394.0,0.013042021136801588
2019-08-09,15.9,16.19,15.74,15.85,3237000.0,53728768.0,237758394.0,0.013614661276690825
2019-08-12,15.91,16.24,15.54,16.22,3610071.0,59856652.0,237758394.0,0.01518377937899429
2019-08-13,16.05,16.21,15.81,15.99,2648500.0,44059582.0,237758394.0,0.011139459496853769
2019-08-14,16.24,16.76,16.13,16.51,6397179.0,109727286.0,237758394.0,0.026906217241692842
2019-08-15,15.95,16.67,15.84,16.54,4883312.0,82601546.0,237758394.0,0.020538967806116658
2019-08-16,16.44,16.86,16.39,16.77,5258287.0,91270481.0,237758394.0,0.022116094037882842
2019-08-19,16.76,17.39,16.61,17.33,7820192.0,139590201.0,237758394.0,0.03289133926434581
2019-08-20,17.34,17.36,16.99,17.05,5189817.0,92648544.0,237758394.0,0.02182811261755074
2019-08-21,17.07,17.27,16.93,17.03,3997492.0,71016045.0,237758394.0,0.01681325286879251
2019-08-22,17.04,17.37,16.85,17.09,3698893.0,65705400.0,237758394.0,0.015557360300810242
2019-08-23,17.09,17.09,16.09,16.14,8856273.0,151609356.0,237758394.0,0.03724904450692075
2019-08-26,15.89,17.76,15.83,16.8,9712428.0,170187841.0,237758394.0,0.04084998992716951
2019-08-27,16.8,17.38,16.57,17.15,8533176.0,151320140.0,237758394.0,0.03589011456731155
2019-08-28,17.4,17.63,16.89,17.48,11301119.0,203494794.0,237758394.0,0.04753194539158941
2019-08-29,17.49,17.72,17.18,17.4,8667590.0,157209105.0,237758394.0,0.03645545317739655
2019-08-30,17.54,17.67,16.69,16.82,9105857.0,163392443.0,237758394.0,0.038298782418592546
2019-09-02,17.05,17.53,16.83,17.43,8882883.0,159270776.0,237758394.0,0.0373609648456828
2019-09-03,17.49,18.24,17.3,18.13,16127103.0,298920558.0,237758394.0,0.06782979447615212
2019-09-04,18.16,19.69,18.11,18.94,23000010.0,452251378.0,237758394.0,0.09673690006502988
2019-09-05,18.96,19.69,18.75,18.93,17783896.0,355238323.0,237758394.0,0.07479818357117604
2019-09-06,19.51,20.47,19.12,19.5,19754147.0,405157108.0,237758394.0,0.08308496145040414
2019-09-09,19.52,20.13,19.27,20.03,14808773.0,305319085.0,237758394.0,0.06228496395378579
2019-09-10,19.8,19.95,19.03,19.08,12489404.0,251301036.0,237758394.0,0.05252981310094145
2019-09-11,19.12,19.29,18.72,18.89,9738700.0,192446835.0,237758394.0,0.04096048865471391
2019-09-12,19.01,19.21,18.77,18.87,6699380.0,132073679.0,237758394.0,0.028177259642828845
2019-09-16,18.98,19.17,18.77,18.98,6618863.0,130892530.0,237758394.0,0.027838609138653585
2019-09-17,19.13,19.16,18.34,18.43,6742054.0,130883616.0,237758394.0,0.02835674436798223
2019-09-18,18.35,18.63,18.17,18.55,5184539.0,99484893.0,237758394.0,0.021805913611613645
2019-09-19,18.55,19.44,18.41,19.34,11580257.0,229863979.0,237758394.0,0.048705985959847965
2019-09-20,19.22,19.66,19.05,19.49,10910104.0,219269586.0,237758394.0,0.045887355716240245
2019-09-23,19.67,20.11,19.33,19.84,14747453.0,302330706.0,237758394.0,0.06202705507844236
2019-09-24,19.7,21.42,19.7,20.72,17521537.0,376730597.0,237758394.0,0.0736947146438077
2019-09-25,20.39,21.01,19.6,19.74,11771487.0,246595506.0,237758394.0,0.04951028984490869
2019-09-26,19.85,20.08,19.37,19.6,10349526.0,212290791.0,237758394.0,0.043529592482021894
2019-09-27,19.64,20.52,19.03,20.19,10215948.0,211051064.0,237758394.0,0.042967770046427885
2019-09-30,20.07,20.48,19.43,19.82,7429942.0,153716110.0,237758394.0,0.031249967141012906
2019-10-08,19.6,20.04,18.74,18.96,6544749.0,131583643.0,237758394.0,0.027526889334556996
2019-10-09,18.84,19.58,18.44,19.56,6063673.0,120971666.0,237758394.0,0.02550350756491062
2019-10-10,19.49,20.15,19.32,20.06,7798511.0,161063959.0,237758394.0,0.032800150054849375
2019-10-11,19.89,20.34,19.7,19.82,7699364.0,160362554.0,237758394.0,0.03238314269568964
2019-10-14,20.06,20.38,19.78,20.38,7193583.0,150120562.0,237758394.0,0.03025585292269429
2019-10-15,20.28,20.28,19.1,19.35,7692492.0,156645765.0,237758394.0,0.03235423940489773
2019-10-16,19.27,19.47,18.65,18.66,5821999.0,114716240.0,237758394.0,0.02448703872049203
2019-10-17,18.58,18.84,18.2,18.33,5498257.0,105657073.0,237758394.0,0.023125395942908328
2019-10-18,18.4,18.4,17.53,17.61,6767985.0,126070068.0,237758394.0,0.02846580886645794
2019-10-21,16.92,17.1,16.35,16.98,11291483.0,196622866.0,237758394.0,0.04749141685403545
2019-10-22,17.06,17.18,16.77,17.06,3664577.0,64855547.0,237758394.0,0.015413028908665997
2019-10-23,17.08,17.15,16.73,16.81,3886500.0,68298029.0,237758394.0,0.016346426027759927
2019-10-24,16.81,17.17,16.61,16.78,4559600.0,79993114.0,237758394.0,0.019177451207043398
2019-10-25,16.87,17.58,16.53,17.5,7063096.0,126504064.0,237758394.0,0.02970703107962615
2019-10-28,17.45,18.4,17.36,18.28,6780629.0,127647265.0,237758394.0,0.02851898890265889
2019-10-29,18.25,18.52,18.04,18.26,4165044.0,79212367.0,237758394.0,0.017517968261511727
2019-10-30,18.16,18.74,17.93,18.46,4760450.0,90916874.0,237758394.0,0.020022216334452527
2019-10-31,18.31,18.4,17.61,17.78,6156306.0,114849870.0,237758394.0,0.025893117363503054
2019-11-01,17.9,18.12,17.59,17.7,4423733.0,82177902.0,237758394.0,0.018606001351102665
2019-11-04,17.78,17.98,17.6,17.89,6452302.0,119560550.0,237758394.0,0.027138061842729305
2019-11-05,17.86,18.01,17.41,17.94,5092816.0,94091224.0,237758394.0,0.021420131227837955
2019-11-06,17.93,18.08,17.55,17.59,2783900.0,51391285.0,237758394.0,0.011708945173981954
2019-11-07,17.64,17.85,17.57,17.65,2413600.0,44429868.0,237758394.0,0.010151481760092979
2019-11-08,17.83,17.89,17.31,17.36,2887400.0,52885603.0,237758394.0,0.012144261035006824
2019-11-11,17.36,17.36,16.94,16.97,2691015.0,47907156.0,237758394.0,0.01131827547590181
2019-11-12,16.96,17.11,16.67,16.92,3035392.0,53334725.0,237758394.0,0.01276670803891786
2019-11-13,16.91,17.44,16.83,17.13,2831981.0,50419935.0,237758394.0,0.011911171472667332
2019-11-14,17.21,17.62,17.06,17.5,4129611.0,74749516.0,237758394.0,0.01736893882282869
2019-11-15,17.29,17.52,17.02,17.11,3040503.0,54760010.0,237758394.0,0.012788204651146828
2019-11-18,16.92,17.36,16.91,17.35,2560554.0,45792748.0,237758394.0,0.010769562987542725
2019-11-19,17.34,17.91,17.03,17.87,4633857.0,84919176.0,237758394.0,0.019489772462039763
2019-11-20,17.88,18.16,17.66,17.67,6037621.0,112554530.0,237758394.0,0.025393934146442795
2019-11-21,17.63,18.14,17.54,17.85,5139807.0,95622903.0,237758394.0,0.02161777304064394
2019-11-22,17.71,18.19,17.36,17.46,4976557.0,91971340.0,237758394.0,0.020931151646322105
2019-11-25,17.58,17.95,17.41,17.51,3985202.0,73109532.0,237758394.0,0.016761561739014774
2019-11-26,17.36,17.63,17.08,17.18,3202752.0,57515066.0,237758394.0,0.013470615889170248
2019-11-27,17.27,18.1,17.01,17.91,5943600.0,110038731.0,237758394.0,0.02499848648876725
2019-11-28,17.85,18.1,17.81,17.87,3755698.0,70055193.0,237758394.0,0.015796279310332152
2019-11-29,17.82,18.3,17.78,17.97,4120600.0,77267442.0,237758394.0,0.017331039004242266
2019-12-02,18.03,18.72,18.03,18.59,7527572.0,144630017.0,237758394.0,0.03166059407349463
2019-12-03,18.45,18.74,18.32,18.68,5405261.0,104368094.0,237758394.0,0.02273425938433955
2019-12-04,18.51,19.11,18.41,18.72,7291428.0,142664068.0,237758394.0,0.03066738413450084
2019-12-05,18.74,19.09,18.57,18.85,6759843.0,132394069.0,237758394.0,0.028431564018723984
2019-12-06,18.76,18.99,18.51,18.9,5840968.0,113923060.0,237758394.0,0.024566821392644503
2019-12-09,19.06,19.26,18.85,18.98,6959616.0,138072639.0,237758394.0,0.029271799337608245
2019-12-10,18.95,19.11,18.6,19.1,5900466.0,115988547.0,237758394.0,0.024817067026453754
2019-12-11,19.19,19.36,18.74,19.23,7388800.0,146611665.0,237758394.0,0.03107692593179276
2019-12-12,19.19,20.65,19.06,20.02,14564043.0,303406236.0,237758394.0,0.06125564172510351
2019-12-13,20.08,20.26,19.65,19.99,9760054.0,202471032.0,237758394.0,0.04105030251844652
2019-12-16,20.03,20.74,19.99,20.56,10445541.0,221930924.0,237758394.0,0.04393342680469149
2019-12-17,20.37,21.06,20.15,20.32,10153061.0,215996182.0,237758394.0,0.04270327044688904
2019-12-18,20.19,20.69,19.98,20.11,8442105.0,178115910.0,237758394.0,0.0355070744631628
2019-12-19,20.07,21.35,20.03,21.06,16020816.0,347753278.0,237758394.0,0.0673827566315072
2019-12-20,21.05,21.31,20.2,20.48,8950004.0,192169633.0,237758394.0,0.03764327243899536
2019-12-23,19.99,20.32,19.51,19.9,10029518.0,207987989.0,237758394.0,0.042183654723037874
2019-12-24,19.99,21.89,19.8,21.61,15136632.0,331836596.0,237758394.0,0.06366392262895249
2019-12-25,21.69,23.52,21.48,22.98,20574979.0,485045529.0,237758394.0,0.08653734008650815
2019-12-26,22.68,24.2,22.68,23.27,17744031.0,431369374.0,237758394.0,0.07463051336055038
2019-12-27,23.35,23.54,22.43,22.49,13840577.0,329574923.0,237758394.0,0.05821277965058933
2019-12-30,22.6,23.26,22.25,23.03,14755813.0,350754785.0,237758394.0,0.062062216823352195
2019-12-31,22.93,22.99,21.99,22.29,10752335.0,250577671.0,227701036.0,0.04722128273496305
2020-01-02,22.34,24.49,22.1,24.05,17254860.0,418911962.0,227701036.0,0.07577857485022597
2020-01-03,23.81,24.48,23.7,24.12,12872800.0,322205618.0,227701036.0,0.056533778792293245
2020-01-06,23.96,24.18,23.68,23.99,8658855.0,215498546.0,232847334.0,0.03718683332659501
2020-01-07,23.94,25.1,23.93,24.75,12479377.0,320700642.0,232847334.0,0.05359467418252682
2020-01-08,24.03,24.68,23.83,24.03,8355070.0,210377335.0,232847334.0,0.035882180209973975
2020-01-09,24.29,24.99,24.12,24.96,7736053.0,197431190.0,232847334.0,0.03322371301017344
2020-01-10,24.96,25.37,24.43,24.71,6265600.0,161921542.0,232847334.0,0.026908618159227023
2020-01-13,24.58,26.08,24.21,26.07,10805546.0,283123037.0,232847334.0,0.04640614008490215
2020-01-14,25.89,28.68,25.73,27.92,16410567.0,468891287.0,232847334.0,0.07047779640886934
2020-01-15,27.46,28.49,27.27,27.68,11608842.0,335793947.0,232847334.0,0.04985602283082185
2020-01-16,27.78,28.73,27.58,27.67,13146401.0,384336483.0,232847334.0,0.05645931509784862
2020-01-17,27.84,28.44,27.2,28.37,12719208.0,369578145.0,232847334.0,0.05462466664960828
2020-01-20,27.98,30.27,27.75,30.27,11977591.0,364609731.0,232847334.0,0.05143967420301235
2020-01-21,30.27,31.52,29.39,30.77,9814922.0,309190587.0,232847334.0,0.042151747376244386
2020-01-22,30.25,33.85,30.14,33.85,8855099.0,297929787.0,232847334.0,0.03802963447286023
2020-01-23,33.62,36.2,30.83,32.08,22216993.0,768632279.0,232847334.0,0.09541441861644849
2020-02-03,28.87,30.15,28.87,28.87,10342982.0,312553531.0,232847334.0,0.04441958523776785
2020-02-04,28.84,31.71,28.84,31.12,15768270.0,496300845.0,232847334.0,0.06771934953740978
2020-02-05,31.12,33.59,30.64,32.24,13761092.0,460043219.0,232847334.0,0.05909920360093107
2020-02-06,31.67,33.63,31.32,32.85,11277451.0,381737586.0,232847334.0,0.048432811345823695
2020-02-07,32.85,35.17,31.97,34.77,12339803.0,429297950.0,232847334.0,0.05299525138647282
2020-02-10,34.2,35.08,32.67,33.97,11221340.0,396099463.0,232847334.0,0.04819183371023694
2020-02-11,33.71,34.76,33.27,33.68,9452923.0,334532062.0,232847334.0,0.04059708495524368
2020-02-12,33.63,34.77,32.48,34.34,13625657.0,474631007.0,232847334.0,0.05851755640028071
2020-02-13,33.83,35.56,33.44,34.45,12527834.0,449757624.0,232847334.0,0.05380278049479407
2020-02-14,34.29,37.9,34.11,37.3,20778799.0,799373498.0,232847334.0,0.08923786518423268
2020-02-17,37.3,38.96,37.01,38.66,12716470.0,503583434.0,232847334.0,0.05461290787207381
2020-02-18,38.35,42.48,38.01,42.27,14702080.0,623552261.0,232847334.0,0.06314042659384711
2020-02-19,42.06,45.76,41.24,42.64,15704233.0,708884671.0,232847334.0,0.06744433243113705
2020-02-20,42.95,44.18,40.7,42.65,13422473.0,587174819.0,232847334.0,0.057644950317532945
2020-02-21,42.09,43.72,42.09,43.63,10790632.0,479823311.0,232847334.0,0.04634208953408073
2020-02-24,42.96,45.13,42.83,44.17,12603270.0,578859803.0,232847334.0,0.05412675242397235
2020-02-25,42.23,43.22,39.75,41.29,20656329.0,891189442.0,232847334.0,0.0887118982431639
2020-02-26,41.32,42.71,38.9,39.54,15825569.0,674105452.0,232847334.0,0.06796542922840594
2020-02-27,40.07,43.24,39.88,39.88,20247923.0,875987784.0,232847334.0,0.08695793356173878
2020-02-28,40.64,42.76,39.71,41.03,25747828.0,1108161040.0,232847334.0,0.1105781524644813
2020-03-02,42.26,42.38,38.93,41.61,27527545.0,1172109175.0,232847334.0,0.11822143087109599
2020-03-03,41.61,44.29,40.95,42.06,23875919.0,1056501748.0,232847334.0,0.10253894081518666
2020-03-04,41.33,41.75,37.85,37.85,24040237.0,978253469.0,232847334.0,0.1032446306643133
2020-03-05,38.25,38.43,34.93,36.33,25383633.0,960281956.0,232847334.0,0.10901405897136018
2020-03-06,35.27,37.13,35.04,35.65,11920622.0,447335657.0,232847334.0,0.05119501174962991
2020-03-09,34.6,35.08,32.77,32.79,14061129.0,495949805.0,232847334.0,0.06038776033398776
2020-03-10,32.79,34.71,32.67,34.67,16327633.0,575274202.0,232847334.0,0.07012162312324349
2020-03-11,34.79,35.15,33.07,33.18,12487171.0,442671020.0,232847334.0,0.05362814675816731
2020-03-12,33.87,34.83,33.32,33.87,17979455.0,636607702.0,232847334.0,0.07721563606135168
2020-03-13,31.74,36.04,31.52,35.36,22742618.0,818736845.0,232847334.0,0.09767179898224645
2020-03-16,35.56,36.05,32.36,32.57,22818451.0,818044073.0,232847334.0,0.09799747589122064
2020-03-17,33.36,35.05,32.0,34.56,17045781.0,595216336.0,232847334.0,0.07320582420754708
2020-03-18,35.55,36.84,34.79,35.08,23233340.0,864773234.0,232847334.0,0.09977928284976628
2020-03-19,34.6,36.81,34.26,36.81,21133328.0,785306274.0,232847334.0,0.09076044649925002
2020-03-20,37.48,37.77,35.57,36.2,18783225.0,717369137.0,232847334.0,0.08066755447584381
2020-03-23,34.4,35.01,32.58,32.58,16435854.0,570212218.0,232847334.0,0.07058639546201546
2020-03-24,33.23,33.35,29.79,31.79,16756788.0,550671574.0,232847334.0,0.07196469769329633
2020-03-25,32.7,33.31,32.19,32.98,11883218.0,406999607.0,232847334.0,0.05103437430810352
2020-03-26,32.62,33.76,31.82,31.89,9567791.0,325292761.0,232847334.0,0.041090403895283595
2020-03-27,32.59,32.6,30.56,30.58,10229993.0,332758812.0,232847334.0,0.04393433596280729
2020-03-30,29.63,29.69,27.83,28.52,15750929.0,470174460.0,232847334.0,0.06764487584813833
2020-03-31,29.08,30.61,28.84,29.8,13359927.0,417291384.0,232847334.0,0.05737633654847858
2020-04-01,29.84,31.03,29.62,30.18,10220609.0,324344165.0,232847334.0,0.04389403487866432
2020-04-02,30.15,31.68,29.98,31.43,11799882.0,379725663.0,232847334.0,0.050676474569384594
2020-04-03,31.42,31.42,29.62,29.88,11705525.0,369660191.0,232847334.0,0.050271243389026735
2020-04-07,30.75,31.86,30.72,31.28,10898125.0,355243192.0,232847334.0,0.046803735360783645
2020-04-08,30.96,31.85,30.91,31.04,9307894.0,302704666.0,232847334.0,0.03997423479196889
2020-04-09,31.33,31.47,30.61,30.67,6643766.0,213534587.0,232847334.0,0.028532712339321867
2020-04-10,30.66,30.66,28.33,28.44,13487868.0,408577085.0,232847334.0,0.05792579957131912
2020-04-13,28.33,28.95,27.76,28.18,8193739.0,240526427.0,232847334.0,0.03518931850858125
2020-04-14,28.54,29.12,28.3,29.12,7888853.0,236069718.0,232847334.0,0.033879936971921695
2020-04-15,29.12,30.33,28.94,29.21,10682050.0,329143433.0,232847334.0,0.04587576682325253
2020-04-16,29.1,30.68,28.86,30.37,12876505.0,403646073.0,232847334.0,0.055300203694838096
2020-04-17,30.92,33.4,30.91,33.4,24294053.0,830766608.0,232847334.0,0.10433468394360057
2020-04-20,33.84,36.75,33.84,36.75,22841472.0,840673587.0,232847334.0,0.09809634324608586
2020-04-21,36.9,36.9,35.08,36.45,21835848.0,814468888.0,232847334.0,0.09377753064589522
2020-04-22,35.58,38.04,35.34,36.33,18231454.0,691676803.0,232847334.0,0.07829788594444462
2020-04-23,35.57,36.81,35.44,35.55,12749309.0,477667805.0,232847334.0,0.05475394019327703
2020-04-24,35.45,36.04,34.79,35.41,10042738.0,370459241.0,232847334.0,0.043130139510208006
2020-04-27,35.44,35.55,33.93,34.55,10538847.0,380982693.0,232847334.0,0.045260758708107
2020-04-28,34.75,36.71,32.67,35.35,22207160.0,812526888.0,232847334.0,0.09537218923021898
2020-04-29,34.71,38.71,34.7,37.39,23352242.0,899493173.0,232847334.0,0.1002899264459691
2020-04-30,38.24,40.54,37.51,39.85,22609866.0,923782113.0,232847334.0,0.0971016743528616
2020-05-06,39.59,43.19,38.85,41.99,28479123.0,1210003463.0,232847334.0,0.12230813430743424
2020-05-07,41.99,42.52,40.55,40.79,19725246.0,846552435.0,232847334.0,0.08471321385195675
2020-05-08,41.23,41.51,40.17,40.75,16647688.0,707426693.0,232847334.0,0.07149615034888053
2020-05-11,40.37,43.33,40.37,41.13,19115655.0,827109698.0,232847334.0,0.08209522811199547
2020-05-12,40.55,41.68,39.69,41.67,15092269.0,637872895.0,232847334.0,0.06481615546433526
2020-05-13,41.37,41.85,40.59,41.3,12676087.0,542650818.0,232847334.0,0.054439476640088996
2020-05-14,40.59,43.03,40.59,41.47,15551890.0,678258278.0,232847334.0,0.06679007112875082
2020-05-15,41.49,44.08,41.09,42.27,18331713.0,810152786.0,232847334.0,0.07872846420479093
2020-05-18,43.35,44.38,40.23,40.37,22482092.0,986966787.0,232847334.0,0.0965529285381468
2020-05-19,40.9,44.41,40.25,44.41,21098658.0,934991201.0,232847334.0,0.09061155065662035
2020-05-20,45.74,48.58,44.99,47.12,30821734.0,1501786749.0,232847334.0,0.1323688507423495
2020-05-21,47.09,49.49,44.93,45.65,29384213.0,1437121134.0,232847334.0,0.1261951876159338
2020-05-22,46.13,49.75,44.88,48.34,31047057.0,1516754394.0,232847334.0,0.13333653629034034
2020-05-25,47.55,49.49,46.17,46.8,23468160.0,1159317083.0,232847334.0,0.10078775477841631
2020-05-26,46.13,47.8,45.65,47.63,20328201.0,989191731.0,232847334.0,0.08730270023190388
2020-05-27,46.61,48.66,45.54,46.36,20538905.0,998907344.0,232847334.0,0.08820760215360679
2020-05-28,45.23,45.47,41.72,41.77,30550202.0,1366703993.0,232847334.0,0.13120271327650246
2020-05-29,42.34,45.95,42.34,45.95,30333300.0,1418909699.0,232847334.0,0.13027119305561816
2020-06-01,46.82,48.24,44.99,47.32,30233453.0,1477688052.0,232847334.0,0.12984238419495925
2020-06-02,47.37,50.28,46.78,48.02,29311178.0,1483594586.0,232847334.0,0.1258815271640602
2020-06-03,47.65,52.25,47.34,49.97,33506684.0,1747233075.0,232847334.0,0.143899796593763
2020-06-04,49.66,49.89,47.89,48.06,21476826.0,1084607488.0,232847334.0,0.09223565342603407
2020-06-05,48.09,49.27,46.58,47.3,23317956.0,1159120364.0,232847334.0,0.10014267975256268
2020-06-08,47.69,48.93,46.09,46.35,17532547.0,862334460.0,232847334.0,0.07529631840233997
2020-06-09,45.95,47.23,45.86,47.01,14419089.0,698641282.0,232847334.0,0.06192507662552838
2020-06-10,46.45,46.67,43.36,45.98,17985319.0,843692522.0,232847334.0,0.0772408199442816
2020-06-11,46.13,50.03,45.72,48.57,26356724.0,1325746456.0,232847334.0,0.11319315341613488
2020-06-12,47.63,49.49,46.97,48.16,21413490.0,1077314702.0,232847334.0,0.09196364687602565
2020-06-15,46.75,46.85,45.08,45.13,20432424.0,975987210.0,232847334.0,0.08775030252225263
2020-06-16,45.8,46.24,44.57,45.67,13012637.0,614470489.0,232847334.0,0.05588484427311502
2020-06-17,44.22,44.99,42.9,43.76,20761176.0,939351239.0,232847334.0,0.08916218040100042
2020-06-18,42.82,44.55,42.82,43.74,17332375.0,790954213.0,232847334.0,0.074436647833812
2020-06-19,43.84,44.7,43.41,44.42,13550233.0,623026600.0,232847334.0,0.05819363600701565
2020-06-22,44.78,47.3,44.76,46.38,22952800.0,1105898926.0,232847334.0,0.09857445909172402
2020-06-23,46.38,47.01,44.79,46.21,15489831.0,739114168.0,232847334.0,0.06652354885884156
2020-06-24,46.27,47.26,46.19,46.52,15264394.0,740970122.0,232847334.0,0.06555537371967506
2020-06-29,45.9,47.58,45.65,47.29,15232213.0,742268213.0,232847334.0,0.06541716728438042
2020-06-30,47.44,50.46,46.92,50.2,26673974.0,1355041174.0,241347334.0,0.11052110482397125
2020-07-01,49.85,50.42,48.32,50.42,18774867.0,967855599.0,241347334.0,0.0777918972164822
2020-07-02,50.07,54.64,49.41,53.27,28534111.0,1566664623.0,241347334.0,0.11822840769395034
2020-07-03,53.21,54.18,51.4,52.68,22675561.0,1236164040.0,241347334.0,0.09395405627310555
2020-07-06,53.89,57.01,52.67,56.17,25344689.0,1454884787.0,241347334.0,0.10501333733398521
2020-07-07,58.02,59.8,55.86,55.91,28882085.0,1741769835.0,241347334.0,0.11967020526524648
2020-07-08,56.19,61.5,56.0,61.5,26889940.0,1652260715.0,241347334.0,0.11141593965152315
2020-07-09,61.92,67.22,61.66,66.05,31898551.0,2144377267.0,241347334.0,0.13216864869118464
2020-07-10,64.38,68.64,63.34,66.44,27452704.0,1878157126.0,241347334.0,0.11374769940487513
2020-07-13,67.41,68.87,65.41,68.22,23152359.0,1614102059.0,241347334.0,0.0959296239833335
2020-07-14,67.07,68.19,62.87,66.3,24689100.0,1685768871.0,241347334.0,0.10229696591552156
2020-07-15,65.24,66.3,61.3,61.5,22297062.0,1460311878.0,241347334.0,0.0923857812326197
2020-07-16,61.17,63.03,57.77,57.92,23436411.0,1478038242.0,241347334.0,0.09710656675412044
2020-07-17,58.31,59.66,56.89,57.54,16606870.0,1003435676.0,241347334.0,0.06880900536485728
2020-07-20,58.81,59.81,57.06,59.62,15684209.0,956554304.0,241347334.0,0.06498604621006504
2020-07-21,58.97,60.43,58.22,58.43,13633717.0,836148241.0,241347334.0,0.056490025284472375
2020-07-22,57.9,61.67,57.78,59.96,18344406.0,1146178585.0,241347334.0,0.07600832251165451
2020-07-23,58.7,60.57,58.22,60.32,14147936.0,873491531.0,241347334.0,0.0586206433919009
2020-07-24,59.66,60.24,54.56,54.75,21415368.0,1267522884.0,241347334.0,0.08873256499282482
2020-07-27,54.82,57.25,54.82,55.49,13098613.0,763389932.0,241347334.0,0.0542728721420225
2020-07-28,56.49,56.97,55.22,56.43,10276355.0,600676757.0,241347334.0,0.042579111315147154
2020-07-29,56.49,58.94,55.91,58.71,14274074.0,858148007.0,241347334.0,0.05914328434222522
2020-07-30,58.75,59.16,56.68,56.77,12962840.0,773487593.0,241347334.0,0.053710309474560014
2020-07-31,56.77,58.55,56.49,58.25,14046408.0,841229079.0,241347334.0,0.05819997166407481
2020-08-03,59.18,64.07,59.18,64.07,24441941.0,1595691581.0,241347334.0,0.10127288582354922
2020-08-04,64.47,66.74,63.31,65.84,26057126.0,1757071678.0,241347334.0,0.10796525309867314
2020-08-05,68.96,68.98,62.7,63.99,24407782.0,1653661098.0,241347334.0,0.10113135121683176
2020-08-06,62.57,65.81,62.57,64.48,16148289.0,1083738124.0,241347334.0,0.0669089180823518
2020-08-07,63.7,65.43,59.66,63.22,20139914.0,1298505379.0,241347334.0,0.0834478411930583
2020-08-10,61.59,64.12,60.14,62.63,12945825.0,833363198.0,241347334.0,0.05363980942089047
2020-08-11,63.22,64.82,61.3,61.82,10660396.0,702274216.0,241347334.0,0.04417034911187376
2020-08-12,61.27,63.1,60.62,63.1,11490538.0,738647695.0,241347334.0,0.04760996448380076
2020-08-13,63.62,65.63,62.27,63.97,13989447.0,930561489.0,241347334.0,0.0579639591129687
2020-08-14,63.41,65.01,63.12,63.68,9160783.0,608300248.0,241347334.0,0.037956843558918284
2020-08-17,64.16,68.37,64.16,68.12,20296099.0,1406275691.0,241347334.0,0.08409497906448803
2020-08-18,66.38,66.38,62.22,62.79,27823352.0,1841469467.0,241347334.0,0.11528344456458757
2020-08-19,61.25,61.3,56.51,56.66,30791819.0,1853507618.0,241347334.0,0.12758300864429686
2020-08-20,55.74,57.73,55.13,56.75,10451759.0,616858783.0,241347334.0,0.043305881307145494
2020-08-21,56.68,57.41,55.31,55.92,9950024.0,580957006.0,241347334.0,0.04122698948064618
2020-08-24,55.81,56.45,53.32,56.2,12166632.0,694126938.0,241347334.0,0.05041129644299282
2020-08-25,55.78,56.41,54.42,54.75,8709958.0,500838103.0,241347334.0,0.036088892533612985
2020-08-26,55.05,55.22,51.58,51.7,12598711.0,692315426.0,241347334.0,0.05220157517878362
2020-08-27,52.02,55.62,51.29,54.54,13473939.0,753623846.0,241347334.0,0.05582800015516227
2020-08-28,54.29,55.5,53.5,54.77,8304729.0,471606686.0,241347334.0,0.03440986424983671
2020-08-31,55.57,57.51,55.01,55.79,10655883.0,623755447.0,241347334.0,0.04415164992044204
2020-09-01,55.32,56.09,54.52,55.94,5477691.0,315992732.0,241347334.0,0.022696297942118557
2020-09-02,56.02,56.22,54.95,55.43,5710193.0,328766646.0,241347334.0,0.023659648131849675
2020-09-03,55.57,55.57,53.7,54.01,7038054.0,398649568.0,241347334.0,0.029161515411643205
2020-09-04,53.12,56.28,52.92,54.84,12508680.0,718868040.0,241347334.0,0.051828540190131125
2020-09-07,53.89,56.28,52.64,55.33,14806992.0,850082791.0,241347334.0,0.06135137999908464
2020-09-08,54.71,55.08,52.05,52.16,11263934.0,621551828.0,241347334.0,0.04667105210285853
2020-09-09,51.43,52.43,49.8,50.44,7787176.0,413108748.0,241347334.0,0.032265432026690626
2020-09-10,51.24,52.19,50.52,50.72,6353654.0,339505359.0,241347334.0,0.02632576832193224
2020-09-11,51.1,51.65,50.38,51.15,6780407.0,359110625.0,241347334.0,0.028093979277185634
2020-09-14,51.77,52.62,51.03,51.28,7195920.0,387152028.0,241347334.0,0.02981561834861619
2020-09-15,50.28,52.35,47.82,51.14,13618151.0,704137881.0,241347334.0,0.05642552902614619
2020-09-16,50.85,52.15,50.62,51.28,7699647.0,410960138.0,241347334.0,0.03190276383993535
2020-09-17,51.1,53.6,50.52,52.96,12942685.0,711241793.0,241347334.0,0.05362679912594352
2020-09-18,52.73,54.66,52.37,54.54,10546373.0,590700064.0,241347334.0,0.043697905525652087
2020-09-21,54.85,55.76,54.06,54.47,8496185.0,483982441.0,241347334.0,0.03520314419549379
2020-09-22,53.89,55.3,53.6,53.69,5531665.0,310603995.0,241347334.0,0.022919934139400935
2020-09-23,53.89,55.6,53.79,54.79,7505747.0,426771102.0,241347334.0,0.031099357409931035
2020-09-24,54.51,55.34,53.94,54.44,6015524.0,342513367.0,241347334.0,0.024924758439635385
2020-09-25,54.52,54.8,52.18,53.5,6344266.0,351901867.0,241347334.0,0.026286870026084482
2020-09-28,53.84,54.4,52.84,52.93,4195433.0,234083794.0,241347334.0,0.017383382407696286
2020-09-29,53.41,54.36,53.06,53.1,4384818.0,244696115.0,241347334.0,0.018168081359456825
2020-09-30,53.42,54.31,52.25,52.51,6234693.0,345098041.0,241347334.0,0.025832864596714376
2020-10-09,53.89,55.62,53.41,54.59,8434677.0,478914198.0,241347334.0,0.0349482915771508
2020-10-12,55.09,56.21,54.62,56.0,10934000.0,631817779.0,241347334.0,0.045304001576416834
2020-10-13,56.3,56.54,55.4,55.69,7787549.0,451486409.0,241347334.0,0.03226697751714133
2020-10-14,53.07,53.86,51.53,53.09,16674650.0,906574720.0,241347334.0,0.06908984542584588
2020-10-15,52.91,53.62,52.24,52.75,6314444.0,347787505.0,241347334.0,0.02616330537133673
2020-10-16,52.92,53.19,52.08,52.68,6014582.0,329904232.0,241347334.0,0.0249208553511513
2020-10-19,52.67,53.12,51.61,51.75,5364191.0,290398221.0,241347334.0,0.022226021357252698
2020-10-20,51.74,51.85,50.04,50.79,5810053.0,306648278.0,241347334.0,0.024073408658410952
2020-10-21,50.52,51.77,47.06,47.29,11396210.0,572746977.0,241347334.0,0.04721912527941991
2020-10-22,46.97,48.33,46.21,47.77,5433396.0,267551274.0,241347334.0,0.02251276577183985
2020-10-23,47.61,48.3,45.53,45.79,5460468.0,264927611.0,241347334.0,0.022624936059993935
2020-10-26,44.75,45.8,44.46,45.1,3666981.0,172064355.0,241347334.0,0.01519379120218498
2020-10-27,45.23,46.17,44.65,46.13,4151023.0,197459425.0,241347334.0,0.017199373745723664
2020-10-28,46.31,46.67,45.44,45.98,3389872.0,161945513.0,241347334.0,0.014045616099492526
2020-10-29,45.1,46.17,44.61,45.32,5472987.0,257511889.0,241347334.0,0.022676807360134336
2020-10-30,45.95,49.86,45.95,48.72,17580769.0,889154689.0,241347334.0,0.0728442643580227
2020-11-02,48.74,50.2,47.79,49.54,12492754.0,640120481.0,241347334.0,0.051762552305632675
2020-11-03,49.94,53.05,49.49,52.41,14458930.0,776113138.0,241347334.0,0.0599092178080575
2020-11-04,52.35,53.74,52.16,52.35,10308078.0,566429726.0,241347334.0,0.04271055258476566
2020-11-05,53.34,53.69,51.19,52.33,9625614.0,522041983.0,241347334.0,0.039882827129136635
2020-11-06,52.46,53.44,51.82,53.14,8829542.0,484449456.0,241347334.0,0.03658437760079007
2020-11-09,53.84,57.71,53.84,56.56,18771093.0,1095468923.0,241347334.0,0.07777626000210966
2020-11-10,55.9,56.29,54.06,55.5,11296792.0,649442457.0,241347334.0,0.04680719613832569
2020-11-11,54.89,55.79,53.41,53.49,7538140.0,425889244.0,241347334.0,0.031233574761592352
2020-11-12,54.32,54.96,53.41,54.0,5485728.0,308897542.0,241347334.0,0.022729598496414302
2020-11-13,53.61,56.97,53.6,55.98,9461438.0,547373084.0,241347334.0,0.039202579300088726
2020-11-16,56.12,58.78,55.66,57.58,11304748.0,673387208.0,241347334.0,0.046840161076732674
2020-11-17,57.61,57.85,53.6,55.85,11209086.0,643316826.0,241347334.0,0.04644379456870238
2020-11-18,55.46,57.93,54.87,56.91,9383132.0,553678184.0,241347334.0,0.03887812574718559
2020-11-19,56.1,59.56,56.1,58.64,12132994.0,738002459.0,241347334.0,0.050271920550819096
2020-11-20,59.47,60.62,58.01,58.61,9799439.0,604477398.0,241347334.0,0.040603054683007185
2020-11-23,58.71,59.59,57.29,58.63,7262610.0,440642128.0,241347334.0,0.03009194209702768
2020-11-24,58.8,60.52,58.37,59.84,8365288.0,517890580.0,241347334.0,0.034660784775853375
2020-11-25,59.84,60.8,58.99,59.09,7080001.0,439782849.0,241347334.0,0.029335318864553938
2020-11-26,58.7,59.26,57.52,58.29,6239672.0,377653663.0,241347334.0,0.025853494615357964
2020-11-27,58.25,58.69,56.77,57.64,6695884.0,401632759.0,241347334.0,0.027743766168968745
2020-11-30,58.05,58.12,56.16,56.18,7257935.0,429633095.0,241347334.0,0.03007257167381845
2020-12-01,55.81,56.97,55.43,56.17,6145500.0,358091924.0,241347334.0,0.025463301782318423
2020-12-02,56.24,58.49,56.18,57.22,7658541.0,457369516.0,241347334.0,0.03173244499149926
2020-12-03,56.87,57.93,56.68,56.75,4164445.0,247230223.0,241347334.0,0.01725498654151282
2020-12-04,56.38,58.2,56.0,56.9,5124298.0,303746403.0,241347334.0,0.021232047253523838
2020-12-07,57.19,60.2,57.14,59.9,12114511.0,747239113.0,241347334.0,0.05019533797709155
2020-12-08,59.85,60.82,59.0,60.51,7417097.0,464485140.0,241347334.0,0.030732044465011574
2020-12-09,60.52,61.1,59.08,59.66,6566419.0,410075368.0,241347334.0,0.02720734010676911
2020-12-10,59.67,60.6,58.71,59.86,5871757.0,364938913.0,241347334.0,0.024329073384336618
2020-12-11,59.49,59.67,56.68,57.96,9226781.0,556266450.0,241347334.0,0.0382303000703542
2020-12-14,58.05,61.85,57.75,61.25,9839213.0,618639368.0,241347334.0,0.040767854514605906
2020-12-15,60.71,61.47,58.7,59.35,8064407.0,500678289.0,241347334.0,0.03341411262491924
2020-12-16,58.7,60.13,57.83,59.87,5663314.0,346894474.0,241347334.0,0.02346540940037896
2020-12-17,59.04,60.96,57.86,58.12,7840937.0,479939420.0,241347334.0,0.032488185678487755
2020-12-18,58.73,59.66,57.06,57.26,7189967.0,434673066.0,241347334.0,0.029790952652495428
2020-12-21,56.87,61.01,56.39,60.46,12007559.0,749748322.0,241347334.0,0.049752192414936725
2020-12-22,59.68,60.87,57.88,58.1,6946203.0,429986142.0,241347334.0,0.02878093942400872
2020-12-23,58.08,58.68,56.46,58.12,7521625.0,449779862.0,241347334.0,0.031165146410939846
2020-12-24,58.12,58.59,56.86,57.69,5297503.0,317272958.0,241347334.0,0.021949705895653274
2020-12-25,56.89,58.59,56.78,57.46,4411751.0,263864794.0,241347334.0,0.01827967571417217
2020-12-28,57.35,57.35,53.89,54.57,8224465.0,475003106.0,241347334.0,0.034077297907918885
2020-12-29,54.37,54.84,50.52,52.77,11163901.0,608701376.0,241347334.0,0.04625657476705336
2020-12-30,52.73,53.4,51.96,52.98,6311032.0,346121315.0,241347334.0,0.026149168069948516
2020-12-31,53.21,58.09,53.21,57.82,9918889.0,577607954.0,241347334.0,0.04109798453377571
2021-01-04,57.74,60.81,56.85,60.46,8407967.0,520062934.0,243763857.0,0.03449226273113983
2021-01-05,60.38,62.63,59.85,61.39,9267241.0,590353218.0,243763857.0,0.03801728900277452
2021-01-06,61.1,62.11,60.31,60.72,6833544.0,433309172.0,243763857.0,0.028033458627133554
2021-01-07,61.01,61.87,59.76,61.3,6883226.0,435501241.0,243763857.0,0.02823727063032154
2021-01-08,61.2,61.29,59.08,60.43,7099536.0,444136827.0,243763857.0,0.029124645824749974
2021-01-11,60.14,61.3,58.76,59.71,7151048.0,447298500.0,243763857.0,0.029335965093463385
2021-01-12,58.93,59.83,57.06,59.55,5907694.0,359773485.0,243763857.0,0.024235315574285484
2021-01-13,59.47,63.51,58.73,62.61,16838683.0,1083378837.0,243763857.0,0.06907784938765553
2021-01-14,63.91,67.94,62.12,64.97,23268338.0,1573032004.0,243763857.0,0.09545442169468134
2021-01-15,65.44,66.69,63.32,65.05,14777191.0,998077174.0,243763857.0,0.0606209270802603
2021-01-18,64.92,69.94,64.92,69.33,19894430.0,1416523179.0,243763857.0,0.08161353469230674
2021-01-19,69.19,71.33,67.99,68.18,14867338.0,1071003500.0,243763857.0,0.06099073990283966
2021-01-20,68.8,68.85,67.06,68.61,9595774.0,677787271.0,243763857.0,0.0393650400764704
2021-01-21,67.36,69.28,65.43,68.15,10607367.0,742890601.0,243763857.0,0.04351492928666615
2021-01-22,68.33,69.17,65.43,67.36,9026646.0,629402692.0,243763857.0,0.037030288702725934
2021-01-25,66.02,67.34,64.0,65.03,8892162.0,607575000.0,243763857.0,0.03647859083555607
2021-01-26,65.06,65.87,63.17,65.15,7859334.0,527168473.0,243763857.0,0.03224158862894921
2021-01-27,64.79,65.61,62.82,63.99,5336086.0,353922436.0,243763857.0,0.02189039041993826
2021-01-28,62.55,63.22,59.34,59.45,8582885.0,544296129.0,243763857.0,0.03520983424544353
2021-01-29,59.82,60.8,57.77,59.08,6433079.0,394866185.0,243763857.0,0.026390618687987037
2021-02-01,57.93,59.62,57.59,57.93,5877576.0,355620855.0,243763857.0,0.024111761572594415
2021-02-02,57.84,60.12,57.84,59.76,6846635.0,421894947.0,243763857.0,0.028087162240791094
2021-02-03,59.66,60.12,56.95,56.97,7239060.0,434964259.0,243763857.0,0.029697019439596413
2021-02-04,56.78,59.25,55.4,58.6,10795005.0,640034136.0,243763857.0,0.044284682449867864
2021-02-05,58.62,58.88,55.45,55.81,6158100.0,362559531.0,243763857.0,0.025262563842678287
2021-02-08,56.66,59.25,56.58,58.57,5357455.0,323249774.0,243763857.0,0.021978053128688394
2021-02-09,59.18,61.57,57.94,60.33,6552622.0,411876489.0,243763857.0,0.026881023629356175
2021-02-10,60.39,62.9,59.56,62.9,6721636.0,429282079.0,243763857.0,0.02757437498209589
2021-02-18,64.17,65.0,62.09,64.29,6556807.0,436791566.0,243763857.0,0.02689819188412333
2021-02-19,64.09,64.09,60.65,61.4,6027083.0,387679173.0,243763857.0,0.02472508875669784
2021-02-22,61.61,62.07,58.87,58.91,6480985.0,405630624.0,243763857.0,0.026587144951517566
2021-02-23,58.31,58.6,56.58,56.83,6341024.0,378266892.0,243763857.0,0.02601297861807298
2021-02-24,56.85,58.68,56.01,56.93,6158141.0,365873546.0,243763857.0,0.025262732038244702
2021-02-25,57.93,58.12,55.52,55.76,4398245.0,259154075.0,243763857.0,0.01804305631740968
2021-02-26,53.15,54.67,52.44,52.94,8351346.0,463476103.0,243763857.0,0.034259984653918565
2021-03-01,53.12,56.62,53.12,56.58,6695995.0,383306645.0,243763857.0,0.02746918711579133
2021-03-02,57.09,58.53,56.1,57.98,6838548.0,409152924.0,243763857.0,0.02805398669089815
2021-03-03,57.73,57.98,56.18,57.78,4978495.0,294862730.0,243763857.0,0.020423433815292807
2021-03-04,58.22,58.88,56.35,56.86,4486819.0,267524979.0,243763857.0,0.01840641617350188
2021-03-05,56.04,57.98,55.63,57.69,3762629.0,222882068.0,243763857.0,0.015435549167569989
2021-03-08,58.31,58.68,54.96,55.22,4405155.0,261312482.0,243763857.0,0.018071403423847204
2021-03-09,54.57,55.16,52.65,52.97,4557309.0,255004842.0,243763857.0,0.018695589477811716
2021-03-10,54.04,54.46,51.77,52.76,4041132.0,222376448.0,243763857.0,0.01657806062692879
2021-03-11,52.73,55.14,52.17,54.81,4442235.0,248436992.0,243763857.0,0.018223517853181985
2021-03-12,55.61,56.1,52.92,53.18,4314955.0,243078345.0,243763857.0,0.017701373177730774
2021-03-15,52.92,52.92,48.79,50.08,6533024.0,342684714.0,243763857.0,0.02680062614860906
2021-03-16,50.09,51.74,50.09,51.56,4154400.0,221027154.0,243763857.0,0.017042723441974418
2021-03-17,51.85,53.25,50.66,52.96,3721202.0,202257612.0,243763857.0,0.015265601905864165
2021-03-18,53.04,53.28,51.58,52.92,3368984.0,183678519.0,243763857.0,0.013820687125081058
2021-03-19,51.77,52.92,51.68,52.19,2037534.0,110778050.0,243763857.0,0.008358638663975522
2021-03-22,52.25,53.19,51.98,52.61,2103974.0,114949294.0,243763857.0,0.00863119752818811
2021-03-23,53.89,55.58,52.82,53.64,6807899.0,382475342.0,243763857.0,0.027928254351505442
2021-03-24,52.64,52.81,50.71,50.79,4349000.0,233190222.0,243763857.0,0.01784103703281984
2021-03-25,50.42,51.37,50.05,50.25,2379837.0,125399602.0,243763857.0,0.00976287883400204
2021-03-26,50.31,52.59,49.56,51.01,6036844.0,319615617.0,243763857.0,0.024765131608497644
2021-03-29,51.58,53.83,51.57,53.19,6414241.0,353285619.0,243763857.0,0.026313338978714962
2021-03-30,53.21,54.14,52.74,53.21,4927302.0,272904684.0,243763857.0,0.020213423190132737
2021-03-31,52.92,53.7,51.85,53.55,2608473.0,143200515.0,243763857.0,0.010700819358958535
2021-04-01,53.89,56.1,53.45,55.36,5024735.0,288503246.0,243763857.0,0.020613125595563577
2021-04-02,55.54,58.35,55.54,58.07,6751986.0,404997962.0,243763857.0,0.027698880724553024
2021-04-06,57.9,59.08,57.29,58.39,4556053.0,276313964.0,243763857.0,0.018690436950216126
2021-04-07,58.33,59.18,57.54,58.68,3244693.0,197103433.0,243763857.0,0.013310804316654705
2021-04-08,59.27,60.72,58.73,59.73,4786019.0,298318869.0,243763857.0,0.019633833575253938
2021-04-09,59.05,60.36,56.84,57.13,5969049.0,360436296.0,243763857.0,0.024487014085931534
2021-04-12,58.67,59.29,55.3,55.64,3962604.0,235175577.0,243763857.0,0.016255912786939535
2021-04-13,55.81,57.03,54.91,55.81,3278955.0,191160122.0,243763857.0,0.013451358377546511
2021-04-14,55.1,56.15,54.68,55.4,3972031.0,228943634.0,243763857.0,0.016294585460222676
2021-04-15,55.65,56.24,55.03,55.99,2976534.0,172120413.0,243763857.0,0.012210727368003535
2021-04-16,55.69,56.37,54.62,55.6,3379044.0,194777277.0,243763857.0,0.013861956573816437
2021-04-19,55.91,56.45,55.18,56.29,4960762.0,288227740.0,243763857.0,0.0203506871816522
2021-04-20,56.02,56.15,55.04,55.34,2700108.0,155736425.0,243763857.0,0.011076736449899543
2021-04-21,54.87,55.22,54.06,54.85,2755885.0,156474981.0,243763857.0,0.011305552159851164
2021-04-22,54.98,57.33,54.54,56.38,4133401.0,241157303.0,243763857.0,0.016956578595652923
2021-04-23,55.95,56.67,55.13,55.98,3554323.0,206173889.0,243763857.0,0.014581009029570779
2021-04-26,56.01,58.48,55.91,56.29,4639106.0,276341263.0,243763857.0,0.01903114783747453
2021-04-27,56.38,56.76,54.66,55.81,3473223.0,199850526.0,243763857.0,0.014248309994537049
2021-04-28,55.1,57.35,55.04,57.26,3730118.0,218915575.0,243763857.0,0.015302178288063436
2021-04-29,56.82,57.62,56.3,56.44,3356599.0,198038910.0,243763857.0,0.013769879757030591
2021-04-30,56.27,57.62,56.21,56.88,2847416.0,168199023.0,243763857.0,0.011681042608379797
2021-05-06,56.55,57.41,55.25,55.25,4275305.0,248328834.0,243763857.0,0.017538715758013298
2021-05-07,55.26,56.24,52.92,53.38,5112752.0,286844897.0,243763857.0,0.02097420045335105
2021-05-10,53.31,53.39,51.92,52.11,3775738.0,205400518.0,243763857.0,0.015489326623183518
2021-05-11,52.58,52.58,50.81,52.14,2092752.0,112365351.0,243763857.0,0.008585161170960632
2021-05-12,52.32,53.37,51.39,53.34,2581107.0,140484173.0,243763857.0,0.010588554971871814
2021-05-13,52.65,53.67,52.55,52.76,1898885.0,104931281.0,243763857.0,0.007789854588656267
2021-05-14,53.41,54.89,52.76,54.46,2969552.0,165285526.0,243763857.0,0.01218208489374206
2021-05-17,54.8,58.17,53.96,57.87,7122788.0,421512827.0,243763857.0,0.029220033222562607
2021-05-18,57.39,59.95,57.16,59.39,5803540.0,354714431.0,243763857.0,0.02380804140295499
2021-05-19,59.19,62.41,58.82,61.37,7050401.0,446331923.0,243763857.0,0.02892307779655784
2021-05-20,61.4,61.91,60.34,60.54,4309164.0,273037993.0,243763857.0,0.017677616579557156
2021-05-21,61.07,61.34,59.33,59.33,2795711.0,174457998.0,243763857.0,0.011468931589804965
2021-05-24,60.17,60.48,57.95,58.34,4227657.0,257442715.0,243763857.0,0.017343247895851926
2021-05-25,58.69,62.4,57.83,62.07,7743627.0,491530504.0,243763857.0,0.031766920228867235
2021-05-26,61.89,62.55,60.57,60.69,3324415.0,212714503.0,243763857.0,0.013637850339724481
2021-05-27,60.69,66.71,60.62,66.71,14651836.0,974161252.0,243763857.0,0.0601066793917689
2021-05-28,65.6,66.74,64.02,64.74,9964944.0,675574836.0,243763857.0,0.04087949757047042
2021-05-31,64.72,66.57,64.04,65.61,9952593.0,674215787.0,243763857.0,0.04082882968167016
2021-06-01,65.28,72.17,64.74,72.17,13784514.0,1006235891.0,243763857.0,0.056548637561145906
2021-06-02,72.35,73.42,68.88,71.39,13086135.0,959648192.0,243763857.0,0.05368365581776957
2021-06-03,70.59,70.59,65.6,67.92,10957526.0,766674221.0,243763857.0,0.04495139736815044
2021-06-04,66.57,70.78,66.57,69.72,8201722.0,586317682.0,243763857.0,0.03364617749710122
2021-06-07,71.42,72.52,69.08,69.61,9454707.0,692490789.0,243763857.0,0.03878633656506346
2021-06-08,68.77,71.39,67.73,68.39,7217355.0,517501665.0,243763857.0,0.029607978347667843
2021-06-09,67.71,70.8,66.65,69.25,6598022.0,471956636.0,243763857.0,0.027067269451680854
2021-06-10,68.8,70.58,66.98,69.75,7542825.0,540854507.0,247228560.0,0.030509521230071477
2021-06-11,69.53,69.95,64.9,67.15,7825294.0,544444041.0,247228560.0,0.03165206317587256
2021-06-15,67.68,70.86,66.57,67.17,8048892.0,575312179.0,295359723.0,0.02725114960918351
2021-06-16,67.79,68.33,62.44,64.25,9406744.0,629520812.0,295359723.0,0.03184843181885026
2021-06-17,65.22,70.42,64.3,68.21,13991346.0,982069258.0,295359723.0,0.04737052790369796
2021-06-18,69.68,71.01,67.15,68.47,12662667.0,908013807.0,295359723.0,0.04287201677799515
2021-06-21,68.76,75.32,67.74,73.09,15313381.0,1169667928.0,295359723.0,0.05184654442542255
2021-06-22,73.69,74.19,68.48,71.47,12530860.0,919384453.0,295359723.0,0.04242575755665914
2021-06-23,70.57,77.47,70.55,76.21,14638980.0,1136190996.0,295359723.0,0.04956322362206441
2021-06-24,75.26,77.65,73.44,74.29,6844954.0,531607834.0,295359723.0,0.023174974334601472
2021-06-25,74.42,77.18,74.25,75.21,6742375.0,528875137.0,295359723.0,0.022827672410838495
2021-06-28,76.25,78.9,74.79,76.51,6831954.0,542492527.0,295359723.0,0.023130960208816286
2021-06-29,76.22,76.31,73.32,75.18,7427147.0,575465838.0,295359723.0,0.02514610632946727
2021-06-30,75.54,81.03,75.06,78.15,10524952.0,852323091.0,295359723.0,0.03563435086238891
2021-07-01,75.93,77.86,73.9,73.9,8487464.0,669280684.0,295359723.0,0.028736023699480515
2021-07-02,73.42,73.98,70.54,73.76,7425826.0,554933417.0,295359723.0,0.0251416338171471
2021-07-05,74.26,76.87,73.81,76.6,6733506.0,527619544.0,295359723.0,0.022797644619947047
2021-07-06,77.65,81.1,76.22,78.58,7681468.0,625653110.0,295359723.0,0.026007161443606854
2021-07-07,77.26,81.68,75.88,81.04,7225523.0,592773828.0,295359723.0,0.02446346755275092
2021-07-08,80.48,89.15,80.17,89.15,10836084.0,981043618.0,295359723.0,0.03668775109191174
2021-07-09,88.76,92.23,85.68,87.88,11857246.0,1090013882.0,295359723.0,0.04014510130076199
2021-07-12,88.25,88.57,85.01,87.47,11752517.0,1060192901.0,295359723.0,0.03979052011773453
2021-07-13,87.47,87.77,82.58,84.45,7492588.0,659177334.0,295359723.0,0.02536767005296792
2021-07-14,83.94,86.24,82.62,83.23,4809030.0,420086623.0,295359723.0,0.01628194240959523
2021-07-15,83.07,84.06,80.2,81.1,7062852.0,598408490.0,295359723.0,0.02391271202539691
2021-07-16,82.96,82.97,79.51,79.88,6456921.0,542871626.0,295359723.0,0.021861210236847357
2021-07-19,81.0,83.06,77.66,83.02,6748407.0,565377265.0,295359723.0,0.02284809496520282
2021-07-20,81.81,82.39,78.87,80.61,6874097.0,572570346.0,295359723.0,0.02327364384750591
2021-07-21,80.61,88.54,79.88,85.4,13054352.0,1160758695.0,295359723.0,0.04419814545939292
2021-07-22,84.89,88.25,83.26,86.83,12383235.0,1109218843.0,295359723.0,0.0419259433013485
2021-07-23,86.87,91.24,86.84,88.62,9178431.0,847985043.0,295359723.0,0.031075432041896923
2021-07-26,87.91,91.65,84.9,89.72,10489878.0,966511976.0,295359723.0,0.035515600751020476
2021-07-27,89.72,98.7,89.72,91.03,13423796.0,1312106384.0,295359723.0,0.0454489727429762
2021-07-28,90.69,91.0,81.93,84.9,13857996.0,1240593507.0,295359723.0,0.04691904454420145
2021-07-29,87.8,93.39,87.8,93.39,10296319.0,975168244.0,295359723.0,0.03486026766080086
2021-07-30,96.49,102.73,95.56,102.73,21420914.0,2232282927.0,295359723.0,0.07252483101766723
2021-08-02,99.17,102.5,93.82,100.05,21747420.0,2212124498.0,295359723.0,0.07363028302948402
2021-08-03,100.05,100.05,90.04,91.15,16250083.0,1573672596.0,295359723.0,0.05501793824474842
2021-08-04,90.49,95.48,90.49,95.03,12164947.0,1180881856.0,295359723.0,0.041186885186779515
2021-08-05,94.08,94.93,90.31,93.07,10926148.0,1045729607.0,295359723.0,0.03699268095535152
2021-08-06,93.57,97.22,90.94,91.77,8955002.0,870058683.0,295359723.0,0.03031896803343088
2021-08-09,90.59,90.59,85.88,89.1,8742891.0,796471069.0,295359723.0,0.02960082340001382
2021-08-10,88.95,90.66,85.98,87.71,7520259.0,683099349.0,295359723.0,0.025461355812552683
2021-08-11,87.72,92.33,87.42,91.65,9009564.0,845975024.0,295359723.0,0.030503698705053296
2021-08-12,90.21,94.84,90.21,93.58,5848061.0,564869492.0,295359723.0,0.019799791727188206
2021-08-13,92.36,94.9,88.95,88.95,7373527.0,694975628.0,295359723.0,0.024964564989113293
2021-08-16,88.28,88.76,83.83,86.44,7359833.0,658598753.0,295359723.0,0.024918201186151574
2021-08-17,87.15,87.78,83.9,84.0,5085950.0,449439285.0,295359723.0,0.017219511002859386
2021-08-18,84.0,86.07,81.04,83.93,5875106.0,509285944.0,295359723.0,0.019891358037331313
2021-08-19,85.05,90.67,82.26,88.43,8311108.0,754093555.0,295359723.0,0.028138934840482636
2021-08-20,87.79,91.58,86.99,89.13,6410383.0,593609863.0,295359723.0,0.021703646437940354
2021-08-23,89.72,93.1,87.05,93.1,7001201.0,662336334.0,295359723.0,0.023703980112413633
2021-08-24,92.93,94.53,90.78,93.29,4804758.0,461589253.0,295359723.0,0.016267478690721822
2021-08-25,92.9,93.96,89.34,91.64,3840520.0,361351415.0,295359723.0,0.013002856181578962
2021-08-26,91.14,92.14,89.61,90.33,3218917.0,302374317.0,295359723.0,0.010898293671544377
2021-08-27,89.35,92.13,88.46,88.56,4987261.0,464700924.0,295359723.0,0.01688537945981213
2021-08-30,85.87,87.3,79.7,83.36,19773662.0,1699500408.0,295359723.0,0.06694772665398253
2021-08-31,82.85,83.74,79.11,81.48,10166678.0,851971540.0,295359723.0,0.034421341869961056
2021-09-01,81.48,81.48,75.24,79.02,10144582.0,817010885.0,295359723.0,0.03434653139893418
2021-09-02,76.6,79.82,76.12,77.18,9277292.0,748750568.0,295359723.0,0.03141014592568534
2021-09-03,77.72,82.19,76.46,79.98,8375508.0,692213870.0,295359723.0,0.028356974048218485
2021-09-06,79.32,83.59,76.9,81.57,5430452.0,459827910.0,295359723.0,0.018385892107570807
2021-09-07,81.79,82.26,79.98,80.08,4861298.0,407564388.0,295359723.0,0.01645890628086755
2021-09-08,80.94,80.94,77.18,79.59,6394479.0,522111222.0,295359723.0,0.021649800233595154
2021-09-09,80.56,82.27,75.97,77.86,11495496.0,934774238.0,295359723.0,0.03892032360823957
2021-09-10,77.47,83.44,77.18,83.06,10241624.0,860923048.0,295359723.0,0.03467508669081464
2021-09-13,83.16,84.13,78.81,81.68,8016817.0,676854841.0,295359723.0,0.027142553218063522
2021-09-14,81.62,83.54,80.08,81.81,5466611.0,466298257.0,295359723.0,0.018508315705591315
2021-09-15,82.98,83.26,79.25,80.44,6102619.0,508683401.0,295359723.0,0.02066164925269787
2021-09-16,80.11,80.8,76.99,78.81,5824392.0,474218027.0,295359723.0,0.019719655546941314
2021-09-17,77.66,80.0,76.25,77.38,5629633.0,451951004.0,295359723.0,0.019060259614341525
2021-09-22,76.3,79.1,76.22,78.74,3654178.0,296852759.0,295359723.0,0.012371957702574092
2021-09-23,79.59,80.56,78.27,79.94,4596305.0,379916963.0,295359723.0,0.015561718955160314
2021-09-24,79.81,79.81,76.46,77.05,4301694.0,346768443.0,295359723.0,0.014564253908106489
2021-09-27,77.23,78.34,73.42,73.94,5912292.0,461599374.0,295359723.0,0.020017258751288847
2021-09-28,74.45,75.51,71.49,72.63,6777992.0,513868909.0,295359723.0,0.022948260958383957
2021-09-29,72.17,73.52,70.72,71.83,6214943.0,463495806.0,295359723.0,0.02104194484228982
2021-09-30,71.88,74.29,71.4,73.67,3642457.0,277643341.0,295359723.0,0.01233227388962577
2021-10-08,74.43,75.14,71.29,72.05,3897543.0,293521597.0,295359723.0,0.01319591906578271
2021-10-11,71.92,73.31,71.17,71.63,2642878.0,197754822.0,295359723.0,0.008947997286684887
2021-10-12,71.88,72.36,68.95,70.21,3613697.0,263571626.0,295359723.0,0.012234901100581003
2021-10-13,70.22,71.19,69.08,70.82,3349994.0,242783098.0,295359723.0,0.011342081330432451
2021-10-14,71.39,72.68,69.76,72.19,2964141.0,218796960.0,295359723.0,0.010035698063002314
2021-10-15,71.93,74.35,71.4,72.07,5896497.0,445539181.0,295359723.0,0.019963781588459847
2021-10-18,71.16,72.81,69.49,71.99,4859146.0,359011353.0,295359723.0,0.01645162025019911
2021-10-19,72.0,73.37,71.49,71.92,2675202.0,200347250.0,295359723.0,0.009057436717598764
2021-10-20,71.52,72.17,69.99,71.2,4443865.0,328417236.0,295359723.0,0.015045602544799244
2021-10-21,71.2,71.37,68.9,70.46,5091770.0,370213659.0,295359723.0,0.017239215788403213
2021-10-22,71.37,75.6,70.36,74.48,7246013.0,554610905.0,295359723.0,0.024532840586392345
2021-10-25,73.91,74.0,69.47,71.34,9809231.0,720891141.0,295359723.0,0.03321113285307354
2021-10-26,71.1,74.66,70.12,73.43,7653213.0,578726841.0,295359723.0,0.02591149843406374
2021-10-27,72.99,72.99,70.47,72.13,5596977.0,413961524.0,295359723.0,0.018949696130369138
2021-10-28,70.91,71.97,70.1,71.37,5263280.0,388745001.0,295359723.0,0.01781989753558917
2021-10-29,71.39,73.64,70.33,73.27,5442089.0,409966135.0,295359723.0,0.018425291521552516
2021-11-01,72.25,74.87,71.7,74.09,4572639.0,348367547.0,295359723.0,0.015481592932019374
2021-11-02,73.71,78.92,73.53,77.51,7296541.0,584108405.0,295359723.0,0.024703913336213416
2021-11-03,78.21,78.64,75.54,76.6,3814827.0,303941071.0,295359723.0,0.012915867340517515
2021-11-04,76.19,79.4,76.02,77.17,5880692.0,474451178.0,295359723.0,0.01991027056861101
2021-11-05,77.71,79.34,76.23,77.3,4834112.0,387695473.0,295359723.0,0.016366862586744774
2021-11-08,78.15,78.15,71.92,73.32,6452500.0,492740892.0,295359723.0,0.02184624204837841
2021-11-09,72.87,74.05,70.62,73.31,7007275.0,526430187.0,295359723.0,0.023724544866261268
2021-11-10,72.76,74.36,72.55,74.22,5250318.0,400844514.0,295359723.0,0.017776012066479354
2021-11-11,74.0,81.64,73.0,81.01,14744729.0,1220441428.0,295359723.0,0.049921258221115004
2021-11-12,81.01,83.15,78.74,82.64,10218880.0,859912806.0,295359723.0,0.034598082284902465
2021-11-15,82.64,84.78,80.74,81.99,7272377.0,623366477.0,295359723.0,0.0246221012334847
2021-11-16,81.11,82.37,78.15,78.96,6581124.0,544741972.0,295359723.0,0.02228172458030102
2021-11-17,78.48,81.94,77.84,80.69,4647324.0,385928488.0,295359723.0,0.015734454084655274
2021-11-18,80.62,81.01,78.83,79.3,4728215.0,389098998.0,295359723.0,0.016008326903800624
2021-11-19,79.11,82.79,79.11,81.04,5264450.0,441477328.0,295359723.0,0.017823858806909836
2021-11-22,81.72,82.29,79.89,82.05,4988252.0,420430412.0,295359723.0,0.016888734690477754
2021-11-23,82.05,82.67,80.39,80.66,3745618.0,315301055.0,295359723.0,0.01268154629194313
2021-11-24,80.56,82.0,77.86,78.44,5356082.0,440769177.0,295359723.0,0.018134097451059702
2021-11-25,78.11,79.9,77.5,77.95,3219128.0,261960675.0,295359723.0,0.01089900805466289
2021-11-26,77.95,77.95,74.94,74.97,4751846.0,373515496.0,295359723.0,0.016088334427372144
2021-11-29,74.58,76.16,74.09,75.83,3234412.0,252697827.0,295359723.0,0.010950755123778336
2021-11-30,76.22,78.37,75.62,77.02,4447224.0,354282424.0,295359723.0,0.01505697511776174
2021-12-01,76.73,77.28,75.07,76.18,3174200.0,249974302.0,295359723.0,0.010746895235949284
2021-12-02,75.64,76.89,74.4,74.58,3266642.0,255276521.0,295359723.0,0.011059876298705765
2021-12-03,74.58,75.48,74.09,75.13,2406281.0,186822093.0,295359723.0,0.008146950354500434
2021-12-06,75.86,75.86,71.39,71.9,6202453.0,466706664.0,295359723.0,0.020999657424516205
2021-12-07,72.6,72.68,68.52,69.27,5684833.0,411115147.0,295359723.0,0.019247150363829398
2021-12-08,69.94,70.25,68.88,69.26,5132451.0,369238397.0,295359723.0,0.017376949530793
2021-12-09,69.46,72.69,69.46,72.36,6710482.0,498034591.0,295359723.0,0.022719692217479496
2021-12-10,72.23,73.61,71.04,72.64,6759732.0,508885124.0,295359723.0,0.022886438040165685
2021-12-13,73.47,75.15,72.02,74.1,4961825.0,377067826.0,295359723.0,0.016799260744160435
2021-12-14,73.37,78.15,72.95,76.6,8903492.0,705541820.0,295359723.0,0.030144570524262036
2021-12-15,77.95,82.01,76.6,79.59,12439911.0,1035713251.0,296917081.0,0.041896919362480196
2021-12-16,79.11,82.46,79.11,79.55,7581578.0,633702091.0,296917081.0,0.025534327545137087
2021-12-17,79.31,79.48,77.62,77.77,5487688.0,444574463.0,296917081.0,0.01848222399842332
2021-12-20,77.78,80.08,75.82,76.51,4950646.0,395567174.0,296917081.0,0.01667349680027334
2021-12-21,76.67,78.91,75.41,76.11,3619263.0,287923430.0,296917081.0,0.01218947386863203
2021-12-22,76.81,78.39,76.22,77.1,3606267.0,289557036.0,296917081.0,0.01214570407284854
2021-12-23,77.43,78.44,76.7,77.57,2768692.0,223413570.0,296917081.0,0.009324798663233524
2021-12-24,77.09,80.4,74.98,76.07,5676094.0,451722690.0,296917081.0,0.019116764791312225
2021-12-27,75.45,77.5,74.65,75.15,2997847.0,235841955.0,296917081.0,0.010096579792255199
2021-12-28,75.16,76.87,74.86,76.57,3622007.0,284559318.0,296917081.0,0.012198715506030453
2021-12-29,77.18,77.66,75.73,76.34,3558592.0,283024869.0,296917081.0,0.011985137358938268
2021-12-30,76.73,77.47,75.57,77.37,2630335.0,209485588.0,296917081.0,0.008858820082499733
2021-12-31,77.52,78.34,76.71,78.31,2625196.0,211774519.0,296917081.0,0.008841512220039642
2022-01-04,78.44,78.44,74.29,75.08,4283795.0,334549483.0,298528097.0,0.01434972132623081
2022-01-05,75.08,75.73,73.15,73.52,4756652.0,364840036.0,298528097.0,0.015933682784974174
2022-01-06,73.23,74.05,71.39,72.31,2918894.0,219061537.0,298528097.0,0.009777619022573946
2022-01-07,72.29,73.96,71.59,72.27,3233535.0,243847114.0,298528097.0,0.010831593516639742
2022-01-10,72.17,74.66,70.48,73.54,3715314.0,281862135.0,298528097.0,0.012445441609471017
2022-01-11,73.32,74.67,69.85,71.42,4986406.0,367084602.0,298528097.0,0.016703305484843525
2022-01-12,71.71,72.65,70.76,71.76,2162081.0,160214341.0,298528097.0,0.007242470714573979
2022-01-13,71.99,71.99,70.07,70.3,2063463.0,150935769.0,298528097.0,0.006912123249825962
2022-01-14,70.31,70.6,69.36,69.8,3897821.0,281597018.0,298528097.0,0.013056797799504949
2022-01-17,69.73,72.94,69.27,71.68,4347015.0,322252562.0,298528097.0,0.014561493687476928
2022-01-18,71.84,73.12,70.8,71.35,2360593.0,175292297.0,298528097.0,0.007907439948608925
2022-01-19,70.9,71.66,69.09,69.73,2999398.0,217752406.0,298528097.0,0.010047288781665331
2022-01-20,69.72,71.97,68.88,70.98,3341294.0,245763140.0,298528097.0,0.011192561214765657
2022-01-21,71.18,71.6,68.68,69.55,5097157.0,366527351.0,298528097.0,0.01707429569016413
2022-01-24,68.98,70.24,68.7,69.77,2129454.0,153363754.0,298528097.0,0.00713317781943989
2022-01-25,70.02,70.72,67.92,68.55,2724972.0,196418892.0,298528097.0,0.009128025225712674
2022-01-26,68.69,69.02,65.87,66.5,4737860.0,326846394.0,298528097.0,0.01587073393631019
2022-01-27,66.96,66.96,64.64,64.85,3363733.0,228539931.0,298528097.0,0.011267726668957395
2022-01-28,65.84,66.18,61.94,63.6,5134177.0,338352421.0,298528097.0,0.017198304118087752
2022-02-07,64.16,65.88,62.77,63.44,3230798.0,213728926.0,298528097.0,0.010822425200399144
2022-02-08,63.13,64.45,60.82,61.99,3805485.0,245596875.0,298528097.0,0.012747493580143647
2022-02-09,61.26,62.21,55.79,56.33,14485223.0,868804152.0,298528097.0,0.048522142959294044
2022-02-10,56.43,56.61,52.26,53.45,15353956.0,850181121.0,298528097.0,0.05143219735192966
2022-02-11,53.31,53.83,52.4,52.68,13702165.0,753358166.0,298528097.0,0.04589907997839145
2022-02-14,52.25,53.59,51.63,53.03,4765256.0,261675230.0,298528097.0,0.015962504192695806
2022-02-15,52.6,57.89,52.49,57.3,11432104.0,661984216.0,298528097.0,0.038294901266864675
2022-02-16,58.01,58.2,56.54,57.34,6257144.0,371795124.0,298528097.0,0.020959983542185645
2022-02-17,57.4,60.45,56.94,59.81,6471383.0,397393056.0,298528097.0,0.021677634584593222
2022-02-18,59.02,60.29,58.54,58.83,3894334.0,238298450.0,298528097.0,0.013045117156928783
2022-02-21,59.22,59.44,57.43,57.93,5010683.0,302099244.0,298528097.0,0.016784627813441626
2022-02-22,57.6,58.06,56.35,57.77,3391300.0,200957201.0,298528097.0,0.01136006973574752
2022-02-23,57.9,61.94,57.4,61.45,8857481.0,558728648.0,298528097.0,0.029670510377453684
2022-02-24,60.99,61.91,59.14,60.77,6240677.0,393742982.0,298528097.0,0.02090482290516192
2022-02-25,62.12,62.9,60.59,61.23,3986120.0,253763755.0,298528097.0,0.013352579003644002
2022-02-28,60.67,61.75,60.03,60.54,4226777.0,265554430.0,298528097.0,0.014158724228895614
2022-03-01,61.74,61.74,59.82,60.78,3379960.0,212415272.0,298528097.0,0.011322083361553737
2022-03-02,60.3,60.37,58.66,59.65,2765135.0,169958049.0,298528097.0,0.009262561975866546
2022-03-03,60.01,60.16,57.26,57.44,4167022.0,250501705.0,298528097.0,0.01395855881531982
2022-03-04,56.81,59.23,56.45,57.34,2881782.0,172600898.0,298528097.0,0.009653302415953162
2022-03-07,56.65,57.63,53.6,53.91,7520894.0,425913493.0,298528097.0,0.02519325341761717
2022-03-08,54.61,56.32,52.51,54.43,6929961.0,391673546.0,305448572.0,0.02268781600327796
2022-03-09,54.38,56.34,52.32,54.3,6006295.0,340152753.0,305448572.0,0.01966385031912999
2022-03-10,56.27,57.47,54.99,56.03,9780205.0,573139350.0,318521997.0,0.03070495944429232
2022-03-11,55.02,55.96,53.5,54.3,4944173.0,279032848.0,318521997.0,0.015522234089220531
2022-03-14,53.84,54.16,52.47,52.58,4714615.0,259237372.0,318521997.0,0.0148015366109864
2022-03-15,52.19,53.46,50.65,50.84,5476544.0,294861908.0,318521997.0,0.01719361316198203
2022-03-16,51.9,52.97,48.54,52.54,8815344.0,464161622.0,318521997.0,0.027675777757980087
2022-03-17,53.91,56.44,53.19,54.46,9786455.0,556666167.0,318521997.0,0.030724581323028688
2022-03-18,54.03,54.58,51.98,52.76,5858537.0,321662139.0,318521997.0,0.0183928804138447
2022-03-21,53.06,56.04,52.72,54.19,7245628.0,411529796.0,318521997.0,0.022747653437574046
2022-03-22,54.47,54.67,53.27,53.73,4039200.0,224625451.0,318521997.0,0.012681070814710482
2022-03-23,53.75,54.43,53.45,54.02,3252040.0,182169054.0,318521997.0,0.010209781524131283
2022-03-24,53.78,54.25,52.86,53.82,3668528.0,203628700.0,318521997.0,0.01151734584911572
2022-03-25,54.28,55.22,52.48,52.53,3859363.0,213903106.0,318521997.0,0.01211647244570051
2022-03-28,51.97,52.34,50.75,51.12,3948781.0,209754658.0,318521997.0,0.012397200310156287
2022-03-29,51.58,51.94,48.97,49.21,4811168.0,248960150.0,318521997.0,0.015104664812207616
2022-03-30,49.33,51.19,49.09,50.95,4103825.0,212893495.0,318521997.0,0.012883961040844535
2022-03-31,50.94,51.04,48.91,49.44,3295737.0,169402438.0,318521997.0,0.01034696828175418
2022-04-01,49.06,50.13,48.59,49.43,2179752.0,111619984.0,318521997.0,0.006843332707097149
2022-04-06,49.43,49.43,46.98,47.36,3878744.0,191184732.0,318521997.0,0.012177319106786839
2022-04-07,47.03,47.27,45.34,46.12,6408247.0,306086351.0,318521997.0,0.020118695287471778
2022-04-08,46.31,46.64,44.59,45.97,3983278.0,188858232.0,318521997.0,0.01250550366227925
2022-04-11,45.3,45.73,42.66,43.21,4826940.0,219180377.0,318521997.0,0.015154181015636418
2022-04-12,42.78,45.15,42.78,44.91,4859005.0,222683650.0,318521997.0,0.015254849102305484
2022-04-13,44.48,45.13,43.95,44.31,3939134.0,182656810.0,318521997.0,0.012366913547889127
2022-04-14,44.83,46.63,44.19,45.61,3743108.0,176224309.0,318521997.0,0.011751489803701061
2022-04-15,45.26,48.34,44.52,46.65,5285187.0,255936532.0,318521997.0,0.016592847746085177
2022-04-18,46.29,48.72,45.84,47.64,4471477.0,219425355.0,318521997.0,0.014038204714633884
2022-04-19,47.32,47.63,45.25,45.53,4490744.0,214330569.0,318521997.0,0.014098693472652062
2022-04-20,45.52,45.82,44.33,44.75,3129633.0,145751898.0,318521997.0,0.009825484674454054
2022-04-21,44.75,45.97,43.13,43.13,3959958.0,182071012.0,318521997.0,0.01243229050833811
2022-04-22,43.24,43.66,41.0,41.85,5615472.0,244322341.0,318521997.0,0.017629777701035826
2022-04-25,40.61,41.65,38.15,38.2,4757120.0,195821694.0,318521997.0,0.014934981083896695
2022-04-26,38.77,40.01,37.46,37.89,4955327.0,198867496.0,318521997.0,0.015557252078888605
2022-04-27,37.53,39.75,36.09,39.51,7469637.0,293228202.0,318521997.0,0.02345092982699088
2022-04-28,38.61,39.83,37.32,39.49,5968934.0,240681629.0,318521997.0,0.018739471861342123
2022-04-29,39.67,43.43,39.25,43.43,8312110.0,357680033.0,318521997.0,0.026095874314137242
2022-05-05,42.74,43.9,42.23,42.93,6797278.0,303559791.0,318521997.0,0.0213400583445419
2022-05-06,41.97,42.34,41.29,41.96,3822380.0,166003033.0,318521997.0,0.01200036429509137
2022-05-09,41.87,42.45,41.34,41.85,2649075.0,115133375.0,318521997.0,0.008316772546167353
2022-05-10,41.0,43.49,40.55,42.61,6707935.0,296683211.0,318521997.0,0.021059565942630958
2022-05-11,42.62,46.0,42.5,44.86,8844426.0,409074119.0,318521997.0,0.027767080714365858
2022-05-12,44.18,45.02,43.72,44.23,4399078.0,201903825.0,318521997.0,0.013810908010852387
2022-05-13,44.65,44.85,43.46,43.72,3682198.0,167655088.0,318521997.0,0.011560262822287906
2022-05-16,43.91,45.52,43.7,44.56,4635754.0,214851287.0,318521997.0,0.014553952454341795
2022-05-17,44.61,45.78,43.6,45.55,5186407.0,242977267.0,318521997.0,0.016282727877032617
2022-05-18,46.0,47.06,45.31,46.12,5865024.0,281382631.0,318521997.0,0.01841324635422275
2022-05-19,45.41,47.7,45.0,47.19,5709484.0,277597354.0,318521997.0,0.017924928431237986
2022-05-20,46.99,47.66,46.53,47.27,3940803.0,192320972.0,318521997.0,0.012372153374386888
2022-05-23,47.08,47.27,46.37,46.92,2649342.0,128309876.0,318521997.0,0.00831761079282697
2022-05-24,46.88,47.8,45.02,45.04,5454708.0,262174099.0,318521997.0,0.01712505902692805
2022-05-25,45.05,45.8,44.24,44.62,3214668.0,148926233.0,318521997.0,0.010092452107789592
2022-05-26,44.65,44.8,43.14,44.17,3378145.0,154199364.0,318521997.0,0.010605688247019247
2022-05-27,44.56,45.9,43.61,44.1,3461992.0,159624490.0,318521997.0,0.010868925953644576
2022-05-30,44.56,45.65,43.91,45.55,4022079.0,187057577.0,318521997.0,0.012627319424975223
2022-05-31,45.62,47.59,45.1,47.39,5404722.0,259853207.0,318521997.0,0.016968127950045472
2022-06-01,47.54,51.62,47.2,50.41,9375711.0,475852680.0,318521997.0,0.029435050289478123
2022-06-02,49.73,55.45,49.54,54.47,12654040.0,692238251.0,318521997.0,0.03972736614482547
2022-06-06,55.23,56.1,53.53,54.95,11458869.0,646263641.0,318521997.0,0.03597512607582955
2022-06-07,55.25,55.61,53.89,55.05,5578791.0,314888307.0,318521997.0,0.017514617679607228
2022-06-08,55.32,55.54,53.32,54.21,5393907.0,301849296.0,318521997.0,0.01693417425108006
2022-06-09,54.44,54.44,52.2,52.48,6440333.0,351055257.0,318521997.0,0.020219429303653398
2022-06-10,51.85,52.98,51.4,52.62,5677541.0,307127423.0,318521997.0,0.017824643363641854
2022-06-13,51.88,53.96,51.37,53.11,6280051.0,344546645.0,318521997.0,0.019716223868833774
2022-06-14,52.3,53.05,50.29,51.78,5645152.0,299006677.0,318521997.0,0.01772295807877909
2022-06-15,52.14,53.88,50.86,51.95,8238665.0,444969760.0,318521997.0,0.025865293692730426
2022-06-16,51.94,54.11,51.17,52.95,6779639.0,373798024.0,318521997.0,0.021284680693496972
2022-06-17,52.53,53.48,51.67,52.79,4530310.0,245905320.0,318521997.0,0.014222910953305369
2022-06-20,52.65,55.22,52.54,53.96,7173582.0,401188513.0,318521997.0,0.02252146497750358
2022-06-21,53.99,54.13,52.54,52.96,4421096.0,242493729.0,318521997.0,0.013880033535015166
2022-06-22,53.11,53.31,51.27,51.27,3931802.0,210834537.0,318521997.0,0.012343894729505919
2022-06-23,51.85,52.34,50.68,52.34,5129449.0,273374188.0,318521997.0,0.016103908201982042
2022-06-24,52.33,53.69,51.68,53.1,6898764.0,376743108.0,318521997.0,0.02165867370221216
2022-06-27,53.31,53.91,52.29,52.34,7771855.0,422954899.0,318521997.0,0.024399743418662544
2022-06-28,52.5,54.31,50.98,54.27,10788006.0,584545227.0,318521997.0,0.0338689512862749
2022-06-29,54.44,55.71,53.26,53.5,11276298.0,632733731.0,318521997.0,0.03540194431218513
2022-06-30,53.81,54.49,52.25,53.8,7123968.0,393299299.0,318521997.0,0.022365701794843387
2022-07-01,53.49,54.44,52.6,52.72,5806325.0,319254305.0,318521997.0,0.018228960808631373
2022-07-04,52.31,52.31,47.5,49.71,12252833.0,631986874.0,318521997.0,0.038467776528476307
2022-07-05,50.1,50.94,48.77,50.24,7100889.0,364650720.0,318521997.0,0.022293245260546324
2022-07-06,50.4,53.26,48.87,49.67,14032772.0,737035622.0,318521997.0,0.04405589608305765
2022-07-07,49.91,50.3,48.46,49.43,5958958.0,302437812.0,318521997.0,0.01870815220337828
2022-07-08,49.68,50.55,48.98,49.09,5365818.0,274667306.0,318521997.0,0.016845988818787922
2022-07-11,48.61,48.93,46.7,47.17,6655412.0,324795409.0,318521997.0,0.02089466995273171
2022-07-12,47.25,47.77,46.13,46.38,4328404.0,208388275.0,318521997.0,0.013589026945602127
2022-07-13,46.76,46.77,44.87,45.68,4482235.0,210461119.0,318521997.0,0.014071979462065221
2022-07-14,45.7,47.88,45.18,47.01,5373870.0,259953975.0,318521997.0,0.01687126807760156
2022-07-15,46.91,48.46,46.72,47.06,4702394.0,230276821.0,318521997.0,0.014763168774180453
2022-07-18,47.13,48.65,46.53,48.36,6221537.0,306152595.0,318521997.0,0.019532519130852993
2022-07-19,48.19,48.56,45.9,47.0,7780121.0,378443808.0,318521997.0,0.024425694530604114
2022-07-20,46.99,48.49,46.91,48.16,6083166.0,300394680.0,318521997.0,0.019098103293632183
2022-07-21,47.86,49.67,47.59,48.81,6410120.0,323758189.0,318521997.0,0.020124575572091494
2022-07-22,48.63,49.05,46.74,47.46,4785987.0,235671790.0,318521997.0,0.015025609047653937
2022-07-25,47.27,47.94,46.6,47.02,2844458.0,138281311.0,318521997.0,0.008930177591471022
2022-07-26,47.03,47.58,46.13,47.5,2766996.0,134340030.0,318521997.0,0.008686985596162766
2022-07-27,47.5,48.55,46.57,48.25,4438293.0,218545078.0,318521997.0,0.013934023526795859
2022-07-28,48.25,51.8,48.25,51.25,11309786.0,591500297.0,318521997.0,0.0355070799082049
2022-07-29,50.88,51.09,49.1,49.19,6457323.0,332877167.0,318521997.0,0.020272769418810344
2022-08-01,48.85,51.04,47.01,50.54,8288789.0,425492498.0,318521997.0,0.026022658020695505
2022-08-02,49.43,54.72,48.58,53.36,18121888.0,983635672.0,318521997.0,0.05689367820960886
2022-08-03,54.27,58.64,53.02,58.16,18217204.0,1056231097.0,318521997.0,0.05719292284859058
2022-08-04,58.83,62.51,58.64,61.41,17349582.0,1093618189.0,318521997.0,0.054469023060909665
2022-08-05,60.09,64.74,59.76,62.33,12409095.0,796560143.0,318521997.0,0.0389583611708927
2022-08-08,61.55,65.15,60.68,64.45,13668440.0,884989063.0,318521997.0,0.04291207555125306
2022-08-09,63.78,63.78,61.14,62.88,8845850.0,568417573.0,318521997.0,0.027771551363217153
2022-08-10,61.08,65.59,61.07,64.45,9585253.0,632227523.0,318521997.0,0.030092907523746312
2022-08-11,64.82,67.85,63.8,67.22,7976012.0,546684146.0,318521997.0,0.025040694442211475
2022-08-12,66.88,68.65,65.43,66.78,5241577.0,363110417.0,318521997.0,0.016455934125014293
2022-08-15,66.51,71.3,66.39,70.69,7629871.0,549088020.0,318521997.0,0.02395398456578181
2022-08-16,70.27,74.05,69.1,73.65,8626261.0,637580770.0,318521997.0,0.02708215156644268
2022-08-17,73.13,76.62,71.71,72.69,9033085.0,691477996.0,318521997.0,0.028359375757649793
2022-08-18,71.85,76.23,70.32,73.66,8622691.0,651681941.0,318521997.0,0.027070943549308463
2022-08-19,73.65,74.86,69.57,69.79,7891539.0,583363654.0,318521997.0,0.024775491408211912
2022-08-22,70.43,72.37,70.15,71.24,5986562.0,439425087.0,318521997.0,0.018794814977880474
2022-08-23,71.39,72.1,70.07,71.24,4048721.0,296032758.0,318521997.0,0.012710961999902317
2022-08-24,71.04,71.12,67.65,67.85,7603331.0,537507752.0,318521997.0,0.023870662219915694
2022-08-25,68.52,68.79,64.0,65.39,6915864.0,466568161.0,318521997.0,0.021712359162434865
2022-08-26,66.25,66.67,64.04,64.3,5617827.0,375910995.0,318521997.0,0.01763717122494369
2022-08-29,63.51,66.76,63.26,63.98,5486742.0,368184847.0,318521997.0,0.017225629789078586
2022-08-30,63.85,67.23,63.19,64.45,8183584.0,551359214.0,318521997.0,0.02569236686030196
2022-08-31,64.5,65.01,60.11,60.57,7668862.0,489961791.0,318521997.0,0.02407639683359137
2022-09-01,60.81,63.0,58.72,59.27,5019340.0,311997510.0,318521997.0,0.01575822093065679
2022-09-02,59.28,63.76,58.9,62.58,6589390.0,421791188.0,318521997.0,0.020687393844262505
2022-09-05,62.66,66.36,60.76,64.16,7466397.0,496445888.0,318521997.0,0.023440757845053947
2022-09-06,65.27,70.58,65.13,70.58,10080449.0,709338330.0,318521997.0,0.03164757566178389
2022-09-07,70.58,73.86,70.16,71.59,11110612.0,830691459.0,318521997.0,0.0348817730161349
2022-09-08,71.68,73.18,70.29,70.95,5440283.0,400693470.0,318521997.0,0.017079771730804515
2022-09-09,70.98,73.05,69.75,71.23,5822082.0,429205226.0,318521997.0,0.01827842991955121
2022-09-13,71.22,76.54,71.11,72.61,7756072.0,588765518.0,318521997.0,0.024350192680727165
2022-09-14,71.24,73.24,69.9,71.71,6753708.0,495922201.0,318521997.0,0.021203270303494927
2022-09-15,73.66,74.34,65.09,66.82,11090798.0,777988240.0,318521997.0,0.03481956695128971
2022-09-16,66.82,70.07,66.25,68.32,8310047.0,587767889.0,318521997.0,0.026089397524403944
2022-09-19,68.37,70.06,64.51,64.97,6123588.0,418626386.0,318521997.0,0.019225008186797222
2022-09-20,65.42,66.27,62.69,64.93,4765356.0,318620685.0,318521997.0,0.014960838010820333
2022-09-21,64.95,67.13,63.48,65.25,5212192.0,352852524.0,318521997.0,0.01636367989994738
2022-09-22,65.33,66.39,63.97,64.8,3583813.0,240687728.0,318521997.0,0.011251383055971485
2022-09-23,64.81,65.26,62.04,62.39,5226735.0,339803356.0,318521997.0,0.016409337657141462
2022-09-26,61.93,66.0,60.58,64.42,5751192.0,381454377.0,318521997.0,0.01805587072217182
2022-09-27,64.52,66.65,63.47,63.93,5303229.0,353683172.0,318521997.0,0.016649490615871027
2022-09-28,63.98,64.53,60.76,60.77,4381362.0,278856835.0,318521997.0,0.013755288618261426
2022-09-29,61.46,63.19,60.87,62.53,4964251.0,319688549.0,318521997.0,0.015585268982223541
2022-09-30,62.83,63.0,59.4,59.6,4311953.0,269960467.0,318521997.0,0.013537379021267407
2022-10-10,58.66,59.51,53.64,53.64,7227908.0,408251250.0,318521997.0,0.022692021486980695
2022-10-11,53.32,54.11,48.28,48.29,20697306.0,1048817554.0,318521997.0,0.06497920456024267
2022-10-12,48.47,50.86,46.53,50.3,16617939.0,829047052.0,318521997.0,0.052172029425019584
2022-10-13,50.11,51.89,48.95,50.11,11573447.0,602364913.0,318521997.0,0.03633484377532645
2022-10-14,50.47,51.8,48.66,51.41,7230430.0,378802758.0,318521997.0,0.022699939307488395
2022-10-17,50.61,53.19,50.49,52.73,7727130.0,414975707.0,318521997.0,0.024259329254425088
2022-10-18,52.43,53.35,51.71,52.7,5303611.0,287444683.0,318521997.0,0.016650689905099395
2022-10-19,52.34,54.53,52.12,52.64,5354240.0,294953332.0,318521997.0,0.016809639680866375
2022-10-20,52.42,56.8,52.34,55.92,10492339.0,596587983.0,318521997.0,0.03294070456301955
2022-10-21,54.28,54.83,52.34,54.14,9238071.0,508954160.0,318521997.0,0.02900292942719432
2022-10-24,53.6,56.51,53.42,55.16,7541881.0,431665184.0,318521997.0,0.023677739908179715
2022-10-25,54.48,55.8,53.02,55.42,7349535.0,414699263.0,318521997.0,0.023073869526191625
2022-10-26,55.42,57.34,54.3,56.75,7226562.0,419918597.0,318521997.0,0.022687795719176028
2022-10-27,56.35,57.4,55.83,56.21,4342521.0,252973433.0,318521997.0,0.013633347275541538
2022-10-28,56.21,58.63,55.97,56.57,6034813.0,356966398.0,318521997.0,0.01894629902122584
2022-10-31,55.25,57.76,55.1,56.99,5110496.0,299856379.0,318521997.0,0.01604440524715158
2022-11-01,57.07,57.71,55.72,56.6,4873976.0,284379846.0,318521997.0,0.015301850565755433
2022-11-02,56.27,58.1,56.0,56.48,5301167.0,310867103.0,318521997.0,0.016643016965638326
2022-11-03,55.85,60.34,55.85,59.75,6252461.0,379107065.0,318521997.0,0.01962960504733995
2022-11-04,59.61,60.26,58.23,59.59,5367606.0,328611673.0,318521997.0,0.01685160224585682
2022-11-07,59.6,61.23,58.21,58.42,5778746.0,354561942.0,318521997.0,0.018142376521644122
2022-11-08,58.79,59.4,58.16,59.05,2857884.0,173216459.0,318521997.0,0.008972328526497339
2022-11-09,59.2,59.99,57.96,58.16,3311700.0,201120640.0,318521997.0,0.010397084129797165
2022-11-10,57.18,58.92,55.92,56.51,3944499.0,232309127.0,318521997.0,0.012383756968596426
2022-11-11,58.3,58.95,56.42,56.51,3934433.0,233230349.0,318521997.0,0.01235215475557878
2022-11-14,56.13,58.41,55.49,57.17,3212496.0,189812424.0,318521997.0,0.01008563311249113
2022-11-15,56.88,60.06,56.57,59.0,4772869.0,288914936.0,318521997.0,0.014984425078811746
2022-11-16,59.12,59.55,57.39,58.06,3827197.0,230770697.0,318521997.0,0.012015487269471062
2022-11-17,57.41,58.62,55.96,58.62,4472490.0,263977478.0,318521997.0,0.014041385028739474
2022-11-18,58.06,60.75,56.7,56.94,6764204.0,409388422.0,318521997.0,0.021236222501769635
2022-11-21,56.45,58.25,56.19,57.18,3709820.0,218609423.0,318521997.0,0.011646982107800862
2022-11-22,57.14,57.71,54.35,55.0,7229433.0,414891609.0,318521997.0,0.022696809225392366
2022-11-23,54.61,55.79,53.64,55.61,4580667.0,259502331.0,318521997.0,0.01438100678490974
2022-11-24,55.61,55.81,54.08,54.58,4245709.0,239876811.0,318521997.0,0.013329405943665485
2022-11-25,54.35,55.49,53.36,53.7,3159527.0,176261900.0,318521997.0,0.009919336905325255
2022-11-28,52.82,53.92,52.13,52.33,4209569.0,228554070.0,318521997.0,0.013215944392060306
2022-11-29,52.69,53.18,51.57,52.63,5791067.0,312334700.0,318521997.0,0.018181058308509853
2022-11-30,52.91,52.92,51.2,51.95,4173676.0,223255182.0,318521997.0,0.01310325829710279
2022-12-01,52.5,53.46,51.76,52.03,4995677.0,271185714.0,318521997.0,0.0156839309280106
2022-12-02,51.85,52.63,51.66,51.71,3341698.0,179355929.0,318521997.0,0.010491262868730538
2022-12-05,52.12,52.64,51.47,51.84,3490671.0,186930311.0,318521997.0,0.010958963691289427
2022-12-06,51.83,52.87,50.88,52.03,5805075.0,310694815.0,318521997.0,0.0182250364328841
2022-12-07,51.59,52.44,51.54,52.37,4200506.0,225848059.0,318521997.0,0.013187491098142273
2022-12-08,52.37,52.62,51.22,51.49,3720565.0,198222808.0,318521997.0,0.011680716041724428
2022-12-09,51.49,53.21,51.49,51.88,5817968.0,313817662.0,318521997.0,0.01826551401409178
2022-12-12,51.88,53.11,51.54,52.44,5350336.0,289695045.0,318521997.0,0.01679738307053249
2022-12-13,52.44,52.8,50.73,50.76,5268506.0,280401560.0,318521997.0,0.01654047773661296
2022-12-14,52.1,52.5,50.13,50.3,6795201.0,360022568.0,318521997.0,0.02133353760180023
2022-12-15,49.91,51.61,49.44,51.17,5212803.0,273877078.0,318521997.0,0.01636559813481265
2022-12-16,50.98,50.98,48.95,49.62,6293778.0,321924877.0,318521997.0,0.019759319793540037
2022-12-19,49.58,50.0,48.53,48.71,3356907.0,170020428.0,318521997.0,0.010539011533322767
2022-12-20,48.57,49.42,48.42,48.73,2288433.0,115383805.0,318521997.0,0.007184536771568715
2022-12-21,48.44,48.83,47.44,47.88,3103812.0,153730807.0,318521997.0,0.009744419629517768
2022-12-22,47.89,48.27,46.81,47.03,2612713.0,127911021.0,318521997.0,0.00820261402542946
2022-12-23,46.76,47.64,46.43,47.1,2670500.0,129342765.0,318521997.0,0.008384036346475625
2022-12-26,47.09,49.11,46.65,48.75,4073802.0,203521390.0,318521997.0,0.012789703814396217
2022-12-27,48.69,49.12,48.31,48.95,2026079.0,102011524.0,318521997.0,0.006360876231728511
2022-12-28,48.99,49.72,48.49,49.14,3280565.0,166099434.0,318521997.0,0.01029933577868407
2022-12-29,48.85,49.86,48.59,49.33,2914901.0,148594688.0,318521997.0,0.009151333432083185
2022-12-30,49.75,50.62,48.57,48.82,2884995.0,147095642.0,318521997.0,0.009057443527204811
2023-01-03,48.84,49.68,48.2,49.38,4480028.0,226197837.0,318521997.0,0.014065050584245835
2023-01-04,49.42,50.31,48.65,49.04,3298412.0,168015749.0,318521997.0,0.010355366445853345
2023-01-05,48.97,50.33,48.72,50.01,4775563.0,245609941.0,318521997.0,0.014992882893422271
2023-01-06,50.0,50.69,49.33,50.1,3865172.0,200213715.0,318521997.0,0.012134709804673238
2023-01-09,50.19,50.77,49.72,50.04,3265373.0,169013380.0,318521997.0,0.010251640485602004
2023-01-10,50.07,50.67,49.71,50.21,3503845.0,181400825.0,318521997.0,0.011000323472165095
2023-01-11,50.02,51.17,49.6,49.92,4108846.0,212969144.0,318521997.0,0.012899724473346185
2023-01-12,49.83,50.13,49.26,49.53,2228200.0,114137280.0,318521997.0,0.006995435232060284
2023-01-13,49.82,49.86,48.27,49.11,3665393.0,185355633.0,318521997.0,0.011507503514741557
2023-01-16,49.11,51.66,48.76,51.05,6511315.0,339858704.0,318521997.0,0.020442277335087786
2023-01-17,51.02,51.95,50.78,51.66,4121170.0,219125257.0,318521997.0,0.012938415678713707
2023-01-18,51.9,51.94,50.79,51.09,2530482.0,133608966.0,318521997.0,0.007944449751770204
2023-01-19,50.95,51.57,50.89,51.56,2363354.0,125275350.0,318521997.0,0.007419751295857912
2023-01-20,51.68,51.82,50.69,50.88,5102745.0,268514667.0,318521997.0,0.016020070978017886
2023-01-30,51.49,51.5,50.65,50.92,5551858.0,292946937.0,318521997.0,0.017430061510006166
2023-01-31,50.88,51.28,50.25,50.57,3541063.0,184754445.0,318521997.0,0.011117169405414722
2023-02-01,50.8,51.7,50.5,51.31,4209559.0,221915699.0,318521997.0,0.01321591299705433
2023-02-02,51.65,52.5,51.17,52.04,7914901.0,423658838.0,318521997.0,0.024848836421178157
2023-02-03,51.78,53.0,50.69,52.32,7919505.0,422109166.0,318521997.0,0.024863290681930515
2023-02-06,52.32,52.71,50.5,50.86,7154678.0,378364427.0,318521997.0,0.02246211585820241
2023-02-07,50.85,51.27,50.27,50.98,4327967.0,226591491.0,318521997.0,0.013587654983840881
2023-02-08,50.84,52.08,49.83,49.88,6252474.0,327270066.0,318521997.0,0.01962964586084772
2023-02-09,49.77,52.37,49.06,52.34,11147062.0,589785709.0,318521997.0,0.034996207812925395
2023-02-10,52.35,52.97,50.94,52.09,7199365.0,384724061.0,318521997.0,0.022602410721417145
2023-02-13,51.84,52.32,51.19,52.03,6118379.0,326481275.0,318521997.0,0.019208654528183183
2023-02-14,52.05,52.54,50.95,51.4,7251630.0,385713955.0,318521997.0,0.022766496720162156
2023-02-15,51.47,51.62,50.88,51.58,4461629.0,236045312.0,318521997.0,0.014007286912746563
2023-02-16,51.32,51.53,49.72,50.17,8777535.0,459783564.0,318521997.0,0.02755707637987715
2023-02-17,49.94,50.21,48.74,48.85,5892974.0,299579454.0,318521997.0,0.01850099539593179
2023-02-20,48.7,49.21,48.01,48.97,4570424.0,229067371.0,318521997.0,0.01434884888028628
2023-02-21,48.79,49.35,48.35,48.76,2908998.0,146591465.0,318521997.0,0.00913280096005426
2023-02-22,48.49,49.28,48.42,48.6,2726660.0,137278104.0,318521997.0,0.00856035070004914
2023-02-23,48.51,48.97,48.48,48.68,2156842.0,108317559.0,318521997.0,0.006771406748401116
2023-02-24,49.2,49.29,48.27,48.36,2609614.0,130803306.0,318521997.0,0.008192884713076817
2023-02-27,48.26,48.41,47.5,47.65,2708112.0,133774766.0,318521997.0,0.008502119242960793
2023-02-28,47.98,48.27,47.59,48.0,2635988.0,130366945.0,318521997.0,0.008275685901843697
2023-03-01,48.02,48.39,47.92,48.3,3041289.0,151127596.0,318521997.0,0.009548128633640332
2023-03-02,48.42,48.94,47.67,47.72,2981814.0,147946228.0,318521997.0,0.009361406835585048
2023-03-03,48.07,49.51,48.07,49.27,6571837.0,331638160.0,318521997.0,0.020632286190268988
2023-03-06,49.27,52.0,48.62,51.8,12376760.0,650939504.0,318521997.0,0.038856845419062216
2023-03-07,51.77,52.63,51.01,51.06,8727503.0,467286405.0,318521997.0,0.027400000885967068
2023-03-08,50.88,52.51,50.64,52.03,8708347.0,464337585.0,318521997.0,0.027339860612515247
2023-03-09,51.88,54.65,51.87,53.66,14901165.0,825088808.0,318521997.0,0.04678221642569948
2023-03-10,53.33,54.28,52.04,52.66,10447961.0,570619152.0,318521997.0,0.03280137980548954
2023-03-13,52.14,52.91,51.32,51.69,7471684.0,399381156.0,318521997.0,0.023457356384714616
2023-03-14,51.53,52.97,50.98,52.97,10920148.0,587670132.0,318521997.0,0.0342838111742719
2023-03-15,52.73,54.74,52.44,52.92,15307068.0,846119586.0,318521997.0,0.048056549136856
2023-03-16,52.04,53.38,51.71,52.03,8772732.0,474571910.0,318521997.0,0.027541997358505824
2023-03-17,52.45,55.13,51.66,54.19,13706240.0,758412389.0,318521997.0,0.043030748673850615
2023-03-20,54.24,54.91,53.61,54.39,10558305.0,591685897.0,318521997.0,0.03314780485945528
2023-03-21,54.25,54.92,53.68,54.57,6473004.0,362802775.0,318521997.0,0.020321999927684742
2023-03-22,54.47,54.57,53.38,53.68,6512530.0,361308928.0,318521997.0,0.020446091828314136
2023-03-23,53.49,53.89,52.14,53.5,11660755.0,636036616.0,318521997.0,0.03660894729352083
2023-03-24,53.67,53.78,51.88,51.99,9031878.0,488362017.0,318521997.0,0.028355586380428226
2023-03-27,52.14,53.99,52.14,52.94,10415521.0,570217275.0,318521997.0,0.03269953440609629
2023-03-28,51.37,51.49,48.95,48.95,14794805.0,764560096.0,318521997.0,0.04644829914211545
2023-03-29,48.9,51.29,48.9,50.78,10398721.0,541154415.0,318521997.0,0.032646790796052934
2023-03-30,50.92,51.67,49.65,50.08,7347500.0,382562731.0,318521997.0,0.023067480642475064
2023-03-31,50.02,51.17,49.83,50.5,5841627.0,304338538.0,318521997.0,0.01833979145873558
2023-04-03,51.17,55.55,51.16,55.55,13148432.0,740505967.0,318521997.0,0.0412795101243824
2023-04-04,56.16,60.93,55.75,59.56,34773461.0,2109388071.0,318521997.0,0.1091713015977355
2023-04-06,61.06,65.52,60.93,65.52,24176243.0,1593473068.0,318521997.0,0.07590132935151728
2023-04-07,65.91,66.46,62.71,64.45,23979911.0,1590156232.0,318521997.0,0.07528494492014629
2023-04-10,64.74,66.18,60.27,62.32,27328662.0,1786603261.0,318521997.0,0.08579835068659324
2023-04-11,61.83,65.33,61.13,63.39,19000267.0,1243615788.0,318521997.0,0.05965134960522051
2023-04-12,62.91,63.07,61.24,62.52,12496475.0,802811337.0,318521997.0,0.03923269073313012
2023-04-13,63.0,63.05,59.62,60.03,13045765.0,817226393.0,318521997.0,0.040957187016506115
2023-04-14,60.38,64.48,58.93,63.93,19899613.0,1274732066.0,318521997.0,0.062474846909866634
2023-04-17,64.66,66.37,63.14,64.2,21261713.0,1421208706.0,318521997.0,0.06675116067415589
2023-04-18,63.58,64.93,62.03,63.51,9085263.0,593837678.0,318521997.0,0.028523188619842793
2023-04-19,63.52,69.69,63.25,66.79,18199359.0,1245871141.0,318521997.0,0.0571368984604225
2023-04-20,65.53,69.1,65.52,67.58,18489837.0,1284956161.0,318521997.0,0.05804885431507577
2023-04-21,68.81,72.87,64.94,69.78,28181649.0,2019320869.0,318521997.0,0.08847630388302508
2023-04-24,68.42,69.41,64.74,66.17,18565897.0,1272874382.0,318521997.0,0.05828764473054588
2023-04-25,66.13,66.91,62.42,63.03,15483333.0,1021467195.0,318521997.0,0.04860993320973057
2023-04-26,62.03,63.09,59.71,60.27,12566054.0,791943896.0,318521997.0,0.039451134045225766
2023-04-27,59.43,63.51,59.3,60.69,13218001.0,840244701.0,318521997.0,0.04149792204147207
2023-04-28,63.84,66.76,62.73,65.58,20623064.0,1396397835.0,318521997.0,0.06474612175685938
2023-05-04,63.84,64.07,60.75,61.99,16157085.0,1037494473.0,318521997.0,0.05072517801651231
2023-05-05,61.4,68.19,61.26,65.9,20169755.0,1367189744.0,318521997.0,0.06332295788036266
2023-05-08,64.94,67.91,63.5,66.49,15893056.0,1086001960.0,318521997.0,0.04989625881317076
2023-05-09,66.14,69.49,65.34,66.87,15389073.0,1068978974.0,318521997.0,0.04831400388338015
2023-05-10,65.81,67.05,63.32,64.09,11078147.0,740507743.0,318521997.0,0.0347798491292267
2023-05-11,66.68,66.98,64.55,65.63,9563217.0,649468933.0,318521997.0,0.030023725488572774
2023-05-12,65.81,68.61,62.68,62.85,11515154.0,774774858.0,318521997.0,0.03615183286697779
2023-05-15,61.74,63.36,60.41,62.18,10544782.0,672960942.0,318521997.0,0.03310534939287097
2023-05-16,61.6,63.97,61.33,63.0,9799432.0,635191636.0,318521997.0,0.030765322622286585
2023-05-17,62.03,64.82,61.93,63.08,7630848.0,499923076.0,318521997.0,0.02395705185786588
2023-05-18,63.48,64.82,62.06,62.67,6879928.0,449351049.0,318521997.0,0.02159953806895164
2023-05-19,62.32,68.94,62.32,67.99,20081173.0,1378786629.0,318521997.0,0.06304485463840666
2023-05-22,67.94,68.39,66.58,67.62,12751594.0,886978220.0,318521997.0,0.04003363698614511
2023-05-23,67.23,69.3,65.47,68.18,10448307.0,730097687.0,318521997.0,0.032802466072696386
2023-05-24,67.73,72.51,66.39,70.07,14730641.0,1061042864.0,318521997.0,0.04624685622575699
2023-05-25,69.89,71.24,67.95,69.65,9675348.0,695246188.0,318521997.0,0.030375760830106815
2023-05-26,69.77,72.23,69.09,70.61,10024310.0,728535643.0,318521997.0,0.031471327237722925
2023-05-29,70.7,74.41,67.85,71.12,12761641.0,940006067.0,318521997.0,0.040065179548651395
2023-05-30,70.41,72.27,69.09,71.82,9543492.0,694377795.0,318521997.0,0.029961798839280792
2023-05-31,72.13,74.16,70.26,71.28,10708206.0,791584755.0,318521997.0,0.033618419138568945
2023-06-01,71.5,71.96,68.14,68.72,12421864.0,890463000.0,318521997.0,0.038998449454026245
2023-06-02,68.71,69.34,67.57,68.29,7023517.0,494110554.0,318521997.0,0.02205033582029187
2023-06-05,68.14,70.53,67.7,68.04,8590527.0,606161229.0,318521997.0,0.026969964652080215
2023-06-06,67.7,68.04,65.31,65.64,11209853.0,763742086.0,318521997.0,0.03519334019496305
2023-06-07,66.01,66.1,64.25,64.89,7987672.0,534783927.0,318521997.0,0.025077301019182045
2023-06-08,64.83,64.88,63.32,63.86,6319615.0,414296786.0,318521997.0,0.019840435070485885
2023-06-09,64.32,67.05,63.49,67.05,12281746.0,825542014.0,318521997.0,0.038558548909261046
2023-06-12,67.46,70.57,66.63,67.31,15608892.0,1101144680.0,318521997.0,0.049004125765292124
2023-06-13,67.3,70.28,67.12,69.74,11418449.0,807841118.0,318521997.0,0.0358482274616657
2023-06-14,70.09,70.94,69.11,69.61,8705710.0,626074337.0,318521997.0,0.0273315817494388
2023-06-15,69.79,69.99,67.17,68.33,9228970.0,645260051.0,318521997.0,0.028974356832253568
2023-06-16,67.95,69.1,67.17,68.63,6863102.0,480217041.0,318521997.0,0.021546712831892738
2023-06-19,69.59,70.57,67.4,70.46,11004344.0,787142112.0,318521997.0,0.03454814456660587
2023-06-20,69.41,72.74,69.31,70.65,11105679.0,812148248.0,318521997.0,0.034866285859685854
2023-06-21,70.79,71.25,66.75,66.78,7728019.0,542667794.0,318521997.0,0.024262120270456548
2023-06-26,66.19,68.04,65.79,67.27,7185622.0,493290403.0,318521997.0,0.02255926456470132
2023-06-27,67.23,68.14,65.22,65.77,5529524.0,375833898.0,318521997.0,0.017359943903654477
2023-06-28,66.09,69.11,64.73,68.05,9345889.0,644205155.0,318521997.0,0.029341424102649966
2023-06-29,67.77,69.86,66.68,66.91,6472321.0,452787724.0,318521997.0,0.020319855648776433
2023-06-30,66.19,71.7,65.71,70.94,11479635.0,825439166.0,318522747.0,0.03604023608398681
2023-07-03,71.17,71.45,68.66,69.04,9405650.0,674338056.0,318522747.0,0.02952897426820195
2023-07-04,69.15,69.31,65.9,68.83,9274797.0,644235295.0,318522747.0,0.029118162163784177
2023-07-05,68.86,70.25,67.48,67.81,6214378.0,439438210.0,318522747.0,0.01950999750733658
2023-07-06,67.07,73.3,67.07,72.29,15740568.0,1154247993.0,318522747.0,0.049417406286528104
2023-07-07,72.33,72.92,69.66,71.35,8911057.0,652698671.0,318522747.0,0.02797620290521983
2023-07-10,71.91,73.86,69.3,70.09,8548535.0,624997740.0,318522747.0,0.02683806754937976
2023-07-11,71.11,75.93,69.6,74.82,17542427.0,1320092618.0,318522747.0,0.05507433037427622
2023-07-12,73.92,76.49,73.14,73.54,12492688.0,958580427.0,318522747.0,0.039220709094286446
2023-07-13,74.02,80.9,73.4,80.9,21113192.0,1702206683.0,318522747.0,0.066284722830172
2023-07-14,84.2,84.8,78.86,82.14,28906766.0,2436289706.0,318522747.0,0.09075259544964304
2023-07-17,81.46,83.26,78.87,80.78,16429582.0,1361588392.0,318522747.0,0.051580561058014486
2023-07-18,80.24,81.85,76.2,76.46,21351067.0,1727936734.0,318522747.0,0.06703152977642755
2023-07-19,75.25,76.99,73.67,74.17,14809795.0,1140886879.0,318522747.0,0.04649525077717605
2023-07-20,74.17,74.61,72.26,72.5,10253656.0,770703431.0,318522747.0,0.032191283343415346
2023-07-21,72.56,72.9,70.91,71.28,9047655.0,666568215.0,318522747.0,0.02840505139810313
2023-07-24,70.79,72.33,70.31,71.02,8551703.0,627554610.0,318522747.0,0.02684801346385475
2023-07-25,71.57,72.25,69.29,70.08,11291281.0,814386407.0,318522747.0,0.03544889998076024
2023-07-26,69.87,70.87,69.04,69.54,7480386.0,538134410.0,318522747.0,0.023484621021430535
2023-07-27,68.94,69.5,65.71,66.3,16905445.0,1162760122.0,318522747.0,0.05307452971325781
2023-07-28,66.96,67.81,65.35,65.66,9058461.0,617807902.0,318522747.0,0.02843897676168164
2023-07-31,65.06,66.43,64.07,66.23,9702871.0,653029559.0,318522747.0,0.03046209757823042
2023-08-01,65.8,69.06,65.72,68.73,12074170.0,842236516.0,318522747.0,0.03790677467691185
2023-08-02,68.11,69.36,67.52,68.33,6263785.0,440910209.0,318522747.0,0.019665110448140146
2023-08-03,67.67,70.67,67.56,69.0,7270550.0,519312766.0,318522747.0,0.022825842325163673
2023-08-04,68.39,70.57,68.35,68.79,5719978.0,406618650.0,318522747.0,0.017957832066543115
2023-08-07,68.63,70.56,68.35,69.84,5349039.0,382868757.0,318522747.0,0.016793271596392455
2023-08-08,69.7,70.1,68.31,68.56,4686503.0,332322612.0,318522747.0,0.014713244326000994
2023-08-09,68.33,69.44,66.87,67.17,5975568.0,415421685.0,318522747.0,0.018760255134933894
2023-08-10,66.48,68.09,66.48,67.18,2884690.0,199436297.0,318522747.0,0.009056464654940326
2023-08-11,67.36,67.62,65.47,65.55,3788770.0,258077204.0,318522747.0,0.011894817672158277
2023-08-14,64.95,66.0,64.34,65.22,4324844.0,289399025.0,318522747.0,0.013577818352797266
2023-08-15,65.87,66.67,63.27,63.66,6432440.0,424963413.0,318522747.0,0.02019460167471179
2023-08-16,63.21,63.62,61.33,61.52,8992116.0,573226892.0,318522747.0,0.028230687084963513
2023-08-17,60.87,62.03,60.45,61.49,7896451.0,496101150.0,318522747.0,0.024790854261972067
2023-08-18,61.94,62.05,60.22,60.39,5882057.0,369568649.0,318522747.0,0.01846667798579547
2023-08-21,60.13,61.64,59.94,60.31,4487861.0,279117965.0,318522747.0,0.014089609116676368
2023-08-22,60.67,61.23,58.89,60.9,6329722.0,391309341.0,318522747.0,0.019872119211630433
2023-08-23,60.69,60.7,58.63,58.72,4402708.0,268668065.0,318522747.0,0.013822271851749413
2023-08-24,58.79,61.85,58.78,60.31,6798766.0,421254548.0,318522747.0,0.021344679662705535
2023-08-25,59.79,60.16,58.47,58.99,4073501.0,247623146.0,318522747.0,0.012788728712050194
2023-08-28,62.01,62.97,58.08,58.29,9089603.0,560269392.0,318522747.0,0.02853674685908696
2023-08-29,57.72,61.94,57.4,61.63,8762678.0,543822008.0,318522747.0,0.027510368042882663
2023-08-30,62.1,64.39,61.62,63.78,12022116.0,784419960.0,318522747.0,0.03774335149759336
2023-08-31,63.66,67.88,62.94,66.12,13655654.0,923153121.0,318522747.0,0.04287183294950046
2023-09-01,65.51,66.7,64.99,66.11,6470884.0,437401798.0,318522747.0,0.020315296351503587
2023-09-04,66.21,66.47,64.96,66.41,4961205.0,335140727.0,318522747.0,0.015575669388535067
2023-09-05,66.19,67.87,66.19,66.42,7996972.0,550967263.0,318522747.0,0.025106439258480964
2023-09-06,65.85,69.74,65.57,69.28,12017956.0,843442290.0,318522747.0,0.037730291205858524
2023-09-07,68.14,68.24,65.8,65.8,9322334.0,639594545.0,318522747.0,0.029267404252293478
2023-09-08,65.96,67.65,65.71,66.04,8040317.0,550902913.0,318522747.0,0.02524252059147286
2023-09-11,65.21,67.36,64.83,66.55,6741090.0,458466302.0,318522747.0,0.021163606252585784
2023-09-12,66.0,66.39,65.22,65.62,5562418.0,375753128.0,318522747.0,0.017463173517086365
2023-09-13,65.23,67.03,64.66,65.39,7410304.0,499631260.0,318522747.0,0.023264599058603497
2023-09-14,64.9,65.66,63.87,64.55,5191749.0,343630407.0,318522747.0,0.016299460710101184
2023-09-15,64.73,66.08,64.25,64.89,5399497.0,360743878.0,318522747.0,0.016951684144554988
2023-09-18,64.25,64.39,62.64,62.76,5810283.0,378739521.0,318522747.0,0.018241344000464746
2023-09-19,62.89,63.01,61.35,61.68,4526728.0,288000854.0,318522747.0,0.014211631799094085
2023-09-20,61.54,62.23,60.98,61.18,3178900.0,201124981.0,318522747.0,0.009980134950927068
2023-09-21,60.7,61.33,60.19,60.71,3815479.0,237761505.0,318522747.0,0.011978670396183668
2023-09-22,60.55,61.91,59.81,61.7,5360379.0,336738045.0,318522747.0,0.016828873449342693
2023-09-25,61.72,63.74,61.67,62.41,6995102.0,450244625.0,318522747.0,0.021961075200698305
2023-09-26,62.28,63.08,61.77,62.62,3372570.0,216624522.0,318522747.0,0.010588160600034006
2023-09-27,62.51,63.89,62.45,62.82,3462833.0,224032706.0,318522747.0,0.010871540675241006
2023-09-28,62.88,64.2,61.47,62.88,6865610.0,442303256.0,318522747.0,0.0215545359465332
2023-10-09,62.31,65.22,62.31,63.65,4897655.0,322153280.0,318522747.0,0.015376154595326279
2023-10-10,65.07,65.68,63.82,63.92,6943457.0,462622969.0,318522747.0,0.021798936074100855
2023-10-11,63.98,64.68,62.97,63.47,5017422.0,328395048.0,318522747.0,0.01575216227806801
2023-10-12,63.48,64.21,62.65,63.63,5145954.0,335125454.0,318522747.0,0.016155687618755844
2023-10-13,63.27,64.23,62.49,63.66,4946330.0,323300764.0,318522747.0,0.015528969427103427
2023-10-16,63.27,63.89,57.3,57.3,12132063.0,745376497.0,318522747.0,0.03808852935705719
2023-10-17,56.03,56.89,53.25,56.65,14228315.0,809008016.0,318522747.0,0.04466969826804865
2023-10-18,55.97,57.09,54.62,54.78,7357453.0,419964655.0,318522747.0,0.02309867370320023
2023-10-19,54.78,56.22,54.39,55.59,6766228.0,385394905.0,318522747.0,0.021242526832785352
2023-10-20,55.36,55.65,53.73,53.97,4898107.0,273843764.0,318522747.0,0.01537757364625516
2023-10-23,53.73,53.95,52.05,52.35,4861610.0,262955611.0,318522747.0,0.015262991562734451
2023-10-24,52.62,54.36,52.03,53.67,6362115.0,348618250.0,318522747.0,0.01997381681503582
2023-10-25,53.87,54.21,51.59,52.08,7183752.0,387520014.0,318522747.0,0.02255334059391369
2023-10-26,51.56,52.27,51.4,52.04,4198305.0,223679095.0,318522747.0,0.013180550022067968
2023-10-27,51.69,54.28,51.66,53.84,7046480.0,383854269.0,318522747.0,0.022122376082609887
2023-10-30,54.1,54.39,53.05,54.22,9059740.0,502175433.0,318522747.0,0.028442992173491458
2023-10-31,55.49,58.78,55.49,56.08,15921247.0,924871637.0,318522747.0,0.04998464677940254
2023-11-01,56.23,56.26,54.3,54.32,9386289.0,529532702.0,318522747.0,0.02946819054025049
2023-11-02,54.78,55.06,52.76,52.91,8143683.0,447851302.0,318522747.0,0.025567037446151374
2023-11-03,52.93,55.39,52.67,54.92,8132010.0,453372516.0,318522747.0,0.025530390141963708
2023-11-06,56.46,56.46,54.81,56.09,10691071.0,611178356.0,318522747.0,0.033564544763894054
2023-11-07,55.73,59.54,55.0,58.69,13278951.0,784730982.0,318522747.0,0.04168917644051337
2023-11-08,58.47,60.26,57.28,59.38,10626902.0,640735233.0,318522747.0,0.03336308662439107
2023-11-09,59.09,59.71,57.93,58.38,6306285.0,380387419.0,318522747.0,0.0197985389093734
2023-11-10,58.37,59.29,57.24,57.53,6003673.0,358278703.0,318522747.0,0.018848490591474146
2023-11-13,58.41,58.47,57.34,57.64,5703038.0,338992691.0,318522747.0,0.017904649051642144
2023-11-14,58.7,60.15,58.02,59.23,9696152.0,588860425.0,318522747.0,0.030441003323382742
2023-11-15,59.98,61.62,59.28,60.69,11924557.0,744581649.0,318522747.0,0.037437065679959115
2023-11-16,59.95,62.23,59.95,60.35,8818441.0,553554191.0,318522747.0,0.027685435602500315
2023-11-17,60.19,64.89,60.15,63.79,16145802.0,1046281145.0,318522747.0,0.050689635676160985
2023-11-20,67.85,68.25,64.06,64.29,23595414.0,1584456545.0,318522747.0,0.07407764193368582
2023-11-21,63.72,64.01,61.35,61.41,16284065.0,1040204598.0,318522747.0,0.05112371142523143
2023-11-22,60.84,63.45,60.75,61.53,12513097.0,797093931.0,318522747.0,0.03928478301111726
2023-11-23,61.13,61.15,59.24,60.57,8134061.0,501875027.0,318522747.0,0.025536829242528165
2023-11-24,60.24,60.24,58.53,58.66,8477981.0,515153887.0,318522747.0,0.026616563745759735
2023-11-27,57.92,61.13,57.87,61.11,9549004.0,587433873.0,318522747.0,0.029979033177181535
2023-11-28,60.45,61.33,59.61,60.4,6038539.0,375116396.0,318522747.0,0.018957952161576704
2023-11-29,61.23,61.79,59.77,60.01,6543140.0,408328360.0,318522747.0,0.020542143572559356
2023-11-30,59.83,59.93,58.21,59.93,6326235.0,381734023.0,318522747.0,0.019861171798822897
2023-12-01,59.11,59.28,58.46,59.21,5821961.0,352498563.0,318522747.0,0.01827800700211844
2023-12-04,59.14,59.76,58.33,58.33,6024709.0,364614328.0,318522747.0,0.018914532970544802
2023-12-05,57.82,57.99,55.73,55.74,8209907.0,478199646.0,318522747.0,0.02577494724419164
2023-12-06,55.59,56.59,55.59,56.09,4253084.0,245256565.0,318522747.0,0.013352528320371418
2023-12-07,55.95,56.26,54.82,55.49,5129796.0,292165740.0,318522747.0,0.01610495968754156
2023-12-08,54.99,57.87,54.99,56.84,7523844.0,437783186.0,318522747.0,0.02362105711715465
2023-12-11,56.4,57.75,55.95,57.44,5015265.0,292829402.0,318522747.0,0.01574539039122377
2023-12-12,58.04,58.21,56.84,57.27,5287726.0,311552520.0,318522747.0,0.016600779849484344
2023-12-13,56.95,57.23,56.35,56.35,2648382.0,154470757.0,318522747.0,0.008314577294537774
2023-12-14,56.68,56.94,55.5,55.74,3528758.0,202998332.0,318522747.0,0.011078511764812829
2023-12-15,55.59,55.97,54.62,54.95,3635702.0,206138133.0,318522747.0,0.01141426172618058
2023-12-18,54.72,54.91,53.54,53.63,4231850.0,234574805.0,318522747.0,0.013285864321646077
2023-12-19,53.86,54.71,53.66,54.25,3682248.0,205001781.0,318522747.0,0.011560392576923243
2023-12-20,54.16,54.39,53.46,53.64,2866892.0,158282704.0,318522747.0,0.009000587954869044
2023-12-21,53.29,54.49,52.67,54.2,4032921.0,221799107.0,318522747.0,0.012661328077771476
2023-12-22,54.61,55.78,52.85,53.38,5188513.0,288080769.0,318522747.0,0.016289301310088225
2023-12-25,53.13,54.41,52.67,53.13,3803673.0,208649019.0,318522747.0,0.011941605539399672
2023-12-26,52.82,53.25,51.5,52.05,4338460.0,231638091.0,318522747.0,0.013620565692283195
2023-12-27,52.05,53.39,51.78,52.71,4754349.0,257592532.0,318522747.0,0.01492624638202056
2023-12-28,52.87,53.98,52.42,53.43,6704034.0,367554658.0,318522747.0,0.021047269192363206
2023-12-29,53.34,54.85,53.21,54.25,7503207.0,417257709.0,318522747.0,0.023556267395872986
2024-01-02,54.25,54.26,52.43,52.43,6152933.0,333971931.0,318522747.0,0.019317091347325344
2024-01-03,52.09,52.37,50.03,50.5,8828587.0,461516253.0,318522747.0,0.0277172889005632
2024-01-04,50.62,50.62,48.62,48.91,9049245.0,457842559.0,318522747.0,0.02841004319229986
2024-01-05,48.95,49.22,47.38,47.71,6607853.0,327072115.0,318522747.0,0.020745309596366127
2024-01-08,48.21,48.21,46.31,46.59,8000228.0,385157923.0,318522747.0,0.025116661448358037
2024-01-09,46.98,47.58,46.14,46.63,6724249.0,321976509.0,318522747.0,0.021110734047512153
2024-01-10,46.33,46.78,45.47,45.8,5901837.0,279000502.0,318522747.0,0.018528777161400032
2024-01-11,45.66,46.74,45.56,46.5,5987332.0,284009040.0,318522747.0,0.01879718813300326
2024-01-12,46.31,46.31,45.5,45.65,4504103.0,212365899.0,318522747.0,0.01414060076531991
2024-01-15,45.44,46.22,45.26,45.45,4671954.0,219410223.0,318522747.0,0.014667567839354342
2024-01-16,45.15,45.38,44.03,44.78,6731109.0,308505526.0,318522747.0,0.021132270970901805
2024-01-17,44.68,44.68,43.13,43.18,5680491.0,255811260.0,318522747.0,0.017833862898337997
2024-01-18,42.83,43.76,41.86,43.46,8462863.0,370783673.0,318522747.0,0.02656910088747916
2024-01-19,43.59,44.11,43.14,43.18,5221457.0,233599821.0,318522747.0,0.016392728774249833
2024-01-22,42.97,43.27,40.33,40.84,9338298.0,398385110.0,318522747.0,0.029317523121825895
2024-01-23,40.78,42.49,40.43,42.15,8240128.0,350786059.0,318522747.0,0.025869825868354703
2024-01-24,42.36,42.64,40.21,42.15,8438417.0,358952865.0,318522747.0,0.02649235283657779
2024-01-25,42.19,44.27,41.25,44.0,10444580.0,462742353.0,318522747.0,0.03279068794418001
2024-01-26,43.59,43.77,42.2,42.3,8245843.0,362562962.0,318522747.0,0.02588776807202407
2024-01-29,42.29,43.17,40.54,40.69,7892673.0,335801517.0,318522747.0,0.02477899325664173
2024-01-30,40.49,41.02,39.01,39.11,5947864.0,244250126.0,318522747.0,0.018673278615169046
2024-01-31,39.01,39.59,37.69,37.82,7006486.0,278020363.0,318522747.0,0.021996815191349585
2024-02-01,37.97,39.3,37.14,38.07,6776416.0,266484376.0,318522747.0,0.02127451198956287
2024-02-02,38.26,38.59,34.49,35.95,8812972.0,329832750.0,318522747.0,0.027668265714159496
2024-02-05,35.6,35.72,32.36,33.41,12124754.0,418691914.0,318522747.0,0.03806558280121827
2024-02-06,32.79,36.75,32.79,36.75,12476045.0,452498051.0,318522747.0,0.0391684585088675
2024-02-07,37.12,40.4,36.89,39.9,20480900.0,832086493.0,318522747.0,0.06429964639228733
2024-02-08,40.4,43.13,40.0,42.3,14410019.0,625727983.0,318522747.0,0.04524015674145872
2024-02-19,44.0,44.28,42.1,43.85,14386351.0,638315873.0,318522747.0,0.04516585121627122
2024-02-20,43.16,43.97,42.62,43.62,8014368.0,355468243.0,318522747.0,0.02516105388228364
2024-02-21,43.3,45.66,43.05,43.86,9786891.0,446712873.0,318522747.0,0.030725877797355552
2024-02-22,44.23,46.17,44.22,45.68,10912818.0,508891518.0,318522747.0,0.03426071796373149
2024-02-23,46.43,46.43,44.78,45.32,8526926.0,396710081.0,318522747.0,0.026770226240702362
2024-02-26,45.4,46.33,45.09,45.63,7514993.0,352679696.0,318522747.0,0.023593269462792874
2024-02-27,45.25,47.02,44.93,47.02,9046404.0,429067300.0,318522747.0,0.028401123892103065
2024-02-28,46.72,48.19,44.39,44.64,11368756.0,544811144.0,318522747.0,0.03569213221685546
2024-02-29,44.14,49.11,44.08,49.11,16853564.0,824344732.0,318522747.0,0.05291164966626387
2024-03-01,49.84,50.03,48.58,48.93,12702167.0,641071907.0,318522747.0,0.039878366991478946
2024-03-04,49.35,52.84,49.04,52.01,18989211.0,994682962.0,318522747.0,0.05961649891208555
2024-03-05,51.31,53.66,50.9,51.77,15579112.0,835511326.0,318522747.0,0.04891051627154277
2024-03-06,51.4,52.05,49.75,51.06,9307264.0,485665197.0,318522747.0,0.029220092089686768
2024-03-07,51.48,53.42,50.79,51.01,12860447.0,686399235.0,318522747.0,0.04037528597604365
2024-03-08,51.2,54.97,51.16,54.57,15970380.0,874269197.0,318522747.0,0.0501388994990678
2024-03-11,53.66,54.33,52.74,54.27,11687241.0,642755877.0,318522747.0,0.03669201371040543
2024-03-12,54.03,56.11,53.15,53.48,11680524.0,653089460.0,318522747.0,0.03667092573454416
2024-03-13,54.22,54.61,52.67,52.79,10007583.0,549004983.0,318522747.0,0.0314187388318612
2024-03-14,52.08,53.61,51.87,52.79,9355192.0,506060664.0,318522747.0,0.029370561720039417
2024-03-15,52.56,53.0,51.58,53.0,6801820.0,365238186.0,318522747.0,0.021354267674955095
2024-03-18,53.03,54.85,52.83,54.82,9287052.0,514442667.0,318522747.0,0.02915663665301744
2024-03-19,54.48,54.48,53.27,53.42,8350059.0,461560864.0,318522747.0,0.026214953495927246
2024-03-20,53.52,54.78,52.82,54.01,8312201.0,459352607.0,318522747.0,0.026096098562153867
2024-03-21,55.49,57.77,54.88,55.88,19505732.0,1129432704.0,318522747.0,0.06123811308207762
2024-03-22,56.93,57.76,56.26,57.14,16757156.0,983775060.0,318522747.0,0.05260897740530914
2024-03-25,56.46,56.46,53.79,53.79,14732954.0,829762265.0,318522747.0,0.046254008979773116
2024-03-26,54.38,55.37,52.95,53.05,10249557.0,568745012.0,318522747.0,0.03217841456076605
2024-03-27,53.05,54.02,50.86,50.91,8789511.0,468561348.0,318522747.0,0.027594610064065533
2024-03-28,50.92,53.14,50.76,51.97,7474601.0,400551821.0,318522747.0,0.023466459053236785
2024-03-29,51.66,54.97,51.12,54.34,8420945.0,458459322.0,318522747.0,0.026437499611291496
2024-04-01,54.01,54.95,53.83,54.56,5900784.0,329624856.0,318522747.0,0.01852547127505465
2024-04-02,55.08,55.61,53.73,54.64,7590618.0,426143762.0,318522747.0,0.02383069363645793
2024-04-03,54.14,54.95,52.37,53.5,6959154.0,383646044.0,318522747.0,0.021848216698947407
2024-04-08,53.0,53.91,52.25,52.25,4572043.0,248051787.0,318522747.0,0.014353897933700791
2024-04-09,52.11,53.28,51.86,53.25,4643237.0,251530628.0,318522747.0,0.014577411012972332
2024-04-10,53.56,53.83,50.93,51.3,6487689.0,345341605.0,318522747.0,0.02036805553482182
2024-04-11,50.94,52.5,50.93,51.4,4364815.0,232579939.0,318522747.0,0.013703307035713841
2024-04-12,51.82,54.01,51.82,52.27,6226317.0,337427317.0,318522747.0,0.019547479916716907
2024-04-15,52.27,53.19,51.52,52.61,5057235.0,272099688.0,318522747.0,0.01587715492105812
2024-04-16,51.98,52.53,49.33,49.47,6260621.0,325673440.0,318522747.0,0.01965517709163798
2024-04-17,50.42,54.41,50.42,54.41,8358190.0,459804836.0,318522747.0,0.026240480715181074
2024-04-18,54.39,57.42,53.59,56.03,14016702.0,810207989.0,318522747.0,0.04400534069235564
2024-04-19,55.18,57.07,55.18,56.14,8614655.0,496871924.0,318522747.0,0.027045650840126657
2024-04-22,53.91,56.44,53.78,55.9,6168668.0,350626913.0,318522747.0,0.019366491272913705
2024-04-23,55.86,57.16,54.55,56.85,8412605.0,484002055.0,318522747.0,0.026411316237957724
2024-04-24,56.86,58.41,56.78,58.05,9078415.0,538363291.0,318522747.0,0.028501622209103954
2024-04-25,58.4,60.14,57.68,59.09,10807489.0,657250500.0,318522747.0,0.0339300382838906
2024-04-26,59.38,59.86,57.43,58.53,13769020.0,834106809.0,318522747.0,0.043227744736233864
2024-04-29,58.98,62.79,58.33,62.54,14159558.0,884450246.0,318522747.0,0.04445383613371889
2024-04-30,61.72,63.76,61.62,62.48,9683435.0,623592109.0,318522747.0,0.030401078388288545
2024-05-06,63.86,63.88,61.0,61.26,10450967.0,666412121.0,318522747.0,0.03281073988728347
2024-05-07,61.35,61.57,59.23,59.69,12464393.0,769270942.0,318522747.0,0.03913187713403715
2024-05-08,59.61,59.7,58.42,59.0,7036191.0,427434634.0,318522747.0,0.022090073837018616
2024-05-09,58.9,59.54,58.09,58.91,8131507.0,491834636.0,318522747.0,0.025528810976881346
2024-05-10,58.77,58.89,56.71,57.75,9385318.0,553204816.0,318522747.0,0.02946514209234796
2024-05-13,56.91,59.49,56.71,57.9,8994222.0,539487591.0,318522747.0,0.02823729885765427
2024-05-14,58.15,58.64,56.96,57.0,5682372.0,335964480.0,318522747.0,0.017839768285057518
2024-05-15,57.0,58.51,56.07,57.27,6500982.0,384110892.0,318522747.0,0.020409788818002376
2024-05-16,58.06,58.63,56.64,57.32,6154800.0,363598543.0,318522747.0,0.01932295278113999
2024-05-17,56.85,57.91,56.38,57.88,4553654.0,268173138.0,318522747.0,0.014296165793145065
2024-05-20,58.35,60.35,57.75,60.11,8935633.0,541339930.0,318522747.0,0.02805335909023791
2024-05-21,60.12,60.61,58.89,59.38,6541506.0,400058107.0,318522747.0,0.02053701364066159
2024-05-22,59.38,59.43,56.75,57.54,6725477.0,399110373.0,318522747.0,0.021114589345168494
2024-05-23,57.25,58.31,56.13,56.17,6837784.0,398386457.0,318522747.0,0.02146717640859728
2024-05-24,56.07,56.56,54.92,54.99,5075356.0,289960356.0,318522747.0,0.015934045677434772
2024-05-27,55.48,60.49,54.47,59.72,17183230.0,1032262204.0,318522747.0,0.05394663383334441
2024-05-28,58.94,61.43,58.39,59.07,18443279.0,1131920435.0,318522747.0,0.05790254910742686
2024-05-29,58.45,59.75,57.74,58.24,8090948.0,487444305.0,318522747.0,0.025401476271959943
2024-05-30,57.26,59.27,57.12,58.22,9234020.0,554268070.0,318522747.0,0.028990143049343976
2024-05-31,58.32,59.43,57.68,57.93,6982903.0,415980511.0,318522747.0,0.02192277652308455
2024-06-03,58.39,60.31,57.98,59.57,10295939.0,624297027.0,318522747.0,0.03232403053462301
2024-06-04,59.18,60.61,58.79,60.51,9764317.0,597329064.0,318522747.0,0.03065500687773486
2024-06-05,60.13,60.95,59.58,59.92,7527802.0,463447889.0,318522747.0,0.02363348323126197
2024-06-06,60.72,61.17,58.8,59.62,10008500.0,615047244.0,318522747.0,0.031421617747130634
2024-06-07,59.56,60.82,58.17,58.34,8738476.0,529392271.0,318522747.0,0.027434386028323435
2024-06-11,57.79,60.23,57.2,59.84,12474574.0,752581372.0,318522747.0,0.03916384031436223
2024-06-12,59.24,61.16,58.96,60.62,11888177.0,732290434.0,318522747.0,0.03732285091714345
2024-06-13,60.57,63.98,60.54,62.09,17534029.0,1116988016.0,318522747.0,0.055047964910336526
2024-06-14,61.76,63.74,61.29,62.69,12405360.0,792035432.0,318522747.0,0.03894654343163755
2024-06-17,62.49,64.15,62.28,63.73,9778638.0,632978299.0,318522747.0,0.030699967559930656
2024-06-18,63.46,63.88,62.43,63.26,9618549.0,619035401.0,318522747.0,0.030197369232157226
2024-06-19,63.26,63.45,60.99,62.23,12431258.0,787247002.0,318522747.0,0.03902785002667329
2024-06-20,61.89,64.84,61.56,62.52,13841784.0,894609229.0,318522747.0,0.04345618681983802
2024-06-21,60.93,63.96,60.62,63.84,10634407.0,680090846.0,318522747.0,0.03338664852089826
2024-06-24,63.32,64.83,62.73,62.76,10464761.0,681490354.0,318522747.0,0.03285404605655997
2024-06-25,62.76,63.16,59.54,60.33,12822580.0,795335064.0,318522747.0,0.04025640278683142
2024-06-26,60.68,61.35,59.35,61.15,7764700.0,478276981.0,318522747.0,0.024377222892655762
2024-06-27,60.52,62.51,60.33,61.18,8102604.0,510074960.0,318522747.0,0.025438070204763116
2024-06-28,60.81,62.36,60.73,61.61,7196540.0,453424579.0,318522747.0,0.022593488433025475
2024-07-01,61.49,65.38,61.26,64.16,11186687.0,730535865.0,318522747.0,0.03512052782842539
2024-07-02,64.16,64.42,62.36,62.75,7671200.0,494151256.0,318522747.0,0.0240836802779426
2024-07-03,62.7,65.37,61.6,64.82,11590248.0,757835394.0,318522747.0,0.03638750484592549
2024-07-04,64.64,65.22,63.95,63.97,6933700.0,457119483.0,318522747.0,0.021768304038894903
2024-07-05,63.85,64.13,61.31,63.37,6817989.0,437363131.0,318522747.0,0.02140503014059464
2024-07-08,63.82,65.27,62.69,63.26,8769154.0,574339312.0,318522747.0,0.027530699400881407
2024-07-09,63.25,66.12,62.31,66.08,13831134.0,908974417.0,318522747.0,0.043422751217199566
2024-07-10,66.02,66.02,64.72,65.22,10258038.0,685297170.0,318522747.0,0.032205040602641795
2024-07-11,66.01,67.28,64.08,66.56,13030858.0,880853127.0,318522747.0,0.04091029015268414
2024-07-12,65.35,68.43,65.03,67.79,12107711.0,832690853.0,318522747.0,0.038012076418517136
2024-07-15,68.05,69.23,66.67,67.02,9376174.0,649375784.0,318522747.0,0.029436434566476974
2024-07-16,66.99,68.62,66.02,68.37,9639672.0,663630944.0,318522747.0,0.030263684747136758
2024-07-17,67.92,68.54,64.16,64.54,13716091.0,932113395.0,318522747.0,0.043061574500360564
2024-07-18,63.17,65.57,62.19,64.83,12800678.0,835638770.0,318522747.0,0.040187641606644814
2024-07-19,64.54,66.37,64.15,64.36,9731962.0,647330266.0,318522747.0,0.03055342857507128
2024-07-22,64.24,65.34,64.15,64.3,7479793.0,493758874.0,318522747.0,0.023482759301959682
2024-07-23,64.24,64.3,60.52,60.57,11585404.0,733624567.0,318522747.0,0.03637229714083811
2024-07-24,60.57,61.1,57.74,58.01,11981735.0,726006145.0,318522747.0,0.03761657562246253
2024-07-25,57.78,58.19,55.96,56.31,10427210.0,604486351.0,318522747.0,0.032736154947200675
2024-07-26,56.64,57.58,56.12,57.23,7817182.0,455128839.0,318522747.0,0.024541989775066206
2024-07-29,57.16,57.83,56.02,56.11,6911813.0,400521832.0,318522747.0,0.02169958995110638
2024-07-30,56.11,56.25,54.64,55.88,7877075.0,446672865.0,318522747.0,0.024730023441622524
2024-07-31,55.49,58.07,55.22,57.98,9433746.0,549262888.0,318522747.0,0.029617181469303352
2024-08-01,58.27,59.53,57.94,58.89,8519514.0,511934922.0,318522747.0,0.026746956317063284
2024-08-02,57.65,58.42,55.6,55.61,9727271.0,564378199.0,318522747.0,0.030538701212444334
2024-08-05,54.2,54.79,50.92,51.03,17660900.0,947645374.0,318522747.0,0.05544627555281005
2024-08-06,52.2,53.14,51.79,52.55,9592244.0,514303713.0,318522747.0,0.030114784863386854
2024-08-07,52.43,52.91,51.98,52.59,4984574.0,267496675.0,318522747.0,0.015649036205254124
2024-08-08,51.71,54.14,51.32,53.27,7265789.0,392792220.0,318522747.0,0.02281089519801234
2024-08-09,53.88,54.43,52.9,53.0,6381731.0,350232110.0,318522747.0,0.02003540111375468
2024-08-12,53.25,53.96,52.43,53.29,5168245.0,281493203.0,318522747.0,0.016225670061799386
2024-08-13,53.3,54.06,52.99,53.65,3828946.0,208749300.0,318522747.0,0.01202094995118198
2024-08-14,53.82,53.86,52.49,52.53,4182871.0,226501732.0,318522747.0,0.01313209508393446
2024-08-15,52.2,53.44,52.04,52.57,4643746.0,250052343.0,318522747.0,0.014579009015013926
2024-08-16,52.88,53.47,52.19,52.42,4622566.0,249505578.0,318522747.0,0.014512514548921681
2024-08-19,52.2,52.87,51.75,52.15,4283485.0,229012303.0,318522747.0,0.01344797205331147
2024-08-20,52.49,52.66,51.17,51.71,4605800.0,243066603.0,318522747.0,0.014459877805838463
2024-08-21,51.41,51.98,51.0,51.39,3928365.0,206594532.0,318522747.0,0.01233307522617843
2024-08-22,51.38,51.45,50.09,50.36,4685108.0,242047849.0,318522747.0,0.014708864732979337
2024-08-23,50.02,50.49,49.75,50.2,3758226.0,192297429.0,318522747.0,0.01179892499168984
2024-08-26,50.14,51.24,50.13,51.02,4317788.0,224044080.0,318522747.0,0.01355566608873934
2024-08-27,50.83,50.84,49.86,50.08,3460959.0,177613566.0,318522747.0,0.01086565726497392
2024-08-28,49.95,51.27,49.87,51.03,5504460.0,285367888.0,318522747.0,0.017281214769882668
2024-08-29,50.63,52.98,50.37,52.31,7498703.0,398286472.0,318522747.0,0.023542127118475465
2024-08-30,52.39,55.2,52.29,54.62,9913274.0,546501426.0,318522747.0,0.031122656367144792
2024-09-02,54.22,54.32,51.41,51.57,7744587.0,416786699.0,318522747.0,0.024314078265813777
2024-09-03,51.77,52.99,51.59,52.78,4865950.0,260808251.0,318522747.0,0.01527661696324627
2024-09-04,51.98,52.77,51.64,52.29,4313154.0,229688386.0,318522747.0,0.013541117677225106
2024-09-05,52.27,52.65,51.77,52.04,3539000.0,188337439.0,318522747.0,0.01111066645422344
2024-09-06,51.9,52.14,49.51,49.68,6682983.0,343760325.0,318522747.0,0.02098117972089447
2024-09-09,49.4,50.24,48.77,48.95,5300999.0,267115417.0,318522747.0,0.01664245034280079
2024-09-10,49.15,50.42,48.6,50.04,6124716.0,309790678.0,318522747.0,0.01922850426754608
2024-09-11,49.75,50.17,49.55,49.85,2748800.0,140000807.0,318522747.0,0.008629838923246508
2024-09-12,50.51,50.91,49.26,49.27,3909854.0,198781523.0,318522747.0,0.012274960067451634
2024-09-13,49.42,49.62,48.48,48.49,3767644.0,188649165.0,318522747.0,0.011828492738699129
2024-09-18,48.97,49.25,47.76,48.82,4022880.0,199078214.0,318522747.0,0.012629804426495167
2024-09-19,48.89,49.47,47.69,47.91,7442086.0,367690230.0,318522747.0,0.02336437843166033
2024-09-20,47.89,48.13,46.91,47.78,5469796.0,265066306.0,318522747.0,0.017172387377407616
2024-09-23,47.61,47.99,45.88,45.96,9347123.0,445430471.0,318522747.0,0.02934522914936433
2024-09-24,46.56,49.12,45.93,48.98,11523931.0,559072484.0,318522747.0,0.03617930307501712
2024-09-25,49.9,50.88,48.86,48.97,11205874.0,569726968.0,318522747.0,0.035180765284559094
2024-09-26,49.9,51.27,49.15,51.27,11269102.0,575902599.0,318522747.0,0.03537926916095572
2024-09-27,52.32,55.62,51.98,54.98,15227658.0,829347533.0,318522747.0,0.047807128826501046
2024-09-30,58.12,60.48,55.88,60.48,21142180.0,1258241467.0,318522747.0,0.0663757304592127
2024-10-08,66.53,66.53,63.75,66.53,24205039.0,1624009960.0,318522747.0,0.0759915554790817
2024-10-09,65.03,68.36,62.62,64.64,31772773.0,2125165953.0,318522747.0,0.09975040495302523
2024-10-10,64.66,65.57,60.46,60.84,21913828.0,1386162685.0,318522747.0,0.06879831411224141
2024-10-11,60.3,61.03,57.35,57.99,12923638.0,770247544.0,318522747.0,0.04057367369119167
2024-10-14,57.41,59.56,56.16,59.03,13951542.0,821434444.0,318522747.0,0.043800771315086015
2024-10-15,58.92,60.71,58.04,58.2,14437498.0,869090190.0,318522747.0,0.04532642687525233
2024-10-16,57.05,58.96,56.48,57.59,10197525.0,598590826.0,318522747.0,0.032015060450298075
2024-10-17,58.15,58.73,57.29,57.32,8787896.0,517371796.0,318522747.0,0.02758953978253867
2024-10-18,57.72,63.04,57.48,61.7,19402888.0,1191786965.0,318522747.0,0.06091523504285237
2024-10-21,62.46,64.54,61.09,63.45,24323344.0,1552638082.0,318522747.0,0.076362973222757
2024-10-22,62.57,63.02,60.8,61.52,20342277.0,1277766502.0,318522747.0,0.06386444042566292
2024-10-23,61.26,61.95,60.7,60.9,10771589.0,668933271.0,318522747.0,0.033817330477813566
2024-10-24,60.26,61.94,60.23,61.09,9260716.0,574508501.0,318522747.0,0.029073954959957696
2024-10-25,61.13,62.86,61.11,62.72,14198280.0,895780370.0,318522747.0,0.04457540358962181
2024-10-28,61.98,61.98,60.11,61.71,16051001.0,995185669.0,318522747.0,0.05039200858078748
2024-10-29,61.51,63.67,60.94,61.61,16936078.0,1072783797.0,318522747.0,0.05317070180862154
2024-10-30,61.32,62.55,60.66,61.68,11951846.0,746435158.0,318522747.0,0.037522739310043685
2024-10-31,61.39,63.47,60.4,62.85,17505509.0,1101410655.0,318522747.0,0.054958426564116
2024-11-01,62.18,64.06,61.51,61.51,17717028.0,1129912198.0,318522747.0,0.0556224890274477
2024-11-04,60.72,65.12,60.42,63.55,17030896.0,1091348825.0,318522747.0,0.053468382275379533
2024-11-05,63.46,65.6,63.06,65.21,19510259.0,1279973861.0,318522747.0,0.061252325567818865
2024-11-06,65.51,65.87,63.56,64.21,17438941.0,1146427023.0,318522747.0,0.054749436780413045
2024-11-07,64.05,65.98,63.6,65.03,12865478.0,847641579.0,318522747.0,0.040391080766360464
2024-11-08,65.92,67.5,65.18,66.35,20919893.0,1405038173.0,318522747.0,0.0656778619330443
2024-11-11,68.38,72.87,67.6,70.99,27962017.0,2009729186.0,318522747.0,0.08778656238325108
2024-11-12,70.94,73.27,67.99,68.77,29481682.0,2126909848.0,318522747.0,0.0925575403253696
2024-11-13,69.96,70.84,67.62,69.12,17212655.0,1207321428.0,318522747.0,0.0540390134209159
2024-11-14,69.12,69.72,65.33,65.59,18239868.0,1242483666.0,318522747.0,0.05726394165500526
2024-11-15,65.03,66.01,63.85,63.95,13323343.0,874108868.0,318522747.0,0.04182854482289141
2024-11-18,64.45,64.56,61.09,61.62,12662968.0,803855470.0,318522747.0,0.03975530199731701
2024-11-19,61.98,63.84,61.42,63.51,11253056.0,714633860.0,318522747.0,0.03532889285298045
2024-11-20,63.06,63.85,62.57,63.45,8767851.0,562368460.0,318522747.0,0.027526608641234657
2024-11-21,63.16,63.75,62.63,63.53,8687074.0,558028114.0,318522747.0,0.02727300979857492
2024-11-22,63.26,63.92,60.49,60.51,10923921.0,688822823.0,318522747.0,0.03429557575679203
2024-11-25,61.19,64.54,60.8,62.18,12366136.0,784861933.0,318522747.0,0.03882339995014548
2024-11-26,62.18,62.18,60.97,61.48,6653248.0,415264344.0,318522747.0,0.020887826890429274
2024-11-27,60.97,63.51,59.91,63.48,10784749.0,678977098.0,318522747.0,0.03385864620839779
2024-11-28,63.48,64.36,62.39,62.63,8408151.0,540775506.0,318522747.0,0.02639733293522048
2024-11-29,62.19,64.13,61.5,63.26,11200757.0,715132053.0,318522747.0,0.03516470049782661
2024-12-02,63.26,63.55,62.28,63.25,10780645.0,688858347.0,318522747.0,0.03384576172828247
2024-12-03,64.13,64.54,61.98,62.43,9379763.0,600175293.0,318522747.0,0.02944770220759147
2024-12-04,63.05,63.58,61.44,61.78,7948717.0,504873145.0,318522747.0,0.024954943013850123
2024-12-05,60.9,62.8,60.89,61.99,7928054.0,495968258.0,318522747.0,0.024890071665745115
2024-12-06,61.71,62.77,61.09,62.37,7024044.0,442137809.0,318522747.0,0.022051938413051548
2024-12-09,62.09,62.72,61.12,61.42,5028480.0,315261212.0,318522747.0,0.0157868787939343
2024-12-10,63.36,63.55,61.4,61.6,10064990.0,639232160.0,318522747.0,0.03159896771830867
2024-12-11,61.1,62.03,60.89,61.26,6158560.0,383185248.0,318522747.0,0.01933475727559263
2024-12-12,61.29,61.82,61.0,61.51,5153244.0,320944936.0,318522747.0,0.016178574524223853
2024-12-13,61.13,62.13,60.29,60.78,8913870.0,551146609.0,318522747.0,0.027985034299606866
2024-12-16,60.17,60.6,58.54,58.75,8441117.0,507822661.0,318522747.0,0.02650082946823261
2024-12-17,58.64,59.71,58.55,58.65,5458455.0,327295585.0,318522747.0,0.017136782384964175
2024-12-18,58.79,59.63,57.84,59.33,5465530.0,327116002.0,318522747.0,0.017158994299393004
2024-12-19,58.35,60.61,58.14,60.19,7718727.0,467727688.0,318522747.0,0.024232890971519847
2024-12-20,59.74,61.88,59.74,60.81,10350439.0,639936218.0,318522747.0,0.03249513291432213
2024-12-23,61.27,61.33,59.39,59.39,7144662.0,436776413.0,318522747.0,0.02243061780451115
2024-12-24,59.61,60.27,58.39,60.12,6882613.0,415391445.0,318522747.0,0.021607916749506118
2024-12-25,60.18,60.22,58.63,58.97,5868340.0,352787249.0,318522747.0,0.018423613557495784
2024-12-26,58.99,60.4,58.57,59.96,7064000.0,427685859.0,318522747.0,0.022177380003570044
2024-12-27,59.88,61.29,59.52,59.83,8825270.0,540725600.0,318522747.0,0.027706875201600593
2024-12-30,59.38,61.08,59.38,59.69,7432271.0,453606216.0,318522747.0,0.023333564305848462
2024-12-31,59.69,59.81,57.1,57.1,9719127.0,572777895.0,318522747.0,0.030513133179778835
2025-01-02,56.93,57.09,54.3,54.81,7676978.0,433465358.0,318522747.0,0.02410182026968391
2025-01-03,54.83,55.16,53.07,53.29,7529150.0,413058965.0,318522747.0,0.02363771526810297
2025-01-06,53.27,54.29,53.21,53.88,6261403.0,342095356.0,318522747.0,0.019657632175324673
2025-01-07,53.94,55.75,53.85,55.59,7203636.0,403536054.0,318522747.0,0.02261576627681162
2025-01-08,55.17,56.16,53.82,55.53,6205650.0,347037399.0,318522747.0,0.019482596010639078
2025-01-09,55.18,56.71,55.08,55.66,5172100.0,294428099.0,318522747.0,0.016237772808106544
2025-01-10,55.34,56.78,54.87,54.89,5439300.0,309189772.0,318522747.0,0.017076645392613044
2025-01-13,54.18,55.77,54.12,55.26,5058435.0,282783277.0,318522747.0,0.015880922312904704
2025-01-14,55.47,57.24,54.88,57.12,8314607.0,475760794.0,318522747.0,0.02610365218280627
2025-01-15,57.01,57.14,56.16,56.31,4447021.0,255439628.0,318522747.0,0.01396139221416422
2025-01-16,56.67,57.5,55.94,56.54,6474977.0,371824499.0,318522747.0,0.02032814629719365
2025-01-17,56.16,58.09,55.87,57.59,7903740.0,458739548.0,318522747.0,0.02481373802794687
2025-01-20,58.14,59.33,57.64,58.62,10620786.0,631827098.0,318522747.0,0.0333438854839463
2025-01-21,58.72,59.29,58.02,59.12,6822295.0,406557187.0,318522747.0,0.02141854879833747
2025-01-22,58.82,60.87,58.65,60.16,11254959.0,687357191.0,318522747.0,0.0353348673085505
2025-01-23,60.79,61.03,59.99,60.2,9658357.0,591665005.0,318522747.0,0.030322346177681307
2025-01-24,60.3,60.6,59.43,60.01,9586979.0,582997438.0,318522747.0,0.030098255431659955
2025-01-27,60.36,60.5,58.92,58.92,6151161.0,371129083.0,318522747.0,0.01931152816536522
2025-02-05,59.71,60.3,57.79,58.09,8860052.0,527588235.0,318522747.0,0.02781607305427389
2025-02-06,57.93,60.59,57.64,60.1,13006813.0,789460905.0,318522747.0,0.04083480103855817
2025-02-07,60.11,61.85,59.87,61.23,13237739.0,820697344.0,318522747.0,0.04155979164652878
2025-02-10,61.58,61.65,60.61,61.0,6992983.0,433545672.0,318522747.0,0.021954422614595875
2025-02-11,60.76,61.09,59.72,60.23,6465045.0,394849156.0,318522747.0,0.02029696485067674
2025-02-12,59.94,60.8,59.4,60.75,8951243.0,545666251.0,318522747.0,0.028102366579175583
2025-02-13,60.61,60.95,58.78,58.81,8242457.0,497954211.0,318522747.0,0.025877137748030285
2025-02-14,58.57,58.92,57.82,58.42,7767200.0,458564237.0,318522747.0,0.024385071625669486
2025-02-17,58.46,58.81,57.35,58.35,9250567.0,544202850.0,318522747.0,0.029042092243415193
2025-02-18,58.43,59.58,57.46,57.73,9612663.0,573385462.0,318522747.0,0.03017889017514972
2025-02-19,57.64,59.91,57.59,59.71,12126991.0,727892456.0,318522747.0,0.03807260584751895
2025-02-20,60.06,62.53,59.74,61.85,19867424.0,1234803097.0,318522747.0,0.06237364265855713
2025-02-21,61.71,62.84,61.19,62.81,15350539.0,968287049.0,318522747.0,0.04819291289108467
2025-02-24,62.56,64.38,62.47,63.14,14152994.0,909471450.0,318522747.0,0.04443322850031806
2025-02-25,62.18,64.32,61.83,62.93,10089918.0,644059505.0,318522747.0,0.03167722900493509
2025-02-26,62.93,63.26,61.58,63.04,8537083.0,542684116.0,318522747.0,0.026802114073190508
2025-02-27,63.21,63.64,61.12,62.47,9034757.0,570524824.0,318522747.0,0.028364558214738742
2025-02-28,62.09,64.62,61.34,61.62,14782043.0,943795886.0,318522747.0,0.04640812356173733
2025-03-03,61.35,62.27,59.77,61.06,10222196.0,629973038.0,318522747.0,0.03209251488717068
2025-03-04,60.12,62.56,59.81,61.81,9956220.0,620780948.0,318522747.0,0.031257485042347696
2025-03-05,61.96,62.52,60.92,61.52,6815080.0,426191909.0,318522747.0,0.02139589735485987
2025-03-06,62.08,64.0,62.06,63.33,12588760.0,808094141.0,318522747.0,0.039522326485524124
2025-03-07,62.91,64.22,62.39,63.18,10224399.0,657231707.0,318522747.0,0.03209943119070237
2025-03-10,63.18,64.15,62.18,62.59,7544831.0,482509565.0,318522747.0,0.023686945661058237
2025-03-11,61.68,62.48,61.09,61.77,7372762.0,460958408.0,318522747.0,0.023146736204683053
2025-03-12,61.84,62.0,60.83,60.89,8337039.0,517187935.0,318522747.0,0.02617407729439179
2025-03-13,60.94,61.14,59.29,59.73,6846396.0,416536150.0,318522747.0,0.021494213724082945
2025-03-14,59.77,60.97,59.53,60.89,6292575.0,386369113.0,318522747.0,0.019755496457526157
2025-03-17,61.09,61.38,60.6,60.74,4066813.0,251423176.0,318522747.0,0.012767731781491888
2025-03-18,61.22,62.18,60.91,61.37,5289400.0,330052666.0,318522747.0,0.01660603536111033
2025-03-19,61.09,61.4,60.11,60.24,4715535.0,289600542.0,318522747.0,0.014804390092742733
2025-03-20,60.24,60.5,59.72,59.85,3394469.0,207141003.0,318522747.0,0.010656912361740998
2025-03-21,59.67,60.57,58.79,58.79,5812551.0,351349149.0,318522747.0,0.018248464371054793
2025-03-24,58.92,59.58,57.79,58.82,6277300.0,373277892.0,318522747.0,0.01970754069881232
2025-03-25,58.82,58.88,57.8,58.42,4954423.0,292690502.0,318522747.0,0.015554377345615445
2025-03-26,58.33,59.97,58.29,59.13,5625746.0,337328681.0,318522747.0,0.017661991342803534
2025-03-27,58.83,61.86,58.37,61.24,12433355.0,763850530.0,318522747.0,0.039034433543925204
2025-03-28,60.89,62.57,60.53,60.6,7841665.0,487393875.0,318522747.0,0.02461885398721618
2025-03-31,60.1,62.37,59.92,61.06,10519595.0,649361753.0,318522747.0,0.03302619702698972
2025-04-01,60.99,61.39,60.26,60.38,6619773.0,408086922.0,318522747.0,0.02078273235537555
2025-04-02,60.28,61.98,60.04,60.7,9921046.0,613661828.0,318522747.0,0.03114705650833785
2025-04-03,60.06,60.86,58.34,59.04,8138619.0,490923742.0,318522747.0,0.02555113905255878
2025-04-07,55.18,57.03,53.14,53.14,8181072.0,450815851.0,318522747.0,0.02568441995761138
2025-04-08,52.75,53.83,49.37,50.79,14480453.0,748326651.0,318522747.0,0.045461283805894086
2025-04-09,49.78,52.75,47.99,52.13,13273933.0,689668599.0,318522747.0,0.04167342246360823
2025-04-10,53.73,54.06,52.59,52.62,8851572.0,479375238.0,318522747.0,0.02778945015189135
2025-04-11,52.12,56.3,52.03,54.75,11740457.0,648654740.0,318522747.0,0.0368590849808287
2025-04-14,55.57,55.67,54.46,54.76,6401459.0,357099203.0,318522747.0,0.020097337035712554
2025-04-15,54.49,55.18,53.55,53.92,4886046.0,267782434.0,318522747.0,0.015339708218703766
2025-04-16,53.56,54.72,53.07,53.85,4667460.0,255351293.0,318522747.0,0.014653458956888878
2025-04-17,53.31,55.18,53.31,54.75,6386431.0,354238877.0,318522747.0,0.020050156731820475
2025-04-18,54.75,55.25,52.83,53.53,7720100.0,420716628.0,318522747.0,0.02423720149569098
2025-04-21,53.55,54.0,52.9,53.91,5834531.0,317643312.0,318522747.0,0.01831747043171143
2025-04-22,53.8,54.47,53.11,53.65,5954934.0,324779558.0,318522747.0,0.018695474832131846
2025-04-23,54.08,54.16,52.68,53.42,9178783.0,496471007.0,318522747.0,0.028816726863152415
2025-04-24,53.4,53.42,52.22,52.31,5883500.0,314834323.0,318522747.0,0.01847120827449099
2025-04-25,52.39,52.47,51.63,52.03,6687820.0,353548422.0,318522747.0,0.020996365449529417
2025-04-28,52.3,52.8,51.88,52.02,5037700.0,267451233.0,318522747.0,0.015815824921288902
2025-04-29,52.03,52.28,51.52,51.58,5622867.0,295684303.0,318522747.0,0.01765295274186493
2025-04-30,52.09,54.68,52.03,54.35,13710924.0,746968973.0,318522747.0,0.043045352738967806
2025-05-06,55.07,56.59,54.46,56.56,10417898.0,591469663.0,318522747.0,0.03270691998647117
2025-05-07,56.76,57.05,55.55,55.83,7336167.0,417002101.0,318522747.0,0.023031846450828203
2025-05-08,55.77,56.35,55.43,55.76,4219024.0,239385733.0,318522747.0,0.013245597181792483
2025-05-09,55.67,55.73,54.66,54.69,4846161.0,270592361.0,318522747.0,0.015214489532202861
2025-05-12,55.39,55.5,54.72,55.16,4047371.0,226142808.0,318522747.0,0.012706693754590782
2025-05-13,56.02,56.04,54.91,55.33,5102140.0,286789538.0,318522747.0,0.016018133863450575
2025-05-14,55.33,57.02,55.29,55.74,7290946.0,414257203.0,318522747.0,0.022889875428582812
2025-05-15,55.72,55.74,54.05,54.06,5481227.0,304000915.0,318522747.0,0.017208274924239556
2025-05-16,53.88,54.51,53.76,54.0,3220853.0,176962035.0,318522747.0,0.010111846109376923
2025-05-19,54.0,54.14,52.87,53.45,4017609.0,218032285.0,318522747.0,0.012613256157809036
2025-05-20,53.46,53.67,53.02,53.23,4132042.0,223620788.0,318522747.0,0.012972517783792692
2025-05-21,53.3,53.5,52.57,53.28,5003127.0,269107690.0,318522747.0,0.015707283222695552
2025-05-22,52.87,54.18,52.81,52.95,5710909.0,309730031.0,318522747.0,0.017929360002662542
2025-05-23,53.02,53.69,52.45,52.5,4855104.0,261660592.0,318522747.0,0.015242566019939542
2025-05-26,52.4,53.01,52.09,52.49,3956553.0,210692550.0,318522747.0,0.012421571260654737
2025-05-27,52.49,52.58,51.88,52.04,3492728.0,184675726.0,318522747.0,0.01096539582461908
2025-05-28,52.35,53.33,52.34,52.63,4556300.0,243992809.0,318522747.0,0.014304472892166787
2025-05-29,52.51,53.24,52.42,53.2,4428701.0,238322682.0,318522747.0,0.013903876698639673
2025-05-30,53.01,53.03,51.79,51.89,5264303.0,277542520.0,318522747.0,0.01652724350013219
2025-06-03,51.27,52.23,51.27,51.94,3788586.0,198225250.0,318522747.0,0.011894240005408467
2025-06-04,51.95,52.56,51.86,52.2,2678175.0,141423110.0,318522747.0,0.00840811221560889
2025-06-05,52.24,52.87,51.74,52.76,4368649.0,231048157.0,318522747.0,0.013715343852663684
2025-06-06,52.98,53.42,52.57,52.84,3914100.0,209359670.0,318522747.0,0.012288290355602138
2025-06-09,52.97,53.25,52.67,53.07,4161632.0,222640987.0,318522747.0,0.013065415387743093
2025-06-10,53.08,53.11,51.39,51.88,5262288.0,277504060.0,318522747.0,0.016520917421323132
2025-06-11,52.02,52.83,51.93,52.21,3744847.0,198284180.0,318522747.0,0.011756921712093612
2025-06-12,52.0,52.12,51.39,51.54,6859616.0,357967137.0,318522747.0,0.021535717824259504
2025-06-13,51.38,51.97,51.23,51.44,4552366.0,236940792.0,318522747.0,0.014292122125896397
2025-06-16,51.26,51.93,51.19,51.59,3420052.0,178544059.0,318522747.0,0.010737230016417007
2025-06-17,51.78,52.04,50.84,50.99,4900040.0,253998134.0,318522747.0,0.01538364228662137
2025-06-18,50.85,51.95,50.67,51.72,4761592.0,246895191.0,318522747.0,0.014948985731307912
2025-06-19,51.58,52.18,51.2,51.45,5076100.0,265360221.0,318522747.0,0.015936381460379657
2025-06-20,51.29,52.16,51.1,51.1,4018390.0,209230026.0,318522747.0,0.012615708102002524
2025-06-23,50.64,52.04,50.64,51.68,4519229.0,235533877.0,318522747.0,0.014188088739546127
2025-06-24,52.07,53.11,51.76,52.78,7182775.0,382170426.0,318522747.0,0.02255027330905193
2025-06-25,53.11,53.27,52.39,53.25,6939171.0,370511600.0,318522747.0,0.021785480206222133
2025-06-26,53.35,53.96,52.94,52.96,6413278.0,345669297.0,318522747.0,0.020134442705908223
2025-06-27,53.25,53.56,52.78,53.26,5134450.0,276296104.0,318522747.0,0.016119570888919906
2025-06-30,53.71,54.46,53.68,54.15,7137067.0,390597292.0,318522747.0,0.022406773353615465
2025-07-01,54.46,54.8,53.89,54.16,6588650.0,361677444.0,318522747.0,0.020685021908341133
2025-07-02,53.97,54.09,53.13,53.48,5133831.0,277528495.0,318522747.0,0.016117627542625707
2025-07-03,53.49,53.76,52.79,53.52,4999081.0,268803056.0,318522747.0,0.015694580833186145
2025-07-04,53.39,53.45,52.26,52.56,7199317.0,383108330.0,318522747.0,0.022602206805657117
2025-07-07,52.56,52.8,52.28,52.29,3316781.0,175780443.0,318522747.0,0.010413011413593014
2025-07-08,53.68,54.95,52.96,54.33,13315468.0,730375852.0,318522747.0,0.04180382131389819
2025-07-09,54.34,54.44,53.23,53.24,8702488.0,471430273.0,318522747.0,0.027321401946844317
2025-07-10,53.38,53.53,52.79,53.06,4840056.0,259362231.0,318522747.0,0.015195322926183353
2025-07-11,53.14,53.96,52.8,53.66,6718124.0,363357421.0,318522747.0,0.02109150465162854
2025-07-14,53.65,53.81,53.29,53.52,4861911.0,262509632.0,318522747.0,0.015263936550189303
2025-07-15,53.38,53.88,53.05,53.38,5435747.0,293326017.0,318522747.0,0.017065490773253943
2025-07-16,53.36,54.06,53.22,53.52,6100077.0,330799437.0,318522747.0,0.01915115029445605
2025-07-17,53.48,54.43,53.42,54.35,8016862.0,438373837.0,318522747.0,0.02516888377833813
2025-07-18,54.39,54.73,53.81,54.3,5897597.0,322891281.0,318522747.0,0.018515465710208758
2025-07-21,54.16,54.4,53.97,54.39,5197247.0,284566112.0,318522747.0,0.01631672164374496
2025-07-22,54.45,54.56,54.08,54.37,5372492.0,294777569.0,318522747.0,0.016866902130540776
2025-07-23,54.36,54.92,54.12,54.16,8096233.0,445784403.0,318522747.0,0.02541806849355095
2025-07-24,54.27,55.22,54.26,55.22,9086626.0,503168157.0,318522747.0,0.02852740058781422
2025-07-25,55.32,55.55,54.76,55.25,8118975.0,451709845.0,318522747.0,0.025489466848030166
2025-07-28,55.26,55.92,55.06,55.28,9010316.0,504728856.0,318522747.0,0.0282878258613034
2025-07-29,55.12,55.74,54.85,55.69,6963333.0,389137996.0,318522747.0,0.021861336641053143
2025-07-30,55.75,57.91,55.66,56.16,13756838.0,787719036.0,318522747.0,0.0431894994300046
2025-07-31,56.22,56.65,54.7,54.72,9381080.0,527449279.0,318522747.0,0.0294518369201431
2025-08-01,54.59,55.57,54.47,54.67,8011227.0,444261039.0,318522747.0,0.0251511927341252
2025-08-04,54.46,54.84,54.16,54.68,5406162.0,297407906.0,318522747.0,0.01697260886676957
2025-08-05,54.89,55.1,54.49,54.8,5328152.0,294566482.0,318522747.0,0.01672769700180942
2025-08-06,54.8,55.53,54.67,55.43,6686684.0,372221360.0,318522747.0,0.020992798985247984
2025-08-07,55.35,55.92,55.06,55.44,7353477.0,411904142.0,318522747.0,0.023086191078215208
2025-08-08,55.45,55.45,54.43,54.44,6547902.0,362203128.0,318522747.0,0.020557093839203892
2025-08-11,54.46,55.01,54.28,54.73,5273700.0,291204946.0,318522747.0,0.016556745317784165
2025-08-12,55.03,56.23,54.77,55.62,9884826.0,553075895.0,318522747.0,0.03103334406443506
2025-08-13,55.66,57.61,55.65,56.82,16059746.0,920005751.0,318522747.0,0.050419463448869474
2025-08-14,57.29,58.01,55.94,55.97,14519473.0,833608468.0,318522747.0,0.045583786830772244
2025-08-15,55.97,58.83,55.93,58.76,22665174.0,1324423954.0,318522747.0,0.07115715977421229
2025-08-18,59.36,60.72,58.06,59.54,29050536.0,1749877708.0,318522747.0,0.0912039603877961
2025-08-19,59.23,60.45,58.92,59.6,14662167.0,885775568.0,318522747.0,0.04603177367423621
2025-08-20,58.91,59.44,58.0,59.42,15806548.0,939630778.0,318522747.0,0.049624550048226225
2025-08-21,59.42,59.56,58.22,58.48,13800633.0,818906926.0,318522747.0,0.04332699353493897
2025-08-22,58.18,60.59,58.18,60.56,20517564.0,1241908974.0,318522747.0,0.06441475277117335
2025-08-25,62.18,62.28,59.78,60.46,20618867.0,1264439523.0,318522747.0,0.06473279285136894
2025-08-26,60.03,61.07,59.6,59.7,15139374.0,920687937.0,318522747.0,0.04752996180834771
2025-08-27,59.9,61.17,58.66,58.7,21555067.0,1311347008.0,318522747.0,0.06767198639034719
2025-08-28,58.82,60.15,58.42,60.08,18264552.0,1097000312.0,318522747.0,0.05734143690528953
2025-08-29,60.0,60.09,58.61,59.44,14893113.0,893444996.0,318522747.0,0.04675682707207093
2025-09-01,60.54,62.38,59.71,61.18,23172786.0,1428170100.0,318522747.0,0.07275080419923667
2025-09-02,61.19,61.19,57.83,58.41,19171913.0,1144065918.0,318522747.0,0.06019009059971469
2025-09-03,58.61,60.16,57.83,58.21,13504199.0,801784822.0,318522747.0,0.042396341006063216
2025-09-04,58.21,58.39,55.05,55.75,16049476.0,915341133.0,318522747.0,0.05038722085364911
2025-09-05,55.88,57.48,55.88,57.35,10534311.0,604573466.0,318522747.0,0.03307239780900169
2025-09-08,57.23,58.86,56.59,58.41,10607042.0,617180422.0,318522747.0,0.03330073628933007
2025-09-09,57.97,57.97,56.18,56.62,9519441.0,547671367.0,318522747.0,0.02988622033954768
2025-09-10,56.54,57.15,55.92,56.08,7272338.0,414113135.0,318522747.0,0.022831455739015086
2025-09-11,56.18,58.1,56.1,58.06,14222326.0,822549846.0,318522747.0,0.04465089584324099
2025-09-12,58.42,63.23,57.95,61.53,33144954.0,2035109877.0,318522747.0,0.1040583578792255
2025-09-15,62.37,62.66,60.45,60.79,19427557.0,1202644867.0,318522747.0,0.060992683200738564
2025-09-16,60.75,61.53,60.01,61.04,12433103.0,763695660.0,318522747.0,0.03903364239163742
2025-09-17,61.5,61.98,60.77,61.4,15577365.0,966285966.0,318522747.0,0.048905031576912776
2025-09-18,61.46,64.83,61.44,63.69,35457143.0,2270047443.0,318522747.0,0.11131745953453051
2025-09-19,63.71,67.32,63.71,65.17,28741428.0,1916809626.0,318522747.0,0.09023351792203399
2025-09-22,65.37,66.47,64.95,65.99,20871998.0,1386619040.0,318522747.0,0.06552749590596743
2025-09-23,66.53,66.68,64.58,66.42,20643842.0,1366371701.0,318522747.0,0.06481120169417602
2025-09-24,66.6,71.76,66.36,70.48,36872071.0,2602346925.0,318522747.0,0.1157596163767858
2025-09-25,70.54,73.01,70.54,71.91,25930893.0,1874228077.0,318522747.0,0.08140986238574666
2025-09-26,71.22,75.39,71.05,71.67,26843593.0,1961356831.0,318522747.0,0.08427527783439592
2025-09-29,72.4,73.39,71.43,72.5,18076528.0,1313192422.0,318522747.0,0.05675113683482078
2025-09-30,73.59,75.52,72.63,73.35,25119313.0,1869650067.0,318522747.0,0.07886191249003639
2025-10-09,77.58,80.69,77.47,80.69,16939874.0,1366025420.0,318522747.0,0.05318261932482957
2025-10-10,79.57,86.19,79.06,84.48,48810334.0,4122250190.0,318522747.0,0.15323971195061933
2025-10-13,80.57,84.07,79.57,83.54,31929953.0,2646400994.0,318522747.0,0.10024387049506389
2025-10-14,85.64,87.64,75.59,76.23,39694176.0,3198718902.0,318522747.0,0.12461959584946064
2025-10-15,76.23,76.78,72.95,75.54,24753989.0,1853936356.0,318522747.0,0.07771498027423454
2025-10-16,75.34,78.55,74.59,76.45,23725074.0,1834671842.0,318522747.0,0.07448470862270945
2025-10-17,76.13,76.18,72.14,72.36,19055594.0,1411775207.0,318522747.0,0.05982490788954548
2025-10-20,74.59,78.15,73.1,75.43,22249508.0,1698879483.0,318522747.0,0.06985217919145975
2025-10-21,77.28,80.02,76.18,77.16,21609200.0,1694375101.0,318522747.0,0.06784193657603989
2025-10-22,75.87,76.9,74.53,75.37,13266763.0,1008780036.0,318522747.0,0.04165091229732488
2025-10-23,75.09,75.19,73.21,74.94,10756091.0,801343166.0,318522747.0,0.033768674612114906
2025-10-24,76.28,79.85,75.62,79.59,24662861.0,1944886157.0,318522747.0,0.07742888453740479
2025-10-27,83.64,84.54,80.56,82.61,31209460.0,2588197625.0,318522747.0,0.09798188761696194
2025-10-28,80.57,82.46,79.17,80.7,24617770.0,1995037990.0,318522747.0,0.07728732164927613
2025-10-29,80.56,82.21,79.88,81.44,17890151.0,1458849077.0,318522747.0,0.05616600750966147
2025-10-30,83.54,85.04,80.26,82.37,29501327.0,2458080997.0,318522747.0,0.09261921566939142
2025-10-31,80.26,80.32,76.67,76.97,25190332.0,1967273588.0,318522747.0,0.07908487615799696
2025-11-03,76.88,78.4,72.6,76.99,23646028.0,1784899802.0,318522747.0,0.07423654424278842
2025-11-04,77.48,78.13,74.8,75.77,11833364.0,903769962.0,318522747.0,0.03715076587607101
2025-11-05,73.11,74.77,72.88,74.02,12329142.0,915465959.0,318522747.0,0.03870725753850164
2025-11-06,76.52,76.9,74.97,76.58,14185092.0,1084768477.0,318522747.0,0.04453399995322783
2025-11-07,75.1,76.64,73.94,75.22,13191278.0,997599316.0,318522747.0,0.041413927652708585
2025-11-10,76.89,82.74,76.89,80.92,36422451.0,2967174642.0,318522747.0,0.11434803744173411
2025-11-11,80.56,82.65,78.85,79.22,25448305.0,2060850863.0,318522747.0,0.07989478063869643
2025-11-12,78.57,79.53,75.84,78.1,17379637.0,1354802544.0,318522747.0,0.054563252275354766
2025-11-13,78.07,82.43,78.07,79.26,19770801.0,1606413054.0,318522747.0,0.062070295406563225
2025-11-14,77.42,77.42,72.64,72.69,27879248.0,2070532259.0,318522747.0,0.087526709670126
2025-11-17,73.92,76.09,73.41,73.98,16417348.0,1235769828.0,318522747.0,0.05154215249813854
2025-11-18,73.86,75.48,72.57,73.0,12471142.0,922230589.0,318522747.0,0.03915306557368099
2025-11-19,72.52,74.0,71.11,71.49,13810838.0,1002796948.0,318522747.0,0.043359032063100975
2025-11-20,72.92,73.25,69.99,70.22,10449412.0,748818736.0,318522747.0,0.032805857975348934
2025-11-21,67.64,68.77,66.34,66.53,14897092.0,1008294029.0,318522747.0,0.04676931911553557
2025-11-24,67.63,69.08,66.64,68.53,12090640.0,829009694.0,318522747.0,0.037958482130006244
2025-11-25,70.43,70.82,68.43,68.6,12075865.0,841877535.0,318522747.0,0.03791209611789515
2025-11-26,67.81,68.71,67.39,67.75,8571466.0,585160137.0,318522747.0,0.026910059268074816
2025-11-27,67.77,69.59,67.0,67.08,11297829.0,775955692.0,318522747.0,0.03546945738226978
2025-11-28,67.62,69.78,66.8,69.04,12724453.0,876870706.0,318522747.0,0.03994833373705646
2025-12-01,69.9,71.04,69.5,71.01,12660174.0,895420581.0,318522747.0,0.039746530253300875
2025-12-02,70.31,71.08,69.63,70.0,7990956.0,564153062.0,318522747.0,0.025087552067356748
2025-12-03,69.7,70.32,68.9,69.5,7028157.0,491831050.0,318522747.0,0.02206485114860572
2025-12-04,69.49,70.52,68.13,70.02,8464292.0,591395879.0,318522747.0,0.026573587223269805
2025-12-05,70.11,70.45,68.53,69.65,6861743.0,478425332.0,318522747.0,0.021542395526307576
2025-12-08,69.77,72.83,69.72,71.98,14960037.0,1076164937.0,318522747.0,0.04696693451535504
2025-12-09,71.43,72.08,70.47,70.89,8027936.0,575551065.0,318522747.0,0.025203650526095706
2025-12-10,70.61,71.23,68.95,70.87,8319943.0,586412258.0,318522747.0,0.026120404518550758
2025-12-11,71.51,71.6,69.58,69.64,7415310.0,526158745.0,318522747.0,0.023280315361590174
2025-12-12,69.62,71.95,68.73,71.55,11056107.0,785288594.0,318522747.0,0.03471057280565271
2025-12-15,70.62,73.15,70.13,72.26,14151621.0,1027131850.0,318522747.0,0.044428917976146926
2025-12-16,71.61,71.75,69.34,70.71,9980176.0,705822606.0,318522747.0,0.031332694741578376
2025-12-17,70.62,72.29,69.47,71.82,9851596.0,702409797.0,318522747.0,0.03092901870521668
2025-12-18,70.99,73.75,70.8,70.96,11243611.0,815874777.0,318522747.0,0.03529924033965461
2025-12-19,72.39,73.17,69.4,69.57,13520023.0,958278246.0,318522747.0,0.04244602034654687
2025-12-22,70.11,74.58,69.92,73.24,19564217.0,1430055645.0,318522747.0,0.06142172634220061
2025-12-23,73.1,74.21,72.75,73.34,10770306.0,795711016.0,318522747.0,0.033813302508030926
2025-12-24,73.63,74.58,72.8,74.58,11789184.0,874998318.0,318522747.0,0.037012063066252536
2025-12-25,75.14,76.28,73.94,74.2,12068988.0,908229967.0,318522747.0,0.03789050582312101
2025-12-26,74.5,75.07,73.1,73.62,9732605.0,724495151.0,318522747.0,0.03055544726920241
2025-12-29,73.3,74.17,72.31,72.51,11227494.0,823190636.0,318522747.0,0.03524864112766175
2025-12-30,72.12,73.77,71.91,72.16,10127173.0,740065702.0,318522747.0,0.031794190824305554
2025-12-31,74.48,76.75,72.07,73.7,21206035.0,1588311047.0,318522747.0,0.06657620279784916
2026-01-05,75.59,78.66,74.84,77.35,21788682.0,1693539330.0,318522747.0,0.06840541909554736
2026-01-06,77.58,83.97,76.79,81.59,27686570.0,2272269867.0,318522747.0,0.08692179839827892
2026-01-07,86.54,89.74,84.01,88.15,43730198.0,3852698733.0,318522747.0,0.13729065949566233
2026-01-08,90.58,91.79,84.87,85.75,39151638.0,3470758060.0,318522747.0,0.12291630148474138
2026-01-09,84.55,86.43,83.45,86.33,24109516.0,2059442738.0,318522747.0,0.07569166166961382
2026-01-12,87.21,91.6,86.49,88.92,27316628.0,2445667961.0,318522747.0,0.08576036800285412
2026-01-13,88.32,92.69,87.63,87.97,21456794.0,1926054259.0,318522747.0,0.06736345897456422
2026-01-14,89.43,90.3,85.35,86.45,23048345.0,2028220667.0,318522747.0,0.0723601225252525
2026-01-15,85.65,92.19,85.53,92.18,25157024.0,2258330364.0,318522747.0,0.07898030591830855
2026-01-16,91.5,96.79,90.64,95.99,26891638.0,2573819759.0,318522747.0,0.08442611478545362
2026-01-19,99.44,100.39,96.59,98.06,26733111.0,2648815922.0,318522747.0,0.08392842034606715
2026-01-20,97.47,98.34,94.29,97.13,18407146.0,1781403257.0,318522747.0,0.05778910979943294
2026-01-21,96.61,99.44,95.48,96.57,17660504.0,1720446247.0,318522747.0,0.055445032313500675
2026-01-22,99.43,99.76,93.49,94.48,17696070.0,1693694416.0,318522747.0,0.055556691528847076
2026-01-23,93.37,94.27,91.85,94.2,15666715.0,1464716640.0,318522747.0,0.04918554529482317
2026-01-26,94.4,95.13,90.81,91.51,14579208.0,1350727519.0,318522747.0,0.0457713244574021
2026-01-27,90.85,93.36,89.51,92.5,13199514.0,1217661544.0,318522747.0,0.04143978451874899
2026-01-28,93.38,98.11,92.89,97.46,21578902.0,2067263343.0,318522747.0,0.06774681621090001
2026-01-29,97.17,98.1,94.17,94.18,14565217.0,1396678590.0,318522747.0,0.04572739980796411
2026-01-30,93.63,97.27,92.05,95.77,16976086.0,1625022329.0,318522747.0,0.053296306652786715
2026-02-02,93.92,95.08,87.43,87.57,18493240.0,1676860925.0,318522747.0,0.05805940132746626
2026-02-03,90.39,90.88,88.22,90.61,11284315.0,1018117605.0,318522747.0,0.035427030271090815
2026-02-04,90.16,90.18,87.61,88.81,9135151.0,813870640.0,318522747.0,0.028679744495610546
2026-02-05,86.39,89.01,84.75,88.16,10371679.0,903149624.0,318522747.0,0.032561815750006703
2026-02-06,86.88,88.32,85.54,86.93,6975833.0,612213640.0,318522747.0,0.02190058030612175
2026-02-09,89.51,90.49,88.54,89.9,9553790.0,862465656.0,318522747.0,0.029994058791663003
2026-02-10,89.71,90.49,88.5,89.53,7507612.0,676111411.0,318522747.0,0.023570096863443163
2026-02-11,88.92,90.76,88.56,89.16,5691756.0,512156030.0,318522747.0,0.017869229289297822
2026-02-12,90.71,90.89,88.83,90.86,8106282.0,733650675.0,318522747.0,0.0254496172607729
2026-02-13,90.04,92.38,88.83,89.66,9474919.0,866156115.0,318522747.0,0.029746443823052925
2026-02-24,91.5,93.87,91.12,92.11,10799120.0,1005704184.0,318522747.0,0.033903763865253865
2026-02-25,91.81,95.44,89.53,94.24,15030193.0,1405897787.0,318522747.0,0.04718718880067928
2026-02-26,94.24,98.99,92.61,97.83,16169358.0,1561486064.0,318522747.0,0.050763589578109475
2026-02-27,96.49,96.82,94.63,95.45,10850409.0,1039994221.0,318522747.0,0.03406478533227016
2026-03-02,93.49,98.61,93.29,96.55,13343324.0,1296158875.0,318522747.0,0.041891275036630274
2026-03-03,96.57,97.5,89.51,89.99,15897808.0,1473999450.0,318522747.0,0.0499110601981591
2026-03-04,88.9,92.87,88.52,90.07,10179941.0,928218694.0,318522747.0,0.031959855601772766
2026-03-05,92.98,95.25,91.22,92.62,12178147.0,1139527933.0,318522747.0,0.03823320976193892
2026-03-06,91.43,93.47,90.95,91.66,8943079.0,827109318.0,318522747.0,0.028076735756645977
2026-03-09,89.71,90.1,84.21,87.43,14641581.0,1268094585.0,318522747.0,0.04596714406710802
2026-03-10,89.52,90.31,87.32,89.52,11133552.0,995604618.0,318522747.0,0.034953710856951765
2026-03-11,89.94,92.35,89.74,90.23,10566423.0,964127491.0,318522747.0,0.03317321321481633
2026-03-12,89.5,93.14,87.33,88.55,10193608.0,921317787.0,318522747.0,0.03200276305541218
2026-03-13,87.53,92.06,86.57,88.69,11534528.0,1036525248.0,318522747.0,0.03621257228451568
2026-03-16,88.7,90.4,85.73,89.61,11205427.0,993567294.0,318522747.0,0.03517936193109624
2026-03-17,89.58,90.17,86.21,86.33,10012760.0,887625215.0,318522747.0,0.031434991988186015
2026-03-18,87.6,91.63,87.14,90.55,17522770.0,1582590383.0,318522747.0,0.05501261735633593
2026-03-19,88.9,89.11,84.04,84.69,18342826.0,1587282123.0,318522747.0,0.05758717759645593
2026-03-20,85.52,85.66,82.57,82.61,10136272.0,859020785.0,318522747.0,0.031822757072982294
2026-03-23,80.57,81.06,77.58,78.12,13704449.0,1092127063.0,318522747.0,0.04302502452046227
2026-03-24,79.31,79.45,75.84,78.52,9294898.0,724749892.0,318522747.0,0.0291812691167077
2026-03-25,80.13,84.49,79.91,82.27,12726680.0,1057051509.0,318522747.0,0.039955325388425084
2026-03-26,81.25,82.52,80.18,80.49,7238886.0,590890137.0,318522747.0,0.022726433412305087
2026-03-27,79.02,83.47,78.07,82.76,8055628.0,663159879.0,318522747.0,0.025290589371942094
2026-03-30,81.68,86.43,81.61,85.71,11930960.0,1018400703.0,318522747.0,0.03745716785495386
2026-03-31,83.97,83.97,78.27,78.31,16300384.0,1318486736.0,318522747.0,0.0511749448148518
2026-04-01,81.06,81.24,78.18,79.13,11676095.0,929078913.0,318522747.0,0.03665702091913706
2026-04-02,79.13,79.57,76.26,76.81,8792988.0,685567754.0,318522747.0,0.027605526081941018
2026-04-03,77.6,79.69,77.23,77.73,8504545.0,669222432.0,318522747.0,0.02669996124327033
2026-04-07,78.25,79.54,77.74,78.01,6820636.0,540155452.0,318522747.0,0.021413340379109566
2026-04-08,80.82,83.35,80.56,83.25,11668859.0,962730019.0,318522747.0,0.03663430354630214
2026-04-09,82.2,85.32,81.82,83.99,10376643.0,875344505.0,318522747.0,0.032577400194278745
2026-04-10,84.79,86.19,84.54,84.97,9638070.0,828530830.0,318522747.0,0.030258655279021565
2026-04-13,84.04,85.83,83.89,85.1,7610113.0,650149923.0,318522747.0,0.02389189805649893
2026-04-14,86.38,88.16,85.79,87.61,12188857.0,1068808114.0,318522747.0,0.0382668337341697
2026-04-15,88.48,89.02,85.14,85.62,9689065.0,846857484.0,318522747.0,0.030418753735035445
2026-04-16,85.52,86.57,84.34,85.65,9591899.0,825317765.0,318522747.0,0.03011370173823096
2026-04-17,84.96,86.12,83.97,85.43,9073908.0,777520589.0,318522747.0,0.02848747251322682
2026-04-20,85.42,87.4,84.33,85.99,10224629.0,885716845.0,318522747.0,0.032100153274139634
2026-04-21,85.99,88.22,84.46,87.12,10468569.0,912646013.0,318522747.0,0.032866001246686476
2026-04-22,87.13,90.89,86.74,89.99,13314814.0,1191032021.0,318522747.0,0.0418017680853418
2026-04-23,91.5,92.04,87.03,88.65,13613937.0,1221716487.0,318522747.0,0.04274086271144711
2026-04-24,88.85,90.51,88.18,88.62,10078864.0,902338295.0,318522747.0,0.03164252504704162
2026-04-27,88.81,90.92,88.01,88.64,15000578.0,1353112658.0,318522747.0,0.047094212709398744
2026-04-28,82.55,85.04,80.06,83.17,26652789.0,2213372280.0,318522747.0,0.08367624997281592
2026-04-29,82.84,83.79,79.82,83.49,14612695.0,1206810406.0,318522747.0,0.045876456666374285
2026-04-30,85.08,86.29,83.99,84.25,11864711.0,1012977736.0,318522747.0,0.03724917956958346
2026-05-06,87.08,92.49,87.08,89.72,21731326.0,1969548538.0,318522747.0,0.06822535032325337
2026-05-07,90.64,91.86,89.34,91.58,14375797.0,1310803076.0,318522747.0,0.0451327170049805
2026-05-08,90.03,90.49,87.74,88.38,13091118.0,1168558878.0,318522747.0,0.041099476013246865
2026-05-11,92.28,96.47,91.83,94.04,26892667.0,2543721025.0,318522747.0,0.08442934532396205
2026-05-12,95.48,96.01,92.07,93.35,16039948.0,1502816735.0,318522747.0,0.05035730776238722
2026-05-13,91.49,102.69,90.86,102.69,23659158.0,2335890093.0,318522747.0,0.07427776578857648
2026-05-14,106.42,109.39,103.93,106.32,40857300.0,4384316498.0,318522747.0,0.12827121574460112
2026-05-15,108.38,114.18,105.56,106.88,38260488.0,4197943572.0,318522747.0,0.12011854211467038
2026-05-18,116.51,117.57,112.4,113.57,39240644.0,4544238673.0,318522747.0,0.12319573521698907
2026-05-19,112.36,115.33,106.86,115.33,40561434.0,4535207185.0,318522747.0,0.1273423464478661
2026-05-20,115.5,122.31,115.37,119.91,38303969.0,4638653633.0,318522747.0,0.12025505041873823
2026-05-21,122.06,124.32,113.01,113.28,42546206.0,5103994765.0,318522747.0,0.1335735246563097
2026-05-22,114.13,117.54,109.72,115.87,34505315.0,3928009326.0,318522747.0,0.1083292019957369
2026-05-25,118.68,127.46,114.92,127.46,39321505.0,4855324835.0,318522747.0,0.12344959777707806
2026-05-26,124.86,125.51,118.95,122.54,39623450.0,4856309938.0,318522747.0,0.12439755205300926
2026-05-27,124.32,126.79,116.66,117.77,30655637.0,3757295651.0,318522747.0,0.09624316407141874
2026-05-28,114.2,116.27,110.34,114.73,28020603.0,3190590905.0,318522747.0,0.08797049273218782
2026-05-29,115.21,116.96,105.65,107.09,30160388.0,3334304522.0,318522747.0,0.09468833320089382
2026-06-01,107.72,110.52,104.32,104.72,21490051.0,2306379650.0,318522747.0,0.06746786910009915
2026-06-02,104.6,111.71,103.14,109.35,25524881.0,2783748883.0,318522747.0,0.08013519047039991
2026-06-03,109.91,115.7,109.82,113.51,24469491.0,2791247026.0,318522747.0,0.07682180073625951
2026-06-04,111.22,119.69,111.2,117.48,27404433.0,3199932150.0,318522747.0,0.08603603120376203
2026-06-05,113.45,118.79,111.13,114.71,25801440.0,2984385316.0,318522747.0,0.08100344557181657
2026-06-08,107.39,109.72,104.43,105.35,23789591.0,2555510482.0,318522747.0,0.07468725930584795
2026-06-09,108.51,111.22,105.54,111.13,21029526.0,2296126630.0,318522747.0,0.06602205399164161
2026-06-10,107.68,122.24,106.83,122.24,33454721.0,3919264514.0,318522747.0,0.10503086927101002
2026-06-11,125.9,134.47,123.68,134.47,57646113.0,7504770523.0,318522747.0,0.1809795800863164
2026-06-12,139.65,144.13,131.47,132.65,66319264.0,9133081439.0,318522747.0,0.2082088787209913
2026-06-15,132.98,138.53,127.67,138.48,40658898.0,5478749452.0,318522747.0,0.1276483340136458
2026-06-16,137.1,143.23,134.71,137.41,36613926.0,5070951747.0,318522747.0,0.114949171903255
2026-06-17,136.65,148.84,135.65,147.54,37493222.0,5422421738.0,318522747.0,0.11770971572086812
2026-06-18,146.07,151.21,143.48,149.78,31776006.0,4693928728.0,318522747.0,0.09976055493455857
2026-06-22,152.47,164.76,152.47,164.76,34729620.0,5520354166.0,318522747.0,0.10903340601919398
2026-06-23,159.62,167.37,154.8,156.92,35111664.0,5650015364.0,318522747.0,0.11023283056139159
2026-06-24,154.61,172.61,154.61,172.61,32501374.0,5429599238.0,318522747.0,0.10203784284203728
2026-06-25,183.53,186.03,171.56,180.57,40754694.0,7310339535.0,318522747.0,0.1279490849047588
2026-06-26,179.54,194.7,177.75,188.12,35597792.0,6680838514.0,318522747.0,0.11175902611438925
2026-06-29,198.62,206.93,190.69,206.93,41667730.0,8436285956.0,318522747.0,0.13081555522312507
2026-06-30,215.69,227.52,206.94,223.93,44721878.0,9713191462.0,318522747.0,0.14040403211768107
2026-07-01,219.44,245.81,217.44,235.49,44967263.0,10630285783.0,318522747.0,0.14117441665790983
2026-07-02,215.45,225.3,211.94,211.94,42482079.0,9187367228.0,318522747.0,0.13337219837552136
2026-07-03,205.21,209.46,195.38,198.99,46328062.0,9369131423.0,318522747.0,0.14544663587244525
2026-07-06,202.73,204.48,180.54,185.98,41030483.0,7779495376.0,318522747.0,0.12881492259640723
2026-07-07,183.7,192.84,180.54,185.35,29045619.0,5448809828.0,318522747.0,0.09118852349970472
2026-07-08,188.52,196.02,174.66,189.52,33910679.0,6357290635.0,318522747.0,0.1064623463139981
2026-07-09,196.02,208.47,194.47,208.47,33541387.0,6743197877.0,318522747.0,0.10530295658915688
2026-07-10,219.44,228.42,206.47,206.64,45595906.0,10021061824.0,318522747.0,0.14314803708508766
2026-07-13,204.49,208.78,186.35,188.54,34446045.0,6783902035.0,318522747.0,0.1081431242334476
2026-07-14,192.31,193.01,174.14,187.01,35287096.0,6525680045.0,318522747.0,0.11078359813341683
2026-07-15,190.03,194.38,169.62,170.86,30410335.0,5425867273.0,318522747.0,0.09547304010912602
2026-07-16,167.01,169.22,153.78,155.6,32934473.0,5320179856.0,318522747.0,0.10339755420984109
2026-07-17,157.84,160.36,143.63,144.63,36682760.0,5594098981.0,318522747.0,0.11516527577856159
2026-07-20,148.73,149.62,130.17,130.17,26148544.0,3653514447.0,318522747.0,0.08209317622141442
2026-07-21,131.66,143.18,117.15,143.18,45699440.0,5945087623.0,318522747.0,0.14347308137462472
2026-07-22,146.05,157.51,146.03,149.48,49218204.0,7491910158.0,318522747.0,0.15452021704434188
2026-07-23,151.59,153.97,143.94,148.69,33306781.0,4960581199.0,318522747.0,0.10456641264619007
2026-07-24,146.13,158.35,144.63,153.56,41718917.0,6387842148.0,318522747.0,0.13097625646183442
2026-07-27,153.81,168.92,152.61,168.92,52401622.0,8579165121.0,318522747.0,0.16451453622557136
2026-07-28,163.28,174.85,158.6,166.01,58171016.0,9852167241.0,318522747.0,0.18262750948835688
2026-07-29,159.59,162.39,149.41,151.79,51684821.0,7915962635.0,318522747.0,0.16226414435638406
2026-07-30,147.61,149.58,136.61,136.61,38835609.0,5473875384.0,318522747.0,0.12192413058650407
2026-07-31,149.62,149.62,132.67,133.46,48144880.0,6877683181.0,318522747.0,0.15115052363905426
2026-08-03,129.67,131.32,120.11,120.6,38457402.0,4764342414.0,318522747.0,0.12073675227973593
2026-08-04,121.7,130.31,118.64,129.15,40129837.0,5031261348.0,318522747.0,0.1259873505988569
2026-08-05,127.67,142.07,127.67,140.26,42799057.0,5890828252.0,318522747.0,0.13436734865281066
2026-08-06,134.69,147.79,134.68,144.64,38681150.0,5524030602.0,318522747.0,0.12143920760547755
2026-08-07,144.64,150.57,142.15,148.4,31628524.0,4677353153.0,318522747.0,0.09929753619762673
2026-08-10,151.61,155.15,145.93,154.84,35149401.0,5313172771.0,318522747.0,0.11035130561648711
2026-08-11,151.02,155.9,147.64,149.91,28959980.0,4405127284.0,318522747.0,0.0909196604410799
2026-08-12,153.11,158.26,151.61,154.79,28343360.0,4407680894.0,318522747.0,0.08898378614071165
2026-08-13,157.7,158.2,149.0,149.12,32457361.0,5016031664.0,318522747.0,0.10189966432758411
2026-08-14,151.62,153.11,146.8,150.83,22648291.0,3400007811.0,318522747.0,0.07110415571042404
2026-08-17,150.78,159.03,149.5,158.61,29022542.0,4520524319.0,318522747.0,0.09111607341500166
2026-08-18,160.54,162.77,155.1,158.46,27196844.0,4328941723.0,318522747.0,0.08538430694872791
2026-08-19,146.67,152.6,142.61,142.61,27139487.0,3991856297.0,318522747.0,0.0852042350369407
2026-08-20,140.05,143.08,136.26,138.03,24998493.0,3478158553.0,318522747.0,0.07848259892094928
2026-08-21,137.54,140.52,135.12,138.15,19076582.0,2639938007.0,318522747.0,0.05989079957294227
2026-08-24,138.95,143.64,136.25,140.23,24174955.0,3380931833.0,318522747.0,0.07589710696548778
2026-08-25,134.86,139.14,129.85,136.84,21763982.0,2940007964.0,318522747.0,0.0683278736133718
2026-08-26,137.25,137.39,131.66,134.89,18235897.0,2457991248.0,318522747.0,0.05725147472748626
2026-08-27,136.68,143.63,135.8,143.54,19886903.0,2807152935.0,318522747.0,0.06243479684670684
2026-08-28,144.04,147.92,141.55,141.7,17336898.0,2508246354.0,318522747.0,0.05442907347524539
2026-08-31,138.83,143.17,135.81,142.01,18561171.0,2596410608.0,318522747.0,0.058272670240408296
2026-09-01,143.51,144.21,133.66,133.89,18021137.0,2456600149.0,318522747.0,0.05657723716667557
2026-09-02,130.99,132.88,129.31,130.51,12775448.0,1675995343.0,318522747.0,0.040108432193070344
2026-09-03,132.87,133.62,129.53,131.26,10416332.0,1370469036.0,318522747.0,0.03270200354011137
2026-09-04,132.09,132.65,124.95,126.3,14251024.0,1834876337.0,318522747.0,0.04474099301925209
2026-09-07,128.39,131.65,127.67,130.67,13749782.0,1790352859.0,318522747.0,0.043167347165946675
2026-09-08,132.96,136.98,129.71,131.78,21840229.0,2916607621.0,318522747.0,0.06856725055181066
2026-09-09,132.17,134.21,130.17,131.19,13766051.0,1823074444.0,318522747.0,0.043218423580906766
2026-09-10,130.91,136.55,128.67,133.14,19742344.0,2654345609.0,318522747.0,0.06198095484841464
2026-09-11,129.67,131.0,124.98,129.66,17770155.0,2286680412.0,318522747.0,0.05578928088297568
2026-09-14,126.68,129.67,124.72,128.19,11075195.0,1417416262.0,318522747.0,0.03477049945195908
2026-09-15,126.93,135.07,126.93,132.83,15782258.0,2092814642.0,318522747.0,0.04954829175826491
2026-09-16,132.84,137.5,132.04,136.76,20611003.0,2799380090.0,318522747.0,0.06470810387680098
2026-09-17,136.75,138.49,133.66,134.35,17092939.0,2323988574.0,318522747.0,0.05366316585232765
2026-09-18,137.45,139.64,134.01,138.48,22220958.0,3064587090.0,318522747.0,0.06976254666044306
2026-09-21,140.52,140.8,136.33,137.08,17006747.0,2356438186.0,318522747.0,0.053392566653960194
2026-09-22,140.0,141.0,134.89,135.5,17905972.0,2478690623.0,318522747.0,0.0562156774316655
2026-09-23,137.0,138.3,135.71,137.28,11635542.0,1593800041.0,318522747.0,0.036529705051174886
