date,open,high,low,close,volume,amount,outstanding_share,turnover
2009-08-21,8.0,8.94,7.56,8.83,27153732.0,763480576.0,32000000.0,0.848554125
2009-08-24,8.51,9.6,8.45,9.19,20090022.0,609686272.0,32000000.0,0.6278131875
2009-08-25,8.94,9.03,8.51,8.85,10357966.0,305560000.0,32000000.0,0.3236864375
2009-08-26,8.86,9.41,8.72,9.1,10487203.0,319500000.0,32000000.0,0.32772509375
2009-08-27,8.91,8.98,8.52,8.61,8518694.0,251784256.0,32000000.0,0.2662091875
2009-08-28,8.45,8.48,7.8,7.83,8152802.0,222620768.0,32000000.0,0.2547750625
2009-08-31,7.65,8.05,7.57,7.85,6198008.0,163427744.0,32000000.0,0.19368775
2009-09-01,7.72,7.85,7.35,7.53,4511237.0,116165480.0,32000000.0,0.14097615625
2009-09-02,7.42,7.84,7.39,7.7,4006202.0,103387896.0,32000000.0,0.1251938125
2009-09-03,7.62,7.9,7.53,7.87,5342870.0,139921840.0,32000000.0,0.1669646875
2009-09-04,7.77,8.04,7.74,7.84,4402538.0,117008160.0,32000000.0,0.1375793125
2009-09-07,7.84,8.18,7.81,8.0,5497092.0,149020944.0,32000000.0,0.171784125
2009-09-08,7.94,8.06,7.82,7.99,3173171.0,85063744.0,32000000.0,0.09916159375
2009-09-09,7.96,8.47,7.7,8.37,8308159.0,226925376.0,32000000.0,0.25962996875
2009-09-10,8.24,8.55,8.14,8.26,6909952.0,194759968.0,32000000.0,0.215936
2009-09-11,8.18,8.71,8.03,8.43,6507797.0,185899280.0,32000000.0,0.20336865625
2009-09-14,8.47,8.59,8.32,8.55,4424258.0,126364928.0,32000000.0,0.1382580625
2009-09-15,8.51,8.55,8.25,8.25,3910968.0,111078080.0,32000000.0,0.12221775
2009-09-16,8.18,9.07,8.14,9.07,7948798.0,235042192.0,32000000.0,0.2483999375
2009-09-17,9.19,9.52,8.91,8.99,10039108.0,313559584.0,32000000.0,0.313722125
2009-09-21,8.74,8.83,8.1,8.56,5896838.0,168696608.0,32000000.0,0.1842761875
2009-09-22,8.47,8.89,8.37,8.51,4744982.0,137988144.0,32000000.0,0.1482806875
2009-09-23,8.44,8.68,8.28,8.48,3490861.0,99920248.0,32000000.0,0.10908940625
2009-09-24,8.46,8.67,8.24,8.48,3278187.0,93959752.0,32000000.0,0.10244334375
2009-09-25,8.49,9.22,8.36,8.83,5340991.0,158633760.0,32000000.0,0.16690596875
2009-09-28,8.8,8.98,8.3,8.34,3461971.0,101091344.0,32000000.0,0.10818659375
2009-09-29,8.25,8.35,7.65,7.83,3249736.0,87363936.0,32000000.0,0.10155425
2009-09-30,7.94,8.08,7.76,7.8,1933735.0,51789128.0,32000000.0,0.06042921875
2009-10-09,7.94,8.18,7.92,8.15,2089853.0,56974220.0,32000000.0,0.06530790625
2009-10-12,8.15,8.34,8.09,8.18,1954945.0,54357456.0,32000000.0,0.06109203125
2009-10-13,8.18,8.36,8.12,8.36,1646676.0,45833252.0,32000000.0,0.051458625
2009-10-14,8.38,8.64,8.33,8.39,2980604.0,85106808.0,32000000.0,0.093143875
2009-10-15,8.45,8.69,8.43,8.52,2220177.0,64177888.0,32000000.0,0.06938053125
2009-10-16,8.53,8.68,8.38,8.56,1917915.0,55158920.0,32000000.0,0.05993484375
2009-10-19,8.54,8.77,8.48,8.65,2703470.0,79155112.0,32000000.0,0.0844834375
2009-10-20,8.66,9.11,8.66,9.11,4116574.0,122947800.0,32000000.0,0.1286429375
2009-10-21,9.11,9.33,8.86,8.89,5312144.0,163502016.0,32000000.0,0.1660045
2009-10-22,8.75,9.78,8.75,9.78,4780596.0,152871360.0,32000000.0,0.149393625
2009-10-23,10.16,10.75,10.04,10.11,10457516.0,363117696.0,32000000.0,0.326797375
2009-10-26,10.16,10.66,10.02,10.46,6572729.0,229815728.0,32000000.0,0.20539778125
2009-10-27,10.23,10.36,9.78,9.78,5691066.0,191574224.0,32000000.0,0.1778458125
2009-10-28,9.75,10.76,9.72,10.76,6059213.0,208993824.0,32000000.0,0.18935040625
2009-10-29,10.52,10.93,10.23,10.36,5915011.0,210905600.0,32000000.0,0.18484409375
2009-10-30,10.6,10.66,9.88,9.96,7044724.0,243391008.0,32000000.0,0.220147625
2009-11-02,9.49,10.01,9.35,9.88,3680876.0,120912032.0,32000000.0,0.115027375
2009-11-03,9.78,10.14,9.78,9.88,2733296.0,91839400.0,32000000.0,0.0854155
2009-11-04,9.88,10.34,9.88,10.06,2821830.0,96377312.0,32000000.0,0.0881821875
2009-11-05,9.97,10.19,9.9,10.15,2293028.0,77648840.0,32000000.0,0.071657125
2009-11-06,10.19,10.23,9.93,10.01,2248590.0,76120240.0,32000000.0,0.0702684375
2009-11-09,9.97,10.78,9.94,10.54,5009750.0,174916832.0,32000000.0,0.1565546875
2009-11-10,10.52,10.64,10.29,10.33,2253677.0,79157480.0,32000000.0,0.07042740625
2009-11-11,10.33,10.52,10.27,10.29,1519062.0,53066820.0,32000000.0,0.0474706875
2009-11-12,10.38,10.49,10.13,10.16,1950652.0,67898104.0,32000000.0,0.060957875
2009-11-13,10.08,10.35,10.02,10.29,2008339.0,69052048.0,32000000.0,0.06276059375
2009-11-16,10.37,10.61,10.29,10.43,2718482.0,95782456.0,32000000.0,0.0849525625
2009-11-17,10.4,10.49,10.32,10.43,1855151.0,65175724.0,32000000.0,0.05797346875
2009-11-18,10.43,10.44,10.02,10.07,3612685.0,123991040.0,32000000.0,0.11289640625
2009-11-19,10.07,10.44,10.05,10.37,3393821.0,117518984.0,32000000.0,0.10605690625
2009-11-20,10.36,10.36,10.16,10.22,2690025.0,93045648.0,32000000.0,0.08406328125
2009-11-23,10.03,10.73,10.03,10.65,8650599.0,302852640.0,40000000.0,0.216264975
2009-11-24,10.63,10.75,10.01,10.14,5813501.0,205043408.0,40000000.0,0.145337525
2009-11-25,10.14,10.75,9.93,10.63,5324391.0,186579920.0,40000000.0,0.133109775
2009-11-26,10.67,11.31,10.58,10.74,7489460.0,275736032.0,40000000.0,0.1872365
2009-11-27,10.53,10.64,10.08,10.2,4444884.0,154597520.0,40000000.0,0.1111221
2009-11-30,10.36,10.53,10.17,10.52,3437191.0,120187944.0,40000000.0,0.085929775
2009-12-01,10.46,11.04,10.43,11.0,4674986.0,170413792.0,40000000.0,0.11687465
2009-12-02,11.15,11.21,10.86,11.01,4584694.0,170481808.0,40000000.0,0.11461735
2009-12-03,10.91,11.35,10.85,11.25,3935043.0,148102016.0,40000000.0,0.098376075
2009-12-04,11.11,11.17,10.3,10.44,5852808.0,210848256.0,40000000.0,0.1463202
2009-12-07,10.37,10.61,10.35,10.51,2195340.0,77762360.0,40000000.0,0.0548835
2009-12-08,10.52,10.55,10.17,10.26,2920093.0,101435224.0,40000000.0,0.073002325
2009-12-09,10.14,10.26,10.05,10.11,1955327.0,66968300.0,40000000.0,0.048883175
2009-12-10,10.14,10.34,10.14,10.23,1618446.0,55976684.0,40000000.0,0.04046115
2009-12-11,10.32,10.37,10.05,10.08,2415613.0,82845304.0,40000000.0,0.060390325
2009-12-14,10.13,10.36,10.09,10.36,2234300.0,77033824.0,40000000.0,0.0558575
2009-12-15,10.43,10.49,10.28,10.36,1793691.0,62882064.0,40000000.0,0.044842275
2009-12-16,10.33,10.43,10.08,10.13,1894037.0,65328832.0,40000000.0,0.047350925
2009-12-17,10.11,10.22,9.52,9.55,3067661.0,100892120.0,40000000.0,0.076691525
2009-12-18,9.43,9.48,9.05,9.22,1977979.0,61773444.0,40000000.0,0.049449475
2009-12-21,9.23,9.43,9.23,9.39,1067402.0,33649796.0,40000000.0,0.02668505
2009-12-22,9.39,9.53,9.23,9.26,1710249.0,54124804.0,40000000.0,0.042756225
2009-12-23,9.31,9.66,9.17,9.51,1989933.0,63178216.0,40000000.0,0.049748325
2009-12-24,9.52,9.93,9.44,9.78,2229435.0,73173656.0,40000000.0,0.055735875
2009-12-25,9.73,9.95,9.67,9.7,1920664.0,63578800.0,40000000.0,0.0480166
2009-12-28,9.78,9.92,9.75,9.84,1548631.0,51292156.0,40000000.0,0.038715775
2009-12-29,9.79,9.98,9.73,9.97,1891545.0,63024492.0,40000000.0,0.047288625
2009-12-30,9.93,10.0,9.72,9.77,1757138.0,58119992.0,40000000.0,0.04392845
2009-12-31,9.8,9.88,9.6,9.84,1818960.0,59698024.0,40000000.0,0.045474
2010-01-04,9.93,10.09,9.87,10.0,2296085.0,77667152.0,40000000.0,0.057402125
2010-01-05,10.02,10.4,9.84,10.28,3005544.0,103067040.0,40000000.0,0.0751386
2010-01-06,10.29,10.4,10.18,10.19,2216587.0,77034119.0,40000000.0,0.055414675
2010-01-07,10.19,10.25,9.81,9.86,2024905.0,68409712.0,40000000.0,0.050622625
2010-01-08,9.75,10.02,9.72,10.01,1660865.0,55273536.0,40000000.0,0.041521625
2010-01-11,9.97,10.46,9.96,10.4,3458774.0,120218368.0,40000000.0,0.08646935
2010-01-12,10.46,10.87,10.42,10.55,4883948.0,175650782.0,40000000.0,0.1220987
2010-01-13,10.35,10.93,10.32,10.83,5565570.0,201649520.0,40000000.0,0.13913925
2010-01-14,10.96,11.91,10.96,11.91,3633557.0,143099008.0,40000000.0,0.090838925
2010-01-15,12.6,12.62,11.56,11.8,10443870.0,424718208.0,40000000.0,0.26109675
2010-01-18,11.86,12.24,11.77,11.84,5903564.0,238418896.0,40000000.0,0.1475891
2010-01-19,11.77,12.0,11.44,11.77,4781336.0,189502512.0,40000000.0,0.1195334
2010-01-20,11.57,11.74,10.67,10.76,6053288.0,227564688.0,40000000.0,0.1513322
2010-01-21,10.73,11.09,10.58,10.97,3113229.0,113851440.0,40000000.0,0.077830725
2010-01-22,10.69,10.89,10.44,10.72,2902386.0,104797176.0,40000000.0,0.07255965
2010-01-25,10.59,11.05,10.54,10.82,2845411.0,104354088.0,40000000.0,0.071135275
2010-01-26,10.82,10.85,10.18,10.32,2477985.0,87858968.0,40000000.0,0.061949625
2010-01-27,10.32,10.6,10.11,10.12,1808473.0,63462056.0,40000000.0,0.045211825
2010-01-28,10.13,10.41,10.08,10.32,1936724.0,67034892.0,40000000.0,0.0484181
2010-01-29,10.23,10.75,10.16,10.48,2394846.0,85336784.0,40000000.0,0.05987115
2010-02-01,10.4,10.51,9.78,9.98,2440391.0,83119712.0,40000000.0,0.061009775
2010-02-02,10.08,10.18,9.87,9.92,1540150.0,52153896.0,40000000.0,0.03850375
2010-02-03,9.92,10.06,9.34,9.85,1795209.0,58710192.0,40000000.0,0.044880225
2010-02-04,9.87,10.07,9.67,9.8,1400685.0,46725596.0,40000000.0,0.035017125
2010-02-05,9.49,9.66,9.36,9.44,1641966.0,52557052.0,40000000.0,0.04104915
2010-02-08,9.48,9.62,9.43,9.54,777273.0,24964834.0,40000000.0,0.019431825
2010-02-09,9.52,9.59,9.41,9.51,735685.0,23547050.0,40000000.0,0.018392125
2010-02-10,9.55,9.9,9.55,9.89,1474990.0,48483700.0,40000000.0,0.03687475
2010-02-11,9.89,10.06,9.82,9.9,1213427.0,40743556.0,40000000.0,0.030335675
2010-02-12,9.95,10.12,9.89,10.08,1030512.0,34836248.0,40000000.0,0.0257628
2010-02-22,10.08,10.27,10.0,10.08,1572032.0,53723264.0,40000000.0,0.0393008
2010-02-23,10.12,10.19,9.78,10.15,1415239.0,47634028.0,40000000.0,0.035380975
2010-02-24,10.11,10.71,9.99,10.67,2958236.0,105377488.0,40000000.0,0.0739559
2010-02-25,10.72,10.91,10.7,10.78,2832135.0,103051640.0,40000000.0,0.070803375
2010-02-26,10.67,10.77,10.56,10.64,1863338.0,66950676.0,40000000.0,0.04658345
2010-03-01,10.64,10.73,10.6,10.65,1789641.0,64348544.0,40000000.0,0.044741025
2010-03-02,10.64,11.01,10.47,10.94,3020650.0,109330392.0,40000000.0,0.07551625
2010-03-03,10.92,10.95,10.78,10.88,1587895.0,58149988.0,40000000.0,0.039697375
2010-03-04,10.87,10.94,10.26,10.27,2145287.0,76501792.0,40000000.0,0.053632175
2010-03-05,10.37,10.44,10.08,10.26,1341466.0,46610648.0,40000000.0,0.03353665
2010-03-08,10.37,10.49,10.29,10.35,1123982.0,39338504.0,40000000.0,0.02809955
2010-03-09,10.37,10.64,10.34,10.48,1555990.0,55174216.0,40000000.0,0.03889975
2010-03-10,10.51,10.88,10.51,10.63,1940173.0,70041864.0,40000000.0,0.048504325
2010-03-11,10.59,10.78,10.32,10.46,2091357.0,73861816.0,40000000.0,0.052283925
2010-03-12,10.46,10.73,10.38,10.43,1687615.0,60092096.0,40000000.0,0.042190375
2010-03-15,10.38,11.05,10.3,10.94,3746223.0,136048320.0,40000000.0,0.093655575
2010-03-16,10.83,11.06,10.72,10.91,2521159.0,92787104.0,40000000.0,0.063028975
2010-03-17,10.97,11.29,10.82,11.28,3112298.0,116508584.0,40000000.0,0.07780745
2010-03-18,11.28,11.32,11.12,11.17,2276021.0,85964464.0,40000000.0,0.056900525
2010-03-19,11.15,11.23,10.87,11.1,2250499.0,83771544.0,40000000.0,0.056262475
2010-03-22,11.12,11.35,10.91,11.23,2781780.0,104732896.0,40000000.0,0.0695445
2010-03-23,10.82,10.82,10.55,10.66,5610395.0,202558352.0,40000000.0,0.140259875
2010-03-24,10.65,10.88,10.58,10.72,3192648.0,115668080.0,40000000.0,0.0798162
2010-03-25,10.71,11.23,10.67,11.05,4906077.0,182031552.0,40000000.0,0.122651925
2010-03-26,11.06,11.11,10.84,11.02,2459529.0,91195136.0,40000000.0,0.061488225
2010-03-29,10.97,11.03,10.6,10.75,3573675.0,129884632.0,40000000.0,0.089341875
2010-03-30,10.76,10.88,10.73,10.86,1907407.0,69671984.0,40000000.0,0.047685175
2010-03-31,10.86,11.07,10.76,10.99,3006157.0,111141688.0,40000000.0,0.075153925
2010-04-01,11.05,11.25,11.03,11.2,3830994.0,143866608.0,40000000.0,0.09577485
2010-04-02,11.14,11.8,11.12,11.15,4509335.0,172874240.0,40000000.0,0.112733375
2010-04-06,11.2,11.55,11.0,11.53,4655925.0,177728000.0,40000000.0,0.116398125
2010-04-07,11.5,11.95,11.39,11.8,4977564.0,196932368.0,40000000.0,0.1244391
2010-04-08,11.72,11.85,11.5,11.6,3215746.0,126257768.0,40000000.0,0.08039365
2010-04-09,11.7,12.18,11.69,11.98,5570944.0,225965312.0,40000000.0,0.1392736
2010-04-12,12.01,12.64,11.89,12.63,6467652.0,270707968.0,40000000.0,0.1616913
2010-04-13,12.61,12.61,11.37,11.63,4938741.0,197908976.0,40000000.0,0.123468525
2010-04-14,11.56,11.68,11.27,11.52,2285644.0,88629232.0,40000000.0,0.0571411
2010-04-15,11.53,11.62,10.97,11.06,2851567.0,107625272.0,40000000.0,0.071289175
2010-04-19,11.1,11.25,10.87,10.87,2655278.0,99542296.0,40000000.0,0.06638195
2010-04-20,10.87,11.01,10.46,10.96,2499187.0,90554208.0,40000000.0,0.062479675
2010-04-21,10.99,11.46,10.91,11.36,2917205.0,110792400.0,40000000.0,0.072930125
2010-04-22,11.5,11.77,11.41,11.53,2665298.0,104580048.0,40000000.0,0.06663245
2010-04-23,11.53,11.76,11.31,11.32,1804865.0,69836304.0,40000000.0,0.045121625
2010-04-26,11.34,11.42,11.0,11.15,1646949.0,62183440.0,40000000.0,0.041173725
2010-04-27,11.12,11.12,10.58,10.72,1900871.0,68863288.0,40000000.0,0.047521775
2010-04-28,10.67,11.22,10.46,11.22,2151518.0,79065136.0,40000000.0,0.05378795
2010-04-29,11.2,11.37,10.98,11.23,2074165.0,78494192.0,40000000.0,0.051854125
2010-04-30,11.18,11.23,10.2,10.45,1920941.0,68331008.0,40000000.0,0.048023525
2010-05-04,10.17,10.58,10.1,10.37,700761.0,24601942.0,40000000.0,0.017519025
2010-05-05,10.37,11.03,10.24,10.97,1405408.0,50736456.0,40000000.0,0.0351352
2010-05-06,10.91,11.02,10.49,10.51,1167986.0,42496436.0,40000000.0,0.02919965
2010-05-07,10.23,10.95,10.2,10.69,1431122.0,51752928.0,40000000.0,0.03577805
2010-05-10,10.67,10.81,10.28,10.6,870337.0,31131438.0,40000000.0,0.021758425
2010-05-11,10.77,10.97,10.32,10.51,1550248.0,56152312.0,40000000.0,0.0387562
2010-05-12,10.37,10.43,9.78,9.99,1225807.0,41561700.0,40000000.0,0.030645175
2010-05-13,10.08,10.25,9.64,10.25,902850.0,30551194.0,40000000.0,0.02257125
2010-05-14,10.13,10.38,10.02,10.3,958162.0,32993186.0,40000000.0,0.02395405
2010-05-17,10.14,10.19,9.71,9.72,706919.0,23719390.0,40000000.0,0.017672975
2010-05-18,9.68,10.06,9.68,9.99,989743.0,33040912.0,40000000.0,0.024743575
2010-05-19,9.93,10.38,9.9,10.21,1118616.0,38326148.0,40000000.0,0.0279654
2010-05-20,10.08,10.32,9.93,9.95,700542.0,23838420.0,40000000.0,0.01751355
2010-05-21,9.76,10.24,9.6,10.22,781574.0,26460298.0,40000000.0,0.01953935
2010-05-24,10.31,10.6,10.26,10.55,1407611.0,49784824.0,40000000.0,0.035190275
2010-05-25,10.53,10.64,10.38,10.52,822630.0,29173462.0,40000000.0,0.02056575
2010-05-26,10.53,10.62,10.46,10.53,670672.0,23846192.0,40000000.0,0.0167668
2010-05-27,10.53,10.76,10.44,10.7,861546.0,30856196.0,40000000.0,0.02153865
2010-05-28,10.75,10.85,10.54,10.62,948398.0,34165772.0,40000000.0,0.02370995
2010-05-31,10.64,10.84,10.39,10.39,752522.0,26708398.0,40000000.0,0.01881305
2010-06-01,10.3,10.45,10.09,10.29,569205.0,19555220.0,40000000.0,0.014230125
2010-06-02,10.29,10.5,10.26,10.5,576448.0,20091326.0,40000000.0,0.0144112
2010-06-03,10.57,10.65,10.4,10.4,640354.0,22634700.0,40000000.0,0.01600885
2010-06-04,10.41,10.6,10.17,10.54,373802.0,13030200.0,40000000.0,0.00934505
2010-06-07,10.3,10.84,10.21,10.78,1149910.0,41164860.0,40000000.0,0.02874775
2010-06-08,10.75,11.28,10.72,11.01,1669727.0,61731656.0,40000000.0,0.041743175
2010-06-09,11.04,11.22,10.9,11.13,1377666.0,51059436.0,40000000.0,0.03444165
2010-06-10,11.04,11.19,11.04,11.09,891113.0,33179338.0,40000000.0,0.022277825
2010-06-11,11.16,11.19,10.92,10.93,893885.0,33012480.0,40000000.0,0.022347125
2010-06-17,10.93,11.13,10.78,10.85,668672.0,24626322.0,40000000.0,0.0167168
2010-06-18,10.81,10.9,10.45,10.48,945286.0,33790776.0,40000000.0,0.02363215
2010-06-21,10.56,10.74,10.24,10.65,577642.0,20409160.0,40000000.0,0.01444105
2010-06-22,10.68,10.76,10.57,10.61,691307.0,24625834.0,40000000.0,0.017282675
2010-06-23,10.61,10.75,10.43,10.48,514771.0,18234230.0,40000000.0,0.012869275
2010-06-24,10.41,10.75,10.41,10.68,678081.0,24215960.0,40000000.0,0.016952025
2010-06-25,10.63,10.68,10.35,10.49,448532.0,15778076.0,40000000.0,0.0112133
2010-06-28,10.38,10.48,9.94,10.0,795206.0,27016840.0,40000000.0,0.01988015
2010-06-29,10.02,10.12,9.43,9.47,817536.0,26441268.0,40000000.0,0.0204384
2010-06-30,9.46,9.58,9.35,9.5,528992.0,16778210.0,40000000.0,0.0132248
2010-07-01,9.5,9.64,9.26,9.3,524336.0,16608748.0,40000000.0,0.0131084
2010-07-02,9.37,9.48,8.51,8.62,2144660.0,62665024.0,40000000.0,0.0536165
2010-07-05,8.54,8.54,8.24,8.36,901436.0,25338464.0,40000000.0,0.0225359
2010-07-06,8.3,8.6,8.3,8.55,721185.0,20574470.0,40000000.0,0.018029625
2010-07-07,8.62,8.63,8.36,8.51,1329126.0,37701720.0,40000000.0,0.03322815
2010-07-08,8.61,8.63,8.37,8.47,1268610.0,36160716.0,40000000.0,0.03171525
2010-07-09,8.45,8.82,8.44,8.75,1655411.0,47896516.0,40000000.0,0.041385275
2010-07-12,8.75,8.85,8.68,8.84,1341677.0,39382024.0,40000000.0,0.033541925
2010-07-13,8.75,8.75,8.48,8.59,1100351.0,31715046.0,40000000.0,0.027508775
2010-07-14,8.61,9.45,8.61,9.12,2743257.0,83410248.0,40000000.0,0.068581425
2010-07-15,8.99,9.11,8.89,8.93,1149829.0,34706448.0,40000000.0,0.028745725
2010-07-16,8.89,9.07,8.72,9.01,801120.0,23759212.0,40000000.0,0.020028
2010-07-19,8.9,9.12,8.83,9.11,818764.0,24671638.0,40000000.0,0.0204691
2010-07-20,9.1,9.31,9.01,9.31,1017965.0,31391232.0,40000000.0,0.025449125
2010-07-21,9.3,9.34,9.12,9.19,888032.0,27459738.0,40000000.0,0.0222008
2010-07-22,9.17,9.25,9.04,9.25,1176658.0,36058624.0,40000000.0,0.02941645
2010-07-23,9.24,9.24,9.09,9.22,950674.0,29235066.0,40000000.0,0.02376685
2010-07-26,9.22,9.4,9.16,9.28,740491.0,23062000.0,40000000.0,0.018512275
2010-07-27,9.28,9.35,9.19,9.24,813306.0,25221004.0,40000000.0,0.02033265
2010-07-28,9.24,9.37,9.13,9.35,1247650.0,38846732.0,40000000.0,0.03119125
2010-07-29,9.4,9.61,9.36,9.49,1447019.0,46046092.0,40000000.0,0.036175475
2010-07-30,9.5,9.58,9.4,9.49,588321.0,18678318.0,40000000.0,0.014708025
2010-08-02,9.49,9.64,9.44,9.63,857054.0,27509494.0,40000000.0,0.02142635
2010-08-03,9.69,9.84,9.54,9.54,1241309.0,40334012.0,40000000.0,0.031032725
2010-08-04,9.48,9.63,9.25,9.5,876006.0,27616530.0,40000000.0,0.02190015
2010-08-05,9.5,9.55,9.41,9.43,775506.0,24631372.0,40000000.0,0.01938765
2010-08-06,9.44,9.76,9.43,9.73,1119176.0,36023556.0,40000000.0,0.0279794
2010-08-09,9.73,10.06,9.69,10.03,1137041.0,37817060.0,40000000.0,0.028426025
2010-08-10,10.0,10.1,9.76,9.76,1046659.0,34856356.0,40000000.0,0.026166475
2010-08-11,9.75,9.99,9.74,9.98,601003.0,19922892.0,40000000.0,0.015025075
2010-08-12,9.79,9.9,9.69,9.76,1159600.0,38134660.0,40000000.0,0.02899
2010-08-13,9.85,10.01,9.76,9.97,911693.0,30226718.0,40000000.0,0.022792325
2010-08-16,9.99,10.37,9.88,10.3,1459986.0,50083708.0,40000000.0,0.03649965
2010-08-17,10.3,10.38,10.17,10.3,1149827.0,39559680.0,40000000.0,0.028745675
2010-08-18,10.3,10.31,10.03,10.11,1152172.0,39046100.0,40000000.0,0.0288043
2010-08-19,10.11,10.28,10.08,10.09,958087.0,32626648.0,40000000.0,0.023952175
2010-08-20,10.03,10.04,9.53,9.58,1616612.0,52862544.0,40000000.0,0.0404153
2010-08-23,9.58,9.76,9.58,9.63,678567.0,22001518.0,82000000.0,0.008275207317073171
2010-08-24,9.64,9.85,9.63,9.82,786786.0,25757006.0,82000000.0,0.009594951219512196
2010-08-25,9.72,9.88,9.46,9.5,674932.0,21865572.0,82000000.0,0.008230878048780487
2010-08-26,9.55,9.71,9.48,9.6,862621.0,27569622.0,82000000.0,0.010519768292682927
2010-08-27,9.58,9.9,9.55,9.89,842107.0,27580470.0,82000000.0,0.01026959756097561
2010-08-30,9.9,10.3,9.9,10.24,1229284.0,41935160.0,82000000.0,0.014991268292682927
2010-08-31,10.24,10.69,10.16,10.62,2007777.0,71352336.0,82000000.0,0.02448508536585366
2010-09-01,10.51,10.85,10.51,10.73,2058852.0,73589856.0,82000000.0,0.025107951219512196
2010-09-02,10.79,10.98,10.6,10.81,1547269.0,56019960.0,82000000.0,0.018869134146341462
2010-09-03,10.78,10.9,10.6,10.65,1518634.0,54225172.0,82000000.0,0.018519926829268292
2010-09-06,10.69,10.87,10.45,10.46,926056.0,32796148.0,82000000.0,0.011293365853658536
2010-09-07,10.44,10.83,10.39,10.76,823689.0,29370502.0,82000000.0,0.01004498780487805
2010-09-08,10.57,10.92,10.57,10.88,942324.0,34132064.0,82000000.0,0.011491756097560975
2010-09-09,10.94,11.01,10.51,10.52,949327.0,33984960.0,82000000.0,0.011577158536585365
2010-09-10,10.52,10.58,10.3,10.45,654569.0,22907084.0,82000000.0,0.007982548780487805
2010-09-13,10.46,10.75,10.46,10.68,555372.0,19826968.0,82000000.0,0.0067728292682926825
2010-09-14,10.68,11.19,10.64,11.15,2786044.0,102897888.0,82000000.0,0.03397614634146341
2010-09-15,11.16,11.33,10.84,10.96,1384511.0,51601816.0,82000000.0,0.016884280487804878
2010-09-16,11.04,11.04,10.51,10.81,1145894.0,41142364.0,82000000.0,0.013974317073170732
2010-09-20,10.77,10.83,10.5,10.78,522018.0,18717826.0,82000000.0,0.006366073170731707
2010-09-21,10.77,10.9,10.77,10.79,259832.0,9410011.0,82000000.0,0.003168682926829268
2010-09-27,10.84,10.98,10.81,10.96,502702.0,18383338.0,82000000.0,0.006130512195121951
2010-09-28,10.96,11.04,10.78,10.78,492091.0,17992722.0,82000000.0,0.0060011097560975606
2010-09-29,10.86,10.88,10.41,10.45,743000.0,26263916.0,82000000.0,0.009060975609756097
2010-09-30,10.38,10.56,10.36,10.48,536358.0,18784952.0,82000000.0,0.0065409512195121955
2010-10-08,10.58,10.77,10.54,10.69,419938.0,15020402.0,82000000.0,0.005121195121951219
2010-10-11,10.69,10.78,10.42,10.45,928390.0,32641290.0,82000000.0,0.011321829268292683
2010-10-12,10.39,10.54,10.39,10.41,647741.0,22676256.0,82000000.0,0.007899280487804878
2010-10-13,10.45,10.56,10.33,10.55,594971.0,20829462.0,82000000.0,0.007255743902439025
2010-10-14,10.6,10.64,10.24,10.25,634204.0,22072624.0,82000000.0,0.007734195121951219
2010-10-15,10.21,10.39,10.05,10.12,664439.0,22704168.0,82000000.0,0.00810291463414634
2010-10-18,10.11,10.11,9.46,9.71,840168.0,27315736.0,82000000.0,0.010245951219512195
2010-10-19,9.71,10.49,9.61,10.35,845712.0,29101254.0,82000000.0,0.010313560975609756
2010-10-20,10.22,10.49,10.15,10.29,621700.0,21470804.0,82000000.0,0.007581707317073171
2010-10-21,10.24,10.39,10.04,10.09,554721.0,18888464.0,82000000.0,0.006764890243902439
2010-10-22,10.09,10.5,10.09,10.45,1106284.0,38433040.0,82000000.0,0.013491268292682927
2010-10-25,10.53,10.81,10.53,10.66,983320.0,35201108.0,82000000.0,0.01199170731707317
2010-10-26,10.64,10.88,10.52,10.74,1252864.0,44916172.0,82000000.0,0.015278829268292682
2010-10-27,10.75,10.93,10.55,10.61,844043.0,30294222.0,82000000.0,0.01029320731707317
2010-10-28,10.52,10.82,10.51,10.74,963510.0,34510376.0,82000000.0,0.011750121951219512
2010-10-29,10.79,11.1,10.74,11.08,1675774.0,61531696.0,82000000.0,0.020436268292682927
2010-11-01,11.24,11.58,11.22,11.35,2198841.0,83966448.0,82000000.0,0.026815134146341464
2010-11-02,11.25,11.45,11.1,11.11,1265737.0,47733064.0,82000000.0,0.015435817073170731
2010-11-03,11.04,11.37,10.94,10.96,1002298.0,37396820.0,82000000.0,0.012223146341463414
2010-11-04,10.96,11.81,10.96,11.56,2023494.0,78031368.0,82000000.0,0.024676756097560974
2010-11-05,11.73,12.1,11.53,11.94,2337554.0,93325968.0,82000000.0,0.028506756097560974
2010-11-08,11.94,12.08,11.72,11.94,1485950.0,59255500.0,82000000.0,0.018121341463414636
2010-11-09,11.94,12.17,11.85,12.17,1494094.0,60128040.0,82000000.0,0.018220658536585367
2010-11-10,12.17,12.43,11.97,11.98,1421875.0,58130144.0,82000000.0,0.017339939024390245
2010-11-11,11.97,12.06,11.64,11.64,1429276.0,57068324.0,82000000.0,0.01743019512195122
2010-11-12,11.73,11.78,11.08,11.08,1348911.0,51575860.0,82000000.0,0.016450134146341465
2010-11-15,11.22,11.9,11.22,11.9,908924.0,35085104.0,82000000.0,0.011084439024390243
2010-11-16,11.91,12.37,11.38,11.69,1728481.0,69317064.0,82000000.0,0.021079036585365852
2010-11-17,11.49,11.78,11.31,11.41,951899.0,36780352.0,82000000.0,0.011608524390243902
2010-11-18,11.7,12.44,11.49,12.24,1660368.0,66548292.0,82000000.0,0.020248390243902438
2010-11-19,12.32,13.06,12.12,13.04,3111799.0,133284600.0,82000000.0,0.03794876829268293
2010-11-22,12.96,14.34,12.85,13.89,4062207.0,189191792.0,82000000.0,0.049539109756097564
2010-11-23,13.7,13.97,13.16,13.73,3518830.0,160542160.0,82000000.0,0.042912560975609755
2010-11-24,13.87,13.87,13.38,13.78,1764105.0,80560984.0,82000000.0,0.021513475609756097
2010-11-25,13.78,14.08,13.13,13.28,2207510.0,99697680.0,82000000.0,0.026920853658536584
2010-11-26,13.25,13.35,12.9,13.09,1941877.0,85546272.0,82000000.0,0.02368142682926829
2010-11-29,13.0,13.31,13.0,13.21,2152105.0,94774464.0,82000000.0,0.02624518292682927
2010-11-30,13.26,13.31,12.13,12.59,2902964.0,122128864.0,82000000.0,0.035402
2010-12-01,12.48,13.85,12.41,13.77,3711888.0,165700848.0,82000000.0,0.04526692682926829
2010-12-02,13.82,13.88,13.43,13.55,2022720.0,92251640.0,82000000.0,0.02466731707317073
2010-12-03,13.52,13.58,12.93,13.1,1029975.0,45465368.0,82000000.0,0.012560670731707317
2010-12-09,13.37,13.99,12.87,12.99,3384412.0,150861776.0,82000000.0,0.04127331707317073
2010-12-10,13.01,13.52,12.63,13.44,1808343.0,80453944.0,82000000.0,0.022052963414634145
2010-12-13,13.58,14.37,13.48,14.33,2720545.0,128052168.0,82000000.0,0.03317737804878049
2010-12-14,14.22,14.39,14.06,14.35,1567027.0,74590424.0,82000000.0,0.01911008536585366
2010-12-15,14.28,15.22,14.21,14.66,2157194.0,107217992.0,82000000.0,0.026307243902439024
2010-12-16,14.66,14.92,14.54,14.71,834634.0,41152152.0,82000000.0,0.010178463414634147
2010-12-17,14.67,14.67,14.36,14.51,773486.0,37592220.0,82000000.0,0.009432756097560975
2010-12-20,14.36,14.57,14.0,14.43,1005829.0,48170368.0,82000000.0,0.012266207317073171
2010-12-21,14.43,14.72,14.33,14.69,650260.0,31766066.0,82000000.0,0.00793
2010-12-22,14.69,14.87,14.47,14.67,605233.0,29536512.0,82000000.0,0.007380890243902439
2010-12-23,14.57,14.68,13.91,14.0,714244.0,34199056.0,82000000.0,0.00871029268292683
2010-12-24,13.96,14.21,13.43,14.11,1157814.0,53506808.0,82000000.0,0.014119682926829268
2010-12-27,13.97,14.28,13.4,13.53,867289.0,40212012.0,82000000.0,0.010576695121951219
2010-12-28,13.41,13.53,12.99,13.14,692265.0,30491222.0,82000000.0,0.008442256097560975
2010-12-29,13.13,13.37,13.09,13.34,406590.0,18011056.0,82000000.0,0.004958414634146342
2010-12-30,13.33,13.39,12.84,13.3,642920.0,28504150.0,82000000.0,0.007840487804878048
2010-12-31,13.3,13.77,13.28,13.7,579113.0,26370890.0,82000000.0,0.007062353658536585
2011-01-04,13.73,13.88,13.43,13.82,589697.0,26950818.0,82000000.0,0.007191426829268293
2011-01-05,13.73,14.45,13.58,14.33,935156.0,43937088.0,82000000.0,0.011404341463414635
2011-01-06,14.3,14.3,13.7,13.84,618869.0,28964044.0,82000000.0,0.007547182926829268
2011-01-07,13.93,14.23,13.7,13.87,523990.0,24546260.0,82000000.0,0.006390121951219512
2011-01-10,13.87,13.87,12.84,13.07,1357645.0,59910908.0,82000000.0,0.016556646341463414
2011-01-11,12.84,13.01,12.63,12.74,652320.0,27948118.0,82000000.0,0.007955121951219512
2011-01-12,12.85,13.07,12.67,12.78,448012.0,19293474.0,82000000.0,0.005463560975609756
2011-01-13,12.87,12.99,12.72,12.76,326549.0,14058131.0,82000000.0,0.00398230487804878
2011-01-14,12.72,12.88,11.48,11.48,2425850.0,96234632.0,82000000.0,0.029583536585365854
2011-01-17,11.47,11.68,11.25,11.33,1165413.0,44516540.0,82000000.0,0.014212353658536585
2011-01-18,11.19,11.63,11.19,11.52,618559.0,23842118.0,82000000.0,0.00754340243902439
2011-01-19,11.5,11.77,11.44,11.76,1023909.0,39872944.0,82000000.0,0.012486695121951219
2011-01-20,11.77,11.88,11.58,11.76,915409.0,35966408.0,82000000.0,0.011163524390243902
2011-01-21,11.76,12.01,11.65,11.94,379505.0,15089878.0,82000000.0,0.004628109756097561
2011-01-24,11.88,12.01,11.31,11.35,399459.0,15488447.0,82000000.0,0.0048714512195121955
2011-01-25,11.21,11.45,10.6,10.66,494534.0,18006932.0,82000000.0,0.00603090243902439
2011-01-26,10.66,11.19,10.66,10.98,333548.0,12257210.0,82000000.0,0.004067658536585366
2011-01-27,11.1,11.18,10.9,11.08,1587843.0,58827284.0,82000000.0,0.019363939024390243
2011-01-28,11.31,11.31,11.08,11.11,799237.0,29830406.0,82000000.0,0.009746792682926829
2011-01-31,11.13,11.3,10.93,11.26,781736.0,29128236.0,82000000.0,0.009533365853658536
2011-02-01,11.24,11.7,11.24,11.61,876147.0,33976300.0,82000000.0,0.010684719512195122
2011-02-09,11.61,12.39,11.49,12.06,1559439.0,62855600.0,82000000.0,0.019017548780487805
2011-02-10,11.95,12.24,11.93,12.21,886213.0,36033632.0,82000000.0,0.010807475609756097
2011-02-11,12.23,12.74,12.21,12.71,1304089.0,55107284.0,82000000.0,0.015903524390243902
2011-02-14,12.71,13.08,12.6,12.98,1421728.0,61218584.0,82000000.0,0.017338146341463415
2011-02-15,12.97,13.22,12.71,13.04,1704743.0,73894768.0,82000000.0,0.020789548780487804
2011-02-16,12.84,13.48,12.84,13.46,1411628.0,62798960.0,82000000.0,0.017214975609756097
2011-02-17,13.94,14.65,13.13,13.43,2548534.0,117774432.0,82000000.0,0.031079682926829267
2011-02-18,13.16,13.54,13.12,13.13,860453.0,38101976.0,82000000.0,0.010493329268292682
2011-02-21,13.24,14.06,13.17,14.0,1377397.0,63147508.0,82000000.0,0.0167975243902439
2011-02-22,13.85,14.46,13.73,14.09,3024927.0,144514576.0,82000000.0,0.036889353658536586
2011-02-23,13.87,14.45,13.87,14.35,1054582.0,50425304.0,82000000.0,0.012860756097560976
2011-02-24,14.23,14.25,13.52,13.88,1791358.0,82712576.0,82000000.0,0.021845829268292684
2011-02-25,13.16,13.88,12.73,13.75,3433847.0,151145216.0,82000000.0,0.04187618292682927
2011-02-28,13.7,13.87,13.29,13.71,1513952.0,69139264.0,82000000.0,0.018462829268292683
2011-03-01,13.76,13.84,13.34,13.43,1295919.0,58701204.0,82000000.0,0.015803890243902437
2011-03-02,13.43,13.52,13.12,13.45,557657.0,24803294.0,82000000.0,0.00680069512195122
2011-03-03,13.43,13.48,12.84,12.9,1342091.0,58561980.0,82000000.0,0.016366963414634145
2011-03-04,12.9,13.08,12.78,12.9,576967.0,24883136.0,82000000.0,0.007036182926829268
2011-03-07,12.9,13.18,12.78,13.16,1297957.0,56188916.0,82000000.0,0.015828743902439026
2011-03-08,13.13,13.33,13.02,13.26,1081028.0,47823352.0,82000000.0,0.013183268292682926
2011-03-09,13.37,13.37,13.13,13.31,878523.0,38940892.0,82000000.0,0.010713695121951219
2011-03-10,13.28,13.28,13.1,13.15,385558.0,17043514.0,82000000.0,0.004701926829268292
2011-03-11,13.15,13.37,13.1,13.13,466078.0,20635480.0,82000000.0,0.005683878048780488
2011-03-14,13.13,13.24,12.74,13.08,1140481.0,49219220.0,82000000.0,0.013908304878048781
2011-03-15,13.25,13.25,12.54,12.93,886411.0,38173280.0,82000000.0,0.010809890243902439
2011-03-16,12.93,13.06,12.84,13.04,480473.0,20822980.0,82000000.0,0.005859426829268293
2011-03-17,12.98,12.98,12.5,12.54,910589.0,38600096.0,82000000.0,0.011104743902439025
2011-03-21,12.52,12.65,12.25,12.35,789623.0,32806172.0,82000000.0,0.009629548780487805
2011-03-22,12.43,12.43,11.94,12.27,564921.0,23158678.0,82000000.0,0.006889280487804878
2011-03-23,12.27,12.69,12.27,12.6,1082186.0,45627176.0,82000000.0,0.01319739024390244
2011-03-24,12.58,12.72,12.51,12.56,298558.0,12601557.0,82000000.0,0.0036409512195121952
2011-03-25,12.55,12.64,12.2,12.27,701263.0,28873674.0,82000000.0,0.008551987804878048
2011-03-28,12.27,12.37,12.04,12.1,367359.0,14995847.0,82000000.0,0.004479987804878049
2011-03-29,12.13,12.13,11.41,11.62,1102327.0,43358364.0,82000000.0,0.01344301219512195
2011-03-30,11.67,11.85,11.49,11.6,597324.0,23334166.0,82000000.0,0.0072844390243902435
2011-03-31,11.55,11.76,11.49,11.64,506706.0,19805970.0,82000000.0,0.0061793414634146344
2011-04-01,11.58,11.9,11.54,11.82,557113.0,22025980.0,82000000.0,0.006794060975609756
2011-04-06,11.84,11.94,11.31,11.44,1266660.0,48470160.0,82000000.0,0.015447073170731707
2011-04-07,11.44,11.62,11.21,11.59,643008.0,24510410.0,82000000.0,0.007841560975609755
2011-04-08,11.45,11.77,11.45,11.71,639459.0,24887450.0,82000000.0,0.007798280487804878
2011-04-11,11.66,11.72,11.13,11.16,1892255.0,72009872.0,82000000.0,0.023076280487804877
2011-04-12,11.28,11.34,11.13,11.22,812920.0,30470500.0,82000000.0,0.009913658536585365
2011-04-13,11.2,11.4,11.2,11.38,528997.0,20045140.0,82000000.0,0.0064511829268292685
2011-04-14,11.4,11.48,11.25,11.31,576931.0,21981684.0,82000000.0,0.007035743902439024
2011-04-15,11.31,11.37,11.17,11.27,476315.0,17935480.0,82000000.0,0.005808719512195122
2011-04-18,11.19,11.45,11.16,11.43,635036.0,24108788.0,82000000.0,0.007744341463414634
2011-04-19,11.43,11.45,11.29,11.45,932519.0,35483668.0,82000000.0,0.011372182926829268
2011-04-20,11.46,11.71,11.46,11.67,851538.0,33196802.0,82000000.0,0.01038460975609756
2011-04-21,11.67,11.84,11.55,11.61,788310.0,30775630.0,82000000.0,0.009613536585365854
2011-04-22,11.64,11.69,11.19,11.34,624646.0,24033518.0,82000000.0,0.007617634146341463
2011-04-25,11.19,11.19,10.5,10.72,1102337.0,39724992.0,82000000.0,0.013443134146341464
2011-04-26,10.89,10.89,10.36,10.74,556664.0,19989804.0,82000000.0,0.006788585365853659
2011-04-27,10.73,10.74,10.42,10.54,746386.0,26324390.0,82000000.0,0.009102268292682927
2011-04-28,10.58,10.58,10.0,10.23,972702.0,33424188.0,82000000.0,0.011862219512195122
2011-04-29,10.15,10.24,10.15,10.21,286315.0,9763755.0,82000000.0,0.0034916463414634146
2011-05-03,10.26,10.33,10.02,10.33,301951.0,10346231.0,82000000.0,0.003682329268292683
2011-05-04,10.33,10.46,10.17,10.34,505443.0,17556402.0,82000000.0,0.0061639390243902435
2011-05-05,10.3,10.68,10.3,10.35,341100.0,11938329.0,82000000.0,0.0041597560975609755
2011-05-06,10.33,10.48,10.3,10.45,376221.0,13111001.0,82000000.0,0.004588060975609756
2011-05-09,10.39,10.98,10.39,10.9,767557.0,27849584.0,82000000.0,0.009360451219512195
2011-05-10,10.93,10.98,10.84,10.91,267131.0,9749563.0,82000000.0,0.0032576951219512196
2011-05-11,10.91,11.3,10.9,11.18,573174.0,21386402.0,82000000.0,0.0069899268292682925
2011-05-12,11.07,11.17,10.78,10.81,554444.0,20392240.0,82000000.0,0.0067615121951219515
2011-05-13,10.81,10.91,10.66,10.91,267640.0,9644605.0,82000000.0,0.00326390243902439
2011-05-16,10.93,11.79,10.9,11.38,1540329.0,58596948.0,82000000.0,0.0187845
2011-05-17,11.34,11.51,11.19,11.23,442425.0,16646772.0,82000000.0,0.005395426829268293
2011-05-18,11.17,11.18,10.97,11.17,332588.0,12273834.0,82000000.0,0.004055951219512195
2011-05-19,11.17,11.37,11.08,11.09,181216.0,6761740.0,82000000.0,0.0022099512195121952
2011-05-20,11.09,11.21,11.0,11.12,157465.0,5801027.0,82000000.0,0.0019203048780487804
2011-05-23,11.12,11.24,10.61,10.62,266652.0,9623699.0,82000000.0,0.0032518536585365854
2011-05-24,10.62,10.64,10.37,10.62,178379.0,6245262.0,82000000.0,0.002175353658536585
2011-05-25,10.43,10.97,10.43,10.46,255949.0,9076469.0,82000000.0,0.0031213292682926827
2011-05-27,10.37,10.52,10.22,10.45,262204.0,9032960.0,82000000.0,0.003197609756097561
2011-05-30,10.34,10.75,10.22,10.75,333430.0,11697846.0,82000000.0,0.004066219512195122
2011-05-31,10.75,10.81,10.52,10.75,336872.0,11932654.0,82000000.0,0.004108195121951219
2011-06-01,10.73,10.93,10.63,10.92,206934.0,7433907.0,82000000.0,0.0025235853658536586
2011-06-02,10.76,10.9,10.58,10.65,211833.0,7539361.0,82000000.0,0.002583329268292683
2011-06-03,10.72,10.86,10.59,10.76,145292.0,5206357.0,82000000.0,0.0017718536585365854
2011-06-07,10.67,10.85,10.62,10.79,123597.0,4441002.0,82000000.0,0.001507280487804878
2011-06-08,10.68,10.97,10.68,10.96,297118.0,10767640.0,82000000.0,0.003623390243902439
2011-06-09,10.91,11.06,10.68,10.68,224501.0,8094402.0,82000000.0,0.0027378170731707317
2011-06-10,10.67,10.69,10.32,10.47,262446.0,9132823.0,82000000.0,0.003200560975609756
2011-06-13,10.44,10.44,10.17,10.3,242732.0,8291622.0,82000000.0,0.0029601463414634147
2011-06-14,10.24,10.52,10.23,10.52,348582.0,12052696.0,82000000.0,0.004251
2011-06-15,10.52,11.0,10.41,10.7,552447.0,19736558.0,82000000.0,0.006737158536585366
2011-06-16,10.63,10.67,10.49,10.53,439831.0,15457326.0,82000000.0,0.005363792682926829
2011-06-17,10.43,10.58,10.37,10.37,199144.0,6939735.0,82000000.0,0.0024285853658536586
2011-06-20,10.36,10.44,9.97,10.07,234875.0,8010273.0,82000000.0,0.002864329268292683
2011-06-21,10.34,10.34,9.06,9.3,1283239.0,40041160.0,82000000.0,0.015649256097560977
2011-06-22,9.28,9.28,8.84,8.98,1811710.0,53942568.0,82000000.0,0.022094024390243903
2011-06-23,8.98,9.34,8.9,9.26,687015.0,20820342.0,82000000.0,0.008378231707317073
2011-06-24,9.24,9.5,9.22,9.45,1058727.0,32963572.0,82000000.0,0.01291130487804878
2011-06-27,9.33,9.87,9.33,9.71,1003936.0,32277080.0,82000000.0,0.012243121951219512
2011-06-28,9.74,9.77,9.53,9.76,651148.0,20898376.0,82000000.0,0.007940829268292683
2011-06-29,9.64,9.77,9.59,9.59,578424.0,18557308.0,82000000.0,0.007053951219512195
2011-06-30,9.67,9.84,9.56,9.71,888411.0,28752380.0,82000000.0,0.010834280487804878
2011-07-15,10.31,10.68,10.13,10.68,6164756.0,215430544.0,82000000.0,0.0751799512195122
2011-07-18,10.95,11.34,10.93,11.12,3910553.0,144504096.0,82000000.0,0.047689670731707316
2011-07-19,11.08,11.08,10.76,10.81,3039440.0,109762800.0,82000000.0,0.037066341463414636
2011-07-20,10.82,10.99,10.73,10.83,1389050.0,50246004.0,82000000.0,0.016939634146341462
2011-07-21,10.75,10.91,10.56,10.81,722132.0,25758112.0,82000000.0,0.00880648780487805
2011-07-22,10.81,10.92,10.62,10.89,712987.0,25633248.0,82000000.0,0.008694963414634146
2011-07-25,10.85,10.89,9.92,10.27,1053788.0,36837352.0,82000000.0,0.012851073170731708
2011-07-26,10.22,10.35,10.07,10.19,814588.0,27739242.0,82000000.0,0.009934
2011-07-27,10.22,10.73,10.1,10.7,842103.0,29372920.0,82000000.0,0.010269548780487804
2011-07-28,10.67,11.06,10.48,10.96,878863.0,31588848.0,82000000.0,0.010717841463414634
2011-07-29,10.84,11.0,10.82,10.99,986991.0,35914412.0,82000000.0,0.012036475609756098
2011-08-01,10.82,11.21,10.82,11.18,1077802.0,39862012.0,82000000.0,0.013143926829268293
2011-08-02,11.1,11.49,10.95,11.39,1285223.0,48343072.0,82000000.0,0.015673451219512195
2011-08-03,11.33,11.38,11.15,11.23,631226.0,23660550.0,82000000.0,0.0076978780487804875
2011-08-04,11.26,11.26,10.93,11.02,908762.0,33384716.0,82000000.0,0.011082463414634147
2011-08-05,10.55,11.68,10.54,11.21,1567741.0,58457244.0,82000000.0,0.01911879268292683
2011-08-08,11.03,11.17,10.61,11.06,835547.0,30589500.0,82000000.0,0.01018959756097561
2011-08-09,10.82,11.16,10.43,11.13,1279590.0,45772704.0,82000000.0,0.015604756097560976
2011-08-10,11.38,11.48,11.12,11.16,1466902.0,55355244.0,82000000.0,0.017889048780487804
2011-08-11,11.08,11.27,10.93,11.22,1248871.0,45765776.0,82000000.0,0.015230134146341463
2011-08-12,11.26,11.84,11.26,11.8,2533196.0,98386856.0,82000000.0,0.030892634146341462
2011-08-15,11.7,11.96,11.48,11.92,2615117.0,101863696.0,82000000.0,0.03189167073170732
2011-08-16,11.92,12.06,11.69,11.76,2173905.0,86235728.0,82000000.0,0.026511036585365855
2011-08-17,11.75,11.77,11.51,11.54,892245.0,34700952.0,82000000.0,0.010881036585365853
2011-08-18,11.54,11.69,11.42,11.46,464840.0,17850642.0,82000000.0,0.005668780487804878
2011-08-19,11.27,11.39,10.98,11.36,913325.0,34209164.0,82000000.0,0.011138109756097562
2011-08-22,11.38,11.39,11.12,11.14,355644.0,13379304.0,82000000.0,0.004337121951219512
2011-08-23,11.27,11.39,11.12,11.39,352312.0,13172617.0,82000000.0,0.004296487804878049
2011-08-24,11.48,11.69,11.4,11.55,591919.0,22865438.0,82000000.0,0.007218524390243903
2011-08-25,11.67,11.78,11.52,11.68,606193.0,23473106.0,82000000.0,0.00739259756097561
2011-08-26,11.64,11.72,11.52,11.56,340896.0,13158380.0,82000000.0,0.004157268292682927
2011-08-29,11.54,11.58,11.42,11.47,294559.0,11272327.0,82000000.0,0.0035921829268292685
2011-08-30,11.48,11.63,11.39,11.4,453001.0,17401892.0,82000000.0,0.00552440243902439
2011-08-31,11.28,11.41,10.82,10.97,823466.0,30282490.0,82000000.0,0.010042268292682927
2011-09-01,11.1,11.17,10.87,10.9,373513.0,13631863.0,82000000.0,0.004555036585365854
2011-09-02,10.9,11.01,10.81,10.82,189170.0,6838094.0,82000000.0,0.002306951219512195
2011-09-05,10.73,10.73,10.31,10.52,522689.0,18340968.0,82000000.0,0.006374256097560976
2011-09-06,10.52,10.71,10.38,10.45,503545.0,17583970.0,82000000.0,0.00614079268292683
2011-09-07,10.6,10.67,10.52,10.61,460830.0,16233053.0,82000000.0,0.0056198780487804875
2011-09-08,10.65,10.78,10.55,10.55,349900.0,12460441.0,82000000.0,0.004267073170731707
2011-09-09,10.37,10.74,10.37,10.61,99156.0,3484237.0,82000000.0,0.001209219512195122
2011-09-13,10.61,10.67,10.34,10.57,153137.0,5364281.0,82000000.0,0.0018675243902439025
2011-09-14,10.74,10.74,10.46,10.71,105778.0,3739766.0,82000000.0,0.0012899756097560975
2011-09-15,10.71,10.81,10.64,10.77,198350.0,7086694.0,82000000.0,0.0024189024390243903
2011-09-16,10.79,10.87,10.76,10.78,177363.0,6373943.0,82000000.0,0.0021629634146341464
2011-09-19,10.64,10.78,10.54,10.54,200121.0,7061842.0,82000000.0,0.0024405
2011-09-20,10.7,10.77,10.4,10.6,421344.0,14918898.0,82000000.0,0.005138341463414634
2011-09-21,10.6,10.89,10.43,10.81,525585.0,18712902.0,82000000.0,0.006409573170731707
2011-09-22,10.77,11.08,10.71,10.82,478424.0,17371484.0,82000000.0,0.005834439024390244
2011-09-23,10.66,10.82,10.46,10.73,211928.0,7524615.0,82000000.0,0.0025844878048780487
2011-09-26,10.67,10.94,10.5,10.52,383605.0,13571245.0,82000000.0,0.004678109756097561
2011-09-27,10.65,10.65,10.1,10.34,423038.0,14593865.0,82000000.0,0.005159
2011-09-28,10.28,10.42,10.12,10.19,233830.0,7926964.0,82000000.0,0.0028515853658536584
2011-09-29,10.19,10.31,10.02,10.16,211716.0,7135324.0,82000000.0,0.0025819024390243903
2011-09-30,10.21,10.33,10.12,10.2,85722.0,2915859.0,82000000.0,0.001045390243902439
2011-10-10,10.2,10.39,10.09,10.12,89400.0,3036857.0,82000000.0,0.0010902439024390244
2011-10-11,10.35,10.37,9.72,9.92,340498.0,11575398.0,82000000.0,0.0041524146341463414
2011-10-12,9.97,10.22,9.94,10.17,269139.0,9042613.0,82000000.0,0.003282182926829268
2011-10-13,10.21,10.64,10.19,10.51,590625.0,20583116.0,82000000.0,0.007202743902439025
2011-10-14,10.51,10.52,10.32,10.45,216510.0,7520027.0,82000000.0,0.0026403658536585366
2011-10-17,10.57,10.81,10.47,10.64,260755.0,9260635.0,82000000.0,0.003179939024390244
2011-10-18,10.44,10.64,10.43,10.46,298772.0,10453251.0,82000000.0,0.0036435609756097563
2011-10-19,10.51,10.51,10.32,10.34,244902.0,8469475.0,82000000.0,0.002986609756097561
2011-10-20,10.31,10.32,9.86,9.92,257904.0,8657637.0,82000000.0,0.003145170731707317
2011-10-21,9.8,10.16,9.8,9.92,227688.0,7598125.0,82000000.0,0.002776682926829268
2011-10-24,9.92,9.92,9.62,9.76,621265.0,20185414.0,82000000.0,0.00757640243902439
2011-10-25,9.99,10.05,9.79,9.99,245165.0,8096767.0,82000000.0,0.0029898170731707317
2011-10-26,9.95,10.25,9.92,10.22,381706.0,12897480.0,82000000.0,0.004654951219512195
2011-10-27,10.12,10.35,10.1,10.16,169415.0,5785068.0,82000000.0,0.0020660365853658537
2011-10-28,10.31,10.45,10.23,10.28,209000.0,7185988.0,82000000.0,0.002548780487804878
2011-10-31,10.46,10.46,10.22,10.38,249640.0,8581622.0,82000000.0,0.003044390243902439
2011-11-01,10.28,10.64,10.28,10.55,454287.0,15978183.0,82000000.0,0.005540085365853658
2011-11-02,10.48,11.28,10.46,11.06,740105.0,26707806.0,82000000.0,0.009025670731707318
2011-11-03,11.15,11.4,10.91,10.91,483443.0,17934550.0,82000000.0,0.005895646341463415
2011-11-04,11.12,11.12,10.91,10.95,344776.0,12653977.0,82000000.0,0.004204585365853658
2011-11-07,10.85,11.12,10.85,11.03,180907.0,6658675.0,82000000.0,0.0022061829268292684
2011-11-08,11.0,11.18,10.76,10.88,233488.0,8505085.0,82000000.0,0.0028474146341463413
2011-11-09,10.88,11.03,10.76,10.96,206149.0,7488286.0,82000000.0,0.002514012195121951
2011-11-10,11.0,11.26,10.88,11.03,375875.0,13970019.0,82000000.0,0.004583841463414634
2011-11-11,11.03,11.21,10.91,11.08,257770.0,9529414.0,82000000.0,0.0031435365853658536
2011-11-14,11.27,11.29,11.12,11.28,637451.0,23756934.0,82000000.0,0.0077737926829268295
2011-11-15,11.31,11.43,11.22,11.4,760430.0,28789228.0,82000000.0,0.009273536585365854
2011-11-16,11.4,11.47,11.11,11.14,382861.0,14444177.0,82000000.0,0.0046690365853658536
2011-11-17,11.04,11.18,10.91,10.91,440111.0,16109136.0,82000000.0,0.00536720731707317
2011-11-18,10.86,11.02,10.82,10.82,228766.0,8284043.0,82000000.0,0.002789829268292683
2011-11-21,10.79,11.26,10.79,11.06,633582.0,23349092.0,82000000.0,0.007726609756097561
2011-11-22,11.05,11.2,10.98,11.05,296072.0,10924252.0,82000000.0,0.0036106341463414634
2011-11-23,11.06,11.06,10.85,10.91,665422.0,24384178.0,82000000.0,0.00811490243902439
2011-11-24,10.79,11.05,10.75,10.97,452681.0,16372140.0,82000000.0,0.0055205
2011-11-25,10.97,11.06,10.91,10.98,181217.0,6635501.0,82000000.0,0.002209963414634146
2011-11-28,10.98,11.14,10.97,11.06,405453.0,14928930.0,82000000.0,0.004944548780487805
2011-11-29,11.11,11.33,11.04,11.24,483130.0,18020026.0,82000000.0,0.005891829268292683
2011-11-30,11.24,11.3,10.86,11.0,722704.0,26560916.0,82000000.0,0.008813463414634147
2011-12-01,11.23,11.48,11.18,11.32,479750.0,18074370.0,82000000.0,0.005850609756097561
2011-12-02,11.35,11.39,11.14,11.27,158580.0,5935537.0,82000000.0,0.0019339024390243903
2011-12-05,11.36,11.36,10.73,10.92,389420.0,14360605.0,82000000.0,0.004749024390243902
2011-12-06,10.92,11.15,10.79,11.08,229872.0,8401229.0,82000000.0,0.0028033170731707317
2011-12-07,10.89,11.22,10.89,11.17,139976.0,5197741.0,82000000.0,0.0017070243902439024
2011-12-08,11.08,11.37,10.92,10.92,292492.0,10849179.0,82000000.0,0.0035669756097560976
2011-12-09,10.82,10.88,10.43,10.6,481219.0,16980838.0,82000000.0,0.005868524390243902
2011-12-12,10.58,10.66,10.43,10.52,65524.0,2293576.0,82000000.0,0.0007990731707317073
2011-12-13,10.52,10.52,10.22,10.36,134995.0,4656052.0,82000000.0,0.001646280487804878
2011-12-14,10.22,10.4,10.14,10.17,127260.0,4323126.0,82000000.0,0.001551951219512195
2011-12-15,9.98,10.15,9.86,9.98,141820.0,4717061.0,82000000.0,0.0017295121951219513
2011-12-16,9.98,10.3,9.95,10.29,82971.0,2811736.0,82000000.0,0.0010118414634146342
2011-12-19,10.17,10.42,9.99,10.35,120700.0,4100945.0,82000000.0,0.001471951219512195
2011-12-20,10.22,10.41,10.22,10.24,82590.0,2841961.0,82000000.0,0.0010071951219512195
2011-12-21,10.41,10.41,10.04,10.11,123552.0,4182947.0,82000000.0,0.0015067317073170733
2011-12-22,9.95,10.19,9.95,10.07,160575.0,5339307.0,82000000.0,0.0019582317073170733
2011-12-23,10.41,10.41,10.07,10.17,108414.0,3682388.0,82000000.0,0.0013221219512195121
2011-12-26,10.28,10.28,10.09,10.23,163949.0,5590750.0,82000000.0,0.001999378048780488
2011-12-27,10.17,10.25,10.1,10.21,83932.0,2838511.0,82000000.0,0.0010235609756097561
2011-12-28,9.99,10.3,9.46,9.62,834552.0,26815766.0,82000000.0,0.010177463414634146
2011-12-29,9.57,9.86,9.38,9.74,329038.0,10533505.0,82000000.0,0.004012658536585366
2011-12-30,9.74,9.88,9.62,9.72,439200.0,14312564.0,82000000.0,0.0053560975609756095
2012-01-04,9.74,9.81,9.46,9.48,670722.0,21608606.0,82000000.0,0.008179536585365854
2012-01-05,9.36,9.48,8.88,8.98,418353.0,12755116.0,82000000.0,0.005101865853658537
2012-01-06,8.87,9.14,8.86,8.92,116716.0,3503250.0,82000000.0,0.0014233658536585367
2012-01-09,8.92,9.08,8.57,8.98,1107485.0,32523096.0,82000000.0,0.013505914634146342
2012-01-10,9.18,9.43,8.98,9.28,1317532.0,40015708.0,82000000.0,0.016067463414634147
2012-01-11,9.19,9.24,9.07,9.16,505167.0,15384963.0,82000000.0,0.006160573170731707
2012-01-12,9.06,9.18,8.89,8.98,507357.0,15191702.0,82000000.0,0.006187280487804878
2012-01-13,8.98,8.98,8.08,8.1,1100135.0,30661930.0,82000000.0,0.013416280487804877
2012-01-16,8.05,8.07,7.6,7.9,1037826.0,26936570.0,82000000.0,0.01265641463414634
2012-01-17,7.9,8.25,7.76,8.21,767391.0,20333402.0,82000000.0,0.009358426829268292
2012-01-18,8.21,8.34,7.74,7.75,495042.0,13342148.0,82000000.0,0.00603709756097561
2012-01-19,7.77,8.01,7.73,7.96,614665.0,16179862.0,82000000.0,0.0074959146341463416
2012-01-20,7.89,8.34,7.89,8.29,408118.0,11125436.0,82000000.0,0.004977048780487805
2012-01-30,8.29,8.31,8.08,8.1,216999.0,5928899.0,82000000.0,0.002646329268292683
2012-01-31,8.02,8.13,7.88,7.96,267272.0,7072338.0,82000000.0,0.0032594146341463413
2012-02-01,7.92,8.02,7.81,7.91,354950.0,9376981.0,82000000.0,0.0043286585365853655
2012-02-02,7.92,8.32,7.91,8.28,327839.0,8836196.0,82000000.0,0.003998036585365854
2012-02-03,8.28,8.7,8.28,8.65,1030659.0,29439024.0,82000000.0,0.01256901219512195
2012-02-13,9.52,9.52,8.62,8.65,3063119.0,90320176.0,82000000.0,0.037355109756097564
2012-02-14,8.73,8.95,8.66,8.77,1159267.0,33929860.0,82000000.0,0.01413740243902439
2012-02-15,8.71,8.82,8.53,8.81,1279660.0,36936604.0,82000000.0,0.01560560975609756
2012-02-16,8.79,8.92,8.64,8.65,1023597.0,29846022.0,82000000.0,0.01248289024390244
2012-02-17,8.66,8.85,8.66,8.77,847023.0,24754774.0,82000000.0,0.010329548780487805
2012-02-20,8.84,9.13,8.84,8.92,1466872.0,43926976.0,82000000.0,0.01788868292682927
2012-02-21,8.93,9.25,8.93,9.24,1708804.0,52115532.0,82000000.0,0.020839073170731706
2012-02-22,9.27,9.45,9.26,9.35,1601277.0,49757540.0,82000000.0,0.019527768292682927
2012-02-23,9.39,9.46,9.14,9.28,1446739.0,44788484.0,82000000.0,0.017643158536585365
2012-02-24,9.28,9.28,8.98,9.09,4446407.0,133844072.0,82000000.0,0.0542244756097561
2012-02-27,9.09,9.16,8.95,9.01,2698027.0,81359744.0,82000000.0,0.032902768292682925
2012-02-28,9.0,9.0,8.78,8.84,2052152.0,60557196.0,82000000.0,0.025026243902439023
2012-02-29,8.8,8.92,8.68,8.72,2212336.0,64496976.0,82000000.0,0.026979707317073172
2012-03-01,8.72,8.85,8.72,8.83,1293569.0,37939552.0,82000000.0,0.015775231707317074
2012-03-02,8.84,8.95,8.84,8.92,1372330.0,40654704.0,82000000.0,0.016735731707317073
2012-03-05,8.95,8.97,8.74,8.74,1879385.0,55345096.0,82000000.0,0.022919329268292682
2012-03-06,8.72,8.74,8.23,8.38,3114027.0,87143336.0,82000000.0,0.03797593902439025
2012-03-07,8.25,8.51,8.22,8.34,2198190.0,61371060.0,82000000.0,0.02680719512195122
2012-03-08,8.4,8.75,8.38,8.69,3548529.0,102079072.0,82000000.0,0.043274743902439024
2012-03-09,8.7,9.01,8.61,8.99,3280930.0,96738344.0,82000000.0,0.04001134146341463
2012-03-12,9.05,9.28,8.8,8.97,4134967.0,124570120.0,82000000.0,0.05042642682926829
2012-03-13,8.92,9.2,8.92,9.17,2352239.0,71178368.0,82000000.0,0.028685841463414633
2012-03-14,9.17,9.4,8.44,8.68,3827961.0,116075792.0,82000000.0,0.04668245121951219
2012-03-15,8.68,8.95,8.64,8.83,1917975.0,56050624.0,82000000.0,0.023389939024390245
2012-03-16,8.85,9.07,8.81,9.06,2235708.0,66821304.0,82000000.0,0.027264731707317073
2012-03-19,9.07,9.13,8.87,9.05,1775659.0,53123460.0,82000000.0,0.02165437804878049
2012-03-20,9.02,9.02,8.68,8.69,1360414.0,39782176.0,82000000.0,0.01659041463414634
2012-03-21,8.77,8.8,8.38,8.44,2067023.0,58540724.0,82000000.0,0.02520759756097561
2012-03-22,8.5,8.5,8.28,8.37,1567008.0,43533628.0,82000000.0,0.019109853658536586
2012-03-23,8.33,8.55,8.29,8.4,1065338.0,29852278.0,82000000.0,0.012991926829268292
2012-03-26,8.43,8.52,8.39,8.45,692888.0,19454720.0,82000000.0,0.008449853658536585
2012-03-27,8.47,8.55,8.38,8.39,630075.0,17742668.0,82000000.0,0.007683841463414634
2012-03-28,8.29,8.32,7.93,8.05,1350054.0,36102984.0,82000000.0,0.016464073170731706
2012-03-29,8.02,8.02,7.66,7.75,1193120.0,31317708.0,82000000.0,0.014550243902439024
2012-03-30,7.77,7.89,7.7,7.82,565056.0,14660590.0,82000000.0,0.006890926829268292
2012-04-05,7.84,8.05,7.84,8.03,947124.0,25119990.0,82000000.0,0.01155029268292683
2012-04-06,8.04,8.14,7.99,8.03,826266.0,22186124.0,82000000.0,0.010076414634146342
2012-04-09,7.99,8.02,7.74,7.75,1039471.0,27145964.0,82000000.0,0.012676475609756098
2012-04-10,7.72,7.72,7.35,7.57,2081755.0,51897960.0,82000000.0,0.025387256097560977
2012-04-11,7.48,7.59,7.3,7.3,2728970.0,67149264.0,82000000.0,0.033280121951219516
2012-04-12,7.35,7.63,7.33,7.63,2620283.0,65275204.0,82000000.0,0.03195467073170732
2012-04-13,7.66,7.93,7.63,7.81,3220577.0,83475888.0,82000000.0,0.039275329268292684
2012-04-16,7.81,7.97,7.66,7.94,1824106.0,47851448.0,82000000.0,0.02224519512195122
2012-04-17,7.93,8.09,7.87,7.97,1767668.0,46884968.0,82000000.0,0.021556926829268293
2012-04-18,7.97,8.07,7.82,8.05,2011046.0,53205976.0,82000000.0,0.024524951219512196
2012-04-19,8.05,8.08,7.93,7.97,1049158.0,27927560.0,82000000.0,0.012794609756097561
2012-04-20,7.96,8.2,7.96,8.18,1425174.0,38419320.0,82000000.0,0.017380170731707317
2012-04-23,8.11,8.24,8.09,8.09,1103556.0,29937960.0,82000000.0,0.013458
2012-04-24,7.99,8.16,7.76,8.02,1281626.0,33980056.0,82000000.0,0.015629585365853658
2012-04-25,7.97,8.05,7.93,8.02,719996.0,19131052.0,82000000.0,0.008780439024390244
2012-04-26,7.75,8.05,7.22,7.98,3732708.0,94479080.0,82000000.0,0.045520829268292685
2012-04-27,7.78,8.68,7.77,8.3,3994784.0,109339832.0,82000000.0,0.048716878048780485
2012-05-02,8.33,8.41,8.22,8.32,1462125.0,40431524.0,82000000.0,0.017830792682926828
2012-05-03,8.32,8.71,8.29,8.71,2129951.0,60250000.0,82000000.0,0.025975012195121952
2012-05-04,8.7,8.8,8.57,8.77,1928373.0,55983072.0,82000000.0,0.023516743902439026
2012-06-11,8.74,8.74,7.9,8.02,6589630.0,176223136.0,82000000.0,0.08036134146341463
2012-06-12,7.81,7.98,7.63,7.76,2669587.0,69742944.0,82000000.0,0.032555939024390246
2012-06-13,7.75,7.99,7.6,7.82,2660805.0,68873536.0,82000000.0,0.03244884146341463
2012-06-14,7.78,7.87,7.66,7.79,1663326.0,43014292.0,82000000.0,0.020284463414634146
2012-06-15,7.84,7.84,7.4,7.78,4396456.0,111369416.0,82000000.0,0.05361531707317073
2012-06-18,7.71,7.81,7.69,7.69,1342710.0,34571924.0,82000000.0,0.01637451219512195
2012-06-19,7.68,7.72,7.56,7.58,915448.0,23223778.0,82000000.0,0.011164
2012-06-20,7.61,7.74,7.58,7.64,1130417.0,28510594.0,82000000.0,0.013785573170731707
2012-06-21,7.65,7.65,7.51,7.56,1093906.0,27276154.0,82000000.0,0.013340317073170732
2012-06-25,7.49,7.59,7.46,7.46,660062.0,16346572.0,82000000.0,0.008049536585365854
2012-06-26,7.39,7.46,7.28,7.29,607318.0,14696288.0,82000000.0,0.0074063170731707316
2012-06-27,7.31,7.37,7.17,7.19,814578.0,19478178.0,82000000.0,0.009933878048780488
2012-06-28,7.17,7.23,6.87,6.89,1472232.0,33811304.0,82000000.0,0.017954048780487807
2012-06-29,6.83,6.85,6.65,6.8,1466252.0,32546314.0,82000000.0,0.017881121951219513
2012-07-02,6.83,6.91,6.78,6.79,1102045.0,24792340.0,82000000.0,0.013439573170731708
2012-07-03,6.81,6.98,6.75,6.98,1309337.0,29790828.0,82000000.0,0.015967524390243903
2012-07-04,7.01,7.05,6.8,6.83,712391.0,16165919.0,82000000.0,0.008687695121951219
2012-07-05,6.69,6.77,6.52,6.56,668089.0,14554404.0,82000000.0,0.008147426829268292
2012-07-06,6.64,6.68,6.37,6.68,634963.0,13728792.0,82000000.0,0.007743451219512195
2012-07-09,6.55,6.67,6.31,6.32,1116613.0,23701658.0,82000000.0,0.013617231707317073
2012-07-10,6.31,6.31,6.05,6.09,1360369.0,27480808.0,82000000.0,0.016589865853658535
2012-07-11,6.13,6.16,6.08,6.13,409667.0,8266560.0,82000000.0,0.004995939024390244
2012-07-12,6.15,6.24,6.05,6.21,831244.0,16849804.0,82000000.0,0.010137121951219512
2012-07-13,6.19,6.34,6.16,6.22,824794.0,16958210.0,82000000.0,0.010058463414634147
2012-07-16,6.18,6.25,5.66,5.68,1498736.0,28994072.0,82000000.0,0.018277268292682926
2012-07-17,5.68,5.81,5.61,5.75,669071.0,12647941.0,82000000.0,0.00815940243902439
2012-07-18,5.75,5.86,5.72,5.82,679736.0,12994877.0,82000000.0,0.008289463414634147
2012-07-19,5.84,5.91,5.79,5.88,671425.0,12971040.0,82000000.0,0.00818810975609756
2012-07-20,5.87,6.1,5.8,6.1,868323.0,16908938.0,82000000.0,0.01058930487804878
2012-07-23,6.0,6.03,5.87,6.01,828202.0,16316362.0,82000000.0,0.010100024390243902
2012-07-24,5.92,6.08,5.9,6.04,469237.0,9268350.0,82000000.0,0.00572240243902439
2012-07-25,6.03,6.03,5.93,5.93,383429.0,7530321.0,82000000.0,0.0046759634146341465
2012-07-26,5.88,5.97,5.8,5.8,417800.0,8121892.0,82000000.0,0.005095121951219512
2012-07-27,5.84,5.88,5.79,5.87,412660.0,7953520.0,82000000.0,0.005032439024390244
2012-07-30,5.81,5.9,5.72,5.74,433586.0,8304968.0,82000000.0,0.0052876341463414635
2012-07-31,5.74,5.79,5.69,5.75,241739.0,4575131.0,82000000.0,0.0029480365853658537
2012-08-01,5.78,5.87,5.78,5.84,379001.0,7267625.0,82000000.0,0.004621963414634146
2012-08-02,5.84,5.84,5.73,5.75,305292.0,5817906.0,82000000.0,0.0037230731707317073
2012-08-03,5.81,5.88,5.62,5.88,427259.0,8184833.0,82000000.0,0.005210475609756097
2012-08-06,5.88,6.04,5.83,6.01,545501.0,10687241.0,82000000.0,0.006652451219512195
2012-08-07,6.02,6.08,5.95,6.07,718097.0,14314316.0,82000000.0,0.008757280487804877
2012-08-08,6.06,6.13,5.98,6.05,564813.0,11258939.0,82000000.0,0.006887963414634146
2012-08-09,6.05,6.31,6.05,6.29,1520461.0,31005288.0,82000000.0,0.01854220731707317
2012-08-10,6.24,6.24,6.06,6.07,1411694.0,28598070.0,82000000.0,0.017215780487804876
2012-08-13,6.17,6.56,6.17,6.22,1462483.0,30565900.0,82000000.0,0.017835158536585367
2012-08-14,6.12,6.27,6.1,6.27,758084.0,15452860.0,82000000.0,0.009244926829268293
2012-08-15,6.22,6.28,6.07,6.1,719650.0,14599092.0,82000000.0,0.008776219512195121
2012-08-16,6.1,6.13,6.03,6.03,422178.0,8458704.0,82000000.0,0.005148512195121952
2012-08-17,6.03,6.08,5.97,6.01,278432.0,5525711.0,82000000.0,0.0033955121951219514
2012-08-20,6.01,6.01,5.76,5.89,538360.0,10406894.0,82000000.0,0.006565365853658536
2012-08-21,5.83,6.03,5.83,5.98,444090.0,8724795.0,86000000.0,0.005163837209302326
2012-08-22,5.98,6.06,5.92,5.93,348326.0,6877628.0,86000000.0,0.004050302325581396
2012-08-23,5.93,6.01,5.89,6.0,441947.0,8677363.0,86000000.0,0.005138918604651163
2012-08-24,6.0,6.0,5.87,5.88,348174.0,6791164.0,86000000.0,0.00404853488372093
2012-08-27,5.86,5.86,5.33,5.45,950534.0,17520856.0,86000000.0,0.011052720930232558
2012-08-28,5.43,5.46,5.28,5.43,562234.0,9960803.0,86000000.0,0.006537604651162791
2012-08-29,5.46,5.63,5.39,5.46,532994.0,9699397.0,86000000.0,0.006197604651162791
2012-08-30,5.47,5.61,5.46,5.54,698304.0,12772688.0,86000000.0,0.008119813953488372
2012-08-31,5.49,5.56,5.48,5.55,284857.0,5198003.0,86000000.0,0.0033122906976744185
2012-09-03,5.55,5.7,5.5,5.67,899691.0,16662989.0,86000000.0,0.010461523255813954
2012-09-04,5.67,5.72,5.6,5.62,535437.0,9968012.0,86000000.0,0.0062260116279069765
2012-09-05,5.59,5.76,5.56,5.7,642364.0,12046934.0,86000000.0,0.0074693488372093025
2012-09-06,5.73,5.75,5.64,5.71,685429.0,12885520.0,86000000.0,0.00797010465116279
2012-09-07,5.71,6.05,5.71,6.0,1858015.0,36266196.0,86000000.0,0.02160482558139535
2012-09-10,6.6,6.6,6.24,6.32,3570111.0,74980888.0,86000000.0,0.041512918604651165
2012-09-11,6.22,6.51,6.21,6.31,2268549.0,47387420.0,86000000.0,0.026378476744186048
2012-09-12,6.22,6.31,6.15,6.26,1888268.0,38682920.0,86000000.0,0.02195660465116279
2012-09-13,6.22,6.26,6.18,6.19,1354320.0,27724430.0,86000000.0,0.015747906976744185
2012-09-14,6.22,6.27,6.05,6.08,1319012.0,26651790.0,86000000.0,0.015337348837209303
2012-09-17,6.08,6.21,5.77,5.81,1042240.0,20444984.0,86000000.0,0.01211906976744186
2012-09-18,5.78,5.81,5.59,5.66,1000822.0,18849998.0,86000000.0,0.01163746511627907
2012-09-19,5.68,5.8,5.59,5.68,1166235.0,21930556.0,86000000.0,0.013560872093023256
2012-09-20,5.67,5.67,5.45,5.45,1644186.0,29886204.0,86000000.0,0.019118441860465116
2012-09-21,5.46,5.49,5.37,5.46,1151985.0,20666488.0,86000000.0,0.013395174418604652
2012-09-24,5.46,5.52,5.38,5.49,1020506.0,18381512.0,86000000.0,0.011866348837209302
2012-09-25,5.49,5.49,5.35,5.37,523625.0,9335610.0,86000000.0,0.006088662790697675
2012-09-26,5.37,5.4,5.1,5.22,977023.0,16869884.0,86000000.0,0.011360732558139535
2012-09-27,5.27,5.36,5.12,5.31,630603.0,10936876.0,86000000.0,0.007332593023255814
2012-09-28,5.27,5.41,5.25,5.4,537599.0,9482019.0,86000000.0,0.0062511511627906975
2012-10-08,5.41,5.51,5.4,5.44,476756.0,8533177.0,86000000.0,0.005543674418604651
2012-10-09,5.44,5.58,5.44,5.57,1280122.0,23381340.0,86000000.0,0.014885139534883721
2012-10-10,5.61,5.61,5.5,5.58,955727.0,17473586.0,86000000.0,0.01111310465116279
2012-10-11,5.55,5.58,5.48,5.48,739210.0,13452313.0,86000000.0,0.00859546511627907
2012-10-12,5.47,5.54,5.44,5.47,325429.0,5877980.0,86000000.0,0.0037840581395348835
2012-10-15,5.45,5.57,5.26,5.28,491296.0,8628154.0,86000000.0,0.005712744186046512
2012-10-16,5.28,5.34,5.27,5.28,634618.0,11073897.0,86000000.0,0.007379279069767442
2012-10-17,5.28,5.3,5.26,5.3,351241.0,6115988.0,86000000.0,0.004084197674418605
2012-10-18,5.31,5.4,5.3,5.4,492892.0,8732213.0,86000000.0,0.005731302325581395
2012-10-19,5.37,5.44,5.36,5.42,409297.0,7276517.0,86000000.0,0.004759267441860465
2012-10-22,5.4,5.48,5.34,5.47,419974.0,7507215.0,86000000.0,0.004883418604651163
2012-10-23,5.46,5.48,5.36,5.37,441291.0,7846530.0,86000000.0,0.005131290697674418
2012-10-24,5.34,5.38,5.29,5.35,373626.0,6575104.0,86000000.0,0.004344488372093024
2012-10-25,5.35,5.37,5.24,5.25,506400.0,8838204.0,86000000.0,0.005888372093023256
2012-10-26,5.27,5.3,5.08,5.08,567918.0,9669971.0,86000000.0,0.006603697674418605
2012-10-29,5.08,5.12,5.01,5.05,313169.0,5223009.0,86000000.0,0.0036415
2012-10-30,5.1,5.1,5.03,5.05,407349.0,6791683.0,86000000.0,0.004736616279069767
2012-10-31,5.07,5.1,5.01,5.04,304661.0,5059038.0,86000000.0,0.0035425697674418607
2012-11-01,5.04,5.17,5.04,5.14,706267.0,11881497.0,86000000.0,0.008212406976744186
2012-11-02,5.17,5.17,5.1,5.14,473232.0,8007944.0,86000000.0,0.005502697674418604
2012-11-05,5.13,5.14,4.96,5.03,1587224.0,26326360.0,86000000.0,0.018456093023255814
2012-11-06,5.03,5.03,4.86,4.94,1171561.0,18939410.0,86000000.0,0.013622802325581395
2012-11-07,4.95,4.97,4.9,4.96,471457.0,7673792.0,86000000.0,0.005482058139534883
2012-11-08,4.94,4.94,4.84,4.84,523011.0,8410036.0,86000000.0,0.0060815232558139535
2012-11-09,4.85,4.88,4.79,4.82,443956.0,7056097.0,86000000.0,0.0051622790697674415
2012-11-12,4.82,4.88,4.82,4.86,372228.0,5945953.0,86000000.0,0.004328232558139535
2012-11-13,4.81,4.86,4.77,4.81,327915.0,5182472.0,86000000.0,0.00381296511627907
2012-11-14,4.79,4.91,4.79,4.9,653311.0,10488870.0,86000000.0,0.007596639534883721
2012-11-15,4.89,4.89,4.82,4.83,501860.0,7999101.0,86000000.0,0.005835581395348837
2012-11-16,4.78,4.84,4.78,4.83,247217.0,3924439.0,86000000.0,0.0028746162790697673
2012-11-19,4.81,4.96,4.8,4.96,994981.0,16065887.0,86000000.0,0.011569546511627907
2012-11-20,4.97,4.97,4.89,4.91,397756.0,6461981.0,86000000.0,0.004625069767441861
2012-11-21,4.91,4.98,4.83,4.98,888271.0,14362688.0,86000000.0,0.010328732558139535
2012-11-22,4.97,5.08,4.95,5.03,1110012.0,18380734.0,86000000.0,0.012907116279069767
2012-11-30,4.85,4.85,4.55,4.56,1561752.0,23826542.0,86000000.0,0.018159906976744185
2012-12-03,4.51,4.59,4.25,4.26,1100407.0,16115841.0,86000000.0,0.01279543023255814
2012-12-04,4.34,4.65,4.18,4.56,1450395.0,21203442.0,86000000.0,0.016865058139534882
2012-12-05,4.49,4.72,4.49,4.66,1691279.0,25864514.0,86000000.0,0.01966603488372093
2012-12-06,4.62,4.85,4.56,4.75,1169209.0,18144396.0,86000000.0,0.013595453488372093
2012-12-07,4.73,4.82,4.69,4.77,800863.0,12566089.0,86000000.0,0.00931236046511628
2012-12-10,4.74,4.9,4.73,4.86,863884.0,13760609.0,86000000.0,0.010045162790697674
2012-12-11,4.86,4.87,4.73,4.77,564167.0,8923170.0,86000000.0,0.006560081395348838
2012-12-12,4.87,5.03,4.87,4.96,1272479.0,20746518.0,86000000.0,0.014796267441860465
2012-12-13,4.94,4.95,4.8,4.8,666657.0,10693022.0,86000000.0,0.007751825581395349
2012-12-14,4.77,5.13,4.77,5.08,1554844.0,25490048.0,86000000.0,0.018079581395348838
2012-12-17,5.07,5.18,5.03,5.16,1320889.0,22217520.0,86000000.0,0.01535917441860465
2012-12-18,5.15,5.19,5.04,5.05,883036.0,14860801.0,86000000.0,0.010267860465116279
2012-12-19,5.07,5.13,5.05,5.08,529325.0,8860323.0,86000000.0,0.006154941860465116
2012-12-20,5.06,5.21,5.02,5.21,1110647.0,18799870.0,86000000.0,0.0129145
2012-12-21,5.26,5.33,5.11,5.2,1371611.0,23626068.0,86000000.0,0.01594896511627907
2012-12-24,5.2,5.2,5.08,5.13,621939.0,10520163.0,86000000.0,0.007231848837209303
2012-12-25,5.12,5.35,5.12,5.28,1245021.0,21630408.0,86000000.0,0.014476988372093023
2012-12-26,5.29,5.42,5.27,5.35,1435508.0,25228438.0,86000000.0,0.01669195348837209
2012-12-27,5.4,5.88,5.4,5.88,7674529.0,146963744.0,86000000.0,0.08923870930232558
2012-12-28,5.85,5.94,5.74,5.94,4664576.0,90063536.0,86000000.0,0.05423925581395349
2012-12-31,5.92,6.16,5.86,5.89,3789643.0,75016176.0,86000000.0,0.04406561627906977
2013-01-04,5.89,5.95,5.67,5.74,2262274.0,43106556.0,86000000.0,0.026305511627906977
2013-01-07,5.77,5.86,5.71,5.86,1685880.0,32183506.0,86000000.0,0.019603255813953488
2013-01-08,5.83,5.98,5.74,5.91,2132934.0,41362108.0,86000000.0,0.024801558139534885
2013-01-09,5.87,6.0,5.79,5.81,2169009.0,42139904.0,86000000.0,0.02522103488372093
2013-01-10,5.81,5.89,5.74,5.79,1998371.0,38235508.0,86000000.0,0.023236872093023254
2013-01-11,5.83,5.99,5.61,5.77,2859271.0,55127892.0,86000000.0,0.03324733720930233
2013-01-14,5.75,5.98,5.64,5.94,3194072.0,61668088.0,86000000.0,0.037140372093023254
2013-01-15,5.95,6.24,5.89,6.19,4170534.0,83187688.0,86000000.0,0.04849458139534884
2013-01-16,6.16,6.16,5.95,6.0,2233972.0,44436624.0,86000000.0,0.025976418604651164
2013-01-17,5.96,6.05,5.89,5.89,1307134.0,25621162.0,86000000.0,0.015199232558139535
2013-01-18,5.89,5.95,5.77,5.91,1215102.0,23488012.0,86000000.0,0.014129093023255814
2013-01-21,6.46,6.46,6.12,6.17,6148015.0,126094344.0,86000000.0,0.0714885465116279
2013-01-22,6.16,6.31,6.01,6.03,3453550.0,70040536.0,86000000.0,0.04015755813953489
2013-01-23,5.99,6.01,5.79,5.89,2495563.0,48398252.0,86000000.0,0.02901817441860465
2013-01-24,5.92,5.95,5.64,5.65,2432969.0,46515308.0,86000000.0,0.028290337209302324
2013-01-25,5.65,5.75,5.62,5.7,1020489.0,19098336.0,86000000.0,0.011866151162790698
2013-01-28,5.71,5.81,5.71,5.8,1959115.0,37276120.0,86000000.0,0.022780406976744185
2013-01-29,5.8,5.87,5.78,5.85,1848479.0,35469500.0,86000000.0,0.021493941860465115
2013-01-30,5.88,6.03,5.86,5.95,2219247.0,43518716.0,86000000.0,0.025805197674418606
2013-01-31,6.02,6.18,5.99,6.13,3781568.0,76285920.0,86000000.0,0.043971720930232557
2013-02-01,6.08,6.25,5.98,6.18,3263152.0,65592556.0,86000000.0,0.037943627906976744
2013-02-04,6.38,6.67,6.25,6.32,5076536.0,107702912.0,86000000.0,0.05902948837209302
2013-02-05,6.22,6.22,6.04,6.16,3327628.0,67183984.0,86000000.0,0.038693348837209304
2013-02-06,6.14,6.21,6.09,6.15,1452901.0,29481784.0,86000000.0,0.016894197674418604
2013-02-07,6.13,6.34,6.13,6.32,2294840.0,47395956.0,160000000.0,0.01434275
2013-02-08,6.31,6.52,6.3,6.47,2508503.0,53367840.0,160000000.0,0.01567814375
2013-02-18,6.48,6.52,6.43,6.45,1852091.0,39471928.0,160000000.0,0.01157556875
2013-02-19,6.46,6.62,6.41,6.46,2289981.0,48868412.0,160000000.0,0.01431238125
2013-02-20,6.43,6.54,6.32,6.53,1796577.0,38170716.0,160000000.0,0.01122860625
2013-02-21,6.47,6.52,6.16,6.25,1963651.0,41102580.0,160000000.0,0.01227281875
2013-02-22,6.23,6.31,6.13,6.18,1357406.0,27884390.0,160000000.0,0.0084837875
2013-02-25,6.17,6.29,6.17,6.2,1032656.0,21147088.0,160000000.0,0.0064541
2013-02-26,6.19,6.27,6.0,6.0,1441437.0,29225400.0,160000000.0,0.00900898125
2013-02-27,6.22,6.22,6.07,6.16,1519884.0,30855844.0,160000000.0,0.009499275
2013-02-28,6.16,6.26,6.13,6.25,1466892.0,29970060.0,160000000.0,0.009168075
2013-03-01,6.25,6.46,6.24,6.44,2701763.0,56962248.0,160000000.0,0.01688601875
2013-03-04,6.41,6.56,6.25,6.31,3117014.0,66008864.0,160000000.0,0.0194813375
2013-03-05,6.25,6.41,6.24,6.41,2545798.0,53031376.0,160000000.0,0.0159112375
2013-03-06,6.45,6.79,6.43,6.77,4577844.0,100875176.0,160000000.0,0.028611525
2013-03-07,6.76,6.93,6.59,6.62,3891619.0,86784328.0,160000000.0,0.02432261875
2013-03-08,6.64,6.9,6.62,6.68,3253957.0,72650384.0,160000000.0,0.02033723125
2013-03-11,6.67,6.67,6.49,6.55,1517614.0,32781186.0,160000000.0,0.0094850875
2013-03-12,6.53,6.63,6.1,6.16,2572715.0,53603932.0,160000000.0,0.01607946875
2013-03-13,6.17,6.24,6.05,6.17,1115792.0,22522778.0,160000000.0,0.0069737
2013-03-14,6.17,6.24,6.15,6.19,904180.0,18459614.0,160000000.0,0.005651125
2013-03-15,6.22,6.45,6.18,6.22,1749575.0,36551588.0,160000000.0,0.01093484375
2013-03-18,6.16,6.4,6.11,6.31,1841744.0,38072960.0,160000000.0,0.0115109
2013-03-19,6.31,6.37,6.24,6.3,2003859.0,41550452.0,160000000.0,0.01252411875
2013-03-20,6.3,6.52,6.27,6.52,1923655.0,40763636.0,160000000.0,0.01202284375
2013-03-21,6.52,6.67,6.45,6.49,3043392.0,65717956.0,160000000.0,0.0190212
2013-03-22,6.49,6.51,6.38,6.49,1985105.0,42120324.0,160000000.0,0.01240690625
2013-03-25,6.51,6.51,6.38,6.4,1415511.0,29993512.0,160000000.0,0.00884694375
2013-03-26,6.39,6.66,6.34,6.63,2732109.0,58611096.0,160000000.0,0.01707568125
2013-03-27,6.62,6.68,6.49,6.59,2169289.0,47147192.0,160000000.0,0.01355805625
2013-03-28,6.61,6.83,6.38,6.43,4320843.0,94165800.0,160000000.0,0.02700526875
2013-03-29,6.31,6.36,6.02,6.03,3544844.0,72357024.0,160000000.0,0.022155275
2013-04-01,5.98,6.16,5.93,6.12,1754458.0,35190972.0,160000000.0,0.0109653625
2013-04-02,6.09,6.17,5.74,5.81,2388066.0,46460616.0,160000000.0,0.0149254125
2013-04-03,5.77,5.85,5.68,5.82,1230006.0,23394614.0,160000000.0,0.0076875375
2013-04-08,5.68,5.93,5.64,5.89,1357702.0,25906510.0,160000000.0,0.0084856375
2013-04-09,5.86,6.05,5.86,6.01,1307968.0,25740404.0,160000000.0,0.0081748
2013-04-10,6.01,6.13,5.92,6.06,1753464.0,34889928.0,160000000.0,0.01095915
2013-04-11,6.07,6.08,5.96,5.97,886660.0,17517496.0,160000000.0,0.005541625
2013-04-12,5.96,5.96,5.74,5.77,1339919.0,25734764.0,160000000.0,0.00837449375
2013-04-15,5.74,5.79,5.68,5.7,722429.0,13602038.0,160000000.0,0.00451518125
2013-04-16,5.64,5.8,5.61,5.8,965574.0,18252508.0,160000000.0,0.0060348375
2013-04-17,5.81,5.91,5.74,5.88,845102.0,16208509.0,160000000.0,0.0052818875
2013-04-18,6.06,6.06,5.89,5.93,1343748.0,26386512.0,160000000.0,0.008398425
2013-04-19,5.91,6.1,5.91,6.1,1888145.0,37543616.0,160000000.0,0.01180090625
2013-04-22,6.05,6.17,5.97,6.16,1656294.0,33266164.0,160000000.0,0.0103518375
2013-04-23,6.16,6.18,5.91,5.91,1615591.0,32192536.0,160000000.0,0.01009744375
2013-04-24,5.96,6.51,5.92,6.51,4333763.0,89897024.0,160000000.0,0.02708601875
2013-04-25,6.56,6.82,6.44,6.46,6934840.0,151805840.0,160000000.0,0.04334275
2013-04-26,6.33,6.45,6.24,6.28,3075359.0,64114784.0,160000000.0,0.01922099375
2013-05-02,6.22,6.57,6.2,6.52,2675154.0,56975776.0,160000000.0,0.0167197125
2013-05-03,6.53,6.7,6.47,6.69,3647053.0,79460680.0,160000000.0,0.02279408125
2013-05-06,6.69,7.36,6.69,7.36,8438154.0,200233760.0,160000000.0,0.0527384625
2013-05-07,7.4,7.44,7.15,7.25,5982619.0,143252944.0,160000000.0,0.03739136875
2013-05-08,7.22,7.53,7.19,7.48,5890446.0,143264288.0,160000000.0,0.0368152875
2013-05-09,7.47,7.53,7.29,7.51,4598641.0,112154856.0,160000000.0,0.02874150625
2013-05-10,7.44,7.44,7.07,7.14,5220752.0,124352464.0,160000000.0,0.0326297
2013-05-13,7.14,7.31,7.08,7.15,3152068.0,74951632.0,160000000.0,0.019700425
2013-05-14,7.2,7.27,7.04,7.1,2572347.0,60604644.0,160000000.0,0.01607716875
2013-05-15,7.14,7.27,7.12,7.24,2879661.0,68364616.0,160000000.0,0.01799788125
2013-05-16,7.3,7.94,7.3,7.68,7310697.0,185439392.0,160000000.0,0.04569185625
2013-05-17,7.69,7.85,7.54,7.76,4857424.0,123724768.0,160000000.0,0.0303589
2013-05-20,7.76,8.04,7.69,7.88,4906090.0,127921736.0,160000000.0,0.0306630625
2013-05-21,7.81,8.04,7.8,7.87,3931876.0,102228448.0,160000000.0,0.024574225
2013-05-22,7.87,7.91,7.56,7.59,4340756.0,109966504.0,160000000.0,0.027129725
2013-05-23,7.59,7.95,7.53,7.72,4224373.0,108019176.0,160000000.0,0.02640233125
2013-05-24,7.74,8.35,7.74,8.29,6509025.0,175118800.0,160000000.0,0.04068140625
2013-05-27,8.29,8.7,8.29,8.51,7648773.0,215421376.0,160000000.0,0.04780483125
2013-05-28,8.44,8.8,8.29,8.62,6541954.0,184094144.0,160000000.0,0.0408872125
2013-05-29,8.62,8.73,8.39,8.57,3497366.0,98907056.0,160000000.0,0.0218585375
2013-05-30,8.56,8.92,8.5,8.56,4196093.0,120874032.0,160000000.0,0.02622558125
2013-05-31,8.56,8.92,8.4,8.71,4399455.0,126031480.0,160000000.0,0.02749659375
2013-06-03,8.73,8.89,8.37,8.38,4843357.0,137048944.0,160000000.0,0.03027098125
2013-06-04,8.35,9.21,8.29,8.66,6476017.0,187433856.0,160000000.0,0.04047510625
2013-06-05,8.71,8.8,8.44,8.67,3213628.0,91202184.0,160000000.0,0.020085175
2013-06-06,8.6,8.61,8.14,8.15,3654293.0,100876792.0,160000000.0,0.02283933125
2013-06-07,8.15,8.39,7.78,7.89,3599652.0,95442608.0,160000000.0,0.022497825
2013-06-13,7.74,7.74,7.46,7.59,2791930.0,69885928.0,160000000.0,0.0174495625
2013-06-14,7.67,8.33,7.67,8.21,4942866.0,128387496.0,160000000.0,0.0308929125
2013-06-17,8.27,8.69,8.12,8.36,5349372.0,146909712.0,160000000.0,0.033433575
2013-06-18,8.4,8.57,8.28,8.47,3108232.0,85503552.0,160000000.0,0.01942645
2013-06-19,8.43,8.6,8.15,8.58,3563885.0,96676376.0,160000000.0,0.02227428125
2013-06-20,8.48,8.61,8.03,8.07,3459353.0,94352368.0,160000000.0,0.02162095625
2013-06-21,7.85,8.27,7.68,8.09,3057762.0,80137272.0,160000000.0,0.0191110125
2013-06-24,8.03,8.17,7.55,7.67,2891447.0,73774368.0,160000000.0,0.01807154375
2013-06-25,7.6,8.11,7.0,8.03,4903680.0,123111376.0,160000000.0,0.030648
2013-06-26,8.01,8.43,7.88,8.35,5688020.0,152266912.0,160000000.0,0.035550125
2013-06-27,8.39,8.39,7.95,8.04,5008273.0,133861232.0,160000000.0,0.03130170625
2013-06-28,7.88,8.12,7.64,7.7,3086552.0,78975920.0,160000000.0,0.01929095
2013-07-01,7.71,8.0,7.57,7.97,2413154.0,61642444.0,160000000.0,0.0150822125
2013-07-02,7.97,8.31,7.94,8.31,4546088.0,121315512.0,160000000.0,0.02841305
2013-07-03,8.28,8.39,7.94,8.36,4553704.0,121950816.0,160000000.0,0.02846065
2013-07-04,8.28,8.64,8.06,8.41,6203063.0,171769680.0,160000000.0,0.03876914375
2013-07-05,8.52,8.57,8.17,8.17,3770880.0,103248704.0,160000000.0,0.023568
2013-07-08,7.82,7.97,7.53,7.66,3372047.0,85746152.0,160000000.0,0.02107529375
2013-07-09,7.53,7.78,7.53,7.75,2161186.0,54215796.0,160000000.0,0.0135074125
2013-07-10,7.75,7.95,7.7,7.92,2370350.0,60468608.0,160000000.0,0.0148146875
2013-07-11,7.93,8.15,7.84,8.1,2867527.0,74866944.0,160000000.0,0.01792204375
2013-07-12,8.06,8.33,7.97,7.98,3266790.0,86967440.0,160000000.0,0.0204174375
2013-07-15,8.3,8.57,8.18,8.38,5567301.0,152223328.0,160000000.0,0.03479563125
2013-07-16,8.39,8.77,8.31,8.77,6235276.0,175074528.0,160000000.0,0.038970475
2013-07-17,8.73,8.88,8.48,8.58,5602766.0,158811728.0,160000000.0,0.0350172875
2013-07-18,8.45,9.14,8.43,9.02,8562426.0,247839488.0,160000000.0,0.0535151625
2013-07-19,8.95,9.27,8.55,8.58,6755614.0,197979088.0,160000000.0,0.0422225875
2013-07-22,8.49,8.98,8.44,8.96,5412017.0,155384368.0,160000000.0,0.03382510625
2013-07-23,8.97,9.32,8.97,9.23,5518934.0,164758224.0,160000000.0,0.0344933375
2013-07-24,9.12,9.5,9.05,9.42,5382726.0,163200528.0,160000000.0,0.0336420375
2013-07-25,9.42,9.5,8.79,8.82,4946800.0,146401392.0,160000000.0,0.0309175
2013-07-26,8.83,8.98,8.5,8.85,2743881.0,78393624.0,160000000.0,0.01714925625
2013-07-29,8.83,8.83,8.54,8.55,2274466.0,64220140.0,160000000.0,0.0142154125
2013-07-30,8.61,8.69,8.07,8.28,2560291.0,69472864.0,160000000.0,0.01600181875
2013-07-31,8.31,8.64,8.31,8.45,2343402.0,64907936.0,160000000.0,0.0146462625
2013-08-01,8.45,8.81,8.44,8.78,2661633.0,75078808.0,160000000.0,0.01663520625
2013-08-02,8.74,8.98,8.74,8.89,3309633.0,96069104.0,160000000.0,0.02068520625
2013-08-05,8.89,9.18,8.89,9.02,2210313.0,65227560.0,160000000.0,0.01381445625
2013-08-06,9.01,9.12,8.85,9.03,2689709.0,78862600.0,160000000.0,0.01681068125
2013-08-07,9.02,9.14,8.74,8.75,2784104.0,80562136.0,160000000.0,0.01740065
2013-08-08,8.72,8.95,8.67,8.79,1755841.0,50375332.0,160000000.0,0.01097400625
2013-08-09,8.82,9.0,8.57,8.83,2697308.0,77205904.0,160000000.0,0.016858175
2013-08-12,8.83,8.87,8.52,8.67,2500091.0,70727432.0,160000000.0,0.01562556875
2013-08-13,8.67,8.71,8.52,8.62,2296734.0,64555692.0,160000000.0,0.0143545875
2013-08-14,8.63,8.92,8.63,8.88,4540779.0,130367160.0,160000000.0,0.02837986875
2013-08-15,8.97,9.15,8.7,8.71,3994230.0,116825944.0,160000000.0,0.0249639375
2013-08-16,8.63,8.8,8.28,8.31,2590288.0,72208104.0,160000000.0,0.0161893
2013-08-19,8.45,9.09,8.43,8.95,3935995.0,112997576.0,160000000.0,0.02459996875
2013-08-20,9.04,9.6,8.89,9.6,10557521.0,320469024.0,160000000.0,0.06598450625
2013-08-21,9.54,9.56,9.37,9.5,4451223.0,137553312.0,160000000.0,0.02782014375
2013-08-22,9.47,9.79,9.42,9.44,4384823.0,137341008.0,160000000.0,0.02740514375
2013-08-23,9.29,9.44,9.0,9.26,6272261.0,188755008.0,160000000.0,0.03920163125
2013-08-26,9.23,9.92,9.23,9.84,4613022.0,144846752.0,160000000.0,0.0288313875
2013-08-27,9.75,9.93,9.69,9.87,3006149.0,96223928.0,160000000.0,0.01878843125
2013-08-28,9.75,9.8,9.37,9.4,3758697.0,117478080.0,160000000.0,0.02349185625
2013-08-29,9.4,9.65,9.4,9.43,2512085.0,77782840.0,160000000.0,0.01570053125
2013-08-30,9.38,9.46,8.89,9.0,3758285.0,111890880.0,160000000.0,0.02348928125
2013-09-02,8.92,9.19,8.89,9.04,2172448.0,64047360.0,160000000.0,0.0135778
2013-09-03,9.04,9.39,8.95,9.38,2232981.0,66638220.0,160000000.0,0.01395613125
2013-09-04,9.33,9.44,9.14,9.23,1986963.0,60108728.0,160000000.0,0.01241851875
2013-09-05,9.2,9.48,9.12,9.31,2127637.0,64846428.0,160000000.0,0.01329773125
2013-09-06,9.29,9.46,9.23,9.32,1605451.0,48918648.0,160000000.0,0.01003406875
2013-09-09,9.32,9.42,8.91,9.01,3227473.0,95605120.0,160000000.0,0.02017170625
2013-09-10,9.05,9.09,8.79,8.83,2971068.0,85875160.0,160000000.0,0.018569175
2013-09-11,8.82,8.89,8.34,8.47,3526801.0,98275760.0,160000000.0,0.02204250625
2013-09-12,8.41,8.58,8.4,8.49,2303648.0,63771424.0,160000000.0,0.0143978
2013-09-13,8.49,8.64,8.23,8.59,2383635.0,65345084.0,160000000.0,0.01489771875
2013-09-16,8.58,8.87,8.54,8.74,2549955.0,72720952.0,160000000.0,0.01593721875
2013-09-17,8.76,8.9,8.62,8.71,2355627.0,67457216.0,160000000.0,0.01472266875
2013-09-18,8.6,8.79,8.59,8.68,1782299.0,50630844.0,160000000.0,0.01113936875
2013-09-23,8.72,9.0,8.69,8.99,2555255.0,74031544.0,160000000.0,0.01597034375
2013-09-24,9.04,9.07,8.76,8.89,2324742.0,67663000.0,160000000.0,0.0145296375
2013-09-25,8.83,8.95,8.61,8.69,2084478.0,59604532.0,160000000.0,0.0130279875
2013-09-26,8.67,8.7,8.47,8.54,1670253.0,46716620.0,160000000.0,0.01043908125
2013-09-27,8.54,8.64,8.47,8.49,1230297.0,34232932.0,160000000.0,0.00768935625
2013-09-30,8.56,8.7,8.52,8.69,1096136.0,30810974.0,160000000.0,0.00685085
2013-10-08,8.68,9.29,8.6,9.25,4438749.0,130704832.0,160000000.0,0.02774218125
2013-10-09,9.17,9.41,9.14,9.26,3660026.0,110706520.0,160000000.0,0.0228751625
2013-10-10,9.25,9.32,8.96,9.04,2895728.0,86120000.0,160000000.0,0.0180983
2013-10-11,9.05,9.25,8.96,9.15,2387992.0,70770480.0,160000000.0,0.01492495
2013-10-14,9.19,9.19,8.87,9.04,2255227.0,66289140.0,160000000.0,0.01409516875
2013-10-15,9.05,9.31,8.93,9.16,4196644.0,125052088.0,160000000.0,0.026229025
2013-10-16,8.98,9.14,8.56,8.67,3168500.0,90508360.0,160000000.0,0.019803125
2013-10-17,8.72,8.78,8.53,8.58,1558185.0,43941660.0,160000000.0,0.00973865625
2013-10-18,8.65,8.81,8.52,8.81,1602729.0,45438620.0,160000000.0,0.01001705625
2013-10-21,8.86,9.03,8.83,9.01,2744257.0,80294296.0,160000000.0,0.01715160625
2013-10-22,8.98,9.01,8.58,8.62,2568715.0,73339472.0,160000000.0,0.01605446875
2013-10-23,8.61,8.67,8.28,8.4,1962980.0,54254024.0,160000000.0,0.012268625
2013-10-24,8.35,8.54,8.28,8.35,1240379.0,34032612.0,160000000.0,0.00775236875
2013-10-25,8.35,8.52,8.35,8.4,1158446.0,31799904.0,160000000.0,0.0072402875
2013-10-28,8.43,8.61,8.38,8.53,898845.0,24926958.0,160000000.0,0.00561778125
2013-10-29,8.49,8.58,7.7,8.57,1876995.0,50675200.0,160000000.0,0.01173121875
2013-10-30,8.57,8.75,8.55,8.71,1399906.0,39669572.0,160000000.0,0.0087494125
2013-10-31,8.71,8.76,8.43,8.48,792906.0,22052662.0,160000000.0,0.0049556625
2013-11-01,8.48,8.53,8.28,8.31,787663.0,21411988.0,160000000.0,0.00492289375
2013-11-04,8.31,8.47,8.22,8.27,823610.0,22405726.0,160000000.0,0.0051475625
2013-11-05,8.23,8.38,8.22,8.37,925496.0,25132578.0,160000000.0,0.00578435
2013-11-06,8.38,8.5,8.32,8.33,927708.0,25457984.0,160000000.0,0.005798175
2013-11-07,8.28,8.33,8.18,8.18,757878.0,20350946.0,160000000.0,0.0047367375
2013-11-08,8.17,8.23,7.99,8.02,602711.0,15876323.0,160000000.0,0.00376694375
2013-11-11,8.0,8.18,7.97,8.13,409507.0,10767982.0,160000000.0,0.00255941875
2013-11-12,8.12,8.26,8.12,8.2,626749.0,16797034.0,160000000.0,0.00391718125
2013-11-13,8.12,8.24,8.03,8.04,680439.0,17992706.0,160000000.0,0.00425274375
2013-11-14,8.03,8.27,7.92,8.27,1012216.0,26865902.0,160000000.0,0.00632635
2013-11-15,8.25,8.64,8.25,8.62,2568448.0,71389712.0,160000000.0,0.0160528
2013-11-18,8.68,8.92,8.67,8.78,3197508.0,91805888.0,160000000.0,0.019984425
2013-11-19,8.88,8.91,8.79,8.8,2742609.0,79241880.0,160000000.0,0.01714130625
2013-11-20,8.86,9.16,8.86,9.14,4137250.0,122329992.0,160000000.0,0.0258578125
2013-11-21,9.18,9.31,9.05,9.09,3793151.0,113468360.0,160000000.0,0.02370719375
2013-11-22,9.08,9.21,8.83,8.9,2304624.0,67540752.0,160000000.0,0.0144039
2013-11-25,8.9,9.04,8.8,8.92,1563732.0,45693944.0,160000000.0,0.009773325
2013-11-26,8.92,9.56,8.92,9.44,6132739.0,186853904.0,160000000.0,0.03832961875
2013-11-27,9.4,9.6,9.34,9.53,4910449.0,152006256.0,160000000.0,0.03069030625
2013-11-28,9.59,9.89,9.38,9.87,5549189.0,173952048.0,160000000.0,0.03468243125
2013-11-29,9.81,10.85,9.72,10.82,10586804.0,360335840.0,160000000.0,0.066167525
2013-12-09,10.08,10.41,9.74,10.39,8910472.0,291967168.0,160000000.0,0.05569045
2013-12-10,10.3,10.51,9.9,9.94,5437372.0,180083360.0,160000000.0,0.033983575
2013-12-11,9.92,10.05,9.74,9.76,3638548.0,116759552.0,160000000.0,0.022740925
2013-12-12,9.78,10.22,9.78,10.05,4260124.0,139364912.0,160000000.0,0.026625775
2013-12-13,10.11,10.3,9.88,10.09,3245098.0,107313720.0,160000000.0,0.0202818625
2013-12-16,10.05,10.05,9.44,9.44,5266154.0,165603808.0,160000000.0,0.0329134625
2013-12-17,9.44,9.5,9.1,9.23,3614318.0,109292400.0,160000000.0,0.0225894875
2013-12-18,9.19,9.61,9.14,9.55,2982242.0,92312864.0,160000000.0,0.0186390125
2013-12-19,9.61,9.74,9.44,9.45,2938679.0,92403952.0,160000000.0,0.01836674375
2013-12-20,9.45,9.91,9.36,9.81,3991751.0,126384256.0,160000000.0,0.02494844375
2013-12-23,9.76,10.74,9.76,10.51,6616912.0,223185760.0,160000000.0,0.0413557
2013-12-24,10.39,10.83,10.38,10.73,6185484.0,215105424.0,160000000.0,0.038659275
2013-12-25,10.64,10.81,10.34,10.73,5753748.0,198890896.0,160000000.0,0.035960925
2013-12-26,10.73,11.19,10.48,10.53,5793310.0,206267392.0,160000000.0,0.0362081875
2013-12-27,10.44,11.01,10.43,10.79,4427524.0,155463984.0,160000000.0,0.027672025
2013-12-30,10.82,11.77,10.82,11.58,5596900.0,207796512.0,160000000.0,0.034980625
2013-12-31,11.46,11.65,11.19,11.41,4148740.0,154202560.0,160000000.0,0.025929625
2014-01-02,11.5,11.69,11.31,11.52,3912890.0,147117280.0,160000000.0,0.0244555625
2014-01-03,11.43,11.77,11.13,11.46,4299207.0,160318608.0,160000000.0,0.02687004375
2014-01-06,11.59,11.59,10.7,10.78,3597346.0,130053440.0,160000000.0,0.0224834125
2014-01-07,10.7,10.97,10.63,10.8,2517421.0,88480384.0,160000000.0,0.01573388125
2014-01-08,10.81,11.27,10.81,11.09,3401654.0,123220424.0,160000000.0,0.0212603375
2014-01-09,10.97,11.19,10.58,10.82,4373767.0,155784816.0,160000000.0,0.02733604375
2014-01-10,10.63,10.82,10.37,10.4,3548520.0,122432832.0,160000000.0,0.02217825
2014-01-13,10.51,10.68,10.39,10.51,2145714.0,73768152.0,160000000.0,0.0134107125
2014-01-14,10.51,11.02,10.49,11.01,3236045.0,114264872.0,160000000.0,0.02022528125
2014-01-15,10.97,11.16,10.84,11.08,3113452.0,111771936.0,160000000.0,0.019459075
2014-01-16,11.1,11.21,10.88,11.01,2341072.0,84136728.0,160000000.0,0.0146317
2014-01-17,10.94,11.02,10.61,10.65,2392082.0,83973664.0,160000000.0,0.0149505125
2014-01-20,10.64,10.78,10.11,10.15,2731780.0,92990376.0,160000000.0,0.017073625
2014-01-21,10.15,10.4,10.15,10.36,1853323.0,62262032.0,160000000.0,0.01158326875
2014-01-22,10.39,10.82,10.3,10.72,2941042.0,101528912.0,160000000.0,0.0183815125
2014-01-23,10.66,10.88,10.57,10.72,2498810.0,87372632.0,160000000.0,0.0156175625
2014-01-24,10.7,11.21,10.7,11.06,4286222.0,154323152.0,160000000.0,0.0267888875
2014-01-27,11.0,11.3,11.0,11.04,2994663.0,108544104.0,160000000.0,0.01871664375
2014-01-28,11.04,11.18,10.78,10.86,2128920.0,75840480.0,160000000.0,0.01330575
2014-01-29,10.84,11.21,10.84,11.18,2366196.0,85591056.0,160000000.0,0.014788725
2014-01-30,11.1,11.26,10.96,11.03,1480699.0,53366320.0,160000000.0,0.00925436875
2014-02-07,10.84,11.34,10.79,11.27,3200499.0,115592400.0,160000000.0,0.02000311875
2014-02-10,11.31,11.82,11.31,11.65,4179811.0,158318736.0,160000000.0,0.02612381875
2014-02-11,11.64,12.32,11.58,12.26,7412899.0,292419872.0,160000000.0,0.04633061875
2014-02-12,12.26,12.49,12.01,12.3,3555879.0,141819360.0,160000000.0,0.02222424375
2014-02-13,12.29,12.32,11.15,11.33,5016446.0,192495712.0,160000000.0,0.0313527875
2014-02-14,11.31,11.58,11.25,11.55,3181896.0,118832744.0,160000000.0,0.01988685
2014-02-17,11.53,12.05,11.41,12.02,5341534.0,204604032.0,160000000.0,0.0333845875
2014-02-18,11.98,12.26,11.65,11.71,4979791.0,194254944.0,160000000.0,0.03112369375
2014-02-19,11.65,12.13,11.43,11.96,6913993.0,267205744.0,160000000.0,0.04321245625
2014-02-20,11.34,11.95,11.08,11.34,7933729.0,294828800.0,160000000.0,0.04958580625
2014-02-21,11.37,11.52,10.53,10.8,7922615.0,281489408.0,160000000.0,0.04951634375
2014-02-24,10.76,10.87,10.48,10.8,2581521.0,90352280.0,160000000.0,0.01613450625
2014-02-25,10.85,11.09,9.98,10.18,4738260.0,164524832.0,160000000.0,0.029614125
2014-02-26,10.15,10.34,9.84,10.05,2913676.0,95639640.0,160000000.0,0.018210475
2014-02-27,10.11,10.28,9.96,10.05,2250523.0,74284448.0,160000000.0,0.01406576875
2014-02-28,10.24,10.74,10.09,10.74,3887018.0,132160792.0,160000000.0,0.0242938625
2014-03-03,10.74,10.91,10.55,10.86,3018300.0,105983752.0,160000000.0,0.018864375
2014-03-04,10.82,10.83,10.5,10.67,2009439.0,69819240.0,160000000.0,0.01255899375
2014-03-05,10.64,10.89,10.59,10.67,1798306.0,63121736.0,160000000.0,0.0112394125
2014-03-06,10.73,10.79,10.42,10.62,1456010.0,50138248.0,160000000.0,0.0091000625
2014-03-07,10.63,10.75,10.12,10.41,3193951.0,108906304.0,160000000.0,0.01996219375
2014-03-10,10.41,10.6,10.09,10.33,1375461.0,46328612.0,160000000.0,0.00859663125
2014-03-11,10.31,10.45,10.12,10.19,1051710.0,35203812.0,160000000.0,0.0065731875
2014-03-12,10.16,10.26,9.68,9.93,1605770.0,52183272.0,160000000.0,0.0100360625
2014-03-13,9.86,10.01,9.81,9.92,1625117.0,52500180.0,160000000.0,0.01015698125
2014-03-14,9.91,9.96,9.49,9.85,1719805.0,54816884.0,160000000.0,0.01074878125
2014-03-17,9.86,10.27,9.78,10.24,2083121.0,68535072.0,160000000.0,0.01301950625
2014-03-18,10.23,10.48,10.18,10.21,1688927.0,57007636.0,160000000.0,0.01055579375
2014-03-19,10.2,10.3,10.06,10.23,935861.0,31122466.0,160000000.0,0.00584913125
2014-03-20,10.24,10.42,9.99,9.99,1323326.0,44331152.0,160000000.0,0.0082707875
2014-03-21,9.96,10.24,9.52,10.19,5460920.0,174384016.0,160000000.0,0.03413075
2014-03-24,10.2,10.29,10.03,10.03,1031363.0,34039956.0,160000000.0,0.00644601875
2014-03-25,9.95,10.1,9.95,10.08,592036.0,19388010.0,160000000.0,0.003700225
2014-03-26,10.09,10.18,9.99,10.12,958911.0,31559776.0,160000000.0,0.00599319375
2014-03-27,10.11,10.12,9.63,9.63,1367361.0,43845036.0,160000000.0,0.00854600625
2014-03-28,9.52,9.64,9.12,9.31,2198330.0,66876124.0,160000000.0,0.0137395625
2014-03-31,9.25,9.37,9.2,9.26,651541.0,19758454.0,160000000.0,0.00407213125
2014-04-01,9.26,9.44,9.2,9.44,663559.0,20221050.0,160000000.0,0.00414724375
2014-04-02,9.44,9.45,9.25,9.31,541663.0,16496649.0,160000000.0,0.00338539375
2014-04-03,9.26,9.47,9.24,9.46,720457.0,21982094.0,160000000.0,0.00450285625
2014-04-04,9.44,9.58,9.35,9.56,863116.0,26651154.0,160000000.0,0.005394475
2014-04-08,9.44,9.74,9.39,9.66,953185.0,29931662.0,160000000.0,0.00595740625
2014-04-09,9.69,9.73,9.56,9.66,710257.0,22398082.0,160000000.0,0.00443910625
2014-04-10,9.69,9.88,9.69,9.76,922560.0,29456592.0,160000000.0,0.005766
2014-04-11,9.75,9.75,9.5,9.56,1056184.0,32985952.0,160000000.0,0.00660115
2014-04-14,9.53,9.7,9.44,9.52,708495.0,21988080.0,160000000.0,0.00442809375
2014-04-15,9.52,9.74,9.52,9.69,1248691.0,39443176.0,160000000.0,0.00780431875
2014-04-16,9.67,9.75,9.58,9.71,696060.0,21973668.0,160000000.0,0.004350375
2014-04-17,9.71,9.91,9.71,9.88,1234718.0,39707596.0,160000000.0,0.0077169875
2014-04-18,9.81,9.99,9.8,9.9,1172471.0,37900896.0,160000000.0,0.00732794375
2014-04-21,9.81,9.9,9.69,9.73,1076667.0,34289964.0,160000000.0,0.00672916875
2014-04-22,9.73,9.79,9.32,9.49,1088438.0,33651416.0,160000000.0,0.0068027375
2014-04-23,9.42,9.6,9.41,9.56,893558.0,27708970.0,160000000.0,0.0055847375
2014-04-24,9.51,9.65,9.37,9.59,1030772.0,31904132.0,160000000.0,0.006442325
2014-04-25,9.5,9.61,8.89,9.35,2973639.0,90485696.0,160000000.0,0.01858524375
2014-04-28,9.31,9.31,8.83,8.95,1945891.0,56879832.0,160000000.0,0.01216181875
2014-04-29,8.74,9.23,8.74,9.18,2619831.0,76977512.0,160000000.0,0.01637394375
2014-04-30,9.36,9.36,9.04,9.3,2174386.0,65189928.0,160000000.0,0.0135899125
2014-05-05,9.2,9.32,9.1,9.32,576722.0,17301356.0,160000000.0,0.0036045125
2014-05-06,9.53,9.53,9.2,9.32,1717500.0,52224008.0,160000000.0,0.010734375
2014-05-07,9.4,9.4,9.04,9.04,728959.0,21743050.0,160000000.0,0.00455599375
2014-05-08,8.99,9.14,8.89,8.98,609525.0,17873566.0,160000000.0,0.00380953125
2014-05-09,8.97,8.98,8.64,8.79,1070594.0,30568834.0,160000000.0,0.0066912125
2014-05-12,8.86,9.04,8.79,9.04,884636.0,25679304.0,160000000.0,0.005528975
2014-05-13,9.05,9.06,8.89,8.95,642860.0,18637634.0,160000000.0,0.004017875
2014-05-14,9.01,9.01,8.87,8.95,646409.0,18606900.0,160000000.0,0.00404005625
2014-05-15,8.89,8.93,8.68,8.78,2016618.0,57317256.0,160000000.0,0.0126038625
2014-05-16,8.78,8.78,8.36,8.5,2237826.0,61644988.0,160000000.0,0.0139864125
2014-05-19,8.42,8.58,8.16,8.56,3559886.0,95996224.0,160000000.0,0.0222492875
2014-05-20,8.56,8.64,8.44,8.55,850033.0,23542036.0,160000000.0,0.00531270625
2014-05-21,8.53,8.7,8.47,8.68,741709.0,20658666.0,160000000.0,0.00463568125
2014-05-22,8.71,8.75,8.63,8.75,1450782.0,40914912.0,160000000.0,0.0090673875
2014-05-23,8.77,8.86,8.66,8.86,844208.0,23909976.0,160000000.0,0.0052763
2014-05-26,8.87,9.21,8.81,9.17,2837116.0,82618152.0,160000000.0,0.017731975
2014-05-27,9.15,9.21,9.01,9.12,2489378.0,73505000.0,160000000.0,0.0155586125
2014-05-28,9.14,9.24,9.0,9.22,2333671.0,68999200.0,160000000.0,0.01458544375
2014-05-29,9.27,9.4,8.97,9.03,2225712.0,66399556.0,160000000.0,0.0139107
2014-05-30,8.92,9.57,8.9,9.55,4585874.0,138085520.0,160000000.0,0.0286617125
2014-06-03,9.62,10.35,9.57,10.18,8803803.0,284084320.0,160000000.0,0.05502376875
2014-06-04,10.08,10.13,9.79,9.99,4137313.0,133207896.0,160000000.0,0.02585820625
2014-06-05,9.92,10.41,9.83,10.33,8159248.0,268130624.0,160000000.0,0.0509953
2014-06-06,10.33,10.45,10.06,10.14,4454955.0,147459728.0,160000000.0,0.02784346875
2014-06-09,10.25,10.25,9.78,9.98,3640569.0,117027280.0,160000000.0,0.02275355625
2014-06-10,9.89,10.32,9.89,10.25,7890368.0,256793632.0,160000000.0,0.0493148
2014-06-11,10.2,10.9,10.15,10.6,11749033.0,398729376.0,160000000.0,0.07343145625
2014-06-12,10.61,10.8,10.43,10.59,6966880.0,239743248.0,160000000.0,0.043543
2014-06-13,10.59,10.88,10.47,10.58,11290151.0,389088704.0,160000000.0,0.07056344375
2014-06-16,10.54,10.75,10.42,10.44,6172721.0,211767936.0,160000000.0,0.03857950625
2014-06-17,10.37,10.75,10.2,10.7,11101164.0,377097472.0,160000000.0,0.069382275
2014-06-18,10.82,10.82,10.5,10.5,5805761.0,200506224.0,160000000.0,0.03628600625
2014-06-19,10.54,10.55,9.74,9.8,8490012.0,276794496.0,160000000.0,0.053062575
2014-06-20,9.76,10.07,9.73,10.02,5122439.0,164190480.0,160000000.0,0.03201524375
2014-06-23,9.96,10.34,9.96,10.18,6240699.0,204715584.0,160000000.0,0.03900436875
2014-06-24,10.2,10.33,10.06,10.16,4717043.0,155269408.0,160000000.0,0.02948151875
2014-06-25,10.2,10.23,10.07,10.14,2725832.0,89270888.0,160000000.0,0.01703645
2014-06-26,10.14,10.67,10.09,10.49,7176611.0,241476288.0,160000000.0,0.04485381875
2014-06-27,10.53,10.72,10.37,10.64,6069889.0,207261152.0,160000000.0,0.03793680625
2014-06-30,10.64,10.75,10.54,10.63,3366217.0,115986816.0,160000000.0,0.02103885625
2014-07-01,10.64,10.86,10.52,10.69,4846370.0,167948880.0,160000000.0,0.0302898125
2014-07-02,10.85,10.85,10.55,10.63,2703492.0,93477896.0,160000000.0,0.016896825
2014-07-03,10.59,10.97,10.47,10.72,4519885.0,156630416.0,160000000.0,0.02824928125
2014-07-04,10.72,10.72,10.51,10.54,1906497.0,65273296.0,160000000.0,0.01191560625
2014-07-07,10.55,10.71,10.43,10.69,3914210.0,133757504.0,160000000.0,0.0244638125
2014-07-08,10.6,11.25,10.55,11.19,9827225.0,347149696.0,160000000.0,0.06142015625
2014-07-09,11.53,11.53,11.02,11.02,6848531.0,249194400.0,160000000.0,0.04280331875
2014-07-10,10.97,11.34,10.89,11.27,5999959.0,217563088.0,160000000.0,0.03749974375
2014-07-11,11.31,11.54,10.67,10.74,7948788.0,286302560.0,160000000.0,0.049679925
2014-07-14,10.73,10.85,10.42,10.64,4297163.0,146734688.0,160000000.0,0.02685726875
2014-07-15,10.61,10.61,10.38,10.45,2487279.0,84175224.0,160000000.0,0.01554549375
2014-07-16,10.44,10.48,10.2,10.23,2179257.0,72703888.0,160000000.0,0.01362035625
2014-07-17,10.27,10.43,10.23,10.42,1227213.0,41009336.0,160000000.0,0.00767008125
2014-07-18,10.37,10.55,10.26,10.26,1490549.0,50213152.0,160000000.0,0.00931593125
2014-07-21,10.26,10.35,9.92,9.98,2191187.0,71215944.0,160000000.0,0.01369491875
2014-07-22,9.98,10.43,9.98,10.34,2539552.0,84268560.0,160000000.0,0.0158722
2014-07-23,10.33,10.36,9.92,10.08,2408103.0,79099960.0,160000000.0,0.01505064375
2014-07-24,10.08,10.19,9.84,10.19,1243166.0,40258588.0,160000000.0,0.0077697875
2014-07-25,10.19,10.3,10.08,10.25,1258333.0,41535316.0,160000000.0,0.00786458125
2014-07-28,10.26,10.49,10.23,10.4,1617669.0,54247032.0,160000000.0,0.01011043125
2014-07-29,10.46,10.66,10.45,10.45,1972607.0,67283656.0,160000000.0,0.01232879375
2014-07-30,10.46,10.57,10.27,10.51,2093294.0,70484320.0,160000000.0,0.0130830875
2014-07-31,10.51,10.51,10.33,10.41,1222357.0,41198168.0,160000000.0,0.00763973125
2014-08-01,10.41,10.44,10.21,10.22,1451997.0,48477680.0,160000000.0,0.00907498125
2014-08-04,10.21,10.28,10.14,10.2,1736407.0,57238092.0,160000000.0,0.01085254375
2014-08-05,10.2,10.38,10.14,10.37,1652702.0,54947736.0,160000000.0,0.0103293875
2014-08-06,10.37,10.42,10.22,10.27,2198553.0,73265384.0,160000000.0,0.01374095625
2014-08-07,10.26,10.37,10.24,10.24,1477134.0,49213544.0,160000000.0,0.0092320875
2014-08-08,10.21,10.61,10.2,10.61,3348811.0,113621576.0,160000000.0,0.02093006875
2014-08-11,10.64,10.87,10.64,10.74,3443565.0,120072216.0,160000000.0,0.02152228125
2014-08-12,10.77,10.84,10.69,10.81,2435733.0,84974728.0,160000000.0,0.01522333125
2014-08-13,10.81,10.86,10.62,10.67,1643249.0,56864344.0,160000000.0,0.01027030625
2014-08-14,10.67,10.69,10.39,10.41,2385621.0,81393616.0,160000000.0,0.01491013125
2014-08-15,10.37,10.64,10.37,10.57,1845190.0,63036888.0,160000000.0,0.0115324375
2014-08-18,10.56,11.19,10.56,11.14,5536391.0,196959872.0,160000000.0,0.03460244375
2014-08-19,11.13,11.25,10.97,11.02,2385588.0,85626128.0,160000000.0,0.014909925
2014-08-20,11.03,11.24,11.02,11.03,2057387.0,74168008.0,160000000.0,0.01285866875
2014-08-21,11.05,11.18,10.92,11.09,2332020.0,83385304.0,160000000.0,0.014575125
2014-08-22,11.12,11.17,10.98,11.13,1905861.0,68469208.0,160000000.0,0.01191163125
2014-08-25,11.13,11.16,10.95,11.04,1659428.0,59182092.0,160000000.0,0.010371425
2014-08-26,10.99,11.07,10.7,10.74,1801226.0,63463752.0,160000000.0,0.0112576625
2014-08-27,10.79,11.05,10.76,10.81,2256568.0,79504040.0,160000000.0,0.01410355
2014-08-28,10.82,11.38,10.82,11.37,4472102.0,161707072.0,160000000.0,0.0279506375
2014-08-29,11.33,11.38,11.15,11.26,2555445.0,93112680.0,160000000.0,0.01597153125
2014-09-01,11.27,11.47,11.27,11.32,2144742.0,78929088.0,160000000.0,0.0134046375
2014-09-02,11.44,11.5,11.31,11.49,2541034.0,93732704.0,160000000.0,0.0158814625
2014-09-03,11.49,11.75,11.46,11.49,2528345.0,94974616.0,160000000.0,0.01580215625
2014-09-04,11.51,12.02,11.51,11.83,3587597.0,137451984.0,160000000.0,0.02242248125
2014-09-05,11.92,11.92,11.55,11.72,2600850.0,98479176.0,160000000.0,0.0162553125
2014-09-09,11.74,11.81,11.62,11.67,1687198.0,63910780.0,160000000.0,0.0105449875
2014-09-10,11.66,11.81,11.56,11.69,1560001.0,59113652.0,160000000.0,0.00975000625
2014-09-11,11.7,11.76,11.38,11.44,2716551.0,101800480.0,160000000.0,0.01697844375
2014-09-12,11.44,11.58,11.37,11.53,1564537.0,58100180.0,160000000.0,0.00977835625
2014-09-15,11.5,12.09,11.45,11.91,4919195.0,188707856.0,160000000.0,0.03074496875
2014-09-16,11.92,12.37,11.89,11.93,5635276.0,220827744.0,160000000.0,0.035220475
2014-09-17,12.02,12.18,11.77,12.05,3186180.0,123472992.0,160000000.0,0.019913625
2014-09-18,12.05,12.49,11.97,12.47,3970767.0,157959344.0,160000000.0,0.02481729375
2014-09-19,12.45,12.6,12.3,12.49,3449595.0,138993008.0,160000000.0,0.02155996875
2014-09-22,12.3,12.4,12.03,12.06,3168920.0,125116896.0,160000000.0,0.01980575
2014-09-23,12.06,12.56,12.01,12.56,3084692.0,123543264.0,160000000.0,0.019279325
2014-09-24,12.55,12.69,12.42,12.51,2201194.0,89369072.0,160000000.0,0.0137574625
2014-09-25,12.51,12.61,12.22,12.24,4342607.0,172793312.0,162830188.0,0.026669544838945958
2014-09-26,12.24,12.26,11.97,12.09,3816420.0,149687808.0,162830188.0,0.0234380371777253
2014-09-29,12.09,12.46,12.09,12.45,2804999.0,111519504.0,162830188.0,0.017226529272323876
2014-09-30,12.46,12.71,12.37,12.57,3501082.0,142228720.0,162830188.0,0.021501430680654868
2014-10-08,12.51,12.61,12.3,12.34,2975937.0,119529264.0,162830188.0,0.018276322324211773
2014-10-09,12.34,12.42,12.09,12.17,3163030.0,124891776.0,162830188.0,0.019425329165621303
2014-10-10,12.15,12.27,12.05,12.22,2301979.0,90705256.0,162830188.0,0.014137298668475407
2014-10-13,12.15,12.17,11.49,11.77,3793741.0,144824912.0,162830188.0,0.023298757107619382
2014-10-14,12.03,12.21,11.7,11.79,3154903.0,121887344.0,162830188.0,0.019375418273176716
2014-10-15,11.75,12.0,11.75,11.93,1681169.0,64641060.0,162830188.0,0.010324676404598882
2014-10-16,11.87,11.93,11.62,11.64,2869050.0,109152544.0,162830188.0,0.01761988999238888
2014-10-17,11.64,11.71,11.39,11.53,2162174.0,80848984.0,162830188.0,0.013278704806261109
2014-10-20,11.53,11.87,11.5,11.72,3352603.0,127101032.0,162830188.0,0.02058956659805613
2014-10-21,11.8,11.83,11.6,11.78,2238238.0,84925008.0,162830188.0,0.013745841772288563
2014-10-22,11.79,11.9,11.38,11.38,2478784.0,93134808.0,162830188.0,0.015223123122599354
2014-10-23,11.41,11.89,11.38,11.87,4125437.0,156476928.0,162830188.0,0.025335824091783275
2014-10-24,11.87,11.92,11.75,11.84,1539893.0,58905992.0,162830188.0,0.009457048591014339
2014-10-27,11.78,11.99,11.72,11.87,1734908.0,66774756.0,162830188.0,0.01065470734456193
2014-10-28,11.89,12.12,11.82,12.12,2169669.0,84615480.0,162830188.0,0.013324734354541186
2014-10-29,12.11,12.33,12.07,12.18,2980958.0,117680040.0,162830188.0,0.01830715812967065
2014-10-30,12.23,12.39,12.17,12.21,2208768.0,87566952.0,162830188.0,0.0135648556765162
2014-10-31,12.21,12.34,12.03,12.2,2894665.0,113630568.0,162830188.0,0.017777201117031197
2014-11-03,12.2,12.3,12.06,12.12,2202105.0,86821264.0,162830188.0,0.013523935745870415
2014-11-04,12.12,12.12,11.75,11.85,2497224.0,96200440.0,162830188.0,0.015336369936513246
2014-11-12,11.25,12.33,11.25,11.91,4196350.0,160876160.0,162830188.0,0.025771326874596497
2014-11-13,11.96,12.04,11.52,11.54,1680086.0,63887844.0,162830188.0,0.010318025303760013
2014-11-14,11.74,11.74,11.54,11.65,1238273.0,46603972.0,162830188.0,0.007604689371236248
2014-11-17,11.62,12.15,11.62,12.01,2048265.0,79675792.0,162830188.0,0.012579147792914174
2014-11-18,12.01,12.24,11.9,11.91,1777197.0,69379512.0,162830188.0,0.010914419628379966
2014-11-19,11.91,12.21,11.81,12.09,2601464.0,101271728.0,162830188.0,0.015976546068963576
2014-11-20,12.03,12.51,12.03,12.37,3692498.0,147380208.0,162830188.0,0.022676986653113733
2014-11-21,12.34,12.43,12.27,12.32,1955565.0,78079208.0,162830188.0,0.012009843039670261
2014-11-24,12.35,12.58,12.3,12.36,2514014.0,101198992.0,162830188.0,0.015439483494301437
2014-11-25,12.3,12.51,12.13,12.15,4220196.0,167463584.0,162830188.0,0.025917773920398592
2014-11-26,12.15,12.46,12.06,12.31,2987352.0,118371400.0,162830188.0,0.018346426032499575
2014-11-27,12.43,12.55,12.1,12.27,2756224.0,110059752.0,162830188.0,0.016926984079880813
2014-11-28,12.21,12.47,12.13,12.26,2828890.0,112230488.0,162830188.0,0.017373252679656673
2014-12-01,12.41,13.49,12.29,13.49,9329809.0,392440480.0,162830188.0,0.05729778436416225
2014-12-02,13.48,13.6,13.2,13.56,6042790.0,262318192.0,162830188.0,0.037110993202317005
2014-12-03,13.45,13.84,13.2,13.55,5063166.0,220508976.0,162830188.0,0.031094762354508858
2014-12-04,13.51,13.85,13.42,13.48,4602954.0,202155904.0,162830188.0,0.028268431404132505
2014-12-05,13.43,13.43,12.52,12.61,5902992.0,245402384.0,162830188.0,0.03625244232967415
2014-12-08,12.52,12.92,12.34,12.44,4120443.0,168207904.0,162830188.0,0.02530515410324282
2014-12-09,12.34,12.67,12.18,12.24,4691885.0,188016624.0,162830188.0,0.02881458934383838
2014-12-10,12.24,12.45,11.49,12.41,3025184.0,120145720.0,162830188.0,0.01857876624204352
2014-12-11,12.24,12.43,12.15,12.3,2664168.0,106085024.0,162830188.0,0.0163616343672096
2014-12-12,12.3,12.77,12.3,12.76,3210900.0,130593240.0,162830188.0,0.019719316420613604
2014-12-15,12.68,13.08,12.59,12.8,2778172.0,115422656.0,162830188.0,0.01706177481045468
2014-12-16,12.8,12.92,12.46,12.52,2323931.0,94617992.0,162830188.0,0.014272113964518668
2014-12-17,12.53,12.58,12.2,12.29,2401151.0,95413088.0,162830188.0,0.014746350351201462
2014-12-18,12.24,12.24,11.95,11.98,3365905.0,131493912.0,162830188.0,0.020671259066531323
2014-12-19,11.95,11.95,11.52,11.62,3089623.0,116623368.0,162830188.0,0.0189745098126399
2014-12-22,11.51,11.99,11.29,11.74,3052787.0,114585560.0,162830188.0,0.01874828640497547
2014-12-23,11.75,11.9,11.5,11.56,1366401.0,51620552.0,162830188.0,0.008391570486917327
2014-12-24,11.59,11.89,11.59,11.83,1303366.0,49616996.0,162830188.0,0.008004449396078816
2014-12-25,11.76,12.01,11.75,11.86,1319458.0,50691356.0,162830188.0,0.008103276279457467
2014-12-26,11.96,11.96,11.77,11.85,1004576.0,38489528.0,162830188.0,0.006169470245898138
2014-12-29,11.85,11.85,11.21,11.36,3137438.0,115651944.0,162830188.0,0.019268159292428012
2014-12-30,11.44,11.62,11.33,11.39,1594330.0,59035388.0,162830188.0,0.009791366205386927
2014-12-31,11.4,11.5,11.35,11.49,1077739.0,39876444.0,162830188.0,0.006618791105246406
2015-01-05,11.49,11.55,11.05,11.26,2443489.0,88663472.0,162830188.0,0.015006363562019592
2015-01-06,11.26,11.62,11.22,11.6,2443106.0,90206272.0,162830188.0,0.01500401141832496
2015-01-07,11.62,11.72,11.41,11.45,1955965.0,72948784.0,162830188.0,0.012012299586609824
2015-01-08,11.48,11.55,11.28,11.46,1610408.0,59529564.0,162830188.0,0.009890107109622695
2015-01-09,11.46,11.6,11.38,11.4,1712936.0,63734008.0,162830188.0,0.01051976922117169
2015-01-12,11.42,11.52,11.05,11.16,1775200.0,64690764.0,162830188.0,0.010902155317784193
2015-01-13,11.13,11.98,11.13,11.78,3892403.0,146705696.0,162830188.0,0.023904676692997492
2015-01-14,11.87,11.87,11.64,11.83,1827274.0,69481176.0,162830188.0,0.011221960881111308
2015-01-15,11.9,12.05,11.75,11.82,1594956.0,61403028.0,162830188.0,0.009795210701347345
2015-01-16,11.83,12.03,11.63,11.89,1827508.0,69897936.0,162830188.0,0.011223397961070953
2015-01-19,11.76,12.05,11.35,11.56,2470025.0,94092848.0,162830188.0,0.015169330885990257
2015-01-20,11.58,12.0,11.58,11.99,2451444.0,93833944.0,162830188.0,0.015055218139280168
2015-01-21,12.06,12.37,12.0,12.22,3438289.0,136200304.0,160000000.0,0.02148930625
2015-01-22,12.21,12.4,12.14,12.35,2949173.0,117541048.0,160000000.0,0.01843233125
2015-01-23,12.36,12.43,11.98,12.05,2866256.0,113398760.0,160000000.0,0.0179141
2015-01-26,12.06,12.39,12.06,12.22,3056913.0,121294912.0,160000000.0,0.01910570625
2015-01-27,12.27,12.63,12.23,12.53,4263897.0,172065840.0,160000000.0,0.02664935625
2015-01-28,12.59,12.86,12.37,12.49,3681360.0,150240688.0,160000000.0,0.0230085
2015-01-29,12.31,12.43,12.21,12.29,2411240.0,96020440.0,160000000.0,0.01507025
2015-01-30,12.37,12.37,11.98,12.0,1850071.0,72384840.0,160000000.0,0.01156294375
2015-02-02,11.95,12.2,11.88,11.99,1192026.0,46405540.0,160000000.0,0.0074501625
2015-02-03,12.06,12.55,12.04,12.42,3398628.0,135809728.0,160000000.0,0.021241425
2015-02-04,12.5,12.67,12.22,12.25,2029458.0,81155176.0,160000000.0,0.0126841125
2015-02-05,12.33,12.62,12.32,12.36,3149852.0,126799272.0,160000000.0,0.019686575
2015-02-06,12.36,12.49,11.9,11.96,2139764.0,83452200.0,160000000.0,0.013373525
2015-02-09,12.0,12.04,11.59,11.67,1353473.0,51664236.0,160000000.0,0.00845920625
2015-02-10,11.75,11.81,11.64,11.81,1099131.0,41703788.0,160000000.0,0.00686956875
2015-02-11,11.81,12.06,11.79,11.96,1007084.0,39057848.0,160000000.0,0.006294275
2015-02-12,12.05,12.4,11.93,12.38,2701378.0,107342224.0,160000000.0,0.0168836125
2015-02-13,12.39,12.54,12.27,12.27,2900470.0,116087848.0,160000000.0,0.0181279375
2015-02-16,12.36,13.04,12.32,12.77,3974233.0,163107232.0,160000000.0,0.02483895625
2015-02-17,12.74,12.85,12.59,12.67,2248128.0,92398952.0,160000000.0,0.0140508
2015-02-25,12.74,13.1,12.58,12.83,2726597.0,113249144.0,160000000.0,0.01704123125
2015-02-26,12.9,12.92,12.58,12.63,2214608.0,90989416.0,160000000.0,0.0138413
2015-02-27,12.49,12.68,12.35,12.68,4465650.0,180462432.0,160000000.0,0.0279103125
2015-03-02,12.71,13.05,12.67,12.97,4131779.0,172381200.0,160000000.0,0.02582361875
2015-03-03,12.97,12.97,12.59,12.6,3043155.0,125945592.0,160000000.0,0.01901971875
2015-03-04,12.58,13.47,12.56,13.26,5680731.0,241654000.0,160000000.0,0.03550456875
2015-03-05,13.28,13.28,12.92,13.01,3400097.0,143313776.0,160000000.0,0.02125060625
2015-03-06,12.99,13.29,12.68,12.86,2573686.0,108030520.0,160000000.0,0.0160855375
2015-03-09,12.86,13.35,12.71,13.19,3973475.0,168888768.0,160000000.0,0.02483421875
2015-03-10,13.19,13.53,13.14,13.33,3562625.0,153683456.0,160000000.0,0.02226640625
2015-03-11,13.29,14.07,13.29,13.89,6506113.0,290599520.0,160000000.0,0.04066320625
2015-03-12,13.77,14.16,13.36,13.73,4356673.0,192761200.0,160000000.0,0.02722920625
2015-03-13,13.83,14.07,13.57,14.01,3619278.0,161878256.0,160000000.0,0.0226204875
2015-03-16,14.07,14.47,14.04,14.31,4569580.0,210241248.0,160000000.0,0.028559875
2015-03-17,14.22,14.56,13.85,13.94,5398678.0,246961632.0,160000000.0,0.0337417375
2015-03-18,13.94,15.15,13.67,14.85,5746978.0,268279968.0,160000000.0,0.0359186125
2015-03-19,14.84,15.39,14.72,15.37,5612214.0,273541952.0,160000000.0,0.0350763375
2015-03-20,14.84,15.05,14.69,14.76,9132922.0,437869664.0,160000000.0,0.0570807625
2015-03-23,14.82,14.98,14.54,14.86,6796220.0,323688704.0,160000000.0,0.042476375
2015-03-24,14.79,14.86,14.07,14.49,6656793.0,312123104.0,160000000.0,0.04160495625
2015-03-25,14.48,14.82,14.38,14.45,5784496.0,272628032.0,160000000.0,0.0361531
2015-03-26,14.44,14.44,13.6,13.84,6471541.0,293641984.0,160000000.0,0.04044713125
2015-03-27,13.85,14.0,13.65,13.89,3855650.0,172202592.0,160000000.0,0.0240978125
2015-03-30,14.05,14.13,13.82,14.07,4463192.0,201737264.0,160000000.0,0.02789495
2015-03-31,14.07,14.32,13.86,13.97,4097576.0,187404784.0,160000000.0,0.02560985
2015-04-01,14.0,14.39,13.98,14.31,4516892.0,208418912.0,160000000.0,0.028230575
2015-04-02,14.29,14.59,14.25,14.48,5565294.0,259333216.0,160000000.0,0.0347830875
2015-04-03,14.44,14.5,14.07,14.31,5571670.0,257122448.0,160000000.0,0.0348229375
2015-04-07,14.4,14.97,14.39,14.85,6981677.0,334006496.0,160000000.0,0.04363548125
2015-04-08,14.86,15.2,14.38,15.04,6959418.0,333264320.0,160000000.0,0.0434963625
2015-04-09,14.82,14.99,14.22,14.44,4516808.0,211687552.0,160000000.0,0.02823005
2015-04-10,14.41,14.69,14.25,14.69,2800154.0,131812160.0,160000000.0,0.0175009625
2015-04-13,14.75,16.15,14.69,16.15,8685330.0,438983168.0,160000000.0,0.0542833125
2015-04-14,16.5,17.12,16.18,16.54,7211456.0,387309920.0,160000000.0,0.0450716
2015-04-15,16.51,16.51,15.58,15.58,4870262.0,250819120.0,160000000.0,0.0304391375
2015-04-16,15.4,16.14,15.0,15.7,3719292.0,188184608.0,160000000.0,0.023245575
2015-04-17,16.01,16.11,15.3,15.45,4278433.0,216613264.0,160000000.0,0.02674020625
2015-04-20,15.45,15.45,14.3,14.38,7196367.0,343659008.0,160000000.0,0.04497729375
2015-04-21,14.47,14.95,14.47,14.95,4590052.0,219434288.0,160000000.0,0.028687825
2015-04-22,15.17,15.27,14.96,15.13,4713368.0,230887984.0,160000000.0,0.02945855
2015-04-23,15.15,15.39,14.96,15.24,4795799.0,235073600.0,160000000.0,0.02997374375
2015-04-24,15.12,15.13,14.69,14.98,3686470.0,178036576.0,160000000.0,0.0230404375
2015-04-27,15.15,15.56,15.04,15.24,4531585.0,224117184.0,160000000.0,0.02832240625
2015-04-28,15.36,15.87,15.25,15.49,6856214.0,345565632.0,160000000.0,0.0428513375
2015-04-29,15.46,15.92,14.84,15.83,5161700.0,260107392.0,160000000.0,0.032260625
2015-04-30,15.88,16.14,15.64,15.71,4317771.0,221227824.0,160000000.0,0.02698606875
2015-05-04,15.74,16.55,15.73,16.44,7016460.0,368910912.0,160000000.0,0.043852875
2015-05-05,16.38,16.55,15.46,15.67,4340615.0,223219152.0,160000000.0,0.02712884375
2015-05-06,15.73,16.04,15.15,15.18,3791523.0,191901760.0,160000000.0,0.02369701875
2015-05-07,14.84,15.12,14.53,14.59,3025157.0,144741744.0,160000000.0,0.01890723125
2015-05-08,14.92,15.1,14.65,15.1,4689485.0,224881472.0,160000000.0,0.02930928125
2015-05-11,15.38,15.89,15.21,15.89,5571255.0,283178048.0,160000000.0,0.03482034375
2015-05-12,15.89,16.23,15.71,16.02,5388882.0,278975872.0,160000000.0,0.0336805125
2015-05-13,15.92,17.28,15.72,16.83,7483090.0,406645824.0,160000000.0,0.0467693125
2015-05-14,17.4,17.71,16.57,16.62,7600735.0,422055712.0,160000000.0,0.04750459375
2015-05-15,16.39,16.96,16.04,16.87,4926259.0,261281600.0,160000000.0,0.03078911875
2015-05-18,16.7,17.61,16.7,17.59,6594931.0,366349056.0,160000000.0,0.04121831875
2015-05-19,17.38,17.74,17.07,17.52,5341633.0,300504384.0,160000000.0,0.03338520625
2015-05-20,17.59,18.39,17.5,17.64,8293353.0,479168608.0,160000000.0,0.05183345625
2015-05-21,18.06,19.2,17.65,18.92,7851192.0,469580768.0,160000000.0,0.04906995
2015-05-22,19.08,19.32,18.11,18.32,7649584.0,457217152.0,160000000.0,0.0478099
2015-05-25,18.12,19.0,17.57,18.49,5940062.0,351796576.0,160000000.0,0.0371253875
2015-05-26,18.58,20.34,18.58,20.34,7312704.0,462070464.0,160000000.0,0.0457044
2015-05-27,20.87,21.33,19.82,20.84,5522996.0,370791264.0,160000000.0,0.034518725
2015-05-28,20.56,21.01,18.75,18.75,6656090.0,429724224.0,160000000.0,0.0416005625
2015-05-29,19.04,20.25,18.63,20.06,6562442.0,415507104.0,160000000.0,0.0410152625
2015-06-01,20.35,21.49,20.02,21.4,6258690.0,419481344.0,160000000.0,0.0391168125
2015-06-02,21.19,22.24,21.08,21.97,5236094.0,366009472.0,160000000.0,0.0327255875
2015-06-03,21.98,22.43,20.63,21.45,4690299.0,322138912.0,160000000.0,0.02931436875
2015-06-04,21.25,21.31,19.41,21.03,4230526.0,279979488.0,160000000.0,0.0264407875
2015-06-05,21.34,21.73,20.56,20.72,4953635.0,335826432.0,160000000.0,0.03096021875
2015-06-08,20.59,20.72,19.54,19.85,5884466.0,375033760.0,160000000.0,0.0367779125
2015-06-09,19.84,20.36,19.75,20.21,3820944.0,245853488.0,160000000.0,0.0238809
2015-06-10,20.06,21.29,19.88,21.06,4798197.0,319422592.0,160000000.0,0.02998873125
2015-06-11,21.06,21.43,20.88,21.13,3574997.0,243160272.0,160000000.0,0.02234373125
2015-06-12,21.21,22.24,21.2,21.76,4250929.0,299149440.0,160000000.0,0.02656830625
2015-06-15,22.09,22.23,21.02,21.03,4521541.0,310348480.0,160000000.0,0.02825963125
2015-06-16,20.75,20.89,19.63,19.97,4246598.0,276329760.0,160000000.0,0.0265412375
2015-06-17,19.98,20.29,19.29,20.16,2887685.0,183818608.0,160000000.0,0.01804803125
2015-06-18,20.0,20.0,18.6,18.6,5114921.0,317918112.0,160000000.0,0.03196825625
2015-06-19,17.92,18.22,16.82,16.86,3111004.0,176885008.0,160000000.0,0.019443775
2015-06-23,17.14,18.04,16.81,17.9,3214400.0,179427584.0,160000000.0,0.02009
2015-06-24,18.16,18.59,17.88,18.2,3448277.0,202044944.0,160000000.0,0.02155173125
2015-06-25,18.26,18.53,17.49,17.54,3284888.0,192046016.0,160000000.0,0.02053055
2015-06-26,16.83,17.19,15.79,15.79,4477766.0,232658064.0,160000000.0,0.0279860375
2015-06-29,16.23,16.26,14.21,14.21,5650954.0,267776528.0,160000000.0,0.0353184625
2015-06-30,14.04,15.27,12.79,14.98,7257291.0,324429216.0,162830188.0,0.04456968998893498
2015-07-01,14.77,15.21,13.48,13.5,6271934.0,295157696.0,162830188.0,0.03851825068211553
2015-07-02,13.65,13.91,12.15,12.15,7481166.0,307739776.0,162830188.0,0.045944588604172096
2015-07-03,12.03,13.12,11.22,11.61,6588302.0,257069120.0,162830188.0,0.04046118278755534
2015-07-06,12.77,12.77,11.07,12.5,7987772.0,310437792.0,162830188.0,0.04905584215133375
2015-07-07,11.87,12.45,11.25,11.25,6763510.0,251694752.0,162830188.0,0.04153719947802308
2015-07-08,10.13,10.81,10.13,10.55,7852811.0,257993056.0,162830188.0,0.04822699707255758
2015-07-14,11.61,11.61,11.61,11.61,123353.0,4594899.0,162830188.0,0.000757556086590037
2015-07-15,12.77,12.77,12.4,12.42,9487010.0,384380544.0,162830188.0,0.05826321345277818
2015-07-16,11.82,13.15,11.64,12.87,7062098.0,287362272.0,162830188.0,0.04337093807199928
2015-07-17,13.17,14.16,13.17,14.16,6963071.0,308337120.0,162830188.0,0.042762776887538816
2015-07-20,14.11,14.8,13.88,14.17,8865244.0,405187520.0,162830188.0,0.0544447200417161
2015-07-21,13.78,14.48,13.65,14.28,5592778.0,252902016.0,162830188.0,0.03434730419889953
2015-07-22,14.08,14.86,14.02,14.55,5828059.0,270551488.0,162830188.0,0.03579225125011831
2015-07-23,14.58,15.22,14.37,15.12,6476164.0,308927392.0,162830188.0,0.03977250213578332
2015-07-24,15.27,15.65,14.49,14.64,7423368.0,361889952.0,162830188.0,0.04558962985413982
2015-07-27,14.34,14.94,13.18,13.18,6253554.0,285210208.0,162830188.0,0.03840537235024257
2015-07-28,12.43,13.47,12.18,12.88,7627775.0,313112352.0,162830188.0,0.046844968329828374
2015-07-29,13.24,14.02,12.62,14.01,4441287.0,186670800.0,162830188.0,0.027275574968936348
2015-07-30,13.81,14.33,13.25,13.4,4877564.0,219880800.0,162830188.0,0.02995491229181655
2015-07-31,13.15,14.23,13.05,13.77,5649662.0,244618992.0,162830188.0,0.0346966497391749
2015-08-03,13.77,13.97,12.84,13.09,3335015.0,143198592.0,162830188.0,0.02048155222912351
2015-08-04,13.32,14.36,13.16,14.34,3754820.0,165752144.0,162830188.0,0.023059728949032472
2015-08-05,14.33,14.6,14.01,14.12,3566107.0,163759920.0,162830188.0,0.02190077309251771
2015-08-06,13.73,14.2,13.64,13.8,2755489.0,123083544.0,162830188.0,0.016922470174879366
2015-08-07,13.99,14.55,13.88,14.49,4664929.0,214468336.0,162830188.0,0.028649042645581175
2015-08-10,14.67,15.45,14.49,15.21,4412916.0,211707408.0,162830188.0,0.02710133823588044
2015-08-11,15.08,15.23,14.79,14.91,4345613.0,209064512.0,162830188.0,0.026688005789196778
2015-08-12,14.75,15.32,14.72,14.86,3650322.0,176503920.0,162830188.0,0.022417968343806126
2015-08-13,14.8,15.17,14.73,15.16,2880986.0,138234928.0,162830188.0,0.017693193353065465
2015-08-14,15.22,15.3,14.84,14.99,2797251.0,135607872.0,162830188.0,0.017178945958104524
2015-08-17,14.89,14.93,14.51,14.81,3479635.0,164187840.0,162830188.0,0.021369716775122803
2015-08-18,14.78,15.19,13.33,13.33,4541463.0,209387712.0,162830188.0,0.02789079258448071
2015-08-19,13.05,13.98,12.74,13.86,3941546.0,168687840.0,162830188.0,0.024206481908624955
2015-08-20,13.71,14.58,13.71,14.18,3718011.0,170562368.0,162830188.0,0.022833671358286463
2015-08-21,13.37,13.47,12.76,12.76,4652864.0,194284800.0,162830188.0,0.02857494704851658
2015-08-24,11.84,12.05,11.48,11.48,5281471.0,195659696.0,162830188.0,0.032435453553612555
2015-08-25,10.44,11.26,10.33,10.33,4820124.0,165727248.0,162830188.0,0.029602152151295188
2015-08-26,10.53,11.05,9.97,10.06,5255430.0,178136880.0,162830188.0,0.032275526206479596
2015-08-27,10.47,10.74,10.05,10.74,3517320.0,118041672.0,162830188.0,0.02160115420366646
2015-08-28,10.95,11.53,10.76,11.53,4116925.0,146782272.0,162830188.0,0.025283548772909357
2015-08-31,11.43,11.43,10.6,10.6,3302809.0,116974984.0,162830188.0,0.020283763352284528
2015-09-01,10.59,10.84,9.62,9.81,3956115.0,130729912.0,162830188.0,0.024295955489531215
2015-09-02,9.41,10.28,9.22,10.12,3998416.0,126870792.0,162830188.0,0.024555741469757437
2015-09-07,10.13,10.81,10.12,10.43,3290666.0,111512072.0,162830188.0,0.02020918872856672
2015-09-08,10.28,11.03,10.22,10.96,2527690.0,85988136.0,162830188.0,0.015523472834165124
2015-09-09,11.07,11.48,10.92,11.24,4150066.0,149677648.0,162830188.0,0.02548707982821957
2015-09-10,11.06,11.31,10.87,10.93,2814228.0,100281328.0,162830188.0,0.017283207951586964
2015-09-11,10.98,11.22,10.88,11.08,2087879.0,74134200.0,162830188.0,0.012822431919073876
2015-09-14,11.18,11.2,9.97,9.97,3057257.0,102530672.0,162830188.0,0.018775738317025097
2015-09-15,9.88,9.94,8.99,9.09,2942635.0,89149008.0,162830188.0,0.018071802508758388
2015-09-16,9.22,10.0,9.04,9.98,2883373.0,87739072.0,162830188.0,0.017707852796927312
2015-09-17,9.88,10.38,9.73,9.85,3224029.0,104228512.0,162830188.0,0.019799946432537435
2015-09-18,9.95,10.44,9.85,10.28,3542263.0,115159216.0,162830188.0,0.02175433832945031
2015-09-21,10.13,10.73,10.03,10.73,2981954.0,100229592.0,162830188.0,0.01831327493155016
2015-09-22,10.73,10.96,10.54,10.72,2444500.0,84370840.0,162830188.0,0.01501257248440934
2015-09-23,10.59,10.76,10.44,10.63,2223963.0,75599504.0,162830188.0,0.01365817375338288
2015-09-24,10.72,10.89,10.56,10.72,1945008.0,67069664.0,162830188.0,0.011945008624567823
2015-09-25,10.71,10.84,10.03,10.15,2272735.0,76433752.0,162830188.0,0.013957700521723895
2015-09-28,10.17,10.71,9.98,10.68,1912293.0,64185688.0,162830188.0,0.011744093791748247
2015-09-29,10.47,10.65,10.28,10.4,1504446.0,50653144.0,162830188.0,0.009239355542597543
2015-09-30,10.52,10.67,10.19,10.31,2677435.0,89033728.0,162830188.0,0.016443111887827582
2015-10-08,10.81,11.05,10.71,10.93,4470443.0,156332944.0,162830188.0,0.027454632675361156
2015-10-09,10.98,11.89,10.96,11.74,6673187.0,243981024.0,162830188.0,0.04098249275496752
2015-10-12,11.9,12.91,11.9,12.91,7957710.0,318600192.0,162830188.0,0.04887122036609084
2015-10-13,12.81,13.16,12.76,13.15,4707715.0,195574256.0,162830188.0,0.028911807188971617
2015-10-14,12.87,13.05,12.59,12.59,4553178.0,186736768.0,162830188.0,0.027962738702973187
2015-10-15,12.6,13.22,12.6,13.08,7780403.0,324179936.0,180147395.0,0.04318909524059451
2015-10-16,13.27,13.37,12.78,13.05,5583094.0,233324896.0,180147395.0,0.03099181090017982
2015-10-19,13.18,13.19,12.77,13.15,5963461.0,249131456.0,180147395.0,0.033103231939601456
2015-10-20,13.09,14.24,13.07,13.88,8896205.0,392047360.0,180147395.0,0.049382923355622214
2015-10-21,13.77,13.87,12.49,12.5,9281356.0,392484288.0,180147395.0,0.051520900427119695
2015-10-22,12.56,13.02,12.34,13.01,6093798.0,250161120.0,180147395.0,0.033826733936396916
2015-10-23,13.25,13.39,12.88,13.36,6670769.0,282175296.0,180147395.0,0.03702950575555089
2015-10-26,13.44,13.99,13.24,13.67,7738547.0,336884896.0,180147395.0,0.04295675216397107
2015-10-27,13.53,13.7,12.77,13.61,4611459.0,197714016.0,180147395.0,0.025598255250929385
2015-10-28,13.53,14.02,13.37,13.38,5590317.0,246556064.0,180147395.0,0.031031905845765907
2015-10-29,13.77,14.33,13.67,13.85,10006720.0,448550656.0,180147395.0,0.05554740328051926
2015-10-30,13.87,14.49,13.58,14.11,9175405.0,413896032.0,180147395.0,0.05093276536138643
2015-11-02,13.72,14.49,13.59,13.91,8665459.0,391082560.0,180147395.0,0.04810204999078671
2015-11-03,13.91,14.2,13.6,14.02,5857651.0,261665856.0,180147395.0,0.032515879566285155
2015-11-04,14.23,15.42,14.15,15.39,10671740.0,512010944.0,180147395.0,0.05923893598350395
2015-11-05,15.27,15.42,14.96,15.11,8773492.0,427467168.0,180147395.0,0.048701742259442606
2015-11-06,15.23,15.98,15.17,15.58,8253466.0,415702656.0,180147395.0,0.04581507270754595
2015-11-09,15.33,16.14,15.13,15.78,8403800.0,422023456.0,180147395.0,0.046649578252297236
2015-11-10,15.71,16.33,15.52,15.68,6791348.0,346762080.0,180147395.0,0.037698840996285295
2015-11-11,15.62,16.32,15.58,16.27,8005257.0,411428992.0,180147395.0,0.044437262054219544
2015-11-12,16.31,16.5,15.63,15.91,8101932.0,415067200.0,180147395.0,0.044973905950735506
2015-11-13,15.63,15.78,15.18,15.35,6998980.0,347412992.0,180147395.0,0.0388514083148413
2015-11-16,15.2,16.89,15.07,16.89,11661199.0,612706240.0,180147395.0,0.0647314328358731
2015-11-17,16.79,17.04,16.1,16.17,11893829.0,632324544.0,180147395.0,0.06602276430364147
2015-11-18,16.29,16.45,15.89,16.01,5611628.0,292075712.0,180147395.0,0.031150203420926514
2015-11-19,16.36,16.88,16.07,16.77,8022412.0,426998624.0,180147395.0,0.04453248963161527
2015-11-20,16.86,17.19,16.58,16.98,8844962.0,481005536.0,180147395.0,0.04909847294766599
2015-11-23,16.98,18.06,16.98,17.26,8805380.0,495715520.0,180147395.0,0.04887875286789465
2015-11-24,17.42,18.98,17.36,18.98,11225084.0,665095104.0,180147395.0,0.06231055408822315
2015-11-25,19.29,19.37,18.6,19.04,10256410.0,623443136.0,180147395.0,0.056933434979728685
2015-11-26,18.88,20.39,18.88,19.27,12277668.0,776230912.0,180147395.0,0.06815345844995427
2015-11-27,18.97,20.04,18.29,18.57,10412170.0,641583936.0,180147395.0,0.05779806030500746
2015-11-30,18.8,20.43,18.16,20.43,11989301.0,743010368.0,180147395.0,0.06655273033506813
2015-12-01,20.25,20.7,19.07,19.79,10088520.0,646530304.0,180147395.0,0.05600147590255191
2015-12-02,19.63,19.71,17.82,17.9,11919125.0,701734016.0,180147395.0,0.06616318265384853
2015-12-03,18.07,18.51,17.92,18.51,7680053.0,450189408.0,180147395.0,0.04263205138214738
2015-12-04,18.38,18.52,17.98,18.28,6521235.0,381350624.0,180147395.0,0.03619944101883905
2015-12-07,18.35,18.87,18.21,18.49,5608697.0,333968096.0,180147395.0,0.03113393341047202
2015-12-08,18.38,18.38,17.81,17.89,6443972.0,372730304.0,180147395.0,0.03577055332940007
2015-12-09,17.79,18.17,17.41,17.42,5948093.0,339965216.0,180147395.0,0.03301792401716384
2015-12-10,17.75,18.54,17.54,18.15,8359485.0,487930176.0,180147395.0,0.04640358524196256
2015-12-11,17.95,19.08,17.88,18.74,7599931.0,455009888.0,180147395.0,0.042187293354977465
2015-12-14,18.53,19.13,18.3,19.12,5541440.0,332302880.0,180147395.0,0.030760589127586332
2015-12-15,19.07,19.41,18.72,19.2,6029288.0,368384448.0,180147395.0,0.03346863827811665
2015-12-16,19.47,20.19,19.38,19.39,6581749.0,417244096.0,180147395.0,0.03653535484096231
2015-12-17,19.72,21.32,19.63,21.32,12512319.0,836409600.0,180147395.0,0.06945600850903229
2015-12-18,21.3,21.46,20.69,20.9,8681935.0,583507328.0,180147395.0,0.04819350843235896
2015-12-21,20.97,22.12,20.8,21.59,7954524.0,546500544.0,180147395.0,0.044155642661388474
2015-12-22,21.5,21.65,21.04,21.59,5410165.0,370894368.0,180147395.0,0.03003188028336463
2015-12-23,21.44,22.42,20.73,20.88,7527132.0,521294688.0,180147395.0,0.04178318537439856
2015-12-24,20.69,22.86,20.55,22.53,9340130.0,655341376.0,180147395.0,0.05184715549175718
2015-12-25,22.53,23.31,22.15,22.95,6831442.0,497093568.0,180147395.0,0.03792140319320188
2015-12-28,22.71,22.92,21.31,21.34,7796276.0,552654848.0,180147395.0,0.043277206423107034
2015-12-29,21.42,22.02,21.24,21.78,5217780.0,361856160.0,180147395.0,0.02896394921503028
2015-12-30,21.84,22.74,21.84,22.09,5798724.0,413797920.0,180147395.0,0.03218877519711012
2015-12-31,21.83,22.06,20.19,20.2,9981243.0,668255744.0,180147395.0,0.05540598019749328
2016-01-04,20.21,20.81,18.23,18.27,6186858.0,395321536.0,180147395.0,0.03434331093158466
2016-01-05,17.76,19.83,17.7,19.32,9527242.0,578165824.0,180147395.0,0.052885816084101575
2016-01-06,19.32,19.63,18.56,19.47,6456521.0,397806720.0,180147395.0,0.035840212954508725
2016-01-07,18.85,18.88,17.53,17.53,1876661.0,108651000.0,180147395.0,0.010417364070127132
2016-01-08,18.07,18.65,16.05,18.28,8958306.0,505620640.0,180147395.0,0.04972764663069371
2016-01-11,17.5,18.21,16.48,16.51,7293043.0,406833152.0,180147395.0,0.04048375498296825
2016-01-12,16.51,17.75,16.45,17.12,9069233.0,502068544.0,180147395.0,0.05034340352243229
2016-01-13,17.17,17.41,15.82,15.82,6206491.0,331014912.0,180147395.0,0.034452293911882544
2016-01-14,15.14,16.76,15.01,16.59,7443231.0,382220992.0,180147395.0,0.04131745008025234
2016-01-15,16.28,16.44,15.35,15.5,5830219.0,298067680.0,180147395.0,0.03236360425861279
2016-01-18,15.02,16.32,14.96,15.84,6307623.0,321498560.0,180147395.0,0.03501367866018823
2016-01-19,15.74,16.93,15.73,16.77,6977573.0,364639712.0,180147395.0,0.038732577842715964
2016-01-20,16.61,16.98,16.28,16.63,5540813.0,295113984.0,180147395.0,0.03075710864428542
2016-01-21,16.33,16.92,15.52,15.52,6468327.0,339078048.0,180147395.0,0.035905748179150744
2016-01-22,15.8,16.19,15.17,15.92,5706957.0,287747648.0,180147395.0,0.03167937565791612
2016-01-25,16.16,16.57,15.89,16.08,4201063.0,218884176.0,180147395.0,0.023320142930737354
2016-01-26,15.77,15.87,14.47,14.47,5746719.0,279768128.0,180147395.0,0.03190009491949634
2016-01-27,14.41,14.64,13.06,14.01,7092590.0,313139808.0,180147395.0,0.03937103836555616
2016-01-28,14.08,14.82,13.9,13.99,6958270.0,322280448.0,180147395.0,0.03862542669573434
2016-01-29,13.85,15.33,13.84,15.09,6076679.0,286701472.0,180147395.0,0.03373170619536297
2016-02-01,14.96,15.96,14.8,15.54,6222576.0,308859008.0,203498584.0,0.030577981810428714
2016-02-02,15.55,16.76,15.45,16.59,6897475.0,358761504.0,203498584.0,0.033894461889720076
2016-02-03,16.27,16.79,16.05,16.64,5038520.0,263612816.0,203498584.0,0.024759484321522356
2016-02-04,16.57,16.98,16.48,16.82,4880011.0,260822912.0,203498584.0,0.023980564896707093
2016-02-05,16.73,16.82,16.11,16.18,3619336.0,192166032.0,203498584.0,0.017785558645459665
2016-02-15,15.66,17.45,15.58,17.11,5642658.0,300760512.0,203498584.0,0.027728242079561597
2016-02-16,17.1,17.84,17.04,17.58,5690844.0,319698784.0,203498584.0,0.027965029967972652
2016-02-17,17.57,18.03,17.45,17.78,4792515.0,273630816.0,203498584.0,0.023550606130998925
2016-02-18,17.88,18.09,17.49,17.56,3221868.0,183060656.0,203498584.0,0.015832385349669065
2016-02-19,17.2,17.65,17.14,17.51,3800524.0,212619056.0,203498584.0,0.018675923563183122
2016-02-22,17.76,17.85,17.34,17.6,3897240.0,219266912.0,203498584.0,0.019151189769458052
2016-02-23,17.63,17.63,16.92,17.17,3393186.0,187945024.0,203498584.0,0.016674248701406196
2016-02-24,17.29,17.37,16.17,16.67,5204187.0,278152672.0,203498584.0,0.025573578438265694
2016-02-25,16.62,16.78,15.0,15.02,5989915.0,303140928.0,203498584.0,0.029434676557749413
2016-02-26,15.35,15.97,15.11,15.42,4754151.0,236859648.0,203498584.0,0.023362083934697058
2016-02-29,15.39,15.39,13.9,14.47,4798456.0,222181536.0,203498584.0,0.023579800437333754
2016-03-01,14.52,15.17,14.33,15.04,3874054.0,183828448.0,203498584.0,0.019037252858722594
2016-03-02,14.97,15.95,14.91,15.84,4715263.0,233543872.0,203498584.0,0.023170986781903113
2016-03-03,15.74,16.2,15.63,15.63,3671159.0,187482816.0,203498584.0,0.01804021889410297
2016-03-04,15.55,15.78,14.49,14.67,3808971.0,185731984.0,203498584.0,0.018717432451520154
2016-03-07,14.91,16.14,14.91,16.14,5789405.0,291092960.0,203498584.0,0.02844936257640004
2016-03-08,16.05,17.12,15.48,16.82,6933656.0,363740800.0,203498584.0,0.03407225673865131
2016-03-09,16.5,17.31,16.39,16.44,5095423.0,274556640.0,203498584.0,0.025039107888829338
2016-03-10,16.45,16.98,16.38,16.45,3925964.0,210028960.0,203498584.0,0.01929234062876821
2016-03-11,16.35,16.98,16.11,16.98,4729133.0,253516224.0,203498584.0,0.023239144504317535
2016-03-14,17.34,18.32,17.2,17.53,8387131.0,481407744.0,203498584.0,0.04121468972973296
2016-03-15,17.39,17.82,17.34,17.55,4471147.0,252576464.0,203498584.0,0.021971391211252852
2016-03-16,17.76,17.85,16.42,16.82,7365564.0,401164064.0,203498584.0,0.03619466954128782
2016-03-17,16.82,18.13,16.82,18.08,7513315.0,421763232.0,203498584.0,0.03692072373338971
2016-03-18,18.06,18.56,17.86,18.25,8756580.0,512299424.0,203498584.0,0.043030176563783856
2016-03-21,18.63,18.69,18.07,18.5,7225747.0,426639392.0,203498584.0,0.035507603335461047
2016-03-22,18.35,19.11,18.25,18.35,5723267.0,343261408.0,203498584.0,0.02812435785793969
2016-03-23,18.38,18.62,18.19,18.6,4742370.0,280250880.0,203498584.0,0.02330419163997721
2016-03-24,18.37,18.95,18.32,18.44,5885063.0,351793600.0,203498584.0,0.02891942972929974
2016-03-25,18.32,18.69,17.73,18.21,4605739.0,268973248.0,203498584.0,0.02263278156274542
2016-03-28,18.12,19.84,18.12,19.19,8527598.0,521872416.0,203498584.0,0.041904950060979294
2016-03-29,19.1,19.63,18.78,19.48,6803154.0,419709600.0,203498584.0,0.03343096480710647
2016-03-30,19.6,20.54,19.16,20.45,8030168.0,511585600.0,203498584.0,0.039460559587972364
2016-03-31,19.69,19.94,18.88,18.88,14595826.0,908467904.0,203498584.0,0.07172445976331708
2016-04-01,18.98,19.31,18.82,18.95,5934849.0,363851968.0,203498584.0,0.029164080080282033
2016-04-05,19.01,19.4,18.33,19.16,7404628.0,449160896.0,203498584.0,0.0363866315649646
2016-04-06,19.02,19.73,19.01,19.23,5925106.0,369364160.0,203498584.0,0.0291162025972623
2016-04-07,19.29,19.44,18.45,18.48,6331974.0,381475264.0,203498584.0,0.031115567860658923
2016-04-08,18.32,18.4,17.79,18.03,4992615.0,290289536.0,203498584.0,0.02453390535631442
2016-04-11,18.25,18.72,18.25,18.39,3947695.0,234579616.0,203498584.0,0.019399127612602946
2016-04-12,18.45,18.48,17.95,18.13,3110583.0,180912960.0,203498584.0,0.015285526507643905
2016-04-13,18.18,18.88,18.18,18.59,4538941.0,271930688.0,203498584.0,0.022304533578474433
2016-04-14,18.71,19.07,18.67,18.98,3768468.0,228564240.0,203498584.0,0.018518399125568363
2016-04-15,19.07,19.13,18.77,18.92,2712348.0,164918352.0,203498584.0,0.01332858414385822
2016-04-18,18.63,18.63,17.95,18.12,4234646.0,247569872.0,203498584.0,0.02080921604840258
2016-04-19,18.19,18.31,17.85,18.06,3154422.0,182678736.0,203498584.0,0.015500953068056728
2016-04-20,18.17,18.27,16.36,16.96,6208485.0,342689504.0,203498584.0,0.03050873808537164
2016-04-21,16.83,16.98,16.44,16.51,3396762.0,182840688.0,203498584.0,0.016691821305252916
2016-04-22,16.36,17.01,16.3,16.88,2786063.0,150028416.0,203498584.0,0.01369082253663249
2016-04-25,16.82,16.86,16.42,16.75,3262790.0,173967184.0,203498584.0,0.016033477658006702
2016-04-26,16.73,16.97,16.45,16.86,3023079.0,162407552.0,203498584.0,0.01485552842962288
2016-04-27,16.89,17.44,16.82,17.04,4076349.0,224025856.0,203498584.0,0.020031338399878005
2016-04-28,17.04,17.2,16.63,16.89,2967394.0,161099584.0,203498584.0,0.014581890161948252
2016-04-29,16.88,17.4,16.68,17.2,3252001.0,179590160.0,203498584.0,0.01598046009008102
2016-05-03,17.26,17.87,17.14,17.68,5120398.0,290010880.0,203498584.0,0.025161836015527263
2016-05-04,17.66,17.94,17.63,17.65,3706326.0,211118336.0,203498584.0,0.01821303090737968
2016-05-05,17.52,17.64,17.38,17.58,2732445.0,153602544.0,203498584.0,0.01342734158779208
2016-05-06,17.63,18.04,16.98,16.98,5204010.0,293147520.0,203498584.0,0.02557270865334375
2016-05-09,16.82,16.83,15.98,16.14,4491189.0,234317280.0,203498584.0,0.022069878383035826
2016-05-10,16.1,16.29,15.98,16.08,2199944.0,114112136.0,203498584.0,0.010810610849262716
2016-05-11,16.23,16.3,15.94,15.97,2105136.0,108820464.0,203498584.0,0.010344720629603987
2016-05-12,15.8,16.26,15.43,16.21,3057118.0,156594566.0,203498584.0,0.015022797406786869
2016-05-13,16.08,16.43,16.01,16.12,2977291.0,155294825.0,203498584.0,0.014630524406990468
2016-05-16,15.97,16.39,15.97,16.32,2374271.0,123529999.0,203498584.0,0.01166726054467288
2016-05-17,16.4,16.54,16.1,16.27,2470447.0,129476619.0,203498584.0,0.012139873169830017
2016-05-18,16.16,16.16,15.62,15.82,2778821.0,141880383.0,203498584.0,0.013655235065419423
2016-05-19,15.95,16.65,15.89,16.3,4758945.0,250545644.0,203498584.0,0.02338564183817613
2016-05-20,16.17,16.93,16.05,16.84,3940244.0,211387924.0,203498584.0,0.01936251310721651
2016-05-23,16.9,17.63,16.9,17.43,5511821.0,308024059.0,203498584.0,0.0270853039449159
2016-05-24,17.41,17.68,17.24,17.5,4405306.0,247317089.0,203498584.0,0.021647845962407285
2016-05-25,17.67,17.84,17.04,17.2,4027617.0,225781152.0,203498584.0,0.019791867446114515
2016-05-26,17.14,17.92,16.77,17.88,4848070.0,270811781.0,203498584.0,0.023823605573589642
2016-05-27,17.77,18.13,17.67,17.69,4066602.0,233074661.0,203498584.0,0.019983441260701843
2016-05-30,17.56,18.16,17.56,17.63,4338482.0,249407620.0,203498584.0,0.02131947021311952
2016-05-31,17.73,18.72,17.67,18.64,7179057.0,421175202.0,203498584.0,0.0352781668495541
2016-06-01,18.62,18.85,18.46,18.62,6215893.0,371900687.0,203498584.0,0.030545141287076475
2016-06-02,18.62,18.92,18.51,18.78,4862849.0,291748073.0,203498584.0,0.02389623015755235
2016-06-03,18.79,19.15,18.71,18.77,6756402.0,410014302.0,203498584.0,0.03320122365077489
2016-06-06,18.91,18.91,18.52,18.69,4968016.0,298117182.0,203498584.0,0.024413024908320737
2016-06-07,18.71,18.93,18.47,18.82,3714973.0,222833428.0,203498584.0,0.018255522603538115
2016-06-08,18.79,19.15,18.63,18.95,4845439.0,293694099.0,203498584.0,0.023810676736699062
2016-06-13,18.69,19.42,17.86,17.86,7203483.0,435063204.0,203498584.0,0.035398197168782265
2016-06-14,17.92,18.22,17.67,18.12,3869335.0,223255796.0,203498584.0,0.019014063508176547
2016-06-15,17.98,19.32,17.98,19.09,6370938.0,386176962.0,203498584.0,0.031307038480425
2016-06-16,19.01,19.27,18.92,19.01,4840538.0,296299131.0,203498584.0,0.023786593031035537
2016-06-17,19.06,19.67,19.01,19.18,5643425.0,350775837.0,203498584.0,0.027732011147556683
2016-06-20,19.32,20.26,19.25,20.07,7133287.0,450565554.0,203498584.0,0.035053251279625615
2016-06-21,20.2,20.22,19.32,19.39,6108585.0,386126723.0,203498584.0,0.030017825578579946
2016-06-22,19.26,19.94,19.26,19.92,3813211.0,238871510.0,203498584.0,0.018738267977333935
2016-06-23,19.95,20.51,19.64,19.87,5009753.0,320343513.0,203498584.0,0.024618122158530598
2016-06-24,19.98,20.42,19.16,20.05,7244991.0,458694302.0,203498584.0,0.035602169104036616
2016-06-27,20.03,20.83,19.96,20.76,6349866.0,414032689.0,203498584.0,0.031203489848361795
2016-06-28,20.65,20.72,20.34,20.52,6299941.0,411339029.0,203498584.0,0.030958156445943623
2016-06-29,20.63,20.76,20.32,20.54,4922496.0,321561744.0,203498584.0,0.02418933784816901
2016-06-30,20.51,20.79,20.07,20.17,6913000.0,450281771.0,203498584.0,0.03397075234685663
2016-07-01,20.25,20.4,19.62,19.83,7331990.0,466107308.0,203498584.0,0.03602968559230859
2016-07-04,19.59,20.22,19.57,20.1,5224522.0,332404484.0,203498584.0,0.025673505423507024
2016-07-05,20.03,20.1,19.65,19.87,4044506.0,255723031.0,203498584.0,0.019874860652593043
2016-07-06,19.82,20.47,19.79,20.37,6022073.0,387959650.0,203498584.0,0.02959270222735309
2016-07-07,20.28,20.38,19.66,19.91,6422652.0,407258651.0,203498584.0,0.03156116309880564
2016-07-08,19.92,20.03,19.76,19.78,4069972.0,257753140.0,203498584.0,0.020000001572492515
2016-07-11,19.92,20.06,19.49,19.52,3735297.0,235753171.0,203498584.0,0.01835539553434927
2016-07-12,19.62,19.84,18.78,19.55,4861401.0,299524406.0,203498584.0,0.02388911462892538
2016-07-13,19.53,19.84,19.32,19.7,3412854.0,213433819.0,203498584.0,0.016770898022563145
2016-07-14,19.66,20.29,19.63,20.08,4856884.0,310111506.0,203498584.0,0.023866917914278953
2016-07-15,20.15,20.49,19.95,20.39,4712716.0,303716374.0,203498584.0,0.02315847072429752
2016-07-18,20.42,20.73,20.04,20.07,6042194.0,393004232.0,203498584.0,0.02969157760822552
2016-07-19,20.03,20.1,19.17,19.54,7926089.0,491199556.0,203498584.0,0.03894911131175242
2016-07-20,19.48,19.56,19.27,19.46,2955998.0,183013574.0,203498584.0,0.014525889772284608
2016-07-21,19.48,21.4,19.42,21.4,14067041.0,922360400.0,203498584.0,0.06912598959410941
2016-07-22,21.45,21.52,20.9,20.94,9302078.0,626950572.0,203498584.0,0.04571077506858721
2016-07-25,20.92,21.25,20.59,21.2,7493051.0,497786217.0,203498584.0,0.03682114564492498
2016-07-26,21.06,21.51,20.88,21.2,7132089.0,481130016.0,203498584.0,0.0350473642607754
2016-07-27,21.18,21.66,19.16,19.56,11460095.0,743599131.0,203498584.0,0.05631535500020973
2016-07-28,19.41,19.72,18.97,19.53,5952081.0,367315617.0,203498584.0,0.02924875880217427
2016-07-29,19.48,19.78,19.41,19.51,3409905.0,212741403.0,203498584.0,0.01675640652123653
2016-08-01,19.16,19.32,18.38,18.84,4930231.0,294185998.0,203498584.0,0.024227347940661836
2016-08-02,18.9,19.22,18.82,19.21,2582440.0,156184422.0,203498584.0,0.012690211151542952
2016-08-03,19.12,19.13,18.85,19.05,2855296.0,172608862.0,203498584.0,0.014031036206129081
2016-08-04,19.03,19.31,18.72,19.1,2856321.0,173074585.0,203498584.0,0.01403607309621378
2016-08-05,18.98,19.08,18.71,18.71,2766816.0,166382779.0,203498584.0,0.0135962420259396
2016-08-08,18.7,18.86,18.26,18.84,3085140.0,182311217.0,203498584.0,0.015160498610643895
2016-08-09,18.86,19.27,18.86,19.26,4390873.0,266672687.0,203498584.0,0.021576921635975608
2016-08-10,19.51,20.26,19.51,19.54,8431923.0,533974624.0,203498584.0,0.04143479936941478
2016-08-11,19.62,20.04,19.55,19.71,5390895.0,339782871.0,203498584.0,0.026491068851859922
2016-08-12,19.71,19.99,19.58,19.9,3838089.0,242009603.0,203498584.0,0.018860519442238478
2016-08-15,20.04,20.37,19.76,20.28,4982327.0,319361042.0,203498584.0,0.024483349721981358
2016-08-16,20.23,20.27,19.93,20.06,4185540.0,267231340.0,203498584.0,0.02056790724401306
2016-08-17,20.04,20.53,19.97,20.21,4175228.0,269960272.0,203498584.0,0.020517233672741428
2016-08-18,20.17,20.41,20.0,20.02,4110743.0,263590718.0,203498584.0,0.02020035186092499
2016-08-19,20.1,20.16,19.65,19.76,3580159.0,226099270.0,203498584.0,0.01759304133536379
2016-08-22,19.98,20.25,19.76,19.87,2856760.0,181631630.0,203498584.0,0.014038230359381763
2016-08-23,19.79,19.89,19.12,19.31,4936181.0,304815591.0,203498584.0,0.02425658647334863
2016-08-24,19.34,19.58,19.26,19.5,2294301.0,142285137.0,203498584.0,0.011274284837284175
2016-08-25,19.33,19.72,19.22,19.56,2495158.0,155162821.0,203498584.0,0.012261303990203686
2016-08-26,19.32,19.78,19.19,19.44,4521764.0,280271673.0,203498584.0,0.022220125128733084
2016-08-29,19.48,20.1,19.43,19.83,4879624.0,308736642.0,203498584.0,0.023978663163572677
2016-08-30,19.85,20.07,19.81,19.87,2802355.0,177681198.0,203498584.0,0.013770882061764125
2016-08-31,19.87,19.93,19.54,19.68,2662637.0,166921807.0,203498584.0,0.013084302345808952
2016-09-01,19.68,20.26,19.61,20.1,4811370.0,306026139.0,203498584.0,0.023643260338361862
2016-09-02,20.06,20.36,19.57,19.67,4462507.0,283828288.0,203498584.0,0.021928933913368163
2016-09-05,19.63,20.1,19.62,20.07,3094038.0,195952648.0,203498584.0,0.015204223730618194
2016-09-06,20.08,22.08,20.08,21.96,17424561.0,1194588974.0,203498584.0,0.08562497417672449
2016-09-07,21.7,22.96,21.7,22.08,13607806.0,966611128.0,203498584.0,0.06686929084479526
2016-09-08,21.93,23.55,21.93,23.01,11337752.0,823059572.0,203498584.0,0.055714156713739096
2016-09-09,22.96,23.68,22.72,22.94,7436602.0,547687753.0,203498584.0,0.036543753051372585
2016-09-12,22.81,24.68,22.81,23.78,11536660.0,874718460.0,203498584.0,0.05669159840443902
2016-09-13,24.03,24.77,22.93,23.03,10764574.0,817896885.0,203498584.0,0.05289753760645332
2016-09-14,22.78,23.64,22.74,23.34,6819605.0,504970637.0,203498584.0,0.03351180566445612
2016-09-19,23.4,25.33,23.35,25.33,8276118.0,647998248.0,203498584.0,0.04066916750634491
2016-09-20,25.24,25.7,24.44,25.07,7088444.0,561226649.0,203498584.0,0.03483289102394933
2016-09-21,24.88,25.85,24.28,24.5,7302426.0,579739158.0,203498584.0,0.035884406940148536
2016-09-22,24.72,26.64,24.6,26.53,8923118.0,732846804.0,203498584.0,0.04384855080858941
2016-09-23,26.67,27.01,25.95,26.34,7221786.0,607024328.0,203498584.0,0.03548813882655812
2016-09-26,26.23,26.85,23.94,24.27,9657055.0,776274158.0,203498584.0,0.047455145928681254
2016-09-27,24.25,25.33,23.63,25.31,8938442.0,698068831.0,203498584.0,0.043923853543865445
2016-09-28,25.13,25.37,24.84,24.95,5840954.0,466457477.0,203498584.0,0.028702676378328018
2016-09-29,25.13,25.18,24.42,24.52,5004568.0,393110141.0,203498584.0,0.024592642865760676
2016-09-30,24.6,26.52,24.44,26.19,7962074.0,650820709.0,203498584.0,0.03912594300901868
2016-10-10,26.61,27.6,26.5,26.94,7308610.0,626898829.0,203498584.0,0.035914795357986376
2016-10-11,26.97,27.61,26.67,26.83,6488400.0,557540789.0,203498584.0,0.03188425134201425
2016-10-12,26.86,27.93,26.86,27.85,7117877.0,623878638.0,203498584.0,0.03497752593698637
2016-10-13,27.67,27.83,27.26,27.6,4245505.0,371773584.0,203498584.0,0.020862577599065752
2016-10-14,27.42,27.89,26.04,26.98,8501700.0,723118825.0,203498584.0,0.04177768627618559
2016-10-17,26.69,26.76,25.41,25.81,7728402.0,639735006.0,203498584.0,0.03797766966280217
2016-10-18,25.81,26.44,25.7,26.3,5417265.0,448618766.0,203498584.0,0.026620652063112146
2016-10-19,26.21,26.47,25.34,25.76,5822741.0,479124681.0,203498584.0,0.02861317698407179
2016-10-20,25.63,26.09,25.38,25.75,4397004.0,360251067.0,203498584.0,0.021607049609740775
2016-10-21,25.82,25.94,24.58,25.02,6545725.0,522939817.0,203498584.0,0.0321659486338244
2016-10-24,24.94,25.44,24.78,25.13,5539012.0,443476849.0,203498584.0,0.02721892158227499
2016-10-25,24.6,24.6,23.42,23.47,14020242.0,1058830566.0,203498584.0,0.0688960174779398
2016-10-26,23.24,23.74,23.19,23.47,5417922.0,405914686.0,203498584.0,0.026623880586805457
2016-10-27,23.43,23.58,23.34,23.48,2923513.0,218453488.0,203498584.0,0.014366257211892934
2016-10-28,23.51,24.3,23.5,23.94,7133721.0,544431387.0,203498584.0,0.03505538397259806
2016-10-31,23.84,23.9,23.12,23.68,4410591.0,330090516.0,203498584.0,0.021673816659087908
2016-11-01,23.76,24.75,23.56,24.56,7087587.0,549407271.0,203498584.0,0.03482867969243462
2016-11-02,24.38,24.56,23.95,24.12,4054479.0,312414745.0,203498584.0,0.019923868364607394
2016-11-03,23.9,24.34,23.56,23.94,4455296.0,339397894.0,203498584.0,0.021893498777367414
2016-11-04,23.99,24.3,23.66,23.95,3260213.0,249377752.0,203498584.0,0.0160208141792279
2016-11-07,23.87,24.52,23.87,23.94,3850442.0,296481434.0,203498584.0,0.018921222567327544
2016-11-08,24.03,24.4,23.79,24.08,3369396.0,258782915.0,203498584.0,0.016557343711050096
2016-11-09,24.08,24.33,23.56,23.76,4261099.0,325698702.0,203498584.0,0.02093920712490068
2016-11-10,23.94,24.78,23.84,24.5,6175577.0,477275582.0,203498584.0,0.030347026886437697
2016-11-11,24.51,24.71,23.97,24.07,4251479.0,327961142.0,203498584.0,0.020891934068691113
2016-11-14,24.08,24.44,23.8,24.01,2979652.0,228776374.0,203498584.0,0.014642126453322152
2016-11-15,23.93,24.11,23.53,23.8,3465529.0,261382381.0,203498584.0,0.01702974503252563
2016-11-16,23.82,24.41,23.82,24.16,5310253.0,409113099.0,203498584.0,0.026094790910191297
2016-11-17,23.95,24.37,23.87,24.26,3451166.0,265675749.0,203498584.0,0.016959164688831446
2016-11-18,24.54,25.82,24.5,25.27,8732649.0,699828232.0,203498584.0,0.04291257869391366
2016-11-21,25.64,26.53,25.32,26.34,8690647.0,716465578.0,203498584.0,0.04270617922334044
2016-11-22,26.19,27.49,26.14,26.95,9157791.0,780218227.0,203498584.0,0.04500174310795205
2016-11-23,26.73,26.92,26.14,26.69,5618230.0,474643202.0,203498584.0,0.027608201932255213
2016-11-24,26.6,26.6,25.92,26.25,6090417.0,508895089.0,203498584.0,0.029928547316083538
2016-11-25,26.06,26.2,25.17,26.15,4488847.0,366568629.0,203498584.0,0.022058369703447173
2016-11-28,25.93,26.07,24.92,25.02,5089725.0,409660973.0,203498584.0,0.025011107693997517
2016-11-29,25.07,25.44,24.99,25.28,3120664.0,250425597.0,203498584.0,0.015335064935881814
2016-11-30,25.26,25.33,24.6,25.33,2754343.0,219530064.0,203498584.0,0.01353494921615769
2016-12-01,25.6,25.63,25.13,25.56,3389229.0,274257310.0,203498584.0,0.016654803848659704
2016-12-02,25.59,25.6,24.66,25.04,3611532.0,287234110.0,203498584.0,0.01774720948426845
2016-12-05,24.78,26.07,24.67,25.77,4862841.0,396536482.0,203498584.0,0.023896190845239494
2016-12-06,25.76,26.02,25.51,25.89,2783287.0,228902425.0,203498584.0,0.013677181164071392
2016-12-07,25.76,25.97,25.32,25.91,2729877.0,222451462.0,203498584.0,0.013414722335365243
2016-12-08,25.19,25.5,24.98,25.15,3114386.0,249973965.0,203498584.0,0.015304214598367918
2016-12-09,24.97,25.09,23.72,23.94,5426694.0,418319149.0,203498584.0,0.026666986537852273
2016-12-12,23.87,24.08,23.37,23.46,3062985.0,230285397.0,203498584.0,0.01505162807422778
2016-12-13,23.41,23.64,23.12,23.46,2015351.0,149970253.0,203498584.0,0.009903513628379842
2016-12-14,23.35,23.5,22.68,22.79,2626838.0,191989722.0,203498584.0,0.0129083846598166
2016-12-15,22.81,23.62,22.81,23.21,2630876.0,194654036.0,203498584.0,0.012928227549730763
2016-12-16,23.18,23.29,22.9,23.15,2223373.0,163682671.0,203498584.0,0.01092574187150118
2016-12-19,23.15,24.23,22.93,24.12,3764155.0,284297565.0,203498584.0,0.018497204874899767
2016-12-20,24.03,24.74,23.76,24.45,3309366.0,256551917.0,203498584.0,0.01626235394345545
2016-12-21,24.39,24.66,24.14,24.44,1999370.0,155516795.0,203498584.0,0.009824982369410491
2016-12-22,24.22,24.55,24.21,24.47,1127546.0,87634500.0,203498584.0,0.005540805138968436
2016-12-23,24.43,24.66,23.74,23.87,1672902.0,128521708.0,203498584.0,0.008220705850218593
2016-12-26,23.78,24.18,22.98,23.98,1584790.0,119057868.0,203498584.0,0.007787720036420499
2016-12-27,23.92,24.05,23.48,23.56,1411588.0,106721517.0,203498584.0,0.006936598635005735
2016-12-28,23.62,23.83,23.37,23.62,1364112.0,102267418.0,203498584.0,0.006703299714360666
2016-12-29,23.55,24.16,23.44,24.14,1815548.0,137191383.0,203498584.0,0.008921673872679134
2016-12-30,23.97,24.74,23.9,24.66,3651350.0,284288289.0,203498584.0,0.01794287669343193
2017-01-03,24.64,24.74,24.21,24.43,2165985.0,168311984.0,203498584.0,0.010643734995227288
2017-01-04,24.44,24.5,23.97,24.26,2647564.0,203426356.0,203498584.0,0.01301023303434878
2017-01-05,24.07,24.34,24.05,24.26,1452367.0,111777277.0,203498584.0,0.007136988235751066
2017-01-06,24.25,24.25,23.45,23.68,2600018.0,196776928.0,203498584.0,0.012776590130966218
2017-01-09,23.65,23.95,23.46,23.81,1280551.0,96903207.0,203498584.0,0.006292677692538637
2017-01-10,23.86,24.12,23.59,23.87,1256132.0,95594649.0,203498584.0,0.006172681771584219
2017-01-11,23.89,24.05,23.52,23.72,1557858.0,118204548.0,203498584.0,0.00765537513519013
2017-01-12,23.56,23.84,23.06,23.18,1481175.0,110333168.0,203498584.0,0.007278551874346212
2017-01-13,23.12,23.24,22.07,22.36,2809423.0,201821291.0,203498584.0,0.01380561449017257
2017-01-16,22.09,22.11,20.81,21.35,3553843.0,241955184.0,203498584.0,0.017463723482223345
2017-01-17,21.29,21.86,21.05,21.58,1881859.0,129383628.0,203498584.0,0.009247528719905
2017-01-18,21.58,21.67,21.39,21.57,1403610.0,96239064.0,203498584.0,0.006897394431009898
2017-01-19,21.21,21.57,21.17,21.57,941474.0,64154461.0,203498584.0,0.004626440054246274
2017-01-20,21.45,22.45,21.42,22.28,1833103.0,128334224.0,203498584.0,0.009007939829202938
2017-01-23,22.2,22.76,22.08,22.49,1063756.0,76091987.0,203498584.0,0.005227338584331378
2017-01-24,22.49,22.58,22.14,22.46,739727.0,52484608.0,203498584.0,0.0036350474065215115
2017-01-25,22.44,22.55,22.22,22.52,840048.0,59932085.0,203498584.0,0.004128028723777263
2017-01-26,22.16,22.46,22.16,22.45,1308220.0,92985411.0,205546248.0,0.006364601702678611
2017-02-03,22.31,22.37,22.01,22.08,928852.0,65373151.0,205546248.0,0.004518944077247278
2017-02-06,22.24,22.68,21.96,22.58,1411622.0,100616387.0,205546248.0,0.006867661237971125
2017-02-07,22.55,22.59,22.36,22.39,926926.0,66238303.0,205546248.0,0.004509573923236974
2017-02-08,22.46,22.68,22.21,22.6,1176949.0,84138053.0,205546248.0,0.005725957109175742
2017-02-09,22.62,23.3,22.62,23.11,1745786.0,128156770.0,205546248.0,0.008493397554014218
2017-02-10,23.25,23.52,23.09,23.12,1504767.0,111523633.0,205546248.0,0.007320819594819361
2017-02-13,23.05,23.79,22.84,23.71,2026833.0,151087736.0,205546248.0,0.00986071514183027
2017-02-14,23.54,24.34,23.4,24.06,2321609.0,176295698.0,205546248.0,0.011294825483751958
2017-02-15,24.0,24.23,23.87,24.09,1818612.0,139420671.0,205546248.0,0.0088477022455793
2017-02-16,24.09,24.09,23.67,23.81,1555211.0,117629452.0,205546248.0,0.0075662339504246265
2017-02-17,23.66,24.0,23.42,23.59,1138217.0,85639064.0,205546248.0,0.00553752263091662
2017-02-20,23.52,23.74,23.0,23.56,2225733.0,164863581.0,205546248.0,0.010828380579342902
2017-02-21,23.46,23.71,23.32,23.59,1465313.0,109433852.0,205546248.0,0.007128872525077665
2017-02-22,23.59,24.9,23.53,24.75,4683479.0,361936241.0,205546248.0,0.02278552416096644
2017-02-23,25.04,25.69,24.82,25.05,5858996.0,472196080.0,205546248.0,0.028504514468198905
2017-02-24,24.89,25.21,24.72,25.12,3249680.0,259268868.0,205546248.0,0.015809969929492462
2017-02-27,25.04,25.49,24.41,24.44,3129200.0,246732049.0,205546248.0,0.015223824469907133
2017-02-28,24.34,24.62,24.2,24.51,1350769.0,104656123.0,205546248.0,0.006571606210977882
2017-03-01,24.41,24.6,23.26,23.64,3830813.0,292924327.0,205546248.0,0.01863723146140814
2017-03-02,23.68,23.95,23.31,23.72,2352441.0,176835522.0,205546248.0,0.011444825789279306
2017-03-03,23.57,24.56,23.37,24.47,3015909.0,230767550.0,205546248.0,0.014672654107507718
2017-03-06,24.63,25.0,24.38,24.69,3325400.0,261211487.0,205546248.0,0.01617835417749878
2017-03-07,24.78,25.44,24.66,25.1,3713695.0,296873477.0,205546248.0,0.018067442418117016
2017-03-08,24.94,25.24,24.59,24.9,2696384.0,213515848.0,205546248.0,0.013118137773062147
2017-03-09,24.57,27.01,24.19,25.41,10431064.0,844674588.0,205546248.0,0.05074801462685906
2017-03-10,25.41,25.75,24.9,25.13,5691978.0,456949732.0,205546248.0,0.027691957675627335
2017-03-13,25.07,25.24,24.69,25.1,5135876.0,408601204.0,205546248.0,0.02498647409024951
2017-03-14,25.0,25.54,24.77,24.77,4371443.0,349004099.0,205546248.0,0.021267442449253562
2017-03-15,24.53,24.88,24.28,24.46,3942713.0,307969654.0,205546248.0,0.01918163449035567
2017-03-16,24.63,25.35,24.51,25.35,5514023.0,440576903.0,205546248.0,0.026826191446705464
2017-03-17,25.36,25.89,25.23,25.33,5472549.0,445831995.0,205546248.0,0.02662441690494881
2017-03-20,25.49,25.63,25.19,25.56,3582199.0,289850353.0,205546248.0,0.017427703180454064
2017-03-21,25.56,25.71,25.07,25.16,3570904.0,287539461.0,205546248.0,0.01737275204361794
2017-03-22,24.97,25.15,24.61,24.74,4232334.0,334144781.0,205546248.0,0.020590665318298586
2017-03-23,24.86,25.12,24.34,24.63,3629102.0,285848031.0,205546248.0,0.017655890269522214
2017-03-24,24.63,24.74,24.4,24.49,3167620.0,247389901.0,205546248.0,0.015410741041597606
2017-03-27,24.49,24.65,23.9,24.01,4087746.0,315923013.0,205546248.0,0.01988723238577432
2017-03-28,24.01,24.29,23.92,24.03,3506687.0,268783223.0,205546248.0,0.01706033087016018
2017-03-29,24.08,24.41,23.89,24.19,3282171.0,252618328.0,205546248.0,0.01596804141129348
2017-03-30,24.19,24.19,22.53,22.8,5977406.0,440270360.0,205546248.0,0.029080589201511478
2017-03-31,22.87,23.14,22.73,22.9,3112899.0,227437150.0,205546248.0,0.01514451871678047
2017-04-05,22.89,23.39,22.78,23.27,2306316.0,170345474.0,205546248.0,0.011220423736462462
2017-04-06,23.25,23.39,23.12,23.19,2117212.0,156761306.0,205546248.0,0.01030041667313723
2017-04-07,23.2,23.31,23.03,23.18,1686134.0,124181212.0,205546248.0,0.008203185494293235
2017-04-10,23.3,23.31,22.41,22.74,3337921.0,242299334.0,205546248.0,0.016239269908736063
2017-04-11,22.75,23.34,22.74,23.27,2233676.0,163872032.0,205546248.0,0.010867023950736382
2017-04-12,23.28,23.28,22.84,22.93,1521174.0,111326061.0,205546248.0,0.007400641046972553
2017-04-13,23.01,23.25,22.62,22.63,2352444.0,171928299.0,205546248.0,0.011444840384534773
2017-04-14,22.22,22.59,20.75,20.86,17457189.0,394181739.0,616638744.0,0.028310237022667523
2017-04-17,20.21,20.78,20.01,20.69,9290322.0,200692921.0,616638744.0,0.015066069218641247
2017-04-18,20.6,21.29,20.46,20.87,6219523.0,137502343.0,616638744.0,0.010086169674735844
2017-04-19,20.78,20.83,19.93,20.36,6861251.0,146764265.0,616638744.0,0.011126856797048744
2017-04-20,20.31,20.33,18.97,19.65,15836464.0,327501166.0,616638744.0,0.02568191530955765
2017-04-21,19.44,19.67,19.02,19.03,7044120.0,142773843.0,616638744.0,0.011423414549508099
2017-04-24,18.71,19.12,18.06,18.88,7898954.0,155918242.0,616638744.0,0.012809694617566878
2017-04-25,19.0,19.36,18.3,18.31,9264549.0,184888478.0,616638744.0,0.015024273272066731
2017-04-26,18.26,18.75,18.26,18.69,7262819.0,141984725.0,616638744.0,0.011778077635679668
2017-04-27,18.87,20.12,18.8,19.75,13436971.0,274924262.0,616638744.0,0.02179066938421242
2017-04-28,19.79,20.17,19.58,19.86,9091838.0,190027991.0,616638744.0,0.014744188697945325
2017-05-02,19.81,20.42,19.81,20.0,8451910.0,179295150.0,616638744.0,0.013706420626725979
2017-05-03,19.98,20.36,19.76,20.14,7759028.0,164390896.0,616638744.0,0.012582777315724424
2017-05-04,20.17,20.57,20.02,20.4,10796899.0,232057189.0,616638744.0,0.01750927768495844
2017-05-05,20.26,20.49,19.71,19.8,10514575.0,220802829.0,616638744.0,0.01705143425110505
2017-05-08,19.71,20.09,19.53,19.64,5430340.0,113577840.0,616638744.0,0.008806355508534184
2017-05-09,19.45,20.17,19.45,19.98,5518681.0,115492214.0,616638744.0,0.008949617671120581
2017-05-10,19.99,20.08,19.55,19.6,5347511.0,111817718.0,616638744.0,0.008672032129074263
2017-05-11,19.56,19.69,18.81,19.53,8289652.0,168123707.0,616638744.0,0.01344328763098285
2017-05-12,19.45,19.55,19.15,19.31,4054368.0,82480580.0,616638744.0,0.006574948524479999
2017-05-15,19.41,19.69,19.34,19.45,5485097.0,112778257.0,616638744.0,0.0088951546644951
2017-05-16,19.46,21.4,19.06,21.4,16802924.0,362477123.0,616638744.0,0.02724921870948803
2017-05-17,21.29,21.49,20.88,20.89,14002305.0,310396031.0,616638744.0,0.02270746873472485
2017-05-18,20.89,21.3,20.7,21.21,11658578.0,259131721.0,616638744.0,0.01890665825564798
2017-05-19,21.16,21.33,20.82,20.97,5213439.0,115314543.0,616638744.0,0.008454608230066062
2017-05-22,20.85,21.04,20.25,20.33,9275951.0,200736629.0,616638744.0,0.015042763839049334
2017-05-23,20.33,20.54,20.02,20.09,5108752.0,109067941.0,616638744.0,0.008284837840160104
2017-05-24,20.04,20.57,19.98,20.45,5424039.0,116175747.0,616638744.0,0.008796137208011697
2017-05-25,20.46,21.29,20.24,21.02,8108627.0,177599310.0,616638744.0,0.013149720284199333
2017-05-26,21.28,21.28,20.83,20.92,5693101.0,125961659.0,616638744.0,0.009232473722085811
2017-05-31,21.32,21.43,20.51,20.56,6132654.0,135762439.0,616638744.0,0.009945294647265953
2017-06-01,20.55,20.79,19.07,19.8,8839474.0,188517171.0,616638744.0,0.014334931247849065
2017-06-02,19.55,20.11,19.44,19.78,5106140.0,106210804.0,616638744.0,0.00828060197268435
2017-06-05,19.98,20.19,19.78,19.85,3641860.0,76686434.0,616638744.0,0.005905986341980484
2017-06-06,19.82,20.07,19.59,19.96,3975432.0,83051536.0,616638744.0,0.006446938403857413
2017-06-07,19.43,20.69,19.37,20.49,13803500.0,292156595.0,616638744.0,0.022385067649917243
2017-06-08,20.41,20.58,20.07,20.09,7528362.0,160502201.0,616638744.0,0.012208707404865887
2017-06-09,20.15,20.27,19.94,20.07,4875467.0,103229489.0,616638744.0,0.00790652070996045
2017-06-12,19.83,20.19,19.55,19.7,5150996.0,107365753.0,616638744.0,0.008353344725935677
2017-06-13,19.69,20.25,19.69,20.16,5774973.0,122130196.0,616638744.0,0.009365245139380992
2017-06-14,20.29,20.29,19.91,20.02,3701905.0,78387355.0,616638744.0,0.006003361021376237
2017-06-15,20.04,21.04,20.04,20.74,11923956.0,259025746.0,616638744.0,0.01933702044515062
2017-06-16,20.7,20.77,20.36,20.54,6249766.0,135082391.0,616638744.0,0.010135214598192681
2017-06-19,20.58,21.13,20.54,21.05,9532949.0,209981264.0,616638744.0,0.01545953622401644
2017-06-20,21.16,21.34,20.7,20.78,7051503.0,155852348.0,616638744.0,0.01143538752407682
2017-06-21,20.88,21.14,20.66,20.91,4981556.0,109832846.0,616638744.0,0.008078564716329274
2017-06-22,20.88,20.94,20.53,20.64,5698165.0,124320076.0,616638744.0,0.009240685985829005
2017-06-23,20.64,20.88,19.93,20.54,6144985.0,132957605.0,616638744.0,0.009965291768951839
2017-06-26,20.54,21.43,20.44,21.39,13376850.0,295859442.0,616638744.0,0.021693171455992716
2017-06-27,21.37,21.64,21.15,21.28,6901043.0,154889313.0,616638744.0,0.011191387286556876
2017-06-28,21.37,21.84,21.13,21.19,10234376.0,231642969.0,616638744.0,0.01659703691923711
2017-06-29,21.27,21.45,20.88,21.33,7332175.0,163754149.0,616638744.0,0.011890551917704347
2017-06-30,21.24,21.4,20.99,21.09,6383228.0,142188660.0,616638744.0,0.010351649263219178
2017-07-03,20.68,20.95,20.4,20.78,10657255.0,231490382.0,616638744.0,0.017282817701120643
2017-07-04,20.76,20.85,20.53,20.64,6248642.0,135918220.0,616638744.0,0.010133391812954263
2017-07-05,20.61,20.83,20.55,20.67,5450324.0,118592827.0,616638744.0,0.008838763462452824
2017-07-06,20.57,20.73,19.72,19.8,15072405.0,319889445.0,616638744.0,0.024442844609841773
2017-07-07,19.74,19.94,19.57,19.69,5961252.0,124125913.0,616638744.0,0.009667332871967577
2017-07-10,19.67,20.04,19.62,19.84,5928951.0,124134006.0,616638744.0,0.00961495050009378
2017-07-11,19.83,20.03,19.59,19.72,3947937.0,82532840.0,616638744.0,0.006402349898403399
2017-07-12,19.63,19.74,19.05,19.39,5145671.0,105147629.0,616638744.0,0.008344709199783917
2017-07-13,19.36,19.61,19.31,19.56,4382174.0,89763896.0,616638744.0,0.007106549892687249
2017-07-14,19.48,19.8,19.48,19.56,3058298.0,63304695.0,616638744.0,0.00495962673406068
2017-07-17,19.27,19.31,17.6,17.6,17055828.0,324787062.0,616638744.0,0.027659351874912357
2017-07-18,17.53,17.65,16.02,17.59,14198916.0,250678350.0,616638744.0,0.023026311820588424
2017-07-19,17.18,17.33,16.94,17.24,6248052.0,113022273.0,616638744.0,0.010132435012873598
2017-07-20,17.26,17.54,17.25,17.42,5595526.0,102477707.0,616638744.0,0.00907423682738949
2017-07-21,17.42,17.45,16.75,16.95,6502932.0,117109385.0,616638744.0,0.010545772647720624
2017-07-24,16.66,17.17,16.64,17.04,3783606.0,67487342.0,616638744.0,0.00613585512881753
2017-07-25,17.03,17.22,16.91,17.09,2996680.0,54050924.0,616638744.0,0.0048597011283481725
2017-07-26,17.1,17.22,17.01,17.11,2658667.0,47942282.0,616638744.0,0.004311547118745429
2017-07-27,17.11,18.74,17.11,18.5,13741166.0,262184523.0,616638744.0,0.02228398091054752
2017-07-28,18.46,18.46,17.97,18.05,6659522.0,127482176.0,616638744.0,0.010799713875909165
2017-07-31,18.05,18.58,18.03,18.18,5223550.0,100978369.0,616638744.0,0.008471005188736568
2017-08-01,18.22,18.36,18.03,18.24,3769464.0,72289287.0,616638744.0,0.00611292111739252
2017-08-02,18.25,18.33,17.75,17.81,4437139.0,84180494.0,616638744.0,0.007195686361218976
2017-08-03,17.75,18.33,17.75,18.1,3729881.0,71216449.0,616638744.0,0.00604872956215025
2017-08-04,18.17,18.81,18.17,18.47,8287336.0,162366092.0,616638744.0,0.01343953178524248
2017-08-07,18.39,18.91,18.31,18.7,4582796.0,90305938.0,616638744.0,0.007431897597404292
2017-08-08,18.7,18.93,18.49,18.71,3937528.0,77856914.0,616638744.0,0.006385469674607407
2017-08-09,18.72,19.26,18.72,19.14,5416284.0,108892803.0,616638744.0,0.008783560962883642
2017-08-10,19.35,20.35,19.31,19.97,13527567.0,283292593.0,616638744.0,0.02193758846914102
2017-08-11,19.82,20.19,18.99,19.64,10073191.0,211169723.0,616638744.0,0.01633564400228475
2017-08-14,19.67,20.39,19.67,20.04,8926052.0,188851647.0,616638744.0,0.014475334362058834
2017-08-15,20.33,20.33,19.83,20.05,5372923.0,113145993.0,616638744.0,0.008713242643735016
2017-08-16,19.94,20.66,19.91,20.54,8346969.0,178627644.0,616638744.0,0.013536238326276819
2017-08-17,20.59,21.37,20.4,20.88,12901573.0,285377434.0,616638744.0,0.02092241709677587
2017-08-18,20.88,21.23,20.44,20.61,8577342.0,187537601.0,616638744.0,0.013909833080485127
2017-08-21,20.62,21.07,20.1,20.36,8359463.0,180052461.0,616638744.0,0.013556499784256177
2017-08-22,20.38,20.76,20.19,20.5,6183227.0,133454034.0,616638744.0,0.010027308631129411
2017-08-23,20.45,20.71,20.31,20.36,3977920.0,85774407.0,616638744.0,0.006450973181146723
2017-08-24,20.23,20.37,19.72,19.9,8648800.0,181737599.0,616638744.0,0.014025716165509055
2017-08-25,19.91,20.36,19.81,20.29,10737956.0,227367948.0,616638744.0,0.01741369011350996
2017-08-28,20.36,20.49,20.02,20.25,10865433.0,232184213.0,616638744.0,0.017620418933650395
2017-08-29,20.29,20.35,20.1,20.24,7036100.0,149917657.0,616638744.0,0.011410408555191272
2017-08-30,20.24,20.46,19.95,20.0,7484570.0,159485470.0,616638744.0,0.01213769013514986
2017-08-31,20.0,20.1,19.73,19.85,5203979.0,108805676.0,616638744.0,0.008439266994874392
2017-09-01,19.97,20.57,19.8,20.48,8902594.0,188886108.0,616638744.0,0.014437292639529637
2017-09-04,20.49,20.77,20.29,20.36,8466832.0,182359676.0,616638744.0,0.013730619560291528
2017-09-05,20.48,20.54,20.24,20.43,6444935.0,138602082.0,616638744.0,0.010451719199791312
2017-09-06,20.29,22.47,20.21,22.0,32015789.0,724207879.0,616638744.0,0.05191984660633001
2017-09-07,21.99,21.99,21.53,21.7,18245990.0,417855684.0,616638744.0,0.02958943170135933
2017-09-08,21.83,22.19,21.49,21.64,12023618.0,275398802.0,616638744.0,0.019498641817420413
2017-09-11,21.8,22.65,21.54,22.49,19706889.0,460965863.0,616638744.0,0.03195856438109247
2017-09-12,22.3,22.98,22.0,22.9,19744581.0,467129184.0,616638744.0,0.03201968931099146
2017-09-13,22.49,22.82,22.32,22.39,10563551.0,251216382.0,616638744.0,0.01713085838797051
2017-09-14,22.36,23.8,22.16,23.57,24624061.0,598168408.0,616638744.0,0.03993271788319548
2017-09-15,23.7,24.25,22.68,22.68,33035130.0,816674567.0,616638744.0,0.05357290686230381
2017-09-18,22.77,23.33,22.47,22.85,12196287.0,293934043.0,616638744.0,0.019778658280349637
2017-09-19,22.85,25.13,22.59,24.82,31968814.0,817034018.0,616638744.0,0.05184366748126355
2017-09-20,24.63,24.91,24.2,24.68,20017263.0,518167580.0,616638744.0,0.03246189636115372
2017-09-21,24.86,24.86,24.07,24.18,14131065.0,362249367.0,616638744.0,0.022916278189616966
2017-09-22,24.04,25.56,23.52,25.33,29658311.0,771066456.0,616638744.0,0.04809673619859345
2017-09-25,25.15,25.72,23.7,23.81,33132982.0,865341069.0,616638744.0,0.053731592966529525
2017-09-26,23.56,23.8,22.87,23.7,14188100.0,348840379.0,616638744.0,0.02300877156690628
2017-09-27,23.56,25.0,23.32,24.29,27468321.0,699025605.0,616638744.0,0.044545240251721845
2017-09-28,24.01,24.24,23.44,23.46,21540943.0,541151939.0,616638744.0,0.03493284067794482
2017-09-29,23.49,24.86,23.49,24.12,19771944.0,503780522.0,616638744.0,0.032064063752698616
2017-10-09,24.86,26.53,24.66,25.22,40486780.0,1091809772.0,616638744.0,0.0656572107963427
2017-10-10,25.28,26.03,25.13,25.93,30873903.0,834787546.0,616638744.0,0.05006805573021211
2017-10-11,25.51,25.51,24.96,25.0,18632114.0,494312752.0,616638744.0,0.030215607081607573
2017-10-12,25.03,25.71,24.88,25.15,16750337.0,446500109.0,616638744.0,0.027163938631789897
2017-10-13,25.22,25.3,24.26,24.7,19040453.0,493345840.0,616638744.0,0.030877808417435412
2017-10-16,24.47,25.07,24.27,24.31,14280094.0,370685383.0,616638744.0,0.023157957781517538
2017-10-17,24.26,24.48,23.31,23.41,15552901.0,391335882.0,616638744.0,0.025222062595534868
2017-10-18,23.46,23.68,23.31,23.44,8587623.0,212654638.0,616638744.0,0.013926505727314468
2017-10-19,23.41,23.61,22.88,23.28,11230122.0,274818343.0,616638744.0,0.018211833280459586
2017-10-20,23.28,23.66,23.28,23.59,5361849.0,132909509.0,616638744.0,0.008695283992729461
2017-10-23,23.82,24.1,23.61,23.86,7625801.0,191613113.0,616638744.0,0.01236672374903514
2017-10-24,23.85,23.85,22.93,23.16,9662771.0,236985525.0,616638744.0,0.015670067919053753
2017-10-25,23.02,23.49,22.99,23.44,5316086.0,130677474.0,616638744.0,0.008621070362065995
2017-10-26,23.53,24.64,23.53,24.16,14350954.0,365284153.0,616638744.0,0.023272871092900382
2017-10-27,24.16,24.36,23.72,23.86,8644435.0,218527660.0,616638744.0,0.01401863746660719
2017-10-30,23.7,24.21,23.27,23.53,10229511.0,255785742.0,616638744.0,0.016589147372809258
2017-10-31,23.56,24.85,23.47,24.8,18523407.0,475912563.0,616638744.0,0.030039317477592684
2017-11-01,24.77,25.27,24.44,24.89,16698348.0,438353565.0,616638744.0,0.027079628327732842
2017-11-02,24.67,24.87,24.46,24.77,11954792.0,310580020.0,616638744.0,0.019387027033773277
2017-11-03,24.59,25.39,24.59,24.96,18484146.0,487039551.0,616638744.0,0.029975648108157147
2017-11-06,25.48,26.65,25.05,26.3,32003416.0,875274252.0,616638744.0,0.05189978137345194
2017-11-07,26.39,26.65,25.84,26.5,21978310.0,606784749.0,616638744.0,0.03564211657774134
2017-11-08,26.44,27.1,25.74,25.82,24051441.0,671176171.0,616638744.0,0.03900410286253437
2017-11-09,25.7,26.56,25.45,26.56,17551072.0,482633657.0,616638744.0,0.028462486619231956
2017-11-10,26.59,28.35,26.48,27.9,34088936.0,990475058.0,616638744.0,0.05528185883824387
2017-11-13,27.9,29.02,27.75,28.4,28875718.0,864799278.0,616638744.0,0.04682760900278429
2017-11-14,28.35,29.21,27.86,28.47,24121163.0,726141252.0,616638744.0,0.03911717068494808
2017-11-15,28.3,29.56,28.04,29.22,29646977.0,905125636.0,616638744.0,0.048078355906874384
2017-11-16,28.93,29.63,28.1,29.48,26179535.0,792568913.0,616638744.0,0.04245522237246903
2017-11-17,29.14,29.46,27.12,27.39,27861669.0,833415705.0,616638744.0,0.04518313075702554
2017-11-20,26.86,30.13,26.86,30.13,35741911.0,1077269980.0,616638744.0,0.05796248021677989
2017-11-21,30.27,31.59,29.77,30.93,41224905.0,1331648612.0,616638744.0,0.0668542244565807
2017-11-22,30.57,31.81,30.38,31.81,36579012.0,1197135648.0,616638744.0,0.05932000276648202
2017-11-23,31.63,32.07,28.64,29.13,37660998.0,1215351760.0,616638744.0,0.0610746541089867
2017-11-24,29.86,31.19,28.1,28.31,35310518.0,1118275755.0,616638744.0,0.05726289232322385
2017-11-27,28.72,29.1,26.95,27.45,30636395.0,909444917.0,616638744.0,0.04968289018180797
2017-11-28,27.49,29.78,27.49,29.78,31208531.0,944246334.0,616638744.0,0.05061072030206393
2017-11-29,29.79,29.79,28.78,29.21,25236128.0,777515294.0,616638744.0,0.04092530390857179
2017-11-30,28.43,29.13,27.03,28.0,29416813.0,867933100.0,616638744.0,0.047705100086931934
2017-12-01,28.08,29.11,27.89,28.47,22416530.0,675961320.0,616638744.0,0.0363527757834172
2017-12-04,28.23,28.89,27.9,28.17,18899448.0,566509850.0,616638744.0,0.030649141306631877
2017-12-05,28.18,28.38,25.95,26.49,28459509.0,809926948.0,616638744.0,0.046152644926897426
2017-12-06,26.55,27.23,25.93,27.06,17730944.0,497966507.0,616638744.0,0.028754184151620548
2017-12-07,26.62,27.2,26.3,26.86,13861286.0,392949074.0,616638744.0,0.022478778920190588
2017-12-08,26.98,28.42,26.75,27.86,22147080.0,648317529.0,616638744.0,0.03591581005166292
2017-12-11,27.89,28.87,27.87,28.75,29327733.0,875678154.0,616638744.0,0.04756063949170213
2017-12-12,28.88,28.96,28.36,28.42,17249447.0,521056929.0,616638744.0,0.027973342849180426
2017-12-13,28.27,29.08,28.24,28.75,16659252.0,504078865.0,616638744.0,0.027016226537980883
2017-12-14,29.11,30.32,28.94,29.76,34853139.0,1087635078.0,616638744.0,0.056521163062047235
2017-12-15,29.32,29.61,28.5,28.95,23622022.0,723780158.0,616638744.0,0.03830771619501093
2017-12-18,28.64,29.21,27.9,28.35,16905446.0,508732145.0,616638744.0,0.027415478129606465
2017-12-19,28.39,29.31,28.39,29.28,15414855.0,468261134.0,616638744.0,0.024998194080390123
2017-12-20,29.13,29.79,29.02,29.26,21702059.0,674081612.0,616638744.0,0.03519412169793859
2017-12-21,29.42,30.65,29.25,30.58,29038542.0,920644318.0,616638744.0,0.04709165987792684
2017-12-22,30.46,30.64,30.04,30.3,18531280.0,591614758.0,616638744.0,0.030052085082736872
2017-12-25,30.36,30.65,29.87,30.43,17147145.0,547442922.0,616638744.0,0.027807440201973427
2017-12-26,30.46,30.52,29.57,29.95,16114367.0,507560444.0,616638744.0,0.02613258922958626
2017-12-27,29.95,29.99,27.33,27.74,26269082.0,794545107.0,616638744.0,0.042600440299288105
2017-12-28,27.52,28.25,27.33,27.52,15042414.0,439696656.0,616638744.0,0.024394208353538033
2017-12-29,27.61,28.32,27.61,27.9,10810886.0,318823154.0,616638744.0,0.017531960333650395
2018-01-02,28.16,28.27,27.6,28.09,12373681.0,363851920.0,616638744.0,0.020066337252399438
2018-01-03,28.39,29.56,28.11,29.46,24102191.0,738206777.0,616638744.0,0.03908640388642203
2018-01-04,29.42,29.51,29.02,29.49,13887830.0,428830950.0,616638744.0,0.022521825193650175
2018-01-05,29.37,29.51,28.52,28.64,17986903.0,547312037.0,616638744.0,0.02916927159542865
2018-01-08,28.49,28.64,27.71,28.63,14124798.0,418704402.0,616638744.0,0.022906115026726247
2018-01-09,28.93,29.85,28.64,29.83,23720430.0,730734000.0,616638744.0,0.038467303961685545
2018-01-10,29.49,29.82,28.78,29.32,15501122.0,479175968.0,616638744.0,0.025138092847438728
2018-01-11,29.04,30.46,28.85,30.17,26241574.0,826948298.0,616638744.0,0.042555830711798415
2018-01-12,30.08,30.42,29.56,29.58,15132657.0,476780558.0,616638744.0,0.024540554980113285
2018-01-15,29.23,29.37,28.03,28.2,21742753.0,657613016.0,616638744.0,0.035260114956383606
2018-01-16,27.99,28.73,27.72,28.48,17160806.0,511524458.0,616638744.0,0.027829594178078437
2018-01-17,28.54,28.63,26.19,27.3,26139592.0,750141625.0,616638744.0,0.042390447007008045
2018-01-18,26.96,27.5,26.48,26.6,11922616.0,337486659.0,616638744.0,0.019334847373780977
2018-01-19,26.61,26.89,25.6,25.62,17870739.0,492199860.0,616638744.0,0.028980889011411194
2018-01-22,25.67,26.23,25.09,25.89,14560117.0,393287813.0,616638744.0,0.02361206969505633
2018-01-23,25.37,25.86,24.49,24.74,17810400.0,471461648.0,616638744.0,0.02888303755367016
2018-01-24,24.63,25.85,24.58,25.85,15701955.0,415809646.0,616638744.0,0.025463782729811736
2018-01-25,25.76,25.76,25.33,25.44,11794752.0,317238693.0,616638744.0,0.019127490957655428
2018-01-26,25.43,25.8,24.96,25.31,7201113.0,192234908.0,622769744.0,0.011563042471761441
2018-01-29,25.22,25.6,24.07,24.14,14086915.0,364804600.0,622769744.0,0.022619780642394213
2018-01-30,24.07,24.49,23.77,24.03,5328799.0,135775961.0,622769744.0,0.00855661189603328
2018-01-31,23.77,24.34,23.27,23.87,8728802.0,218685263.0,622769744.0,0.014016098380013785
2018-02-01,23.75,23.94,21.64,21.66,17206782.0,413114266.0,622769744.0,0.027629444374548805
2018-02-02,21.83,22.28,21.65,21.92,9974882.0,231188992.0,622769744.0,0.016016966296294573
2018-02-05,21.45,22.28,21.26,21.88,7531743.0,173900579.0,622769744.0,0.012093944949258806
2018-02-06,21.3,21.68,19.8,19.88,11273411.0,246705680.0,622769744.0,0.01810205314020522
2018-02-07,20.69,20.73,18.98,20.23,12318495.0,258858089.0,622769744.0,0.01978017576910416
2018-02-08,20.12,21.49,19.83,21.16,13802055.0,305178441.0,622769744.0,0.022162372422511265
2018-02-09,20.4,21.69,20.12,20.85,12079919.0,267837899.0,622769744.0,0.019397087152005252
2018-02-12,21.3,21.87,20.97,21.73,11659733.0,264135436.0,622769744.0,0.018722381927404618
2018-02-13,21.83,21.93,21.43,21.53,8744824.0,199333715.0,622769744.0,0.014041825384503586
2018-02-14,21.62,21.7,21.16,21.57,5091010.0,115473387.0,622769744.0,0.008174786988367246
2018-02-22,21.83,22.96,21.63,22.63,12346618.0,291425718.0,622769744.0,0.019825333711138027
2018-02-23,22.52,22.93,22.3,22.64,8552466.0,204158511.0,622769744.0,0.01373295039201519
2018-02-26,22.99,24.91,22.73,24.91,20169303.0,510470911.0,622769744.0,0.03238645292954373
2018-02-27,25.05,25.41,24.48,24.5,22550523.0,591818177.0,622769744.0,0.03621004908677773
2018-02-28,24.22,25.02,24.01,24.61,15985016.0,415350816.0,622769744.0,0.02566761817510518
2018-03-01,24.29,25.49,24.2,25.2,17421116.0,458613504.0,622769744.0,0.027973606887363493
2018-03-02,24.87,25.45,24.77,24.96,13221265.0,349517164.0,622769744.0,0.021229780552730258
2018-03-05,25.0,25.9,24.95,25.55,15927533.0,426800325.0,622769744.0,0.02557531600314867
2018-03-06,25.67,26.2,25.24,25.41,21934607.0,594846166.0,622769744.0,0.035221054348459166
2018-03-07,25.14,25.34,24.83,24.89,11502598.0,303631960.0,622769744.0,0.018470065559254272
2018-03-08,24.79,25.2,24.56,24.79,9642478.0,252725800.0,622769744.0,0.015483215253951065
2018-03-09,24.75,27.25,24.75,27.13,31322616.0,867616022.0,622769744.0,0.05029566111997888
2018-03-12,27.05,27.37,26.74,27.19,27518296.0,783739462.0,622769744.0,0.044186950739212534
2018-03-13,26.86,27.31,26.43,26.85,16006101.0,452640944.0,622769744.0,0.025701474990088794
2018-03-14,26.66,27.26,26.62,26.66,13255872.0,376721548.0,622769744.0,0.021285350047448675
2018-03-15,26.38,27.09,25.65,26.74,14998520.0,417209255.0,622769744.0,0.024083572049704457
2018-03-16,26.74,26.98,26.01,26.1,10032994.0,279916818.0,622769744.0,0.016110278472359442
2018-03-19,26.12,27.01,25.78,26.44,13217569.0,371217016.0,622769744.0,0.021223845775012472
2018-03-20,26.03,26.48,25.54,26.08,10810684.0,295942807.0,622769744.0,0.017359038559843717
2018-03-21,26.6,27.52,25.93,26.1,19190517.0,542664857.0,622769744.0,0.03081478698168741
2018-03-22,25.75,26.61,25.75,26.14,12655636.0,349007504.0,622769744.0,0.02032153315399343
2018-03-23,24.72,25.37,23.65,24.18,22233219.0,576295918.0,622769744.0,0.03570054456595438
2018-03-26,23.91,25.42,23.66,25.24,16113930.0,417461417.0,622769744.0,0.025874619239691258
2018-03-27,25.72,26.35,25.43,25.99,22733769.0,619604444.0,622769744.0,0.03650429266839913
2018-03-28,25.51,26.47,25.4,25.89,17469192.0,480315494.0,622769744.0,0.028050803958131917
2018-03-29,25.99,26.38,25.39,25.76,12084205.0,329586344.0,622769744.0,0.019403969310365213
2018-03-30,25.84,27.61,25.84,27.26,29040372.0,825831196.0,622769744.0,0.046630993685524966
2018-04-02,27.52,28.05,26.97,27.31,27935518.0,809266449.0,622769744.0,0.04485689658038365
2018-04-03,26.78,27.85,26.67,27.79,22770254.0,653558923.0,622769744.0,0.036562877723873496
2018-04-04,27.79,27.94,26.74,26.78,16149069.0,465117964.0,622769744.0,0.02593104298271754
2018-04-09,26.76,27.48,26.39,27.1,14323769.0,408224761.0,622769744.0,0.02300010419260188
2018-04-10,26.84,27.03,25.93,26.38,15999170.0,445213101.0,622769744.0,0.025690345676138048
2018-04-11,26.56,26.94,26.2,26.3,10017385.0,280206158.0,622769744.0,0.016085214634319164
2018-04-12,26.12,26.24,25.34,25.53,14749334.0,399335382.0,622769744.0,0.02368344663834536
2018-04-13,25.72,25.93,25.51,25.62,7681556.0,207954051.0,622769744.0,0.012334504163066728
2018-04-16,25.51,26.12,25.35,26.11,10016830.0,272348328.0,622769744.0,0.016084323454223556
2018-04-17,28.35,28.36,26.2,26.54,42776280.0,1228998295.0,622769744.0,0.06868715189220882
2018-04-18,27.11,28.61,26.63,28.13,58801978.0,1723361973.0,622769744.0,0.09442009437118705
2018-04-19,27.82,28.05,27.08,27.12,40883974.0,1187203760.0,622769744.0,0.06564861956427992
2018-04-20,26.48,26.52,25.04,25.3,39031876.0,1053120355.0,622769744.0,0.06267465042425054
2018-04-23,25.48,25.6,23.72,24.35,20844039.0,538677295.0,622769744.0,0.03346989670069778
2018-04-24,24.16,25.11,24.16,25.03,14389195.0,375651402.0,622769744.0,0.023105160677169955
2018-04-25,25.34,26.14,25.03,25.72,22451454.0,608473614.0,622769744.0,0.036050971031116756
2018-04-26,24.67,24.98,24.32,24.67,21260164.0,552556575.0,622769744.0,0.034138081056166406
2018-04-27,25.34,25.56,24.67,24.75,13579331.0,357544550.0,622769744.0,0.021804737835818818
2018-05-02,24.63,24.63,22.88,23.36,18368615.0,459794836.0,622769744.0,0.02949503436377603
2018-05-03,23.34,24.1,22.83,23.98,12537160.0,310911965.0,622769744.0,0.020131292698124397
2018-05-04,24.04,24.16,23.63,23.63,8663429.0,217687513.0,622769744.0,0.013911126999130517
2018-05-07,23.8,24.18,23.67,23.91,8693743.0,219587635.0,622769744.0,0.013959803095379662
2018-05-08,23.99,24.08,23.69,23.97,8515429.0,214266656.0,622769744.0,0.013673478973634917
2018-05-09,23.95,24.44,23.83,24.1,9671810.0,246606181.0,622769744.0,0.01553031452343645
2018-05-10,24.15,24.39,23.77,24.12,9986919.0,252966628.0,622769744.0,0.016036294467124915
2018-05-11,23.91,23.92,22.45,22.67,24225146.0,583663026.0,622769744.0,0.038899041312450144
2018-05-14,23.53,23.97,22.96,22.97,18451243.0,455839099.0,622769744.0,0.02962771261411826
2018-05-15,22.8,23.14,22.47,22.96,16235749.0,389224083.0,622769744.0,0.026070227650622668
2018-05-16,23.12,23.76,23.09,23.3,19595691.0,484693402.0,622769744.0,0.03146538698899926
2018-05-17,23.33,23.75,23.14,23.34,9752239.0,241213467.0,622769744.0,0.015659461773724192
2018-05-18,23.33,23.83,23.17,23.81,14222871.0,354137975.0,622769744.0,0.022838089256950158
2018-05-21,24.19,25.4,24.18,25.02,25783950.0,676880904.0,622769744.0,0.04140205950660313
2018-05-22,25.03,26.26,24.76,25.74,25723131.0,692786257.0,622769744.0,0.04130440061969356
2018-05-23,25.29,25.67,24.51,24.72,22717066.0,599741077.0,622769744.0,0.03647747216184606
2018-05-24,24.79,25.11,24.19,24.45,17301807.0,446213988.0,622769744.0,0.0277820288584861
2018-05-25,24.28,24.37,23.82,24.21,12285148.0,311541822.0,622769744.0,0.019726629494062255
2018-05-28,24.25,24.63,23.9,24.01,12181517.0,312523433.0,622769744.0,0.019560226098588374
2018-05-29,23.42,23.82,23.36,23.7,10180429.0,253504930.0,622769744.0,0.01634701926046041
2018-05-30,23.36,23.69,22.63,22.79,10717511.0,259852327.0,622769744.0,0.01720942788768492
2018-05-31,23.12,23.28,22.71,23.01,7828462.0,188857857.0,622769744.0,0.012570395520049541
2018-06-01,22.77,23.24,22.77,22.91,6605943.0,158953192.0,622769744.0,0.010607360205989711
2018-06-04,23.1,23.29,22.84,22.89,6635975.0,160049490.0,622769744.0,0.010655583486406495
2018-06-05,22.95,23.53,22.93,23.51,9173784.0,223143172.0,622769744.0,0.014730619283264346
2018-06-06,23.64,24.23,23.53,24.15,13450060.0,337173821.0,622769744.0,0.021597163525657728
2018-06-07,23.92,24.24,23.7,23.91,9076458.0,227280265.0,622769744.0,0.014574340014822556
2018-06-08,24.16,24.41,23.74,24.12,12547623.0,316744176.0,622769744.0,0.020148093450088996
2018-06-11,23.89,24.0,23.05,23.06,8471881.0,208160346.0,622769744.0,0.013603552647862739
2018-06-12,23.22,23.45,22.74,23.25,7042470.0,170137854.0,622769744.0,0.011308304662918885
2018-06-13,23.03,23.65,22.85,23.01,6431724.0,156805073.0,622769744.0,0.010327611548193645
2018-06-14,22.88,23.27,22.79,23.03,5060755.0,122009356.0,622769744.0,0.008126205630182317
2018-06-15,23.15,23.31,21.78,21.88,11987030.0,280504217.0,622769744.0,0.019247932507138625
2018-06-19,21.03,21.58,19.69,19.7,15269764.0,326512515.0,622769744.0,0.02451911665124181
2018-06-20,19.68,20.15,19.36,19.87,8738100.0,181734614.0,622769744.0,0.014031028456642556
2018-06-21,19.97,20.03,18.34,18.55,13740621.0,275632363.0,622769744.0,0.022063726011711964
2018-06-22,18.64,19.28,18.22,19.21,9152460.0,182028215.0,622769744.0,0.014696378698834155
2018-06-25,19.42,19.58,18.84,18.93,6443601.0,129700434.0,622769744.0,0.010346682802239666
2018-06-26,18.54,19.83,18.44,19.6,8152616.0,165301306.0,622769744.0,0.013090899290701574
2018-06-27,19.73,19.87,19.36,19.43,5318003.0,108655105.0,622769744.0,0.008539276436011316
2018-06-28,19.88,20.02,19.12,19.2,9583841.0,197459181.0,622769744.0,0.01538906006968765
2018-06-29,19.35,20.3,19.25,20.26,10380105.0,215841875.0,622769744.0,0.016667644984371625
2018-07-02,20.35,20.95,19.88,20.16,12245423.0,262568951.0,622769744.0,0.019662841873705414
2018-07-03,20.18,21.15,19.85,21.0,11780089.0,253528245.0,622769744.0,0.018915641155489403
2018-07-04,20.83,20.97,20.28,20.43,8408758.0,181298312.0,622769744.0,0.013502194159258964
2018-07-05,20.35,20.45,19.41,19.44,8344857.0,173729389.0,622769744.0,0.013399586412791435
2018-07-06,19.5,20.28,19.4,19.8,9280573.0,193125179.0,622769744.0,0.014902093573768734
2018-07-09,19.87,20.32,19.85,20.16,8391288.0,177041497.0,622769744.0,0.01347414205787107
2018-07-10,20.38,21.0,20.35,20.75,12744753.0,276468163.0,622769744.0,0.02046463098566972
2018-07-11,20.15,20.21,19.54,20.05,10110837.0,211048496.0,622769744.0,0.016235273305120618
2018-07-12,20.83,21.17,20.46,21.08,16639529.0,364066717.0,622769744.0,0.026718589270451135
2018-07-13,20.83,20.97,20.65,20.83,10326258.0,224945445.0,622769744.0,0.016581181246338776
2018-07-16,21.01,21.68,20.88,21.34,13816063.0,309349834.0,622769744.0,0.022184865486978442
2018-07-17,21.16,21.59,21.02,21.39,9035212.0,201223812.0,622769744.0,0.014508110079284776
2018-07-18,21.4,21.52,20.78,20.78,7614360.0,168140110.0,622769744.0,0.012226605536572116
2018-07-19,20.74,21.3,20.74,20.91,6876689.0,151210810.0,622769744.0,0.01104210515403587
2018-07-20,20.93,21.12,20.37,21.01,8076006.0,175880143.0,622769744.0,0.01296788432290956
2018-07-23,21.21,21.87,21.13,21.73,13369193.0,302363363.0,622769744.0,0.021467312965672912
2018-07-24,21.69,21.86,21.31,21.69,9141178.0,206890926.0,622769744.0,0.014678262854079822
2018-07-25,21.68,22.04,21.45,21.54,8457845.0,191841799.0,622769744.0,0.013581014622958305
2018-07-26,21.56,21.58,20.9,20.97,7455548.0,164913359.0,622769744.0,0.011971596359376124
2018-07-27,20.86,21.37,20.86,21.08,5650487.0,125358866.0,622769744.0,0.009073155936746985
2018-07-30,21.01,21.26,20.06,20.3,6692062.0,144088358.0,622769744.0,0.010745644059419817
2018-07-31,20.34,20.64,20.3,20.46,4366214.0,93599732.0,622769744.0,0.007010960378319214
2018-08-01,20.52,21.32,20.46,20.64,8530123.0,187054448.0,622769744.0,0.013697073568814866
2018-08-02,20.34,20.44,19.6,19.97,7212010.0,150654544.0,622769744.0,0.011580540110503506
2018-08-03,20.0,20.1,19.18,19.22,5424234.0,110422398.0,622769744.0,0.00870985472923039
2018-08-06,19.09,19.38,18.82,18.98,4191328.0,83599601.0,622769744.0,0.006730140698678515
2018-08-07,19.03,20.26,18.98,20.12,7732083.0,159316538.0,622769744.0,0.012415636877824945
2018-08-08,19.98,20.8,19.89,20.44,9292076.0,198646042.0,622769744.0,0.01492056428483141
2018-08-09,20.24,22.42,20.23,21.73,18815573.0,426250977.0,622769744.0,0.030212728189312935
2018-08-10,21.79,22.68,21.67,22.23,17773710.0,413995698.0,622769744.0,0.028539777616428327
2018-08-13,22.27,23.25,22.17,22.97,21485455.0,513821842.0,622769744.0,0.034499837551517275
2018-08-14,22.98,23.11,22.48,22.67,11701202.0,279343955.0,622769744.0,0.018788969940710543
2018-08-15,22.97,23.31,22.37,22.37,13240669.0,316575445.0,622769744.0,0.02126093813574861
2018-08-16,22.28,23.57,22.19,22.86,19714166.0,477157512.0,622769744.0,0.03165562583913839
2018-08-17,23.1,24.03,23.05,23.41,22967790.0,568854406.0,622769744.0,0.03688006718579443
2018-08-20,23.41,23.83,22.66,23.63,18021366.0,439387049.0,622769744.0,0.02893744626103737
2018-08-21,23.44,23.51,22.83,23.28,15116774.0,366999538.0,622769744.0,0.024273456033535246
2018-08-22,23.26,23.96,23.05,23.16,16080555.0,396643604.0,622769744.0,0.0258210280042121
2018-08-23,23.04,24.14,22.96,23.83,19907307.0,492682354.0,622769744.0,0.03196575811814005
2018-08-24,23.57,23.63,22.96,23.08,15479784.0,376538249.0,622769744.0,0.024856352045259284
2018-08-27,22.93,24.89,22.8,24.71,26341892.0,667112804.0,622769744.0,0.042297963659583306
2018-08-28,24.66,25.38,24.58,24.84,23490553.0,613097411.0,622769744.0,0.037719483366552245
2018-08-29,24.91,25.03,24.43,25.03,11974993.0,310697365.0,622769744.0,0.019228604336308283
2018-08-30,26.06,26.36,24.51,25.13,23020999.0,610694939.0,622769744.0,0.036965506468149806
2018-08-31,24.97,25.53,24.56,24.63,11907494.0,312503824.0,622769744.0,0.01912021917365337
2018-09-03,24.57,25.4,23.17,25.28,18276486.0,465435559.0,622769744.0,0.02934710007363492
2018-09-04,25.11,25.93,24.99,25.41,16065702.0,429437679.0,622769744.0,0.025797178097977734
2018-09-05,25.19,26.41,24.97,25.85,20225440.0,549396701.0,622769744.0,0.032476593789052155
2018-09-06,25.6,26.33,25.47,25.79,12618950.0,341718159.0,622769744.0,0.020262625346808755
2018-09-07,25.86,26.07,24.3,24.4,20077763.0,526228441.0,622769744.0,0.0322394644143149
2018-09-10,24.33,25.1,24.03,24.13,15719782.0,403337408.0,622769744.0,0.02524172401027883
2018-09-11,24.36,25.28,24.09,24.87,15093548.0,391255315.0,622769744.0,0.024236161350831457
2018-09-12,24.79,25.12,23.81,24.08,14446786.0,369317647.0,622769744.0,0.02319763626795588
2018-09-13,24.66,26.24,24.66,25.97,26423509.0,700554009.0,622769744.0,0.04242901851699462
2018-09-14,26.0,26.0,24.84,24.98,21453235.0,568430863.0,622769744.0,0.034448100934074924
2018-09-17,24.82,25.46,24.2,24.93,13456288.0,350866889.0,622769744.0,0.021607164011487365
2018-09-18,24.68,25.15,23.92,25.02,13469262.0,347067112.0,622769744.0,0.02162799675123588
2018-09-19,24.67,25.67,24.23,25.12,16846381.0,440340426.0,622769744.0,0.02705073771213908
2018-09-20,24.97,25.75,24.97,25.52,13260757.0,352805049.0,622769744.0,0.021293194038019932
2018-09-21,25.46,25.63,24.75,25.37,13745462.0,362699198.0,622769744.0,0.022071499350167532
2018-09-25,25.01,26.11,24.86,26.11,16311537.0,438444462.0,622769744.0,0.026191922708435237
2018-09-26,25.9,26.47,25.65,25.97,17040511.0,463845291.0,622769744.0,0.027362458058013815
2018-09-27,25.83,26.49,25.68,26.0,12899752.0,353312554.0,622769744.0,0.0207135175147494
2018-09-28,25.98,26.11,25.0,25.5,15361403.0,408083208.0,622769744.0,0.02466626413373094
2018-10-08,24.7,24.7,23.51,23.51,14121521.0,357067077.0,622769744.0,0.02267534853138273
2018-10-09,23.52,23.94,22.94,23.6,8568784.0,210538411.0,622769744.0,0.013759152692555983
2018-10-10,23.31,23.89,23.08,23.41,8031072.0,197400430.0,622769744.0,0.012895732455493214
2018-10-11,22.45,22.62,21.07,21.24,16578553.0,378716547.0,622769744.0,0.026620678283946948
2018-10-12,21.23,22.43,21.04,22.24,11281248.0,257381452.0,622769744.0,0.018114637245447172
2018-10-15,22.32,23.11,22.24,22.34,10939458.0,259124772.0,622769744.0,0.017565814822243515
2018-10-16,22.36,22.54,21.22,21.59,9471864.0,215848808.0,622769744.0,0.0152092552524517
2018-10-17,22.09,22.72,21.58,22.26,14327597.0,332390579.0,622769744.0,0.023006250926666725
2018-10-18,21.97,22.52,21.59,21.78,10863334.0,250260351.0,622769744.0,0.017443580239183874
2018-10-19,21.13,22.82,21.13,22.63,11743991.0,272702710.0,622769744.0,0.018857677517487105
2018-10-22,23.41,24.9,23.08,24.82,20830344.0,527526020.0,622769744.0,0.033447906229689926
2018-10-23,24.54,24.9,24.3,24.65,11173168.0,287782412.0,622769744.0,0.017941089957639305
2018-10-24,24.56,25.08,24.36,24.77,9025489.0,233557193.0,622769744.0,0.014492497567447657
2018-10-25,23.89,25.58,23.71,25.56,15728895.0,408734763.0,622769744.0,0.02525635702687573
2018-10-26,25.74,26.35,24.69,25.2,15470905.0,413264374.0,622769744.0,0.02484209476945945
2018-10-29,25.13,25.99,25.05,25.3,11332009.0,302879613.0,622769744.0,0.018196145701002454
2018-10-30,25.02,25.32,23.03,24.6,16976125.0,430568166.0,622769744.0,0.027259071532543817
2018-10-31,24.6,24.84,23.94,24.54,11292280.0,289137334.0,622769744.0,0.018132351657726007
2018-11-01,24.88,25.43,24.55,24.55,12461906.0,326018640.0,622769744.0,0.020010455100079493
2018-11-02,25.31,25.61,24.83,25.46,15918251.0,421196003.0,622769744.0,0.02556041161819833
2018-11-05,25.12,25.96,25.03,25.83,15965843.0,428495499.0,622769744.0,0.025636831515694184
2018-11-06,25.61,25.75,24.95,25.63,8850276.0,234905310.0,622769744.0,0.014211152814129005
2018-11-07,25.51,26.84,25.41,26.27,21538956.0,592012306.0,622769744.0,0.03458574570700403
2018-11-08,26.42,26.56,25.4,25.42,12671970.0,345039173.0,622769744.0,0.020347761146212652
2018-11-09,25.13,27.1,24.86,26.66,21430486.0,591408110.0,622769744.0,0.03441157218453438
2018-11-12,26.76,27.5,26.27,27.42,22982258.0,647736797.0,622769744.0,0.03690329888601653
2018-11-13,26.87,27.67,26.69,26.94,15328456.0,434822423.0,622769744.0,0.024613360150649837
2018-11-14,26.83,27.08,26.48,26.68,11078098.0,309786947.0,622769744.0,0.017788433215856422
2018-11-15,26.56,27.1,26.33,26.88,12154870.0,340342749.0,622769744.0,0.019517438213889852
2018-11-16,26.66,27.29,26.51,27.15,13955428.0,393957828.0,622769744.0,0.022408648034770294
2018-11-19,27.04,27.13,26.23,26.8,11347346.0,316768138.0,622769744.0,0.01822077278050939
2018-11-20,26.25,26.54,25.35,25.85,12005344.0,326326899.0,622769744.0,0.019277339844563805
2018-11-21,25.49,26.27,25.31,25.55,9330056.0,251339079.0,622769744.0,0.014981549906509267
2018-11-22,25.62,25.94,25.36,25.51,5095539.0,137046277.0,622769744.0,0.00818205933909339
2018-11-23,25.61,25.72,24.97,25.03,7860893.0,207751437.0,622769744.0,0.012622470946501216
2018-11-26,25.03,26.08,24.99,25.8,9539519.0,255889758.0,622769744.0,0.015317890908971326
2018-11-27,26.08,26.33,25.78,25.99,10672369.0,291375721.0,622769744.0,0.01713694202844896
2018-11-28,25.99,26.27,25.51,26.0,8536699.0,231923897.0,622769744.0,0.013707632848650399
2018-11-29,26.11,26.29,24.9,24.9,14627622.0,390160713.0,622769744.0,0.023488010040513464
2018-11-30,24.65,25.51,24.12,25.28,9871503.0,256144218.0,622769744.0,0.015850967544755994
2018-12-03,26.3,26.75,25.99,26.49,18223363.0,502913926.0,622769744.0,0.029261798884051116
2018-12-04,26.39,26.66,26.24,26.49,10197114.0,282228258.0,622769744.0,0.016373810863875238
2018-12-05,25.85,26.26,25.8,25.99,6541489.0,178359698.0,622769744.0,0.010503864490886378
2018-12-06,25.31,25.31,23.76,24.02,24234143.0,617567826.0,622769744.0,0.038913488064378415
2018-12-07,24.36,24.53,24.1,24.25,8179501.0,208106247.0,622769744.0,0.01313406933911677
2018-12-10,24.08,24.89,23.92,24.41,9381090.0,240552876.0,622769744.0,0.015063496726327797
2018-12-11,24.58,24.99,24.36,24.68,9533627.0,246364300.0,622769744.0,0.015308429948388758
2018-12-12,24.93,24.98,24.37,24.54,6175890.0,158673123.0,622769744.0,0.009916811244446069
2018-12-13,24.63,25.08,24.4,24.94,10300089.0,268167094.0,622769744.0,0.01653916090053341
2018-12-14,24.87,24.94,24.34,24.47,7903897.0,202525279.0,622769744.0,0.012691523755206708
2018-12-17,24.34,24.34,23.79,24.25,5805754.0,146237325.0,622769744.0,0.009322472801440398
2018-12-18,24.08,24.41,23.84,24.26,5595448.0,141297967.0,622769744.0,0.008984778168670956
2018-12-19,24.4,24.9,24.32,24.41,10827497.0,278988116.0,622769744.0,0.017386035696685998
2018-12-20,24.24,24.71,24.08,24.47,7249656.0,185184365.0,622769744.0,0.011640989418394096
2018-12-21,24.34,24.68,24.2,24.65,7178572.0,184074244.0,622769744.0,0.011526847714040521
2018-12-24,24.78,25.99,24.7,25.8,18631446.0,497970907.0,622769744.0,0.02991706995964788
2018-12-25,25.47,26.36,25.32,26.07,20288101.0,549778452.0,622769744.0,0.032577210430441206
2018-12-26,25.82,26.01,25.42,25.56,13933433.0,374867649.0,622769744.0,0.022373330005575866
2018-12-27,25.81,26.14,25.62,25.67,13554420.0,367336533.0,622769744.0,0.021764737498230165
2018-12-28,25.57,25.85,24.93,25.66,12630320.0,336375903.0,622769744.0,0.020280882495794465
2019-01-02,25.55,25.9,25.41,25.53,10356217.0,278118218.0,622769744.0,0.016629287308472712
2019-01-03,25.42,25.56,23.96,24.28,16038496.0,413508175.0,622769744.0,0.025753492610263995
2019-01-04,23.84,24.79,23.7,24.65,8943238.0,228267021.0,622769744.0,0.014360424677278478
2019-01-07,24.94,25.74,24.71,25.73,16266306.0,431015536.0,622769744.0,0.026119293939237998
2019-01-08,25.61,25.94,25.32,25.59,11048139.0,296396376.0,622769744.0,0.017740327153722483
2019-01-09,25.66,26.14,25.34,25.46,13350765.0,360152648.0,622769744.0,0.021437722575038905
2019-01-10,25.47,26.07,25.25,25.61,12826923.0,344614924.0,622769744.0,0.02059657381171684
2019-01-11,26.02,26.93,25.81,25.82,21379391.0,588073842.0,622769744.0,0.03432952741519183
2019-01-14,25.67,26.06,25.42,25.86,11305708.0,304071713.0,622769744.0,0.018153913398850027
2019-01-15,25.77,26.21,25.42,26.11,13279769.0,359119301.0,622769744.0,0.021323722174916706
2019-01-16,26.06,26.26,25.84,25.86,8457420.0,229988421.0,622769744.0,0.013580332187749957
2019-01-17,25.63,26.14,25.46,25.48,8463952.0,228111028.0,622769744.0,0.013590820815469803
2019-01-18,25.39,25.6,24.94,25.33,9694253.0,256389466.0,622769744.0,0.015566351919626976
2019-01-21,25.41,26.23,25.25,25.95,13314382.0,360117913.0,622769744.0,0.02137930130401454
2019-01-22,25.81,25.9,25.05,25.35,10964431.0,292501679.0,622769744.0,0.017605914715086095
2019-01-23,25.13,25.38,24.92,25.18,6995430.0,183793570.0,622769744.0,0.011232771128328932
2019-01-24,25.22,25.8,24.95,25.37,8942147.0,238358261.0,622769744.0,0.014358672825955399
2019-01-25,25.42,25.53,25.03,25.11,6998793.0,184835426.0,622769744.0,0.011238171197989349
2019-01-28,25.08,25.67,25.06,25.14,8643987.0,229428946.0,628561752.0,0.013752009205930811
2019-01-29,25.03,25.13,24.34,24.75,9849906.0,254747772.0,628561752.0,0.015670546240936403
2019-01-30,24.82,25.27,24.65,24.78,7042086.0,184439888.0,628561752.0,0.011203491109016764
2019-01-31,24.66,25.3,24.66,24.84,7167901.0,187535321.0,628561752.0,0.011403654417712645
2019-02-01,24.96,25.41,24.93,25.4,8320467.0,219905399.0,628561752.0,0.013237310373285328
2019-02-11,25.43,26.13,25.43,26.0,12813067.0,347712039.0,628561752.0,0.020384738586512022
2019-02-12,26.0,26.12,25.76,26.02,10275549.0,278744848.0,628561752.0,0.01634771598383861
2019-02-13,26.17,27.35,26.01,26.98,25329079.0,711717455.0,628561752.0,0.04029688239764229
2019-02-14,26.85,26.92,26.57,26.74,14207159.0,397222732.0,628561752.0,0.02260264636655779
2019-02-15,26.92,27.2,26.51,26.63,12839037.0,361163454.0,628561752.0,0.020426055131652365
2019-02-18,26.97,27.79,26.75,27.78,20768374.0,592553529.0,628561752.0,0.033041103652772054
2019-02-19,27.85,27.98,27.13,27.54,15808933.0,455543618.0,628561752.0,0.025150962414906847
2019-02-20,27.23,27.76,26.83,27.55,14436384.0,412157044.0,628561752.0,0.022967328117031213
2019-02-21,27.3,30.3,27.23,29.72,46010511.0,1418400063.0,628561752.0,0.0731996671028752
2019-02-22,29.57,32.25,29.23,31.47,37611802.0,1192933879.0,628561752.0,0.05983787890421942
2019-02-25,32.58,32.94,31.55,32.2,43664368.0,1474461116.0,628561752.0,0.06946710941457347
2019-02-26,32.1,32.71,30.67,31.15,37770622.0,1238969553.0,628561752.0,0.060090550975809294
2019-02-27,30.69,31.4,29.9,30.34,25133331.0,807939671.0,628561752.0,0.03998546033071385
2019-02-28,30.37,30.82,30.06,30.74,16096020.0,514063689.0,628561752.0,0.025607698764337158
2019-03-01,30.75,30.84,29.88,30.48,19658821.0,621578617.0,628561752.0,0.031275878523388104
2019-03-04,30.8,31.67,30.35,30.58,30106072.0,979701065.0,628561752.0,0.04789676098522775
2019-03-05,30.39,31.64,30.05,31.64,28808035.0,933177410.0,628561752.0,0.045831670330459436
2019-03-06,31.97,32.2,30.75,31.22,27115294.0,884784295.0,628561752.0,0.04313863182690123
2019-03-07,30.77,30.86,29.7,30.21,29221410.0,925584183.0,628561752.0,0.046489322500170197
2019-03-08,29.62,32.96,29.31,31.13,47640638.0,1578763476.0,628561752.0,0.07579309089109196
2019-03-11,31.97,33.06,30.86,32.47,34961321.0,1175009810.0,628561752.0,0.05562113967125381
2019-03-12,33.04,34.18,31.75,33.0,39839793.0,1377155271.0,628561752.0,0.0633824646078688
2019-03-13,32.57,32.57,30.46,30.78,30800579.0,1016061771.0,628561752.0,0.04900167549488439
2019-03-14,30.57,32.87,30.44,32.39,38441997.0,1287345811.0,628561752.0,0.06115866400983304
2019-03-15,32.41,32.74,31.03,31.63,22098700.0,733332226.0,628561752.0,0.03515756396198921
2019-03-18,31.31,32.2,30.91,32.18,17797800.0,589328414.0,628561752.0,0.028315117716548557
2019-03-19,32.3,33.06,31.76,32.25,20496561.0,696108948.0,628561752.0,0.032608667222882505
2019-03-20,32.04,32.83,31.39,31.77,16077381.0,537216811.0,628561752.0,0.02557804535329092
2019-03-21,31.83,32.43,31.53,31.82,16143422.0,539291834.0,628561752.0,0.025683112198019966
2019-03-22,31.97,32.28,30.68,31.07,18332125.0,600902584.0,628561752.0,0.029165193303075813
2019-03-25,30.56,31.01,30.38,30.4,15822600.0,506517543.0,628561752.0,0.02517270570418036
2019-03-26,30.4,30.62,28.91,29.0,19996346.0,619562064.0,628561752.0,0.03181285838085802
2019-03-27,29.24,29.52,28.56,29.25,11929973.0,362932458.0,628561752.0,0.018979794685312
2019-03-28,29.62,30.86,29.44,29.61,21000210.0,662138135.0,628561752.0,0.03340993933082966
2019-03-29,29.25,30.28,28.67,30.15,17412105.0,539307755.0,628561752.0,0.027701502588404394
2019-04-01,30.04,31.11,29.75,30.84,21439626.0,687526817.0,628561752.0,0.03410902100196513
2019-04-02,30.95,30.95,30.1,30.26,21913889.0,699511489.0,628561752.0,0.03486354193565376
2019-04-03,30.1,30.11,29.63,29.98,15674449.0,489387651.0,628561752.0,0.024937007302983333
2019-04-04,30.14,30.35,29.64,29.78,13874896.0,434782273.0,628561752.0,0.02207403800159956
2019-04-08,30.1,30.12,28.69,29.42,17800285.0,547114279.0,628561752.0,0.02831907118650134
2019-04-09,29.14,30.1,29.07,29.65,12030275.0,374652956.0,628561752.0,0.019139368505514794
2019-04-10,29.65,30.38,29.12,30.15,16195851.0,505619879.0,628561752.0,0.025766523254822545
2019-04-11,30.2,30.26,29.18,29.18,10868437.0,336588251.0,628561752.0,0.017290961413764166
2019-04-12,29.13,29.33,28.78,29.03,7789773.0,236865313.0,628561752.0,0.012393011466596522
2019-04-15,29.62,30.14,28.97,29.0,15279317.0,474265966.0,628561752.0,0.024308378534620097
2019-04-16,29.05,30.86,28.85,30.81,27176034.0,857405063.0,628561752.0,0.043235265132708874
2019-04-17,30.86,31.04,30.12,30.3,19597676.0,624707951.0,628561752.0,0.03117860088947951
2019-04-18,30.25,30.91,30.14,30.57,17180822.0,549837059.0,628561752.0,0.027333546696617965
2019-04-19,30.56,30.87,29.89,30.5,15309618.0,486427393.0,628561752.0,0.024356585413106716
2019-04-22,30.57,31.7,30.5,30.6,22478789.0,730579419.0,628561752.0,0.03576226031646927
2019-04-23,30.48,30.7,29.63,29.78,13259616.0,419151070.0,628561752.0,0.021095168386892238
2019-04-24,29.78,30.47,29.63,30.25,11958742.0,377015998.0,628561752.0,0.019025564253550065
2019-04-25,30.11,30.51,28.7,28.7,18928440.0,586054170.0,628561752.0,0.030113890862388967
2019-04-26,28.57,29.06,28.13,28.28,11812854.0,352987417.0,628561752.0,0.018793466135050483
2019-04-29,28.27,28.52,26.56,26.7,16355566.0,465793557.0,628561752.0,0.02602061921196885
2019-04-30,26.43,27.09,26.43,26.88,7709396.0,216772476.0,628561752.0,0.012265136998027204
2019-05-06,25.8,25.89,24.19,24.19,16730282.0,434358288.0,628561752.0,0.026616767480309556
2019-05-07,24.2,24.56,23.8,24.29,8948968.0,226316574.0,628561752.0,0.014237213720888318
2019-05-08,23.7,24.6,23.47,24.05,7478613.0,188699164.0,628561752.0,0.01189797657303208
2019-05-09,23.7,24.33,23.65,23.84,5890101.0,148019943.0,628561752.0,0.009370759485855576
2019-05-10,24.08,25.19,23.31,25.15,15575232.0,399880961.0,628561752.0,0.024779159645717672
2019-05-13,24.75,24.93,24.38,24.55,9952045.0,256997739.0,628561752.0,0.015833042606130446
2019-05-14,23.8,24.71,23.77,24.39,8040559.0,205310862.0,628561752.0,0.012791995336044564
2019-05-15,24.65,24.81,24.5,24.71,7043997.0,181934839.0,628561752.0,0.011206531383093129
2019-05-16,24.75,24.75,24.08,24.57,7885787.0,201295110.0,628561752.0,0.01254576336359709
2019-05-17,24.68,25.42,24.1,24.19,12607271.0,327692112.0,628561752.0,0.020057330818945535
2019-05-20,24.42,25.47,24.27,25.34,17283514.0,451786681.0,628561752.0,0.02749692284808319
2019-05-21,25.22,26.13,24.94,25.59,15426930.0,413179719.0,628561752.0,0.024543221013549676
2019-05-22,25.5,26.7,25.35,26.02,17313408.0,473639500.0,628561752.0,0.027544482216601687
2019-05-23,25.99,26.1,25.04,25.15,10337857.0,275903269.0,628561752.0,0.016446843873503775
2019-05-24,24.83,25.08,24.2,24.6,8287994.0,213517876.0,628561752.0,0.013185647987057285
2019-05-27,24.59,25.75,24.28,25.49,10290346.0,271752902.0,628561752.0,0.016371257028060467
2019-05-28,25.58,25.84,25.31,25.4,9374550.0,250744226.0,628561752.0,0.014914286416841985
2019-05-29,25.22,25.92,25.18,25.46,7956795.0,213668079.0,628561752.0,0.012658732375430951
2019-05-30,25.44,25.44,24.76,25.09,6514419.0,170322155.0,628561752.0,0.010364007958282514
2019-05-31,25.01,25.69,25.01,25.22,6498455.0,172759883.0,628561752.0,0.010338610294569752
2019-06-03,25.2,26.69,25.18,26.17,17386582.0,472521303.0,628561752.0,0.027660897190575476
2019-06-04,26.7,27.52,26.33,26.72,25203762.0,711303403.0,628561752.0,0.04009751137387055
2019-06-05,27.13,27.52,26.58,27.01,18539187.0,526052510.0,628561752.0,0.02949461519255788
2019-06-06,27.1,27.11,25.1,25.37,18030974.0,485424461.0,628561752.0,0.0286860820637397
2019-06-10,25.35,26.36,25.32,25.98,12611800.0,343347397.0,628561752.0,0.02006453615714117
2019-06-11,26.06,26.56,25.42,26.53,15337644.0,419791489.0,628561752.0,0.0244011729176929
2019-06-12,26.28,26.68,26.12,26.18,12838389.0,354430419.0,628561752.0,0.020425024206690835
2019-06-13,26.17,26.61,25.89,26.09,7324964.0,200556170.0,628561752.0,0.011653531218997875
2019-06-14,26.08,26.3,25.35,25.4,9317945.0,250736269.0,628561752.0,0.014824231621398433
2019-06-17,25.35,25.46,24.84,25.05,6158139.0,161736563.0,628561752.0,0.009797190141470779
2019-06-18,25.09,25.31,24.94,25.17,4285827.0,112750533.0,628561752.0,0.006818466103549998
2019-06-19,26.06,26.25,25.42,25.42,11190735.0,302341139.0,628561752.0,0.0178037161255717
2019-06-20,25.42,25.89,25.03,25.75,11336083.0,302494686.0,628561752.0,0.01803495513993667
2019-06-21,25.8,26.29,25.79,26.01,11784928.0,321458629.0,628561752.0,0.01874903772382256
2019-06-24,26.12,26.12,25.4,25.51,9741669.0,261930602.0,628561752.0,0.015498348362755614
2019-06-25,25.5,25.57,24.75,25.19,8596851.0,225895079.0,628561752.0,0.01367701896058098
2019-06-26,25.08,25.53,24.97,25.16,6251400.0,165464651.0,628561752.0,0.009945562198318424
2019-06-27,25.33,25.99,25.33,25.81,14435182.0,387992282.0,628561752.0,0.022965415814864918
2019-06-28,25.8,25.8,25.1,25.3,7408982.0,196591722.0,628561752.0,0.01178719827674147
2019-07-01,26.22,26.65,26.09,26.13,17584615.0,483303097.0,628561752.0,0.027975954540740176
2019-07-02,26.14,26.26,25.83,25.88,8965091.0,244030351.0,628561752.0,0.014262864343040714
2019-07-03,25.89,25.89,25.32,25.37,7820014.0,208711715.0,628561752.0,0.012441122889068184
2019-07-04,25.4,25.55,25.25,25.43,5654511.0,150132691.0,628561752.0,0.008995951443128853
2019-07-05,25.43,25.5,25.26,25.36,4035693.0,107122099.0,628561752.0,0.006420519522797818
2019-07-08,25.36,25.37,24.22,24.29,9543221.0,245254388.0,628561752.0,0.015182630775154133
2019-07-09,24.29,24.46,23.99,24.29,4576384.0,116016367.0,628561752.0,0.00728072299251196
2019-07-10,24.45,24.48,24.05,24.15,3638523.0,92481493.0,628561752.0,0.005788648431793221
2019-07-11,24.41,24.57,24.13,24.2,2973795.0,75794742.0,628561752.0,0.0047311103332930765
2019-07-12,24.36,24.51,23.92,24.43,3696035.0,93368880.0,628561752.0,0.0058801462039961986
2019-07-15,24.45,24.97,24.15,24.74,5524302.0,141511864.0,628561752.0,0.00878879757227099
2019-07-16,25.01,25.82,25.01,25.48,13561501.0,359213173.0,628561752.0,0.02157544737147799
2019-07-17,25.35,25.63,25.25,25.38,8093740.0,214028849.0,628561752.0,0.012876602774901264
2019-07-18,25.24,25.24,24.73,24.73,5664326.0,146457995.0,628561752.0,0.009011566456242154
2019-07-19,24.77,25.11,24.53,24.58,5776385.0,148635439.0,628561752.0,0.009189844882575675
2019-07-22,24.62,24.71,23.93,24.0,5004057.0,125666861.0,628561752.0,0.007961122330586861
2019-07-23,24.01,24.53,24.01,24.46,4288946.0,108412700.0,628561752.0,0.006823428225394153
2019-07-24,24.62,25.13,24.55,24.89,7307139.0,189317153.0,628561752.0,0.01162517282788788
2019-07-25,24.91,25.61,24.83,25.24,13082163.0,344130504.0,628561752.0,0.020812852449857623
2019-07-26,25.3,25.57,25.03,25.45,8939292.0,235556667.0,628561752.0,0.014221819847542998
2019-07-29,25.59,26.06,25.54,25.69,9573996.0,256399927.0,628561752.0,0.015231591756158907
2019-07-30,25.7,27.1,25.7,26.62,28266991.0,782026069.0,628561752.0,0.04497090526119063
2019-07-31,26.64,27.07,26.45,26.76,15254163.0,424595620.0,628561752.0,0.024268360191283162
2019-08-01,26.64,26.91,26.48,26.82,11708276.0,325029392.0,628561752.0,0.01862708948284846
2019-08-02,25.86,26.64,25.61,26.38,13931969.0,379760835.0,628561752.0,0.022164837353959774
2019-08-05,26.29,27.39,26.12,26.53,18549483.0,517334622.0,628561752.0,0.02951099544472442
2019-08-06,25.84,27.06,25.4,27.01,21657640.0,592818500.0,628561752.0,0.034455866796043934
2019-08-07,27.0,27.01,25.95,25.97,19659205.0,539411432.0,628561752.0,0.031276489441883826
2019-08-08,25.97,26.34,25.73,26.17,10403615.0,282301194.0,628561752.0,0.016551460484028942
2019-08-09,26.35,26.43,25.03,25.25,16164067.0,430797533.0,628561752.0,0.025715957021832915
2019-08-12,25.25,26.03,24.59,26.01,14689678.0,386837141.0,628561752.0,0.023370302047904436
2019-08-13,25.68,26.13,25.51,25.96,10068610.0,270678546.0,628561752.0,0.0160184897791872
2019-08-14,26.58,26.74,25.81,25.82,14440442.0,394638446.0,628561752.0,0.022973784125509437
2019-08-15,24.92,26.14,24.77,25.97,11762408.0,312965396.0,628561752.0,0.018713209899542217
2019-08-16,26.03,26.51,25.86,26.1,12080538.0,328763295.0,628561752.0,0.01921933360017744
2019-08-19,26.45,27.61,26.26,27.42,25587479.0,721058721.0,628561752.0,0.04070797963538832
2019-08-20,27.25,27.49,26.85,27.01,16010803.0,451304449.0,628561752.0,0.025472124177228016
2019-08-21,26.93,27.19,26.66,27.08,10779018.0,301481966.0,628561752.0,0.0171487017237409
2019-08-22,27.15,27.17,26.55,26.66,10732102.0,298814284.0,628561752.0,0.01707406148377924
2019-08-23,26.69,26.99,26.09,26.14,11125047.0,305176888.0,628561752.0,0.017699210880397317
2019-08-26,25.51,27.27,25.51,27.19,21642110.0,600847613.0,628561752.0,0.03443115959750602
2019-08-27,27.28,28.11,26.93,27.64,24612058.0,706085910.0,628561752.0,0.0391561496093068
2019-08-28,27.51,27.94,27.22,27.61,14655919.0,420772471.0,628561752.0,0.023316593721089157
2019-08-29,27.58,27.86,27.2,27.32,12882153.0,367655657.0,628561752.0,0.020494649824000108
2019-08-30,27.59,28.04,27.03,27.47,20105005.0,577835811.0,628561752.0,0.03198572763301067
2019-09-02,27.35,28.45,27.11,28.3,21900454.0,636664332.0,628561752.0,0.03484216774297142
2019-09-03,28.31,29.29,28.25,28.97,26080577.0,782731591.0,628561752.0,0.04149246580310537
2019-09-04,28.83,29.15,28.55,28.92,17423432.0,521789047.0,628561752.0,0.027719523093094597
2019-09-05,30.3,31.74,29.43,30.38,45695520.0,1447853665.0,628561752.0,0.07269853734275579
2019-09-06,30.68,31.89,29.99,30.74,37440088.0,1205968767.0,628561752.0,0.05956469333501539
2019-09-09,31.07,31.68,30.74,31.56,34482385.0,1119920300.0,628561752.0,0.05485918430493365
2019-09-10,31.27,31.46,30.21,30.47,23761495.0,757431794.0,628561752.0,0.037802960368482616
2019-09-11,30.52,30.88,30.06,30.15,14209566.0,448745482.0,628561752.0,0.02260647574369113
2019-09-12,30.33,30.72,29.94,30.72,11873581.0,375533962.0,628561752.0,0.018890078758721545
2019-09-16,31.02,31.21,30.3,30.49,16163999.0,516935924.0,628561752.0,0.0257158488383493
2019-09-17,30.23,30.23,29.17,29.37,17177867.0,528718542.0,628561752.0,0.027328845487881358
2019-09-18,29.53,29.65,29.0,29.51,11712462.0,357303225.0,628561752.0,0.018633749130825255
2019-09-19,29.58,29.99,29.37,29.8,11270780.0,347852161.0,628561752.0,0.017931062404191594
2019-09-20,29.9,29.95,29.35,29.37,14256548.0,437986552.0,628561752.0,0.02268122098526924
2019-09-23,29.3,29.33,28.67,29.25,13656254.0,410546394.0,628561752.0,0.021726193101230886
2019-09-24,29.38,30.57,29.38,30.11,21779454.0,680912652.0,628561752.0,0.03464966477947579
2019-09-25,29.84,29.92,28.57,28.82,17138113.0,517480820.0,628561752.0,0.02726559951423834
2019-09-26,28.91,29.01,27.41,27.54,15363036.0,446807132.0,628561752.0,0.024441569903222493
2019-09-27,27.4,28.06,27.4,27.81,8982715.0,259723841.0,628561752.0,0.014290902956500606
2019-09-30,27.74,27.86,27.15,27.36,8067719.0,230504988.0,628561752.0,0.01283520509214821
2019-10-08,27.42,27.75,27.25,27.35,6885562.0,196759139.0,628561752.0,0.01095447182093256
2019-10-09,27.22,28.05,26.75,27.98,8146694.0,233565706.0,628561752.0,0.012960849071834712
2019-10-10,27.78,28.31,27.75,28.14,9701308.0,283265219.0,628561752.0,0.015434136692427955
2019-10-11,28.18,28.19,27.42,27.76,8669939.0,250439657.0,628561752.0,0.013793297114266667
2019-10-14,28.17,28.47,27.99,28.35,10902951.0,320971512.0,628561752.0,0.017345870895434313
2019-10-15,28.18,28.18,27.65,27.74,6545734.0,189464294.0,628561752.0,0.010413828043421898
2019-10-16,27.74,28.09,27.65,27.76,4845120.0,140212419.0,628561752.0,0.007708264119767822
2019-10-17,27.77,28.18,27.65,27.86,4569339.0,132613252.0,628561752.0,0.007269514865422483
2019-10-18,27.85,28.41,27.72,28.08,8899352.0,259962358.0,628561752.0,0.014158277960253617
2019-10-21,27.99,27.99,27.03,27.49,6208538.0,177104378.0,628561752.0,0.00987737160310066
2019-10-22,27.5,27.8,27.22,27.5,5662503.0,161822493.0,628561752.0,0.009008666184321059
2019-10-23,27.49,27.49,26.76,26.79,7209755.0,203247902.0,628561752.0,0.01147024135187914
2019-10-24,26.52,26.79,25.53,25.98,13557411.0,365892012.0,628561752.0,0.021568940453125122
2019-10-25,25.78,26.05,25.59,25.8,8570690.0,229994245.0,628561752.0,0.013635398547126362
2019-10-28,25.98,26.75,25.98,26.75,11290602.0,310061477.0,628561752.0,0.017962597889666056
2019-10-29,26.64,26.71,26.04,26.07,7352540.0,201423645.0,628561752.0,0.011697402803471885
2019-10-30,26.07,26.18,25.59,25.62,7678880.0,205952687.0,628561752.0,0.012216588068820325
2019-10-31,25.62,26.33,25.62,26.16,8054501.0,217832582.0,628561752.0,0.01281417613205329
2019-11-01,26.16,26.36,25.95,26.15,9118123.0,247721788.0,628561752.0,0.01450632809105445
2019-11-04,26.16,26.79,26.08,26.41,10367758.0,285386959.0,628561752.0,0.01649441437855735
2019-11-05,26.41,26.72,26.16,26.59,8002439.0,220498879.0,628561752.0,0.01273134894787553
2019-11-06,26.45,26.82,26.34,26.42,7419714.0,204814599.0,628561752.0,0.011804272175950025
2019-11-07,26.35,26.69,26.2,26.49,5335137.0,146897136.0,628561752.0,0.008487848621116864
2019-11-08,26.8,27.2,26.7,26.87,10528810.0,295515410.0,628561752.0,0.016750637413903608
2019-11-11,26.9,27.26,26.46,26.64,11561190.0,324014734.0,628561752.0,0.018393085425916913
2019-11-12,26.64,26.92,25.83,26.42,8952172.0,244205844.0,628561752.0,0.014242311072086995
2019-11-13,26.46,26.61,26.09,26.55,5403720.0,147979100.0,628561752.0,0.008596959619012898
2019-11-14,26.64,27.17,26.36,27.15,9998096.0,279164678.0,628561752.0,0.015906306688543148
2019-11-15,27.16,27.48,26.76,26.98,9568485.0,269643332.0,628561752.0,0.015222824121185153
2019-11-18,27.08,27.35,26.85,27.21,7686097.0,216876468.0,628561752.0,0.01222806983648601
2019-11-19,27.19,27.99,27.08,27.98,13976597.0,402236517.0,628561752.0,0.022235837537884426
2019-11-20,27.91,27.91,27.43,27.52,9786205.0,280929682.0,628561752.0,0.015569202180790663
2019-11-21,27.35,27.38,27.05,27.23,6655010.0,188197487.0,628561752.0,0.010587678901595017
2019-11-22,27.34,28.02,27.17,27.66,14772371.0,423747477.0,628561752.0,0.023501861118651074
2019-11-25,27.6,27.6,26.7,27.07,9605887.0,269622405.0,628561752.0,0.015282328219041874
2019-11-26,27.06,27.33,26.85,27.03,6654236.0,187255108.0,628561752.0,0.01058644751900208
2019-11-27,26.81,27.27,26.7,26.93,5835256.0,163885242.0,628561752.0,0.009283504733517417
2019-11-28,26.93,27.26,26.76,26.97,4647228.0,130620765.0,628561752.0,0.007393431091238272
2019-11-29,26.83,27.12,26.64,26.84,4951146.0,138246355.0,628561752.0,0.007876944443797464
2019-12-02,26.84,27.42,26.84,27.42,9596156.0,272067488.0,628561752.0,0.015266846844349511
2019-12-03,27.32,27.68,27.17,27.65,8397493.0,239820085.0,628561752.0,0.013359853623419326
2019-12-04,27.41,27.61,27.3,27.54,6955283.0,198374217.0,628561752.0,0.011065393301245603
2019-12-05,27.65,28.24,27.47,28.21,14839909.0,431829766.0,628561752.0,0.023609309590953285
2019-12-06,28.24,28.28,27.85,28.18,10996626.0,320940200.0,628561752.0,0.017494901598785157
2019-12-09,28.14,28.28,27.74,27.85,10815875.0,314583465.0,628561752.0,0.0172073387627951
2019-12-10,27.76,28.65,27.62,28.55,14714307.0,432576542.0,628561752.0,0.0234094851511105
2019-12-11,28.29,28.54,27.74,27.89,12952568.0,377800597.0,628561752.0,0.020606675412219482
2019-12-12,27.72,28.7,27.67,28.39,16773128.0,494097583.0,628561752.0,0.026684932620589998
2019-12-13,28.66,28.75,28.05,28.39,15254716.0,448315892.0,628561752.0,0.024269239977554345
2019-12-16,28.42,29.07,28.42,28.94,17263322.0,516972811.0,628561752.0,0.027464798717183162
2019-12-17,28.95,29.81,28.81,28.85,23971234.0,727476358.0,628561752.0,0.03813664118716533
2019-12-18,28.98,29.45,28.6,29.19,19326989.0,585798215.0,628561752.0,0.03074795585080398
2019-12-19,29.19,29.27,28.76,29.1,10471769.0,315757500.0,628561752.0,0.016659888971418037
2019-12-20,29.17,29.29,28.12,28.16,15651339.0,463628503.0,628561752.0,0.024900240827889254
2019-12-23,28.0,28.1,27.44,27.44,10429972.0,300961269.0,628561752.0,0.01659339272046575
2019-12-24,27.55,27.86,27.52,27.65,7300474.0,210025921.0,628561752.0,0.011614569255559794
2019-12-25,27.66,28.85,27.51,28.57,14684670.0,431880282.0,628561752.0,0.023362334652522732
2019-12-26,28.55,28.81,28.15,28.41,11347748.0,336042560.0,628561752.0,0.0180535133801778
2019-12-27,28.49,29.26,28.4,28.42,14337947.0,429252174.0,628561752.0,0.022810721387959986
2019-12-30,28.19,28.66,27.7,28.42,9311920.0,273791825.0,628561752.0,0.014814646246563217
2019-12-31,28.38,29.09,28.34,28.65,7918311.0,236132243.0,628561752.0,0.012597506887437847
2020-01-02,28.82,29.41,28.59,29.15,14422513.0,436147687.0,628561752.0,0.02294526027730685
2020-01-03,29.19,29.66,29.11,29.29,14633135.0,446896104.0,628561752.0,0.023280345890343005
2020-01-06,28.94,29.9,28.9,29.58,14804169.0,454853659.0,628561752.0,0.02355244962471086
2020-01-07,29.72,29.82,29.11,29.45,10370088.0,316499811.0,628561752.0,0.01649812125380483
2020-01-08,29.34,29.34,28.57,28.7,13027428.0,391409962.0,628561752.0,0.02072577270021355
2020-01-09,29.05,30.89,29.05,30.45,28829159.0,904321833.0,628561752.0,0.04586527721145845
2020-01-10,30.41,30.97,30.35,30.52,17375861.0,552858918.0,628561752.0,0.027643840791636332
2020-01-13,30.55,30.84,30.11,30.74,15142448.0,480868656.0,628561752.0,0.024090629046102062
2020-01-14,30.74,30.92,30.02,30.06,13634277.0,429985189.0,628561752.0,0.021691229153885903
2020-01-15,30.06,30.33,29.73,30.08,10125747.0,315610324.0,628561752.0,0.0161093909512967
2020-01-16,30.08,30.59,29.96,30.26,12236713.0,384785006.0,628561752.0,0.019467797652441315
2020-01-17,30.26,30.92,29.98,30.44,14182957.0,449513294.0,628561752.0,0.022564142591991503
2020-01-20,30.44,31.17,30.09,31.11,15374449.0,492217961.0,628561752.0,0.024459727228200803
2020-01-21,30.87,30.96,30.2,30.2,12870415.0,408543112.0,628561752.0,0.02047597544560745
2020-01-22,29.87,30.82,29.53,30.65,13984657.0,439240575.0,628561752.0,0.022248660462560247
2020-01-23,29.82,30.19,27.97,28.42,21088390.0,638683147.0,628561752.0,0.03355022785414408
2020-02-03,25.59,25.59,25.59,25.59,2150400.0,57200640.0,633461915.0,0.003394679220770518
2020-02-04,23.03,25.08,23.03,24.69,23868922.0,604441803.0,633461915.0,0.037680121621834206
2020-02-05,24.62,26.32,24.47,25.53,21570328.0,572237930.0,633461915.0,0.03405149937072381
2020-02-06,25.53,26.5,25.36,26.37,18882303.0,510257926.0,633461915.0,0.02980811087908892
2020-02-07,26.45,27.28,26.22,27.11,16727583.0,465095928.0,633461915.0,0.02640661199024096
2020-02-10,26.82,27.74,26.81,27.39,13393927.0,380111954.0,633461915.0,0.021144013054044456
2020-02-11,27.49,27.75,26.79,27.07,12237512.0,345513193.0,633461915.0,0.01931846526243018
2020-02-12,27.07,27.75,26.94,27.64,11319976.0,323150638.0,633461915.0,0.017870018278841594
2020-02-13,27.66,27.87,27.13,27.32,11283658.0,322394150.0,633461915.0,0.017812685708185
2020-02-14,27.3,28.31,27.12,27.72,15569161.0,450406622.0,633461915.0,0.02457789589449904
2020-02-17,27.91,28.86,27.9,28.77,16108400.0,478101659.0,633461915.0,0.025429153069131235
2020-02-18,28.85,29.62,28.72,29.25,16345915.0,496056046.0,633461915.0,0.025804100630106547
2020-02-19,29.09,29.59,28.76,28.9,14973003.0,453839807.0,633461915.0,0.023636784857065954
2020-02-20,29.01,29.34,28.36,29.24,15689900.0,472553293.0,633461915.0,0.02476849772412916
2020-02-21,29.49,30.94,29.46,30.44,26536082.0,840803220.0,633461915.0,0.04189057206383118
2020-02-24,30.77,33.27,30.77,32.7,40686991.0,1354861247.0,633461915.0,0.0642295772430139
2020-02-25,32.05,34.31,30.95,33.66,47531221.0,1621270859.0,633461915.0,0.07503406262395428
2020-02-26,32.88,32.92,30.35,30.68,40494270.0,1334673601.0,633461915.0,0.06392534269404342
2020-02-27,30.87,31.41,29.8,30.68,21362376.0,682614589.0,633461915.0,0.033723220755899744
2020-02-28,28.84,30.01,28.65,28.74,21040206.0,639574282.0,633461915.0,0.03321463453726338
2020-03-02,29.34,31.62,29.33,31.2,26757815.0,848794833.0,633461915.0,0.04224060573554765
2020-03-03,32.22,33.02,30.47,30.78,31384313.0,1040155593.0,633461915.0,0.04954411979132163
2020-03-04,30.92,32.32,30.78,31.49,21825549.0,714362499.0,633461915.0,0.034454398099055414
2020-03-05,32.9,33.52,31.5,32.09,27134580.0,912246927.0,633461915.0,0.042835377088139545
2020-03-06,31.17,32.2,31.17,31.69,14463828.0,476542278.0,633461915.0,0.02283298752064676
2020-03-09,31.19,33.21,30.71,31.26,28077129.0,935237415.0,633461915.0,0.04432331026562189
2020-03-10,30.79,34.39,30.3,34.39,47783596.0,1636536049.0,633461915.0,0.07543246858021449
2020-03-11,35.22,36.7,33.65,33.68,61933237.0,2264515050.0,633461915.0,0.09776947206052632
2020-03-12,32.71,33.3,31.55,33.13,39092477.0,1317615105.0,633461915.0,0.06171243459837676
2020-03-13,31.54,33.26,31.3,32.6,35803183.0,1202180626.0,633461915.0,0.056519866707377346
2020-03-16,32.66,32.67,29.34,29.35,37677869.0,1209931445.0,633461915.0,0.05947929639937391
2020-03-17,29.67,30.37,27.7,29.83,25601173.0,778379195.0,633461915.0,0.040414699595633936
2020-03-18,30.11,31.0,29.39,29.54,23194594.0,731330253.0,633461915.0,0.03661560932199057
2020-03-19,29.54,31.63,29.54,31.17,25043545.0,793730802.0,633461915.0,0.0395344130514934
2020-03-20,31.73,32.08,30.81,31.25,18783066.0,612697483.0,633461915.0,0.029651452684412764
2020-03-23,30.49,33.62,30.12,32.45,38700028.0,1302762007.0,633461915.0,0.061092904061959274
2020-03-24,33.18,35.13,31.49,34.64,47562878.0,1641621752.0,633461915.0,0.07508403721477083
2020-03-25,35.23,35.23,33.86,33.95,35669680.0,1276950848.0,633461915.0,0.05630911528438138
2020-03-26,33.47,34.33,33.11,33.15,20392575.0,713995017.0,633461915.0,0.032192266838962216
2020-03-27,33.67,34.1,32.11,32.22,20572315.0,705496792.0,633461915.0,0.0324760092325361
2020-03-30,31.36,31.37,30.12,30.62,19993548.0,639014712.0,633461915.0,0.031562352094995326
2020-03-31,30.97,31.31,30.18,30.21,12871250.0,411382198.0,633461915.0,0.020318901097629523
2020-04-01,30.11,30.91,29.61,29.8,15621642.0,492284122.0,633461915.0,0.024660743811251856
2020-04-02,29.88,31.09,29.83,31.05,16278627.0,515745628.0,633461915.0,0.025697877985292928
2020-04-03,30.77,31.0,30.14,30.3,11927403.0,378804509.0,633461915.0,0.01882891886247021
2020-04-07,30.98,31.12,30.54,30.89,16353535.0,524378085.0,633461915.0,0.025816129766854254
2020-04-08,30.76,32.47,30.63,32.18,22804282.0,753575668.0,633461915.0,0.0359994523111938
2020-04-09,32.22,33.19,31.93,32.42,19787318.0,669461072.0,633461915.0,0.031236791875641018
2020-04-10,32.22,32.27,30.63,30.78,17635106.0,574336709.0,633461915.0,0.02783925218298246
2020-04-13,30.6,30.71,29.67,29.92,10789377.0,338196224.0,633461915.0,0.01703240044036428
2020-04-14,30.3,30.58,29.97,30.48,11281240.0,354991392.0,633461915.0,0.017808868588413875
2020-04-15,30.33,30.73,29.92,30.06,11089906.0,349514024.0,633461915.0,0.01750682359491178
2020-04-16,29.99,30.07,29.34,29.96,9081571.0,281524417.0,633461915.0,0.014336412000396266
2020-04-17,30.29,30.72,29.92,30.04,13451814.0,424751068.0,633461915.0,0.021235395027655292
2020-04-20,30.12,30.42,29.89,30.33,10839494.0,339684429.0,633461915.0,0.01711151648319694
2020-04-21,30.07,30.07,29.57,29.9,9041158.0,279787903.0,633461915.0,0.014272614952707931
2020-04-22,29.6,29.94,29.51,29.82,7119604.0,220022500.0,633461915.0,0.011239198176578619
2020-04-23,29.85,29.93,28.11,28.37,20805675.0,622116332.0,633461915.0,0.03284439759886749
2020-04-24,28.37,28.83,27.99,28.15,10850850.0,320092520.0,633461915.0,0.01712944336993014
2020-04-27,28.15,28.86,27.62,28.53,12721267.0,372729484.0,656502198.0000001,0.01937734106413456
2020-04-28,28.54,28.76,27.44,27.85,12797017.0,373522108.0,656502198.0000001,0.019492725293206097
2020-04-29,27.8,27.97,26.75,27.21,14658591.0,416887091.0,656502198.0000001,0.02232831975986773
2020-04-30,28.0,28.75,27.9,28.57,19012492.0,561821746.0,656502198.0000001,0.028960286893053168
2020-05-06,28.38,29.46,28.19,29.33,18780013.0,564671334.0,656502198.0000001,0.02860616926677829
2020-05-07,29.82,30.59,29.45,29.62,18050544.0,560296156.0,656502198.0000001,0.027495024472103894
2020-05-08,29.74,30.47,29.74,30.24,16686838.0,523568857.0,656502198.0000001,0.025417794564642108
2020-05-11,30.59,30.83,30.19,30.47,15688343.0,497972482.0,656502198.0000001,0.023896862870823165
2020-05-12,30.43,30.43,29.67,30.18,10656837.0,333079769.0,656502198.0000001,0.016232751440079716
2020-05-13,30.11,30.28,29.86,30.06,7220101.0,225909056.0,656502198.0000001,0.010997832180906116
2020-05-14,29.82,30.25,29.62,29.67,7879906.0,245062331.0,656502198.0000001,0.012002863088662498
2020-05-15,29.82,30.26,29.53,29.72,9259572.0,287786965.0,656502198.0000001,0.01410440365349698
2020-05-18,29.82,30.04,28.52,28.55,14456792.0,436049177.0,656502198.0000001,0.02202093465039701
2020-05-19,28.96,29.1,28.59,28.88,9268687.0,278422641.0,656502198.0000001,0.014118287841589219
2020-05-20,29.05,29.58,28.59,29.11,11838737.0,358527180.0,656502198.0000001,0.018033050058424933
2020-05-21,29.14,29.15,28.15,28.15,10377755.0,308442876.0,656502198.0000001,0.01580764699892139
2020-05-22,28.16,28.57,27.52,27.63,8693435.0,252556954.0,656502198.0000001,0.013242050105063012
2020-05-25,26.93,26.97,26.03,26.33,13579673.0,374018799.0,656502198.0000001,0.020684885810542248
2020-05-26,26.65,27.37,26.64,27.27,7875312.0,220538550.0,656502198.0000001,0.011995865396935044
2020-05-27,27.3,27.32,26.64,26.68,6032089.0,168432348.0,656502198.0000001,0.009188223616579573
2020-05-28,26.63,26.93,26.16,26.53,6639545.0,182506126.0,656502198.0000001,0.010113515263508682
2020-05-29,26.34,26.65,26.14,26.31,5794042.0,158995956.0,656502198.0000001,0.008825624678258882
2020-06-01,26.55,28.22,26.26,27.96,14474969.0,414337724.0,656502198.0000001,0.022048622295701738
2020-06-02,27.97,29.22,27.91,28.74,16102746.0,479469247.0,656502198.0000001,0.024528091526663857
2020-06-03,28.74,29.22,28.23,28.52,13171318.0,393413103.0,656502198.0000001,0.020062869614337526
2020-06-04,28.55,28.8,28.18,28.25,6098700.0,179986303.0,656502198.0000001,0.009289687100179364
2020-06-05,28.86,28.95,28.02,28.62,11006575.0,326841105.0,656502198.0000001,0.01676548080650904
2020-06-08,29.1,30.18,29.0,29.22,17188529.0,528097957.0,656502198.0000001,0.02618198240975272
2020-06-09,29.15,29.75,29.04,29.23,10785992.0,329345827.0,656527923.0,0.016428839691560233
2020-06-10,29.15,29.42,28.66,28.76,7191861.0,216116490.0,656527923.0,0.01095438708400526
2020-06-11,28.86,29.1,28.32,28.39,10275964.0,306563520.0,656527923.0,0.015651983167820266
2020-06-12,27.73,28.16,27.61,27.96,12289655.0,355723033.0,656527923.0,0.01871916573455475
2020-06-15,27.98,28.38,27.77,27.96,7804337.0,228243473.0,656527923.0,0.011887288760450787
2020-06-16,28.45,30.48,28.29,30.37,28706154.0,894394815.0,656527923.0,0.04372419358620334
2020-06-17,30.64,31.63,30.5,31.46,31559623.0,1025711666.0,656527923.0,0.04807049615770874
2020-06-18,31.36,32.27,31.09,31.74,27322222.0,901806038.0,656527923.0,0.041616237547294696
2020-06-19,31.74,31.91,31.13,31.19,16040564.0,524240693.0,656527923.0,0.024432417019984085
2020-06-22,31.49,31.92,31.2,31.34,10179726.0,332573939.0,656527923.0,0.01550539686641782
2020-06-23,31.34,31.53,30.87,31.31,9440730.0,306507251.0,656527923.0,0.014379784422360356
2020-06-24,31.47,31.64,30.95,31.35,10411608.0,338897250.0,656527923.0,0.015858591287974816
2020-06-29,31.35,31.58,30.62,30.91,11495671.0,369720400.0,656527923.0,0.01750979752311312
2020-06-30,31.21,32.45,31.21,31.61,18442561.0,610617091.0,656527923.0,0.028091053485930714
2020-07-01,31.65,31.83,30.45,30.97,15948314.0,514452632.0,656527923.0,0.0242919050984523
2020-07-02,30.98,31.92,30.62,31.47,14080515.0,460408164.0,656527923.0,0.021446940041269198
2020-07-03,31.48,32.11,31.08,32.11,16647475.0,548777996.0,656527923.0,0.025356842286203874
2020-07-06,32.63,33.21,32.05,32.83,26658110.0,906186713.0,656527923.0,0.04060468575073843
2020-07-07,33.14,34.08,32.51,33.38,24320661.0,843719657.0,656527923.0,0.0370443665044236
2020-07-08,33.19,34.47,32.93,34.22,21972352.0,771399692.0,656527923.0,0.033467505692061784
2020-07-09,34.4,34.99,33.7,34.4,22414899.0,800897068.0,656527923.0,0.034141577554805694
2020-07-10,34.32,35.37,33.76,33.78,19752396.0,709307273.0,656527923.0,0.030086147607769
2020-07-13,34.63,36.36,34.53,35.64,25350490.0,937904039.0,656527923.0,0.03861296543818137
2020-07-14,35.57,35.93,33.76,34.72,24168846.0,873030152.0,656527923.0,0.03681312729176943
2020-07-15,34.55,35.26,33.47,34.53,23374536.0,837890037.0,656527923.0,0.0356032625287135
2020-07-16,34.5,34.7,32.85,33.38,18643144.0,657108646.0,656527923.0,0.02839657438302133
2020-07-17,33.57,34.63,32.71,34.47,19352489.0,683728664.0,656527923.0,0.029477023477644224
2020-07-20,34.98,34.98,33.76,34.84,15308919.0,548793592.0,656527923.0,0.023318001357879793
2020-07-21,34.61,35.35,34.03,34.73,13982233.0,503834376.0,656527923.0,0.021297240391708366
2020-07-22,34.72,35.23,34.05,34.87,13612848.0,492280417.0,656527923.0,0.020734606287263733
2020-07-23,34.42,34.6,33.24,33.86,17274533.0,605114230.0,656527923.0,0.026311954746820417
2020-07-24,32.98,33.61,30.99,31.03,17395955.0,580730020.0,656527923.0,0.026496900422009927
2020-07-27,31.33,31.5,30.56,30.8,6551889.0,209680850.0,656527923.0,0.009979604477538727
2020-07-28,31.07,31.4,30.76,30.92,5705163.0,183234628.0,656527923.0,0.00868990152609244
2020-07-29,30.93,31.66,30.83,31.61,6552087.0,212689855.0,656527923.0,0.009979906064102014
2020-07-30,31.65,31.84,30.99,31.04,6821495.0,220811222.0,656527923.0,0.010390258755224337
2020-07-31,31.24,31.92,31.03,31.22,9484439.0,308197420.0,656527923.0,0.014446360417788354
2020-08-03,31.48,32.07,31.36,32.05,10845599.0,356449381.0,656527923.0,0.01651963095558999
2020-08-04,32.19,33.08,32.07,32.21,12872933.0,433655623.0,656527923.0,0.019607594055066565
2020-08-05,32.73,32.73,31.71,32.15,9107692.0,302808888.0,656527923.0,0.013872512776581476
2020-08-06,32.1,32.12,30.85,31.33,13291450.0,429356445.0,656527923.0,0.020245064275811464
2020-08-07,31.24,31.24,30.48,30.8,9017231.0,287196295.0,656527923.0,0.013734725796270511
2020-08-10,30.45,30.83,29.97,30.5,9554524.0,300808703.0,656527923.0,0.014553111399040981
2020-08-11,30.64,30.92,30.2,30.22,7486890.0,236454782.0,656527923.0,0.011403764771784125
2020-08-12,30.14,30.49,29.48,29.83,8076161.0,249150669.0,656527923.0,0.012301321416911006
2020-08-13,30.02,30.7,29.65,30.28,8921697.0,278582474.0,656527923.0,0.013589211802648644
2020-08-14,30.14,30.75,29.99,30.53,8162696.0,257140534.0,656527923.0,0.012433128453547894
2020-08-17,30.68,31.22,30.31,30.9,8913031.0,284178463.0,656527923.0,0.013576012059429193
2020-08-18,30.93,31.03,30.24,30.45,7723458.0,243808182.0,656527923.0,0.011764096742005594
2020-08-19,30.54,30.71,29.49,29.64,6593395.0,204738393.0,656527923.0,0.01004282494165903
2020-08-20,29.35,29.54,28.8,29.19,6762005.0,204268404.0,656527923.0,0.010299645701436525
2020-08-21,29.71,30.0,29.15,29.51,5657676.0,173155763.0,656527923.0,0.0086175710153306
2020-08-24,29.94,30.25,29.28,30.06,7536951.0,233601159.0,656527923.0,0.011480015907868705
2020-08-25,30.5,32.09,30.47,31.27,16728849.0,542609118.0,656527923.0,0.025480788271057285
2020-08-26,33.18,33.24,31.2,31.62,35780882.0,1186151362.0,656527923.0,0.05450016784739253
2020-08-27,31.7,32.73,31.53,32.14,20876809.0,693486199.0,656527923.0,0.03179881352891063
2020-08-28,31.83,32.07,31.41,32.02,13137141.0,432550063.0,656527923.0,0.020010026290991436
2020-08-31,32.2,32.57,31.72,31.72,12272012.0,408933381.0,656527923.0,0.01869229254396846
2020-09-01,31.72,32.63,31.57,32.4,16512450.0,549115811.0,656527923.0,0.025151177004850714
2020-09-02,32.64,33.56,32.43,33.23,17839006.0,609763889.0,656527923.0,0.027171739959642203
2020-09-03,33.37,33.69,32.97,33.27,13859269.0,477060877.0,656527923.0,0.02110994599691992
2020-09-04,32.82,33.49,32.65,33.03,10945643.0,373875547.0,656527923.0,0.016672014420931188
2020-09-07,33.03,33.32,32.06,32.11,13491600.0,455811437.0,656527923.0,0.02054992564269045
2020-09-08,32.55,32.79,32.19,32.6,8686179.0,292494622.0,656527923.0,0.013230479155111274
2020-09-09,32.18,32.61,31.61,31.91,11690977.0,388994148.0,656527923.0,0.01780728068134278
2020-09-10,32.24,32.79,30.87,31.16,13601989.0,447667532.0,656527923.0,0.0207180662443812
2020-09-11,30.83,31.1,30.13,30.8,12991063.0,411818184.0,656527923.0,0.0197875254728503
2020-09-14,30.92,31.51,30.74,31.22,9292865.0,300026201.0,656527923.0,0.014154561709327327
2020-09-15,31.89,32.09,31.08,32.0,10158484.0,333412788.0,656527923.0,0.015473041806936214
2020-09-16,31.88,32.69,31.7,32.41,10764350.0,359253008.0,656527923.0,0.016395875366294207
2020-09-17,32.48,33.34,32.1,32.86,13165856.0,447313922.0,656527923.0,0.02005376395849046
2020-09-18,33.05,33.33,32.67,33.11,11664441.0,398498532.0,656527923.0,0.01776686198920438
2020-09-21,33.02,33.64,32.78,32.95,8333389.0,285644083.0,656527923.0,0.012693121964897752
2020-09-22,32.54,34.04,32.54,33.7,15597476.0,540833523.0,656527923.0,0.023757521125266745
2020-09-23,33.6,33.98,33.22,33.8,9619754.0,335249321.0,656527923.0,0.014652467416835216
2020-09-24,33.53,34.02,33.35,33.7,10040492.0,349896315.0,656527923.0,0.015293320585848105
2020-09-25,33.73,33.78,33.01,33.09,7896950.0,271442505.0,656527923.0,0.01202835359068193
2020-09-28,33.44,33.52,32.48,32.48,6960033.0,236043800.0,656527923.0,0.010601274913329163
2020-09-29,32.89,34.0,32.77,33.93,12195114.0,423537975.0,656527923.0,0.018575164243242705
2020-09-30,33.83,34.17,33.49,33.8,8304617.0,290172861.0,656527923.0,0.012649297477024446
2020-10-09,34.28,34.75,33.82,33.98,12408998.0,439858963.0,656527923.0,0.018900944750829738
2020-10-12,33.99,35.3,33.91,35.23,17990633.0,645496756.0,656527923.0,0.0274026928173777
2020-10-13,34.99,34.99,34.53,34.85,12200752.0,438711947.0,656527923.0,0.0185837518444741
2020-10-14,34.84,34.84,33.55,33.81,13973773.0,490458747.0,656527923.0,0.02128435442036789
2020-10-15,33.81,33.93,33.33,33.33,7803925.0,271109972.0,656527923.0,0.011886661216692835
2020-10-16,33.46,33.64,32.23,32.24,14305827.0,484353154.0,656527923.0,0.0217901272723171
2020-10-19,33.83,34.56,33.06,33.25,38164204.0,1340966944.0,656527923.0,0.05813035921702907
2020-10-20,32.98,33.0,31.61,32.08,23142599.0,767573931.0,656527923.0,0.03524998433311115
2020-10-21,31.99,32.02,30.65,31.04,19801633.0,637505529.0,656527923.0,0.030161143656337677
2020-10-22,30.86,31.38,30.17,31.34,13244444.0,420493328.0,656527923.0,0.02017346640715539
2020-10-23,30.89,31.19,30.54,30.58,12973978.0,413775831.0,656527923.0,0.019761502208033275
2020-10-26,30.54,31.27,30.37,31.1,9590961.0,308003764.0,656527923.0,0.014608610942508229
2020-10-27,31.03,31.47,30.8,31.47,9834353.0,317670359.0,656527923.0,0.014979336987011899
2020-10-28,31.44,31.48,30.81,30.92,11894906.0,381716633.0,656527923.0,0.01811789808672007
2020-10-29,30.45,30.84,30.17,30.68,9978411.0,315819648.0,656527923.0,0.015198761012941715
2020-10-30,30.67,31.24,30.34,30.35,11818149.0,376276222.0,656527923.0,0.01800098455218332
2020-11-02,30.33,30.38,29.17,29.7,13699579.0,419730865.0,656527923.0,0.020866711864134985
2020-11-03,30.36,30.79,30.04,30.73,12716689.0,400959286.0,656527923.0,0.019369608747014405
2020-11-04,30.72,30.8,29.96,30.03,10370335.0,324089634.0,656527923.0,0.015795725721173933
2020-11-05,30.4,32.03,30.31,31.86,23189331.0,751200774.0,656527923.0,0.03532116485470489
2020-11-06,31.71,32.09,31.38,31.55,14458243.0,473786319.0,656527923.0,0.022022281906812363
2020-11-09,32.07,32.69,31.81,32.33,23129514.0,773045926.0,656527923.0,0.03523005372613831
2020-11-10,32.27,32.27,31.46,31.66,14349813.0,471748595.0,656527923.0,0.021857125184300805
2020-11-11,31.47,31.67,30.54,30.64,12309660.0,395106030.0,656527923.0,0.018749636639598038
2020-11-12,30.83,31.08,30.22,30.63,7671888.0,244011897.0,656527923.0,0.01168554715074929
2020-11-13,30.61,31.03,30.3,30.93,7673495.0,243688945.0,656527923.0,0.011687994876038197
2020-11-16,30.93,31.09,30.36,31.09,8970038.0,284780750.0,656527923.0,0.01366284309586022
2020-11-17,30.89,30.89,29.77,30.19,13356804.0,416270288.0,656527923.0,0.02034460916599887
2020-11-18,30.19,30.52,30.03,30.27,6724281.0,210546254.0,656527923.0,0.010242185845307908
2020-11-19,29.96,30.3,29.77,30.24,7900430.0,245586262.0,656527923.0,0.012033654203006382
2020-11-20,30.35,30.5,29.82,30.06,8558247.0,266526050.0,656527923.0,0.013035617679280338
2020-11-23,30.11,30.26,29.68,30.11,8448235.0,261861648.0,656527923.0,0.0128680513105914
2020-11-24,30.11,30.33,29.87,30.25,8060081.0,251671819.0,656527923.0,0.012276828932377337
2020-11-25,30.44,30.91,30.16,30.54,13330184.0,421744815.0,656527923.0,0.02030406252804574
2020-11-26,30.38,30.6,29.97,30.07,7818976.0,245077562.0,656527923.0,0.011909586364996085
2020-11-27,30.07,30.22,29.51,29.81,8363156.0,257944427.0,656527923.0,0.012738462001409802
2020-11-30,29.82,30.09,29.6,29.67,6434174.0,198789851.0,656527923.0,0.009800305173006328
2020-12-01,29.65,29.94,29.61,29.92,5995961.0,185182394.0,656527923.0,0.009132834705036605
2020-12-02,29.95,30.58,29.73,30.41,10958948.0,342379433.0,656527923.0,0.016692280124085447
2020-12-03,30.33,30.33,29.89,30.14,7794200.0,242692268.0,656527923.0,0.011871848442309133
2020-12-04,30.14,31.07,29.94,31.06,13992467.0,443268204.0,656527923.0,0.021312828456802744
2020-12-07,31.08,31.08,30.63,30.64,8028002.0,255493156.0,656527923.0,0.012227967339631341
2020-12-08,30.59,31.01,30.56,30.63,6179529.0,196972213.0,656527923.0,0.009412438958822471
2020-12-09,30.65,30.71,29.77,29.77,8021902.0,249933139.0,656527923.0,0.012218676036418942
2020-12-10,29.87,30.07,29.66,29.86,4214825.0,130330027.0,656527923.0,0.006419871649541401
2020-12-11,29.66,29.73,28.08,28.18,20066093.0,591890509.0,656527923.0,0.030563959729706727
2020-12-14,28.04,28.46,27.9,28.24,5909906.0,172490472.0,656527923.0,0.009001758787341023
2020-12-15,28.16,28.71,28.06,28.56,4654695.0,137166266.0,656527923.0,0.007089866001023082
2020-12-16,28.59,28.76,28.2,28.21,3437435.0,100921025.0,656527923.0,0.005235778829166418
2020-12-17,28.21,28.47,27.93,28.47,4792109.0,140158023.0,656527923.0,0.0072991701222736875
2020-12-18,28.56,28.74,28.25,28.46,4300701.0,126874816.0,656527923.0,0.006550674920798456
2020-12-21,28.4,28.98,28.14,28.75,6177605.0,183563171.0,656527923.0,0.009409508390399413
2020-12-22,28.59,28.92,28.08,28.12,5526827.0,163021932.0,656527923.0,0.008418266468766783
2020-12-23,28.18,28.31,27.12,28.03,9016274.0,258583915.0,656527923.0,0.013733268127881287
2020-12-24,28.02,28.02,27.21,27.26,5898900.0,167853559.0,656527923.0,0.008984994839282716
2020-12-25,27.21,27.42,26.63,27.37,5505171.0,154450836.0,656527923.0,0.008385280819198303
2020-12-28,27.26,27.26,26.11,26.28,8590532.0,236928766.0,656527923.0,0.013084793043905309
2020-12-29,26.41,28.27,26.35,27.88,12803082.0,365349104.0,656527923.0,0.019501199494297822
2020-12-30,27.89,28.21,27.31,27.96,8516218.0,245149235.0,656527923.0,0.012971600600146904
2020-12-31,28.0,28.5,27.69,28.07,7752618.0,225797938.0,656527923.0,0.011808512217689788
2021-01-04,28.09,28.56,27.84,28.46,9546549.0,279738204.0,656527923.0,0.014540964162464115
2021-01-05,28.22,28.85,28.13,28.59,10199115.0,300431109.0,656527923.0,0.015534929502153101
2021-01-06,28.66,28.68,27.84,27.91,7703739.0,223363410.0,656527923.0,0.011734061461998168
2021-01-07,27.82,27.91,26.92,27.35,9265470.0,262214285.0,656527923.0,0.014112834618916886
2021-01-08,27.35,28.49,27.31,28.03,9780316.0,283701554.0,656527923.0,0.014897029749030188
2021-01-11,28.11,28.78,27.68,27.9,10762124.0,314913266.0,656527923.0,0.016392484802203913
2021-01-12,27.85,28.31,27.55,28.29,7437464.0,215561449.0,656527923.0,0.01132848084513231
2021-01-13,28.31,29.12,28.1,29.1,15176950.0,451189813.0,656527923.0,0.0231169908671196
2021-01-14,29.17,29.48,28.68,28.98,13366532.0,402691300.0,656527923.0,0.020359426509875954
2021-01-15,29.09,29.09,28.31,28.48,8191041.0,242476739.0,656527923.0,0.012476302550196331
2021-01-18,28.42,29.25,28.3,29.05,8370585.0,250333821.0,656527923.0,0.012749777590190935
2021-01-19,28.9,29.43,28.49,28.54,7895612.0,235959510.0,656527923.0,0.012026315596633046
2021-01-20,28.58,28.71,28.17,28.65,5842516.0,172227173.0,656527923.0,0.008899112734310922
2021-01-21,28.67,28.75,28.18,28.41,7598714.0,223639108.0,656527923.0,0.011574091114476482
2021-01-22,28.34,28.4,27.26,27.58,10423630.0,297930068.0,656527923.0,0.015876902771125547
2021-01-25,27.47,27.47,26.87,27.01,8700860.0,243605238.0,656527923.0,0.013252840732563937
2021-01-26,27.01,27.52,26.61,26.73,6344996.0,177253587.0,656527923.0,0.009664472412698888
2021-01-27,26.86,26.99,26.6,26.84,4731188.0,131301321.0,656527923.0,0.007206377420142113
2021-01-28,26.46,26.96,26.17,26.19,6242429.0,171081726.0,656527923.0,0.009508246003422462
2021-01-29,26.37,26.48,24.6,25.02,11084854.0,289701749.0,656527923.0,0.016884055668718298
2021-02-01,24.78,25.39,24.61,24.96,6293742.0,162274137.0,663073361.0,0.009491773263984284
2021-02-02,25.05,25.75,24.99,25.34,7591829.0,199452846.0,663073361.0,0.011449455590480282
2021-02-03,25.41,25.57,23.58,23.68,14733046.0,370277298.0,663073361.0,0.022219330268042542
2021-02-04,23.73,23.96,22.71,23.3,13109160.0,314200427.0,663073361.0,0.019770301102474845
2021-02-05,23.34,23.58,22.33,22.4,9144623.0,215699741.0,663073361.0,0.01379126886685469
2021-02-08,22.4,22.82,22.27,22.41,6809787.0,158651672.0,663073361.0,0.010270035565491524
2021-02-09,22.48,22.79,22.29,22.67,8470154.0,198151198.0,663073361.0,0.012774082776038411
2021-02-10,22.67,23.15,22.46,23.06,8059092.0,190495626.0,663073361.0,0.012154148355237574
2021-02-18,23.34,23.86,23.25,23.51,8487728.0,206850996.0,663073361.0,0.01280058663071521
2021-02-19,23.53,24.03,23.3,23.99,8604858.0,212067967.0,663073361.0,0.012977233751364654
2021-02-22,24.25,24.26,23.49,23.57,12997471.0,321300210.0,663073361.0,0.01960185971036167
2021-02-23,23.3,23.87,23.06,23.64,10321795.0,251087295.0,663073361.0,0.015566595805377257
2021-02-24,23.63,24.15,23.43,23.69,11083686.0,272914152.0,663073361.0,0.016715625527896905
2021-02-25,23.79,23.94,23.42,23.47,6460807.0,157362232.0,663073361.0,0.009743728793834021
2021-02-26,23.1,23.66,22.99,23.6,8048412.0,195240689.0,663073361.0,0.012138041540172808
2021-03-01,23.6,23.89,23.51,23.87,9831159.0,241272100.0,663073361.0,0.0148266535473139
2021-03-02,23.92,24.0,23.4,23.54,9862645.0,241946911.0,663073361.0,0.014874138489179933
2021-03-03,23.59,23.97,23.59,23.9,9001904.0,221505343.0,663073361.0,0.013576030239586114
2021-03-04,23.82,23.94,23.4,23.56,8159585.0,199496887.0,663073361.0,0.012305704737850266
2021-03-05,23.41,23.78,23.35,23.64,7669180.0,187098739.0,663073361.0,0.011566110857528478
2021-03-08,23.78,23.99,23.29,23.31,9796171.0,239594910.0,663073361.0,0.014773887138560525
2021-03-09,23.14,23.26,22.12,22.12,13778403.0,321004086.0,663073361.0,0.020779605712436394
2021-03-10,22.38,22.7,21.31,21.36,11866161.0,266057631.0,663073361.0,0.01789569857263501
2021-03-11,21.54,21.99,21.18,21.81,8542049.0,191079695.0,663073361.0,0.012882509692619065
2021-03-12,21.84,21.95,21.6,21.82,5814368.0,130884173.0,663073361.0,0.008768815551918998
2021-03-15,21.81,21.81,21.0,21.16,8733275.0,191385474.0,663073361.0,0.013170903121230955
2021-03-16,21.15,21.38,20.92,21.05,6284365.0,137262820.0,663073361.0,0.00947763154068257
2021-03-17,21.21,21.39,21.02,21.35,6504679.0,143127679.0,663073361.0,0.009809893418414678
2021-03-18,21.35,21.47,21.07,21.15,5495541.0,120724887.0,663073361.0,0.008287983386501935
2021-03-19,20.97,21.3,20.81,21.17,6414458.0,139920991.0,663073361.0,0.009673828534336187
2021-03-22,21.02,21.5,20.98,21.5,4934945.0,108780316.0,663073361.0,0.00744253244099185
2021-03-23,21.5,21.58,21.19,21.31,5824321.0,128779785.0,663073361.0,0.00878382595738151
2021-03-24,21.09,21.43,20.96,21.02,5292465.0,115471951.0,663073361.0,0.00798171863218616
2021-03-25,20.89,21.21,20.86,21.14,3962406.0,86316787.0,663073361.0,0.0059758184132509586
2021-03-26,21.34,21.67,21.34,21.58,6574767.0,146418102.0,663073361.0,0.009915595146341582
2021-03-29,21.65,21.83,21.38,21.43,6199818.0,138337330.0,663073361.0,0.009350123779139425
2021-03-30,21.39,21.49,21.15,21.39,4493509.0,99109302.0,663073361.0,0.006776790117496516
2021-03-31,21.39,21.51,21.09,21.48,4430296.0,97527818.0,663073361.0,0.0066814567747353676
2021-04-01,21.46,21.86,21.31,21.77,6018725.0,134844200.0,663073361.0,0.009077012219165294
2021-04-02,21.73,22.42,21.71,22.23,10533301.0,241502426.0,663073361.0,0.01588557408506719
2021-04-06,22.21,22.24,21.87,22.02,6577980.0,149614117.0,663073361.0,0.009920440764019775
2021-04-07,22.02,22.1,21.74,21.98,6727319.0,152247299.0,663073361.0,0.010145663203622502
2021-04-08,21.88,21.91,21.58,21.61,6273531.0,141166252.0,663073361.0,0.00946129247379009
2021-04-09,21.5,21.69,21.29,21.36,4880585.0,108252972.0,663073361.0,0.007360550562066691
2021-04-12,21.26,21.3,20.91,20.98,5386249.0,117451380.0,663073361.0,0.008123156979005827
2021-04-13,20.95,21.09,20.88,20.94,4367359.0,94739801.0,663073361.0,0.0065865396755096
2021-04-14,21.29,21.93,21.18,21.56,11931358.0,267473999.0,663073361.0,0.017994024042838903
2021-04-15,21.5,22.38,21.38,22.36,14700703.0,335250169.0,663073361.0,0.022170552859836577
2021-04-16,22.38,22.55,22.09,22.55,12356294.0,285374123.0,663073361.0,0.018634882241936424
2021-04-19,22.56,22.81,22.29,22.74,11720730.0,274417721.0,663073361.0,0.01767636990019269
2021-04-20,22.7,22.83,22.33,22.42,9970118.0,232784278.0,663073361.0,0.015036221610477275
2021-04-21,22.41,22.58,22.21,22.37,6166927.0,142915805.0,663073361.0,0.0093005199163777
2021-04-22,22.37,22.78,22.3,22.59,9381184.0,218458664.0,663073361.0,0.01414803331241051
2021-04-23,22.41,22.66,21.96,22.61,10913130.0,252900624.0,663073361.0,0.016458405120576093
2021-04-26,22.67,22.73,22.16,22.17,9215552.0,214293766.0,663073361.0,0.013898238931061506
2021-04-27,22.13,22.57,22.12,22.35,8141970.0,188168844.0,663073361.0,0.012279139049894661
2021-04-28,22.33,22.5,22.01,22.12,7561708.0,173063643.0,663073361.0,0.011404029244359886
2021-04-29,22.05,22.29,21.97,22.12,5496796.0,126007191.0,663073361.0,0.00828987608808492
2021-04-30,22.14,22.16,21.42,21.49,9732436.0,217944928.0,663073361.0,0.014677766552591155
2021-05-06,21.49,22.03,21.36,21.78,7720853.0,174003768.0,663073361.0,0.011644040394498671
2021-05-07,21.78,21.82,21.6,21.7,6353734.0,142784240.0,663073361.0,0.00958224892403723
2021-05-10,21.69,21.69,21.02,21.07,7007173.0,153912341.0,663073361.0,0.01056771906721193
2021-05-11,20.97,21.32,20.94,21.32,4525585.0,99078971.0,663073361.0,0.006825164855325865
2021-05-12,21.23,21.45,21.14,21.45,4396792.0,96903704.0,663073361.0,0.006630928429049045
2021-05-13,21.22,21.97,21.17,21.87,7640334.0,171990043.0,663073361.0,0.011522607375566095
2021-05-14,22.04,22.18,21.84,22.11,6863182.0,156475899.0,663073361.0,0.010350562100171597
2021-05-17,22.23,22.41,22.12,22.12,7713253.0,177487080.0,663073361.0,0.011632578615988164
2021-05-18,22.03,22.61,21.99,22.49,6874725.0,159597610.0,663073361.0,0.010367970430348808
2021-05-19,22.65,22.65,22.26,22.37,5135504.0,118977570.0,663073361.0,0.0077450012352403945
2021-05-20,22.3,22.55,22.13,22.52,5445809.0,125810644.0,663073361.0,0.008212981127438176
2021-05-21,22.56,22.57,22.13,22.17,4930051.0,113643428.0,663073361.0,0.007435151658882583
2021-05-24,21.98,22.6,21.98,22.56,6340291.0,146907411.0,663073361.0,0.009561975149232394
2021-05-25,22.55,22.95,22.5,22.85,8989717.0,211998146.0,663022986.0,0.013558680754395444
2021-05-26,22.93,23.35,22.64,22.66,9715759.0,231127806.0,663022986.0,0.014653728762278537
2021-05-27,22.86,23.54,22.75,23.09,15317158.0,368245593.0,663022986.0,0.023102001474199267
2021-05-28,23.36,23.54,23.01,23.23,9692675.0,232925961.0,663022986.0,0.014618912473118993
2021-05-31,23.3,24.04,23.3,23.91,12319115.0,303644220.0,663022986.0,0.018580223099535196
2021-06-01,23.71,24.01,23.6,23.73,9490576.0,233149816.0,663022986.0,0.014314098003232727
2021-06-02,23.8,24.29,23.66,23.7,12897357.0,319409210.0,663022986.0,0.019452352742413068
2021-06-03,23.72,24.16,23.52,23.63,11636058.0,287662276.0,663022986.0,0.0175500069314339
2021-06-04,23.68,23.99,23.32,23.44,10645442.0,260005667.0,663021711.0000001,0.016055947827023718
2021-06-07,23.67,24.11,23.67,23.97,10761614.0,266396247.0,663021711.0000001,0.016231163808751954
2021-06-08,23.97,24.03,23.63,23.72,7438964.0,183125866.0,663021711.0000001,0.011219789452716728
2021-06-09,23.63,23.95,23.14,23.27,8338799.0,202398684.0,663021711.0000001,0.012576962204485034
2021-06-10,23.34,23.57,23.13,23.45,8467691.0,204793931.0,663021711.0000001,0.01277136307833515
2021-06-11,23.38,23.44,22.87,22.88,9748489.0,233105046.0,663021711.0000001,0.014703121840907557
2021-06-15,22.82,23.27,22.82,23.03,6522941.0,155691949.0,663021711.0000001,0.009838201210880105
2021-06-16,22.96,23.98,22.91,23.67,12127874.0,297103830.0,663021711.0000001,0.01829182031114513
2021-06-17,23.64,24.25,23.48,24.19,12965193.0,320712621.0,663021711.0000001,0.019554703541223854
2021-06-18,24.24,24.24,23.68,23.99,10717846.0,265138474.0,663021711.0000001,0.01616515088749484
2021-06-21,23.82,24.14,23.69,23.87,9439016.0,233101080.0,663021711.0000001,0.014236360353514877
2021-06-22,23.87,23.88,23.11,23.31,10059913.0,243593306.0,663021711.0000001,0.015172825916706668
2021-06-23,23.17,24.73,23.06,24.5,19465965.0,484831753.0,663021711.0000001,0.02935946844129814
2021-06-24,24.58,24.89,24.22,24.62,13908740.0,352803644.0,663021711.0000001,0.020977804752460055
2021-06-25,24.49,24.5,23.83,24.13,14719748.0,367382958.0,663021711.0000001,0.02220100451582346
2021-06-28,24.13,24.51,23.88,24.15,10843349.0,271098510.0,663021711.0000001,0.016354440314851164
2021-06-29,24.16,24.34,23.45,23.64,10368293.0,255410893.0,663021711.0000001,0.015637938890963404
2021-06-30,23.66,23.99,23.63,23.78,7038677.0,173154625.0,663862785.0,0.010602608188076094
2021-07-01,23.82,23.84,22.81,22.82,11175531.0,267846880.0,663862785.0,0.016834097726987362
2021-07-02,22.82,23.02,22.69,22.74,6691910.0,158205448.0,663862785.0,0.010080260787626466
2021-07-05,22.6,22.92,22.06,22.36,10012016.0,232172638.0,663862785.0,0.01508145391822197
2021-07-06,22.29,22.54,22.06,22.41,6953685.0,160277863.0,663862785.0,0.010474581731524536
2021-07-07,22.24,22.91,22.13,22.77,7325476.0,170581108.0,663862785.0,0.011034623668504027
2021-07-08,22.81,22.93,22.47,22.62,7558167.0,177350634.0,663862785.0,0.011385134354232555
2021-07-09,22.62,23.29,22.61,22.85,8239617.0,194290698.0,663862785.0,0.012411626598409187
2021-07-12,22.92,24.57,22.86,24.18,20413893.0,502140589.0,663862785.0,0.03075016925372613
2021-07-13,24.22,24.56,23.95,24.4,17005630.0,423330028.0,663862785.0,0.025616182115103803
2021-07-14,24.41,24.52,24.09,24.11,11033410.0,275178137.0,663862785.0,0.016620015836555743
2021-07-15,24.16,24.48,23.76,24.34,10765473.0,266773337.0,663862785.0,0.016216412854050857
2021-07-16,24.2,24.21,23.62,23.7,10317028.0,252335782.0,663862785.0,0.015540904284911828
2021-07-19,23.65,24.47,23.08,24.37,15774904.0,387614179.0,663862785.0,0.023762295999164948
2021-07-20,24.15,24.54,23.97,24.51,11911479.0,297175912.0,663862785.0,0.0179426822366613
2021-07-21,24.52,24.56,24.03,24.24,11504092.0,286340634.0,663862785.0,0.01732902078552272
2021-07-22,24.19,24.51,23.77,24.19,11778515.0,291810839.0,663862785.0,0.017742393859297295
2021-07-23,24.39,25.2,24.26,24.86,24132619.0,616137867.0,663862785.0,0.0363518177931905
2021-07-26,24.72,24.81,23.87,24.09,16366668.0,408524264.0,663862785.0,0.024653691048519912
2021-07-27,24.33,25.9,24.2,25.13,30424181.0,787572768.0,663862785.0,0.04582902022441279
2021-07-28,25.23,26.5,24.34,26.48,36786287.0,970034292.0,663862785.0,0.05541248557862752
2021-07-29,26.78,27.69,26.0,27.05,41245861.0,1136325798.0,663862785.0,0.06213009967112405
2021-07-30,26.61,27.72,26.3,26.7,31768602.0,881518499.0,663862785.0,0.04785416914129326
2021-08-02,26.86,27.99,26.56,27.76,31548429.0,888266980.0,663862785.0,0.04752251476184194
2021-08-03,27.96,28.69,27.08,27.19,31681164.0,904790103.0,663862785.0,0.0477224581884041
2021-08-04,26.93,27.55,26.59,27.12,24882856.0,690614716.0,663862785.0,0.03748192632909826
2021-08-05,27.11,27.11,26.36,26.4,17808776.0,486628156.0,663862785.0,0.02682598934959127
2021-08-06,26.31,26.56,25.85,26.39,17303962.0,464044863.0,663862785.0,0.0260655701614604
2021-08-09,26.29,26.93,26.01,26.83,18091912.0,492579259.0,663862785.0,0.02725248712352508
2021-08-10,26.57,26.67,26.18,26.38,14216641.0,385223667.0,663862785.0,0.02141502931211907
2021-08-11,26.25,26.27,25.81,26.03,13198341.0,352393223.0,663862785.0,0.01988112799544864
2021-08-12,25.86,27.22,25.84,26.99,21868047.0,600070432.0,663862785.0,0.032940612870775696
2021-08-13,27.07,27.65,26.09,26.21,23623048.0,649997402.0,663862785.0,0.035584232967660626
2021-08-16,25.94,25.94,24.93,24.98,20384306.0,529525630.0,663862785.0,0.030705601308860835
2021-08-17,24.84,25.18,24.37,24.44,13145902.0,333373543.0,663862785.0,0.01980213727449717
2021-08-18,24.44,24.56,23.96,24.28,10989182.0,273162415.0,663862785.0,0.016553393635403136
2021-08-19,24.33,24.89,24.18,24.88,11090813.0,281322292.0,663862785.0,0.01670648400632971
2021-08-20,24.88,24.88,24.32,24.52,8114053.0,204181270.0,663862785.0,0.012222485102851488
2021-08-23,24.58,25.36,24.58,25.19,12086780.0,311059771.0,663862785.0,0.018206744334975787
2021-08-24,25.14,25.27,24.88,25.19,8861158.0,228097508.0,663862785.0,0.0133478757963515
2021-08-25,25.24,25.66,24.6,24.97,12988849.0,333111738.0,663862785.0,0.01956556278418288
2021-08-26,24.75,24.81,23.14,23.36,26926932.0,655816930.0,663862785.0,0.04056099032573426
2021-08-27,23.36,23.61,22.9,23.5,11899294.0,284228945.0,663862785.0,0.017924327540065378
2021-08-30,23.55,23.9,23.41,23.51,10640591.0,258432591.0,663862785.0,0.01602829867922179
2021-08-31,23.52,23.52,22.83,23.14,10394321.0,246424811.0,663862785.0,0.015657333465378693
2021-09-01,23.13,23.24,22.63,23.05,10866803.0,255767338.0,663862785.0,0.016369049818028284
2021-09-02,22.98,23.02,22.72,22.79,8448906.0,197820659.0,663862785.0,0.012726886023592962
2021-09-03,22.8,23.15,22.76,23.1,9359441.0,221100649.0,663862785.0,0.014098457108120618
2021-09-06,23.05,23.47,22.91,23.4,9325913.0,223087058.0,663862785.0,0.014047952695525778
2021-09-07,23.41,23.46,23.04,23.38,9119538.0,217564734.0,663862785.0,0.01373708273163708
2021-09-08,23.38,23.75,23.23,23.66,10159927.0,245469540.0,663862785.0,0.015304257490499336
2021-09-09,23.51,23.63,23.25,23.36,7918868.0,190528047.0,663862785.0,0.01192847103185638
2021-09-10,23.27,23.45,23.05,23.2,9079304.0,216282859.0,663862785.0,0.01367647683398912
2021-09-13,23.19,23.19,22.73,22.81,8671855.0,203770759.0,663862785.0,0.013062721990057027
2021-09-14,22.8,23.2,22.73,22.91,7849976.0,185299128.0,663862785.0,0.011824696574910431
2021-09-15,22.93,22.95,22.7,22.72,5819819.0,135995801.0,663862785.0,0.00876659926041795
2021-09-16,22.84,23.03,22.73,22.82,6865614.0,161291937.0,663862785.0,0.010341917268340325
2021-09-17,22.81,22.81,22.17,22.48,8855146.0,203837370.0,663862785.0,0.013338819708051567
2021-09-22,22.16,22.37,22.12,22.29,3768857.0,86196264.0,663862785.0,0.0056771626383605766
2021-09-23,22.39,22.83,22.35,22.66,6353280.0,147530832.0,663862785.0,0.009570170438157638
2021-09-24,22.69,22.84,22.48,22.5,5208201.0,121148644.0,663862785.0,0.007845297428443742
2021-09-27,23.25,23.36,22.59,22.72,7069442.0,166277803.0,663862785.0,0.010648950596018121
2021-09-28,22.74,22.78,22.36,22.38,4938771.0,114062522.0,663862785.0,0.007439445487217663
2021-09-29,22.15,22.2,21.7,21.71,7233100.0,162150965.0,663862785.0,0.01089547443151223
2021-09-30,21.77,21.92,21.63,21.81,3776497.0,84470274.0,662930336.0,0.0056966724781169166
2021-10-08,22.08,22.38,22.04,22.34,5626135.0,128586137.0,662930336.0,0.0084867665491778
2021-10-11,22.34,22.87,22.31,22.62,6119816.0,141951374.0,662930336.0,0.00923146169011641
2021-10-12,22.49,22.65,22.21,22.39,4317826.0,99293153.0,662930336.0,0.006513242441208785
2021-10-13,22.38,22.69,22.28,22.63,3905302.0,90378323.0,662930336.0,0.0058909689117017565
2021-10-14,22.65,22.73,22.36,22.41,3802673.0,87810425.0,662930336.0,0.005736157773295805
2021-10-15,22.51,22.79,22.28,22.54,5453391.0,126650871.0,662930336.0,0.008226190149789736
2021-10-18,22.54,22.62,22.36,22.45,4043851.0,93358778.0,662930336.0,0.006099963722281673
2021-10-19,22.39,22.59,22.39,22.48,3517388.0,81264123.0,662930336.0,0.005305818438213695
2021-10-20,22.48,22.6,22.31,22.32,4170662.0,96243395.0,662930336.0,0.0062912522983410435
2021-10-21,22.2,22.2,21.75,21.86,6354009.0,143105930.0,662930336.0,0.009584731087038383
2021-10-22,21.85,21.99,21.75,21.94,3009201.0,67713671.0,662930336.0,0.004539241661736234
2021-10-25,21.94,22.02,21.83,21.87,3352529.0,75455256.0,662930336.0,0.005057136199602125
2021-10-26,21.71,22.02,21.45,21.99,7372800.0,164597923.0,662930336.0,0.011121530573613696
2021-10-27,21.75,21.87,20.8,20.99,11082097.0,241404088.0,662930336.0,0.016716834934523195
2021-10-28,20.98,21.12,20.66,20.9,4503825.0,96884730.0,662930336.0,0.0067938134000251876
2021-10-29,20.9,21.2,20.88,21.12,4111931.0,88971247.0,662930336.0,0.006202659279119186
2021-11-01,21.08,21.52,21.01,21.42,4651560.0,102108242.0,662930336.0,0.007016664870198367
2021-11-02,21.42,21.86,21.33,21.44,6913106.0,153686726.0,662930336.0,0.010428103263025212
2021-11-03,21.44,21.71,21.29,21.49,4347872.0,96068561.0,662930336.0,0.006558565453851851
2021-11-04,21.57,21.76,21.48,21.72,4488313.0,99980080.0,662930336.0,0.006770414259636475
2021-11-05,21.72,22.14,21.71,21.91,6382694.0,144017313.0,662930336.0,0.009628001093617174
2021-11-08,21.9,21.91,21.4,21.55,5007364.0,111056904.0,662930336.0,0.007553378881729135
2021-11-09,21.52,21.76,21.41,21.73,4715495.0,104739611.0,662930336.0,0.007113107884687299
2021-11-10,21.7,21.85,21.51,21.7,4178305.0,93024630.0,662930336.0,0.006302781413219262
2021-11-11,21.71,22.25,21.65,22.12,7106365.0,161034452.0,662930336.0,0.010719625598789915
2021-11-12,22.14,22.73,22.04,22.56,8558308.0,196791084.0,662930336.0,0.012909815006565033
2021-11-15,22.33,23.09,22.09,22.72,13059903.0,302416328.0,662930336.0,0.019700264553891227
2021-11-16,22.58,22.82,22.16,22.16,10690258.0,246307441.0,662930336.0,0.016125763778594076
2021-11-17,22.25,23.07,22.09,23.01,13007110.0,303618958.0,662930336.0,0.019620628735264274
2021-11-18,23.08,23.1,22.64,22.69,8590750.0,200830405.0,662930336.0,0.012958752275291864
2021-11-19,22.59,22.69,22.32,22.63,6690596.0,154711563.0,662930336.0,0.010092457135646904
2021-11-22,22.65,22.96,22.4,22.83,9127637.0,212986111.0,662930336.0,0.013768621685159993
2021-11-23,22.83,23.34,22.73,23.04,12487724.0,296789441.0,662930336.0,0.0188371587810397
2021-11-24,22.95,23.8,22.9,23.62,17168867.0,413716270.0,662930336.0,0.02589844824962121
2021-11-25,23.76,24.05,23.25,23.32,14868071.0,360033109.0,662930336.0,0.022427803032383783
2021-11-26,23.17,23.53,22.8,22.81,10712843.0,253718034.0,662930336.0,0.016159832215009693
2021-11-29,22.54,22.77,22.49,22.59,7009835.0,162814683.0,662930336.0,0.010574014522093013
2021-11-30,22.8,23.06,22.49,22.69,7479075.0,175002513.0,662930336.0,0.0112818415357598
2021-12-01,22.54,23.29,22.52,23.1,7807858.0,184577079.0,662930336.0,0.011777795608375961
2021-12-02,23.23,23.48,22.65,22.73,8196425.0,193206926.0,662930336.0,0.01236393110240772
2021-12-03,22.73,22.88,22.6,22.73,6015867.0,140305049.0,662930336.0,0.009074659392265313
2021-12-06,22.76,22.84,22.06,22.08,9035352.0,207998093.0,662930336.0,0.013629413996224183
2021-12-07,22.21,22.35,21.59,21.76,8318270.0,186350438.0,662930336.0,0.012547728695281792
2021-12-08,21.87,22.04,21.69,22.0,5505003.0,124051888.0,662930336.0,0.008304044484094933
2021-12-09,21.95,22.35,21.92,22.23,6532984.0,149168055.0,662930336.0,0.00985470666408001
2021-12-10,22.12,22.18,21.89,22.1,6489596.0,146718220.0,662930336.0,0.009789257856499721
2021-12-13,22.11,22.36,21.99,22.21,6110514.0,139212344.0,662930336.0,0.009217430049844634
2021-12-14,22.08,22.64,22.02,22.58,7511199.0,173466257.0,662930336.0,0.011330299116074844
2021-12-15,22.5,22.97,22.38,22.46,8856807.0,206374792.0,662930336.0,0.013360087054456352
2021-12-16,22.61,22.63,22.32,22.48,5655327.0,130422407.0,662930336.0,0.008530801341998023
2021-12-17,22.41,22.46,21.88,21.9,8036833.0,182075703.0,662930336.0,0.012123193891673106
2021-12-20,21.91,22.03,21.57,21.58,5757257.0,128602259.0,662930336.0,0.008684558070970521
2021-12-21,21.62,21.77,21.55,21.74,5140149.0,114411306.0,663017311.0,0.0077526618305747376
2021-12-22,21.71,21.96,21.7,21.83,5158314.0,115606549.0,663017311.0,0.007780059305269029
2021-12-23,21.84,21.88,21.46,21.57,6296970.0,139659344.0,663017311.0,0.009497444328418146
2021-12-24,21.58,21.64,21.24,21.45,5752678.0,126229496.0,663017311.0,0.008676512520198737
2021-12-27,21.42,21.82,21.34,21.7,5188169.0,115344693.0,663017311.0,0.00782508829546986
2021-12-28,22.05,22.23,21.82,21.89,8715048.0,197274326.0,663017311.0,0.013144525573330016
2021-12-29,21.98,23.12,21.9,22.57,16696047.0,388260314.0,663017311.0,0.02518191715811776
2021-12-30,22.47,22.86,22.37,22.62,8600573.0,200068099.0,663017311.0,0.01297186793965927
2021-12-31,22.57,22.75,22.46,22.68,8566062.0,198955371.0,663017311.0,0.012919816508380729
2022-01-04,22.76,23.02,22.55,22.84,8871470.0,207450519.0,663017311.0,0.013380450031718704
2022-01-05,22.83,22.95,22.4,22.48,7814173.0,181229080.0,663017311.0,0.011785775228423863
2022-01-06,22.43,22.57,22.25,22.36,5683701.0,130841669.0,663017311.0,0.008572477529172689
2022-01-07,22.42,22.56,21.97,21.97,7181460.0,164046372.0,663017311.0,0.010831481894746486
2022-01-10,22.01,22.61,21.82,22.53,7464573.0,171260347.0,663017311.0,0.01125848884509744
2022-01-11,22.56,22.72,22.18,22.26,5669057.0,130452058.0,663017311.0,0.008550390624717791
2022-01-12,22.27,22.44,21.97,22.19,5723899.0,130341566.0,663017311.0,0.008633106413717756
2022-01-13,22.42,22.88,22.0,22.05,8493177.0,194565516.0,663017311.0,0.012809887251948388
2022-01-14,21.9,22.19,21.67,21.71,6381068.0,143323438.0,663017311.0,0.009624285662128059
2022-01-17,21.89,22.84,21.86,22.79,18285743.0,424544487.0,663017311.0,0.027579586078107694
2022-01-18,22.88,23.04,22.6,22.63,11517827.0,269675712.0,663017311.0,0.017371834504031524
2022-01-19,22.56,22.93,22.45,22.8,9793139.0,228540834.0,663017311.0,0.014770563056987814
2022-01-20,22.79,22.8,22.35,22.42,7182200.0,166268978.0,663326927.0,0.010827541756042718
2022-01-21,22.44,22.61,22.07,22.14,6874488.0,157353968.0,663326927.0,0.010363649838686557
2022-01-24,21.91,22.05,21.57,21.64,7515600.0,167857363.0,663326927.0,0.011330159675547138
2022-01-25,21.58,21.61,20.08,20.11,17329289.0,367128762.0,663326927.0,0.026124808589294612
2022-01-26,20.17,20.29,19.51,19.84,7183979.0,146404226.0,663326927.0,0.010830223691492023
2022-01-27,19.84,19.84,19.42,19.45,5709159.0,114600582.0,663326927.0,0.008606855485002797
2022-01-28,19.6,19.73,19.42,19.48,4698321.0,94470481.0,663326927.0,0.007082964385674637
2022-02-07,19.84,19.88,19.63,19.67,3650486.0,73946026.0,668496927.0,0.005460737144121532
2022-02-08,19.68,19.9,19.55,19.9,3094703.0,62781401.0,668496927.0,0.004629345139831885
2022-02-09,19.91,20.43,19.84,20.27,5287474.0,109580409.0,668496927.0,0.007909496343877734
2022-02-10,20.25,20.32,20.07,20.15,3830411.0,79336166.0,668496927.0,0.005729885726161311
2022-02-11,20.06,20.17,19.85,19.97,4006072.0,82117921.0,668496927.0,0.005992655819642982
2022-02-14,19.77,19.99,19.55,19.88,2977474.0,60534497.0,668496927.0,0.004453983077172769
2022-02-15,19.88,20.11,19.82,20.01,3071981.0,62927983.0,668496927.0,0.0045953554547902955
2022-02-16,20.09,20.15,19.92,19.99,2780405.0,57121408.0,668496927.0,0.00415918890229992
2022-02-17,19.88,20.03,19.8,19.85,2912308.0,59550405.0,668496927.0,0.004356501701615152
2022-02-18,20.23,20.56,20.14,20.49,9422667.0,197011825.0,668496927.0,0.014095303387984011
2022-02-21,20.92,22.17,20.9,21.77,18939360.0,419051194.0,668496927.0,0.028331259628961616
2022-02-22,21.42,21.86,21.34,21.73,11322169.0,251536148.0,668496927.0,0.016936755492370423
2022-02-23,21.71,22.2,21.69,22.08,10533687.0,237710113.0,668496927.0,0.015757270638882083
2022-02-24,21.92,22.04,20.88,21.21,12875872.0,283724233.0,668496927.0,0.019260929227876616
2022-02-25,21.44,21.62,20.98,21.08,7134656.0,155763992.0,668496927.0,0.010672683316613063
2022-02-28,20.96,21.31,20.65,21.05,5952161.0,128203485.0,668496927.0,0.008903797100027656
2022-03-01,21.16,21.57,21.05,21.21,6470736.0,141640219.0,668496927.0,0.00967952991053914
2022-03-02,21.06,21.47,20.98,21.24,4814782.0,104879300.0,668496927.0,0.007202399600559421
2022-03-03,21.41,21.43,20.83,20.86,6199434.0,133475335.0,668496927.0,0.00927369109656356
2022-03-04,20.89,21.02,20.57,20.67,4831487.0,103018186.0,668496927.0,0.007227388496282496
2022-03-07,20.54,20.54,19.67,19.86,9002557.0,184959454.0,668496927.0,0.013466863700332312
2022-03-08,19.86,19.94,19.29,19.45,6974483.0,140533276.0,668496927.0,0.010433081616843394
2022-03-09,19.77,19.79,18.07,18.89,9256734.0,179891303.0,668496927.0,0.013847085343445416
2022-03-10,19.29,19.4,18.79,18.85,5936335.0,116441123.0,668496927.0,0.008880123094417755
2022-03-11,18.61,19.07,18.3,18.95,5234274.0,100119006.0,668496927.0,0.007829914826220285
2022-03-14,18.82,19.02,18.5,18.52,3569100.0,68769791.0,668496927.0,0.005338992381037527
2022-03-15,18.48,18.48,17.53,17.56,7029987.0,130478941.0,668496927.0,0.010516109672408411
2022-03-16,17.84,18.06,17.04,17.97,7505488.0,135436009.0,668496927.0,0.011227408379694766
2022-03-17,18.16,18.44,18.02,18.04,5687514.0,106460063.0,668496927.0,0.008507913455225202
2022-03-18,18.0,18.19,17.89,18.06,4358862.0,80770077.0,668496927.0,0.00652039197780785
2022-03-21,18.13,18.22,17.77,17.96,4474957.0,82645864.0,668496927.0,0.006694057697590583
2022-03-22,17.9,17.94,17.6,17.7,4416018.0,80384890.0,668496927.0,0.006605891248921179
2022-03-23,17.79,19.03,17.68,19.03,15265560.0,290111928.0,668496927.0,0.022835647231030577
2022-03-24,18.79,18.79,18.07,18.11,10175042.0,190548149.0,668496927.0,0.01522077602609533
2022-03-25,18.11,18.11,17.7,17.71,5809516.0,106609774.0,668496927.0,0.008690415416075653
2022-03-28,17.55,17.88,17.28,17.83,4637832.0,83807238.0,668496927.0,0.006937701300757064
2022-03-29,17.82,17.92,17.49,17.55,3432249.0,62192912.0,668496927.0,0.005134277902222878
2022-03-30,17.66,17.77,17.55,17.74,3230368.0,58682101.0,668496927.0,0.004832285489324321
2022-03-31,17.7,17.77,17.55,17.6,2850652.0,51691416.0,668496927.0,0.0042642709111511
2022-04-01,17.55,17.69,17.38,17.55,3421114.0,61546551.0,668496927.0,0.0051176211315628085
2022-04-06,17.58,17.64,17.46,17.64,2825236.0,50982725.0,668496927.0,0.004226251289858211
2022-04-07,17.53,17.57,16.86,16.86,6729858.0,118561363.0,668496927.0,0.010067148745472093
2022-04-08,16.82,16.89,16.33,16.63,5111999.0,86805398.0,668496927.0,0.0076470044865292255
2022-04-11,16.53,16.54,15.79,15.94,4835991.0,80066022.0,668496927.0,0.007234125999205977
2022-04-12,15.95,16.41,15.82,16.39,3327992.0,55013841.0,668496927.0,0.004978320566012116
2022-04-13,16.3,16.33,15.99,16.13,2074294.0,34442095.0,668496927.0,0.0031029222666867995
2022-04-14,16.2,16.51,16.17,16.18,2698293.0,45115357.0,668496927.0,0.004036358120760666
2022-04-15,16.08,16.08,15.77,15.97,3211567.0,52525211.0,668496927.0,0.004804161201476996
2022-04-18,16.04,16.23,15.82,16.19,2816618.0,46527284.0,668496927.0,0.00421335968235498
2022-04-19,16.17,16.31,16.11,16.22,2215790.0,36869692.0,668496927.0,0.0033145851693645854
2022-04-20,16.29,16.34,15.93,16.06,2759731.0,45852084.0,668488902.0,0.004128312365012157
2022-04-21,16.06,16.11,15.38,15.42,4775898.0,77107862.0,668488902.0,0.007144319054080571
2022-04-22,15.42,15.42,14.93,14.98,5276591.0,82011852.0,668488902.0,0.007893311293894898
2022-04-25,14.88,14.88,14.01,14.03,7585365.0,112700735.0,674219535.0,0.011250586205574717
2022-04-26,14.21,14.4,13.57,13.62,7342682.0,106021338.0,674219535.0,0.010890639648998007
2022-04-27,13.57,14.35,13.53,14.28,5791714.0,82761032.0,674219535.0,0.008590249465257632
2022-04-28,14.14,14.33,13.92,14.22,4422715.0,64263327.0,674219535.0,0.006559755050704664
2022-04-29,14.38,14.78,14.23,14.66,5388279.0,80560709.0,674219535.0,0.007991876117917586
2022-05-05,14.65,15.01,14.55,14.82,4300850.0,65477381.0,674219535.0,0.00637900531909091
2022-05-06,14.53,14.89,14.39,14.83,3764204.0,56884482.0,674219535.0,0.005583053893565988
2022-05-09,14.78,15.05,14.63,14.89,2992967.0,45816174.0,674219535.0,0.004439157936887723
2022-05-10,14.66,15.26,14.66,15.2,4082861.0,63152880.0,674219535.0,0.006055684814887483
2022-05-11,15.24,15.61,15.14,15.17,5862759.0,92914173.0,674219535.0,0.00869562315485267
2022-05-12,15.04,15.42,15.0,15.3,3877729.0,60867572.0,674219535.0,0.005751433767044439
2022-05-13,15.38,15.49,15.06,15.25,3470705.0,54296735.0,674219535.0,0.005147737227756238
2022-05-16,15.32,15.42,15.0,15.07,3063334.0,47738852.0,674219535.0,0.0045435260193106095
2022-05-17,15.13,15.18,14.85,15.17,3000800.0,46334989.0,674219535.0,0.0044507758144385415
2022-05-18,15.21,15.43,15.11,15.26,3256361.0,51203196.0,674219535.0,0.0048298229745004344
2022-05-19,15.07,15.42,15.01,15.42,3825295.0,59947879.0,674219535.0,0.0056736638460052925
2022-05-20,15.37,15.63,15.35,15.63,4350306.0,69369498.0,674219535.0,0.0064523582811939735
2022-05-23,15.68,15.7,15.46,15.61,3468050.0,55484335.0,674219535.0,0.0051437993412635245
2022-05-24,15.6,15.7,14.85,14.88,5518271.0,86502231.0,674219535.0,0.008184679786829374
2022-05-25,14.9,15.3,14.88,15.26,3601857.0,56079316.0,674219535.0,0.005342261404514184
2022-05-26,15.34,15.89,15.04,15.76,6439629.0,103153139.0,674219535.0,0.009551234673139513
2022-05-27,15.77,15.85,15.46,15.59,4351381.0,69996635.0,674219535.0,0.006453952717344507
2022-05-30,15.58,15.75,15.44,15.7,3216837.0,51661156.0,674219535.0,0.004771201119231883
2022-05-31,15.58,15.87,15.48,15.86,5527759.0,89389308.0,674219535.0,0.008198752354453805
2022-06-01,15.77,16.02,15.73,15.83,4329814.0,70658066.0,674219535.0,0.006421964620173754
2022-06-02,16.0,16.13,15.81,16.11,5576867.0,91820154.0,674219535.0,0.008271589164203022
2022-06-06,16.09,16.44,16.07,16.35,5943218.0,99564806.0,674219535.0,0.008814959655537124
2022-06-07,16.36,16.4,15.96,16.05,5777131.0,95447939.0,674219535.0,0.008568620011877881
2022-06-08,16.07,16.44,15.98,16.26,6363817.0,105792021.0,674219535.0,0.009438790586214623
2022-06-09,16.11,16.11,15.69,15.78,5793339.0,94561209.0,674219535.0,0.008592659659438673
2022-06-10,15.78,16.35,15.75,16.34,7108053.0,117714624.0,674219535.0,0.01054263875638074
2022-06-13,16.24,16.41,16.15,16.4,6193492.0,103581580.0,674219535.0,0.009186165156131229
2022-06-14,16.22,16.41,15.78,16.4,5913626.0,97573306.0,674219535.0,0.008771068907103085
2022-06-15,16.4,16.69,16.28,16.43,7887580.0,134003072.0,674219535.0,0.011698830411373352
2022-06-16,16.45,16.7,16.42,16.54,6945551.0,118146719.0,674219535.0,0.010301616371883975
2022-06-17,16.44,16.59,16.24,16.55,5870510.0,98220015.0,674219535.0,0.008707119410297122
2022-06-20,16.56,16.88,16.56,16.79,6205615.0,105535076.0,674219535.0,0.009204145946319992
2022-06-21,16.77,16.79,16.42,16.64,4725377.0,79806767.0,674219535.0,0.007008662245302637
2022-06-22,16.62,16.68,16.25,16.28,4462246.0,74399178.0,674219535.0,0.006618387288348149
2022-06-23,16.23,16.59,16.19,16.58,5156517.0,86191968.0,674219535.0,0.00764812754943388
2022-06-24,16.6,16.85,16.56,16.75,5824460.0,99008366.0,674219535.0,0.008638818215197517
2022-06-27,16.84,16.85,16.6,16.65,4797254.0,81387816.0,674219535.0,0.007115269954318366
2022-06-28,16.67,17.11,16.52,17.1,7587073.0,130423431.0,674219535.0,0.01125311950505854
2022-06-29,17.13,18.48,16.97,17.64,18902747.0,337803397.0,674219535.0,0.028036486661573816
2022-06-30,17.52,17.59,17.21,17.29,12472616.0,220046655.0,674218785.0000001,0.018499359966661265
2022-07-01,17.15,17.45,17.02,17.02,6733310.0,117893272.0,674218785.0000001,0.009986832390023067
2022-07-04,17.1,17.19,16.73,16.83,5706979.0,97683516.0,674218785.0000001,0.008464580232661419
2022-07-05,16.88,16.95,16.52,16.69,5619474.0,95490196.0,674218785.0000001,0.008334792985632992
2022-07-06,16.68,16.82,16.46,16.58,4081896.0,68986945.0,674218785.0000001,0.006054260265085909
2022-07-07,16.7,16.73,16.57,16.62,3523882.0,59627931.0,674218785.0000001,0.00522661497780724
2022-07-08,16.64,16.88,16.56,16.68,3558023.0,60437146.0,674218785.0000001,0.005277252843081196
2022-07-11,17.31,17.48,16.96,17.08,12876466.0,225352686.0,674218785.0000001,0.019098349506829593
2022-07-12,17.1,17.18,16.91,16.92,4834359.0,83641799.0,674218785.0000001,0.007170311933684849
2022-07-13,16.93,17.11,16.92,17.1,3478509.0,60128877.0,674218785.0000001,0.005159317831822202
2022-07-14,16.96,17.31,16.96,17.16,4807889.0,83974559.0,674218785.0000001,0.007131051680798243
2022-07-15,17.04,17.2,16.75,16.76,4256800.0,73502773.0,674218785.0000001,0.006313677540147445
2022-07-18,16.92,17.13,16.73,17.09,3842184.0,66323430.0,674218785.0000001,0.0056987198895681905
2022-07-19,17.14,17.53,17.09,17.44,7277086.0,128337849.0,674218785.0000001,0.01079335990319522
2022-07-20,17.46,17.54,17.34,17.51,5596556.0,99315235.0,674218785.0000001,0.008300801052287499
2022-07-21,17.47,17.67,17.41,17.51,4878656.0,87051834.0,674218785.0000001,0.007236013158547635
2022-07-22,17.51,17.79,17.31,17.57,6279882.0,112280372.0,674218785.0000001,0.009314308855989528
2022-07-25,17.56,17.6,17.11,17.19,4451075.0,78210902.0,674218785.0000001,0.006601825845003709
2022-07-26,17.23,17.32,17.08,17.31,3010959.0,52726670.0,674218785.0000001,0.00446584857465815
2022-07-27,17.28,17.36,17.18,17.25,2547609.0,44680210.0,674218785.0000001,0.0037786087493839253
2022-07-28,17.31,17.66,17.31,17.57,6611605.0,118000846.0,674218785.0000001,0.009806319769034615
2022-07-29,17.69,17.69,17.21,17.5,6136826.0,108585905.0,674218785.0000001,0.009102128473029714
2022-08-01,17.47,19.01,17.34,18.66,23183779.0,433222679.0,674218785.0000001,0.03438613624507658
2022-08-02,18.74,18.78,17.88,18.1,13654946.0,253147819.0,674218785.0000001,0.02025298953958988
2022-08-03,18.05,18.6,18.0,18.08,9760575.0,181602976.0,674218785.0000001,0.01447686599239444
2022-08-04,18.17,18.51,18.0,18.3,7614266.0,141687481.0,674218785.0000001,0.011293464628102877
2022-08-05,18.35,19.12,18.32,19.05,12549966.0,239595610.0,674218785.0000001,0.018614085337298927
2022-08-08,19.01,19.4,18.7,19.21,9162215.0,177681539.0,674218785.0000001,0.013589379595823629
2022-08-09,19.07,19.31,18.9,19.15,7501873.0,145508849.0,674218785.0000001,0.011126763547533015
2022-08-10,18.96,19.23,18.9,19.0,6309331.0,122093219.0,674218785.0000001,0.009357987555923703
2022-08-11,19.05,19.96,19.05,19.52,15158724.0,302876303.0,674218785.0000001,0.02248339016540454
2022-08-12,19.4,20.11,19.38,19.7,10895267.0,219780800.0,674218785.0000001,0.016159838975711716
2022-08-15,19.67,19.67,19.33,19.41,6436252.0,127273001.0,674218785.0000001,0.009546236538040095
2022-08-16,19.37,19.38,19.04,19.2,6104566.0,119133837.0,674218785.0000001,0.00905428050332356
2022-08-17,19.15,19.53,19.11,19.4,4599698.0,90617803.0,674218785.0000001,0.006822263191613683
2022-08-18,19.42,19.64,19.2,19.56,5000294.0,98948886.0,674218785.0000001,0.007416426405265465
2022-08-19,19.62,19.82,18.79,18.86,9149833.0,178319401.0,674218785.0000001,0.013571014637333189
2022-08-22,18.8,19.21,18.6,19.07,4862939.0,94022604.0,674218785.0000001,0.007212701734497058
2022-08-23,18.98,19.11,18.77,18.9,3936910.0,75598140.0,674217960.0,0.005839224454952223
2022-08-24,19.0,19.0,18.0,18.05,7751940.0,144426801.0,674217960.0,0.011497676508053865
2022-08-25,18.51,18.57,17.79,17.99,4974650.0,91071031.0,674217960.0,0.007378400302477851
2022-08-26,18.1,18.47,17.76,17.84,4417660.0,80964047.0,674217960.0,0.006552272799140503
2022-08-29,17.7,18.12,17.58,17.95,6033294.0,109982988.0,674217960.0,0.008948580960376672
2022-08-30,17.99,18.15,17.8,17.95,4018749.0,73471200.0,674217960.0,0.005960608050251287
2022-08-31,17.89,18.06,17.22,17.28,7306380.0,129650507.0,674217960.0,0.01083682196778027
2022-09-01,17.38,17.59,17.27,17.29,3583694.0,63431180.0,674217960.0,0.005315334524758136
2022-09-02,17.37,17.98,17.24,17.9,5069593.0,91549509.0,674217960.0,0.0075192197490556315
2022-09-05,17.94,18.0,17.63,17.7,3721373.0,67100679.0,674217960.0,0.005519540001574565
2022-09-06,17.77,18.03,17.7,17.97,3308935.0,60317672.0,674217960.0,0.004907812007855739
2022-09-07,18.01,18.25,17.85,17.97,4029509.0,73914451.0,674217960.0,0.0059765672810021256
2022-09-08,18.06,18.06,17.8,17.9,2582009.0,46998476.0,674217960.0,0.0038296354490467742
2022-09-09,17.88,17.89,17.54,17.64,3725007.0,66905949.0,674217960.0,0.005524929949952683
2022-09-13,17.68,17.96,17.46,17.51,3141915.0,56372657.0,674217960.0,0.004660087963245595
2022-09-14,17.34,17.45,17.14,17.33,2403117.0,42220128.0,674217960.0,0.003564302855414887
2022-09-15,17.44,17.44,16.03,16.28,11093845.0,185782695.0,674217960.0,0.016454389616082015
2022-09-16,16.32,16.53,16.01,16.01,4875821.0,80588049.0,674217960.0,0.0072318171411512085
2022-09-19,16.0,16.11,15.69,15.87,3069424.0,49617963.0,674217960.0,0.004552569320461294
2022-09-20,16.01,16.17,15.84,15.87,2744955.0,44589099.0,674217960.0,0.0040713169373298806
2022-09-21,15.8,16.0,15.47,15.83,3339722.0,53498912.0,674217960.0,0.004953475282681583
2022-09-22,15.74,16.01,15.66,15.84,2948520.0,47570102.0,674217960.0,0.004373244521697405
2022-09-23,15.86,15.9,15.3,15.44,3960416.0,62662460.0,674217960.0,0.0058740885514233405
2022-09-26,15.34,15.54,15.15,15.21,3979238.0,62078104.0,674217960.0,0.005902005339638238
2022-09-27,15.26,15.62,15.26,15.58,3545356.0,55800351.0,674217960.0,0.00525847160760891
2022-09-28,15.58,15.66,15.08,15.13,3156633.0,49159887.0,674217960.0,0.004681917699136937
2022-09-29,15.23,15.39,14.88,14.96,3822077.0,58698203.0,674217960.0,0.005668904162683533
2022-09-30,15.01,15.1,14.83,14.91,3810162.0,58042904.0,674217960.0,0.005651231836066781
2022-10-10,14.93,15.03,14.49,14.51,3840228.0,57382857.0,674217960.0,0.005695825723776329
2022-10-11,14.41,14.78,14.28,14.58,4049124.0,59627910.0,674217960.0,0.006005660246724961
2022-10-12,14.57,15.19,14.52,15.18,4620521.0,69582640.0,674217960.0,0.006853156210789757
2022-10-13,15.18,15.68,15.12,15.55,4661897.0,73375362.0,674217960.0,0.006914525089186292
2022-10-14,15.59,15.72,15.55,15.66,3903646.0,62078749.0,674217960.0,0.005789887294013941
2022-10-17,15.57,16.15,15.57,16.08,4895972.0,79292119.0,674217960.0,0.0072617051020118185
2022-10-18,16.17,16.19,15.85,16.08,3618777.0,58998110.0,674217960.0,0.0053673696262852445
2022-10-19,16.09,16.19,15.8,15.98,3398666.0,55508382.0,674217960.0,0.005040901016638595
2022-10-20,15.97,16.29,15.74,16.1,4380719.0,71560096.0,674217960.0,0.0064974819122290955
2022-10-21,16.04,16.12,15.8,15.98,3026650.0,49116353.0,674217960.0,0.004489126928627057
2022-10-24,16.09,16.41,15.79,15.94,4216021.0,69064730.0,674217960.0,0.0062532018577493844
2022-10-25,15.91,16.05,15.62,15.84,4017050.0,64635785.0,674217960.0,0.0059580880936485284
2022-10-26,15.85,16.43,15.84,16.36,5029364.0,83134469.0,674217960.0,0.007459552100925938
2022-10-27,16.68,17.07,16.52,16.61,7698721.0,131114395.0,674217960.0,0.01141874209343222
2022-10-28,16.57,16.72,16.1,16.13,6055785.0,101112932.0,674217960.0,0.008981939608965622
2022-10-31,16.21,16.87,16.18,16.72,6033740.0,102047094.0,674217960.0,0.008949242467524893
2022-11-01,16.73,16.97,16.54,16.92,5656976.0,96307248.0,674217960.0,0.008390426146464564
2022-11-02,16.88,16.96,16.73,16.83,5398201.0,92308644.0,674217960.0,0.008006611096506536
2022-11-03,16.68,16.92,16.65,16.87,4267298.0,72853377.0,674217960.0,0.006329255898196482
2022-11-04,16.86,17.04,16.78,16.98,4230760.0,72869750.0,674217960.0,0.006275062740838289
2022-11-07,16.96,17.05,16.73,16.86,4958591.0,85019829.0,674217960.0,0.007354581595542189
2022-11-08,16.78,16.86,16.67,16.82,3286472.0,56070574.0,674217960.0,0.004874494888863536
2022-11-09,16.85,16.86,16.54,16.56,3557752.0,60171810.0,674217960.0,0.0052768573533698215
2022-11-10,16.52,16.66,16.42,16.46,2494648.0,41963575.0,674217960.0,0.0037000616239887766
2022-11-11,16.77,16.87,16.48,16.54,4106714.0,69588201.0,674217960.0,0.006091077728039164
2022-11-14,16.57,16.75,16.36,16.45,4142275.0,69573472.0,674217960.0,0.00614382179911078
2022-11-15,16.49,16.89,16.4,16.89,4683422.0,79659942.0,674217960.0,0.00694645096668739
2022-11-16,16.87,17.06,16.84,16.93,4264224.0,73393384.0,674217960.0,0.0063246965417533526
2022-11-17,16.81,17.24,16.78,17.2,4730034.0,81951199.0,674217960.0,0.007015585879676062
2022-11-18,17.22,17.39,17.14,17.19,4937037.0,86711476.0,674217960.0,0.007322612705244458
2022-11-21,17.1,17.27,16.87,17.14,3626153.0,62920532.0,674217960.0,0.005378309708628942
2022-11-22,17.21,17.44,17.06,17.18,4662650.0,81611603.0,674217960.0,0.006915641938698874
2022-11-23,17.18,17.37,16.85,17.1,4918310.0,85330513.0,674217960.0,0.0072948368210185325
2022-11-24,17.19,17.31,16.87,16.9,3420113.0,59241773.0,674217960.0,0.005072711204548748
2022-11-25,16.91,17.0,16.69,16.69,2786388.0,47563603.0,674138578.0,0.004133257005208802
2022-11-28,16.6,16.71,16.23,16.41,4103989.0,68513279.0,674138578.0,0.00608775277655153
2022-11-29,16.49,16.76,16.36,16.69,3101131.0,52431671.0,674138578.0,0.004600138756634099
2022-11-30,16.82,16.82,16.55,16.63,2627172.0,44536372.0,674138578.0,0.003897080045165432
2022-12-01,16.75,17.05,16.73,16.82,4000218.0,68715687.0,674138578.0,0.005933821517628679
2022-12-02,16.8,17.07,16.8,16.87,3026433.0,52120762.0,674138578.0,0.004489333645581696
2022-12-05,16.87,17.16,16.86,17.06,4992695.0,86496533.0,674138578.0,0.007406036626493136
2022-12-06,16.98,17.33,16.92,17.23,5330605.0,93442916.0,674138578.0,0.007907283715782247
2022-12-07,17.12,17.22,17.02,17.09,3127400.0,54356910.0,674138578.0,0.004639105522307017
2022-12-08,17.05,17.15,16.86,16.95,3327454.0,57568083.0,674138578.0,0.004935860531630931
2022-12-09,16.92,17.0,16.54,16.54,5396236.0,91610606.0,674138578.0,0.008004639069921318
2022-12-12,16.52,16.77,16.38,16.72,3985597.0,67250612.0,674138578.0,0.0059121330985452076
2022-12-13,16.63,16.66,16.39,16.45,2545306.0,42639782.0,674138578.0,0.003775642105442599
2022-12-14,16.46,16.62,16.29,16.34,3088104.0,51614640.0,674138578.0,0.004580814836560206
2022-12-15,16.34,16.63,16.18,16.44,3106063.0,52039248.0,674138578.0,0.004607454759843161
2022-12-16,16.4,16.41,16.02,16.1,3818220.0,62609909.0,674138578.0,0.005663850318917663
2022-12-19,16.13,16.28,15.71,15.81,3228814.0,52188849.0,674128828.0000001,0.004789609739104644
2022-12-20,15.81,15.94,15.6,15.7,2935470.0,47022481.0,674128828.0000001,0.004354464425900504
2022-12-21,15.69,15.79,15.42,15.51,2543598.0,40240857.0,674128828.0000001,0.0037731630726226704
2022-12-22,15.62,15.63,15.22,15.31,2700077.0,42329840.0,674128828.0000001,0.004005283393695781
2022-12-23,15.25,15.54,15.17,15.32,2024327.0,31590689.0,674128828.0000001,0.003002878553652359
2022-12-26,15.25,15.6,15.24,15.58,2156108.0,34009869.0,674128828.0000001,0.0031983619605717257
2022-12-27,15.59,15.65,15.39,15.53,2920878.0,45965326.0,674128828.0000001,0.004332818711618723
2022-12-28,15.42,15.44,15.28,15.32,2140258.0,33379318.0,674128828.0000001,0.003174850134134895
2022-12-29,15.48,15.62,15.29,15.42,2595593.0,40823878.0,674128828.0000001,0.003850292247107402
2022-12-30,15.58,15.6,15.4,15.46,1569461.0,24681065.0,674125828.0,0.0023281425140708302
2023-01-03,15.47,16.01,15.39,15.96,3757146.0,60200330.0,674125828.0,0.005573360111637794
2023-01-04,15.96,16.08,15.88,16.02,2485539.0,40410212.0,674125828.0,0.003687054992944136
2023-01-05,16.04,16.08,15.92,16.07,2330166.0,37949058.0,674125828.0,0.0034565742821531533
2023-01-06,16.07,16.14,15.98,16.07,2566180.0,41941089.0,674125828.0,0.0038066780612951087
2023-01-09,16.12,16.22,15.97,16.01,2171461.0,35524871.0,674125828.0,0.0032211508739285392
2023-01-10,16.02,16.1,15.94,15.99,2079252.0,33851765.0,674125828.0,0.003084367804403424
2023-01-11,15.97,16.17,15.84,15.9,2341614.0,38068759.0,674125828.0,0.003473556275016361
2023-01-12,15.9,16.03,15.84,15.96,1548300.0,25125069.0,674125828.0,0.0022967522318400177
2023-01-13,15.95,16.06,15.89,15.99,1837300.0,29840640.0,674125828.0,0.002725455580675363
2023-01-16,15.97,16.34,15.94,16.21,3305360.0,54541971.0,674125828.0,0.0049031795886034495
2023-01-17,16.15,16.37,16.14,16.34,3164154.0,52442019.0,674125828.0,0.004693714242320945
2023-01-18,16.33,16.44,16.29,16.41,2823404.0,47026745.0,674125828.0,0.004188244809394842
2023-01-19,16.34,16.69,16.33,16.64,3391512.0,57040751.0,674125828.0,0.005030977688634117
2023-01-20,16.71,16.87,16.63,16.76,4367752.0,74443898.0,674125828.0,0.006479134634194731
2023-01-30,16.98,17.16,16.89,16.89,5778843.0,99862274.0,674125828.0,0.008572350679908974
2023-01-31,16.91,17.17,16.83,17.08,4767804.0,82676080.0,674125828.0,0.007072572807579774
2023-02-01,17.18,17.51,17.09,17.49,6842272.0,120675680.0,674125828.0,0.010149844013987252
2023-02-02,17.78,19.04,17.7,18.19,24650578.0,457451156.0,674125828.0,0.03656673127794771
2023-02-03,18.16,18.83,18.1,18.57,23015322.0,433524513.0,674125828.0,0.03414098829039376
2023-02-06,18.87,19.87,18.59,19.59,29753375.0,585695573.0,674125828.0,0.04413623356973648
2023-02-07,19.19,20.24,19.05,19.66,35124647.0,705791310.0,674125828.0,0.052103992372177735
2023-02-08,19.49,19.86,18.77,18.84,27610264.0,536571735.0,674125828.0,0.040957137159266355
2023-02-09,18.73,20.09,18.67,20.01,33095386.0,657334952.0,674125828.0,0.04909378134670728
2023-02-10,20.24,22.02,19.57,22.02,60129190.0,1258999031.0,674125828.0,0.08919579624829328
2023-02-13,23.11,23.85,22.51,23.02,88679534.0,2086431744.0,674125828.0,0.13154745051542513
2023-02-14,22.72,23.56,22.54,22.81,56876129.0,1334154136.0,674125828.0,0.08437019713180312
2023-02-15,22.5,23.77,22.32,23.42,58664881.0,1375652695.0,674125828.0,0.0870236364834845
2023-02-16,22.82,23.23,21.63,21.85,60914798.0,1386870901.0,674125828.0,0.0903611691911024
2023-02-17,21.64,21.85,20.48,20.63,39094696.0,835131897.0,674125828.0,0.05799317334567398
2023-02-20,20.87,21.56,20.73,21.42,32362626.0,698979577.0,673916916.0,0.04802168521319622
2023-02-21,21.39,21.49,20.86,21.15,24122432.0,518772295.0,673916916.0,0.035794370830127674
2023-02-22,21.0,21.38,20.68,21.17,19446768.0,416577821.0,673916916.0,0.02885632863384008
2023-02-23,21.1,21.8,21.05,21.37,30291528.0,662425768.0,673916916.0,0.04494846067938737
2023-02-24,21.49,22.39,21.48,21.73,32841188.0,733243907.0,673916916.0,0.04873180539068113
2023-02-27,21.58,22.2,21.35,21.5,23359907.0,515132747.0,673916916.0,0.03466288862231201
2023-02-28,21.93,22.28,21.64,21.96,24427207.0,544544343.0,673916916.0,0.0362466150055803
2023-03-01,21.66,22.7,21.66,22.41,32307138.0,732468571.0,673916916.0,0.04793934865407059
2023-03-02,22.49,23.4,22.48,22.76,36448333.0,849500148.0,673916916.0,0.054084312375384865
2023-03-03,22.52,22.54,21.97,22.39,28449147.0,645720231.0,673916916.0,0.04221462071149435
2023-03-06,22.29,23.51,22.23,22.88,36852242.0,865113609.0,673916916.0,0.054683657770062566
2023-03-07,22.81,23.06,21.64,21.84,30567131.0,691861261.0,673916916.0,0.045357417619711446
2023-03-08,21.69,22.82,21.69,22.61,29006341.0,662988179.0,673916916.0,0.043041419960439156
2023-03-09,22.57,22.58,21.93,22.37,21636870.0,488501671.0,673916916.0,0.03210613873357647
2023-03-10,22.04,22.72,22.03,22.07,19013560.0,431946647.0,673916916.0,0.02821350755350382
2023-03-13,22.19,22.76,22.13,22.76,23325320.0,534172986.0,673916916.0,0.0346115662720655
2023-03-14,22.9,23.06,22.12,22.32,25407811.0,582419404.0,673916916.0,0.03770169645066455
2023-03-15,22.4,22.54,21.79,21.89,20230289.0,453857326.0,673916916.0,0.03001896601746676
2023-03-16,21.69,22.11,21.6,21.68,15476445.0,344038746.0,673916916.0,0.022964915455542596
2023-03-17,21.89,22.9,21.81,22.62,33408348.0,765411240.0,673916916.0,0.049573392812712835
2023-03-20,22.85,23.56,22.56,22.83,33187481.0,777467384.0,673916916.0,0.04924565656695877
2023-03-21,22.69,23.05,22.33,22.86,20455666.0,471857420.0,673916916.0,0.03035339448282969
2023-03-22,22.82,25.14,22.65,25.14,59794804.0,1481594266.0,673916916.0,0.08872726382193974
2023-03-23,25.47,25.92,24.63,25.36,80725503.0,2073591747.0,673916916.0,0.11978554193170007
2023-03-24,25.47,25.77,24.69,25.72,58425297.0,1501999422.0,673916916.0,0.08669510382196728
2023-03-27,25.57,27.05,25.32,27.03,65267745.0,1740685452.0,673916916.0,0.09684835541359225
2023-03-28,26.55,26.75,25.28,25.28,51531802.0,1364815913.0,673916916.0,0.0764661055043171
2023-03-29,25.28,26.39,25.26,25.73,44694077.0,1178024319.0,673916916.0,0.0663198621950009
2023-03-30,25.77,25.95,24.89,25.16,34018929.0,877391481.0,673916916.0,0.05047941102579476
2023-03-31,25.17,25.69,24.59,25.57,33853309.0,869220402.0,673916916.0,0.05023365372831805
2023-04-03,25.88,27.9,25.88,27.5,62035353.0,1697589652.0,674373547.0,0.09198960023857519
2023-04-04,27.31,28.12,26.95,27.37,56852657.0,1593086753.0,674373547.0,0.0843043996208232
2023-04-06,26.55,29.19,26.46,28.04,62879448.0,1810143827.0,674373547.0,0.09324127300028867
2023-04-07,28.04,28.19,27.29,27.94,36250920.0,1023684409.0,674373547.0,0.05375495548611725
2023-04-10,28.3,29.1,26.65,26.99,49869028.0,1418996087.0,674373547.0,0.07394867165511758
2023-04-11,26.65,27.14,25.94,26.46,38783952.0,1044022861.0,674373547.0,0.057511081465951984
2023-04-12,26.46,27.71,25.83,27.39,35401179.0,974896765.0,674373547.0,0.05249491050988689
2023-04-13,27.23,27.27,25.66,25.79,35912396.0,958432696.0,674373547.0,0.05325297256951866
2023-04-14,25.78,25.97,24.86,25.92,29938015.0,777758452.0,674373547.0,0.044393815761578206
2023-04-17,25.67,25.67,24.91,25.43,21340978.0,548684392.0,674373547.0,0.03164563333620795
2023-04-18,25.39,27.21,25.29,26.58,42475188.0,1136555838.0,674373547.0,0.06298465915360112
2023-04-19,26.62,29.21,26.5,28.25,66842484.0,1903443315.0,674373547.0,0.09911789140803888
2023-04-20,28.5,29.91,28.4,29.53,58849068.0,1755611783.0,674373547.0,0.08726479302427324
2023-04-21,29.65,29.76,27.71,27.87,47624743.0,1382695036.0,674373547.0,0.0706207163846538
2023-04-24,28.12,29.0,27.64,28.18,39411811.0,1132463126.0,674373547.0,0.05844210701224317
2023-04-25,27.83,27.83,26.55,27.3,37977346.0,1048047075.0,674373547.0,0.05631499955617328
2023-04-26,25.57,25.87,24.57,24.57,47294920.0,1200549165.0,674373547.0,0.07013163581281459
2023-04-27,23.38,23.74,22.34,22.8,43635338.0,1019839404.0,674373547.0,0.06470499650247995
2023-04-28,22.8,23.8,22.75,23.55,29187436.0,696052578.0,674373547.0,0.04328081391958869
2023-05-04,23.3,23.65,22.23,22.47,26824210.0,617281416.0,674373547.0,0.039776486072636535
2023-05-05,22.47,22.9,21.93,22.18,19314967.0,440093639.0,674373547.0,0.028641347345138377
2023-05-08,22.49,24.4,22.2,24.4,38618227.0,933958123.0,674373547.0,0.057265334875301686
2023-05-09,23.93,25.34,23.84,23.86,37228822.0,928187760.0,674373547.0,0.05520504498673641
2023-05-10,24.11,24.58,22.86,23.03,23811570.0,569272512.0,674373547.0,0.035309169681888485
2023-05-11,23.03,23.36,22.57,22.6,15564174.0,360869584.0,674373547.0,0.023079455102054884
2023-05-12,22.65,23.24,22.5,22.5,20384603.0,472989993.0,674373547.0,0.030227465313078183
2023-05-15,22.36,22.85,21.71,22.64,19471317.0,439969298.0,674373547.0,0.02887319214494634
2023-05-16,22.5,22.65,21.92,22.02,15952311.0,359641824.0,674373547.0,0.023655007037219983
2023-05-17,22.02,24.22,21.93,24.22,32809456.0,768798165.0,674373547.0,0.0486517541293772
2023-05-18,24.27,26.64,24.27,26.64,70789228.0,1848953253.0,674453610.0,0.1049578902839589
2023-05-19,26.2,26.38,25.17,25.25,54713485.0,1428410167.0,680818610.0,0.08036426178185699
2023-05-22,25.43,25.96,25.01,25.5,32592452.0,844034059.0,680818610.0,0.047872445789929274
2023-05-23,25.29,25.83,24.62,24.79,28855748.0,737655499.0,680818610.0,0.04238390016982644
2023-05-24,24.65,25.77,24.47,25.03,38574376.0,994497687.0,680818610.0,0.0566588154809693
2023-05-25,25.88,26.24,24.7,25.63,40870408.0,1060057780.0,680818610.0,0.060031273234437584
2023-05-26,25.24,27.28,25.09,26.55,51376546.0,1383350742.0,680818610.0,0.07546289899449135
2023-05-29,26.48,27.26,26.0,26.24,43387301.0,1175369555.0,680818610.0,0.0637281360449298
2023-05-30,25.61,28.54,25.39,27.79,52403039.0,1432929852.0,680818610.0,0.07697063245671266
2023-05-31,27.35,27.73,26.55,27.27,40275202.0,1106910063.0,680818610.0,0.0591570227494222
2023-06-01,26.82,27.9,26.6,27.07,32020133.0,887816162.0,680818610.0,0.04703181218856518
2023-06-02,27.05,27.41,26.55,26.76,25982194.0,711725543.0,680818610.0,0.03816316654446329
2023-06-05,26.55,27.33,26.46,26.81,22630637.0,619357369.0,680818610.0,0.03324033254613883
2023-06-06,26.55,26.93,25.52,25.59,29012636.0,771041358.0,680818610.0,0.04261434040412027
2023-06-07,26.01,27.3,25.4,26.91,38550069.0,1042587874.0,680818610.0,0.0566231128728987
2023-06-08,26.66,26.83,25.96,26.44,22427891.0,603093344.0,680818610.0,0.03294253516366129
2023-06-09,26.46,28.85,26.37,28.31,58531335.0,1652173080.0,680818610.0,0.08597199627078349
2023-06-12,28.38,29.32,28.11,28.28,49043004.0,1426542732.0,680818610.0,0.0720353458023129
2023-06-13,28.11,29.06,28.11,28.49,36389106.0,1056701737.0,680818610.0,0.05344904716984749
2023-06-14,28.82,31.34,28.49,31.34,81034815.0,2507499108.0,680818610.0,0.11902555807045287
2023-06-15,32.16,34.48,31.66,34.48,55762072.0,1909515835.0,680818610.0,0.0819044473534588
2023-06-16,34.16,36.98,33.26,36.08,108724709.0,3855648388.0,680818610.0,0.15969702855214254
2023-06-19,36.81,39.69,36.64,39.69,76749866.0,3029826727.0,680818610.0,0.11273173922199337
2023-06-20,39.34,43.67,39.34,43.63,109808004.0,4587548652.0,680818610.0,0.1612881939287764
2023-06-21,42.13,42.85,39.26,39.34,102164618.0,4251359825.0,680818610.0,0.1500614356002989
2023-06-26,37.89,38.45,35.41,35.73,86225588.0,3201719413.0,680818610.0,0.12664986933891245
2023-06-27,35.54,36.38,34.52,36.08,64078372.0,2313886729.0,680818610.0,0.09411959523256863
2023-06-28,34.9,34.9,32.55,34.19,60061874.0,2054959580.0,680818610.0,0.08822008258558033
2023-06-29,34.23,34.65,33.36,34.48,62512132.0,2169577215.0,680818610.0,0.09181907057446623
2023-06-30,33.75,37.76,33.55,36.48,100112359.0,3612309346.0,680818610.0,0.14704703650800616
2023-07-03,36.14,36.37,34.17,35.82,61161026.0,2193793708.0,680818610.0,0.08983453904116986
2023-07-04,35.43,36.57,35.31,35.78,46414271.0,1692362962.0,680818610.0,0.06817421016149955
2023-07-05,35.26,37.39,34.94,36.14,67623339.0,2490593315.0,680818610.0,0.09932651370972365
2023-07-06,35.23,38.24,35.21,37.55,68141349.0,2582848167.0,680818610.0,0.1000873771649691
2023-07-07,36.85,37.42,34.67,36.39,54370660.0,1985598863.0,680818610.0,0.07986071356069424
2023-07-10,36.16,36.36,34.34,34.93,42230347.0,1492391191.0,680818610.0,0.062028778854914084
2023-07-11,34.62,35.14,34.16,34.95,40253980.0,1411688982.0,680818610.0,0.05912585145109356
2023-07-12,34.48,34.67,32.57,32.96,53927870.0,1822650374.0,680818610.0,0.07921033474687186
2023-07-13,32.97,33.77,32.3,33.69,46496510.0,1560642252.0,680818610.0,0.06829500445059808
2023-07-14,33.96,35.03,33.49,34.51,46725764.0,1625309305.0,680818610.0,0.06863173731399616
2023-07-17,34.18,35.6,33.98,34.85,39401391.0,1393605920.0,680818610.0,0.05787355166451751
2023-07-18,34.94,35.74,34.2,34.4,28229612.0,992689353.0,680818610.0,0.04146421908179038
2023-07-19,34.4,34.67,33.69,34.39,23320974.0,808001215.0,680818610.0,0.03425431334786809
2023-07-20,34.18,34.18,31.95,32.05,39029307.0,1293996664.0,680818610.0,0.05732702723857681
2023-07-21,32.21,32.23,31.13,31.62,26623147.0,851575093.0,680818610.0,0.03910461113864088
2023-07-24,31.61,32.64,31.4,31.97,20315973.0,659476349.0,680818610.0,0.029840507738177133
2023-07-25,32.19,32.68,31.35,31.99,24743439.0,802005164.0,680818610.0,0.03634365840851501
2023-07-26,31.61,31.61,30.64,31.06,21860156.0,686843290.0,680818610.0,0.032108634633239534
2023-07-27,30.86,31.09,30.21,30.37,18627368.0,575773184.0,680818610.0,0.02736025091911045
2023-07-28,30.37,30.67,29.8,30.02,18789499.0,573146218.0,680818610.0,0.02759839217673559
2023-07-31,29.7,30.32,29.16,30.02,18757001.0,568190127.0,680818610.0,0.027550658463933588
2023-08-01,29.83,30.33,29.32,30.14,27070187.0,820339330.0,680818610.0,0.03976123243752106
2023-08-02,29.87,30.19,29.53,30.11,14597805.0,441872973.0,680818610.0,0.021441548138644448
2023-08-03,29.74,30.37,29.44,29.87,16513007.0,498891800.0,680818610.0,0.024254635166333072
2023-08-04,29.65,30.8,29.59,30.54,32826602.0,1006630066.0,680818610.0,0.04821636999611394
2023-08-07,30.7,32.46,30.69,32.09,53004101.0,1710467954.0,680818610.0,0.07785348435172769
2023-08-08,31.85,32.58,31.49,32.06,34395955.0,1119262644.0,680818610.0,0.05052146709091868
2023-08-09,31.41,31.56,29.44,29.56,41650289.0,1276476989.0,680818610.0,0.06117677805546473
2023-08-10,29.3,29.95,28.99,29.39,20129878.0,598180471.0,680818610.0,0.02956716767774606
2023-08-11,29.42,29.81,28.75,28.92,17992723.0,533623045.0,680818610.0,0.02642807164157866
2023-08-14,28.35,29.08,28.21,29.07,15472998.0,449430549.0,680818610.0,0.02272704913280793
2023-08-15,29.61,29.93,28.52,28.88,19509777.0,576511606.0,680818610.0,0.028656350918492078
2023-08-16,28.35,28.74,27.94,28.25,16359723.0,468138481.0,680818610.0,0.024029488559368258
2023-08-17,27.98,28.67,27.67,28.49,15570055.0,446275251.0,680818610.0,0.022869608396868
2023-08-18,28.4,28.46,27.39,27.47,17116630.0,482416084.0,680818610.0,0.025141248709402934
2023-08-21,27.18,28.17,26.95,27.48,16874109.0,471715514.0,680818610.0,0.02478502901088441
2023-08-22,28.2,28.21,27.17,28.14,17203832.0,482218929.0,680818610.0,0.02526933275222897
2023-08-23,27.79,27.86,27.23,27.39,11829314.0,329101882.0,680818610.0,0.01737513315037026
2023-08-24,27.83,27.96,26.97,27.3,16971557.0,469018147.0,680818610.0,0.0249281625835698
2023-08-25,26.52,26.62,25.54,25.65,22606790.0,595109196.0,680818610.0,0.03320530559527449
2023-08-28,27.56,27.56,26.09,26.16,20720379.0,556782185.0,680818610.0,0.030434507364597452
2023-08-29,26.01,27.4,25.69,27.15,20522203.0,555757799.0,680818610.0,0.030143422489582062
2023-08-30,27.07,27.97,26.77,27.51,20951706.0,582843686.0,680818610.0,0.030774285091883725
2023-08-31,27.28,27.83,27.0,27.69,20226962.0,564184169.0,680818610.0,0.029709766599946497
2023-09-01,27.45,27.73,26.96,27.08,12163622.0,335362711.0,680818610.0,0.017866171431477174
2023-09-04,27.27,28.07,27.02,27.82,20044171.0,558700430.0,680818610.0,0.02944127952084036
2023-09-05,27.82,27.82,27.07,27.39,15608550.0,432819708.0,680818610.0,0.02292615062329157
2023-09-06,27.27,27.65,26.88,27.61,15028196.0,415198299.0,680818610.0,0.022073715053118188
2023-09-07,27.51,27.73,26.94,27.02,15621559.0,430116824.0,680818610.0,0.022945258502848506
2023-09-08,26.87,27.12,26.44,26.86,11169357.0,303285371.0,680818610.0,0.016405775100654198
2023-09-11,26.96,29.08,26.84,28.6,41713889.0,1188117548.0,680818610.0,0.06127019500832975
2023-09-12,28.45,31.46,28.2,31.46,50268337.0,1555512427.0,680818610.0,0.07383513943603863
2023-09-13,31.61,33.07,31.24,31.41,89968230.0,2913049375.0,680818610.0,0.13214713681225607
2023-09-14,30.91,32.98,30.88,31.85,65086202.0,2103551615.0,680818610.0,0.0955999161068761
2023-09-15,31.26,31.73,29.5,29.7,59222129.0,1826307509.0,680818610.0,0.08698664832325896
2023-09-18,29.81,30.97,29.54,29.77,37574970.0,1142961878.0,680818610.0,0.0551908679464564
2023-09-19,29.14,29.29,26.98,27.85,43006645.0,1219454749.0,680818610.0,0.0631690208938325
2023-09-20,27.75,29.62,27.68,28.39,44105736.0,1284671788.0,680818610.0,0.06478338775140122
2023-09-21,27.98,29.01,27.82,28.04,32587311.0,936033236.0,680818610.0,0.047864894586239354
2023-09-22,27.67,30.84,27.61,30.84,36959296.0,1105453946.0,680818610.0,0.05428655365340263
2023-09-25,32.11,33.88,31.86,32.68,105965937.0,3512076373.0,680818610.0,0.15564488902558055
2023-09-26,32.75,33.2,31.6,32.02,69464629.0,2272872437.0,680818610.0,0.102031037312567
2023-09-27,31.54,32.55,31.3,31.64,45618959.0,1472366861.0,680818610.0,0.06700603997884252
2023-09-28,31.84,32.25,31.1,31.87,48775987.0,1571778060.0,680818610.0,0.0716431458887412
2023-10-09,33.39,34.58,32.7,33.66,85694558.0,2921851449.0,680818610.0,0.12586988184708994
2023-10-10,33.66,34.18,33.0,33.31,52262792.0,1770154620.0,680818610.0,0.07676463485626517
2023-10-11,32.97,33.94,32.61,33.0,43011052.0,1446083712.0,680818610.0,0.06317549398363244
2023-10-12,33.14,33.35,32.16,32.46,32789567.0,1079786344.0,680818610.0,0.04816197224691023
2023-10-13,32.11,32.42,31.57,31.63,32425573.0,1046685416.0,680818610.0,0.047627330574879556
2023-10-16,31.64,32.98,31.54,31.95,39839577.0,1298555907.0,680818610.0,0.058517168030997276
2023-10-17,31.95,32.02,30.51,31.36,31329909.0,987425983.0,680818610.0,0.04601799736349745
2023-10-18,30.68,30.99,29.16,30.36,30358914.0,929079411.0,680818610.0,0.04459178047439097
2023-10-19,29.97,30.59,29.54,29.63,25962889.0,788541979.0,680818610.0,0.03813481097410072
2023-10-20,29.04,29.78,27.74,27.81,35308485.0,1016615333.0,680818610.0,0.051861809417929984
2023-10-23,27.39,27.94,25.98,26.29,28709328.0,776330217.0,687890110.0,0.04173534054734411
2023-10-24,26.54,27.62,26.39,26.86,29758117.0,815053482.0,687890110.0,0.04325998668595483
2023-10-25,27.06,27.6,26.25,26.44,33261834.0,906811106.0,687890110.0,0.048353412146018494
2023-10-26,26.0,29.08,25.69,29.08,69619465.0,1997752951.0,687890110.0,0.10120724805885056
2023-10-27,29.08,29.09,28.27,28.44,50062340.0,1448079265.0,687890110.0,0.07277665323608155
2023-10-30,27.94,28.24,27.47,28.11,33419462.0,943595903.0,687890110.0,0.04858255921138334
2023-10-31,28.11,28.11,26.18,26.53,60284242.0,1630256515.0,755770617.0,0.07976526295676298
2023-11-01,26.48,27.75,26.09,26.9,54327461.0,1473390795.0,755770617.0,0.07188353156100537
2023-11-02,27.76,28.11,26.33,26.44,47747393.0,1309157788.0,755770617.0,0.06317709623262584
2023-11-03,26.2,27.59,26.19,26.9,45092460.0,1235014033.0,755770617.0,0.05966421422811149
2023-11-06,26.98,28.11,26.98,27.76,46635960.0,1306262683.0,755770617.0,0.0617065005584889
2023-11-07,27.66,30.0,27.36,29.49,77705153.0,2253064011.0,755770617.0,0.10281578993960809
2023-11-08,29.43,29.83,28.72,29.76,63793486.0,1892916411.0,755770617.0,0.08440852894390839
2023-11-09,29.61,30.28,28.96,29.33,44517351.0,1330490388.0,755770617.0,0.05890325715057536
2023-11-10,29.1,29.78,28.84,28.94,28859670.0,851292612.0,755770617.0,0.03818575286051376
2023-11-13,29.34,29.79,29.15,29.47,40217296.0,1200315073.0,755770617.0,0.05321362738292325
2023-11-14,29.34,29.69,29.14,29.44,31205694.0,928845021.0,755770617.0,0.041289901060019646
2023-11-15,29.73,29.83,28.9,29.28,31003768.0,917542804.0,755770617.0,0.0410227221098753
2023-11-16,28.96,29.18,28.42,28.42,28543485.0,831491594.0,755770617.0,0.037767391795809915
2023-11-17,28.34,29.39,28.31,29.27,35662681.0,1042369078.0,755770617.0,0.04718717584121162
2023-11-20,29.07,29.23,28.59,28.88,27196209.0,795401903.0,755770617.0,0.03598473979837192
2023-11-21,28.98,29.78,28.77,29.21,43676765.0,1294251883.0,755770617.0,0.05779103343997826
2023-11-22,28.89,28.89,27.48,27.48,41450138.0,1177827259.0,755770617.0,0.054844865714063606
2023-11-23,27.36,27.74,27.2,27.62,19227985.0,535310900.0,755770617.0,0.02544156198652534
2023-11-24,27.66,27.71,26.52,26.72,23005355.0,627367476.0,755770617.0,0.03043959963847073
2023-11-27,26.55,27.34,26.48,26.99,21748596.0,593217764.0,755793848.0,0.028775830945901006
2023-11-28,26.99,27.0,26.47,26.81,15361527.0,415411932.0,755793848.0,0.020325022545036646
2023-11-29,26.87,27.14,26.61,26.7,16875465.0,458864189.0,755793848.0,0.022328132260743143
2023-11-30,26.52,27.01,26.32,27.01,18752747.0,506263732.0,755793848.0,0.024811986826333628
2023-12-01,27.07,29.71,26.97,29.71,104489896.0,3068723816.0,755793848.0,0.1382518477445982
2023-12-04,30.13,31.71,29.52,30.83,110247317.0,3412619202.0,755793848.0,0.14586956124575387
2023-12-05,30.78,31.01,29.24,29.25,60363187.0,1830370162.0,755793848.0,0.07986726428077515
2023-12-06,29.14,29.66,28.63,29.1,41354596.0,1219030877.0,755793848.0,0.05471676715738496
2023-12-07,29.0,29.76,29.0,29.29,54979094.0,1639713693.0,755793848.0,0.0727435055809028
2023-12-08,29.54,32.21,29.32,31.36,99195497.0,3102476816.0,755793848.0,0.1312467642631566
2023-12-11,30.8,31.55,30.71,31.37,64707155.0,2042555254.0,755793848.0,0.08561482098753469
2023-12-12,31.17,31.6,30.32,30.79,47966130.0,1498573331.0,755793848.0,0.06346456792011358
2023-12-13,31.0,31.38,30.43,30.45,43808660.0,1373019083.0,755793848.0,0.057963768977383895
2023-12-14,30.72,31.1,29.95,30.05,36319197.0,1123007472.0,755793848.0,0.048054369714848486
2023-12-15,29.93,30.19,28.97,29.39,30185723.0,900032293.0,755793848.0,0.03993909593188433
2023-12-18,29.17,29.45,28.52,28.66,26392090.0,774686314.0,755793848.0,0.03491969413331345
2023-12-19,28.61,28.77,27.83,28.38,22026560.0,629705416.0,755793848.0,0.029143608483037032
2023-12-20,28.41,28.52,27.46,27.48,23303605.0,654567568.0,755793848.0,0.030833282199460296
2023-12-21,27.24,28.84,26.93,28.2,35002483.0,988383114.0,755793848.0,0.04631220946376372
2023-12-22,28.06,28.43,27.33,27.53,26511515.0,748164365.0,755793848.0,0.03507770679816383
2023-12-25,27.65,28.04,27.16,28.0,20549164.0,577253660.0,755793848.0,0.027188847930394902
2023-12-26,27.84,27.89,26.82,27.12,21231560.0,586214882.0,755793848.0,0.028091734348173737
2023-12-27,27.32,27.4,26.56,26.94,21977140.0,600098893.0,755793848.0,0.029078220282099995
2023-12-28,26.79,27.81,26.62,27.67,26909412.0,747473400.0,755793848.0,0.035604169141106846
2023-12-29,27.64,28.61,27.53,28.15,28054458.0,799692584.0,755793848.0,0.03711919338089135
2024-01-02,28.01,28.3,27.56,27.56,18406420.0,519206430.0,755945916.0,0.024348858311710225
2024-01-03,27.46,27.82,27.0,27.29,18630825.0,516447091.0,755945916.0,0.024645711559079315
2024-01-04,27.31,27.8,27.06,27.68,17921783.0,499211154.0,755945916.0,0.023707758214808583
2024-01-05,27.52,27.52,25.8,26.04,34225336.0,920688811.0,755945916.0,0.045274847413819486
2024-01-08,26.04,26.12,24.68,24.7,27865546.0,709931269.0,755945916.0,0.03686182491394001
2024-01-09,25.15,25.42,24.4,24.88,22260714.0,561267656.0,755945916.0,0.029447495553372366
2024-01-10,24.65,24.66,23.71,23.82,23234121.0,565392559.0,755945916.0,0.030735163069523085
2024-01-11,23.71,24.76,23.68,24.6,23314303.0,576028532.0,755945916.0,0.030841231504186075
2024-01-12,24.4,24.49,23.97,24.03,14232488.0,348562333.0,756078176.0,0.01882409577710123
2024-01-15,23.82,24.36,23.72,24.08,12618410.0,307866676.0,756078176.0,0.01668929272202667
2024-01-16,24.02,24.1,23.36,23.79,17868170.0,427806701.0,756078176.0,0.02363270170623203
2024-01-17,23.77,24.0,23.22,23.26,16774502.0,401842150.0,756078176.0,0.02218620049152166
2024-01-18,22.74,24.29,22.63,24.28,36533170.0,870834027.0,756078176.0,0.04831930236801333
2024-01-19,24.05,24.99,23.93,24.19,31236791.0,778332090.0,756078176.0,0.04131423441588664
2024-01-22,24.85,24.96,23.21,23.47,32479677.0,794384867.0,756078176.0,0.042958093529206695
2024-01-23,23.24,25.41,23.24,25.01,47284461.0,1187463884.0,756078176.0,0.06253911632545257
2024-01-24,25.01,25.49,24.33,25.37,42542129.0,1073230509.0,756078176.0,0.05626683899946346
2024-01-25,25.09,26.28,24.87,26.1,44052815.0,1151367720.0,756078176.0,0.058264894290507865
2024-01-26,25.86,25.98,25.17,25.39,28752265.0,744958085.0,756078176.0,0.03802816416698159
2024-01-29,25.39,25.39,23.45,23.45,31162624.0,758748355.0,756078176.0,0.04121614006221494
2024-01-30,23.26,23.93,22.67,22.73,20199351.0,477079050.0,756078176.0,0.026715955626260533
2024-01-31,22.47,22.7,21.44,21.46,28362720.0,633366398.0,756078176.0,0.03751294628030634
2024-02-01,21.22,23.16,20.99,22.41,36861402.0,832559738.0,756078176.0,0.04875342678850183
2024-02-02,22.16,22.75,20.6,21.34,31576052.0,693601700.0,756078176.0,0.04176294595229793
2024-02-05,20.97,21.37,19.34,19.99,34287076.0,705681057.0,756078176.0,0.04534858575259287
2024-02-06,19.77,21.99,19.66,21.99,43051258.0,929621202.0,756078176.0,0.05694022042503711
2024-02-07,21.94,23.14,21.74,22.69,37847796.0,869237065.0,756078176.0,0.05005804584948104
2024-02-08,23.04,24.23,23.04,23.5,34957320.0,838211466.0,756078176.0,0.046235060222132376
2024-02-19,24.72,25.85,24.11,25.85,45972196.0,1168972770.0,756078176.0,0.060803495536948284
2024-02-20,25.85,26.61,25.53,25.93,52212148.0,1378797857.0,756078176.0,0.06905654687221127
2024-02-21,25.42,26.34,25.27,25.61,38910388.0,1013561618.0,756078176.0,0.05146344549429238
2024-02-22,27.65,28.16,26.61,27.06,59391283.0,1641133681.0,756078176.0,0.07855177531271582
2024-02-23,27.36,28.33,26.79,27.91,54685750.0,1527339505.0,756078176.0,0.07232816887972177
2024-02-26,27.18,28.44,26.92,27.48,51272366.0,1442802762.0,756078176.0,0.0678135775208515
2024-02-27,27.17,29.32,27.03,29.02,62634856.0,1793510394.0,756078176.0,0.08284177217145335
2024-02-28,29.0,29.19,26.91,26.96,60775773.0,1740006881.0,756078176.0,0.08038292193742674
2024-02-29,27.26,29.66,27.19,29.66,96264117.0,2847564334.0,756078176.0,0.12732032223080594
2024-03-01,29.95,32.62,29.72,32.62,101487681.0,3235955076.0,756078176.0,0.13422908400413874
2024-03-04,34.03,35.88,33.7,35.88,86044700.0,3038430363.0,756078176.0,0.11380397256698492
2024-03-05,35.91,38.23,34.58,35.04,154186467.0,5696702018.0,756078176.0,0.20392926537797595
2024-03-06,35.25,38.13,35.23,37.44,125172359.0,4691215362.0,756078176.0,0.1655547838481718
2024-03-07,36.93,37.43,34.7,34.99,100410829.0,3666011198.0,756078176.0,0.1328048238757787
2024-03-08,36.35,38.49,35.59,38.49,135363479.0,5171270327.0,756078176.0,0.17903370748794104
2024-03-11,37.54,42.34,37.33,42.34,134719096.0,5444012899.0,756078176.0,0.17818143715339826
2024-03-12,42.34,42.38,39.18,40.17,121291080.0,4935199831.0,756078176.0,0.16042134775227265
2024-03-13,41.16,41.39,38.13,38.86,111837542.0,4498177295.0,756078176.0,0.1479179608009212
2024-03-14,37.42,40.19,37.42,39.93,100485618.0,3996662607.0,756078176.0,0.13290374089570337
2024-03-15,39.14,39.77,37.84,39.43,96169667.0,3781675495.0,756078176.0,0.12719540128612308
2024-03-18,39.32,40.48,39.12,39.83,84979083.0,3415474789.0,756078176.0,0.1123945720131459
2024-03-19,39.07,40.31,38.41,39.15,76195627.0,3021858158.0,756078176.0,0.10077744526777611
2024-03-20,38.51,40.01,38.21,38.7,66825392.0,2642463612.0,756078176.0,0.08838423607666729
2024-03-21,38.3,39.01,37.77,37.84,58340892.0,2263799290.0,756078176.0,0.07716251288808526
2024-03-22,37.84,38.41,36.94,37.78,61429496.0,2346565728.0,756078176.0,0.08124754549190956
2024-03-25,37.92,38.92,36.95,37.0,60301375.0,2309564742.0,756078176.0,0.07975547623794924
2024-03-26,36.38,37.39,34.28,35.06,78278408.0,2832270994.0,756078176.0,0.10353216173243969
2024-03-27,36.53,37.4,35.47,35.5,90153648.0,3325257502.0,756078176.0,0.11923852699591742
2024-03-28,35.39,39.05,34.68,38.05,115650657.0,4370112012.0,756078176.0,0.15296124219831997
2024-03-29,37.61,38.44,36.83,38.05,76005191.0,2900976648.0,756078176.0,0.10052557184245456
2024-04-01,38.46,41.79,38.46,40.23,84929799.0,3459543999.0,756078176.0,0.11232938827743653
2024-04-02,39.53,40.15,37.4,37.74,68944871.0,2686220371.0,756078176.0,0.0911874898502559
2024-04-03,36.99,37.6,35.84,35.94,45007148.0,1656818577.0,756078176.0,0.05952710900625176
2024-04-08,35.56,36.36,35.38,35.42,34771443.0,1263683502.0,756078176.0,0.045989216596565276
2024-04-09,35.12,35.53,33.92,34.59,39208138.0,1365810118.0,756078176.0,0.05185725397792728
2024-04-10,34.54,34.56,32.81,33.19,35988789.0,1211769139.0,756078176.0,0.047599296134160606
2024-04-11,33.39,33.93,32.93,33.09,31960231.0,1083101483.0,756078176.0,0.04227106668927315
2024-04-12,33.47,35.33,33.34,34.18,55150292.0,1910195571.0,756078176.0,0.07294257889014905
2024-04-15,34.23,35.88,34.19,34.98,56145054.0,1999674728.0,756078176.0,0.07425826558972123
2024-04-16,34.23,35.38,33.48,33.57,39782270.0,1377770467.0,756078176.0,0.05261660931739418
2024-04-17,34.18,35.34,33.64,35.23,44238023.0,1558921009.0,756078176.0,0.05850985308693793
2024-04-18,34.58,38.03,33.98,36.52,69524545.0,2542662869.0,756078176.0,0.09195417511958445
2024-04-19,35.6,35.86,33.74,34.45,56792933.0,1996271759.0,756078176.0,0.07511515978474692
2024-04-22,32.37,33.74,31.38,33.03,38825215.0,1286420238.0,756078176.0,0.05135079444483265
2024-04-23,33.52,33.59,32.52,32.78,27005105.0,901852231.0,756078176.0,0.03571734492175053
2024-04-24,33.25,35.17,32.96,34.81,44807976.0,1557285255.0,756078176.0,0.05926368122018113
2024-04-25,34.65,35.96,34.37,35.27,36726952.0,1306340996.0,756078176.0,0.04857560126163462
2024-04-26,34.58,38.01,33.78,37.46,93850728.0,3428600576.0,756078176.0,0.12412833881347211
2024-04-29,37.76,37.76,36.8,37.24,61865165.0,2338920665.0,756078176.0,0.08182376765230161
2024-04-30,37.52,37.67,36.67,37.17,40391944.0,1522394429.0,756078176.0,0.05342297302336101
2024-05-06,37.79,37.92,36.68,36.84,37470722.0,1407093947.0,756078176.0,0.049559322288916324
2024-05-07,36.89,37.27,34.77,35.14,57712447.0,2090277844.0,756078176.0,0.07633132238431387
2024-05-08,34.74,35.07,34.28,34.48,28345310.0,993345413.0,756078176.0,0.03748991956091059
2024-05-09,34.47,35.42,33.98,35.19,36076263.0,1268780495.0,756078176.0,0.04771499051971049
2024-05-10,35.04,35.04,33.54,33.68,33695560.0,1158355122.0,756078176.0,0.04456623808170863
2024-05-13,33.37,33.97,33.11,33.24,22107930.0,749325642.0,756078176.0,0.029240269990282064
2024-05-14,33.29,33.92,32.51,33.06,27701273.0,927927088.0,756078176.0,0.03663810685100372
2024-05-15,33.08,33.9,32.77,33.42,22141293.0,751194114.0,756078176.0,0.029284396379667493
2024-05-16,33.99,35.74,33.99,34.82,52966106.0,1874592771.0,756078176.0,0.07005374269657533
2024-05-17,34.35,35.17,33.83,34.88,31760351.0,1108522967.0,756078176.0,0.042006702492097855
2024-05-20,34.88,37.11,34.13,36.56,57115280.0,2085218960.0,756078176.0,0.07554150061858153
2024-05-21,36.54,37.04,35.81,36.37,37048438.0,1362090239.0,756078176.0,0.04900080332433772
2024-05-22,35.93,36.49,35.67,36.0,24946259.0,909229257.0,756078176.0,0.03299428523645153
2024-05-23,36.47,36.6,34.78,35.07,30857748.0,1107818306.0,756078176.0,0.0408129066272639
2024-05-24,34.82,35.9,33.88,33.98,34512811.0,1220326048.0,756078176.0,0.045647146149077576
2024-05-27,33.92,35.12,33.51,34.21,24945131.0,860783736.0,756078176.0,0.03299279332723393
2024-05-28,33.8,34.06,33.03,33.18,25104311.0,849723085.0,756078176.0,0.03320332711203663
2024-05-29,33.58,33.68,32.63,32.83,18887890.0,630908945.0,756078176.0,0.024981398219858154
2024-05-30,32.6,33.04,32.25,32.68,17201580.0,569510712.0,756078176.0,0.02275106007027506
2024-05-31,32.6,33.46,32.31,32.6,20789674.0,692141188.0,756078176.0,0.027496725417981115
2024-06-03,32.72,33.78,32.52,33.34,32142670.0,1081722130.0,756078176.0,0.0425123631660015
2024-06-04,32.99,33.37,32.5,33.09,21821204.0,725287257.0,756078176.0,0.028861042009497177
2024-06-05,33.04,33.09,31.93,31.94,21214858.0,697590900.0,756078176.0,0.02805907996476809
2024-06-06,32.4,33.58,32.35,32.48,36845536.0,1228368790.0,756078176.0,0.0487324421859784
2024-06-07,32.5,32.76,31.17,31.5,27379364.0,876774045.0,756078176.0,0.03621234532234402
2024-06-11,31.28,32.07,30.99,32.0,19014948.0,610708675.0,756078176.0,0.025149446979937692
2024-06-12,31.88,32.7,31.78,32.38,15955499.0,521840316.0,756078176.0,0.021102975203453035
2024-06-13,32.3,33.25,32.3,32.54,21252865.0,704273254.0,756078176.0,0.02810934857614512
2024-06-14,32.35,34.87,32.3,34.38,57184912.0,1968877859.0,756078176.0,0.07563359691524808
2024-06-17,34.24,34.75,33.84,34.26,31610299.0,1095179135.0,756078176.0,0.04180824153294963
2024-06-18,34.13,35.71,34.08,35.25,41156483.0,1467144097.0,756078176.0,0.0544341634323274
2024-06-19,35.51,35.74,34.67,34.69,23463506.0,831417482.0,756078176.0,0.031033174537761027
2024-06-20,34.69,35.21,33.79,33.91,21227833.0,737369187.0,756078176.0,0.028076240888614143
2024-06-21,33.39,37.3,32.57,36.27,56130174.0,2040352185.0,756078176.0,0.07423858508514866
2024-06-24,35.68,38.36,35.67,36.32,65298927.0,2461189299.0,756078176.0,0.08636531125056571
2024-06-25,36.06,37.6,35.39,36.99,53821751.0,1990199847.0,756078176.0,0.07118543122715396
2024-06-26,37.2,37.64,36.22,37.12,41366526.0,1549394792.0,756078176.0,0.054711969361221184
2024-06-27,36.7,37.92,36.05,36.44,34065297.0,1274265743.0,756078176.0,0.045055257619286186
2024-06-28,36.35,38.13,36.27,36.92,39872954.0,1513574043.0,756078176.0,0.05273654929566437
2024-07-01,37.11,38.63,36.73,37.93,44602391.0,1706394192.0,756065696.0,0.05899274525477215
2024-07-02,37.51,37.54,36.39,36.56,31779489.0,1184858996.0,756065696.0,0.04203270849098277
2024-07-03,36.31,36.97,35.84,35.93,21366078.0,785343837.0,756065696.0,0.028259552196374216
2024-07-04,36.18,36.53,35.49,35.53,20976063.0,762416465.0,756065696.0,0.02774370416615225
2024-07-05,35.62,37.04,35.29,36.91,30541825.0,1121786236.0,756065696.0,0.04039572905050833
2024-07-08,36.95,37.18,36.28,36.51,23273996.0,865076214.0,756065696.0,0.030783033965344726
2024-07-09,36.63,38.23,35.86,38.02,35509288.0,1347105309.0,756065696.0,0.04696587636215147
2024-07-10,37.79,38.5,37.43,37.57,29913733.0,1143966972.0,756065696.0,0.03956499171733351
2024-07-11,37.94,38.11,36.28,37.49,32802527.0,1236939672.0,756065696.0,0.04338581577440064
2024-07-12,36.69,36.92,36.21,36.45,19283919.0,709633003.0,756065696.0,0.025505612940809844
2024-07-15,36.19,36.63,35.15,35.79,21187629.0,765970514.0,756065696.0,0.028023529055866594
2024-07-16,35.51,36.25,34.1,35.99,38305321.0,1357224747.0,756065696.0,0.05066401134538446
2024-07-17,35.79,37.36,35.67,35.68,34642430.0,1270391621.0,756065696.0,0.045819338429553616
2024-07-18,34.8,35.49,33.3,34.48,33435624.0,1150652299.0,756065696.0,0.04422317290268914
2024-07-19,34.1,34.86,33.98,34.39,21838829.0,757388771.0,756065696.0,0.028884829870657165
2024-07-22,34.6,36.31,34.54,35.04,25516526.0,908950261.0,756065696.0,0.0337490857408243
2024-07-23,35.19,35.35,33.7,33.7,19010700.0,656952419.0,756065696.0,0.02514424354996791
2024-07-24,33.59,34.73,33.3,33.4,18475962.0,631088058.0,756065696.0,0.024436979614004338
2024-07-25,32.98,33.21,32.23,32.41,18564090.0,608676290.0,756065696.0,0.024553540913460514
2024-07-26,32.43,32.95,32.03,32.63,16157512.0,528835009.0,756065696.0,0.021370513284073134
2024-07-29,32.63,33.38,32.33,32.89,16072499.0,533021307.0,756065696.0,0.021258071996960434
2024-07-30,32.74,32.99,32.05,32.55,14272815.0,466544175.0,756065696.0,0.018877744454630037
2024-07-31,32.31,33.75,32.31,33.7,23113306.0,770981836.0,756065696.0,0.03057049952442228
2024-08-01,34.19,34.39,33.24,33.3,20078999.0,678772083.0,756065696.0,0.02655721467886833
2024-08-02,32.63,33.01,31.72,31.82,20960092.0,681462601.0,756065696.0,0.027722580340425868
2024-08-05,31.12,31.59,29.36,29.37,32059168.0,977068554.0,756065696.0,0.04240262211288052
2024-08-06,29.93,30.64,29.58,30.01,18920793.0,570652253.0,756065696.0,0.02502532928038042
2024-08-07,29.88,30.8,29.65,30.21,17654196.0,540308335.0,756065696.0,0.023350082001339735
2024-08-08,29.98,30.3,29.43,29.53,15654729.0,468125601.0,756065696.0,0.020705514193835345
2024-08-09,30.03,30.24,29.48,29.48,13250855.0,396837065.0,756065696.0,0.017526062973236653
2024-08-12,29.36,29.71,29.04,29.39,10521783.0,310684242.0,756065696.0,0.013916493045069988
2024-08-13,29.59,29.91,29.31,29.64,10656233.0,316636583.0,756065696.0,0.014094321507214633
2024-08-14,30.0,30.1,29.36,29.36,11157701.0,332257731.0,756065696.0,0.01475758133060437
2024-08-15,29.08,29.9,29.08,29.51,13270100.0,394644987.0,756065696.0,0.017551517110491945
2024-08-16,29.73,30.52,29.64,29.89,23575138.0,714184100.0,756065696.0,0.031181335332002683
2024-08-19,29.78,30.4,29.65,30.07,15027499.0,454446468.0,756065696.0,0.019875916973225563
2024-08-20,30.02,30.11,29.21,29.35,15379087.0,457046846.0,756065696.0,0.020340940055029292
2024-08-21,29.16,29.7,29.06,29.32,11159114.0,330029647.0,756065696.0,0.014759450215818282
2024-08-22,29.23,29.39,28.46,28.6,17847953.0,516880411.0,756065696.0,0.023606352059649588
2024-08-23,28.57,28.93,28.36,28.65,13893054.0,401674028.0,756065696.0,0.018375458737913696
2024-08-26,28.48,28.66,27.3,27.69,26671323.0,744390475.0,756065696.0,0.035276462271871145
2024-08-27,27.58,28.12,27.19,27.83,17624688.0,492304893.0,756065696.0,0.023311053646851345
2024-08-28,27.82,28.4,27.69,27.96,11261130.0,317335080.0,756065696.0,0.014894380289408078
2024-08-29,27.7,28.36,27.2,28.09,14971200.0,419207074.0,756065696.0,0.019801453867310494
2024-08-30,28.03,29.33,28.0,28.96,19849363.0,577627162.0,756065696.0,0.026253489749652654
2024-09-02,28.71,28.9,27.25,27.3,23883011.0,666569699.0,756065696.0,0.03158853936417716
2024-09-03,27.52,27.8,27.32,27.6,10965807.0,304369937.0,756065696.0,0.014503775343882285
2024-09-04,27.08,27.52,26.65,27.32,11352156.0,310401780.0,756065696.0,0.015014774589111896
2024-09-05,27.49,27.63,27.08,27.23,11674773.0,320885045.0,756065696.0,0.015441479572166702
2024-09-06,27.16,27.39,26.16,26.21,18272500.0,490619585.0,756065696.0,0.024167873369564965
2024-09-09,26.1,26.56,26.08,26.49,16027153.0,424225532.0,756065696.0,0.021198095727385045
2024-09-10,26.41,27.33,25.97,27.02,17391801.0,467541281.0,756065696.0,0.023003028826743648
2024-09-11,26.9,27.2,26.69,26.85,9763208.0,263912736.0,756065696.0,0.012913174148295176
2024-09-12,27.39,27.39,26.51,26.51,11419043.0,308789020.0,756065696.0,0.015103241769085632
2024-09-13,26.5,27.11,26.5,26.56,16978057.0,458389493.0,756065696.0,0.022455795957710002
2024-09-18,26.35,26.76,26.07,26.42,10684608.0,283344483.0,756065696.0,0.01413185131467729
2024-09-19,26.47,26.88,26.05,26.47,17280546.0,460351034.0,756065696.0,0.02285587891558037
2024-09-20,26.54,26.67,26.29,26.66,13404979.0,357491721.0,756065696.0,0.01772991298364633
2024-09-23,26.61,27.46,26.39,26.71,22203418.0,602533402.0,756065696.0,0.02936704854811982
2024-09-24,26.81,27.94,26.41,27.84,36198695.0,994905951.0,756065696.0,0.04787771114535529
2024-09-25,27.9,28.75,27.9,27.97,33729725.0,959048752.0,756065696.0,0.044612161586550805
2024-09-26,27.98,28.99,27.9,28.99,31935940.0,913803575.0,756065696.0,0.04223963627626349
2024-09-27,29.36,30.97,29.13,30.59,40600248.0,1224441179.0,756065696.0,0.05369936529959957
2024-09-30,31.61,33.51,31.16,33.41,55887925.0,1827126613.0,756065696.0,0.07391940316255269
2024-10-08,36.75,36.75,33.69,36.72,68581782.0,2475295387.0,773026342.0,0.08871855753655546
2024-10-09,35.07,35.41,33.05,33.05,57250510.0,1972964441.0,773026342.0,0.07406023170165138
2024-10-10,33.4,33.98,31.54,32.24,40994631.0,1345865432.0,773026342.0,0.053031350644451906
2024-10-11,31.77,32.24,29.91,30.42,29112809.0,907380907.0,773026342.0,0.037660823982632145
2024-10-14,30.39,33.11,30.34,32.94,51502026.0,1661165387.0,773026342.0,0.06662389520485448
2024-10-15,32.94,33.45,31.81,31.81,36197096.0,1190124090.0,773026342.0,0.04682517791871056
2024-10-16,30.9,31.88,30.9,31.29,22251583.0,703084476.0,773026342.0,0.028785025543152837
2024-10-17,31.71,32.39,31.53,31.72,27257144.0,876871445.0,773026342.0,0.03526030423423786
2024-10-18,31.78,34.9,31.78,34.9,73243524.0,2518439612.0,773026342.0,0.09474906613208273
2024-10-21,35.79,38.07,35.37,36.88,98830115.0,3657047566.0,773026342.0,0.1278483146438495
2024-10-22,38.38,38.57,36.9,37.73,75059087.0,2845437491.0,773026342.0,0.09709770925244873
2024-10-23,36.78,39.27,36.72,37.09,68851911.0,2630040575.0,773026342.0,0.08906800099704752
2024-10-24,36.54,38.57,36.11,36.83,49725199.0,1855786810.0,773026342.0,0.06432536163172561
2024-10-25,37.24,37.24,36.16,36.55,39376404.0,1450616446.0,773026342.0,0.05093798472394101
2024-10-28,36.59,37.56,36.39,36.91,38116708.0,1414570285.0,773026342.0,0.0493084205919596
2024-10-29,37.08,38.55,36.14,37.41,52727124.0,1981166586.0,773026342.0,0.06820870277665131
2024-10-30,39.43,41.15,39.33,41.15,29562623.0,1208762568.0,773026342.0,0.038242711009710974
2024-10-31,43.63,45.26,42.79,45.26,107982388.0,4840548926.0,773026342.0,0.13968785037858386
2024-11-01,45.24,45.24,41.77,42.78,99630443.0,4330325770.0,773026342.0,0.12888363253214985
2024-11-04,42.64,45.99,42.62,43.84,67991989.0,3041005164.0,773026342.0,0.0879555912985951
2024-11-05,43.33,46.71,43.33,45.46,70331292.0,3212545766.0,773026342.0,0.09098175337471229
2024-11-06,46.24,46.96,44.04,44.66,62140089.0,2836442890.0,773026342.0,0.08038547410846188
2024-11-07,43.79,45.65,43.38,45.03,38470259.0,1722996834.0,773026342.0,0.049765780167941545
2024-11-08,45.48,48.91,45.09,47.68,60466325.0,2888413036.0,773026342.0,0.07822026458187631
2024-11-11,47.81,51.22,47.28,49.79,59538407.0,2969914846.0,773026342.0,0.07701989410342759
2024-11-12,49.21,51.9,48.63,49.63,53982728.0,2711201762.0,773026342.0,0.06983297342796115
2024-11-13,49.22,49.67,47.55,48.84,41195793.0,2014466731.0,773026342.0,0.05329157722286261
2024-11-14,48.52,49.11,47.29,47.43,28011761.0,1356542111.0,773026342.0,0.03623648959688362
2024-11-15,47.49,48.39,44.74,44.93,37642602.0,1757417841.0,773026342.0,0.048695109021265406
2024-11-18,44.73,45.63,43.15,44.07,35994973.0,1602713363.0,773026342.0,0.046563708174384565
2024-11-19,44.23,45.09,43.15,44.84,29903948.0,1325773890.0,773026342.0,0.03868425482452705
2024-11-20,44.86,45.89,44.56,45.32,33002092.0,1497983047.0,773026342.0,0.042692066501402615
2024-11-21,44.88,45.84,43.88,44.95,25088950.0,1139022456.0,773026342.0,0.032455491665509116
2024-11-22,44.99,45.3,41.95,42.12,36785471.0,1613077825.0,773026342.0,0.04758630980779695
2024-11-25,41.92,42.35,39.92,40.82,37800865.0,1555782933.0,773026342.0,0.04889984072496199
2024-11-26,41.25,42.31,40.96,41.11,24556240.0,1027118365.0,773026342.0,0.03176636896547052
2024-11-27,40.76,41.88,39.77,41.84,23257986.0,959504375.0,773026342.0,0.030086925550073945
2024-11-28,41.85,42.19,41.08,41.41,21848417.0,914632560.0,773026342.0,0.02826348316083645
2024-11-29,41.2,42.55,40.92,41.9,26731947.0,1124858097.0,773026342.0,0.03458090047855057
2024-12-02,41.9,42.93,41.77,42.51,25165136.0,1073512234.0,773026342.0,0.03255404716855043
2024-12-03,42.2,42.48,41.06,41.76,21204554.0,890997735.0,773026342.0,0.027430571052907277
2024-12-04,42.15,42.35,41.24,41.6,14020796.0,589307746.0,773026342.0,0.01813753974246844
2024-12-05,41.31,42.4,41.31,41.8,16606376.0,700235456.0,773026342.0,0.0214822899269324
2024-12-06,41.76,42.33,41.13,41.7,20645559.0,867918131.0,773026342.0,0.026707445630617332
2024-12-09,41.46,41.49,39.95,40.48,26173740.0,1067705042.0,773026342.0,0.03385879442643883
2024-12-10,42.2,42.2,40.29,40.43,24735619.0,1019050671.0,773026342.0,0.031998416685262196
2024-12-11,41.27,42.43,40.86,42.33,41181520.0,1728206439.0,773026342.0,0.05327311342774397
2024-12-12,43.74,45.33,42.92,43.11,59195978.0,2610471264.0,773026342.0,0.07657692213546845
2024-12-13,43.12,45.24,41.66,44.05,65319585.0,2855905408.0,773026342.0,0.08449852411368408
2024-12-16,46.23,48.46,44.92,47.51,105350108.0,4993231110.0,773026342.0,0.13628268828127463
2024-12-17,46.72,51.2,46.23,47.58,92079402.0,4478712028.0,773026342.0,0.11911547769739521
2024-12-18,47.98,49.52,45.4,47.18,70453229.0,3337745041.0,773026342.0,0.09113949314808731
2024-12-19,47.28,51.91,47.27,51.91,39256848.0,2001049907.0,773026342.0,0.050783325052589215
2024-12-20,56.53,57.1,54.24,57.1,82378281.0,4643007868.0,773026342.0,0.10656594287184071
2024-12-23,58.31,60.45,55.73,56.28,123033030.0,7148805752.0,773026342.0,0.15915761639077494
2024-12-24,57.4,58.5,54.7,55.97,82388505.0,4660387257.0,773026342.0,0.1065791688118178
2024-12-25,56.15,59.45,55.68,56.47,78874129.0,4549619821.0,773026342.0,0.10203291235319896
2024-12-26,56.17,60.45,55.85,59.1,97789921.0,5736497419.0,773026342.0,0.12650270202564456
2024-12-27,57.54,57.56,55.38,55.67,80842028.0,4598684385.0,773026342.0,0.10457861990943641
2024-12-30,55.77,57.03,54.85,55.17,59403292.0,3334225780.0,773026342.0,0.0768451070455242
2024-12-31,55.23,55.67,51.87,51.87,67215470.0,3579574141.0,773038821.9999999,0.08694966939189505
2025-01-02,51.5,51.7,49.37,50.23,42942063.0,2181908576.0,773038821.9999999,0.05554968492901901
2025-01-03,50.28,50.48,47.4,47.64,42352820.0,2067699277.0,773038821.9999999,0.054787442486297286
2025-01-06,48.29,50.3,46.95,47.38,44807620.0,2177268520.0,773038821.9999999,0.057962962175785795
2025-01-07,47.36,49.59,47.25,49.54,59698652.0,2916404108.0,773038821.9999999,0.07722594299410232
2025-01-08,48.42,50.01,46.83,49.4,54686161.0,2670353240.0,773038821.9999999,0.070741804219504
2025-01-09,49.39,51.18,49.11,49.95,54331366.0,2743722902.0,773038821.9999999,0.07028284279363141
2025-01-10,49.51,50.53,47.9,47.9,42121299.0,2088007709.0,773038821.9999999,0.05448794782521285
2025-01-13,47.67,48.56,46.74,47.77,29015899.0,1392650281.0,773038821.9999999,0.03753485358591732
2025-01-14,48.52,50.59,47.26,50.47,45767600.0,2275831259.0,773038821.9999999,0.05920478855329727
2025-01-15,50.47,50.7,49.2,49.31,33873045.0,1691530919.0,773038821.9999999,0.043818038675423734
2025-01-16,49.9,52.27,49.41,51.96,65433626.0,3339152869.0,773038821.9999999,0.08464468295487496
2025-01-17,51.2,51.42,49.89,50.73,43812078.0,2231589178.0,773038821.9999999,0.05667513293400937
2025-01-20,51.42,52.69,50.46,51.25,39563582.0,2051475938.0,773038821.9999999,0.05117929510660463
2025-01-21,52.08,53.68,52.05,53.43,48187535.0,2564558442.0,773038821.9999999,0.062335207014997764
2025-01-22,53.27,55.18,53.04,54.18,47233394.0,2573516021.0,773038821.9999999,0.061100933945074244
2025-01-23,54.58,54.88,50.88,51.05,60800913.0,3234570832.0,773038821.9999999,0.07865182351734466
2025-01-24,50.14,52.0,50.01,51.62,35806193.0,1848849560.0,773038821.9999999,0.046318751375723284
2025-01-27,49.95,50.42,48.06,48.13,40887240.0,2013447654.0,773038821.9999999,0.05289157392408425
2025-02-05,47.71,47.86,44.27,47.49,49034529.0,2283605020.0,773038821.9999999,0.06343087514432749
2025-02-06,47.27,48.0,46.26,47.8,42162531.0,2009037742.0,773038821.9999999,0.05454128537932602
2025-02-07,47.92,50.02,47.9,48.71,51251472.0,2525918306.0,773038821.9999999,0.06629870394788531
2025-02-10,49.26,50.45,48.82,49.35,38050997.0,1897356029.0,773038821.9999999,0.04922262106003262
2025-02-11,49.35,50.15,48.53,49.46,33082148.0,1643179291.0,773038821.9999999,0.04279493740613199
2025-02-12,50.7,53.32,50.33,52.96,64445949.0,3370698285.0,773038821.9999999,0.08336702784637123
2025-02-13,52.72,52.72,50.81,51.01,43944149.0,2274572422.0,773038821.9999999,0.05684597946362907
2025-02-14,50.95,52.19,49.27,49.8,42917872.0,2183456572.0,773038821.9999999,0.05551839154592938
2025-02-17,50.32,54.78,50.32,53.88,82743924.0,4447653892.0,773038821.9999999,0.10703721681910565
2025-02-18,53.4,55.08,51.51,51.77,54494295.0,2914858017.0,773038821.9999999,0.07049360711149383
2025-02-19,51.72,52.77,51.2,52.39,38702464.0,2027635684.0,773038821.9999999,0.05006535622605511
2025-02-20,53.15,53.35,51.52,52.05,40535894.0,2133783688.0,773038821.9999999,0.052437074111136954
2025-02-21,54.64,57.25,53.39,57.25,75879360.0,4258855850.0,773038821.9999999,0.09815724364746072
2025-02-24,57.02,59.03,56.45,57.19,76708492.0,4442389337.0,773038821.9999999,0.09922980556337442
2025-02-25,55.5,57.18,54.81,55.77,46160125.0,2589597458.0,773038821.9999999,0.059712557359764794
2025-02-26,55.77,59.03,54.19,57.96,60780540.0,3469601921.0,773038821.9999999,0.07862546908413871
2025-02-27,58.3,58.77,54.68,56.17,51488815.0,2934696708.0,773038821.9999999,0.06660572992542411
2025-02-28,54.78,57.45,52.49,54.29,51387589.0,2812684715.0,773038821.9999999,0.06647478436729794
2025-03-03,54.29,54.6,50.7,51.29,40868984.0,2143652326.0,773038821.9999999,0.052867958033807526
2025-03-04,49.56,51.3,49.4,50.9,23055409.0,1175518021.0,773038821.9999999,0.029824387008599684
2025-03-05,51.26,52.28,50.59,52.26,26055210.0,1348566975.0,773038821.9999999,0.033704917862456336
2025-03-06,53.09,54.26,52.25,53.39,34898696.0,1862470269.0,773038821.9999999,0.045144816801969107
2025-03-07,52.84,53.19,51.1,51.58,27878299.0,1455620612.0,773038821.9999999,0.03606325867033881
2025-03-10,51.18,52.0,50.7,51.88,18101821.0,933579621.0,773038821.9999999,0.02341644492467676
2025-03-11,50.89,51.2,50.27,50.71,19954454.0,1015763522.0,773038821.9999999,0.025813003735535554
2025-03-12,51.25,52.19,50.7,51.29,23072495.0,1193254298.0,773038821.9999999,0.02984648939144741
2025-03-13,51.38,51.89,49.18,49.2,22562940.0,1137599069.0,773038821.9999999,0.029187331034197406
2025-03-14,48.92,50.46,48.7,50.18,19599816.0,983301234.0,773038821.9999999,0.025354245404249572
2025-03-17,50.58,51.24,50.39,50.61,17191246.0,879162315.0,773038821.9999999,0.02223852866214784
2025-03-18,50.78,51.18,50.01,51.03,22003845.0,1120386535.0,773038821.9999999,0.028464087926492264
2025-03-19,50.52,50.52,49.29,49.54,19408521.0,970219549.0,773038821.9999999,0.02510678693960858
2025-03-20,49.44,49.67,48.9,48.9,12170211.0,602514790.0,773038821.9999999,0.015743337402529575
2025-03-21,48.62,49.01,46.82,46.84,23913040.0,1143993249.0,773038821.9999999,0.030933815119572355
2025-03-24,46.81,47.31,45.24,46.54,18358729.0,854055130.0,773038821.9999999,0.023748780109778243
2025-03-25,46.74,47.11,45.38,45.53,14270403.0,662172483.0,773038821.9999999,0.018460137568614896
2025-03-26,45.52,46.27,45.33,45.82,10181603.0,470395568.0,773038821.9999999,0.01317088186290339
2025-03-27,45.63,46.24,45.09,45.91,10771696.0,495648082.0,773038821.9999999,0.013934223862304295
2025-03-28,46.13,46.18,45.15,45.15,10572437.0,485161387.0,773038821.9999999,0.013676463198377379
2025-03-31,44.75,45.69,44.62,45.55,12158505.0,551842447.0,773038821.9999999,0.015728194566663047
2025-04-01,45.9,46.03,45.28,45.57,10042985.0,461362354.0,773038821.9999999,0.012991566159661775
2025-04-02,45.53,47.68,45.38,47.3,25043725.0,1178922461.0,773038821.9999999,0.032396464818166666
2025-04-03,46.52,48.09,46.37,47.62,21221463.0,1013511491.0,773038821.9999999,0.027452001627933768
2025-04-07,43.36,44.44,42.86,42.86,15617971.0,677909188.0,773038821.9999999,0.020203346268681966
2025-04-08,42.57,42.84,38.57,39.5,32639407.0,1308429959.0,773038821.9999999,0.04222220937825035
2025-04-09,37.79,41.2,36.03,40.36,32051842.0,1252272691.0,773038821.9999999,0.041462137589772956
2025-04-10,42.2,42.53,41.1,41.11,22573615.0,948880388.0,773038821.9999999,0.029201140172491886
2025-04-11,40.57,42.34,40.36,41.65,18394563.0,767730287.0,773038821.9999999,0.02379513483218053
2025-04-14,42.85,43.22,42.15,42.45,16782417.0,719048363.0,773038821.9999999,0.02170966906497744
2025-04-15,42.34,42.64,41.59,42.1,10621200.0,449680843.0,773038821.9999999,0.013739542824668128
2025-04-16,41.77,42.04,40.53,41.2,11877300.0,492725381.0,773038821.9999999,0.015364428877286064
2025-04-17,41.21,42.02,41.16,41.27,10207021.0,426878274.0,773038821.9999999,0.013203762488399324
2025-04-18,41.28,41.9,41.06,41.75,10712436.0,448875728.0,773038821.9999999,0.013857565357823648
2025-04-21,42.25,42.75,41.67,42.61,11710392.0,498559184.0,773038821.9999999,0.01514851734056896
2025-04-22,42.61,42.97,42.15,42.59,11969958.0,511742497.0,773038821.9999999,0.015484290904086059
2025-04-23,43.07,44.53,42.78,44.34,25264834.0,1109978168.0,773038821.9999999,0.03268249055672912
2025-04-24,42.75,42.75,41.61,41.61,32122135.0,1359797309.0,773038821.9999999,0.041553068339949435
2025-04-25,41.74,42.71,41.64,41.91,17362409.0,736907468.0,773038821.9999999,0.02245994445024134
2025-04-28,41.84,42.57,41.58,41.94,10965226.0,464445254.0,773038821.9999999,0.014184573514213497
2025-04-29,41.91,42.02,41.4,41.47,11129094.0,466665682.0,773038821.9999999,0.014396552518807395
2025-04-30,41.42,42.81,41.39,42.46,17958853.0,765074791.0,773038821.9999999,0.023231502078429903
2025-05-06,43.3,45.19,43.25,44.84,28911046.0,1287468616.0,773038821.9999999,0.037399216154761245
2025-05-07,45.43,45.67,44.28,44.68,20235452.0,910946232.0,773038821.9999999,0.02617650165052125
2025-05-08,44.71,46.87,44.62,45.82,34250068.0,1577462098.0,773038821.9999999,0.044305754155255096
2025-05-09,45.23,45.73,44.44,44.9,19931733.0,902498455.0,773038821.9999999,0.02578361193870287
2025-05-12,45.58,45.72,44.84,45.27,16804768.0,763238788.0,773038821.9999999,0.021738582231255653
2025-05-13,45.72,45.85,44.74,44.92,13570133.0,617753717.0,773038821.9999999,0.01755427103245793
2025-05-14,45.43,45.83,44.74,45.12,17902564.0,814945084.0,773038821.9999999,0.023158686847942034
2025-05-15,45.17,45.19,43.34,43.36,17908333.0,789821483.0,773038821.9999999,0.023166149603803473
2025-05-16,43.25,44.01,43.01,43.41,9906649.0,435261037.0,773038821.9999999,0.012815202442704749
2025-05-19,43.47,43.74,42.67,42.86,9642380.0,416572888.0,773038821.9999999,0.01247334509676152
2025-05-20,42.85,43.21,42.19,42.81,10297855.0,442084112.0,773038821.9999999,0.013321264995925394
2025-05-21,42.75,42.75,41.94,42.02,12209049.0,518636431.0,773038821.9999999,0.01579357808759571
2025-05-22,42.02,42.31,41.63,41.7,8975210.0,378488216.0,773038821.9999999,0.011610296591288143
2025-05-23,41.67,42.08,40.97,40.98,11008751.0,459913311.0,773038821.9999999,0.014240877284168275
2025-05-26,40.9,41.66,40.87,41.57,9970281.0,415428535.0,773038821.9999999,0.012897516549304688
2025-05-27,41.49,41.57,40.53,40.94,10580276.0,435463245.0,773038821.9999999,0.013686603698151658
2025-05-28,40.94,41.31,40.77,40.96,8430814.0,347702140.0,773038821.9999999,0.010906068052556358
2025-05-29,41.05,42.05,41.05,41.91,14594954.0,612724330.0,773038821.9999999,0.01887997547424598
2025-05-30,41.76,41.76,40.77,40.96,12256508.0,505206242.0,773185034.0,0.015851972634017643
2025-06-03,40.3,40.92,40.3,40.57,8328434.0,340714593.0,773185034.0,0.010771592353402951
2025-06-04,40.91,41.82,40.86,41.48,14759538.0,616160743.0,773185034.0,0.019089270162981453
2025-06-05,41.52,43.56,41.22,43.38,27998347.0,1204206589.0,773185034.0,0.03621170323894293
2025-06-06,43.38,44.03,43.22,43.74,20344631.0,892337792.0,773185034.0,0.026312758402408497
2025-06-09,43.74,44.73,43.55,44.2,20518993.0,912068831.0,773185034.0,0.026538269751351654
2025-06-10,44.2,44.31,42.9,43.23,18360777.0,803330443.0,773185034.0,0.023746937916028003
2025-06-11,43.52,43.74,42.93,42.95,12074061.0,525500437.0,773185034.0,0.015616004538442734
2025-06-12,42.94,45.71,42.85,44.46,39310795.0,1777343497.0,773185034.0,0.05084267448456588
2025-06-13,43.83,44.42,42.95,43.3,25105240.0,1099930031.0,773185034.0,0.032469899048770255
2025-06-16,43.26,45.24,43.06,44.4,24817915.0,1111760880.0,773185034.0,0.032098286837766186
2025-06-17,44.4,44.84,44.12,44.26,16573503.0,735767533.0,773185034.0,0.021435364461542334
2025-06-18,44.31,45.19,43.5,45.04,25285507.0,1126182599.0,773185034.0,0.03270304763814143
2025-06-19,44.7,45.59,44.1,44.43,22377100.0,1003460132.0,773185034.0,0.02894145517048381
2025-06-20,44.4,44.65,42.61,43.0,18802204.0,814429475.0,773185034.0,0.02431785817520105
2025-06-23,42.26,43.35,42.26,42.9,15949748.0,683692462.0,773185034.0,0.02062863001561926
2025-06-24,43.23,47.19,43.23,47.19,56300460.0,2575648439.0,773185034.0,0.0728162826804017
2025-06-25,48.05,48.61,46.88,47.71,58501686.0,2786813909.0,773185034.0,0.07566324156243304
2025-06-26,47.91,49.24,47.6,48.45,47048384.0,2279959937.0,773185034.0,0.060850096588910434
2025-06-27,48.21,49.49,47.35,48.52,42214899.0,2050937613.0,773185034.0,0.05459870166084979
2025-06-30,48.4,50.09,48.4,49.32,45809288.0,2262623404.0,773185034.0,0.05924750995632955
2025-07-01,48.83,49.52,48.2,48.55,25990870.0,1263991993.0,773185034.0,0.03361532991079597
2025-07-02,48.02,48.15,46.7,46.97,25960745.0,1223793342.0,779638233.9999999,0.03329845031689403
2025-07-03,47.2,48.45,47.1,47.96,26031848.0,1242995263.0,779638233.9999999,0.033389650307991445
2025-07-04,47.92,48.43,47.1,47.27,21343549.0,1014444117.0,779638233.9999999,0.02737622152071111
2025-07-07,47.06,47.23,45.6,46.14,22361983.0,1032148430.0,779638233.9999999,0.028682511996968075
2025-07-08,46.7,47.45,44.0,47.23,42307472.0,1964115978.0,779638233.9999999,0.05426551720397028
2025-07-09,47.18,48.17,46.83,47.12,32950244.0,1561315432.0,779638233.9999999,0.04226350448585107
2025-07-10,47.28,47.58,46.01,46.39,23605528.0,1100456629.0,779638233.9999999,0.030277540236693937
2025-07-11,46.25,46.87,45.93,46.38,18298033.0,850112079.0,779638233.9999999,0.02346990206742478
2025-07-14,46.36,47.01,46.35,46.69,15943128.0,744545862.0,779638233.9999999,0.020449392172831794
2025-07-15,47.0,49.7,46.99,48.75,61289921.0,2982041613.0,779638233.9999999,0.07861328283702414
2025-07-16,48.77,49.07,47.39,47.47,44646122.0,2152057570.0,779638233.9999999,0.05726517768496203
2025-07-17,47.06,50.5,47.03,49.31,60851566.0,2997311316.0,779638233.9999999,0.0780510284722645
2025-07-18,49.35,50.02,48.68,48.75,46560791.0,2295833021.0,779638233.9999999,0.05972102055733712
2025-07-21,48.56,48.75,47.7,48.29,33144276.0,1593679734.0,779638233.9999999,0.04251237888879627
2025-07-22,48.13,49.63,48.01,48.08,36660751.0,1783244555.0,779638233.9999999,0.04702277210278531
2025-07-23,47.67,47.67,46.75,47.23,28791131.0,1357980935.0,779638233.9999999,0.036928834098200476
2025-07-24,47.59,47.6,47.06,47.38,20455283.0,966527647.0,779638233.9999999,0.026236890531974606
2025-07-25,47.39,47.8,47.13,47.8,21322271.0,1012600581.0,779638233.9999999,0.02734892937536463
2025-07-28,49.5,52.58,49.5,52.58,110106322.0,5717484247.0,779638233.9999999,0.14122745293684508
2025-07-29,51.5,52.63,51.38,52.4,82151689.0,4274179157.0,779638233.9999999,0.10537154980010897
2025-07-30,52.67,52.95,51.0,51.7,44706841.0,2319525695.0,779638233.9999999,0.057343058678161245
2025-07-31,52.05,53.53,51.45,51.95,79150455.0,4167806662.0,779638233.9999999,0.10152202848481648
2025-08-01,51.61,52.0,49.7,50.16,47151406.0,2393656147.0,779638233.9999999,0.06047857062895149
2025-08-04,49.79,50.19,49.32,49.91,30196752.0,1502212575.0,779638233.9999999,0.038731748499650935
2025-08-05,50.39,51.5,49.51,51.1,48723879.0,2462327361.0,779638233.9999999,0.062495497110266154
2025-08-06,50.63,52.18,50.5,51.42,36050066.0,1851345792.0,779638233.9999999,0.04623947932240584
2025-08-07,51.98,51.99,49.91,50.32,34636734.0,1756449086.0,779638233.9999999,0.04442667443628734
2025-08-08,50.08,50.67,49.84,50.02,19677043.0,987235195.0,779638233.9999999,0.02523868397146875
2025-08-11,50.16,50.99,50.05,50.85,26467604.0,1342466602.0,779638233.9999999,0.033948571075338003
2025-08-12,50.85,52.0,50.3,52.0,41617901.0,2136027997.0,779638233.9999999,0.05338104159730064
2025-08-13,52.0,53.99,51.68,53.0,57077388.0,3021212508.0,779638233.9999999,0.0732100934906176
2025-08-14,52.68,53.12,51.56,51.91,46348839.0,2425041011.0,779638233.9999999,0.059449161134906586
2025-08-15,51.91,53.14,51.82,52.28,41070287.0,2155565384.0,779638233.9999999,0.052678646593927826
2025-08-18,52.25,54.79,52.25,54.06,59201752.0,3188808478.0,779638233.9999999,0.07593490085300256
2025-08-19,54.8,57.9,54.75,55.0,64976684.0,3622132509.0,779638233.9999999,0.08334209530314031
2025-08-20,54.51,60.5,53.6,60.5,84633230.0,4856988229.0,779638233.9999999,0.10855448887592654
2025-08-21,61.0,61.5,57.18,57.66,78030907.0,4569230471.0,779638233.9999999,0.10008604452305506
2025-08-22,58.3,61.0,57.8,59.92,77079680.0,4596177640.0,779638233.9999999,0.09886595684839132
2025-08-25,61.12,65.0,60.33,62.35,83766806.0,5221304650.0,779638233.9999999,0.10744317344498014
2025-08-26,61.5,65.22,61.3,63.8,62680179.0,4004187888.0,779638233.9999999,0.08039649194526292
2025-08-27,63.4,69.89,63.1,65.8,78702517.0,5237417648.0,779638233.9999999,0.10094748252174612
2025-08-28,66.0,72.0,64.56,70.63,93961310.0,6321834825.0,779638233.9999999,0.12051911502328914
2025-08-29,70.28,70.28,67.0,68.71,67931746.0,4647733073.0,779638233.9999999,0.08713239427916514
2025-09-01,72.05,75.58,70.72,74.19,77988287.0,5724355710.0,779638233.9999999,0.10003137814300679
2025-09-02,72.56,74.15,66.77,66.77,93481581.0,6519679445.0,779638233.9999999,0.11990379245561733
2025-09-03,66.03,67.65,63.5,65.45,71363397.0,4657916613.0,779638233.9999999,0.09153398831386714
2025-09-04,65.45,66.27,58.91,58.91,79222161.0,4855745875.0,779638233.9999999,0.1016140019115584
2025-09-05,59.92,62.09,58.91,61.83,59583857.0,3596797801.0,779638233.9999999,0.07642500637032638
2025-09-08,61.0,61.78,59.16,60.58,49418321.0,2980944384.0,779638233.9999999,0.0633862204864622
2025-09-09,60.15,60.27,58.15,58.65,33429027.0,1978875452.0,779638233.9999999,0.04287761367023979
2025-09-10,58.76,60.35,56.92,59.43,56515553.0,3335241903.0,779638233.9999999,0.07248945797596684
2025-09-11,60.38,64.37,59.45,63.92,75779021.0,4731275899.0,779638233.9999999,0.09719767155493302
2025-09-12,63.65,66.56,63.0,65.15,74823765.0,4838196387.0,779638233.9999999,0.0959724160988236
2025-09-15,64.3,66.5,62.36,64.5,54085522.0,3514979817.0,779638233.9999999,0.06937258800470784
2025-09-16,64.38,67.59,64.03,67.51,65242707.0,4333934552.0,779638233.9999999,0.08368330868698778
2025-09-17,67.0,68.22,65.88,67.35,49402366.0,3308518334.0,779638233.9999999,0.06336575586671396
2025-09-18,67.5,72.06,65.56,69.16,82144544.0,5671856358.0,779638233.9999999,0.1053623852931769
2025-09-19,69.87,71.32,68.0,68.72,62253639.0,4323489465.0,779638233.9999999,0.07984939204508025
2025-09-22,69.5,73.98,68.0,73.45,71623489.0,5174827998.0,779638233.9999999,0.09186759432324096
2025-09-23,73.5,74.91,66.66,69.85,82813994.0,5791967298.0,779638233.9999999,0.10622105277612644
2025-09-24,67.5,69.76,66.29,68.8,46302616.0,3160695760.0,779638233.9999999,0.059389873380683904
2025-09-25,68.81,73.35,68.81,71.63,57090242.0,4078646799.0,779638233.9999999,0.0732265806245721
2025-09-26,70.81,71.8,67.66,67.67,44538198.0,3084969235.0,779638233.9999999,0.05712674937899468
2025-09-29,67.24,70.0,67.01,68.97,39790960.0,2751553581.0,779638233.9999999,0.05103772270870954
2025-09-30,69.2,69.8,66.38,66.6,46801265.0,3158842359.0,779638233.9999999,0.06002946361401769
2025-10-09,66.77,67.98,66.4,66.45,39590457.0,2656374548.0,779638233.9999999,0.05078054830235533
2025-10-10,66.08,66.12,62.9,63.09,37874461.0,2418483114.0,779638233.9999999,0.048579532593831215
2025-10-13,59.78,62.19,59.62,62.19,27122552.0,1665322031.0,779638233.9999999,0.034788637623433954
2025-10-14,62.67,62.96,58.4,58.72,34140271.0,2059686916.0,779638233.9999999,0.04378988806749568
2025-10-15,59.27,60.0,58.14,59.93,22689960.0,1342052264.0,779638233.9999999,0.029103190442042896
2025-10-16,59.5,61.33,59.44,60.26,25086458.0,1514587251.0,779638233.9999999,0.03217704943906074
2025-10-17,61.33,61.46,58.4,58.6,26124711.0,1559760668.0,779638233.9999999,0.03350876067989247
2025-10-20,59.85,61.06,58.8,59.37,28420608.0,1706354047.0,779638233.9999999,0.03645358418889447
2025-10-21,59.88,61.8,58.88,61.42,37593984.0,2283462167.0,779638233.9999999,0.04821977984214664
2025-10-22,61.6,63.47,61.01,62.01,40762815.0,2542556967.0,779638233.9999999,0.052284268808704945
2025-10-23,61.99,61.99,59.28,61.15,25944164.0,1562989809.0,779638233.9999999,0.033277182760639214
2025-10-24,62.0,63.3,61.02,63.23,40659060.0,2537867971.0,779430359.0,0.0521650966382232
2025-10-27,66.38,67.66,65.58,66.82,61974476.0,4137642794.0,779430359.0,0.07951252512092617
2025-10-28,66.5,68.46,66.08,66.75,47123036.0,3168839830.0,779430359.0,0.060458301958443476
2025-10-29,67.34,68.3,65.83,67.3,46151870.0,3091431338.0,779430359.0,0.059212307382037706
2025-10-30,67.05,67.95,64.88,65.78,45948813.0,3042615773.0,779430359.0,0.058951787634948925
2025-10-31,65.5,65.85,62.91,62.98,40808884.0,2616855309.0,779430359.0,0.05235731907127318
2025-11-03,62.32,62.6,60.58,62.03,28295954.0,1740914659.0,779430359.0,0.036303376784429305
2025-11-04,61.87,62.33,60.28,60.8,20061063.0,1229049177.0,779430359.0,0.025738108309943313
2025-11-05,59.46,60.16,58.8,59.71,21785575.0,1296602286.0,779430359.0,0.027950636959985287
2025-11-06,60.2,62.11,60.2,61.99,29501849.0,1811614141.0,779430359.0,0.03785052591209114
2025-11-07,61.3,62.25,60.25,61.48,21445648.0,1312690237.0,779430359.0,0.027514514609765155
2025-11-10,61.48,62.23,59.81,60.87,20438214.0,1237545775.0,779430359.0,0.026221988615149645
2025-11-11,61.49,61.58,58.68,58.85,25521312.0,1524308102.0,779430359.0,0.032743543673027495
2025-11-12,58.3,58.45,56.81,57.73,23074519.0,1328296509.0,779430359.0,0.029604336979642848
2025-11-13,58.36,58.85,57.68,58.78,15519181.0,904696370.0,779430359.0,0.019910927026130888
2025-11-14,58.0,58.0,56.6,56.61,16186923.0,926833736.0,779430359.0,0.020767632172767343
2025-11-17,56.56,57.55,56.41,56.9,12958277.0,736924075.0,779430359.0,0.016625317259421762
2025-11-18,56.42,58.2,56.02,57.25,16493924.0,945515000.0,779430359.0,0.021161510851542286
2025-11-19,58.01,58.44,56.68,57.18,18743260.0,1080679426.0,779430359.0,0.024047382532093545
2025-11-20,58.44,58.64,56.4,56.83,15740780.0,900413763.0,779430359.0,0.02019523594153458
2025-11-21,55.11,55.75,54.0,54.4,20215197.0,1109862848.0,779430359.0,0.025935860422393427
2025-11-24,55.21,57.48,55.19,56.95,30406845.0,1719540426.0,779430359.0,0.03901162515533989
2025-11-25,57.5,60.49,57.3,58.9,40424666.0,2395089661.0,779430359.0,0.051864371888034194
2025-11-26,58.56,61.3,58.17,60.28,40562205.0,2442682502.0,779430359.0,0.05204083281031141
2025-11-27,59.68,62.4,59.51,60.96,39045515.0,2392072210.0,779430359.0,0.0500949373464166
2025-11-28,60.42,61.38,60.06,60.63,24555367.0,1488758597.0,779430359.0,0.03150424757832662
2025-12-01,60.95,62.26,60.46,61.97,28213126.0,1742812743.0,779430359.0,0.03619710943283901
2025-12-02,61.38,61.99,60.95,61.15,19616535.0,1203330459.0,779430359.0,0.025167784104750273
2025-12-03,61.1,62.07,60.3,60.47,21087308.0,1286873259.0,779430359.0,0.027054768596715642
2025-12-04,60.02,60.87,59.06,60.73,18256432.0,1097877406.0,779430359.0,0.023422787923507094
2025-12-05,60.6,63.1,60.35,62.71,38636097.0,2406375226.0,779430359.0,0.04956965885902835
2025-12-08,62.8,66.31,62.59,65.44,43688879.0,2850971115.0,779430359.0,0.056052318844819336
2025-12-09,65.66,67.38,65.51,66.4,44980703.0,2987146152.0,779430359.0,0.05770971387066538
2025-12-10,66.0,68.94,65.8,68.55,51744691.0,3497786922.0,779430359.0,0.06638783106471222
2025-12-11,68.16,68.16,66.3,66.35,35627760.0,2394017225.0,779430359.0,0.0457099978062312
2025-12-12,66.0,68.76,65.0,67.24,39439427.0,2642109537.0,779430359.0,0.050600321817846974
2025-12-15,66.25,66.4,64.8,64.83,28034454.0,1835212567.0,779430359.0,0.03596787535446769
2025-12-16,64.55,64.7,62.06,62.35,25390975.0,1600143766.0,779430359.0,0.032576322832198024
2025-12-17,62.92,68.59,62.35,68.59,49529538.0,3273237224.0,779430359.0,0.06354581577184884
2025-12-18,68.6,70.77,67.96,68.01,61549991.0,4262270735.0,779430359.0,0.07896791584942613
2025-12-19,68.55,70.06,67.57,68.48,43397718.0,2987653871.0,779430359.0,0.055678762700081076
2025-12-22,69.5,70.65,69.06,70.24,52963769.0,3704183628.0,779430359.0,0.0679518938266042
2025-12-23,69.99,71.46,69.27,70.74,50226601.0,3529942748.0,779430359.0,0.06444013941725357
2025-12-24,70.92,71.32,69.66,71.12,41207238.0,2911440945.0,779430359.0,0.05286840257655399
2025-12-25,70.41,71.08,68.36,70.68,41468452.0,2892107949.0,779477359.0,0.05320032906818529
2025-12-26,70.0,71.05,68.9,69.6,27701199.0,1933936705.0,779477359.0,0.035538170134329715
2025-12-29,69.6,72.2,69.15,70.8,36587847.0,2600643665.0,779477359.0,0.04693894771611962
2025-12-30,70.39,73.28,70.18,70.45,35849891.0,2561240470.0,779477359.0,0.045992215920154775
2025-12-31,70.8,71.5,69.25,69.95,28018205.0,1969296771.0,779498772.0,0.03594387317392721
2026-01-05,70.02,71.77,69.3,70.83,35894954.0,2532022809.0,779498772.0,0.04604876272980197
2026-01-06,70.25,70.51,68.13,69.48,37414115.0,2590724729.0,779498772.0,0.04799765739720755
2026-01-07,70.61,72.75,70.48,71.18,44294478.0,3174224467.0,779498772.0,0.056824307607761054
2026-01-08,70.53,72.8,69.56,70.88,32964405.0,2349404021.0,779498772.0,0.042289232753274945
2026-01-09,70.29,73.5,68.02,72.19,48936094.0,3485690793.0,779498772.0,0.06277892378770804
2026-01-12,73.32,76.13,73.12,75.32,50738529.0,3801409931.0,779498772.0,0.06509122377424348
2026-01-13,75.08,75.08,69.77,70.11,48956712.0,3512133213.0,779498772.0,0.06280537411802363
2026-01-14,70.17,77.12,69.71,77.12,84428206.0,6271063144.0,779498772.0,0.10831089032171047
2026-01-15,78.01,80.99,76.7,78.5,78277034.0,6141496075.0,779498772.0,0.10041970149505251
2026-01-16,78.0,80.0,75.6,76.5,51345019.0,3966128094.0,779498772.0,0.06586927503203302
2026-01-19,75.8,76.3,72.8,72.86,47420856.0,3497940742.0,779498772.0,0.06083506184150858
2026-01-20,72.87,73.58,68.72,69.42,45509172.0,3200241856.0,779498772.0,0.05838260897221786
2026-01-21,68.57,73.42,68.56,72.96,40147166.0,2876341694.0,779498772.0,0.05150382199704094
2026-01-22,73.16,73.77,71.2,72.25,27681813.0,1996673320.0,779498772.0,0.0355123240655984
2026-01-23,72.0,72.05,70.66,71.25,26343096.0,1875136189.0,779498772.0,0.03379491661341578
2026-01-26,71.63,74.18,70.66,71.13,33409961.0,2413151451.0,779498772.0,0.04286082569992811
2026-01-27,70.8,73.0,69.0,71.96,34286050.0,2450062981.0,779498772.0,0.04398473895222506
2026-01-28,73.25,73.97,71.22,72.2,30971340.0,2249529491.0,779498772.0,0.03973237818006466
2026-01-29,71.38,72.69,69.8,69.99,28513792.0,2025589655.0,779498772.0,0.03657964967262322
2026-01-30,69.28,73.47,68.41,72.41,39353986.0,2808263190.0,779498772.0,0.050486270682668886
2026-02-02,71.92,73.85,69.1,69.12,37597480.0,2668564057.0,779498772.0,0.04823289189222738
2026-02-03,70.36,72.2,69.06,71.72,42223644.0,3002550885.0,779498772.0,0.05416768507750773
2026-02-04,71.0,71.86,68.0,69.7,42651750.0,2949705530.0,779498772.0,0.05471689184392968
2026-02-05,68.5,69.19,65.92,66.33,28833338.0,1934644955.0,779498772.0,0.03698958745761821
2026-02-06,65.64,68.1,65.27,66.75,25298180.0,1690759765.0,779498772.0,0.03245441931241426
2026-02-09,68.12,71.35,67.68,70.05,40222272.0,2805088044.0,779498772.0,0.051600173656206866
2026-02-10,70.05,73.33,69.96,70.89,34835420.0,2509793584.0,779498772.0,0.04468951235243254
2026-02-11,70.3,71.95,69.75,69.93,20400695.0,1436524890.0,779498772.0,0.02617155502074351
2026-02-12,70.15,72.8,70.1,72.42,35883736.0,2576079153.0,779498772.0,0.046034371430671094
2026-02-13,71.5,71.99,69.88,70.02,25017387.0,1769423386.0,779498772.0,0.03209419680779176
2026-02-24,71.74,74.99,71.5,73.34,49350000.0,3636075142.0,779498772.0,0.0633099137197871
2026-02-25,73.1,73.54,71.5,72.27,37656412.0,2718548173.0,779498772.0,0.04830849432050164
2026-02-26,72.4,75.75,71.67,75.33,54232025.0,4045369980.0,779498772.0,0.06957294475378596
2026-02-27,73.51,76.73,72.21,75.92,51552719.0,3849787526.0,779498772.0,0.06613572830618905
2026-03-02,74.06,79.0,74.06,77.02,57162070.0,4426628596.0,779498772.0,0.07333182816098137
2026-03-03,78.2,80.7,76.24,76.41,72171616.0,5653871281.0,779498772.0,0.09258720936124835
2026-03-04,73.45,80.21,73.45,77.85,59036619.0,4612285990.0,779498772.0,0.07573664144271416
2026-03-05,79.14,82.35,75.33,78.92,72811038.0,5745559004.0,779498772.0,0.09340750828020547
2026-03-06,78.92,82.8,77.38,80.11,66762568.0,5332962611.0,779498772.0,0.0856480733493702
2026-03-09,77.95,78.86,72.33,78.33,64519089.0,4852562083.0,779498772.0,0.08276996875115025
2026-03-10,78.99,86.16,78.99,86.16,55409530.0,4557438467.0,779498772.0,0.07108353725539929
2026-03-11,90.68,93.08,89.0,91.49,102547496.0,9369669506.0,779498772.0,0.13155568640203066
2026-03-12,91.54,100.64,91.54,98.82,114756842.0,11227828629.0,779498772.0,0.14721875918490862
2026-03-13,93.1,94.99,88.94,88.94,88607814.0,8058743904.0,779498772.0,0.11367280768467972
2026-03-16,84.5,85.3,81.23,83.5,77475949.0,6417500521.0,779498772.0,0.09939200904860437
2026-03-17,83.6,83.96,78.5,79.28,57434634.0,4611283797.0,779498772.0,0.07368149388181461
2026-03-18,81.0,83.77,80.65,83.6,54043980.0,4434175902.0,779498772.0,0.06933170640068692
2026-03-19,82.04,86.65,81.81,84.42,59897164.0,5089562780.0,779498772.0,0.07684061367578396
2026-03-20,86.9,87.5,83.01,83.08,59241887.0,5057038729.0,779498772.0,0.07599997476327006
2026-03-23,80.04,82.89,78.5,79.01,44622446.0,3591210686.0,779498772.0,0.0572450497715473
2026-03-24,79.5,80.55,76.67,79.87,41879638.0,3300020305.0,779498772.0,0.0537263681539193
2026-03-25,82.88,87.86,82.5,86.45,75189185.0,6384928539.0,779498772.0,0.0964583751775301
2026-03-26,84.77,88.47,84.37,85.0,54007756.0,4655723888.0,779498772.0,0.06928523551285339
2026-03-27,83.56,86.5,81.38,84.5,43890480.0,3680488188.0,779498772.0,0.056306028407700943
2026-03-30,83.69,89.8,83.3,88.1,60703823.0,5278958496.0,779498772.0,0.07787545687114951
2026-03-31,87.18,87.18,83.84,84.3,43775656.0,3740959751.0,779960152.0,0.056125503191091226
2026-04-01,86.6,89.0,85.3,86.98,45337432.0,3937769290.0,779960152.0,0.058127882410074716
2026-04-02,85.81,88.45,83.4,83.9,43038784.0,3694611193.0,779960152.0,0.05518074723386638
2026-04-03,85.02,91.95,85.0,90.39,84058696.0,7537469145.0,779960152.0,0.1077730647962641
2026-04-07,92.0,97.8,91.9,92.36,63070545.0,5914991682.0,779960152.0,0.08086380418060127
2026-04-08,95.6,99.08,94.08,98.26,69474519.0,6706944334.0,779960152.0,0.08907444671609326
2026-04-09,96.13,108.09,96.09,108.09,89101811.0,9380866708.0,779960152.0,0.11423892717021779
2026-04-10,111.72,112.1,106.06,107.82,99852989.0,10870379647.0,779960152.0,0.12802319290793718
2026-04-13,107.29,115.88,107.29,113.73,70789510.0,8024405611.0,779960152.0,0.09076041874508481
2026-04-14,113.5,114.36,110.2,111.4,64999981.0,7287064486.0,779960152.0,0.08333756645557451
2026-04-15,111.6,112.56,105.6,106.7,61779376.0,6705782686.0,779960152.0,0.07920837473758531
2026-04-16,107.2,108.35,105.91,106.21,43419068.0,4643888547.0,779960152.0,0.05566831573210935
2026-04-17,110.99,116.83,110.11,116.83,62361124.0,7116609917.0,779960152.0,0.0799542436111531
2026-04-20,122.0,125.66,119.38,120.05,76471458.0,9342139851.0,779960152.0,0.09804533962909429
2026-04-21,119.0,123.31,116.39,121.79,58258313.0,6975458115.0,779960152.0,0.07469396077557562
2026-04-22,121.5,125.6,120.5,123.97,79341745.0,9791456799.0,779960152.0,0.10172538276032338
2026-04-23,124.85,134.99,123.51,131.68,110242060.0,14268506018.0,779960152.0,0.14134319518415603
2026-04-24,129.7,135.67,123.0,128.7,86801054.0,11075102513.0,779960152.0,0.11128908800971668
2026-04-27,131.34,141.46,130.3,134.52,77579220.0,10499823751.0,779960152.0,0.09946561987951405
2026-04-28,131.92,140.99,130.5,137.0,63576416.0,8677521561.0,779960152.0,0.08151238987911782
2026-04-29,132.53,137.3,128.9,132.87,56857712.0,7546946812.0,779960152.0,0.07289822672889576
2026-04-30,135.52,146.16,135.01,144.28,80211514.0,11326790011.0,779960152.0,0.10284052819149664
2026-05-06,147.16,158.3,147.16,150.82,69466756.0,10596209905.0,779960152.0,0.08906449364351629
2026-05-07,152.7,165.9,147.01,164.29,70880261.0,11285258524.0,779960152.0,0.09087677212514826
2026-05-08,160.0,180.72,158.64,180.72,82182396.0,13761705212.0,779960152.0,0.10536742907860759
2026-05-11,188.0,198.79,183.02,198.79,77031870.0,14766375561.0,779960152.0,0.09876385325900598
2026-05-12,200.0,208.8,194.8,201.5,85277087.0,17093629531.0,779960152.0,0.10933518434413557
2026-05-13,196.01,203.7,191.18,197.97,79220081.0,15575305525.0,779960152.0,0.10156939530418473
2026-05-14,198.96,212.8,196.01,203.8,83033816.0,17031740994.0,779960152.0,0.10645904894895195
2026-05-15,200.0,203.79,183.5,196.49,90785906.0,17523665265.0,779960152.0,0.116398133631832
2026-05-18,195.0,214.83,195.0,209.9,67511996.0,14049397908.0,779960152.0,0.08655826304316121
2026-05-19,209.5,230.89,203.01,230.89,83583355.0,18012812609.0,779960152.0,0.10716362212309534
2026-05-20,229.01,246.8,226.24,236.4,76745555.0,18128303641.0,779960152.0,0.09839676399263023
2026-05-21,230.15,231.64,212.76,217.3,89914902.0,19959318519.0,779960152.0,0.11528140478643324
2026-05-22,213.0,219.18,210.0,215.87,68033225.0,14591512680.0,779960152.0,0.08722653949121237
2026-05-25,213.0,226.3,203.1,223.98,73950020.0,15980200558.0,779960152.0,0.09481256165507286
2026-05-26,218.18,218.6,205.2,206.72,66481153.0,14026981441.0,779960152.0,0.08523660193347929
2026-05-27,202.0,213.72,200.1,202.7,56291427.0,11585867348.0,779960152.0,0.07217218322712465
2026-05-28,200.0,219.12,197.58,214.9,67559821.0,14141548567.0,779960152.0,0.08661958027824991
2026-05-29,213.82,219.19,202.45,203.95,57801417.0,12134473585.0,779960152.0,0.07410816674644681
2026-06-01,208.06,213.85,202.0,204.3,52007306.0,10783911396.0,779960152.0,0.0666794397978424
2026-06-02,201.0,217.66,198.0,215.11,72263385.0,15182407634.0,779960152.0,0.09265009861683293
2026-06-03,220.05,234.0,216.8,224.0,90613399.0,20594563651.0,779960152.0,0.11617695951215723
2026-06-04,215.83,227.2,215.83,220.56,51355110.0,11424420062.0,779960152.0,0.06584324836123166
2026-06-05,219.96,238.67,218.11,227.58,73610381.0,16977951553.0,779960152.0,0.0943771047934254
2026-06-08,210.0,218.97,206.0,206.99,60109875.0,12687564285.0,779960152.0,0.07706787948828442
2026-06-09,212.68,214.98,199.05,210.22,57589803.0,11979698579.0,779960152.0,0.07383685288578691
2026-06-10,203.8,207.5,199.21,202.6,41445660.0,8375137172.0,779960152.0,0.05313817621800761
2026-06-11,201.7,210.71,201.7,205.4,41871832.0,8637580682.0,779960152.0,0.053684578491132964
2026-06-12,210.15,211.1,202.6,204.97,43111724.0,8899007580.0,779960152.0,0.055274264831929515
2026-06-15,206.88,225.47,205.05,225.47,59367293.0,12954066148.0,779960152.0,0.0761158026442356
2026-06-16,233.5,237.89,226.0,230.01,56386761.0,13031305317.0,779960152.0,0.07229441254839901
2026-06-17,225.01,246.0,224.47,242.0,50436492.0,11945945354.0,779960152.0,0.06466547280738516
2026-06-18,241.99,266.2,240.0,266.2,40967368.0,10477798877.0,779960152.0,0.052524950018215805
2026-06-22,279.0,279.0,260.0,276.08,68480715.0,18498454863.0,779960152.0,0.08780027392989175
2026-06-23,273.01,278.0,262.47,266.9,43719510.0,11756854368.0,779960152.0,0.05605351746226133
2026-06-24,262.47,272.44,260.0,266.36,42213292.0,11228037750.0,779960152.0,0.05412237008744006
2026-06-25,266.5,271.12,256.0,261.46,55485735.0,14558747589.0,779960152.0,0.07113919199297761
2026-06-26,256.0,256.27,237.0,240.34,55181826.0,13527994223.0,779960152.0,0.07074954516394319
2026-06-29,240.34,248.93,225.0,235.94,53044624.0,12498050691.0,779960152.0,0.06800940261368635
2026-06-30,237.11,259.0,230.3,256.94,57491503.0,14202331849.0,779498772.0,0.07375444973760652
2026-07-01,258.0,264.88,239.0,242.43,48592130.0,12235993194.0,779498772.0,0.06233766074489724
2026-07-02,227.0,229.87,218.19,218.19,35995964.0,7990299384.0,779498772.0,0.0461783460000114
2026-07-03,210.0,228.45,205.11,217.33,40297976.0,8827364441.0,779498772.0,0.05169729247501624
2026-07-06,217.33,218.98,205.36,209.03,34256422.0,7253830604.0,779498772.0,0.04394672991223134
2026-07-07,209.11,226.85,208.0,221.67,47083199.0,10238875035.0,779498772.0,0.060401889895472474
2026-07-08,224.65,226.02,213.32,216.81,39481418.0,8698982281.0,779498772.0,0.050649750093512656
2026-07-09,224.01,238.49,217.45,238.49,47711106.0,10865104922.0,779498772.0,0.0612074165012283
2026-07-10,250.96,258.66,233.45,233.45,58693329.0,14555128138.0,779498772.0,0.07529624305809683
2026-07-13,230.0,238.0,213.34,216.0,44914453.0,10107268618.0,779498772.0,0.05761965844379804
2026-07-14,219.89,235.11,212.2,232.95,50367169.0,11332425117.0,779498772.0,0.06461481506990752
2026-07-15,227.0,233.62,213.18,214.97,49284349.0,11023530276.0,779498772.0,0.0632256916499671
2026-07-16,210.62,220.66,201.52,210.5,43089788.0,9140816805.0,779498772.0,0.05527884013138638
2026-07-17,205.32,209.66,189.45,189.45,33691957.0,6479336081.0,779498772.0,0.043222591503967116
2026-07-20,186.0,188.0,170.51,170.51,45817973.0,8072249077.0,779498772.0,0.05877876225826819
2026-07-21,169.32,187.56,153.46,187.0,79612740.0,13424196498.0,779960152.0,0.10207282999760224
2026-07-22,189.09,203.97,187.99,191.9,62900194.0,12355710620.0,779960152.0,0.08064539430470802
2026-07-23,196.12,202.0,188.0,190.47,40597647.0,7872431972.0,779960152.0,0.052050924519538785
2026-07-24,187.11,195.5,182.0,186.8,29142629.0,5535927704.0,779960152.0,0.03736425370613036
2026-07-27,185.02,197.38,182.0,192.85,31677978.0,6028394578.0,779960152.0,0.04061486720670315
2026-07-28,183.0,188.82,173.57,173.57,35507189.0,6399326053.0,779960152.0,0.04552436289078522
2026-07-29,173.43,174.47,158.3,169.26,43559783.0,7238583693.0,779960152.0,0.05584872879505773
2026-07-30,168.01,168.01,152.33,152.33,39462888.0,6146684424.0,779960152.0,0.05059603096236127
2026-07-31,164.32,167.56,161.0,161.65,52919835.0,8752695947.0,786330451.9999999,0.0672997400334688
2026-08-03,158.42,164.56,154.0,156.65,30855530.0,4889672400.0,786330451.9999999,0.03923990215757281
2026-08-04,159.83,172.32,159.78,172.32,39274314.0,6587355813.0,786330451.9999999,0.04994632205850271
2026-08-05,162.24,175.3,159.84,171.55,65962315.0,11051122652.0,786330451.9999999,0.08388625269723117
2026-08-06,165.39,180.0,162.0,175.49,50783418.0,8787535299.0,786330451.9999999,0.06458279451194396
2026-08-07,182.0,193.04,181.11,193.04,69983044.0,13289069179.0,786330451.9999999,0.08899953425687755
2026-08-10,190.93,194.72,173.74,178.3,78822657.0,14196466171.0,786330451.9999999,0.10024113500821155
2026-08-11,175.84,186.69,173.1,184.07,54340630.0,9799361273.0,786330451.9999999,0.06910660761234261
2026-08-12,184.01,191.4,181.01,185.03,46190738.0,8609457034.0,786330451.9999999,0.058742145725776886
2026-08-13,191.0,196.0,184.39,184.85,51247543.0,9796882791.0,786330451.9999999,0.06517303618301178
2026-08-14,186.51,193.0,184.0,191.52,39335866.0,7451623261.0,786330451.9999999,0.05002459958144926
2026-08-17,193.01,201.95,190.01,199.75,42642384.0,8399276371.0,786330451.9999999,0.05422959760942847
2026-08-18,200.0,202.38,192.07,197.64,35200677.0,6940629050.0,786330451.9999999,0.044765755809747024
2026-08-19,188.02,190.0,177.88,177.88,39555203.0,7240906785.0,786330451.9999999,0.05030353701728444
2026-08-20,176.5,179.55,170.0,173.15,39548779.0,6900788705.0,786029752.0,0.05031460819310056
2026-08-21,173.26,182.93,173.26,178.58,33851262.0,6043137399.0,786029752.0,0.04306613320153306
2026-08-24,177.0,178.87,162.03,166.39,40926823.0,6876732379.0,786029752.0,0.05206777847258891
2026-08-25,164.23,169.98,160.31,167.32,26835851.0,4433016361.0,786029752.0,0.03414101175142287
2026-08-26,168.18,170.68,163.0,167.88,20907390.0,3506787822.0,786029752.0,0.02659872599835127
2026-08-27,171.24,178.49,170.0,176.38,31342766.0,5487011171.0,786029752.0,0.039874783263929174
2026-08-28,176.14,181.24,173.49,173.61,24503032.0,4342977365.0,786029752.0,0.031173160987422777
2026-08-31,168.03,179.9,167.9,179.9,28011685.0,4923789917.0,786029752.0,0.03563692713758754
2026-09-01,181.01,183.82,174.4,180.72,36036660.0,6484619052.0,786029752.0,0.045846432540634925
2026-09-02,176.0,178.0,170.76,173.44,25568186.0,4438969924.0,786029752.0,0.03252826745418155
2026-09-03,175.02,176.8,170.05,173.48,18878238.0,3273328340.0,786029752.0,0.024017205394535755
2026-09-04,174.6,176.43,166.19,167.7,22175306.0,3787435051.0,786029752.0,0.028211789621927694
2026-09-07,173.1,184.47,173.1,184.47,42804672.0,7691316761.0,786029752.0,0.054456808907151905
2026-09-08,189.29,190.46,178.48,179.92,36342858.0,6661375691.0,786029752.0,0.046235982680716645
2026-09-09,186.0,191.99,181.45,182.79,39916210.0,7454716651.0,786029752.0,0.050782059964569894
2026-09-10,183.05,185.31,178.03,179.39,23492376.0,4251683578.0,786029752.0,0.02988738777409535
2026-09-11,178.85,181.7,171.0,177.36,33118412.0,5848568830.0,786029752.0,0.042133789358141244
2026-09-14,172.54,176.5,169.0,171.81,21660296.0,3734004359.0,786029752.0,0.027556585415357153
2026-09-15,170.14,173.21,167.59,168.37,23522174.0,3991241269.0,786029752.0,0.029925297280604717
2026-09-16,169.0,185.21,168.0,185.21,41224991.0,7404579914.0,786029752.0,0.052447112714379795
2026-09-17,188.0,196.9,188.0,191.22,59261246.0,11396427244.0,786029752.0,0.07539313346500401
2026-09-18,193.99,199.0,189.38,195.4,43486975.0,8438906630.0,786029752.0,0.055324846024403414
2026-09-21,198.0,199.48,191.73,193.76,27264604.0,5293659269.0,786029752.0,0.034686478381546045
2026-09-22,196.19,196.7,189.71,190.37,29909363.0,5767091735.0,786029752.0,0.03805118435262486
2026-09-23,192.75,192.75,187.08,190.0,19675627.0,3736563219.0,786029752.0,0.02503165681698013
2026-09-24,189.09,189.49,181.73,181.99,19619717.0,3635030989.0,786029752.0,0.024960527193886677
