date,open,high,low,close,volume,amount,outstanding_share,turnover
2017-04-17,1.71,2.05,1.71,2.05,3900.0,55452.0,19050000.0,0.00020472440944881889
2017-04-18,2.26,2.26,2.26,2.26,1000.0,15740.0,19050000.0,5.2493438320209976e-05
2017-04-19,2.48,2.48,2.48,2.48,3064.0,53038.0,19050000.0,0.00016083989501312337
2017-04-20,2.73,2.73,2.73,2.73,2400.0,45696.0,19050000.0,0.00012598425196850394
2017-04-21,3.0,3.0,3.0,3.0,4500.0,94230.0,19050000.0,0.00023622047244094488
2017-04-24,3.3,3.3,3.3,3.3,11400.0,262542.0,19050000.0,0.0005984251968503937
2017-04-25,3.63,3.63,3.63,3.63,8961.0,226982.0,19050000.0,0.00047039370078740157
2017-04-26,3.99,3.99,3.99,3.99,8600.0,239596.0,19050000.0,0.00045144356955380575
2017-04-27,4.39,4.39,4.39,4.39,71400.0,2188410.0,19050000.0,0.003748031496062992
2017-04-28,4.83,4.83,4.83,4.83,51874.0,1749191.0,19050000.0,0.0027230446194225722
2017-05-02,5.32,5.32,5.32,5.32,30220.0,1120860.0,19050000.0,0.0015863517060367455
2017-05-03,5.85,5.85,5.85,5.85,79000.0,3223200.0,19050000.0,0.004146981627296588
2017-05-04,6.43,6.43,6.14,6.43,11649180.0,515928325.0,19050000.0,0.6115055118110236
2017-05-05,6.32,7.08,6.25,6.66,11521480.0,543760609.0,19050000.0,0.6048020997375329
2017-05-08,6.94,7.14,6.39,6.45,7691663.0,364572175.0,19050000.0,0.4037618372703412
2017-05-09,6.31,6.93,6.31,6.77,6227639.0,289263581.0,19050000.0,0.3269101837270341
2017-05-10,6.77,7.43,6.66,6.95,8269905.0,399884164.0,19050000.0,0.43411574803149605
2017-05-11,7.31,7.64,7.18,7.64,8961489.0,469279658.0,19050000.0,0.4704193700787402
2017-05-12,7.38,7.78,7.18,7.78,8216497.0,426745253.0,19050000.0,0.43131217847769027
2017-05-15,7.86,8.08,7.45,7.48,7375001.0,397421974.0,19050000.0,0.3871391601049869
2017-05-16,7.08,7.31,6.81,7.26,7023918.0,346934803.0,19050000.0,0.3687096062992126
2017-05-17,7.09,7.23,6.94,6.94,4967355.0,244934517.0,19050000.0,0.2607535433070866
2017-05-18,6.81,7.07,6.5,6.59,4778799.0,225589543.0,19050000.0,0.2508555905511811
2017-05-19,6.55,6.68,6.38,6.45,2875555.0,130773786.0,19050000.0,0.1509477690288714
2017-05-22,6.4,6.51,5.95,6.02,4203635.0,182190036.0,19050000.0,0.22066325459317584
2017-05-23,5.96,6.11,5.66,5.8,4215584.0,174691550.0,19050000.0,0.22129049868766404
2017-05-24,5.76,6.14,5.75,6.06,3570237.0,148761746.0,19050000.0,0.1874140157480315
2017-05-25,6.03,6.03,5.74,5.95,2309731.0,95001351.0,19050000.0,0.1212457217847769
2017-05-26,6.03,6.2,6.01,6.06,2378028.0,101467843.0,19050000.0,0.12483086614173228
2017-05-31,6.38,6.66,6.11,6.15,5480912.0,248233810.0,19050000.0,0.28771191601049867
2017-06-01,5.95,6.13,5.53,5.53,3936771.0,158657566.0,19050000.0,0.20665464566929134
2017-06-02,5.43,5.66,5.22,5.54,2820510.0,106766315.0,19050000.0,0.14805826771653544
2017-06-05,5.68,5.77,5.57,5.61,2033121.0,80510770.0,19050000.0,0.10672551181102362
2017-06-06,5.59,5.59,5.32,5.45,1518485.0,57867683.0,19050000.0,0.07971049868766404
2017-06-07,5.48,5.73,5.45,5.72,2617933.0,103180791.0,19050000.0,0.13742430446194226
2017-06-08,5.7,5.73,5.54,5.57,1904851.0,74911538.0,19050000.0,0.09999217847769029
2017-06-09,5.53,5.59,5.42,5.59,1646393.0,63068665.0,19050000.0,0.08642482939632545
2017-06-12,5.45,5.5,5.06,5.16,2690910.0,99266742.0,19050000.0,0.14125511811023622
2017-06-13,5.13,5.33,5.09,5.29,1878284.0,68739548.0,19050000.0,0.09859758530183726
2017-06-14,5.29,5.29,5.15,5.21,1309900.0,47627504.0,19050000.0,0.06876115485564305
2017-06-15,5.21,5.51,5.17,5.46,2315578.0,87583413.0,19050000.0,0.12155265091863517
2017-06-16,5.45,5.47,5.37,5.44,1019474.0,38566992.0,19050000.0,0.053515695538057746
2017-06-19,5.47,5.6,5.44,5.45,1297031.0,49863056.0,19050000.0,0.06808561679790026
2017-06-20,5.43,5.52,5.42,5.45,1115613.0,42457037.0,19050000.0,0.05856236220472441
2017-06-21,5.42,5.5,5.36,5.38,1096867.0,41425772.0,19050000.0,0.057578320209973756
2017-06-22,5.33,5.41,5.02,5.15,1514122.0,55462844.0,19050000.0,0.07948146981627296
2017-06-23,5.23,5.23,4.98,5.1,1093745.0,38642390.0,19050000.0,0.05741443569553806
2017-06-26,5.09,5.19,5.05,5.16,603650.0,21575323.0,19050000.0,0.03168766404199475
2017-06-27,5.19,5.37,5.16,5.31,1444783.0,53423502.0,19050000.0,0.07584162729658793
2017-06-28,5.27,5.29,5.19,5.2,676137.0,24630897.0,19050000.0,0.03549275590551181
2017-06-29,5.23,5.27,5.2,5.22,436653.0,15936894.0,19050000.0,0.022921417322834647
2017-06-30,5.22,5.43,5.18,5.32,1693756.0,63252736.0,19050000.0,0.08891107611548557
2017-07-03,5.3,5.72,5.29,5.65,2513815.0,97487663.0,19050000.0,0.13195879265091864
2017-07-04,5.62,5.78,5.59,5.68,1864410.0,73832831.0,19050000.0,0.09786929133858267
2017-07-05,5.64,5.73,5.59,5.71,1539626.0,60932544.0,19050000.0,0.0808202624671916
2017-07-06,5.72,5.94,5.67,5.83,2365026.0,95906976.0,19050000.0,0.12414834645669291
2017-07-07,5.79,6.38,5.74,6.03,2265549.0,95682435.0,19050000.0,0.11892645669291338
2017-07-10,5.92,5.96,5.56,5.57,2381682.0,94827086.0,19050000.0,0.12502267716535434
2017-07-11,5.56,5.7,5.47,5.5,1021199.0,39774934.0,19050000.0,0.0536062467191601
2017-07-12,5.5,5.65,5.32,5.62,1188000.0,45296099.0,19050000.0,0.06236220472440945
2017-07-13,5.56,5.6,5.38,5.41,977605.0,37267098.0,19050000.0,0.05131784776902887
2017-07-14,5.3,5.33,5.07,5.18,1801564.0,65050924.0,19050000.0,0.09457028871391077
2017-07-17,5.05,5.1,4.66,4.66,1679174.0,55788793.0,19050000.0,0.08814561679790026
2017-07-18,4.59,4.63,4.4,4.51,1620100.0,50696628.0,19050000.0,0.08504461942257217
2017-07-19,4.48,4.5,4.3,4.48,1378000.0,42333229.0,19050000.0,0.07233595800524935
2017-07-20,4.44,4.59,4.44,4.48,1117667.0,35239503.0,19050000.0,0.05867018372703412
2017-07-21,4.48,4.54,4.39,4.44,741600.0,23107035.0,19050000.0,0.03892913385826772
2017-07-24,4.3,4.53,4.3,4.49,802128.0,24631612.0,19050000.0,0.04210645669291339
2017-07-25,4.51,4.61,4.46,4.55,799400.0,25365729.0,19050000.0,0.041963254593175854
2017-07-26,4.56,4.58,4.34,4.51,859800.0,26999497.0,19050000.0,0.045133858267716535
2017-07-27,4.5,4.74,4.43,4.74,1398066.0,45472476.0,19050000.0,0.07338929133858267
2017-07-28,4.74,4.74,4.62,4.62,603800.0,19639326.0,19050000.0,0.031695538057742785
2017-07-31,4.6,4.72,4.59,4.68,675682.0,22019704.0,19050000.0,0.035468871391076115
2017-08-01,4.68,4.71,4.58,4.68,585089.0,18890426.0,19050000.0,0.030713333333333332
2017-08-02,4.63,4.8,4.59,4.7,1195980.0,39395157.0,19050000.0,0.06278110236220473
2017-08-03,4.7,4.91,4.7,4.75,1170600.0,39359715.0,19050000.0,0.06144881889763779
2017-08-04,4.71,4.8,4.54,4.54,994792.0,32297084.0,19050000.0,0.05222005249343832
2017-08-07,4.56,4.64,4.53,4.59,473875.0,15133515.0,19050000.0,0.0248753280839895
2017-08-08,4.6,4.6,4.49,4.58,507259.0,16127155.0,19050000.0,0.02662776902887139
2017-08-09,4.56,4.59,4.52,4.57,303000.0,9626961.0,19050000.0,0.01590551181102362
2017-08-10,4.59,4.62,4.42,4.53,563500.0,17726361.0,19050000.0,0.02958005249343832
2017-08-11,4.49,4.49,4.4,4.44,519003.0,16078702.0,19050000.0,0.027244251968503937
2017-08-14,4.44,4.62,4.42,4.57,655597.0,20722853.0,19050000.0,0.0344145406824147
2017-08-15,4.59,4.7,4.57,4.63,822977.0,26558810.0,19050000.0,0.04320089238845144
2017-08-16,4.63,4.81,4.56,4.76,1097587.0,36272512.0,19050000.0,0.057616115485564307
2017-08-17,4.77,4.8,4.67,4.73,830010.0,27379014.0,19050000.0,0.04357007874015748
2017-08-18,4.71,4.71,4.61,4.62,469309.0,15254615.0,19050000.0,0.02463564304461942
2017-08-21,4.64,4.74,4.59,4.73,1128191.0,36714514.0,19050000.0,0.05922262467191601
2017-08-22,4.73,4.82,4.57,4.6,1641900.0,53646054.0,19050000.0,0.08618897637795275
2017-08-23,4.58,4.66,4.45,4.63,1411209.0,44763686.0,19050000.0,0.0740792125984252
2017-08-24,4.65,4.79,4.64,4.67,1766995.0,58144036.0,19050000.0,0.09275564304461942
2017-08-25,4.64,4.99,4.64,4.94,2344416.0,78939144.0,19050000.0,0.12306645669291338
2017-08-28,5.03,5.43,5.03,5.43,3027399.0,111461869.0,19050000.0,0.15891858267716535
2017-08-29,5.51,5.7,5.28,5.42,4208578.0,160989157.0,19050000.0,0.22092272965879264
2017-08-30,5.36,5.44,5.22,5.26,2284412.0,84737988.0,19050000.0,0.11991664041994751
2017-08-31,5.28,5.79,5.28,5.79,4099798.0,161082651.0,19050000.0,0.21521249343832022
2017-09-01,5.78,5.78,5.57,5.7,3708986.0,146387053.0,19050000.0,0.1946974278215223
2017-09-04,5.68,6.05,5.68,5.79,3919570.0,160432350.0,19050000.0,0.20575170603674542
2017-09-05,5.79,5.97,5.7,5.85,2041901.0,83256053.0,19050000.0,0.10718640419947506
2017-09-06,5.77,5.94,5.7,5.86,1913600.0,77879587.0,19050000.0,0.10045144356955381
2017-09-07,5.88,6.38,5.88,5.92,3120632.0,133383747.0,19050000.0,0.1638127034120735
2017-09-08,5.93,6.16,5.84,6.05,2643780.0,110898924.0,19050000.0,0.13878110236220473
2017-09-11,6.06,6.13,5.97,6.09,2027327.0,85811053.0,19050000.0,0.10642136482939632
2017-09-12,6.16,6.21,5.85,5.89,2675012.0,112762505.0,19050000.0,0.14042057742782152
2017-09-13,5.83,5.9,5.67,5.8,1765706.0,70946723.0,19050000.0,0.09268797900262467
2017-09-14,5.74,5.9,5.66,5.73,1132095.0,45756856.0,19050000.0,0.05942755905511811
2017-09-15,5.76,5.82,5.68,5.76,1018295.0,40782675.0,19050000.0,0.05345380577427822
2017-09-18,5.75,5.96,5.69,5.9,1222529.0,49876895.0,19050000.0,0.06417475065616798
2017-09-19,6.14,6.49,5.92,6.41,5192868.0,231286952.0,19050000.0,0.2725914960629921
2017-09-20,6.45,7.05,6.24,7.05,6103545.0,285932223.0,19050000.0,0.320396062992126
2017-09-21,6.95,7.52,6.9,7.18,6254731.0,314327592.0,19050000.0,0.32833233595800526
2017-09-22,7.17,7.37,6.85,7.25,4215954.0,210564631.0,19050000.0,0.22130992125984253
2017-09-25,7.21,7.59,7.06,7.14,3001660.0,153042350.0,19050000.0,0.15756745406824146
2017-09-26,6.97,7.04,6.49,6.59,3025732.0,140758781.0,19050000.0,0.15883107611548555
2017-09-27,6.73,7.23,6.65,6.91,3894201.0,189290287.0,19050000.0,0.20442
2017-09-28,6.95,7.24,6.74,7.11,2759449.0,136254744.0,19050000.0,0.1448529658792651
2017-09-29,7.17,7.29,6.92,7.1,2641593.0,131459145.0,19050000.0,0.13866629921259843
2017-10-09,7.37,7.64,7.17,7.37,2992885.0,154605127.0,19050000.0,0.15710682414698163
2017-10-10,7.33,7.43,7.21,7.38,1886625.0,96403921.0,19050000.0,0.09903543307086614
2017-10-11,7.34,7.4,6.67,6.79,2473296.0,120759780.0,19050000.0,0.12983181102362204
2017-10-12,6.74,6.94,6.68,6.88,1117012.0,53343125.0,19050000.0,0.05863580052493438
2017-10-13,6.84,7.06,6.81,6.98,890629.0,43303903.0,19050000.0,0.04675217847769029
2017-10-16,7.06,7.31,6.82,6.84,1206544.0,59199405.0,19050000.0,0.06333564304461942
2017-10-17,6.96,7.24,6.78,7.11,1769004.0,86828327.0,19050000.0,0.09286110236220473
2017-10-18,7.11,7.53,7.04,7.23,2547737.0,129425408.0,19050000.0,0.1337394750656168
2017-10-19,7.15,7.46,6.9,7.46,2718262.0,136449878.0,19050000.0,0.1426909186351706
2017-10-20,7.34,8.1,7.24,7.95,3709134.0,196666812.0,19050000.0,0.1947051968503937
2017-10-23,7.84,8.06,7.67,7.81,2594099.0,142414308.0,19050000.0,0.13617317585301839
2017-10-24,7.8,7.96,7.6,7.91,2178408.0,118133634.0,19050000.0,0.11435212598425197
2017-10-25,7.88,8.03,7.71,7.85,2076309.0,114028131.0,19050000.0,0.10899259842519685
2017-10-26,7.75,7.88,7.6,7.81,1729500.0,93714583.0,19050000.0,0.09078740157480315
2017-10-27,7.74,7.93,7.61,7.65,1736550.0,93725340.0,19050000.0,0.09115748031496063
2017-10-30,7.51,7.87,7.3,7.58,2136552.0,114008727.0,19050000.0,0.11215496062992127
2017-10-31,7.53,8.03,7.46,8.03,2238151.0,121984854.0,19050000.0,0.11748824146981628
2017-11-01,8.0,8.72,7.99,8.44,3103738.0,181631528.0,19050000.0,0.16292587926509186
2017-11-02,8.47,8.65,8.15,8.16,2336329.0,137164789.0,19050000.0,0.12264194225721785
2017-11-03,8.18,8.53,8.06,8.38,2225778.0,129006360.0,19050000.0,0.11683874015748032
2017-11-06,8.5,8.87,8.39,8.53,2547352.0,153153519.0,19050000.0,0.13371926509186352
2017-11-07,8.6,9.38,8.41,9.38,4527126.0,286002064.0,19050000.0,0.2376444094488189
2017-11-08,9.4,9.78,9.27,9.28,3669408.0,242601708.0,19050000.0,0.19261984251968503
2017-11-09,9.38,9.9,9.19,9.9,3577673.0,239699843.0,19050000.0,0.18780435695538059
2017-11-10,9.8,10.32,9.79,10.23,3702508.0,259175986.0,19050000.0,0.194357375328084
2017-11-13,10.24,10.7,10.03,10.48,3258051.0,234689842.0,19050000.0,0.17102629921259843
2017-11-14,10.32,10.38,9.44,9.79,3918751.0,273511448.0,19050000.0,0.20570871391076115
2017-11-15,9.75,9.84,9.17,9.41,2733373.0,180737968.0,19050000.0,0.1434841469816273
2017-11-16,9.39,9.6,8.97,9.2,2380644.0,153802855.0,19050000.0,0.12496818897637796
2017-11-17,9.16,9.44,8.61,8.69,2663481.0,169812896.0,19050000.0,0.13981527559055118
2017-11-20,8.66,9.37,8.54,9.33,2478615.0,155502235.0,19050000.0,0.13011102362204724
2017-11-21,9.46,9.51,9.07,9.34,2387600.0,155112210.0,19050000.0,0.12533333333333332
2017-11-22,9.37,9.83,9.21,9.46,2897189.0,192322213.0,19050000.0,0.15208341207349083
2017-11-23,9.46,9.49,8.6,8.6,2351589.0,147915018.0,19050000.0,0.12344299212598425
2017-11-24,8.51,8.51,7.91,7.93,2909807.0,167595424.0,19050000.0,0.15274577427821523
2017-11-27,7.87,8.11,7.63,7.71,1640380.0,90282914.0,19050000.0,0.08610918635170604
2017-11-28,7.73,8.17,7.73,8.11,1584210.0,87770458.0,19050000.0,0.08316062992125985
2017-11-29,7.97,8.11,7.6,7.72,1834951.0,100446637.0,19050000.0,0.09632288713910761
2017-11-30,7.74,8.05,7.74,7.91,1572619.0,86795447.0,19050000.0,0.0825521784776903
2017-12-01,7.83,8.26,7.81,8.12,1867588.0,105876683.0,19050000.0,0.0980361154855643
2017-12-04,8.03,8.03,7.71,7.75,1366787.0,74730026.0,19050000.0,0.07174734908136483
2017-12-05,7.77,7.88,6.99,7.09,2308726.0,117482589.0,19050000.0,0.12119296587926509
2017-12-06,7.09,7.6,7.02,7.47,1718211.0,87339135.0,19050000.0,0.0901948031496063
2017-12-07,7.42,7.88,7.42,7.86,2008663.0,107894828.0,19050000.0,0.10544162729658793
2017-12-08,7.77,8.26,7.69,7.93,2373303.0,132909853.0,19050000.0,0.12458283464566929
2017-12-11,7.84,8.13,7.84,8.06,1208664.0,67638901.0,19050000.0,0.06344692913385827
2017-12-12,8.07,8.55,7.93,8.25,2955014.0,170829962.0,19050000.0,0.15511884514435695
2017-12-13,8.17,8.34,8.05,8.24,1577161.0,90097618.0,19050000.0,0.08279060367454068
2017-12-14,8.28,8.56,8.25,8.37,1953361.0,114254925.0,19050000.0,0.10253863517060367
2017-12-15,8.28,8.53,7.96,8.06,1902561.0,109209393.0,19050000.0,0.09987196850393701
2017-12-18,8.17,8.2,7.6,8.08,1640677.0,91101800.0,19050000.0,0.08612477690288714
2017-12-19,8.11,8.23,8.04,8.12,955961.0,54287874.0,19050000.0,0.050181679790026246
2017-12-20,8.12,8.17,7.82,7.88,1033000.0,57487332.0,19050000.0,0.0542257217847769
2017-12-21,7.81,8.23,7.74,8.16,1390881.0,78470121.0,19050000.0,0.07301212598425197
2017-12-22,8.17,8.59,8.15,8.57,1958583.0,115528152.0,19050000.0,0.10281275590551181
2017-12-25,8.55,8.96,8.46,8.9,2559212.0,156299196.0,19050000.0,0.1343418372703412
2017-12-26,8.79,8.92,8.61,8.86,2377207.0,145166405.0,19050000.0,0.12478776902887138
2017-12-27,8.8,8.84,8.36,8.41,1867300.0,112403189.0,19050000.0,0.09802099737532809
2017-12-28,8.29,8.68,8.29,8.41,1373299.0,81642158.0,19050000.0,0.07208918635170604
2017-12-29,8.33,9.01,8.33,8.89,2217921.0,135695728.0,19050000.0,0.11642629921259842
2018-01-02,8.89,9.01,8.73,8.82,1425321.0,87621270.0,19050000.0,0.07482
2018-01-03,8.87,8.96,8.63,8.8,1346053.0,82491811.0,19050000.0,0.07065895013123359
2018-01-04,8.67,8.96,8.66,8.7,1589121.0,97175947.0,19050000.0,0.08341842519685039
2018-01-05,8.69,8.69,8.06,8.1,2431321.0,141526141.0,19050000.0,0.12762839895013123
2018-01-08,8.06,8.06,7.58,7.77,2248926.0,121287755.0,19050000.0,0.11805385826771654
2018-01-09,7.81,7.83,7.68,7.77,1021137.0,55209273.0,19050000.0,0.05360299212598425
2018-01-10,7.77,7.85,7.63,7.7,1130400.0,61066689.0,19050000.0,0.05933858267716535
2018-01-11,7.64,8.03,7.58,7.83,1267500.0,69562794.0,19050000.0,0.06653543307086614
2018-01-12,7.74,7.88,7.65,7.66,896300.0,48357533.0,19050000.0,0.0470498687664042
2018-01-15,7.56,7.6,7.02,7.04,1589800.0,79773624.0,19050000.0,0.08345406824146982
2018-01-16,7.02,7.2,7.01,7.12,657000.0,32577327.0,19050000.0,0.034488188976377954
2018-01-17,7.27,7.44,6.95,7.41,1113437.0,56434757.0,19050000.0,0.05844813648293963
2018-01-18,7.31,7.5,7.21,7.24,841837.0,43086215.0,19050000.0,0.044190918635170606
2018-01-19,7.16,7.36,7.16,7.22,533100.0,27091688.0,19050000.0,0.02798425196850394
2018-01-22,7.16,7.58,6.75,7.41,1433100.0,72671824.0,19050000.0,0.07522834645669291
2018-01-23,7.31,7.45,7.31,7.41,545100.0,28066884.0,19050000.0,0.028614173228346456
2018-01-24,7.41,7.67,7.32,7.61,1236253.0,64994924.0,19050000.0,0.06489517060367454
2018-01-25,7.58,7.81,7.46,7.51,1179653.0,62868706.0,19050000.0,0.061924041994750656
2018-01-26,7.45,7.59,7.17,7.21,934300.0,48054026.0,19050000.0,0.049044619422572176
2018-01-29,7.19,7.36,6.62,6.77,1445968.0,69443439.0,19050000.0,0.07590383202099737
2018-01-30,6.72,6.87,6.71,6.77,542200.0,25651006.0,19050000.0,0.028461942257217848
2018-01-31,6.18,6.54,6.1,6.1,1683599.0,73038827.0,19050000.0,0.0883779002624672
2018-02-01,6.09,6.19,5.8,5.85,954200.0,39712132.0,19050000.0,0.05008923884514436
2018-02-02,5.85,5.98,5.45,5.66,1376761.0,55415018.0,19050000.0,0.0722709186351706
2018-02-05,5.52,5.7,5.39,5.58,1095111.0,42371196.0,19050000.0,0.05748614173228347
2018-02-06,5.41,5.54,5.02,5.02,1543740.0,56562143.0,19050000.0,0.08103622047244094
2018-02-07,5.22,5.38,4.87,5.24,1343900.0,48550371.0,19050000.0,0.07054593175853019
2018-02-08,5.25,5.51,5.25,5.49,1355661.0,51276626.0,19050000.0,0.07116330708661417
2018-02-09,5.35,6.04,5.25,6.04,2831300.0,116402244.0,19050000.0,0.1486246719160105
2018-02-12,6.16,6.26,5.89,6.17,2786700.0,118576118.0,19050000.0,0.14628346456692914
2018-02-13,6.09,6.33,5.92,5.97,2066800.0,88346113.0,19050000.0,0.10849343832020997
2018-02-14,6.03,6.07,5.68,5.79,1286551.0,52202870.0,19050000.0,0.06753548556430446
2018-02-22,5.8,6.08,5.73,5.91,1191051.0,49296340.0,19050000.0,0.06252236220472442
2018-02-23,5.88,5.93,5.75,5.91,963451.0,39240908.0,19050000.0,0.05057485564304462
2018-02-26,5.96,6.5,5.96,6.5,2291751.0,100908690.0,19050000.0,0.12030188976377952
2018-02-27,6.61,6.91,6.5,6.63,2202591.0,102400507.0,19050000.0,0.11562157480314961
2018-02-28,6.73,6.84,6.55,6.58,1645460.0,76723892.0,19050000.0,0.08637585301837271
2018-03-01,6.44,6.95,6.43,6.78,1823260.0,85268509.0,19050000.0,0.09570918635170604
2018-03-02,6.7,6.79,6.54,6.59,1270260.0,58856477.0,19050000.0,0.06668031496062993
2018-03-05,6.6,6.92,6.54,6.87,1250691.0,58911829.0,19050000.0,0.06565307086614174
2018-03-06,6.89,7.47,6.89,7.12,2852291.0,143978182.0,19050000.0,0.14972656167979004
2018-03-07,7.17,7.45,6.95,7.32,1689245.0,85394219.0,19050000.0,0.0886742782152231
2018-03-08,7.23,7.42,7.16,7.22,981200.0,49574036.0,19050000.0,0.05150656167979003
2018-03-09,7.17,7.49,7.17,7.43,1369301.0,70561207.0,19050000.0,0.07187931758530183
2018-03-12,7.44,7.81,7.44,7.67,1340006.0,71130783.0,19050000.0,0.07034152230971129
2018-03-13,7.6,7.74,7.38,7.47,1299296.0,68733122.0,19050000.0,0.06820451443569554
2018-03-14,7.42,7.48,7.17,7.2,1227292.0,63020709.0,19050000.0,0.06442477690288714
2018-03-15,7.12,7.24,6.59,7.09,1938008.0,94464187.0,19050000.0,0.1017327034120735
2018-03-16,7.09,7.15,6.9,6.97,1176887.0,57596518.0,19050000.0,0.061778845144356956
2018-03-19,6.97,7.31,6.89,7.13,1612300.0,80462392.0,19050000.0,0.08463517060367454
2018-03-20,7.1,7.54,7.1,7.53,1949313.0,100840098.0,19050000.0,0.10232614173228347
2018-03-21,7.51,7.77,7.28,7.33,1643451.0,85936590.0,19050000.0,0.0862703937007874
2018-03-22,7.31,7.5,7.28,7.39,1403800.0,72300325.0,19050000.0,0.07369028871391076
2018-03-23,6.88,7.26,6.67,6.72,1717000.0,83263601.0,19050000.0,0.09013123359580053
2018-03-26,6.57,7.39,6.57,7.35,2199853.0,109389698.0,19050000.0,0.11547784776902888
2018-03-27,7.4,7.82,7.4,7.75,2892246.0,154237084.0,19050000.0,0.15182393700787403
2018-03-28,7.61,8.1,7.6,7.77,2709801.0,149618162.0,19050000.0,0.1422467716535433
2018-03-29,7.92,8.18,7.67,7.95,2153505.0,118623557.0,19050000.0,0.11304488188976378
2018-03-30,7.95,8.5,7.95,8.48,2811948.0,162582923.0,19050000.0,0.1476088188976378
2018-04-02,8.6,9.24,8.49,8.89,3159166.0,194823069.0,19050000.0,0.16583548556430447
2018-04-03,8.6,8.83,8.41,8.69,1988047.0,119926361.0,19050000.0,0.10435942257217848
2018-04-04,8.8,9.2,8.57,8.6,1859111.0,115198748.0,19050000.0,0.09759112860892388
2018-04-09,8.6,8.92,8.21,8.76,1737300.0,105454307.0,19050000.0,0.09119685039370079
2018-04-10,9.03,9.1,8.38,8.51,1916155.0,115661555.0,19050000.0,0.10058556430446194
2018-04-11,8.67,9.17,8.67,8.73,2191521.0,135899213.0,19050000.0,0.11504047244094488
2018-04-12,8.92,9.32,8.61,8.86,2636811.0,165232294.0,19050000.0,0.13841527559055117
2018-04-13,8.9,8.97,8.55,8.71,2607090.0,158365497.0,19050000.0,0.1368551181102362
2018-04-16,8.59,8.97,8.59,8.72,2264120.0,138867581.0,19050000.0,0.11885144356955381
2018-04-17,8.87,9.59,8.74,9.02,3763687.0,239147053.0,27420650.999999996,0.13725739042446514
2018-04-18,9.21,9.92,9.03,9.92,5830573.0,388693662.0,27420650.999999996,0.2126343754566586
2018-04-19,9.65,10.45,9.61,9.67,5378171.0,377578558.0,27420650.999999996,0.1961357883151644
2018-04-20,9.63,10.05,9.49,9.62,3219511.0,221109411.0,27420650.999999996,0.11741190973182951
2018-04-23,9.74,9.91,8.65,8.84,3866112.0,248367127.0,27420650.999999996,0.14099271384913512
2018-04-24,8.94,9.36,8.88,9.22,2832265.0,180713117.0,27420650.999999996,0.10328948791186615
2018-04-25,9.6,10.13,9.48,9.8,4322343.0,295562864.0,27420650.999999996,0.15763094027198699
2018-04-26,9.88,10.78,9.84,10.78,5462523.0,401643694.0,27420650.999999996,0.19921200995556235
2018-04-27,10.75,10.81,9.71,9.88,4753966.0,337870197.0,27420650.999999996,0.1733717408824466
2018-05-02,10.03,10.25,9.41,9.75,3456643.0,236691733.0,27420650.999999996,0.1260598444581057
2018-05-03,9.61,10.25,9.29,10.03,3468227.0,236939420.0,27420650.999999996,0.12648229978201467
2018-05-04,9.89,10.55,9.83,10.35,3698155.0,265746352.0,27420650.999999996,0.13486751280996212
2018-05-07,10.33,10.51,10.09,10.48,2097113.0,150807196.0,27420650.999999996,0.07647932939301844
2018-05-08,10.33,10.48,10.02,10.23,2172234.0,154430847.0,27420650.999999996,0.07921890694717643
2018-05-09,10.18,10.66,10.11,10.32,2232920.0,162208944.0,27420650.999999996,0.08143205644534116
2018-05-10,10.37,10.38,9.78,10.01,2305629.0,160979160.0,27420650.999999996,0.08408367109883716
2018-05-11,9.89,10.1,9.7,9.78,1835983.0,126459218.0,27420650.999999996,0.06695621486156547
2018-05-14,9.65,9.81,9.36,9.45,2053000.0,136765295.0,27420650.999999996,0.07487057838269413
2018-05-15,9.48,9.84,9.47,9.84,1550364.0,104441384.0,27420650.999999996,0.05654001431257048
2018-05-16,9.78,10.1,9.73,9.84,1506664.0,104315190.0,27420650.999999996,0.05494632494319702
2018-05-17,9.85,10.1,9.75,9.96,1533914.0,106844141.0,27420650.999999996,0.055940101495037454
2018-05-18,9.94,10.03,9.39,9.66,1718279.0,115671805.0,27420650.999999996,0.0626636836594434
2018-05-21,9.72,10.3,9.6,10.2,2568803.0,180094549.0,27420650.999999996,0.09368132798889423
2018-05-22,10.1,10.73,10.06,10.64,2633939.0,191221221.0,27420650.999999996,0.0960567639331393
2018-05-23,10.56,10.94,10.46,10.61,2483460.0,185284562.0,27420650.999999996,0.09056896570398713
2018-05-24,10.77,10.88,10.41,10.46,1791747.0,132407320.0,27420650.999999996,0.06534297818093379
2018-05-25,10.42,10.53,10.0,10.01,2087270.0,147934328.0,27420650.999999996,0.07612036636183438
2018-05-28,10.03,10.15,9.75,9.83,1835245.0,127154841.0,27420650.999999996,0.06692930083972114
2018-05-29,9.89,10.03,9.8,9.82,1402448.0,96970493.0,27420650.999999996,0.051145685782587734
2018-05-30,9.75,10.07,9.1,9.16,2517459.0,168271897.0,27420650.999999996,0.0918088706209054
2018-05-31,9.21,9.35,8.86,9.2,2723466.0,173234316.0,27420650.999999996,0.09932171194622623
2018-06-01,8.6,8.91,8.28,8.4,3924923.0,235148533.0,27420650.999999996,0.14313748422676034
2018-06-04,8.38,8.69,8.33,8.41,1614810.0,95817842.0,27420650.999999996,0.05889028674045704
2018-06-05,8.44,8.87,8.41,8.78,2269937.0,136708113.0,27420650.999999996,0.08278202439467977
2018-06-06,8.74,8.84,8.6,8.66,1510656.0,91702944.0,27420650.999999996,0.055091908649433606
2018-06-07,8.72,8.8,8.49,8.52,1113600.0,66928220.0,27420650.999999996,0.04061172727080769
2018-06-08,8.45,8.67,8.24,8.64,1390595.0,82201563.0,27420650.999999996,0.05071342033418536
2018-06-11,8.55,8.73,8.33,8.42,1160905.0,68643921.0,27420650.999999996,0.0423368868959384
2018-06-12,8.42,8.6,8.06,8.53,1229711.0,71784294.0,27420650.999999996,0.04484616357211943
2018-06-13,8.51,8.87,8.39,8.41,1960149.0,118282935.0,27420650.999999996,0.07148440786471481
2018-06-14,8.41,8.86,8.33,8.76,2452749.0,148102186.0,27420650.999999996,0.08944897041284688
2018-06-15,8.84,9.0,8.61,8.98,2870147.0,176455842.0,27420650.999999996,0.10467100142881365
2018-06-19,8.81,9.28,8.11,8.53,3022252.0,185782089.0,27420650.999999996,0.11021809803129767
2018-06-20,8.46,8.87,8.24,8.84,2289959.0,137291035.0,27420650.999999996,0.08351220399544855
2018-06-21,8.68,8.78,7.95,7.95,5025987.0,152268487.0,52099237.0,0.09646949340160202
2018-06-22,7.64,7.83,7.37,7.55,3204320.0,89130725.0,52099237.0,0.061504163679018946
2018-06-25,7.64,7.77,7.32,7.32,2719139.0,75037458.0,52099237.0,0.05219153209479824
2018-06-26,7.03,8.05,6.91,8.05,4771417.0,133585044.0,52099237.0,0.09158324142059893
2018-06-27,8.23,8.85,8.2,8.85,7762350.0,246806859.0,52099237.0,0.14899162534760346
2018-06-28,8.74,9.55,8.66,9.06,9912709.0,327781830.0,52099237.0,0.19026591502674023
2018-06-29,8.95,9.97,8.84,9.93,9362228.0,321564385.0,52099237.0,0.17969990616177353
2018-07-02,9.89,9.91,9.45,9.64,7591668.0,270166239.0,65672837.0,0.11559829522820828
2018-07-03,9.61,10.59,9.5,10.07,8504177.0,311195203.0,65672837.0,0.1294930657556335
2018-07-04,9.83,9.96,9.48,9.88,5224099.0,186756265.0,65672837.0,0.07954733248390046
2018-07-05,9.81,10.07,9.58,9.76,4066260.0,146138096.0,65672837.0,0.06191692312607113
2018-07-06,9.76,10.59,9.53,9.55,7279421.0,268402532.0,65672837.0,0.11084371153327821
2018-07-09,9.83,10.51,9.58,10.51,5159114.0,190924693.0,65672837.0,0.07855780617487257
2018-07-10,11.0,11.29,10.41,10.63,7626436.0,300793674.0,65672837.0,0.11612770741120869
2018-07-11,10.55,11.38,10.37,11.38,8816261.0,350349780.0,65672837.0,0.13424516745028084
2018-07-12,11.14,11.71,11.07,11.4,7048258.0,295141973.0,65672837.0,0.10732379354953099
2018-07-13,11.33,11.85,11.16,11.69,4554141.0,192500076.0,65672837.0,0.06934588496610859
2018-07-16,11.58,12.05,11.36,11.47,5513721.0,237076079.0,65672837.0,0.08395740540339379
2018-07-17,11.24,11.57,11.09,11.55,3457315.0,143619524.0,65672837.0,0.05264452029078628
2018-07-18,11.49,11.59,11.11,11.11,3101655.0,128290594.0,65672837.0,0.04722888703589888
2018-07-19,11.13,11.38,11.03,11.11,2250895.0,92655968.0,65672837.0,0.034274368259741846
2018-07-20,11.11,11.44,11.0,11.25,2415088.0,99501833.0,65672837.0,0.03677453434819635
2018-07-23,11.19,11.83,11.17,11.52,4085173.0,172495705.0,65672837.0,0.06220491129384284
2018-07-24,11.52,11.57,11.03,11.3,4315195.0,177451664.0,65672837.0,0.06570745527561113
2018-07-25,11.25,11.51,11.16,11.3,3150802.0,130625106.0,65672837.0,0.04797724818862325
2018-07-26,11.3,11.3,10.65,10.66,3434269.0,137513474.0,65672837.0,0.0522935989502022
2018-07-27,10.65,11.51,10.48,11.26,5219306.0,210955231.0,65672837.0,0.07947434949399247
2018-07-30,11.29,11.37,10.26,10.62,4243553.0,167879202.0,65672837.0,0.06461656285687795
2018-07-31,10.54,10.85,10.43,10.65,2349890.0,91761741.0,65672837.0,0.03578176468910579
2018-08-01,10.92,11.33,10.76,10.96,3972260.0,161133867.0,65672837.0,0.060485585539726265
2018-08-02,10.96,11.55,10.7,11.45,5914134.0,243852144.0,65672837.0,0.09005449239234176
2018-08-03,11.45,11.45,10.65,10.78,4469921.0,181399976.0,65672837.0,0.06806346739672599
2018-08-06,10.49,11.32,10.38,10.64,2870082.0,113006661.0,65672837.0,0.043702725983955894
2018-08-07,10.86,10.91,10.01,10.65,4106053.0,157279481.0,65672837.0,0.0625228509619586
2018-08-08,10.59,10.62,9.59,9.59,4943840.0,182255838.0,65672837.0,0.07527982992420443
2018-08-09,9.42,10.51,9.28,10.26,5716469.0,211167842.0,65672837.0,0.08704464830718368
2018-08-10,10.35,11.19,10.35,10.95,5768164.0,228383605.0,65672837.0,0.08783180784469537
2018-08-13,11.18,11.51,10.97,11.42,5367189.0,221776317.0,65672837.0,0.08172616328422054
2018-08-14,11.57,11.6,11.14,11.23,3783306.0,157039313.0,65672837.0,0.05760838381323469
2018-08-15,11.43,12.0,11.39,11.52,7289391.0,309793314.0,65672837.0,0.11099552467940436
2018-08-16,11.4,11.4,10.7,10.89,4966220.0,200952891.0,65672837.0,0.07562061008571931
2018-08-17,11.23,11.3,10.47,10.66,4313803.0,171529502.0,65672837.0,0.06568625929773675
2018-08-20,10.65,11.14,10.38,11.11,3882964.0,152796863.0,65672837.0,0.05912587574068104
2018-08-21,11.03,11.19,10.62,11.11,4182099.0,167371957.0,65672837.0,0.06368080306931159
2018-08-22,11.14,11.32,10.94,11.17,3560581.0,145302329.0,65672837.0,0.05421695121835531
2018-08-23,11.08,11.68,11.08,11.47,5351052.0,224533244.0,65672837.0,0.0814804452562328
2018-08-24,11.46,11.93,11.38,11.54,4705994.0,201325046.0,65672837.0,0.07165814992886634
2018-08-27,11.55,12.28,11.52,12.16,4721264.0,206297500.0,65672837.0,0.07189066615166938
2018-08-28,12.04,12.34,11.97,12.18,4481103.0,199379413.0,65672837.0,0.06823373566151862
2018-08-29,12.18,12.19,11.83,12.03,2585038.0,113396299.0,65672837.0,0.039362362250316675
2018-08-30,12.01,12.04,11.6,11.74,2261674.0,97692776.0,65672837.0,0.03443850004530793
2018-08-31,11.71,11.98,11.6,11.65,2397728.0,103447476.0,65672837.0,0.03651019370459053
2018-09-03,11.5,12.01,11.27,12.01,3414528.0,145256740.0,65672837.0,0.05199300283007417
2018-09-04,11.92,12.89,11.85,12.6,4988185.0,224659283.0,65672837.0,0.07595507104406042
2018-09-05,12.54,12.83,12.32,12.37,3508144.0,161093494.0,65672837.0,0.05341849325010887
2018-09-06,12.34,13.5,12.32,13.36,5465927.0,260681323.0,65672837.0,0.08322964637571542
2018-09-07,13.23,13.51,12.03,12.34,7170223.0,333156762.0,65672837.0,0.10918095406781346
2018-09-10,12.04,12.34,11.4,11.57,5198077.0,225780345.0,65672837.0,0.07915109560441252
2018-09-11,11.67,11.82,11.35,11.65,3260179.0,138613756.0,65672837.0,0.0496427312863003
2018-09-12,11.57,11.68,11.19,11.36,2991239.0,125290722.0,65672837.0,0.045547583089794036
2018-09-13,11.52,11.63,10.23,10.88,6304073.0,250822537.0,65672837.0,0.09599209182938145
2018-09-14,10.83,11.31,10.6,10.96,4223252.0,169866612.0,65672837.0,0.06430743961921426
2018-09-17,10.8,11.06,10.42,10.65,2822463.0,110736818.0,65672837.0,0.042977631680507423
2018-09-18,10.75,11.02,10.54,10.95,3143099.0,124681437.0,65672837.0,0.04785995464152097
2018-09-19,10.89,11.62,10.82,11.38,4530717.0,186521961.0,65672837.0,0.06898920782118793
2018-09-20,11.33,11.4,11.18,11.22,2043176.0,84430720.0,65672837.0,0.031111431960827274
2018-09-21,11.3,11.41,10.87,11.17,2834150.0,115305956.0,65672837.0,0.04315558957807777
2018-09-25,11.08,11.41,10.99,11.19,2565648.0,105887357.0,65672837.0,0.03906711080564405
2018-09-26,11.19,11.4,10.95,11.14,2743318.0,111690776.0,65672837.0,0.04177249111379184
2018-09-27,11.1,11.35,10.82,10.86,2889222.0,117734295.0,65672837.0,0.04399417067972867
2018-09-28,10.89,10.95,10.29,10.73,4222774.0,163134249.0,65672837.0,0.06430016111531774
2018-10-08,10.27,10.49,9.74,9.79,2808415.0,104091798.0,65672837.0,0.04276372284632686
2018-10-09,9.81,10.0,9.32,9.39,3609770.0,126067188.0,65672837.0,0.054965951904894866
2018-10-10,9.53,9.71,9.12,9.64,3262396.0,113724453.0,65672837.0,0.049676489535544203
2018-10-11,9.16,9.6,8.82,9.06,3497116.0,118432374.0,65672837.0,0.053250569942638534
2018-10-12,9.05,9.54,9.01,9.47,3674740.0,125168563.0,65672837.0,0.05595524980898876
2018-10-15,9.31,9.45,8.54,8.57,5511726.0,182563481.0,65672837.0,0.08392702754717296
2018-10-16,8.5,8.83,8.07,8.69,5137535.0,160735514.0,65672837.0,0.07822922283683283
2018-10-17,8.76,8.89,8.07,8.63,5205665.0,162667501.0,65672837.0,0.07926663804702087
2018-10-18,8.31,8.52,7.92,8.0,2946258.0,89555423.0,65672837.0,0.044862657600736815
2018-10-19,7.94,8.39,7.76,8.37,5015612.0,150696485.0,65672837.0,0.07637270185236554
2018-10-22,8.5,9.21,8.5,9.21,4913670.0,161227469.0,65672837.0,0.07482043146697012
2018-10-23,9.26,9.49,8.96,9.04,4955618.0,167308758.0,65672837.0,0.07545917347837433
2018-10-24,9.13,9.21,8.87,8.95,2939251.0,97146124.0,65672837.0,0.04475596204257173
2018-10-25,8.46,8.76,8.1,8.64,4165616.0,128748824.0,65672837.0,0.06342981650084646
2018-10-26,8.77,8.96,8.34,8.37,2943887.0,92916129.0,65672837.0,0.044826554394170604
2018-10-29,8.19,8.97,8.19,8.53,3210526.0,101191206.0,65672837.0,0.04888666527380262
2018-10-30,8.63,8.65,7.95,8.25,4283764.0,128459811.0,65672837.0,0.06522885557692597
2018-10-31,8.35,8.6,8.17,8.39,3605910.0,110087407.0,65672837.0,0.05490717570188113
2018-11-01,8.59,8.92,8.43,8.63,4701018.0,148964063.0,65672837.0,0.07158238039876365
2018-11-02,8.86,9.43,8.86,9.4,6381312.0,213818368.0,65672837.0,0.09716820974248455
2018-11-05,9.25,9.64,9.02,9.37,5071125.0,173830321.0,65672837.0,0.07721799805907578
2018-11-06,9.17,9.36,8.93,9.3,3039772.0,101634932.0,65672837.0,0.04628659486722037
2018-11-07,9.29,9.59,9.12,9.34,4257697.0,146594679.0,65672837.0,0.06483193348263605
2018-11-08,9.44,9.5,9.01,9.09,2819164.0,95257727.0,65672837.0,0.042927397822024954
2018-11-09,9.01,9.3,9.01,9.09,2012418.0,67588407.0,65672837.0,0.030643080030180514
2018-11-12,9.13,9.46,9.04,9.45,2780416.0,94547156.0,65672837.0,0.04233738219653888
2018-11-13,9.3,9.6,9.23,9.4,3650242.0,126210258.0,65672837.0,0.05558221887079433
2018-11-14,9.3,9.94,9.3,9.7,4256997.0,151284964.0,65672837.0,0.06482127458571646
2018-11-15,9.64,9.86,9.5,9.83,3028530.0,107963824.0,65672837.0,0.04611541298269176
2018-11-16,9.96,10.08,9.75,9.84,2950427.0,107178771.0,65672837.0,0.04492613894539077
2018-11-19,9.71,9.81,9.56,9.66,1992541.0,70498533.0,65672837.0,0.03034041303865097
2018-11-20,9.55,9.71,9.38,9.49,1872362.0,65150695.0,65672837.0,0.028510447934509058
2018-11-21,9.3,9.45,9.28,9.39,1414285.0,48471393.0,65672837.0,0.02153531147131652
2018-11-22,9.39,9.65,9.39,9.47,1445578.0,50491203.0,65672837.0,0.022011809844608966
2018-11-23,9.47,9.56,8.71,8.77,2532160.0,84295256.0,65672837.0,0.038557189177010884
2018-11-26,8.8,8.8,8.23,8.39,2636286.0,81256210.0,65672837.0,0.040142715320795413
2018-11-27,8.41,8.53,8.3,8.42,1268497.0,39216560.0,65672837.0,0.019315398236869227
2018-11-28,8.44,8.92,8.26,8.78,2144286.0,68157847.0,65672837.0,0.032651033485883975
2018-11-29,8.87,9.05,8.61,8.75,1988791.0,64669646.0,65672837.0,0.03028331180515317
2018-11-30,8.57,8.92,8.4,8.83,1621180.0,51478199.0,65672837.0,0.024685700725857174
2018-12-03,9.15,9.38,9.01,9.28,2867931.0,96881461.0,65672837.0,0.043669972716421555
2018-12-04,9.12,9.28,9.07,9.2,1486674.0,49926754.0,65672837.0,0.022637578455762464
2018-12-05,8.99,9.27,8.85,9.22,2217789.0,73835742.0,65672837.0,0.03377026334342766
2018-12-06,9.09,9.33,8.93,8.98,1960766.0,65262934.0,65672837.0,0.02985657525347961
2018-12-07,8.92,9.11,8.89,8.89,987855.0,32417802.0,65672837.0,0.015042063737858621
2018-12-10,8.82,8.9,8.73,8.81,686210.0,22124706.0,65672837.0,0.010448916650273537
2018-12-11,8.84,8.94,8.74,8.84,966675.0,31306012.0,65672837.0,0.014719555971063045
2018-12-12,8.87,8.94,8.66,8.74,1094847.0,35080398.0,65672837.0,0.016671230451031072
2018-12-13,9.61,9.61,9.01,9.41,4919879.0,168734985.0,65672837.0,0.07491497588264688
2018-12-14,9.58,9.65,9.15,9.2,2447112.0,84093884.0,65672837.0,0.03726216365527196
2018-12-17,9.01,9.33,9.01,9.08,1464450.0,49262732.0,65672837.0,0.022299173705561098
2018-12-18,9.08,9.35,9.01,9.2,1755230.0,59278432.0,65672837.0,0.026726879485958557
2018-12-19,9.15,9.38,9.12,9.25,1556087.0,52719628.0,65672837.0,0.023694529901304554
2018-12-20,9.28,9.37,9.12,9.28,1115112.0,37924770.0,65672837.0,0.016979805516853186
2018-12-21,9.27,9.3,8.84,8.85,1683440.0,55739248.0,65672837.0,0.02563373347187666
2018-12-24,8.87,9.2,8.65,9.16,1765737.0,58053822.0,65672837.0,0.02688686952872159
2018-12-25,9.02,9.02,8.51,8.78,3311403.0,105787377.0,65672837.0,0.05042271890888466
2018-12-26,8.71,8.86,8.41,8.53,2779143.0,87243911.0,65672837.0,0.04231799823114083
2018-12-27,8.63,8.68,8.19,8.2,2245674.0,69343579.0,65672837.0,0.03419486811571731
2018-12-28,8.26,8.43,8.01,8.35,2309756.0,69788601.0,65672837.0,0.035170644447718925
2019-01-02,8.35,8.37,8.14,8.18,1087222.0,32821067.0,65672837.0,0.016555124609585543
2019-01-03,8.2,8.29,7.88,7.88,1238640.0,36715056.0,65672837.0,0.018860765829257536
2019-01-04,7.7,8.22,7.67,8.1,1852649.0,54383310.0,65672837.0,0.02821027817025782
2019-01-07,8.22,8.75,8.22,8.55,3028513.0,94935668.0,65672837.0,0.04611515412376657
2019-01-08,8.51,8.71,8.47,8.51,1381188.0,43349798.0,65672837.0,0.021031343597962732
2019-01-09,8.5,8.77,8.47,8.6,1811139.0,57212649.0,65672837.0,0.027578205582926164
2019-01-10,8.47,8.68,8.46,8.46,1081450.0,33887125.0,65672837.0,0.016467234390985727
2019-01-11,8.47,8.59,8.42,8.46,739204.0,22970168.0,65672837.0,0.011255856055068856
2019-01-14,8.46,8.46,8.04,8.09,1906071.0,56953806.0,65672837.0,0.029023734729169685
2019-01-15,8.16,8.16,7.98,8.13,1756747.0,52040992.0,65672837.0,0.026749978838282867
2019-01-16,8.24,8.3,8.08,8.08,1610011.0,48149632.0,65672837.0,0.024515630412007328
2019-01-17,8.05,8.06,7.56,7.69,3382474.0,95505569.0,65672837.0,0.05150491671313057
2019-01-18,7.72,7.82,7.59,7.78,2293044.0,64624694.0,66621545.0,0.034418955609630486
2019-01-21,7.77,7.96,7.67,7.84,3788576.0,108568724.0,66621545.0,0.056867129094649485
2019-01-22,7.83,7.83,7.59,7.67,2148752.0,60546262.0,66621545.0,0.03225310971098013
2019-01-23,7.67,7.76,7.39,7.71,3622025.0,100525275.0,66621545.0,0.054367172061230346
2019-01-24,7.72,8.46,7.63,8.07,5946502.0,174979622.0,66621545.0,0.08925794200659862
2019-01-25,7.99,8.2,7.86,7.89,3472004.0,102429264.0,66621545.0,0.052115332960230805
2019-01-28,7.99,8.0,7.69,8.0,2979837.0,85816517.0,66621545.0,0.04472782791212662
2019-01-29,7.91,7.97,7.51,7.67,2311448.0,64979408.0,66621545.0,0.034695202580486535
2019-01-30,7.67,7.8,7.51,7.54,1664438.0,46707966.0,66621545.0,0.02498347944347433
2019-01-31,7.51,7.67,6.79,6.79,5381959.0,138098040.0,66621545.0,0.08078406167254151
2019-02-01,6.8,7.28,6.66,7.24,3924569.0,100126060.0,66621545.0,0.0589084056816755
2019-02-11,7.27,7.97,7.27,7.97,5691501.0,162755944.0,66621545.0,0.08543033638742542
2019-02-12,8.07,8.08,7.9,7.97,4036348.0,118216895.0,66621545.0,0.06058622627259695
2019-02-13,8.12,8.39,8.01,8.18,4364867.0,130965795.0,66621545.0,0.06551734877958774
2019-02-14,8.25,8.32,8.11,8.23,2727589.0,82163100.0,66621545.0,0.040941545261371524
2019-02-15,8.24,8.3,8.11,8.14,2191100.0,65750272.0,66621545.0,0.03288875993494297
2019-02-18,8.24,8.95,8.24,8.95,4480815.0,142692288.0,66621545.0,0.06725774672442676
2019-02-19,9.19,9.51,8.64,8.86,6573960.0,218962437.0,66621545.0,0.09867618650993458
2019-02-20,8.95,9.11,8.6,8.71,3924008.0,126171749.0,66621545.0,0.05889998498233567
2019-02-21,8.72,9.22,8.7,8.73,4756695.0,155680796.0,66621545.0,0.07139874945860232
2019-02-22,8.69,9.19,8.64,9.19,4056640.0,132716312.0,66621545.0,0.06089081242411896
2019-02-25,9.28,9.98,9.28,9.95,6077137.0,215450570.0,66621545.0,0.09121879416035758
2019-02-26,9.99,10.24,9.6,9.91,4969323.0,180402125.0,66621545.0,0.0745903295998314
2019-02-27,9.77,9.92,9.64,9.73,2799746.0,100172464.0,66621545.0,0.04202463332244847
2019-02-28,9.76,9.82,9.33,9.49,3636723.0,127334042.0,66621545.0,0.054587791381902055
2019-03-01,9.66,9.69,8.96,9.25,4476059.0,151227942.0,66621545.0,0.06718635840702884
2019-03-04,9.59,9.88,9.26,9.39,7042331.0,245777869.0,66621545.0,0.10570650980850115
2019-03-05,9.21,10.33,9.2,10.33,8795469.0,320178833.0,66621545.0,0.1320213903775423
2019-03-06,10.49,10.54,9.9,10.18,8170773.0,302222056.0,66621545.0,0.12264460393405767
2019-03-07,10.07,10.47,9.91,10.28,5097658.0,191756728.0,66621545.0,0.07651665838731299
2019-03-08,10.02,11.31,9.86,10.66,7998604.0,317822744.0,66621545.0,0.12006031982596621
2019-03-11,10.92,11.35,10.38,10.96,6483778.0,259178242.0,66621545.0,0.09732254032835774
2019-03-12,11.0,11.68,10.83,11.47,5815608.0,240843118.0,66621545.0,0.08729320222159363
2019-03-13,11.43,12.13,10.87,11.19,5363733.0,229171214.0,66621545.0,0.08051048651003215
2019-03-14,11.03,11.34,10.43,10.71,4173039.0,163084339.0,66621545.0,0.06263797995078019
2019-03-15,10.68,10.99,10.55,10.78,3100823.0,121889283.0,66621545.0,0.046543847039272356
2019-03-18,10.77,10.81,10.29,10.68,3779549.0,145353403.0,66621545.0,0.05673163238709039
2019-03-19,10.59,11.18,10.56,10.78,2635560.0,105015669.0,66621545.0,0.039560175315658024
2019-03-20,10.69,10.89,10.32,10.45,2636558.0,101213940.0,66621545.0,0.03957515545459055
2019-03-21,10.37,10.72,10.33,10.5,2730312.0,105369539.0,66621545.0,0.040982417925012095
2019-03-22,10.61,11.03,10.53,10.66,3389954.0,133385411.0,66621545.0,0.050883749393683377
2019-03-25,10.4,10.88,10.35,10.63,2303657.0,90062917.0,66621545.0,0.03457825842976173
2019-03-26,10.67,10.78,9.84,9.97,3123746.0,116848368.0,66621545.0,0.04688792491978383
2019-03-27,10.15,10.35,9.68,9.83,3397174.0,123318041.0,66621545.0,0.05099212274347585
2019-03-28,9.83,10.19,9.79,9.85,3344711.0,123039175.0,66621545.0,0.0502046447586888
2019-03-29,9.96,10.28,9.87,10.19,3108204.0,115123307.0,66621545.0,0.046654637024704244
2019-04-01,10.29,10.7,10.2,10.7,4120989.0,158781552.0,66621545.0,0.06185670116176381
2019-04-02,10.88,11.39,10.77,11.39,5335475.0,215781549.0,66621545.0,0.0800863294299164
2019-04-04,11.47,11.7,10.56,10.83,6687297.0,271464437.0,66621545.0,0.10037739292896915
2019-04-08,10.74,10.83,10.01,10.16,4286220.0,162253096.0,66621545.0,0.06433684478497159
2019-04-09,10.16,10.96,10.07,10.96,4231343.0,165253737.0,66621545.0,0.06351313227575253
2019-04-10,10.8,10.8,10.37,10.53,3491914.0,135383845.0,66621545.0,0.05241418523091892
2019-04-11,10.59,10.64,10.03,10.14,2980798.0,111270738.0,66621545.0,0.04474225267516687
2019-04-12,10.08,10.15,9.75,9.91,2218001.0,80953814.0,66621545.0,0.03329254822895506
2019-04-15,10.22,10.24,9.72,9.73,2138792.0,77845099.0,66621545.0,0.03210360852483982
2019-04-16,9.72,10.04,9.17,9.99,4478692.0,156134873.0,66621545.0,0.0672258801563368
2019-04-17,9.87,10.15,9.56,10.06,4174153.0,151110761.0,66621545.0,0.06265470126818584
2019-04-18,9.92,10.16,9.9,9.96,3130965.0,114904012.0,66621545.0,0.04699628325941706
2019-04-19,9.96,10.05,9.83,9.96,1852286.0,67490994.0,66621545.0,0.02780310783846277
2019-04-22,9.96,10.24,9.87,10.02,2149077.0,79165636.0,66621545.0,0.03225798801273672
2019-04-23,9.92,10.21,9.88,10.14,2321593.0,85704009.0,66621545.0,0.03484748064608829
2019-04-24,10.11,10.65,10.05,10.62,3916167.0,149177692.0,66621545.0,0.058782290323648304
2019-04-25,10.41,10.83,10.21,10.37,3109628.0,120133375.0,66621545.0,0.046676011491477716
2019-04-26,10.4,10.4,9.5,9.54,3644481.0,131593847.0,66621545.0,0.054704240197371586
2019-04-29,9.53,9.53,8.59,8.59,2977381.0,97531767.0,66621545.0,0.04469096296100608
2019-04-30,8.56,8.84,8.54,8.63,1454122.0,46319440.0,66621545.0,0.021826602790433636
2019-05-06,8.38,8.4,7.77,7.96,2455369.0,72839762.0,66621545.0,0.036855479710054755
2019-05-07,8.06,8.23,7.89,8.02,1746208.0,51685154.0,66621545.0,0.02621086016543147
2019-05-08,8.05,8.66,7.71,8.22,2282131.0,69232463.0,66621545.0,0.034255149741723945
2019-05-09,8.26,8.73,8.26,8.35,2369503.0,74050053.0,66688045.0,0.03553115104813764
2019-05-10,8.47,9.07,8.23,9.02,3606747.0,115238105.0,66688045.0,0.05408386165766293
2019-05-13,8.87,9.03,8.53,8.56,2836316.0,90628017.0,66688045.0,0.042531101339078094
2019-05-14,8.41,8.76,8.37,8.45,1482082.0,46726846.0,66688045.0,0.022224103285678865
2019-05-15,8.53,8.68,8.49,8.59,1199178.0,37609999.0,66688045.0,0.01798190365304606
2019-05-16,8.59,8.62,8.27,8.36,1495318.0,45925699.0,66688045.0,0.022422579639274177
2019-05-17,8.46,8.69,8.36,8.38,2495084.0,77815694.0,66688045.0,0.03741426218147496
2019-05-20,8.6,8.92,8.48,8.57,2987071.0,94444533.0,66688045.0,0.04479170142114677
2019-05-21,8.52,8.66,8.28,8.58,2147513.0,66878369.0,66688045.0,0.03220236850547951
2019-05-22,8.58,8.87,8.5,8.82,2493278.0,79656904.0,66688045.0,0.03738718086577587
2019-05-23,8.89,8.89,8.44,8.59,2419052.0,76871617.0,66688045.0,0.036274147787658195
2019-05-24,8.41,8.51,7.86,7.9,3088541.0,90816768.0,66688045.0,0.04631326349422899
2019-05-27,8.0,8.53,7.83,8.44,3030911.0,91962587.0,66688045.0,0.04544909061286772
2019-05-28,8.59,8.84,8.47,8.67,3267462.0,103578323.0,66688045.0,0.048996218137748675
2019-05-29,8.9,8.98,8.58,8.75,2916676.0,93915650.0,66688045.0,0.043736114921347595
2019-05-30,8.71,8.72,8.24,8.48,2659410.0,82656017.0,66688045.0,0.03987836200626364
2019-05-31,8.57,8.74,8.35,8.54,2577436.0,80623460.0,66688045.0,0.03864914618504711
2019-06-03,8.52,8.69,8.24,8.29,1974253.0,60733576.0,66688045.0,0.02960430164057141
2019-06-04,8.2,8.41,8.01,8.21,1986022.0,59744755.0,66688045.0,0.029780780048357994
2019-06-05,8.3,8.33,8.07,8.08,1766543.0,52907035.0,66688045.0,0.026489650431347926
2019-06-06,8.03,8.14,7.81,7.85,1832278.0,53111616.0,66688045.0,0.02747535933914392
2019-06-10,7.97,8.07,7.86,7.99,1757609.0,51353630.0,66688045.0,0.026355683391228516
2019-06-11,7.94,8.79,7.94,8.79,4138653.0,128717135.0,66688045.0,0.062059893943509664
2019-06-12,8.74,9.52,8.63,9.42,5746346.0,190756906.0,66688045.0,0.08616755821826835
2019-06-13,9.24,9.39,8.93,9.0,4207739.0,140092457.0,66688045.0,0.063095851737744
2019-06-14,9.05,9.06,8.5,8.63,5262224.0,87969825.0,126712927.0,0.041528706854037076
2019-06-17,9.05,9.35,8.69,8.86,7006292.0,120730378.0,126712927.0,0.055292637980022354
2019-06-18,8.39,9.21,8.38,8.81,6156303.0,104035604.0,126712927.0,0.04858464835241317
2019-06-19,9.37,9.69,9.17,9.69,5502435.0,100953185.0,126712927.0,0.04342441714727338
2019-06-20,10.64,10.66,9.41,9.67,22892594.0,444123139.0,126712927.0,0.18066502401921472
2019-06-21,9.3,10.09,9.3,10.04,17085762.0,323915727.0,126712927.0,0.1348383499972343
2019-06-24,9.89,10.3,9.73,9.86,9009293.0,171909509.0,126712927.0,0.07110003070168208
2019-06-25,9.81,10.23,9.78,10.17,10519357.0,203439695.0,126712927.0,0.08301723627613779
2019-06-26,10.1,10.4,9.89,10.01,8550191.0,165435276.0,126712927.0,0.06747686445598404
2019-06-27,9.98,11.01,9.94,10.35,22818032.0,463792623.0,126712927.0,0.18007659155407246
2019-06-28,10.22,10.22,9.42,9.81,14652923.0,276443230.0,126712927.0,0.11563873826385528
2019-07-01,9.93,10.79,9.88,10.79,13444086.0,271532075.0,126712927.0,0.10609877238492013
2019-07-02,10.93,11.71,10.54,10.55,26896964.0,567929480.0,126712927.0,0.21226692995577318
2019-07-03,9.89,10.22,9.76,9.82,13496826.0,258238862.0,126712927.0,0.10651498879826207
2019-07-04,9.98,9.98,9.47,9.54,7932276.0,147110284.0,126712927.0,0.06260036910046281
2019-07-05,9.58,9.82,9.53,9.73,6157668.0,115119696.0,126712927.0,0.04859542073398715
2019-07-08,9.73,10.56,9.68,9.9,11585797.0,222394498.0,126712927.0,0.09143342573090431
2019-07-09,9.83,10.87,9.8,10.55,17111418.0,342218192.0,126712927.0,0.13504082341969734
2019-07-10,10.31,10.51,10.15,10.3,12849662.0,254645008.0,126712927.0,0.1014076645865816
2019-07-11,10.33,10.36,9.87,9.95,8324345.0,160583727.0,126712927.0,0.0656945206545501
2019-07-12,9.98,10.02,9.58,9.63,7448178.0,139107419.0,126712927.0,0.058779938056359476
2019-07-15,9.1,9.11,8.67,8.99,13976879.0,237420198.0,126712927.0,0.11030349729037511
2019-07-16,8.91,9.29,8.91,9.12,6846289.0,120371966.0,126712927.0,0.05402991756318596
2019-07-17,9.15,9.45,8.99,9.16,7828432.0,138891223.0,126712927.0,0.061780847347958426
2019-07-18,9.2,9.52,9.1,9.41,9846053.0,176912370.0,126712927.0,0.07770361898435192
2019-07-19,9.42,10.08,9.28,10.07,13741999.0,255452694.0,126712927.0,0.10844985847418709
2019-07-22,9.85,9.85,9.06,9.06,13869777.0,247614242.0,126712927.0,0.10945826387547657
2019-07-23,8.96,9.23,8.94,9.08,6997620.0,122117726.0,126712927.0,0.055224199816645385
2019-07-24,9.08,9.4,8.91,9.25,8269916.0,146613678.0,126712927.0,0.0652649748987331
2019-07-25,9.34,9.46,9.13,9.2,6405324.0,114091912.0,126712927.0,0.050549885884965784
2019-07-26,9.3,9.51,9.13,9.16,5857854.0,104448348.0,126712927.0,0.04622933222906294
2019-07-29,9.16,9.23,8.83,9.23,8681684.0,150130411.0,126712927.0,0.06851458809723494
2019-07-30,9.14,9.37,9.12,9.18,6076360.0,108020449.0,126712927.0,0.047953749817490995
2019-07-31,9.14,9.23,8.86,8.88,5665699.0,98188140.0,126712927.0,0.04471287290206784
2019-08-01,8.86,9.07,8.84,8.96,4361463.0,74997371.0,126712927.0,0.0344200319830036
2019-08-02,8.7,8.83,8.58,8.72,5748794.0,96084697.0,126712927.0,0.045368646562793075
2019-08-05,8.64,8.83,8.44,8.53,3888275.0,64771173.0,126712927.0,0.030685701072945777
2019-08-06,8.32,8.61,8.06,8.56,6003893.0,96168998.0,126712927.0,0.04738185078780478
2019-08-07,8.59,8.67,8.38,8.4,3723074.0,60936169.0,126712927.0,0.02938195879572729
2019-08-08,8.42,9.14,8.42,9.03,9422115.0,160630616.0,126712927.0,0.07435796191496705
2019-08-09,9.25,9.68,9.2,9.28,13585503.0,245025790.0,126712927.0,0.10721481479154846
2019-08-12,9.47,10.09,9.32,10.0,14063773.0,262965092.0,126712927.0,0.11098925210685094
2019-08-13,9.83,10.46,9.83,10.04,14483071.0,281577340.0,126712927.0,0.11429829097073892
2019-08-14,10.36,10.58,10.17,10.33,11602515.0,230820413.0,126712927.0,0.09156536175665803
2019-08-15,10.08,10.64,10.08,10.49,9990035.0,199136940.0,126712927.0,0.07883990399811379
2019-08-16,10.49,11.54,10.41,11.54,21702409.0,469970470.0,126712927.0,0.1712722570128934
2019-08-19,11.61,12.04,11.03,11.81,23483524.0,519218616.0,126712927.0,0.1853285576774657
2019-08-20,11.6,11.78,11.28,11.47,13303542.0,292967694.0,126712927.0,0.10498961956738637
2019-08-21,11.38,11.88,11.37,11.44,11430348.0,254689140.0,126712927.0,0.09020664482006638
2019-08-22,11.57,11.94,11.44,11.88,11454353.0,257529204.0,126712927.0,0.09039608879053042
2019-08-23,11.91,11.91,11.39,11.45,8845371.0,196131604.0,126712927.0,0.06980638210653914
2019-08-26,11.26,12.6,11.26,12.6,23546040.0,557436666.0,126712927.0,0.18582192486169938
2019-08-27,12.07,12.62,12.02,12.23,16530915.0,390496088.0,126712927.0,0.13045957812970416
2019-08-28,12.23,12.23,11.44,11.45,13196683.0,296181877.0,126712927.0,0.10414630387316363
2019-08-29,11.42,11.7,11.31,11.37,9087908.0,199938673.0,126712927.0,0.07172044885365168
2019-08-30,11.4,11.78,10.97,11.38,11718887.0,258458251.0,126712927.0,0.09248375266400405
2019-09-02,11.3,11.84,11.0,11.71,11172799.0,246923378.0,126712927.0,0.08817410555120395
2019-09-03,11.89,12.88,11.89,12.88,14508832.0,348452685.0,126712927.0,0.11450159303793843
2019-09-04,13.49,13.77,12.63,13.2,21901685.0,556769037.0,126712927.0,0.17284491423672976
2019-09-05,13.2,14.34,13.01,13.62,18462418.0,489195057.0,126712927.0,0.145702719028817
2019-09-06,13.59,14.33,13.26,13.5,13502508.0,359244897.0,126712927.0,0.10655983031628652
2019-09-09,13.86,14.1,13.54,13.96,10355365.0,275636083.0,126712927.0,0.08172303525117054
2019-09-10,13.96,13.97,12.94,13.46,12735984.0,330966945.0,126712927.0,0.10051053433561676
2019-09-11,13.89,14.14,12.84,12.97,16574256.0,426058023.0,126712927.0,0.13080161900135098
2019-09-12,13.22,13.29,12.67,12.76,9855029.0,243411459.0,126712927.0,0.07777445627153731
2019-09-16,12.87,13.1,12.36,12.86,11577744.0,284324098.0,126712927.0,0.09136987262554515
2019-09-17,12.85,13.03,12.33,12.38,9603191.0,232144031.0,126712927.0,0.07578698738448367
2019-09-18,12.43,12.5,12.04,12.28,7241533.0,170582149.0,126712927.0,0.05714912575573288
2019-09-19,12.26,12.89,12.12,12.67,11762177.0,283949747.0,126712927.0,0.09282539105106459
2019-09-20,12.63,13.2,12.54,12.79,12152808.0,300636641.0,126712927.0,0.0959081941181897
2019-09-23,12.8,13.09,12.28,13.04,12863851.0,310568961.0,126712927.0,0.10151964211196858
2019-09-24,13.2,13.89,12.85,13.52,19553611.0,506726063.0,126712927.0,0.154314255561313
2019-09-25,13.42,13.78,12.71,12.71,11806982.0,300249840.0,126712927.0,0.09317898559789405
2019-09-26,12.55,12.8,11.44,11.44,14491072.0,331620444.0,126712927.0,0.11436143369965718
2019-09-27,11.43,11.65,11.15,11.33,8875346.0,194577889.0,126712927.0,0.07004294044916191
2019-09-30,11.27,11.37,10.86,10.92,8134005.0,173282164.0,126712927.0,0.06419238504371381
2019-10-08,11.09,11.24,10.72,10.97,6336211.0,134725640.0,126712927.0,0.050004456135718495
2019-10-09,10.85,11.13,10.67,11.11,5759520.0,121757702.0,126712927.0,0.045453294595586134
2019-10-10,11.13,11.32,11.0,11.24,5645477.0,121358393.0,126712927.0,0.044553283817680256
2019-10-11,11.34,11.36,10.84,11.07,6697493.0,142988275.0,126712927.0,0.052855641161221066
2019-10-14,11.28,11.65,11.16,11.65,8484781.0,186526271.0,126712927.0,0.06696065824444257
2019-10-15,11.08,11.08,10.49,10.49,11917931.0,245499289.0,126712927.0,0.09405457897756557
2019-10-16,10.37,10.65,10.34,10.4,7522541.0,151755654.0,126712927.0,0.059366800042429765
2019-10-17,10.5,10.51,10.28,10.4,3979222.0,79541092.0,126712927.0,0.03140344157624896
2019-10-18,10.34,10.47,9.99,10.34,6824803.0,134636127.0,126712927.0,0.053860353174542325
2019-10-21,10.34,10.38,9.88,10.05,7322933.0,141846200.0,126712927.0,0.05779152272285526
2019-10-22,10.15,10.55,10.1,10.4,6654792.0,132191742.0,126712927.0,0.05251865107653934
2019-10-23,10.44,10.54,10.22,10.24,4013296.0,79996859.0,126712927.0,0.03167234863101221
2019-10-24,10.29,10.33,10.06,10.14,3461942.0,67786928.0,126712927.0,0.027321143011714975
2019-10-25,10.12,10.53,9.98,10.42,5494894.0,108998207.0,126712927.0,0.04336490467148628
2019-10-28,10.54,11.26,10.54,11.04,9125312.0,191608646.0,126712927.0,0.07201563578434267
2019-10-29,11.07,11.26,10.82,10.86,7470205.0,158811828.0,126712927.0,0.05895377193835953
2019-10-30,10.91,11.41,10.75,11.19,9106030.0,195868075.0,126712927.0,0.07186346504331007
2019-10-31,11.03,11.39,10.98,11.06,6780003.0,145577213.0,126712927.0,0.053506798086986024
2019-11-01,10.93,11.33,10.93,11.2,5520677.0,119032547.0,126712927.0,0.04356838035948771
2019-11-04,11.2,11.51,11.08,11.41,6696597.0,146593946.0,126712927.0,0.05284857005946994
2019-11-05,11.36,11.75,11.26,11.64,8537073.0,189076160.0,126712927.0,0.06737333910690896
2019-11-06,11.65,11.73,11.19,11.46,7777088.0,170909562.0,126712927.0,0.06137564796368408
2019-11-07,11.34,11.47,11.23,11.33,3736690.0,81458567.0,126712927.0,0.02948941428840958
2019-11-08,11.34,11.45,11.04,11.04,5393440.0,116122013.0,126712927.0,0.042564244451554656
2019-11-11,10.92,11.15,10.87,10.92,4180176.0,88419761.0,126712927.0,0.03298934133215942
2019-11-12,10.95,10.97,10.55,10.87,6192062.0,128410789.0,126712927.0,0.04886685318223294
2019-11-13,10.93,11.17,10.81,11.06,7096902.0,150565667.0,126712927.0,0.056007718928314236
2019-11-14,10.93,11.34,10.69,11.19,8530365.0,181158366.0,126712927.0,0.06732040054603111
2019-11-15,11.14,11.52,11.04,11.08,8120751.0,176485956.0,126712927.0,0.06408778640240866
2019-11-18,10.85,11.0,10.59,10.96,7944506.0,164663662.0,126712927.0,0.06269688648262382
2019-11-19,10.81,11.4,10.69,11.28,8914438.0,188721403.0,126712927.0,0.07035144883047331
2019-11-20,11.23,11.43,11.11,11.39,11169359.0,242407196.0,126712927.0,0.08814695757126659
2019-11-21,11.26,11.36,10.92,10.93,7161442.0,153482829.0,126712927.0,0.05651705922632503
2019-11-22,10.98,11.17,10.58,10.63,6073300.0,126646597.0,126712927.0,0.04792960074231416
2019-11-25,10.56,10.62,9.84,9.99,6866363.0,133827794.0,126712927.0,0.05418833865308786
2019-11-26,9.96,10.15,9.84,10.0,4153769.0,79460464.0,126712927.0,0.03278094112686703
2019-11-27,9.95,10.34,9.92,10.16,4309192.0,84335571.0,126712927.0,0.034007516849484505
2019-11-28,10.07,10.33,10.02,10.12,3178749.0,62178099.0,126712927.0,0.025086225022645084
2019-11-29,10.09,10.3,10.08,10.19,2888544.0,56609361.0,126712927.0,0.022795969348888927
2019-12-02,10.2,10.62,10.16,10.49,5331965.0,106985962.0,126712927.0,0.04207909268799386
2019-12-03,10.46,10.8,10.31,10.79,6385524.0,129609765.0,126712927.0,0.05039362716323331
2019-12-04,10.68,11.33,10.68,11.07,9062030.0,191670100.0,126712927.0,0.07151622343946012
2019-12-05,10.95,11.38,10.95,11.19,8850512.0,190168441.0,126712927.0,0.06984695413120715
2019-12-06,11.11,11.85,11.11,11.64,12576393.0,278865429.0,126712927.0,0.09925106536288913
2019-12-09,11.78,12.2,11.46,11.48,12947078.0,291617819.0,126712927.0,0.10217645749750537
2019-12-10,11.59,11.88,11.4,11.82,10421126.0,233914820.0,126712927.0,0.08224201150368818
2019-12-11,11.82,11.95,11.58,11.71,8975977.0,202901123.0,126712927.0,0.07083710567273062
2019-12-12,11.74,12.35,11.69,12.0,14057367.0,324904008.0,126712927.0,0.11093869688607225
2019-12-13,12.03,12.22,11.48,11.84,9589560.0,218637174.0,126712927.0,0.07567941351398189
2019-12-16,11.97,12.23,11.86,12.23,9994663.0,231967071.0,126712927.0,0.0788764275013551
2019-12-17,12.1,12.31,11.92,11.97,9533811.0,220631482.0,126712927.0,0.07523945051004938
2019-12-18,12.03,12.18,11.86,12.02,7976656.0,184673047.0,126712927.0,0.06295060960907327
2019-12-19,12.15,12.62,12.04,12.17,11176076.0,263423345.0,126712927.0,0.08819996715883613
2019-12-20,12.02,12.19,11.61,11.61,9693423.0,221181958.0,126712927.0,0.0764990852117243
2019-12-23,11.45,11.94,11.19,11.7,10145737.0,226594675.0,126712927.0,0.08006868154817386
2019-12-24,11.85,12.33,11.57,12.25,11556222.0,266420145.0,126712927.0,0.09120002413013473
2019-12-25,12.25,13.22,12.08,12.86,21028309.0,517384100.0,126712927.0,0.1659523578048197
2019-12-26,12.95,13.25,12.8,13.13,15763676.0,394105552.0,126712927.0,0.12440463947297184
2019-12-27,13.01,13.05,12.44,12.49,14651196.0,358412837.0,126712927.0,0.11562510903090416
2019-12-30,12.28,12.56,11.87,12.54,8944456.0,210986102.0,126712927.0,0.07058834652284529
2019-12-31,12.54,12.64,12.14,12.39,6396021.0,152220654.0,126712927.0,0.05047646796131542
2020-01-02,12.49,12.95,12.35,12.76,8053822.0,196964968.0,126712927.0,0.06355959246367973
2020-01-03,12.73,13.1,12.61,12.73,8230641.0,202961642.0,126712927.0,0.06495502230802387
2020-01-06,12.4,13.06,12.28,12.87,7393418.0,181635206.0,126712927.0,0.05834778009665896
2020-01-07,12.95,12.95,12.49,12.65,8260918.0,201061135.0,126712927.0,0.06519396399074578
2020-01-08,12.67,12.67,12.27,12.27,6274228.0,149988699.0,126712927.0,0.04951529531000416
2020-01-09,12.38,12.53,12.3,12.48,5419060.0,129581465.0,126712927.0,0.042766433767250915
2020-01-10,12.56,12.84,12.42,12.64,8313586.0,202283162.0,126712927.0,0.06560961219055417
2020-01-13,12.53,13.45,12.49,13.44,14770180.0,371801468.0,126712927.0,0.11656411346255145
2020-01-14,13.37,13.51,13.0,13.05,11718534.0,296785006.0,126712927.0,0.09248096683931861
2020-01-15,13.0,13.36,12.9,13.24,9764077.0,245972108.0,126712927.0,0.07705667630896096
2020-01-16,13.23,14.18,13.14,13.8,14826719.0,392405129.0,126712927.0,0.117010311031644
2020-01-17,13.72,14.15,13.58,14.12,11522318.0,307795027.0,126712927.0,0.09093245869065908
2020-01-20,13.99,15.53,13.94,15.18,22408752.0,649316726.0,126712927.0,0.1768466132898974
2020-01-21,14.95,15.95,14.83,15.34,16146509.0,479446337.0,126712927.0,0.1274259018576692
2020-01-22,14.98,16.88,14.83,16.64,16952777.0,520843602.0,126712927.0,0.13378885170887103
2020-01-23,16.11,16.55,14.98,15.49,15831093.0,482418822.0,126712927.0,0.12493668463676165
2020-02-03,13.94,14.19,13.94,13.94,12959020.0,347359996.0,126712927.0,0.1022707020255321
2020-02-04,14.36,15.04,14.36,14.93,11697829.0,330549442.0,126712927.0,0.09231756598914331
2020-02-05,14.83,15.77,14.67,15.47,11750214.0,347169491.0,126712927.0,0.09273098079409056
2020-02-06,15.19,16.01,15.09,15.78,10769361.0,322413520.0,126712927.0,0.0849902315017946
2020-02-07,15.61,16.12,15.45,15.95,11660541.0,352773639.0,126712927.0,0.09202329451358976
2020-02-10,15.71,16.1,15.28,15.55,9415847.0,283040665.0,126712927.0,0.0743084957701277
2020-02-11,15.56,15.76,15.19,15.2,8318712.0,246537062.0,126712927.0,0.06565006583740268
2020-02-12,15.24,15.66,15.04,15.56,10378029.0,306503770.0,126712927.0,0.0819018962445718
2020-02-13,15.46,16.99,15.4,16.08,14802820.0,460224010.0,126712927.0,0.11682170359777104
2020-02-14,16.13,17.17,16.03,16.55,14058952.0,449361933.0,126712927.0,0.11095120547566548
2020-02-17,16.8,17.05,16.45,16.9,10959856.0,352861751.0,126712927.0,0.08649359035009901
2020-02-18,17.17,17.94,16.95,17.61,12223159.0,410052968.0,126712927.0,0.09646339398347258
2020-02-19,17.17,18.72,17.17,17.99,13580603.0,466854536.0,126712927.0,0.10717614470384698
2020-02-20,17.74,18.19,17.07,17.81,11059598.0,375029590.0,126712927.0,0.08728073971489901
2020-02-21,17.56,18.15,17.56,17.98,10232869.0,350844358.0,126712927.0,0.08075631462605232
2020-02-24,17.75,19.04,17.69,18.79,12161553.0,429493959.0,126712927.0,0.09597720838695487
2020-02-25,18.0,19.2,17.43,18.99,13546766.0,482975322.0,126712927.0,0.10690910801863175
2020-02-26,18.61,18.94,17.09,17.09,13180943.0,449392852.0,126712927.0,0.10402208608124094
2020-02-27,17.12,17.29,15.43,15.86,11989125.0,373052207.0,126712927.0,0.09461643167630403
2020-02-28,14.96,15.19,14.28,14.28,11406708.0,322702831.0,126712927.0,0.09002008137654337
2020-03-02,14.69,15.02,14.28,14.71,9456507.0,266548960.0,126712927.0,0.07462937857950358
2020-03-03,15.02,15.42,14.77,14.98,8102243.0,235006678.0,126712927.0,0.06394172395686196
2020-03-04,14.67,14.91,14.02,14.68,7574625.0,211179728.0,126712927.0,0.0597778393991325
2020-03-05,14.95,15.06,14.31,14.57,6283678.0,176003318.0,126712927.0,0.04958987333628557
2020-03-06,14.34,14.75,14.33,14.49,4341050.0,121691864.0,126712927.0,0.03425893555438112
2020-03-09,14.08,14.34,13.37,13.42,6718474.0,178562657.0,126712927.0,0.053021220163275054
2020-03-10,13.42,14.1,13.31,14.08,7227893.0,191902122.0,126712927.0,0.0570414808585394
2020-03-11,14.12,14.41,13.58,13.65,5413903.0,145610001.0,126712927.0,0.042725735472908775
2020-03-12,13.43,13.82,13.32,13.43,3870586.0,100723415.0,126712927.0,0.03054610205634347
2020-03-13,12.79,14.51,12.78,14.15,10527819.0,281704943.0,126712927.0,0.08308401715004184
2020-03-16,14.57,14.99,14.27,14.4,12480115.0,350228265.0,126712927.0,0.09849125338253768
2020-03-17,14.69,15.17,13.88,15.17,12560817.0,353630402.0,126712927.0,0.09912814183512626
2020-03-18,15.45,15.8,14.87,14.97,13269629.0,393366020.0,126712927.0,0.10472198310121902
2020-03-19,15.03,15.81,14.8,15.8,10809253.0,316969878.0,127890739.0,0.08451943498426419
2020-03-20,15.69,16.02,15.25,15.41,8925057.0,267330701.0,127890739.0,0.06978657774430407
2020-03-23,14.67,15.04,13.87,13.87,7496642.0,205519844.0,127890739.0,0.058617551658685776
2020-03-24,14.16,14.17,12.52,13.19,8518844.0,217698487.0,127890739.0,0.06661032742957251
2020-03-25,13.51,13.67,13.22,13.37,4761950.0,122958377.0,127890739.0,0.03723451781758803
2020-03-26,13.5,13.6,12.95,13.03,4547592.0,116646320.0,127890739.0,0.03555841521879079
2020-03-27,13.3,13.42,12.59,12.64,4642182.0,115198475.0,127890739.0,0.0362980309309183
2020-03-30,12.28,12.38,11.55,11.82,6248090.0,142087266.0,127890739.0,0.048854905748883036
2020-03-31,12.02,12.28,11.76,11.8,3893114.0,89660053.0,127890739.0,0.030440937556862502
2020-04-01,11.76,12.2,11.61,11.89,3903911.0,90122203.0,127890739.0,0.030525361183502114
2020-04-02,11.53,12.41,11.5,12.41,6942981.0,160897468.0,128636682.0,0.05397357030710727
2020-04-03,12.36,12.46,11.81,11.98,5315996.0,123430699.0,128636682.0,0.041325661680235194
2020-04-07,12.26,12.4,12.17,12.24,5060215.0,119265154.0,128636682.0,0.0393372630677772
2020-04-08,12.2,12.54,12.05,12.4,5621150.0,133280539.0,128636682.0,0.04369787771733727
2020-04-09,12.43,12.57,12.23,12.29,4127683.0,98050765.0,128636682.0,0.03208791563824695
2020-04-10,12.37,12.42,11.79,11.85,4564676.0,105472196.0,128636682.0,0.0354850259586142
2020-04-13,11.65,11.9,11.58,11.69,2748074.0,61711463.0,128636682.0,0.021363066562926428
2020-04-14,11.77,12.01,11.77,12.0,3103190.0,70893300.0,128636682.0,0.024123678811927066
2020-04-15,12.01,12.37,11.89,12.07,4939245.0,115611746.0,128636682.0,0.038396862568330234
2020-04-16,11.92,12.31,11.74,12.19,4152791.0,96710041.0,128636682.0,0.03228310102090475
2020-04-17,12.32,12.84,12.32,12.45,8015378.0,193911040.0,128636682.0,0.062310204798348263
2020-04-20,12.55,12.77,12.46,12.65,4171348.0,101011803.0,128636682.0,0.03242736002783405
2020-04-21,12.49,12.49,12.17,12.37,4727970.0,111716753.0,128636682.0,0.036754446138466165
2020-04-22,12.25,12.88,12.18,12.79,6252728.0,151803308.0,128636682.0,0.04860765920563778
2020-04-23,12.78,12.99,12.47,12.47,3819587.0,92480634.0,128636682.0,0.029692828986369532
2020-04-24,12.45,12.63,11.91,12.0,4116170.0,96688893.0,128636682.0,0.03199841550639498
2020-04-27,12.12,12.17,11.76,11.81,2866229.0,65806428.0,128636682.0,0.02228158372430657
2020-04-28,11.73,12.61,11.51,12.36,6985239.0,163193109.0,128636682.0,0.054302076914577134
2020-04-29,12.21,13.59,12.21,13.11,12972617.0,328792195.0,128636682.0,0.10084694970599443
2020-04-30,13.29,13.81,13.06,13.76,12083397.0,314364054.0,128636682.0,0.09393430250323154
2020-05-06,13.53,14.36,13.48,14.19,10367327.0,279002781.0,128636682.0,0.08059386202141004
2020-05-07,14.07,14.34,13.69,13.77,7739261.0,206517552.0,128636682.0,0.06016371753120933
2020-05-08,13.84,14.15,13.68,13.79,6924516.0,184518936.0,128636682.0,0.05383002649275422
2020-05-11,13.89,14.21,13.76,13.98,7281152.0,195700774.0,128636682.0,0.05660245496692771
2020-05-12,13.81,14.62,13.81,14.51,9883639.0,271081448.0,128636682.0,0.0768337525994335
2020-05-13,14.59,15.18,14.36,14.61,10841049.0,308137938.0,128636682.0,0.08427649743018092
2020-05-14,14.4,15.0,14.4,14.92,9774800.0,277902369.0,128636682.0,0.07598765646023115
2020-05-15,15.07,15.35,14.74,14.85,10337292.0,298693809.0,128636682.0,0.08036037496676103
2020-05-18,15.24,15.65,14.87,15.04,13433144.0,393879910.0,128636682.0,0.10442700939689971
2020-05-19,15.3,15.63,14.89,15.6,12048153.0,353553656.0,128636682.0,0.0936603215558685
2020-05-20,15.23,15.46,14.51,14.71,12658505.0,364522476.0,128636682.0,0.09840509567869607
2020-05-21,14.8,14.8,13.9,13.92,8821980.0,241171583.0,128636682.0,0.06858059351997278
2020-05-22,13.82,13.96,13.26,13.41,8239004.0,215179435.0,128636682.0,0.06404863583157408
2020-05-25,13.44,13.66,13.11,13.41,5857826.0,150979685.0,128636682.0,0.04553775726273786
2020-05-26,13.45,14.29,13.41,14.29,9128748.0,243108574.0,184540000.0,0.049467584263574296
2020-05-27,14.21,14.55,14.06,14.33,7915283.0,217182491.0,184540000.0,0.04289196380188577
2020-05-28,14.25,14.33,13.66,14.22,6644459.0,178978893.0,184540000.0,0.036005521838083886
2020-05-29,14.1,14.7,14.08,14.33,6282132.0,174272560.0,184540000.0,0.03404211553050829
2020-06-01,14.44,15.32,14.36,15.04,7836870.0,225567123.0,184540000.0,0.04246705321339547
2020-06-02,15.24,15.51,14.83,15.38,8818491.0,257351278.0,184540000.0,0.04778633900509375
2020-06-03,15.38,16.01,15.19,15.5,10080269.0,302448926.0,184540000.0,0.054623761786062645
2020-06-04,15.39,16.02,15.24,15.59,7221012.0,217250604.0,184540000.0,0.039129792998807846
2020-06-05,15.61,16.0,15.35,15.87,9134619.0,276772824.0,184540000.0,0.049499398504389294
2020-06-08,16.02,16.1,15.27,15.46,7881694.0,237096714.0,184540000.0,0.04270994906253387
2020-06-09,15.35,16.2,15.19,15.86,9700117.0,295498643.0,184540000.0,0.052563763953614395
2020-06-10,15.73,15.84,15.4,15.47,4371384.0,130550322.0,184540000.0,0.0236880026010621
2020-06-11,15.5,15.76,15.1,15.22,5514300.0,163593379.0,184540000.0,0.029881326541671183
2020-06-12,14.82,15.35,14.78,14.99,5654119.0,163965544.0,184540000.0,0.030638988837108486
2020-06-15,14.8,14.97,14.31,14.31,7544876.0,211828006.0,184540000.0,0.04088477294895416
2020-06-16,14.51,14.71,14.41,14.58,4852412.0,135752115.0,184540000.0,0.026294635309418012
2020-06-17,14.58,14.61,14.19,14.39,4006322.0,110730344.0,184540000.0,0.021709775658393844
2020-06-18,14.34,14.69,14.34,14.58,4456957.0,124696966.0,184540000.0,0.024151712365882736
2020-06-19,14.57,14.95,14.39,14.86,6955554.0,196847283.0,184540000.0,0.0376913081174813
2020-06-22,14.93,15.64,14.93,15.6,9328707.0,275962003.0,184540000.0,0.0505511379646689
2020-06-23,15.5,15.74,15.35,15.55,5863254.0,174514639.0,184540000.0,0.03177226617535494
2020-06-24,15.57,15.92,15.41,15.76,7301342.0,219704010.0,184540000.0,0.03956509157906145
2020-06-29,15.61,16.09,15.47,15.87,7800180.0,237058437.0,184540000.0,0.042268234529099384
2020-06-30,15.95,16.09,15.73,16.02,6783119.0,207637576.0,184540000.0,0.0367569036523247
2020-07-01,16.11,16.38,15.35,15.84,9069182.0,276556672.0,184540000.0,0.04914480329467866
2020-07-02,15.71,16.23,15.61,16.0,8519468.0,261545891.0,184540000.0,0.04616596943752032
2020-07-03,15.97,16.32,15.58,16.16,8699097.0,267746316.0,184540000.0,0.04713935732090604
2020-07-06,16.41,17.46,16.23,17.31,12652419.0,412155651.0,184540000.0,0.06856193237238539
2020-07-07,17.5,18.45,17.33,17.36,12043691.0,414413391.0,184540000.0,0.06526330876774683
2020-07-08,17.65,18.15,17.08,17.9,9924175.0,337115046.0,184540000.0,0.05377790722878509
2020-07-09,17.69,18.19,17.56,17.82,11759302.0,404503630.0,184540000.0,0.06372223908095806
2020-07-10,17.69,18.25,17.21,18.12,12187769.0,418104308.0,184540000.0,0.06604405007044543
2020-07-13,18.03,19.35,18.03,19.21,14113559.0,511728554.0,184540000.0,0.07647967378346159
2020-07-14,19.03,19.03,17.53,18.0,12394077.0,435989886.0,184540000.0,0.06716200823669666
2020-07-15,18.21,18.31,16.49,16.55,11243016.0,371329398.0,184540000.0,0.060924547523572126
2020-07-16,16.69,16.87,15.67,15.86,8102437.0,254050461.0,184540000.0,0.04390612875257397
2020-07-17,15.85,16.13,15.39,15.54,6989402.0,210059951.0,184540000.0,0.037874726346591524
2020-07-20,15.73,16.25,15.26,16.24,5873903.0,178152891.0,184540000.0,0.031829971821827244
2020-07-21,16.23,16.53,16.02,16.44,5463824.0,171504720.0,184540000.0,0.029607803186301074
2020-07-22,16.52,16.89,16.38,16.49,5552730.0,177704550.0,184540000.0,0.030089574076081066
2020-07-23,16.27,16.54,15.55,16.1,6939500.0,213620762.0,184540000.0,0.037604313427983094
2020-07-24,16.09,16.22,14.89,15.05,6486001.0,193164877.0,184540000.0,0.035146857049962066
2020-07-27,14.93,15.17,14.51,14.79,4413131.0,125558024.0,184540000.0,0.02391422455836133
2020-07-28,14.87,15.08,14.59,14.9,3792344.0,108134107.0,184540000.0,0.02055025468733066
2020-07-29,14.83,15.39,14.74,15.29,5421250.0,158331230.0,184540000.0,0.0293770998157581
2020-07-30,15.38,15.55,14.97,15.09,4775849.0,139469414.0,184540000.0,0.02587974964777284
2020-07-31,15.22,15.86,15.05,15.72,6242494.0,185620620.0,184540000.0,0.03382732198981251
2020-08-03,16.06,16.7,15.8,16.56,8221300.0,259440993.0,184540000.0,0.044550233011813156
2020-08-04,16.65,16.68,15.87,16.06,5442283.0,169453320.0,184540000.0,0.029491075105668146
2020-08-05,17.01,17.1,16.17,16.39,6707632.0,212476563.0,184540000.0,0.03634784870488783
2020-08-06,16.14,16.28,15.81,16.17,5770579.0,178113946.0,184540000.0,0.03127007152920776
2020-08-07,16.02,16.21,15.27,15.67,4829892.0,145414825.0,184540000.0,0.026172602145876234
2020-08-10,15.5,15.95,15.17,15.51,5111726.0,151984896.0,184540000.0,0.027699826595859976
2020-08-11,15.61,15.63,14.94,14.97,3926574.0,115669613.0,184540000.0,0.021277630865936925
2020-08-12,15.01,15.16,14.41,14.84,3593327.0,101510972.0,184540000.0,0.019471805570607997
2020-08-13,14.99,14.99,14.76,14.85,2189915.0,62551894.0,184540000.0,0.011866885228134822
2020-08-14,14.87,15.06,14.76,15.06,2440897.0,70074655.0,184540000.0,0.013226926411618078
2020-08-17,15.09,15.43,14.93,15.36,3496269.0,102175274.0,184540000.0,0.018945859976156932
2020-08-18,15.35,15.36,15.0,15.1,3353646.0,97584728.0,184540000.0,0.018173003142950037
2020-08-19,15.04,15.05,14.47,14.53,3569134.0,100821746.0,184540000.0,0.019340706621870596
2020-08-20,14.36,14.65,14.13,14.23,2483422.0,68419583.0,184540000.0,0.013457364257071638
2020-08-21,14.31,14.52,14.06,14.36,2215167.0,60926359.0,184540000.0,0.012003722770131137
2020-08-24,14.45,14.97,14.15,14.84,3635557.0,102629452.0,184540000.0,0.019700644846645715
2020-08-25,14.82,15.19,14.67,15.12,3909272.0,112562693.0,184540000.0,0.021183873414977784
2020-08-26,15.08,15.19,14.16,14.46,3819103.0,107169070.0,184540000.0,0.020695258480546222
2020-08-27,14.04,14.91,13.88,14.79,3787718.0,104849054.0,184540000.0,0.020525186951338464
2020-08-28,15.06,15.13,14.78,14.93,4329905.0,124601992.0,184540000.0,0.02346323290343557
2020-08-31,15.28,16.11,15.22,15.43,7564127.0,227534150.0,184540000.0,0.040989091795816626
2020-09-01,15.16,15.81,15.16,15.62,4808372.0,143537305.0,184540000.0,0.0260559878617102
2020-09-02,15.43,16.0,15.35,15.89,5687374.0,171080352.0,184540000.0,0.03081919367074889
2020-09-03,15.87,16.08,15.55,15.72,5476577.0,166426438.0,184540000.0,0.02967691015497995
2020-09-04,15.39,16.32,15.39,16.21,7355809.0,227346748.0,184540000.0,0.03986024168202016
2020-09-07,16.5,16.65,15.44,15.5,7742381.0,236963509.0,184540000.0,0.04195502872006069
2020-09-08,15.49,15.58,14.59,14.98,5990362.0,173148911.0,184540000.0,0.03246104909504714
2020-09-09,14.82,14.84,14.0,14.14,5857213.0,161706796.0,184540000.0,0.03173953072504606
2020-09-10,14.36,14.54,14.08,14.24,4238295.0,116355543.0,184540000.0,0.022966809363823563
2020-09-11,14.19,14.59,13.91,14.53,3067446.0,84834815.0,184540000.0,0.016622119865611792
2020-09-14,14.65,15.08,14.57,15.04,4427525.0,126976106.0,184540000.0,0.023992223908095807
2020-09-15,14.46,15.07,14.06,14.78,6522086.0,181526481.0,184540000.0,0.03534239731223583
2020-09-16,14.59,14.88,14.28,14.35,3041512.0,84466709.0,184540000.0,0.016481586647881217
2020-09-17,14.32,14.96,14.31,14.87,4202330.0,118640288.0,184540000.0,0.02277191936707489
2020-09-18,14.78,14.98,14.69,14.88,3282713.0,93615345.0,184540000.0,0.01778862577219031
2020-09-21,14.91,15.01,14.6,14.68,3042734.0,86740599.0,184540000.0,0.01648820851847838
2020-09-22,14.57,14.68,14.23,14.26,2866554.0,79400343.0,184540000.0,0.015533510350059608
2020-09-23,14.33,14.44,14.1,14.3,2763642.0,75750857.0,184540000.0,0.014975842635742928
2020-09-24,14.15,14.31,13.88,13.99,2213906.0,59860489.0,184540000.0,0.011996889563238322
2020-09-25,13.99,14.24,13.2,13.32,5896668.0,152788473.0,184540000.0,0.031953332610816086
2020-09-28,13.39,13.78,13.09,13.21,4484540.0,115223780.0,184540000.0,0.024301181315703912
2020-09-29,13.26,13.61,13.02,13.45,3364563.0,86645033.0,184540000.0,0.018232161049095048
2020-09-30,13.37,13.63,13.37,13.53,2387399.0,61947435.0,184540000.0,0.012937027202774466
2020-10-09,13.8,14.09,13.75,14.01,3430600.0,91873630.0,184540000.0,0.018590007586431125
2020-10-12,14.01,14.59,13.97,14.56,4227604.0,116674647.0,184540000.0,0.02290887612441747
2020-10-13,14.56,14.68,14.42,14.59,2660686.0,74254183.0,184540000.0,0.014417936490733717
2020-10-14,14.61,14.66,14.41,14.48,2311188.0,64499114.0,184540000.0,0.012524048986669556
2020-10-15,14.65,15.2,14.49,14.53,4877440.0,138648107.0,184540000.0,0.02643025902243416
2020-10-16,14.47,14.72,14.36,14.62,2783105.0,77774867.0,184540000.0,0.015081310285033055
2020-10-19,14.6,14.68,14.09,14.2,3274885.0,89984881.0,184540000.0,0.017746206784436978
2020-10-20,14.22,14.57,13.93,14.55,3258047.0,89604028.0,184540000.0,0.017654963693508184
2020-10-21,14.57,14.57,13.77,13.87,4397654.0,118654347.0,215522860.0,0.02040458260436967
2020-10-22,13.87,13.89,13.68,13.71,2608726.0,69076744.0,215522860.0,0.012104173079366152
2020-10-23,13.79,13.8,13.25,13.31,2527161.0,65655580.0,215522860.0,0.011725721345754227
2020-10-26,13.21,13.33,13.04,13.24,2062438.0,52398823.0,215522860.0,0.00956946284027597
2020-10-27,13.24,13.31,12.91,12.95,3492983.0,87466602.0,215522860.0,0.01620701859654238
2020-10-28,12.94,13.16,12.52,12.69,3540698.0,86537203.0,215522860.0,0.016428410424768863
2020-10-29,12.49,12.85,12.38,12.81,2512478.0,61216706.0,215522860.0,0.011657594001861334
2020-10-30,13.05,13.23,12.54,12.75,5821328.0,144519778.0,215522860.0,0.027010257751776307
2020-11-02,12.67,12.82,12.11,12.3,6554220.0,155827068.0,215522860.0,0.030410787978593083
2020-11-03,12.34,12.99,12.3,12.69,5863348.0,142968725.0,215522860.0,0.027205225468889937
2020-11-04,12.75,12.93,12.61,12.67,3384796.0,82945591.0,215522860.0,0.015705044003220817
2020-11-05,12.84,12.99,12.54,12.82,5192698.0,127268506.0,215522860.0,0.024093490593062844
2020-11-06,12.85,13.17,12.71,13.0,6739044.0,167125000.0,215522860.0,0.03126834898163471
2020-11-09,13.19,14.19,13.19,13.79,13419349.0,353240425.0,215522860.0,0.06226415610854459
2020-11-10,13.66,13.76,13.29,13.37,7597624.0,196801086.0,215522860.0,0.03525205632479079
2020-11-11,13.3,13.36,12.71,12.72,5669630.0,141379037.0,215522860.0,0.0263063973816977
2020-11-12,12.85,12.98,12.71,12.81,2901796.0,71486307.0,215522860.0,0.013463982428592494
2020-11-13,12.74,12.99,12.59,12.94,2811418.0,69365362.0,215522860.0,0.013044639441031916
2020-11-16,12.95,13.05,12.59,12.68,3299511.0,80625323.0,215522860.0,0.015309331919593123
2020-11-17,12.62,12.67,12.16,12.56,4352289.0,103406212.0,215522860.0,0.02019409449187896
2020-11-18,12.49,12.78,12.47,12.54,2633332.0,63761878.0,215522860.0,0.01221834194293821
2020-11-19,12.47,12.79,12.34,12.63,2830350.0,68768384.0,215522860.0,0.013132481630950888
2020-11-20,12.64,12.72,12.42,12.42,3165901.0,76150663.0,215522860.0,0.014689397681526684
2020-11-23,12.42,12.42,12.18,12.31,3221476.0,76030817.0,215522860.0,0.014947258958980036
2020-11-24,12.36,12.54,12.28,12.35,3775342.0,89973272.0,215522860.0,0.017517130201408798
2020-11-25,12.33,12.46,12.17,12.22,2968494.0,70139490.0,215522860.0,0.013773453080568808
2020-11-26,12.2,12.28,11.9,11.95,3514790.0,81380049.0,215522860.0,0.016308200438691283
2020-11-27,11.96,12.11,11.91,12.08,2426772.0,56033747.0,215522860.0,0.011259928529159273
2020-11-30,12.1,12.25,11.79,12.13,3702824.0,85767347.0,215522860.0,0.017180655453440066
2020-12-01,12.15,12.24,12.02,12.17,2923150.0,68298256.0,215522860.0,0.013563062405537863
2020-12-02,12.24,12.58,12.15,12.46,5123511.0,122275106.0,215522860.0,0.023772471282164684
2020-12-03,12.46,12.63,12.23,12.27,4464756.0,106121376.0,215522860.0,0.02071592776747673
2020-12-04,12.23,13.47,12.13,13.01,11028673.0,270454832.0,215522860.0,0.051171708653086734
2020-12-07,13.48,15.56,13.31,14.31,27258477.0,756169453.0,215522860.0,0.12647603599915108
2020-12-08,14.31,15.35,14.06,14.89,20387093.0,577279264.0,215522860.0,0.0945936454258263
2020-12-09,14.67,15.16,14.39,14.5,14022549.0,398601739.0,215522860.0,0.06506293114335993
2020-12-10,14.63,14.92,14.27,14.57,8419218.0,236973718.0,215522860.0,0.03906415310190297
2020-12-11,14.57,14.8,14.26,14.38,7419053.0,206929866.0,215522860.0,0.034423508485364386
2020-12-14,14.83,15.06,14.53,14.98,10198911.0,290654938.0,215522860.0,0.04732171334400444
2020-12-15,14.88,15.53,14.88,15.21,9672216.0,283929328.0,215522860.0,0.04487791225487635
2020-12-16,15.1,15.35,14.36,14.94,7560664.0,215084042.0,215522860.0,0.035080566395601843
2020-12-17,14.62,15.03,14.55,14.66,4580026.0,129644087.0,215522860.0,0.021250766624013807
2020-12-18,14.85,15.52,14.74,14.94,8157616.0,237246441.0,215522860.0,0.037850351466197134
2020-12-21,15.54,16.21,15.41,15.61,14422326.0,437443006.0,215522860.0,0.06691784806493381
2020-12-22,15.41,16.1,15.41,15.44,11209017.0,339890690.0,215522860.0,0.05200848299804485
2020-12-23,15.43,16.33,15.11,16.26,14072610.0,426530286.0,215522860.0,0.06529520812780602
2020-12-24,16.06,16.32,15.79,16.15,9017247.0,277287411.0,215522860.0,0.04183893532222058
2020-12-25,15.76,15.88,15.22,15.54,9301600.0,277521918.0,215522860.0,0.04315829884588577
2020-12-28,15.45,15.51,14.61,14.84,10124563.0,290843397.0,215522860.0,0.046976747617398916
2020-12-29,14.84,15.29,14.36,14.74,8931467.0,256676377.0,215522860.0,0.04144092649846982
2020-12-30,14.57,15.28,14.46,15.1,7132481.0,204641627.0,215522860.0,0.033093849070117205
2020-12-31,15.11,16.07,15.09,15.68,10023755.0,301941667.0,215521260.0,0.04650935596794488
2021-01-04,15.68,16.56,15.6,16.47,11057598.0,344674624.0,215521260.0,0.05130629804224419
2021-01-05,16.39,18.07,16.13,17.67,14321003.0,478029413.0,215521260.0,0.06644821490000569
2021-01-06,17.49,17.9,17.17,17.66,9766312.0,329781469.0,215521260.0,0.04531484272131668
2021-01-07,17.59,17.98,17.26,17.5,8309577.0,280536508.0,215521260.0,0.038555718354653275
2021-01-08,17.38,17.5,16.81,16.86,7545165.0,247339725.0,215521260.0,0.03500891280980818
2021-01-11,17.16,17.92,16.86,17.61,10415523.0,351983746.0,215521260.0,0.04832712559308534
2021-01-12,17.48,18.87,17.48,18.84,9509990.0,333879177.0,215521260.0,0.04412553081770216
2021-01-13,18.68,20.11,18.5,19.51,11387164.0,424430261.0,215521260.0,0.05283545576895755
2021-01-14,19.51,20.13,18.43,18.56,11998508.0,443522425.0,215521260.0,0.0556720390368913
2021-01-15,18.72,19.29,18.21,19.15,9573172.0,346889208.0,215521260.0,0.04441868983134193
2021-01-18,19.38,20.07,17.69,19.21,10372171.0,384171225.0,215521260.0,0.048125976063799925
2021-01-19,19.3,19.66,18.58,18.71,7460474.0,271680603.0,215521260.0,0.03461595389707725
2021-01-20,18.53,19.0,18.53,18.82,4638379.0,166969608.0,215521260.0,0.02152167725819717
2021-01-21,18.71,18.98,18.11,18.21,6597301.0,233617373.0,215521260.0,0.03061090585680503
2021-01-22,18.2,18.61,17.75,18.56,6304938.0,220488247.0,215521260.0,0.029254366831374317
2021-01-25,18.47,20.5,18.39,20.31,11439856.0,435342617.0,215521260.0,0.05307994209016781
2021-01-26,20.68,22.66,20.42,21.66,16893131.0,700021091.0,215521260.0,0.07838266628545137
2021-01-27,21.71,22.63,21.64,21.7,13447188.0,569725556.0,215521260.0,0.06239378890045465
2021-01-28,21.84,21.85,19.78,19.82,12509464.0,497271490.0,215521260.0,0.05804283067016219
2021-01-29,20.46,20.52,18.51,18.69,9506479.0,353098227.0,226077000.99999997,0.04204973950446203
2021-02-01,18.62,19.08,18.3,18.69,7653539.0,275692649.0,226077000.99999997,0.033853682445124086
2021-02-02,18.69,19.03,18.21,18.78,5965055.0,213481327.0,226077000.99999997,0.026385058956085502
2021-02-03,18.44,19.12,18.21,18.22,7194296.0,258004300.0,226077000.99999997,0.031822325880906395
2021-02-04,18.31,19.54,17.63,19.09,8841705.0,313869984.0,226077000.99999997,0.03910926348496635
2021-02-05,18.92,19.35,18.09,18.09,8327214.0,298994299.0,226077000.99999997,0.03683353000600004
2021-02-08,18.15,19.01,17.98,18.47,4886593.0,174116988.0,226077000.99999997,0.02161472851455598
2021-02-09,18.61,21.13,18.61,21.11,9462236.0,369560199.0,226077000.99999997,0.04185404069474542
2021-02-10,20.81,21.31,20.43,21.15,5515676.0,221997467.0,226077000.99999997,0.024397333543892865
2021-02-18,21.33,21.79,20.56,21.2,6448811.0,264123719.0,226077000.99999997,0.02852484317942629
2021-02-19,21.59,21.59,19.77,20.31,6776212.0,265963886.0,226077000.99999997,0.02997302675648993
2021-02-22,20.17,20.75,18.99,19.34,7841069.0,298711956.0,226077000.99999997,0.0346831785865737
2021-02-23,19.0,19.65,18.67,19.28,4616962.0,170442433.0,226077000.99999997,0.020422077343462287
2021-02-24,19.33,20.46,19.33,20.05,6410509.0,246260785.0,226077000.99999997,0.028355423026865084
2021-02-25,19.99,20.25,18.77,19.34,4076902.0,152880782.0,226077000.99999997,0.01803324523046022
2021-02-26,18.74,19.21,18.67,18.96,3018507.0,109946420.0,226077000.99999997,0.013351676582086297
2021-03-01,19.23,19.34,18.5,19.0,5056164.0,182990269.0,226077000.99999997,0.02236478711958852
2021-03-02,19.16,20.39,19.16,19.82,7339465.0,280128844.0,226077000.99999997,0.03246444780997427
2021-03-03,19.77,19.92,18.94,19.1,5362578.0,198150949.0,226077000.99999997,0.023720139493534773
2021-03-04,18.87,19.34,18.11,18.14,4981300.0,178459321.0,226077000.99999997,0.022033643307219918
2021-03-05,17.78,18.91,17.78,18.7,5716105.0,201320294.0,226077000.99999997,0.02528388546696973
2021-03-08,18.99,19.03,17.75,17.93,4247045.0,148415464.0,226077000.99999997,0.018785833946903783
2021-03-09,17.82,18.2,16.51,16.52,4857556.0,159098024.0,226077000.99999997,0.021486289974272973
2021-03-10,16.94,17.11,15.82,15.97,5627970.0,176231633.0,226077000.99999997,0.02489404041590237
2021-03-11,16.07,16.91,15.76,16.74,4368567.0,138085535.0,226077000.99999997,0.019323358770138677
2021-03-12,16.63,16.9,16.13,16.48,2482323.0,78274930.0,226077000.99999997,0.010979989070184102
2021-03-15,16.24,16.5,15.98,16.12,2592022.0,80626171.0,226077000.99999997,0.011465217552138354
2021-03-16,16.28,16.44,15.5,16.22,3014232.0,92483948.0,226077000.99999997,0.013332767095579087
2021-03-17,16.24,16.65,16.02,16.31,3078059.0,96662163.0,226077000.99999997,0.013615091258221355
2021-03-18,16.44,16.44,16.0,16.12,2780585.0,86659819.0,226077000.99999997,0.01229928293325158
2021-03-19,15.9,16.31,15.63,15.88,2528429.0,77933057.0,226077000.99999997,0.011183928435073324
2021-03-22,15.89,16.23,15.82,16.21,2558768.0,78998655.0,226077000.99999997,0.011318126075106598
2021-03-23,16.28,16.64,15.87,15.94,3318310.0,103840828.0,226077000.99999997,0.014677786706839765
2021-03-24,16.01,16.06,15.45,15.57,2556511.0,76786609.0,226077000.99999997,0.01130814275088513
2021-03-25,15.57,15.83,15.48,15.6,1613888.0,48486370.0,226077000.99999997,0.007138665113484942
2021-03-26,15.61,15.83,15.51,15.79,2237308.0,67622608.0,226077000.99999997,0.009896221155198358
2021-03-29,15.77,16.01,15.64,15.81,2279724.0,69486310.0,226077000.99999997,0.010083838647523461
2021-03-30,15.81,15.99,15.56,15.88,2448602.0,74480162.0,226077000.99999997,0.010830831925269568
2021-03-31,15.89,15.89,15.41,15.66,2110151.0,63195681.0,226077000.99999997,0.009333771195947527
2021-04-01,15.71,16.49,15.54,16.34,4422737.0,137325265.0,226077000.99999997,0.01956296739799729
2021-04-02,16.32,17.68,16.32,17.4,6018982.0,199483250.0,226077000.99999997,0.026623592728921598
2021-04-06,17.18,17.68,17.08,17.38,3577175.0,118481838.0,226077000.99999997,0.015822816934837173
2021-04-07,17.22,17.4,16.65,17.2,3482475.0,113296736.0,226077000.99999997,0.015403933105075117
2021-04-08,17.08,18.47,16.99,18.15,6187675.0,215105568.0,226077000.99999997,0.02736976770140365
2021-04-09,18.21,18.44,17.95,18.25,2506282.0,87651999.0,226077000.99999997,0.011085966236786732
2021-04-12,18.21,18.63,17.58,17.69,3387742.0,117736236.0,226077000.99999997,0.014984903307347041
2021-04-13,17.95,18.39,17.37,18.25,3732560.0,128781442.0,226077000.99999997,0.016510127007567658
2021-04-14,17.1,17.86,16.43,17.66,7460207.0,248560734.0,226077000.99999997,0.03299852248128504
2021-04-15,17.5,17.87,17.16,17.79,3432384.0,115457068.0,226077000.99999997,0.015182367002470987
2021-04-16,17.58,19.03,17.58,18.83,5295632.0,187847741.0,226077000.99999997,0.023424019146467714
2021-04-19,18.83,19.19,18.59,19.01,3658314.0,132763586.0,226077000.99999997,0.016181716777108168
2021-04-20,18.98,19.67,18.73,19.41,4119150.0,153635921.0,226077000.99999997,0.01822011961314013
2021-04-21,19.39,19.92,19.2,19.67,3620050.0,136590045.0,226077000.99999997,0.016012464708871472
2021-04-22,19.61,19.98,19.46,19.56,3161155.0,119789601.0,226077000.99999997,0.013982647443204542
2021-04-23,19.85,20.58,19.7,20.49,4450508.0,172724255.0,226077000.99999997,0.019685806076311145
2021-04-26,20.68,20.7,19.9,20.33,4938035.0,192786205.0,226077000.99999997,0.021842270457223558
2021-04-27,20.76,20.76,20.13,20.49,3433133.0,135042898.0,226077000.99999997,0.015185680032972484
2021-04-28,20.5,21.07,20.3,20.79,3652316.0,145974635.0,226077000.99999997,0.016155185993466006
2021-04-29,20.71,21.12,19.26,19.38,6865789.0,262807374.0,226077000.99999997,0.030369250165345217
2021-04-30,19.68,20.17,19.42,19.69,4343125.0,165663442.0,226077000.99999997,0.019210821891608516
2021-05-06,19.61,19.84,19.04,19.29,3187700.0,118827915.0,226077000.99999997,0.014100063190417147
2021-05-07,19.49,19.82,18.24,18.41,3326113.0,120628463.0,226077000.99999997,0.014712301495896083
2021-05-10,18.5,18.59,17.61,17.74,3670436.0,127265763.0,226077000.99999997,0.01623533567662639
2021-05-11,17.71,17.95,17.2,17.59,3018983.0,101595842.0,226077000.99999997,0.013353782059414352
2021-05-12,17.44,17.62,16.87,17.56,3966877.0,132201955.0,226077000.99999997,0.017546574761932554
2021-05-13,17.38,17.49,16.91,17.18,3108077.0,102877075.0,226077000.99999997,0.0137478690280397
2021-05-14,17.21,17.71,17.0,17.52,3492255.0,117047241.0,226077000.99999997,0.015447192702277577
2021-05-17,17.66,19.25,17.59,18.31,6761019.0,240994193.0,226077000.99999997,0.029905823989588402
2021-05-18,18.36,18.56,17.69,18.56,4882065.0,169938336.0,226077000.99999997,0.021594699940309277
2021-05-19,18.56,18.56,18.16,18.21,3209428.0,112779732.0,226077000.99999997,0.014196172037862448
2021-05-20,18.12,18.4,17.85,18.14,2623236.0,91959534.0,226077000.99999997,0.011603285554907023
2021-05-21,18.26,18.39,17.66,17.77,2777787.0,95515360.0,226077000.99999997,0.012286906619041714
2021-05-24,17.97,17.98,17.37,17.86,2484979.0,84273896.0,226077000.99999997,0.010991737279812909
2021-05-25,17.73,18.63,17.71,18.51,3926953.0,138309480.0,226077000.99999997,0.01736998006267785
2021-05-26,18.51,18.67,18.16,18.25,2879469.0,101666484.0,226077000.99999997,0.012736673731796364
2021-05-27,18.3,21.9,18.21,21.9,11807521.0,471373371.0,226077000.99999997,0.05222787345803478
2021-05-28,22.37,22.37,20.62,22.06,14932240.0,620075615.0,226077000.99999997,0.06604935457366581
2021-05-31,22.28,23.02,21.7,22.73,12152180.0,523544743.0,226077000.99999997,0.053752393858055476
2021-06-01,22.77,23.93,22.49,23.38,9124748.0,409359884.0,226077000.99999997,0.04036123957606816
2021-06-02,23.01,24.66,23.01,23.83,9176377.0,422723431.0,226077000.99999997,0.04058960867054319
2021-06-03,23.53,23.88,22.76,23.31,6579746.0,296094025.0,226077000.99999997,0.029104004259150627
2021-06-04,23.36,26.93,23.32,25.96,12665649.0,617855766.0,226077000.99999997,0.05602360675334685
2021-06-07,26.6,28.77,26.6,27.0,12549627.0,663903289.0,226077000.99999997,0.055510409924448716
2021-06-08,27.57,27.88,26.12,27.33,7623151.0,395870555.0,226077000.99999997,0.03371926806477763
2021-06-09,27.29,28.62,27.13,28.35,8856473.0,478628592.0,226077000.99999997,0.0391745863613964
2021-06-10,28.3,28.83,27.76,28.2,6654237.0,361227098.0,226077000.99999997,0.02943349819117603
2021-06-11,28.11,28.43,26.27,26.52,10312515.0,533515022.0,226077000.99999997,0.04561505573050308
2021-06-15,26.79,29.43,26.54,28.94,12508990.0,682415276.0,226077000.99999997,0.05533066143247363
2021-06-16,29.2,30.3,27.76,28.37,8407312.0,467901685.0,226077000.99999997,0.03718782522243384
2021-06-17,28.65,30.7,28.23,30.18,11286962.0,645064322.0,226077000.99999997,0.04992529956640747
2021-06-18,30.13,30.98,29.5,30.19,9333568.0,540876105.0,226077000.99999997,0.041284907171959526
2021-06-21,30.28,30.74,29.82,30.31,7053322.0,410014039.0,226077000.99999997,0.031198759576609923
2021-06-22,30.37,30.48,28.87,29.96,5835404.0,333257780.0,226077000.99999997,0.025811577357220873
2021-06-23,30.26,33.73,29.86,32.96,9910845.0,609933766.0,226077000.99999997,0.043838360187730914
2021-06-24,32.31,32.88,30.88,31.05,9542898.0,577656008.0,226077000.99999997,0.04221083063641667
2021-06-25,31.06,31.94,30.44,31.48,5296172.0,317913622.0,226077000.99999997,0.023426407713184414
2021-06-28,31.59,32.92,31.59,32.52,7876138.0,488983504.0,226077000.99999997,0.03483829830173659
2021-06-29,32.47,32.96,31.16,32.58,5924027.0,367403588.0,226077000.99999997,0.026203580964876655
2021-06-30,33.26,37.68,32.62,35.49,13207490.0,899827332.0,226077000.99999997,0.058420316713242326
2021-07-01,35.91,36.68,35.18,35.83,9564882.0,662919584.0,224977354.0,0.04251486574066472
2021-07-02,35.27,36.09,34.34,35.39,8268250.0,559361210.0,224977354.0,0.036751476773080015
2021-07-05,35.82,36.87,34.39,36.76,8627073.0,592761662.0,224977354.0,0.03834640618984256
2021-07-06,36.82,37.93,35.38,37.72,7370132.0,516999391.0,224977354.0,0.03275943942340081
2021-07-07,36.68,39.64,35.64,39.64,7844367.0,569678708.0,224977354.0,0.03486736269464703
2021-07-08,39.28,43.96,39.12,43.65,8231759.0,665916466.0,224977354.0,0.036589278225754224
2021-07-09,43.68,46.24,42.19,45.31,8531200.0,723809557.0,224977354.0,0.03792026107658818
2021-07-12,44.48,46.02,43.18,44.71,7132915.0,612087746.0,224977354.0,0.03170503552104182
2021-07-13,43.78,44.12,40.34,41.22,11228267.0,898673883.0,224977354.0,0.049908432117127664
2021-07-14,40.84,42.14,40.65,40.86,6232027.0,494595586.0,224977354.0,0.027700685821027124
2021-07-15,39.55,44.52,39.1,43.65,18334181.0,792843257.0,427456973.0,0.04289129001996653
2021-07-16,42.56,44.77,41.91,42.95,13209462.0,575663225.0,427456973.0,0.03090243658278093
2021-07-19,42.27,44.9,41.58,42.65,11544651.0,507386371.0,427456973.0,0.027007749853691122
2021-07-20,42.09,43.93,41.08,43.68,11449669.0,493753034.0,427456973.0,0.026785547372507126
2021-07-21,44.55,48.97,43.79,47.26,19437116.0,918733050.0,427456973.0,0.04547151462657272
2021-07-22,47.54,49.49,46.52,48.87,20974108.0,1022639083.0,427456973.0,0.04906717944685394
2021-07-23,48.3,49.11,46.89,47.47,12867708.0,619013452.0,427456973.0,0.03010293155283257
2021-07-26,47.66,53.83,47.64,53.25,21025486.0,1088413820.0,427456973.0,0.04918737400033009
2021-07-27,53.51,61.22,52.26,53.55,30492062.0,1730179003.0,427456973.0,0.07133364040361555
2021-07-28,53.81,57.07,44.55,56.54,29688607.0,1628299782.0,427456973.0,0.06945402432351946
2021-07-29,57.62,60.71,55.23,58.99,27738698.0,1614980099.0,427456973.0,0.06489237455953256
2021-07-30,59.04,59.39,55.91,57.11,22289528.0,1293830918.0,427456973.0,0.05214449502032103
2021-08-02,56.42,57.1,52.68,53.65,22948928.0,1263593625.0,427456973.0,0.05368710642135203
2021-08-03,52.47,53.5,46.33,46.39,32636409.0,1622112172.0,427456973.0,0.07635016168048334
2021-08-04,46.15,52.26,46.14,51.45,27389381.0,1371770675.0,427456973.0,0.06407517652074891
2021-08-05,50.47,51.98,49.38,51.68,15878737.0,820354152.0,427456973.0,0.03714698321227292
2021-08-06,52.95,52.95,48.99,50.08,13786749.0,707041314.0,427456973.0,0.0322529514567072
2021-08-09,49.44,49.88,45.73,48.21,18024898.0,864610191.0,427456973.0,0.04216774819111443
2021-08-10,48.11,49.05,45.04,46.58,17141999.0,810837637.0,427456973.0,0.0401022794872035
2021-08-11,46.32,48.08,45.59,47.47,15149787.0,719548611.0,427456973.0,0.03544166537669278
2021-08-12,47.46,51.69,46.93,50.56,21117683.0,1072938337.0,427456973.0,0.049403061205881886
2021-08-13,51.7,53.7,47.83,48.64,17157451.0,870803525.0,427456973.0,0.04013842815473266
2021-08-16,47.62,52.75,47.08,50.65,16830205.0,853261271.0,427456973.0,0.03937286338290708
2021-08-17,50.04,50.62,47.0,47.52,13879442.0,677276489.0,427456973.0,0.03246979901296405
2021-08-18,47.37,48.89,46.34,47.26,10759398.0,518202919.0,427456973.0,0.025170715837170354
2021-08-19,47.46,49.49,46.33,47.78,15209491.0,738636363.0,427456973.0,0.03558133791397994
2021-08-20,47.4,48.98,46.15,46.79,12799906.0,615476510.0,427456973.0,0.029944314418752036
2021-08-23,46.32,49.61,44.42,49.27,22373409.0,1067744772.0,427456973.0,0.052340727636229246
2021-08-24,48.99,54.74,48.01,52.85,25331149.0,1334464819.0,427456973.0,0.05926011411679556
2021-08-25,53.7,54.39,49.06,49.95,23377928.0,1206172636.0,427456973.0,0.05469071620455236
2021-08-26,50.28,50.32,46.58,46.76,19137241.0,925117323.0,427456973.0,0.04476998203044871
2021-08-27,46.9,47.76,45.81,47.66,12257351.0,578385321.0,427456973.0,0.028675052167180345
2021-08-30,47.67,48.3,44.7,46.19,16859921.0,791309722.0,427456973.0,0.039442381490873465
2021-08-31,45.53,45.73,42.36,42.74,17812554.0,786569566.0,427456973.0,0.04167098708201445
2021-09-01,42.77,43.11,39.98,40.94,16477409.0,684524269.0,427456973.0,0.03854752651327085
2021-09-02,40.94,41.18,37.96,38.64,19758974.0,781887431.0,427456973.0,0.04622447462098132
2021-09-03,38.6,39.64,37.62,39.2,16403268.0,644573133.0,427456973.0,0.03837407981644974
2021-09-06,39.1,41.57,38.29,41.04,16714826.0,680764496.0,427456973.0,0.03910294381839456
2021-09-07,40.59,41.87,40.18,41.05,10864632.0,451309808.0,427456973.0,0.025416902018814417
2021-09-08,41.47,42.23,40.74,41.91,11160050.0,468084338.0,427456973.0,0.026108007834510165
2021-09-09,42.17,42.72,41.37,42.24,9964713.0,422576988.0,427456973.0,0.02331161644191964
2021-09-10,42.49,46.42,41.89,45.08,18432066.0,828941482.0,427456973.0,0.04312028382795852
2021-09-13,44.54,46.09,43.23,43.56,13616873.0,607964323.0,427456973.0,0.03185554069789382
2021-09-14,43.27,45.3,43.11,44.42,13383957.0,602963167.0,427456973.0,0.03131065310753511
2021-09-15,44.11,47.71,43.15,46.19,19719094.0,921800336.0,427456973.0,0.046131178681228346
2021-09-16,45.96,46.92,44.54,44.67,12653853.0,582936051.0,427456973.0,0.02960263558503232
2021-09-17,44.14,45.72,43.25,43.84,8850252.0,397262643.0,427456973.0,0.02070442771792145
2021-09-22,43.72,46.26,43.6,45.05,10603633.0,485175717.0,427456973.0,0.024806316588032357
2021-09-23,45.06,48.99,44.44,47.1,17892094.0,857040000.0,427456973.0,0.04185706428983672
2021-09-24,47.43,48.24,46.32,47.01,10315816.0,490450731.0,427456973.0,0.024132992679008185
2021-09-27,46.52,48.51,41.58,44.56,20217310.0,914044683.0,427456973.0,0.047296713533785305
2021-09-28,45.01,46.96,43.55,46.48,11219570.0,523154727.0,427456973.0,0.026247249919116422
2021-09-29,45.75,47.79,45.32,45.4,12113627.0,573202671.0,427456973.0,0.028338821835057537
2021-09-30,45.57,47.77,45.57,47.27,8441401.0,402018531.0,427456973.0,0.019747954842697115
2021-10-08,48.3,49.14,46.37,47.09,8138318.0,390200088.0,427456973.0,0.019038917397658173
2021-10-11,46.67,47.41,45.04,45.26,7528802.0,349428551.0,427456973.0,0.0176130054614877
2021-10-12,45.08,45.93,41.43,41.52,14584353.0,627206272.0,427456973.0,0.034118879609433814
2021-10-13,41.82,42.49,40.61,42.26,7674649.0,323344452.0,427456973.0,0.01795420237535814
2021-10-14,42.14,42.41,41.31,41.34,4790728.0,202364928.0,427456973.0,0.011207509299421348
2021-10-15,41.51,46.82,41.02,45.67,16740676.0,758870234.0,427456973.0,0.039163417741228425
2021-10-18,44.64,47.09,44.64,45.97,8436565.0,389557394.0,427456973.0,0.019736641423322855
2021-10-19,45.69,46.28,44.78,44.89,7314638.0,334979031.0,427456973.0,0.017111986613913537
2021-10-20,45.04,45.41,43.06,43.17,8834967.0,390806598.0,427456973.0,0.020668669732988542
2021-10-21,43.02,43.34,41.44,41.54,10107269.0,427704988.0,427456973.0,0.02364511433528539
2021-10-22,42.08,45.78,41.62,44.14,16441942.0,732912904.0,427456973.0,0.03846455441960939
2021-10-25,44.14,44.74,42.37,44.53,11245192.0,495324122.0,427456973.0,0.02630719045493264
2021-10-26,44.5,45.68,43.68,44.43,7979728.0,359406771.0,427456973.0,0.01866790929621822
2021-10-27,44.29,44.29,42.94,43.55,6220829.0,273430704.0,427456973.0,0.014553111524513603
2021-10-28,43.54,44.21,43.11,43.45,6608230.0,291158912.0,427456973.0,0.015459403910577919
2021-10-29,43.54,48.52,43.45,46.78,19466427.0,917478384.0,427456973.0,0.045540085270757764
2021-11-01,46.99,47.67,45.33,45.55,10372893.0,484782526.0,427456973.0,0.024266519568508713
2021-11-02,45.55,47.31,45.33,45.98,11224465.0,526298128.0,427456973.0,0.02625870136407858
2021-11-03,46.51,47.61,45.54,47.06,10492470.0,493675969.0,427456973.0,0.024546260004512783
2021-11-04,47.01,48.89,46.67,48.58,13467050.0,656426267.0,427456973.0,0.03150504226304901
2021-11-05,48.6,50.22,48.15,49.06,12052976.0,595019213.0,427456973.0,0.028196933870113752
2021-11-08,48.68,51.57,47.72,50.83,13257237.0,668672723.0,427456973.0,0.03101420221772824
2021-11-09,50.97,54.04,50.97,53.84,16770543.0,895985361.0,427456973.0,0.03923328910112317
2021-11-10,53.05,58.0,52.95,57.12,20033923.0,1130006459.0,427456973.0,0.046867694915342976
2021-11-11,56.26,60.28,52.23,52.86,36281118.0,2052462368.0,427456973.0,0.08487665494229756
2021-11-12,54.63,57.01,52.3,52.31,28204453.0,1556629973.0,427456973.0,0.0659819696051607
2021-11-15,52.56,53.25,48.9,49.18,20403730.0,1038212936.0,427456973.0,0.04773282760321236
2021-11-16,49.49,49.49,46.4,46.4,14573775.0,703275051.0,427456973.0,0.03409413325911518
2021-11-17,47.33,48.9,46.9,48.75,13749340.0,668127327.0,427456973.0,0.03216543621572878
2021-11-18,48.81,51.94,48.23,51.42,15355193.0,788337338.0,427456973.0,0.03592219561242249
2021-11-19,50.89,52.65,50.53,52.14,10122674.0,528883119.0,427456973.0,0.023681153050227582
2021-11-22,53.25,62.57,53.25,60.08,30833832.0,1848160943.0,427456973.0,0.07213318286423182
2021-11-23,60.13,62.74,59.59,59.87,16279713.0,1000859445.0,427456973.0,0.03808503318063781
2021-11-24,59.89,61.51,58.2,59.05,14850847.0,893096089.0,427456973.0,0.034742320135224464
2021-11-25,60.29,60.45,57.41,57.66,9638382.0,567472373.0,427456973.0,0.02254819223641487
2021-11-26,58.03,58.15,54.57,55.21,10988159.0,617931022.0,427456973.0,0.025705883150957513
2021-11-29,55.21,56.11,54.43,55.38,11482852.0,640697267.0,427456973.0,0.02686317623832516
2021-11-30,56.42,57.29,54.22,55.71,13349953.0,747911373.0,427456973.0,0.031231103580570203
2021-12-01,55.59,56.09,53.6,55.03,9566223.0,527223014.0,427456973.0,0.02237938226358048
2021-12-02,55.02,55.44,53.85,54.28,6158525.0,339138688.0,427456973.0,0.014407356503691893
2021-12-03,54.44,57.77,54.44,56.86,13303751.0,759275271.0,427456973.0,0.031123017848161294
2021-12-06,57.02,61.17,57.02,59.93,20610791.0,1237778335.0,427456973.0,0.048217229573653486
2021-12-07,59.93,60.36,55.6,56.79,16999466.0,983229879.0,427456973.0,0.039768835400422864
2021-12-08,56.91,59.39,56.79,58.93,11828771.0,699441685.0,427456973.0,0.027672424939012518
2021-12-09,58.88,59.88,56.22,56.3,9381203.0,543659656.0,427456973.0,0.021946543377595107
2021-12-10,56.54,59.68,54.93,58.4,13657151.0,796838487.0,427456973.0,0.03194976772551094
2021-12-13,59.38,59.96,57.02,59.25,11513644.0,678892970.0,427456973.0,0.026935211558708157
2021-12-14,59.25,59.55,57.7,58.94,8231232.0,488260246.0,427456973.0,0.01925628196501546
2021-12-15,58.62,59.94,56.53,57.29,8993340.0,528121257.0,427456973.0,0.021039170180995034
2021-12-16,56.98,58.62,56.63,58.31,6824262.0,397805114.0,427456973.0,0.01596479278862998
2021-12-17,57.54,58.28,55.64,55.8,7804588.0,445953944.0,427456973.0,0.018258183847664124
2021-12-20,55.43,56.71,52.76,53.2,8256842.0,452244824.0,427456973.0,0.019316194427830752
2021-12-21,53.87,54.74,52.26,53.98,7876805.0,426914314.0,427456973.0,0.01842712950666967
2021-12-22,54.37,55.23,53.45,54.52,5890297.0,323937244.0,427456973.0,0.013779859429267047
2021-12-23,55.43,56.22,53.94,54.41,5953196.0,328837575.0,427456973.0,0.013927006403051471
2021-12-24,54.44,55.43,52.56,54.02,4444900.0,241534461.0,427456973.0,0.010398473485657702
2021-12-27,53.39,54.02,51.96,52.67,7024918.0,373224641.0,427456973.0,0.016434210794825425
2021-12-28,53.26,55.61,52.47,55.54,8555859.0,470133649.0,427456973.0,0.02001571980438836
2021-12-29,55.82,55.91,53.15,53.89,6343001.0,347851897.0,427456973.0,0.0148389227469685
2021-12-30,54.46,57.06,53.66,55.16,7636826.0,426880642.0,427456973.0,0.01786571861584768
2021-12-31,55.16,58.22,54.04,56.91,13268128.0,761456328.0,438750587.0,0.030240707119555375
2022-01-04,56.91,57.21,49.0,49.96,21036717.0,1089383940.0,438750587.0,0.047946869185613195
2022-01-05,49.97,49.97,46.17,47.51,13509442.0,648427895.0,438750587.0,0.03079070980251475
2022-01-06,47.31,48.8,46.08,48.1,8751571.0,418148624.0,438750587.0,0.01994657388344417
2022-01-07,47.91,50.95,47.31,49.24,13865100.0,691092410.0,438750587.0,0.031601325242215574
2022-01-24,47.29,47.29,39.62,44.54,17277857.0,767825010.0,438750587.0,0.03937967836838473
2022-01-25,44.15,46.03,42.55,42.84,12485081.0,552049114.0,438750587.0,0.02845598700019517
2022-01-26,42.76,45.2,42.17,44.29,8012039.0,357030938.0,438750587.0,0.018261033118572214
2022-01-27,44.86,45.24,43.15,43.25,4438393.0,196748918.0,438750587.0,0.010115981907506826
2022-01-28,43.55,44.44,42.22,42.66,4444197.0,193588320.0,438750587.0,0.010129210379837054
2022-02-07,43.45,44.78,42.56,43.64,5661362.0,248498566.0,438750587.0,0.012903371910474503
2022-02-08,42.97,43.64,40.47,41.18,10745622.0,451593064.0,438750587.0,0.024491413386986533
2022-02-09,41.08,41.74,39.4,41.54,9455289.0,387034712.0,438750587.0,0.02155048740709719
2022-02-10,41.37,42.52,40.88,41.36,5285941.0,222363143.0,438750587.0,0.012047712656393551
2022-02-11,41.29,42.1,39.8,40.28,5123971.0,211165155.0,438750587.0,0.011678550757129813
2022-02-14,39.59,40.02,37.89,38.34,10155595.0,398993895.0,438750587.0,0.023146624302977856
2022-02-15,38.53,40.35,38.38,40.21,7782001.0,311266708.0,438750587.0,0.017736730686128972
2022-02-16,40.46,41.0,38.66,38.8,7655795.0,304903715.0,438750587.0,0.01744908206812268
2022-02-17,39.2,39.65,38.03,39.23,8314181.0,327609835.0,438750587.0,0.018949674932286758
2022-02-18,38.77,39.16,38.11,38.87,5975575.0,232982404.0,438750587.0,0.013619525938092934
2022-02-21,39.0,40.17,38.72,38.88,6085855.0,240686688.0,438750587.0,0.013870876029164151
2022-02-22,38.77,38.84,36.92,38.6,8315482.0,318797055.0,438750587.0,0.01895264017048483
2022-02-23,38.52,43.43,38.32,42.82,18393345.0,774891667.0,438750587.0,0.04192209775892562
2022-02-24,42.15,42.61,40.63,41.96,13054146.0,549452403.0,438750587.0,0.029752999509947094
2022-02-25,43.3,43.88,41.82,42.74,8665206.0,373404910.0,438750587.0,0.019749730841955547
2022-02-28,42.45,43.58,42.05,43.21,7835882.0,339890405.0,438750587.0,0.017859536219834164
2022-03-01,43.53,43.55,41.92,42.59,6088948.0,261860510.0,438750587.0,0.01387792559238217
2022-03-02,42.55,42.7,41.57,42.23,4872964.0,206900307.0,438750587.0,0.011106455796035208
2022-03-03,42.71,42.84,40.43,40.48,6075537.0,252520100.0,438750587.0,0.013847359251510243
2022-03-04,40.36,42.22,40.12,40.5,6855647.0,285708747.0,438750587.0,0.01562538536273229
2022-03-07,40.05,40.46,39.1,39.38,5769933.0,231070466.0,438750587.0,0.013150826850061855
2022-03-08,39.3,41.65,38.6,40.55,9653975.0,393468337.0,438750587.0,0.022003332385285217
2022-03-09,40.51,42.17,38.88,40.37,8406763.0,344732445.0,438750587.0,0.01916068775538755
2022-03-10,42.1,42.31,40.09,40.45,8387889.0,346896918.0,438750587.0,0.019117670149122787
2022-03-11,39.09,39.98,38.58,39.73,6262103.0,248605012.0,438750587.0,0.014272580335032122
2022-03-14,39.26,40.71,39.25,39.29,5712455.0,229801396.0,438750587.0,0.013019823036726786
2022-03-15,39.28,40.87,38.03,38.8,7584973.0,303168647.0,438750587.0,0.017287664620264088
2022-03-16,39.59,40.09,33.97,37.71,25610516.0,938147137.0,438750587.0,0.058371468344041215
2022-03-17,38.08,41.25,38.04,40.34,19728709.0,802526753.0,438750587.0,0.04496565835933571
2022-03-18,40.13,41.08,39.23,41.08,11077618.0,452064894.0,438750587.0,0.025248098414509926
2022-03-21,41.34,41.56,39.7,40.14,7764278.0,318042527.0,438750587.0,0.017696336438177803
2022-03-22,39.79,40.04,38.71,39.04,4943997.0,196296308.0,438750587.0,0.011268354154931307
2022-03-23,39.54,39.77,38.48,38.8,4684193.0,185302851.0,438750587.0,0.010676209078211443
2022-03-24,38.6,38.8,37.93,38.3,4675751.0,181155696.0,438750587.0,0.010656968078312793
2022-03-25,38.78,39.45,36.87,37.08,6071015.0,232122885.0,438750587.0,0.013837052712592723
2022-03-28,36.34,37.01,35.63,35.96,5610777.0,204856284.0,438750587.0,0.012788078617431
2022-03-29,35.97,36.47,34.79,35.56,5329111.0,191094243.0,438750587.0,0.01214610568714749
2022-03-30,36.05,37.89,35.09,37.32,7701879.0,287366800.0,438750587.0,0.01755411668543249
2022-03-31,36.81,37.19,36.22,36.24,4795173.0,177564646.0,438750587.0,0.010929154608743578
2022-04-01,34.64,36.92,34.24,35.88,7902826.0,284908334.0,438750587.0,0.01801211493307928
2022-04-06,35.88,36.01,33.67,34.06,11563805.0,401165164.0,446847179.00000006,0.025878657275802113
2022-04-07,34.25,35.11,33.5,33.69,5910709.0,203391843.0,446847179.00000006,0.01322758490548734
2022-04-08,33.6,34.25,32.86,33.52,5592379.0,189093775.0,446847179.00000006,0.012515193701155712
2022-04-11,33.02,33.5,31.48,31.64,5305841.0,171733495.0,446847179.00000006,0.011873949863293194
2022-04-12,31.67,32.35,31.48,31.87,5516220.0,177564138.0,446847179.00000006,0.01234475735607139
2022-04-13,31.81,31.81,30.58,30.76,4211774.0,131811985.0,446847179.00000006,0.009425535614716277
2022-04-14,30.84,33.41,30.2,32.73,10138929.0,327657576.0,446847179.00000006,0.022689925049297444
2022-04-15,32.18,32.54,31.28,31.53,6107140.0,196825251.0,446847179.00000006,0.01366717814727437
2022-04-18,31.17,33.52,30.78,32.99,7009157.0,231873838.0,446847179.00000006,0.015685803400808756
2022-04-19,32.95,33.07,32.18,32.62,5760891.0,189400345.0,446847179.00000006,0.012892306969224481
2022-04-20,33.05,33.16,32.28,32.68,5370626.0,177539395.0,446847179.00000006,0.012018932316007749
2022-04-21,32.54,33.88,31.46,31.73,6656263.0,219000561.0,446847179.00000006,0.014896061366877286
2022-04-22,31.64,31.99,30.29,30.39,5300440.0,165515730.0,446847179.00000006,0.011861862956955132
2022-04-25,29.69,30.29,27.81,28.01,6771005.0,198444395.0,446847179.00000006,0.015152842667940395
2022-04-26,28.54,29.05,27.41,27.84,5677456.0,161697434.0,446847179.00000006,0.012705587652372757
2022-04-27,27.69,29.98,26.73,29.61,8278137.0,238823672.0,446847179.00000006,0.018525655725354816
2022-04-28,29.53,30.97,29.08,30.97,9462177.0,289106064.0,446847179.00000006,0.02117542069119787
2022-04-29,32.54,32.54,29.69,31.48,10756582.0,339416728.0,446847179.00000006,0.024072171662965783
2022-05-05,31.18,32.64,30.87,32.08,5692162.0,184422409.0,446847179.00000006,0.012738498232748157
2022-05-06,31.34,32.35,30.89,31.5,5144157.0,163998787.0,446847179.00000006,0.01151211698709191
2022-05-09,31.48,33.02,31.02,32.12,6142877.0,200749144.0,446847179.00000006,0.01374715403540681
2022-05-10,31.76,34.0,31.55,33.34,11516148.0,389009523.0,446847179.00000006,0.025772005601046883
2022-05-11,33.45,35.46,33.16,34.74,10275220.0,359373526.0,446847179.00000006,0.02299493089112687
2022-05-12,34.41,35.38,34.05,34.69,6028609.0,210881900.0,446847179.00000006,0.013491433499684237
2022-05-13,34.69,35.29,34.35,34.64,4791896.0,167800542.0,446847179.00000006,0.010723791544849384
2022-05-16,34.69,35.53,34.64,35.34,4604172.0,163443683.0,446847179.00000006,0.010303683711965427
2022-05-17,35.16,36.87,34.93,36.67,5445235.0,199968323.0,446847179.00000006,0.012185899913670483
2022-05-18,37.12,38.43,36.53,37.7,7656234.0,291728157.0,446847179.00000006,0.01713389803004664
2022-05-19,36.8,38.21,36.72,37.81,4135381.0,157768905.0,446847179.00000006,0.009254575600666374
2022-05-20,37.71,39.91,37.61,39.2,6550086.0,257517814.0,446847179.00000006,0.0146584476926954
2022-05-23,39.22,39.81,38.26,39.59,5909218.0,233344432.0,448028776.0,0.013189371568401222
2022-05-24,39.57,39.99,38.27,38.28,5178184.0,204409541.0,448028776.0,0.01155770405247363
2022-05-25,38.52,38.91,37.25,37.77,7709978.0,294176842.0,448028776.0,0.017208666971873253
2022-05-26,38.52,39.1,37.4,38.59,4517139.0,175008875.0,448028776.0,0.010082251948923924
2022-05-27,38.79,40.26,38.62,39.2,4731248.0,188317020.0,448028776.0,0.010560143127949442
2022-05-30,39.48,39.84,38.36,39.22,4425431.0,174603784.0,448028776.0,0.009877559739600297
2022-05-31,39.38,40.33,38.3,39.99,5830060.0,231937104.0,448028776.0,0.013012690952690057
2022-06-01,39.82,40.93,39.35,40.48,5359749.0,217700516.0,448028776.0,0.01196295704006298
2022-06-02,40.48,44.34,40.11,43.51,13304565.0,577539978.0,448028776.0,0.02969578230841137
2022-06-06,43.45,45.49,43.22,45.15,8956600.0,401081463.0,448028776.0,0.01999112664138341
2022-06-07,44.54,45.23,43.57,43.99,5208985.0,232304492.0,448028776.0,0.011626451868796928
2022-06-08,43.99,44.48,42.97,43.48,6159853.0,270915809.0,448028776.0,0.013748788760836201
2022-06-09,43.22,43.7,42.14,42.94,5018625.0,216722889.0,448028776.0,0.011201568445683945
2022-06-10,43.03,44.18,42.26,44.05,6446726.0,283288610.0,448028776.0,0.014389089150827223
2022-06-13,43.73,44.39,43.39,43.66,4208357.0,186251708.0,448028776.0,0.009393050682083867
2022-06-14,43.55,43.66,40.98,41.72,10151592.0,428493455.0,448028776.0,0.02265834817717155
2022-06-15,41.77,43.7,41.77,42.99,6463687.0,281066532.0,448028776.0,0.014426946094194629
2022-06-16,43.11,45.09,43.05,43.48,6656823.0,295993849.0,448028776.0,0.014858025547894718
2022-06-17,43.19,44.05,42.72,43.5,3846027.0,168493112.0,448028776.0,0.008584330306497991
2022-06-20,43.69,44.75,43.48,44.29,4221300.0,189045506.0,448028776.0,0.009421939451496303
2022-06-21,44.24,44.73,43.35,43.93,4788986.0,213303016.0,448028776.0,0.010689014314562689
2022-06-22,44.13,44.57,42.56,43.03,6624701.0,291421727.0,448028776.0,0.014786329260243767
2022-06-23,42.8,43.41,42.59,43.3,5703290.0,248211447.0,448028776.0,0.012729740377211843
2022-06-24,42.95,43.82,42.24,42.52,7101280.0,307075598.0,448028776.0,0.015850053345680636
2022-06-27,42.59,44.21,42.56,43.8,7618188.0,334367719.0,448028776.0,0.017003791738591362
2022-06-28,43.6,45.89,43.15,45.5,10118492.0,457186931.0,448028776.0,0.022584468994018368
2022-06-29,45.5,47.22,44.58,44.86,9126986.0,424044590.0,448028776.0,0.020371428106662506
2022-06-30,44.52,45.73,43.82,44.69,4846427.0,219056933.0,448028776.0,0.010817222597327097
2022-07-01,44.25,45.38,43.91,44.01,4089400.0,184001435.0,448028776.0,0.009127538718629091
2022-07-04,43.98,44.4,42.46,43.04,8376854.0,365335405.0,448028776.0,0.018697133864455172
2022-07-05,43.06,43.55,41.57,42.23,6114772.0,261926848.0,448028776.0,0.013648167991780957
2022-07-06,42.22,45.88,41.98,43.82,10663320.0,479220842.0,448028776.0,0.023800524812718726
2022-07-07,44.55,45.29,43.06,45.04,7500069.0,337298659.0,448028776.0,0.01674015019071007
2022-07-08,45.0,45.53,44.25,44.83,5804631.0,263326105.0,448028776.0,0.012955933437632586
2022-07-11,44.87,44.98,43.07,43.8,5154519.0,227817923.0,448028776.0,0.011504883784518341
2022-07-12,44.86,45.03,41.57,41.69,7235787.0,313630212.0,448028776.0,0.01615027290122097
2022-07-13,41.69,42.67,40.86,42.33,4878736.0,205849941.0,448028776.0,0.010889336268882872
2022-07-14,41.99,44.05,41.81,43.79,7535083.0,328791703.0,448028776.0,0.01681830142088909
2022-07-15,43.13,45.68,42.48,43.5,8387522.0,372171879.0,448028776.0,0.018720944835025507
2022-07-18,43.75,44.05,41.62,42.92,6231761.0,268256370.0,448028776.0,0.01390928738023738
2022-07-19,42.69,43.8,41.77,42.75,4965313.0,214483073.0,448028776.0,0.011082576088818009
2022-07-20,42.95,45.24,42.87,44.9,11254443.0,504317032.0,448028776.0,0.025119911047856443
2022-07-21,44.37,48.61,44.36,47.62,19386465.0,927550186.0,448028776.0,0.043270580012923096
2022-07-22,46.65,49.55,46.63,48.31,13691196.0,663500857.0,448028776.0,0.03055874250362883
2022-07-25,48.06,49.9,47.48,48.62,11179106.0,549183367.0,448028776.0,0.024951758902200513
2022-07-26,48.53,49.64,47.65,49.52,8465358.0,418500894.0,448028776.0,0.018894674747409527
2022-07-27,48.82,49.88,48.29,49.1,6502052.0,321801785.0,448028776.0,0.014512576754668098
2022-07-28,49.01,51.66,48.43,50.99,16465801.0,835715546.0,448028776.0,0.036751659451445595
2022-07-29,50.6,52.6,49.27,50.0,11094306.0,571031683.0,448028776.0,0.024762485345360942
2022-08-01,49.61,54.05,48.49,53.52,16096590.0,842763749.0,448028776.0,0.03592758068736192
2022-08-02,52.87,56.85,52.58,53.7,22344567.0,1230508339.0,448028776.0,0.049873062171345885
2022-08-03,53.78,55.91,49.98,51.99,30598545.0,1604215788.0,448028776.0,0.06829593686634093
2022-08-04,51.59,52.66,49.66,50.78,19254493.0,990856964.0,448028776.0,0.04297601857609253
2022-08-05,50.77,55.74,50.56,55.24,25873241.0,1397875835.0,448028776.0,0.05774906074336618
2022-08-08,58.73,59.53,55.99,58.24,28838027.0,1685808245.0,448028776.0,0.06436646158638704
2022-08-09,57.69,58.24,55.61,57.43,15283994.0,876236818.0,448028776.0,0.034113866828946716
2022-08-10,56.67,63.0,56.67,61.11,20044764.0,1239313275.0,448028776.0,0.04473990304587043
2022-08-11,61.18,63.08,59.82,61.98,13009655.0,811612086.0,448028776.0,0.029037543338510916
2022-08-12,61.13,63.69,60.02,60.02,9314990.0,578606331.0,448028776.0,0.020791052938974618
2022-08-15,59.24,61.77,58.93,60.26,9319832.0,564154556.0,448028776.0,0.020801860280510197
2022-08-16,59.94,60.42,58.05,59.15,10165276.0,606430327.0,448028776.0,0.02268889085820684
2022-08-17,59.19,59.92,58.2,59.11,7320542.0,435668591.0,448028776.0,0.016339446018083445
2022-08-18,59.01,61.33,57.29,60.78,11766656.0,705951299.0,448028776.0,0.02626317020315677
2022-08-19,59.58,60.52,56.75,56.89,9636168.0,564513432.0,448028776.0,0.021507922071505516
2022-08-22,57.54,60.02,56.05,58.57,9977619.0,592178416.0,448028776.0,0.022270040529718118
2022-08-23,58.53,58.97,56.7,57.04,5685095.0,328385862.0,448028776.0,0.012689129146472503
2022-08-24,57.14,58.04,52.95,53.27,13648769.0,750424097.0,448028776.0,0.030464045461222784
2022-08-25,53.28,55.49,52.82,54.87,10580877.0,578785363.0,448028776.0,0.023616512078679517
2022-08-26,54.82,54.86,52.1,52.28,8095025.0,433133223.0,448028776.0,0.018068091679896918
2022-08-29,52.29,55.85,52.29,55.54,10560021.0,585370670.0,448028776.0,0.02356996149729454
2022-08-30,58.04,61.5,57.25,59.52,22320245.0,1341741444.0,448028776.0,0.04981877547972499
2022-08-31,60.02,61.0,57.54,57.92,10443128.0,619922158.0,448028776.0,0.023309056380789256
2022-09-01,57.9,61.41,57.9,60.96,11490074.0,701824700.0,448028776.0,0.02564583931992797
2022-09-02,60.52,63.68,59.41,61.75,11644361.0,724915530.0,448028776.0,0.02599020782540093
2022-09-05,61.29,67.46,60.84,66.2,11796782.0,773891957.0,448028776.0,0.026330411419823622
2022-09-06,66.46,67.34,65.04,65.99,6771700.0,451146326.0,448028776.0,0.015114430953426081
2022-09-07,66.32,70.24,65.64,65.78,12283889.0,836803908.0,448028776.0,0.027417633995902083
2022-09-08,65.24,69.45,64.37,67.74,9755465.0,662220971.0,448028776.0,0.02177419291478724
2022-09-09,66.59,67.45,64.47,66.31,8550062.0,566589335.0,448028776.0,0.01908373403229796
2022-09-13,66.3,66.97,64.68,65.89,7111344.0,472768819.0,448028776.0,0.015872516188558387
2022-09-14,65.62,67.98,64.68,66.3,6014401.0,401349637.0,448028776.0,0.013424139970866514
2022-09-15,66.07,66.76,62.5,63.74,8310682.0,536453186.0,448028776.0,0.018549437994134554
2022-09-16,63.14,64.92,63.14,64.12,6993767.0,453080211.0,448028776.0,0.015610084384401238
2022-09-19,64.69,66.07,62.18,62.58,5383842.0,343774715.0,448028776.0,0.01201673260380043
2022-09-20,62.78,62.99,59.53,60.39,10543889.0,647293051.0,448028776.0,0.0235339548815052
2022-09-21,60.52,60.91,56.58,57.15,14884388.0,872414374.0,448028776.0,0.03322194644033311
2022-09-22,57.51,59.62,55.86,59.2,11529188.0,677431244.0,448028776.0,0.02573314174802022
2022-09-23,59.23,59.41,56.32,58.04,9694003.0,564359607.0,448028776.0,0.02163700976206939
2022-09-26,57.07,60.07,56.27,58.51,12704759.0,750347553.0,448028776.0,0.028357015621693012
2022-09-27,58.73,61.99,56.56,60.64,11676189.0,711814094.0,448028776.0,0.026061247905201517
2022-09-28,60.72,60.81,58.21,59.0,5980446.0,357003035.0,448028776.0,0.013348352428148498
2022-09-29,59.24,60.4,58.33,59.43,5441560.0,326638435.0,448028776.0,0.012145559150423856
2022-09-30,59.53,59.99,56.46,56.57,6915004.0,401749773.0,448028776.0,0.01543428540848903
2022-10-10,54.16,55.55,45.26,45.26,29475647.0,1458851792.0,448028776.0,0.0657896291018593
2022-10-11,45.73,47.46,44.5,45.03,18146467.0,837422109.0,448028776.0,0.04050290510804154
2022-10-12,45.32,48.56,43.17,48.4,21391423.0,995583607.0,448028776.0,0.04774564524846502
2022-10-13,47.45,51.35,47.19,48.91,17156276.0,854717524.0,448028776.0,0.03829279930001639
2022-10-14,49.67,50.52,47.25,48.12,13193235.0,644116415.0,448028776.0,0.0294472938050747
2022-10-17,48.13,53.57,47.72,51.99,15166082.0,780572178.0,448028776.0,0.033850687304960075
2022-10-18,52.58,54.52,51.1,53.54,10057511.0,539262270.0,448028776.0,0.022448359433055703
2022-10-19,53.03,55.51,52.59,54.34,10211401.0,556394806.0,448028776.0,0.022791841834730722
2022-10-20,53.83,60.78,53.69,58.53,13367134.0,773994739.0,448028776.0,0.029835436284565794
2022-10-21,57.9,59.27,55.47,57.63,9749317.0,561624228.0,448028776.0,0.021760470581916373
2022-10-24,57.04,61.07,56.55,59.62,9021009.0,542045242.0,448028776.0,0.020134887496601334
2022-10-25,59.62,60.52,58.23,59.81,7189550.0,430587767.0,448028776.0,0.016047071940754092
2022-10-26,59.87,62.48,59.06,61.45,7410659.0,457192522.0,448028776.0,0.016540587116216837
2022-10-27,62.02,62.16,58.53,59.65,13996632.0,848918882.0,448028776.0,0.03124047550017189
2022-10-28,54.78,63.57,54.56,60.89,18586130.0,1143423691.0,448028776.0,0.04148423270026745
2022-10-31,60.9,61.71,58.04,59.6,15191520.0,914382589.0,448028776.0,0.03390746490801296
2022-11-01,59.53,60.11,57.72,59.28,10067665.0,599136276.0,448028776.0,0.022471023155887646
2022-11-02,59.29,60.96,58.53,59.64,6836444.0,411938464.0,448028776.0,0.015258939528473502
2022-11-03,58.53,61.84,58.08,61.28,7469043.0,461377179.0,448028776.0,0.01667090017450129
2022-11-04,61.28,61.71,59.53,59.97,11373851.0,692294049.0,448028776.0,0.025386429643081677
2022-11-07,59.93,61.48,58.62,59.02,7828615.0,468564389.0,448028776.0,0.0174734646954909
2022-11-08,59.23,60.55,57.96,58.73,6755111.0,403754532.0,448028776.0,0.01507740431386934
2022-11-09,58.62,60.02,56.68,57.34,6922250.0,406794588.0,448028776.0,0.015450458476801052
2022-11-10,57.42,57.47,52.4,52.98,23447002.0,1274618751.0,448028776.0,0.052333696530242516
2022-11-11,56.55,57.2,53.03,53.58,17074752.0,940259339.0,448028776.0,0.03811083777350944
2022-11-14,53.05,53.11,51.09,52.94,9325073.0,492241857.0,448028776.0,0.0208135581898427
2022-11-15,52.58,55.51,52.22,54.19,9212941.0,504949954.0,448028776.0,0.02056327962291422
2022-11-16,54.21,54.22,52.28,52.97,6447507.0,343805728.0,448028776.0,0.01439083234242972
2022-11-17,52.58,53.4,50.77,53.23,8750840.0,457926107.0,448028776.0,0.019531870426108523
2022-11-18,53.17,55.36,52.49,53.3,7793240.0,425093182.0,448028776.0,0.017394507713495617
2022-11-21,53.37,55.04,52.48,54.68,6681798.0,362471321.0,448028776.0,0.01491376973518326
2022-11-22,53.77,55.29,53.37,53.87,5843599.0,320027545.0,448028776.0,0.013042909993799149
2022-11-23,53.57,54.61,52.61,53.56,4127506.0,222201112.0,448028776.0,0.009212591291234383
2022-11-24,53.56,54.86,53.18,54.0,6037884.0,330596675.0,448028776.0,0.013476554014914434
2022-11-25,53.45,57.78,53.41,56.27,13201241.0,749309511.0,448028776.0,0.029465163192999907
2022-11-28,56.1,58.93,55.34,58.85,13899202.0,812892470.0,448028776.0,0.031023011789760576
2022-11-29,58.52,58.55,56.27,57.49,11691138.0,674066871.0,448028776.0,0.026094614065592964
2022-11-30,56.88,57.34,55.06,57.2,9646965.0,545843384.0,448028776.0,0.021532020970010193
2022-12-01,56.83,59.34,55.17,57.54,10597998.0,616834909.0,448028776.0,0.02365472614196549
2022-12-02,57.04,60.12,56.21,58.14,7419963.0,440794907.0,448028776.0,0.016561353639481406
2022-12-05,58.49,58.49,52.48,53.65,12425909.0,679905166.0,448028776.0,0.027734622563618548
2022-12-06,53.16,55.67,52.69,53.99,8267412.0,451831907.0,448028776.0,0.018452859376157572
2022-12-07,54.09,54.15,52.63,53.18,9069413.0,485061415.0,448028776.0,0.020242925199965282
2022-12-08,53.08,53.17,50.4,50.84,10474508.0,542055584.0,448028776.0,0.02337909652481786
2022-12-09,50.6,53.74,49.98,52.35,17423564.0,917476474.0,448028776.0,0.03888938597997554
2022-12-12,51.74,51.74,49.43,50.59,10944587.0,555907972.0,448028776.0,0.024428312613563017
2022-12-13,50.6,50.6,47.72,48.92,13559448.0,664748432.0,448028776.0,0.030264681034684254
2022-12-14,51.0,51.35,47.95,48.21,13725162.0,685442529.0,448028776.0,0.030634554598341246
2022-12-15,48.21,50.54,47.6,49.3,9000850.0,448627519.0,448028776.0,0.020089892618861606
2022-12-16,49.11,49.11,45.75,46.78,15392141.0,724934169.0,448028776.0,0.034355250877903434
2022-12-19,46.33,47.89,46.13,46.84,8288541.0,391466154.0,448028776.0,0.0185000192934036
2022-12-20,46.76,47.75,45.66,45.85,5297704.0,248332849.0,448028776.0,0.011824472631641858
2022-12-21,45.86,46.22,44.56,45.22,5447625.0,248100391.0,448028776.0,0.01215909622733697
2022-12-22,45.39,45.48,43.74,43.84,6181781.0,277186536.0,448028776.0,0.013797732045675566
2022-12-23,43.65,44.39,43.0,43.56,4889786.0,214032233.0,448028776.0,0.010913999863258783
2022-12-26,43.69,44.99,43.37,44.17,5473374.0,245278183.0,448028776.0,0.01221656798223157
2022-12-27,44.09,45.64,42.67,45.16,11982444.0,533055719.0,448028776.0,0.026744808909327736
2022-12-28,44.69,45.22,43.76,44.38,7073967.0,315206440.0,448028776.0,0.01578909074358206
2022-12-29,44.35,44.79,43.53,44.0,6996475.0,311574165.0,448028776.0,0.015616128639022954
2022-12-30,44.19,44.94,43.35,44.23,7405609.0,329187065.0,448028776.0,0.016529315518787124
2023-01-03,44.17,45.53,43.25,45.17,11562797.0,519448422.0,448028776.0,0.025808157018914337
2023-01-04,46.13,47.02,41.78,42.46,29262868.0,1280139553.0,448028776.0,0.06531470648215686
2023-01-05,41.79,42.89,41.49,42.22,14707394.0,627473992.0,448028776.0,0.03282689592241727
2023-01-06,42.06,42.42,40.56,41.6,17255422.0,720848405.0,448028776.0,0.038514093121554314
2023-01-09,41.67,42.82,40.39,40.59,17791523.0,738305613.0,448028776.0,0.039710670280696435
2023-01-10,40.74,41.56,40.57,40.92,10574174.0,437486728.0,448028776.0,0.023601550986091124
2023-01-11,40.28,41.78,38.85,39.09,23033634.0,927042958.0,448028776.0,0.05141105936463331
2023-01-12,39.15,39.57,38.49,39.24,12355559.0,487934349.0,448028776.0,0.027577601399424397
2023-01-13,39.36,39.47,38.27,39.04,10711954.0,418190279.0,448028776.0,0.02390907587596561
2023-01-16,38.94,41.85,38.8,40.53,20538627.0,839376287.0,448028776.0,0.045842205010510305
2023-01-17,40.72,42.94,40.38,42.72,21114216.0,895156268.0,448028776.0,0.047126919365554326
2023-01-18,42.67,43.25,42.14,42.15,10303316.0,441118380.0,448028776.0,0.022996996067948992
2023-01-19,42.15,43.33,41.75,42.92,11748554.0,505009867.0,448028776.0,0.026222766548370097
2023-01-20,44.64,45.04,43.26,43.83,19171750.0,848882717.0,448028776.0,0.04279133624220601
2023-01-30,43.83,45.03,43.32,43.33,16606828.0,739148826.0,448028776.0,0.037066431643667457
2023-01-31,43.16,43.74,42.34,42.86,15002665.0,646552576.0,448028776.0,0.03348594064413398
2023-02-01,43.11,44.33,42.88,44.14,12836216.0,565429854.0,448028776.0,0.0286504275787857
2023-02-02,44.54,46.51,44.06,45.25,22825407.0,1037792406.0,448028776.0,0.05094629680661405
2023-02-03,44.79,45.34,43.48,44.59,15280674.0,680983248.0,448028776.0,0.03410645659063649
2023-02-06,43.95,45.44,43.95,44.59,11342952.0,510272233.0,448028776.0,0.025317463090808255
2023-02-07,44.63,44.74,43.25,43.81,10870270.0,479020536.0,448028776.0,0.02426243710738794
2023-02-08,43.65,44.78,42.82,42.9,11223139.0,492413020.0,448028776.0,0.025050040535789155
2023-02-09,42.71,46.21,42.45,46.05,23518783.0,1059724626.0,448028776.0,0.05249391168570833
2023-02-10,46.03,46.71,44.75,45.44,17509820.0,804969211.0,448028776.0,0.03908190932807405
2023-02-13,45.69,46.07,44.5,45.88,14017491.0,642639063.0,448028776.0,0.03128703277755534
2023-02-14,46.05,48.38,46.05,47.55,23650035.0,1135586961.0,448028776.0,0.05278686608290535
2023-02-15,47.38,50.42,47.12,50.18,22949713.0,1137019078.0,448028776.0,0.05122374773534635
2023-02-16,49.79,51.27,49.2,49.55,20588364.0,1040446369.0,448028776.0,0.0459532179691958
2023-02-17,49.29,49.6,46.33,46.55,17928916.0,857660008.0,448028776.0,0.04001733138676789
2023-02-20,46.53,46.8,45.24,46.56,12778305.0,591883021.0,448028776.0,0.028521170256260504
2023-02-21,46.45,47.02,45.22,45.73,10076416.0,464705875.0,448028776.0,0.022490555383433676
2023-02-22,45.3,46.69,45.3,46.02,8032411.0,373128993.0,448028776.0,0.017928337263765397
2023-02-23,45.7,46.22,45.15,45.63,7159835.0,329406946.0,448028776.0,0.015980748075878053
2023-02-24,45.84,46.13,44.94,44.97,7117460.0,325636509.0,448028776.0,0.015886167097445544
2023-02-27,44.6,44.81,43.75,43.87,8909801.0,397270916.0,448028776.0,0.01988667129720257
2023-02-28,44.23,44.5,42.93,43.93,8506091.0,372577783.0,448028776.0,0.018985590782677763
2023-03-01,43.6,43.68,42.98,43.35,9775584.0,426370883.0,448028776.0,0.02181909851254733
2023-03-02,43.39,44.4,43.14,43.54,10571168.0,465698737.0,448028776.0,0.023594841595621082
2023-03-03,44.3,47.85,44.3,47.84,29736426.0,1375228765.0,448028776.0,0.06637168769713131
2023-03-06,47.62,51.1,46.53,49.36,31243196.0,1540773014.0,448028776.0,0.06973479757023464
2023-03-07,50.1,50.24,48.17,48.36,18429989.0,906539179.0,448028776.0,0.04113572606773811
2023-03-08,48.08,49.75,47.75,49.26,14853397.0,733229596.0,448028776.0,0.03315277454410651
2023-03-09,48.97,52.33,48.97,50.37,24974718.0,1277157891.0,448028776.0,0.05574355786468501
2023-03-10,49.51,51.27,48.42,49.94,20615571.0,1034730715.0,448028776.0,0.046013943979348326
2023-03-13,49.58,50.14,48.49,49.01,17099438.0,846129598.0,448028776.0,0.03816593691294507
2023-03-14,49.21,53.34,48.43,52.63,29121753.0,1491794993.0,448028776.0,0.06499973787397978
2023-03-15,51.89,53.31,51.05,51.49,24774096.0,1298001562.0,448028776.0,0.05529576966279505
2023-03-16,50.62,51.44,45.0,45.8,37483244.0,1806542972.0,448028776.0,0.08366258153025422
2023-03-17,45.75,47.08,43.69,46.21,32873621.0,1500775021.0,451113730.0,0.07287213581373371
2023-03-20,45.65,46.94,45.14,46.51,22391588.0,1038192730.0,451113730.0,0.04963623696401349
2023-03-21,45.93,46.02,43.25,44.16,23745924.0,1060768523.0,451113730.0,0.052638442195053564
2023-03-22,43.85,43.85,42.59,43.01,17135807.0,746126531.0,451113730.0,0.03798555854196679
2023-03-23,42.66,45.29,42.59,44.96,20650306.0,917138531.0,451113730.0,0.04577627464364696
2023-03-24,44.97,46.09,44.2,44.59,15417443.0,699829116.0,451113730.0,0.034176399374942545
2023-03-27,44.23,46.03,43.65,45.53,15121306.0,687900146.0,451113730.0,0.033519941855904054
2023-03-28,45.31,45.96,44.27,44.77,9473248.0,428005725.0,451113730.0,0.02099968892545124
2023-03-29,44.7,51.09,44.24,49.54,30079597.0,1461955934.0,451113730.0,0.06667852250916859
2023-03-30,49.31,49.82,47.18,47.95,20261886.0,985940007.0,451113730.0,0.0449152500856048
2023-03-31,47.83,48.54,47.22,47.98,13502777.0,651850768.0,451113730.0,0.02993209051739569
2023-04-03,48.52,49.8,48.13,49.58,20815165.0,1031315639.0,451113730.0,0.04614172350728496
2023-04-04,49.51,51.09,48.5,49.56,21660945.0,1087759625.0,451113730.0,0.04801659439627342
2023-04-06,48.59,54.56,48.41,52.13,28862310.0,1506792432.0,451113730.0,0.0639801187164044
2023-04-07,52.17,55.73,52.17,55.73,34171939.0,1870582995.0,451113730.0,0.0757501639331616
2023-04-10,55.56,56.98,52.07,52.48,25474390.0,1392316302.0,451113730.0,0.056469994828133474
2023-04-11,52.91,55.22,52.91,53.88,21098262.0,1150968881.0,451113730.0,0.04676927479019537
2023-04-12,53.87,58.22,52.84,57.44,31234599.0,1776459733.0,451113730.0,0.06923885690643909
2023-04-13,56.71,57.64,54.4,56.16,20392800.0,1150865467.0,451113730.0,0.04520545184913791
2023-04-14,56.93,60.45,54.66,58.8,29386629.0,1723909066.0,451113730.0,0.06514239546643814
2023-04-17,59.02,59.69,56.3,57.25,20185084.0,1175283334.0,451113730.0,0.04474500033505963
2023-04-18,55.95,56.47,54.03,54.56,23675751.0,1309789127.0,451113730.0,0.05248288718678547
2023-04-19,54.57,55.08,53.02,53.56,24539290.0,1333533167.0,451113730.0,0.05439712508861125
2023-04-20,53.18,56.97,52.83,56.25,26679946.0,1485245869.0,451113730.0,0.05914239409206189
2023-04-21,55.24,55.38,51.6,51.61,22062457.0,1184061291.0,451113730.0,0.04890664046071043
2023-04-24,52.0,53.18,49.83,50.46,18947235.0,977800912.0,451113730.0,0.04200101601873213
2023-04-25,50.6,50.94,47.75,48.26,17792755.0,881787715.0,451113730.0,0.03944183875760111
2023-04-26,48.26,48.73,45.7,46.13,18299976.0,865715791.0,451113730.0,0.04056621375722703
2023-04-27,46.12,48.59,45.76,46.81,14609117.0,696963736.0,451113730.0,0.03238455411232995
2023-04-28,43.04,49.53,43.01,47.82,31489190.0,1497933737.0,451113730.0,0.06980321791580141
2023-05-04,47.1,47.53,45.09,45.75,13253425.0,612452445.0,451113730.0,0.02937934298741029
2023-05-05,45.75,46.85,44.11,44.58,9751040.0,444477660.0,451113730.0,0.02161548042441537
2023-05-08,44.41,45.05,43.4,43.76,9923134.0,440678183.0,451113730.0,0.021996967372285476
2023-05-09,43.63,43.97,41.91,41.97,14157100.0,608409733.0,451113730.0,0.0313825518012941
2023-05-10,41.67,42.35,39.87,41.02,14120156.0,580334222.0,451113730.0,0.03130065671022693
2023-05-11,41.17,42.01,39.84,39.86,13330595.0,546907956.0,451113730.0,0.029550408496766437
2023-05-12,39.98,40.95,39.25,39.38,9182627.0,369717884.0,451113730.0,0.020355458921633797
2023-05-15,39.17,40.73,39.17,40.6,14121310.0,568863045.0,451113730.0,0.03130321482345483
2023-05-16,40.6,42.56,40.23,42.12,19431957.0,816100162.0,451113730.0,0.043075516677357616
2023-05-17,42.36,46.73,42.32,45.48,25731468.0,1178459068.0,451113730.0,0.05703986885967758
2023-05-18,44.78,46.59,44.73,46.45,14175307.0,656279255.0,451113730.0,0.031422911911814344
2023-05-19,46.23,47.5,45.54,46.51,11664072.0,547079675.0,451113730.0,0.025856167135502615
2023-05-22,46.62,48.06,46.5,47.07,10622945.0,505055795.0,451113730.0,0.023548263538775465
2023-05-23,47.07,47.08,45.34,45.52,10160597.0,470200339.0,451113730.0,0.022523360129162995
2023-05-24,45.65,47.94,44.79,47.4,11575685.0,546176032.0,451113730.0,0.02566023649956298
2023-05-25,47.12,47.9,46.37,47.62,7363785.0,349783497.0,451113730.0,0.01632356656491036
2023-05-26,47.68,49.4,47.09,47.42,10564381.0,514221756.0,451113730.0,0.023418442617563425
2023-05-29,47.62,48.36,46.53,47.55,9740391.0,466831578.0,451113730.0,0.021591874403822736
2023-05-30,47.22,49.6,46.51,49.25,12037765.0,586425275.0,451113730.0,0.026684545823954416
2023-05-31,49.23,51.43,48.71,50.11,9750126.0,493297727.0,451113730.0,0.021613454327803323
2023-06-01,49.85,50.97,48.91,49.7,7087665.0,356392160.0,451113730.0,0.015711481448370014
2023-06-02,49.6,51.38,49.47,50.08,6956857.0,354813944.0,451113730.0,0.015421514658842238
2023-06-05,50.6,53.08,50.54,51.89,11727464.0,618413267.0,451113730.0,0.025996690457636924
2023-06-06,51.38,51.6,50.08,50.08,8391962.0,428868308.0,451113730.0,0.018602763431740374
2023-06-07,49.86,51.55,48.82,50.46,7651290.0,386229262.0,451113730.0,0.016960889219665293
2023-06-08,50.28,50.85,48.49,49.88,8440216.0,424617036.0,451113730.0,0.018709729805829675
2023-06-09,50.13,50.98,49.03,50.59,8296113.0,417791663.0,451113730.0,0.01839029151251947
2023-06-12,50.31,51.08,48.86,49.16,9200178.0,459696070.0,451113730.0,0.02039436485340404
2023-06-13,49.41,50.2,48.58,49.41,5590513.0,278890603.0,451113730.0,0.012392690863122256
2023-06-14,49.42,50.75,48.8,50.72,7475635.0,376276388.0,451113730.0,0.016571508475257447
2023-06-15,50.2,52.43,49.6,50.27,8349856.0,427953218.0,451113730.0,0.01850942554996054
2023-06-16,50.22,53.01,49.6,52.63,11831155.0,618038347.0,451113730.0,0.026226546019780864
2023-06-19,52.18,53.36,51.41,52.74,8166737.0,432669546.0,451113730.0,0.018103499088799626
2023-06-20,52.48,52.75,50.03,51.23,8744744.0,450192233.0,451113730.0,0.01938478795579997
2023-06-21,50.6,51.49,46.83,46.9,16781603.0,812258468.0,451113730.0,0.037200381819458256
2023-06-26,46.32,48.21,45.93,46.91,7376746.0,349892677.0,451113730.0,0.01635229767890239
2023-06-27,47.34,48.04,45.34,45.65,7557422.0,350817168.0,451113730.0,0.016752808654261087
2023-06-28,45.69,47.37,44.64,46.46,9371434.0,437083899.0,451113730.0,0.020773994176590458
2023-06-29,46.32,47.69,45.85,46.46,7974199.0,377313127.0,451113730.0,0.01767669319220233
2023-06-30,46.42,48.32,46.08,47.22,7069584.0,338011634.0,451113730.0,0.015671400646573092
2023-07-03,47.65,49.38,47.23,47.75,9732356.0,472669941.0,451113730.0,0.021574062930871114
2023-07-04,47.72,47.92,46.13,46.93,7018380.0,331619825.0,451113730.0,0.015557894901580584
2023-07-05,46.6,47.37,46.34,46.78,5004045.0,235922182.0,451113730.0,0.011092646193677147
2023-07-06,46.67,47.58,46.33,46.4,4169912.0,196013487.0,451113730.0,0.009243593627708916
2023-07-07,46.07,46.73,45.4,45.61,5629249.0,259885861.0,451113730.0,0.012478558344921136
2023-07-10,45.79,45.89,44.0,44.53,9701294.0,434299836.0,451113730.0,0.021505206680364174
2023-07-11,44.4,45.14,43.72,44.93,8306601.0,371070300.0,451113730.0,0.018413540638632302
2023-07-12,44.35,45.02,42.73,42.75,11300148.0,494917597.0,451113730.0,0.025049443740051983
2023-07-13,43.31,44.73,43.19,44.26,7533456.0,333322407.0,451113730.0,0.01669968236169624
2023-07-14,44.73,44.97,43.89,43.98,5915995.0,263653688.0,451113730.0,0.01311419849712843
2023-07-17,43.84,44.04,41.82,43.0,9743869.0,416968187.0,451113730.0,0.021599584211280824
2023-07-18,43.1,44.32,42.87,43.39,6483110.0,284673114.0,451113730.0,0.01437134267671259
2023-07-19,43.06,43.83,42.72,43.54,5617398.0,244800499.0,451113730.0,0.012452287807777431
2023-07-20,43.48,43.74,42.23,42.47,5078049.0,218395888.0,451113730.0,0.011256693517175812
2023-07-21,42.27,42.35,41.29,41.72,7160548.0,299823659.0,451113730.0,0.015873043810925462
2023-07-24,41.96,41.96,40.97,41.21,4089317.0,169705480.0,451113730.0,0.00906493579789735
2023-07-25,41.66,42.36,41.36,42.15,5263254.0,222354312.0,451113730.0,0.01166724408942286
2023-07-26,42.35,43.36,41.99,42.43,5488734.0,235738576.0,451113730.0,0.012167073700017954
2023-07-27,42.1,42.19,40.65,40.86,6595058.0,273167899.0,451113730.0,0.014619501827177816
2023-07-28,41.16,41.34,40.4,41.1,5637859.0,232143941.0,451113730.0,0.012497644441014907
2023-07-31,40.97,42.8,40.8,41.83,6871279.0,289359291.0,451113730.0,0.015231810834044
2023-08-01,41.64,42.74,41.46,42.09,5908433.0,250208240.0,451113730.0,0.01309743554025722
2023-08-02,41.73,42.6,41.72,42.05,6149835.0,260707551.0,451113730.0,0.013632560019842446
2023-08-03,41.75,42.0,41.01,41.22,6252880.0,260524901.0,451113730.0,0.01386098357059538
2023-08-04,41.46,41.55,39.15,40.82,14094986.0,568784810.0,451113730.0,0.031244861467639214
2023-08-07,40.66,41.06,40.08,40.3,4921627.0,200124893.0,451113730.0,0.01090994725432099
2023-08-08,40.27,40.41,39.24,39.47,7486928.0,298511782.0,451113730.0,0.01659654207376929
2023-08-09,39.36,39.62,38.65,39.16,6127978.0,241325643.0,451113730.0,0.013584108823289417
2023-08-10,39.18,39.6,38.89,39.27,4847417.0,191452444.0,451105255.00000006,0.010745645159908411
2023-08-11,39.35,39.36,38.0,38.11,8153800.0,315368330.0,451105255.00000006,0.018075160751563398
2023-08-14,37.68,37.95,37.18,37.56,5181800.0,195448268.0,451105255.00000006,0.011486897885949032
2023-08-15,37.69,37.85,35.95,36.29,9694103.0,355897151.0,451105255.00000006,0.021489669855430965
2023-08-16,36.09,36.55,35.05,35.15,8698621.0,310778280.0,451105255.00000006,0.01928290771075145
2023-08-17,35.21,36.35,34.71,35.84,9175449.0,329949550.0,451105255.00000006,0.020339929314279432
2023-08-18,35.93,36.17,35.1,35.15,8914127.0,319332052.0,451105255.00000006,0.019760636572500132
2023-08-21,35.09,35.41,34.5,34.55,5734191.0,201096922.0,451105255.00000006,0.012711425851157507
2023-08-22,34.56,35.04,33.61,34.6,8536252.0,293526526.0,451105255.00000006,0.018922971757444944
2023-08-23,34.61,34.61,33.19,33.26,6183934.0,209265064.0,451105255.00000006,0.013708406034862083
2023-08-24,33.38,34.27,32.91,33.25,8752972.0,295025008.0,451105255.00000006,0.019403391787134024
2023-08-25,33.15,33.21,31.86,32.17,7587097.0,248109825.0,451105255.00000006,0.01681890626612186
2023-08-28,33.8,34.4,31.55,31.66,10234346.0,334542744.0,451105255.00000006,0.02268726840701512
2023-08-29,31.9,35.69,31.53,35.4,19388427.0,663364653.0,451105255.00000006,0.04297982961869951
2023-08-30,36.12,37.28,35.29,36.54,17387821.0,638194816.0,451105255.00000006,0.038544931160245516
2023-08-31,36.23,37.48,35.96,37.15,11189076.0,414606793.0,451105255.00000006,0.024803692433155094
2023-09-01,37.18,38.97,36.8,37.2,11421907.0,431010680.0,451105255.00000006,0.02531982696588183
2023-09-04,37.31,38.16,36.81,37.72,9821403.0,369391659.0,451105255.00000006,0.02177186563698975
2023-09-05,38.1,38.82,37.34,37.5,13121937.0,502240476.0,451105255.00000006,0.029088415296780346
2023-09-06,37.34,38.58,37.26,38.22,15206949.0,581399043.0,451105255.00000006,0.033710423080750854
2023-09-07,37.9,38.08,36.53,36.53,12137626.0,453237364.0,451105255.00000006,0.02690641677406307
2023-09-08,36.79,37.73,35.84,37.18,11421342.0,423540690.0,451105255.00000006,0.025318574486568546
2023-09-11,36.89,37.57,36.49,36.69,9109048.0,338151266.0,451105255.00000006,0.02019273306847201
2023-09-12,36.59,37.05,35.45,35.62,12027453.0,434522815.0,451105255.00000006,0.0266621877415283
2023-09-13,35.54,35.9,34.48,34.88,8049562.0,283344554.0,451105255.00000006,0.01784408829376195
2023-09-14,34.93,34.94,34.08,34.48,6092338.0,210485013.0,451105255.00000006,0.013505358078792497
2023-09-15,34.7,35.49,33.75,34.46,7271244.0,251838629.0,451105255.00000006,0.016118730428001774
2023-09-18,34.19,34.67,33.72,33.87,5567817.0,190888062.0,451105255.00000006,0.012342611703780749
2023-09-19,33.9,33.9,32.9,33.27,5915849.0,198029322.0,451105255.00000006,0.013114121226541684
2023-09-20,33.27,33.46,32.86,32.89,5536925.0,184180710.0,451105255.00000006,0.012274131011841126
2023-09-21,32.89,33.18,32.57,32.91,5334588.0,176278121.0,451105255.00000006,0.011825594893590852
2023-09-22,32.84,36.14,32.57,36.14,15415223.0,535667875.0,451105255.00000006,0.03417212020728953
2023-09-25,35.67,35.84,33.91,34.11,15973328.0,556645604.0,451105255.00000006,0.03540931483939374
2023-09-26,34.25,34.26,33.31,33.46,8683886.0,293928770.0,451105255.00000006,0.019250243493616582
2023-09-27,33.34,34.66,33.17,33.65,10478272.0,355722475.0,451105255.00000006,0.023227998086610625
2023-09-28,33.74,34.33,32.67,33.34,12335118.0,415343743.0,451105255.00000006,0.027344212605104765
2023-10-09,33.54,34.31,33.19,33.41,10433408.0,352860341.0,451105255.00000006,0.02312854457880345
2023-10-10,33.75,34.39,33.26,33.77,10788952.0,366297985.0,451105255.00000006,0.023916706534487166
2023-10-11,33.8,34.3,33.14,33.55,10633277.0,359326235.0,451105255.00000006,0.023571609690071108
2023-10-12,33.62,34.7,32.98,34.1,17071604.0,579756712.0,451105255.00000006,0.03784394841509882
2023-10-13,34.0,34.32,33.19,33.85,14208975.0,482711295.0,451105255.00000006,0.03149813672642762
2023-10-16,33.69,33.79,32.48,33.01,11064439.0,366628832.0,451105255.00000006,0.02452739993020032
2023-10-17,32.97,33.48,32.57,33.2,7378770.0,245155500.0,451105255.00000006,0.016357091650373256
2023-10-18,33.16,34.28,32.11,32.17,10261507.0,340864530.0,451105255.00000006,0.02274747830193199
2023-10-19,31.82,35.13,31.82,33.43,23796628.0,812295349.0,451105255.00000006,0.0527518306121262
2023-10-20,33.12,33.48,32.15,32.22,11436395.0,375119561.0,451105255.00000006,0.025351943638962926
2023-10-23,32.04,32.16,31.02,31.19,8159107.0,258238725.0,451105255.00000006,0.018086925189998063
2023-10-24,31.76,37.42,31.44,35.96,45140247.0,1595436881.0,451105255.00000006,0.10006588595382244
2023-10-25,36.79,38.28,36.06,37.64,41208803.0,1536034459.0,451105255.00000006,0.091350749172718
2023-10-26,37.58,37.87,36.68,37.67,18892908.0,707942413.0,451105255.00000006,0.04188137422606615
2023-10-27,37.69,37.88,36.51,37.19,16146813.0,606610823.0,451105255.00000006,0.03579389249189748
2023-10-30,37.08,41.34,36.98,40.72,39685223.0,1580957100.0,451105255.00000006,0.08797331123974603
2023-10-31,41.26,41.89,40.25,40.58,15883622.0,652111495.0,451105255.00000006,0.035210456592885395
2023-11-01,40.35,40.76,39.59,39.72,10704360.0,431203549.0,451105255.00000006,0.023729184888347174
2023-11-02,39.71,40.08,37.75,37.97,16322282.0,632295799.0,451105255.00000006,0.03618286823105175
2023-11-03,37.93,41.35,37.66,40.83,25581601.0,1017119619.0,451105255.00000006,0.05670871867808323
2023-11-06,40.98,41.34,39.77,40.84,23520467.0,961204961.0,451105255.00000006,0.05213964310834729
2023-11-07,40.76,42.75,40.07,41.42,18482002.0,770006173.0,451105255.00000006,0.04097048703190123
2023-11-08,41.07,43.92,40.83,42.08,22769807.0,965840190.0,451105255.00000006,0.05047559687594417
2023-11-09,41.87,43.18,41.27,41.76,16105790.0,681838078.0,451105255.00000006,0.03570295362664307
2023-11-10,41.75,43.01,40.48,40.89,14364601.0,601075179.0,451105255.00000006,0.031843124948743945
2023-11-13,41.34,41.93,39.47,39.82,21083804.0,851765907.0,451105255.00000006,0.04673810328367821
2023-11-14,39.87,40.87,39.51,40.49,15422619.0,625202048.0,451105255.00000006,0.03418851549401702
2023-11-15,40.76,40.76,38.58,39.17,18174277.0,718185390.0,451105255.00000006,0.04028832916167203
2023-11-16,38.76,39.53,38.54,38.69,10845995.0,425773340.0,451105255.00000006,0.024043158176022573
2023-11-17,38.77,39.71,38.59,39.65,11362798.0,447627949.0,451105255.00000006,0.025188795461937145
2023-11-20,39.94,41.82,39.29,41.06,19279130.0,792057705.0,451105255.00000006,0.04273754248329472
2023-11-21,40.76,40.76,38.56,38.84,16205070.0,643335975.0,451105255.00000006,0.035923035301373286
2023-11-22,38.4,39.13,38.25,38.34,7951430.0,308626626.0,451105255.00000006,0.01762655147965412
2023-11-23,37.94,38.63,37.59,38.02,9260691.0,354790502.0,451105255.00000006,0.020528891865824083
2023-11-24,37.99,38.23,36.78,36.79,10439604.0,391099024.0,451105255.00000006,0.02314227973247618
2023-11-27,36.52,37.72,36.45,37.31,7328942.0,274879986.0,451105255.00000006,0.016246634058829573
2023-11-28,37.76,40.34,36.91,39.97,22387060.0,877083804.0,451105255.00000006,0.049627131920686664
2023-11-29,39.57,40.88,39.47,39.83,13506261.0,548032521.0,451105255.00000006,0.029940376110227308
2023-11-30,39.79,40.53,38.87,40.07,10870136.0,435796548.0,451105255.00000006,0.024096673402751644
2023-12-01,40.35,42.55,40.07,41.88,17269496.0,717681514.0,451105255.00000006,0.03828263095715876
2023-12-04,42.18,42.63,41.08,41.08,9780366.0,410674673.0,451105255.00000006,0.021680895736849705
2023-12-05,40.88,41.44,40.38,40.42,7492993.0,307861877.0,451105255.00000006,0.01661029863196783
2023-12-06,39.91,40.72,39.31,39.97,9167660.0,366737931.0,451105255.00000006,0.020322662833976515
2023-12-07,39.85,40.21,39.07,39.33,5616792.0,223312524.0,451105255.00000006,0.012451178384078011
2023-12-08,39.41,40.03,38.76,38.91,10156309.0,402542682.0,451105255.00000006,0.022514277737686737
2023-12-11,38.44,41.27,38.21,41.25,15722199.0,636278852.0,451105255.00000006,0.034852617711137054
2023-12-12,41.16,41.16,39.77,40.96,7531856.0,306667124.0,451105255.00000006,0.016696449257723674
2023-12-13,40.76,41.26,40.2,40.53,5651225.0,231288832.0,451105255.00000006,0.012527508685306712
2023-12-14,40.53,41.2,39.12,40.07,7216417.0,290257990.0,451105255.00000006,0.01599719116550748
2023-12-15,40.07,40.21,39.37,39.83,3207822.0,128149280.0,451105255.00000006,0.007111027779980084
2023-12-18,39.48,41.7,39.31,40.28,7576140.0,308092459.0,451105255.00000006,0.016794617034554385
2023-12-19,40.31,42.33,40.18,41.56,9170059.0,381389663.0,451105255.00000006,0.020327980883308484
2023-12-20,41.76,41.93,40.33,40.38,6906286.0,285158827.0,451105255.00000006,0.015309699728503493
2023-12-21,40.37,40.63,38.91,39.95,6945946.0,277907095.0,451105255.00000006,0.015397617125963206
2023-12-22,39.97,39.97,38.79,38.97,4757396.0,187522881.0,451105255.00000006,0.010546088628473192
2023-12-25,39.06,39.73,38.01,38.44,6094259.0,236983965.0,451105255.00000006,0.013509616508457653
2023-12-26,38.58,38.6,34.8,36.87,12325090.0,450009555.0,451105255.00000006,0.02732198275987718
2023-12-27,36.89,37.68,36.52,37.03,6853643.0,255267818.0,451105255.00000006,0.015193001908168857
2023-12-28,37.21,37.84,36.39,37.43,7170337.0,268739703.0,451105255.00000006,0.01589504205620482
2023-12-29,37.22,38.14,37.21,37.77,5878735.0,223118219.0,451105255.00000006,0.013031847744713148
2024-01-02,38.05,38.05,36.59,36.59,5651269.0,210042952.0,451105255.00000006,0.01252760622351872
2024-01-03,36.43,36.97,35.89,36.94,4245590.0,156328725.0,451105255.00000006,0.00941152857995414
2024-01-04,36.79,37.51,36.64,37.19,4076916.0,152551964.0,451105255.00000006,0.00903761584422243
2024-01-05,37.19,38.58,36.09,36.27,6570100.0,246322784.0,451105255.00000006,0.014564450152548099
2024-01-08,36.08,36.54,34.24,34.24,8401620.0,295707323.0,451105255.00000006,0.018624522562921592
2024-01-09,34.6,35.59,34.3,34.45,5754525.0,202283183.0,451105255.00000006,0.012756501805770362
2024-01-10,34.59,34.87,33.72,34.03,4587931.0,157879752.0,451105255.00000006,0.01017042242170289
2024-01-11,33.91,35.59,33.91,34.8,5683719.0,198907607.0,451105255.00000006,0.012599540654874435
2024-01-12,34.79,35.36,34.2,34.3,5249844.0,183189873.0,451105255.00000006,0.011637736297263926
2024-01-15,34.3,35.22,33.7,33.75,5736645.0,198251610.0,451105255.00000006,0.012716865823254484
2024-01-16,33.71,34.69,33.47,34.1,5818915.0,198510651.0,451105255.00000006,0.01289924011193352
2024-01-17,34.07,34.3,32.05,32.05,9879376.0,326447933.0,451105255.00000006,0.021900378881642597
2024-01-18,31.85,32.39,31.3,32.28,8344990.0,266123483.0,451105255.00000006,0.01849898645051253
2024-01-19,32.32,33.01,31.33,31.34,7049230.0,227230400.0,451105255.00000006,0.015626574777986124
2024-01-22,31.5,31.89,28.51,28.96,13199048.0,397469053.0,451105255.00000006,0.02925935323010147
2024-01-23,28.84,30.07,28.34,29.7,9248017.0,274265470.0,451105255.00000006,0.02050079642721076
2024-01-24,29.76,29.86,28.27,29.43,8286932.0,242106544.0,451105255.00000006,0.018370284779768303
2024-01-25,29.51,30.13,29.07,29.82,12392507.0,370668116.0,451105255.00000006,0.027471431251670963
2024-01-26,29.56,29.75,27.42,27.72,19099285.0,541137096.0,451105255.00000006,0.04233886612560077
2024-01-29,27.89,28.32,26.35,26.45,14534799.0,394429991.0,451105255.00000006,0.03222041605345519
2024-01-30,26.29,26.73,24.95,25.04,15559372.0,402325871.0,451105255.00000006,0.03449166647371465
2024-01-31,25.25,25.85,23.82,23.86,16234690.0,400924578.0,451105255.00000006,0.03598869625227487
2024-02-01,24.02,24.36,23.18,23.71,12812354.0,306884703.0,451105255.00000006,0.028402138653871364
2024-02-02,23.73,23.92,21.4,22.46,15033398.0,344520867.0,451105255.00000006,0.0333256991209291
2024-02-05,22.27,22.37,19.76,20.67,19678732.0,414194753.0,451105255.00000006,0.04362337122408383
2024-02-06,20.52,22.87,20.28,22.72,17672317.0,385750894.0,451105255.00000006,0.03917559550486726
2024-02-07,22.75,24.36,22.55,24.21,19561865.0,470516003.0,451105255.00000006,0.04336430308265861
2024-02-08,24.51,27.26,24.22,25.75,19886767.0,521175344.0,451105255.00000006,0.04408453854078911
2024-02-19,26.72,26.72,25.05,25.9,16409624.0,423138994.0,451105255.00000006,0.03637648601544222
2024-02-20,25.45,25.81,24.94,25.6,13566601.0,344802559.0,451105255.00000006,0.030074136467330665
2024-02-21,25.31,26.35,25.09,25.61,12689253.0,329736558.0,451105255.00000006,0.028129251121226682
2024-02-22,25.38,26.64,25.38,26.41,14346522.0,375919572.0,451105255.00000006,0.03180304782749649
2024-02-23,26.56,26.71,25.85,26.64,13993301.0,369837320.0,451105255.00000006,0.031020035446051274
2024-02-26,26.94,28.79,26.9,27.88,20404934.0,570684283.0,451105255.00000006,0.04523319951127591
2024-02-27,27.7,29.3,27.01,29.03,23041416.0,655479269.0,451105255.00000006,0.05107769360833537
2024-02-28,28.93,29.57,26.87,26.9,18543777.0,529822714.0,451105255.00000006,0.04110742846478257
2024-02-29,26.74,29.3,26.64,28.82,21815642.0,623010491.0,451105255.00000006,0.048360425329117475
2024-03-01,28.89,29.87,28.63,29.3,17972355.0,529131637.0,451105255.00000006,0.039840713006103194
2024-03-04,29.07,29.98,28.74,29.72,16512810.0,488163995.0,451105255.00000006,0.03660522642326567
2024-03-05,29.18,29.59,28.15,28.47,17178788.0,496695187.0,451105255.00000006,0.0380815514995497
2024-03-06,28.14,28.57,27.42,28.05,10171664.0,286058892.0,451105255.00000006,0.022548316356899897
2024-03-07,28.43,29.12,27.84,27.84,10372887.0,296539056.0,451105255.00000006,0.022994382984964336
2024-03-08,27.68,31.09,27.61,30.76,26508100.0,785255705.0,451105255.00000006,0.0587625608573325
2024-03-11,29.83,30.14,28.92,30.1,22481577.0,666401237.0,451105255.00000006,0.049836655083967035
2024-03-12,29.94,30.56,29.52,29.97,13910844.0,418976770.0,451105255.00000006,0.030837246619971205
2024-03-13,30.22,30.95,29.71,30.38,18902724.0,575663076.0,451105255.00000006,0.04190313411445406
2024-03-14,29.99,30.27,29.02,29.42,12744099.0,379759636.0,451105255.00000006,0.02825083250249434
2024-03-15,29.44,29.8,28.92,29.69,9248837.0,272991585.0,451105255.00000006,0.020502614184798176
2024-03-18,29.72,30.68,29.54,30.62,14068910.0,426236339.0,451105255.00000006,0.031187643779498862
2024-03-19,30.57,32.98,30.38,31.76,25354855.0,814361114.0,451105255.00000006,0.05620607323672165
2024-03-20,31.92,33.98,31.87,33.4,22946576.0,766860931.0,451105255.00000006,0.05086745442590775
2024-03-21,33.8,34.08,32.73,33.21,16400296.0,550221576.0,451105255.00000006,0.03635580791449658
2024-03-22,33.08,34.74,33.08,34.3,22560107.0,771202726.0,451105255.00000006,0.05001073862462541
2024-03-25,35.47,35.62,32.81,32.91,20474702.0,697292871.0,455293422.99999994,0.044970344322325086
2024-03-26,32.61,33.41,31.35,32.04,18604757.0,601569225.0,455293422.99999994,0.04086322371496239
2024-03-27,31.68,32.06,30.4,30.42,11627103.0,362735693.0,458316475.0,0.02536915785102423
2024-03-28,30.32,31.58,30.32,31.27,13910956.0,432675757.0,458316475.0,0.030352293139800396
2024-03-29,30.97,33.66,30.8,33.41,27940339.0,921958172.0,458316475.0,0.06096298196568212
2024-04-01,33.57,33.67,32.51,32.97,16443997.0,544226569.0,458316475.0,0.03587913133604896
2024-04-02,32.75,32.91,31.64,31.89,13886045.0,448789033.0,458316475.0,0.030297939867860956
2024-04-03,31.68,32.2,30.59,31.5,12005548.0,379332454.0,458316475.0,0.026194886404639937
2024-04-08,31.1,31.67,30.7,30.72,8364031.0,261402803.0,458316475.0,0.018249466157637034
2024-04-09,30.87,32.61,30.87,32.16,15605316.0,500416397.0,458316475.0,0.03404921457383787
2024-04-10,31.43,31.78,28.54,29.13,23480894.0,700920679.0,458316475.0,0.05123292589471064
2024-04-11,28.82,29.65,27.96,28.04,17599674.0,505364973.0,458316475.0,0.038400701174881396
2024-04-12,28.04,28.63,27.54,27.63,13493583.0,380813186.0,458316475.0,0.0294416276438677
2024-04-15,27.62,28.67,27.43,27.77,10613750.0,299956767.0,458316475.0,0.023158124525198446
2024-04-16,27.34,27.77,26.05,26.25,14322618.0,383487718.0,458316475.0,0.031250497813765044
2024-04-17,26.45,27.24,26.36,26.97,14889591.0,401643185.0,458316475.0,0.0324875753157248
2024-04-18,26.55,27.61,25.92,26.98,11987443.0,324179155.0,458316475.0,0.026155383133455983
2024-04-19,26.75,26.75,25.47,25.53,13111924.0,341680156.0,458316475.0,0.02860888646867866
2024-04-22,25.2,26.02,24.78,25.72,9511512.0,244648609.0,466731925.0,0.020378961649130816
2024-04-23,26.03,26.52,25.68,26.33,9627007.0,253758117.0,466731925.0,0.020626416330959147
2024-04-24,26.57,28.24,26.51,28.01,14819623.0,409621820.0,466731925.0,0.03175189483770582
2024-04-25,27.8,29.27,27.63,28.63,12719478.0,366348502.0,466731925.0,0.027252213355664495
2024-04-26,28.53,29.48,28.51,29.12,12115228.0,354059910.0,466731925.0,0.02595757296868004
2024-04-29,29.12,30.03,29.03,29.85,12488532.0,372180784.0,466731925.0,0.026757398264539115
2024-04-30,29.91,30.01,29.01,29.18,8418975.0,248265865.0,466731925.0,0.018038138273913873
2024-05-06,29.68,29.81,28.85,28.9,9153127.0,269237815.0,466731925.0,0.01961110116904902
2024-05-07,28.9,29.71,28.63,29.09,7483251.0,219133706.0,466731925.0,0.016033295772514382
2024-05-08,29.02,29.27,28.33,28.83,8587153.0,248261927.0,466731925.0,0.01839846931405003
2024-05-09,28.81,30.42,28.65,30.1,15507074.0,466341999.0,466731925.0,0.03322479815367248
2024-05-10,30.1,30.38,27.94,28.01,19172716.0,551888332.0,466731925.0,0.04107864701991405
2024-05-13,27.6,28.47,26.84,27.2,13972975.0,387912514.0,466731925.0,0.02993790279077224
2024-05-14,27.42,27.92,26.99,27.2,9022566.0,248330241.0,466731925.0,0.019331366715486624
2024-05-15,27.14,27.99,26.7,27.13,9043925.0,249831218.0,466731925.0,0.019377129601751582
2024-05-16,27.39,28.72,26.84,28.19,17951087.0,501630488.0,466731925.0,0.03846123660814503
2024-05-17,28.53,31.26,28.39,30.97,36868468.0,1111919612.0,466731925.0,0.07899281370135544
2024-05-20,30.82,31.02,29.61,30.07,20818972.0,629577790.0,466731925.0,0.044605845207610344
2024-05-21,29.85,30.47,29.69,30.09,13138196.0,398471957.0,466731925.0,0.028149340759152056
2024-05-22,30.15,30.48,29.83,30.29,9992210.0,303342529.0,466731925.0,0.021408884768274638
2024-05-23,30.37,30.41,29.01,29.08,12679182.0,375192372.0,466731925.0,0.027165876857470163
2024-05-24,28.72,29.13,28.3,28.3,11273867.0,323868980.0,466731925.0,0.024154908623403037
2024-05-27,28.32,29.51,27.35,29.27,17087612.0,488392604.0,466731925.0,0.03661119174566856
2024-05-28,29.03,30.33,28.46,29.09,18493227.0,545659037.0,466731925.0,0.03962280274699443
2024-05-29,28.82,29.48,28.3,28.56,11277528.0,326736224.0,466731925.0,0.02416275252651723
2024-05-30,28.25,29.48,27.98,29.02,11315520.0,328681170.0,466731925.0,0.024244152572164418
2024-05-31,28.87,29.41,28.19,28.24,20162550.0,579821069.0,466731925.0,0.04319942330921545
2024-06-03,28.32,29.31,28.06,28.39,14622386.0,421461801.0,466731925.0,0.03132930321833031
2024-06-04,28.25,29.13,27.62,28.78,15199567.0,430638102.0,466731925.0,0.0325659467155584
2024-06-05,29.01,31.27,29.01,29.93,30852079.0,944842099.0,466731925.0,0.06610235415115433
2024-06-06,30.48,30.91,29.47,29.63,25230568.0,766119375.0,466731925.0,0.05405794343294601
2024-06-07,29.71,30.7,29.04,30.1,26357168.0,791657388.0,466731925.0,0.05647174874527814
2024-06-11,29.98,32.04,29.72,31.72,35253253.0,1106458185.0,466731925.0,0.07553212264192127
2024-06-12,31.4,31.96,31.02,31.87,25407464.0,805261013.0,466731925.0,0.05443695328962123
2024-06-13,32.31,32.62,31.28,31.34,26919919.0,865333259.0,466731925.0,0.057677475137360705
2024-06-14,31.12,31.27,30.32,31.04,21045944.0,654004261.0,466731925.0,0.04509214577511491
2024-06-17,30.61,32.16,30.57,31.83,20429596.0,648872537.0,466731925.0,0.04377158472714289
2024-06-18,31.72,32.49,31.07,31.46,19418963.0,619791015.0,466731925.0,0.04160624538379285
2024-06-19,31.66,31.96,30.65,31.57,19055057.0,600495757.0,466731925.0,0.040826555843592655
2024-06-20,31.3,32.13,30.71,30.74,17839990.0,564283470.0,466731925.0,0.038223204894329864
2024-06-21,30.41,31.1,29.95,30.75,11713876.0,360852054.0,466731925.0,0.025097653219243572
2024-06-24,30.51,31.08,29.09,29.28,16623071.0,503075068.0,466731925.0,0.035615885928523106
2024-06-25,29.36,29.39,27.84,28.11,16411013.0,470802171.0,466731925.0,0.035161539464008164
2024-06-26,28.22,28.88,27.64,28.49,14819530.0,419469481.0,466731925.0,0.03175169557985561
2024-06-27,28.14,28.34,27.39,27.45,13527420.0,377766313.0,466731925.0,0.02898327557087508
2024-06-28,27.4,27.8,26.89,27.01,14352550.0,395664083.0,466731925.0,0.030751164064896568
2024-07-01,26.89,27.62,26.74,27.37,9807411.0,268004232.0,466731925.0,0.0210129422794466
2024-07-02,27.31,28.8,27.0,28.39,16743627.0,470855178.0,466731925.0,0.035874184094006424
2024-07-03,28.26,28.78,27.75,28.24,11940463.0,339137819.0,466731925.0,0.025583128902099423
2024-07-04,28.15,28.85,28.04,28.23,13145306.0,376504559.0,466731925.0,0.02816457434318426
2024-07-05,28.09,28.63,27.71,28.14,10303910.0,291916821.0,466731925.0,0.022076719950108407
2024-07-08,28.38,28.98,27.87,28.26,12932499.0,370513956.0,466731925.0,0.027708623103079998
2024-07-09,28.13,30.37,28.05,30.25,25897801.0,773660827.0,466731925.0,0.05548752852078846
2024-07-10,30.31,31.34,30.05,30.98,19332969.0,600627352.0,466731925.0,0.041421998291631755
2024-07-11,31.31,32.07,30.62,32.01,23057662.0,727696696.0,466731925.0,0.04940236732252674
2024-07-12,31.57,32.41,31.43,32.06,23096200.0,742816043.0,466731925.0,0.049484937204584835
2024-07-15,32.24,32.47,31.7,31.92,15645029.0,502330645.0,466731925.0,0.03352037467760535
2024-07-16,33.36,34.16,31.92,33.99,54145675.0,1791145267.0,466731925.0,0.1160102236417618
2024-07-17,33.9,35.18,33.7,33.97,38169871.0,1321957499.0,466731925.0,0.0817811444974543
2024-07-18,33.36,35.26,32.99,35.02,36141932.0,1238386737.0,466731925.0,0.07743616852436225
2024-07-19,34.61,35.78,34.49,34.81,33080796.0,1163890918.0,466731925.0,0.07087750853983259
2024-07-22,35.09,35.58,34.47,34.66,23320649.0,815723962.0,466731925.0,0.04996583209944338
2024-07-23,34.51,34.58,32.59,32.75,29760291.0,1001704304.0,463787137.0,0.06416799567254923
2024-07-24,32.75,33.11,31.69,31.91,19738213.0,640654674.0,463787137.0,0.0425587762689503
2024-07-25,31.71,32.08,31.37,31.53,16408176.0,520620971.0,470658255.0,0.03486218678986094
2024-07-26,31.59,31.99,30.82,31.73,18806779.0,594412519.0,470658255.0,0.03995845988083222
2024-07-29,31.74,32.28,31.36,31.42,17510332.0,557863305.0,470658255.0,0.037203919859006826
2024-07-30,31.13,31.85,30.91,31.53,14157630.0,444660832.0,470658255.0,0.030080488017786917
2024-07-31,31.32,33.21,31.02,33.16,25527630.0,828109921.0,470658255.0,0.05423814355492394
2024-08-01,33.01,34.17,32.78,33.41,27477076.0,919968692.0,470658255.0,0.058380100015456016
2024-08-02,33.04,33.31,31.57,31.71,19915100.0,647247818.0,470658255.0,0.042313291626001545
2024-08-05,31.18,31.79,30.43,30.43,18712783.0,581569638.0,470658255.0,0.0397587480963231
2024-08-06,31.19,31.66,30.4,31.36,13299290.0,412386042.0,470658255.0,0.028256786869700182
2024-08-07,31.12,31.7,31.01,31.05,10125538.0,318298048.0,470658255.0,0.02151356720599748
2024-08-08,30.92,32.1,30.22,31.55,15808062.0,495513334.0,470658255.0,0.03358713425731798
2024-08-09,32.06,32.44,31.56,31.66,15265734.0,490229415.0,470658255.0,0.03243485870655769
2024-08-12,31.71,31.81,30.61,30.85,11658389.0,362564616.0,470658255.0,0.024770390992079807
2024-08-13,30.85,31.26,30.51,31.06,8237726.0,254933536.0,470658255.0,0.017502563510757928
2024-08-14,31.14,31.25,30.52,30.52,7646520.0,236901836.0,470658255.0,0.01624643766207819
2024-08-15,30.23,31.36,30.12,30.52,8919290.0,275137739.0,470658255.0,0.01895067154404845
2024-08-16,30.74,31.7,30.37,30.69,12493732.0,387695571.0,470658255.0,0.02654523078533914
2024-08-19,30.71,31.24,30.15,30.55,9847800.0,303595955.0,470658255.0,0.020923461758893404
2024-08-20,30.55,30.67,29.52,29.7,13089243.0,391597798.0,470658255.0,0.02781050339805471
2024-08-21,29.52,30.2,29.37,29.73,8982790.0,267820329.0,470658255.0,0.019085588969431758
2024-08-22,29.56,30.11,28.92,29.21,13047481.0,385413526.0,470658255.0,0.027721772350513645
2024-08-23,28.94,29.32,28.48,28.82,11377760.0,329000135.0,470658255.0,0.024174143083924026
2024-08-26,29.1,29.31,28.52,28.67,8370877.0,242415354.0,470658255.0,0.017785467291973875
2024-08-27,28.52,29.06,28.2,28.67,8959645.0,257861571.0,470658255.0,0.019036413161392443
2024-08-28,28.67,29.53,28.41,29.29,10887302.0,316911195.0,470658255.0,0.02313207488520519
2024-08-29,28.98,30.22,28.89,29.44,14810236.0,438712739.0,470658255.0,0.03146706945573493
2024-08-30,29.3,30.86,29.21,30.47,17794899.0,540706912.0,470658255.0,0.03780853477222024
2024-09-02,30.23,30.56,28.85,28.86,14648260.0,435971578.0,470658255.0,0.031122921662130414
2024-09-03,28.97,29.71,28.97,29.41,10224029.0,300832632.0,470658255.0,0.021722829444476652
2024-09-04,29.0,29.99,28.78,29.33,11367678.0,335197696.0,470658255.0,0.024152722021204113
2024-09-05,29.31,29.98,29.22,29.46,7817000.0,231783119.0,470658255.0,0.016608653767264742
2024-09-06,29.45,29.71,28.62,28.7,7798000.0,227354017.0,470658255.0,0.016568284773842964
2024-09-09,28.57,28.92,28.24,28.79,7409913.0,212341725.0,470658255.0,0.0157437225869968
2024-09-10,28.8,29.21,28.29,29.0,9431456.0,271766005.0,470658255.0,0.0200388623800936
2024-09-11,28.83,29.17,28.63,28.96,5678997.0,164803054.0,470658255.0,0.012066073291331095
2024-09-12,29.13,29.47,28.51,28.54,6653506.0,192996745.0,470658255.0,0.014136596839250169
2024-09-13,28.47,28.83,27.84,27.9,8127598.0,230933075.0,470658255.0,0.01726857632614985
2024-09-18,28.17,28.36,27.81,28.1,6412670.0,180429690.0,470658255.0,0.01362489647610664
2024-09-19,28.23,28.88,27.5,28.39,9717843.0,275053857.0,470658255.0,0.020647344217940043
2024-09-20,28.31,28.46,27.61,27.91,7813801.0,218958648.0,470658255.0,0.016601856903582835
2024-09-23,27.73,28.04,27.1,27.17,9420778.0,258939596.0,470658255.0,0.02001617500579056
2024-09-24,27.38,28.77,27.06,28.76,15897349.0,446830535.0,470658255.0,0.03377684090551009
2024-09-25,29.3,29.5,28.33,28.35,18452038.0,536491610.0,470658255.0,0.03920474740212514
2024-09-26,28.33,29.96,28.15,29.96,19496214.0,566203084.0,470658255.0,0.04142329130081868
2024-09-27,30.43,32.79,30.12,32.21,30507251.0,962340379.0,470658255.0,0.06481826394397353
2024-09-30,33.52,37.85,33.21,37.81,38998233.0,1389028544.0,470658255.0,0.08285891639146964
2024-10-08,45.37,45.37,42.48,45.37,53520147.0,2408970911.0,470658255.0,0.1137133927460807
2024-10-09,44.44,48.55,41.29,42.88,67584365.0,3025165034.0,470658255.0,0.14359540979473526
2024-10-10,43.67,43.88,39.05,40.29,43656531.0,1795263417.0,470658255.0,0.09275632698718947
2024-10-11,39.4,40.49,37.22,37.85,29899915.0,1154803232.0,470658255.0,0.06352786694456257
2024-10-14,38.11,40.13,37.48,40.12,34545255.0,1347487885.0,470658255.0,0.07339774588676873
2024-10-15,39.89,42.77,39.29,40.19,38003221.0,1565272062.0,470658255.0,0.08074483045028075
2024-10-16,38.89,41.13,38.73,41.13,28247587.0,1138738227.0,470658255.0,0.06001719230442479
2024-10-17,41.92,42.22,39.91,40.05,29342637.0,1204823824.0,470658255.0,0.062343827370030934
2024-10-18,39.92,45.03,39.69,43.23,55366079.0,2346762892.0,470658255.0,0.1176354146810832
2024-10-21,43.87,46.48,42.67,42.89,60908724.0,2719390185.0,470658255.0,0.1294117830781487
2024-10-22,42.34,45.03,42.34,44.81,48425452.0,2124772014.0,470658255.0,0.10288877648603019
2024-10-23,44.0,44.24,43.09,44.1,35853334.0,1569987174.0,470658255.0,0.07617700023130371
2024-10-24,45.88,48.55,44.29,44.48,89555167.0,4168336148.0,470658255.0,0.19027641828995434
2024-10-25,43.68,46.52,42.5,44.84,63361066.0,2797008345.0,470658255.0,0.13462223455530384
2024-10-28,44.86,44.86,43.4,43.93,38003213.0,1671033151.0,470658255.0,0.08074481345280983
2024-10-29,43.88,44.57,42.03,42.06,42068493.0,1831283561.0,470658255.0,0.08938224827268779
2024-10-30,41.8,43.14,41.4,42.45,29570041.0,1251184493.0,470658255.0,0.06282698897950914
2024-10-31,42.46,44.6,41.66,43.84,43469370.0,1883426460.0,470658255.0,0.09235866903046246
2024-11-01,43.78,43.78,40.54,40.69,36360327.0,1529846641.0,470658255.0,0.07725420007771881
2024-11-04,40.42,42.52,40.39,41.89,23584007.0,984959924.0,470658255.0,0.050108559128533715
2024-11-05,41.87,43.45,41.61,43.05,34664499.0,1486076000.0,470658255.0,0.0736511016894838
2024-11-06,43.08,44.48,42.44,43.89,42215968.0,1841282286.0,470658255.0,0.08969558602557604
2024-11-07,43.49,46.86,43.27,46.66,57347802.0,2616572337.0,470658255.0,0.1218459495627034
2024-11-08,48.52,55.95,46.77,52.3,83802619.0,4223849476.0,470658255.0,0.17805407237571982
2024-11-11,53.85,59.34,51.86,52.62,93904351.0,5201197553.0,470658255.0,0.1995170593576437
2024-11-12,52.32,54.23,50.66,51.57,59912015.0,3137158233.0,470658255.0,0.1272940915484421
2024-11-13,50.86,52.86,50.54,52.31,43697212.0,2276673227.0,470658255.0,0.09284276125147321
2024-11-14,51.76,51.76,49.35,49.47,38752139.0,1952230869.0,470658255.0,0.08233604444056761
2024-11-15,49.27,49.96,46.99,47.04,33508999.0,1624859739.0,470658255.0,0.07119602948428048
2024-11-18,46.68,48.57,45.26,47.7,35533875.0,1676295206.0,470658255.0,0.075498250848697
2024-11-19,47.72,49.15,45.94,48.84,36152361.0,1726060383.0,470658255.0,0.07681233807319496
2024-11-20,48.37,48.77,47.48,48.33,28765235.0,1387291049.0,470658255.0,0.06111703065741405
2024-11-21,48.05,49.87,47.78,48.92,32436112.0,1596151225.0,470658255.0,0.06891648378715891
2024-11-22,48.43,49.67,45.28,45.8,31908877.0,1523758685.0,470658255.0,0.06779627608996255
2024-11-25,45.88,46.58,43.88,45.21,26158350.0,1182178939.0,470658255.0,0.05557822416181779
2024-11-26,44.88,45.58,44.24,44.33,15786186.0,708986168.0,470658255.0,0.03354065467310246
2024-11-27,43.56,45.33,42.71,45.31,23035184.0,1018809457.0,470658255.0,0.048942483756074774
2024-11-28,45.28,46.45,44.57,45.07,21149818.0,963386605.0,470658255.0,0.04493667703756731
2024-11-29,44.78,46.72,44.33,45.58,25053478.0,1143358923.0,470658255.0,0.053230720451296454
2024-12-02,45.58,46.67,45.19,46.08,23194373.0,1068697825.0,470658255.0,0.04928071005574947
2024-12-03,46.37,46.73,44.78,45.31,21272268.0,973778664.0,470658255.0,0.04519684457675134
2024-12-04,46.29,47.13,45.29,45.58,24890270.0,1153982299.0,470658255.0,0.05288395504717112
2024-12-05,44.75,45.79,44.57,45.16,15611940.0,707616186.0,470658255.0,0.03317043700848294
2024-12-06,44.97,46.75,44.56,46.04,22943374.0,1052575726.0,470658255.0,0.04874741653049302
2024-12-09,46.18,46.87,45.46,46.29,19317200.0,896528296.0,470658255.0,0.041042943143534155
2024-12-10,48.32,48.66,46.33,46.38,25980301.0,1234641020.0,470658255.0,0.05519992632446232
2024-12-11,46.0,47.07,45.97,46.4,18029500.0,839165337.0,470658255.0,0.03830698773146983
2024-12-12,46.43,47.87,46.03,47.7,26468251.0,1255957986.0,470658255.0,0.05623666581604948
2024-12-13,47.13,47.67,46.37,46.67,23878777.0,1120230662.0,470658255.0,0.050734852191214624
2024-12-16,46.46,46.66,44.78,44.93,19386255.0,880339095.0,470658255.0,0.04118966318778367
2024-12-17,44.8,45.21,44.24,44.43,12780835.0,572614381.0,470658255.0,0.027155233896832425
2024-12-18,44.65,45.51,44.04,45.13,13833356.0,623427365.0,470658255.0,0.029391508282373587
2024-12-19,44.58,46.03,44.39,45.67,14026886.0,636911487.0,470658255.0,0.02980269835063235
2024-12-20,45.54,47.95,45.38,47.23,27069602.0,1276184510.0,470658255.0,0.057514346582532586
2024-12-23,47.23,48.85,46.95,47.05,29077015.0,1394546370.0,470658255.0,0.061779464592626766
2024-12-24,47.52,48.86,46.31,48.86,33280172.0,1598447990.0,470658255.0,0.07070984444966337
2024-12-25,48.38,49.18,47.54,48.06,24374319.0,1180802211.0,470658255.0,0.05178772228269958
2024-12-26,48.13,49.44,47.72,48.98,26658016.0,1304038674.0,470658255.0,0.05663985644955914
2024-12-27,49.03,49.07,47.04,47.04,30634531.0,1479126563.0,470658255.0,0.06508869370622215
2024-12-30,46.77,47.57,45.78,46.83,16847586.0,789850763.0,470658255.0,0.03579579412667478
2024-12-31,46.84,47.07,43.89,44.01,22967185.0,1038810391.0,470664611.0,0.04879734839465124
2025-01-02,42.37,42.39,38.89,39.54,41316552.0,1673412574.0,470664611.0,0.0877834258926257
2025-01-03,39.4,39.44,37.96,38.08,20425908.0,792899764.0,470664611.0,0.04339801107332457
2025-01-06,37.98,39.28,37.66,38.08,16575422.0,637819162.0,470664611.0,0.03521705607902609
2025-01-07,38.28,39.27,38.11,39.09,16313689.0,633571965.0,470664611.0,0.03466096370691443
2025-01-08,38.88,40.07,37.81,39.39,20488454.0,800778807.0,470664611.0,0.04353089975570736
2025-01-09,39.19,40.09,38.99,39.62,15183195.0,605092149.0,470664611.0,0.03225905378299198
2025-01-10,39.54,40.98,39.33,39.33,20606401.0,831076047.0,470664611.0,0.04378149645926959
2025-01-13,38.9,40.38,38.72,40.14,17728187.0,707642595.0,470664611.0,0.03766628419828233
2025-01-14,40.22,43.06,39.71,42.98,29263370.0,1221186018.0,470664611.0,0.0621745704182548
2025-01-15,42.68,43.44,42.32,43.28,21942860.0,943285355.0,470664611.0,0.04662101098567617
2025-01-16,43.14,45.15,43.13,43.99,25787847.0,1144340574.0,470664611.0,0.05479028250118426
2025-01-17,43.58,45.87,43.4,44.69,26247659.0,1175675473.0,470664611.0,0.0557672244450943
2025-01-20,45.36,45.44,44.39,44.76,18758698.0,842793154.0,470664611.0,0.03985576472415089
2025-01-21,44.99,46.08,44.35,45.77,23115384.0,1048490792.0,470664611.0,0.04911222016647434
2025-01-22,45.56,46.83,45.4,46.06,26242719.0,1214360543.0,470664611.0,0.05575672864854503
2025-01-23,46.77,46.95,44.86,44.87,25927773.0,1192952947.0,470664611.0,0.05508757700077009
2025-01-24,44.66,45.35,44.59,45.06,17870534.0,807934480.0,470664611.0,0.03796872248803936
2025-01-27,45.25,45.38,44.11,44.11,14314653.0,640196289.0,470664611.0,0.030413701530663837
2025-02-05,44.88,45.17,44.1,44.13,15792587.0,707692700.0,470664611.0,0.033553801647517534
2025-02-06,44.25,46.85,43.93,46.7,29489320.0,1360603733.0,470664611.0,0.06265463625434971
2025-02-07,46.7,47.77,45.96,46.69,35078627.0,1649066917.0,470664611.0,0.07452998627933809
2025-02-10,46.87,46.97,45.81,46.12,26390047.0,1221569826.0,470664611.0,0.05606974984571338
2025-02-11,46.06,46.06,44.64,45.18,21407342.0,966712687.0,470664611.0,0.045483219897320896
2025-02-12,45.27,47.67,44.98,47.63,34189829.0,1591467660.0,470664611.0,0.07264159701184757
2025-02-13,47.56,47.57,45.9,45.94,25493872.0,1189647631.0,470664611.0,0.054165686997019624
2025-02-14,45.68,45.94,44.49,44.79,26150921.0,1178149987.0,470664611.0,0.05556168955307328
2025-02-17,44.87,46.64,44.84,45.97,23360966.0,1072543818.0,470664611.0,0.04963399723290435
2025-02-18,45.88,46.28,43.98,44.13,22728029.0,1029140352.0,470664611.0,0.04828922436235598
2025-02-19,44.13,46.52,44.08,46.45,36036654.0,1659561026.0,470664611.0,0.07656546329972533
2025-02-20,46.44,46.45,45.36,45.97,19612261.0,902456599.0,470664611.0,0.04166929176665887
2025-02-21,45.94,47.39,45.93,46.99,35429441.0,1663304404.0,470664611.0,0.07527534505881939
2025-02-24,46.72,47.56,46.13,46.73,29667304.0,1395710449.0,470664611.0,0.06303279088046838
2025-02-25,46.13,48.61,45.89,47.75,43086870.0,2055785075.0,470664611.0,0.09154474118726551
2025-02-26,47.74,48.35,46.55,47.97,32007666.0,1524383057.0,470664611.0,0.06800525310792913
2025-02-27,47.97,48.97,46.37,47.34,29061404.0,1384705267.0,470664611.0,0.06174546231180317
2025-02-28,46.88,47.37,43.75,43.97,28561499.0,1298444626.0,470664611.0,0.06068333656808542
2025-03-03,44.01,44.56,43.1,43.54,18535923.0,815215112.0,470664611.0,0.03938244466822682
2025-03-04,43.09,46.83,42.88,46.29,31426038.0,1431297467.0,470664611.0,0.0667694941695967
2025-03-05,46.24,46.72,45.11,45.73,16670806.0,765154513.0,470664611.0,0.03541971418794433
2025-03-06,46.08,47.46,46.08,46.72,25955620.0,1219902002.0,470664611.0,0.05514674227334249
2025-03-07,46.37,47.16,45.69,46.17,20908048.0,971960231.0,470664611.0,0.04442239231791319
2025-03-10,46.05,46.65,45.34,45.87,14301383.0,658116084.0,470664611.0,0.030385507356532483
2025-03-11,45.13,45.86,44.91,45.46,12541480.0,569875436.0,470664611.0,0.026646320345508196
2025-03-12,45.58,45.72,44.78,44.78,17686073.0,800985420.0,470664611.0,0.03757680647037217
2025-03-13,44.88,44.94,43.08,43.81,18170610.0,797470767.0,470664611.0,0.03860628051340788
2025-03-14,43.77,47.23,43.65,46.48,45785844.0,2116489979.0,470664611.0,0.09727913025523816
2025-03-17,46.55,46.71,45.43,45.96,21810729.0,1004130289.0,470664611.0,0.04634027817315545
2025-03-18,46.15,46.62,45.68,45.78,16848471.0,776887061.0,470664611.0,0.03579719104906317
2025-03-19,45.79,45.86,44.68,44.98,15502981.0,700149515.0,470664611.0,0.03293848876179901
2025-03-20,45.04,45.2,44.41,44.42,13381995.0,600956606.0,470664611.0,0.028432124887332988
2025-03-21,44.26,44.58,43.23,43.38,18359385.0,806300067.0,470664611.0,0.03900736229348673
2025-03-24,43.18,44.01,41.89,43.53,16841806.0,728865703.0,470664611.0,0.03578303022234234
2025-03-25,43.32,43.74,41.9,42.27,12528453.0,536259474.0,470664611.0,0.026618642462583615
2025-03-26,42.17,42.8,42.15,42.23,8958931.0,381260320.0,470664611.0,0.019034639084007952
2025-03-27,41.9,43.28,41.69,42.08,12041928.0,511641018.0,482443763.00000006,0.02496027293444355
2025-03-28,42.3,42.98,41.39,41.41,11168500.0,469088306.0,486126115.0,0.022974490889056638
2025-03-31,41.19,41.88,40.79,41.57,10259482.0,424560915.0,485560675.0,0.02112914518870376
2025-04-01,41.7,42.81,41.39,42.17,13252269.0,559647871.0,485560675.0,0.02729271475701775
2025-04-02,42.0,42.39,41.8,42.04,7929214.0,334168007.0,485560675.0,0.016330016840840747
2025-04-03,41.79,42.66,41.7,42.26,10849008.0,459795920.0,485560675.0,0.022343259161174862
2025-04-07,40.39,41.49,35.59,36.88,26926751.0,1038938424.0,485560675.0,0.05545496657034674
2025-04-08,37.62,38.89,36.69,37.63,19501636.0,735678502.0,485560675.0,0.04016312894366909
2025-04-09,36.9,39.77,35.41,39.51,25902225.0,998144174.0,485560675.0,0.05334498103661298
2025-04-10,40.18,41.21,39.81,39.86,20118703.0,816445677.0,485560675.0,0.04143396291307981
2025-04-11,39.39,42.58,39.16,41.44,25816869.0,1067373075.0,485560675.0,0.05316919250101957
2025-04-14,42.21,42.39,40.89,41.27,19050640.0,792386403.0,485560675.0,0.03923431402265021
2025-04-15,41.3,41.34,40.51,40.74,9495497.0,387665106.0,485560675.0,0.019555737292769847
2025-04-16,40.84,41.28,40.28,40.87,11004800.0,450375630.0,485560675.0,0.02266410886754781
2025-04-17,40.58,41.36,40.35,40.35,9890580.0,405529621.0,485560675.0,0.02036940079630625
2025-04-18,40.34,40.39,39.59,40.04,7341133.0,294256039.0,485560675.0,0.015118878809532919
2025-04-21,40.04,40.58,39.82,40.57,7220968.0,292403623.0,485560675.0,0.01487140201376481
2025-04-22,40.48,41.38,40.31,40.88,11956590.0,492008686.0,485560675.0,0.02462429643833904
2025-04-23,41.11,41.85,40.64,41.46,12606202.0,520793627.0,485560675.0,0.025962156016856183
2025-04-24,41.46,41.73,40.81,40.96,9171218.0,378259951.0,485560675.0,0.01888789284675906
2025-04-25,41.06,42.39,40.89,42.15,15390450.0,644554572.0,485560675.0,0.03169624475870086
2025-04-28,42.09,43.61,41.81,43.35,20611156.0,886060017.0,485560675.0,0.042448157483099304
2025-04-29,42.57,42.59,41.64,41.9,20056652.0,844849663.0,485560675.0,0.04130617043894669
2025-04-30,41.99,42.28,41.77,41.77,12850756.0,541651381.0,485560675.0,0.02646580883017349
2025-05-06,42.14,42.8,42.13,42.8,15996934.0,681697212.0,485560675.0,0.032945283305737226
2025-05-07,43.36,43.68,42.29,42.73,15878412.0,683395925.0,485560675.0,0.032701190227153384
2025-05-08,42.68,42.88,42.49,42.74,10424740.0,446437356.0,485560675.0,0.021469489884039725
2025-05-09,42.78,42.78,41.78,42.09,10209379.0,431574663.0,485560675.0,0.021025959320119983
2025-05-12,42.39,42.87,42.07,42.64,12380218.0,528156336.0,485560675.0,0.025496747651567953
2025-05-13,42.97,43.92,42.51,42.57,16305750.0,705336927.0,485560675.0,0.033581282092088695
2025-05-14,42.58,43.76,42.58,43.09,17700638.0,768627449.0,485560675.0,0.036454018851506044
2025-05-15,42.98,43.06,41.34,41.45,14200645.0,598263124.0,485560675.0,0.029245871280659207
2025-05-16,41.69,42.06,41.46,41.64,7344290.0,307642566.0,485560675.0,0.015125380571645346
2025-05-19,41.55,41.88,40.97,41.43,6949400.0,288034343.0,485560675.0,0.014312114546755666
2025-05-20,41.48,41.77,41.36,41.46,6517726.0,271678724.0,485560675.0,0.013423092798855674
2025-05-21,41.65,43.13,41.53,42.31,17310457.0,739505621.0,485560675.0,0.03565045089370139
2025-05-22,42.31,44.73,42.24,43.66,33737949.0,1476559926.0,485560675.0,0.06948245757340213
2025-05-23,43.26,43.86,42.73,42.91,17948814.0,775869712.0,485560675.0,0.036965131082742644
2025-05-26,43.48,43.56,42.39,42.87,13271000.0,570156834.0,485560675.0,0.027331290780498237
2025-05-27,42.68,42.87,41.82,42.11,10191293.0,429989017.0,485560675.0,0.02098871165791999
2025-05-28,42.04,42.26,40.99,41.0,11477483.0,475666123.0,485560675.0,0.023637587619714056
2025-05-29,40.99,41.74,40.92,41.65,10204647.0,424088325.0,485560675.0,0.02101621388511333
2025-05-30,41.58,42.14,40.92,41.06,8436739.0,349456233.0,485560675.0,0.01737525181585185
2025-06-03,40.63,42.31,40.59,41.6,11080859.0,464392697.0,485560675.0,0.022820750465428447
2025-06-04,41.54,41.86,41.38,41.51,7334624.0,305714216.0,485560675.0,0.015105473687711634
2025-06-05,41.7,42.55,41.36,42.22,11607309.0,488653921.0,485560675.0,0.02390496100204161
2025-06-06,42.14,42.46,41.94,42.33,7818633.0,330831812.0,485560675.0,0.016102278052068365
2025-06-09,42.32,42.53,42.08,42.31,8569156.0,363256726.0,485560675.0,0.017647961297524762
2025-06-10,42.31,42.32,40.89,41.12,11367100.0,472694037.0,485560675.0,0.02341025660696266
2025-06-11,41.19,41.58,41.09,41.16,6088258.0,252078689.0,485560675.0,0.012538614252482452
2025-06-12,41.05,41.36,40.9,40.96,6133050.0,252512189.0,485560675.0,0.012630862250119411
2025-06-13,40.87,41.27,40.16,40.92,9451160.0,386042633.0,485560675.0,0.019464426356191222
2025-06-16,40.8,41.36,40.6,40.97,5510785.0,226918637.0,485560675.0,0.011349323130420313
2025-06-17,40.97,41.52,40.94,41.18,6681786.0,275897218.0,485560675.0,0.013760970243317171
2025-06-18,41.2,41.63,40.7,41.28,6808596.0,280909314.0,485560675.0,0.014022132249486638
2025-06-19,41.26,41.64,40.59,40.72,9098499.0,375710764.0,485560675.0,0.018738129894889037
2025-06-20,40.68,41.79,40.59,40.93,9795255.0,405496308.0,485560675.0,0.020173081355898518
2025-06-23,40.84,42.83,40.49,42.35,21773802.0,923230725.0,485560675.0,0.04484259768359536
2025-06-24,42.36,42.96,42.31,42.78,14950730.0,640241901.0,485560675.0,0.030790652476129787
2025-06-25,41.91,44.04,41.78,43.85,26560640.0,1148170474.0,485560675.0,0.05470097017226529
2025-06-26,46.04,46.52,44.52,44.67,42256606.0,1926400965.0,485560675.0,0.08702641745030114
2025-06-27,44.88,45.26,44.28,44.29,21298104.0,953634350.0,485560675.0,0.04386290961474588
2025-06-30,44.74,45.33,44.51,44.79,16077261.0,722796810.0,485560675.0,0.033110714742292505
2025-07-01,44.68,45.33,44.56,44.89,16349113.0,736759592.0,485560675.0,0.033670587100160035
2025-07-02,44.69,44.69,43.63,43.8,13834670.0,611364527.0,485560675.0,0.028492154971157826
2025-07-03,43.83,44.52,43.76,44.43,10510570.0,465283509.0,485560675.0,0.021646254610713688
2025-07-04,44.43,45.51,44.01,44.67,18091126.0,812390458.0,485560675.0,0.037258219068090716
2025-07-07,45.13,45.51,44.59,44.75,13945653.0,628950954.0,485560675.0,0.028720721668821305
2025-07-08,44.76,45.34,44.33,44.88,17547800.0,791389739.0,485560675.0,0.03613925283385027
2025-07-09,44.78,44.84,43.7,43.88,18814174.0,833811682.0,485560675.0,0.038747318241947826
2025-07-10,43.77,44.03,43.53,43.74,11891837.0,521771668.0,485560675.0,0.02449093926315182
2025-07-11,43.68,44.46,43.0,44.25,15538900.0,684690449.0,485560675.0,0.03200197380069957
2025-07-14,44.05,44.31,43.82,43.84,8654125.0,381564037.0,485560675.0,0.017822952816349883
2025-07-15,43.84,44.59,43.78,44.08,13394980.0,593232007.0,485560675.0,0.02758662447283236
2025-07-16,44.0,44.74,43.79,44.3,12147301.0,540063026.0,485560675.0,0.025017060947120563
2025-07-17,44.19,44.85,43.9,44.77,13785971.0,613108077.0,485560675.0,0.028391860605268333
2025-07-18,44.64,44.98,44.15,44.56,14773942.0,657149463.0,485560675.0,0.030426562035733226
2025-07-21,44.57,44.63,44.18,44.36,11486042.0,510059221.0,485560675.0,0.023655214664984967
2025-07-22,43.81,44.34,42.69,43.9,24759097.0,1081221758.0,485560675.0,0.0509907376663071
2025-07-23,43.94,45.28,43.92,45.0,33686996.0,1512868585.0,485560675.0,0.0693775211511929
2025-07-24,45.14,45.66,44.73,45.11,23371160.0,1055146707.0,485560675.0,0.04813231631659627
2025-07-25,45.11,45.38,44.59,45.29,17508761.0,787759695.0,485560675.0,0.03605885299504537
2025-07-28,45.56,45.67,44.87,45.07,15223720.0,688079627.0,485560675.0,0.031352868516380576
2025-07-29,44.81,45.21,44.67,45.03,13459781.0,604779346.0,485560675.0,0.027720080502812546
2025-07-30,44.88,45.13,44.01,44.32,15381000.0,686726003.0,485560675.0,0.03167678272133549
2025-07-31,44.24,44.74,43.23,43.42,16492737.0,724854586.0,485560675.0,0.03396637711651587
2025-08-01,43.48,44.26,43.1,43.66,13421970.0,587576382.0,485560675.0,0.027642209699127715
2025-08-04,43.53,44.42,43.33,44.1,11331107.0,498523185.0,485560675.0,0.02333612992856145
2025-08-05,44.03,44.13,43.83,44.02,9368590.0,412038134.0,485560675.0,0.019294375517539594
2025-08-06,43.98,44.63,43.7,44.44,11492640.0,508332286.0,485560675.0,0.02366880308006821
2025-08-07,44.53,45.19,44.24,44.66,20056362.0,897561606.0,485560675.0,0.04130557319123918
2025-08-08,44.64,44.65,43.74,43.79,13210475.0,581673661.0,485560675.0,0.027206641064991516
2025-08-11,43.78,44.36,43.68,44.02,11347023.0,500379170.0,485560675.0,0.023368908530329396
2025-08-12,44.03,44.78,43.64,44.68,18983275.0,840350521.0,485560675.0,0.0390955774991457
2025-08-13,44.65,45.44,44.46,45.31,25310641.0,1143703659.0,485560675.0,0.052126628664893426
2025-08-14,45.49,46.16,44.63,44.82,26203279.0,1191210081.0,485560675.0,0.05396499417915176
2025-08-15,44.62,45.8,44.6,45.62,22265460.0,1009254295.0,485560675.0,0.04585515497110634
2025-08-18,45.96,51.88,45.62,49.53,58091392.0,2821194719.0,485560675.0,0.11963776102749672
2025-08-19,49.58,49.62,48.22,48.4,30265570.0,1477792226.0,485560675.0,0.06233118034115922
2025-08-20,48.16,49.47,47.31,49.43,32934742.0,1596265547.0,485560675.0,0.06782827295476512
2025-08-21,49.48,49.87,48.49,48.74,26481280.0,1300777490.0,485560675.0,0.054537530247893325
2025-08-22,48.74,51.86,48.66,51.13,51203761.0,2588069825.0,485560675.0,0.1054528581829655
2025-08-25,51.98,54.36,50.61,51.29,53755778.0,2785849189.0,485560675.0,0.11070867302011227
2025-08-26,50.72,51.99,50.19,50.92,33419675.0,1706433382.0,485560675.0,0.06882698027388647
2025-08-27,51.11,61.1,50.71,59.56,126532140.0,7356357329.0,485560675.0,0.26058976048667865
2025-08-28,59.98,62.47,58.4,61.29,95350434.0,5778191223.0,485560675.0,0.19637182109115406
2025-08-29,60.77,61.52,58.14,59.72,64807822.0,3866722721.0,485560675.0,0.13347007971763775
2025-09-01,60.51,64.52,57.81,62.47,78283692.0,4770825952.0,485560675.0,0.1612232951113679
2025-09-02,63.4,63.48,58.48,58.88,54932429.0,3320491573.0,485560675.0,0.11313195616593127
2025-09-03,59.45,61.4,58.52,59.33,45034249.0,2701118538.0,485560675.0,0.0927469033607386
2025-09-04,59.72,60.27,53.34,54.13,56655606.0,3168632449.0,485560675.0,0.11668079586552185
2025-09-05,54.68,57.37,53.92,57.03,38111635.0,2109174503.0,485560675.0,0.07848995390740818
2025-09-08,57.83,58.83,56.57,58.47,35657666.0,2063681591.0,485560675.0,0.07343606646069516
2025-09-09,58.15,58.17,55.17,55.68,26338089.0,1488526674.0,485560675.0,0.054242631984149046
2025-09-10,55.88,57.45,55.57,56.42,22031937.0,1245073188.0,485560675.0,0.045374220224897746
2025-09-11,56.0,59.82,55.58,59.07,38791765.0,2256436227.0,485560675.0,0.07989066453950373
2025-09-12,60.78,62.73,59.52,61.16,47316330.0,2909551276.0,485560675.0,0.0974467917938371
2025-09-15,62.18,62.34,58.71,59.83,33759079.0,2019753690.0,485560675.0,0.0695259742770561
2025-09-16,59.97,61.12,59.35,59.69,26435039.0,1584695075.0,485560675.0,0.054442298071193676
2025-09-17,59.98,65.07,59.77,64.72,48981176.0,3078968466.0,485560675.0,0.10087550026574948
2025-09-18,66.72,68.85,63.63,64.86,56638185.0,3750239229.0,485560675.0,0.11664491775409942
2025-09-19,65.84,67.1,63.77,63.96,34410608.0,2244184863.0,485560675.0,0.07086778186886737
2025-09-22,63.98,67.77,63.97,66.86,38231839.0,2515256454.0,485560675.0,0.07873751102269556
2025-09-23,80.23,80.23,77.84,80.23,53037424.0,4240697124.0,485560675.0,0.10922924102121738
2025-09-24,86.98,96.28,86.18,96.28,123924507.0,11289732802.0,485560675.0,0.25521940589608083
2025-09-25,97.68,99.45,92.36,94.55,111816886.0,10587162080.0,485560675.0,0.23028406491114628
2025-09-26,94.09,96.61,90.07,95.56,110585252.0,10361598437.0,485560675.0,0.2277475456594585
2025-09-29,94.96,106.94,94.51,104.07,111226172.0,11046704195.0,485560675.0,0.22906750428254924
2025-09-30,103.95,107.61,97.96,99.57,94031734.0,9636292007.0,485560675.0,0.19365599160187344
2025-10-09,101.15,102.54,94.96,95.5,81266638.0,8047662456.0,485560675.0,0.16736659738764884
2025-10-10,94.47,98.71,93.47,94.71,64597575.0,6185127858.0,485560675.0,0.1330370813081187
2025-10-13,91.97,95.47,90.92,92.22,58747419.0,5468588237.0,485560675.0,0.12098883213719892
2025-10-14,93.46,93.92,83.56,83.89,78044126.0,6849536056.0,485560675.0,0.16072991495861974
2025-10-15,83.99,85.33,83.08,84.74,49718190.0,4194761616.0,485560675.0,0.10239336206541026
2025-10-16,83.96,87.41,83.4,84.96,47788048.0,4085074681.0,485560675.0,0.09841828315276974
2025-10-17,84.96,85.47,82.4,82.79,36398859.0,3043133269.0,485560675.0,0.07496253480576862
2025-10-20,84.56,84.97,81.46,82.01,37218822.0,3096288073.0,485560675.0,0.07665122798505047
2025-10-21,82.36,85.23,80.98,84.83,49050062.0,4091350603.0,485560675.0,0.10101736925050613
2025-10-22,83.36,87.23,82.47,85.26,47620667.0,4039817827.0,485560675.0,0.09807356619231984
2025-10-23,83.69,84.21,81.48,83.39,30077860.0,2495328440.0,485560675.0,0.06194459631641298
2025-10-24,84.76,88.76,83.99,88.58,64777200.0,5620148646.0,485560675.0,0.13340701447867456
2025-10-27,90.44,92.85,89.07,90.77,69962662.0,6365268455.0,485560675.0,0.14408634307133708
2025-10-28,89.1,91.46,87.43,88.11,51144905.0,4569079649.0,485560675.0,0.10533164573098923
2025-10-29,86.81,92.48,86.81,92.48,55443028.0,4999820174.0,485560675.0,0.11418352196664197
2025-10-30,92.26,93.74,87.96,87.96,53579508.0,4848077704.0,485560675.0,0.11034564938768981
2025-10-31,89.72,89.74,83.28,83.56,43033830.0,3665868533.0,485560675.0,0.08862709073382023
2025-11-03,82.61,83.46,78.84,82.38,46042360.0,3729955402.0,485560675.0,0.09482308261475253
2025-11-04,81.96,82.96,80.56,81.27,24993333.0,2044940479.0,485560675.0,0.051473140818086224
2025-11-05,78.96,80.94,78.68,79.84,25262457.0,2014213633.0,485560675.0,0.05202739492855347
2025-11-06,80.97,84.13,79.87,83.22,39946357.0,3295832307.0,485560675.0,0.0822685177295299
2025-11-07,81.98,84.42,81.56,82.9,25214677.0,2090585719.0,485560675.0,0.05192899322005432
2025-11-10,82.58,84.06,80.46,82.12,26218830.0,2156140224.0,489497434.99999994,0.05356275258112436
2025-11-11,83.26,84.4,79.55,79.72,28941196.0,2360187956.0,489497434.99999994,0.05912430572797588
2025-11-12,78.83,80.72,77.78,79.56,21520390.0,1703236717.0,489497434.99999994,0.04396425488930295
2025-11-13,79.58,80.96,78.96,80.26,19355133.0,1548644321.0,489497434.99999994,0.03954082619452337
2025-11-14,79.16,81.14,77.77,78.57,19788368.0,1568707631.0,489497434.99999994,0.0404258870120535
2025-11-17,78.96,79.62,76.31,76.96,22117642.0,1713977763.0,489497434.99999994,0.045184387942706995
2025-11-18,76.56,80.84,76.46,79.06,34084467.0,2705338709.0,489497434.99999994,0.06963155384052218
2025-11-19,78.43,80.39,77.89,78.41,18476920.0,1458256274.0,489497434.99999994,0.0377467146482596
2025-11-20,79.36,79.88,77.22,77.31,14633078.0,1143772103.0,489497434.99999994,0.0298940851446954
2025-11-21,75.57,76.93,73.57,73.57,21027265.0,1574227821.0,489497434.99999994,0.04295684409459674
2025-11-24,73.97,75.31,72.9,73.59,20063677.0,1483106714.0,489497434.99999994,0.040988318968412984
2025-11-25,74.75,77.3,74.57,75.69,21831203.0,1662733927.0,489497434.99999994,0.044599218379969656
2025-11-26,75.05,78.12,74.85,76.96,23395372.0,1805161076.0,489497434.99999994,0.047794677412354575
2025-11-27,77.56,78.76,75.75,75.87,20034431.0,1547766436.0,489497434.99999994,0.040928571975050294
2025-11-28,76.19,77.46,75.36,77.07,17800702.0,1364627384.0,489497434.99999994,0.03636526103553536
2025-12-01,74.96,80.94,74.85,79.37,34932390.0,2751319833.0,489497434.99999994,0.07136378559368754
2025-12-02,78.98,80.08,78.07,78.64,18362910.0,1451891320.0,489497434.99999994,0.03751380229397934
2025-12-03,78.78,85.31,78.78,81.77,53875749.0,4473998888.0,489497434.99999994,0.11006339389704872
2025-12-04,82.46,88.77,81.46,87.46,63285012.0,5418902917.0,489497434.99999994,0.12928568665533458
2025-12-05,85.96,86.98,84.04,85.59,42671663.0,3644598452.0,489497434.99999994,0.08717443636859916
2025-12-08,84.96,88.18,84.65,87.78,42861494.0,3718811722.0,489497434.99999994,0.08756224432514137
2025-12-09,86.56,88.94,84.97,87.08,34362004.0,2988577458.0,489497434.99999994,0.07019853740398048
2025-12-10,86.06,90.46,86.06,89.96,43295555.0,3836906184.0,489497434.99999994,0.08844899258767312
2025-12-11,90.56,91.01,88.49,89.14,32810529.0,2949323499.0,489497434.99999994,0.06702901109175374
2025-12-12,90.0,94.96,88.2,93.46,52229824.0,4813074840.0,489497434.99999994,0.10670091458191197
2025-12-15,92.99,93.36,87.26,88.76,38262464.0,3432739883.0,489497434.99999994,0.07816683247788624
2025-12-16,89.46,89.86,85.96,87.52,31136108.0,2737642665.0,489497434.99999994,0.06360831696697247
2025-12-17,87.34,90.35,86.14,89.94,27205350.0,2410676887.0,489497434.99999994,0.05557812575667532
2025-12-18,88.93,90.37,87.81,88.45,18863509.0,1675820022.0,489497434.99999994,0.03853648181016516
2025-12-19,88.96,89.95,86.76,87.21,19942207.0,1754810937.0,489497434.99999994,0.04074016649341585
2025-12-22,87.6,95.19,87.59,94.53,40665591.0,3805751532.0,489497434.99999994,0.08307620856072516
2025-12-23,94.33,98.15,94.25,97.04,35103119.0,3382305391.0,489497434.99999994,0.0717125698523834
2025-12-24,97.04,99.84,94.87,98.74,32607759.0,3184808109.0,489497434.99999994,0.06661476990170542
2025-12-25,99.85,109.61,98.96,106.2,54594803.0,5738468060.0,489497434.99999994,0.11153235767210916
2025-12-26,107.47,108.07,104.04,104.98,32270303.0,3400652168.0,489497434.99999994,0.06592537711663393
2025-12-29,106.67,108.8,104.95,105.96,28878598.0,3082067847.0,489497434.99999994,0.05899642354612135
2025-12-30,106.59,111.95,104.63,105.65,38077161.0,4099787811.0,489497434.99999994,0.07778827482517861
2025-12-31,109.97,110.95,100.74,101.26,33668850.0,3473376129.0,489455435.0,0.06878838724101613
2026-01-05,101.97,106.91,101.95,105.95,36926491.0,3865610100.0,489455435.0,0.07544403097699794
2026-01-06,107.85,117.72,105.65,111.28,43938975.0,4906848642.0,489455435.0,0.08977114535463275
2026-01-07,114.95,129.79,112.75,125.84,60122809.0,7123268315.0,489455435.0,0.1228361250090113
2026-01-08,124.93,127.74,122.44,123.59,35153053.0,4383991597.0,489455435.0,0.07182074298551819
2026-01-09,120.93,125.44,118.04,123.54,36485949.0,4451707633.0,489455435.0,0.07454396537654139
2026-01-12,125.04,130.74,123.24,128.6,46119961.0,5857833102.0,489455435.0,0.09422708933653991
2026-01-13,127.32,128.83,121.94,122.75,33490339.0,4172951882.0,489455435.0,0.06842367375080839
2026-01-14,123.77,133.44,121.65,128.99,41388743.0,5324948365.0,489455435.0,0.08456079969772938
2026-01-15,127.01,137.63,126.38,137.24,40268958.0,5292998775.0,489455435.0,0.08227298160454588
2026-01-16,137.34,143.26,134.65,138.44,50686018.0,7037189209.0,489455435.0,0.10355594069560184
2026-01-19,138.94,141.92,134.59,138.19,29017139.0,4001522738.0,489455435.0,0.059284537314413514
2026-01-20,137.1,140.34,133.95,136.44,25696572.0,3509766719.0,489455435.0,0.05250033029054014
2026-01-21,136.64,144.81,134.94,138.54,33297328.0,4640068913.0,489455435.0,0.06802933550017684
2026-01-22,139.83,139.93,131.44,134.7,33975394.0,4553862427.0,489455435.0,0.06941468327959215
2026-01-23,132.84,140.83,129.74,140.03,33628724.0,4530789010.0,489455435.0,0.06870640633503232
2026-01-26,137.06,137.6,128.95,130.11,32222774.0,4228243023.0,489455435.0,0.06583392827173326
2026-01-27,129.4,133.16,127.54,130.98,28145884.0,3676352791.0,489455435.0,0.057504487614893886
2026-01-28,131.53,133.77,128.9,132.63,25744504.0,3379244228.0,489455435.0,0.05259825953306658
2026-01-29,132.24,135.86,125.39,125.56,39552311.0,5132580084.0,489455435.0,0.0808088094884471
2026-01-30,124.38,128.68,121.36,127.47,32934983.0,4139684992.0,489455435.0,0.06728903316805543
2026-02-02,124.47,125.43,119.94,120.55,31479513.0,3836420266.0,489455435.0,0.06431538144019179
2026-02-03,125.94,129.74,123.64,129.09,31445602.0,3999797171.0,489455435.0,0.0642460983194517
2026-02-04,127.45,132.16,127.17,129.58,20070443.0,2601551755.0,489455435.0,0.04100565968789375
2026-02-05,126.94,129.44,123.95,128.19,19214027.0,2432567461.0,489455435.0,0.03925592735526576
2026-02-06,126.19,129.52,124.96,125.97,15723198.0,2000628310.0,489455435.0,0.032123860265235386
2026-02-09,128.94,131.27,126.75,130.88,21884714.0,2834856376.0,489455435.0,0.04471237304781384
2026-02-10,128.44,130.65,126.06,128.14,20086169.0,2570741368.0,489455435.0,0.04103778927288855
2026-02-11,127.94,130.44,126.72,128.84,14842421.0,1916258561.0,489455435.0,0.030324356292008484
2026-02-12,130.0,132.44,127.94,129.14,17840259.0,2312141015.0,489455435.0,0.036449199915412116
2026-02-13,127.92,133.93,127.45,130.53,21477705.0,2824150331.0,489455435.0,0.043880818281239437
2026-02-24,132.22,134.76,127.17,131.99,20404659.0,2674438018.0,489455435.0,0.04168849202787992
2026-02-25,134.92,142.43,127.96,139.91,35296782.0,4778626587.0,489455435.0,0.07211439382627348
2026-02-26,139.77,151.03,133.82,148.13,38516184.0,5485692260.0,489455435.0,0.07869191196130042
2026-02-27,143.83,146.37,140.63,144.43,24933034.0,3570892859.0,489455435.0,0.05094035578540465
2026-03-02,140.53,147.05,140.05,140.13,22919586.0,3279567911.0,489455435.0,0.04682670650086866
2026-03-03,141.23,141.43,128.52,128.84,24915751.0,3329332241.0,489455435.0,0.05090504511406641
2026-03-04,126.53,131.82,126.53,129.04,16380864.0,2120541217.0,489455435.0,0.03346752907136479
2026-03-05,132.94,134.79,129.15,130.79,18456280.0,2439822469.0,489455435.0,0.037707784366517456
2026-03-06,131.52,132.12,128.05,128.89,12952151.0,1678860562.0,489455435.0,0.026462370368816112
2026-03-09,122.46,127.44,120.24,126.84,21712796.0,2678318081.0,489455435.0,0.04436112962970776
2026-03-10,129.94,133.7,129.29,132.59,17901203.0,2364679697.0,489455435.0,0.0365737138050168
2026-03-11,132.08,134.22,127.74,128.91,17704196.0,2312495198.0,489455435.0,0.03617121137902984
2026-03-12,128.95,129.44,123.19,124.53,17531843.0,2203819369.0,489455435.0,0.03581907921811104
2026-03-13,123.53,128.04,122.45,124.14,14071083.0,1755792703.0,489455435.0,0.02874844570885192
2026-03-16,123.92,124.38,118.66,123.52,17754185.0,2155423971.0,489455435.0,0.03627334325136261
2026-03-17,124.4,126.84,121.15,121.54,15162985.0,1877445684.0,489455435.0,0.030979296409283923
2026-03-18,123.94,128.79,122.94,128.59,21163171.0,2679710665.0,489455435.0,0.04323819797812645
2026-03-19,125.94,126.79,123.64,124.29,14960138.0,1868534783.0,489455435.0,0.030564862355650417
2026-03-20,125.86,128.44,123.49,123.56,17676025.0,2229806654.0,489455435.0,0.03611365557724372
2026-03-23,121.03,123.29,114.94,116.95,18492262.0,2198318214.0,489455435.0,0.03778129872028083
2026-03-24,118.94,121.44,116.5,120.86,14813093.0,1765495755.0,489455435.0,0.030264436638649236
2026-03-25,123.82,127.0,121.95,124.08,16800148.0,2097916466.0,489455435.0,0.03432416272995314
2026-03-26,123.54,124.83,120.38,120.83,10842498.0,1325936815.0,489455435.0,0.02215216590658555
2026-03-27,118.85,124.42,117.93,123.03,11482935.0,1402868283.0,489471435.0,0.023459867479294273
2026-03-30,121.18,126.82,119.74,125.43,16231787.0,2005092873.0,489471435.0,0.03316186776047513
2026-03-31,125.05,125.54,120.84,120.99,12884994.0,1585190593.0,489478185.0,0.026323939237455497
2026-04-01,123.94,127.83,122.94,124.42,15086436.0,1890043335.0,489478185.0,0.030821467559376522
2026-04-02,123.94,124.3,114.5,115.75,21190875.0,2497061999.0,489478185.0,0.04329278739970812
2026-04-03,117.07,117.45,114.65,114.95,10180248.0,1179998656.0,489478185.0,0.020798164886551583
2026-04-07,116.45,121.94,115.45,118.92,14919582.0,1771605404.0,489478185.0,0.030480586177706777
2026-04-08,124.94,131.01,123.29,130.45,25328804.0,3227026734.0,489478185.0,0.051746543106921096
2026-04-09,128.74,136.1,127.95,134.14,22730685.0,3034237418.0,489478185.0,0.046438606860487563
2026-04-10,136.01,140.83,135.04,137.99,19234414.0,2656317234.0,489478185.0,0.03929575329286636
2026-04-13,136.9,138.94,134.95,135.23,14971700.0,2044839134.0,489478185.0,0.030587062833045357
2026-04-14,137.12,142.23,135.94,139.75,22266187.0,3105437259.0,489478185.0,0.04548964117777792
2026-04-15,140.93,147.93,139.23,141.14,22875382.0,3267359939.0,489478185.0,0.046734221669143435
2026-04-16,141.15,154.44,141.15,154.02,30752410.0,4617869922.0,489478185.0,0.06282692659735183
2026-04-17,153.63,153.63,148.68,150.63,21362973.0,3215622312.0,489478185.0,0.04364438223125306
2026-04-20,150.92,155.48,150.43,151.73,18929279.0,2888571747.0,489478185.0,0.038672364939001315
2026-04-21,151.37,151.37,146.34,148.23,15510705.0,2300590882.0,489478185.0,0.03168824571824381
2026-04-22,147.93,152.84,147.19,152.23,18274317.0,2749154631.0,489478185.0,0.03733428283427994
2026-04-23,153.45,159.6,151.86,155.54,20844848.0,3240245450.0,489478185.0,0.04258585701832657
2026-04-24,157.43,161.22,154.59,157.93,18531116.0,2920757716.0,489478185.0,0.037858921128425774
2026-04-27,160.75,178.92,158.51,174.94,43626621.0,7359775162.0,489478185.0,0.08912883625242665
2026-04-28,176.38,187.91,173.91,179.23,39156617.0,7072236149.0,489478185.0,0.07999665398775636
2026-04-29,178.76,180.5,171.85,174.22,27752192.0,4867648520.0,489478185.0,0.05669750532396045
2026-04-30,176.21,177.21,167.24,174.12,32691596.0,5617993936.0,489478185.0,0.06678866801796285
2026-05-06,177.62,183.41,175.28,176.12,34217263.0,6127315751.0,489478185.0,0.06990559344335233
2026-05-07,177.7,187.5,173.37,185.71,30511274.0,5525587284.0,489478185.0,0.06233428768638586
2026-05-08,179.93,187.41,179.39,181.93,21966950.0,4006336156.0,489478185.0,0.04487830239053452
2026-05-11,185.91,218.31,183.89,218.31,47062419.0,9729833582.0,489478185.0,0.09614814396682458
2026-05-12,219.89,219.9,208.9,212.98,30759785.0,6545371893.0,489478185.0,0.0628419936631088
2026-05-13,210.02,227.89,202.72,227.89,40642719.0,8787811301.0,489478185.0,0.08303274843596962
2026-05-14,224.89,226.13,208.2,208.77,38671499.0,8291834452.0,489478185.0,0.07900556181068621
2026-05-15,212.94,219.21,194.89,209.4,43401186.0,8974817237.0,489478185.0,0.0886682743583353
2026-05-18,210.9,213.9,203.22,209.07,28939171.0,6061852395.0,489478185.0,0.05912249388601455
2026-05-19,208.39,227.57,203.06,223.95,38988639.0,8421963133.0,489478185.0,0.07965347628311566
2026-05-20,229.71,249.65,227.96,241.45,38125273.0,9048867135.0,489478185.0,0.07788962648049372
2026-05-21,243.89,257.9,233.89,234.66,42675381.0,10477285227.0,489478185.0,0.08718546057369236
2026-05-22,237.6,241.66,229.39,235.91,34870971.0,8186842432.0,489478185.0,0.07124111363614703
2026-05-25,235.89,258.56,225.92,247.88,38332283.0,9208390945.0,489478185.0,0.07831254624759222
2026-05-26,243.43,247.81,228.89,234.99,31527121.0,7424947228.0,489478185.0,0.06440965494713519
2026-05-27,233.89,235.89,219.06,220.1,34339677.0,7805080600.0,489478185.0,0.07015568426200648
2026-05-28,221.3,222.9,213.92,218.93,27093219.0,5924919737.0,489478185.0,0.05535122877845925
2026-05-29,222.4,223.5,207.58,210.69,28825266.0,6157272613.0,489478185.0,0.058889786886008
2026-06-01,208.9,218.5,203.14,203.54,26556974.0,5576107031.0,489478185.0,0.05425568455108985
2026-06-02,204.9,212.2,199.64,207.52,23297335.0,4818477594.0,489478185.0,0.047596268258615036
2026-06-03,208.11,222.49,205.9,214.15,31618664.0,6798802006.0,489478185.0,0.06459667656077461
2026-06-04,214.0,227.86,211.0,223.35,27308877.0,6090663867.0,489478185.0,0.055791816340088785
2026-06-05,218.36,218.51,205.6,206.73,30596287.0,6466971413.0,489478185.0,0.06250796856248048
2026-06-08,190.0,206.0,190.0,200.4,22756107.0,4587365820.0,489478185.0,0.04649054380227385
2026-06-09,207.22,213.99,203.2,212.73,21497054.0,4507630947.0,489478185.0,0.043918308637186765
2026-06-10,212.5,232.85,210.79,226.74,36304240.0,8189959401.0,489478185.0,0.07416927068976527
2026-06-11,229.0,234.27,225.01,232.84,29225374.0,6725441899.0,489478185.0,0.05970720431595945
2026-06-12,247.1,253.38,223.12,223.12,37551028.0,8947298842.0,489478185.0,0.0767164485583765
2026-06-15,230.0,232.5,220.18,231.45,23313537.0,5339289282.0,489478185.0,0.047629368814465146
2026-06-16,231.5,243.49,229.5,240.4,23841524.0,5663077205.0,489478185.0,0.048708042014170665
2026-06-17,236.0,265.0,236.0,264.01,31318795.0,7877377085.0,489478185.0,0.06398404660260804
2026-06-18,263.0,271.21,261.56,264.1,22018140.0,5840972984.0,489478185.0,0.04498288314932768
2026-06-22,267.0,268.95,254.72,268.49,24664014.0,6470814696.0,489478185.0,0.050388382477147574
2026-06-23,269.98,294.97,268.78,279.4,45545097.0,12701921748.0,489478185.0,0.0930482673094001
2026-06-24,275.26,314.63,272.68,307.35,40548051.0,11868736306.0,489478185.0,0.08283934247243317
2026-06-25,310.01,316.5,298.9,309.99,32422887.0,9958511376.0,489478185.0,0.06623969768948947
2026-06-26,311.0,332.0,310.95,314.9,35155374.0,11288282237.0,489478185.0,0.07182214668055124
2026-06-29,318.0,338.0,311.03,337.9,35678690.0,11694486937.0,489478185.0,0.07289127706477869
2026-06-30,331.0,345.43,324.0,341.42,28099742.0,9456545579.0,489478185.0,0.05740754718210782
2026-07-01,349.91,363.58,325.0,333.67,32402561.0,11190942175.0,489478185.0,0.06619817183476727
2026-07-02,316.99,329.99,297.99,301.46,39524682.0,12372749899.0,489478185.0,0.08074860782610771
2026-07-03,300.0,313.21,286.0,302.71,34274992.0,10268910550.0,489478185.0,0.07002353332661802
2026-07-06,307.46,313.5,289.99,304.0,26299421.0,7952964502.0,489478185.0,0.05372950584100086
2026-07-07,298.0,311.88,295.66,304.33,20276689.0,6151253409.0,489478185.0,0.04142511274532081
2026-07-08,305.02,332.18,287.59,317.22,31132847.0,9707940985.0,489478185.0,0.06360415633231949
2026-07-09,325.0,375.18,310.49,374.0,39785020.0,13456200988.0,489478185.0,0.08128047626882494
2026-07-10,379.6,395.0,349.18,352.31,38716235.0,14616432988.0,489478185.0,0.07909695709932404
2026-07-13,352.13,358.88,320.15,325.24,35162511.0,11922819546.0,489478185.0,0.07183672751422007
2026-07-14,332.0,341.5,312.01,335.62,33684469.0,11101954879.0,489478185.0,0.06881709958126121
2026-07-15,344.0,344.02,303.0,304.44,34357535.0,10787215944.0,489478185.0,0.07019216801255403
2026-07-16,303.05,309.97,288.0,293.13,25496152.0,7572872634.0,489478185.0,0.052088433726622564
2026-07-17,291.89,297.0,273.57,278.76,33097004.0,9459544563.0,489478185.0,0.06761691330533964
2026-07-20,288.99,296.66,253.01,265.0,36240845.0,9930692553.0,489478185.0,0.07403975521401429
2026-07-21,275.0,318.0,259.0,318.0,41481677.0,12047998281.0,489478185.0,0.08474673289065987
2026-07-22,313.47,329.78,308.0,309.05,37562046.0,11890881907.0,489478185.0,0.07673895824386943
2026-07-23,309.28,313.0,286.0,291.24,28668562.0,8465943737.0,489478185.0,0.05856964187280379
2026-07-24,285.42,310.28,282.39,303.5,29296826.0,8803806518.0,489478185.0,0.059853180177988935
2026-07-27,301.88,312.14,284.01,304.7,28036247.0,8384316795.0,489478185.0,0.057277827407160135
2026-07-28,294.0,302.29,274.0,276.4,27271824.0,7819032681.0,489478185.0,0.05571611735873377
2026-07-29,279.0,286.0,249.0,271.0,34102519.0,9116829590.0,489478185.0,0.06967117237308543
2026-07-30,270.01,278.0,243.95,245.5,34742639.0,8969833161.0,489478185.0,0.0709789323910319
2026-07-31,277.62,283.54,259.18,259.64,34973012.0,9557081780.0,489478185.0,0.07144958257945652
2026-08-03,255.06,257.98,226.38,227.42,35791310.0,8428104340.0,489478185.0,0.07312135882010758
2026-08-04,228.59,249.98,224.25,245.82,29984722.0,7228112164.0,489478185.0,0.061258546180153056
2026-08-05,244.03,280.0,243.76,272.0,30706973.0,8138201329.0,489478185.0,0.06273409917134509
2026-08-06,262.0,288.96,261.06,278.53,26496481.0,7359189707.0,489478185.0,0.05413209783802724
2026-08-07,280.01,286.47,271.33,283.21,22053043.0,6192469921.0,489478185.0,0.045054189697953544
2026-08-10,284.16,293.88,278.0,288.08,22492725.0,6442589104.0,489478185.0,0.045952456492008936
2026-08-11,283.05,289.66,278.88,281.04,16920286.0,4811629100.0,489478185.0,0.034568008378146615
2026-08-12,285.26,291.66,280.0,287.11,15122988.0,4338211488.0,489478185.0,0.030896143001756044
2026-08-13,293.0,301.14,281.0,281.69,22375855.0,6537531036.0,489478185.0,0.04571369202082009
2026-08-14,287.01,290.99,278.0,283.05,15176846.0,4305511523.0,489478185.0,0.03100617446311729
2026-08-17,280.51,303.7,280.51,302.57,20883696.0,6196593866.0,489478185.0,0.04266522317026243
2026-08-18,303.7,305.18,293.58,301.03,18224564.0,5454995394.0,489478185.0,0.03723263785494342
2026-08-19,289.51,299.14,270.0,273.0,26826334.0,7615182019.0,489478185.0,0.05480598486733377
2026-08-20,277.64,285.14,272.0,275.74,14968594.0,4157797800.0,489478185.0,0.03058071729999571
2026-08-21,274.05,284.58,270.02,279.42,12882692.0,3587691576.0,489478185.0,0.026319236269947352
2026-08-24,283.01,285.5,264.38,271.1,17257195.0,4695429793.0,489478185.0,0.03525631075877263
2026-08-25,268.18,269.14,253.0,263.62,18236921.0,4772992505.0,489478185.0,0.03725788310668023
2026-08-26,262.68,279.5,261.08,276.2,16437445.0,4484104756.0,489478185.0,0.03358156809378542
2026-08-27,276.0,286.0,274.05,284.8,14221328.0,4003913399.0,489478185.0,0.029054058864747975
2026-08-28,283.81,286.99,274.58,277.11,15339533.0,4295581038.0,489478185.0,0.03133854269726035
2026-08-31,272.13,279.4,265.38,279.03,13455202.0,3666451201.0,489478185.0,0.027488869601001727
2026-09-01,281.85,291.9,274.19,284.27,28088063.0,8014843529.0,489478185.0,0.057383687078924675
2026-09-02,277.0,280.8,265.3,272.6,19046945.0,5228130866.0,489478185.0,0.03891275563179593
2026-09-03,277.0,281.88,265.0,269.63,15403750.0,4199916498.0,489478185.0,0.03146973751240824
2026-09-04,272.15,278.0,251.01,254.23,20130628.0,5265220664.0,489478185.0,0.041126711295621884
2026-09-07,259.0,272.9,257.08,270.5,17218396.0,4598300639.0,489478185.0,0.035177044713443156
2026-09-08,271.5,275.88,263.7,267.46,13507629.0,3632234084.0,489478185.0,0.02759597754085813
2026-09-09,269.89,272.5,261.56,263.11,10242292.0,2724909568.0,489478185.0,0.02092492028015508
2026-09-10,261.36,272.89,258.77,268.5,10363397.0,2768971889.0,489478185.0,0.021172336822324368
2026-09-11,264.11,264.46,250.0,257.7,16622685.0,4266537587.0,489478185.0,0.033960011925761306
2026-09-14,258.0,259.0,249.21,253.57,10368267.0,2627200098.0,489478185.0,0.021182286193203892
2026-09-15,252.99,270.5,251.1,267.25,16868990.0,4455560114.0,489478185.0,0.03446321106220495
2026-09-16,268.19,276.66,263.18,269.51,21189803.0,5720179191.0,489478185.0,0.04329059731231945
2026-09-17,267.97,275.95,264.11,267.15,14480422.0,3913144554.0,489478185.0,0.029583385825458188
2026-09-18,272.11,282.89,268.0,279.73,23436014.0,6483239258.0,489478185.0,0.047879588341613225
2026-09-21,286.0,292.78,277.11,282.53,20740844.0,5878322415.0,489478185.0,0.04237337768178576
2026-09-22,287.99,291.49,271.26,272.85,19846669.0,5571039545.0,489478185.0,0.04054658533965104
2026-09-23,277.0,277.05,270.88,271.18,9350660.0,2550935443.0,489478185.0,0.019103323266592566
2026-09-24,269.5,270.67,261.0,261.0,10894474.0,2893293065.0,489478185.0,0.022257322867208065
