date,open,high,low,close,volume,amount,outstanding_share,turnover
2015-02-17,1.84,2.21,1.84,2.21,11200.0,343497.0,15240000.0,0.0007349081364829396
2015-02-25,2.43,2.43,2.43,2.43,4300.0,145813.0,15240000.0,0.0002821522309711286
2015-02-26,2.68,2.68,2.68,2.68,2800.0,104440.0,15240000.0,0.0001837270341207349
2015-02-27,2.94,2.94,2.94,2.94,5600.0,229768.0,15240000.0,0.0003674540682414698
2015-03-02,3.24,3.24,3.24,3.24,21500.0,970295.0,15240000.0,0.001410761154855643
2015-03-03,3.56,3.56,3.56,3.56,173549.0,8614972.0,15240000.0,0.011387729658792652
2015-03-04,3.92,3.92,3.81,3.92,2628662.0,143459376.0,15240000.0,0.17248438320209974
2015-03-05,4.16,4.31,4.06,4.31,2247258.0,132430112.0,15240000.0,0.14745787401574803
2015-03-06,4.74,4.74,4.39,4.46,9185096.0,590685440.0,15240000.0,0.6026965879265092
2015-03-09,4.02,4.2,4.02,4.08,5544989.0,316589152.0,15240000.0,0.36384442257217847
2015-03-10,4.02,4.22,3.95,4.13,3738355.0,213889392.0,15240000.0,0.24529888451443568
2015-03-11,4.08,4.19,4.02,4.08,3283951.0,187483984.0,15240000.0,0.21548234908136482
2015-03-12,4.09,4.15,3.85,3.87,3325975.0,183512992.0,15240000.0,0.21823982939632547
2015-03-13,3.89,4.05,3.88,4.02,2120286.0,117583296.0,15240000.0,0.1391263779527559
2015-03-16,4.1,4.28,4.05,4.17,2820736.0,164037312.0,15240000.0,0.18508766404199475
2015-03-17,4.16,4.27,4.13,4.18,3192638.0,186966448.0,15240000.0,0.20949068241469818
2015-03-18,4.15,4.39,4.14,4.32,3133624.0,188436768.0,15240000.0,0.20561837270341207
2015-03-19,4.33,4.43,4.27,4.39,2427450.0,147070080.0,15240000.0,0.15928149606299213
2015-03-20,4.36,4.48,4.32,4.38,2389102.0,146475680.0,15240000.0,0.15676522309711285
2015-03-23,4.4,4.43,4.33,4.4,2236509.0,136504496.0,15240000.0,0.1467525590551181
2015-03-24,4.42,4.73,4.38,4.61,3377311.0,214054768.0,15240000.0,0.22160833333333332
2015-03-25,4.59,5.07,4.5,5.07,3358572.0,223036272.0,15240000.0,0.22037874015748032
2015-03-26,5.06,5.06,4.57,4.66,3603327.0,240880544.0,15240000.0,0.23643877952755907
2015-03-27,4.6,4.73,4.53,4.67,1455308.0,94287584.0,15240000.0,0.09549265091863517
2015-03-30,4.61,4.68,4.31,4.45,1961025.0,123149136.0,15240000.0,0.1286761811023622
2015-03-31,4.45,4.54,4.38,4.46,1125205.0,70184752.0,15240000.0,0.07383234908136482
2015-04-01,4.47,4.55,4.44,4.55,1232930.0,77550064.0,15240000.0,0.0809009186351706
2015-04-02,4.57,4.72,4.57,4.67,1607211.0,104294624.0,15240000.0,0.10546003937007874
2015-04-03,4.61,4.7,4.57,4.69,2296541.0,148405232.0,15240000.0,0.15069166666666667
2015-04-07,4.71,4.93,4.71,4.89,2163389.0,145231616.0,15240000.0,0.14195465879265093
2015-04-08,4.88,4.9,4.52,4.7,2455425.0,161206080.0,15240000.0,0.16111712598425196
2015-04-09,4.66,4.91,4.51,4.9,2435693.0,159557760.0,15240000.0,0.159822375328084
2015-04-10,4.88,5.18,4.79,5.02,2647010.0,186326720.0,15240000.0,0.17368832020997374
2015-04-13,4.95,5.42,4.95,5.24,2110237.0,152339168.0,15240000.0,0.13846699475065616
2015-04-14,5.17,5.34,5.04,5.12,1850058.0,134131240.0,15240000.0,0.12139488188976377
2015-04-15,5.09,5.09,4.73,4.81,1715260.0,117284504.0,15240000.0,0.1125498687664042
2015-04-16,4.81,5.06,4.76,4.92,1282311.0,88436576.0,15240000.0,0.08414114173228346
2015-04-17,4.92,4.98,4.78,4.81,1424313.0,96514472.0,15240000.0,0.09345885826771654
2015-04-20,4.81,4.9,4.62,4.65,1598675.0,106241952.0,15240000.0,0.1048999343832021
2015-04-21,4.66,4.91,4.66,4.91,1345195.0,90384760.0,15240000.0,0.08826738845144357
2015-04-22,4.92,5.03,4.91,4.97,1605010.0,111353336.0,15240000.0,0.10531561679790026
2015-04-23,5.04,5.05,4.88,4.93,1243871.0,85892280.0,15240000.0,0.08161883202099737
2015-04-24,4.81,4.91,4.74,4.9,1534942.0,103373952.0,15240000.0,0.10071797900262468
2015-04-27,5.09,5.34,5.06,5.1,2135656.0,153276032.0,15240000.0,0.14013490813648294
2015-04-28,5.03,5.5,5.03,5.34,3439389.0,253777456.0,15240000.0,0.22568169291338583
2015-04-29,5.24,5.87,5.15,5.73,3324412.0,254079360.0,15240000.0,0.21813727034120736
2015-04-30,5.67,5.93,5.6,5.62,3008910.0,241257712.0,15240000.0,0.19743503937007875
2015-05-04,5.53,5.59,5.24,5.49,1882846.0,143219888.0,15240000.0,0.12354632545931758
2015-05-05,5.42,5.56,5.27,5.4,1699423.0,128302880.0,15240000.0,0.11151069553805774
2015-05-06,5.45,5.81,5.4,5.47,1815275.0,141600880.0,15240000.0,0.11911253280839895
2015-05-07,5.39,5.39,5.18,5.24,1473265.0,108338248.0,15240000.0,0.09667093175853018
2015-05-08,5.32,5.72,5.32,5.69,2398904.0,184146304.0,15240000.0,0.15740839895013123
2015-05-11,5.72,6.08,5.69,6.02,2663201.0,220001072.0,15240000.0,0.1747507217847769
2015-05-12,6.1,6.12,5.8,6.02,2649363.0,220076320.0,15240000.0,0.17384271653543307
2015-05-13,5.85,6.38,5.81,6.13,2884627.0,243032192.0,15240000.0,0.1892799868766404
2015-05-14,6.23,6.75,6.2,6.75,1366682.0,125882128.0,15240000.0,0.0896772965879265
2015-05-15,7.1,7.17,6.55,6.77,2990932.0,287331904.0,15240000.0,0.19625538057742783
2015-05-18,6.81,7.45,6.81,7.45,2632541.0,264943248.0,15240000.0,0.17273891076115486
2015-05-19,7.52,7.52,6.96,7.25,2356830.0,236799264.0,15240000.0,0.1546476377952756
2015-05-20,7.17,7.58,6.99,7.05,2348490.0,237632080.0,15240000.0,0.1541003937007874
2015-05-21,7.07,7.38,6.91,7.25,1896623.0,187814048.0,15240000.0,0.1244503280839895
2015-05-22,7.25,7.47,6.92,7.22,1849424.0,183172464.0,15240000.0,0.12135328083989501
2015-05-25,6.98,7.92,6.89,7.78,2308088.0,235425552.0,15240000.0,0.151449343832021
2015-05-26,7.64,8.37,7.61,8.29,1857667.0,208696912.0,15240000.0,0.12189416010498688
2015-05-27,8.3,9.12,8.08,9.12,2216492.0,265992272.0,15240000.0,0.14543910761154855
2015-05-28,9.01,9.95,8.51,8.51,2627543.0,342985984.0,15240000.0,0.17241095800524933
2015-05-29,8.37,8.88,7.86,8.49,2360069.0,275038208.0,15240000.0,0.15486017060367455
2015-06-01,8.51,8.64,8.08,8.49,1712469.0,197750752.0,15240000.0,0.11236673228346457
2015-06-02,8.42,8.86,8.36,8.81,1643813.0,197020304.0,15240000.0,0.10786174540682415
2015-06-03,8.75,8.77,8.08,8.32,1385966.0,162247488.0,15240000.0,0.09094265091863517
2015-06-04,8.2,8.32,7.49,7.6,1693323.0,181236240.0,15240000.0,0.11111043307086614
2015-06-05,7.79,8.08,7.57,7.74,1592465.0,173265248.0,15240000.0,0.10449245406824147
2015-06-08,7.69,7.69,6.97,7.39,2339805.0,232887824.0,15240000.0,0.15353051181102362
2015-06-09,7.21,7.5,7.1,7.33,1076210.0,109420424.0,15240000.0,0.07061745406824146
2015-06-10,7.28,7.79,7.14,7.64,1328495.0,139404384.0,15240000.0,0.08717158792650918
2015-06-11,7.64,7.78,7.56,7.74,1054446.0,112405008.0,15240000.0,0.06918937007874015
2015-06-12,7.74,7.82,7.45,7.46,1337505.0,141275104.0,15240000.0,0.08776279527559055
2015-06-15,7.5,7.5,6.82,6.83,1404970.0,137620560.0,15240000.0,0.09218963254593175
2015-06-16,6.59,6.97,6.41,6.83,1425114.0,132104200.0,15240000.0,0.09351141732283465
2015-06-17,6.84,7.06,6.5,7.01,1169931.0,110740368.0,15240000.0,0.07676712598425196
2015-06-18,6.93,7.03,6.38,6.51,917884.0,86842488.0,15240000.0,0.060228608923884513
2015-06-19,6.34,6.76,6.21,6.42,1022442.0,92807208.0,15240000.0,0.06708937007874016
2015-06-23,6.48,7.05,6.48,7.04,1477880.0,140244800.0,15240000.0,0.09697375328083989
2015-06-24,7.12,7.27,6.91,7.11,1700185.0,167564736.0,15240000.0,0.11156069553805774
2015-06-25,7.11,7.2,6.76,6.78,1196700.0,116700936.0,15240000.0,0.0785236220472441
2015-06-26,6.53,6.55,6.1,6.1,1299314.0,113142592.0,15240000.0,0.08525682414698163
2015-06-29,6.2,6.2,5.49,5.49,1447883.0,113175768.0,15240000.0,0.09500544619422573
2015-06-30,5.09,5.9,4.94,5.81,1817263.0,134524608.0,15240000.0,0.11924297900262468
2015-07-01,5.66,6.04,5.41,5.48,1722877.0,138927904.0,15240000.0,0.1130496719160105
2015-07-02,5.49,5.66,4.95,4.98,1507708.0,111283608.0,15240000.0,0.09893097112860892
2015-07-03,4.94,5.27,4.49,4.85,1433432.0,96275280.0,15240000.0,0.09405721784776903
2015-07-06,5.34,5.34,4.43,4.61,1608347.0,110696920.0,15240000.0,0.10553458005249344
2015-07-07,4.33,4.47,4.15,4.15,722190.0,42570828.0,15240000.0,0.047387795275590554
2015-07-08,3.74,3.95,3.74,3.74,2038871.0,107315712.0,15240000.0,0.13378418635170602
2015-07-09,3.54,4.11,3.53,4.11,1940255.0,106140328.0,15240000.0,0.12731332020997374
2015-07-10,4.47,4.52,4.4,4.52,624186.0,38868648.0,15240000.0,0.04095708661417323
2015-07-13,4.97,4.98,4.74,4.98,1802676.0,123074008.0,15240000.0,0.11828582677165354
2015-07-14,4.98,5.44,4.84,5.16,3202945.0,231172816.0,15240000.0,0.21016699475065617
2015-07-15,4.98,5.01,4.65,4.65,1888664.0,124872704.0,15240000.0,0.12392808398950131
2015-07-16,4.33,4.89,4.19,4.74,1720274.0,110564056.0,15240000.0,0.11287887139107612
2015-07-17,4.75,5.15,4.71,5.07,1547186.0,106460760.0,15240000.0,0.10152139107611549
2015-07-20,5.11,5.23,4.95,5.03,1722648.0,121415464.0,15240000.0,0.11303464566929133
2015-07-21,4.94,5.16,4.87,5.12,1420041.0,99147904.0,15240000.0,0.09317854330708661
2015-07-22,5.12,5.34,5.06,5.26,1657623.0,119687864.0,15240000.0,0.10876791338582677
2015-07-23,5.23,5.77,5.22,5.7,2317467.0,177126384.0,15240000.0,0.15206476377952755
2015-07-24,5.64,6.0,5.45,5.52,2554317.0,203930048.0,15240000.0,0.16760610236220472
2015-07-27,5.34,5.57,4.97,4.97,1988454.0,146260000.0,15240000.0,0.1304759842519685
2015-07-28,4.54,4.92,4.47,4.62,1663753.0,106527016.0,15240000.0,0.10917014435695538
2015-07-29,4.68,4.9,4.47,4.9,1458843.0,94907520.0,15240000.0,0.0957246062992126
2015-07-30,4.83,5.11,4.77,4.8,1482986.0,101980608.0,15240000.0,0.09730879265091863
2015-07-31,4.68,4.88,4.55,4.65,1059343.0,68887400.0,15240000.0,0.06951069553805775
2015-08-03,4.61,4.61,4.2,4.26,1098813.0,67038292.0,15240000.0,0.0721005905511811
2015-08-04,4.28,4.69,4.28,4.69,1262762.0,78691760.0,15240000.0,0.08285839895013124
2015-08-05,4.71,4.9,4.63,4.77,1549016.0,102732032.0,15240000.0,0.10164146981627296
2015-08-06,4.64,4.91,4.63,4.86,1249619.0,83281104.0,15240000.0,0.08199599737532809
2015-08-07,5.0,5.11,4.86,5.09,1516325.0,105494208.0,15240000.0,0.09949639107611549
2015-08-10,5.18,5.55,5.04,5.41,1570134.0,114473904.0,15240000.0,0.10302716535433071
2015-08-11,5.34,5.48,5.27,5.3,1316083.0,97928072.0,15240000.0,0.08635715223097112
2015-08-12,5.23,5.31,5.11,5.11,1222285.0,88271200.0,15240000.0,0.08020242782152232
2015-08-13,5.06,5.49,5.06,5.49,2715209.0,197888416.0,15240000.0,0.17816332020997375
2015-08-14,5.48,5.74,5.37,5.69,2380722.0,183503600.0,15240000.0,0.15621535433070866
2015-08-17,5.56,5.68,5.27,5.46,1595175.0,120624120.0,15240000.0,0.10467027559055118
2015-08-18,5.45,5.48,4.91,4.91,1194736.0,86494232.0,15240000.0,0.07839475065616798
2015-08-19,4.76,5.04,4.49,4.98,1004369.0,66324084.0,15240000.0,0.06590347769028872
2015-08-20,4.9,4.97,4.67,4.69,759817.0,50786820.0,15240000.0,0.049856758530183724
2015-08-21,4.58,4.59,4.33,4.33,1442655.0,89079240.0,15240000.0,0.09466240157480314
2015-08-24,4.04,4.08,3.89,3.89,994514.0,53983224.0,15240000.0,0.06525682414698163
2015-08-25,3.51,3.78,3.5,3.5,1272499.0,63130684.0,15240000.0,0.08349730971128609
2015-08-26,3.58,3.78,3.4,3.59,1459937.0,73422272.0,15240000.0,0.09579639107611548
2015-08-27,3.75,3.78,3.5,3.73,1069550.0,54551660.0,15240000.0,0.07018044619422573
2015-08-28,3.78,3.99,3.71,3.96,1205727.0,63742404.0,15240000.0,0.07911594488188976
2015-08-31,3.9,3.9,3.61,3.62,888364.0,46575132.0,15240000.0,0.05829160104986877
2015-09-01,3.58,3.58,3.26,3.26,961186.0,45249500.0,15240000.0,0.06306994750656168
2015-09-02,3.05,3.45,3.05,3.2,1020595.0,45968076.0,15240000.0,0.06696817585301837
2015-09-07,3.37,3.45,3.27,3.32,807399.0,37723396.0,15240000.0,0.05297893700787402
2015-09-08,3.32,3.65,3.23,3.61,1216349.0,57923952.0,15240000.0,0.07981292650918635
2015-09-09,3.65,3.87,3.61,3.8,1511344.0,78602768.0,15240000.0,0.09916955380577427
2015-09-10,3.68,3.81,3.68,3.7,715686.0,37197660.0,15240000.0,0.046961023622047245
2015-09-11,3.71,3.82,3.7,3.79,850642.0,44473604.0,15240000.0,0.05581640419947507
2015-09-14,3.81,3.86,3.41,3.41,1191053.0,58496660.0,15240000.0,0.07815308398950131
2015-09-15,3.33,3.5,3.28,3.38,740425.0,34946148.0,15240000.0,0.04858431758530184
2015-09-16,3.37,3.72,3.37,3.72,1114789.0,54726792.0,15240000.0,0.0731488845144357
2015-09-17,3.72,3.85,3.64,3.67,1359808.0,70650064.0,15240000.0,0.0892262467191601
2015-09-18,3.68,3.82,3.62,3.77,909535.0,46889904.0,15240000.0,0.05968077427821522
2015-09-21,3.73,3.96,3.71,3.96,1154468.0,62027896.0,15240000.0,0.0757524934383202
2015-09-22,3.98,4.0,3.86,3.93,1207084.0,66023096.0,15240000.0,0.07920498687664042
2015-09-23,3.87,4.01,3.84,3.9,952263.0,51572148.0,15240000.0,0.062484448818897635
2015-09-24,3.92,4.04,3.92,3.98,1255241.0,69118504.0,15240000.0,0.08236489501312336
2015-09-25,3.97,4.0,3.69,3.73,918147.0,48679224.0,15240000.0,0.06024586614173228
2015-09-28,3.72,3.91,3.69,3.89,799041.0,42129212.0,15240000.0,0.05243051181102362
2015-09-29,3.8,3.97,3.77,3.91,1067838.0,57633796.0,15240000.0,0.07006811023622048
2015-09-30,3.92,3.97,3.79,3.87,645310.0,34650456.0,15240000.0,0.042343175853018375
2015-10-08,3.99,4.22,3.96,4.14,1522707.0,85993616.0,15240000.0,0.09991515748031496
2015-10-09,4.14,4.17,4.06,4.14,927519.0,52947992.0,15240000.0,0.060860826771653546
2015-10-12,4.16,4.41,4.15,4.35,1319419.0,78812504.0,15240000.0,0.08657604986876641
2015-10-13,4.29,4.54,4.26,4.53,1349585.0,82915304.0,15240000.0,0.08855544619422573
2015-10-14,4.54,4.68,4.47,4.47,1430603.0,90623992.0,15240000.0,0.09387158792650918
2015-10-15,4.41,4.9,4.41,4.87,1439758.0,93469360.0,15240000.0,0.09447230971128609
2015-10-16,4.92,4.95,4.66,4.82,1389662.0,92637288.0,15240000.0,0.09118517060367454
2015-10-19,4.79,4.82,4.62,4.68,1420577.0,92926008.0,15240000.0,0.09321371391076115
2015-10-20,4.68,4.83,4.65,4.79,1057015.0,69976752.0,15240000.0,0.06935793963254593
2015-10-21,4.77,4.82,4.35,4.38,1842167.0,117785944.0,15240000.0,0.12087709973753281
2015-10-22,4.47,4.63,4.4,4.61,1046654.0,65873408.0,15240000.0,0.06867808398950132
2015-10-23,4.65,4.83,4.61,4.81,1288934.0,84329808.0,15240000.0,0.0845757217847769
2015-10-26,4.89,5.08,4.85,5.07,1749865.0,120734760.0,15240000.0,0.11482053805774278
2015-10-27,4.98,5.21,4.85,5.19,1544885.0,107217368.0,15240000.0,0.10137040682414698
2015-10-28,5.12,5.32,5.05,5.19,1768962.0,127990288.0,15240000.0,0.1160736220472441
2015-10-29,5.23,5.34,5.09,5.26,1125321.0,81583112.0,15240000.0,0.07383996062992126
2015-10-30,5.26,5.77,5.12,5.55,1680267.0,127208920.0,15240000.0,0.11025374015748031
2015-11-02,5.41,6.06,5.33,5.77,2059904.0,165137168.0,15240000.0,0.13516430446194225
2015-11-03,5.77,6.01,5.7,5.82,1337695.0,108564040.0,15240000.0,0.0877752624671916
2015-11-04,5.83,6.1,5.74,6.09,1633336.0,134528208.0,15240000.0,0.1071742782152231
2015-11-05,6.04,6.41,5.98,6.12,1415606.0,121267760.0,15240000.0,0.09288753280839895
2015-11-06,6.17,6.73,6.17,6.73,1652152.0,148265040.0,15240000.0,0.10840892388451444
2015-11-09,6.58,7.12,6.48,7.03,2033724.0,193324240.0,15240000.0,0.13344645669291338
2015-11-10,6.89,7.45,6.81,7.31,1809634.0,176320704.0,15240000.0,0.11874238845144357
2015-11-11,7.31,8.04,7.17,8.04,2043954.0,220283424.0,15240000.0,0.13411771653543308
2015-11-12,8.3,8.32,7.66,8.07,2851783.0,316370016.0,15240000.0,0.1871248687664042
2015-11-13,7.86,7.87,7.26,7.26,3008204.0,311993472.0,15240000.0,0.19738871391076115
2015-11-16,6.89,7.37,6.85,7.37,1443234.0,143333984.0,15240000.0,0.09470039370078741
2015-11-17,7.37,7.64,7.1,7.21,1613297.0,165575760.0,15240000.0,0.10585938320209974
2015-11-18,7.28,7.28,6.63,6.67,1229048.0,118180032.0,15240000.0,0.08064619422572178
2015-11-19,6.66,7.21,6.66,7.14,1180308.0,113885256.0,15240000.0,0.077448031496063
2015-11-20,7.17,7.4,7.0,7.22,1182540.0,118194488.0,15240000.0,0.07759448818897638
2015-11-23,7.21,7.41,6.96,7.0,1065675.0,105832248.0,15240000.0,0.0699261811023622
2015-11-24,7.07,7.7,6.97,7.7,2111045.0,217954784.0,15240000.0,0.13852001312335957
2015-11-25,7.7,7.79,7.48,7.71,1758829.0,187224096.0,15240000.0,0.11540872703412074
2015-11-26,7.71,8.0,7.42,7.46,1615576.0,173182752.0,15240000.0,0.10600892388451444
2015-11-27,7.28,7.7,7.0,7.23,1565449.0,160905712.0,15240000.0,0.10271975065616798
2015-11-30,7.25,7.86,7.15,7.82,1501141.0,156679536.0,15240000.0,0.0985000656167979
2015-12-01,7.73,8.21,7.05,7.41,1915568.0,206672992.0,15240000.0,0.12569343832020996
2015-12-02,7.36,7.42,6.67,7.41,1392840.0,136309168.0,15240000.0,0.09139370078740157
2015-12-03,7.38,7.75,7.28,7.59,1033154.0,108202512.0,15240000.0,0.06779225721784776
2015-12-04,7.57,7.78,7.28,7.29,1212494.0,126906656.0,15240000.0,0.07955997375328085
2015-12-07,7.3,7.35,6.99,7.11,1232900.0,121927528.0,15240000.0,0.08089895013123359
2015-12-08,7.11,7.34,7.07,7.15,940481.0,94159248.0,15240000.0,0.06171135170603675
2015-12-09,7.07,7.13,6.76,6.91,954150.0,91924376.0,15240000.0,0.06260826771653544
2015-12-10,6.85,6.97,6.72,6.74,624555.0,59485488.0,15240000.0,0.040981299212598424
2015-12-11,6.75,6.84,6.71,6.74,484279.0,45554448.0,15240000.0,0.03177683727034121
2015-12-14,6.64,7.03,6.63,7.01,588837.0,55977056.0,15240000.0,0.03863759842519685
2015-12-15,7.04,7.17,6.91,6.93,555163.0,54418724.0,15240000.0,0.03642801837270341
2015-12-16,7.03,7.62,6.94,7.43,1268526.0,129604672.0,15240000.0,0.08323661417322835
2015-12-17,7.43,7.82,7.43,7.74,1172535.0,124727984.0,15240000.0,0.07693799212598425
2015-12-18,7.79,7.8,7.44,7.54,833830.0,87653560.0,15240000.0,0.05471325459317585
2015-12-21,7.45,8.29,7.43,8.05,1746989.0,193340320.0,15240000.0,0.11463182414698163
2015-12-22,8.06,8.62,7.92,8.51,1294189.0,150249840.0,15240000.0,0.08492053805774279
2015-12-23,9.36,9.36,9.36,9.36,253319.0,32878274.0,15240000.0,0.016621981627296587
2015-12-24,10.09,10.29,9.53,10.29,3341980.0,468034656.0,15240000.0,0.21929002624671917
2015-12-25,10.09,10.24,9.3,9.52,3369550.0,454613376.0,15240000.0,0.2210990813648294
2015-12-28,9.53,9.95,8.93,8.94,3098541.0,407987008.0,15240000.0,0.20331633858267717
2015-12-29,8.94,9.01,8.51,8.66,1677387.0,202773360.0,15240000.0,0.11006476377952756
2015-12-30,8.73,9.08,8.38,9.01,1614010.0,196444480.0,15240000.0,0.10590616797900262
2015-12-31,8.89,8.9,8.15,8.33,1317744.0,155665952.0,15240000.0,0.08646614173228347
2016-01-04,8.22,8.29,7.5,7.5,814327.0,88528408.0,15240000.0,0.053433530183727034
2016-01-05,6.92,7.78,6.92,7.5,1547417.0,158354560.0,15240000.0,0.10153654855643045
2016-01-06,7.5,7.77,7.39,7.75,1379003.0,146145424.0,15240000.0,0.09048576115485564
2016-01-07,7.57,7.58,6.98,6.98,326200.0,32309176.0,15240000.0,0.021404199475065618
2016-01-08,7.28,7.38,6.35,7.03,1121785.0,110076624.0,15240000.0,0.07360793963254593
2016-01-11,6.82,6.82,6.33,6.33,1114485.0,100344512.0,15240000.0,0.07312893700787401
2016-01-12,6.29,6.52,6.2,6.37,983697.0,87273520.0,15240000.0,0.06454704724409449
2016-01-13,6.35,6.45,5.73,5.73,1077665.0,91121896.0,15240000.0,0.07071292650918636
2016-01-14,5.61,6.31,5.48,6.31,1072991.0,89047784.0,15240000.0,0.07040623359580052
2016-01-15,6.32,6.49,6.13,6.2,1156543.0,101500048.0,15240000.0,0.07588864829396326
2016-01-18,6.13,6.63,5.82,6.5,1034466.0,91194696.0,15240000.0,0.06787834645669291
2016-01-19,6.5,6.8,6.36,6.73,1006946.0,91547360.0,15240000.0,0.06607257217847769
2016-01-20,6.6,6.83,6.51,6.63,783971.0,72656008.0,15240000.0,0.05144166666666666
2016-01-21,6.56,6.77,6.13,6.17,973099.0,88115696.0,15240000.0,0.06385164041994751
2016-01-22,6.29,6.63,6.16,6.63,834711.0,74021768.0,15240000.0,0.05477106299212598
2016-01-25,6.66,6.76,6.56,6.67,636431.0,58841580.0,15240000.0,0.04176056430446194
2016-01-26,6.56,6.56,6.0,6.0,782396.0,68074456.0,15240000.0,0.05133832020997375
2016-01-27,5.91,6.06,5.47,6.01,729700.0,58680504.0,15240000.0,0.04788057742782152
2016-01-28,5.78,5.95,5.41,5.42,603158.0,47138516.0,15240000.0,0.03957729658792651
2016-01-29,5.41,5.77,5.34,5.65,767094.0,59628360.0,15240000.0,0.05033425196850394
2016-02-01,5.61,5.83,5.55,5.7,546438.0,43074204.0,15240000.0,0.03585551181102362
2016-02-02,5.7,5.98,5.66,5.9,760416.0,61964200.0,15240000.0,0.049896062992125984
2016-02-03,5.77,5.86,5.62,5.84,744896.0,59163900.0,15240000.0,0.04887769028871391
2016-02-04,5.84,6.14,5.77,6.05,770382.0,64397772.0,15240000.0,0.05055
2016-02-05,6.0,6.05,5.58,5.62,1239442.0,99216496.0,15240000.0,0.08132821522309712
2016-02-15,5.34,5.61,5.22,5.54,670010.0,50177816.0,15240000.0,0.043963910761154856
2016-02-16,5.54,5.97,5.54,5.96,890286.0,71773328.0,15240000.0,0.05841771653543307
2016-02-17,5.92,6.05,5.81,5.97,1833195.0,150447952.0,27205625.0,0.06738294010889292
2016-02-18,6.04,6.46,5.91,6.27,2468715.0,210105024.0,27205625.0,0.09074281513473777
2016-02-19,6.14,6.23,6.05,6.14,1726522.0,147031344.0,27205625.0,0.06346194950492776
2016-02-22,6.23,6.27,6.12,6.22,1415020.0,121227184.0,27205625.0,0.05201203795171035
2016-02-23,6.22,6.41,6.09,6.26,1849399.0,160975840.0,27205625.0,0.06797855222954811
2016-02-24,6.27,6.34,5.65,5.95,2110786.0,174554224.0,27205625.0,0.07758638149279791
2016-02-25,5.84,5.89,5.35,5.35,1631915.0,126547784.0,27205625.0,0.05998447012336603
2016-02-26,5.37,5.48,5.07,5.18,1092660.0,79644440.0,27205625.0,0.04016301775827609
2016-02-29,5.13,5.13,4.66,4.66,1246732.0,81745824.0,27205625.0,0.045826258356497965
2016-03-01,4.66,4.84,4.38,4.74,1088965.0,70126920.0,27205625.0,0.04002720025729973
2016-03-02,4.69,4.98,4.65,4.93,1043364.0,69580616.0,27205625.0,0.03835103953686048
2016-03-03,4.93,5.12,4.8,4.81,1038989.0,71645728.0,27205625.0,0.03819022720485194
2016-03-04,4.85,5.11,4.62,4.87,1654427.0,112735208.0,27205625.0,0.060811946058949205
2016-03-07,5.03,5.16,4.93,4.98,1249244.0,87438088.0,27205625.0,0.04591859220289922
2016-03-08,4.9,5.0,4.48,4.98,1254039.0,82921768.0,27205625.0,0.046094842518780585
2016-03-09,4.83,4.96,4.77,4.8,752531.0,50726068.0,27205625.0,0.02766086057570815
2016-03-10,4.8,4.9,4.66,4.67,636990.0,42079332.0,27205625.0,0.02341390796939971
2016-03-11,4.67,4.85,4.6,4.81,692708.0,45713460.0,27205625.0,0.025461940315651636
2016-03-14,4.97,5.23,4.9,5.14,1243795.0,88349792.0,27205625.0,0.0457183027407016
2016-03-15,5.1,5.14,5.03,5.04,893826.0,63095480.0,27205625.0,0.03285445565025615
2016-03-16,5.14,5.19,4.85,4.92,870953.0,60175212.0,27205625.0,0.032013710399963244
2016-03-17,4.93,5.23,4.92,5.2,1234949.0,87576224.0,27205625.0,0.04539314939465643
2016-03-18,5.21,5.52,5.2,5.51,1729998.0,129452232.0,27205625.0,0.06358971720002757
2016-03-21,5.53,5.67,5.47,5.63,1803144.0,139344576.0,27205625.0,0.06627835236279261
2016-03-22,5.55,5.87,5.48,5.73,1672894.0,132726552.0,27205625.0,0.06149073950699534
2016-03-23,5.7,5.79,5.63,5.79,1203348.0,95312568.0,27205625.0,0.04423158813664454
2016-03-24,5.75,5.96,5.66,5.79,1683328.0,136511424.0,27205625.0,0.061874263134921545
2016-03-25,5.75,5.98,5.69,5.91,1398359.0,113639632.0,27205625.0,0.051399627834317355
2016-03-28,5.96,6.04,5.71,5.74,1674211.0,137605152.0,27205625.0,0.06153914861356797
2016-03-29,5.72,5.77,5.41,5.47,1300699.0,100124808.0,27205625.0,0.04780992901284201
2016-03-30,5.54,5.9,5.54,5.89,1289790.0,102252704.0,27205625.0,0.047408945760297735
2016-03-31,5.91,6.26,5.91,6.2,2012456.0,171462512.0,27205625.0,0.07397205541133497
2016-04-01,6.13,6.55,6.08,6.52,2030367.0,178569072.0,27205625.0,0.07463041190930185
2016-04-05,6.53,6.71,6.36,6.71,1557262.0,141682112.0,27205625.0,0.05724044200418112
2016-04-06,6.61,6.8,6.59,6.75,1247135.0,115809824.0,27205625.0,0.045841071469594985
2016-04-07,6.74,7.16,6.67,6.96,1829287.0,175363632.0,27205625.0,0.06723929334466677
2016-04-08,6.94,7.21,6.52,6.76,2760852.0,262627040.0,27205625.0,0.10148092536010475
2016-04-11,6.85,7.36,6.58,7.33,3863750.0,369044256.0,27205625.0,0.14202026235383308
2016-04-12,7.14,7.17,6.6,6.6,4502905.0,426413600.0,27205625.0,0.16551374945438674
2016-04-13,6.6,6.81,6.5,6.59,3046714.0,281340896.0,27205625.0,0.11198838475499093
2016-04-14,6.63,6.67,6.53,6.65,1969208.0,180420128.0,27205625.0,0.07238238415768798
2016-04-15,6.62,6.77,6.58,6.62,1447589.0,134140720.0,27205625.0,0.053209180086838656
2016-04-18,6.56,6.56,6.35,6.45,1354878.0,120520432.0,27205625.0,0.04980139217533139
2016-04-19,6.47,6.63,6.46,6.59,1405662.0,127681304.0,27205625.0,0.05166806496818213
2016-04-20,6.69,6.69,6.02,6.12,2111622.0,184632640.0,27205625.0,0.07761711043212571
2016-04-21,6.13,6.26,6.05,6.06,1363966.0,116672864.0,27205625.0,0.05013544074065566
2016-04-22,5.99,6.23,5.93,6.22,1103804.0,93877344.0,27205625.0,0.04057263893036826
2016-04-25,6.22,6.22,6.01,6.16,1007199.0,85416992.0,27205625.0,0.03702171885409727
2016-04-26,6.11,6.29,6.11,6.29,967961.0,83137608.0,27205625.0,0.03557944358933125
2016-04-27,6.29,6.37,6.24,6.25,1015644.0,88740008.0,27205625.0,0.037332132601254335
2016-04-28,6.26,6.37,6.09,6.36,1001946.0,86640344.0,27205625.0,0.036828633784373635
2016-04-29,6.34,6.75,6.28,6.63,1924519.0,175590336.0,27205625.0,0.07073974591651543
2016-05-03,6.56,6.79,6.55,6.79,1582495.0,147315072.0,27205625.0,0.05816793402099749
2016-05-04,6.77,6.85,6.71,6.72,1405271.0,132134928.0,27205625.0,0.05165369294033863
2016-05-05,6.75,6.99,6.71,6.97,1683603.0,161090768.0,27205625.0,0.0618843713386478
2016-05-06,7.0,7.12,6.63,6.65,2191229.0,209729552.0,27205625.0,0.08054323324680099
2016-05-09,6.5,6.63,6.35,6.35,1401982.0,125614088.0,27205625.0,0.05153279882377266
2016-05-10,6.35,6.49,6.32,6.37,947186.0,84111776.0,27205625.0,0.03481581474419353
2016-05-11,6.42,6.48,6.06,6.07,1108479.0,96849174.0,27205625.0,0.040744478393714534
2016-05-12,6.09,6.34,6.03,6.22,1385691.0,118565238.0,27205625.0,0.05093398883502952
2016-05-13,6.18,6.62,6.17,6.56,1771770.0,158318337.0,27205625.0,0.06512513496749293
2016-05-16,6.55,6.87,6.49,6.87,1755302.0,164353228.0,27205625.0,0.06451981897126054
2016-05-17,6.87,7.08,6.6,6.65,2587260.0,245024003.0,27205625.0,0.09510018608284132
2016-05-18,6.45,6.56,6.03,6.2,2083589.0,180762270.0,27205625.0,0.07658669852282386
2016-05-19,6.21,6.34,5.81,5.84,4812102.0,162345005.0,68014062.0,0.07075157487285497
2016-05-20,5.66,6.08,5.6,5.99,4005254.0,129490130.0,68014062.0,0.05888861629820022
2016-05-23,6.03,6.15,5.94,6.0,3626496.0,120646805.0,68014062.0,0.05331979730897413
2016-05-24,6.01,6.01,5.75,5.81,2978180.0,95806550.0,68014062.0,0.04378770966509837
2016-05-25,5.88,6.11,5.84,5.9,3606574.0,118634448.0,68014062.0,0.05302688729280718
2016-05-26,5.82,5.98,5.6,5.97,3785866.0,120375466.0,68014062.0,0.05566298922125839
2016-05-27,5.87,6.05,5.82,5.84,2727155.0,89001817.0,68014062.0,0.04009692877922804
2016-05-30,5.8,5.97,5.74,5.89,2491509.0,80878816.0,68014062.0,0.036632262898810546
2016-05-31,5.91,6.32,5.89,6.25,4481954.0,151662053.0,68014062.0,0.06589746102798566
2016-06-01,6.26,6.51,6.24,6.33,4610669.0,162405970.0,68014062.0,0.06778993732207907
2016-06-02,6.28,6.7,6.28,6.67,5343202.0,190441477.0,68014062.0,0.07856025420155026
2016-06-03,6.69,7.11,6.67,6.93,7653833.0,290003134.0,68014062.0,0.11253309646466932
2016-06-06,6.93,7.0,6.71,6.78,4135746.0,155047958.0,68014062.0,0.06080721954233523
2016-06-07,6.78,6.9,6.76,6.84,3246973.0,122170105.0,68014062.0,0.04773973064570088
2016-06-08,6.72,6.82,6.64,6.65,3481737.0,128849982.0,68014062.0,0.05119142861956988
2016-06-13,6.5,6.53,6.08,6.08,4186525.0,146493425.0,68014062.0,0.06155381515075515
2016-06-14,5.99,6.18,5.99,6.08,2014063.0,67553841.0,68014062.0,0.02961244984897388
2016-06-15,5.99,6.45,5.99,6.37,3211407.0,111438039.0,68014062.0,0.04721680937097979
2016-06-16,6.37,6.51,6.23,6.28,2702942.0,95417179.0,68014062.0,0.039740928868503694
2016-06-17,6.31,6.51,6.3,6.38,2308060.0,81393341.0,68014062.0,0.033935041256615436
2016-06-20,6.39,6.65,6.2,6.59,3907816.0,139619785.0,68014062.0,0.05745600078995429
2016-06-21,6.64,6.82,6.44,6.5,3999856.0,146699440.0,68014062.0,0.05880925035766869
2016-06-22,6.42,6.68,6.36,6.66,3513250.0,127521572.0,68014062.0,0.051654759276103815
2016-06-23,6.66,6.84,6.63,6.77,5770720.0,214655757.0,68014062.0,0.08484598376141687
2016-06-24,6.76,6.78,6.26,6.52,5286422.0,191671588.0,68014062.0,0.0777254268389381
2016-06-27,6.44,6.84,6.44,6.84,5551309.0,205563393.0,68014062.0,0.08162001851911153
2016-06-28,6.81,7.52,6.76,7.52,7396658.0,292437442.0,68014062.0,0.10875189310116487
2016-06-29,7.77,7.8,7.36,7.59,9349773.0,389931540.0,68014062.0,0.13746823414252188
2016-06-30,7.54,7.57,7.33,7.41,5756456.0,235296194.0,68014063.0,0.08463626118027973
2016-07-01,7.41,7.66,7.32,7.37,5578022.0,230344192.0,68014063.0,0.08201277432874433
2016-07-04,7.29,7.71,7.11,7.59,5349376.0,222343448.0,68014063.0,0.07865102839099614
2016-07-05,7.52,7.6,7.4,7.5,4114838.0,169978194.0,68014063.0,0.060499811634543876
2016-07-06,7.45,7.62,7.4,7.44,3737423.0,154839294.0,68014063.0,0.05495073864356552
2016-07-07,7.45,7.51,7.1,7.25,4850609.0,194840742.0,68014063.0,0.07131773615700623
2016-07-08,7.22,7.35,7.19,7.26,2711058.0,108677060.0,68014063.0,0.039860256547237884
2016-07-11,7.3,7.35,6.95,6.96,5568714.0,217538147.0,68014063.0,0.0818759202784283
2016-07-12,6.99,7.21,6.85,7.19,4212786.0,163788926.0,68014063.0,0.06193992557098081
2016-07-13,7.23,7.29,7.12,7.21,3031058.0,120372585.0,68014063.0,0.044565165883414436
2016-07-14,7.28,7.39,7.19,7.33,3093150.0,124293054.0,68014063.0,0.04547809472873279
2016-07-15,7.32,7.36,7.2,7.22,2294767.0,91621457.0,68014063.0,0.033739595883280786
2016-07-18,7.23,7.23,7.0,7.06,2289086.0,89315748.0,68014063.0,0.03365606903972198
2016-07-19,7.06,7.29,7.0,7.29,2670297.0,104721263.0,68014063.0,0.039260954017700724
2016-07-20,7.29,7.31,7.13,7.15,2721610.0,108282136.0,68014063.0,0.040015400932598304
2016-07-21,7.13,7.35,7.09,7.17,3437720.0,136845848.0,68014063.0,0.05054425288487765
2016-07-22,7.14,7.38,7.14,7.27,4428292.0,178318294.0,68014063.0,0.06510847616911226
2016-07-25,7.19,7.25,7.04,7.11,2986977.0,117188065.0,68014063.0,0.043917049919514436
2016-07-26,7.12,7.22,7.09,7.22,2019783.0,79776146.0,68014063.0,0.029696549667970872
2016-07-27,7.19,7.24,6.51,6.8,4764920.0,179817021.0,68014063.0,0.07005786435666989
2016-07-28,6.68,6.71,6.33,6.54,3641577.0,130692791.0,68014063.0,0.05354153008033059
2016-07-29,6.55,6.63,6.41,6.44,1588928.0,57045189.0,68014063.0,0.023361756817851038
2016-08-01,6.36,6.42,5.97,6.16,2990763.0,101172116.0,68014063.0,0.043972714878098076
2016-08-02,6.17,6.24,6.15,6.22,1449439.0,49489440.0,68014063.0,0.021310872135370005
2016-08-03,6.18,6.24,6.15,6.21,1388071.0,47385175.0,68014063.0,0.020408588147424748
2016-08-04,6.21,6.32,6.17,6.29,1534144.0,52894961.0,68014063.0,0.022556276339497614
2016-08-05,6.26,6.34,6.18,6.21,1439479.0,49816654.0,68014063.0,0.02116443183228151
2016-08-08,6.21,6.38,6.16,6.37,1502368.0,52200926.0,68014063.0,0.02208907884241528
2016-08-09,6.37,6.44,6.35,6.41,1464198.0,51648850.0,68014063.0,0.021527871375659473
2016-08-10,6.43,6.47,6.39,6.4,1248356.0,44128190.0,68014063.0,0.018354380622725038
2016-08-11,6.41,6.41,6.26,6.26,1190176.0,41463063.0,68014063.0,0.01749896929404144
2016-08-12,6.24,6.37,6.23,6.36,1066593.0,37153603.0,68014063.0,0.015681948011251733
2016-08-15,6.37,6.67,6.36,6.62,2213945.0,79636368.0,68014063.0,0.032551282813379344
2016-08-16,6.53,6.62,6.5,6.56,2366159.0,85505391.0,68014063.0,0.03478926115618177
2016-08-17,6.51,6.6,6.5,6.56,1730916.0,62477222.0,68014063.0,0.025449383901679275
2016-08-18,6.52,6.56,6.47,6.51,1584191.0,56861553.0,68014063.0,0.023292109456833947
2016-08-19,6.55,6.63,6.49,6.54,1620308.0,58724647.0,68014063.0,0.02382313198962985
2016-08-22,6.53,6.58,6.23,6.24,1889103.0,66562479.0,68014063.0,0.027775182317809774
2016-08-23,6.2,6.38,6.2,6.29,1200491.0,41744866.0,68014063.0,0.017650629105924756
2016-08-24,6.29,6.44,6.26,6.37,1276195.0,44959338.0,68014063.0,0.018763693032130723
2016-08-25,6.31,6.42,6.18,6.42,1292039.0,44802138.0,68014063.0,0.018996644855638165
2016-08-26,6.45,6.71,6.4,6.46,1407695.0,50577583.0,68014063.0,0.020697116712465772
2016-08-29,6.46,6.56,6.46,6.47,1306231.0,46859028.0,68014063.0,0.019205307584697594
2016-08-30,6.52,6.54,6.44,6.44,1016301.0,36408710.0,68014063.0,0.014942512697704885
2016-08-31,6.5,6.5,6.32,6.37,1011227.0,35474071.0,68014063.0,0.014867910479043135
2016-09-01,6.42,6.43,6.36,6.37,953483.0,33612360.0,68014063.0,0.014018909589330077
2016-09-02,6.34,6.42,6.34,6.4,918000.0,32307956.0,68014063.0,0.013497208658156476
2016-09-05,6.4,6.47,6.36,6.37,1153042.0,40800613.0,68014063.0,0.0169529939712615
2016-09-06,6.37,6.74,6.32,6.67,3392587.0,123125091.0,68014063.0,0.04988066953153497
2016-09-07,6.64,6.71,6.57,6.59,2075439.0,75893128.0,68014063.0,0.03051485102426538
2016-09-08,6.59,6.88,6.58,6.88,3093642.0,114999376.0,68014063.0,0.04548532852683716
2016-09-09,6.84,6.96,6.77,6.83,3066698.0,115974458.0,68014063.0,0.0450891751607311
2016-09-12,6.68,6.75,6.53,6.53,2404712.0,87982516.0,68014063.0,0.03535609981129932
2016-09-13,6.59,6.65,6.51,6.6,1345465.0,48732636.0,68014063.0,0.01978215887499619
2016-09-14,6.56,6.57,6.35,6.4,2478429.0,88176789.0,68014063.0,0.036439949191095965
2016-09-19,6.4,6.49,6.37,6.47,1759241.0,62194567.0,68014063.0,0.025865841892139276
2016-09-20,6.47,6.49,6.35,6.36,2263533.0,79761467.0,68014063.0,0.0332803673263866
2016-09-21,6.36,6.67,6.33,6.66,3478791.0,125700109.0,68014063.0,0.05114811329533423
2016-09-22,6.66,6.87,6.59,6.83,5578458.0,207619380.0,68014063.0,0.08201918476771487
2016-09-23,6.97,7.44,6.9,7.04,7285415.0,288838627.0,68014063.0,0.1071163032856896
2016-09-26,7.24,7.4,6.89,6.96,6461232.0,253898316.0,68014063.0,0.09499847112500837
2016-09-27,6.92,7.34,6.9,7.31,5953228.0,233135834.0,68014063.0,0.0875293687424614
2016-09-28,7.31,7.38,7.16,7.21,4075458.0,162998535.0,68014063.0,0.059920813729360645
2016-09-29,7.22,7.26,7.08,7.18,2827701.0,111645875.0,68014063.0,0.04157524010879926
2016-09-30,7.18,7.34,7.06,7.28,3066675.0,122174571.0,68014063.0,0.04508883699537256
2016-10-10,7.4,7.57,7.3,7.48,4042710.0,165835635.0,68014063.0,0.05943932507016968
2016-10-11,7.5,7.5,7.32,7.37,3129234.0,127583984.0,68014063.0,0.0460086320677534
2016-10-12,7.29,7.43,7.21,7.22,2770208.0,111356969.0,68014063.0,0.04072992963234677
2016-10-13,7.22,7.26,7.09,7.2,2223670.0,87728175.0,68014063.0,0.03269426794867408
2016-10-14,7.18,7.24,7.11,7.19,1466940.0,57949546.0,68014063.0,0.021568186567533836
2016-10-17,7.2,7.23,6.99,7.01,2122709.0,83046523.0,68014063.0,0.03120985435026871
2016-10-18,7.02,7.16,6.98,7.13,2454719.0,95458088.0,68014063.0,0.03609134481496863
2016-10-19,7.11,7.16,7.01,7.05,1604737.0,62684726.0,68014063.0,0.023594194041899833
2016-10-20,7.07,7.31,7.03,7.27,2836732.0,112432165.0,68014063.0,0.04170802147197117
2016-10-21,7.26,7.26,6.91,7.14,2806512.0,109383427.0,68014063.0,0.041263701596536
2016-10-24,7.1,7.1,6.87,6.95,5121592.0,195588446.0,68014063.0,0.07530195630277227
2016-10-25,6.94,6.98,6.81,6.93,2788506.0,105738598.0,68014063.0,0.040998962229326016
2016-10-26,6.88,7.0,6.81,6.88,1802850.0,68343305.0,68014063.0,0.02650701811476841
2016-10-27,6.88,6.91,6.85,6.9,1208665.0,45880178.0,68014063.0,0.017770810133780714
2016-10-28,6.86,6.93,6.78,6.78,1711363.0,64680986.0,68014063.0,0.025161899238397213
2016-10-31,6.75,6.8,6.65,6.78,1669064.0,61771475.0,68014063.0,0.02453998373836305
2016-11-01,6.78,6.91,6.77,6.9,2051652.0,77625201.0,68014063.0,0.030165114529329032
2016-11-02,6.91,6.91,6.75,6.79,1381245.0,52083041.0,68014063.0,0.02030822655014743
2016-11-03,6.74,6.88,6.74,6.8,2061450.0,77444217.0,68014063.0,0.030309172972066086
2016-11-04,6.8,6.84,6.75,6.76,1344071.0,50335933.0,68014063.0,0.01976166311370047
2016-11-07,6.77,6.8,6.71,6.76,1172062.0,43618669.0,68014063.0,0.017232642019930494
2016-11-08,6.79,6.87,6.78,6.87,1456800.0,54779949.0,68014063.0,0.02141909975294374
2016-11-09,6.87,6.88,6.69,6.77,1874468.0,70274386.0,68014063.0,0.027560006229888075
2016-11-10,6.83,6.96,6.81,6.94,2357099.0,89449629.0,68014063.0,0.034656053410601274
2016-11-11,6.94,7.13,6.91,7.02,3154786.0,122694795.0,68014063.0,0.0463843190782471
2016-11-14,6.99,7.11,6.9,6.95,2668936.0,102641397.0,68014063.0,0.039240943450180296
2016-11-15,6.95,6.97,6.85,6.93,1682597.0,64032560.0,68014063.0,0.024738957294758293
2016-11-16,6.97,7.05,6.92,6.94,2441578.0,94201531.0,68014063.0,0.03589813477251021
2016-11-17,6.94,7.01,6.9,7.0,2529285.0,97016521.0,68014063.0,0.037187676907347825
2016-11-18,7.0,7.01,6.86,6.87,2008320.0,76787035.0,68014063.0,0.029528010993844025
2016-11-21,6.87,6.94,6.86,6.89,1401593.0,53194465.0,68014063.0,0.020607399972561558
2016-11-22,6.89,7.11,6.89,7.09,3398171.0,131000698.0,68014063.0,0.04996277019945125
2016-11-23,7.12,7.12,6.96,6.99,2397220.0,92916413.0,68014063.0,0.03524594612146609
2016-11-24,6.96,6.99,6.84,6.86,2106429.0,80207862.0,68014063.0,0.030970492087790725
2016-11-25,6.84,6.84,6.57,6.79,2294601.0,84910526.0,68014063.0,0.03373715521156265
2016-11-28,6.77,6.79,6.68,6.7,1708949.0,63354976.0,68014063.0,0.02512640657859243
2016-11-29,6.7,6.76,6.63,6.63,1627811.0,60090452.0,68014063.0,0.023933447410721516
2016-11-30,6.64,6.74,6.59,6.69,1295481.0,47736005.0,68014063.0,0.019047252036685412
2016-12-01,6.67,6.74,6.67,6.69,1557390.0,57488229.0,68014063.0,0.022898058597087486
2016-12-02,6.69,6.73,6.46,6.48,2160981.0,78539088.0,68014063.0,0.03177256150687542
2016-12-05,6.42,6.46,6.35,6.43,1229111.0,43506591.0,68014063.0,0.018071424434679045
2016-12-06,6.46,6.51,6.41,6.44,804222.0,28680082.0,68014063.0,0.011824348737995552
2016-12-07,6.41,6.51,6.41,6.49,569248.0,20255810.0,68014063.0,0.008369563218124463
2016-12-08,6.5,6.54,6.45,6.47,670925.0,23969141.0,68014063.0,0.009864504051169535
2016-12-09,6.46,6.51,6.33,6.41,1124192.0,39746978.0,68014063.0,0.016528816988921835
2016-12-12,6.37,6.38,5.77,5.79,2186597.0,73329762.0,68014063.0,0.032149189499236355
2016-12-13,5.82,5.87,5.66,5.73,1365044.0,43151539.0,68014063.0,0.02007002581216182
2016-12-14,5.73,5.73,5.56,5.57,1190370.0,37081542.0,68014063.0,0.017501821645326498
2016-12-15,5.58,5.75,5.55,5.69,1366440.0,42709770.0,68014063.0,0.02009055097914089
2016-12-16,5.65,5.76,5.63,5.73,1017934.0,32123227.0,68014063.0,0.01496652243816106
2016-12-19,5.76,5.76,5.7,5.73,843521.0,26644972.0,68014063.0,0.01240215571300306
2016-12-20,5.72,5.76,5.72,5.73,681813.0,21553836.0,68014063.0,0.010024588591332942
2016-12-21,5.74,5.86,5.74,5.84,972925.0,31217430.0,68014063.0,0.014304762237186153
2016-12-22,5.81,5.86,5.73,5.75,763551.0,24289049.0,68014063.0,0.011226369464209188
2016-12-23,5.77,5.78,5.63,5.67,902105.0,28280077.0,68014063.0,0.01326350698972358
2016-12-26,5.69,5.86,5.63,5.86,1808818.0,57511951.0,68014063.0,0.026594764673888105
2016-12-27,5.84,5.92,5.79,5.8,1224310.0,39430733.0,68014063.0,0.01800083609179472
2016-12-28,5.78,5.85,5.77,5.82,924239.0,29583844.0,68014063.0,0.013588939687370244
2016-12-29,5.78,5.89,5.78,5.82,850783.0,27418389.0,68014063.0,0.012508927749250916
2016-12-30,5.8,5.9,5.79,5.87,851528.0,27464819.0,68014063.0,0.012519881366299203
2017-01-03,5.9,6.08,5.88,6.02,1248051.0,41412244.0,68014063.0,0.018349896256013996
2017-01-04,6.0,6.05,5.97,6.02,992265.0,32902758.0,68014063.0,0.014589115195191325
2017-01-05,5.99,6.04,5.88,5.91,1180082.0,38792976.0,68014063.0,0.01735055881016842
2017-01-06,5.91,6.0,5.91,6.0,1434045.0,47042305.0,68014063.0,0.02108453659061656
2017-01-09,6.05,6.05,5.92,5.93,969032.0,31746687.0,68014063.0,0.01424752407454323
2017-01-10,5.93,5.96,5.9,5.96,601276.0,19678891.0,68014063.0,0.008840465831309034
2017-01-11,5.93,6.08,5.63,5.85,961198.0,31290291.0,68014063.0,0.01413234201285696
2017-01-12,5.85,5.92,5.66,5.66,818389.0,26094309.0,68014063.0,0.012032643896013094
2017-01-13,5.6,5.74,5.5,5.52,1174116.0,36287347.0,68014063.0,0.01726284165673208
2017-01-25,5.27,5.68,5.27,5.5,1869534.0,56308683.0,68014063.0,0.027487462409060904
2017-01-26,5.44,5.52,5.36,5.43,1945394.0,58043798.0,68014063.0,0.028602819978568256
2017-02-03,5.44,5.48,5.32,5.33,836122.0,24704989.0,68014063.0,0.012293369387445652
2017-02-06,5.39,5.56,5.37,5.55,1855078.0,56074126.0,68014063.0,0.02727491812979913
2017-02-07,5.52,5.52,5.41,5.5,1534664.0,46232990.0,68014063.0,0.0225639218171689
2017-02-08,5.48,5.55,5.42,5.53,1220808.0,36947435.0,68014063.0,0.017949346740246938
2017-02-09,5.5,5.63,5.5,5.61,1447397.0,44640657.0,68014063.0,0.021280848932668527
2017-02-10,5.62,5.66,5.56,5.58,1013266.0,31245267.0,68014063.0,0.014897889573219586
2017-02-13,5.56,5.62,5.54,5.58,970570.0,29864487.0,68014063.0,0.014270137045040229
2017-02-14,5.55,5.61,5.52,5.58,997330.0,30555896.0,68014063.0,0.014663585088277994
2017-02-15,5.56,5.6,5.49,5.49,733217.0,22373061.0,68014063.0,0.010780373464823002
2017-02-16,5.49,5.53,5.45,5.49,925329.0,28015635.0,68014063.0,0.013604965784796594
2017-02-17,5.48,5.53,5.39,5.4,871436.0,26174355.0,68014063.0,0.012812585538376086
2017-02-20,5.43,5.48,5.36,5.47,820914.0,24527674.0,68014063.0,0.012069768571243861
2017-02-21,5.48,5.6,5.44,5.57,1186365.0,36237949.0,68014063.0,0.01744293676441591
2017-02-22,5.57,5.59,5.5,5.57,925070.0,28259434.0,68014063.0,0.013601157748802627
2017-02-23,5.57,5.63,5.53,5.61,1446635.0,44503707.0,68014063.0,0.021269645367311758
2017-02-24,5.6,5.69,5.55,5.66,1552295.0,48103577.0,68014063.0,0.022823147618750553
2017-02-27,5.66,5.68,5.56,5.59,1216550.0,37743308.0,68014063.0,0.01788674204039244
2017-02-28,5.57,5.61,5.5,5.58,1404032.0,42930738.0,68014063.0,0.020643260203408228
2017-03-01,5.58,5.78,5.57,5.71,2272591.0,71137594.0,68014063.0,0.03341354566628375
2017-03-02,5.71,5.75,5.61,5.61,1462927.0,45618825.0,68014063.0,0.021509184063889845
2017-03-03,5.61,5.71,5.57,5.68,1292487.0,40138001.0,68014063.0,0.01900323172870881
2017-03-06,5.68,5.84,5.64,5.84,1966417.0,62837721.0,68014063.0,0.02891191781911338
2017-03-07,5.84,5.87,5.78,5.84,1084392.0,34743129.0,68014063.0,0.015943643890234876
2017-03-08,5.85,5.9,5.76,5.77,1089776.0,34911198.0,68014063.0,0.016022803989816047
2017-03-09,5.77,5.79,5.72,5.74,955617.0,30204087.0,68014063.0,0.014050285453465705
2017-03-10,5.75,5.83,5.73,5.78,921530.0,29417128.0,68014063.0,0.013549109689271173
2017-03-13,5.78,5.83,5.72,5.81,1432557.0,45679070.0,68014063.0,0.02106265876220334
2017-03-14,5.81,5.82,5.74,5.78,1209133.0,38438434.0,68014063.0,0.017777691063684875
2017-03-15,5.77,5.77,5.71,5.74,774861.0,24479729.0,68014063.0,0.011392658603559678
2017-03-16,5.74,5.89,5.74,5.89,1603098.0,51534405.0,68014063.0,0.023570096084393605
2017-03-17,5.86,5.91,5.72,5.76,1471628.0,47226299.0,68014063.0,0.021637113489308822
2017-03-20,5.68,5.77,5.68,5.76,1338956.0,42217339.0,68014063.0,0.019686458078530023
2017-03-21,5.76,5.82,5.69,5.79,1173709.0,37336309.0,68014063.0,0.01725685760017013
2017-03-22,5.75,5.76,5.66,5.7,1247552.0,39220686.0,68014063.0,0.018342559538017895
2017-03-23,5.7,5.75,5.65,5.7,1077191.0,33897100.0,68014063.0,0.01583776872732923
2017-03-24,5.7,5.72,5.45,5.55,2015187.0,62045051.0,68014063.0,0.029628975407630036
2017-03-27,5.53,5.59,5.48,5.56,1290937.0,39314597.0,68014063.0,0.018980442324111706
2017-03-28,5.56,5.59,5.5,5.55,716347.0,21904621.0,68014063.0,0.010532336525756445
2017-03-29,5.53,5.57,5.41,5.41,1035769.0,31255952.0,68014063.0,0.015228747619444526
2017-03-30,5.41,5.45,5.27,5.27,1273039.0,37494914.0,68014063.0,0.018717290863802683
2017-03-31,5.29,5.38,5.28,5.33,861241.0,25224015.0,71053400.0,0.012121038542842426
2017-04-05,5.34,5.4,5.27,5.39,1150553.0,33816438.0,71053400.0,0.016192793026090238
2017-04-06,5.39,5.93,5.33,5.93,4420281.0,137884143.0,71053400.0,0.062210689425136585
2017-04-07,5.9,5.92,5.69,5.84,4781079.0,152671269.0,71053400.0,0.06728853228698416
2017-04-10,5.86,5.86,5.57,5.6,3487678.0,109423308.0,71053400.0,0.04908530767000594
2017-04-11,5.62,5.66,5.45,5.54,2366789.0,72454950.0,71053400.0,0.03331000346218478
2017-04-12,5.47,5.52,5.35,5.35,2303684.0,68675477.0,71053400.0,0.03242186862275415
2017-04-13,5.37,5.48,5.35,5.41,1684087.0,50196815.0,71053400.0,0.023701708855593116
2017-04-14,5.37,5.44,5.25,5.29,1770120.0,51778082.0,71053400.0,0.024912530575595258
2017-04-17,5.24,5.26,5.06,5.09,1429519.0,40515757.0,71053400.0,0.020118938713699838
2017-04-18,5.14,5.14,5.02,5.02,950015.0,26621060.0,71053400.0,0.013370436882682602
2017-04-19,5.03,5.07,4.92,5.06,959868.0,26472187.0,71053400.0,0.013509107234840275
2017-04-20,5.06,5.08,4.92,4.94,1118294.0,30705611.0,71053400.0,0.015738782380575737
2017-04-21,4.94,5.0,4.92,4.92,678742.0,18497932.0,71053400.0,0.00955256187599749
2017-04-24,4.95,4.95,4.54,4.74,858600.0,22536612.0,71053400.0,0.01208386931519111
2017-04-25,4.74,4.83,4.74,4.77,661302.0,17387133.0,71053400.0,0.009307112678633253
2017-04-26,4.78,4.84,4.72,4.82,701569.0,18518191.0,71053400.0,0.009873827290460414
2017-04-27,4.8,4.96,4.68,4.95,1470235.0,39271298.0,71053400.0,0.02069197251644538
2017-04-28,4.92,5.01,4.92,4.98,825990.0,22405230.0,71053400.0,0.011624918723101218
2017-05-02,5.01,5.01,4.91,4.93,709126.0,19105744.0,71053400.0,0.00998018391801096
2017-05-03,4.93,4.98,4.89,4.97,550908.0,14821365.0,71053400.0,0.00775343614802388
2017-05-04,4.97,4.99,4.9,4.91,643200.0,17312447.0,71053400.0,0.009052346544992922
2017-05-05,4.91,4.93,4.86,4.86,496590.0,13241016.0,71053400.0,0.006988968860040476
2017-05-08,4.84,4.89,4.8,4.81,461410.0,12154820.0,71053400.0,0.00649384828875184
2017-05-09,4.76,4.86,4.76,4.84,550305.0,14441970.0,71053400.0,0.0077449495731379495
2017-05-10,4.85,4.87,4.73,4.73,685010.0,17956086.0,71053400.0,0.009640777218261195
2017-05-11,4.68,4.72,4.56,4.67,928662.0,23446147.0,71053400.0,0.013069916429051953
2017-05-12,4.64,4.68,4.6,4.66,563312.0,14227213.0,71053400.0,0.00792800907486482
2017-05-15,4.7,4.76,4.66,4.67,555747.0,14268604.0,71053400.0,0.007821539855939336
2017-05-16,4.63,4.86,4.63,4.86,847609.0,21926808.0,71053400.0,0.011929182839948546
2017-05-17,4.87,4.92,4.83,4.86,800992.0,21304451.0,71053400.0,0.011273098824264567
2017-05-18,4.82,4.89,4.82,4.83,626350.0,16570646.0,71053400.0,0.008815200961530342
2017-05-19,4.83,4.92,4.82,4.86,480747.0,12761067.0,71053400.0,0.006765995715898184
2017-05-22,4.89,4.89,4.67,4.67,784791.0,20369262.0,71053400.0,0.011045087216093812
2017-05-23,4.67,4.68,4.48,4.48,895650.0,22341396.0,71053400.0,0.01260530812037144
2017-05-24,4.46,4.62,4.41,4.58,642024.0,15908105.0,71053400.0,0.009035795612877075
2017-05-25,4.58,4.65,4.48,4.61,588443.0,14632171.0,71053400.0,0.00828170080530981
2017-05-26,4.64,4.65,4.58,4.62,364988.0,9171215.0,71053400.0,0.005136812594471201
2017-05-31,4.66,4.79,4.61,4.63,642648.0,16495591.0,71053400.0,0.009044577740122219
2017-06-01,4.61,4.67,4.36,4.36,1256627.0,30573207.0,71053400.0,0.01768567021423324
2017-06-02,4.36,4.48,4.24,4.44,1174083.0,27770198.0,71053400.0,0.016523952407625813
2017-06-05,4.44,4.49,4.41,4.45,816471.0,19817862.0,71053400.0,0.011490949060847194
2017-06-06,4.45,4.49,4.41,4.47,689474.0,16705780.0,71053400.0,0.009703603205476445
2017-06-07,4.45,4.61,4.45,4.6,1208053.0,29993958.0,71053400.0,0.01700204353345512
2017-06-08,4.6,4.68,4.55,4.65,1448683.0,36344399.0,71053400.0,0.020388651352363153
2017-06-09,4.64,4.64,4.56,4.6,744104.0,18583936.0,71053400.0,0.010472461557082419
2017-06-12,4.56,4.62,4.51,4.53,1008963.0,25022671.0,71053400.0,0.014200066428911213
2017-06-13,4.53,4.65,4.52,4.63,1042173.0,26121728.0,71053400.0,0.014667461374121435
2017-06-14,4.64,4.76,4.59,4.7,1572803.0,40312577.0,71053400.0,0.022135506534521922
2017-06-15,4.7,4.88,4.69,4.83,1986426.0,52113030.0,71053400.0,0.027956804319005144
2017-06-16,4.88,4.88,4.76,4.78,1163628.0,30404089.0,71053400.0,0.016376809554504077
2017-06-19,4.78,4.81,4.74,4.79,704917.0,18336621.0,71053400.0,0.009920946780871851
2017-06-20,4.83,4.83,4.72,4.74,1185212.0,30840524.0,71053400.0,0.016680581084086054
2017-06-21,4.74,4.77,4.66,4.73,904248.0,23199543.0,71053400.0,0.012726315700585756
2017-06-22,4.74,4.77,4.67,4.67,916432.0,23546012.0,71053400.0,0.012897792364615909
2017-06-23,4.72,4.72,4.6,4.65,749539.0,18987050.0,71053400.0,0.010548953322430735
2017-06-26,4.68,4.8,4.63,4.79,1306251.0,33799396.0,71053400.0,0.018384074512971933
2017-06-27,4.76,4.81,4.72,4.74,765600.0,19843703.0,71053400.0,0.010774994581540081
2017-06-28,4.74,4.75,4.67,4.67,532024.0,13608967.0,71053400.0,0.007487664207483386
2017-06-29,4.66,4.75,4.65,4.7,498708.0,12769741.0,71053400.0,0.0070187774265552385
2017-06-30,4.71,4.73,4.67,4.7,501025.0,12839355.0,71053400.0,0.007051386703521577
2017-07-03,4.7,4.78,4.69,4.76,965754.0,24982908.0,71053400.0,0.013591946338950705
2017-07-04,4.74,4.77,4.72,4.76,608330.0,15735430.0,71053400.0,0.008561588889483121
2017-07-05,4.76,4.81,4.74,4.81,1198146.0,31274744.0,71053400.0,0.016862613189516616
2017-07-06,4.8,4.85,4.76,4.77,932850.0,24362957.0,71053400.0,0.01312885801383185
2017-07-07,4.74,4.88,4.74,4.88,1367356.0,36067044.0,71053400.0,0.019244061508668128
2017-07-10,4.89,4.89,4.67,4.68,1467071.0,38123252.0,71053400.0,0.020647442627657508
2017-07-11,4.67,4.71,4.56,4.56,1204107.0,30427320.0,71053400.0,0.016946507837767088
2017-07-12,4.53,4.56,4.43,4.5,1441750.0,35176674.0,71053400.0,0.02029107685205775
2017-07-13,4.5,4.51,4.46,4.49,577583.0,14103413.0,71053400.0,0.00812885801383185
2017-07-14,4.48,4.49,4.42,4.44,522648.0,12664393.0,71053400.0,0.007355707116056374
2017-07-17,4.44,4.44,4.07,4.14,1340703.0,30868840.0,71053400.0,0.018868949269141237
2017-07-18,4.13,4.19,4.08,4.16,926493.0,20907987.0,71053400.0,0.013039390092521962
2017-07-19,4.13,4.18,4.1,4.16,715583.0,16126958.0,71053400.0,0.01007105923150757
2017-07-20,4.16,4.22,4.12,4.16,839450.0,19113379.0,71053400.0,0.011814353711433936
2017-07-21,4.16,4.16,4.01,4.04,1588608.0,35230252.0,71053400.0,0.022357944869633262
2017-07-24,4.04,4.04,3.87,3.99,1589459.0,34098063.0,71053400.0,0.02236992177714226
2017-07-25,4.0,4.06,3.97,4.05,858064.0,18783864.0,71053400.0,0.012076325693070282
2017-07-26,4.05,4.11,4.01,4.1,1156399.0,25599586.0,71053400.0,0.016275069173325978
2017-07-27,4.11,4.3,4.03,4.21,1924590.0,43791025.0,71053400.0,0.027086529286424015
2017-07-28,4.19,4.34,4.19,4.33,2177540.0,50984417.0,71053400.0,0.03064652782273614
2017-07-31,4.28,4.31,4.24,4.29,1140687.0,26515461.0,71053400.0,0.01605393971294829
2017-08-01,4.29,4.29,4.23,4.28,954588.0,22133946.0,71053400.0,0.013434796927381377
2017-08-02,4.28,4.28,4.13,4.14,1197300.0,27238821.0,71053400.0,0.01685070665161695
2017-08-03,4.1,4.24,4.09,4.16,810072.0,18512487.0,71053400.0,0.011400890034818882
2017-08-04,4.15,4.2,4.13,4.15,655211.0,14851699.0,71053400.0,0.009221388420540044
2017-08-07,4.14,4.24,4.13,4.21,659616.0,15109661.0,71053400.0,0.009283384046365127
2017-08-08,4.19,4.27,4.15,4.26,1071545.0,24587545.0,71053400.0,0.015080840607205284
2017-08-09,4.26,4.27,4.2,4.22,680896.0,15692257.0,71053400.0,0.009582877103699471
2017-08-10,4.22,4.25,4.12,4.16,722400.0,16433698.0,71053400.0,0.010167001156876377
2017-08-11,4.15,4.29,4.14,4.21,1110525.0,25558046.0,71053400.0,0.01562944208158934
2017-08-14,4.21,4.44,4.19,4.41,1603463.0,37864044.0,71053400.0,0.022567012978970746
2017-08-15,4.43,4.43,4.36,4.39,914797.0,21796233.0,71053400.0,0.01287478150236301
2017-08-16,4.4,4.55,4.37,4.46,1852021.0,45092731.0,71053400.0,0.026065198850442062
2017-08-17,4.48,4.59,4.44,4.51,1485106.0,36559219.0,71053400.0,0.020901265808532736
2017-08-18,4.48,4.5,4.42,4.46,876541.0,21278085.0,71053400.0,0.012336369547410821
2017-08-21,4.49,4.59,4.47,4.54,976647.0,24156371.0,71053400.0,0.013745253569850282
2017-08-22,4.52,4.54,4.39,4.41,1228687.0,29742308.0,71053400.0,0.017292444837263242
2017-08-23,4.44,4.47,4.41,4.44,552087.0,13353883.0,71053400.0,0.0077700293019053275
2017-08-24,4.44,4.46,4.36,4.36,585500.0,14027052.0,71053400.0,0.008240281253254595
2017-08-25,4.41,4.61,4.4,4.58,1983439.0,49018984.0,71053400.0,0.02791476551438777
2017-08-28,4.58,4.65,4.55,4.61,1869470.0,46827172.0,71053400.0,0.026310774713103103
2017-08-29,4.57,4.62,4.54,4.58,1054254.0,26319582.0,71053400.0,0.014837488424199264
2017-08-30,4.6,4.6,4.55,4.57,731783.0,18232309.0,71053400.0,0.010299056765756459
2017-08-31,4.56,4.59,4.54,4.58,759832.0,18905199.0,71053400.0,0.010693816200209982
2017-09-01,4.57,4.63,4.54,4.6,942170.0,23476871.0,71053400.0,0.013260026965634298
2017-09-04,4.65,4.65,4.56,4.56,1356225.0,33917057.0,71053400.0,0.019087404684364154
2017-09-05,4.56,4.61,4.54,4.59,1033682.0,25757631.0,71053400.0,0.01454795970354691
2017-09-06,4.59,4.73,4.55,4.72,2090727.0,52908192.0,71053400.0,0.02942472844367757
2017-09-07,4.69,4.8,4.65,4.71,2362582.0,60842699.0,71053400.0,0.0332507944728894
2017-09-08,4.71,4.73,4.6,4.64,1367561.0,34698983.0,71053400.0,0.019246946662650907
2017-09-11,4.64,4.66,4.59,4.65,1193119.0,30048270.0,71053400.0,0.016791863584290124
2017-09-12,4.63,4.71,4.59,4.6,1148800.0,29091176.0,71053400.0,0.016168121441057007
2017-09-13,4.58,4.61,4.54,4.59,911800.0,22721494.0,71053400.0,0.012832601958526967
2017-09-14,4.59,4.7,4.55,4.67,1450775.0,36447323.0,71053400.0,0.020418093996909366
2017-09-15,4.65,4.72,4.64,4.69,1709327.0,43527637.0,71053400.0,0.024056934643521634
2017-09-18,4.65,4.76,4.65,4.76,1431904.0,36814996.0,71053400.0,0.020152505017353144
2017-09-19,4.76,5.12,4.72,5.0,5105851.0,137836637.0,71053400.0,0.07185934803964342
2017-09-20,5.0,5.19,4.94,5.12,4838537.0,133838400.0,71053400.0,0.06809719168963062
2017-09-21,5.07,5.12,4.98,5.01,2862636.0,78552445.0,71053400.0,0.040288515398277915
2017-09-22,4.99,5.32,4.91,5.25,4947665.0,138710160.0,71053400.0,0.0696330506351561
2017-09-25,5.24,5.39,4.98,5.05,4484078.0,126960303.0,71053400.0,0.06310856341849932
2017-09-26,4.98,5.04,4.84,4.97,2944039.0,78932840.0,71053400.0,0.041434174860034846
2017-09-27,4.95,5.47,4.92,5.34,7415076.0,212963418.0,71053400.0,0.10435920026346382
2017-09-28,5.32,5.4,5.23,5.26,5234638.0,151216421.0,71053400.0,0.07367188621515648
2017-09-29,5.24,5.6,5.23,5.46,5725162.0,169619077.0,71053400.0,0.08057548266515044
2017-10-09,5.55,5.75,5.4,5.42,6223642.0,189276104.0,71053400.0,0.08759105123751995
2017-10-10,5.42,5.43,5.25,5.34,4659051.0,134744494.0,71053400.0,0.0655711197493716
2017-10-11,5.31,5.32,5.09,5.09,4099433.0,115846502.0,71053400.0,0.057695099741884276
2017-10-12,5.09,5.24,5.09,5.15,2789542.0,78654597.0,71053400.0,0.03925979615331567
2017-10-13,5.05,5.07,4.93,5.02,3737797.0,101400369.0,71053400.0,0.05260546293351198
2017-10-16,5.0,5.14,4.94,4.96,2809391.0,77194500.0,71053400.0,0.039539149428458036
2017-10-17,4.95,5.07,4.94,5.01,1424181.0,38865398.0,71053400.0,0.020043812118772642
2017-10-18,5.01,5.12,4.93,4.96,1981554.0,54412428.0,71053400.0,0.02788823617166807
2017-10-19,4.96,4.96,4.8,4.86,2025200.0,53648372.0,71053400.0,0.028502506565484552
2017-10-20,4.83,4.89,4.77,4.88,1081176.0,28479505.0,71053400.0,0.015216386548708436
2017-10-23,4.9,4.91,4.83,4.86,1093617.0,28883774.0,71053400.0,0.015391480210658462
2017-10-24,4.85,4.92,4.79,4.88,1258163.0,33365346.0,71053400.0,0.017707287758221283
2017-10-25,4.87,5.01,4.85,5.01,1365707.0,36747597.0,71053400.0,0.01922085361150909
2017-10-26,5.02,5.07,4.98,4.98,1421782.0,38958048.0,71053400.0,0.02001004878021319
2017-10-27,4.96,4.99,4.84,4.85,1231412.0,32914874.0,71053400.0,0.0173307962743514
2017-10-30,4.85,4.88,4.59,4.6,1632067.0,41685395.0,71053400.0,0.022969583440060573
2017-10-31,4.6,4.71,4.59,4.66,845882.0,21407557.0,71053400.0,0.011904877176883865
2017-11-01,4.66,4.76,4.62,4.71,1111100.0,28477941.0,71053400.0,0.015637534586662987
2017-11-02,4.7,4.79,4.64,4.72,965850.0,24836686.0,71053400.0,0.013593297435449958
2017-11-03,4.7,4.79,4.69,4.79,1175947.0,30512885.0,71053400.0,0.016550186197986302
2017-11-06,4.83,4.87,4.79,4.86,1065800.0,28038084.0,71053400.0,0.014999985926078133
2017-11-07,4.86,4.86,4.72,4.76,1512538.0,39257939.0,71053400.0,0.02128734163319419
2017-11-08,4.74,4.81,4.71,4.72,1368635.0,35524708.0,71053400.0,0.019262062054736295
2017-11-09,4.7,4.77,4.69,4.76,863895.0,22276849.0,71053400.0,0.012158390731478015
2017-11-10,4.76,5.14,4.75,5.11,4492521.0,121829777.0,71053400.0,0.06322738954082423
2017-11-13,5.14,5.14,5.02,5.08,3073014.0,85021850.0,71053400.0,0.04324935893285895
2017-11-14,5.06,5.14,4.97,4.98,2891750.0,79654189.0,71053400.0,0.040698263559520026
2017-11-15,4.98,5.23,4.98,5.21,4523413.0,126192793.0,71053400.0,0.06366216113514624
2017-11-16,5.14,5.15,5.03,5.08,2619050.0,72718616.0,71053400.0,0.036860305066330395
2017-11-17,5.03,5.1,4.57,4.66,3491926.0,92071824.0,71053400.0,0.04914509369009787
2017-11-20,4.66,4.66,4.31,4.66,2119100.0,51973177.0,71053400.0,0.029824047828816074
2017-11-21,4.62,4.92,4.59,4.75,2312257.0,60310093.0,71053400.0,0.03254252435492179
2017-11-22,4.7,4.89,4.61,4.81,1714107.0,44714359.0,71053400.0,0.02412420799004692
2017-11-23,4.77,4.85,4.64,4.7,1473221.0,38134867.0,71053400.0,0.02073399724714088
2017-11-24,4.7,4.94,4.7,4.82,2824513.0,74760278.0,71053400.0,0.039751975274934064
2017-11-27,4.76,4.8,4.34,4.38,2604250.0,65095576.0,71053400.0,0.03665201102269561
2017-11-28,4.35,4.5,4.32,4.5,1023871.0,24726899.0,71053400.0,0.01440988045610766
2017-11-29,4.52,4.55,4.34,4.48,993300.0,23944577.0,71053400.0,0.01397962659070502
2017-11-30,4.41,4.49,4.37,4.4,763250.0,18368233.0,71053400.0,0.010741920865152126
2017-12-01,4.41,4.5,4.4,4.47,1100093.0,26725044.0,71053400.0,0.01548262292867055
2017-12-04,4.47,4.51,4.36,4.4,898299.0,21547408.0,71053400.0,0.012642589939397693
2017-12-05,4.36,4.4,4.13,4.17,1275920.0,29557505.0,71053400.0,0.017957198388817423
2017-12-06,4.17,4.26,4.13,4.25,921524.0,21052315.0,71053400.0,0.01296945677476377
2017-12-07,4.25,4.31,4.16,4.17,1523847.0,35114833.0,71053400.0,0.02144650361559053
2017-12-08,4.14,4.44,4.14,4.32,1622098.0,38066559.0,71053400.0,0.022829280512966305
2017-12-11,4.31,4.38,4.28,4.37,1099616.0,25991378.0,71053400.0,0.015475909667939887
2017-12-12,4.38,4.38,4.26,4.28,1066454.0,25081484.0,71053400.0,0.015009190270979291
2017-12-13,4.29,4.37,4.23,4.37,1695437.0,40080969.0,71053400.0,0.023861447868786013
2017-12-14,4.38,4.38,4.28,4.35,1282637.0,30294240.0,71053400.0,0.01805173292199951
2017-12-15,4.32,4.35,4.2,4.24,1343131.0,31208629.0,71053400.0,0.018903120751434837
2017-12-18,4.22,4.26,4.08,4.11,1001978.0,22611260.0,71053400.0,0.014101760084668714
2017-12-19,4.15,4.19,4.1,4.19,701017.0,15899890.0,71053400.0,0.009866058485589711
2017-12-20,4.18,4.18,4.08,4.1,850300.0,19034837.0,71053400.0,0.011967055763693222
2017-12-21,4.09,4.27,4.04,4.21,1621595.0,36824806.0,71053400.0,0.022822201330267095
2017-12-22,4.19,4.24,4.11,4.13,990267.0,22504171.0,71053400.0,0.013936940385681754
2017-12-25,4.12,4.13,4.05,4.07,759228.0,16820726.0,71053400.0,0.010685315551402185
2017-12-26,4.1,4.19,4.07,4.14,702454.0,15791090.0,71053400.0,0.0098862827113129
2017-12-27,4.14,4.14,4.02,4.04,731481.0,16279376.0,71053400.0,0.01029480644135256
2017-12-28,4.04,4.14,4.0,4.06,832276.0,18505116.0,71053400.0,0.011713387395958532
2017-12-29,4.06,4.11,4.06,4.1,640350.0,14235950.0,71053400.0,0.009012235867671357
2018-01-02,4.11,4.18,4.09,4.16,813846.0,18370649.0,71053400.0,0.011454005015945753
2018-01-03,4.16,4.28,4.14,4.25,1503937.0,34738682.0,71053400.0,0.02116629183121427
2018-01-04,4.23,4.27,4.2,4.23,922505.0,21275579.0,71053400.0,0.012983263292115507
2018-01-05,4.23,4.32,4.23,4.25,956893.0,22250879.0,71053400.0,0.013467237317285309
2018-01-08,4.22,4.24,4.15,4.2,631554.0,14382657.0,71053400.0,0.008888441650927332
2018-01-09,4.19,4.24,4.18,4.22,571066.0,13101154.0,71053400.0,0.008037138265023207
2018-01-10,4.22,4.22,4.09,4.16,812657.0,18370930.0,71053400.0,0.011437271122845634
2018-01-11,4.13,4.25,4.12,4.21,998758.0,22870435.0,71053400.0,0.01405644205625628
2018-01-12,4.21,4.22,4.17,4.17,537250.0,12264604.0,71053400.0,0.0075612145231614535
2018-01-15,4.13,4.18,3.99,4.0,965750.0,21375987.0,71053400.0,0.013591890043263236
2018-01-16,4.0,4.06,3.94,3.98,737571.0,16017015.0,71053400.0,0.010380516625523901
2018-01-17,3.99,4.07,3.94,4.03,849573.0,18528297.0,71053400.0,0.011956824022495757
2018-01-18,4.01,4.04,3.95,3.95,800548.0,17360072.0,71053400.0,0.011266850002955523
2018-01-19,3.96,4.0,3.92,3.92,737823.0,15894581.0,71053400.0,0.01038406325383444
2018-01-22,3.92,3.95,3.78,3.95,1109672.0,23427778.0,71053400.0,0.015617437026236605
2018-01-23,3.89,3.89,3.79,3.8,1582073.0,32990898.0,71053400.0,0.022265971790231008
2018-01-24,3.8,3.83,3.67,3.81,1777502.0,36418026.0,71053400.0,0.02501642426681904
2018-01-25,3.8,3.92,3.77,3.82,1868315.0,39040841.0,71053400.0,0.026294519333346467
2018-01-26,3.78,3.84,3.74,3.75,1249700.0,25688109.0,71053400.0,0.017588180157459037
2018-01-29,3.75,3.75,3.6,3.61,1599467.0,31834633.0,71053400.0,0.022510773587189354
2018-01-30,3.62,3.63,3.54,3.56,952300.0,18555047.0,71053400.0,0.013402595794149189
2018-01-31,3.56,3.56,3.27,3.32,1667897.0,30755775.0,71053400.0,0.023473852060562902
2018-02-01,3.33,3.35,3.14,3.14,1476113.0,25774513.0,71053400.0,0.02077469902918087
2018-02-02,3.14,3.2,3.07,3.15,1186600.0,20309590.0,71053400.0,0.016700115687637747
2018-02-05,3.08,3.17,3.07,3.1,701243.0,11927347.0,71053400.0,0.009869239191931702
2018-02-06,3.0,3.07,2.89,2.9,1402350.0,22756657.0,71053400.0,0.019736564330489464
2018-02-07,2.99,2.99,2.78,2.91,1324486.0,20854674.0,71053400.0,0.018640712478220606
2018-02-08,2.9,3.01,2.86,2.98,1255983.0,20325094.0,71053400.0,0.017676606608550752
2018-02-09,2.9,2.96,2.85,2.91,1073757.0,17054797.0,71053400.0,0.015111972122375566
2018-02-12,2.95,3.03,2.94,3.0,1003550.0,16404101.0,71053400.0,0.014123884289843977
2018-02-13,3.01,3.01,2.92,2.94,1317843.0,21136875.0,71053400.0,0.018547219415256694
2018-02-14,2.91,2.95,2.91,2.91,752450.0,11974654.0,71053400.0,0.010589922508986199
2018-02-22,2.94,2.99,2.91,2.97,1091182.0,17524154.0,163647150.0,0.006667894919037698
2018-02-23,2.99,3.03,2.95,3.01,1231354.0,20122008.0,163647150.0,0.00752444512476997
2018-02-26,3.03,3.31,3.03,3.31,2952460.0,51494945.0,163647150.0,0.018041621867536342
2018-02-27,3.34,3.49,3.32,3.37,5181196.0,95907080.0,163647150.0,0.03166077747152945
2018-02-28,3.31,3.35,3.23,3.35,2799652.0,50358275.0,163647150.0,0.01710785675155357
2018-03-01,3.3,3.43,3.28,3.41,2972158.0,54729094.0,163647150.0,0.018161990599897402
2018-03-02,3.37,3.52,3.35,3.4,3250337.0,60951161.0,163647150.0,0.019861861327863026
2018-03-05,3.38,3.54,3.35,3.49,3359587.0,62820894.0,163647150.0,0.020529456211122527
2018-03-06,3.55,3.59,3.41,3.44,4522763.0,86185484.0,163647150.0,0.027637285464488688
2018-03-07,3.43,3.43,3.36,3.36,2617021.0,48150829.0,163647150.0,0.01599185198153466
2018-03-08,3.35,3.52,3.35,3.52,3777022.0,70497669.0,163647150.0,0.02308027973600518
2018-03-09,3.55,3.66,3.49,3.64,4906186.0,95535032.0,163647150.0,0.02998027157820958
2018-03-12,3.66,3.73,3.61,3.65,4784984.0,95593568.0,163647150.0,0.029239641509186075
2018-03-13,3.67,3.67,3.57,3.58,3021137.0,59621954.0,163647150.0,0.018461286982388633
2018-03-14,3.56,3.59,3.5,3.51,2599140.0,49994697.0,163647150.0,0.015882586406179393
2018-03-15,3.46,3.49,3.36,3.46,2386852.0,44591245.0,163647150.0,0.0145853563597044
2018-03-16,3.47,3.51,3.42,3.43,1582522.0,29877581.0,163647150.0,0.009670330341836078
2018-03-19,3.42,3.54,3.4,3.47,1698986.0,32329320.0,163647150.0,0.010382007874869804
2018-03-20,3.32,3.37,3.26,3.36,4015713.0,72624769.0,163647150.0,0.02453885081408384
2018-03-21,3.38,3.46,3.34,3.35,2551358.0,47216707.0,163647150.0,0.015590604541539526
2018-03-22,3.35,3.42,3.34,3.42,1660822.0,30600715.0,163647150.0,0.010148798802790028
2018-03-23,3.29,3.35,3.1,3.13,2766408.0,48638479.0,163647150.0,0.01690471236437665
2018-03-26,3.09,3.21,2.98,3.2,1759080.0,29769905.0,163647150.0,0.010749224780266567
2018-03-27,3.23,3.36,3.23,3.35,2580929.0,46674852.0,163647150.0,0.01577130429708064
2018-03-28,3.29,3.48,3.29,3.45,3063220.0,57048931.0,163647150.0,0.01871844392034936
2018-03-29,3.46,3.53,3.38,3.43,1817933.0,33941957.0,163647150.0,0.011108858296646169
2018-03-30,3.43,3.58,3.42,3.58,3199463.0,61416974.0,163647150.0,0.019550985153117546
2018-04-02,3.64,3.67,3.51,3.56,3568363.0,69733472.0,163647150.0,0.021805225450000198
2018-04-03,3.51,3.54,3.42,3.51,1981377.0,37542910.0,163647150.0,0.012107616906252262
2018-04-04,3.51,3.56,3.38,3.42,2125653.0,40311233.0,163647150.0,0.0129892454589035
2018-04-09,3.42,3.56,3.34,3.56,2884545.0,54348715.0,163647150.0,0.017626613112419007
2018-04-10,3.56,3.64,3.51,3.6,3262883.0,63581659.0,163647150.0,0.019938526274365303
2018-04-11,3.6,3.74,3.57,3.71,3940696.0,78762931.0,163647150.0,0.0240804438085234
2018-04-12,3.68,3.72,3.61,3.62,2635079.0,52594084.0,163647150.0,0.016102199152261437
2018-04-13,3.65,3.7,3.6,3.68,2562748.0,51071843.0,163647150.0,0.015660205509231296
2018-04-16,3.67,3.79,3.64,3.7,2753137.0,55750803.0,163647150.0,0.01682361715434702
2018-04-17,3.82,4.04,3.71,3.94,8870264.0,187053983.0,163647150.0,0.0542035959685213
2018-04-18,4.04,4.09,3.77,4.02,9736742.0,209439100.0,163647150.0,0.05949839028666249
2018-04-19,3.86,3.96,3.85,3.86,5338213.0,113196450.0,163647150.0,0.03262026255880411
2018-04-20,3.81,3.97,3.75,3.87,4237606.0,89153355.0,163647150.0,0.025894774213910843
2018-04-23,3.79,3.84,3.61,3.7,3443702.0,69712760.0,163647150.0,0.021043458440919992
2018-04-24,3.69,3.76,3.66,3.75,2372900.0,47328290.0,163647150.0,0.01450009975731322
2018-04-25,3.75,3.96,3.72,3.92,4636054.0,96569047.0,163647150.0,0.028329573720043397
2018-04-26,3.88,3.92,3.74,3.75,3216648.0,65687356.0,163647150.0,0.019655997675486557
2018-04-27,3.8,3.82,3.67,3.68,2331897.0,46512404.0,163647150.0,0.014249542384331166
2018-05-02,3.67,3.69,3.48,3.51,2618754.0,49958901.0,163647150.0,0.01600244183904211
2018-05-03,3.49,3.6,3.48,3.59,1818587.0,34599003.0,163647150.0,0.011112854699883256
2018-05-04,3.56,3.62,3.49,3.53,1649181.0,31510769.0,163647150.0,0.010077664047311549
2018-05-07,3.51,3.63,3.51,3.63,1588600.0,30648206.0,163647150.0,0.009707471226966066
2018-05-08,3.63,3.67,3.6,3.65,1614864.0,31535872.0,163647150.0,0.009867962870114145
2018-05-09,3.65,3.81,3.63,3.81,3039010.0,60709057.0,163647150.0,0.018570503672077392
2018-05-10,3.77,3.8,3.74,3.79,2330884.0,47055306.0,163647150.0,0.014243352236809502
2018-05-11,3.77,3.81,3.65,3.65,2113725.0,41967940.0,163647150.0,0.012916356930139022
2018-05-14,3.79,3.8,3.66,3.66,2379760.0,47773239.0,163647150.0,0.014542019216344433
2018-05-15,3.62,3.67,3.56,3.66,1879164.0,36262774.0,163647150.0,0.01148302307739548
2018-05-16,3.63,3.64,3.56,3.56,1203950.0,23260255.0,163647150.0,0.007356987274144401
2018-05-17,3.56,3.61,3.56,3.6,1002764.0,19261540.0,163647150.0,0.006127598311366864
2018-05-18,3.59,3.65,3.56,3.62,1237657.0,23952513.0,163647150.0,0.007562960919270516
2018-05-21,3.63,3.97,3.63,3.84,5617066.0,115214858.0,163647150.0,0.0343242519041731
2018-05-22,3.81,4.23,3.79,4.18,12975652.0,284619760.0,163647150.0,0.07929042455062615
2018-05-23,4.05,4.08,3.92,3.94,9111395.0,195456591.0,163647150.0,0.05567707717488511
2018-05-24,3.99,4.1,3.96,3.96,6127105.0,132010782.0,163647150.0,0.03744095146172726
2018-05-25,3.89,3.91,3.82,3.86,3591089.0,74452999.0,163647150.0,0.0219440974071348
2018-05-28,3.89,3.95,3.82,3.83,3266838.0,68165365.0,163647150.0,0.019962694125745545
2018-05-29,3.82,3.93,3.76,3.86,2746669.0,57046121.0,163647150.0,0.016784093092974732
2018-05-30,3.76,3.76,3.54,3.59,4161808.0,81934554.0,163647150.0,0.025431594745157493
2018-05-31,3.62,3.67,3.56,3.65,2175800.0,42250128.0,163647150.0,0.013295679148705003
2018-06-01,3.64,3.65,3.47,3.5,2456503.0,46667126.0,163647150.0,0.015010973304454125
2018-06-04,3.51,3.57,3.47,3.5,1215703.0,22960090.0,163647150.0,0.007428806428954002
2018-06-05,3.53,3.65,3.51,3.63,2645950.0,51049975.0,163647150.0,0.016168628662338452
2018-06-06,3.64,3.66,3.54,3.6,2431519.0,46880574.0,163647150.0,0.014858303367947441
2018-06-07,3.6,3.62,3.46,3.46,1897922.0,35887388.0,163647150.0,0.011597647743941767
2018-06-08,3.47,3.73,3.47,3.61,3598591.0,69667579.0,163647150.0,0.02198993994090334
2018-06-11,3.59,3.59,3.48,3.5,1899729.0,35767051.0,163647150.0,0.01160868979386442
2018-06-12,3.5,3.54,3.37,3.46,1892664.0,34969455.0,163647150.0,0.011565517639628922
2018-06-13,3.4,3.53,3.4,3.4,1483259.0,27444964.0,163647150.0,0.009063763102504382
2018-06-14,3.36,3.44,3.36,3.42,1101594.0,20106586.0,163647150.0,0.006731519613998777
2018-06-15,3.41,3.46,3.26,3.31,1531264.0,27477382.0,163647150.0,0.009357107655098179
2018-06-19,3.24,3.25,2.98,3.03,2518599.0,42130368.0,163647150.0,0.015390423847894692
2018-06-20,2.99,3.12,2.99,3.08,1261300.0,20783319.0,163647150.0,0.007707436395928679
2018-06-21,3.08,3.12,3.0,3.03,983200.0,16140931.0,163647150.0,0.006008048413919827
2018-06-22,3.03,3.15,3.01,3.14,1031678.0,17234560.0,163647150.0,0.006304283331545951
2018-06-25,3.18,3.22,3.12,3.12,906600.0,15321283.0,163647150.0,0.005539968157098978
2018-06-26,3.08,3.26,3.04,3.24,1465811.0,25134806.0,163647150.0,0.008957143463848898
2018-06-27,3.24,3.26,3.19,3.23,944400.0,16287662.0,163647150.0,0.005770952931352608
2018-06-28,3.26,3.29,3.21,3.21,916600.0,16005307.0,163647150.0,0.0056010752402348585
2018-06-29,3.21,3.32,3.2,3.3,1274950.0,22310203.0,163647150.0,0.0077908475644091575
2018-07-02,3.28,3.32,3.16,3.21,1344750.0,23478703.0,163647150.0,0.008217375004697608
2018-07-03,3.21,3.36,3.21,3.36,1845950.0,32687298.0,163647150.0,0.011280062011467966
2018-07-04,3.33,3.36,3.23,3.27,1563250.0,27660428.0,163647150.0,0.00955256477121661
2018-07-05,3.23,3.27,3.13,3.13,1283550.0,21990501.0,163647150.0,0.007843399655906014
2018-07-06,3.12,3.27,3.09,3.2,1407617.0,24158482.0,163647150.0,0.00860153690424795
2018-07-09,3.21,3.29,3.2,3.28,875070.0,15329276.0,163647150.0,0.005347297523971545
2018-07-10,3.29,3.33,3.26,3.3,1115070.0,19686365.0,163647150.0,0.00681386751923269
2018-07-18,3.63,3.63,3.41,3.42,5562667.0,105015220.0,163647150.0,0.03399183548262222
2018-07-19,3.38,3.4,3.26,3.28,3326988.0,59485421.0,163647150.0,0.02033025323080787
2018-07-20,3.23,3.37,3.22,3.33,2085250.0,36863368.0,163647150.0,0.0127423545109096
2018-07-23,3.3,3.45,3.3,3.37,2427688.0,43979875.0,163647150.0,0.014834893244398085
2018-07-24,3.34,3.4,3.32,3.38,1443431.0,26084034.0,163647150.0,0.008820385811790794
2018-07-25,3.38,3.4,3.31,3.32,1625166.0,29166644.0,163647150.0,0.009930915387160729
2018-07-26,3.32,3.33,3.26,3.26,1109238.0,19494456.0,163647150.0,0.006778229868347844
2018-07-27,3.27,3.28,3.2,3.2,901600.0,15580905.0,163647150.0,0.005509414615531037
2018-07-30,3.17,3.21,3.15,3.19,947300.0,16149245.0,163647150.0,0.0057886739854620135
2018-07-31,3.17,3.22,3.17,3.19,497296.0,8535249.0,163647150.0,0.0030388308015141113
2018-08-01,3.21,3.29,3.2,3.25,1270546.0,22158929.0,163647150.0,0.007763936004996115
2018-08-02,3.25,3.27,3.11,3.27,1375800.0,23645366.0,163647150.0,0.008407112497834518
2018-08-03,3.27,3.28,3.18,3.2,586350.0,10122191.0,163647150.0,0.0035830138196723867
2018-08-06,3.2,3.22,3.14,3.16,580785.0,9872395.0,163647150.0,0.0035490077279072686
2018-08-07,3.17,3.24,3.14,3.24,555410.0,9544758.0,163647150.0,0.0033939485044499704
2018-08-08,3.24,3.28,3.16,3.17,853144.0,14718596.0,163647150.0,0.005213314133487812
2018-08-09,3.17,3.39,3.13,3.34,2314896.0,41232554.0,163647150.0,0.014145654232291855
2018-08-10,3.32,3.4,3.3,3.35,1437650.0,25875481.0,163647150.0,0.008785059807029942
2018-08-13,3.32,3.49,3.28,3.41,1485439.0,27026582.0,163647150.0,0.009077084446628005
2018-08-14,3.37,3.4,3.35,3.36,834300.0,15067833.0,163647150.0,0.005098163946026558
2018-08-15,3.35,3.43,3.32,3.32,1427750.0,25796120.0,163647150.0,0.00872456379472542
2018-08-16,3.3,3.46,3.24,3.4,2483150.0,45099301.0,163647150.0,0.015173805348886307
2018-08-17,3.4,3.44,3.3,3.34,1640851.0,29835050.0,163647150.0,0.010026761847059359
2018-08-20,3.35,3.6,3.29,3.56,4030776.0,75157968.0,163647150.0,0.024630896413411416
2018-08-21,3.53,3.65,3.51,3.62,3943771.0,75487700.0,163647150.0,0.024099234236587684
2018-08-22,3.57,3.63,3.5,3.55,2542668.0,48483271.0,163647150.0,0.015537502486294446
2018-08-23,3.52,3.78,3.52,3.69,4046050.0,79286763.0,163647150.0,0.02472423137219316
2018-08-24,3.66,3.83,3.62,3.71,3271410.0,65284721.0,163647150.0,0.01999063228415527
2018-08-27,3.71,4.01,3.68,3.95,5305069.0,110781153.0,163647150.0,0.032417729242458546
2018-08-28,3.96,4.2,3.88,3.96,7025027.0,151821396.0,163647150.0,0.04292789089208092
2018-08-29,3.96,4.01,3.88,4.01,2646965.0,56029695.0,163647150.0,0.016174831031276742
2018-08-30,4.0,4.01,3.79,3.84,2968209.0,61703071.0,163647150.0,0.018137859412767042
2018-08-31,3.86,3.9,3.8,3.89,2412545.0,49852749.0,163647150.0,0.01474235878840542
2018-09-03,3.84,3.98,3.7,3.97,2694228.0,55012415.0,163647150.0,0.016463641438301858
2018-09-04,3.92,4.0,3.86,3.99,2532398.0,53451958.0,163647150.0,0.015474745511913895
2018-09-05,3.92,4.06,3.81,3.83,2714117.0,57533352.0,163647150.0,0.016585177315950814
2018-09-06,3.81,3.96,3.79,3.88,1916225.0,39977059.0,163647150.0,0.011709492038205371
2018-09-07,3.85,3.99,3.73,3.79,1845535.0,38203322.0,163647150.0,0.011277526067517828
2018-09-10,3.78,3.94,3.75,3.81,2294398.0,47325818.0,163647150.0,0.014020396933279927
2018-09-11,3.82,4.04,3.71,4.04,3792980.0,80293517.0,163647150.0,0.02317779441927342
2018-09-12,4.0,4.12,3.96,4.04,3011774.0,65344177.0,163647150.0,0.018404072420448506
2018-09-13,4.09,4.14,3.94,4.1,2994916.0,64984747.0,163647150.0,0.01830105809969804
2018-09-14,4.07,4.16,4.01,4.1,2645235.0,57923378.0,163647150.0,0.016164259505894236
2018-09-17,4.07,4.08,3.97,4.02,1643270.0,35531916.0,163647150.0,0.010041543650469928
2018-09-18,3.95,4.01,3.81,3.92,2879169.0,60247811.0,163647150.0,0.017593761944525155
2018-09-19,3.88,4.11,3.84,4.1,2802351.0,59962822.0,163647150.0,0.017124349553291944
2018-09-20,4.07,4.18,4.01,4.02,1975803.0,43335733.0,163647150.0,0.012073555818112322
2018-09-21,4.01,4.09,3.93,4.05,1599652.0,34313329.0,163647150.0,0.009775006775247843
2018-09-25,4.01,4.03,3.92,3.98,1540709.0,32770287.0,163647150.0,0.00941482329512002
2018-09-26,3.85,3.86,3.59,3.86,5601853.0,112331248.0,163647150.0,0.034231289698598476
2018-09-27,3.79,3.83,3.71,3.74,2053140.0,41587276.0,163647150.0,0.012546139666960287
2018-09-28,3.74,3.78,3.69,3.74,1427971.0,28633350.0,163647150.0,0.008725914261262723
2018-10-08,3.64,3.82,3.59,3.7,1367841.0,27437770.0,163647150.0,0.00835847737036667
2018-10-09,3.7,3.78,3.6,3.61,1294131.0,25481377.0,163647150.0,0.00790805706057209
2018-10-10,3.64,3.97,3.64,3.97,3439680.0,70429205.0,163647150.0,0.02101888117208274
2018-10-11,3.92,3.94,3.62,3.78,4169500.0,84727507.0,163647150.0,0.025478598313505612
2018-10-12,3.77,4.1,3.72,4.05,4557660.0,96278361.0,163647150.0,0.027850530852507972
2018-10-15,4.01,4.38,4.01,4.2,5128495.0,116246501.0,163647150.0,0.03133873703269504
2018-10-16,4.22,4.25,4.08,4.14,3292850.0,73223168.0,163647150.0,0.020121645870398597
2018-10-17,4.22,4.32,4.06,4.29,4359944.0,98465749.0,163647150.0,0.026642346047578588
2018-10-18,4.21,4.21,4.0,4.11,3107268.0,68589110.0,163647150.0,0.01898760840014629
2018-10-19,4.0,4.47,3.99,4.46,4727261.0,108221346.0,163647150.0,0.02888691309320083
2018-10-22,4.6,4.85,4.48,4.7,6953670.0,174518118.0,163647150.0,0.042491849078948214
2018-10-23,4.6,4.71,4.52,4.7,4764948.0,117565294.0,163647150.0,0.029117207357415024
2018-10-24,4.6,4.68,4.54,4.61,2963432.0,73343220.0,163647150.0,0.01810866855915303
2018-10-25,4.4,4.85,4.38,4.72,5006023.0,125039045.0,163647150.0,0.030590346364113275
2018-10-26,4.7,5.11,4.7,5.02,5735588.0,151262867.0,163647150.0,0.03504850527491618
2018-10-29,4.95,4.95,4.79,4.84,4036185.0,105165889.0,163647150.0,0.024663949234679614
2018-10-30,4.79,5.07,4.71,4.81,4652680.0,121232799.0,163647150.0,0.028431170356465113
2018-10-31,4.77,4.86,4.69,4.79,3172115.0,81391299.0,163647150.0,0.01938386950215754
2018-11-01,4.78,5.04,4.78,4.85,4544985.0,119863921.0,163647150.0,0.027773077624633245
2018-11-02,4.94,5.01,4.69,4.81,4558783.0,117505142.0,163647150.0,0.027857393177944133
2018-11-05,4.79,4.79,4.53,4.78,6620781.0,166340330.0,163647150.0,0.04045766149914618
2018-11-06,4.7,4.79,4.63,4.75,3571455.0,89903821.0,163647150.0,0.021824119760105815
2018-11-07,4.74,4.85,4.64,4.7,5103367.0,130369596.0,163647150.0,0.031185187154191198
2018-11-08,4.73,4.89,4.65,4.82,4747423.0,121642790.0,163647150.0,0.029010117194219393
2018-11-09,4.8,5.27,4.74,5.07,6860313.0,185537116.0,163647150.0,0.04192137168291657
2018-11-12,5.04,5.18,5.04,5.12,4690079.0,128314736.0,163647150.0,0.028659704736684995
2018-11-13,5.04,5.26,4.94,4.96,7570301.0,206855373.0,163647150.0,0.04625990125706436
2018-11-14,4.94,4.97,4.84,4.85,3683480.0,96641686.0,163647150.0,0.02250867185893552
2018-11-15,4.83,4.94,4.79,4.94,3856634.0,100759601.0,163647150.0,0.023566765446266555
2018-11-16,4.91,5.03,4.88,4.97,3808076.0,101232262.0,163647150.0,0.023270041671975345
2018-11-19,4.97,5.01,4.74,4.95,4349520.0,113785235.0,163647150.0,0.026578648024117742
2018-11-20,4.87,4.95,4.69,4.76,3266949.0,84567593.0,163647150.0,0.019963372414368352
2018-11-21,4.68,4.82,4.68,4.71,2281727.0,58069869.0,163647150.0,0.013942968148238451
2018-11-22,4.76,4.81,4.55,4.6,3023448.0,75684909.0,163647150.0,0.018475408829301335
2018-11-23,4.64,4.68,4.5,4.61,3210232.0,78868983.0,163647150.0,0.019616791370946577
2018-11-26,4.54,4.69,4.54,4.65,2838300.0,70306691.0,163647150.0,0.017344023406457125
2018-11-27,4.67,4.79,4.64,4.72,3202210.0,81113977.0,163647150.0,0.01956777126885497
2018-11-28,4.69,4.77,4.6,4.75,2422477.0,61104450.0,163647150.0,0.014803050343375977
2018-11-29,4.76,4.79,4.46,4.46,3080524.0,76125768.0,163647150.0,0.01882418361700769
2018-11-30,4.43,4.62,4.41,4.6,2215757.0,53468818.0,163647150.0,0.013539844720791044
2018-12-03,4.77,4.98,4.74,4.93,5526053.0,144413497.0,163647150.0,0.0337680980084285
2018-12-04,4.91,4.97,4.87,4.94,2982822.0,78774630.0,163647150.0,0.018227155193353505
2018-12-05,4.85,4.96,4.83,4.86,3231956.0,84629522.0,163647150.0,0.019749540398350963
2018-12-06,4.76,4.76,4.38,4.4,6111772.0,148265281.0,163647150.0,0.03734725597115501
2018-12-07,4.41,4.62,4.41,4.57,3951048.0,96368149.0,163647150.0,0.024143701860985665
2018-12-10,4.6,4.82,4.57,4.72,4127100.0,104094799.0,163647150.0,0.025219504281009476
2018-12-11,4.82,4.94,4.71,4.82,4399644.0,114162005.0,163647150.0,0.026884941167628035
2018-12-12,4.92,4.97,4.65,4.68,3499804.0,90032856.0,163647150.0,0.02138628139872891
2018-12-13,4.79,4.83,4.72,4.75,3789985.0,97128325.0,163647150.0,0.023159492847874222
2018-12-14,4.68,4.73,4.52,4.57,3663864.0,90327997.0,163647150.0,0.022388804204656176
2018-12-17,4.55,4.57,4.37,4.44,3193387.0,75713279.0,163647150.0,0.019513856489404183
2018-12-18,4.4,4.41,4.24,4.35,3782227.0,87720346.0,163647150.0,0.023112085972777405
2018-12-19,4.36,4.43,4.28,4.3,2579265.0,60134888.0,163647150.0,0.015761136078446827
2018-12-20,4.29,4.38,4.25,4.33,2561533.0,59227963.0,163647150.0,0.015652780998630284
2018-12-21,4.3,4.37,4.24,4.31,2594664.0,59884800.0,163647150.0,0.015855234875767774
2018-12-24,4.33,4.59,4.33,4.58,5175561.0,124624591.0,163647150.0,0.03162634363018238
2018-12-25,4.5,4.85,4.46,4.76,5726385.0,141652935.0,163647150.0,0.03499226842630623
2018-12-26,4.73,4.73,4.61,4.61,3473493.0,86668797.0,163647150.0,0.021225502552290096
2018-12-27,4.68,4.73,4.57,4.6,3463917.0,86381342.0,163647150.0,0.021166986409479175
2018-12-28,4.61,4.65,4.5,4.51,2664770.0,65461446.0,163647150.0,0.01628363219280018
2019-01-02,4.56,4.75,4.5,4.74,4160130.0,103460082.0,163647150.0,0.025421340976607292
2019-01-03,4.72,4.72,4.4,4.4,4888150.0,118606077.0,163647150.0,0.029870058843065705
2019-01-04,4.3,4.63,4.3,4.6,3575192.0,85950605.0,163647150.0,0.02184695547707369
2019-01-07,4.6,4.87,4.6,4.81,5138825.0,131498422.0,163647150.0,0.031401860649574405
2019-01-08,4.78,4.84,4.69,4.79,3439305.0,88095529.0,163647150.0,0.021016589656465145
2019-01-09,4.81,4.92,4.71,4.74,3883538.0,100604085.0,163647150.0,0.02373116794273533
2019-01-10,4.75,5.01,4.7,4.93,5692275.0,149498053.0,163647150.0,0.03478383216572974
2019-01-11,4.98,5.09,4.85,4.91,4889391.0,130374026.0,163647150.0,0.02987764223208287
2019-01-14,4.88,5.01,4.77,5.0,3627382.0,95407521.0,163647150.0,0.022165873343959856
2019-01-15,4.91,5.08,4.82,5.03,4568612.0,121359629.0,163647150.0,0.027917455329958388
2019-01-16,5.0,5.22,4.96,5.04,4225910.0,115690408.0,163647150.0,0.025823303369475116
2019-01-17,5.02,5.11,4.91,4.93,3026457.0,81160440.0,163647150.0,0.018493795950616922
2019-01-18,4.93,5.01,4.82,4.97,2656963.0,70053463.0,163647150.0,0.016235925892996
2019-01-21,4.94,5.12,4.92,5.07,2932533.0,79304676.0,163647150.0,0.017919853782971472
2019-01-22,5.04,5.07,4.92,4.94,2775014.0,73720232.0,163647150.0,0.016957301120123388
2019-01-23,4.93,4.98,4.84,4.89,2188290.0,57477916.0,163647150.0,0.013372001895541719
2019-01-24,4.87,5.07,4.85,4.95,2616032.0,69804420.0,163647150.0,0.015985808491012523
2019-01-25,4.95,5.07,4.91,4.98,2504533.0,66908802.0,163647150.0,0.015304470624755763
2019-01-28,4.98,5.01,4.87,4.91,1876978.0,49563623.0,163647150.0,0.011469665069021978
2019-01-29,4.89,4.89,4.65,4.72,2850551.0,72739781.0,163647150.0,0.017418885694006892
2019-01-30,4.68,4.98,4.68,4.81,3059500.0,79870268.0,163647150.0,0.018695712085422814
2019-01-31,4.89,5.06,4.78,4.92,2929443.0,77736861.0,163647150.0,0.017900971694282484
2019-02-01,4.92,5.18,4.9,5.17,3725009.0,101448963.0,163647150.0,0.022762443464490523
2019-02-11,5.22,5.62,5.18,5.58,5822957.0,169478738.0,163647150.0,0.03558239174956606
2019-02-12,5.59,5.62,5.5,5.53,3562184.0,105980627.0,163647150.0,0.021767467383330536
2019-02-13,5.51,5.82,5.51,5.6,6190080.0,187164926.0,163647150.0,0.03782577331777547
2019-02-14,5.58,5.6,5.49,5.55,2889815.0,85939719.0,163647150.0,0.017658816545231614
2019-02-15,5.58,5.71,5.49,5.52,3574044.0,107149948.0,163647150.0,0.021839940383929692
2019-02-18,5.65,5.72,5.52,5.68,4677707.0,141282141.0,163647150.0,0.028584103053429285
2019-02-19,5.71,6.0,5.71,5.91,6643234.0,209073036.0,163647150.0,0.04059486523291118
2019-02-20,5.78,5.82,5.57,5.73,5738760.0,174447387.0,163647150.0,0.03506788844168689
2019-02-21,5.69,6.08,5.62,5.79,5876356.0,184857547.0,163647150.0,0.035908697462803355
2019-02-22,5.78,6.21,5.75,6.19,5390893.0,172672876.0,163647150.0,0.03294217467276393
2019-02-25,6.34,6.65,6.14,6.52,6644170.0,227890428.0,163647150.0,0.04060058485589269
2019-02-26,6.36,6.62,6.22,6.23,5907101.0,201274420.0,163647150.0,0.03609657118990462
2019-02-27,6.16,6.32,6.01,6.05,3747237.0,123220739.0,163647150.0,0.02289827228888496
2019-02-28,6.06,6.24,6.04,6.19,2894693.0,95601316.0,163647150.0,0.0176886245803853
2019-03-01,6.2,6.3,6.07,6.29,2563993.0,85013284.0,163647150.0,0.01566781334108171
2019-03-04,6.33,6.45,6.19,6.3,3833454.0,130423194.0,163647150.0,0.023425119227557585
2019-03-05,6.25,6.41,6.13,6.39,3998458.0,134410425.0,163647150.0,0.024433410542132876
2019-03-06,6.4,6.44,6.24,6.36,3385200.0,114732798.0,163647150.0,0.02068596978315846
2019-03-07,6.28,6.36,6.04,6.11,4240621.0,139949944.0,163647150.0,0.025913197999476313
2019-03-08,6.03,6.56,5.98,6.14,5809056.0,196441519.0,163647150.0,0.03549744679329887
2019-03-11,6.2,6.38,6.12,6.28,5547683.0,185776645.0,163647150.0,0.03390027262925141
2019-03-12,6.27,6.32,6.17,6.25,4783716.0,160138528.0,163647150.0,0.029231893131044445
2019-03-13,6.23,6.24,5.9,5.97,3464118.0,113571940.0,163647150.0,0.021168214661850208
2019-03-14,5.9,6.07,5.79,5.9,2688595.0,85879269.0,163647150.0,0.016429219818371418
2019-03-15,5.95,6.04,5.68,5.81,4066427.0,127043786.0,163647150.0,0.024848749275499144
2019-03-18,5.8,6.12,5.79,6.12,3482363.0,111498849.0,163647150.0,0.02127970453503162
2019-03-19,6.16,6.19,5.97,6.0,2490082.0,80753671.0,163647150.0,0.0152161647789161
2019-03-20,6.1,6.14,5.9,6.01,2787367.0,90206301.0,163647150.0,0.017032786699921143
2019-03-21,6.03,6.1,5.97,5.99,2618753.0,84489622.0,163647150.0,0.016002435728333795
2019-03-22,6.02,6.18,5.86,6.16,3440207.0,111511266.0,163647150.0,0.021022101515364003
2019-03-25,6.07,6.28,6.01,6.15,3378412.0,111114502.0,163647150.0,0.020644490295125825
2019-03-26,6.13,6.18,5.57,5.69,3893128.0,122005365.0,163647150.0,0.02378976963546264
2019-03-27,5.73,5.81,5.65,5.76,1868330.0,57545992.0,163647150.0,0.011416819663526067
2019-03-28,5.77,6.03,5.71,5.73,2388089.0,75219982.0,163647150.0,0.01459291530588831
2019-03-29,5.71,5.99,5.61,5.95,3000469.0,94113211.0,163647150.0,0.018334990862963394
2019-04-01,6.04,6.29,5.97,6.22,3398736.0,112968932.0,163647150.0,0.02076868433089119
2019-04-02,6.34,6.34,6.11,6.14,2389745.0,79671776.0,163647150.0,0.014603034638855612
2019-04-03,6.1,6.23,6.04,6.14,1980400.0,64867611.0,163647150.0,0.012101646744229887
2019-04-04,6.14,6.21,5.88,5.99,3203412.0,102749171.0,163647150.0,0.019575116340247906
2019-04-08,5.97,6.05,5.76,5.9,3039072.0,95249125.0,163647150.0,0.018570882535992837
2019-04-09,5.78,6.04,5.73,5.9,4521622.0,142067728.0,163647150.0,0.027630313146302883
2019-04-10,5.86,6.03,5.78,5.91,3439460.0,108844761.0,163647150.0,0.021017536816253752
2019-04-11,5.91,6.03,5.73,5.76,2809786.0,88242551.0,163647150.0,0.01716978266960347
2019-04-12,5.65,5.8,5.63,5.68,1854864.0,56699236.0,163647150.0,0.01133453286537529
2019-04-15,5.78,6.04,5.78,5.86,4809287.0,152868556.0,163647150.0,0.029388150053331206
2019-04-16,5.88,6.45,5.84,6.45,7265983.0,243111524.0,163647150.0,0.04440030272448985
2019-04-17,6.58,6.84,6.45,6.64,9110192.0,324003371.0,163647150.0,0.055669725992783865
2019-04-18,6.6,6.79,6.47,6.72,6094564.0,216445389.0,163647150.0,0.037242102902494786
2019-04-19,6.66,6.68,6.25,6.47,6011309.0,207528308.0,163647150.0,0.03673335588184701
2019-04-22,6.43,6.64,6.31,6.31,4548191.0,157813688.0,163647150.0,0.027792668555486608
2019-04-23,6.38,6.43,6.14,6.17,3248690.0,108941667.0,163647150.0,0.019851796991270546
2019-04-24,6.23,6.26,6.06,6.22,3173816.0,105277017.0,163647150.0,0.019394263816998953
2019-04-25,6.14,6.22,5.81,5.84,4600120.0,147884750.0,163647150.0,0.028109991527502924
2019-04-26,5.77,6.02,5.67,5.86,4148084.0,130249330.0,163647150.0,0.025347731384261808
2019-04-29,5.86,5.95,5.5,5.54,4599197.0,138858152.0,163647150.0,0.028104351343729482
2019-04-30,5.57,5.65,5.47,5.53,2566284.0,76349188.0,163647150.0,0.015681812973828143
2019-05-06,5.33,5.33,4.98,4.98,2644728.0,71441278.0,163647150.0,0.016161161376779247
2019-05-07,4.97,5.0,4.72,4.87,4008116.0,104407576.0,163647150.0,0.024492427763025508
2019-05-08,4.71,5.02,4.7,4.88,3285071.0,86811135.0,163647150.0,0.020074110670427196
2019-05-09,4.8,5.02,4.8,4.9,2658366.0,70506364.0,163647150.0,0.016244499216759963
2019-05-10,5.02,5.2,4.87,5.17,3800177.0,103973001.0,163647150.0,0.02322177318700631
2019-05-13,5.2,5.2,5.01,5.05,2494601.0,68083914.0,163647150.0,0.015243779069785206
2019-05-14,4.92,5.2,4.92,5.13,2833639.0,77600148.0,163647150.0,0.01731554139500749
2019-05-15,5.19,5.24,5.09,5.15,2767577.0,76443823.0,163647150.0,0.016911855782395232
2019-05-16,5.12,5.16,4.96,5.13,2707422.0,73674399.0,163647150.0,0.01654426612379134
2019-05-17,5.1,5.21,4.81,4.85,3082798.0,82736172.0,163647150.0,0.018838079367712788
2019-05-20,4.81,4.81,4.36,4.65,6113814.0,149413328.0,163647150.0,0.03735973403753136
2019-05-21,4.72,5.12,4.68,5.12,6095475.0,158685411.0,163647150.0,0.03724766975776847
2019-05-22,5.14,5.37,5.03,5.16,5924436.0,163096157.0,163647150.0,0.036202500318520674
2019-05-23,5.2,5.2,4.9,4.98,4307089.0,114133395.0,163647150.0,0.026319364559663886
2019-05-24,4.91,5.04,4.48,4.56,6871649.0,171459531.0,163647150.0,0.041990642672359406
2019-05-27,4.66,5.02,4.65,5.02,5543856.0,141591196.0,163647150.0,0.03387688694853531
2019-05-28,5.26,5.28,4.85,5.01,7144560.0,190318437.0,163647150.0,0.043658322188929045
2019-05-29,5.02,5.16,4.93,5.08,4939345.0,132708371.0,163647150.0,0.030182896555179847
2019-05-30,5.08,5.08,4.9,4.98,3802135.0,99983049.0,163647150.0,0.023233737953884316
2019-05-31,4.97,5.15,4.97,5.02,3895402.0,104278667.0,163647150.0,0.02380366538616774
2019-06-03,5.05,5.24,4.69,5.1,7666006.0,202439110.0,163647150.0,0.04684472659621631
2019-06-04,5.11,5.27,5.03,5.2,7885069.0,215229059.0,163647150.0,0.04818335669151586
2019-06-05,5.26,5.44,5.09,5.38,7838492.0,218178607.0,163647150.0,0.04789873823039387
2019-06-06,5.38,5.39,4.93,5.02,6467235.0,175268952.0,163647150.0,0.03951938668042798
2019-06-10,5.02,5.24,4.97,5.15,4364304.0,118766463.0,163647150.0,0.02666898873582583
2019-06-11,5.16,5.3,5.0,5.29,6250175.0,171014090.0,163647150.0,0.03819299633388055
2019-06-12,5.23,5.38,5.2,5.21,4921318.0,137246495.0,163647150.0,0.030072738816410795
2019-06-13,5.17,5.29,5.15,5.18,3241600.0,89159360.0,163647150.0,0.019808472069327208
2019-06-14,5.19,5.22,4.9,4.93,4572638.0,121172955.0,163647150.0,0.027942057041628894
2019-06-17,4.94,5.0,4.86,4.92,2341459.0,61009395.0,163647150.0,0.014307972977225695
2019-06-18,4.97,4.97,4.85,4.9,1739457.0,45145149.0,163647150.0,0.010629314351029028
2019-06-19,5.11,5.14,4.98,4.99,3957108.0,105896509.0,163647150.0,0.02418073275336601
2019-06-20,5.01,5.1,4.86,5.06,3630339.0,95853618.0,163647150.0,0.022183942708443136
2019-06-21,5.09,5.23,5.08,5.15,4087150.0,111458790.0,163647150.0,0.02497538148388163
2019-06-24,5.15,5.18,5.07,5.13,2031446.0,54850834.0,163647150.0,0.012413573960805306
2019-06-25,5.13,5.16,4.96,5.08,2095900.0,55850347.0,163647150.0,0.012807433554449313
2019-06-26,5.05,5.2,5.0,5.12,2624314.0,71299592.0,163647150.0,0.01603641737726566
2019-06-27,5.21,5.37,5.21,5.33,5399255.0,150920595.0,163647150.0,0.03299327241568215
2019-06-28,5.3,5.3,5.09,5.23,3652800.0,100081388.0,163647150.0,0.02232119532787464
2019-07-01,5.42,5.71,5.4,5.64,6450672.0,188227861.0,163647150.0,0.03941817501863002
2019-07-02,5.58,5.62,5.5,5.57,2335079.0,68408846.0,163647150.0,0.014268986658185004
2019-07-03,5.57,5.74,5.49,5.72,3564079.0,106027729.0,163647150.0,0.021779047175584786
2019-07-04,5.68,5.71,5.52,5.52,2375925.0,70336531.0,163647150.0,0.014518584649961823
2019-07-05,5.54,5.61,5.45,5.5,1940200.0,56653221.0,163647150.0,0.011855996270023645
2019-07-08,5.56,5.56,5.36,5.39,2191293.0,63046775.0,163647150.0,0.013390352352607424
2019-07-09,5.4,5.87,5.36,5.68,4248100.0,127347240.0,163647150.0,0.025958899986953637
2019-07-10,5.74,5.83,5.53,5.57,2882400.0,86092138.0,163647150.0,0.01761350564308636
2019-07-11,5.66,5.71,5.56,5.62,2353481.0,70118486.0,163647150.0,0.014381435912571652
2019-07-12,5.59,5.81,5.59,5.69,2506787.0,75867879.0,163647150.0,0.01531824416129459
2019-07-15,5.69,6.12,5.66,6.03,3882228.0,121357679.0,163647150.0,0.02372316291484453
2019-07-16,6.04,6.25,5.98,6.1,3811301.0,123626734.0,163647150.0,0.023289748706286667
2019-07-17,6.08,6.21,5.99,6.01,2968661.0,95156030.0,163647150.0,0.018140621452924784
2019-07-18,5.89,6.12,5.89,5.94,2480115.0,78539181.0,163647150.0,0.015155259349154569
2019-07-19,5.89,6.06,5.87,5.89,2304074.0,72344419.0,163647150.0,0.014079524146922205
2019-07-22,5.89,5.94,5.64,5.82,2131955.0,65437658.0,163647150.0,0.013027755142695732
2019-07-23,5.69,5.92,5.69,5.89,1906694.0,58847500.0,163647150.0,0.011651250877268562
2019-07-24,5.93,6.11,5.93,6.1,2515987.0,80269466.0,163647150.0,0.0153744626777796
2019-07-25,6.06,6.24,6.02,6.09,2956764.0,95727785.0,163647150.0,0.018067922356118028
2019-07-26,6.08,6.15,6.02,6.11,1428393.0,46000972.0,163647150.0,0.008728492980171056
2019-07-29,6.13,6.3,6.11,6.25,2386177.0,78402858.0,163647150.0,0.014581231631592728
2019-07-30,6.2,6.39,6.16,6.23,2865400.0,94896031.0,163647150.0,0.017509623601755363
2019-07-31,6.21,6.3,6.11,6.11,1774599.0,57984556.0,163647150.0,0.010844056862585142
2019-08-01,6.11,6.36,6.04,6.31,2838468.0,93443424.0,163647150.0,0.01734505000545381
2019-08-02,6.1,6.17,5.95,6.01,3516056.0,112181124.0,163647150.0,0.021485592630241346
2019-08-05,5.91,6.08,5.78,5.89,4837741.0,152281055.0,163647150.0,0.029562024147686043
2019-08-06,5.87,5.92,5.65,5.9,3577911.0,109439784.0,175749060.0,0.020358066210994244
2019-08-07,5.95,5.96,5.59,5.6,4208532.0,127057176.0,175749060.0,0.023946256099463634
2019-08-08,5.59,5.7,5.54,5.68,2889477.0,86250924.0,175749060.0,0.016440924349751855
2019-08-09,5.7,5.86,5.61,5.7,3344000.0,101377049.0,175749060.0,0.019027128793747176
2019-08-12,5.69,6.08,5.6,6.07,4700211.0,145617781.0,175749060.0,0.026743875614469857
2019-08-13,5.93,6.34,5.9,6.32,6667893.0,217631110.0,175749060.0,0.037939850147704915
2019-08-14,6.53,6.53,6.25,6.29,5274871.0,176982089.0,175749060.0,0.03001365128211781
2019-08-15,6.08,6.34,6.08,6.3,4751790.0,156277840.0,175749060.0,0.02703735655826552
2019-08-16,6.25,6.36,6.14,6.25,5487100.0,180266960.0,175749060.0,0.031221219618471928
2019-08-19,6.3,6.48,6.18,6.4,5184676.0,174133938.0,175749060.0,0.029500447968256557
2019-08-20,6.4,6.46,6.3,6.31,3577450.0,120055207.0,175749060.0,0.020355443152868073
2019-08-21,6.31,6.65,6.29,6.51,6552060.0,224639789.0,175749060.0,0.03728076838647103
2019-08-22,6.49,6.56,6.37,6.47,4091494.0,139706205.0,175749060.0,0.0232803179715442
2019-08-23,6.48,6.48,6.24,6.29,3926795.0,131128782.0,175749060.0,0.022343192048936138
2019-08-26,6.15,6.28,6.11,6.24,3649144.0,119663585.0,175749060.0,0.020763377055900045
2019-08-27,6.28,6.36,6.18,6.26,3186044.0,105660087.0,175749060.0,0.01812837007492387
2019-08-28,6.24,6.29,6.14,6.16,2438794.0,79677784.0,175749060.0,0.013876569240256533
2019-08-29,6.21,6.25,6.13,6.17,2202100.0,71893262.0,175749060.0,0.012529796745427828
2019-08-30,6.21,6.22,5.83,5.9,4660736.0,148145969.0,175749060.0,0.026519265593796065
2019-09-02,5.94,6.34,5.93,6.32,5362895.0,175200674.0,175749060.0,0.030514501756083362
2019-09-03,6.32,6.55,6.27,6.5,5798711.0,196718086.0,175749060.0,0.03299426466349237
2019-09-04,6.45,6.7,6.41,6.57,5415731.0,187865244.0,175749060.0,0.030815134942969256
2019-09-05,6.64,7.23,6.64,7.23,8484553.0,315779296.0,175749060.0,0.04827651994269557
2019-09-06,7.36,7.82,7.23,7.45,11023260.0,434973479.0,175749060.0,0.06272158724490476
2019-09-09,7.53,7.65,7.38,7.59,8296157.0,329707766.0,175749060.0,0.04720455972851292
2019-09-10,7.53,7.6,7.29,7.39,5893983.0,230273209.0,175749060.0,0.033536355756326665
2019-09-11,7.49,7.49,7.17,7.27,4730218.0,182040463.0,175749060.0,0.0269146133697671
2019-09-12,7.38,7.38,7.15,7.24,3174079.0,121536758.0,175749060.0,0.01806029005219146
2019-09-16,7.27,7.55,7.2,7.54,5931595.0,232042462.0,175749060.0,0.03375036543580944
2019-09-17,7.42,7.45,7.0,7.19,4758499.0,180843733.0,175749060.0,0.02707553030440106
2019-09-18,7.18,7.2,7.01,7.12,2516402.0,94457546.0,175749060.0,0.014318153394390843
2019-09-19,7.16,7.22,7.03,7.18,2488655.0,93800447.0,175749060.0,0.01416027488283579
2019-09-20,7.13,7.27,7.08,7.09,3543370.0,133871457.0,175749060.0,0.0201615303091806
2019-09-23,7.03,7.19,7.01,7.12,3230844.0,120996218.0,175749060.0,0.018383278977423832
2019-09-24,7.19,7.47,7.08,7.29,4741639.0,182628649.0,175749060.0,0.02697959807011201
2019-09-25,7.17,7.25,6.75,6.92,4482163.0,165112673.0,175749060.0,0.025503197570445044
2019-09-26,6.9,6.97,6.57,6.61,3871933.0,137151206.0,175749060.0,0.022031031062129152
2019-09-27,6.67,6.77,6.6,6.69,2341349.0,82614846.0,175749060.0,0.01332211392766482
2019-09-30,6.68,6.74,6.53,6.53,2030564.0,70931716.0,175749060.0,0.011553768765534222
2019-10-08,6.62,6.66,6.44,6.5,2052783.0,71027135.0,175749060.0,0.011680193339298657
2019-10-09,6.5,6.74,6.38,6.72,2692644.0,94418998.0,175749060.0,0.015320958188908664
2019-10-10,6.72,6.93,6.68,6.91,3172839.0,114955294.0,175749060.0,0.018053234537925837
2019-10-11,6.9,6.99,6.78,6.88,2917909.0,106246109.0,175749060.0,0.01660270046394558
2019-10-14,6.96,6.96,6.81,6.94,2507698.0,91413385.0,175749060.0,0.01426862823619085
2019-10-15,6.95,7.25,6.95,7.06,5917974.0,223167792.0,175749060.0,0.03367286288757391
2019-10-16,7.04,7.28,7.04,7.1,3010729.0,114162828.0,175749060.0,0.017130839846312692
2019-10-17,7.11,7.15,6.94,7.0,2516380.0,93267564.0,175749060.0,0.014318028215911938
2019-10-18,7.02,7.1,6.84,6.86,2200062.0,80956947.0,175749060.0,0.012518200666336424
2019-10-21,6.82,6.92,6.66,6.83,1981299.0,70987974.0,175749060.0,0.011273454321747155
2019-10-22,6.89,7.25,6.84,7.25,4524252.0,170704907.0,175749060.0,0.025742681070385243
2019-10-23,7.25,7.28,7.12,7.16,2903796.0,110536364.0,175749060.0,0.016522398469727233
2019-10-24,7.13,7.19,6.95,7.1,2377354.0,88712063.0,175749060.0,0.013526979888256586
2019-10-25,7.08,7.18,6.93,7.16,2768288.0,102938441.0,175749060.0,0.015751367318835162
2019-10-28,7.17,7.32,7.06,7.24,4462334.0,169676518.0,175749060.0,0.02539037193143451
2019-10-29,7.21,7.21,6.83,6.85,4045963.0,148714294.0,175749060.0,0.023021249729586035
2019-10-30,6.8,6.95,6.73,6.8,1895110.0,68572306.0,175749060.0,0.010783044870908556
2019-10-31,6.79,6.96,6.7,6.71,2197889.0,78960653.0,175749060.0,0.012505836446579002
2019-11-01,6.78,6.85,6.58,6.64,3315468.0,117352128.0,175749060.0,0.01886478368646751
2019-11-04,6.68,6.86,6.65,6.78,2658285.0,95266655.0,175749060.0,0.015125457854511427
2019-11-05,6.79,6.86,6.61,6.68,2373140.0,83751934.0,175749060.0,0.013503002519615183
2019-11-06,6.66,6.69,6.45,6.47,2443851.0,84304183.0,175749060.0,0.013905343220612388
2019-11-07,6.5,6.6,6.46,6.53,1580645.0,54561489.0,175749060.0,0.008993760763215461
2019-11-08,6.57,6.69,6.55,6.56,1948555.0,67928504.0,175749060.0,0.011087143225687808
2019-11-11,6.47,6.49,6.28,6.34,2372243.0,80022976.0,175749060.0,0.013497898651634324
2019-11-12,6.37,6.41,6.25,6.37,1714388.0,57353772.0,175749060.0,0.00975474918614074
2019-11-13,6.39,6.42,6.3,6.39,1364845.0,45951475.0,175749060.0,0.007765873683762519
2019-11-14,6.42,6.48,6.34,6.46,2142173.0,72660406.0,175749060.0,0.012188816258818113
2019-11-15,6.44,6.48,6.32,6.35,1677880.0,56576068.0,175749060.0,0.009547021190326709
2019-11-18,6.41,6.47,6.32,6.42,1500144.0,50729132.0,175749060.0,0.008535715639104983
2019-11-19,6.41,6.85,6.37,6.81,4958896.0,174541681.0,175749060.0,0.028215775378827062
2019-11-20,6.78,6.85,6.7,6.74,2683829.0,95802007.0,175749060.0,0.01527080144838328
2019-11-21,6.75,6.77,6.63,6.67,1611338.0,56982935.0,175749060.0,0.009168401811082232
2019-11-22,6.7,6.88,6.55,6.69,2971755.0,105907495.0,175749060.0,0.01690908048099944
2019-11-25,6.75,6.75,6.04,6.14,5214673.0,171379655.0,175749060.0,0.029671128824245205
2019-11-26,6.15,6.24,5.96,6.04,2405284.0,77096834.0,175749060.0,0.013685899657158907
2019-11-27,5.95,6.15,5.95,6.1,1705718.0,54829163.0,175749060.0,0.009705417485589965
2019-11-28,6.1,6.21,6.07,6.15,1475412.0,47872788.0,175749060.0,0.008394992269090941
2019-11-29,6.14,6.26,6.1,6.19,1589720.0,52037085.0,175749060.0,0.009045396885764282
2019-12-02,6.22,6.28,6.13,6.21,1264593.0,41612359.0,175749060.0,0.007195446735248541
2019-12-03,6.13,6.45,6.06,6.44,1944221.0,64414248.0,175749060.0,0.011062483065343279
2019-12-04,6.34,6.47,6.3,6.36,1522380.0,51309987.0,175749060.0,0.008662236941694027
2019-12-05,6.38,6.56,6.34,6.53,1945083.0,66718176.0,175749060.0,0.01106738778574406
2019-12-06,6.53,6.68,6.5,6.64,1861785.0,65063465.0,175749060.0,0.010593427925019912
2019-12-09,6.65,6.72,6.59,6.64,1793056.0,63033612.0,175749060.0,0.010202364666985986
2019-12-10,6.62,6.7,6.57,6.63,1314900.0,46059399.0,175749060.0,0.007481690086991077
2019-12-11,6.63,6.73,6.54,6.59,1852298.0,64941265.0,175749060.0,0.010539447550957029
2019-12-12,6.64,6.8,6.6,6.64,2026672.0,71591110.0,175749060.0,0.011531623554629538
2019-12-13,6.74,6.76,6.63,6.69,1834041.0,64757132.0,175749060.0,0.010435566483257436
2019-12-16,6.73,7.03,6.71,6.98,3725779.0,136228415.0,175749060.0,0.02119942490730818
2019-12-17,7.06,7.21,6.98,7.12,4007176.0,151065130.0,175749060.0,0.022800554381343492
2019-12-18,7.1,7.15,6.98,6.98,3215107.0,119859212.0,175749060.0,0.018293736535489862
2019-12-19,7.0,7.06,6.93,7.01,2064091.0,76224151.0,175749060.0,0.01174453507745646
2019-12-20,7.04,7.12,6.96,7.03,1938304.0,71966699.0,175749060.0,0.011028815744448363
2019-12-23,6.99,6.99,6.81,6.84,2278336.0,83152821.0,175749060.0,0.012963574314423076
2019-12-24,6.9,7.06,6.83,7.05,1963478.0,72329053.0,175749060.0,0.011172054063902247
2019-12-25,7.02,7.1,6.99,7.04,1949913.0,72540907.0,175749060.0,0.011094870151794837
2019-12-26,7.04,7.19,7.01,7.1,2295400.0,86251323.0,175749060.0,0.013060667294607437
2019-12-27,7.16,7.19,6.87,6.91,2407646.0,89429837.0,175749060.0,0.013699339273848747
2019-12-30,6.83,7.0,6.67,6.89,1777990.0,64351512.0,175749060.0,0.010116640168658654
2019-12-31,6.88,7.34,6.87,7.24,4673442.0,178149946.0,175749060.0,0.026591561855295272
2020-01-02,7.27,7.34,7.18,7.26,3295755.0,126405507.0,175749060.0,0.01875261807943667
2020-01-03,7.27,7.36,7.2,7.29,2813287.0,108330075.0,175749060.0,0.01600740851757614
2020-01-06,7.34,7.48,7.24,7.31,3809516.0,148353702.0,175749060.0,0.021675882647679594
2020-01-07,7.39,7.39,7.21,7.29,2381837.0,91412155.0,175749060.0,0.01355248784829916
2020-01-08,7.27,7.29,6.94,6.99,4203709.0,157263346.0,175749060.0,0.02391881356292887
2020-01-09,7.1,7.28,7.03,7.28,3634666.0,137871413.0,175749060.0,0.020680998236918022
2020-01-10,7.3,7.51,7.25,7.43,3719090.0,144972215.0,175749060.0,0.021161364959789826
2020-01-13,7.42,7.55,7.31,7.55,2787041.0,109651317.0,175749060.0,0.015858070592241005
2020-01-14,7.54,7.55,7.34,7.36,2494435.0,97767793.0,175749060.0,0.014193162683202972
2020-01-15,7.36,7.49,7.34,7.42,1933564.0,75839652.0,175749060.0,0.011001845472174929
2020-01-16,7.47,7.55,7.36,7.43,2043670.0,80315616.0,175749060.0,0.01162834099937718
2020-01-17,7.26,7.26,6.96,7.13,7365665.0,275570545.0,175749060.0,0.04191012458331214
2020-01-20,7.12,7.55,7.08,7.4,6866644.0,266692521.0,175749060.0,0.03907072959593639
2020-01-21,7.38,7.47,7.22,7.22,3706623.0,143499833.0,175749060.0,0.02109042859176601
2020-01-22,7.21,7.55,7.01,7.47,4726897.0,182733469.0,175749060.0,0.026895717109383117
2020-01-23,7.33,7.61,7.1,7.15,5039599.0,195641906.0,175749060.0,0.028674969868971133
2020-02-03,6.44,6.44,6.44,6.44,721200.0,24528012.0,175749060.0,0.004103578135780641
2020-02-04,6.06,6.55,6.06,6.5,4396706.0,149052621.0,175749060.0,0.025016953148995505
2020-02-05,6.5,6.71,6.41,6.55,4291625.0,149360681.0,175749060.0,0.02441904952436161
2020-02-06,6.51,7.06,6.51,6.98,4523121.0,163328140.0,175749060.0,0.025736245758583288
2020-02-07,6.99,7.68,6.9,7.68,6717729.0,264817307.0,175749060.0,0.03822341354201268
2020-02-10,7.82,8.11,7.63,7.97,8103838.0,337254751.0,175749060.0,0.04611027791556894
2020-02-11,7.91,8.1,7.72,7.78,4789313.0,197823057.0,175749060.0,0.027250859833901814
2020-02-12,7.68,8.11,7.63,7.92,6914745.0,287847448.0,175749060.0,0.039344420960203144
2020-02-13,8.0,8.0,7.67,7.76,3668935.0,150752346.0,175749060.0,0.020875986477537918
2020-02-14,7.73,7.9,7.68,7.75,3310430.0,136133865.0,175749060.0,0.018836117814797985
2020-02-17,7.85,8.44,7.81,8.35,7936463.0,343528564.0,175749060.0,0.045157925737981185
2020-02-18,8.31,8.39,8.14,8.39,4203028.0,184051840.0,175749060.0,0.02391493872001364
2020-02-19,8.32,8.37,8.1,8.17,3384581.0,147188915.0,175749060.0,0.01925803187795144
2020-02-20,8.15,8.36,7.95,8.3,3657640.0,158222423.0,175749060.0,0.020811718708481287
2020-02-21,8.05,8.48,8.05,8.26,5070748.0,221214120.0,175749060.0,0.02885220552530978
2020-02-24,8.37,9.09,8.37,9.09,6041986.0,282048276.0,175749060.0,0.034378482593306614
2020-02-25,9.07,10.0,8.99,10.0,9740486.0,500604024.0,175749060.0,0.05542269187670193
2020-02-26,10.06,10.56,9.48,9.98,10547796.0,565275970.0,175749060.0,0.06001622995878328
2020-02-27,10.18,10.41,9.65,9.8,9375729.0,495607224.0,175749060.0,0.05334724976622919
2020-02-28,9.06,9.43,8.82,8.83,7014173.0,336823417.0,175749060.0,0.039910159405689
2020-03-02,9.05,9.71,8.74,9.71,8992478.0,440947581.0,175749060.0,0.051166578074443185
2020-03-03,10.03,10.4,9.26,9.41,8233790.0,429351423.0,175749060.0,0.04684969581060633
2020-03-04,9.35,9.56,8.97,9.17,5348565.0,260860272.0,175749060.0,0.03043296504686853
2020-03-05,9.78,9.81,8.82,8.98,6589376.0,319982509.0,175749060.0,0.03749309384641943
2020-03-06,8.72,9.11,8.71,8.87,4115765.0,193380721.0,175749060.0,0.02341841828343207
2020-03-09,8.7,9.22,8.63,8.78,6248237.0,295885039.0,175749060.0,0.035552036522983395
2020-03-10,8.68,9.47,8.57,9.36,5637357.0,269985524.0,175749060.0,0.03207617155960891
2020-03-11,9.36,9.97,9.28,9.35,7205358.0,366693472.0,175749060.0,0.040997988837038445
2020-03-12,9.18,9.65,9.04,9.65,4727807.0,234232365.0,175749060.0,0.026900894946465147
2020-03-13,9.23,9.97,9.14,9.79,5315347.0,270524691.0,175749060.0,0.03024395692358184
2020-03-16,9.88,9.91,8.82,8.82,4965334.0,243306009.0,175749060.0,0.028252407153699713
2020-03-17,9.0,9.09,8.52,8.84,3524169.0,164790890.0,175749060.0,0.02005227794674976
2020-03-18,8.87,9.2,8.58,8.58,3367726.0,158742962.0,175749060.0,0.019162128093316688
2020-03-19,8.68,9.44,8.52,9.44,5874789.0,280915302.0,175749060.0,0.03342714322341184
2020-03-20,9.65,9.67,8.88,9.17,5935808.0,291459582.0,175749060.0,0.033774337114519985
2020-03-23,8.82,9.44,8.82,8.91,4249638.0,205476152.0,175749060.0,0.024180146397369068
2020-03-24,9.18,9.26,8.32,8.74,5502615.0,255047087.0,175749060.0,0.03130949889575512
2020-03-25,9.0,9.04,8.8,8.88,4365281.0,205834190.0,175749060.0,0.02483814707173967
2020-03-26,8.9,8.9,8.44,8.5,3356977.0,152369130.0,175749060.0,0.019100967026509274
2020-03-27,8.68,8.73,8.14,8.14,3271909.0,144201007.0,175749060.0,0.018616935988164034
2020-03-30,8.04,8.04,7.48,7.61,3899013.0,157390531.0,175749060.0,0.022185114389801003
2020-03-31,7.74,7.78,7.36,7.38,2997380.0,119046256.0,176034060.0,0.017027273017505815
2020-04-01,7.4,7.82,7.26,7.52,4013319.0,161195289.0,176034060.0,0.022798536828611462
2020-04-02,7.57,8.16,7.42,8.05,4016205.0,166441247.0,176034060.0,0.02281493138316528
2020-04-03,8.08,8.23,7.99,8.08,2882627.0,123216888.0,176034060.0,0.016375393489191807
2020-04-07,8.3,8.36,8.19,8.3,2192017.0,96060772.0,176034060.0,0.012452232255507826
2020-04-08,8.34,8.68,8.23,8.52,3480051.0,156379313.0,176034060.0,0.01976919125764639
2020-04-09,8.61,8.61,8.33,8.41,2458437.0,109371874.0,176034060.0,0.013965689367159969
2020-04-10,8.73,8.99,8.52,8.62,5420045.0,251085187.0,176034060.0,0.03078975171054965
2020-04-13,8.62,8.95,8.52,8.64,2955157.0,136196051.0,176034060.0,0.016787416026194022
2020-04-14,8.64,8.94,8.55,8.88,3726207.0,172753136.0,176034060.0,0.021167534282854124
2020-04-15,8.9,8.94,8.73,8.79,2352719.0,109558890.0,176034060.0,0.013365135133507686
2020-04-16,8.68,8.94,8.61,8.86,2016503.0,93803446.0,176034060.0,0.011455186570144436
2020-04-17,8.98,9.15,8.9,8.95,2529812.0,120476970.0,176034060.0,0.014371150673909356
2020-04-20,8.9,9.31,8.8,9.2,2872682.0,138405769.0,176034060.0,0.01631889874039149
2020-04-21,9.14,9.27,9.0,9.2,2094635.0,101161290.0,176034060.0,0.011899032494052572
2020-04-22,9.09,9.34,9.06,9.24,1746555.0,85042115.0,176034060.0,0.009921687882447294
2020-04-23,9.27,9.27,8.9,9.0,2305740.0,110808886.0,176034060.0,0.013098260643423211
2020-04-24,8.97,9.64,8.97,9.19,4733427.0,234205823.0,176034060.0,0.02688926790644947
2020-04-27,9.2,10.11,9.2,10.07,6201632.0,324032448.0,176034060.0,0.03522972770155957
2020-04-28,9.81,9.81,9.06,9.38,6885825.0,339726983.0,176034060.0,0.03911643576248824
2020-04-29,9.35,9.44,9.07,9.21,3050944.0,148982952.0,176034060.0,0.01733155504110966
2020-04-30,9.28,10.07,9.22,9.86,4277350.0,219163803.0,176034060.0,0.024298422702970095
2020-05-06,9.79,10.1,9.72,10.01,4987114.0,262127385.0,176034060.0,0.02833039242519317
2020-05-07,10.14,10.39,9.67,9.69,4853628.0,253722663.0,176034060.0,0.02757209599096902
2020-05-08,9.79,9.89,9.68,9.77,3240666.0,167618876.0,176034060.0,0.018409312379661074
2020-05-11,9.76,9.94,9.59,9.59,3435446.0,176668710.0,176034060.0,0.01951580279407292
2020-05-12,9.66,9.66,9.37,9.62,2774016.0,139669130.0,176034060.0,0.01575840493595387
2020-05-13,9.62,9.65,9.41,9.58,2133374.0,107164479.0,176034060.0,0.012119097860948046
2020-05-14,9.6,9.64,9.33,9.38,2526358.0,126158336.0,176034060.0,0.014351529471058043
2020-05-15,9.4,9.68,9.3,9.54,2840610.0,142826557.0,176034060.0,0.016136706725959737
2020-05-18,9.5,9.56,8.93,8.95,4655387.0,224988345.0,176034060.0,0.026445944608674027
2020-05-19,9.04,9.31,9.03,9.25,2624589.0,127482671.0,176034060.0,0.01490955216280304
2020-05-20,9.36,9.37,9.03,9.12,2282917.0,110470677.0,176034060.0,0.012968609597483577
2020-05-21,9.2,9.2,8.79,8.83,2526271.0,119198557.0,176034060.0,0.014351035248519519
2020-05-22,8.89,8.97,8.58,8.63,2292641.0,105791438.0,176034060.0,0.013023848907421667
2020-05-25,8.66,8.85,8.52,8.77,2239622.0,103136630.0,176034060.0,0.012722662875582146
2020-05-26,8.8,9.09,8.77,9.06,2255389.0,107042174.0,176034060.0,0.01281223076943178
2020-05-27,9.0,9.08,8.88,8.93,1389053.0,65692843.0,176034060.0,0.007890819537991681
2020-05-28,8.87,9.03,8.8,8.92,1413250.0,66351676.0,176034060.0,0.008028275891608703
2020-05-29,8.92,8.98,8.79,8.83,1652707.0,77504811.0,176034060.0,0.009388563781350041
2020-06-01,8.93,9.22,8.93,9.19,2940684.0,141953272.0,176034060.0,0.016705198982515088
2020-06-02,9.19,9.22,9.01,9.08,2283343.0,109650250.0,176034060.0,0.012971029583706698
2020-06-03,9.11,9.13,8.84,8.91,3223109.0,152394266.0,176034060.0,0.018309575999099267
2020-06-04,8.84,9.24,8.84,9.06,2548373.0,122253595.0,176034060.0,0.014476590496180114
2020-06-05,9.07,9.09,8.8,8.97,1946558.0,91864072.0,176034060.0,0.011057848691327121
2020-06-08,9.1,9.27,9.03,9.07,2158012.0,103411351.0,176034060.0,0.012259059411570693
2020-06-09,9.04,9.1,8.91,9.01,1344310.0,63400879.0,176034060.0,0.0076366471352191725
2020-06-10,9.0,9.71,8.85,9.14,3210149.0,153852194.0,176034060.0,0.018235953883015594
2020-06-11,9.13,9.26,9.0,9.12,2838715.0,135581526.0,176034060.0,0.016125941763770035
2020-06-12,8.97,9.24,8.86,9.22,2766746.0,131074654.0,176034060.0,0.01571710611003348
2020-06-15,9.24,9.6,9.19,9.23,4371812.0,215527062.0,176034060.0,0.02483503476543119
2020-06-16,9.36,9.98,9.36,9.98,6084400.0,310393449.0,176034060.0,0.034563765671257025
2020-06-17,10.05,10.05,9.56,10.02,5425344.0,278346998.0,176034060.0,0.030819853839648987
2020-06-18,9.93,10.62,9.87,10.44,6652371.0,359234682.0,176034060.0,0.0377902492279051
2020-06-19,10.41,10.41,10.2,10.32,4112953.0,221639628.0,176034060.0,0.02336452956888002
2020-06-22,10.31,10.61,10.25,10.41,4108096.0,224562808.0,176034060.0,0.023336938317505145
2020-06-23,10.39,10.57,10.29,10.55,3054657.0,167239158.0,176034060.0,0.017352647550138878
2020-06-24,10.51,10.72,10.44,10.53,2595107.0,143540263.0,176034060.0,0.014742073210150353
2020-06-29,10.36,11.05,10.36,10.82,3793585.0,215057218.0,176034060.0,0.021550289756425547
2020-06-30,10.97,11.61,10.84,11.37,4472445.0,263601328.0,176034060.0,0.02540670254381453
2020-07-01,11.42,11.42,10.8,11.04,4529844.0,262713727.0,176034060.0,0.025732770124145293
2020-07-02,10.98,11.24,10.95,11.11,3361875.0,195622234.0,176034060.0,0.01909786662876491
2020-07-03,11.19,11.24,10.8,11.07,3503204.0,202136062.0,176034060.0,0.019900716940801116
2020-07-06,11.07,11.49,10.89,11.36,3822647.0,225602042.0,176034060.0,0.021715382807168112
2020-07-07,11.32,11.89,11.22,11.49,4454635.0,269714180.0,176034060.0,0.02530552894138782
2020-07-08,11.4,11.75,11.19,11.45,4371855.0,261046540.0,176034060.0,0.024835279036341036
2020-07-09,11.63,12.54,11.48,12.29,4952756.0,312995926.0,176034060.0,0.02813521428750777
2020-07-10,12.15,12.38,11.86,12.14,3528853.0,224224079.0,176034060.0,0.02004642169816455
2020-07-13,12.79,13.35,12.79,13.35,2141505.0,148084742.0,176034060.0,0.012165287785784183
2020-07-14,13.94,14.33,13.35,13.76,8657122.0,626731872.0,176034060.0,0.049178675990316875
2020-07-15,13.34,13.57,12.43,12.61,6117080.0,415730119.0,176034060.0,0.03474941156273962
2020-07-16,12.6,13.05,12.1,12.1,4858613.0,322173496.0,176034060.0,0.0276004143743546
2020-07-17,12.32,12.97,12.22,12.8,4179872.0,277575157.0,176034060.0,0.023744677592506813
2020-07-20,12.86,12.98,12.22,12.95,3712098.0,244652603.0,176034060.0,0.02108738502083063
2020-07-21,12.82,13.15,12.44,13.05,3198354.0,215698832.0,176034060.0,0.018168949804373086
2020-07-22,13.02,13.75,12.83,13.14,4081582.0,285037688.0,176034060.0,0.023186319738350634
2020-07-23,12.89,13.51,12.81,13.36,3138702.0,217703267.0,176034060.0,0.017830083564510185
2020-07-24,13.34,13.46,12.41,12.43,3822201.0,258017218.0,176034060.0,0.02171284920656832
2020-07-27,12.6,13.04,12.41,12.58,2594692.0,172813495.0,176034060.0,0.014739715711834403
2020-07-28,12.83,13.78,12.71,13.7,3687518.0,258766946.0,176034060.0,0.02094775295190033
2020-07-29,13.55,13.76,13.39,13.76,3194747.0,227071928.0,176034060.0,0.01814845945154023
2020-07-30,13.76,13.76,13.13,13.34,3212114.0,223911744.0,176034060.0,0.01824711649552365
2020-07-31,13.34,13.95,13.25,13.51,3900254.0,278164049.0,176034060.0,0.0221562463536886
2020-08-03,13.64,13.8,13.33,13.66,5038722.0,357886740.0,176034060.0,0.028623562962758458
2020-08-04,13.6,14.42,13.51,14.24,5021649.0,369402410.0,176034060.0,0.02852657605011212
2020-08-05,14.37,14.41,13.75,14.11,2510725.0,184727527.0,176034060.0,0.014262722793532115
2020-08-06,14.2,14.2,13.76,13.99,2151804.0,157465144.0,176034060.0,0.012223793509051601
2020-08-07,14.12,14.13,13.29,13.57,3179068.0,227596932.0,176034060.0,0.018059391460947954
2020-08-10,13.55,13.88,13.29,13.35,2511362.0,177438988.0,176034060.0,0.014266341411429129
2020-08-11,13.46,13.93,12.98,13.02,2789552.0,196567326.0,176034060.0,0.01584666058375294
2020-08-12,13.05,13.21,12.41,12.82,3448586.0,230002444.0,176034060.0,0.019590447439546643
2020-08-13,12.77,12.96,12.43,12.57,2354975.0,155614935.0,176034060.0,0.013377950835196325
2020-08-14,12.74,13.04,12.61,12.87,1844941.0,124159468.0,176034060.0,0.0104805910856115
2020-08-17,13.02,13.02,12.44,12.71,3385765.0,224216961.0,176034060.0,0.019233579001700012
2020-08-18,12.83,13.01,11.93,12.14,6981520.0,447652508.0,176034060.0,0.03966005215127118
2020-08-19,12.28,12.38,12.03,12.12,3945409.0,252608333.0,176034060.0,0.022412759212620557
2020-08-20,11.95,12.26,11.71,12.12,2834513.0,179973955.0,176034060.0,0.01610207138323118
2020-08-21,12.14,12.52,12.09,12.17,2728733.0,175483414.0,176034060.0,0.01550116494501121
2020-08-24,12.18,12.85,12.02,12.71,4197586.0,275278961.0,176034060.0,0.0238453058459255
2020-08-25,12.83,13.14,12.64,12.86,3477421.0,235243322.0,176034060.0,0.019754250967113977
2020-08-26,12.75,12.84,12.28,12.38,2544284.0,166833368.0,176034060.0,0.014453362036869456
2020-08-27,12.31,12.87,12.31,12.8,2258353.0,150037813.0,176034060.0,0.012829068420054619
2020-08-28,12.73,12.87,12.54,12.85,2039481.0,136148908.0,176034060.0,0.01158571812750328
2020-08-31,13.03,13.05,12.71,12.71,1772315.0,119163828.0,176034060.0,0.01006802319960126
2020-09-01,12.71,12.79,12.37,12.66,2366688.0,156166037.0,176034060.0,0.013444489094894476
2020-09-02,12.7,12.83,12.42,12.7,1962721.0,130297891.0,176034060.0,0.011149666149834868
2020-09-03,12.72,12.76,12.33,12.38,1940660.0,127084163.0,176034060.0,0.01102434381164645
2020-09-04,12.07,12.49,12.07,12.39,1681919.0,108596973.0,176034060.0,0.00955450893991765
2020-09-07,12.42,12.54,11.99,12.03,1986136.0,127302877.0,176034060.0,0.011282680181324
2020-09-08,12.04,12.44,11.57,11.66,2905114.0,179167554.0,176034060.0,0.016503135813603343
2020-09-09,11.17,11.49,10.76,11.17,3984566.0,232529910.0,176034060.0,0.022635199119988483
2020-09-10,11.19,11.37,10.86,10.94,2165492.0,126351246.0,176034060.0,0.012301551188446145
2020-09-11,10.76,11.24,10.76,11.17,2079733.0,120735121.0,176034060.0,0.011814378421994016
2020-09-14,11.17,11.45,11.09,11.26,2630899.0,154709218.0,176034060.0,0.01494539749864316
2020-09-15,11.43,11.43,11.05,11.14,2017997.0,118254687.0,176034060.0,0.01146367356408186
2020-09-16,11.18,11.37,11.04,11.12,1444093.0,84438423.0,176034060.0,0.00820348630259394
2020-09-17,11.04,11.37,10.96,11.23,2134179.0,124897983.0,176034060.0,0.012123670839609108
2020-09-18,11.26,11.31,11.02,11.27,2183967.0,127736936.0,176034060.0,0.012406502468897213
2020-09-21,11.29,11.4,10.99,11.03,2110930.0,123099239.0,176034060.0,0.011991599807446355
2020-09-22,11.05,11.2,10.88,10.94,1314756.0,76105147.0,176034060.0,0.007468759170810467
2020-09-23,11.07,11.3,10.96,11.09,1659221.0,96480545.0,176034060.0,0.00942556798383222
2020-09-24,11.01,11.09,10.65,10.66,1830438.0,103576144.0,176034060.0,0.010398203620367558
2020-09-25,10.74,11.07,10.64,10.71,2144610.0,121514853.0,176034060.0,0.012182926417762563
2020-09-28,10.84,11.02,10.56,10.62,1831008.0,103186929.0,176034060.0,0.010401441630102719
2020-09-29,10.7,10.94,10.63,10.83,1765478.0,99924065.0,176034060.0,0.010029184124935822
2020-09-30,10.8,10.88,10.6,10.73,1989064.0,111861631.0,176034060.0,0.01129931332606883
2020-10-09,10.94,11.26,10.73,10.79,3460828.0,198846860.0,176034060.0,0.019659990799507778
2020-10-12,10.82,11.6,10.82,11.51,4544835.0,268318113.0,176034060.0,0.02581792978018004
2020-10-13,11.55,11.59,11.29,11.5,2264788.0,135601938.0,176034060.0,0.012865623845748943
2020-10-14,11.45,11.74,11.38,11.67,2772819.0,168012618.0,176034060.0,0.015751605115510034
2020-10-15,11.67,11.79,11.53,11.59,2163870.0,132146368.0,176034060.0,0.01229233706249802
2020-10-16,11.56,11.63,11.3,11.34,2141049.0,127986137.0,176034060.0,0.012162697377996053
2020-10-19,11.99,12.48,11.08,11.22,6548109.0,403678374.0,176034060.0,0.03719796612087456
2020-10-20,11.03,11.1,10.6,10.84,4264802.0,240846849.0,176034060.0,0.024227141043045873
2020-10-21,10.91,11.13,10.6,10.67,3546906.0,201084816.0,176034060.0,0.02014897571526783
2020-10-22,10.67,10.82,10.53,10.59,2632837.0,146656365.0,176034060.0,0.01495640673174271
2020-10-23,10.71,11.29,10.71,10.98,5793523.0,334343345.0,176034060.0,0.03291137521909113
2020-10-26,10.94,11.51,10.92,11.38,4229388.0,249345712.0,176034060.0,0.024025964066272176
2020-10-27,11.37,11.6,11.28,11.44,2754016.0,164591525.0,176034060.0,0.01564479055928154
2020-10-28,11.46,11.7,11.32,11.55,3321049.0,200221857.0,176034060.0,0.01886594560166368
2020-10-29,11.32,11.65,11.19,11.52,2844424.0,170449957.0,176034060.0,0.016158372987591152
2020-10-30,11.64,11.78,11.26,11.3,3072545.0,185989249.0,176034060.0,0.01745426424863461
2020-11-02,11.44,11.69,11.06,11.59,2995180.0,180125500.0,176034060.0,0.01701477543607186
2020-11-03,11.66,12.34,11.42,12.21,3407063.0,213508830.0,176034060.0,0.019354566951418378
2020-11-04,12.21,12.21,11.72,11.93,3084957.0,192990461.0,176034060.0,0.01752477333079746
2020-11-05,12.13,13.59,11.77,12.87,6816968.0,452216902.0,176034060.0,0.0387252785057619
2020-11-06,12.81,12.89,12.42,12.61,4279142.0,281826278.0,176034060.0,0.024308602551119936
2020-11-09,12.79,13.46,12.64,12.77,5478844.0,371238783.0,176034060.0,0.031123772297247478
2020-11-10,12.64,12.71,12.18,12.28,3136465.0,202919405.0,176034060.0,0.017817375796479386
2020-11-11,12.32,12.54,11.95,12.03,2710991.0,173906475.0,176034060.0,0.015400377631465184
2020-11-12,12.16,12.24,11.84,11.94,1963270.0,123586773.0,176034060.0,0.011152784864474522
2020-11-13,11.88,12.03,11.65,11.79,2111264.0,130448286.0,176034060.0,0.011993497167536782
2020-11-16,11.78,11.89,11.41,11.67,2452475.0,149333937.0,176034060.0,0.013931820921473947
2020-11-17,11.71,11.74,11.08,11.29,2952848.0,174606575.0,176034060.0,0.0167742992464072
2020-11-18,11.26,11.4,11.1,11.18,1880622.0,110392011.0,176034060.0,0.010683284814313776
2020-11-19,11.2,11.43,10.88,11.26,2410559.0,141253161.0,176034060.0,0.013693707910844071
2020-11-20,11.26,11.41,11.19,11.25,1580994.0,93398629.0,176034060.0,0.008981182391634892
2020-11-23,11.15,11.36,10.83,11.11,2765194.0,160476172.0,176034060.0,0.015708289634403707
2020-11-24,11.11,11.39,11.11,11.18,2612117.0,153799771.0,176034060.0,0.014838702237510173
2020-11-25,11.11,11.41,10.89,11.25,2784586.0,163065096.0,176034060.0,0.0158184501340252
2020-11-26,11.12,11.31,10.88,10.96,2288311.0,132855980.0,176034060.0,0.012999251394872105
2020-11-27,10.99,11.22,10.96,11.11,1645083.0,95584149.0,176034060.0,0.009345253980962549
2020-11-30,11.13,11.2,10.79,10.81,2594315.0,147933950.0,176034060.0,0.01473757408083413
2020-12-01,10.83,11.06,10.71,10.92,2255751.0,129361153.0,176034060.0,0.012814287189649548
2020-12-02,10.97,11.25,10.88,11.04,2836856.0,164099064.0,176034060.0,0.01611538130745834
2020-12-03,11.03,11.15,10.82,10.86,1811084.0,103511795.0,176034060.0,0.010288258988061742
2020-12-04,10.8,10.96,10.8,10.93,1150405.0,65686248.0,176034060.0,0.00653512734978674
2020-12-07,10.98,11.04,10.86,10.88,1759659.0,100759443.0,176034060.0,0.009996128022043006
2020-12-08,10.85,10.98,10.81,10.88,1392342.0,79426369.0,176034060.0,0.007909503422235446
2020-12-09,10.94,10.94,10.56,10.59,2518057.0,141709233.0,176034060.0,0.014304373824020193
2020-12-10,10.61,10.66,10.29,10.38,2308362.0,125929381.0,176034060.0,0.013113155488204953
2020-12-11,10.45,10.45,9.89,10.03,3321904.0,175495103.0,176034060.0,0.01887080261626642
2020-12-14,10.07,10.17,9.93,10.12,2212664.0,116361882.0,176034060.0,0.012569522057265508
2020-12-15,10.09,10.34,9.95,10.24,2124791.0,113341818.0,176034060.0,0.012070340251199114
2020-12-16,10.24,10.39,10.12,10.15,1810214.0,97315600.0,176034060.0,0.010283316762676496
2020-12-17,10.23,10.34,10.04,10.34,1548166.0,82982001.0,176034060.0,0.008794695753764925
2020-12-18,10.4,10.4,10.12,10.14,1356891.0,72644928.0,176034060.0,0.007708116258864904
2020-12-21,10.09,10.33,10.06,10.19,1424053.0,76159748.0,176034060.0,0.008089644697168264
2020-12-22,10.13,10.22,9.36,9.4,4281683.0,217662829.0,176034060.0,0.024323037257676157
2020-12-23,9.42,9.93,9.42,9.85,4433106.0,225667750.0,176034060.0,0.025183228745618888
2020-12-24,9.92,10.01,9.57,9.69,2281673.0,116263966.0,176034060.0,0.012961542783254558
2020-12-25,9.77,9.77,9.4,9.49,1585725.0,79363159.0,176034060.0,0.009008057872436732
2020-12-28,9.49,9.57,9.12,9.18,2875458.0,139743369.0,176034060.0,0.01633466841587361
2020-12-29,9.17,10.16,9.12,10.09,5035647.0,259033271.0,176034060.0,0.028606094752345088
2020-12-30,9.93,10.11,9.64,9.99,3812947.0,197974905.0,176034060.0,0.021660279834482033
2020-12-31,9.95,10.26,9.89,10.18,3143951.0,166813920.0,176034060.0,0.01785990165766784
2021-01-04,10.25,10.57,10.24,10.37,3709762.0,202015099.0,176034060.0,0.0210741148616353
2021-01-05,10.5,10.74,10.31,10.47,3958244.0,217734197.0,177739315.0,0.02226994067125779
2021-01-06,10.47,10.54,9.89,9.9,5938910.0,314841888.0,177739315.0,0.0334135978863202
2021-01-07,9.88,9.97,9.27,9.42,4779114.0,237550560.0,177739315.0,0.02688833362500581
2021-01-08,9.36,9.76,9.32,9.41,5234987.0,260664711.0,177739315.0,0.02945317416127096
2021-01-11,9.41,9.7,9.17,9.5,4439920.0,220695327.0,177739315.0,0.02497995449121653
2021-01-12,9.4,9.66,9.22,9.27,5488119.0,268886592.0,177739315.0,0.030877349786117943
2021-01-13,9.28,9.6,9.15,9.56,4913290.0,241686234.0,177739315.0,0.0276432369506994
2021-01-14,9.56,9.85,9.42,9.54,5859939.0,295606094.0,177739315.0,0.032969289883895414
2021-01-15,9.55,9.64,9.33,9.56,3786553.0,188521500.0,177739315.0,0.021303969805442313
2021-01-18,9.54,10.17,9.32,10.04,5075193.0,260558247.0,177739315.0,0.02855413840207497
2021-01-19,10.0,10.08,9.43,9.47,5791052.0,294255431.0,177739315.0,0.03258171665621644
2021-01-20,9.51,9.69,9.36,9.63,3054064.0,152958050.0,177739315.0,0.017182827558438606
2021-01-21,9.56,9.67,9.44,9.52,3229479.0,161309193.0,177739315.0,0.018169750457291904
2021-01-22,9.59,9.68,8.88,9.06,6210995.0,296059009.0,177739315.0,0.034944407206700445
2021-01-25,8.97,9.14,8.75,8.8,4341478.0,201953531.0,177739315.0,0.02442609841272315
2021-01-26,8.88,8.9,8.42,8.49,6102045.0,275012922.0,177739315.0,0.03433143083734738
2021-01-27,8.55,9.4,8.52,9.35,7679533.0,364686759.0,177739315.0,0.043206721034116734
2021-01-28,9.3,9.5,9.18,9.27,4364484.0,213746660.0,177739315.0,0.02455553516676938
2021-01-29,9.43,9.55,9.06,9.38,3729215.0,181991898.0,177739315.0,0.020981373760779937
2021-02-01,9.32,9.44,8.93,9.1,4069338.0,194096390.0,177739315.0,0.022894979650394175
2021-02-02,9.13,9.22,8.97,9.1,2933294.0,139938251.0,177739315.0,0.01650334930119428
2021-02-03,9.11,9.11,8.66,8.67,3877674.0,179952212.0,177739315.0,0.02181663634745076
2021-02-04,8.59,8.67,7.88,8.06,7848803.0,333974924.0,177739315.0,0.04415907082797073
2021-02-05,8.13,8.17,7.64,7.68,4552019.0,187115887.0,177739315.0,0.025610647818688846
2021-02-08,7.75,7.93,7.58,7.74,3896051.0,158770760.0,177739315.0,0.0219200293418482
2021-02-09,7.71,7.99,7.6,7.95,2997550.0,123154407.0,177739315.0,0.016864867516789967
2021-02-10,7.98,8.49,7.82,8.33,4974084.0,214350427.0,177739315.0,0.02798527720217668
2021-02-18,8.4,8.76,8.38,8.64,3367225.0,151023908.0,177739315.0,0.018944739378566864
2021-02-19,8.69,9.12,8.57,8.96,3452731.0,160371518.0,177739315.0,0.019425814710718334
2021-02-22,9.0,9.1,8.79,8.82,3444547.0,160870605.0,177739315.0,0.01937976974874692
2021-02-23,8.93,9.05,8.65,8.72,2568332.0,118749564.0,177739315.0,0.014449993801315146
2021-02-24,8.72,8.87,8.6,8.69,2479698.0,113572514.0,177739315.0,0.013951319661606662
2021-02-25,8.84,8.84,8.51,8.51,1837581.0,82866277.0,177739315.0,0.010338629919891387
2021-02-26,8.47,8.68,8.39,8.54,2212277.0,99108258.0,177739315.0,0.012446751018478945
2021-03-01,8.55,8.84,8.5,8.76,2868554.0,130895928.0,177739315.0,0.016139107996449745
2021-03-02,8.76,8.83,8.53,8.61,2000371.0,90334173.0,177739315.0,0.011254521825967428
2021-03-03,8.63,8.64,8.32,8.46,2650890.0,117535517.0,177739315.0,0.014914483045014549
2021-03-04,8.49,8.62,8.24,8.26,2230509.0,97962374.0,177739315.0,0.012549328211375181
2021-03-05,8.21,8.34,8.15,8.23,1920003.0,82863305.0,177739315.0,0.010802353998044833
2021-03-08,8.3,8.45,7.97,8.0,2366935.0,102311742.0,177739315.0,0.013316890525880557
2021-03-09,7.97,8.0,7.64,7.67,2497686.0,101945677.0,177739315.0,0.014052524057493977
2021-03-10,7.73,7.76,7.53,7.56,2230045.0,88738568.0,177739315.0,0.012546717646571328
2021-03-11,7.54,7.68,7.44,7.66,2473030.0,98094855.0,177739315.0,0.01391380404498577
2021-03-12,7.67,7.67,7.46,7.58,1700982.0,67186008.0,177739315.0,0.009570094269801816
2021-03-15,7.57,7.61,7.29,7.42,2262319.0,87631181.0,177739315.0,0.012728298182087627
2021-03-16,7.48,7.54,7.28,7.35,2527905.0,97635516.0,177739315.0,0.014222542716562174
2021-03-17,7.37,7.55,7.26,7.38,2550811.0,98932946.0,177739315.0,0.014351416848883433
2021-03-18,7.42,7.44,7.26,7.28,2013762.0,77214223.0,177739315.0,0.011329862501157946
2021-03-19,7.27,7.39,7.1,7.16,2118200.0,80492767.0,177739315.0,0.011917453378280433
2021-03-22,7.16,7.45,7.14,7.41,3046624.0,117545537.0,177739315.0,0.017140968502100958
2021-03-23,7.39,7.69,7.33,7.5,4511744.0,178393609.0,177739315.0,0.025384051918957828
2021-03-24,7.44,7.59,7.34,7.44,2763927.0,108289201.0,177739315.0,0.015550453764267067
2021-03-25,7.44,7.66,7.37,7.61,2101022.0,83180708.0,177739315.0,0.011820806218365362
2021-03-26,7.71,7.72,7.53,7.63,2981696.0,119170363.0,177739315.0,0.01677566946851348
2021-03-29,7.59,7.77,7.57,7.59,2120823.0,84848345.0,177739315.0,0.011932210946126353
2021-03-30,7.62,7.71,7.56,7.63,1925068.0,77170414.0,177739315.0,0.010830850788414483
2021-03-31,7.69,7.92,7.58,7.88,2347617.0,95875608.0,177739315.0,0.013208203261051163
2021-04-01,7.88,7.92,7.79,7.89,1458306.0,60020212.0,177739315.0,0.008204746372517526
2021-04-02,7.92,8.18,7.88,8.0,2806161.0,118594585.0,177739315.0,0.015788071423590216
2021-04-06,8.0,8.05,7.86,7.91,1436119.0,59746132.0,177739315.0,0.00807991749039879
2021-04-07,7.89,7.98,7.71,7.82,2472274.0,100979842.0,177739315.0,0.013909550624745009
2021-04-08,7.85,7.89,7.68,7.68,1447339.0,58801863.0,177739315.0,0.008143043647940244
2021-04-09,7.74,7.75,7.61,7.65,1303287.0,52345090.0,177739315.0,0.007332575800688778
2021-04-12,7.65,7.7,7.42,7.46,1391222.0,54839008.0,177739315.0,0.007827317214539732
2021-04-13,7.48,7.53,7.38,7.4,1117696.0,43605131.0,177739315.0,0.006288400515102694
2021-04-14,7.38,7.74,7.33,7.68,1776138.0,70679648.0,177739315.0,0.00999293825341906
2021-04-15,7.68,7.87,7.58,7.79,1357446.0,55165013.0,177739315.0,0.007637286100714408
2021-04-16,7.79,7.84,7.65,7.66,1935273.0,77954254.0,177739315.0,0.010888266335447507
2021-04-19,7.73,7.9,7.66,7.9,1764126.0,72136157.0,177739315.0,0.009925356131815857
2021-04-20,7.91,7.91,7.59,7.6,2425446.0,97856895.0,177739315.0,0.013646086123376812
2021-04-21,7.55,7.59,7.45,7.49,1294919.0,50752700.0,177739315.0,0.007285495614743423
2021-04-22,7.5,7.92,7.47,7.85,2642832.0,107045865.0,177739315.0,0.014869146986416596
2021-04-23,8.27,9.06,8.27,8.58,9291689.0,423457939.0,177739315.0,0.05227706093049813
2021-04-26,8.55,8.84,8.48,8.74,6190015.0,281068832.0,177739315.0,0.03482636916880207
2021-04-27,8.74,9.02,8.72,8.8,4763023.0,221029854.0,177739315.0,0.02679780216324115
2021-04-28,8.81,8.83,8.65,8.71,3093059.0,141455248.0,177739315.0,0.01740222190009003
2021-04-29,8.67,8.75,8.55,8.57,2773947.0,125270353.0,177739315.0,0.015606828461108899
2021-04-30,8.56,8.63,8.13,8.13,4389282.0,190787453.0,177739315.0,0.02469505410212704
2021-05-06,8.21,8.34,8.09,8.21,2713584.0,117079792.0,177739315.0,0.015267213109266231
2021-05-07,8.22,8.27,7.92,7.93,2138441.0,90331139.0,177739315.0,0.012031333641631285
2021-05-10,7.91,7.97,7.61,7.69,3537173.0,143687095.0,177739315.0,0.019900903747716144
2021-05-11,7.62,7.75,7.54,7.63,3193026.0,127647257.0,177739315.0,0.017964657959889177
2021-05-12,7.72,7.85,7.58,7.8,2712751.0,110170890.0,177739315.0,0.015262526470297244
2021-05-13,7.71,8.23,7.67,8.07,4382383.0,185335448.0,177739315.0,0.02465623882932147
2021-05-14,8.1,8.3,8.06,8.27,3162954.0,135990530.0,177739315.0,0.017795466354756685
2021-05-17,8.21,8.34,8.17,8.26,3428329.0,148025490.0,177739315.0,0.019288523757391547
2021-05-18,8.29,8.34,8.05,8.29,2775276.0,119454245.0,177739315.0,0.01561430570383373
2021-05-19,8.28,8.36,8.15,8.19,2561168.0,110469096.0,177739315.0,0.01440968758093841
2021-05-20,8.19,8.49,8.14,8.41,2924499.0,128678314.0,177739315.0,0.01645386672048331
2021-05-21,8.42,8.49,8.17,8.22,3340360.0,145276576.0,177739315.0,0.018793591052154106
2021-05-24,8.18,8.44,8.17,8.43,2315096.0,101002917.0,177739315.0,0.013025233049874194
2021-05-25,8.4,8.63,8.37,8.6,3597187.0,160605481.0,177739315.0,0.020238555549738673
2021-05-26,8.66,8.68,8.47,8.5,2278400.0,101660421.0,177739315.0,0.012818773381679794
2021-05-27,8.5,9.05,8.45,8.96,5727606.0,264130218.0,177739315.0,0.03222475567659299
2021-05-28,8.94,9.24,8.9,8.95,4145602.0,196187852.0,177739315.0,0.023324057482724068
2021-05-31,8.98,9.1,8.89,8.99,2920152.0,137165711.0,177739315.0,0.016429409554098936
2021-06-01,9.01,9.39,8.9,9.1,4706899.0,226533615.0,177739315.0,0.02648203634631989
2021-06-02,9.0,9.16,8.79,8.84,2596397.0,121012654.0,177739315.0,0.014607893588427524
2021-06-03,8.82,9.2,8.82,8.99,3656491.0,173723093.0,177739315.0,0.020572212737513924
2021-06-04,9.04,9.33,8.99,9.23,3969291.0,191022260.0,177739315.0,0.02233209349321505
2021-06-07,9.35,9.49,9.16,9.46,4240774.0,208168856.0,177739315.0,0.023859515830810984
2021-06-08,9.43,9.44,9.25,9.33,2790815.0,136247465.0,177739315.0,0.01570173149367657
2021-06-09,9.27,9.39,9.03,9.13,2531576.0,121482764.0,177739315.0,0.014243196560085764
2021-06-10,9.09,9.17,8.99,9.17,3168791.0,150752988.0,177739315.0,0.01782830658484309
2021-06-11,9.16,9.38,9.09,9.31,4257367.0,206997378.0,177739315.0,0.023952871653634987
2021-06-15,9.31,9.45,9.19,9.33,2315719.0,113030103.0,177739315.0,0.013028738183220747
2021-06-16,9.24,9.5,8.95,9.02,4225266.0,203748605.0,177739315.0,0.023772264453702886
2021-06-17,9.01,9.37,8.96,9.34,3017980.0,145858146.0,177739315.0,0.01697981113520101
2021-06-18,9.47,9.78,9.42,9.45,4249696.0,213141023.0,177739315.0,0.023909712941112663
2021-06-21,9.46,9.53,9.35,9.37,2640623.0,130290002.0,177739315.0,0.014856718672512044
2021-06-22,9.39,9.44,9.22,9.22,3280911.0,159710957.0,177739315.0,0.018459118062877648
2021-06-23,9.27,9.76,9.2,9.68,5166100.0,257384558.0,177739315.0,0.029065600933591985
2021-06-24,9.75,9.77,9.32,9.33,3675195.0,181071861.0,177739315.0,0.020677445504952013
2021-06-25,9.03,9.46,9.0,9.13,5094841.0,133988138.0,319930767.0,0.015924823510331535
2021-06-28,9.07,9.46,9.06,9.39,6085429.0,163132419.0,319930767.0,0.019021080895292575
2021-06-29,9.4,9.4,8.88,8.91,6015817.0,156661221.0,319930767.0,0.018803496320189798
2021-06-30,8.89,9.12,8.6,8.81,6872837.0,174596436.0,319930767.0,0.021482263379814296
2021-07-01,8.91,8.91,8.42,8.42,5388634.0,133337072.0,319930767.0,0.01684312531279619
2021-07-02,8.42,8.54,8.28,8.32,3914651.0,94597217.0,319930767.0,0.012235931657051289
2021-07-05,8.32,8.45,8.04,8.37,5532819.0,131553566.0,319930767.0,0.017293800942877118
2021-07-06,8.28,8.36,8.0,8.11,4978622.0,116481932.0,319930767.0,0.015561560542253192
2021-07-07,8.13,8.26,7.94,8.26,6221716.0,144473367.0,319930767.0,0.01944706993435239
2021-07-08,8.2,8.4,7.98,8.4,6814953.0,160731259.0,319930767.0,0.02130133673576946
2021-07-09,8.32,8.78,8.28,8.53,7561794.0,185532267.0,319930767.0,0.023635719911864556
2021-07-12,8.53,9.64,8.46,9.52,17379830.0,462345209.0,319930767.0,0.05432372185698539
2021-07-13,9.47,9.5,9.21,9.32,10728307.0,287380899.0,319930767.0,0.03353321439072473
2021-07-14,9.36,9.56,9.2,9.22,7852845.0,211477729.0,319930767.0,0.024545451110052196
2021-07-15,9.3,9.39,8.68,8.92,10971333.0,281479156.0,319930767.0,0.03429283498701455
2021-07-16,9.04,9.04,8.77,8.83,5829564.0,148069764.0,319930767.0,0.018221329741631258
2021-07-19,8.71,9.77,8.62,9.55,13958483.0,373187641.0,319930767.0,0.04362969879667747
2021-07-20,9.42,9.69,9.34,9.65,10135810.0,276943454.0,319930767.0,0.03168126058973253
2021-07-21,9.79,9.85,9.46,9.46,10514986.0,288802488.0,319930767.0,0.03286644200743594
2021-07-22,9.4,9.79,9.33,9.56,9997336.0,275292452.0,319930767.0,0.031248435696714347
2021-07-23,9.52,10.22,9.37,10.04,16202199.0,458889797.0,319930767.0,0.050642828609228446
2021-07-26,9.96,10.16,9.53,9.79,11865350.0,336662337.0,319930767.0,0.0370872426908538
2021-07-27,9.76,10.72,9.76,10.12,19366371.0,572542411.0,319930767.0,0.06053300587998778
2021-07-28,10.02,11.0,9.92,10.75,21871921.0,667573836.0,319930767.0,0.06836454400773527
2021-07-29,11.03,12.29,10.49,11.94,25430258.0,836166556.0,319930767.0,0.07948675345750664
2021-07-30,11.41,13.0,11.34,11.83,24152988.0,837386818.0,319930767.0,0.07549442095389344
2021-08-02,11.79,12.76,11.59,12.65,19726883.0,689493245.0,319930767.0,0.06165984967616447
2021-08-03,12.4,12.69,11.77,11.78,18218006.0,636882569.0,319930767.0,0.0569435886733582
2021-08-04,11.49,11.84,11.22,11.74,27190668.0,899504417.0,353095322.0,0.07700659370389507
2021-08-05,11.59,11.76,11.12,11.2,18051885.0,590263744.0,353095322.0,0.05112467901797917
2021-08-06,11.24,11.35,10.71,10.85,16599435.0,519321779.0,353095322.0,0.047011200561869804
2021-08-09,10.81,11.19,10.77,10.91,11976890.0,376188730.0,353095322.0,0.03391970738145322
2021-08-10,10.98,11.13,10.74,11.1,10698218.0,335504054.0,353095322.0,0.030298384978320388
2021-08-11,11.11,11.71,11.06,11.7,20149861.0,665662939.0,353095322.0,0.057066349352541124
2021-08-12,11.48,11.59,11.31,11.35,11463879.0,375712961.0,353095322.0,0.03246681076108961
2021-08-13,11.17,11.3,10.41,10.44,16553040.0,513740846.0,353095322.0,0.04687980544811636
2021-08-16,10.36,10.61,10.26,10.41,8133545.0,243986555.0,353095322.0,0.023034983737337648
2021-08-17,10.41,10.43,9.92,9.93,10268011.0,296959331.0,353095322.0,0.029079997270538747
2021-08-18,9.93,10.05,9.66,9.92,8543204.0,241188279.0,353095322.0,0.0241951775277272
2021-08-19,10.0,10.58,9.95,10.45,11836150.0,351582067.0,353095322.0,0.03352111813024813
2021-08-20,10.43,10.44,10.09,10.35,8846913.0,261013382.0,353095322.0,0.02505531070162408
2021-08-23,10.23,10.6,10.09,10.41,7822456.0,234278248.0,353095322.0,0.022153949691805886
2021-08-24,9.5,9.85,9.21,9.64,23063031.0,630042319.0,353095322.0,0.06531672770221521
2021-08-25,9.64,10.15,9.57,9.91,10545138.0,299725448.0,353095322.0,0.029864847657200058
2021-08-26,9.85,9.89,9.39,9.45,9314983.0,256638081.0,353095322.0,0.026380930076439813
2021-08-27,9.53,9.53,9.24,9.34,6583675.0,176783137.0,353095322.0,0.018645602447262103
2021-08-30,9.36,9.52,9.08,9.47,8045729.0,215441794.0,353095322.0,0.022786280357461094
2021-08-31,9.48,9.5,9.06,9.15,7003416.0,186012659.0,353095322.0,0.01983434943383362
2021-09-01,9.14,9.36,9.05,9.28,6136011.0,162306276.0,353095322.0,0.01737777483214575
2021-09-02,9.15,9.28,9.08,9.21,4898479.0,129318109.0,353095322.0,0.013872964876039904
2021-09-03,9.33,9.76,9.24,9.47,7871171.0,216201177.0,353095322.0,0.02229191526927111
2021-09-06,9.57,10.02,9.41,9.96,10421590.0,295656967.0,353095322.0,0.029514947807776394
2021-09-07,9.96,10.13,9.79,9.95,6729388.0,192701221.0,353095322.0,0.019058275714001104
2021-09-08,9.9,10.32,9.79,10.25,8536983.0,248045493.0,353095322.0,0.02417755905585178
2021-09-09,10.29,10.6,10.1,10.19,9446881.0,280624819.0,353095322.0,0.026754477931033027
2021-09-10,10.23,10.33,9.82,10.21,9061257.0,261743101.0,353095322.0,0.02566235357827822
2021-09-13,10.17,10.18,9.68,9.74,6885364.0,194995742.0,353095322.0,0.019500014786375447
2021-09-14,9.84,9.92,9.51,9.59,6467459.0,180199698.0,353095322.0,0.018316467528844804
2021-09-15,9.57,9.76,9.48,9.62,4093094.0,113202053.0,353095322.0,0.011592036894785029
2021-09-16,9.59,9.63,9.15,9.18,6451175.0,173789718.0,353095322.0,0.018270349670619537
2021-09-17,9.18,9.38,8.87,9.32,5904954.0,154983809.0,353095322.0,0.016723399127898952
2021-09-22,9.15,9.28,9.03,9.09,3069273.0,80355545.0,353095322.0,0.00869247709829472
2021-09-23,9.15,9.51,9.15,9.42,3992481.0,107494162.0,353095322.0,0.011307091176925873
2021-09-24,9.36,9.47,9.15,9.2,3137475.0,83713556.0,353095322.0,0.008885631738842464
2021-09-27,9.43,9.63,8.96,8.98,4615177.0,123472692.0,353095322.0,0.013070626293938837
2021-09-28,8.95,9.11,8.69,8.85,3595526.0,91959431.0,353095322.0,0.010182876339551165
2021-09-29,8.77,8.84,8.42,8.44,4430086.0,109162118.0,353095322.0,0.01254643073407809
2021-09-30,8.48,8.8,8.45,8.53,4259289.0,105610273.0,353095322.0,0.012062717160551904
2021-10-08,8.67,8.82,8.61,8.75,2905756.0,72811682.0,353095322.0,0.008229381186760667
2021-10-11,8.77,9.12,8.66,8.98,3941845.0,100962868.0,353095322.0,0.011163685142223436
2021-10-12,8.95,9.05,8.6,8.73,3633940.0,92132645.0,353095322.0,0.010291668491716807
2021-10-13,8.73,9.11,8.68,9.07,4107615.0,106137627.0,353095322.0,0.011633161767008626
2021-10-14,9.08,9.08,8.82,8.84,3838278.0,98770141.0,353095322.0,0.010870373411517472
2021-10-15,8.88,9.17,8.83,9.02,4120635.0,107125493.0,353095322.0,0.01167003566249456
2021-10-18,8.96,9.21,8.86,8.92,4419620.0,114676926.0,353095322.0,0.01251679001286797
2021-10-19,8.92,9.05,8.63,8.7,4329860.0,108870883.0,353095322.0,0.012262581037536373
2021-10-20,8.8,8.82,8.64,8.65,3310510.0,82755374.0,353095322.0,0.009375683544173377
2021-10-21,8.69,8.7,8.4,8.49,4201774.0,102900499.0,353095322.0,0.011899829134524757
2021-10-22,8.42,8.61,8.41,8.51,2326508.0,57094116.0,353095322.0,0.006588894995329335
2021-10-25,8.52,8.7,8.35,8.7,3404850.0,83563949.0,353095322.0,0.009642863521142882
2021-10-26,8.68,9.81,8.66,9.39,16614005.0,446522815.0,353095322.0,0.04705246420681835
2021-10-27,9.37,9.48,8.7,9.0,11101956.0,286964211.0,353095322.0,0.031441809925762766
2021-10-28,8.96,9.05,8.72,8.77,4327906.0,109731311.0,353095322.0,0.012257047121117056
2021-10-29,8.84,9.1,8.77,8.92,3874777.0,99494740.0,353095322.0,0.010973742099024467
2021-11-01,8.81,9.04,8.75,9.03,3914424.0,100379475.0,353095322.0,0.011086026226085205
2021-11-02,9.05,9.45,8.92,9.37,8424570.0,225205567.0,353095322.0,0.02385919460014823
2021-11-03,9.39,9.41,9.12,9.27,3832239.0,101752440.0,353095322.0,0.010853270381191852
2021-11-04,9.26,9.36,9.23,9.29,3424833.0,91468153.0,353095322.0,0.009699457304053437
2021-11-05,9.3,9.39,9.17,9.31,3913172.0,104833920.0,353095322.0,0.011082480441357985
2021-11-08,9.25,9.62,9.17,9.55,4900862.0,133019326.0,353095322.0,0.013879713761826616
2021-11-09,9.56,9.66,9.39,9.55,5011780.0,137494541.0,353095322.0,0.014193844233371066
2021-11-10,9.49,9.78,9.38,9.74,4891808.0,135894785.0,353484122.0,0.013838833756725288
2021-11-11,9.72,9.77,9.62,9.65,3963407.0,110261985.0,353484122.0,0.011212404612617933
2021-11-12,9.62,9.7,9.52,9.56,3656054.0,100903510.0,353484122.0,0.010342908697890538
2021-11-15,9.63,9.85,9.56,9.82,6081095.0,169967918.0,353484122.0,0.017203304537678783
2021-11-16,9.8,10.19,9.6,9.67,8335040.0,238252419.0,353484122.0,0.02357967297891813
2021-11-17,9.51,10.09,9.51,10.02,8180967.0,231576590.0,353484122.0,0.023143803330436436
2021-11-18,9.99,10.32,9.94,9.99,7054645.0,205521582.0,353484122.0,0.019957459362205807
2021-11-19,9.97,10.29,9.97,10.15,5340314.0,155906090.0,353484122.0,0.015107648880477862
2021-11-22,10.12,10.78,10.06,10.57,7939638.0,238360715.0,353484122.0,0.0224610880824797
2021-11-23,10.63,12.64,10.63,12.07,35792369.0,1230716158.0,353484122.0,0.1012559455216492
2021-11-24,12.18,12.48,11.83,12.26,16631717.0,587695152.0,353484122.0,0.047050817745075406
2021-11-25,12.22,12.38,11.3,11.42,18906403.0,632158176.0,353484122.0,0.05348586208916054
2021-11-26,11.31,11.44,10.87,11.0,13891735.0,440247651.0,353484122.0,0.03929945967983252
2021-11-29,10.99,11.63,10.76,11.37,11832981.0,382679938.0,353484122.0,0.03347528294354336
2021-11-30,11.48,11.79,11.31,11.57,10046837.0,334252027.0,353484122.0,0.028422314821823877
2021-12-01,11.78,11.92,11.43,11.86,8054097.0,270886087.0,353484122.0,0.02278489046249155
2021-12-02,11.83,12.14,11.47,12.09,10348380.0,355720197.0,353484122.0,0.02927537435472137
2021-12-03,12.03,12.61,11.8,12.61,11735779.0,413840495.0,353484122.0,0.03320030029524212
2021-12-06,12.51,12.87,11.99,12.09,8263971.0,293787934.0,353484122.0,0.023378620101074866
2021-12-07,11.98,12.28,11.61,11.7,9204969.0,312847323.0,353484122.0,0.026040685923652322
2021-12-08,11.7,12.08,11.55,11.87,6616635.0,225194212.0,353484122.0,0.01871833722703958
2021-12-09,11.82,11.92,11.34,11.41,7345148.0,242696806.0,353484122.0,0.0207792869406451
2021-12-10,11.41,11.57,11.25,11.3,4360543.0,142781909.0,353484122.0,0.012335894962772896
2021-12-13,11.3,11.53,11.04,11.31,6700801.0,217507361.0,353484122.0,0.018956441274043986
2021-12-14,11.41,11.78,11.25,11.63,6909279.0,230931290.0,353484122.0,0.01954622165461791
2021-12-15,11.72,12.07,11.52,11.59,5474748.0,184748962.0,353484122.0,0.015487960163596826
2021-12-16,11.59,11.94,11.2,11.83,5634677.0,188755281.0,353484122.0,0.015940396327051996
2021-12-17,11.82,11.92,11.4,11.43,4523083.0,150150064.0,353484122.0,0.012795717596616688
2021-12-20,11.06,11.25,10.66,11.01,8369304.0,263749616.0,353484122.0,0.023676605196993827
2021-12-21,11.0,11.4,10.93,11.33,6016121.0,193734007.0,353484122.0,0.017019494301359312
2021-12-22,11.39,11.88,11.14,11.79,6073397.0,202448582.0,353484122.0,0.017181527038999507
2021-12-23,11.85,11.88,11.48,11.57,4948913.0,165832392.0,353484122.0,0.014000382738549144
2021-12-24,11.57,11.69,11.13,11.63,6807849.0,224021766.0,353484122.0,0.01925927807303322
2021-12-27,11.59,12.27,11.4,12.15,7209504.0,248800632.0,353484122.0,0.02039555259005382
2021-12-28,12.25,12.41,12.02,12.15,7265367.0,253820121.0,353484122.0,0.020553587977001127
2021-12-29,12.0,12.56,11.98,12.21,7802711.0,275230440.0,353484122.0,0.022073724148775203
2021-12-30,12.21,12.8,12.08,12.59,7865968.0,282116085.0,353484122.0,0.022252677024061637
2021-12-31,12.56,12.75,12.39,12.73,4734678.0,171551423.0,353484122.0,0.013394315912158566
2022-01-04,12.54,12.99,12.0,12.66,8426495.0,305281566.0,353484122.0,0.023838397471216542
2022-01-05,12.59,12.59,11.91,11.94,4775722.0,167265447.0,353484122.0,0.013510428624004787
2022-01-06,11.94,12.27,11.69,11.74,3970657.0,135354789.0,353484122.0,0.011232914727638035
2022-01-07,11.78,11.91,11.29,11.41,3897380.0,128803503.0,353484122.0,0.01102561545890313
2022-01-10,11.27,11.97,11.06,11.91,6069721.0,204372633.0,353484122.0,0.017171127703438968
2022-01-11,11.95,12.04,11.55,11.65,3704479.0,125505523.0,353484122.0,0.010479902121317913
2022-01-12,11.79,11.96,11.39,11.45,2750763.0,91386005.0,353484122.0,0.007781857313523124
2022-01-13,11.72,11.83,10.96,11.23,5135528.0,166381551.0,353484122.0,0.014528313099166587
2022-01-14,10.97,11.51,10.97,11.3,2796896.0,90801425.0,353484122.0,0.007912366711622765
2022-01-17,11.37,12.94,11.31,12.79,12484104.0,447776559.0,353484122.0,0.03531729778798947
2022-01-18,12.91,13.45,12.59,13.02,10582995.0,397961721.0,353484122.0,0.029939095821678804
2022-01-19,12.79,13.25,12.71,12.93,5507596.0,204926577.0,353484122.0,0.01558088654403549
2022-01-20,12.93,13.22,12.66,12.73,7487490.0,278001794.0,353484122.0,0.02118196980853358
2022-01-21,12.63,12.92,12.28,12.36,3998496.0,143491256.0,353484122.0,0.011311670740333847
2022-01-24,12.48,12.59,12.2,12.29,2391253.0,84828787.0,353484122.0,0.006764810216850419
2022-01-25,12.29,12.42,11.83,12.07,4446470.0,154203140.0,353484122.0,0.012578980845991154
2022-01-26,12.12,12.4,11.83,12.24,4358640.0,152140635.0,353484122.0,0.012330511411202793
2022-01-27,12.24,12.26,11.54,11.58,5688582.0,193261272.0,353484122.0,0.01609289256845319
2022-01-28,11.58,12.12,11.56,11.74,4094874.0,139639252.0,353484122.0,0.011584322307976255
2022-02-07,12.12,12.17,11.47,11.64,4101336.0,137863862.0,353484122.0,0.011602603185667276
2022-02-08,11.65,11.74,10.95,11.12,5960730.0,191434238.0,353484122.0,0.016862794193624346
2022-02-09,11.15,11.97,11.03,11.92,6474241.0,214612912.0,353484122.0,0.018315507252119233
2022-02-10,11.83,12.86,11.66,12.84,12026121.0,430841024.0,353484122.0,0.03402167240767889
2022-02-11,12.71,12.81,11.56,12.48,10359763.0,362546736.0,354848221.0,0.029194913168241583
2022-02-14,12.06,12.65,11.72,12.2,5822571.0,206152514.0,354848221.0,0.016408623900075858
2022-02-15,12.27,12.59,12.09,12.57,3683397.0,131346031.0,354848221.0,0.01038020421694604
2022-02-16,12.62,12.73,12.14,12.2,4234794.0,150312109.0,354848221.0,0.011934099565346279
2022-02-17,12.14,12.27,11.79,11.86,4083860.0,140202384.0,354848221.0,0.011508751512100719
2022-02-18,12.0,12.91,12.0,12.7,8886551.0,321760663.0,354848221.0,0.025043245179465053
2022-02-21,13.19,13.31,12.65,13.05,12400676.0,461984971.0,354848221.0,0.03494642291020532
2022-02-22,12.82,13.01,12.46,12.51,7573625.0,276018283.0,354848221.0,0.021343280173863406
2022-02-23,12.52,12.77,12.31,12.63,6553808.0,238009319.0,354848221.0,0.018469327481847514
2022-02-24,12.54,12.54,11.77,12.12,6660658.0,233078260.0,354848221.0,0.01877044213785138
2022-02-25,12.18,12.43,11.85,11.9,5163393.0,178365998.0,354848221.0,0.014550990238725192
2022-02-28,11.95,12.13,11.69,12.01,3567914.0,122083074.0,354848221.0,0.01005476084942807
2022-03-01,12.02,12.96,11.95,12.96,8720516.0,316099961.0,354848221.0,0.02457534090328721
2022-03-02,12.94,12.94,12.45,12.64,5008963.0,181251573.0,354848221.0,0.014115790085925216
2022-03-03,12.63,12.64,12.06,12.12,5781579.0,203316132.0,354848221.0,0.016293104087451517
2022-03-04,11.99,12.4,11.82,12.19,4178693.0,145266115.0,354848221.0,0.011776000984939416
2022-03-07,12.18,12.18,11.12,11.29,7612771.0,250161300.0,354848221.0,0.021453597762295107
2022-03-08,11.29,11.67,11.24,11.31,5913134.0,194140788.0,354848221.0,0.01666384005909952
2022-03-09,11.32,11.48,10.26,10.77,9668262.0,299889918.0,354848221.0,0.027246189857606753
2022-03-10,11.09,11.4,10.99,11.22,6390751.0,205810975.0,354848221.0,0.01800981552617112
2022-03-11,11.02,11.2,10.67,11.09,5084749.0,159715491.0,354848221.0,0.014329363088451274
2022-03-14,11.08,11.08,10.55,10.55,3419580.0,105606690.0,354848221.0,0.009636739872510168
2022-03-15,10.54,10.57,9.78,9.79,7068376.0,206069806.0,354848221.0,0.019919434794066503
2022-03-16,10.04,10.14,9.49,9.88,5976633.0,168656481.0,354848221.0,0.016842786989764845
2022-03-17,10.12,10.5,9.85,10.25,7959523.0,233324038.0,354848221.0,0.02243078175105181
2022-03-18,10.19,10.3,9.92,10.19,4967156.0,144403556.0,354848221.0,0.013997973516682785
2022-03-21,10.29,10.29,9.75,9.92,5611446.0,160193596.0,354848221.0,0.015813651211738777
2022-03-22,9.9,9.92,9.32,9.47,8340780.0,228275844.0,354848221.0,0.02350520449699535
2022-03-23,9.52,10.25,9.26,10.16,10881735.0,310077391.0,354848221.0,0.030665885739356715
2022-03-24,9.95,10.07,9.6,9.72,8156454.0,229793466.0,354848221.0,0.02298575423885245
2022-03-25,9.73,9.79,9.44,9.46,4402478.0,121605084.0,354848221.0,0.012406650898779622
2022-03-28,9.39,9.56,9.12,9.52,4530321.0,121922658.0,354848221.0,0.012766926059916755
2022-03-29,9.59,9.82,9.33,9.41,3667138.0,100828771.0,354848221.0,0.010334384626941669
2022-03-30,9.44,9.69,9.4,9.57,2865464.0,78785511.0,354848221.0,0.008075182093134969
2022-03-31,9.49,9.85,9.36,9.65,3824292.0,105241715.0,354848221.0,0.010777261301248005
2022-04-01,9.61,9.8,9.47,9.72,3109415.0,86330250.0,354848221.0,0.008762661938214986
2022-04-06,9.73,9.73,9.25,9.33,4924130.0,133244610.0,354848221.0,0.013876721675885195
2022-04-07,9.27,9.37,8.93,9.0,6131195.0,159286978.0,354848221.0,0.017278359132593762
2022-04-08,9.07,9.12,8.64,8.86,4631985.0,117437088.0,354848221.0,0.01305342601675323
2022-04-11,8.89,8.99,8.28,8.38,5088742.0,123813873.0,354848221.0,0.014340615786826785
2022-04-12,8.33,8.52,8.08,8.36,4843747.0,115095489.0,354848221.0,0.013650193838790585
2022-04-13,8.29,8.29,7.72,7.79,12464880.0,282735666.0,354848221.0,0.035127356605797945
2022-04-14,7.9,7.97,7.56,7.78,7068673.0,156471902.0,354848221.0,0.019920271771631623
2022-04-15,7.72,7.78,7.4,7.63,8552176.0,185430334.0,354848221.0,0.024100940892134274
2022-04-18,7.62,8.12,7.43,8.08,7376298.0,167945681.0,354848221.0,0.02078719171597594
2022-04-19,8.04,8.29,8.01,8.14,7139897.0,166896201.0,354848221.0,0.020120988573308924
2022-04-20,8.3,8.34,8.01,8.12,5639107.0,132155230.0,354848221.0,0.015891602849546202
2022-04-21,8.03,8.12,7.65,7.7,6189251.0,139735558.0,354848221.0,0.017441967110777765
2022-04-22,7.62,7.72,7.31,7.38,5685240.0,122225263.0,354848221.0,0.01602161054655534
2022-04-25,7.31,7.33,6.71,6.73,7016312.0,140944107.0,354848221.0,0.01977271290871147
2022-04-26,6.79,6.83,6.42,6.47,6454760.0,122891263.0,354848221.0,0.01819019969103917
2022-04-27,6.53,7.39,6.53,7.31,9653642.0,193876727.0,354848221.0,0.027204989143795086
2022-04-28,7.13,7.37,7.06,7.18,7652423.0,158262623.0,354848221.0,0.021565341312504423
2022-04-29,7.29,7.75,7.13,7.61,8786116.0,189128201.0,354848221.0,0.024760208675246535
2022-05-05,7.57,8.1,7.54,8.03,8032484.0,182085719.0,354848221.0,0.022636393603337242
2022-05-06,7.9,8.09,7.72,7.94,5110526.0,115837470.0,354848221.0,0.014402005414027424
2022-05-09,7.91,8.37,7.84,8.28,7040651.0,165618845.0,354848221.0,0.01984130279745717
2022-05-10,8.18,9.15,8.08,9.1,9576784.0,240873529.0,354848221.0,0.026988395131337013
2022-05-11,9.04,9.78,8.72,9.51,10794855.0,289113755.0,354848221.0,0.030421048665761806
2022-05-12,9.42,9.42,8.8,9.05,9214755.0,239032737.0,354848221.0,0.02596815893294277
2022-05-13,8.99,9.2,8.92,9.05,5122579.0,133723796.0,354848221.0,0.014435972049018671
2022-05-16,9.0,9.25,8.81,8.84,2732118.0,70237893.0,354848221.0,0.007699398893139723
2022-05-17,8.78,9.18,8.75,9.08,4533299.0,117848442.0,354848221.0,0.012775318380418201
2022-05-18,9.05,9.21,8.92,9.0,3014102.0,78486154.0,354848221.0,0.008494059774361951
2022-05-19,8.8,9.04,8.74,9.01,3762025.0,96688470.0,354848221.0,0.01060178627751948
2022-05-20,9.12,9.12,8.69,8.99,4940750.0,125947350.0,354848221.0,0.013923558602256596
2022-05-23,8.99,8.99,8.67,8.87,3417853.0,86780096.0,354848221.0,0.009631873002964836
2022-05-24,8.77,9.08,8.42,8.45,4575043.0,114633415.0,354848221.0,0.012892957408965
2022-05-25,8.4,8.75,8.4,8.69,3331568.0,82395564.0,354848221.0,0.009388712702606447
2022-05-26,8.69,9.18,8.46,9.01,5036523.0,129510170.0,354848221.0,0.014193457094998372
2022-05-27,9.05,9.14,8.46,8.73,6641171.0,166347476.0,354848221.0,0.0187155257007756
2022-05-30,8.8,9.08,8.54,9.01,5132336.0,130311415.0,354848221.0,0.014463468311991341
2022-05-31,9.04,9.64,8.86,9.3,7665729.0,205239391.0,354848221.0,0.021602839034664343
2022-06-01,9.29,9.57,9.22,9.51,4614722.0,125069083.0,354848221.0,0.013004777048043873
2022-06-02,9.5,9.73,9.33,9.6,5373854.0,147901413.0,354848221.0,0.01514409170449244
2022-06-06,9.46,10.22,9.44,10.08,7756912.0,220353186.0,354848221.0,0.021859802419581527
2022-06-07,9.97,10.19,9.75,9.92,5151397.0,146898984.0,354848221.0,0.014517184235791899
2022-06-08,9.97,10.01,9.57,9.75,3729034.0,104510864.0,354848221.0,0.010508814133240363
2022-06-09,9.68,9.68,9.22,9.39,4006060.0,108072351.0,354848221.0,0.011289502843527007
2022-06-10,9.3,9.92,9.29,9.79,4030250.0,110436214.0,354848221.0,0.011357672834437008
2022-06-13,9.78,10.1,9.57,9.85,5307189.0,149042150.0,354848221.0,0.014956222649345057
2022-06-14,9.85,9.89,9.14,9.38,7879958.0,208395395.0,354848221.0,0.022206559124894134
2022-06-15,9.43,9.81,9.38,9.56,4598149.0,125478855.0,354848221.0,0.012958072572667624
2022-06-16,9.73,9.86,9.56,9.66,3311448.0,91478795.0,354848221.0,0.009332012404255508
2022-06-17,9.64,9.94,9.46,9.87,3434467.0,95079906.0,354848221.0,0.00967869302069856
2022-06-20,9.9,10.51,9.9,10.23,6168905.0,180172452.0,354848221.0,0.017384629920407575
2022-06-21,10.24,10.27,9.57,9.82,5988619.0,167334482.0,354848221.0,0.01687656481163534
2022-06-22,9.81,9.97,9.43,9.5,4883403.0,133797310.0,354848221.0,0.01376194866142502
2022-06-23,9.64,9.78,9.36,9.45,7414224.0,199160281.0,354848221.0,0.020894071214746207
2022-06-24,9.45,9.99,9.43,9.98,7229606.0,201055076.0,356016091.0,0.020306964159100327
2022-06-27,9.91,10.0,9.69,9.85,5269483.0,146655251.0,356016091.0,0.014801249531162342
2022-06-28,9.89,9.96,9.55,9.86,3099567.0,85778920.0,356016091.0,0.008706255358553442
2022-06-29,9.85,10.09,9.54,9.56,5186975.0,143112316.0,356016091.0,0.014569495961349679
2022-06-30,9.59,9.77,9.44,9.56,4519104.0,122751865.0,356016091.0,0.012693538618736197
2022-07-01,9.46,9.62,9.19,9.34,5352025.0,141766838.0,356016091.0,0.015033098602276378
2022-07-04,9.44,9.44,8.58,8.76,20175799.0,503135087.0,356016091.0,0.05667103119785673
2022-07-05,8.79,8.92,8.61,8.67,8797713.0,216794507.0,356016091.0,0.024711560017662237
2022-07-06,8.68,8.86,8.48,8.62,6399477.0,156319749.0,356016091.0,0.0179752465177199
2022-07-07,8.62,8.75,8.44,8.54,5379485.0,130447218.0,356016091.0,0.015110229947443583
2022-07-08,8.58,8.74,8.44,8.49,5071578.0,123384897.0,356016091.0,0.01424536173563009
2022-07-11,8.48,8.5,8.24,8.35,4240153.0,100268770.0,356016091.0,0.011910003809350292
2022-07-12,8.39,8.39,8.06,8.1,4818867.0,111683679.0,356016091.0,0.013535531460009204
2022-07-13,8.12,8.26,8.02,8.2,4096473.0,94861554.0,356016091.0,0.011506426545197925
2022-07-14,8.24,8.56,8.02,8.42,5848441.0,139720186.0,356016091.0,0.016427462544101695
2022-07-15,8.38,8.74,8.3,8.59,7057543.0,171541164.0,356016091.0,0.019823662970334676
2022-07-18,8.56,9.17,8.48,9.15,8644846.0,217799604.0,356016091.0,0.024282177740106697
2022-07-19,9.63,10.13,9.43,9.94,21419928.0,597012917.0,356016091.0,0.060165617626535876
2022-07-20,10.12,10.87,10.02,10.8,15958248.0,472323274.0,356016091.0,0.044824513283024614
2022-07-21,10.81,11.0,10.43,10.51,11343148.0,342190844.0,356016091.0,0.03186133516644898
2022-07-22,10.64,10.91,10.45,10.62,6991825.0,210612507.0,356016091.0,0.019639070190229126
2022-07-25,10.63,11.25,10.42,10.74,10473904.0,321498556.0,356016091.0,0.02941974889556326
2022-07-26,10.77,10.89,10.39,10.58,8643084.0,258054961.0,356016091.0,0.024277228525606164
2022-07-27,10.58,11.08,10.58,11.07,7487221.0,231882423.0,356016091.0,0.02103056909301327
2022-07-28,11.07,11.72,11.0,11.19,7893416.0,253024246.0,356016091.0,0.022171514713923424
2022-07-29,11.3,11.33,11.02,11.16,5269739.0,166580364.0,356016091.0,0.014801968599784441
2022-08-01,11.14,11.61,11.0,11.53,6854665.0,222446214.0,356016091.0,0.01925380670504581
2022-08-02,11.35,12.29,11.16,12.08,9621642.0,320900974.0,356016091.0,0.027025862715851234
2022-08-03,11.98,12.37,11.44,11.7,9164203.0,307825828.0,356016091.0,0.025740979780602108
2022-08-04,11.76,11.83,11.27,11.35,7467904.0,242676727.0,356016091.0,0.020976310309524744
2022-08-05,11.34,11.88,11.33,11.78,6138277.0,202824699.0,356016091.0,0.01724157181423578
2022-08-08,11.78,11.99,11.4,11.81,5215328.0,172272330.0,356016091.0,0.014649135620108812
2022-08-09,11.82,11.88,11.51,11.81,3129216.0,103452945.0,356016091.0,0.008789535302211944
2022-08-10,11.67,12.32,11.51,12.25,6148437.0,209317269.0,356016091.0,0.017270109850175283
2022-08-11,12.71,13.25,12.39,12.52,12572210.0,455835246.0,356016091.0,0.035313600474311146
2022-08-12,12.55,12.89,12.04,12.1,6387287.0,224805691.0,356016091.0,0.0179410064923161
2022-08-15,12.11,13.13,11.92,12.93,9167679.0,330070279.0,356016091.0,0.025750743384236528
2022-08-16,12.87,12.99,12.21,12.45,8201236.0,289461236.0,356016091.0,0.023036138554759875
2022-08-17,12.45,12.66,12.29,12.45,3721587.0,131656790.0,356016091.0,0.01045342357854269
2022-08-18,12.26,12.67,12.22,12.45,5388998.0,190261702.0,356016091.0,0.015136950649795209
2022-08-19,12.47,12.7,11.58,11.65,10485641.0,353630724.0,356016091.0,0.029452716506569363
2022-08-22,11.7,12.18,11.57,11.89,6128328.0,206483430.0,356016091.0,0.017213626448137145
2022-08-23,11.91,12.1,11.71,11.92,3954952.0,132924608.0,356016091.0,0.011108913613682703
2022-08-24,11.92,11.93,11.24,11.38,5230610.0,169646906.0,356016091.0,0.01469206064621388
2022-08-25,11.38,12.07,11.3,11.67,9839312.0,324349043.0,356016091.0,0.027637267664960684
2022-08-26,11.67,11.81,11.33,11.41,4466311.0,145890949.0,356016091.0,0.012545250377461169
2022-08-29,11.23,11.51,11.06,11.15,5707643.0,181101654.0,356016091.0,0.01603198041967154
2022-08-30,11.18,11.6,11.03,11.37,5250456.0,169382862.0,356016091.0,0.014747805317597288
2022-08-31,11.37,11.47,10.65,10.71,5356552.0,165404606.0,356016091.0,0.015045814319667927
2022-09-01,10.72,10.91,10.5,10.69,4677089.0,141221348.0,356016091.0,0.01313729665101008
2022-09-02,10.79,11.24,10.64,10.89,4063092.0,126009089.0,356016091.0,0.011412663929282904
2022-09-05,11.11,11.18,10.7,10.93,4057015.0,126410821.0,356016091.0,0.011395594476093498
2022-09-06,11.05,11.36,10.79,11.29,4582789.0,145189689.0,356016091.0,0.01287242098279204
2022-09-07,11.23,11.47,11.08,11.22,5246305.0,167086346.0,356016091.0,0.014736145732244445
2022-09-08,11.23,11.3,10.74,10.83,4749001.0,146040814.0,356016091.0,0.013339287521136228
2022-09-09,10.91,10.93,10.59,10.7,2437643.0,73952805.0,356016091.0,0.006847002317094707
2022-09-13,10.81,11.12,10.73,10.88,2734565.0,84418610.0,356016091.0,0.007681015181979513
2022-09-14,10.71,10.88,10.42,10.49,4343379.0,129490704.0,356016091.0,0.012199951378040383
2022-09-15,10.53,10.53,9.78,9.96,6539307.0,185978906.0,356016091.0,0.018368009663922748
2022-09-16,9.96,10.21,9.77,9.87,4747662.0,134125061.0,356016091.0,0.01333552645517924
2022-09-19,9.89,10.09,9.74,9.86,3421002.0,96142259.0,356016091.0,0.009609121852865915
2022-09-20,9.97,10.12,9.74,10.0,4197136.0,118930028.0,356016091.0,0.011789175001081622
2022-09-21,10.01,10.01,9.77,9.88,2192196.0,61328762.0,356016091.0,0.006157575613625846
2022-09-22,9.88,10.08,9.79,9.96,2431002.0,68819240.0,356016091.0,0.006828348665847241
2022-09-23,9.99,10.06,9.57,9.76,3110320.0,86058892.0,356016091.0,0.008736459049543354
2022-09-26,9.63,9.94,9.58,9.69,2981783.0,82351100.0,356016091.0,0.008375416379705153
2022-09-27,9.7,9.91,9.61,9.88,3491451.0,96375664.0,356016091.0,0.009807003358171246
2022-09-28,9.85,9.86,9.36,9.45,4630742.0,124678330.0,356016091.0,0.01300711433293053
2022-09-29,9.68,9.89,9.45,9.77,4099942.0,112359314.0,356016091.0,0.01151617048679971
2022-09-30,9.72,9.85,9.35,9.37,3777074.0,101679287.0,356016091.0,0.010609278893520573
2022-10-10,9.43,9.45,8.97,9.01,3507448.0,90782559.0,356016091.0,0.009851936720466942
2022-10-11,9.18,9.46,8.92,9.33,3674893.0,96697930.0,356016091.0,0.010322266585416781
2022-10-12,9.37,9.76,9.07,9.68,3741261.0,100250573.0,356016091.0,0.010508685125695624
2022-10-13,9.61,9.82,9.5,9.66,3118049.0,85600990.0,356016091.0,0.008758168742434734
2022-10-14,9.86,9.96,9.64,9.81,3110163.0,86529301.0,356016091.0,0.008736018058239958
2022-10-17,9.72,10.01,9.7,9.89,2004256.0,55879481.0,356016091.0,0.005629678125981109
2022-10-18,9.85,10.0,9.68,9.96,4164788.0,116478046.0,356016091.0,0.011698313939411238
2022-10-19,9.9,9.95,9.72,9.81,2642044.0,73580161.0,356016091.0,0.007421136478912691
2022-10-20,9.73,9.92,9.51,9.71,3140367.0,86524796.0,356016091.0,0.008820856920200272
2022-10-21,9.72,9.87,9.54,9.81,3319854.0,91620464.0,356016091.0,0.009325011099006759
2022-10-24,9.81,10.14,9.76,9.85,4342718.0,122094000.0,356016091.0,0.01219809472038723
2022-10-25,10.1,10.64,9.78,10.34,9186101.0,266600144.0,356016091.0,0.025802488236409515
2022-10-26,10.31,10.45,10.04,10.24,7751781.0,224077278.0,356016091.0,0.02177368157216242
2022-10-27,10.26,10.66,10.14,10.27,9124650.0,268983584.0,356016091.0,0.025629880869626198
2022-10-28,10.23,10.44,9.57,9.71,7363368.0,208332347.0,356016091.0,0.020682683131870015
2022-10-31,9.48,10.03,9.48,9.93,4077487.0,113638677.0,356016091.0,0.011453097494966877
2022-11-01,9.89,10.06,9.6,10.03,4741080.0,132452348.0,356016091.0,0.013317038526778274
2022-11-02,9.99,10.56,9.91,10.44,5926590.0,172876033.0,356016091.0,0.01664697228530606
2022-11-03,10.7,10.7,10.34,10.51,4295388.0,127333157.0,356016091.0,0.012065151291153297
2022-11-04,10.45,10.59,10.33,10.49,4640532.0,137559599.0,356016091.0,0.013034613090002159
2022-11-07,10.54,10.62,10.34,10.43,4078113.0,120646981.0,356016091.0,0.01145485584245685
2022-11-08,10.34,10.44,10.17,10.31,2546655.0,74149892.0,356433691.00000006,0.0071448212228624585
2022-11-09,10.31,10.34,9.9,9.97,4608447.0,131074247.0,356433691.00000006,0.01292932491053434
2022-11-10,9.81,10.03,9.69,9.73,3984525.0,110448327.0,356433691.00000006,0.011178867488146622
2022-11-11,9.92,10.1,9.66,9.7,4366430.0,121811781.0,356433691.00000006,0.012250329052087276
2022-11-14,9.72,9.89,9.36,9.46,5789936.0,156724492.0,356433691.00000006,0.01624407609661119
2022-11-15,9.54,9.83,9.44,9.78,3905907.0,107361366.0,356433691.00000006,0.010958299113200272
2022-11-16,9.84,10.02,9.8,9.89,4983227.0,139972175.0,356433691.00000006,0.013980796781637567
2022-11-17,9.91,9.96,9.62,9.9,3628601.0,100201144.0,356433691.00000006,0.010180297462396728
2022-11-18,9.92,10.09,9.73,9.74,3767447.0,105662580.0,356433691.00000006,0.010569839762986937
2022-11-21,9.7,9.75,9.42,9.6,6219719.0,168702685.0,356433691.00000006,0.0174498627852775
2022-11-22,9.65,9.7,9.34,9.4,4848925.0,130392651.0,356433691.00000006,0.013604002995328518
2022-11-23,9.45,9.45,9.08,9.28,4301132.0,112464155.0,356433691.00000006,0.012067130881855945
2022-11-24,9.28,9.42,9.19,9.23,2511120.0,65974271.0,356433691.00000006,0.007045125260058538
2022-11-25,9.19,9.25,9.04,9.06,3114645.0,80327801.0,356433691.00000006,0.008738357452298187
2022-11-28,8.92,9.08,8.82,8.92,4058408.0,102549259.0,356433691.00000006,0.011386151484765225
2022-11-29,8.95,9.1,8.86,9.06,2744618.0,70066559.0,356433691.00000006,0.00770022045979935
2022-11-30,9.01,9.2,8.93,9.06,3575324.0,91871043.0,357652290.99999994,0.009996647833579796
2022-12-01,9.13,9.46,9.12,9.29,4541563.0,120023518.0,357652290.99999994,0.012698263409138908
2022-12-02,9.29,9.45,9.23,9.23,2496690.0,66000335.0,357652290.99999994,0.00698077451990934
2022-12-05,9.23,9.45,9.22,9.34,3007037.0,79247451.0,357652290.99999994,0.008407710716999155
2022-12-06,9.26,9.36,9.16,9.27,2495653.0,65367458.0,357652290.99999994,0.006977875055747931
2022-12-07,9.22,9.25,9.08,9.14,3386264.0,87727575.0,357652290.99999994,0.00946803385638036
2022-12-08,9.1,9.13,8.79,8.86,4847481.0,122539573.0,357652290.99999994,0.01355361372478948
2022-12-09,8.86,9.01,8.82,8.9,3164772.0,80029259.0,357652290.99999994,0.008848739626834938
2022-12-12,8.93,9.3,8.89,9.15,4435885.0,114534512.0,357652290.99999994,0.01240278648180112
2022-12-13,9.18,9.38,8.94,8.98,2797209.0,71599956.0,357652290.99999994,0.007821029168243187
2022-12-14,9.08,9.23,8.95,9.03,2460783.0,63127884.0,357652290.99999994,0.006880378126810323
2022-12-15,9.03,9.22,8.9,9.2,2903617.0,75068245.0,357652290.99999994,0.008118547184142042
2022-12-16,9.15,9.21,8.91,8.96,2296269.0,58552201.0,357652290.99999994,0.006420395053473879
2022-12-19,8.99,9.06,8.78,8.82,2617589.0,65991063.0,357652290.99999994,0.007318809541751266
2022-12-20,8.81,9.08,8.75,8.98,2703490.0,68652629.0,357652290.99999994,0.0075589897451544645
2022-12-21,8.94,9.07,8.69,8.87,2704666.0,67879087.0,357652290.99999994,0.007562277854945994
2022-12-22,8.91,8.91,8.53,8.58,2812535.0,69146564.0,357652290.99999994,0.007863880843978713
2022-12-23,8.49,8.65,8.43,8.59,2524317.0,61118507.0,357652290.99999994,0.007058019935904732
2022-12-26,8.58,8.81,8.54,8.75,2479207.0,60930082.0,357652290.99999994,0.006931891846877616
2022-12-27,8.72,9.04,8.72,9.02,3001821.0,75969809.0,357652290.99999994,0.008393126719828562
2022-12-28,8.97,9.04,8.77,8.83,3041842.0,76226682.0,357652290.99999994,0.008505025905174476
2022-12-29,8.81,9.07,8.72,8.99,2870195.0,72835506.0,357652290.99999994,0.00802509888018584
2022-12-30,8.99,9.06,8.93,8.95,1647065.0,41847857.0,357652290.99999994,0.004605213055939855
2023-01-03,8.95,9.27,8.88,9.23,3382102.0,87422029.0,357652290.99999994,0.009456396855570542
2023-01-04,9.27,9.49,9.19,9.47,5355552.0,142143856.0,357652290.99999994,0.014974186199187526
2023-01-05,9.46,9.58,9.37,9.46,3207625.0,86099064.0,357652290.99999994,0.008968557117393106
2023-01-06,9.39,9.68,9.3,9.34,5185706.0,138865518.0,357652290.99999994,0.0144992947913201
2023-01-09,9.36,9.45,9.25,9.28,3322425.0,87737475.0,357652290.99999994,0.009289539263709066
2023-01-10,9.28,9.46,9.21,9.27,1553500.0,40848818.0,357652290.99999994,0.004343604218657165
2023-01-11,9.28,9.34,9.19,9.21,1951027.0,51113438.0,357652290.99999994,0.005455094372651455
2023-01-12,9.23,9.32,9.12,9.25,1669466.0,43721280.0,357652290.99999994,0.004667846514647379
2023-01-13,9.25,9.32,9.09,9.16,1619391.0,41986967.0,357652290.99999994,0.004527836227393271
2023-01-16,9.2,9.42,9.1,9.36,2801570.0,73919255.0,357652290.99999994,0.007833222575386775
2023-01-17,9.45,9.5,9.29,9.32,2516025.0,66755268.0,357652290.99999994,0.007034835406660377
2023-01-18,9.35,9.55,9.27,9.47,3143222.0,84010522.0,357652290.99999994,0.008788485574107508
2023-01-19,9.48,9.6,9.43,9.57,1922358.0,51811118.0,357652290.99999994,0.005374935512436016
2023-01-20,9.61,9.71,9.54,9.62,3347460.0,91158596.0,357652290.99999994,0.009359537417306801
2023-01-30,9.72,9.81,9.59,9.67,3160947.0,86577907.0,357652290.99999994,0.008838044881977284
2023-01-31,9.72,10.16,9.72,10.04,7660857.0,216400366.0,357652290.99999994,0.021419846014631014
2023-02-01,9.99,10.17,9.9,10.06,5236220.0,148842888.0,357652290.99999994,0.014640532527722577
2023-02-02,10.08,10.69,10.06,10.38,7355535.0,216912153.0,357652290.99999994,0.020566162121970027
2023-02-03,10.59,11.29,10.43,11.22,16632882.0,519175341.0,357652290.99999994,0.04650573313397286
2023-02-06,11.65,12.01,11.19,11.44,22847292.0,751368731.0,357652290.99999994,0.0638812963734098
2023-02-07,11.39,12.57,11.38,12.07,30106091.0,1036403454.0,357652290.99999994,0.08417698350490925
2023-02-08,12.1,12.71,11.48,11.56,21513905.0,729402093.0,357652290.99999994,0.06015313068412584
2023-02-09,11.71,13.38,11.53,12.78,35666027.0,1260745391.0,357652290.99999994,0.09972262976500829
2023-02-10,13.21,14.13,12.78,13.77,40580241.0,1554090797.0,357652290.99999994,0.11346282974040842
2023-02-13,13.46,15.12,13.13,14.82,35284963.0,1384886691.0,357652290.99999994,0.09865717035208368
2023-02-14,14.3,14.47,13.8,13.98,25325045.0,1011869980.0,357652290.99999994,0.07080912281923564
2023-02-15,13.98,15.17,13.92,14.44,32490632.0,1330719579.0,357652290.99999994,0.09084418810559221
2023-02-16,14.28,14.79,13.68,13.78,25176303.0,1011062440.0,357652290.99999994,0.07039323844286519
2023-02-17,13.78,14.22,13.34,13.4,16069180.0,617442386.0,357652290.99999994,0.04492961573116276
2023-02-20,13.59,14.06,13.23,13.89,20583984.0,796919901.0,357652290.99999994,0.05755306066248574
2023-02-21,13.67,14.44,13.64,13.94,16451726.0,657600601.0,357652290.99999994,0.04599921883346751
2023-02-22,13.72,13.91,13.45,13.58,16170378.0,624219912.0,357652290.99999994,0.04521256652596139
2023-02-23,13.71,13.95,13.4,13.57,11686180.0,451027452.0,357652290.99999994,0.03267469632957
2023-02-24,14.13,15.32,13.91,14.73,23846942.0,985676967.0,357652290.99999994,0.06667632949679611
2023-02-27,14.73,14.83,14.07,14.2,14556432.0,593445588.0,357652290.99999994,0.04069995458242431
2023-02-28,14.48,14.73,13.91,14.2,14342719.0,579966159.0,357652290.99999994,0.04010241052810704
2023-03-01,14.13,15.08,13.98,14.62,18076730.0,744978891.0,357652290.99999994,0.050542749074687185
2023-03-02,14.57,16.24,14.54,15.54,22285462.0,981259884.0,357652290.99999994,0.06231041310455356
2023-03-03,15.13,15.13,14.16,14.33,22603955.0,929981505.0,357652290.99999994,0.06320092326767733
2023-03-06,14.09,14.62,13.99,14.14,16359856.0,664229856.0,357652290.99999994,0.04574234923606292
2023-03-07,14.01,14.18,13.56,13.6,15151075.0,592293539.0,357652290.99999994,0.0423625833840947
2023-03-08,13.6,14.05,13.59,13.84,9264763.0,363554094.0,357652290.99999994,0.025904386000424086
2023-03-09,13.9,14.08,13.43,13.89,10915238.0,424302847.0,357652290.99999994,0.030519133456354687
2023-03-10,13.89,14.19,13.67,13.7,9606204.0,379912830.0,357652290.99999994,0.02685905904067032
2023-03-13,13.53,14.3,13.53,14.19,11742235.0,463279930.0,357652290.99999994,0.032831426766954504
2023-03-14,14.18,14.18,13.61,13.65,7865488.0,308201726.0,357652290.99999994,0.02199199669043921
2023-03-15,13.82,13.91,12.91,12.96,19165611.0,717735809.0,357652290.99999994,0.053587273120529244
2023-03-16,12.86,13.31,12.75,12.83,10531431.0,387529111.0,357652290.99999994,0.029446004583261572
2023-03-17,12.98,15.33,12.98,14.88,29929414.0,1206824196.0,357652290.99999994,0.08368299254093134
2023-03-20,14.83,15.98,14.83,15.56,25768279.0,1133680620.0,357652290.99999994,0.07204841028125836
2023-03-21,15.51,16.31,14.86,16.07,17712803.0,792109725.0,357652290.99999994,0.049525204914736595
2023-03-22,15.91,17.79,15.54,17.45,24948129.0,1197464168.0,357652290.99999994,0.06975526126295667
2023-03-23,17.48,18.54,17.13,17.96,22367577.0,1131513130.0,357652290.99999994,0.06254000760755649
2023-03-24,17.52,17.79,16.95,17.63,17344427.0,856457071.0,357652290.99999994,0.0484952212986104
2023-03-27,17.62,18.07,16.61,17.36,24253025.0,1184740083.0,357652290.99999994,0.0678117423271308
2023-03-28,16.82,17.29,16.43,16.54,15478211.0,735608039.0,357652290.99999994,0.04327725947657918
2023-03-29,16.6,17.65,16.44,17.24,18656962.0,907602489.0,357652290.99999994,0.05216508455135271
2023-03-30,16.85,17.49,16.45,17.06,12177262.0,582713794.0,357652290.99999994,0.0340477673607297
2023-03-31,16.96,18.42,16.51,18.26,15208380.0,759398477.0,357652290.99999994,0.04252280883613857
2023-04-03,18.52,21.9,17.98,21.38,27602298.0,1565951457.0,357652290.99999994,0.07717634891369955
2023-04-04,21.15,22.1,20.71,21.64,17673857.0,1065345218.0,357652290.99999994,0.049416311441997735
2023-04-06,20.86,25.34,20.84,23.59,19197820.0,1258147528.0,357652290.99999994,0.05367732986226
2023-04-07,23.59,23.9,22.01,23.84,17635484.0,1146254328.0,357652290.99999994,0.04930902008397872
2023-04-10,23.13,23.8,21.22,21.79,24461007.0,1546629209.0,357652290.99999994,0.06839326243823783
2023-04-11,21.9,22.49,21.0,21.68,20417120.0,1251343494.0,357652290.99999994,0.05708650696158969
2023-04-12,21.19,22.4,20.5,22.07,17845796.0,1095868918.0,357652290.99999994,0.049897054902410795
2023-04-13,21.62,21.85,20.12,20.4,20286529.0,1198382551.0,357652290.99999994,0.056721372994084925
2023-04-14,20.44,20.84,19.92,20.54,16761892.0,970276261.0,357652290.99999994,0.046866446606936465
2023-04-17,20.24,20.53,19.41,19.97,15691665.0,879901116.0,357652290.99999994,0.04387407936385902
2023-04-18,20.06,23.77,20.06,23.05,30280630.0,1872450668.0,357652290.99999994,0.0846649965958138
2023-04-19,23.08,23.84,22.6,22.74,21992424.0,1447199444.0,357652290.99999994,0.06149107541995307
2023-04-20,23.17,25.26,23.17,25.24,21239842.0,1463307794.0,357652290.99999994,0.059386847322054494
2023-04-21,24.05,24.25,22.46,22.6,24976460.0,1655314419.0,357652290.99999994,0.06983447507120821
2023-04-24,22.61,23.95,22.13,23.12,20065705.0,1310382823.0,357652290.99999994,0.05610394650037347
2023-04-25,22.66,23.09,21.29,21.73,17146879.0,1072481373.0,357652290.99999994,0.047942874773868015
2023-04-26,21.73,22.68,20.69,21.51,16809773.0,1036359921.0,357652290.99999994,0.04700032244446046
2023-04-27,20.63,21.92,19.91,20.33,16720506.0,972617360.0,357652290.99999994,0.04675073086558253
2023-04-28,19.96,21.9,19.85,21.5,14730437.0,888848869.0,357652290.99999994,0.04118647460306637
2023-05-04,20.98,21.19,18.9,19.09,19396377.0,1070266500.0,357652290.99999994,0.054232497562835415
2023-05-05,19.32,19.74,18.29,18.51,18614550.0,991948391.0,357652290.99999994,0.05204650010196636
2023-05-08,18.51,19.26,18.05,18.43,17143913.0,904703393.0,357652290.99999994,0.04793458180308428
2023-05-09,18.32,20.22,18.32,18.76,19305606.0,1055099013.0,361387030.0,0.05342086017862899
2023-05-10,19.08,19.76,17.83,18.15,12712499.0,671150124.0,361387030.0,0.035176965260762125
2023-05-11,17.85,18.43,17.66,18.02,9811345.0,501141377.0,361387030.0,0.02714913426749156
2023-05-12,17.87,19.14,17.75,18.58,16183368.0,853918649.0,361387030.0,0.044781264009391815
2023-05-15,18.94,19.05,17.69,18.65,15723508.0,812089931.0,361387030.0,0.04350877783300635
2023-05-16,18.64,18.77,17.77,18.13,12675854.0,649362341.0,361387030.0,0.03507556427799858
2023-05-17,18.01,19.2,17.96,19.03,14675487.0,781910433.0,361387030.0,0.04060878167099688
2023-05-18,20.66,22.75,19.57,22.26,31516709.0,1915022332.0,361387030.0,0.08721040431362465
2023-05-19,21.37,21.88,20.04,20.27,21279326.0,1254836829.0,361387030.0,0.0588823732827379
2023-05-22,19.97,20.27,18.79,18.98,12803560.0,700947096.0,361387030.0,0.035428941652942
2023-05-23,19.12,19.98,19.11,19.3,15359425.0,847855922.0,361387030.0,0.042501317770037295
2023-05-24,18.93,21.11,18.82,20.69,19470480.0,1118066978.0,361387030.0,0.05387708573824578
2023-05-25,22.43,24.83,22.43,24.83,37380223.0,2558216505.0,361387030.0,0.1034354304303616
2023-05-26,24.63,24.96,23.45,24.29,27733339.0,1901912574.0,361387030.0,0.07674137890338788
2023-05-29,25.43,28.25,24.95,26.66,36429141.0,2735272489.0,361387030.0,0.10080367577109782
2023-05-30,26.77,28.56,25.5,27.86,34359548.0,2616987387.0,361387030.0,0.0950768709103921
2023-05-31,27.15,27.37,26.1,26.87,23003811.0,1733500411.0,361387030.0,0.06365422411534802
2023-06-01,25.88,27.19,25.71,26.61,16169205.0,1211178890.0,361387030.0,0.04474207333893527
2023-06-02,27.19,27.47,25.49,25.72,15055190.0,1114555707.0,361387030.0,0.04165946409310815
2023-06-05,25.08,26.72,25.08,25.99,14369523.0,1064733760.0,361387030.0,0.039762143649704304
2023-06-06,26.44,29.06,26.13,27.28,23579834.0,1844930392.0,361387030.0,0.06524814684135177
2023-06-07,27.11,28.45,26.4,27.53,19000959.0,1464233596.0,361387030.0,0.052577866449717355
2023-06-08,27.21,27.37,25.77,26.16,15629063.0,1157956347.0,361387030.0,0.04324743751871781
2023-06-09,25.92,28.29,25.53,27.8,17253759.0,1314579016.0,361387030.0,0.0477431605666645
2023-06-12,27.81,30.67,27.39,30.64,21375849.0,1773623029.0,361387030.0,0.05914946366503524
2023-06-13,30.25,33.38,29.68,32.28,16850836.0,1500605019.0,361387030.0,0.04662822570029699
2023-06-14,32.38,38.39,32.35,37.64,20205860.0,1996252556.0,361387030.0,0.05591196784234343
2023-06-15,37.32,38.3,35.76,36.04,21495148.0,2217938124.0,361387030.0,0.05947957789187952
2023-06-16,36.26,39.45,35.22,38.14,21644403.0,2264786096.0,361387030.0,0.05989258385947055
2023-06-19,38.39,44.64,36.97,42.92,21455445.0,2431743477.0,361387030.0,0.05936971506697404
2023-06-20,41.28,43.01,39.61,42.28,18315797.0,2128206135.0,361387030.0,0.05068194340012701
2023-06-21,41.59,41.68,37.34,38.28,22618731.0,2471385498.0,361387030.0,0.06258866290801858
2023-06-26,36.97,38.28,35.55,36.25,18605328.0,1919336241.0,361387030.0,0.05148310939659345
2023-06-27,35.93,36.48,34.67,35.66,13080945.0,1308823350.0,361387030.0,0.0361964982528565
2023-06-28,34.12,35.37,32.59,34.67,16817147.0,1607220560.0,361387030.0,0.04653500431379621
2023-06-29,34.22,37.32,33.42,36.46,23937568.0,2376582903.0,361387030.0,0.06623803848190124
2023-06-30,35.19,40.37,34.83,37.97,21384587.0,2250797059.0,361387030.0,0.05917364272868343
2023-07-03,37.65,37.66,34.02,37.18,16167385.0,1635247013.0,361387030.0,0.044737037186973756
2023-07-04,36.26,38.05,35.9,36.74,12563971.0,1305461368.0,361387030.0,0.034765970986839236
2023-07-05,35.94,37.14,34.96,35.18,12512695.0,1265451417.0,361387030.0,0.03462408432311475
2023-07-06,34.39,36.9,34.39,35.56,10626008.0,1076872143.0,361387030.0,0.029403401666075288
2023-07-07,35.03,36.47,33.52,34.76,15332167.0,1496740330.0,361387030.0,0.04242589170950601
2023-07-10,34.83,35.21,33.86,34.79,9611933.0,935479270.0,361387030.0,0.026597338039497435
2023-07-11,34.96,35.9,33.69,35.65,10539337.0,1033663487.0,361387030.0,0.029163572915165217
2023-07-12,34.83,35.3,31.51,31.75,20621933.0,1910994474.0,361387030.0,0.0570632902901911
2023-07-13,31.75,34.37,31.27,33.66,22728224.0,2088590276.0,361387030.0,0.06289164279083287
2023-07-14,34.84,37.04,33.8,36.26,22128740.0,2222495985.0,361387030.0,0.061232800745505446
2023-07-17,36.8,39.77,36.8,38.42,22101471.0,2377898901.0,361387030.0,0.06115734424669308
2023-07-18,38.74,39.85,37.46,38.42,18015739.0,1950190326.0,361387030.0,0.04985164796866119
2023-07-19,39.65,40.2,37.79,37.93,14086423.0,1530042739.0,361387030.0,0.03897877297920736
2023-07-20,38.11,38.31,33.2,33.34,24472238.0,2411834741.0,361387030.0,0.06771753264083662
2023-07-21,33.03,33.34,31.63,32.44,17005737.0,1545284005.0,361387030.0,0.047056854807434566
2023-07-24,32.5,34.72,32.1,33.42,18856559.0,1778613988.0,361387030.0,0.05217829483255113
2023-07-25,34.07,35.83,31.99,34.3,16965910.0,1625273992.0,361387030.0,0.04694664886008776
2023-07-26,34.32,34.96,32.35,33.43,14519667.0,1371427813.0,361387030.0,0.04017760958383039
2023-07-27,33.3,34.05,32.56,32.79,11871717.0,1105626064.0,361387030.0,0.03285042354729775
2023-07-28,32.81,34.31,32.18,32.96,13815301.0,1284556343.0,361387030.0,0.03822854682969668
2023-07-31,31.85,33.62,31.59,31.77,16967647.0,1550171963.0,361387030.0,0.04695145534138289
2023-08-01,31.78,35.15,31.39,34.72,25056936.0,2361952276.0,361387030.0,0.06933546010215143
2023-08-02,34.48,35.37,33.74,34.95,14555869.0,1413602838.0,361387030.0,0.04027778473400111
2023-08-03,33.25,35.37,32.92,33.61,16038205.0,1535779319.0,361387030.0,0.0443795810823648
2023-08-04,33.85,38.66,33.37,38.1,26268379.0,2613010203.0,361387030.0,0.07268766397067432
2023-08-07,38.39,39.96,37.75,38.29,22109705.0,2406439523.0,361387030.0,0.06118012868364424
2023-08-08,38.47,39.63,37.16,37.32,14863412.0,1598583772.0,361387030.0,0.041128792032187764
2023-08-09,36.54,37.6,33.34,33.6,21547949.0,2133963274.0,361387030.0,0.05962568440820912
2023-08-10,33.1,34.04,32.35,33.48,12166735.0,1137360554.0,361387030.0,0.033666772711793226
2023-08-11,34.16,34.66,33.36,33.61,12256016.0,1169490270.0,361387030.0,0.03391382363667008
2023-08-14,33.06,35.32,33.06,35.23,16090280.0,1553532576.0,361387030.0,0.044523678672142714
2023-08-15,36.73,37.67,34.92,35.4,19140649.0,1948756641.0,361387030.0,0.052964404948345825
2023-08-16,34.38,34.83,32.36,33.42,20319294.0,1908743732.0,361387030.0,0.056225852931135904
2023-08-17,32.88,34.05,31.95,32.99,16141510.0,1502016306.0,361387030.0,0.044665438048509934
2023-08-18,32.95,32.95,29.51,29.8,25424685.0,2200749785.0,361387030.0,0.07035306441407153
2023-08-21,29.9,30.8,29.5,30.07,15208821.0,1289721703.0,361387030.0,0.04208457896233852
2023-08-22,31.11,32.74,30.43,32.59,19606479.0,1727903820.0,361387030.0,0.054253410810011636
2023-08-23,32.0,32.0,30.57,30.79,12883045.0,1122216098.0,361387030.0,0.03564888590495348
2023-08-24,32.35,33.23,31.17,31.74,22244395.0,2016810465.0,361387030.0,0.061552831599960854
2023-08-25,30.26,31.16,28.42,28.63,22117093.0,1834594409.0,361387030.0,0.06120057214006822
2023-08-28,30.87,30.87,28.66,29.36,18585657.0,1551402108.0,361387030.0,0.051428677448662176
2023-08-29,29.32,31.56,28.69,30.23,22540496.0,1904118120.0,361387030.0,0.06237217755158507
2023-08-30,30.24,31.24,29.72,30.21,17312125.0,1474887872.0,361387030.0,0.04790466608610718
2023-08-31,30.18,30.57,29.5,30.02,12817993.0,1082353622.0,361387030.0,0.035468879444843386
2023-09-01,29.79,30.01,28.37,28.79,13145843.0,1072670207.0,361387030.0,0.03637607857703139
2023-09-04,28.79,29.12,28.5,29.06,9590068.0,777791410.0,361387030.0,0.026536835038047712
2023-09-05,28.99,29.0,27.64,27.93,17379314.0,1369057748.0,361387030.0,0.04809058587409736
2023-09-06,27.94,28.5,27.3,28.24,12313517.0,968884405.0,361387030.0,0.03407293560037282
2023-09-07,28.08,28.08,27.04,27.09,11416451.0,879694332.0,361387030.0,0.031590649503940416
2023-09-08,26.83,27.08,26.02,26.66,11301029.0,846359802.0,361387030.0,0.03127126338762075
2023-09-11,27.01,29.32,26.36,28.44,21576418.0,1695537931.0,361387030.0,0.059704461446776325
2023-09-12,28.01,29.08,27.85,28.4,16860515.0,1352885273.0,361387030.0,0.04665500862053627
2023-09-13,28.15,28.38,27.25,27.53,10524410.0,819764793.0,361387030.0,0.029122268167731422
2023-09-14,27.73,28.15,26.66,26.75,9727259.0,747582947.0,361387030.0,0.026916458512636715
2023-09-15,26.88,26.97,25.55,25.93,14438250.0,1059570991.0,361387030.0,0.03995231926281361
2023-09-18,25.6,26.21,24.97,25.07,13127274.0,942664132.0,361387030.0,0.03632469599144164
2023-09-19,25.24,26.9,24.89,26.04,18649459.0,1357945813.0,361387030.0,0.051605225013194304
2023-09-20,25.92,27.37,25.77,25.79,16579332.0,1238160259.0,361387030.0,0.04587694251229769
2023-09-21,25.69,27.26,25.5,26.18,15349163.0,1142521471.0,361462180.0,0.04246409126398784
2023-09-22,26.34,31.41,26.34,31.41,34660400.0,2899515972.0,361462180.0,0.09588942334160658
2023-09-25,31.75,32.59,31.32,31.66,30374277.0,2724875025.0,361462180.0,0.0840316876305012
2023-09-26,32.05,33.36,31.48,31.85,23095530.0,2093972795.0,361462180.0,0.06389473443667053
2023-09-27,31.28,33.8,31.28,33.02,23484309.0,2176738560.0,361462180.0,0.06497030754365506
2023-09-28,33.79,34.48,32.57,33.77,22415952.0,2102673184.0,361462180.0,0.0620146539258962
2023-10-09,32.35,32.7,30.57,31.94,23665384.0,2112920024.0,361462180.0,0.06547125898482657
2023-10-10,31.99,32.11,31.2,31.35,15028182.0,1335858473.0,361462180.0,0.041576084114802826
2023-10-11,31.03,32.05,30.75,31.17,16945161.0,1489764216.0,361462180.0,0.04687948542777006
2023-10-12,31.64,31.64,29.85,29.99,17583258.0,1500684070.0,361462180.0,0.04864480704454336
2023-10-13,29.99,30.35,28.99,29.23,14339781.0,1191414034.0,361462180.0,0.039671594411343394
2023-10-16,29.15,30.16,28.75,29.7,19591913.0,1632702703.0,361462180.0,0.05420183378521094
2023-10-17,29.85,31.74,28.78,30.53,25500950.0,2169004154.0,361462180.0,0.07054942788205394
2023-10-18,28.79,30.92,27.81,30.87,28317509.0,2337869348.0,361462180.0,0.0783415542948366
2023-10-19,30.57,30.72,28.15,29.22,24004132.0,1984053533.0,361462180.0,0.06640841927086258
2023-10-20,30.2,31.03,29.25,29.47,28840552.0,2438074081.0,361462180.0,0.07978857428459044
2023-10-23,29.15,30.8,28.55,30.8,25724360.0,2156482827.0,361462180.0,0.07116750084338007
2023-10-24,31.73,33.69,31.0,31.0,34346589.0,3113853183.0,361462180.0,0.0950212522925635
2023-10-25,29.5,30.32,28.01,28.19,33835380.0,2756985310.0,361462180.0,0.09360697155093792
2023-10-26,27.19,28.29,26.31,27.53,23886703.0,1830324817.0,361462180.0,0.06608354710857993
2023-10-27,27.12,27.34,26.19,26.36,19967715.0,1501475607.0,361462180.0,0.05524150548751739
2023-10-30,26.54,26.78,25.93,26.2,17315773.0,1277861721.0,361462180.0,0.04790479878143821
2023-10-31,26.09,26.29,25.02,25.31,15792944.0,1129359774.0,361462180.0,0.043691829668044385
2023-11-01,25.06,25.7,24.38,24.38,15203832.0,1062727420.0,361462180.0,0.042062027070162634
2023-11-02,24.76,25.46,24.39,24.53,15893340.0,1111090041.0,361462180.0,0.04396957933469001
2023-11-03,24.53,25.69,24.43,25.34,21113690.0,1503711931.0,361462180.0,0.058411892497300825
2023-11-06,25.85,26.12,25.47,26.02,16981657.0,1233560586.0,361462180.0,0.0469804531140713
2023-11-07,25.73,29.57,25.38,27.98,33039473.0,2500770537.0,361462180.0,0.09140506207316074
2023-11-08,27.0,27.5,26.69,27.09,20521806.0,1560961880.0,361462180.0,0.056774421047314
2023-11-09,27.9,29.25,27.33,27.97,24393173.0,1936417946.0,361462180.0,0.06748471721163193
2023-11-10,27.58,28.98,27.55,27.8,17228917.0,1366415664.0,361462180.0,0.04766450808214569
2023-11-13,28.79,30.13,28.79,29.03,24521441.0,2028106889.0,361462180.0,0.0678395759135852
2023-11-14,29.04,29.67,28.65,29.13,17662852.0,1449267313.0,361462180.0,0.04886500712190692
2023-11-15,30.29,30.52,28.05,28.75,17259607.0,1402936923.0,361462180.0,0.04774941323045194
2023-11-16,28.26,28.86,27.93,27.93,12074046.0,959912722.0,361462180.0,0.03340334526837635
2023-11-17,27.97,29.66,27.64,29.12,17352627.0,1390039750.0,361462180.0,0.04800675688947596
2023-11-20,28.44,29.08,27.98,28.7,13716240.0,1099510321.0,361462180.0,0.03794654256774526
2023-11-21,28.88,29.59,28.36,28.54,12806614.0,1045981398.0,361462180.0,0.03543002479540183
2023-11-22,27.9,27.99,27.16,27.16,16460675.0,1270984432.0,361462180.0,0.04553913496565533
2023-11-23,27.22,27.49,26.89,27.37,7524568.0,575936166.0,361462180.0,0.02081702710917087
2023-11-24,27.36,27.36,26.3,26.36,8619749.0,645245451.0,361462180.0,0.02384689042709807
2023-11-27,26.36,27.14,26.21,26.8,10725411.0,805112005.0,361462180.0,0.02967229102640835
2023-11-28,26.57,26.85,25.97,26.18,8136860.0,599865587.0,361462180.0,0.022510958131221365
2023-11-29,26.13,26.4,25.83,25.95,6603919.0,484195150.0,361462180.0,0.01827001375358274
2023-11-30,25.98,26.18,25.61,26.05,8698113.0,632684621.0,361462180.0,0.024063687658830588
2023-12-01,26.05,27.53,25.62,27.26,19191105.0,1445779594.0,361462180.0,0.053092981954571294
2023-12-04,27.48,29.32,27.37,28.33,22699216.0,1819376898.0,361462180.0,0.06279831544201941
2023-12-05,28.67,30.43,28.64,29.29,27850364.0,2318410918.0,361462180.0,0.07704917842303723
2023-12-06,29.15,29.72,28.69,29.44,14957608.0,1232373520.0,361462180.0,0.04138083823873358
2023-12-07,29.8,30.31,29.36,29.61,16938451.0,1418271043.0,361462180.0,0.04686092193656332
2023-12-08,29.84,35.53,29.83,34.89,37241067.0,3461376231.0,361462180.0,0.10302894482626093
2023-12-11,34.48,37.31,34.13,37.04,26861176.0,2696157522.0,361462180.0,0.07431254910264748
2023-12-12,36.61,37.4,34.83,36.33,26076318.0,2651851233.0,361462180.0,0.07214120713818524
2023-12-13,36.61,36.91,35.51,35.67,15326129.0,1560941116.0,361462180.0,0.04240036675482896
2023-12-14,36.12,36.51,34.76,35.18,14823930.0,1485379251.0,361462180.0,0.04101101254908605
2023-12-15,35.13,35.96,33.94,34.43,12934864.0,1259448892.0,361462180.0,0.03578483369961416
2023-12-18,34.44,34.99,34.16,34.34,11595662.0,1127063735.0,361462180.0,0.03207987624044098
2023-12-19,34.43,34.74,33.63,34.21,10036954.0,961990463.0,361462180.0,0.027767646396643766
2023-12-20,34.12,34.13,32.17,32.28,14073618.0,1293394168.0,361462180.0,0.038935243515656325
2023-12-21,32.36,34.24,31.91,33.34,15461191.0,1437131527.0,361462180.0,0.0427740213374467
2023-12-22,33.31,34.3,32.66,33.06,15016369.0,1410739398.0,361462180.0,0.041543402964039
2023-12-25,33.38,33.52,31.64,33.06,11061268.0,1018969708.0,361462180.0,0.03060145324194083
2023-12-26,33.05,33.16,31.77,32.13,6696850.0,607405517.0,361462180.0,0.018527111190443216
2023-12-27,32.36,32.54,31.66,31.85,8743208.0,788815600.0,361462180.0,0.024188444832596318
2023-12-28,31.66,33.32,31.59,32.53,11651298.0,1068507823.0,361462180.0,0.03223379552461062
2023-12-29,32.17,33.95,32.1,32.53,15070082.0,1398262482.0,361462180.0,0.04169200218955134
2024-01-02,32.29,33.14,31.64,31.99,8343001.0,759061608.0,358499883.0,0.023271976911635423
2024-01-03,31.66,32.03,30.84,31.34,10835042.0,955843525.0,358499883.0,0.030223279040791206
2024-01-04,31.28,31.55,30.57,31.03,7915568.0,692109399.0,358499883.0,0.022079694793094257
2024-01-05,31.0,31.14,29.69,29.95,8471867.0,720557203.0,358499883.0,0.023631435885294278
2024-01-08,30.04,30.7,29.47,29.78,9225684.0,778672033.0,358499883.0,0.02573413392160019
2024-01-09,30.75,31.21,30.04,30.39,12766615.0,1101383983.0,358499883.0,0.035611211064188825
2024-01-10,30.07,30.57,29.33,29.58,8575282.0,721842001.0,358499883.0,0.023919901809284553
2024-01-11,29.57,31.23,29.54,30.57,11328993.0,973653664.0,358499883.0,0.03160110654764147
2024-01-12,30.15,30.39,29.42,29.48,8563868.0,715535765.0,358499883.0,0.02388806358411001
2024-01-15,29.16,30.23,28.83,29.79,7764114.0,650726038.0,358499883.0,0.02165722882537175
2024-01-16,29.5,29.93,29.13,29.59,6603823.0,546761652.0,358499883.0,0.01842071173005097
2024-01-17,30.05,31.21,29.93,30.1,15302766.0,1310772159.0,358499883.0,0.04268555367980413
2024-01-18,29.46,33.4,28.98,33.05,22280141.0,1963843577.0,358499883.0,0.06214825180291621
2024-01-19,33.5,33.73,32.45,32.56,14760064.0,1373319309.0,358499883.0,0.041171740075574864
2024-01-22,34.44,35.13,33.11,33.46,21553302.0,2065145441.0,358499883.0,0.06012080623189492
2024-01-23,33.77,35.9,33.6,34.83,18611288.0,1817408702.0,358499883.0,0.0519143488813914
2024-01-24,34.83,35.12,32.76,34.31,16490316.0,1575144271.0,358499883.0,0.045998107062143724
2024-01-25,34.08,35.85,33.85,35.18,15585608.0,1529256187.0,358499883.0,0.04347451349098488
2024-01-26,34.43,34.44,33.31,33.48,11447947.0,1088341800.0,358499883.0,0.0319329169767121
2024-01-29,33.03,33.06,28.27,30.1,16085531.0,1368910508.0,358499883.0,0.044868999301737565
2024-01-30,29.95,31.0,29.95,30.14,10323660.0,881659469.0,358499883.0,0.02879682948181046
2024-01-31,29.68,31.64,29.09,30.52,13438609.0,1149800935.0,358499883.0,0.037485671926983585
2024-02-01,30.14,36.6,29.89,34.96,23421903.0,2218509210.0,358499883.0,0.06533308408360067
2024-02-02,35.02,35.9,33.85,35.19,16652139.0,1642331528.0,358499883.0,0.046449496330797965
2024-02-05,34.8,40.48,34.48,36.75,22033529.0,2252376200.0,358499883.0,0.061460351996823384
2024-02-06,35.55,40.7,35.43,40.7,21076345.0,2269908876.0,358499883.0,0.05879038180885543
2024-02-07,40.15,40.87,38.75,40.06,20376470.0,2278231408.0,358499883.0,0.05683814965150212
2024-02-08,41.2,43.55,38.07,38.67,24759839.0,2829777205.0,358499883.0,0.0690651243531926
2024-02-19,41.05,46.41,39.88,46.41,25018232.0,3044823940.0,358499883.0,0.06978588609469644
2024-02-20,45.25,47.28,44.64,45.73,21450938.0,2765695206.0,358499883.0,0.059835271968554586
2024-02-21,44.43,44.56,42.66,43.72,22252556.0,2730384567.0,358499883.0,0.06207130617110968
2024-02-22,45.3,45.85,42.03,43.96,23619989.0,2899505405.0,358499883.0,0.06588562540758207
2024-02-23,44.47,45.24,42.18,42.45,22287022.0,2730066580.0,358499883.0,0.062167445672499703
2024-02-26,40.88,43.4,40.52,42.3,16509385.0,1959694285.0,358499883.0,0.04605129815342227
2024-02-27,41.94,48.89,41.34,47.28,27902707.0,3531376209.0,358499883.0,0.07783184409016948
2024-02-28,46.75,47.48,44.09,44.32,21659834.0,2799764923.0,358499883.0,0.06041796671939221
2024-02-29,44.79,48.34,44.43,48.34,25272348.0,3308800556.0,358499883.0,0.07049471756731368
2024-03-01,47.99,49.76,46.81,48.65,23943838.0,3273435312.0,358499883.0,0.06678897019333198
2024-03-04,48.81,52.53,47.99,50.37,20369378.0,2874081714.0,358499883.0,0.05681836721826768
2024-03-05,49.76,52.61,47.94,48.2,24621224.0,3465191715.0,358499883.0,0.06867847150733937
2024-03-06,47.99,48.7,46.64,48.17,16071844.0,2161583431.0,358499883.0,0.044830820767659776
2024-03-07,48.36,49.76,46.99,47.34,13207009.0,1797896802.0,358499883.0,0.03683964661154436
2024-03-08,48.33,51.54,47.71,50.79,19078820.0,2655416275.0,358499883.0,0.05321848319822185
2024-03-11,48.31,49.39,47.13,49.34,17170302.0,2334496093.0,358499883.0,0.04789486081924328
2024-03-12,49.23,50.08,46.56,47.8,17212884.0,2322757842.0,358499883.0,0.04801363910068556
2024-03-13,49.41,50.4,48.34,48.73,18043785.0,2498788702.0,358499883.0,0.050331355338266597
2024-03-14,47.99,53.28,47.81,52.18,23048009.0,3307651776.0,358499883.0,0.06429014371533281
2024-03-15,52.18,56.45,51.36,55.45,23936825.0,3671228041.0,358499883.0,0.06676940812279149
2024-03-18,56.45,58.97,55.76,57.57,19626514.0,3170421451.0,358499883.0,0.054746221493188044
2024-03-19,57.23,58.84,55.07,57.78,17431327.0,2796598068.0,358499883.0,0.04862296426467732
2024-03-20,57.58,61.14,55.45,57.7,19419407.0,3174343138.0,358499883.0,0.054168516981078066
2024-03-21,57.84,59.32,56.87,57.12,14526735.0,2372397894.0,358499883.0,0.04052089188547936
2024-03-22,57.04,59.17,57.04,57.39,14444194.0,2359468986.0,358499883.0,0.0402906519219143
2024-03-25,56.62,57.66,55.27,55.66,12040338.0,1911702024.0,358499883.0,0.03358533313663592
2024-03-26,55.17,59.1,52.41,54.67,23463201.0,3715922226.0,358499883.0,0.0654482807739159
2024-03-27,54.36,55.15,52.07,53.67,16869216.0,2551439124.0,358499883.0,0.04705501117276515
2024-03-28,54.05,55.59,52.09,53.96,18987195.0,2882024149.0,358499883.0,0.05296290431425329
2024-03-29,52.72,54.03,51.9,53.77,11817840.0,1756062114.0,358499883.0,0.0329646969508216
2024-04-01,54.4,58.05,53.41,58.02,16723366.0,2628758965.0,358750046.0,0.046615648378202576
2024-04-02,57.26,58.42,56.18,57.26,13509072.0,2179928092.0,358750046.0,0.03765594499742587
2024-04-03,56.21,56.51,54.03,54.6,11227511.0,1735495410.0,358750046.0,0.0312961938965159
2024-04-08,53.51,57.58,53.32,56.82,15055500.0,2385055618.0,358750046.0,0.041966545141571915
2024-04-09,56.4,56.89,54.3,55.49,10527157.0,1637128379.0,358750046.0,0.029343987875056605
2024-04-10,54.05,55.27,52.26,52.26,11996720.0,1790997960.0,358750046.0,0.03344033020695417
2024-04-11,52.92,54.74,52.92,53.5,11149694.0,1687926186.0,358750046.0,0.031079282426071105
2024-04-12,55.04,61.85,54.74,59.65,20996342.0,3426413851.0,358750046.0,0.058526381345746226
2024-04-15,59.59,59.95,57.58,58.81,13422593.0,2228872333.0,358750046.0,0.037414888582341814
2024-04-16,58.12,61.67,57.38,59.19,16207414.0,2703668115.0,358750046.0,0.045177454834389064
2024-04-17,59.23,61.17,57.8,61.03,16871622.0,2846513161.0,358750046.0,0.047028905468070654
2024-04-18,59.32,60.93,58.17,59.83,13364057.0,2239888594.0,358750046.0,0.03725172205274087
2024-04-19,59.54,60.39,55.46,57.76,16449072.0,2664014785.0,358750046.0,0.04585106589784242
2024-04-22,51.9,55.8,51.37,55.02,16756028.0,2532271112.0,358750046.0,0.04670669226896768
2024-04-23,56.3,56.85,54.61,56.35,12379473.0,1946932623.0,358750046.0,0.03450723738722531
2024-04-24,53.32,55.11,50.09,54.06,33074915.0,4889539883.0,358750046.0,0.0921948731959187
2024-04-25,52.24,53.67,51.35,52.14,20923982.0,3077266630.0,358750046.0,0.05832468102317679
2024-04-26,54.03,57.0,53.32,55.68,29245481.0,4540241690.0,358750046.0,0.08152049407681469
2024-04-29,57.09,59.14,57.09,57.95,19643973.0,3210637507.0,358750046.0,0.054756712142693356
2024-04-30,57.58,58.88,57.32,57.35,12059143.0,1964916259.0,358750046.0,0.033614331578371424
2024-05-06,58.35,58.62,54.5,54.57,19287278.0,3032924724.0,358750046.0,0.05376244049317836
2024-05-07,55.39,56.02,51.5,51.72,23402247.0,3493670794.0,358750046.0,0.06523273588653421
2024-05-08,51.54,53.02,51.08,51.9,16237777.0,2377366428.0,358750046.0,0.04526209036360653
2024-05-09,51.39,51.39,49.41,50.48,16221330.0,2293488476.0,358750046.0,0.04521624507331771
2024-05-10,50.12,50.37,48.52,49.88,13958940.0,1940231914.0,358750046.0,0.03890993229308185
2024-05-13,49.69,50.54,47.26,47.99,21036798.0,2883048720.0,358750046.0,0.0586391506692657
2024-05-14,48.69,49.17,47.21,47.88,14165839.0,1916497316.0,358750046.0,0.03948665417035236
2024-05-15,47.81,49.74,47.28,48.12,12129141.0,1657652500.0,358750046.0,0.03380944792965964
2024-05-16,49.45,49.87,48.03,48.33,17947263.0,2470417287.0,358750046.0,0.05002720752264377
2024-05-17,47.28,51.36,46.43,50.65,25973978.0,3583990315.0,358750046.0,0.07240132312066658
2024-05-20,49.44,51.82,49.13,51.4,21249324.0,3032137031.0,358750046.0,0.059231557561946625
2024-05-21,51.0,51.79,50.05,50.48,10646978.0,1518955569.0,358750046.0,0.029677983651046
2024-05-22,50.3,50.47,48.38,48.55,12916513.0,1778671841.0,359514470.0,0.035927658210808594
2024-05-23,49.66,49.94,47.1,48.26,13226661.0,1790993649.0,359480045.0,0.03679386709768549
2024-05-24,48.18,50.11,46.4,46.5,18319756.0,2486304655.0,359480045.0,0.050961816253249886
2024-05-27,46.62,47.91,45.85,46.5,12665857.0,1661019394.0,359480045.0,0.03523382500967474
2024-05-28,45.9,46.54,44.93,45.32,16098319.0,2063266415.0,359480045.0,0.04478223262712677
2024-05-29,45.85,46.38,44.89,45.25,11521920.0,1481124280.0,359480045.0,0.03205162612016475
2024-05-30,45.14,45.94,44.69,44.82,11117813.0,1003033488.0,503272063.0,0.022091059324308254
2024-05-31,44.2,46.26,44.04,44.42,14831946.0,1329117391.0,503272063.0,0.029471029867199284
2024-06-03,44.49,47.34,44.49,45.68,29996217.0,2747560943.0,503272063.0,0.059602388460016704
2024-06-04,45.63,46.25,45.15,45.74,18190492.0,1660938007.0,503272063.0,0.03614445016392654
2024-06-05,45.55,46.19,44.88,45.05,12077085.0,1094236830.0,503272063.0,0.023997129759217334
2024-06-06,45.89,48.39,45.58,45.77,31347933.0,2920334512.0,503272063.0,0.062288243883706296
2024-06-07,45.34,45.64,43.29,43.55,23687006.0,2084256700.0,503272063.0,0.04706600612559732
2024-06-11,43.54,44.79,43.54,44.49,14876729.0,1307383234.0,503272063.0,0.02956001354678811
2024-06-12,44.22,45.03,43.81,44.07,11998197.0,1059075427.0,503272063.0,0.023840379552321784
2024-06-13,44.54,45.94,43.83,44.94,20361353.0,1828917766.0,503272063.0,0.04045794411600391
2024-06-14,45.06,50.71,44.69,49.15,47135669.0,4545264433.0,503272063.0,0.09365842546280977
2024-06-17,49.34,50.09,48.04,48.59,26877932.0,2627271523.0,503272063.0,0.053406366011617856
2024-06-18,48.6,51.91,48.4,49.83,27463379.0,2759584711.0,503272063.0,0.05456964735195325
2024-06-19,50.7,52.58,49.83,51.07,29285075.0,2996485554.0,503272063.0,0.05818935155158811
2024-06-20,50.66,52.66,50.31,51.45,23247303.0,2400316870.0,503272063.0,0.04619231765304644
2024-06-21,49.97,51.3,49.16,50.31,19022988.0,1899847208.0,503272063.0,0.0377986170871559
2024-06-24,49.66,50.5,47.77,48.08,19476346.0,1899612672.0,503272063.0,0.03869943800158842
2024-06-25,46.14,46.64,44.19,44.67,25442900.0,2289626261.0,503272063.0,0.050554961959015
2024-06-26,45.66,46.06,43.64,44.73,21223780.0,1890894419.0,503272063.0,0.04217158384172022
2024-06-27,43.91,44.13,42.07,42.23,22002105.0,1881134889.0,503272063.0,0.043718113159005215
2024-06-28,42.2,45.6,42.18,44.35,25802641.0,2292348841.0,503272063.0,0.0512697661900617
2024-07-01,44.58,48.99,44.21,48.06,27722480.0,2600953089.0,552743987.0,0.05015428598411872
2024-07-02,47.55,48.19,46.93,47.33,18109369.0,1712283836.0,552743987.0,0.032762670288442236
2024-07-03,46.95,46.95,44.39,44.85,20587611.0,1857448237.0,552743987.0,0.03724619622139824
2024-07-04,45.38,45.72,43.69,43.81,17483946.0,1554469634.0,552743987.0,0.03163118262921963
2024-07-05,44.07,44.33,42.84,43.74,15971749.0,1387952843.0,552743987.0,0.028895382628558564
2024-07-08,43.76,45.76,43.57,45.18,21105504.0,1890847105.0,552743987.0,0.03818314535550072
2024-07-09,44.64,47.57,43.79,47.09,26043152.0,2386842669.0,552743987.0,0.047116119962423035
2024-07-10,47.16,50.66,46.95,50.16,31426291.0,3083876641.0,552743987.0,0.056855057203905865
2024-07-11,50.16,50.61,47.9,49.86,25166587.0,2478488403.0,552743987.0,0.04553027729273154
2024-07-12,48.64,48.64,47.37,47.64,18295331.0,1746221886.0,552743987.0,0.03309910452268746
2024-07-15,47.14,47.14,45.91,46.8,15301825.0,1419285943.0,552743987.0,0.027683385726274757
2024-07-16,46.9,47.24,45.64,46.86,17089722.0,1581262800.0,552743987.0,0.030917969985985574
2024-07-17,46.19,46.75,44.48,44.52,17527848.0,1581123631.0,552743987.0,0.031710608187945785
2024-07-18,44.64,48.23,44.39,48.22,35273233.0,3258163134.0,552743987.0,0.06381477470509327
2024-07-19,47.65,48.22,45.68,45.75,24150395.0,2241368024.0,552743987.0,0.04369182762362642
2024-07-22,45.19,47.25,45.15,46.49,15738561.0,1454989106.0,552743987.0,0.028473509201647814
2024-07-23,47.44,47.64,45.89,45.93,18065008.0,1685521486.0,552743987.0,0.03268241432719557
2024-07-24,45.16,48.44,45.16,46.99,20608265.0,1942287926.0,552743987.0,0.03728356252566525
2024-07-25,45.91,46.04,43.55,43.68,20057419.0,1773728997.0,552743987.0,0.036286996279888975
2024-07-26,43.74,46.34,43.54,45.72,18115213.0,1629960931.0,552743987.0,0.0327732429950432
2024-07-29,46.64,48.97,45.73,48.1,26165505.0,2479319272.0,552743987.0,0.04733747560423484
2024-07-30,47.59,49.47,46.69,48.53,24811227.0,2388015725.0,552743987.0,0.044887375681212066
2024-07-31,48.35,50.71,47.71,50.17,26149489.0,2577831135.0,552743987.0,0.04730850016465218
2024-08-01,52.46,52.92,50.26,50.44,25517407.0,2624896017.0,552743987.0,0.04616496533683685
2024-08-02,48.55,48.55,45.38,45.64,31795245.0,2965609396.0,552743987.0,0.05752255247961657
2024-08-05,43.14,44.47,42.05,42.16,26872785.0,2311091837.0,552743987.0,0.04861705533125953
2024-08-06,43.86,44.23,42.52,43.1,17676741.0,1523615601.0,552743987.0,0.031979978825169925
2024-08-07,42.63,43.52,42.14,42.28,14699423.0,1254183019.0,552743987.0,0.0265935466431406
2024-08-08,41.13,41.75,40.53,41.2,13894887.0,1140466432.0,552743987.0,0.02513801565787092
2024-08-09,42.13,43.23,41.99,41.99,15482011.0,1311572699.0,552743987.0,0.02800937027651465
2024-08-12,41.63,42.69,41.63,41.99,9251717.0,778053572.0,552743987.0,0.016737797637950604
2024-08-13,42.53,43.19,41.96,42.54,10726604.0,909554213.0,552743987.0,0.019406098035038417
2024-08-14,43.39,43.49,41.8,41.81,10713567.0,911038596.0,552743987.0,0.019382512070637868
2024-08-15,41.88,42.98,41.63,42.58,12410854.0,1051534503.0,552743987.0,0.02245316872167078
2024-08-16,42.96,46.04,42.96,45.24,23577282.0,2108911892.0,552743987.0,0.04265497690524854
2024-08-19,45.14,45.64,44.33,44.79,13221427.0,1186123198.0,552743987.0,0.02391962158061432
2024-08-20,45.44,45.58,43.46,43.66,12448369.0,1099748272.0,552743987.0,0.022521039202186743
2024-08-21,43.66,44.58,43.25,43.73,10495054.0,917176022.0,552743987.0,0.018987188005357713
2024-08-22,43.63,43.89,42.7,42.94,10000687.0,859706249.0,552743987.0,0.01809280107103182
2024-08-23,42.63,42.85,40.57,41.35,17041708.0,1408474844.0,552743987.0,0.030831105178535392
2024-08-26,41.88,42.08,39.06,39.61,17982176.0,1439892403.0,552743987.0,0.03253255833247083
2024-08-27,39.13,39.87,38.41,39.29,12043645.0,937870295.0,552743987.0,0.021788830422862657
2024-08-28,39.15,40.28,38.65,38.9,10905440.0,855302867.0,552743987.0,0.019729640224923874
2024-08-29,37.92,37.92,35.86,37.31,23083631.0,1688471936.0,552743987.0,0.04176188532648841
2024-08-30,36.77,39.11,36.77,38.52,19172992.0,1460416976.0,552743987.0,0.034686930027155595
2024-09-02,38.47,38.47,36.3,36.32,16449046.0,1211651180.0,552743987.0,0.029758887273069513
2024-09-03,36.58,36.9,35.98,36.72,10180056.0,741796400.0,552743987.0,0.01841730754096833
2024-09-04,34.52,36.56,34.43,36.29,16757188.0,1185252742.0,552743987.0,0.030316364165170015
2024-09-05,36.1,36.9,35.86,36.02,10523769.0,761962074.0,552743987.0,0.01903913791467441
2024-09-06,35.91,36.55,35.48,35.49,8107451.0,580599100.0,552743987.0,0.01466764214659833
2024-09-09,35.15,37.16,35.11,37.07,17499706.0,1265871543.0,552743987.0,0.031659694924912864
2024-09-10,36.96,38.52,36.52,37.71,22155267.0,1657405283.0,552743987.0,0.04008233019457523
2024-09-11,37.62,38.18,36.97,37.34,12787775.0,953783242.0,552743987.0,0.023135077541784278
2024-09-12,38.12,38.4,36.8,36.93,12778327.0,955350821.0,552743987.0,0.023117984637614882
2024-09-13,36.93,39.87,36.93,38.53,28004277.0,2152769855.0,552743987.0,0.05066410066619142
2024-09-18,38.07,38.6,37.57,37.96,10827407.0,819848054.0,552743987.0,0.019588466368970197
2024-09-19,38.05,38.17,36.36,36.87,13743981.0,1013937591.0,552743987.0,0.02486500318998495
2024-09-20,37.12,37.23,36.38,36.82,9706164.0,710105367.0,552743987.0,0.017559963072018004
2024-09-23,36.64,38.12,36.36,37.05,10649346.0,794273093.0,552743987.0,0.019266326274843763
2024-09-24,37.17,40.3,37.17,40.23,23865663.0,1854926874.0,552743987.0,0.0431767030692276
2024-09-25,40.88,41.05,39.44,39.45,20839740.0,1673369150.0,552743987.0,0.0377023368686596
2024-09-26,39.62,40.88,39.17,40.88,17318209.0,1381684582.0,552743987.0,0.03133133857139544
2024-09-27,40.89,44.43,40.14,43.18,28629834.0,2389411121.0,552743987.0,0.051795830752293645
2024-09-30,44.54,50.41,43.24,50.41,36619587.0,3431086197.0,552743987.0,0.06625053887741342
2024-10-08,60.19,60.49,52.78,60.49,41074229.0,4730685190.0,552743987.0,0.07430968036925927
2024-10-09,57.49,60.71,54.62,55.12,32638614.0,3741446603.0,552743987.0,0.05904833841277047
2024-10-10,56.16,56.72,52.26,53.24,22409609.0,2418601223.0,552743987.0,0.04054247450366204
2024-10-11,52.26,54.07,49.66,50.63,21786042.0,2237506501.0,552743987.0,0.03941434463763782
2024-10-14,50.21,51.55,48.91,51.32,19817314.0,1988454857.0,552743987.0,0.03585260892218444
2024-10-15,51.31,52.85,49.81,50.06,18277809.0,1863839628.0,552743987.0,0.03306740449444274
2024-10-16,48.15,49.18,47.7,48.54,15666813.0,1511971747.0,552743987.0,0.028343705890010885
2024-10-17,48.9,49.79,48.41,48.48,14353937.0,1396175011.0,552743987.0,0.025968508636169025
2024-10-18,48.61,55.1,48.42,52.71,32155869.0,3293727362.0,552743987.0,0.058174977487362514
2024-10-21,53.44,59.75,52.01,57.22,42662146.0,4725271630.0,552743987.0,0.07718246964846676
2024-10-22,58.99,62.92,57.22,62.17,40203557.0,4790669390.0,552743987.0,0.07273449905480382
2024-10-23,57.48,62.97,55.46,59.58,40047175.0,4722975490.0,552743987.0,0.07245157964965795
2024-10-24,59.29,70.48,58.59,65.3,40760921.0,5225959495.0,552743987.0,0.07374285737820246
2024-10-25,65.54,69.23,65.31,67.01,33209252.0,4439592974.0,552743987.0,0.060080711470498545
2024-10-28,66.35,71.73,65.54,68.27,32178277.0,4359968493.0,552743987.0,0.058215517050934466
2024-10-29,66.55,69.47,65.29,67.57,26243398.0,3511539816.0,552743987.0,0.04747839617837399
2024-10-30,66.3,71.04,65.14,66.29,24287140.0,3262036379.0,552743987.0,0.04393922063597229
2024-10-31,64.33,66.5,63.97,64.69,20520969.0,2646189669.0,552743987.0,0.03712563045936852
2024-11-01,63.55,64.36,61.45,62.87,17999524.0,2253192825.0,552743987.0,0.032563943567603205
2024-11-04,63.27,66.92,63.27,64.95,14799731.0,1919129979.0,552743987.0,0.02677501944494242
2024-11-05,64.17,68.56,64.17,67.52,18793232.0,2493148740.0,552743987.0,0.03399988501367451
2024-11-06,67.06,68.47,65.69,66.81,16465256.0,2186177739.0,552743987.0,0.029788213688880887
2024-11-07,65.81,71.54,65.59,68.9,17916968.0,2443009488.0,552743987.0,0.032414586899884267
2024-11-08,68.92,75.57,68.85,69.43,23306152.0,3320478290.0,552743987.0,0.0421644604882875
2024-11-11,68.57,68.97,65.1,65.51,25851458.0,3431020501.0,552743987.0,0.04676931564702847
2024-11-12,65.41,66.66,63.89,64.79,18361998.0,2381411865.0,552743987.0,0.033219715513612635
2024-11-13,64.75,68.06,63.63,67.37,22080732.0,2915737121.0,552743987.0,0.039947484765673266
2024-11-14,66.56,67.29,63.02,63.27,16576294.0,2143370731.0,552743987.0,0.029989098732610908
2024-11-15,64.03,64.63,58.23,58.26,22804756.0,2746347152.0,552743987.0,0.041257356997716196
2024-11-18,57.76,59.2,56.08,56.83,17077390.0,1948472672.0,552743987.0,0.03089565947643678
2024-11-19,57.87,59.55,56.69,58.47,12805444.0,1471237526.0,552743987.0,0.02316704351593426
2024-11-20,58.52,61.38,58.48,60.53,17687079.0,2116944739.0,552743987.0,0.031998681878017424
2024-11-21,59.6,60.65,57.14,57.65,19813901.0,2300122452.0,552743987.0,0.03584643427337727
2024-11-22,57.65,58.74,55.47,55.49,15468793.0,1751608223.0,552743987.0,0.027985456854911023
2024-11-25,55.41,55.67,51.24,52.69,26756959.0,2787874749.0,552743987.0,0.048407508049472456
2024-11-26,52.34,53.8,51.73,52.69,15198673.0,1589600143.0,552743987.0,0.027496767685326263
2024-11-27,52.68,53.23,51.01,52.67,15583955.0,1613742103.0,552743987.0,0.02819380285723488
2024-11-28,52.44,52.72,50.31,51.06,18349411.0,1861209296.0,552743987.0,0.03319694366933023
2024-11-29,51.9,53.09,50.7,52.07,18491201.0,1905328657.0,552743987.0,0.033453463872778415
2024-12-02,52.85,56.81,52.85,55.91,29600597.0,3242048004.0,552743987.0,0.05355209228173838
2024-12-03,55.46,56.76,54.12,55.26,16855987.0,1854186851.0,552743987.0,0.030495106950842326
2024-12-04,54.46,55.25,53.08,53.62,14147371.0,1511148366.0,552743987.0,0.025594798555447697
2024-12-05,54.15,56.37,54.15,54.46,15093801.0,1654522068.0,552743987.0,0.02730703789637064
2024-12-06,54.45,56.64,54.25,54.81,12712334.0,1391400257.0,552743987.0,0.022998593017711108
2024-12-09,54.45,54.45,52.48,53.24,14479499.0,1528004833.0,552743987.0,0.026195669859001108
2024-12-10,54.45,54.95,51.84,52.26,20552328.0,2149114407.0,552743987.0,0.037182363776668274
2024-12-11,51.45,54.43,51.43,53.23,18358639.0,1936470084.0,552743987.0,0.03321363855921964
2024-12-12,53.44,56.61,52.95,55.06,23505342.0,2577320867.0,552743987.0,0.042524826235694535
2024-12-13,54.63,56.56,52.35,52.76,31678644.0,3361790003.0,552743987.0,0.05731160310207047
2024-12-16,52.76,53.04,49.21,50.67,26368495.0,2641604885.0,552743987.0,0.04770471614375065
2024-12-17,50.26,52.22,49.69,49.79,21112598.0,2122033038.0,552743987.0,0.03819597950687431
2024-12-18,49.79,50.14,48.78,49.57,13280510.0,1297210620.0,552804467.0,0.02402388329470572
2024-12-19,48.89,50.37,48.6,49.88,14371420.0,1416295915.0,552804467.0,0.025997293542130512
2024-12-20,49.41,50.83,49.29,49.75,17206427.0,1708675424.0,552804467.0,0.031125701811667884
2024-12-23,49.91,51.38,49.46,49.53,22441321.0,2241345534.0,552804467.0,0.04059540459538291
2024-12-24,49.81,50.26,48.7,49.97,14064057.0,1378569932.0,552804467.0,0.025441286819413492
2024-12-25,49.81,51.43,49.57,50.67,18296910.0,1839694458.0,552804467.0,0.03309833963407535
2024-12-26,50.92,54.89,49.82,54.45,29875390.0,3156272967.0,552804467.0,0.05404332233805918
2024-12-27,54.53,54.6,52.81,53.24,20378681.0,2169566683.0,552804467.0,0.03686417570138774
2024-12-30,52.19,52.29,48.24,48.35,33117283.0,3261972667.0,552804467.0,0.05990777024600273
2024-12-31,48.1,48.49,46.01,46.06,22654075.0,2104960951.0,552759107.0,0.040983630505792824
2025-01-02,45.88,46.64,44.77,45.25,15753685.0,1422945586.0,552759107.0,0.028500091270318953
2025-01-03,45.38,45.73,43.86,43.91,14529353.0,1291228335.0,552759107.0,0.02628514449785447
2025-01-06,44.12,45.57,44.01,44.71,13242040.0,1176242930.0,552759107.0,0.02395625839955632
2025-01-07,45.28,48.14,44.56,47.93,25613665.0,2352211294.0,552759107.0,0.046337843512002055
2025-01-08,46.43,47.72,45.48,47.42,20069287.0,1852820319.0,552759107.0,0.03630747417066075
2025-01-09,47.29,47.68,46.64,46.93,12845278.0,1201518002.0,552759107.0,0.023238473753450072
2025-01-10,46.69,46.89,44.62,44.62,17156047.0,1543760947.0,552759107.0,0.03103711324289407
2025-01-13,44.04,45.0,43.12,43.71,15714232.0,1367915543.0,552759107.0,0.02842871659824141
2025-01-14,43.65,45.42,42.32,45.37,20533093.0,1796182196.0,552759107.0,0.037146548541623574
2025-01-15,44.88,45.17,43.36,43.37,17228129.0,1499996269.0,552759107.0,0.031167517245446308
2025-01-16,43.86,52.04,43.62,52.04,55494222.0,5301375018.0,552759107.0,0.10039494835496215
2025-01-17,53.45,56.24,52.94,54.75,63958240.0,6907065954.0,552759107.0,0.11570725690458863
2025-01-20,55.63,57.82,53.67,57.21,46243023.0,5144981937.0,552759107.0,0.08365854567458081
2025-01-21,58.35,58.38,55.5,56.85,37625944.0,4214175497.0,552759107.0,0.06806933350082281
2025-01-22,58.27,60.5,57.88,58.48,40360994.0,4721103516.0,552759107.0,0.0730173297714659
2025-01-23,58.78,60.35,56.22,56.93,32382765.0,3733853695.0,552759107.0,0.05858386517727694
2025-01-24,56.98,58.64,56.37,57.49,24289935.0,2758483707.0,552759107.0,0.043943075188447325
2025-01-27,53.44,54.19,50.3,50.82,32455939.0,3351390969.0,552759107.0,0.05871624472394265
2025-02-05,46.38,47.04,41.63,42.25,47846838.0,4070398824.0,552759107.0,0.08656001754485793
2025-02-06,42.86,43.7,42.1,43.35,35505785.0,3024590689.0,552759107.0,0.06423374043116399
2025-02-07,43.69,46.53,43.69,45.52,37586146.0,3394507398.0,552759107.0,0.06799733468706107
2025-02-10,45.8,46.99,45.53,46.25,27722788.0,2538748327.0,552759107.0,0.05015347128419179
2025-02-11,46.74,47.89,45.98,47.18,25788046.0,2412428503.0,552759107.0,0.04665331728311081
2025-02-12,46.79,47.53,46.18,47.33,20291689.0,1884042488.0,552759107.0,0.03670982303689119
2025-02-13,46.92,47.83,45.67,45.79,22033523.0,2040004102.0,552759107.0,0.03986098595386869
2025-02-14,46.36,48.15,44.88,45.33,23811891.0,2178220231.0,552759107.0,0.043078242761543505
2025-02-17,45.38,50.61,45.38,49.54,38508984.0,3681961594.0,552759107.0,0.06966684675536246
2025-02-18,48.91,50.7,48.3,49.01,28226062.0,2758682438.0,552759107.0,0.051063947463827135
2025-02-19,48.87,49.23,47.48,48.67,21777976.0,2092494470.0,552759107.0,0.039398674258296754
2025-02-20,49.4,51.39,48.4,50.57,29656160.0,2945260456.0,552759107.0,0.05365114680959929
2025-02-21,50.85,55.46,49.71,52.47,32975359.0,3425215933.0,552759107.0,0.05965593073439856
2025-02-24,51.48,51.93,49.68,50.98,25785942.0,2593173942.0,552759107.0,0.046649510923390355
2025-02-25,48.99,51.6,48.89,50.5,17640077.0,1753311539.0,552759107.0,0.03191277498029535
2025-02-26,50.22,52.93,49.51,52.65,22761596.0,2308771549.0,552759107.0,0.04117814742760991
2025-02-27,52.94,53.91,49.91,50.51,28027041.0,2855890324.0,552759107.0,0.05070389731272216
2025-02-28,47.89,47.89,44.37,44.6,34755796.0,3156178584.0,552759107.0,0.06287693058307224
2025-03-03,44.77,45.78,43.37,44.08,22913824.0,2012751735.0,552759107.0,0.041453544066167684
2025-03-04,41.5,44.04,41.15,43.96,21330192.0,1810498684.0,552759107.0,0.03858858538896945
2025-03-05,44.01,45.63,44.01,45.37,20442315.0,1830864868.0,552759107.0,0.03698232148710668
2025-03-06,45.47,46.84,44.51,45.94,24094468.0,2170131721.0,552759107.0,0.04358945460124278
2025-03-07,45.12,45.12,44.37,44.56,15614224.0,1384435345.0,552759107.0,0.028247791492289245
2025-03-10,44.82,45.63,44.58,45.36,15920521.0,1425915239.0,552759107.0,0.028801915334160204
2025-03-11,44.02,45.16,43.87,45.15,12960755.0,1146920817.0,552759107.0,0.023447383925236712
2025-03-12,45.88,46.84,45.17,45.93,23153323.0,2113205664.0,552759107.0,0.041886823223339496
2025-03-13,47.14,47.54,45.71,45.83,19506835.0,1802935721.0,552759107.0,0.035289938696568594
2025-03-14,45.81,48.58,45.49,47.96,33288434.0,3150256223.0,552759107.0,0.060222316698981135
2025-03-17,48.02,49.42,47.34,48.68,25903188.0,2487788521.0,552759107.0,0.04686162140427656
2025-03-18,48.3,50.18,47.19,49.34,31588006.0,3044972866.0,552759107.0,0.057146061638745645
2025-03-19,47.71,47.94,45.54,45.72,33326647.0,3088144970.0,552759107.0,0.06029144807920822
2025-03-20,45.72,46.72,45.38,45.38,14689258.0,1338496559.0,552759107.0,0.026574429645715453
2025-03-21,45.02,45.35,44.01,44.23,14395036.0,1271891357.0,552759107.0,0.026042150762791504
2025-03-24,44.27,45.28,43.86,44.79,13074957.0,1157691321.0,552759107.0,0.023653987486451308
2025-03-25,45.12,46.17,44.76,44.88,13403958.0,1207192455.0,552759107.0,0.024249185278461635
2025-03-26,44.85,44.88,43.79,43.96,12117156.0,1062396862.0,552759107.0,0.021921223633498632
2025-03-27,42.8,43.38,41.81,42.7,17825542.0,1502915851.0,552759107.0,0.032248300885977084
2025-03-28,42.46,43.23,42.18,42.18,8566737.0,724033879.0,552759107.0,0.015498138142842031
2025-03-31,42.0,42.75,41.85,42.66,8875595.0,744841537.0,553019171.0,0.016049344155557314
2025-04-01,42.7,42.77,42.29,42.45,6644674.0,560284284.0,553019171.0,0.012015268816060628
2025-04-02,42.67,43.52,42.53,42.98,9858456.0,843009640.0,553019171.0,0.01782660803995889
2025-04-03,41.85,42.1,39.08,40.06,22756648.0,1836563895.0,553019171.0,0.041149835653708285
2025-04-07,35.28,36.0,32.05,32.05,24267646.0,1604324025.0,553019171.0,0.04388210621363794
2025-04-08,32.23,32.92,30.23,31.37,28811500.0,1780356629.0,553019171.0,0.052098555548990184
2025-04-09,30.25,31.94,28.79,31.63,24805047.0,1513725519.0,553019171.0,0.044853864568828845
2025-04-10,35.04,35.3,33.56,33.56,27739836.0,1897846491.0,553019171.0,0.05016071314460815
2025-04-11,33.56,34.4,32.86,33.82,18003866.0,1199865742.0,553019171.0,0.032555591097220754
2025-04-14,35.8,35.9,34.25,34.33,19282147.0,1334091144.0,553019171.0,0.03486704984410025
2025-04-15,34.08,34.23,33.41,33.87,10864385.0,728126484.0,553019171.0,0.019645584764004503
2025-04-16,33.16,33.39,32.35,33.21,11790868.0,771320056.0,553019171.0,0.021320902815501128
2025-04-17,32.77,33.62,32.77,33.12,8765211.0,578684637.0,553019171.0,0.01584974167197542
2025-04-18,33.23,33.68,33.11,33.47,10009801.0,662719525.0,553019171.0,0.018100278480219268
2025-04-21,34.28,34.54,33.7,34.54,15222908.0,1032716414.0,553019171.0,0.02752690828506558
2025-04-22,33.97,34.32,33.83,34.03,11397900.0,770009752.0,553019171.0,0.020610316238024232
2025-04-23,34.73,37.2,34.38,36.55,30025423.0,2124289084.0,553019171.0,0.054293638583462416
2025-04-24,35.28,35.84,34.92,35.02,21162003.0,1480852718.0,553019171.0,0.03826630993955181
2025-04-25,35.18,36.4,35.18,35.41,21141041.0,1502983998.0,553019171.0,0.038228405286152366
2025-04-28,35.19,35.29,34.19,34.42,13569843.0,929427004.0,553019171.0,0.024537744280116465
2025-04-29,34.12,34.54,33.92,34.12,8557384.0,581333407.0,553019171.0,0.01547393734023011
2025-04-30,34.21,34.65,33.93,34.57,10834218.0,740121934.0,553019171.0,0.019591035118021252
2025-05-06,35.17,36.24,35.14,36.14,17732292.0,1261633270.0,553019171.0,0.03206451589722556
2025-05-07,36.86,37.06,35.5,35.92,15585154.0,1115389180.0,553019171.0,0.028181941634714144
2025-05-08,36.1,39.11,36.07,38.53,37367733.0,2814311247.0,553019171.0,0.06757041158705147
2025-05-09,37.81,38.07,37.06,37.37,21447702.0,1596079759.0,553019171.0,0.038782926749568326
2025-05-12,38.42,38.62,37.55,38.51,20410081.0,1541589514.0,553019171.0,0.03690664278978495
2025-05-13,39.33,39.71,38.11,38.15,21757681.0,1680158846.0,554344075.0,0.039249415626928096
2025-05-14,38.75,39.57,38.37,38.48,21306767.0,1648032670.0,554344075.0,0.03843599663259682
2025-05-15,38.34,38.52,36.94,36.94,16814165.0,1245867816.0,554344075.0,0.030331640146059106
2025-05-16,36.75,37.88,36.6,37.46,13746281.0,1022159467.0,554344075.0,0.024797380579922316
2025-05-19,37.04,37.04,36.17,36.53,11223328.0,811003211.0,554344075.0,0.020246140449864104
2025-05-20,36.53,38.76,36.37,37.96,17925875.0,1336613782.0,554344075.0,0.03233709136333783
2025-05-21,37.62,40.43,37.62,39.42,31134672.0,2420612422.0,554344075.0,0.05616488640200583
2025-05-22,39.07,39.8,38.5,38.54,17741605.0,1371882699.0,554344075.0,0.032004680486573255
2025-05-23,38.82,38.93,37.31,37.34,14139069.0,1061647414.0,554344075.0,0.025505944119633642
2025-05-26,37.28,37.71,36.88,37.7,10452509.0,774078496.0,554344075.0,0.01885563402116276
2025-05-27,37.41,38.0,36.32,37.31,13882657.0,1017058103.0,554344075.0,0.025043393852455263
2025-05-28,37.76,39.19,37.56,39.14,24581811.0,1872591582.0,554344075.0,0.04434395911961357
2025-05-29,39.63,41.75,39.56,41.42,40931882.0,3303535254.0,554180275.0,0.07386022896610674
2025-05-30,40.84,41.46,40.42,41.19,16627585.0,1352636597.0,554180275.0,0.030003927873470414
2025-06-03,40.84,42.05,40.51,41.23,16266380.0,1334431029.0,554180275.0,0.02935214538265549
2025-06-04,42.15,43.36,42.1,42.94,29839017.0,2535778389.0,554180275.0,0.05384352050422581
2025-06-05,42.6,45.32,42.5,44.29,28761181.0,2507102109.0,554180275.0,0.05189860104638333
2025-06-06,44.07,46.67,43.92,45.64,28587674.0,2569804674.0,554180275.0,0.05158551339634021
2025-06-09,47.26,52.16,46.98,49.83,55543866.0,3842291970.0,775852385.0000001,0.07159076529744765
2025-06-10,48.97,49.39,48.04,48.78,37860867.0,2598903742.0,775852385.0000001,0.048799059888177045
2025-06-11,48.83,50.54,48.03,48.24,31718367.0,2193332702.0,775852385.0000001,0.04088196107046831
2025-06-12,48.19,55.23,47.6,53.08,63287202.0,4696745145.0,775852385.0000001,0.08157118960200141
2025-06-13,52.81,53.77,52.05,52.15,31297415.0,2321712630.0,775852385.0000001,0.040339393942831016
2025-06-16,51.7,54.65,51.7,53.52,37298819.0,2831259895.0,775852385.0000001,0.048074633423985665
2025-06-17,53.66,53.91,51.74,52.38,27837447.0,2062472299.0,775852385.0000001,0.03587982396934952
2025-06-18,52.42,54.78,50.81,54.36,43319724.0,3246594833.0,775852385.0000001,0.05583500784108564
2025-06-19,53.67,55.86,53.43,54.01,39726710.0,3042510706.0,775852385.0000001,0.05120395421611031
2025-06-20,54.01,54.29,51.96,52.79,31812687.0,2367051074.0,775852385.0000001,0.041003530587845
2025-06-23,51.95,52.98,49.54,50.61,42503067.0,3042480552.0,775852385.0000001,0.054782414569750915
2025-06-24,51.1,51.93,50.44,50.82,25299114.0,1817802808.0,775852385.0000001,0.03260815393381822
2025-06-25,52.15,52.28,50.04,51.32,27956179.0,2011600844.0,775852385.0000001,0.03603285823501077
2025-06-26,52.05,53.01,51.54,51.96,38639468.0,2844284052.0,775852385.0000001,0.04980260259172883
2025-06-27,51.39,54.17,50.51,53.3,45732768.0,3398186456.0,775852385.0000001,0.058945192261025264
2025-06-30,53.87,56.7,52.2,56.67,57217592.0,4366335764.0,775852386.0,0.0737480389729703
2025-07-01,55.6,56.99,55.22,55.95,30688655.0,2431665724.0,775852386.0,0.03955476009839841
2025-07-02,54.65,54.65,52.99,53.02,29252038.0,2205262931.0,775852386.0,0.03770309730026402
2025-07-03,53.52,56.42,53.15,55.42,34680139.0,2676393765.0,775852386.0,0.04469940368270002
2025-07-04,55.42,56.33,53.59,53.64,33846430.0,2613301208.0,775852386.0,0.04362483200509227
2025-07-07,52.79,53.45,50.75,51.86,26856088.0,1957165170.0,775852386.0,0.034614945425971794
2025-07-08,51.5,59.34,51.47,58.44,59650913.0,4698423746.0,775852386.0,0.07688435851507454
2025-07-09,58.46,60.3,57.33,59.54,44278426.0,3688762915.0,775852386.0,0.05707068354623839
2025-07-10,61.15,62.84,59.7,62.1,50673869.0,4376688391.0,775852386.0,0.06531380184477514
2025-07-11,61.88,63.88,60.0,60.0,46082047.0,3999084496.0,775852386.0,0.059395379625732055
2025-07-14,59.63,61.32,59.48,60.32,25538572.0,2172447779.0,775852386.0,0.03291679249923709
2025-07-15,63.18,68.5,62.14,67.54,55403373.0,5171177454.0,775852386.0,0.07140968307855407
2025-07-16,68.02,68.12,63.88,64.04,46205720.0,4295025948.0,775852386.0,0.05955478237067637
2025-07-17,64.31,66.63,63.88,65.85,36101008.0,3335758036.0,775852386.0,0.046530768805291785
2025-07-18,66.36,69.06,64.27,64.59,37232059.0,3475125264.0,775852386.0,0.04798858606590661
2025-07-21,63.22,64.94,61.44,63.14,38686625.0,3422677445.0,775852386.0,0.04986338341943309
2025-07-22,62.83,66.6,62.6,63.6,39931496.0,3641322134.0,775852386.0,0.05146790384427586
2025-07-23,61.75,64.4,61.15,64.07,28381606.0,2519860947.0,775852386.0,0.03658119316526791
2025-07-24,65.16,65.3,61.04,61.73,34738344.0,3054590542.0,775852386.0,0.044774424396756315
2025-07-25,61.66,62.57,61.04,61.18,20251296.0,1754496990.0,775852386.0,0.026101996159872607
2025-07-28,61.25,63.1,60.76,63.03,27073377.0,2370141138.0,775852386.0,0.03489501029903387
2025-07-29,63.03,71.76,63.03,71.74,68502462.0,6611819173.0,775852386.0,0.08829316405556559
2025-07-30,69.56,72.63,69.42,72.18,38944086.0,3893319453.0,775852386.0,0.05019522618314149
2025-07-31,73.81,79.96,73.32,74.97,65715890.0,7018545018.0,775852386.0,0.08470153754222005
2025-08-01,74.53,78.78,73.04,76.57,50963391.0,5445884298.0,775852386.0,0.06568696819087955
2025-08-04,74.68,76.57,72.04,74.14,37523085.0,3878784478.0,775852386.0,0.048363690925093065
2025-08-05,75.51,75.94,71.54,73.25,31836692.0,3295768438.0,775852386.0,0.041034470698914624
2025-08-06,72.33,74.44,72.31,73.13,20227965.0,2088661024.0,775852386.0,0.026071924717906324
2025-08-07,73.11,76.19,69.73,72.4,38784444.0,3987799698.0,775852386.0,0.04998946281515979
2025-08-08,71.33,72.71,70.94,71.4,20303070.0,2052120503.0,775852386.0,0.026168727926036178
2025-08-11,70.35,75.16,70.19,73.54,38935970.0,4030146947.0,775852386.0,0.050184765430366284
2025-08-12,74.67,76.66,74.03,75.84,36191056.0,3845839271.0,775852386.0,0.04664683212045957
2025-08-13,76.51,83.75,75.88,83.18,50072483.0,5654548019.0,775852386.0,0.06453867243762011
2025-08-14,80.82,81.61,78.11,78.21,35073874.0,3936953541.0,775852386.0,0.04520689068293978
2025-08-15,77.51,79.26,75.12,76.56,36433603.0,3932173525.0,775852386.0,0.04695945215537431
2025-08-18,75.64,81.62,75.64,78.85,37869741.0,4220435069.0,775852386.0,0.04881049756802578
2025-08-19,79.5,89.79,78.44,86.58,53338953.0,6470006800.0,775852386.0,0.06874884187054624
2025-08-20,83.75,89.1,80.31,89.02,47082491.0,5676887795.0,775852386.0,0.06068485687430753
2025-08-21,88.72,90.35,83.04,84.98,37245086.0,4500364743.0,775852386.0,0.0480053766310129
2025-08-22,83.4,88.01,81.92,87.23,43037415.0,5163071573.0,775852386.0,0.05547113829459822
2025-08-25,88.72,93.33,85.88,91.81,55928776.0,7062508730.0,775852386.0,0.0720868776190114
2025-08-26,106.47,110.01,100.07,102.76,68626317.0,10074988463.0,775852386.0,0.08845280138121532
2025-08-27,105.05,112.12,104.4,106.47,52347620.0,8031580593.0,775852386.0,0.06747110783519586
2025-08-28,110.02,127.77,109.82,127.77,66565753.0,11391508821.0,775852386.0,0.08579693019079018
2025-08-29,133.37,142.58,131.31,140.91,63570875.0,12303751071.0,775852386.0,0.08193681703777089
2025-09-01,140.53,159.73,137.61,157.68,57543615.0,11878758774.0,775852386.0,0.07416825163955866
2025-09-02,154.73,159.06,138.25,141.37,70276577.0,14711730885.0,775852386.0,0.09057982970487378
2025-09-03,141.6,150.17,137.61,145.72,54161494.0,10910935949.0,775852386.0,0.0698090190573958
2025-09-04,145.5,147.63,120.66,123.26,65569250.0,12065869737.0,775852386.0,0.08451253251672027
2025-09-05,125.48,134.66,121.56,132.58,51019239.0,9164032275.0,775852386.0,0.06575895095591032
2025-09-08,129.19,129.89,117.27,122.83,48493698.0,8322599262.0,775852386.0,0.06250376859703309
2025-09-09,123.5,123.6,117.11,119.19,28759357.0,4866772194.0,775852386.0,0.037068078308391
2025-09-10,125.27,127.74,120.34,124.15,45141578.0,7867361080.0,775852386.0,0.05818320445301821
2025-09-11,127.77,143.03,125.49,140.96,62624783.0,11780144201.0,775852386.0,0.08071739435238394
2025-09-12,133.44,134.86,129.53,131.77,42450430.0,7919365211.0,775852386.0,0.0547145704079848
2025-09-15,127.76,131.45,124.92,128.5,26846949.0,4867800295.0,775852386.0,0.0346031661234074
2025-09-16,127.6,130.91,122.79,126.55,34917297.0,6187768813.0,775852386.0,0.04500507780870574
2025-09-17,126.34,130.61,123.5,129.23,33112646.0,5943900722.0,775852386.0,0.04267905415708807
2025-09-18,126.35,133.44,123.78,127.67,41036905.0,7411297766.0,775852386.0,0.05289267100352772
2025-09-19,129.68,138.79,128.56,133.79,45333156.0,8506737426.0,775852386.0,0.05843013029027406
2025-09-22,133.81,134.14,124.56,132.09,32812102.0,5990638709.0,775852386.0,0.04229168150035179
2025-09-23,138.34,141.53,128.11,135.09,38957661.0,7385389501.0,775852386.0,0.05021272306817395
2025-09-24,128.29,132.63,125.98,129.9,31158508.0,5638496139.0,775852386.0,0.04016035596750746
2025-09-25,128.09,133.1,123.52,129.82,31704581.0,5753931045.0,775852386.0,0.04086419217379322
2025-09-26,128.11,132.14,123.74,123.74,24465759.0,4366614933.0,775852386.0,0.03153403848654272
2025-09-29,121.0,126.96,121.0,125.33,22874796.0,4015696118.0,775852386.0,0.029483438361173
2025-09-30,126.25,127.26,118.86,119.43,30649883.0,5219349528.0,775852386.0,0.039504786674716755
2025-10-09,119.48,121.55,116.01,116.73,29749322.0,4975398525.0,775852386.0,0.0383440491217359
2025-10-10,116.64,117.92,111.66,112.6,28436697.0,4567733619.0,775852386.0,0.03665220022923278
2025-10-13,104.54,112.59,104.54,111.66,23231276.0,3605867410.0,775852386.0,0.029942907206577826
2025-10-14,113.2,113.89,105.34,106.01,26317544.0,3997846751.0,775852386.0,0.03392081338524104
2025-10-15,106.16,107.72,104.09,106.9,18991037.0,2827504776.0,775852386.0,0.024477642065278124
2025-10-16,106.43,110.32,106.05,107.3,22548197.0,3433119554.0,775852386.0,0.029062483285319175
2025-10-17,107.74,107.97,104.06,104.34,16290662.0,2412123516.0,775852386.0,0.020997115294042544
2025-10-20,109.55,118.55,109.54,112.43,44669183.0,7138695443.0,775852386.0,0.0575743321874633
2025-10-21,112.97,121.47,111.03,118.68,46362498.0,7616993167.0,775852386.0,0.05975685431481034
2025-10-22,116.43,130.23,116.43,127.08,52904463.0,9318979681.0,775852386.0,0.06818882554805986
2025-10-23,123.69,123.69,116.51,119.0,39220369.0,6572041662.0,775852386.0,0.050551328716284955
2025-10-24,120.73,128.11,116.3,126.69,47343060.0,8141820681.0,775852386.0,0.061020705554677514
2025-10-27,131.67,136.71,128.83,135.27,48101374.0,8979520376.0,775852386.0,0.061998100241712734
2025-10-28,132.08,140.85,130.96,134.6,38642515.0,7370174644.0,775852386.0,0.04980652982099613
2025-10-29,138.9,140.29,130.07,138.43,40054929.0,7597816867.0,775852386.0,0.05162699725202624
2025-10-30,131.67,131.67,122.04,122.43,58638272.0,10352672348.0,775852386.0,0.07557916049252184
2025-10-31,119.57,120.29,111.1,112.46,52083839.0,8374212496.0,775852386.0,0.06713111919204692
2025-11-03,109.65,111.38,107.33,110.36,31502040.0,4841846982.0,775852386.0,0.040603136071299006
2025-11-04,111.39,113.03,108.51,109.57,26954661.0,4203552356.0,775852386.0,0.03474199665604947
2025-11-05,104.63,108.9,104.54,107.87,24047807.0,3615015505.0,775852386.0,0.030995338074529036
2025-11-06,107.94,111.52,107.64,110.55,32026484.0,4937521101.0,775852386.0,0.041279094551885546
2025-11-07,108.19,130.25,107.91,124.56,78944666.0,13424959495.0,775852386.0,0.10175217273869414
2025-11-10,125.99,128.8,120.29,128.11,57184879.0,10047621040.0,775852386.0,0.07370587502453076
2025-11-11,129.62,129.79,116.58,117.85,55560870.0,9512785850.0,775852386.0,0.07161268174536489
2025-11-12,116.58,118.08,111.94,116.73,36299369.0,5881465122.0,775852386.0,0.046786437284991475
2025-11-13,116.01,117.42,113.81,115.83,25276921.0,4092989209.0,775852386.0,0.03257954922368441
2025-11-14,113.03,114.58,109.75,110.66,23956464.0,3765424502.0,775852386.0,0.030877605627418925
2025-11-17,110.66,112.79,105.32,107.4,31065548.0,4700299564.0,775852386.0,0.040040539361053146
2025-11-18,105.45,111.65,105.45,108.61,26864480.0,4117461995.0,775852386.0,0.03462576191652003
2025-11-19,108.19,112.33,107.39,109.05,28325716.0,4375737227.0,775852386.0,0.0365091562662282
2025-11-20,113.17,116.21,108.19,113.94,44677365.0,7047125516.0,775852386.0,0.05758487800796684
2025-11-21,107.47,108.9,104.63,105.57,30748189.0,4604773167.0,775852386.0,0.03963149376716617
2025-11-24,106.05,106.94,100.46,102.64,29259291.0,4250002338.0,775852386.0,0.037712445728046
2025-11-25,104.38,109.58,104.16,105.15,32486621.0,4860816134.0,775852386.0,0.04187216742025976
2025-11-26,103.11,115.18,101.55,111.71,51891380.0,7982288777.0,775852386.0,0.0668830578295083
2025-11-27,110.34,117.44,109.76,110.38,43145006.0,6873642602.0,775852386.0,0.055609812869738345
2025-11-28,113.31,115.93,110.51,112.46,36573546.0,5810938839.0,775852386.0,0.04713982538425808
2025-12-01,112.47,115.2,107.76,112.68,34961945.0,5508511003.0,775852386.0,0.04506262483801912
2025-12-02,112.81,118.71,112.81,115.29,37889830.0,6193640241.0,775852386.0,0.04883639038006387
2025-12-03,116.73,127.12,116.31,123.45,68618096.0,11779704229.0,775852386.0,0.08844220529341776
2025-12-04,121.13,135.16,120.85,133.18,65031638.0,11852268126.0,775852386.0,0.08381960173542599
2025-12-05,137.36,145.91,134.43,141.46,64856858.0,12692298117.0,775852386.0,0.08359432692393627
2025-12-08,141.46,169.75,140.97,168.61,71244488.0,16212202794.0,775852386.0,0.09182737500790518
2025-12-09,167.97,172.24,164.49,170.93,57901761.0,13739523934.0,775852386.0,0.07462986780065145
2025-12-10,169.82,171.65,163.27,167.52,47328813.0,11080655707.0,775852386.0,0.06100234252550201
2025-12-11,164.41,166.41,155.77,156.36,55296758.0,12510207084.0,775852386.0,0.07127226647466932
2025-12-12,155.8,157.47,146.29,153.14,49350869.0,10529102567.0,775852386.0,0.06360858056315882
2025-12-15,148.02,154.73,147.33,149.2,31401917.0,6616554819.0,775852386.0,0.040474087038510444
2025-12-16,146.63,149.1,140.57,141.85,28312172.0,5710291152.0,775852386.0,0.03649169933724996
2025-12-17,143.27,156.29,142.03,155.0,51481514.0,10906252650.0,775852386.0,0.06635477950312059
2025-12-18,153.19,159.47,151.76,155.74,44246053.0,9713777635.0,775852386.0,0.05702895782549027
2025-12-19,158.34,159.43,148.47,152.34,36710215.0,7914075767.0,775852386.0,0.04731597873825447
2025-12-22,155.16,161.48,152.05,158.72,57511146.0,12701678376.0,775852386.0,0.07412640218393296
2025-12-23,159.07,162.28,156.31,158.21,35195138.0,7832545148.0,775852386.0,0.04536318845579989
2025-12-24,157.46,160.57,152.94,158.77,41138680.0,9057466209.0,775852386.0,0.05302384930733461
2025-12-25,159.14,163.7,148.76,152.88,39136075.0,8474522565.0,775852386.0,0.05044268176034197
2025-12-26,152.22,154.88,149.87,151.82,22579993.0,4827757415.0,775852386.0,0.029103465307896856
2025-12-29,150.0,153.65,148.04,151.44,26202681.0,5550728643.0,775852386.0,0.03377276589312442
2025-12-30,149.4,154.73,148.17,151.23,29098714.0,6189979870.0,775852386.0,0.0375054772339129
2025-12-31,151.3,151.32,143.42,144.51,33354386.0,6850047166.0,775852386.0,0.04299063404568817
2026-01-05,147.32,147.69,142.35,144.91,29847029.0,6068351497.0,775852386.0,0.03846998416010543
2026-01-06,142.37,144.7,139.99,143.6,31135222.0,6223159605.0,775852386.0,0.04013034252626504
2026-01-07,145.91,147.18,142.27,143.9,30167064.0,6119705514.0,775852386.0,0.038882478863704883
2026-01-08,142.34,143.05,138.8,138.97,28602252.0,5630630111.0,775852386.0,0.03686558489233028
2026-01-09,136.2,143.74,134.2,141.64,34506223.0,6753897620.0,775852386.0,0.0444752424851085
2026-01-12,139.57,145.82,136.39,144.06,39465259.0,7840966592.0,775852386.0,0.05086696865555557
2026-01-13,142.63,147.53,134.2,135.23,45276189.0,8879322812.0,775852386.0,0.058356705240576526
2026-01-14,136.85,138.79,134.43,136.3,33883468.0,6482597793.0,775852386.0,0.043672570467547675
2026-01-15,134.88,140.35,133.82,137.85,37546359.0,7225350112.0,775852386.0,0.04839368889947578
2026-01-16,139.72,145.62,137.37,140.93,46004185.0,9131027263.0,775852386.0,0.05929502290658677
2026-01-19,138.0,141.32,136.09,137.52,29702940.0,5755470475.0,775852386.0,0.038284267131196266
2026-01-20,136.31,137.54,129.8,131.39,29823934.0,5543345223.0,775852386.0,0.038440216899713185
2026-01-21,130.85,136.87,130.39,134.33,25042355.0,4719369326.0,775852386.0,0.03227721593937329
2026-01-22,134.31,142.82,132.39,142.34,50805385.0,10019372626.0,775852386.0,0.06548331347143656
2026-01-23,141.63,142.31,134.02,134.63,40520070.0,7806585965.0,775852386.0,0.05222651980089419
2026-01-26,134.24,141.27,132.83,139.47,40112446.0,7782721509.0,775852386.0,0.05170113119945989
2026-01-27,140.64,155.25,139.97,149.51,59312606.0,12409043182.0,775852386.0,0.07644831293977615
2026-01-28,153.74,158.01,145.95,156.28,58109319.0,12413442900.0,775852386.0,0.07489739033940407
2026-01-29,155.87,167.19,155.62,159.43,55546329.0,12590963413.0,775852386.0,0.07159393977812681
2026-01-30,157.22,186.41,156.75,176.82,72841977.0,17577561981.0,775852386.0,0.09388638652714022
2026-02-02,177.78,184.98,166.98,169.74,61276436.0,15043330821.0,775852386.0,0.0789795031963722
2026-02-03,179.36,193.87,178.41,192.17,61994760.0,16224623748.0,775852386.0,0.07990535457346651
2026-02-04,193.6,197.15,179.36,189.79,44559033.0,11771295611.0,775852386.0,0.057432359304492746
2026-02-05,180.31,186.08,173.67,179.29,41934157.0,10483390859.0,775852386.0,0.05404914356994708
2026-02-06,180.51,190.76,172.04,180.05,49230655.0,12519907932.0,775852386.0,0.06345363614052223
2026-02-09,197.15,216.06,189.4,212.03,57364184.0,16568274351.0,775852386.0,0.0739369821310313
2026-02-10,207.44,214.44,201.44,204.89,33120344.0,9627866725.0,775852386.0,0.042688976147583824
2026-02-11,204.13,212.98,202.85,205.34,34636431.0,10085141018.0,775852386.0,0.04464306822406292
2026-02-12,213.52,237.57,210.18,234.88,48295688.0,15386242512.0,775852386.0,0.06224855252297955
2026-02-13,230.29,233.45,219.93,221.77,29947830.0,9414400814.0,775852386.0,0.03859990707046688
2026-02-24,233.45,255.47,233.45,249.83,36235869.0,12633094249.0,775852386.0,0.046704591819093796
2026-02-25,250.76,252.67,234.04,243.07,33260648.0,11301342208.0,775852386.0,0.04286981467116349
2026-02-26,244.84,268.55,244.84,257.67,43393452.0,15656481423.0,775852386.0,0.05593003615509923
2026-02-27,242.72,267.69,242.18,262.42,40681186.0,14431330233.0,775852386.0,0.0524341830148087
2026-03-02,261.11,276.83,246.7,249.11,54311441.0,19834946318.0,775852386.0,0.07000228649164714
2026-03-03,259.66,259.78,236.66,238.12,44529444.0,15297134358.0,775852386.0,0.05739422189519438
2026-03-04,233.67,244.19,230.61,238.83,28805559.0,9636781875.0,775852386.0,0.03712762829603517
2026-03-05,243.42,246.24,231.37,238.29,32785993.0,10989892283.0,775852386.0,0.04225802948036561
2026-03-06,238.13,239.36,226.34,229.81,33215376.0,10746899823.0,775852386.0,0.04281146336514585
2026-03-09,218.33,220.98,207.83,218.48,37896546.0,11365858276.0,775852386.0,0.0488450466658744
2026-03-10,234.16,243.33,231.33,242.34,38050810.0,12745689257.0,775852386.0,0.04904387830290181
2026-03-11,243.91,245.15,234.38,235.59,26757383.0,8972869883.0,775852386.0,0.034487724060437444
2026-03-12,235.59,239.72,223.92,237.75,35686105.0,11618752972.0,775852386.0,0.045995998264546166
2026-03-13,230.02,237.25,229.27,231.32,22443274.0,7335764290.0,775852386.0,0.028927247508651728
2026-03-16,231.36,232.46,214.49,221.47,35200377.0,10867879815.0,775852386.0,0.04536994102896269
2026-03-17,204.98,205.94,197.28,199.29,53235521.0,15067247325.0,775852386.0,0.06861552785119616
2026-03-18,209.25,216.97,208.54,215.87,46077089.0,13768828780.0,775852386.0,0.05938898923486716
2026-03-19,217.49,225.34,214.24,219.21,32108894.0,9918125589.0,775852386.0,0.04138531321085607
2026-03-20,238.44,239.6,222.07,222.07,40079712.0,12865931754.0,775852386.0,0.05165894018401588
2026-03-23,213.57,219.93,210.41,212.45,27429509.0,8272528785.0,775852386.0,0.03535403060550748
2026-03-24,212.45,219.84,206.76,212.61,30854779.0,9187521646.0,775852386.0,0.03976887814842655
2026-03-25,222.78,235.94,222.19,226.41,38314905.0,12238824634.0,775852386.0,0.04938427166221282
2026-03-26,226.46,241.28,225.47,231.32,40107683.0,13268658181.0,775852386.0,0.05169499214506508
2026-03-27,221.35,231.92,215.13,226.05,28874283.0,9091954233.0,775852386.0,0.037216207001521034
2026-03-30,223.6,229.18,219.22,225.49,23107891.0,7287911307.0,775852386.0,0.029783875666266238
2026-03-31,219.65,224.91,212.26,214.66,27057578.0,8240526192.0,775852386.0,0.03487464688933753
2026-04-01,225.39,238.35,222.7,237.25,42199906.0,13679978951.0,775852386.0,0.05439166877808635
2026-04-02,234.24,239.18,227.76,229.75,28192414.0,9179362976.0,775852386.0,0.03633734265528185
2026-04-03,240.34,245.13,237.44,237.62,31923815.0,10807630420.0,775852386.0,0.04114676396703122
2026-04-07,237.74,239.74,224.09,225.88,32900772.0,10604997154.0,775852386.0,0.04240596870446436
2026-04-08,234.88,241.52,227.76,239.86,46413227.0,15397783103.0,775852386.0,0.05982223917527528
2026-04-09,239.87,256.02,235.68,246.91,48490191.0,16728771470.0,775852386.0,0.06249924840728659
2026-04-10,246.91,259.82,242.99,255.45,48505297.0,17199782790.0,775852386.0,0.06251871860583541
2026-04-13,251.96,254.3,242.71,249.82,37461830.0,13073919548.0,775852386.0,0.04828473905086373
2026-04-14,250.75,258.36,244.7,246.15,44778674.0,15719189943.0,775852386.0,0.05771545568205548
2026-04-15,246.15,247.68,233.1,235.35,41512375.0,13971866475.0,775852386.0,0.05350550665188004
2026-04-16,233.45,256.07,231.78,253.08,48574093.0,16798538839.0,775852386.0,0.06260739011247947
2026-04-17,257.57,273.07,256.33,269.95,45606946.0,17079362425.0,775852386.0,0.05878301958331543
2026-04-20,267.73,276.16,261.22,266.55,40453078.0,15195412264.0,775852386.0,0.05214017347882462
2026-04-21,245.57,263.98,245.55,251.25,55199596.0,19630021899.0,775852386.0,0.07114703388951103
2026-04-22,246.73,270.82,243.42,267.2,51932998.0,18905961643.0,775852386.0,0.06693669947674814
2026-04-23,267.33,269.04,244.49,249.18,55754951.0,19837910675.0,775852386.0,0.07186283371177259
2026-04-24,243.65,246.31,225.13,230.51,55141055.0,18056053866.0,777597276.0,0.07091209897705454
2026-04-27,231.32,237.0,226.26,229.36,35815190.0,11633657947.0,777597276.0,0.04605879046314972
2026-04-28,228.56,228.93,219.08,220.5,34565241.0,10803692463.0,777597276.0,0.0444513401304662
2026-04-29,217.08,225.98,217.08,221.42,25408207.0,7938064476.0,777597276.0,0.032675277787367146
2026-04-30,222.68,224.13,217.08,218.86,23598894.0,7267276034.0,777597276.0,0.030348478226922184
2026-05-06,222.67,239.56,221.35,225.03,54066798.0,17549577560.0,777597276.0,0.0695305907938906
2026-05-07,229.18,235.59,217.08,233.55,58169647.0,18582430318.0,777597276.0,0.07480690685958627
2026-05-08,228.57,238.53,227.76,232.24,35660918.0,11690928154.0,777597276.0,0.04586039470642384
2026-05-11,237.25,238.44,226.41,236.24,46423178.0,15270518541.0,777597276.0,0.05970079812882472
2026-05-12,241.99,248.61,239.37,243.74,50592092.0,17372963275.0,777597276.0,0.06506207462588899
2026-05-13,243.74,273.16,243.63,269.18,72625202.0,26396649404.0,777597276.0,0.09339693468782162
2026-05-14,280.8,289.37,272.6,279.01,67986602.0,26939930631.0,777597276.0,0.08743163601308707
2026-05-15,285.41,294.72,271.82,284.69,67609568.0,26926522821.0,777597276.0,0.08694676548738321
2026-05-18,276.86,280.57,263.35,273.99,54348965.0,20863411792.0,777597276.0,0.06989346114941894
2026-05-19,267.67,268.33,247.07,258.36,54619126.0,19608345147.0,777597276.0,0.07024089163604529
2026-05-20,256.42,262.63,249.82,255.51,41624427.0,14909383120.0,777597276.0,0.05352954322849248
2026-05-21,256.37,259.48,239.13,240.01,41830514.0,14759278455.0,777597276.0,0.05379457373510655
2026-05-22,246.26,266.91,245.68,265.13,57291558.0,20691160951.0,777597276.0,0.07367767322271329
2026-05-25,265.41,283.11,257.35,282.39,52432152.0,20105294385.0,777597276.0,0.06742841521991134
2026-05-26,283.99,291.82,279.72,289.51,47298006.0,19001726190.0,777597276.0,0.06082583807816734
2026-05-27,287.51,316.47,286.0,305.06,51827703.0,22153139734.0,777597276.0,0.0666510861079714
2026-05-28,304.34,320.39,291.1,318.55,48823693.0,20991962587.0,777597276.0,0.0627878909905029
2026-05-29,332.39,350.45,321.71,323.99,61505539.0,28927133765.0,777597276.0,0.07909690645572684
2026-06-01,327.23,331.46,304.9,305.25,44124299.0,19427735853.0,777597276.0,0.056744410457528406
2026-06-02,309.67,329.55,302.12,325.27,47525815.0,21081925809.0,777597276.0,0.061118803353421215
2026-06-03,356.59,373.67,343.77,354.01,59936994.0,30156692486.0,777597276.0,0.07707973760957465
2026-06-04,340.86,349.68,339.41,341.96,35297613.0,17054436606.0,777597276.0,0.045393179849565216
2026-06-05,343.77,357.2,319.57,325.27,47120647.0,22474176090.0,777420036.0,0.060611567515607485
2026-06-08,312.46,315.15,295.89,302.57,42123400.0,18150638664.0,777420036.0,0.054183579081308886
2026-06-09,311.66,317.15,305.7,315.96,35077272.0,15398699160.0,777420036.0,0.045120102873191195
2026-06-10,297.51,302.49,286.86,292.59,44779655.0,18432385534.0,777420036.0,0.0576003356311748
2026-06-11,293.61,302.39,286.12,293.45,33328689.0,13779259437.0,777420036.0,0.04287089019660924
2026-06-12,302.46,304.43,280.43,280.43,47428885.0,13857715112.0,1088388050.0,0.04357718278880405
2026-06-15,286.03,305.55,276.66,304.47,54172844.0,15995582707.0,1088388050.0,0.04977346452857508
2026-06-16,310.98,330.99,305.44,324.11,57837929.0,18459969584.0,1088388050.0,0.05314090778560092
2026-06-17,317.41,329.36,314.41,328.72,46702733.0,15113944018.0,1088388050.0,0.04291000163039276
2026-06-18,324.4,339.86,323.4,335.97,49185066.0,16497038463.0,1088388050.0,0.045190744238693174
2026-06-22,337.37,338.27,315.4,325.51,61927226.0,20287301974.0,1088388050.0,0.056898112764101005
2026-06-23,325.51,325.51,307.67,310.48,45830920.0,14429776922.0,1088388050.0,0.04210898860934756
2026-06-24,310.47,325.39,305.43,324.68,45143207.0,14141642559.0,1088388050.0,0.04147712481775227
2026-06-25,317.49,345.36,311.42,341.33,79669020.0,25921063835.0,1088388050.0,0.07319909475301571
2026-06-26,330.38,334.06,316.21,317.41,48193304.0,15661790121.0,1088388050.0,0.044279523282160255
2026-06-29,308.43,313.41,288.32,294.6,52800062.0,15863954431.0,1088388050.0,0.048512166226007354
2026-06-30,294.45,309.31,289.48,302.12,42389181.0,12828514407.0,1088388049.0,0.03894675344785966
2026-07-01,300.44,303.43,279.48,284.47,56185594.0,16319002368.0,1088388049.0,0.05162275904409531
2026-07-02,270.5,271.49,249.55,250.3,52924350.0,13743261691.0,1088388049.0,0.048626360835757394
2026-07-03,251.53,259.95,245.48,249.64,40281926.0,10208258741.0,1088388049.0,0.0370106287339434
2026-07-06,250.11,253.52,231.02,236.56,46315721.0,11108718097.0,1088388049.0,0.04255441893408736
2026-07-07,236.56,246.04,234.22,243.64,42411642.0,10210084576.0,1088388049.0,0.03896739038890347
2026-07-08,245.55,252.73,239.75,245.22,43255515.0,10728540526.0,1088388049.0,0.03974273241951042
2026-07-09,252.03,272.43,248.07,271.0,55610243.0,14467440780.0,1088388049.0,0.05109413232816561
2026-07-10,280.48,291.26,270.41,270.62,64623102.0,18290722004.0,1088388049.0,0.0593750565888472
2026-07-13,261.51,277.25,255.11,258.83,38688620.0,10253310022.0,1088388049.0,0.0355467151955102
2026-07-14,256.82,275.65,251.53,273.0,47796023.0,12760497502.0,1088388049.0,0.04391450553312718
2026-07-15,274.49,275.45,258.4,258.92,34731205.0,9172900085.0,1088388049.0,0.03191068206960806
2026-07-16,245.06,256.53,239.43,243.68,35278808.0,8752272466.0,1088388049.0,0.03241381420203374
2026-07-17,238.24,240.55,206.62,210.98,54657457.0,11962382322.0,1088388049.0,0.05021872212784652
2026-07-20,224.58,227.29,199.63,213.14,52186527.0,11211419029.0,1088388049.0,0.047948456479238684
2026-07-21,214.8,231.67,187.73,230.57,64907914.0,13858692755.0,1088388049.0,0.05963673899179318
2026-07-22,227.58,232.75,216.8,217.23,42035505.0,9507466765.0,1088388049.0,0.038621799493867834
2026-07-23,221.6,223.58,210.14,211.7,28683816.0,6193269172.0,1088388049.0,0.026354401838897812
2026-07-24,208.68,212.1,202.74,203.03,25501446.0,5266409036.0,1088388049.0,0.023430472268994935
2026-07-27,201.38,209.93,199.73,208.8,25824540.0,5315441286.0,1088388049.0,0.023727327788767367
2026-07-28,197.74,202.6,179.68,181.22,44577471.0,8504078196.0,1088388049.0,0.04095733230529068
2026-07-29,182.16,184.73,170.31,181.75,43360343.0,7741166875.0,1088388049.0,0.039839047332281025
2026-07-30,179.7,180.42,155.26,159.8,57897643.0,9547345850.0,1088388049.0,0.053195772457439026
2026-07-31,179.67,184.69,170.61,170.69,54885655.0,9840887549.0,1088388049.0,0.05042838815662152
2026-08-03,170.65,187.15,168.19,180.16,55997780.0,10029332108.0,1088388049.0,0.051450197428619504
2026-08-04,189.63,215.6,187.83,211.61,78330255.0,15872876094.0,1088388049.0,0.07196905099423781
2026-08-05,197.63,217.79,192.64,216.45,85953720.0,17769307345.0,1088388049.0,0.07897341401256051
2026-08-06,207.61,227.58,201.62,224.86,67750080.0,14710774339.0,1088388049.0,0.06224809254589674
2026-08-07,229.57,236.38,224.54,230.25,60993190.0,14070341421.0,1088388049.0,0.056039929927602504
2026-08-10,232.78,234.56,216.28,222.62,46671754.0,10437271281.0,1088388049.0,0.042881538475988905
2026-08-11,217.81,228.16,216.48,222.08,31868260.0,7116847851.0,1088388049.0,0.02928023697915485
2026-08-12,223.59,248.04,221.58,239.6,53473690.0,12718552010.0,1088388049.0,0.04913108890632444
2026-08-13,249.64,270.9,249.64,256.68,64679462.0,16858879504.0,1088388049.0,0.059426839590371136
2026-08-14,261.52,267.21,251.53,267.21,52489133.0,13734994212.0,1088388049.0,0.048226487830536624
2026-08-17,277.48,291.26,274.08,286.03,63159304.0,17899142474.0,1088388049.0,0.05803013369912517
2026-08-18,287.46,294.45,278.84,290.9,54769227.0,15715979196.0,1088388049.0,0.050321415280442865
2026-08-19,271.49,289.16,267.39,276.88,63165195.0,17560184987.0,1088388049.0,0.05803554629071456
2026-08-20,281.97,283.47,260.02,275.74,51737392.0,14195536272.0,1088388049.0,0.047535795755508155
2026-08-21,275.59,287.46,269.15,272.57,50444269.0,14055654906.0,1088388049.0,0.046347687340326536
2026-08-24,268.38,270.44,240.55,249.04,64477787.0,16345220667.0,1088388049.0,0.05924154262741266
2026-08-25,249.04,264.23,241.35,256.62,45109706.0,11415328785.0,1088388049.0,0.0414463444737806
2026-08-26,256.49,256.49,244.55,253.11,36821448.0,9292994936.0,1088388049.0,0.03383117632891244
2026-08-27,257.91,276.15,256.0,266.66,51943008.0,13829216739.0,1088388049.0,0.04772471366965552
2026-08-28,265.71,274.48,261.43,263.09,33895960.0,9104490089.0,1088388049.0,0.03114326735868082
2026-08-31,254.54,264.1,253.21,262.51,28695969.0,7462734270.0,1088388049.0,0.02636556789314764
2026-09-01,260.56,261.46,246.74,251.3,33052109.0,8348735682.0,1088388049.0,0.030367945541452744
2026-09-02,247.4,255.21,237.36,249.54,41634547.0,10214252789.0,1088388049.0,0.03825340331350882
2026-09-03,252.53,253.52,243.51,248.35,25488817.0,6318995690.0,1088388049.0,0.023418868870729397
2026-09-04,251.54,262.19,245.56,248.24,38589218.0,9832958464.0,1088388049.0,0.035455385637002707
2026-09-07,255.74,268.37,253.93,266.5,51929384.0,13606540720.0,1088388049.0,0.047712196075390755
2026-09-08,264.61,272.82,256.32,258.02,41093472.0,10887698529.0,1088388049.0,0.03775626904187001
2026-09-09,269.5,270.38,255.65,257.55,30059593.0,7907332901.0,1088388049.0,0.02761845191852157
2026-09-10,253.45,276.48,252.6,268.5,50983659.0,13799920488.0,1088388049.0,0.046843273450901335
2026-09-11,263.51,270.39,254.13,261.47,45544402.0,11968351184.0,1088388049.0,0.04184573878943796
2026-09-14,254.18,267.08,249.55,256.48,32658302.0,8420705689.0,1088388049.0,0.030006119628018812
2026-09-15,255.06,263.49,248.14,256.9,31662912.0,8138165037.0,1088388049.0,0.029091565300713808
2026-09-16,258.13,273.44,256.45,268.49,42987747.0,11499354969.0,1088388049.0,0.03949670987245469
2026-09-17,268.54,282.6,268.54,277.65,45635249.0,12686236587.0,1088388049.0,0.04192920809993201
2026-09-18,283.67,292.07,278.68,284.66,45606936.0,13043385387.0,1088388049.0,0.041903194400106834
2026-09-21,286.17,290.95,276.88,279.26,34392788.0,9672715280.0,1088388049.0,0.03159974793144756
2026-09-22,284.93,284.93,275.0,275.84,28636142.0,8004889633.0,1088388049.0,0.026310599446870628
2026-09-23,277.0,281.0,271.3,275.4,23625628.0,6525434227.0,1088388049.0,0.02170698954449839
