date,open,high,low,close,volume,amount,outstanding_share,turnover
2017-06-15,5.45,6.54,5.45,6.54,15401.0,102269.0,54690000.0,0.00028160541232400804
2017-06-16,7.2,7.2,7.2,7.2,5176.0,38044.0,54690000.0,9.464253062717133e-05
2017-06-19,7.92,7.92,7.92,7.92,4800.0,38832.0,54690000.0,8.77674163466813e-05
2017-06-20,8.71,8.71,8.71,8.71,3108.0,27661.0,54690000.0,5.682940208447614e-05
2017-06-21,9.58,9.58,9.58,9.58,8926.0,87386.0,54690000.0,0.00016321082464801608
2017-06-22,10.54,10.54,10.54,10.54,34704.0,373762.0,54690000.0,0.0006345584201865057
2017-06-23,11.6,11.6,11.6,11.6,44678.0,529434.0,54690000.0,0.0008169317974035473
2017-06-26,12.77,12.77,12.77,12.77,50054.0,652704.0,54690000.0,0.0009152313037118303
2017-06-27,14.04,14.04,14.04,14.04,115256.0,1652771.0,54690000.0,0.0021074419455110625
2017-06-28,15.44,15.44,15.44,15.44,152002.0,2397072.0,54690000.0,0.002779338087401719
2017-06-29,16.99,16.99,16.99,16.99,127151.0,2206070.0,54690000.0,0.002324940574145182
2017-06-30,18.69,18.69,18.69,18.69,239793.0,4577648.0,54690000.0,0.0043845858475041145
2017-07-03,20.56,20.56,20.56,20.56,338828.0,7115388.0,54690000.0,0.0061954287803986105
2017-07-04,22.61,22.61,22.61,22.61,603481.0,13940411.0,54690000.0,0.011034576705064912
2017-07-05,24.88,24.88,24.88,24.88,1145052.0,29095771.0,54690000.0,0.02093713658804169
2017-07-06,27.36,27.36,27.36,27.36,464173.0,12973635.0,54690000.0,0.008487346864143354
2017-07-07,30.1,30.1,30.1,30.1,7850392.0,241399554.0,54690000.0,0.14354346315597002
2017-07-10,31.72,31.72,28.49,28.86,31974187.0,982818166.0,54690000.0,0.5846441214115926
2017-07-11,28.38,29.14,26.33,26.82,20952947.0,587487634.0,54690000.0,0.38312208813311394
2017-07-12,27.12,28.71,26.35,28.23,18265817.0,514732411.0,54690000.0,0.33398824282318523
2017-07-13,27.77,27.97,25.77,25.94,14243996.0,387852123.0,54690000.0,0.2604497348692631
2017-07-14,25.56,26.63,25.46,25.61,7751291.0,205630006.0,54690000.0,0.14173141342110074
2017-07-17,24.38,24.9,23.05,23.05,12052517.0,292309035.0,54690000.0,0.22037880782592795
2017-07-18,22.86,23.71,22.55,23.02,8370486.0,198751839.0,54690000.0,0.1530533187054306
2017-07-19,22.52,25.32,21.88,24.28,16384288.0,406959742.0,54690000.0,0.29958471384165297
2017-07-20,25.08,26.71,25.06,26.71,23256961.0,625855321.0,54690000.0,0.4252507039678186
2017-07-21,25.47,25.93,24.56,24.56,17937480.0,463717324.0,54690000.0,0.32798464070213934
2017-07-24,24.57,27.02,24.0,27.02,15034723.0,392725645.0,54690000.0,0.27490808191625526
2017-07-25,27.09,29.64,26.35,27.89,25462093.0,723331714.0,54690000.0,0.46557127445602486
2017-07-26,28.19,30.62,27.52,30.21,22149725.0,664867313.0,54690000.0,0.40500502834156155
2017-07-27,29.66,33.24,28.6,32.85,24748535.0,782964448.0,54690000.0,0.45252395319071126
2017-07-28,32.39,32.97,30.69,31.23,18157383.0,590481552.0,54690000.0,0.3320055403181569
2017-07-31,31.04,32.29,30.75,31.09,13339403.0,428858836.0,54690000.0,0.24390936185774365
2017-08-01,30.13,30.13,27.98,28.47,17179174.0,509125172.0,54690000.0,0.31411910769793383
2017-08-02,28.39,29.5,28.21,29.03,11649540.0,344094205.0,54690000.0,0.21301042238069118
2017-08-03,28.54,29.64,27.71,27.8,10129568.0,296121205.0,54690000.0,0.18521791918083744
2017-08-04,27.5,28.11,26.48,26.58,9470689.0,263921075.0,54690000.0,0.1731703967818614
2017-08-07,26.64,27.97,26.63,27.78,8136832.0,228948360.0,54690000.0,0.14878098372645823
2017-08-08,27.41,30.14,26.92,29.38,13849025.0,406204650.0,54690000.0,0.2532277381605412
2017-08-09,29.37,30.66,28.73,29.13,10702149.0,325396069.0,54690000.0,0.1956874931431706
2017-08-10,29.13,30.51,28.41,29.92,12105757.0,365887357.0,54690000.0,0.2213522947522399
2017-08-11,29.37,30.76,29.15,29.37,9087858.0,277349137.0,54690000.0,0.166170378496983
2017-08-14,29.28,30.5,28.88,29.42,9338328.0,284224711.0,54690000.0,0.17075019199122327
2017-08-15,29.1,31.05,29.06,31.05,11315756.0,345458242.0,54690000.0,0.2069072225269702
2017-08-16,30.54,31.81,30.26,30.78,11697807.0,370327736.0,54690000.0,0.21389297860669226
2017-08-17,30.31,31.02,29.37,29.5,9949538.0,306418254.0,54690000.0,0.18192609252148473
2017-08-18,28.95,29.65,28.83,29.1,6271948.0,186817813.0,54690000.0,0.11468180654598648
2017-08-21,29.79,30.81,29.56,30.54,9021691.0,278983419.0,54690000.0,0.1649605229475224
2017-08-22,30.25,30.66,29.67,29.92,7173430.0,220577767.0,54690000.0,0.13116529530078624
2017-08-23,29.54,32.91,29.53,32.91,11570025.0,371390803.0,54690000.0,0.21155650027427317
2017-08-24,33.24,35.87,32.32,32.57,19863819.0,685477018.0,54690000.0,0.3632075150850247
2017-08-25,31.95,34.65,31.22,33.56,14473093.0,486824844.0,54690000.0,0.26463874565734136
2017-08-28,33.19,35.72,32.63,34.82,14087061.0,492889878.0,54690000.0,0.25758019747668676
2017-08-29,34.26,35.66,32.98,33.27,12600076.0,443596970.0,54690000.0,0.23039085756079722
2017-08-30,32.31,33.52,32.06,32.21,8549806.0,284533420.0,54690000.0,0.1563321631011154
2017-08-31,32.46,33.45,32.46,33.3,7357576.0,248315906.0,54690000.0,0.13453238251965624
2017-09-01,33.78,34.23,31.89,33.04,10719581.0,359294287.0,54690000.0,0.1960062351435363
2017-09-04,32.63,36.35,32.29,35.24,14404862.0,511966441.0,54690000.0,0.2633911501188517
2017-09-05,34.75,37.69,34.33,36.58,14486882.0,537860962.0,54690000.0,0.2648908758456756
2017-09-06,35.91,37.33,35.6,36.21,10542753.0,391552820.0,54690000.0,0.19277295666483818
2017-09-07,36.22,38.45,36.08,36.17,13084344.0,496755212.0,54690000.0,0.2392456390565003
2017-09-08,35.86,36.03,34.75,35.05,9855721.0,353971625.0,54690000.0,0.18021066008411044
2017-09-11,34.86,35.73,34.75,35.32,5537626.0,200160955.0,54690000.0,0.10125481806545987
2017-09-12,35.29,35.83,34.77,35.69,7133816.0,257219419.0,54690000.0,0.13044095812762846
2017-09-13,35.27,36.81,35.27,36.11,5896933.0,217569305.0,54690000.0,0.10782470287072592
2017-09-14,35.83,36.18,34.26,34.55,7742110.0,278015062.0,54690000.0,0.14156353995245932
2017-09-15,34.31,34.82,33.02,33.29,5923957.0,204651594.0,54690000.0,0.10831883342475773
2017-09-18,33.07,33.84,33.07,33.66,3042988.0,104540405.0,54690000.0,0.05564066556957396
2017-09-19,34.24,34.74,33.29,33.84,4333677.0,151171612.0,54690000.0,0.07924075699396599
2017-09-20,34.31,37.23,34.29,37.23,12093956.0,446897915.0,54690000.0,0.2211365149021759
2017-09-21,40.14,40.95,39.14,40.95,9596896.0,396226065.0,54690000.0,0.17547807643079175
2017-09-22,42.1,45.04,41.12,45.04,16889340.0,743071956.0,54690000.0,0.30881952825013714
2017-09-25,47.95,49.55,46.22,46.89,22052466.0,1074714727.0,54690000.0,0.4032266593527153
2017-09-26,45.24,45.52,43.08,45.03,16572036.0,751780397.0,54690000.0,0.30301766319253975
2017-09-27,45.14,46.95,44.42,45.09,13749349.0,642672124.0,54690000.0,0.25140517462058876
2017-09-28,43.09,48.92,42.84,47.71,17773433.0,839291819.0,54690000.0,0.3249850612543427
2017-09-29,46.4,47.92,45.53,46.41,11776181.0,561188541.0,54690000.0,0.21532603766684952
2017-10-09,46.99,50.8,44.78,49.13,14643033.0,719721691.0,54690000.0,0.267746077893582
2017-10-10,48.41,52.38,47.48,50.36,12391812.0,628217905.0,54690000.0,0.22658277564454196
2017-10-11,49.15,54.32,47.93,48.07,15283548.0,801762157.0,54690000.0,0.2794578167855184
2017-10-12,47.0,50.42,47.0,48.83,9634761.0,480702126.0,54690000.0,0.17617043335161822
2017-10-13,49.08,49.5,47.34,47.61,6814161.0,334400423.0,54690000.0,0.12459610532089961
2017-10-16,46.48,47.66,44.5,44.65,8594846.0,401776151.0,54690000.0,0.15715571402450174
2017-10-17,45.12,46.5,44.35,46.12,5549794.0,259627398.0,54690000.0,0.1014773084658987
2017-10-18,46.11,50.73,46.01,50.22,14971643.0,762405283.0,54690000.0,0.27375467178643265
2017-10-19,49.93,50.96,48.34,50.19,9826155.0,500759905.0,54690000.0,0.1796700493691717
2017-10-20,50.03,50.61,47.97,48.8,7747466.0,386648559.0,54690000.0,0.14166147376119947
2017-10-23,48.47,52.38,48.46,51.48,9649338.0,502910429.0,54690000.0,0.17643697202413605
2017-10-24,50.63,53.49,50.36,52.0,8993707.0,476416371.0,54690000.0,0.16444883891022125
2017-10-25,51.69,52.43,51.01,51.88,5912205.0,311356166.0,54690000.0,0.1081039495337356
2017-10-26,52.33,56.78,52.23,55.22,11039930.0,617959179.0,54690000.0,0.2018637776558786
2017-10-27,54.96,57.64,53.26,53.83,12956191.0,730152310.0,54690000.0,0.23690237703419273
2017-10-30,52.76,56.55,51.9,55.01,10013215.0,555500364.0,54690000.0,0.18309041872371548
2017-10-31,54.63,60.51,54.24,60.51,12603477.0,742089203.0,54690000.0,0.23045304443225453
2017-11-01,61.68,64.21,59.23,62.64,14053475.0,884883800.0,54690000.0,0.25696608155055767
2017-11-02,61.68,65.76,61.48,61.49,13241314.0,856152548.0,54690000.0,0.2421158164198208
2017-11-03,60.97,63.83,60.7,63.29,10587472.0,673714796.0,54690000.0,0.19359063814225635
2017-11-06,65.4,69.63,64.12,69.63,11751360.0,807861188.0,54690000.0,0.21487218869994515
2017-11-07,70.33,72.1,67.65,70.28,12750003.0,906956280.0,54690000.0,0.2331322545255074
2017-11-08,68.53,72.25,68.33,69.49,9851514.0,706890794.0,54690000.0,0.18013373560065826
2017-11-09,68.53,70.53,67.58,68.57,8416336.0,592411206.0,54690000.0,0.15389168038032547
2017-11-10,68.65,73.42,68.65,71.4,10357028.0,758687961.0,54690000.0,0.1893769976229658
2017-11-13,72.25,78.53,71.27,78.53,10793755.0,833744784.0,54690000.0,0.1973624977143902
2017-11-14,78.01,86.33,77.55,80.79,17853493.0,1494777255.0,54690000.0,0.3264489486194917
2017-11-23,75.38,79.56,72.71,72.71,11873062.0,919256146.0,54690000.0,0.21709749497165845
2017-11-24,68.63,72.69,65.44,65.45,14352996.0,998568651.0,54690000.0,0.262442786615469
2017-11-27,64.92,68.31,63.28,66.6,10187644.0,688102422.0,54690000.0,0.18627983177911867
2017-11-28,66.18,70.46,65.49,69.76,10798314.0,747298507.0,54690000.0,0.19744585847504115
2017-11-29,68.53,68.97,62.78,62.82,12669133.0,836585845.0,54690000.0,0.23165355640884988
2017-11-30,60.99,64.12,59.92,61.28,10112648.0,638684688.0,54690000.0,0.18490853903821539
2017-12-01,61.28,63.53,60.3,61.63,8190611.0,521225175.0,54690000.0,0.14976432620223076
2017-12-04,60.21,60.65,55.47,55.47,10569214.0,614090832.0,54690000.0,0.19325679283232766
2017-12-05,54.04,55.98,52.88,54.92,9210143.0,510200370.0,54690000.0,0.16840634485280673
2017-12-06,54.91,60.1,53.94,58.69,13310341.0,773164914.0,54690000.0,0.2433779667215213
2017-12-07,57.76,59.91,57.02,58.05,11179037.0,668444119.0,54690000.0,0.20440733223624064
2017-12-08,57.52,62.34,57.47,60.28,11573771.0,715708970.0,54690000.0,0.2116249954287804
2017-12-11,59.39,61.01,59.39,60.54,7667524.0,471018178.0,54690000.0,0.14019974401170232
2017-12-12,60.01,62.25,59.48,60.77,8444475.0,527286266.0,54690000.0,0.1544061985737795
2017-12-13,60.43,62.25,60.43,61.6,6535871.0,410059167.0,54690000.0,0.1195076065094167
2017-12-14,61.38,67.76,61.28,67.76,13935300.0,924975197.0,54690000.0,0.2548052660449808
2017-12-15,68.73,69.65,65.26,67.29,13710516.0,949142896.0,54690000.0,0.25069511793746574
2017-12-18,66.13,67.06,61.31,61.62,9787513.0,634895966.0,54690000.0,0.1789634850978241
2017-12-19,61.8,67.75,61.8,66.06,11033267.0,739979256.0,54690000.0,0.20174194551106236
2017-12-20,65.01,69.61,63.15,68.49,13224190.0,895702137.0,54690000.0,0.24180270616200403
2017-12-21,67.54,71.44,67.07,68.53,12837995.0,912467371.0,54690000.0,0.23474117754616933
2017-12-22,68.58,70.98,68.53,70.29,9566432.0,681856165.0,54690000.0,0.17492104589504479
2017-12-25,69.57,71.86,68.68,70.49,8160044.0,586930609.0,54690000.0,0.14920541232400805
2017-12-26,70.2,71.95,67.55,71.02,10100130.0,724647941.0,54690000.0,0.18467964893033462
2017-12-27,70.36,70.88,65.4,66.26,9322632.0,650349027.0,54690000.0,0.1704631925397696
2017-12-28,65.69,69.07,64.61,65.79,7283734.0,499780956.0,54690000.0,0.133182190528433
2017-12-29,66.36,69.5,66.34,67.72,8063161.0,560333415.0,54690000.0,0.1474339184494423
2018-01-02,68.82,69.07,66.08,67.76,5723544.0,394898981.0,54690000.0,0.10465430608886452
2018-01-03,67.79,68.22,66.08,67.35,5874653.0,401966738.0,54690000.0,0.10741731577985006
2018-01-04,67.31,71.13,67.31,70.19,10599954.0,752060825.0,54690000.0,0.19381886999451453
2018-01-05,69.51,69.6,67.06,67.42,8088378.0,562948933.0,54690000.0,0.1478950082281953
2018-01-08,66.57,67.87,65.28,66.83,5410050.0,366179197.0,54690000.0,0.09892210641799232
2018-01-09,66.47,68.03,66.43,66.94,4327717.0,297114891.0,54690000.0,0.07913177911866887
2018-01-10,66.55,66.93,64.1,64.54,5796826.0,386474500.0,54690000.0,0.10599425854818066
2018-01-11,64.22,66.95,62.98,65.16,5524664.0,367588718.0,54690000.0,0.10101780947156701
2018-01-12,63.63,66.18,63.19,63.66,4361707.0,287553029.0,54690000.0,0.0797532821356738
2018-01-15,62.96,64.49,57.37,57.78,7630248.0,469020816.0,54690000.0,0.13951815688425673
2018-01-16,57.64,59.18,57.37,58.35,5057850.0,300988742.0,54690000.0,0.09248217224355458
2018-01-17,58.15,61.19,57.76,60.12,6524407.0,399546962.0,54690000.0,0.11929798866337539
2018-01-18,59.42,60.26,58.23,58.53,3641650.0,219323374.0,54690000.0,0.06658712744560248
2018-01-19,58.66,59.96,57.86,57.98,3202155.0,192260060.0,54690000.0,0.058551014810751506
2018-01-22,57.36,57.47,52.43,56.28,4800454.0,271941973.0,54690000.0,0.08777571768147742
2018-01-23,56.46,57.09,54.92,56.66,3416386.0,196315023.0,54690000.0,0.062468202596452735
2018-01-24,56.29,59.39,55.52,58.64,5819890.0,344139803.0,54690000.0,0.10641598098372645
2018-01-25,58.26,59.7,57.18,57.32,4162800.0,249334849.0,54690000.0,0.07611629182665935
2018-01-26,56.51,58.02,55.29,55.33,3369308.0,193394356.0,54690000.0,0.06160738709087585
2018-01-29,55.12,55.77,51.15,52.71,4410347.0,240034169.0,54690000.0,0.08064265862132017
2018-01-30,52.71,53.36,52.07,52.88,2562853.0,138153053.0,54690000.0,0.04686145547632108
2018-01-31,51.89,52.56,47.59,47.59,6365966.0,319357041.0,54690000.0,0.11640091424392028
2018-02-01,47.39,48.25,44.94,47.78,5143564.0,246573129.0,54690000.0,0.09404944231120863
2018-02-02,47.49,49.29,46.21,47.82,4341724.0,213624524.0,54690000.0,0.07938789541049553
2018-02-05,46.25,46.5,43.05,43.05,5759724.0,264688937.0,54690000.0,0.10531585298957762
2018-02-06,40.25,42.58,38.91,39.09,6440907.0,266460843.0,54690000.0,0.11777120131651124
2018-02-07,40.7,41.35,38.24,40.31,6397611.0,262585018.0,54690000.0,0.11697953922106417
2018-02-08,39.72,43.45,39.72,42.04,6532925.0,279951189.0,54690000.0,0.11945373925763393
2018-02-09,39.4,43.92,39.4,41.95,6861642.0,295103536.0,54690000.0,0.12546428963247394
2018-02-12,42.88,44.04,42.11,43.5,5302374.0,234738122.0,54690000.0,0.09695326385079539
2018-02-13,43.66,44.05,42.59,42.66,4052173.0,179189019.0,54690000.0,0.07409349058328762
2018-02-14,42.66,43.44,41.8,41.96,2669900.0,116036564.0,54690000.0,0.048818796855000915
2018-02-22,42.48,45.82,42.48,44.98,4883700.0,221858684.0,54690000.0,0.08929786066922656
2018-02-23,45.24,45.25,44.05,44.83,3889099.0,177152634.0,54690000.0,0.07111170232217956
2018-02-26,45.38,49.31,45.37,49.31,6447290.0,313610040.0,54690000.0,0.11788791369537392
2018-02-27,50.91,52.75,50.42,51.26,9633510.0,508525976.0,54690000.0,0.17614755896873285
2018-02-28,49.93,52.43,49.71,51.03,6258900.0,327904312.0,54690000.0,0.11444322545255074
2018-03-01,50.44,55.76,50.43,54.8,8021185.0,437263977.0,54690000.0,0.14666639239349058
2018-03-02,53.65,55.69,52.97,54.0,6012864.0,333431006.0,54690000.0,0.10994448710916073
2018-03-05,54.01,59.21,54.01,58.63,8665738.0,505488913.0,54690000.0,0.1584519656244286
2018-03-06,58.74,63.63,57.4,59.17,13156029.0,808717951.0,54690000.0,0.24055639056500275
2018-03-07,59.33,63.15,58.01,62.94,11584523.0,726360689.0,54690000.0,0.21182159444139698
2018-03-08,61.68,63.63,60.87,63.62,8993799.0,572563274.0,54690000.0,0.16445052111903455
2018-03-09,63.54,67.05,63.05,65.05,10514982.0,704655845.0,54690000.0,0.19226516730663742
2018-03-12,65.99,66.76,63.32,65.45,9927184.0,659856016.0,54690000.0,0.18151735234960686
2018-03-13,64.73,65.89,62.06,62.1,8274041.0,542849908.0,54690000.0,0.1512898336076065
2018-03-14,61.96,64.6,61.96,62.46,7960258.0,513726818.0,54690000.0,0.1455523496068751
2018-03-15,62.66,63.34,60.01,63.34,9067193.0,569351960.0,54690000.0,0.1657925214847321
2018-03-16,63.81,64.91,61.48,61.53,6918183.0,446123007.0,54690000.0,0.12649813494240264
2018-03-19,61.24,65.89,60.92,63.95,9103515.0,592564654.0,54690000.0,0.16645666483817884
2018-03-20,63.24,64.4,62.85,63.83,6437951.0,418525119.0,54690000.0,0.11771715121594441
2018-03-21,63.93,65.13,61.19,61.46,8171147.0,527136979.0,54690000.0,0.14940842932894496
2018-03-22,61.98,63.24,61.19,61.82,6134761.0,389938021.0,54690000.0,0.1121733589321631
2018-03-23,58.74,63.63,58.05,59.63,9800699.0,610231906.0,54690000.0,0.1792045895044798
2018-03-26,59.72,65.59,59.72,65.59,14412747.0,941071869.0,54690000.0,0.26353532638507954
2018-03-27,67.16,68.9,65.64,68.74,15500442.0,1066039042.0,54690000.0,0.2834236972024136
2018-03-28,67.12,68.49,66.42,67.17,9228997.0,635436329.0,54690000.0,0.16875108795026514
2018-03-29,67.71,71.47,67.71,68.04,10444126.0,739670628.0,54690000.0,0.19096957396233316
2018-03-30,69.02,74.84,69.02,74.84,12258383.0,895311014.0,54690000.0,0.2241430426037667
2018-04-02,76.95,81.99,74.7,76.37,15000430.0,1186518985.0,54690000.0,0.27428103858109343
2018-04-03,74.46,76.18,71.47,73.92,11379220.0,856164528.0,54690000.0,0.20806765405010055
2018-04-04,74.4,76.05,71.84,73.33,9539158.0,722545991.0,54690000.0,0.17442234412141158
2018-04-09,73.44,75.07,70.0,73.82,8237257.0,613866759.0,54690000.0,0.15061724264033644
2018-04-10,73.32,74.39,68.69,70.78,8811473.0,639296216.0,54690000.0,0.1611167123788627
2018-04-11,71.47,72.59,68.99,69.2,7344592.0,530509769.0,54690000.0,0.13429497165843848
2018-04-12,69.88,70.97,68.54,69.51,6660351.0,474274144.0,54690000.0,0.12178370817334065
2018-04-13,70.14,74.6,69.21,73.86,11892361.0,878811866.0,54690000.0,0.21745037484000732
2018-04-16,72.45,74.85,71.13,74.12,8356012.0,623508346.0,54690000.0,0.15278866337538854
2018-04-17,74.87,77.67,71.45,73.41,10319802.0,791094554.0,54690000.0,0.18869632473944048
2018-04-18,74.94,80.76,73.42,79.1,15729877.0,1248851483.0,54690000.0,0.2876188882793929
2018-04-19,77.33,79.74,75.89,76.01,12347433.0,978841235.0,54690000.0,0.22577131102578168
2018-04-20,75.72,77.63,74.42,75.19,8913962.0,695044969.0,54690000.0,0.16299071128176998
2018-04-23,74.4,74.78,67.67,67.67,11578560.0,832481331.0,54690000.0,0.21171256171146463
2018-04-24,67.35,70.47,64.28,68.03,10148708.0,700217919.0,54690000.0,0.18556789175351984
2018-04-25,67.55,69.66,66.57,67.35,6603237.0,460643149.0,54690000.0,0.12073938562808557
2018-04-26,67.84,70.47,67.46,68.55,7272353.0,514369347.0,54690000.0,0.13297409032729932
2018-04-27,69.39,69.84,64.13,65.03,7063148.0,475589902.0,54690000.0,0.12914880234046444
2018-05-02,65.57,66.75,64.62,66.12,4287874.0,287520317.0,54690000.0,0.07840325470835618
2018-05-03,65.76,68.51,63.61,68.27,5982798.0,405531565.0,54690000.0,0.1093947339550192
2018-05-04,67.75,70.68,67.37,68.27,6194962.0,436399792.0,54690000.0,0.11327412689705614
2018-05-07,67.57,69.04,67.57,68.6,4110900.0,287661131.0,54690000.0,0.07516730663741086
2018-05-08,68.73,69.35,65.78,67.21,4992602.0,343825845.0,54690000.0,0.09128912049734869
2018-05-09,67.26,71.48,66.6,69.47,7921512.0,563831823.0,54690000.0,0.14484388370817333
2018-05-10,69.02,69.02,67.07,68.4,4764692.0,331578114.0,54690000.0,0.08712181385993784
2018-05-11,68.46,69.12,67.06,67.63,3877241.0,269484369.0,54690000.0,0.07089488023404644
2018-05-14,66.57,67.84,65.78,65.89,4210806.0,286008142.0,54690000.0,0.0769940756993966
2018-05-15,65.89,66.65,64.12,66.65,4823594.0,323367572.0,54690000.0,0.08819882976778204
2018-05-16,65.79,66.65,64.93,65.01,3667781.0,246222203.0,54690000.0,0.06706492960321814
2018-05-17,64.61,65.79,64.32,64.99,2648975.0,176507523.0,54690000.0,0.0484361857743646
2018-05-18,65.15,65.46,60.56,62.28,5729151.0,367372856.0,54690000.0,0.10475682940208447
2018-05-21,62.66,64.56,62.2,63.97,4734220.0,308748709.0,54690000.0,0.08656463704516365
2018-05-22,63.7,66.45,63.05,65.82,5962562.0,393848791.0,54690000.0,0.10902472115560431
2018-05-23,65.48,67.43,64.61,65.52,6046674.0,407100242.0,54690000.0,0.11056269884805266
2018-05-24,65.1,65.77,63.52,63.56,3934847.0,260253524.0,54690000.0,0.07194819893947706
2018-05-25,63.16,64.02,61.68,61.69,3741826.0,238781693.0,54690000.0,0.06841883342475773
2018-05-28,61.68,61.68,58.75,58.83,4146673.0,253102336.0,54690000.0,0.07582141159261291
2018-05-29,58.83,60.11,58.83,58.96,2693167.0,163341586.0,54690000.0,0.04924423112086305
2018-05-30,58.79,60.69,56.79,57.82,4294993.0,259795423.0,54690000.0,0.07853342475772536
2018-05-31,58.45,58.94,56.12,56.59,3787505.0,221041346.0,54690000.0,0.06925406838544523
2018-06-01,57.27,58.74,56.42,56.75,3849772.0,226722633.0,54690000.0,0.07039261290912416
2018-06-04,56.72,59.72,54.85,57.68,4389701.0,257795884.0,54690000.0,0.080265149021759
2018-06-05,57.18,59.44,57.15,59.42,4249944.0,254368475.0,54690000.0,0.07770970927043336
2018-06-06,59.56,59.56,58.09,58.36,3103045.0,185736972.0,54690000.0,0.05673880051197659
2018-06-07,58.67,59.32,58.21,58.43,2544614.0,152477642.0,54690000.0,0.046527957579082097
2018-06-08,58.78,58.78,54.9,56.72,3019451.0,174406635.0,54690000.0,0.05521029438654233
2018-06-11,56.43,56.64,54.0,54.43,3322528.0,187293576.0,54690000.0,0.06075202047906381
2018-06-12,53.58,54.77,50.36,52.61,4891344.0,261858222.0,54690000.0,0.08943763027975864
2018-06-13,52.58,54.96,51.08,53.01,4418435.0,242079041.0,54690000.0,0.08079054671786433
2018-06-14,50.96,53.88,50.96,52.31,3811907.0,205013291.0,54690000.0,0.06970025598829768
2018-06-15,52.8,57.55,52.8,57.13,10119247.0,572493467.0,54690000.0,0.18502920095081368
2018-06-19,53.89,58.3,52.26,55.41,8502787.0,482536784.0,115933004.0,0.07334224687216766
2018-06-20,54.97,60.56,54.97,59.25,9295689.0,546976047.0,115933004.0,0.08018155899764316
2018-06-21,54.98,57.42,53.32,53.32,9826498.0,553340843.0,115933004.0,0.0847601430219129
2018-06-22,51.95,51.95,49.0,49.84,7356344.0,378399945.0,115933004.0,0.06345340624486881
2018-06-25,50.27,51.46,48.5,49.8,5351197.0,274746555.0,115933004.0,0.046157667060882854
2018-06-26,48.5,51.71,48.01,50.94,5662950.0,292919753.0,115933004.0,0.04884674600513241
2018-06-27,50.27,52.72,50.27,51.25,7078196.0,373356255.0,115933004.0,0.06105419298890935
2018-06-28,50.64,52.27,49.49,49.68,4636620.0,241869381.0,115933004.0,0.03999396064989397
2018-06-29,50.56,54.65,50.17,54.02,9110550.0,489669508.0,115933004.0,0.07858461081539818
2018-07-02,53.89,55.36,52.95,53.85,7423600.0,410139891.0,115933004.0,0.06403353440233464
2018-07-03,53.85,59.24,53.4,58.53,11419074.0,662000363.0,115933004.0,0.09849718031976468
2018-07-04,57.71,60.31,57.04,58.86,11002439.0,656748787.0,115933004.0,0.0949034237049529
2018-07-05,57.65,58.77,55.41,56.05,7956972.0,463129855.0,115933004.0,0.0686342260224707
2018-07-06,56.28,59.28,55.68,55.86,9213276.0,541729957.0,115933004.0,0.0794706915383647
2018-07-09,56.05,57.69,55.47,57.04,5860003.0,339439175.0,115933004.0,0.05054646043675363
2018-07-10,57.37,58.15,56.22,57.52,5870268.0,343022052.0,115933004.0,0.05063500295394743
2018-07-11,55.85,56.71,53.21,55.28,7125846.0,402433574.0,115933004.0,0.06146520623238573
2018-07-12,55.84,58.79,55.36,57.38,8396028.0,492117828.0,115933004.0,0.07242137881633776
2018-07-13,56.98,58.11,56.24,57.48,5934996.0,346920363.0,115933004.0,0.05119332541404689
2018-07-16,57.72,57.81,56.02,56.62,5080415.0,295501996.0,115933004.0,0.04382199050065157
2018-07-17,56.49,57.88,56.07,57.08,4618797.0,268737471.0,115933004.0,0.03984022530805809
2018-07-18,56.46,57.76,54.8,54.9,5454323.0,313655920.0,115933004.0,0.04704719805242
2018-07-19,54.49,55.25,51.73,52.31,6497659.0,351727123.0,115933004.0,0.05604667157593881
2018-07-20,52.52,53.28,51.44,52.8,3861403.0,206876314.0,115933004.0,0.03330719352359748
2018-07-23,52.77,54.76,52.44,53.63,4392424.0,240761643.0,115933004.0,0.03788760619020965
2018-07-24,54.38,54.38,52.49,53.32,3919484.0,213638740.0,115933004.0,0.033808181145724474
2018-07-25,52.9,54.61,52.72,53.37,4972766.0,273465662.0,115933004.0,0.042893445597252014
2018-07-26,53.21,53.29,50.77,50.88,5116202.0,269944539.0,115933004.0,0.04413067740399446
2018-07-27,49.93,51.63,49.88,50.84,2720222.0,141447384.0,115933004.0,0.02346374117934527
2018-07-30,51.15,51.47,48.93,49.58,3092446.0,157411571.0,115933004.0,0.02667442310043135
2018-07-31,49.58,50.27,49.1,49.58,1931361.0,97805180.0,115933004.0,0.016659285392104563
2018-08-01,49.19,51.28,49.19,49.99,3885977.0,200239232.0,115933004.0,0.03351916077323417
2018-08-02,49.58,53.4,48.79,52.76,9021514.0,474912424.0,115933004.0,0.07781661553426149
2018-08-03,51.93,52.44,50.59,50.61,5464714.0,286921042.0,115933004.0,0.04713682740421356
2018-08-06,49.48,51.69,48.99,51.42,4716367.0,244035526.0,115933004.0,0.04068183206914918
2018-08-07,51.64,52.4,50.95,52.32,5793982.0,307704208.0,115933004.0,0.04997698498349961
2018-08-08,52.06,52.8,49.77,49.79,5253050.0,273199339.0,115933004.0,0.04531108328737863
2018-08-09,49.24,53.4,49.24,52.51,8531345.0,454577810.0,115933004.0,0.07358857879676783
2018-08-10,52.42,53.72,51.82,53.48,7472894.0,403431639.0,115933004.0,0.06445872824963632
2018-08-13,52.47,54.74,52.47,54.63,7226347.0,395577020.0,115933004.0,0.06233209483642811
2018-08-14,53.92,54.35,52.54,52.91,5392800.0,293547405.0,115933004.0,0.046516520869242725
2018-08-15,53.28,53.6,51.96,51.97,4114842.0,221377605.0,115933004.0,0.03549327506427764
2018-08-16,51.03,52.74,50.39,50.89,3675060.0,193388842.0,115933004.0,0.03169986003295489
2018-08-17,51.7,51.9,49.3,49.58,4368026.0,224410474.0,115933004.0,0.03767715705874403
2018-08-20,50.15,51.6,49.49,51.52,4680747.0,242834864.0,115933004.0,0.040374585652934517
2018-08-21,51.93,52.42,51.44,51.93,4668781.0,247719468.0,115933004.0,0.0402713708686441
2018-08-22,51.93,51.93,50.32,50.45,3483350.0,181543684.0,115933004.0,0.03004623256376588
2018-08-23,50.35,52.51,50.35,51.45,4002119.0,210958230.0,115933004.0,0.034520963504059636
2018-08-24,51.38,51.53,50.61,50.87,2422853.0,126159381.0,115933004.0,0.02089873389289559
2018-08-27,51.13,52.91,50.98,52.34,5231445.0,278258450.0,115933004.0,0.04512472565620744
2018-08-28,52.42,52.84,51.98,52.3,3558618.0,190102889.0,115933004.0,0.030695469600701453
2018-08-29,52.13,52.16,50.85,50.87,3635818.0,190474362.0,115933004.0,0.031361371434833175
2018-08-30,50.88,51.78,50.56,50.59,2707643.0,140990807.0,115933004.0,0.02335523885847036
2018-08-31,50.59,50.83,48.01,48.19,5524117.0,278207625.0,115933004.0,0.04764921816396649
2018-09-03,48.2,48.7,43.37,46.47,5127040.0,239639758.0,115933004.0,0.0442241624309157
2018-09-04,46.26,46.98,45.62,46.7,3238871.0,153432853.0,115933004.0,0.027937437039067838
2018-09-05,46.35,46.93,45.35,45.45,2812971.0,132755777.0,115933004.0,0.02426376357848883
2018-09-06,45.19,47.25,44.88,46.53,4282901.0,203184330.0,115933004.0,0.036942896778556694
2018-09-07,46.05,47.13,44.1,45.13,4129695.0,192447924.0,115933004.0,0.03562139216197659
2018-09-10,45.08,45.16,41.94,42.84,4867900.0,215097916.0,115933004.0,0.041988905937432625
2018-09-11,43.0,43.36,42.13,42.74,2318214.0,101159120.0,115933004.0,0.019996152260490032
2018-09-12,42.72,43.95,42.6,43.17,2764457.0,122160046.0,115933004.0,0.02384529775489989
2018-09-13,43.8,44.08,42.39,43.27,2809683.0,123911887.0,115933004.0,0.02423540237083825
2018-09-14,43.87,44.27,43.21,43.42,3547150.0,158144571.0,115933004.0,0.03059655040078147
2018-09-17,41.74,42.29,40.51,41.58,2696078.0,114692640.0,115933004.0,0.023255482968422003
2018-09-18,41.56,42.43,41.33,42.29,2564303.0,110068398.0,115933004.0,0.02211883511618486
2018-09-19,42.13,44.66,42.04,43.9,4993693.0,223426816.0,115933004.0,0.043073955023195984
2018-09-20,43.49,44.08,42.94,43.02,2771276.0,122897081.0,115933004.0,0.023904116208357716
2018-09-21,43.14,43.68,42.36,43.62,2905942.0,128075911.0,115933004.0,0.025065700876689093
2018-09-25,43.81,44.83,43.52,44.25,3082679.0,139346859.0,115933004.0,0.026590176167607976
2018-09-26,44.26,46.74,43.6,45.44,4762714.0,219181456.0,115933004.0,0.04108160606275673
2018-09-27,45.17,46.51,44.78,45.4,4627267.0,216230782.0,115933004.0,0.039913284745041196
2018-09-28,45.02,45.92,44.4,45.74,3196675.0,147934547.0,115933004.0,0.02757346820755201
2018-10-08,43.93,44.56,43.02,43.02,2976705.0,133412275.0,115933004.0,0.025676079263847938
2018-10-09,43.13,44.05,43.02,43.62,1978477.0,87973447.0,115933004.0,0.017065692527039152
2018-10-10,43.6,44.66,42.68,44.23,2785083.0,125087555.0,115933004.0,0.02402321085374446
2018-10-11,41.15,43.11,39.89,40.62,3690711.0,156948847.0,115933004.0,0.03183486041645225
2018-10-12,40.62,42.48,39.88,41.37,3552478.0,149752192.0,115933004.0,0.03064250797814227
2018-10-15,40.87,42.36,40.76,41.35,2248699.0,95924166.0,115933004.0,0.019396538711271553
2018-10-16,41.6,42.1,39.99,40.04,2894079.0,120443739.0,115933004.0,0.024963374536555612
2018-10-17,40.47,41.15,38.61,40.99,4123615.0,169258000.0,115933004.0,0.035568948079703
2018-10-18,40.55,41.54,39.86,40.73,3424836.0,142697182.0,115933004.0,0.029541510025911173
2018-10-19,39.98,42.02,39.75,41.92,4150385.0,175009752.0,115933004.0,0.035799857303792454
2018-10-22,42.33,45.37,42.13,44.39,5035313.0,224777144.0,115933004.0,0.0434329554679701
2018-10-23,44.39,45.2,43.36,44.0,4041829.0,182435454.0,115933004.0,0.034863488916408995
2018-10-24,44.09,44.56,43.13,43.42,3154867.0,140734765.0,115933004.0,0.02721284613654969
2018-10-25,41.27,41.91,39.98,41.44,3569444.0,149833674.0,115933004.0,0.030788851119565572
2018-10-26,42.11,42.48,40.78,40.88,2453036.0,103986642.0,115933004.0,0.021159082533563953
2018-10-29,40.17,41.55,40.17,40.56,1749200.0,72939782.0,115933004.0,0.01508802445936793
2018-10-30,40.47,41.01,39.07,40.33,2630517.0,107356592.0,115933004.0,0.02268997532402421
2018-10-31,40.55,41.55,40.37,41.12,2539914.0,106316844.0,115933004.0,0.021908463615762083
2018-11-01,41.66,42.43,41.27,41.39,3448226.0,147025963.0,115933004.0,0.0297432644805788
2018-11-02,42.33,43.41,41.99,43.09,4657258.0,202473392.0,115933004.0,0.04017197725679566
2018-11-05,43.41,44.28,42.33,42.88,4053259.0,179211539.0,115933004.0,0.03496208034081477
2018-11-06,42.43,42.94,41.95,42.72,2364722.0,102262272.0,115933004.0,0.02039731498719726
2018-11-07,42.69,43.84,42.64,42.92,3296203.0,145395180.0,115933004.0,0.028431964033296335
2018-11-08,43.57,43.6,41.76,41.76,2580803.0,112045321.0,115933004.0,0.022261158694723376
2018-11-09,41.74,42.27,41.41,41.48,1849004.0,78984011.0,115933004.0,0.015948900970425988
2018-11-12,41.55,42.7,41.5,42.58,2739097.0,118076054.0,115933004.0,0.023626550727521907
2018-11-13,42.29,43.1,41.64,42.85,4562736.0,197178368.0,115933004.0,0.039356661542212776
2018-11-14,42.84,44.24,42.64,43.5,5184672.0,229920375.0,115933004.0,0.04472127712657217
2018-11-15,43.11,44.07,42.82,43.91,4642674.0,206488024.0,115933004.0,0.040046180464710465
2018-11-16,43.9,46.05,43.71,45.96,7413240.0,340211877.0,115933004.0,0.06394417244635531
2018-11-19,45.57,45.64,44.61,44.94,3921521.0,179883714.0,115933004.0,0.03382575163842041
2018-11-20,44.55,45.51,43.61,43.64,3802330.0,172336618.0,115933004.0,0.03279764923541531
2018-11-21,43.02,43.77,42.62,43.49,2340524.0,103041087.0,115933004.0,0.02018859099001696
2018-11-22,43.89,43.97,42.8,42.91,2046720.0,90420632.0,115933004.0,0.017654334222203024
2018-11-23,43.01,43.07,41.09,41.16,3032614.0,129716107.0,115933004.0,0.026158331927636412
2018-11-26,41.15,41.6,40.67,41.23,1508600.0,63393245.0,115933004.0,0.01301268791413358
2018-11-27,41.82,41.94,41.01,41.1,1442001.0,60939149.0,115933004.0,0.012438226822794999
2018-11-28,41.0,41.85,40.68,41.58,1952299.0,82400385.0,115933004.0,0.016839889700434228
2018-11-29,42.33,44.96,42.33,42.7,5784285.0,257674123.0,115933004.0,0.0498933418476761
2018-11-30,42.13,43.81,42.02,43.62,3635643.0,160186364.0,115933004.0,0.03135986194233352
2018-12-03,45.22,45.92,44.42,45.56,6525532.0,300532860.0,115933004.0,0.05628709491561178
2018-12-04,45.56,46.42,44.84,45.07,5178663.0,240587469.0,115933004.0,0.044669445466969875
2018-12-05,44.35,48.5,44.09,46.22,7110673.0,336085132.0,115933004.0,0.06133432891983028
2018-12-06,45.61,47.52,45.07,45.96,5533299.0,262816416.0,115933004.0,0.04772841907900532
2018-12-07,45.72,47.17,45.72,45.98,4579654.0,217649790.0,115933004.0,0.0395025906514076
2018-12-10,45.47,46.92,45.15,45.99,3620003.0,170988624.0,115933004.0,0.031224956441221863
2018-12-11,46.31,46.94,45.17,45.36,4317414.0,202610008.0,115933004.0,0.03724059457650213
2018-12-12,45.91,46.82,45.29,45.52,4198165.0,196511284.0,115933004.0,0.03621199188455429
2018-12-13,45.37,45.98,44.44,45.27,4003582.0,185064324.0,115933004.0,0.03453358286135672
2018-12-14,45.46,45.7,43.84,43.9,3365118.0,153163995.0,115933004.0,0.029026402179658867
2018-12-17,43.9,44.34,43.11,43.8,2101448.0,93791173.0,115933004.0,0.01812639996803671
2018-12-18,43.73,44.16,43.04,43.46,2332913.0,103699345.0,115933004.0,0.020122941004789282
2018-12-19,43.38,43.94,42.04,42.09,2795404.0,121778762.0,115933004.0,0.02411223640853816
2018-12-20,41.99,42.72,41.92,42.41,2178005.0,94090961.0,115933004.0,0.01878675549544114
2018-12-21,42.03,42.68,42.03,42.62,1940745.0,84026206.0,115933004.0,0.016740228692771558
2018-12-24,42.33,43.35,42.32,43.27,2502275.0,110037614.0,115933004.0,0.021583801968937163
2018-12-25,42.62,43.04,41.21,42.78,3003702.0,129386776.0,115933004.0,0.02590894651535123
2018-12-26,42.64,42.82,40.87,40.87,3410628.0,145242903.0,115933004.0,0.02941895648628237
2018-12-27,41.6,41.74,40.19,40.2,2648374.0,110736267.0,115933004.0,0.02284400393868859
2018-12-28,40.45,40.8,39.91,40.49,1787516.0,73712098.0,115933004.0,0.01541852568574864
2019-01-02,40.52,41.3,40.52,40.97,1585612.0,66340636.0,89143467.0,0.01778719241422369
2019-01-03,40.98,41.23,40.04,40.28,1659411.0,68719296.0,89143467.0,0.01861506014792985
2019-01-04,39.54,40.03,38.31,40.0,3661469.0,146729662.0,89143467.0,0.04107389047365636
2019-01-07,40.36,42.67,39.24,41.53,3730394.0,157149863.0,89143467.0,0.04184708229936805
2019-01-08,41.18,41.32,40.49,40.64,2162901.0,90156311.0,89143467.0,0.024263146507415963
2019-01-09,40.86,42.01,40.13,41.01,3746923.0,157298877.0,89143467.0,0.04203250250520321
2019-01-10,40.86,41.36,40.52,40.56,1689091.0,70518376.0,89143467.0,0.018948006588076723
2019-01-11,40.73,40.85,39.86,40.14,1916533.0,78775914.0,89143467.0,0.021499421825269597
2019-01-14,38.86,38.86,36.12,36.14,6610601.0,249615783.0,89143467.0,0.0741568756799643
2019-01-15,36.04,36.52,34.37,36.36,3612048.0,131285234.0,89143467.0,0.040519492022898326
2019-01-16,36.2,37.1,35.97,36.6,2628079.0,98396886.0,89143467.0,0.029481453755887687
2019-01-17,36.55,36.55,35.77,35.87,1859359.0,68514519.0,89143467.0,0.020858051213107968
2019-01-18,36.24,36.25,35.08,35.67,2222213.0,80824533.0,89143467.0,0.024928500929855015
2019-01-21,35.35,36.7,35.35,36.57,2717478.0,100434765.0,89143467.0,0.03048432029236646
2019-01-22,36.3,36.79,35.97,36.17,1789883.0,66367617.0,89143467.0,0.02007867833993937
2019-01-23,35.99,36.12,35.47,35.81,1342900.0,49116478.0,89143467.0,0.015064480272009165
2019-01-24,35.81,38.2,35.81,37.12,4789645.0,181156586.0,89143467.0,0.05372962440422022
2019-01-25,36.75,37.61,36.38,36.45,3488475.0,131935953.0,89143467.0,0.0391332659296278
2019-01-28,36.67,37.05,35.52,35.56,2817859.0,104179254.0,89143467.0,0.031610381498848365
2019-01-29,36.06,36.06,33.51,34.64,2922123.0,103249701.0,89143467.0,0.03278000170219989
2019-01-30,34.76,35.02,34.35,34.4,1400003.0,49553549.0,89143467.0,0.01570505441526074
2019-01-31,34.1,34.79,33.34,33.55,2516289.0,87128519.0,89143467.0,0.028227407848070346
2019-02-01,33.41,34.91,33.41,34.88,2135179.0,75288584.0,89143467.0,0.023952164660591448
2019-02-11,35.7,36.84,35.18,36.43,3477522.0,127554228.0,89143467.0,0.039010396577911874
2019-02-12,36.24,38.0,35.99,37.16,4561847.0,172418750.0,89143467.0,0.051174215604605104
2019-02-13,37.59,39.89,37.28,39.02,7184772.0,286583931.0,89143467.0,0.080597852448346
2019-02-14,39.11,39.58,38.43,38.74,4749981.0,188738468.0,89143467.0,0.05328467873029888
2019-02-15,38.82,39.17,38.26,38.32,3541809.0,139917648.0,89143467.0,0.03973155991341463
2019-02-18,38.86,40.08,38.69,40.07,5466669.0,220430992.0,89143467.0,0.061324392958600094
2019-02-19,40.22,40.27,38.9,39.27,4860865.0,195756451.0,89143467.0,0.05452856124610904
2019-02-20,38.99,39.13,38.12,38.69,3177306.0,125226562.0,89143467.0,0.03564261192578476
2019-02-21,38.78,40.06,38.23,39.07,5166989.0,207358953.0,89143467.0,0.0579626210858503
2019-02-22,38.92,39.83,38.69,39.8,4315287.0,173207373.0,89143467.0,0.04840833709104
2019-02-25,40.75,42.92,40.21,42.22,7977940.0,337526372.0,89143467.0,0.08949550952511191
2019-02-26,42.4,44.7,41.04,42.28,9331347.0,405345301.0,89143467.0,0.10467785597793723
2019-02-27,42.01,44.65,42.0,43.37,8608898.0,380682173.0,89143467.0,0.09657351558920184
2019-02-28,42.62,43.8,42.31,42.87,4818646.0,211270841.0,89143467.0,0.054054953909297696
2019-03-01,42.97,43.4,41.86,42.49,3945462.0,170417306.0,89143467.0,0.044259687588771926
2019-03-04,43.19,44.21,42.8,42.87,7118909.0,316353735.0,89143467.0,0.0798590097466144
2019-03-05,42.82,45.72,42.29,45.29,9354544.0,420722285.0,89143467.0,0.1049380769540857
2019-03-06,45.29,45.76,43.79,44.73,8525347.0,387069830.0,89143467.0,0.09563625116801885
2019-03-07,44.58,45.38,43.95,44.57,7123708.0,324382451.0,89143467.0,0.07991284431421093
2019-03-08,44.09,49.03,43.24,47.72,20080645.0,984068118.0,89143467.0,0.2252621047372995
2019-03-11,49.53,49.97,46.13,47.89,12544962.0,610573799.0,89143467.0,0.14072777761717525
2019-03-12,47.98,49.16,47.03,48.44,9899746.0,486440309.0,89143467.0,0.11105408318929305
2019-03-13,48.01,48.42,45.18,45.81,7458381.0,358490703.0,89143467.0,0.08366716318089805
2019-03-14,44.49,44.77,42.43,42.91,7348552.0,325301096.0,89143467.0,0.08243511552001898
2019-03-15,43.11,43.54,42.14,42.54,4799329.0,209481327.0,89143467.0,0.053838258276402914
2019-03-18,42.58,43.38,42.2,43.38,3817688.0,167193217.0,89143467.0,0.0428263352153445
2019-03-19,43.66,45.05,43.39,43.66,4778846.0,215153405.0,89143467.0,0.05360848260478808
2019-03-20,43.9,44.39,42.53,43.09,3578396.0,158280527.0,89143467.0,0.04014198819527627
2019-03-21,43.09,44.49,42.73,43.95,5099071.0,228273877.0,89143467.0,0.05720072565721501
2019-03-22,44.05,44.05,43.12,43.76,3184983.0,141701653.0,89143467.0,0.035728731528918437
2019-03-25,48.0,48.0,45.82,45.91,13146689.0,627674964.0,89143467.0,0.147477874065634
2019-03-26,45.86,45.86,42.94,43.14,7669948.0,346974754.0,89143467.0,0.08604049470052584
2019-03-27,43.31,44.05,41.84,43.66,5530201.0,243436016.0,89143467.0,0.06203708680076354
2019-03-28,43.11,44.73,42.67,43.08,4884602.0,218373020.0,89143467.0,0.054794839873122725
2019-03-29,43.17,44.18,42.38,44.07,4308257.0,191409730.0,89143467.0,0.04832947545107259
2019-04-01,44.12,45.41,44.09,45.14,5996327.0,275071296.0,93513904.0,0.0641223042083667
2019-04-02,45.64,46.05,44.86,45.44,6324777.0,293246714.0,93513904.0,0.06763461613152201
2019-04-03,45.07,45.31,44.69,45.12,3750861.0,172100657.0,93513904.0,0.040110195805748844
2019-04-04,45.45,46.02,45.22,45.38,4702241.0,219009240.0,93513904.0,0.05028387008631358
2019-04-08,45.5,45.93,43.11,43.47,5355517.0,242359470.0,93513904.0,0.057269740337223006
2019-04-09,43.44,44.0,42.92,43.24,3618474.0,160127637.0,93513904.0,0.03869450258434297
2019-04-10,42.33,43.46,42.26,42.95,2629194.0,114982339.0,93513904.0,0.028115540978804605
2019-04-11,43.22,43.98,43.02,43.09,3583924.0,158995245.0,93513904.0,0.03832503880920211
2019-04-12,42.73,43.74,42.73,43.32,2433679.0,107545318.0,93513904.0,0.026024782368192008
2019-04-15,43.71,44.21,43.31,43.39,3601207.0,161080419.0,93513904.0,0.03850985624554826
2019-04-16,43.13,44.28,42.73,44.24,3557247.0,158208021.0,93513904.0,0.03803976572296672
2019-04-17,44.25,44.93,43.88,44.01,3496491.0,158057664.0,93513904.0,0.03739006554576098
2019-04-18,43.91,44.05,42.97,43.0,2918374.0,129316049.0,93513904.0,0.03120791534914423
2019-04-19,43.0,43.34,42.63,43.11,2083607.0,91338955.0,93513904.0,0.02228125349145941
2019-04-22,43.11,43.39,42.56,42.62,2254400.0,98723681.0,93513904.0,0.0241076449979032
2019-04-23,42.62,42.92,42.02,42.03,2272344.0,98297432.0,93513904.0,0.024299530901843218
2019-04-24,42.03,42.98,40.61,42.92,3843544.0,164341992.0,93513904.0,0.04110131045325623
2019-04-25,42.14,42.56,40.96,41.11,2370135.0,101188893.0,93513904.0,0.025345268442647843
2019-04-26,40.76,41.37,40.14,40.18,2464761.0,102708089.0,93513904.0,0.026357160749058237
2019-04-29,40.08,40.62,37.14,37.28,4077541.0,159903286.0,93513904.0,0.04360358006227609
2019-04-30,37.72,38.0,36.94,37.71,1919264.0,73482740.0,93513904.0,0.02052383568543989
2019-05-06,36.94,36.97,33.94,34.49,3111601.0,111781651.0,93513904.0,0.0332742070099009
2019-05-07,34.59,35.2,34.08,34.9,2004585.0,70976331.0,93513904.0,0.021436224072090927
2019-05-08,34.3,37.54,33.82,36.32,4394150.0,162047103.0,93513904.0,0.046989269103768785
2019-05-09,36.3,37.47,36.06,36.25,2728733.0,102392531.0,93513904.0,0.02917997092710406
2019-05-10,36.97,39.26,35.42,38.56,5237000.0,200589906.0,93513904.0,0.05600236730572172
2019-05-13,37.92,38.51,37.45,37.97,2971123.0,114933838.0,93513904.0,0.031771991895451185
2019-05-14,37.53,38.17,36.99,36.99,2462938.0,94007154.0,93513904.0,0.026337666321791034
2019-05-15,37.31,37.62,36.81,37.13,1888560.0,71569627.0,93513904.0,0.020195499484226432
2019-05-16,37.13,37.33,36.71,37.15,1817451.0,68807300.0,93513904.0,0.019435088497642018
2019-05-17,38.2,39.64,37.24,37.54,5567451.0,218629973.0,93513904.0,0.059536077116404
2019-05-20,39.19,40.04,38.03,39.37,6581306.0,263547420.0,93513904.0,0.07037783386735731
2019-05-21,38.32,39.66,38.32,39.1,4221949.0,167653530.0,93513904.0,0.04514782101279827
2019-05-22,38.9,39.98,38.72,39.47,4980843.0,200329894.0,93513904.0,0.0532631275879574
2019-05-23,39.49,40.91,38.31,39.68,6674992.0,271413727.0,93513904.0,0.07137967419262059
2019-05-24,38.69,39.13,37.23,37.44,4532500.0,176492861.0,93513904.0,0.04846872824387698
2019-05-27,37.4,41.18,37.31,40.66,8877257.0,361156246.0,93513904.0,0.09492980851275336
2019-05-28,40.35,41.14,39.78,40.24,6650945.0,273895552.0,93513904.0,0.07112252526640317
2019-05-29,39.88,41.69,39.85,40.5,6892769.0,286738395.0,93513904.0,0.0737084936588681
2019-05-30,41.15,41.18,38.7,39.78,5835126.0,237870142.0,93513904.0,0.062398485684011226
2019-05-31,39.2,40.64,39.2,40.06,4852786.0,197983099.0,93513904.0,0.05189373764140999
2019-06-03,40.08,40.37,38.49,38.75,3406110.0,136356854.0,93513904.0,0.03642356755846703
2019-06-04,38.83,39.41,37.97,38.33,2954390.0,116569954.0,93513904.0,0.031593055937435784
2019-06-05,39.0,39.0,37.9,37.9,1974856.0,77569572.0,93513904.0,0.021118314127918345
2019-06-06,37.96,38.09,36.44,36.8,2755080.0,104656075.0,93513904.0,0.029461715126341
2019-06-10,37.0,37.59,36.9,37.17,1683904.0,64015281.0,93513904.0,0.018006990703756737
2019-06-11,37.17,38.47,36.41,38.12,2878041.0,110729458.0,93513904.0,0.030776610502754757
2019-06-12,37.89,40.53,37.89,39.41,5605478.0,225426076.0,93513904.0,0.059942722528192174
2019-06-13,39.41,39.99,38.88,39.17,2778049.0,111267311.0,93513904.0,0.029707336355030155
2019-06-14,39.06,39.52,37.31,37.65,2932252.0,114733697.0,93513904.0,0.031356321087824546
2019-06-17,37.78,37.96,36.83,36.9,2136261.0,80937435.0,93513904.0,0.022844314146054687
2019-06-18,36.9,37.27,36.46,37.17,1405003.0,52854153.0,93513904.0,0.015024535816620383
2019-06-19,38.26,38.42,37.59,37.66,2554709.0,98876929.0,93513904.0,0.027319028408866342
2019-06-20,37.93,38.16,37.32,38.16,2370095.0,91428834.0,93513904.0,0.025344840698769244
2019-06-21,38.76,39.1,38.17,38.52,2793635.0,110100625.0,93513904.0,0.029874006757326696
2019-06-24,38.27,38.76,38.1,38.34,1799996.0,70440836.0,93513904.0,0.01924843176261789
2019-06-25,38.45,38.45,37.05,37.54,1924407.0,73596146.0,93513904.0,0.0205788328546309
2019-06-26,37.49,37.92,37.2,37.62,1233317.0,47341351.0,93513904.0,0.013188594928086843
2019-06-27,37.76,38.26,37.65,37.93,1717602.0,66490662.0,93513904.0,0.018367343534283414
2019-06-28,37.93,38.06,36.93,37.21,1661893.0,63081160.0,93513904.0,0.01777161394096005
2019-07-01,37.96,38.93,37.94,38.65,3532540.0,138497818.0,93851746.0,0.03763957678528432
2019-07-02,39.05,39.05,38.08,38.25,2433977.0,95229309.0,93851746.0,0.02593427510661336
2019-07-03,38.12,38.12,37.34,37.53,1891186.0,72412393.0,93851746.0,0.020150781211891358
2019-07-04,37.49,37.94,36.87,37.04,2146750.0,81259048.0,93851746.0,0.022873841899542283
2019-07-05,36.99,37.5,36.98,37.13,1311800.0,49818910.0,93851746.0,0.013977363830823137
2019-07-08,37.18,37.24,35.13,35.3,2961857.0,108445396.0,93851746.0,0.031558890763737094
2019-07-09,35.42,36.21,35.32,36.09,1892876.0,69170160.0,93851746.0,0.020168788335594736
2019-07-10,36.57,37.04,35.92,36.13,1834952.0,68142145.0,93851746.0,0.01955160216198855
2019-07-11,36.35,36.53,35.6,35.6,1499528.0,55095216.0,93851746.0,0.015977624966082144
2019-07-12,35.62,36.25,35.45,36.02,1318450.0,48333083.0,93851746.0,0.01404822026433051
2019-07-15,35.14,36.41,34.15,36.02,2498496.0,90278922.0,93851746.0,0.026621731683073857
2019-07-16,35.82,38.27,35.8,37.67,5566100.0,212419001.0,93851746.0,0.0593073676008116
2019-07-17,39.25,41.15,38.29,38.33,7511598.0,299356536.0,93851746.0,0.08003684875505672
2019-07-18,37.61,38.37,37.09,37.09,4222798.0,161778286.0,93851746.0,0.04499434672211639
2019-07-19,36.98,38.13,36.98,37.94,3678593.0,140851820.0,93851746.0,0.039195786512059134
2019-07-22,36.98,38.76,35.87,37.01,5673449.0,216072777.0,93851746.0,0.060451182229470726
2019-07-23,36.6,38.06,36.32,37.08,3277949.0,124679469.0,93851746.0,0.03492688351264131
2019-07-24,37.19,38.57,37.14,38.35,5597515.0,217154692.0,93851746.0,0.05964209765474155
2019-07-25,37.93,38.74,37.83,38.19,4451300.0,173420007.0,93851746.0,0.04742905901825204
2019-07-26,38.03,38.1,37.43,37.7,2684092.0,103035223.0,93851746.0,0.02859927613919937
2019-07-29,37.7,38.42,37.49,37.67,2318862.0,89611072.0,93851746.0,0.024707712949740966
2019-07-30,37.59,38.54,37.45,38.24,3401389.0,132041594.0,93851746.0,0.03624214940018271
2019-07-31,38.25,38.42,37.6,37.73,2756262.0,106706648.0,93851746.0,0.02936825490705309
2019-08-01,37.44,37.93,37.19,37.45,2237600.0,85502036.0,93851746.0,0.023841857987383634
2019-08-02,36.65,37.78,36.49,37.35,3244142.0,123343827.0,93851746.0,0.03456666645285427
2019-08-05,37.3,38.32,36.96,37.56,3036454.0,117033737.0,93851746.0,0.03235372946604531
2019-08-19,38.27,41.31,38.08,41.31,11000704.0,451515564.0,93851746.0,0.11721363180606144
2019-08-20,42.19,42.19,40.33,40.51,10227354.0,429672476.0,93851746.0,0.10897350806877903
2019-08-21,40.39,40.9,39.79,40.18,5428727.0,222450883.0,93851746.0,0.057843644166193774
2019-08-22,40.18,41.14,40.08,40.23,4831602.0,199134843.0,93851746.0,0.05148121591685678
2019-08-23,39.92,40.41,39.36,39.63,3524003.0,142738074.0,93851746.0,0.0375486141728253
2019-08-26,38.85,39.63,38.83,39.33,2743700.0,109743048.0,93851746.0,0.02923440550589224
2019-08-27,39.45,40.12,39.37,39.51,3756751.0,152176217.0,93851746.0,0.04002856803537784
2019-08-28,39.55,39.69,39.14,39.19,2189745.0,87828991.0,93851746.0,0.023331958043700113
2019-08-29,39.36,39.81,38.91,39.37,2517586.0,101409685.0,93851746.0,0.026825137595202546
2019-08-30,39.65,40.71,39.4,39.76,5768636.0,235756306.0,93851746.0,0.06146540949808222
2019-09-02,39.7,40.55,39.35,40.47,4483600.0,183326455.0,93851746.0,0.047773218838145004
2019-09-03,40.46,41.2,40.16,40.89,6624503.0,274985939.0,93851746.0,0.07058476035171471
2019-09-04,40.88,42.87,40.58,42.51,9577941.0,406283339.0,93851746.0,0.1020539458051212
2019-09-05,42.57,43.47,41.9,41.92,10214681.0,445679415.0,93851746.0,0.10883847595120927
2019-09-06,41.9,43.36,41.82,42.67,7633234.0,332109577.0,93851746.0,0.08133289283717748
2019-09-09,42.72,44.38,42.39,44.16,8957242.0,397433286.0,93851746.0,0.09544033416277625
2019-09-10,44.16,44.64,43.03,43.3,6755971.0,299807943.0,93851746.0,0.07198556540439854
2019-09-11,43.3,43.64,42.29,42.6,5235165.0,228873880.0,93851746.0,0.055781221161298376
2019-09-12,43.08,43.37,42.52,42.81,3463480.0,151461223.0,93851746.0,0.036903735387085926
2019-09-16,42.98,44.14,42.59,43.69,5259092.0,233514005.0,93851746.0,0.05603616580558874
2019-09-17,43.67,43.67,41.39,41.46,5005800.0,215476626.0,93851746.0,0.05333731351146094
2019-09-18,41.8,42.06,41.29,41.4,2477327.0,105056272.0,93851746.0,0.02639617381225918
2019-09-19,41.59,43.93,41.34,42.87,5131178.0,223510354.0,93851746.0,0.05467322898819592
2019-09-20,42.77,45.0,42.49,44.8,10939859.0,490150608.0,93851746.0,0.11656532207722593
2019-09-23,44.65,45.93,44.04,45.81,10673721.0,490429005.0,93851746.0,0.11372959433274689
2019-09-24,45.25,47.69,45.25,45.89,11857145.0,564944291.0,93851746.0,0.12633909868869142
2019-09-25,46.11,47.04,44.97,45.47,8861663.0,414927567.0,93851746.0,0.0944219300938738
2019-09-26,45.52,46.42,43.28,43.48,8238250.0,373963851.0,93851746.0,0.08777940050257563
2019-09-27,43.84,44.64,43.44,43.62,6596207.0,295923077.0,93851746.0,0.07028326356336514
2019-09-30,44.08,44.08,41.46,41.49,5967116.0,257914871.0,93851746.0,0.06358023429846472
2019-10-08,41.34,42.09,39.94,40.22,4563134.0,190224162.0,93851746.0,0.048620661782893204
2019-10-09,40.12,40.99,39.36,40.87,3474033.0,142686167.0,93851746.0,0.0370161786867556
2019-10-10,41.02,41.02,40.53,40.95,3298055.0,137157110.0,93851746.0,0.035141115009197595
2019-10-11,40.69,40.94,39.73,40.04,3425697.0,140469625.0,93851746.0,0.036501153638633425
2019-10-14,40.28,40.93,40.28,40.73,3040126.0,126083190.0,93851746.0,0.03239285500346472
2019-10-15,40.23,40.41,38.46,38.57,4927987.0,196622944.0,93851746.0,0.05250820799860239
2019-10-16,38.8,38.92,38.06,38.24,2648016.0,103877052.0,93851746.0,0.02821488265119756
2019-10-17,38.24,38.47,37.83,37.98,1975354.0,76785757.0,93851746.0,0.021047599902936275
2019-10-18,38.21,38.73,37.7,38.38,2518323.0,98361616.0,93851746.0,0.02683299040595366
2019-10-21,38.62,38.76,37.84,38.68,1766412.0,69142625.0,93851746.0,0.01882130141723735
2019-10-22,38.84,39.09,38.57,38.95,1795899.0,71154709.0,93851746.0,0.019135488433001554
2019-10-23,39.04,39.04,38.01,38.15,1778580.0,69825308.0,93851746.0,0.01895095270790167
2019-10-24,38.12,38.43,37.39,37.6,1870739.0,71890122.0,93851746.0,0.019932916325286053
2019-10-25,37.47,37.91,37.07,37.75,1834541.0,70060912.0,93851746.0,0.019547222914744707
2019-10-28,37.88,39.64,37.88,39.43,4332760.0,172839126.0,93851746.0,0.046166003134347655
2019-10-29,39.35,39.35,38.33,38.34,2892893.0,114442402.0,93851746.0,0.03082407225540588
2019-10-30,38.42,39.62,37.88,39.07,3707676.0,147637984.0,93851746.0,0.039505668866298985
2019-10-31,39.11,39.6,38.81,38.88,2985807.0,119279102.0,93851746.0,0.03181408047539148
2019-11-01,38.46,39.17,38.46,38.96,2291735.0,90997399.0,93851746.0,0.024418671976544796
2019-11-04,39.25,39.84,39.06,39.18,2882400.0,115804969.0,93851746.0,0.030712268261903194
2019-11-05,39.35,39.55,38.72,39.16,2386466.0,95072097.0,93851746.0,0.025428040518287214
2019-11-06,39.17,39.35,37.96,38.29,2937426.0,115448166.0,93851746.0,0.03129857594764406
2019-11-07,38.12,38.65,38.12,38.44,1833100.0,71684082.0,93851746.0,0.019531868911634314
2019-11-08,38.67,39.19,38.3,38.7,2476781.0,98108012.0,93851746.0,0.026390356126139623
2019-11-11,38.27,38.27,37.08,37.28,2831211.0,108485399.0,93851746.0,0.03016684420554094
2019-11-12,37.28,37.45,36.11,36.38,2518315.0,93677646.0,93851746.0,0.0268329051651314
2019-11-13,36.37,36.87,35.94,36.61,1778274.0,66029841.0,93851746.0,0.018947692246450057
2019-11-14,36.69,37.47,36.42,37.26,2325428.0,87816905.0,93851746.0,0.024777674354614563
2019-11-15,37.12,37.8,37.03,37.1,2053950.0,78358047.0,93851746.0,0.02188504836127396
2019-11-18,37.09,37.73,36.93,37.46,1448480.0,55202729.0,93851746.0,0.0154337032792123
2019-11-19,37.44,37.87,36.9,37.82,2026280.0,77530525.0,93851746.0,0.021590221667266585
2019-11-20,37.98,38.03,37.18,37.29,1681275.0,64331220.0,93851746.0,0.017914157931595648
2019-11-21,37.29,37.47,36.98,37.09,1133802.0,42919918.0,93851746.0,0.01208077684564334
2019-11-22,37.28,37.7,36.22,36.53,2052802.0,77070633.0,93851746.0,0.021872816303279002
2019-11-25,36.54,36.68,35.69,35.95,1649802.0,60461446.0,93851746.0,0.01757880988170428
2019-11-26,35.98,36.4,35.73,35.75,1348200.0,49415231.0,93851746.0,0.01436520957212666
2019-11-27,35.75,36.39,35.44,36.28,1736850.0,63859774.0,93851746.0,0.01850631526876442
2019-11-28,36.27,36.48,35.94,36.01,1248311.0,45988013.0,93851746.0,0.013300882010229198
2019-11-29,36.1,36.4,35.92,36.26,1260266.0,46503972.0,93851746.0,0.013428263764000725
2019-12-02,36.31,38.08,36.14,37.42,3443243.0,131048769.0,93851746.0,0.036688108072065066
2019-12-03,37.17,37.87,37.04,37.73,2390100.0,91436426.0,93851746.0,0.02546676116180087
2019-12-04,37.62,38.7,37.19,38.4,3908000.0,152446833.0,93851746.0,0.04164014167621346
2019-12-05,38.48,38.79,38.15,38.41,3916879.0,153509559.0,93851746.0,0.04173474833382428
2019-12-06,38.46,39.13,38.25,38.72,3307321.0,130319631.0,93851746.0,0.03523984519158546
2019-12-09,38.92,39.5,38.64,38.96,2968531.0,118318048.0,93851746.0,0.03163000291971126
2019-12-10,39.2,39.35,38.47,39.26,2951523.0,117292424.0,93851746.0,0.031448780931576915
2019-12-11,39.43,40.04,38.65,38.86,3439000.0,137517243.0,93851746.0,0.036642898470956524
2019-12-12,39.06,41.86,38.98,41.22,8808675.0,367608098.0,93851746.0,0.09385733750760482
2019-12-13,41.12,41.71,40.44,41.29,7124998.0,298715635.0,93851746.0,0.07591758601912425
2019-12-16,41.21,42.78,40.74,42.72,7430458.0,316242696.0,93851746.0,0.07917229371523893
2019-12-17,42.43,42.44,41.66,41.99,6298936.0,269577299.0,93851746.0,0.06711581050394097
2019-12-18,42.06,42.39,41.1,41.22,5171547.0,219340024.0,93851746.0,0.05510336483244542
2019-12-19,41.51,41.7,40.94,41.33,3242260.0,136520869.0,93851746.0,0.034546613549416544
2019-12-20,41.26,41.51,40.19,40.22,3543144.0,147221728.0,93851746.0,0.03775256349519592
2019-12-23,40.22,41.07,39.94,40.09,3080370.0,127236465.0,93851746.0,0.03282165895986634
2019-12-24,40.15,42.0,40.15,41.99,6293715.0,265263056.0,93851746.0,0.0670601802123106
2019-12-25,42.35,44.6,42.02,43.47,10263767.0,456578034.0,93851746.0,0.10936149232641873
2019-12-26,43.46,44.43,43.19,43.8,7051560.0,314643591.0,93851746.0,0.0751350965809416
2019-12-27,43.4,43.94,42.31,42.84,6902594.0,302439060.0,93851746.0,0.07354784853975972
2019-12-30,42.59,43.27,41.03,42.32,5065740.0,217690169.0,93851746.0,0.053975980372277785
2019-12-31,42.1,42.85,41.64,42.1,3514223.0,151100292.0,93851746.0,0.037444407267606936
2020-01-02,42.19,43.38,42.19,43.08,4197387.0,183646750.0,93851746.0,0.04472358990529596
2020-01-03,43.38,43.47,42.01,42.26,4671241.0,202954465.0,93851746.0,0.049772552979461884
2020-01-06,41.18,42.52,40.6,42.0,4753294.0,202351768.0,93851746.0,0.05064683612812062
2020-01-07,43.03,44.52,42.66,42.88,6163515.0,271919364.0,93851746.0,0.06567288582995569
2020-01-08,43.03,44.39,42.86,43.29,7757936.0,344278660.0,93851746.0,0.0826616054644311
2020-01-09,43.35,43.82,42.6,43.1,4957671.0,217582301.0,93851746.0,0.052824494069614855
2020-01-10,42.97,42.98,41.98,42.13,4698441.0,202993357.0,93851746.0,0.05006237177516122
2020-01-13,42.32,44.02,41.83,44.02,7562205.0,333390151.0,93851746.0,0.08057607154159924
2020-01-14,44.16,45.23,43.59,44.17,8669329.0,391873741.0,93851746.0,0.092372591555196
2020-01-15,44.06,48.09,43.77,46.91,12984694.0,605843111.0,93851746.0,0.13835324917663225
2020-01-16,45.93,47.93,45.45,47.88,12904960.0,613308105.0,93851746.0,0.13750367521132745
2020-01-17,47.59,48.56,46.55,47.11,8504459.0,411731790.0,93851746.0,0.09061588475935227
2020-01-20,46.41,51.82,46.15,51.82,12285962.0,626466368.0,93851746.0,0.1309081878988165
2020-01-21,51.79,53.19,50.55,52.32,13087485.0,692454327.0,93851746.0,0.13944849784680619
2020-01-22,52.31,56.39,50.54,54.67,12407664.0,674352709.0,93851746.0,0.13220493521772095
2020-01-23,52.97,55.62,50.84,51.76,12556815.0,680894843.0,93851746.0,0.1337941544529177
2020-02-03,46.58,46.58,46.58,46.58,1055000.0,50080850.0,93851746.0,0.011241133436132344
2020-02-04,41.96,48.53,41.96,48.35,14030035.0,665367919.0,93851746.0,0.149491464974983
2020-02-05,47.79,50.15,47.12,48.0,11725807.0,582293627.0,93851746.0,0.12493967879936937
2020-02-06,47.16,49.42,46.74,49.42,10094088.0,498082606.0,93851746.0,0.10755354514129124
2020-02-07,49.12,52.27,48.75,51.59,11484343.0,592556984.0,93851746.0,0.12236685506095965
2020-02-10,51.06,52.87,50.34,50.94,9561612.0,501437614.0,93851746.0,0.10187995863177654
2020-02-11,50.91,52.29,49.89,50.0,9720962.0,505551713.0,93851746.0,0.10357784926025777
2020-02-12,49.09,52.48,49.02,52.03,11520329.0,598074716.0,93851746.0,0.12275028958971099
2020-02-13,52.12,56.75,52.03,53.74,15539037.0,860702148.0,93851746.0,0.1655700363848319
2020-02-14,53.88,56.67,52.4,53.66,17725815.0,989909366.0,93851746.0,0.18887038073857465
2020-02-17,53.62,54.82,52.45,54.66,13707211.0,749425219.0,93851746.0,0.1460517420741432
2020-02-18,53.97,59.55,53.71,58.69,19509461.0,1122988913.0,93851746.0,0.2078753121971753
2020-02-19,57.7,62.41,57.03,58.46,19241516.0,1168938959.0,93851746.0,0.2050203306819673
2020-02-20,59.57,61.19,57.21,60.7,16702001.0,1017428482.0,93851746.0,0.17796153733783493
2020-02-21,59.84,62.69,59.62,60.73,15771707.0,979126673.0,93851746.0,0.16804915914936736
2020-02-24,60.39,66.8,59.89,65.55,20699221.0,1346300451.0,93851746.0,0.22055232728435334
2020-02-25,63.79,67.38,60.35,66.78,20110600.0,1335517148.0,93851746.0,0.21428051002908352
2020-02-26,65.66,66.36,60.11,60.11,16130493.0,1031674915.0,93851746.0,0.17187206085649168
2020-02-27,60.7,60.83,55.46,56.96,13459483.0,791381079.0,93851746.0,0.14341217477190035
2020-02-28,53.19,56.18,53.15,53.37,12037444.0,667527204.0,93851746.0,0.12826020306537506
2020-03-02,55.07,56.11,53.78,55.28,10401907.0,584243539.0,93851746.0,0.11083338822487117
2020-03-03,56.37,58.39,54.37,54.81,11108470.0,639069165.0,93851746.0,0.11836188961258111
2020-03-04,53.68,54.73,51.62,53.47,10047003.0,546245558.0,93851746.0,0.10705184962675068
2020-03-05,54.95,55.4,51.83,53.18,9195432.0,497574419.0,93851746.0,0.09797827309467423
2020-03-06,52.02,53.63,52.02,52.4,5419338.0,291525674.0,93851746.0,0.057743603406163586
2020-03-09,53.59,56.87,53.24,54.65,15488329.0,871059837.0,93851746.0,0.16502973743290827
2020-03-10,55.61,60.12,55.45,60.12,24293286.0,1460179370.0,93851746.0,0.25884745926836566
2020-03-11,58.36,59.82,56.88,57.06,18820833.0,1118067120.0,93851746.0,0.20053791007787963
2020-03-12,54.81,59.23,53.78,59.09,14885999.0,867215486.0,93851746.0,0.15861184937358544
2020-03-13,57.41,64.13,57.38,62.2,21836802.0,1369919086.0,93851746.0,0.23267336976341388
2020-03-16,62.58,64.99,60.42,60.72,21035512.0,1346246536.0,93851746.0,0.22413554245437267
2020-03-17,62.15,62.9,57.41,59.8,15724750.0,967069680.0,93851746.0,0.16754882748798303
2020-03-18,61.43,63.39,60.65,60.84,17626656.0,1110569526.0,93851746.0,0.18781383140170882
2020-03-19,59.86,65.98,59.37,65.26,20120775.0,1305956712.0,93851746.0,0.2143889256999012
2020-03-20,65.26,66.44,60.84,61.92,18433603.0,1190418575.0,93851746.0,0.19641193462719383
2020-03-23,58.88,60.23,55.73,55.73,11159838.0,645515778.0,93851746.0,0.11890922093234152
2020-03-24,56.03,56.91,50.23,53.54,14792505.0,804774455.0,93851746.0,0.15761566119398568
2020-03-25,54.32,55.14,52.78,53.68,9524210.0,523116228.0,93851746.0,0.1014814364774844
2020-03-26,52.98,54.81,52.6,53.02,8230316.0,451635287.0,93851746.0,0.0876948629170948
2020-03-27,53.52,53.96,49.85,50.41,9531582.0,503289642.0,93851746.0,0.10155998589520114
2020-03-30,49.61,49.62,46.71,47.18,9207840.0,446631807.0,93851746.0,0.09811048161000649
2020-03-31,48.15,49.37,46.94,47.06,6783766.0,333062784.0,99816222.0,0.06796256023394674
2020-04-01,47.59,48.82,46.94,47.01,7002140.0,341558806.0,99816222.0,0.07015032085666396
2020-04-02,46.95,49.56,46.61,49.47,9421442.0,462888866.0,99816222.0,0.09438788416576216
2020-04-03,49.81,51.67,48.67,50.93,12098614.0,618422857.0,99816222.0,0.12120889528357424
2020-04-07,52.01,52.39,51.35,51.72,8010985.0,422468628.0,99816222.0,0.08025734534412653
2020-04-08,51.11,53.1,50.94,52.32,8097746.0,430288063.0,99816222.0,0.08112655275612415
2020-04-09,52.32,52.32,50.54,51.23,6587106.0,345105329.0,99816222.0,0.0659923394015053
2020-04-10,51.42,52.06,48.65,48.83,8191719.0,417110979.0,99816222.0,0.08206801295284448
2020-04-13,48.09,51.24,47.59,50.61,8436747.0,431234988.0,99816222.0,0.08452280431932196
2020-04-14,51.06,51.62,50.05,51.49,6514930.0,338232699.0,99816222.0,0.06526925052322657
2020-04-15,51.29,51.91,49.73,49.75,7891839.0,409897479.0,99816222.0,0.07906369167127965
2020-04-16,49.21,51.32,49.07,50.65,6605262.0,339256757.0,99816222.0,0.06617423368317828
2020-04-17,51.13,52.47,50.2,50.33,9039488.0,473657077.0,99816222.0,0.09056131176754015
2020-04-20,50.44,50.97,49.7,50.37,5452826.0,278847454.0,99816222.0,0.05462865545041366
2020-04-21,49.88,49.95,48.75,49.57,5501928.0,275998987.0,99816222.0,0.05512057949859092
2020-04-22,49.5,50.53,48.97,49.97,4924240.0,250961067.0,99816222.0,0.0493330633171029
2020-04-23,49.98,50.02,48.18,48.44,5342130.0,266071999.0,99816222.0,0.05351965735589552
2020-04-24,48.48,49.02,47.01,47.37,4531941.0,220906034.0,99816222.0,0.04540285045050092
2020-04-27,47.02,47.93,46.91,47.33,3779394.0,182909960.0,99816222.0,0.037863524828659616
2020-04-28,47.78,49.85,46.35,49.57,9120124.0,453916594.0,99816222.0,0.09136915640826399
2020-04-29,49.12,50.93,48.87,49.78,6268373.0,320144191.0,99816222.0,0.06279914100535683
2020-04-30,50.59,52.49,50.15,51.57,10725376.0,562741236.0,99816222.0,0.10745123172463891
2020-05-06,51.18,55.15,51.13,54.82,13746609.0,749569735.0,99816222.0,0.1377191875685297
2020-05-07,55.37,56.14,54.15,54.33,11866527.0,664527489.0,99816222.0,0.11888375218208519
2020-05-08,55.14,56.42,54.63,55.14,10905072.0,617243797.0,99816222.0,0.10925150022207814
2020-05-11,55.54,58.11,54.59,55.84,12277149.0,703175622.0,99816222.0,0.12299753240510346
2020-05-12,56.21,56.4,54.38,55.99,9426755.0,534071348.0,99816222.0,0.09444111198678708
2020-05-13,55.84,56.35,55.25,55.74,6743826.0,383712061.0,99816222.0,0.06756242487318344
2020-05-14,55.45,57.68,55.2,56.07,11259779.0,650335556.0,99816222.0,0.1128051009584394
2020-05-15,56.1,57.7,55.86,56.65,11200035.0,648676795.0,99816222.0,0.11220656097362611
2020-05-18,57.85,58.6,55.03,55.54,12653127.0,733596176.0,99816222.0,0.1267642347753855
2020-05-19,56.4,59.44,56.28,59.0,17628780.0,1048169410.0,99816222.0,0.17661237468995772
2020-05-20,57.91,58.97,56.72,57.0,13013785.0,765388746.0,99816222.0,0.1303774550793958
2020-05-21,57.49,57.78,53.97,54.44,11040357.0,624937326.0,99816222.0,0.11060684104032709
2020-05-22,54.27,54.94,52.95,53.4,7407113.0,407482473.0,99816222.0,0.07420750707234741
2020-05-25,53.38,55.17,53.38,54.97,7708571.0,426774475.0,99816222.0,0.07722763740747471
2020-05-26,54.71,55.69,54.14,55.61,8535797.0,478998283.0,99816222.0,0.08551512799192099
2020-05-27,55.04,55.44,53.29,54.9,8187881.0,454485447.0,99816222.0,0.08202956228898345
2020-05-28,54.66,54.81,51.42,52.94,8848824.0,477942845.0,99816222.0,0.08865116133127138
2020-06-01,51.47,54.24,50.43,53.89,11846720.0,635893522.0,99816222.0,0.1186853175028003
2020-06-02,54.76,55.83,53.97,54.95,11110381.0,621514936.0,99816222.0,0.11130837029676399
2020-06-03,54.95,59.17,54.42,56.85,17826864.0,1037320519.0,99816222.0,0.17859686174056957
2020-06-04,56.67,58.29,55.88,57.32,11818924.0,688005084.0,99816222.0,0.1184068457329511
2020-06-05,56.93,57.77,56.03,56.83,8877379.0,515142767.0,99816222.0,0.0889372370755527
2020-06-08,58.36,58.37,53.99,54.06,12531703.0,714831920.0,121472157.0,0.1031652298723896
2020-06-09,53.33,54.64,53.33,53.73,6899246.0,378962087.0,121472157.0,0.05679693330875815
2020-06-10,53.71,53.71,52.31,52.4,6234989.0,334963727.0,121472157.0,0.05132854436757882
2020-06-11,52.56,53.62,52.43,52.75,6385731.0,345458869.0,121472157.0,0.052569503643538656
2020-06-12,51.99,53.78,51.67,53.03,6439600.0,348143885.0,121472157.0,0.053012971524001175
2020-06-15,52.71,54.76,52.51,53.11,7251978.0,397603232.0,169205339.0,0.042859037680838194
2020-06-16,54.76,54.76,53.54,54.12,5447289.0,299525257.0,169205339.0,0.032193363591204414
2020-06-17,54.17,54.17,52.32,52.79,6386199.0,344045605.0,169205339.0,0.037742301973107364
2020-06-18,52.6,54.23,52.48,54.05,7553094.0,413792171.0,169205339.0,0.04463862691708564
2020-06-19,54.07,54.81,53.71,54.72,6994300.0,387474486.0,169205339.0,0.041336166112347084
2020-06-22,54.86,57.19,54.86,56.84,10780241.0,618986061.0,169205339.0,0.06371099791360603
2020-06-23,56.19,57.1,56.14,56.62,6776364.0,390662908.0,169205339.0,0.04004816892923219
2020-06-24,56.8,58.72,56.6,57.35,10601006.0,622174213.0,169205339.0,0.06265172282772945
2020-06-29,57.34,59.27,57.11,57.66,9214961.0,544169422.0,169205339.0,0.05446022598613156
2020-06-30,58.07,59.12,57.89,58.57,10578408.0,630433183.0,169205339.0,0.0625181691223112
2020-07-01,58.61,59.35,56.82,59.27,12113666.0,719781931.0,169205339.0,0.07159151166027923
2020-07-02,58.93,60.25,58.48,60.05,11852011.0,717729197.0,169205339.0,0.0700451361053093
2020-07-03,60.73,61.71,59.08,60.62,13374586.0,826749302.0,169205339.0,0.07904352237963366
2020-07-06,63.35,66.68,63.35,66.68,11085422.0,740694750.0,169205339.0,0.0655146112144842
2020-07-07,70.05,73.35,68.89,69.18,24245201.0,1762880569.0,169205339.0,0.14328862873529066
2020-07-08,67.55,71.14,67.42,69.67,16634802.0,1176300361.0,169205339.0,0.09831133047167029
2020-07-09,69.67,71.6,69.18,70.38,13707929.0,982653176.0,169205339.0,0.08101357250908023
2020-07-10,70.03,73.7,69.01,71.45,17083842.0,1248915102.0,170139790.0,0.10041062117215496
2020-07-13,72.38,73.94,71.54,73.6,13303861.0,984810771.0,170139790.0,0.07819370765650997
2020-07-14,74.39,74.39,67.8,69.36,17460462.0,1248164224.0,170139790.0,0.10262421271355748
2020-07-15,72.03,74.08,69.73,70.55,19005367.0,1396339488.0,170139790.0,0.11170442258098473
2020-07-16,67.7,69.17,63.49,63.49,15968498.0,1065324425.0,170139790.0,0.09385516462668726
2020-07-17,63.35,63.8,60.51,61.78,9657809.0,612355633.0,170139790.0,0.05676396450236597
2020-07-20,62.63,64.02,61.19,63.94,8165240.0,521599087.0,170139790.0,0.04799136051596161
2020-07-21,63.95,64.81,62.63,63.22,7011334.0,454218497.0,170139790.0,0.04120925504845163
2020-07-22,62.78,64.62,62.45,63.34,7359481.0,477593648.0,170139790.0,0.04325549596599361
2020-07-23,61.95,62.94,59.94,62.39,9674270.0,607380191.0,170139790.0,0.05686071435729408
2020-07-24,62.44,63.47,58.28,58.64,9372465.0,580848934.0,170139790.0,0.05508684946654748
2020-07-27,59.6,60.15,58.05,59.09,5460846.0,329547049.0,170139790.0,0.03209623098747213
2020-07-28,59.92,60.7,58.58,59.52,4717298.0,285974909.0,170139790.0,0.027726012827452063
2020-07-29,59.27,61.49,59.11,61.32,7700963.0,475581228.0,170139790.0,0.04526256321346112
2020-07-30,61.2,61.42,60.01,60.28,5847545.0,360238479.0,170139790.0,0.034369062051857475
2020-07-31,60.6,63.31,60.59,62.22,7891848.0,497463408.0,170139790.0,0.04638449359788207
2020-08-03,63.35,65.15,62.67,64.76,10253735.0,670268799.0,170139790.0,0.06026653142101562
2020-08-04,64.43,64.61,62.89,63.77,6877752.0,445643276.0,170139790.0,0.04042412418635288
2020-08-05,67.68,67.97,64.71,64.74,10694355.0,717424176.0,170139790.0,0.06285628423545134
2020-08-06,63.92,65.32,62.74,65.32,7934020.0,516166551.0,170139790.0,0.04663236036673138
2020-08-07,65.28,65.28,61.96,62.78,7349261.0,473506003.0,170139790.0,0.043195427712706125
2020-08-10,62.37,63.3,61.52,62.57,4967123.0,315455337.0,170139790.0,0.02919436423425702
2020-08-11,62.86,66.57,62.59,63.09,9303257.0,609463337.0,170139790.0,0.05468007806992121
2020-08-12,63.68,63.68,59.42,61.06,7869802.0,488139966.0,170139790.0,0.046254917794361916
2020-08-13,61.14,61.86,60.58,60.9,4066521.0,253120182.0,170139790.0,0.023901058065253285
2020-08-14,60.78,61.59,60.03,61.43,3751695.0,233120023.0,170139790.0,0.022050661988004098
2020-08-17,61.54,62.81,61.02,62.74,5026092.0,317688867.0,170139790.0,0.029540955704717868
2020-08-18,62.76,63.38,62.0,62.51,3961656.0,252829558.0,170139790.0,0.023284711941868506
2020-08-19,62.45,62.45,59.91,59.91,5248369.0,324971309.0,170139790.0,0.0308473931935616
2020-08-20,58.46,60.37,58.46,58.83,3655097.0,220187369.0,170139790.0,0.021482905321559408
2020-08-21,59.42,60.17,58.3,59.13,3312925.0,199622308.0,170139790.0,0.01947178258536701
2020-08-24,59.38,61.31,57.94,60.5,4554530.0,278204488.0,170139790.0,0.026769340669810394
2020-08-25,60.5,61.18,59.79,60.6,3788120.0,233888703.0,170139790.0,0.022264750650039005
2020-08-26,60.51,60.51,57.75,57.75,5011544.0,300157956.0,170139790.0,0.02945544954534151
2020-08-27,57.95,60.58,57.54,60.14,5344961.0,323600173.0,170139790.0,0.031415114594886946
2020-08-28,59.83,60.69,59.29,60.42,4140483.0,253543187.0,170139790.0,0.02433577119144205
2020-08-31,60.8,61.42,60.34,60.38,3905853.0,242088326.0,170139790.0,0.02295672869938302
2020-09-01,59.92,60.9,58.97,60.73,2887177.0,177019007.0,170139790.0,0.01696944024675239
2020-09-02,61.19,61.28,60.12,60.99,3608612.0,223590116.0,170139790.0,0.021209688809419595
2020-09-03,61.29,62.17,60.13,60.94,5287492.0,329369804.0,170139790.0,0.031077339404262813
2020-09-04,59.92,63.73,59.48,63.4,10022917.0,640700386.0,170139790.0,0.05890989403478163
2020-09-07,63.84,64.95,62.14,62.37,9109711.0,590971260.0,170139790.0,0.05354250760506993
2020-09-08,62.79,63.16,58.94,59.67,7509687.0,465702628.0,170139790.0,0.04413833471876273
2020-09-09,58.93,58.94,53.15,54.18,9595783.0,545101227.0,170139790.0,0.05639940545359789
2020-09-10,55.01,55.76,52.48,52.95,4742959.0,259874486.0,170139790.0,0.0278768358653787
2020-09-11,52.79,54.12,52.06,53.99,3271441.0,177733658.0,170139790.0,0.019227959550202806
2020-09-14,54.47,56.28,54.1,55.45,4330538.0,243838554.0,170139790.0,0.025452823234353352
2020-09-15,55.72,57.71,54.51,56.48,5224153.0,299205570.0,170139790.0,0.030705063171877666
2020-09-16,55.99,56.86,54.97,55.33,3611023.0,205030589.0,170139790.0,0.02122385950987714
2020-09-17,55.0,57.41,54.81,56.55,4584888.0,263655593.0,170139790.0,0.026947770418665733
2020-09-18,56.29,57.44,56.1,57.21,3810870.0,220838893.0,170139790.0,0.022398464227562524
2020-09-21,57.37,57.54,56.18,56.49,2807032.0,162414986.0,170139790.0,0.016498386415076685
2020-09-22,55.67,56.46,55.0,55.38,2779519.0,158140043.0,170139790.0,0.01633667821031165
2020-09-23,55.87,57.73,55.59,56.73,4112300.0,237370622.0,170139790.0,0.02417012504834995
2020-09-24,55.69,57.68,55.69,55.97,3807423.0,219719374.0,170139790.0,0.02237820441649775
2020-09-25,56.36,56.87,55.4,55.92,2292068.0,130633426.0,170139790.0,0.013471675261853796
2020-09-28,55.68,56.12,53.4,53.81,3533723.0,195725830.0,170139790.0,0.02076952722229174
2020-09-29,54.3,56.96,54.2,55.68,4322312.0,245693137.0,170139790.0,0.025404474755728802
2020-09-30,55.69,56.07,54.99,55.01,2411423.0,135995557.0,171121285.0,0.014091893945279805
2020-10-09,56.16,57.12,55.69,56.9,3581202.0,205873859.0,171121285.0,0.020927858273154038
2020-10-12,57.09,59.23,56.96,59.12,4823389.0,286753595.0,171121285.0,0.02818696107851224
2020-10-13,60.8,61.64,59.99,60.66,6871773.0,425680997.0,171121285.0,0.040157324671796384
2020-10-14,60.87,61.57,60.27,61.06,5547638.0,344749930.0,171121285.0,0.03241933345696884
2020-10-15,61.38,62.07,59.95,59.95,4789506.0,297911626.0,171121285.0,0.02798895531903001
2020-10-16,61.33,61.68,60.28,60.7,3788667.0,234967432.0,171121285.0,0.02214024397958442
2020-10-19,60.79,61.48,59.76,59.94,3054999.0,188032957.0,171121285.0,0.017852828769956933
2020-10-20,60.15,60.66,59.61,60.65,2485665.0,152565006.0,171121285.0,0.014525749967340415
2020-10-21,60.6,60.64,58.22,58.65,3568753.0,215070117.0,171121285.0,0.020855108702578992
2020-10-22,58.44,59.42,57.84,58.57,2237728.0,133759456.0,171121285.0,0.013076853647984235
2020-10-23,59.07,59.38,55.99,56.07,3520169.0,204894061.0,171121285.0,0.020571193116040474
2020-10-26,56.01,56.62,55.2,56.36,2125334.0,121148532.0,171121285.0,0.012420044648449199
2020-10-27,56.07,57.66,55.98,57.37,2607423.0,151885974.0,171121285.0,0.015237280388585208
2020-10-28,57.34,57.85,56.48,57.59,2765294.0,161331524.0,171121285.0,0.01615984826200902
2020-10-29,56.97,58.43,56.69,58.09,3740473.0,220299677.0,171121285.0,0.021858607478315747
2020-10-30,57.95,60.58,57.84,58.62,6017313.0,361985813.0,171121285.0,0.035164024159823254
2020-11-02,58.44,60.19,58.0,59.77,6660044.0,401554905.0,171121285.0,0.03892002096641572
2020-11-03,58.6,58.6,55.0,57.77,9875099.0,571893511.0,171121285.0,0.05770818633111597
2020-11-04,57.14,57.7,56.18,56.3,5085636.0,294319178.0,171121285.0,0.02971948229584648
2020-11-05,56.98,57.31,53.79,55.08,7969558.0,448873621.0,171121285.0,0.04657256985885771
2020-11-06,55.05,55.54,54.02,54.73,4780378.0,266517614.0,171121285.0,0.027935613036098927
2020-11-09,55.16,61.29,55.16,60.67,12786137.0,764203859.0,171121285.0,0.07471973460227346
2020-11-10,60.29,64.12,59.31,62.16,13167857.0,831462255.0,171121285.0,0.07695043313869458
2020-11-11,62.2,62.3,58.45,59.54,8464894.0,516802163.0,171121285.0,0.04946721852865937
2020-11-12,60.46,60.82,58.93,59.7,4984031.0,302908143.0,171121285.0,0.0291257221449687
2020-11-13,58.86,60.1,57.75,59.0,4876935.0,292749197.0,171121285.0,0.02849987364225321
2020-11-16,55.5,55.5,51.33,52.3,13837014.0,747335850.0,171121285.0,0.08086085842564822
2020-11-17,51.67,52.3,50.11,51.54,6880592.0,357574346.0,171121285.0,0.04020886121793674
2020-11-18,51.08,52.22,50.95,51.23,4080179.0,213803517.0,171121285.0,0.023843784249282608
2020-11-19,51.22,52.38,50.83,51.66,3888651.0,204729655.0,171121285.0,0.022724531317071396
2020-11-20,51.47,52.05,51.32,51.92,2653168.0,139584710.0,171121285.0,0.015504605403120951
2020-11-23,51.89,51.94,50.99,51.3,3129308.0,163646747.0,171121285.0,0.018287076327179286
2020-11-24,51.09,52.4,51.08,51.69,3839490.0,202504101.0,171121285.0,0.02243724385309519
2020-11-25,51.73,52.22,51.17,51.25,2832375.0,148763986.0,171121285.0,0.016551856772230294
2020-11-26,51.51,51.84,50.01,50.25,3453934.0,178448045.0,171121285.0,0.020184128467712243
2020-11-27,50.32,51.03,49.06,50.89,3548323.0,181675027.0,171121285.0,0.020735719697289556
2020-11-30,50.66,51.89,50.09,50.96,3550208.0,184435072.0,171121285.0,0.020746735276093796
2020-12-01,50.97,51.16,50.5,50.98,2701404.0,139937901.0,171121285.0,0.015786487344341762
2020-12-02,51.17,51.92,50.92,51.67,4014034.0,210521383.0,171121285.0,0.023457245543708954
2020-12-03,51.86,52.99,51.59,52.43,5003978.0,266825377.0,171121285.0,0.02924228859080856
2020-12-04,52.06,53.69,52.06,53.03,4911148.0,265030172.0,171121285.0,0.028699807858502232
2020-12-07,53.91,54.86,52.81,52.85,4608768.0,252077819.0,171121285.0,0.02693275707928444
2020-12-08,53.04,53.38,52.19,52.64,3252917.0,174693378.0,171121285.0,0.01900942363774325
2020-12-09,52.55,52.93,51.08,51.08,3017628.0,159372102.0,171121285.0,0.017634439806830576
2020-12-10,51.37,51.54,50.29,50.71,2606757.0,135144042.0,171121285.0,0.015233388412201322
2020-12-11,51.08,51.08,49.17,50.05,2889527.0,147191313.0,171121285.0,0.016885842109004734
2020-12-14,50.09,50.8,49.76,50.22,2620273.0,134118582.0,171121285.0,0.015312373326322322
2020-12-15,50.24,50.48,49.46,49.95,2307538.0,117235014.0,171121285.0,0.013484809911286021
2020-12-16,49.8,50.11,48.25,48.31,3347179.0,167183431.0,171121285.0,0.019560272703655773
2020-12-17,48.36,50.47,47.62,50.27,4748643.0,237693212.0,171121285.0,0.027750159777025985
2020-12-18,50.83,51.34,49.65,49.79,3286652.0,168365912.0,171121285.0,0.019206564513584618
2020-12-21,49.46,53.0,49.11,52.89,6799894.0,358767575.0,171121285.0,0.03973727756894766
2020-12-22,52.55,53.2,51.18,51.22,4022634.0,212842138.0,171121285.0,0.023507502295813172
2020-12-23,51.08,52.46,50.35,51.51,3999926.0,208924348.0,171121285.0,0.023374801095024503
2020-12-24,51.58,51.66,49.31,49.49,3464941.0,177495062.0,171121285.0,0.020248451266597255
2020-12-25,49.63,50.02,48.62,48.72,3869859.0,193594926.0,171121285.0,0.0226147144699153
2020-12-28,49.21,49.21,45.85,45.85,6219050.0,298423534.0,171121285.0,0.03634293653182887
2020-12-29,46.07,47.52,45.49,46.34,4187545.0,198675490.0,171121285.0,0.02447121058026183
2020-12-30,46.56,47.31,45.87,46.79,3277082.0,155387876.0,171121285.0,0.019150639267347717
2020-12-31,46.95,48.9,46.95,48.63,3932725.0,192981792.0,171177274.0,0.022974574300090794
2021-01-04,48.88,49.97,48.48,49.52,3893242.0,195739564.0,171177274.0,0.022743918681635274
2021-01-05,49.55,50.39,48.68,49.99,4787174.0,241508682.0,171177274.0,0.027966177332628864
2021-01-06,50.09,50.49,48.92,49.23,3988821.0,200244561.0,171177274.0,0.023302281353072603
2021-01-07,49.14,49.19,47.01,47.49,4327705.0,210186134.0,171177274.0,0.025282006769192972
2021-01-08,47.51,48.82,46.85,47.79,3579192.0,174530331.0,171177274.0,0.020909270935112568
2021-01-11,45.67,47.44,44.59,45.98,5365387.0,253317153.0,171177274.0,0.03134403811104037
2021-01-12,46.05,47.14,45.38,47.05,3788919.0,179047261.0,171177274.0,0.02213447446300611
2021-01-13,47.14,47.54,45.77,46.4,4195365.0,197968627.0,171177274.0,0.024508890122879278
2021-01-14,46.44,50.45,46.01,49.64,9666075.0,479315463.0,171177274.0,0.056468214349528666
2021-01-15,50.09,52.75,48.78,49.97,11058599.0,572475016.0,171177274.0,0.06460319609950092
2021-01-18,48.65,51.48,48.61,50.87,7717458.0,396323046.0,171177274.0,0.045084594582339245
2021-01-19,51.09,51.45,49.31,49.6,6032258.0,307373392.0,171177274.0,0.03523982979189165
2021-01-20,49.78,50.57,48.99,50.23,4549354.0,231204860.0,171177274.0,0.026576857392880317
2021-01-21,49.85,50.78,49.37,49.72,5864088.0,299416745.0,171177274.0,0.03425739797678984
2021-01-22,49.5,50.0,48.4,49.43,4431124.0,221288698.0,171177274.0,0.025886169912952346
2021-01-25,48.13,48.78,47.31,48.13,4686069.0,229414359.0,171177274.0,0.027375532338480866
2021-01-26,48.18,50.42,47.72,47.75,6164457.0,308186136.0,171177274.0,0.036012122730731184
2021-01-27,48.32,50.05,47.77,48.39,4586011.0,227849539.0,171177274.0,0.026791003810470775
2021-01-28,47.74,47.74,45.38,45.48,5064213.0,239988858.0,171177274.0,0.029584610630030244
2021-01-29,46.12,46.29,44.4,45.07,3825670.0,176609447.0,171177274.0,0.022349170018912675
2021-02-01,45.08,45.6,44.49,44.94,2724374.0,125164211.0,171177274.0,0.01591551224258893
2021-02-02,45.04,45.34,44.01,44.08,3717058.0,168667190.0,171177274.0,0.021714669904136924
2021-02-03,43.91,44.17,41.82,42.04,5811749.0,251067875.0,171177274.0,0.033951638930761335
2021-02-04,42.14,42.17,39.89,41.09,4213184.0,175174163.0,171177274.0,0.024612986885163272
2021-02-05,41.13,41.51,39.56,39.63,3082335.0,126589853.0,171177274.0,0.018006683527393947
2021-02-08,39.82,40.76,39.59,39.94,2624413.0,107496680.0,171177274.0,0.015331550378585886
2021-02-09,39.88,41.72,39.88,41.48,3438051.0,143522818.0,171177274.0,0.020084739753479193
2021-02-10,41.47,41.9,40.86,41.82,2879330.0,121674676.0,171177274.0,0.01682074923099897
2021-02-18,42.57,43.7,42.38,42.45,3776312.0,165045105.0,171177274.0,0.02206082566778111
2021-02-19,42.47,43.63,42.06,43.61,3263850.0,143484361.0,171177274.0,0.01906707545769189
2021-02-22,43.27,44.76,43.27,43.6,4584383.0,205575013.0,171177274.0,0.026781493202187576
2021-02-23,43.12,43.71,42.17,43.11,2865489.0,125534217.0,171177274.0,0.016739891534900832
2021-02-24,44.59,45.62,43.81,44.11,6794740.0,310313474.0,171177274.0,0.039694171084883614
2021-02-25,43.83,43.91,42.67,42.73,4087515.0,179191813.0,171177274.0,0.023878841533602178
2021-02-26,41.92,42.99,41.74,42.17,2413522.0,104089906.0,171177274.0,0.014099546882607793
2021-03-01,42.34,43.81,42.34,43.78,3225555.0,141928445.0,171177274.0,0.018843360012848434
2021-03-02,44.12,44.67,43.4,43.97,3121220.0,139308507.0,171177274.0,0.018233845691455513
2021-03-03,43.74,44.06,43.35,43.95,2004669.0,89081680.0,171177274.0,0.01171106977670412
2021-03-04,43.69,44.72,43.22,43.22,3286500.0,146856479.0,171177274.0,0.01919939442428555
2021-03-05,42.24,43.65,42.04,42.98,2405918.0,105398863.0,171177274.0,0.014055125097972994
2021-03-08,43.33,44.11,42.15,42.2,3191923.0,140154864.0,171177274.0,0.01864688533362203
2021-03-09,41.84,42.19,40.28,41.11,2805549.0,117803713.0,171177274.0,0.016389728229928464
2021-03-10,41.3,41.59,39.41,39.53,3439204.0,140237437.0,171177274.0,0.02009147546069696
2021-03-11,39.57,41.17,38.88,40.53,3537021.0,144189066.0,171177274.0,0.020662912297575203
2021-03-12,40.53,40.56,38.99,39.25,3477317.0,139618430.0,171177274.0,0.020314127680290082
2021-03-15,39.09,39.73,38.53,39.58,2610679.0,103764113.0,171177274.0,0.015251317765464591
2021-03-16,39.57,39.66,39.06,39.49,1583694.0,63480081.0,171177274.0,0.009251777195610674
2021-03-17,39.49,40.37,39.22,40.18,2199557.0,89750299.0,171177274.0,0.012849585395313633
2021-03-18,39.93,40.27,39.35,39.65,1919446.0,77634620.0,171177274.0,0.011213205790390143
2021-03-19,39.01,40.01,38.9,39.69,1760556.0,71099387.0,171177274.0,0.010284986779261363
2021-03-22,39.76,40.24,39.15,40.15,2037100.0,82812851.0,171177274.0,0.01190052833765772
2021-03-23,40.45,42.95,40.45,41.58,5358075.0,228495530.0,171177274.0,0.03130132216032369
2021-03-24,40.76,41.35,40.53,40.63,2742514.0,113952649.0,171177274.0,0.016021484253803456
2021-03-25,40.47,40.83,40.07,40.42,2056898.0,84784382.0,171177274.0,0.012016186214064842
2021-03-26,40.43,40.99,40.17,40.78,2287909.0,94576869.0,171177274.0,0.01336572867727757
2021-03-29,40.78,41.52,40.44,40.45,2360108.0,98440195.0,171177274.0,0.013787507797325946
2021-03-30,40.38,40.89,39.84,40.1,2064699.0,84539616.0,171177274.0,0.012061758852404672
2021-03-31,40.27,40.37,39.61,40.0,1478233.0,60065788.0,173433484.0,0.008523342585910343
2021-04-01,40.47,41.23,39.81,41.01,3109130.0,128973619.0,173433484.0,0.017926930419041805
2021-04-02,41.69,46.59,41.69,45.02,11315741.0,502082082.0,173433484.0,0.06524542285041106
2021-04-06,45.62,45.62,44.36,44.74,6260828.0,286067920.0,173433484.0,0.036099303638506164
2021-04-07,44.69,45.03,43.87,44.34,4088591.0,184517876.0,173433484.0,0.02357440389077348
2021-04-08,44.17,44.93,43.83,44.04,4102071.0,184917113.0,173433484.0,0.02365212821302719
2021-04-09,43.81,44.74,43.61,44.34,3699438.0,166332768.0,173433484.0,0.021330586889438258
2021-04-12,44.21,44.51,42.43,42.72,4204530.0,185956728.0,173433484.0,0.02424289648704745
2021-04-13,42.97,43.39,42.25,42.53,2702068.0,117584623.0,173433484.0,0.01557985192755512
2021-04-14,42.61,43.31,42.33,43.27,2726743.0,119046399.0,173433484.0,0.01572212549221464
2021-04-15,43.04,44.3,42.57,44.28,4505435.0,199220165.0,173433484.0,0.025977884408987597
2021-04-16,43.0,43.02,40.12,41.22,8558567.0,358995272.0,173433484.0,0.049347835277298586
2021-04-19,40.87,42.83,40.62,41.93,5591453.0,237656829.0,173433484.0,0.0322397548099766
2021-04-20,41.7,41.9,40.53,40.57,4202740.0,176078984.0,173433484.0,0.024232575527341652
2021-04-21,40.28,40.92,40.27,40.57,2582055.0,106705432.0,173433484.0,0.014887869057626726
2021-04-22,40.65,41.11,40.41,40.62,3600438.0,149205263.0,173433484.0,0.02075976286101708
2021-04-23,40.62,40.62,39.88,40.21,2635557.0,107941609.0,173433484.0,0.015196356200743796
2021-04-26,40.14,41.17,40.14,40.38,3541187.0,146691100.0,173433484.0,0.020418127562956644
2021-04-27,40.27,40.28,39.09,39.3,3398655.0,136536305.0,173433484.0,0.0195963024072099
2021-04-28,39.09,39.98,38.9,39.82,2074343.0,83490821.0,173433484.0,0.011960452803911845
2021-04-29,39.78,40.66,39.77,40.04,2429603.0,99554725.0,173433484.0,0.014008846181052328
2021-04-30,40.07,40.25,38.98,39.77,2611627.0,105100387.0,173433484.0,0.015058378231045626
2021-05-06,39.77,40.06,39.39,39.84,2124301.0,85918280.0,173433484.0,0.01224850559999129
2021-05-07,39.63,40.01,39.34,39.35,2035206.0,82284326.0,173433484.0,0.011734792803908616
2021-05-10,39.19,39.43,38.8,38.89,1910306.0,76027115.0,173433484.0,0.011014631984213614
2021-05-11,38.9,39.93,38.9,39.91,2677290.0,107642228.0,173433484.0,0.015436984475270069
2021-05-12,39.66,40.52,39.61,40.27,2440305.0,99454578.0,173433484.0,0.014070552835114585
2021-05-13,39.9,41.16,39.7,40.15,2914368.0,120410146.0,173433484.0,0.016803952344058314
2021-05-14,40.48,40.62,39.84,40.3,2360825.0,96639701.0,173433484.0,0.013612279160580087
2021-05-17,40.4,40.75,40.09,40.1,2238619.0,92010838.0,173433484.0,0.012907651673537274
2021-05-18,40.13,40.26,39.16,39.42,2510219.0,100812563.0,173433484.0,0.014473669917165477
2021-05-19,39.29,39.92,39.2,39.53,1782761.0,71917045.0,173433484.0,0.010279220360930996
2021-05-20,39.53,40.8,39.3,40.54,2932661.0,119799353.0,173433484.0,0.016909427939532137
2021-05-21,40.76,41.01,39.83,39.84,1956693.0,80129269.0,173504751.0,0.011277460638527415
2021-05-24,39.98,40.52,39.47,40.45,2156342.0,87981279.0,173504751.0,0.012428143826447727
2021-05-25,40.89,40.94,40.27,40.65,3094325.0,127799681.0,173504751.0,0.017834237864760256
2021-05-26,40.6,40.84,40.37,40.55,2178678.0,90046117.0,173504751.0,0.012556878053443044
2021-05-27,40.54,43.36,40.43,42.3,7879831.0,338704365.0,173504751.0,0.045415649742063836
2021-05-28,41.9,42.29,41.59,42.08,4070694.0,173726032.0,173504751.0,0.02346157080159724
2021-05-31,42.23,43.08,42.07,42.72,4005372.0,173189199.0,173504751.0,0.023085085433770053
2021-06-01,42.37,43.87,42.05,43.29,5453072.0,239650596.0,173504751.0,0.031428949170389
2021-06-02,43.22,43.26,41.83,41.86,4421940.0,190377433.0,173504751.0,0.025485987988882217
2021-06-03,42.0,43.23,41.73,42.19,4138747.0,178033125.0,173504751.0,0.023853796372411726
2021-06-04,41.91,43.15,41.91,42.93,4080738.0,177117063.0,173504751.0,0.023519459706322392
2021-06-07,44.14,44.77,43.36,43.52,6270341.0,280297329.0,173504751.0,0.03613930433524555
2021-06-08,43.5,44.6,43.47,43.73,5837153.0,260965315.0,173504751.0,0.0336426118959705
2021-06-09,43.47,44.49,42.84,43.19,4180206.0,184282405.0,173504751.0,0.024092746601503724
2021-06-10,43.2,44.15,42.87,44.1,4358052.0,192492749.0,173504751.0,0.025117767524417817
2021-06-11,44.14,44.34,41.84,42.08,6123663.0,265115585.0,173504751.0,0.03529392114455702
2021-06-15,42.08,43.09,41.94,42.22,3834551.0,165326394.0,173504751.0,0.022100553315684134
2021-06-16,42.39,45.81,42.39,43.92,10882031.0,491414849.0,173504751.0,0.06271892231930871
2021-06-17,44.05,47.3,43.47,46.73,14467457.0,675159115.0,173504751.0,0.08338363599046346
2021-06-18,46.41,46.57,45.44,46.47,8260623.0,386523741.0,173504751.0,0.047610356214395536
2021-06-21,46.19,48.78,45.73,47.34,10732044.0,516381735.0,173504751.0,0.06185446760475164
2021-06-22,47.49,48.03,46.11,47.11,6960047.0,330640158.0,173504751.0,0.04011444620326276
2021-06-23,48.78,53.21,48.78,50.09,16325853.0,845482319.0,173504751.0,0.09409455882853605
2021-06-24,50.26,51.63,48.68,48.78,12303439.0,623914924.0,173504751.0,0.07091125130054796
2021-06-25,48.8,51.02,48.38,49.15,9504977.0,477775553.0,173504751.0,0.05478222898922232
2021-06-28,48.56,49.55,47.47,47.91,10923501.0,538662199.0,173504751.0,0.062957935947241
2021-06-29,47.98,48.35,45.92,46.68,8251740.0,391914103.0,173504751.0,0.04755915876908754
2021-06-30,46.94,50.16,46.94,49.14,11509046.0,568259505.0,175893642.0,0.06543184772989123
2021-07-01,49.02,49.02,46.98,47.24,7411007.0,360973194.0,175893642.0,0.04213345585282725
2021-07-02,46.99,48.04,46.39,47.05,5551591.0,266856316.0,175893642.0,0.03156220393685407
2021-07-05,47.54,48.87,46.47,48.58,7770974.0,377968633.0,175893642.0,0.04417995961445838
2021-07-06,48.57,49.9,46.78,47.89,10155949.0,500650486.0,175893642.0,0.057739147842535435
2021-07-07,47.3,49.06,46.62,48.72,7078475.0,345937540.0,175893642.0,0.040242927029733117
2021-07-08,48.77,50.45,48.34,50.23,12065194.0,610802020.0,175893642.0,0.0685936902710787
2021-07-09,49.45,51.02,48.97,50.73,8836975.0,448864196.0,175893642.0,0.050240445871261225
2021-07-12,50.79,51.05,49.78,50.05,7536690.0,384696746.0,175893642.0,0.04284799560861899
2021-07-13,50.08,50.24,47.79,48.22,7911183.0,390536504.0,175893642.0,0.044977083367231656
2021-07-14,47.79,48.68,46.81,46.86,5892203.0,283854382.0,175893642.0,0.03349866961080947
2021-07-15,46.8,47.73,46.22,47.12,4753224.0,226023818.0,175893642.0,0.027023284900769752
2021-07-16,47.08,47.45,44.64,44.93,7320656.0,342078588.0,175893642.0,0.04161978748498482
2021-07-19,44.93,45.59,44.54,45.17,3448086.0,157797517.0,175893642.0,0.01960324410134165
2021-07-20,44.83,45.98,44.64,45.69,3450108.0,159157811.0,175893642.0,0.01961473968456461
2021-07-21,45.53,47.3,45.42,46.72,5733110.0,271070292.0,175893642.0,0.03259418552490942
2021-07-22,46.45,49.26,46.19,48.7,9515597.0,465418657.0,175893642.0,0.054098584188733784
2021-07-23,49.17,49.92,48.14,48.83,9430112.0,470085062.0,175893642.0,0.053612580265976865
2021-07-26,49.05,50.41,47.79,49.78,9195041.0,461186035.0,175893642.0,0.05227614196538156
2021-07-27,50.34,56.26,50.32,52.09,25639336.0,1386778517.0,175893642.0,0.14576613292253054
2021-07-28,51.18,52.22,47.36,49.79,14234254.0,725561901.0,175893642.0,0.0809253469207261
2021-07-29,50.99,54.12,50.84,53.04,16930742.0,904997873.0,175893642.0,0.09625556562186596
2021-07-30,52.93,55.67,52.82,54.23,15553708.0,860030380.0,175893642.0,0.08842677781383365
2021-08-02,55.77,57.64,53.7,55.44,15510823.0,875513476.0,175893642.0,0.08818296570378593
2021-08-03,54.19,54.41,50.36,50.87,15025050.0,796060131.0,175893642.0,0.08542122290014326
2021-08-04,51.21,53.85,51.04,52.96,10034923.0,537650925.0,175893642.0,0.05705108431378094
2021-08-05,53.2,53.41,51.04,51.34,7817622.0,412224205.0,175893642.0,0.04444516533462875
2021-08-06,52.01,53.16,50.84,51.99,7379148.0,387956723.0,175893642.0,0.04195232935139293
2021-08-09,51.37,51.99,50.07,51.48,6673321.0,345266302.0,175893642.0,0.03793952370376184
2021-08-10,53.19,53.65,50.63,52.11,8940026.0,472467218.0,176613138.0,0.050619258007861226
2021-08-11,51.91,52.5,51.03,52.0,7494782.0,394936035.0,176613138.0,0.04243615217345835
2021-08-12,51.24,53.65,50.84,53.16,10781679.0,579209611.0,176613138.0,0.061046868438518996
2021-08-13,53.21,53.21,49.97,50.13,11234707.0,582815359.0,176613138.0,0.06361195507437278
2021-08-16,49.76,52.2,48.78,51.3,7406314.0,381599246.0,176613138.0,0.04193523813613458
2021-08-17,50.8,51.09,47.87,48.03,7256840.0,361722800.0,176613138.0,0.04108890245752839
2021-08-18,48.01,48.68,47.7,48.38,4482560.0,219412648.0,176613138.0,0.025380671283922265
2021-08-19,47.99,48.76,47.79,47.98,5829496.0,285727045.0,176613138.0,0.033007148086571
2021-08-20,48.13,48.2,46.38,47.79,5454437.0,263201638.0,176613138.0,0.030883529174369803
2021-08-23,47.9,50.48,47.9,50.17,7287044.0,367962898.0,176613138.0,0.041259920312383555
2021-08-24,50.25,51.09,49.57,50.24,5426349.0,277337203.0,176613138.0,0.030724492308154334
2021-08-25,50.15,51.53,49.27,50.12,4316113.0,220431139.0,176613138.0,0.02443823290201661
2021-08-26,50.11,50.74,49.01,49.03,4309559.0,217782511.0,176613138.0,0.024401123544953943
2021-08-27,49.04,52.96,48.58,52.46,13738897.0,717046614.0,176613138.0,0.07779091156853801
2021-08-30,52.11,54.44,51.34,52.22,9242986.0,497707364.0,176613138.0,0.052334645681908445
2021-08-31,52.72,52.74,49.16,49.97,9396491.0,480837965.0,176613138.0,0.05320380525711513
2021-09-01,50.23,50.23,47.15,48.23,7122488.0,347887652.0,176613138.0,0.040328188948208374
2021-09-02,47.84,48.07,47.02,47.12,4712848.0,226410918.0,176613138.0,0.026684583340566656
2021-09-03,46.71,47.87,46.09,47.2,5939588.0,283536749.0,176613138.0,0.033630499221411266
2021-09-06,47.17,48.23,46.34,47.84,4255736.0,205470475.0,176613138.0,0.0240963727171871
2021-09-07,47.67,48.24,47.42,48.12,3295032.0,160165237.0,176613138.0,0.018656777391045508
2021-09-08,48.12,49.06,47.68,48.56,3817310.0,187477891.0,176613138.0,0.02161396396229594
2021-09-09,48.45,48.45,46.74,46.8,4822508.0,230921735.0,176613138.0,0.027305488451261198
2021-09-10,47.1,48.26,46.47,47.79,4559385.0,219471220.0,176613138.0,0.025815661573263027
2021-09-13,47.09,47.49,45.41,45.51,5948024.0,278301140.0,176613138.0,0.03367826463736803
2021-09-14,45.61,46.47,45.54,45.58,3483256.0,162527609.0,176613138.0,0.01972251917068593
2021-09-15,45.52,46.26,45.03,45.68,2536434.0,117677886.0,176613138.0,0.014361525018597427
2021-09-16,45.68,46.16,44.34,44.36,3216482.0,147318124.0,176613138.0,0.018212019991400638
2021-09-17,44.64,44.83,42.27,44.07,4771047.0,210529793.0,176613138.0,0.027014111486994813
2021-09-22,43.36,44.5,43.15,44.05,2192655.0,97887648.0,176613138.0,0.012415016373243989
2021-09-23,44.14,45.03,44.07,44.29,2284747.0,103251843.0,176613138.0,0.012936449835345771
2021-09-24,44.14,44.52,43.27,43.31,2291288.0,101771538.0,176613138.0,0.01297348558520035
2021-09-27,43.31,44.31,43.02,43.18,1848831.0,81998012.0,176613138.0,0.010468252933708703
2021-09-28,43.36,43.86,42.58,42.86,1799202.0,78863318.0,176613138.0,0.010187248923689924
2021-09-29,42.47,42.96,40.99,41.05,3225192.0,136816818.0,176613138.0,0.018261336820820203
2021-09-30,41.38,41.97,41.29,41.73,1808340.0,76638131.0,176613138.0,0.010238989128883493
2021-10-08,42.34,43.26,42.17,42.39,2319947.0,100517890.0,176613138.0,0.013135755506478799
2021-10-11,42.58,43.34,42.44,42.98,2056124.0,89599810.0,176613138.0,0.011641965163429687
2021-10-12,42.87,43.07,42.17,42.36,1753937.0,75731528.0,176613138.0,0.009930954287217296
2021-10-13,42.37,43.34,42.27,43.24,1620316.0,70596405.0,176613138.0,0.00917437976782905
2021-10-14,43.16,43.58,42.76,43.0,1763952.0,76994900.0,176613138.0,0.0099876601479104
2021-10-15,42.88,43.97,42.57,43.65,2570661.0,113655723.0,176613138.0,0.014555321473309646
2021-10-18,43.44,43.44,42.29,42.61,2154225.0,93273289.0,176613138.0,0.012197422141947334
2021-10-19,42.37,43.04,42.37,42.69,1442398.0,62571826.0,176613138.0,0.008166991517924336
2021-10-20,42.67,42.86,42.38,42.56,1320570.0,57114810.0,176613138.0,0.0074771900604585825
2021-10-21,42.55,42.7,41.78,41.84,1683056.0,71959904.0,176613138.0,0.009529619478251952
2021-10-22,41.97,43.35,41.82,42.79,3029849.0,132052326.0,176613138.0,0.01715528660161171
2021-10-25,42.64,43.78,42.27,43.51,2349933.0,102695515.0,176613138.0,0.013305539025075247
2021-10-26,43.37,43.95,43.08,43.76,2492824.0,110217925.0,176613138.0,0.01411460114592381
2021-10-27,43.73,43.73,42.64,42.74,2002186.0,87336071.0,176613138.0,0.011336563194975903
2021-10-28,41.58,41.65,38.58,38.74,6950559.0,278455273.0,176613138.0,0.03935471097286092
2021-10-29,38.74,39.86,38.58,39.48,3148704.0,126137321.0,176613138.0,0.017828254656796824
2021-11-01,39.48,42.04,39.44,41.6,4124154.0,172434864.0,176613138.0,0.02335134320528295
2021-11-02,42.01,43.24,41.27,41.58,3697877.0,158008257.0,176613138.0,0.020937723217397338
2021-11-03,41.88,42.25,40.77,41.34,2255266.0,94689321.0,176613138.0,0.01276952567367893
2021-11-04,41.66,42.53,41.66,41.88,2789854.0,119090228.0,176613138.0,0.015796412608896627
2021-11-05,42.37,42.99,41.9,41.99,2411163.0,103543260.0,176613138.0,0.013652228975173975
2021-11-08,41.87,41.88,40.7,41.38,2449574.0,102283402.0,176613138.0,0.013869715626704962
2021-11-09,41.55,42.33,41.15,42.26,3246474.0,138098754.0,176613138.0,0.018381837482554668
2021-11-10,42.07,43.32,41.99,43.09,3995613.0,173803470.0,176613138.0,0.022623532117978674
2021-11-11,43.26,44.74,42.87,44.07,5682266.0,253174897.0,176613138.0,0.032173518144499536
2021-11-12,43.88,44.64,43.56,44.14,3190061.0,142936317.0,176613138.0,0.01806242183409934
2021-11-15,44.22,44.82,43.76,44.26,3552681.0,159802049.0,176613138.0,0.02011560997234532
2021-11-16,44.34,44.54,43.29,43.38,3391970.0,151085319.0,176613138.0,0.01920564935548566
2021-11-17,43.39,44.05,43.38,43.68,2364814.0,104817698.0,176613138.0,0.01338979662996532
2021-11-18,43.95,45.82,43.68,44.12,7508540.0,341225979.0,176613138.0,0.042514051247988134
2021-11-19,43.68,44.64,43.39,43.93,4221456.0,187684210.0,176613138.0,0.023902276171549594
2021-11-22,42.47,45.12,42.35,44.78,7257391.0,324189837.0,176613138.0,0.04109202227073277
2021-11-23,44.78,45.77,44.58,45.23,5500531.0,251922534.0,176613138.0,0.03114451768588133
2021-11-24,44.93,46.39,44.72,45.45,5282368.0,244642437.0,176613138.0,0.029909258506012164
2021-11-25,45.77,47.0,45.09,46.77,7179093.0,338345664.0,176613138.0,0.04064869171850624
2021-11-26,46.36,46.65,45.6,46.05,4571470.0,213468711.0,176613138.0,0.025884087966321054
2021-11-29,45.42,46.12,45.04,45.64,4896435.0,226001123.0,176613138.0,0.027724069995291065
2021-11-30,45.89,46.46,45.01,45.35,4152249.0,192751992.0,176613138.0,0.02351041970614893
2021-12-01,45.17,47.0,45.17,45.96,4750434.0,222982243.0,176613138.0,0.02689739876543046
2021-12-02,45.96,46.09,44.56,44.67,3827598.0,175068607.0,176613138.0,0.021672215574358913
2021-12-03,44.63,47.0,44.62,46.07,5464787.0,255114474.0,176613138.0,0.030942131836194427
2021-12-06,46.11,46.31,44.05,44.26,4340840.0,197809861.0,176613138.0,0.02457823947389463
2021-12-07,44.5,44.83,42.6,42.92,3838600.0,168375446.0,176613138.0,0.021734509920773845
2021-12-08,42.94,45.85,42.94,44.84,6948084.0,316329270.0,176613138.0,0.039340697292859376
2021-12-09,44.62,46.26,44.61,45.28,4727800.0,218015755.0,176613138.0,0.026769242954054754
2021-12-10,45.01,45.48,44.16,44.35,4948734.0,224002086.0,176613138.0,0.02802019179343272
2021-12-13,44.36,44.54,43.57,43.85,2917517.0,130019185.0,176613138.0,0.016519252378608438
2021-12-14,43.63,45.12,43.2,45.08,4162173.0,187530001.0,176613138.0,0.02356661031638541
2021-12-15,45.02,45.25,43.86,44.18,3077113.0,138582404.0,176613138.0,0.01742289976185124
2021-12-16,44.44,45.33,44.32,44.49,3003388.0,136469433.0,176613138.0,0.017005461960593216
2021-12-17,44.64,44.64,42.96,42.97,3848899.0,169336641.0,177979004.0,0.021625578936265988
2021-12-20,43.42,46.51,43.26,44.05,8452793.0,389491744.0,177979004.0,0.04749320318704559
2021-12-21,43.36,44.35,43.17,43.39,3814337.0,168561485.0,177979004.0,0.021431387491077317
2021-12-22,43.38,47.3,43.23,46.0,15096525.0,705941999.0,177979004.0,0.08482194337934378
2021-12-23,46.33,46.6,45.11,45.35,6771968.0,313826265.0,177979004.0,0.038049252146618376
2021-12-24,45.44,49.88,45.44,49.18,17740034.0,867456118.0,177979004.0,0.09967486951438384
2021-12-27,49.11,52.02,48.15,48.68,13895643.0,701106854.0,177979004.0,0.0780746194084781
2021-12-28,49.43,50.65,47.4,47.89,9113736.0,447916115.0,177979004.0,0.051206804146403696
2021-12-29,47.89,50.48,47.7,49.33,11650565.0,584643055.0,177979004.0,0.06546033373689404
2021-12-30,49.27,52.77,48.92,51.82,12540365.0,654244305.0,177979004.0,0.0704597998536951
2021-12-31,52.47,53.55,50.75,51.81,9856514.0,519268665.0,178315498.0,0.05527570015254647
2022-01-04,51.23,52.39,49.85,50.73,7330168.0,378633425.0,178315498.0,0.04110785704111933
2022-01-05,50.65,54.19,49.95,52.43,14193850.0,761358413.0,183245299.0,0.07745819443913811
2022-01-06,52.03,56.36,52.03,54.93,13617223.0,763074654.0,183245299.0,0.07431144522839847
2022-01-07,55.06,55.35,53.71,54.06,6886486.0,380311340.0,183245299.0,0.03758069668133751
2022-01-10,54.19,54.88,51.39,53.11,7963931.0,426764455.0,183245299.0,0.04346049281187835
2022-01-11,53.11,53.7,52.19,52.47,4821554.0,258808726.0,183245299.0,0.026312020151742065
2022-01-12,52.53,54.49,52.53,54.18,5891984.0,321689472.0,183245299.0,0.03215353426338102
2022-01-13,53.75,54.19,51.53,51.83,6140720.0,326587614.0,183245299.0,0.03351092788470388
2022-01-14,52.14,55.67,50.83,54.13,8256025.0,446613874.0,183245299.0,0.04505449823299423
2022-01-17,54.13,55.38,53.49,54.4,5281401.0,291012912.0,183245299.0,0.028821481526792127
2022-01-18,54.43,55.29,52.68,52.82,4643706.0,253267880.0,183245299.0,0.025341474107884208
2022-01-19,52.22,53.18,51.16,51.84,3473604.0,182630654.0,183245299.0,0.018956033355049397
2022-01-20,51.5,52.03,48.58,48.97,7486974.0,377603804.0,183245299.0,0.040857659328002734
2022-01-21,49.17,49.64,48.05,48.38,4702312.0,232993757.0,183245299.0,0.02566129677356689
2022-01-24,48.39,53.64,48.39,52.93,8560625.0,448672525.0,183245299.0,0.04671675097105765
2022-01-25,53.14,54.1,51.55,51.55,5034813.0,268181645.0,183245299.0,0.027475809897857188
2022-01-26,51.82,52.4,49.98,51.55,4287105.0,222451530.0,183245299.0,0.023395443285014368
2022-01-27,51.02,51.57,47.91,49.27,6193571.0,309417512.0,183245299.0,0.03379934456053904
2022-01-28,49.1,52.4,49.1,50.83,5662661.0,293640898.0,183245299.0,0.030902080603988646
2022-02-07,51.73,52.8,51.1,51.36,4428523.0,233057939.0,183245299.0,0.024167184774546387
2022-02-08,51.44,51.73,48.87,49.69,4259859.0,214212940.0,183245299.0,0.023246757342462575
2022-02-09,49.68,52.87,48.86,52.79,5211698.0,272537566.0,183245299.0,0.02844110069093778
2022-02-10,52.79,53.41,51.36,52.4,4154723.0,220496625.0,183245299.0,0.022673012746700805
2022-02-11,51.98,52.11,49.6,50.21,4993623.0,255183938.0,183245299.0,0.027251029233770412
2022-02-14,49.27,53.0,48.87,51.94,5406360.0,283695481.0,183744078.99999997,0.029423315458235805
2022-02-15,52.01,53.8,51.8,52.62,4458029.0,238732363.0,183744078.99999997,0.024262164115775402
2022-02-16,52.99,53.49,51.14,52.98,4430053.0,236453207.0,183744078.99999997,0.024109908869498868
2022-02-17,52.72,53.65,51.91,52.13,3288767.0,175348474.0,183744078.99999997,0.017898628450498263
2022-02-18,51.08,53.07,50.92,51.24,2794794.0,146761731.0,183744078.99999997,0.015210253387266974
2022-02-21,51.45,51.72,50.13,50.44,3032895.0,155714348.0,183744078.99999997,0.01650608289805083
2022-02-22,50.13,51.5,48.9,50.97,4967348.0,253029110.0,183744078.99999997,0.02703405751648738
2022-02-23,50.75,61.17,50.66,61.17,15699740.0,923522116.0,183744078.99999997,0.08544351516219471
2022-02-24,64.06,65.45,58.63,62.08,25253574.0,1579598169.0,183744078.99999997,0.13743884503619844
2022-02-25,62.06,63.39,58.63,58.73,15801500.0,975416853.0,183744078.99999997,0.08599732892617455
2022-02-28,58.73,59.82,56.95,59.73,12308522.0,732870788.0,183834991.0,0.06695418501693184
2022-03-01,59.02,60.94,58.66,59.4,9434517.0,570956353.0,183834991.0,0.05132057258892569
2022-03-02,58.63,59.64,57.72,59.39,8042150.0,478243911.0,183834991.0,0.043746568355966575
2022-03-03,59.61,59.77,55.48,55.53,13223276.0,762718128.0,183834991.0,0.07193013652118056
2022-03-04,54.42,58.24,54.2,57.41,11352831.0,656930829.0,183834991.0,0.06175555011722442
2022-03-07,56.71,57.62,54.93,55.8,6354027.0,360393075.0,183834991.0,0.034563751794129335
2022-03-08,56.36,66.56,55.8,61.09,20774355.0,1280191836.0,183834991.0,0.11300544519296656
2022-03-09,61.83,64.12,59.97,62.86,19114164.0,1206158016.0,183834991.0,0.10397456923747449
2022-03-10,64.74,65.22,60.7,61.07,16128031.0,1017171959.0,183834991.0,0.08773101851975504
2022-03-11,59.62,62.57,59.22,61.4,11506035.0,717439510.0,183834991.0,0.062588927915252
2022-03-14,59.83,61.93,58.33,59.29,8936305.0,546060531.0,183834991.0,0.048610468286747435
2022-03-15,59.11,65.03,58.83,61.34,15782092.0,999116550.0,183834991.0,0.08584922769137025
2022-03-16,62.57,64.72,58.69,63.26,17705772.0,1111147111.0,183834991.0,0.09631339443969075
2022-03-17,63.46,66.2,61.88,62.37,18130268.0,1174342574.0,183834991.0,0.0986225087040149
2022-03-18,61.39,65.21,61.04,62.57,10584173.0,677419646.0,184127199.0,0.057482941452881166
2022-03-21,61.65,62.82,60.02,62.57,11981178.0,747137174.0,184127199.0,0.06507011492636675
2022-03-22,61.39,61.96,55.1,56.99,17646414.0,1043672796.0,184127199.0,0.09583817108954121
2022-03-23,56.66,58.14,56.36,58.12,8062505.0,470060683.0,184127199.0,0.04378769157293269
2022-03-24,57.35,58.04,55.82,56.05,7095089.0,408341514.0,184127199.0,0.03853362804916182
2022-03-25,57.0,57.69,55.16,55.38,5194639.0,296858022.0,184127199.0,0.028212230611296053
2022-03-28,54.39,55.83,53.85,55.47,4988487.0,278850288.0,184127199.0,0.0270926132971805
2022-03-29,55.66,57.03,53.09,54.88,7261792.0,404173450.0,184127199.0,0.03943899673399148
2022-03-30,54.87,56.84,54.79,55.84,6594581.0,373438195.0,184127199.0,0.03581535501444303
2022-03-31,55.2,56.63,54.39,55.14,5122796.0,287914407.0,184127776.0,0.02782196207051347
2022-04-01,54.6,57.55,54.54,56.31,6927114.0,396944587.0,184127776.0,0.03762123320275155
2022-04-06,55.77,56.06,51.26,52.18,8429986.0,447442364.0,184127776.0,0.04578334775520235
2022-04-07,52.07,52.32,50.74,51.14,5393374.0,280630634.0,184127776.0,0.02929147419887372
2022-04-08,50.86,52.11,49.66,51.72,4750135.0,246140260.0,184127776.0,0.02579803603341193
2022-04-11,51.04,51.15,48.87,48.98,4408794.0,223068197.0,184127776.0,0.023944209264766224
2022-04-12,49.44,51.04,48.28,50.74,4345068.0,219510894.0,184127776.0,0.02359811264977208
2022-04-13,50.25,50.43,48.97,49.27,3856897.0,194498986.0,184127776.0,0.020946850517544947
2022-04-14,49.37,51.8,47.72,50.87,6894303.0,348972114.0,184127776.0,0.037443036296707345
2022-04-15,49.86,51.66,49.27,51.24,4818408.0,247280043.0,184127776.0,0.026168827455994473
2022-04-18,50.7,54.24,50.35,53.7,5804648.0,313219243.0,184127776.0,0.03152510786857057
2022-04-19,53.41,54.82,52.66,52.99,3832636.0,208686656.0,184127776.0,0.02081508875662518
2022-04-20,53.26,53.86,52.43,53.0,2217647.0,119204118.0,184127776.0,0.012044065529798177
2022-04-21,52.42,54.52,50.87,51.24,3840424.0,205162845.0,184127776.0,0.020857385471271864
2022-04-22,50.75,52.02,48.56,48.85,3631885.0,184176265.0,184127776.0,0.019724807842136757
2022-04-25,48.12,48.33,42.96,43.67,6501128.0,298690862.0,184127776.0,0.03530769849737391
2022-04-26,46.31,46.31,43.11,43.24,5084087.0,230753389.0,184127776.0,0.027611733060850092
2022-04-27,42.21,46.88,42.19,46.56,5737203.0,262412011.0,184127776.0,0.031158813323200082
2022-04-28,46.31,47.82,45.48,46.43,3982269.0,188681621.0,184127776.0,0.02162774724439185
2022-04-29,47.0,48.99,46.01,48.18,3725287.0,180420434.0,184127776.0,0.02023207514329614
2022-05-05,48.61,51.04,47.88,50.54,4094139.0,206490956.0,184127776.0,0.022235314459020022
2022-05-06,49.37,50.92,48.8,49.79,2500080.0,126887285.0,184127776.0,0.013577962295053191
2022-05-09,49.51,50.83,48.95,50.63,1842181.0,93883223.0,184127776.0,0.010004905506489145
2022-05-10,49.3,54.42,49.3,54.15,5195792.0,280712261.0,184127776.0,0.02821840415864253
2022-05-11,54.5,55.93,53.84,53.89,5227638.0,291691995.0,184127776.0,0.028391360138950463
2022-05-12,53.78,55.28,53.58,54.54,2953287.0,163531113.0,184127776.0,0.016039334554282567
2022-05-13,54.44,55.03,53.32,53.65,2862118.0,156678919.0,184127776.0,0.015544194700966789
2022-05-16,54.16,54.16,52.35,53.21,2541940.0,136992280.0,184127776.0,0.01380530442077354
2022-05-17,53.21,55.48,52.9,55.19,3655170.0,203493499.0,184127776.0,0.01985126893619787
2022-05-18,55.33,56.3,54.65,54.98,3176679.0,178664654.0,184127776.0,0.017252578991667177
2022-05-19,54.02,56.66,53.5,56.29,4170202.0,236755773.0,184127776.0,0.0226484134582715
2022-05-20,56.4,57.64,55.72,56.11,3948755.0,226313223.0,184127776.0,0.021445732337526304
2022-05-23,56.18,57.02,55.67,55.96,2296497.0,130737452.0,184127776.0,0.012472300757056883
2022-05-24,55.84,57.17,53.98,54.0,3761269.0,212360842.0,184127776.0,0.02042749378561983
2022-05-25,54.1,55.38,53.16,53.83,3001106.0,164368886.0,184127776.0,0.016299040075300752
2022-05-26,53.88,54.17,51.75,53.16,3511923.0,189089344.0,184127776.0,0.019073292885479702
2022-05-27,53.54,54.6,52.08,52.63,2717054.0,146624334.0,184127776.0,0.014756350503033285
2022-05-30,52.76,53.91,51.83,53.8,2572416.0,138953784.0,184127776.0,0.013970819915839313
2022-05-31,53.79,54.64,52.52,54.64,3128486.0,170908413.0,184127776.0,0.016990842272487993
2022-06-01,54.19,55.77,53.41,54.32,3772279.0,208342166.0,184127776.0,0.020487289218113405
2022-06-02,54.86,57.63,54.19,56.43,6616199.0,378563390.0,184127776.0,0.03593265037861534
2022-06-06,57.03,59.01,56.43,58.7,5779759.0,341124509.0,184127776.0,0.03138993543266389
2022-06-07,58.33,60.21,58.04,58.61,5614215.0,336519227.0,184127776.0,0.030490864126876762
2022-06-08,58.58,58.78,56.34,57.64,3754827.0,218859145.0,184127776.0,0.020392507211948293
2022-06-09,57.64,57.79,54.0,54.34,5070736.0,284426308.0,184127776.0,0.027539223631311335
2022-06-10,54.0,56.22,53.86,55.85,5433920.0,303960429.0,184127776.0,0.029511679975974946
2022-06-13,55.22,56.1,54.05,55.61,2945168.0,164402576.0,184127776.0,0.01599524017495329
2022-06-14,55.18,55.18,52.14,53.56,4437356.0,240189054.0,184127776.0,0.024099329804537474
2022-06-15,53.78,56.18,53.78,54.87,3453175.0,193880586.0,184127776.0,0.01875423184386912
2022-06-16,54.91,60.65,54.91,59.23,11680199.0,695985813.0,184127776.0,0.0634352907189842
2022-06-17,59.23,59.4,57.77,59.09,8249024.0,492745392.0,184127776.0,0.04480054111987971
2022-06-20,58.87,59.48,58.33,58.48,4269196.0,255397532.0,184127776.0,0.023186050973645605
2022-06-21,58.5,59.72,57.53,59.19,5717077.0,340679106.0,184127776.0,0.03104950879328494
2022-06-22,59.61,59.87,57.37,57.53,4132871.0,243811857.0,184127776.0,0.02244566838193929
2022-06-23,57.51,58.87,57.17,58.23,3350788.0,197510349.0,184127776.0,0.01819816690774563
2022-06-24,58.38,61.05,58.14,60.08,5948313.0,361275097.0,184127776.0,0.03230535408193927
2022-06-27,59.82,60.65,59.22,60.5,4720146.0,287694938.0,184127776.0,0.025635165440764354
2022-06-28,60.1,62.57,59.06,61.56,5078226.0,312863681.0,184127776.0,0.027579901904642566
2022-06-29,61.19,61.91,59.42,59.52,4902826.0,300546549.0,184127776.0,0.026627302553200883
2022-06-30,59.36,61.08,58.54,60.11,4060135.0,246714132.0,187171155.0,0.021692097802142644
2022-07-01,60.11,60.6,58.43,58.67,3199077.0,191897007.0,187171155.0,0.017091720142454643
2022-07-04,58.85,58.85,55.27,56.12,7866995.0,447432503.0,187171155.0,0.04203102235491361
2022-07-05,56.35,56.66,54.69,55.79,4515391.0,253923148.0,187171155.0,0.024124395663423674
2022-07-06,55.79,60.17,55.53,59.1,7944128.0,472655116.0,187316857.00000003,0.042410107276143326
2022-07-07,59.61,62.74,59.12,61.63,10158555.0,632664600.0,187316857.00000003,0.05423193172625141
2022-07-08,61.73,61.97,59.75,60.02,3721606.0,229426923.0,187316857.00000003,0.019867971626280272
2022-07-11,59.57,60.21,57.81,58.71,3491307.0,207626204.0,187316857.00000003,0.018638509400144374
2022-07-12,59.45,60.64,57.36,57.42,3008094.0,178122590.0,187316857.00000003,0.016058853688752633
2022-07-13,57.78,58.05,56.08,56.96,2879198.0,165801059.0,187316857.00000003,0.015370736227973329
2022-07-14,56.75,59.5,56.27,58.19,3600377.0,211401150.0,187316857.00000003,0.01922078481169476
2022-07-15,60.66,69.83,60.66,67.01,18736326.0,1270120749.0,187316857.00000003,0.10002477246348414
2022-07-18,67.44,67.87,63.76,65.04,12097213.0,797407885.0,187316857.00000003,0.0645815501805051
2022-07-19,64.84,65.83,63.94,65.06,8025893.0,527540610.0,187316857.00000003,0.04284661363926258
2022-07-20,65.14,66.79,65.1,65.53,7271174.0,484661163.0,187316857.00000003,0.03881751016140528
2022-07-21,65.64,71.28,65.26,70.02,11410989.0,800768986.0,187316857.00000003,0.06091811053609552
2022-07-22,68.59,71.55,68.59,69.68,6548507.0,464671662.0,187316857.00000003,0.03495951781851646
2022-07-25,70.16,73.23,68.69,70.87,6939490.0,500879713.0,187316857.00000003,0.037046799263773675
2022-07-26,71.8,75.5,69.58,73.69,8254433.0,603744675.0,187316857.00000003,0.044066685359769826
2022-07-27,72.92,74.52,71.53,71.94,5418179.0,398775516.0,187316857.00000003,0.028925207729702612
2022-07-28,72.64,74.13,71.16,72.28,5646272.0,414377330.0,187861156.99999997,0.030055558531453103
2022-07-29,72.05,73.87,70.62,73.09,5517023.0,405292965.0,187861156.99999997,0.029367555742244263
2022-08-01,72.31,76.17,69.98,75.06,6745160.0,504388925.0,187861156.99999997,0.035905027455995074
2022-08-02,73.56,80.94,73.45,77.48,11196156.0,887562752.0,187861156.99999997,0.05959803601124421
2022-08-03,78.18,84.76,75.5,75.6,13145247.0,1050133584.0,187861156.99999997,0.0699732036676427
2022-08-04,76.99,81.67,75.04,80.43,10885546.0,868731167.0,187861156.99999997,0.05794463407887987
2022-08-05,81.28,87.72,78.47,85.78,12885221.0,1077006489.0,187861156.99999997,0.06858906442272152
2022-08-08,84.17,89.48,81.43,84.93,12807106.0,1095264618.0,187861156.99999997,0.06817325201505067
2022-08-09,83.56,99.49,82.27,97.2,10777624.0,969517800.0,187861156.99999997,0.057370156620508844
2022-08-10,93.11,106.59,92.64,95.74,12292986.0,1216156138.0,187861156.99999997,0.06543655003679127
2022-08-11,95.74,101.59,94.79,96.72,9742786.0,963264055.0,187861156.99999997,0.05186163098101222
2022-08-12,94.86,98.68,89.71,89.98,12194696.0,1155012123.0,187861156.99999997,0.06491334448664128
2022-08-15,91.51,92.55,89.63,91.99,8409219.0,776918239.0,187861156.99999997,0.04476294692468013
2022-08-16,91.2,92.72,88.59,90.03,9071539.0,830249004.0,187861156.99999997,0.04828852938449645
2022-08-17,90.06,92.28,89.51,91.14,7341901.0,674353356.0,187861156.99999997,0.03908152764118237
2022-08-18,90.31,94.23,87.35,92.2,9389586.0,867927765.0,187861156.99999997,0.049981519064103294
2022-08-19,91.78,92.76,88.29,88.8,6431875.0,585389532.0,187861156.99999997,0.03423738628416943
2022-08-22,87.96,92.28,87.96,91.16,5847632.0,539326018.0,187861156.99999997,0.031127413954977402
2022-08-23,91.46,93.15,89.15,92.56,5866570.0,540154144.0,187861156.99999997,0.031228222447283238
2022-08-24,91.35,91.77,86.42,86.46,7203610.0,642368566.0,187861156.99999997,0.03834539356105425
2022-08-25,86.85,88.71,83.9,86.06,4990437.0,436617711.0,187861156.99999997,0.026564496246555113
2022-08-26,86.33,87.72,85.75,86.33,3720798.0,327317901.0,187861156.99999997,0.01980610605948733
2022-08-29,84.88,89.31,82.9,86.95,4171418.0,370590641.0,187861156.99999997,0.02220479244679623
2022-08-30,86.84,93.1,86.62,91.54,7215136.0,666276510.0,187861156.99999997,0.03840674738312189
2022-08-31,90.89,95.63,86.95,93.16,8761282.0,812480153.0,187861156.99999997,0.04663700649943299
2022-09-01,92.77,94.51,86.98,87.63,6489104.0,594121984.0,187861156.99999997,0.03454202083935851
2022-09-02,87.56,95.22,85.87,94.25,8380371.0,782366355.0,187861156.99999997,0.04460938670786533
2022-09-05,93.57,101.84,92.55,97.64,8249184.0,815734507.0,187861156.99999997,0.043911067789282276
2022-09-06,97.19,101.06,95.76,99.47,5359565.0,534509726.0,187861156.99999997,0.028529394184450812
2022-09-07,98.7,108.56,97.87,106.67,7671466.0,821286058.0,187861156.99999997,0.04083582855821548
2022-09-08,105.63,110.03,104.26,106.58,5439068.0,588335879.0,187861156.99999997,0.028952595027401013
2022-09-09,106.63,107.16,101.35,103.63,4930957.0,518112735.0,187861156.99999997,0.026247879437897855
2022-09-13,104.11,108.47,102.35,103.63,4678512.0,495016014.0,187861156.99999997,0.024904094463764005
2022-09-14,102.35,106.04,100.18,103.6,5964687.0,621949357.0,187861156.99999997,0.031750507104563404
2022-09-15,103.6,103.63,94.41,96.23,7882857.0,780699048.0,187861156.99999997,0.04196107979894961
2022-09-16,95.74,99.85,95.56,97.26,6630184.0,655975117.0,187861156.99999997,0.03529300099008759
2022-09-19,97.71,100.47,94.63,95.77,4106849.0,404275425.0,187861156.99999997,0.02186108648314138
2022-09-20,96.72,98.36,91.79,96.17,4382121.0,424706587.0,188154676.0,0.02328999253784158
2022-09-21,95.34,95.4,92.0,92.67,4609383.0,435300185.0,188154676.0,0.024497839213945445
2022-09-22,92.22,96.87,91.06,94.77,4284804.0,410645922.0,188154676.0,0.02277277445924331
2022-09-23,95.74,96.24,90.46,91.75,4003915.0,375443979.0,188154676.0,0.02127991227813015
2022-09-26,92.32,94.35,89.93,92.58,5327478.0,500561346.0,188154676.0,0.02831435345247545
2022-09-27,93.24,103.63,91.45,101.44,8585964.0,870581488.0,188154676.0,0.04563247739854204
2022-09-28,101.66,101.81,96.13,96.65,5195997.0,517365357.0,188174082.00000003,0.027612713423520244
2022-09-29,98.7,99.19,94.65,97.4,4631960.0,456836900.0,188174082.00000003,0.02461529213146367
2022-09-30,97.21,97.4,90.98,90.98,4938302.0,464751867.0,188174082.00000003,0.026243263405424766
2022-10-10,90.18,90.54,79.25,84.1,10342725.0,876704614.0,188181377.0,0.05496146943382182
2022-10-11,84.12,85.87,81.92,84.83,5499177.0,470806852.0,188181377.0,0.029222748221254646
2022-10-12,84.78,90.09,83.0,89.32,5367795.0,470761163.0,188181377.0,0.02852458136704994
2022-10-13,88.04,90.8,86.87,87.48,4390693.0,394241037.0,188181377.0,0.023332239725294388
2022-10-14,87.05,87.05,74.47,79.05,19383330.0,1529435930.0,188181377.0,0.10300344438440368
2022-10-17,76.97,81.5,76.21,80.9,9959580.0,798970730.0,188181377.0,0.05292542842855274
2022-10-18,80.52,83.28,79.45,81.35,6374951.0,525297087.0,188181377.0,0.03387663062960795
2022-10-19,81.3,85.16,80.84,82.29,5509813.0,464433096.0,188181377.0,0.029279268160525788
2022-10-20,81.31,91.67,81.3,88.8,9405058.0,832679486.0,188181377.0,0.049978686254378936
2022-10-21,87.0,87.42,83.91,86.36,5260816.0,457640633.0,188181377.0,0.027956092594646067
2022-10-24,86.85,93.15,86.31,91.23,7000196.0,642078946.0,188181377.0,0.03719919639019328
2022-10-25,91.8,92.87,88.05,91.09,5660878.0,519388052.0,187412241.0,0.030205486951089818
2022-10-26,90.68,93.5,89.03,90.95,5967654.0,552897224.0,187412241.0,0.03184239176778213
2022-10-27,91.02,92.74,88.28,88.67,5115526.0,465489839.0,187412241.0,0.027295580975417715
2022-10-28,87.4,93.35,87.4,88.8,6339889.0,584478556.0,187412241.0,0.033828574730078595
2022-10-31,88.52,91.1,86.14,86.95,5165732.0,460759535.0,187412241.0,0.027563471694466317
2022-11-01,85.47,86.84,83.69,86.3,5729477.0,493608974.0,187412241.0,0.030571519605274877
2022-11-02,85.67,88.83,85.08,86.04,4962796.0,437080400.0,187412241.0,0.026480639543710487
2022-11-03,85.64,89.95,85.04,88.94,5098993.0,457968283.0,187412241.0,0.0272073636854916
2022-11-04,88.96,88.96,83.75,87.53,7881494.0,685322156.0,187412241.0,0.04205431810614761
2022-11-07,85.96,87.92,83.49,84.55,6448556.0,553937644.0,187412241.0,0.03440840345108514
2022-11-08,84.06,85.55,82.91,84.68,3715993.0,315992738.0,187412241.0,0.01982790974683452
2022-11-09,84.21,85.75,82.56,82.81,4327169.0,367709648.0,187412241.0,0.02308904144633754
2022-11-10,82.41,83.01,78.34,81.61,7068508.0,577550324.0,187412241.0,0.03771636240132255
2022-11-11,83.89,84.76,81.37,81.41,4887001.0,411780845.0,187412241.0,0.026076210251389075
2022-11-14,80.15,81.78,78.07,78.79,4597378.0,370168157.0,187412241.0,0.024530830939692994
2022-11-15,78.56,83.35,78.55,82.61,6307829.0,522812930.0,187412241.0,0.033657507995969164
2022-11-16,82.47,82.47,77.87,78.56,6505883.0,523823652.0,187412241.0,0.03471429062096323
2022-11-17,77.87,81.08,76.77,80.87,5132073.0,410791151.0,187412241.0,0.027383872966974445
2022-11-18,80.83,83.1,80.12,80.6,3727411.0,307044549.0,187412241.0,0.019888834262432195
2022-11-21,79.73,83.2,79.15,82.25,4259304.0,353306447.0,187412241.0,0.02272692529192904
2022-11-22,82.21,82.49,79.85,80.95,2968966.0,243621779.0,187412241.0,0.01584190010299274
2022-11-23,80.95,81.7,78.84,80.75,2844838.0,231594667.0,187412241.0,0.015179574102632922
2022-11-24,80.54,81.27,79.45,79.67,2179220.0,176770212.0,187412241.0,0.01162794910498936
2022-11-25,79.37,81.65,78.66,79.99,3104184.0,253183963.0,187412241.0,0.016563400466461528
2022-11-28,79.45,79.75,77.64,78.35,2979855.0,236815908.0,187412241.0,0.015900001964119302
2022-11-29,78.47,78.56,75.38,77.15,3874307.0,301613193.0,187412241.0,0.020672646457495805
2022-11-30,76.93,77.45,74.8,76.37,3788195.0,291776350.0,187412241.0,0.020213167399241547
2022-12-01,76.39,81.09,76.39,79.02,5835117.0,468354796.0,187412241.0,0.031135196766576202
2022-12-02,77.97,80.04,76.08,76.36,4337174.0,342104396.0,187412241.0,0.023142426433073814
2022-12-05,76.0,76.16,72.13,72.98,8335952.0,619284203.0,187412241.0,0.044479229080879513
2022-12-06,72.39,76.06,72.26,74.81,7058282.0,532328215.0,187412241.0,0.0376617981959887
2022-12-07,74.3,75.09,72.92,73.03,3728763.0,277940204.0,187412241.0,0.019896048305617347
2022-12-08,73.03,73.31,71.74,72.1,3863050.0,282774731.0,187412241.0,0.020612581010650208
2022-12-09,71.96,75.0,71.55,72.79,5119753.0,380803730.0,187412241.0,0.02731813553203283
2022-12-12,72.79,75.25,72.03,74.66,5347155.0,400757579.0,187412241.0,0.02853151411811996
2022-12-13,74.18,74.51,70.31,70.43,6256192.0,454427942.0,187412241.0,0.03338198170310551
2022-12-14,72.92,73.8,70.83,71.09,7130988.0,525454303.0,187412241.0,0.03804974510709789
2022-12-15,70.07,73.55,69.17,72.4,5708659.0,417237140.0,187412241.0,0.03046043828054967
2022-12-16,71.96,72.38,69.78,71.36,4862054.0,348769967.0,187412241.0,0.02594309728146306
2022-12-19,71.27,73.2,70.34,71.55,4659515.0,339528039.0,187412241.0,0.024862383455518253
2022-12-20,71.65,73.4,70.8,71.03,3965763.0,288200266.0,187412241.0,0.021160640195322142
2022-12-21,70.83,71.55,68.75,69.72,3957515.0,278928997.0,196987208.0,0.02009021316754741
2022-12-22,69.76,70.56,67.86,68.0,3332455.0,232707883.0,196987208.0,0.01691711372446073
2022-12-23,67.74,68.88,66.54,66.98,3208820.0,219537770.0,196987208.0,0.016289484137467444
2022-12-26,65.94,68.96,65.93,68.74,3362338.0,232734744.0,196987208.0,0.017068813930293383
2022-12-27,68.75,70.22,68.08,69.42,2969928.0,208475363.0,196987208.0,0.015076755643950241
2022-12-28,68.78,70.92,68.78,69.88,3767560.0,266607308.0,196987208.0,0.019125911972923643
2022-12-29,69.12,70.4,68.82,68.94,2929372.0,206188658.0,196987208.0,0.014870874254941468
2022-12-30,69.26,69.88,67.98,68.3,2835845.0,197126644.0,196987208.0,0.01439608707992856
2023-01-03,68.31,72.75,67.8,72.26,5775523.0,414790597.0,196991284.0,0.02931867279975697
2023-01-04,72.28,74.88,68.01,68.57,9669010.0,690125493.0,196991284.0,0.04908344066633933
2023-01-05,68.64,69.57,67.01,69.23,6438272.0,446260591.0,196991284.0,0.032683029773033
2023-01-06,68.89,71.3,68.21,70.42,5934213.0,422280399.0,196991284.0,0.030124241435981504
2023-01-09,70.62,73.43,70.08,72.42,6223578.0,454543907.0,196991284.0,0.03159316429451772
2023-01-10,72.2,74.17,71.75,72.86,6623595.0,491120185.0,196991284.0,0.033623797284350915
2023-01-11,73.04,76.21,72.97,73.59,10053135.0,763209991.0,196991284.0,0.051033400036115305
2023-01-12,73.59,74.02,71.81,72.04,4440851.0,325593224.0,196991284.0,0.022543388264833077
2023-01-13,72.44,72.44,70.66,71.58,3227255.0,233745528.0,196991284.0,0.016382729907989228
2023-01-16,70.77,73.03,70.67,72.08,4193487.0,306063469.0,196991284.0,0.021287677885281464
2023-01-17,71.99,74.91,71.75,74.64,6223336.0,466521421.0,196991284.0,0.031591935813769303
2023-01-18,74.94,75.5,73.89,74.15,3480947.0,263305399.0,196991284.0,0.017670563536201937
2023-01-19,74.41,76.0,73.33,75.33,3594312.0,272668354.0,196991284.0,0.018246045850434683
2023-01-20,75.01,75.56,74.62,75.15,3186521.0,242461957.0,196991284.0,0.016175949185650264
2023-01-30,75.93,76.11,73.0,73.11,7070596.0,528653299.0,196991284.0,0.035892938288579306
2023-01-31,73.39,73.87,69.8,70.67,8270061.0,598116340.0,196991284.0,0.0419818625071757
2023-02-01,70.66,73.9,70.58,73.82,8204359.0,604747952.0,196991284.0,0.04164833506034714
2023-02-02,74.02,77.51,73.13,74.89,11158581.0,849228507.0,196991284.0,0.056645049331218125
2023-02-03,74.61,77.49,74.15,77.44,10135928.0,783531952.0,196991284.0,0.05145368766670915
2023-02-06,76.26,76.98,74.72,75.2,7322602.0,561106018.0,196991284.0,0.03717221316248692
2023-02-07,75.01,75.5,73.85,74.55,4960091.0,374131100.0,196991284.0,0.025179240925197483
2023-02-08,74.33,76.0,73.53,73.8,4569224.0,344436918.0,196991284.0,0.02319505669093461
2023-02-09,73.45,78.38,72.14,78.3,11961575.0,928141230.0,175716591.0,0.068073110979031
2023-02-10,78.46,78.84,76.11,76.87,7183679.0,561141709.0,175716591.0,0.04088218966187433
2023-02-13,76.77,78.93,76.17,78.28,6913203.0,545828772.0,175716591.0,0.03934291554745676
2023-02-14,78.43,80.39,77.31,77.7,6121636.0,485934006.0,175731755.0,0.03483511559990965
2023-02-15,77.25,79.45,76.29,79.26,6755215.0,534202366.0,175731755.0,0.03844049130448848
2023-02-16,78.95,82.86,78.08,79.64,12189401.0,996555293.0,175731755.0,0.06936367875003581
2023-02-17,79.64,79.74,74.66,74.91,9584517.0,744127999.0,175731755.0,0.05454060935088254
2023-02-20,74.23,76.49,73.47,76.22,6055374.0,459279968.0,175731755.0,0.034458052274046885
2023-02-21,75.88,76.92,75.63,76.29,3524415.0,271985780.0,175731755.0,0.020055652434587023
2023-02-22,75.5,76.74,75.03,75.86,3193663.0,245689772.0,175731755.0,0.018173511099345705
2023-02-23,75.86,77.18,75.53,76.39,4044209.0,313968116.0,175731755.0,0.023013535601462583
2023-02-24,76.96,78.85,76.02,78.24,5710417.0,449428823.0,175731755.0,0.0324950775117451
2023-02-27,77.54,78.53,76.43,77.53,4099640.0,322178312.0,175731755.0,0.02332896521747023
2023-02-28,77.59,78.76,76.5,76.98,3870531.0,304021355.0,175731755.0,0.022025222476154068
2023-03-01,76.79,77.2,75.63,77.2,4096136.0,317067158.0,175731755.0,0.023309025736412865
2023-03-02,76.99,78.18,75.55,75.55,4337133.0,338224143.0,175731755.0,0.02468041703675013
2023-03-03,76.9,77.85,75.67,77.13,5423293.0,422786439.0,175731755.0,0.03086120092523972
2023-03-06,77.13,79.75,75.12,78.88,8062202.0,636373150.0,175731755.0,0.04587788928642976
2023-03-07,78.88,80.42,75.01,75.26,7064364.0,552584576.0,175731755.0,0.04019970095899856
2023-03-08,75.01,76.71,74.18,75.65,5349806.0,409292990.0,175731755.0,0.03044302380067848
2023-03-09,75.38,78.62,75.21,77.25,6732043.0,527668815.0,175731755.0,0.03830863124311255
2023-03-10,76.81,79.45,74.69,77.56,9308658.0,728287599.0,175731755.0,0.052970836147399766
2023-03-13,77.06,77.97,75.29,76.29,5898417.0,455091357.0,175731755.0,0.0335648898515809
2023-03-14,75.73,78.94,75.24,78.48,8221002.0,644186423.0,175731755.0,0.04678153928412085
2023-03-15,78.94,82.0,77.91,78.96,9830129.0,795387087.0,175731755.0,0.05593826226796631
2023-03-16,78.46,79.91,77.11,78.21,6114196.0,486679170.0,175731755.0,0.03479277834560976
2023-03-17,79.35,80.91,78.29,80.24,8306210.0,672489386.0,175731755.0,0.04726641465567791
2023-03-20,80.14,81.57,78.77,80.6,8769434.0,714047810.0,175731755.0,0.04990238673710395
2023-03-21,80.57,80.62,77.99,79.1,7592211.0,609221710.0,175731755.0,0.04320340965126081
2023-03-22,78.76,79.0,76.21,77.13,8150558.0,639551806.0,175731755.0,0.04638067832418791
2023-03-23,76.49,78.43,76.39,78.2,6300439.0,495912521.0,175731755.0,0.035852592492461026
2023-03-24,78.42,78.46,75.33,75.39,7939523.0,614845584.0,175731755.0,0.045179785520266386
2023-03-27,74.52,76.49,74.23,74.61,5474536.0,417785171.0,175731755.0,0.031152798764230175
2023-03-28,74.27,74.51,68.68,68.89,11896520.0,852526543.0,175731755.0,0.06769704200586854
2023-03-29,68.59,71.01,68.42,69.98,6329191.0,448862562.0,175731755.0,0.036016205494561866
2023-03-30,69.99,71.45,69.43,69.66,5091073.0,362167354.0,175731755.0,0.028970705948961815
2023-03-31,69.34,70.35,69.0,69.28,4983830.0,350564516.0,175731755.0,0.02836044060448836
2023-04-03,69.73,71.62,69.26,71.54,7614272.0,545351422.0,175731755.0,0.04332894757694761
2023-04-04,71.85,76.68,70.92,74.62,13389667.0,1004403199.0,175731755.0,0.07619378182389404
2023-04-06,74.61,81.79,74.23,80.11,20516814.0,1653680054.0,175731755.0,0.11675074888997723
2023-04-07,80.44,82.25,78.99,80.93,15253438.0,1246963391.0,175731755.0,0.08679955424106474
2023-04-10,81.92,82.23,77.16,77.53,14327023.0,1146856765.0,216722400.00000003,0.0661077165996685
2023-04-11,78.05,80.14,77.28,78.86,9651318.0,769421336.0,216722400.00000003,0.04453308933455886
2023-04-12,78.88,84.73,76.99,82.71,17349763.0,1432102141.0,216722400.00000003,0.08005523656068776
2023-04-13,81.86,82.9,80.13,80.39,10122894.0,834544444.0,216722400.00000003,0.046709034229964225
2023-04-14,80.97,87.31,79.2,86.13,20353098.0,1730805633.0,216722400.00000003,0.09391321801530436
2023-04-17,86.9,87.42,83.5,84.37,14634587.0,1264632618.0,216722400.00000003,0.06752687770161274
2023-04-18,83.89,83.9,80.73,81.09,12167942.0,1006819026.0,216722400.00000003,0.056145290011553946
2023-04-19,80.63,83.77,80.6,81.44,11078333.0,921316587.0,216722400.00000003,0.05111761866793649
2023-04-20,81.23,84.18,81.13,82.62,11866275.0,994924123.0,216722400.00000003,0.05475333883345699
2023-04-21,82.24,82.61,77.31,77.49,12975306.0,1041974238.0,216722400.00000003,0.05987062712483803
2023-04-24,76.88,77.23,72.51,73.06,12194715.0,914003509.0,218187900.0,0.05589088579155856
2023-04-25,73.11,74.49,70.25,71.32,8092294.0,592434162.0,218187900.0,0.037088646987298565
2023-04-26,71.22,72.13,68.4,70.93,10205647.0,726460173.0,218187900.0,0.04677457824196484
2023-04-27,70.22,72.0,69.97,70.76,7357110.0,529876455.0,218187900.0,0.033719147578761245
2023-04-28,72.05,72.95,70.82,72.57,9488323.0,692660540.0,218187900.0,0.043486934885023414
2023-05-04,71.7,72.1,69.66,70.79,6063608.0,434751003.0,218187900.0,0.02779076199917594
2023-05-05,70.33,71.75,69.48,69.85,4571029.0,326374242.0,218187900.0,0.02094996560304215
2023-05-08,69.19,70.51,68.69,69.95,3856441.0,272709522.0,218187900.0,0.017674861896557967
2023-05-09,69.37,69.44,66.15,66.19,8907619.0,606665698.0,218187900.0,0.040825449073940395
2023-05-10,65.64,65.92,61.45,62.11,11300425.0,717073815.0,218187900.0,0.05179217087657015
2023-05-11,63.11,63.48,61.64,61.69,5998325.0,378746484.0,218187900.0,0.027491556589526733
2023-05-12,61.45,63.14,61.06,62.13,6400976.0,402576419.0,218187900.0,0.029336988898101133
2023-05-15,61.78,64.14,60.99,64.08,7015810.0,445418274.0,218187900.0,0.03215489951550934
2023-05-16,63.91,65.33,63.67,64.36,5602203.0,366884685.0,218187900.0,0.025676048030161158
2023-05-17,63.96,65.73,63.66,65.19,4816060.0,317538873.0,218187900.0,0.022072993048652102
2023-05-18,64.82,67.5,64.35,66.68,6848662.0,457655184.0,218187900.0,0.03138882586981221
2023-05-19,66.85,67.31,65.42,66.85,5116269.0,344966432.0,218187900.0,0.023448912611560953
2023-05-22,66.87,67.61,65.51,67.21,5124818.0,346359901.0,218187900.0,0.023488094436034262
2023-05-23,66.84,68.38,66.13,66.74,4640886.0,316400087.0,218187900.0,0.021270134594998165
2023-05-24,66.87,68.73,66.52,67.99,4956062.0,340745874.0,218187900.0,0.02271465099577016
2023-05-25,67.75,68.56,65.97,67.71,5965795.0,405094655.0,218187900.0,0.027342464912123908
2023-05-26,68.0,68.27,66.59,67.19,4864545.0,333025246.0,218187900.0,0.022295209771027634
2023-05-29,67.41,68.38,66.4,67.92,5147103.0,353855537.0,218187900.0,0.023590231172306072
2023-05-30,67.9,68.24,67.02,67.75,4167231.0,285363318.0,218187900.0,0.01909927635767153
2023-05-31,67.41,68.07,65.99,67.84,6149759.0,417770196.0,218187900.0,0.028185609742795086
2023-06-01,67.51,67.51,66.43,67.23,3682762.0,249986263.0,218187900.0,0.016878855335240864
2023-06-02,67.21,70.63,66.8,69.68,6905688.0,483803104.0,218187900.0,0.03165018775101644
2023-06-05,70.07,72.67,70.07,70.19,6099853.0,440259071.0,218187900.0,0.02795688028529538
2023-06-06,70.04,70.17,68.37,68.49,3836023.0,268601755.0,218187900.0,0.01758128200509744
2023-06-07,68.46,69.39,67.41,67.86,2970970.0,205220999.0,218187900.0,0.013616566271548515
2023-06-08,67.89,68.13,66.97,67.94,3452855.0,236522287.0,218187900.0,0.01582514429076956
2023-06-09,67.95,70.45,67.6,68.77,6592133.0,460500159.0,218187900.0,0.030213100726483914
2023-06-12,69.37,69.95,68.46,68.84,3126226.0,219184530.0,218187900.0,0.014328136436530164
2023-06-13,68.79,71.97,67.97,71.77,6727100.0,482723834.0,218187900.0,0.030831682233524407
2023-06-14,71.75,72.84,70.98,72.28,5637884.0,410941540.0,218187900.0,0.02583958138833547
2023-06-15,72.28,72.64,71.06,71.41,3274874.0,237193827.0,218187900.0,0.01500942077906245
2023-06-16,71.27,72.05,70.48,70.94,3561274.0,255308445.0,218187900.0,0.01632205085616572
2023-06-19,70.5,71.25,69.98,70.39,3093099.0,220588599.0,218187900.0,0.014176308585398182
2023-06-20,70.42,70.84,69.88,70.47,2997643.0,213176308.0,218187900.0,0.013738814113889908
2023-06-21,70.23,70.38,66.03,66.12,7347144.0,499379131.0,218187900.0,0.03367347135198606
2023-06-26,65.45,67.3,65.13,66.0,3153535.0,210380381.0,218187900.0,0.014453299197618199
2023-06-27,65.85,67.01,65.25,66.14,2741685.0,183009572.0,218187900.0,0.012565705980945781
2023-06-28,66.14,66.49,63.56,64.18,5233728.0,341963877.0,218187900.0,0.02398725135536847
2023-06-29,64.16,64.95,63.64,64.54,2899289.0,188608191.0,218187900.0,0.013288037512621002
2023-06-30,64.54,67.64,64.17,67.26,4329355.0,290367758.0,218187900.0,0.019842323978552432
2023-07-03,68.1,72.38,67.8,71.2,8472135.0,603217548.0,218187900.0,0.0388295363766735
2023-07-04,71.19,72.1,70.47,70.83,5055864.0,363607464.0,218187900.0,0.023172064078713805
2023-07-05,70.54,70.9,68.39,68.81,3755960.0,263799346.0,218187900.0,0.017214336817027893
2023-07-06,68.81,69.86,68.15,68.34,2505057.0,174236902.0,218187900.0,0.01148119121179497
2023-07-07,68.16,68.16,66.56,67.03,3027013.0,205392730.0,218187900.0,0.013873422861671064
2023-07-10,66.99,67.44,65.82,66.22,2358925.0,158712320.0,218187900.0,0.010811438214493105
2023-07-11,66.17,67.45,66.12,67.19,2276492.0,154285438.0,218187900.0,0.010433630829207303
2023-07-12,67.1,67.56,65.7,65.82,2835160.0,189862230.0,218187900.0,0.012994121122207053
2023-07-13,66.12,67.8,65.87,66.71,2877718.0,194607907.0,218187900.0,0.013189173185130798
2023-07-14,66.74,67.85,65.9,66.07,3048186.0,204665052.0,218187900.0,0.01397046307334183
2023-07-17,65.28,65.29,64.0,64.91,3203503.0,208757123.0,218187900.0,0.014682312813863646
2023-07-18,64.91,66.65,64.88,65.29,2847670.0,189487666.0,218187900.0,0.01305145702396879
2023-07-19,64.99,65.85,64.14,64.24,2117117.0,138143879.0,218187900.0,0.00970318244045614
2023-07-20,64.25,64.6,63.34,63.45,2227039.0,143863487.0,218187900.0,0.010206977563833741
2023-07-21,63.45,63.9,62.55,63.57,1931728.0,123536306.0,218187900.0,0.00885350654183848
2023-07-24,63.34,63.34,61.98,62.35,2729359.0,172268781.0,218187900.0,0.012509213389010114
2023-07-25,63.03,64.77,62.74,64.42,3112649.0,200748910.0,218187900.0,0.014265910254418325
2023-07-26,64.24,64.8,63.69,64.68,2532108.0,164762052.0,218187900.0,0.011605171505844275
2023-07-27,65.05,65.07,63.23,63.56,2138808.0,138551215.0,218187900.0,0.00980259675261552
2023-07-28,63.15,63.85,62.32,62.61,3182023.0,202040568.0,218187900.0,0.014583865558080902
2023-07-31,62.81,64.14,62.3,63.54,2463180.0,157622148.0,218187900.0,0.011289260311868807
2023-08-01,63.94,64.09,63.39,63.53,1637258.0,105390801.0,218187900.0,0.007503889995733036
2023-08-02,63.05,64.62,63.04,64.28,2440908.0,158154037.0,218187900.0,0.01118718315726949
2023-08-03,63.91,64.52,63.37,63.64,1667533.0,107455952.0,218187900.0,0.007642646544560904
2023-08-04,63.73,64.13,62.79,63.44,1921881.0,123141900.0,218187900.0,0.008808375716526902
2023-08-07,63.35,63.85,63.05,63.52,1395649.0,89376240.0,218537900.0,0.006386301872581369
2023-08-08,63.26,63.6,62.79,63.14,1283146.0,81876110.0,218537900.0,0.005871503295309418
2023-08-09,62.94,63.28,62.12,62.7,1552645.0,97998280.0,218537900.0,0.007104694426001165
2023-08-10,62.7,63.17,62.36,62.57,1027262.0,65117736.0,218537900.0,0.004700612571091787
2023-08-11,62.45,62.65,59.18,59.84,4249141.0,259511779.0,218537900.0,0.0194434969861063
2023-08-14,59.19,59.88,59.02,59.72,1635785.0,98317628.0,218537900.0,0.007485131869575026
2023-08-15,59.75,60.26,57.01,58.2,3643293.0,214123680.0,218537900.0,0.016671218127382023
2023-08-16,57.79,58.3,56.71,57.87,2553488.0,148434432.0,218537900.0,0.011684417210927715
2023-08-17,57.56,58.35,57.15,57.94,1938476.0,113356284.0,218537900.0,0.008870205122315167
2023-08-18,57.93,58.86,57.01,57.02,1682238.0,98521819.0,218537900.0,0.007697694541770558
2023-08-21,56.72,57.25,56.05,56.05,2250008.0,128688990.0,218537900.0,0.010295733600441845
2023-08-22,56.47,56.96,55.01,56.64,2814689.0,159393959.0,218537900.0,0.012879637811107365
2023-08-23,56.59,56.85,55.44,55.55,1561198.0,88523050.0,218537900.0,0.00714383180217253
2023-08-24,55.92,56.91,55.35,56.09,1953845.0,110954217.0,218537900.0,0.0089405315965789
2023-08-25,55.92,55.92,53.65,54.11,2781206.0,153397926.0,218537900.0,0.012726424112247807
2023-08-28,56.91,57.72,53.06,53.45,4602698.0,257221495.0,218537900.0,0.021061326204745264
2023-08-29,53.45,57.2,53.32,56.65,5067760.0,285719157.0,218537900.0,0.023189387287056388
2023-08-30,57.09,58.61,56.96,57.27,4197581.0,244666295.0,218537900.0,0.019207565369668146
2023-08-31,57.09,60.75,56.86,59.17,8741485.0,524092153.0,218537900.0,0.039999858148174756
2023-09-01,59.14,59.98,58.15,58.29,3957535.0,235414625.0,218537900.0,0.01810914720055423
2023-09-04,59.02,59.29,57.81,58.64,3036317.0,178860170.0,218537900.0,0.013893777692564996
2023-09-05,58.99,59.7,58.27,58.73,4086624.0,243934018.0,218537900.0,0.018699841080197073
2023-09-06,58.77,65.78,58.72,65.0,14227165.0,901889255.0,218537900.0,0.06510159107413405
2023-09-07,64.71,64.97,61.96,62.13,9242065.0,590228011.0,218537900.0,0.042290444815292906
2023-09-08,61.93,66.97,61.46,64.73,11874811.0,782805458.0,218537900.0,0.05433753596058167
2023-09-11,64.37,65.42,63.3,64.7,8544161.0,555507910.0,218537900.0,0.039096930097708454
2023-09-12,64.8,65.1,63.54,64.04,5106287.0,331595393.0,218537900.0,0.023365681650642747
2023-09-13,63.44,64.98,63.34,64.22,4780532.0,310166839.0,218537900.0,0.02187507063992104
2023-09-14,64.19,64.3,62.92,63.99,3604831.0,231204998.0,218537900.0,0.016495221195042143
2023-09-15,63.99,67.96,63.54,65.93,8769945.0,585484830.0,218537900.0,0.04013008727547945
2023-09-18,65.22,65.8,63.12,63.99,5974696.0,386857412.0,218537900.0,0.02733940428639609
2023-09-19,63.39,65.52,62.11,64.34,5473982.0,353107110.0,218537900.0,0.025048204453323657
2023-09-20,63.86,64.94,63.42,63.42,2807711.0,181782294.0,218537900.0,0.012847707422831462
2023-09-21,63.0,64.04,62.4,62.66,2423211.0,154283138.0,218537900.0,0.011088287203272294
2023-09-22,62.35,63.26,61.72,63.22,4401068.0,277774015.0,218537900.0,0.02013869447816603
2023-09-25,62.65,62.65,61.09,62.26,4210783.0,263488340.0,218537900.0,0.019267975943760784
2023-09-26,62.06,62.06,60.67,61.35,3134497.0,194405372.0,218537900.0,0.01434303615070887
2023-09-27,60.92,62.54,60.92,61.13,2362123.0,147182725.0,218537900.0,0.010808756741965582
2023-09-28,61.14,62.73,60.28,61.45,3744017.0,232498822.0,218537900.0,0.01713211758692657
2023-10-09,61.46,63.33,61.46,62.01,3828567.0,240863055.0,218537900.0,0.017519007000616368
2023-10-10,61.96,62.95,61.85,62.21,2655302.0,167240012.0,218537900.0,0.012150304363682455
2023-10-11,62.85,63.15,61.66,62.87,3591886.0,226981303.0,218537900.0,0.016435986618339428
2023-10-12,62.87,64.22,61.98,64.22,4877348.0,311148546.0,218537900.0,0.022318087617754175
2023-10-13,64.22,66.78,63.57,65.95,6600110.0,438416595.0,218537900.0,0.03020121452617601
2023-10-16,65.53,65.88,62.16,62.77,4961049.0,317791212.0,218537900.0,0.02270109212177842
2023-10-17,62.77,65.18,62.25,64.42,4046368.0,261335032.0,218537900.0,0.018515635045454358
2023-10-18,63.75,65.43,63.04,63.04,4237520.0,275612358.0,218537900.0,0.019390320855101107
2023-10-19,62.16,64.72,61.96,62.34,3827733.0,244571788.0,218537900.0,0.01751519072893077
2023-10-20,61.97,62.72,59.42,60.04,4070923.0,249059403.0,218537900.0,0.01862799541864363
2023-10-23,59.13,59.13,55.72,57.86,4623075.0,267342813.0,218537900.0,0.021154568612583906
2023-10-24,58.02,60.53,57.11,59.97,4557914.0,271990237.0,218537900.0,0.020856400651786258
2023-10-25,60.01,60.6,58.32,59.08,3598472.0,214598051.0,218537900.0,0.01646612326740579
2023-10-26,58.83,58.99,57.41,58.2,2803379.0,164472918.0,218537900.0,0.012827884774219941
2023-10-27,58.1,60.47,57.41,59.9,4325747.0,257622690.0,218537900.0,0.019794035725610983
2023-10-30,59.39,62.53,59.1,62.1,4865105.0,301783267.0,218537900.0,0.022262065298513437
2023-10-31,62.17,62.85,60.81,61.37,3001151.0,186384396.0,218537900.0,0.013732862812354286
2023-11-01,61.06,62.06,60.89,61.18,2077818.0,128877479.0,218537900.0,0.009507815349191148
2023-11-02,61.62,62.24,59.58,59.59,2814880.0,172023897.0,218537900.0,0.012880511801385481
2023-11-03,59.61,62.63,59.45,61.96,5214633.0,322374439.0,218537900.0,0.02386145835573601
2023-11-06,62.85,64.02,62.36,63.57,4669905.0,298726779.0,218537900.0,0.02136885638600902
2023-11-07,63.2,64.48,62.98,63.31,3002601.0,192589691.0,218537900.0,0.013739497817083444
2023-11-08,63.39,65.21,62.8,64.21,4540173.0,294010969.0,218537900.0,0.02077522022495869
2023-11-09,64.83,65.98,64.22,64.29,4834172.0,317608709.0,218537900.0,0.022120520056246536
2023-11-10,64.33,65.33,63.1,63.26,3754008.0,242837455.0,218537900.0,0.017177835057443126
2023-11-13,63.78,64.66,63.15,63.55,2278862.0,146299590.0,218537900.0,0.010427765618686736
2023-11-14,63.34,64.45,63.15,63.67,3082268.0,198610745.0,218537900.0,0.014104043280364641
2023-11-15,64.34,64.43,62.7,62.82,3740212.0,239047304.0,218537900.0,0.017114706419344195
2023-11-16,62.62,63.23,61.75,61.78,3011769.0,189126508.0,218537900.0,0.013781449350433036
2023-11-17,61.76,63.49,61.76,62.75,2768815.0,175334355.0,218537900.0,0.012669724564938164
2023-11-20,63.15,64.7,62.77,63.37,3686257.0,236781531.0,218537900.0,0.016867815605439606
2023-11-21,63.33,63.7,62.26,62.36,2595738.0,165242590.0,218537900.0,0.011877747521139353
2023-11-22,62.33,62.6,61.34,61.52,1887843.0,117975339.0,218537900.0,0.008638515333038343
2023-11-23,61.32,61.99,60.69,61.84,1773446.0,110047975.0,218537900.0,0.008115050066830514
2023-11-24,61.85,61.85,60.04,60.18,2053021.0,125560383.0,218537900.0,0.009394347616591905
2023-11-27,60.08,61.82,59.63,61.47,2969729.0,182873202.0,218537900.0,0.013589079971940794
2023-11-28,61.38,61.84,60.83,61.32,1464135.0,90618296.0,218537900.0,0.006699684585602772
2023-11-29,61.32,61.94,60.85,60.92,1394732.0,86443892.0,218537900.0,0.006382105804073343
2023-11-30,60.97,60.97,59.21,59.57,1889660.0,114281038.0,218537900.0,0.008646829680343776
2023-12-01,59.57,60.65,59.33,60.45,1640333.0,99471965.0,218537900.0,0.007505942905097926
2023-12-04,60.6,61.05,60.08,60.13,1332450.0,81375511.0,218537900.0,0.006097111759562072
2023-12-05,59.92,59.94,58.84,58.86,1390000.0,83368433.0,218537900.0,0.006360452809329641
2023-12-06,58.83,59.43,58.77,58.98,1168420.0,69669494.0,218537900.0,0.005346532569407869
2023-12-07,58.79,59.29,58.2,58.59,1191330.0,70561461.0,218537900.0,0.005451365644128547
2023-12-08,58.57,59.27,57.62,58.1,2792488.0,164584760.0,218537900.0,0.012778049024905978
2023-12-11,57.75,59.58,57.2,59.38,2386908.0,140782728.0,218537900.0,0.010922169564180859
2023-12-12,59.39,59.68,58.96,59.44,1642724.0,98554943.0,218537900.0,0.007516883799103039
2023-12-13,59.38,60.41,59.07,59.15,1953344.0,117929662.0,218537900.0,0.008938239088048344
2023-12-14,59.27,59.77,58.64,58.64,1266726.0,75642287.0,218537900.0,0.00579636758658338
2023-12-15,58.67,59.04,57.89,58.14,1250217.0,73793206.0,218537900.0,0.0057208246258429315
2023-12-18,58.18,58.18,55.72,56.26,2249903.0,129076240.0,218537900.0,0.010295253134582148
2023-12-19,56.41,57.29,55.92,56.49,1313218.0,74902783.0,218537900.0,0.0060091087175268
2023-12-20,56.8,56.8,55.98,56.08,1248957.0,70976978.0,218537900.0,0.005715059035526561
2023-12-21,56.11,56.59,55.27,55.68,1835084.0,103427170.0,218537900.0,0.008397097254068973
2023-12-22,55.92,55.93,54.73,54.91,2014572.0,112296922.0,218537900.0,0.009218410170501318
2023-12-25,54.99,55.68,54.44,55.03,951902.0,52958454.0,218537900.0,0.004355775359788852
2023-12-26,55.03,55.23,53.65,54.07,1426902.0,78040477.0,218537900.0,0.006529311391754016
2023-12-27,54.19,55.32,53.87,54.51,2105818.0,116232956.0,218537900.0,0.00963593957844383
2023-12-28,54.64,56.18,54.14,55.99,2305791.0,129414352.0,218537900.0,0.010550989096170504
2023-12-29,56.2,58.4,55.93,57.98,4269295.0,248623997.0,218537900.0,0.019535718975976248
2024-01-02,58.21,58.63,57.39,57.58,2396518.0,140487998.0,218537900.0,0.010966143630006512
2024-01-03,57.26,57.57,55.73,56.22,1935722.0,110613403.0,218537900.0,0.008857603189195101
2024-01-04,56.23,56.51,54.9,55.35,1770759.0,99160971.0,218537900.0,0.008102754716687586
2024-01-05,55.36,55.67,50.68,52.02,5237467.0,279543057.0,218537900.0,0.02396594366469157
2024-01-08,51.96,51.96,49.57,49.71,3397861.0,173637135.0,218537900.0,0.015548154347598288
2024-01-09,50.36,51.26,49.49,49.98,2886594.0,146922918.0,218537900.0,0.013208665407693585
2024-01-10,49.94,50.67,48.45,49.67,1991312.0,99954459.0,218537900.0,0.009111975542914982
2024-01-11,49.62,51.36,49.56,50.81,2141765.0,109361061.0,218537900.0,0.009800428209477624
2024-01-12,50.63,51.14,50.4,50.6,1266400.0,64860104.0,218537900.0,0.005794875854485652
2024-01-15,50.38,51.27,49.82,50.17,1585000.0,80820634.0,218537900.0,0.007252746548767971
2024-01-16,50.16,50.27,48.98,49.52,1779900.0,89074434.0,218537900.0,0.008144582701673257
2024-01-17,49.55,49.61,47.28,47.28,2351650.0,114634615.0,218537900.0,0.010760833704359747
2024-01-18,47.3,48.03,45.99,48.0,3329275.0,157447842.0,218537900.0,0.01523431404804384
2024-01-19,48.0,48.73,47.4,47.43,1690201.0,81756258.0,218537900.0,0.007734132157396955
2024-01-22,47.49,47.81,44.05,44.54,2840354.0,131453855.0,218537900.0,0.01299707739481344
2024-01-23,44.55,45.82,44.12,45.59,2990715.0,136578863.0,218537900.0,0.01368510908176568
2024-01-24,45.86,45.92,43.6,45.2,3020788.0,136220406.0,218537900.0,0.013822719079848392
2024-01-25,45.19,46.7,44.44,46.62,2593071.0,120417025.0,218537900.0,0.011865543688303035
2024-01-26,46.46,46.46,44.22,44.49,4113952.0,187549299.0,218537900.0,0.018824890327947694
2024-01-29,44.49,45.18,43.06,43.39,2784500.0,123207285.0,218537900.0,0.012741497012646319
2024-01-30,43.39,43.39,40.88,41.01,5095591.0,215005026.0,218537900.0,0.023316738195068226
2024-01-31,40.81,41.19,38.96,38.98,3820900.0,154229200.0,218537900.0,0.017483923841127787
2024-02-01,39.31,40.19,38.54,39.14,4122600.0,163747671.0,218537900.0,0.01886446241132545
2024-02-02,39.14,39.57,36.22,37.47,5353998.0,204696341.0,218537900.0,0.024499173827514587
2024-02-05,37.2,37.42,33.1,34.64,7321550.0,258671642.0,218537900.0,0.033502426810178
2024-02-06,34.41,37.57,34.25,37.56,6939487.0,254003593.0,218537900.0,0.03175415797442915
2024-02-07,37.61,41.34,37.61,40.84,7399712.0,301524804.0,218537900.0,0.033860085596136874
2024-02-08,41.57,43.66,41.02,42.23,6567037.0,283594814.0,218537900.0,0.030049876932101937
2024-02-19,43.15,43.3,41.57,42.46,5110974.0,218437558.0,218537900.0,0.02338712873144658
2024-02-20,41.88,42.34,41.41,42.03,3851124.0,162720794.0,218537900.0,0.017622224794875397
2024-02-21,41.77,44.13,41.48,42.59,5071877.0,220086139.0,218537900.0,0.023208226124621863
2024-02-22,42.47,44.41,42.47,44.04,5459332.0,240934260.0,218537900.0,0.02498116802623252
2024-02-23,44.46,44.87,43.45,44.58,4934653.0,219872660.0,218537900.0,0.022580307580515782
2024-02-26,44.59,46.18,44.31,45.46,5145602.0,234903554.0,218537900.0,0.023545581796109508
2024-02-27,44.97,46.89,44.96,46.89,5721647.0,265744361.0,218537900.0,0.026181486140390293
2024-02-28,46.88,47.86,43.85,43.85,7247968.0,337563627.0,218537900.0,0.033165725487432615
2024-02-29,43.59,46.9,43.59,46.59,7407149.0,344441380.0,218537900.0,0.03389411630659945
2024-03-01,46.72,48.38,46.37,48.08,7459424.0,358960939.0,218537900.0,0.03413331966674888
2024-03-04,47.86,48.24,46.8,48.05,6264091.0,301861655.0,218537900.0,0.02866363683370253
2024-03-05,47.49,47.91,46.63,47.02,4399253.0,209667634.0,218537900.0,0.020130389282591258
2024-03-06,46.77,47.15,45.63,46.33,3642451.0,170611310.0,218537900.0,0.016667365248773783
2024-03-07,47.01,47.81,45.9,45.9,4105087.0,194474651.0,218537900.0,0.018784325281793225
2024-03-08,45.7,46.82,45.56,46.66,3416914.0,159727231.0,218537900.0,0.01563533830973941
2024-03-11,46.18,48.0,45.9,47.99,5193113.0,247815368.0,218537900.0,0.023762985733824658
2024-03-12,47.84,51.27,47.61,49.49,7679333.0,386637930.0,218537900.0,0.035139593635703466
2024-03-13,49.43,49.97,48.82,48.9,4568700.0,227562128.0,218537900.0,0.020905755935240522
2024-03-14,48.62,49.09,47.54,48.03,3672842.0,179067097.0,218537900.0,0.01680643037203158
2024-03-15,48.4,48.47,47.42,48.38,3068252.0,148765563.0,218537900.0,0.014039907951893013
2024-03-18,48.39,49.34,48.1,49.25,3736676.0,184349567.0,218537900.0,0.017098526159535714
2024-03-19,49.21,49.56,48.7,48.91,3346875.0,166370142.0,218537900.0,0.015314849277859813
2024-03-20,48.94,49.56,48.52,49.3,3323012.0,164758684.0,218537900.0,0.015205655403479214
2024-03-21,49.28,50.14,48.91,48.96,3584989.0,179156631.0,218537900.0,0.01640442687515529
2024-03-22,48.91,49.69,48.45,48.8,3768798.0,187056806.0,218537900.0,0.017245512105680524
2024-03-25,48.55,48.75,46.52,46.63,4378500.0,211024807.0,218537900.0,0.020035426349388367
2024-03-26,46.73,47.61,45.69,46.14,3437172.0,161505588.0,218537900.0,0.015728036189603726
2024-03-27,46.12,46.65,43.87,43.91,4299834.0,194595289.0,218537900.0,0.019675461327302954
2024-03-28,43.9,45.0,43.56,44.14,3895372.0,174111915.0,218537900.0,0.01782469768401728
2024-03-29,44.14,44.32,42.85,44.16,3652600.0,160596763.0,218537900.0,0.01671380570601255
2024-04-01,44.42,45.41,44.42,45.05,2935802.0,133373461.0,218537900.0,0.013433834588874516
2024-04-02,44.89,44.95,43.7,44.32,2468787.0,110337456.0,218537900.0,0.011296836841573017
2024-04-03,44.69,44.79,43.45,43.53,2564050.0,113753274.0,218537900.0,0.01173274750054796
2024-04-08,43.49,43.51,41.98,42.06,2635857.0,113889115.0,218537900.0,0.012061326662331798
2024-04-09,42.09,43.31,42.09,43.25,2471105.0,106838255.0,218537900.0,0.011307443697409008
2024-04-10,43.57,43.68,41.58,41.87,2482544.0,105983349.0,218537900.0,0.011359787020924059
2024-04-11,41.75,42.51,41.59,41.84,2112356.0,89776985.0,218537900.0,0.009665856585974332
2024-04-12,44.53,46.47,42.98,42.99,8599104.0,387665239.0,218537900.0,0.03934834186655953
2024-04-15,42.56,44.34,42.22,43.24,5790443.0,253232656.0,218537900.0,0.026496287371664137
2024-04-16,42.38,42.81,40.96,40.96,5160053.0,217756508.0,218537900.0,0.023611707625999883
2024-04-17,41.17,42.44,41.17,42.24,4573924.0,193981174.0,218537900.0,0.02092966025572681
2024-04-18,41.68,43.04,41.08,42.35,4884095.0,208415604.0,218537900.0,0.02234896098113874
2024-04-19,41.62,42.06,40.48,40.78,3721200.0,154716832.0,218537900.0,0.017027710067681626
2024-04-22,40.45,41.56,39.85,41.08,2746500.0,113434210.0,218537900.0,0.012567614130089106
2024-04-23,41.23,41.85,40.44,40.94,2383993.0,98848998.0,218537900.0,0.010908830916742588
2024-04-24,41.09,41.42,40.69,41.31,2610335.0,108442873.0,218537900.0,0.011944541427367976
2024-04-25,42.51,47.66,42.45,46.1,13356791.0,608475363.0,218537900.0,0.06111887686300637
2024-04-26,45.7,46.87,45.34,46.59,8961480.0,419375693.0,218537900.0,0.04100652564154776
2024-04-29,46.23,48.5,46.23,48.3,8949548.0,430053406.0,218537900.0,0.0409519264164248
2024-04-30,48.28,48.28,47.51,47.56,4336218.0,209360679.0,218537900.0,0.019841949611486154
2024-05-06,48.31,48.49,47.65,48.15,4689800.0,227848619.0,218537900.0,0.02145989322675838
2024-05-07,47.84,48.18,46.75,47.04,5829200.0,278787757.0,218537900.0,0.026673634184276502
2024-05-08,46.88,47.0,46.0,46.11,3495900.0,163652515.0,218537900.0,0.015996767608730568
2024-05-09,45.96,48.0,45.96,47.7,6318503.0,302828628.0,218537900.0,0.028912618818063136
2024-05-10,47.65,47.71,46.47,46.69,4235700.0,200609901.0,218537900.0,0.019381992780199683
2024-05-13,45.97,46.49,45.33,45.47,3900051.0,180304353.0,218537900.0,0.01784610815789847
2024-05-14,45.67,46.27,45.39,45.8,2913805.0,134704248.0,218537900.0,0.013333179279200542
2024-05-15,45.68,46.58,45.33,45.4,3522143.0,163695457.0,218537900.0,0.016116852042597645
2024-05-16,45.53,45.85,44.9,45.23,3588020.0,164285823.0,218537900.0,0.016418296322971898
2024-05-17,45.26,46.27,45.14,46.25,4703600.0,217432716.0,218537900.0,0.02152304016831863
2024-05-20,45.98,46.48,45.33,45.82,4748018.0,219904902.0,218537900.0,0.021726290954566692
2024-05-21,45.82,47.14,45.13,46.67,5886533.0,275148512.0,218537900.0,0.026935982271267363
2024-05-22,46.78,46.8,45.53,46.12,5431602.0,252344425.0,218537900.0,0.02485427928061906
2024-05-23,46.13,46.13,44.34,44.44,5820272.0,264079575.0,218537900.0,0.02663278085860622
2024-05-24,44.34,45.01,44.2,44.25,3042300.0,136920740.0,218537900.0,0.013921155094837098
2024-05-27,43.97,45.83,42.92,45.77,6711699.0,300446469.0,218537900.0,0.030711830762535926
2024-05-28,45.7,47.01,45.19,45.2,7349755.0,342234429.0,218537900.0,0.03363148909182343
2024-05-29,44.95,45.99,44.79,45.15,3944809.0,181077770.0,218537900.0,0.018050914738358886
2024-05-30,44.75,46.54,44.54,46.28,5746700.0,266189347.0,218537900.0,0.026296125294514132
2024-05-31,46.02,46.64,45.91,46.12,4475774.0,209128318.0,218537900.0,0.02048053907354285
2024-06-03,45.71,47.46,45.71,46.76,6620685.0,312662775.0,218537900.0,0.03029536295535008
2024-06-04,46.34,46.6,45.21,45.97,5208400.0,240487893.0,218537900.0,0.023832936987131292
2024-06-05,45.64,47.48,45.57,46.87,7655453.0,362823589.0,218537900.0,0.035030321971612245
2024-06-06,47.33,49.69,47.25,49.35,16919784.0,827648777.0,218537900.0,0.07742265300435303
2024-06-07,50.18,50.47,48.28,48.55,12273593.0,607726984.0,218537900.0,0.056162308688790366
2024-06-11,48.39,52.93,48.22,52.08,16964867.0,867892002.0,218537900.0,0.07762894674104583
2024-06-12,51.53,52.12,50.6,52.05,11972590.0,616948974.0,218537900.0,0.05478495949672803
2024-06-13,51.87,53.96,50.19,50.29,14642074.0,767515631.0,218537900.0,0.06700015878252696
2024-06-14,49.89,50.33,49.19,49.64,9151317.0,456498011.0,218537900.0,0.04187519418828496
2024-06-17,49.37,51.18,49.35,51.1,10760208.0,547682669.0,218537900.0,0.049237262735662785
2024-06-18,50.48,51.4,50.38,50.62,8191895.0,419083865.0,218537900.0,0.03748500832121111
2024-06-19,50.83,52.03,50.24,51.56,9628434.0,496543640.0,218537900.0,0.044058417327154695
2024-06-20,50.99,53.15,50.98,51.38,10704110.0,561916821.0,218537900.0,0.04898056584235503
2024-06-21,50.48,50.71,49.01,50.37,6905566.0,347648460.0,218537900.0,0.031598940046554856
2024-06-24,49.46,51.34,48.99,49.26,7130199.0,360963071.0,218537900.0,0.032626830403330496
2024-06-25,49.4,49.57,46.66,47.15,7881147.0,378361929.0,218537900.0,0.0360630673215035
2024-06-26,47.15,48.36,46.31,48.27,4993900.0,238586106.0,218537900.0,0.02285141387374913
2024-06-27,47.75,48.38,46.71,46.74,4808242.0,229415965.0,218537900.0,0.02200186786822789
2024-06-28,46.74,48.29,46.66,47.26,5622346.0,269316526.0,218537900.0,0.025727098137210982
2024-07-01,47.69,47.69,45.51,46.49,5607440.0,261840247.0,220294075.0,0.025454338706113636
2024-07-02,46.41,46.61,45.75,45.94,3677200.0,170373982.0,220294075.0,0.01669223287099301
2024-07-03,45.83,46.89,44.94,46.23,5001357.0,231292503.0,220294075.0,0.0227030935807057
2024-07-04,46.33,48.25,45.99,47.24,8189017.0,389781456.0,220294075.0,0.037173115073567006
2024-07-05,47.02,47.02,45.46,46.51,6132101.0,285141041.0,220294075.0,0.027835977885469685
2024-07-08,46.31,50.07,46.31,47.41,10223156.0,496355053.0,220294075.0,0.04640685865019293
2024-07-09,47.02,49.58,47.01,49.58,12014068.0,586450074.0,220294075.0,0.05453650081147212
2024-07-10,49.11,50.33,48.88,50.09,9773700.0,489097348.0,220294075.0,0.0443666040496096
2024-07-11,51.28,51.32,49.49,50.11,8016234.0,405229309.0,220294075.0,0.03638878621678772
2024-07-12,49.69,51.97,49.57,51.57,8191876.0,419663811.0,220294075.0,0.03718609318021831
2024-07-15,51.18,52.03,50.05,50.76,6968011.0,356661761.0,220294075.0,0.03163049664408814
2024-07-16,50.28,51.41,49.5,51.4,7549883.0,383821320.0,220294075.0,0.034271838677458755
2024-07-17,53.52,54.95,52.57,52.62,18499175.0,998395061.0,220294075.0,0.08397490944774616
2024-07-18,51.76,54.84,51.4,54.3,15619029.0,832739390.0,220294075.0,0.07090081292472346
2024-07-19,53.86,55.44,53.58,54.78,12922649.0,710784921.0,220294075.0,0.05866090134289812
2024-07-22,54.8,55.55,53.96,54.48,8306293.0,457164625.0,220294075.0,0.037705476191313814
2024-07-23,53.96,54.19,51.93,51.97,7765708.0,413620725.0,220294075.0,0.03525155181772365
2024-07-24,51.67,52.47,50.43,50.84,6086159.0,315065644.0,220294075.0,0.027627429380476982
2024-07-25,50.43,50.95,50.0,50.3,4468028.0,226648746.0,220294075.0,0.020282106997203623
2024-07-26,50.18,50.98,49.57,50.56,5000891.0,253415180.0,220294075.0,0.02270097822649111
2024-07-29,50.26,51.21,49.26,49.93,5981203.0,301161575.0,220294075.0,0.02715099350720168
2024-07-30,49.57,50.46,49.17,50.2,4566020.0,229401188.0,220294075.0,0.020726930581315
2024-07-31,50.1,52.35,49.97,52.3,8304719.0,429516732.0,220294075.0,0.03769833119660617
2024-08-01,52.27,54.46,52.08,53.83,9140526.0,491315594.0,220294075.0,0.041492382398391786
2024-08-02,53.16,54.44,52.47,52.67,5846131.0,313709526.0,220294075.0,0.02653784946326859
2024-08-05,52.38,53.01,49.55,49.55,6118381.0,314407102.0,220294075.0,0.027773697499580956
2024-08-06,50.48,50.68,49.49,50.14,4226963.0,212551101.0,220294075.0,0.019187819735959764
2024-08-07,50.04,50.26,49.52,49.91,2879264.0,144585787.0,220507825.0,0.013057423245637655
2024-08-08,49.67,51.66,49.44,50.78,5623614.0,287838441.0,220507825.0,0.025503013328438573
2024-08-09,51.78,52.26,49.69,49.79,5052789.0,259825562.0,220507825.0,0.02291432968421869
2024-08-12,48.69,49.85,48.52,48.83,3406839.0,168283126.0,220507825.0,0.015449968725599648
2024-08-13,48.75,49.87,48.75,49.69,2596171.0,128954648.0,220507825.0,0.01177360032461433
2024-08-14,49.98,50.06,49.47,49.47,2138654.0,106952350.0,220507825.0,0.009698766925844923
2024-08-15,49.34,51.18,49.19,50.49,3494502.0,176992147.0,220507825.0,0.015847519243364718
2024-08-16,50.47,50.73,49.46,49.55,2949800.0,148787735.0,220507825.0,0.013377303050356603
2024-08-19,49.23,49.97,49.11,49.26,1983166.0,98844426.0,220507825.0,0.008993630951645367
2024-08-20,49.5,49.69,47.9,48.28,3194173.0,156154653.0,220507825.0,0.014485531295771476
2024-08-21,48.29,48.85,48.04,48.2,2272807.0,110752487.0,220507825.0,0.010307148963988013
2024-08-22,48.36,48.64,47.35,47.55,2480918.0,119787318.0,220507825.0,0.011250929530505323
2024-08-23,47.5,47.91,46.8,47.48,2570425.0,122469726.0,220507825.0,0.01165684256329679
2024-08-26,47.6,48.39,47.5,47.72,1841870.0,88653320.0,220507825.0,0.00835285550524114
2024-08-27,47.74,47.82,46.97,47.02,1924247.0,91618247.0,220507825.0,0.00872643408459541
2024-08-28,46.9,47.85,46.84,47.75,1820960.0,87086888.0,220507825.0,0.008258028938428828
2024-08-29,47.1,49.08,47.1,48.91,3081475.0,150590869.0,220507825.0,0.01397444739205967
2024-08-30,48.77,50.82,48.77,50.38,4270052.0,215339920.0,220507825.0,0.019364627989959086
2024-09-02,50.22,50.48,48.69,48.72,3074133.0,153674797.0,220507825.0,0.013941151521493625
2024-09-03,48.78,49.64,48.78,49.29,2249300.0,111420272.0,220507825.0,0.010200545037347315
2024-09-04,48.73,49.57,48.54,49.38,1903041.0,94128241.0,220507825.0,0.008630265161791878
2024-09-05,49.49,49.93,49.08,49.37,1670247.0,83167688.0,220507825.0,0.007574547524560636
2024-09-06,49.49,49.62,47.73,47.76,2591418.0,126336861.0,220507825.0,0.011752045533985019
2024-09-09,47.7,48.53,47.5,48.49,2117900.0,102718357.0,220507825.0,0.009604647816919876
2024-09-10,48.57,50.13,48.1,49.81,3230828.0,159514124.0,220507825.0,0.014651761224346574
2024-09-11,49.59,49.94,49.45,49.84,1881994.0,94151893.0,220507825.0,0.00853481730183498
2024-09-12,50.01,50.3,48.83,48.86,2272230.0,113119960.0,220507825.0,0.010304532276802421
2024-09-13,48.59,49.49,48.59,48.74,2119094.0,104530951.0,220507825.0,0.00961006259074933
2024-09-18,48.8,49.63,48.27,48.48,2134519.0,104751477.0,220507825.0,0.00968001475684593
2024-09-19,48.89,48.94,44.62,45.06,10241612.0,471208799.0,220507825.0,0.04644557171610576
2024-09-20,45.02,45.02,43.39,43.64,7928909.0,348987933.0,220507825.0,0.03595749493243607
2024-09-23,44.22,44.88,43.72,43.72,4206670.0,187380575.0,220507825.0,0.0190771914783523
2024-09-24,44.0,45.2,43.08,45.19,6101894.0,271836757.0,220507825.0,0.027672006651011136
2024-09-25,45.23,46.29,44.96,45.22,6352982.0,291766466.0,220507825.0,0.028810687330483625
2024-09-26,45.21,46.98,44.97,46.98,5322935.0,246565941.0,220507825.0,0.024139438135585438
2024-09-27,47.4,51.67,47.4,50.86,9457038.0,472585972.0,220507825.0,0.04288753925172497
2024-09-30,53.58,60.12,52.33,59.41,16348465.0,924961763.0,220507825.0,0.07414006736495632
2024-10-08,71.29,71.29,66.31,71.29,20993096.0,1491298833.0,220507825.0,0.09520340604692827
2024-10-09,70.56,74.53,67.57,69.16,28579334.0,2058010755.0,220507825.0,0.12960689263521602
2024-10-10,69.06,70.54,63.7,64.1,16775109.0,1115531195.0,220507825.0,0.07607489212684403
2024-10-11,63.13,65.09,58.22,59.29,13518201.0,824685341.0,220507825.0,0.061304858455703326
2024-10-14,59.64,61.88,57.42,61.87,12980003.0,782394831.0,220507825.0,0.05886413781461043
2024-10-15,61.55,63.85,60.69,61.21,10092588.0,632815949.0,220507825.0,0.04576974989436316
2024-10-16,59.55,61.74,59.16,60.43,6912803.0,421827010.0,220507825.0,0.03134946798373255
2024-10-17,61.39,61.64,59.68,59.71,7304395.0,447201623.0,220507825.0,0.03312533240033545
2024-10-18,60.4,67.72,59.83,65.34,18773769.0,1199998429.0,220507825.0,0.08513878815865152
2024-10-21,66.03,70.14,66.03,66.97,19769000.0,1348386336.0,220507825.0,0.0896521472650687
2024-10-22,64.59,66.14,63.45,64.27,16117061.0,1045527959.0,220507825.0,0.07309065335890008
2024-10-23,63.6,65.69,63.4,64.83,10256392.0,667988613.0,220507825.0,0.04651259881593771
2024-10-24,65.24,71.35,65.24,68.87,24009305.0,1645102138.0,220507825.0,0.10888187301289648
2024-10-25,68.22,69.16,66.58,68.42,15250885.0,1041604046.0,220507825.0,0.06916255692966905
2024-10-28,67.57,68.05,66.01,67.07,10030034.0,674499625.0,220507825.0,0.045486068351542626
2024-10-29,67.07,68.68,65.6,65.69,11995310.0,810245328.0,220507825.0,0.05439856839547531
2024-10-30,65.29,66.18,63.96,64.85,8836474.0,578079414.0,220507825.0,0.040073289916128824
2024-10-31,64.85,67.57,64.51,67.21,11952172.0,797793290.0,220507825.0,0.054202938149700584
2024-11-01,66.58,67.05,63.79,63.79,11097001.0,729956867.0,220507825.0,0.05032474924642697
2024-11-04,63.4,67.36,63.15,66.58,8921900.0,590136291.0,220507825.0,0.04046069566918997
2024-11-05,67.83,72.28,67.16,69.81,18082548.0,1278595181.0,220507825.0,0.08200411028497515
2024-11-06,69.67,71.2,68.27,68.99,14182355.0,990177357.0,220507825.0,0.06431678785095268
2024-11-07,69.02,71.67,69.0,70.25,11715277.0,828371606.0,220507825.0,0.05312862253300988
2024-11-08,71.55,76.12,70.26,74.73,22489953.0,1664559921.0,220507825.0,0.10199163226973917
2024-11-11,76.52,88.43,76.52,86.67,29742104.0,2523478010.0,220507825.0,0.134880038837624
2024-11-12,83.47,83.47,79.69,80.81,21208410.0,1743487835.0,220507825.0,0.09617985212089412
2024-11-13,80.32,82.4,79.1,81.83,13670608.0,1113448849.0,220507825.0,0.06199602213662939
2024-11-14,81.07,81.08,76.98,77.12,11751260.0,931094928.0,220507825.0,0.05329180495068599
2024-11-15,76.88,78.31,74.04,74.54,12792102.0,977919674.0,220507825.0,0.058012009324385654
2024-11-18,74.03,74.97,71.03,72.98,9704630.0,710576116.0,220507825.0,0.04401036561854438
2024-11-19,73.76,74.76,70.61,73.76,11010458.0,807693719.0,220507825.0,0.04993227791349355
2024-11-20,73.54,74.53,72.39,73.88,10179485.0,752047267.0,220507825.0,0.0461638266125023
2024-11-21,73.54,76.32,73.04,75.27,11740659.0,885001106.0,220507825.0,0.05324372955925714
2024-11-22,75.31,77.28,70.11,70.46,12501339.0,924256779.0,220507825.0,0.056693403057238446
2024-11-25,69.75,72.34,68.43,72.34,9778687.0,692269442.0,220507825.0,0.04434621311057782
2024-11-26,72.01,72.68,70.7,70.9,4622370.0,332923246.0,220507825.0,0.020962385348456455
2024-11-27,70.84,72.54,68.45,72.54,7485771.0,532396791.0,220507825.0,0.03394787010392942
2024-11-28,72.41,73.38,71.05,71.5,6331389.0,459720846.0,220507825.0,0.028712763367921296
2024-11-29,71.64,75.56,71.07,74.99,10857521.0,804997498.0,220507825.0,0.04923871068974536
2024-12-02,74.53,76.68,73.72,76.28,11137921.0,839106704.0,220507825.0,0.050510320892240446
2024-12-03,77.01,81.29,74.79,75.72,15623932.0,1232648495.0,220507825.0,0.07085432002243004
2024-12-04,77.32,79.08,74.02,74.03,10184672.0,787409002.0,220507825.0,0.04618734958725387
2024-12-05,72.64,74.77,72.56,73.73,6582025.0,488473807.0,220507825.0,0.029849394233515295
2024-12-06,74.09,76.49,72.29,75.8,8807330.0,661387413.0,220507825.0,0.03994112227083098
2024-12-09,75.29,75.71,72.47,73.12,7223557.0,536003158.0,220507825.0,0.03275873316513824
2024-12-10,75.97,77.0,74.13,74.48,8925952.0,678905279.0,220507825.0,0.04047907143431304
2024-12-11,74.33,77.77,73.94,74.65,7940255.0,605508673.0,220507825.0,0.03600894888877526
2024-12-12,74.63,75.78,73.87,75.11,5835243.0,438972252.0,220507825.0,0.026462747977311008
2024-12-13,74.69,74.83,73.34,73.34,5787665.0,430288273.0,220507825.0,0.02624698239166796
2024-12-16,73.64,73.82,70.56,71.2,6464013.0,467733938.0,220507825.0,0.029314211411771894
2024-12-17,71.2,72.22,70.38,70.58,4254301.0,304950576.0,220507825.0,0.01929319741827756
2024-12-18,71.0,72.48,70.22,72.03,5893803.0,424588692.0,220507825.0,0.026728316784222963
2024-12-19,71.1,72.99,70.65,72.56,5015667.0,363061963.0,220507825.0,0.022745981916968253
2024-12-20,72.34,76.02,72.26,74.54,9147930.0,682084403.0,220507825.0,0.04148573865802722
2024-12-23,76.07,76.27,72.82,73.04,6925241.0,516755079.0,220507825.0,0.0314058741452826
2024-12-24,73.55,74.08,71.26,73.88,5845682.0,429043522.0,220507825.0,0.026510088700933857
2024-12-25,73.74,74.25,71.51,72.1,5175446.0,378090511.0,220507825.0,0.023470577518054064
2024-12-26,71.78,73.85,71.56,73.39,5077826.0,373944489.0,220507825.0,0.023027872140138336
2024-12-27,73.14,74.82,72.25,72.54,6655780.0,493301439.0,220507825.0,0.03018387215963878
2024-12-30,71.97,73.34,71.07,72.29,4292936.0,312250031.0,220507825.0,0.01946840662003718
2024-12-31,72.82,72.84,69.01,69.01,5993600.0,424452700.0,220521113.0,0.02717925698116715
2025-01-02,66.84,67.82,64.41,64.94,7653786.0,510838408.0,220521113.0,0.03470772433476699
2025-01-03,65.41,66.01,63.2,63.37,6053332.0,394058869.0,220521113.0,0.02745012446948787
2025-01-06,63.36,64.71,62.9,63.5,4111100.0,263932194.0,220521113.0,0.018642659399238565
2025-01-07,63.55,66.38,63.55,66.09,5736919.0,377285643.0,220521113.0,0.026015282264605658
2025-01-08,65.59,66.74,63.61,65.53,6031265.0,396766820.0,220521113.0,0.027350056953503586
2025-01-09,65.5,67.13,65.19,65.81,4233118.0,282762797.0,220521113.0,0.019195976033369647
2025-01-10,66.28,68.87,65.61,66.27,7362910.0,498933653.0,220521113.0,0.03338868510064159
2025-01-13,65.72,67.67,65.4,66.63,4140513.0,276919070.0,220521113.0,0.018776038918323436
2025-01-14,67.01,69.26,66.09,69.01,6792663.0,467078959.0,220521113.0,0.03080277850765246
2025-01-15,68.56,69.0,67.81,68.7,3576700.0,246294651.0,220521113.0,0.01621930867000476
2025-01-16,69.06,69.86,67.25,67.7,4915427.0,338441693.0,220521113.0,0.022290051655960944
2025-01-17,67.37,69.53,67.04,69.2,6067331.0,418294629.0,220521113.0,0.027513605919447723
2025-01-20,70.44,70.65,68.82,69.58,4674147.0,328508271.0,220521113.0,0.021195916057252986
2025-01-21,70.16,72.05,69.9,71.85,6180633.0,443318839.0,220521113.0,0.028027397993406644
2025-01-22,71.42,72.41,70.96,71.47,4773588.0,344113084.0,220521113.0,0.021646852471672407
2025-01-23,71.96,73.14,70.22,70.22,5349212.0,385936346.0,220521113.0,0.02425714221748917
2025-01-24,69.96,70.95,69.59,70.55,4017623.0,284543367.0,220521113.0,0.01821876801428986
2025-01-27,70.57,71.01,69.56,69.85,3983300.0,281579180.0,220521113.0,0.01806312305343752
2025-02-05,71.03,71.44,70.0,70.09,4250700.0,301667979.0,220521113.0,0.019275705360692605
2025-02-06,69.81,72.54,69.36,71.83,5924972.0,426099823.0,220521113.0,0.026868048684299903
2025-02-07,71.76,73.37,70.88,71.67,8032187.0,583154523.0,220521113.0,0.03642366434092866
2025-02-10,71.67,71.84,69.86,70.81,7112673.0,505871607.0,220521113.0,0.03225393207588246
2025-02-11,70.82,70.83,68.89,69.0,6060369.0,422023425.0,220521113.0,0.027482035246212455
2025-02-12,69.01,71.26,69.01,71.26,6773176.0,478406990.0,220521113.0,0.03071441055170078
2025-02-13,71.06,71.13,68.45,68.57,7130300.0,497601493.0,220521113.0,0.032333865465299004
2025-02-14,68.26,68.57,67.38,67.73,5550468.0,378567410.0,220521113.0,0.025169780455443283
2025-02-17,68.02,68.73,66.73,68.14,6980172.0,475490199.0,220521113.0,0.03165307804337084
2025-02-18,68.07,71.83,67.67,69.13,13363464.0,940067648.0,220521113.0,0.060599476477338474
2025-02-19,69.14,72.05,69.14,72.02,12254528.0,879080585.0,220521113.0,0.05557076977023964
2025-02-20,71.92,71.95,70.67,71.51,7270377.0,522392513.0,220521113.0,0.03296907448494512
2025-02-21,71.32,74.28,71.3,74.08,11742967.0,863208806.0,220521113.0,0.05325098735557352
2025-02-24,74.74,77.39,73.6,76.01,12429857.0,948479906.0,220521113.0,0.05636583649929247
2025-02-25,74.85,77.28,74.01,75.18,8908292.0,675691075.0,220521113.0,0.040396549241069724
2025-02-26,75.2,79.0,75.19,78.39,13828236.0,1081710868.0,220521113.0,0.06270708419651409
2025-02-27,78.51,79.71,76.96,79.54,11962053.0,943421157.0,220521113.0,0.054244479529721945
2025-02-28,78.6,79.3,73.75,74.17,10141773.0,776481952.0,220521113.0,0.045990031802533124
2025-03-03,74.71,76.02,72.81,73.83,6764259.0,507684459.0,220521113.0,0.030673974514177242
2025-03-04,73.04,77.34,72.93,75.89,8891367.0,678841853.0,220521113.0,0.0403197992203132
2025-03-05,75.63,76.63,74.38,75.34,5872077.0,446073115.0,220521113.0,0.02662818503006558
2025-03-06,76.02,77.41,75.46,76.43,8519618.0,655383654.0,220521113.0,0.0386340241262976
2025-03-07,75.9,76.25,74.13,74.71,6245884.0,472324874.0,220521113.0,0.028323292563828116
2025-03-10,75.1,77.39,75.04,75.34,6168515.0,472994981.0,220521113.0,0.027972446338958935
2025-03-11,74.33,76.1,74.02,74.98,4395003.0,330837983.0,220521113.0,0.0199300780782836
2025-03-12,75.23,75.81,73.81,73.83,5176200.0,387201758.0,220521113.0,0.023472582418899726
2025-03-13,73.97,73.97,71.05,71.62,6461846.0,467748821.0,220521113.0,0.02930261829396807
2025-03-14,71.5,73.0,71.35,72.54,4644152.0,338324252.0,220521113.0,0.021059897335090994
2025-03-17,72.64,73.26,72.03,72.42,3526703.0,257658428.0,220521113.0,0.01599258661459776
2025-03-18,72.64,73.93,72.54,72.69,3604189.0,264876357.0,220521113.0,0.01634396340091028
2025-03-19,72.4,73.0,70.53,70.63,5567420.0,399863601.0,220521113.0,0.025246652913455955
2025-03-20,70.65,71.02,70.21,70.46,3472200.0,246399089.0,220521113.0,0.01574543114155242
2025-03-21,70.27,70.49,69.17,69.76,4271402.0,299914881.0,220521113.0,0.01936958299317127
2025-03-24,69.78,71.55,69.1,70.67,5199925.0,367697819.0,220521113.0,0.023580168489354576
2025-03-25,70.71,70.8,69.4,69.92,2980200.0,209623398.0,220521113.0,0.013514352251614112
2025-03-26,69.85,70.34,69.45,69.45,2404700.0,168873475.0,220521113.0,0.010904624810233023
2025-03-27,69.38,73.49,69.26,72.41,8410521.0,607530212.0,220521113.0,0.03813930052130655
2025-03-28,74.08,76.28,72.34,72.68,11234993.0,840720590.0,220521113.0,0.05094747095712328
2025-03-31,72.62,75.4,72.07,74.48,9612866.0,716385580.0,220521113.0,0.0435915902528571
2025-04-01,73.41,75.28,73.24,74.33,7652717.0,572842340.0,220521113.0,0.03470287672636588
2025-04-02,74.34,75.75,73.16,73.55,5070071.0,376711649.0,220521113.0,0.022991317842659356
2025-04-03,72.59,74.33,70.84,73.0,7449400.0,542712825.0,220521113.0,0.03378089244452526
2025-04-07,69.68,72.05,63.18,66.38,11013724.0,755027047.0,220521113.0,0.04994407950407905
2025-04-08,67.57,69.79,65.39,66.86,7613868.0,517669062.0,220521113.0,0.03452670765361138
2025-04-09,65.39,69.88,64.18,68.28,7979425.0,545485815.0,220521113.0,0.03618440380354873
2025-04-10,70.23,71.83,69.07,69.89,7365396.0,522758668.0,220521113.0,0.033399958397634245
2025-04-11,69.31,73.74,68.85,72.09,11619159.0,840483570.0,220521113.0,0.05268955358483067
2025-04-14,73.69,73.74,71.43,72.53,7154600.0,520259848.0,220521113.0,0.032444058995838645
2025-04-15,74.69,76.28,73.79,75.59,12418380.0,939317505.0,220521113.0,0.056313791596000154
2025-04-16,73.55,74.13,70.44,71.2,10933148.0,793601574.0,220521113.0,0.04957869045400655
2025-04-17,70.44,72.69,70.26,70.75,5178000.0,373126659.0,220521113.0,0.023480744902643402
2025-04-18,71.05,71.35,69.18,69.35,5275500.0,369925274.0,220521113.0,0.023922879438759228
2025-04-21,69.56,70.04,69.26,69.98,4748392.0,332678793.0,220521113.0,0.021532595838113695
2025-04-22,69.6,70.54,69.09,69.81,5570379.0,391641501.0,220521113.0,0.025260071129787922
2025-04-23,70.06,75.23,69.53,74.28,13173190.0,963461785.0,220521113.0,0.05973663845964717
2025-04-24,73.54,73.64,71.85,72.72,9882245.0,721016305.0,220521113.0,0.04481314675751705
2025-04-25,72.71,73.23,70.75,72.68,8278882.0,601974994.0,220521113.0,0.03754235541156551
2025-04-28,72.26,73.81,72.19,72.96,6646675.0,489679848.0,220521113.0,0.030140764798334753
2025-04-29,72.93,73.42,72.21,72.53,4983904.0,364525171.0,220521113.0,0.02260057521113636
2025-04-30,72.78,74.31,72.18,73.93,7487596.0,555332851.0,220521113.0,0.03395410034956608
2025-05-06,74.22,77.28,74.2,77.16,12978326.0,993544713.0,220521113.0,0.05885298610840949
2025-05-07,77.78,78.65,75.57,76.25,11305824.0,876254761.0,220521113.0,0.05126866922715015
2025-05-08,76.04,79.5,75.88,77.36,12205459.0,957621366.0,220521113.0,0.055348255928673824
2025-05-09,77.28,77.79,75.4,75.69,7794306.0,598427820.0,220521113.0,0.03534494223235668
2025-05-12,76.42,76.7,75.18,75.81,7493349.0,571598327.0,220521113.0,0.0339801885545535
2025-05-13,76.52,76.57,74.41,74.49,6591768.0,497794291.0,220521113.0,0.029891777301160275
2025-05-14,74.69,75.5,74.33,74.58,5405179.0,407251167.0,220521113.0,0.024510936510646036
2025-05-15,74.4,75.78,74.04,74.31,5741829.0,431478753.0,220521113.0,0.02603754770637313
2025-05-16,74.11,76.51,73.76,75.27,7422802.0,563021525.0,221052113.0,0.03357942115667539
2025-05-19,75.14,75.77,74.09,75.36,5529709.0,417468439.0,221052113.0,0.025015408923053362
2025-05-20,75.36,75.36,74.34,74.62,4040571.0,303617282.0,221052113.0,0.01827881645266155
2025-05-21,74.45,75.07,73.07,74.82,5007846.0,374378772.0,221052113.0,0.02265459457517151
2025-05-22,74.41,75.29,73.27,73.56,4389310.0,328935973.0,221052113.0,0.019856448963236104
2025-05-23,73.56,73.93,71.97,72.05,5428639.0,398467870.0,221052113.0,0.024558186421859717
2025-05-26,72.17,73.82,72.15,73.11,4548262.0,335133481.0,221052113.0,0.02057551922156926
2025-05-27,72.94,74.03,72.61,73.15,3018129.0,222950285.0,221052113.0,0.013653472744682607
2025-05-28,73.04,73.33,71.28,71.45,4117600.0,298337278.0,221052113.0,0.01862728179395417
2025-05-29,71.55,72.74,71.46,72.41,2935845.0,213276980.0,221052113.0,0.013281234728572806
2025-05-30,71.98,73.01,70.55,71.13,4807811.0,347205671.0,221052113.0,0.021749672214171505
2025-06-03,70.81,73.53,70.6,72.77,5445397.0,398754517.0,221052113.0,0.024633996599706786
2025-06-04,72.68,73.14,72.57,72.83,2275775.0,166757984.0,221052113.0,0.010295196771088996
2025-06-05,72.84,73.93,72.66,73.82,4246371.0,313584033.0,221052113.0,0.01920981863674834
2025-06-06,74.03,75.36,73.59,74.15,5298578.0,396399831.0,221052113.0,0.023969813851089494
2025-06-09,74.02,75.03,73.24,74.58,4524420.0,337129496.0,221052113.0,0.020467662301875394
2025-06-10,74.7,74.7,72.18,72.8,4794800.0,352960583.0,221052113.0,0.021690812790375814
2025-06-11,72.79,73.64,72.33,72.35,4010614.0,293951938.0,221052113.0,0.018143296372833132
2025-06-12,72.34,72.93,71.8,72.04,3978417.0,289772657.0,221052113.0,0.017997642935899012
2025-06-13,71.78,72.9,71.27,71.34,5206255.0,376745112.0,221052113.0,0.023552161204629607
2025-06-16,71.06,71.91,70.66,70.89,4339002.0,311033102.0,221052113.0,0.01962886461981026
2025-06-17,71.35,71.35,70.44,71.1,3102423.0,221018755.0,221052113.0,0.014034803639266728
2025-06-18,70.98,72.07,70.76,71.54,3925300.0,280905471.0,221052113.0,0.017757351181709808
2025-06-19,71.43,72.21,70.8,70.86,4463718.0,319342507.0,221052113.0,0.02019305737195102
2025-06-20,71.03,72.1,70.89,70.95,4485731.0,321548489.0,221052113.0,0.02029264022461527
2025-06-23,70.48,72.07,69.74,71.85,5873777.0,419990661.0,221052113.0,0.026571910669770434
2025-06-24,72.04,73.04,71.36,72.81,5646782.0,410415451.0,221052113.0,0.025545026117891032
2025-06-25,73.15,74.53,72.96,74.23,7175979.0,530337685.0,221052113.0,0.032462838299129944
2025-06-26,74.07,74.4,72.95,72.95,5308718.0,391832308.0,221052113.0,0.02401568538727336
2025-06-27,73.41,73.93,72.9,73.04,4395968.0,323166257.0,221052113.0,0.01988656855770476
2025-06-30,73.43,74.34,73.26,73.95,6043886.0,447414356.0,221017113.0,0.027345782948490507
2025-07-01,74.04,75.35,73.83,74.62,6783983.0,507751485.0,221017113.0,0.030694378855631872
2025-07-02,74.65,74.66,73.15,73.47,5067966.0,374310658.0,221017113.0,0.022930197264860664
2025-07-03,73.6,73.71,72.85,73.45,3563585.0,261423395.0,221017113.0,0.016123570485693565
2025-07-04,73.22,73.4,71.83,71.98,5735599.0,416228378.0,221017113.0,0.025950927157391654
2025-07-07,71.95,72.4,71.61,71.76,3105412.0,223657607.0,221017113.0,0.014050550013292409
2025-07-08,71.85,74.29,71.85,73.8,7723055.0,569065262.0,221017113.0,0.034943244417458295
2025-07-09,73.65,74.13,72.84,73.08,4523200.0,332768933.0,221017113.0,0.020465383601314165
2025-07-10,72.86,73.3,72.3,72.83,3269398.0,238348459.0,221017113.0,0.014792510659570511
2025-07-11,70.86,71.22,67.86,69.73,13699798.0,953896617.0,221017113.0,0.061985236410177884
2025-07-14,69.73,69.98,69.25,69.77,5768019.0,402614207.0,221017113.0,0.026097612631470757
2025-07-15,69.77,70.11,69.32,69.56,6552042.0,457174614.0,221017113.0,0.029644953329926085
2025-07-16,68.86,68.86,67.56,68.42,10427913.0,712567333.0,221017113.0,0.04718147322827441
2025-07-17,68.27,69.07,68.06,69.06,6527300.0,449058425.0,221017113.0,0.02953300724727139
2025-07-18,69.07,69.49,68.61,69.35,6229722.0,430743274.0,221017113.0,0.02818660471779848
2025-07-21,69.12,69.44,68.88,69.18,5805757.0,402449482.0,221017113.0,0.026268359590779743
2025-07-22,69.16,69.6,68.89,69.21,6109000.0,424028005.0,221017113.0,0.027640393619656048
2025-07-23,69.1,69.74,68.89,69.17,6199380.0,430709231.0,221017113.0,0.02804932123061439
2025-07-24,69.25,70.85,68.97,70.6,9412134.0,659804688.0,221017113.0,0.042585544043370074
2025-07-25,70.53,71.02,69.91,70.84,6606478.0,466436058.0,221017113.0,0.029891251000097898
2025-07-28,70.86,72.05,70.09,71.23,8023635.0,572833872.0,221017113.0,0.03630322960557358
2025-07-29,70.86,71.65,70.62,71.29,6301146.0,449128305.0,221017113.0,0.02850976521442482
2025-07-30,71.29,71.82,69.76,70.08,7877804.0,557890203.0,221017113.0,0.03564341191987247
2025-07-31,70.09,70.7,68.94,69.16,7172856.0,501301359.0,221017113.0,0.032453848946981764
2025-08-01,69.08,69.42,68.39,68.79,5546840.0,382769997.0,221017113.0,0.025096880167826643
2025-08-04,68.38,69.22,68.12,68.94,4826738.0,332394513.0,221017113.0,0.02183875236846479
2025-08-05,69.0,70.15,68.81,69.64,5506600.0,382936360.0,221017113.0,0.024914812818136848
2025-08-06,69.55,70.19,69.16,70.13,5438286.0,380098159.0,221017113.0,0.024605723630097366
2025-08-07,70.13,70.7,69.56,69.83,7094356.0,498583635.0,221017113.0,0.03209867282991793
2025-08-08,69.76,69.81,68.57,68.7,6825800.0,471280109.0,221157113.0,0.030864031038422897
2025-08-11,68.69,69.91,68.67,69.61,5662847.0,393330350.0,221157113.0,0.025605538629001726
2025-08-12,69.53,70.66,69.17,70.28,7478880.0,524466114.0,221157113.0,0.0338170448083214
2025-08-13,70.24,73.61,70.2,72.12,15117648.0,1094172679.0,221157113.0,0.06835705076327343
2025-08-14,73.54,75.24,72.16,72.55,17412760.0,1281740859.0,221157113.0,0.07873479520416782
2025-08-15,71.97,73.77,71.95,73.65,12278841.0,898963011.0,221157113.0,0.05552089568107176
2025-08-18,74.35,79.84,73.7,78.65,24399530.0,1886579923.0,221157113.0,0.11032667983869006
2025-08-19,78.34,78.34,76.51,76.71,13071967.0,1010398253.0,221157113.0,0.05910715157508861
2025-08-20,76.55,82.01,76.45,81.26,20276985.0,1607571716.0,221157113.0,0.09168588215383333
2025-08-21,81.27,81.72,79.42,80.25,14595221.0,1176843457.0,221157113.0,0.06599480704923111
2025-08-22,81.14,82.98,80.35,81.86,17912819.0,1463149654.0,221157113.0,0.08099589815137441
2025-08-25,82.63,83.63,78.88,80.57,20796522.0,1685694723.0,221157113.0,0.0940350582348215
2025-08-26,79.61,80.19,78.46,78.94,15180721.0,1205932617.0,221157113.0,0.06864224620258992
2025-08-27,79.05,84.03,78.61,79.79,21832499.0,1774286593.0,221157113.0,0.09871940677756993
2025-08-28,79.74,82.16,79.41,82.15,17973579.0,1461182416.0,221157113.0,0.08127063496257522
2025-08-29,82.75,82.93,79.66,80.83,14252177.0,1153285054.0,221157113.0,0.06444367448403072
2025-09-01,81.68,82.59,79.72,81.11,13143491.0,1065982520.0,221157113.0,0.05943055966732574
2025-09-02,80.85,81.8,76.85,77.39,15996872.0,1257987421.0,221157113.0,0.07233261360216797
2025-09-03,77.92,80.12,76.92,77.25,12033722.0,945393937.0,221157113.0,0.05441254787947969
2025-09-04,77.14,77.8,72.36,73.54,14755400.0,1106697114.0,221157113.0,0.06671908400251182
2025-09-05,73.77,75.6,73.5,75.38,8485564.0,633897202.0,221157113.0,0.03836894000329982
2025-09-08,75.55,75.94,74.32,75.38,8018149.0,603817743.0,221157113.0,0.03625544252786479
2025-09-09,75.01,75.32,73.24,73.64,6466010.0,480897300.0,221157113.0,0.02923717854826582
2025-09-10,73.69,75.06,73.42,73.55,6138245.0,455533374.0,221157113.0,0.027755132614703647
2025-09-11,73.55,75.95,72.75,75.84,10668980.0,801906293.0,221157113.0,0.048241631730832006
2025-09-12,75.9,81.46,75.48,78.9,19296541.0,1532910293.0,221157113.0,0.08725263564097982
2025-09-15,79.99,80.52,77.44,77.55,11054330.0,865734994.0,221157113.0,0.049984058165924786
2025-09-16,77.58,78.04,76.52,77.54,8806726.0,681732550.0,221157113.0,0.03982112933442028
2025-09-17,77.54,80.72,77.05,80.22,15189008.0,1206937487.0,221157113.0,0.06867971730124728
2025-09-18,80.23,83.01,78.85,80.0,19241476.0,1564174346.0,221157113.0,0.08700364975373864
2025-09-19,80.04,82.08,78.95,79.21,12949454.0,1044189889.0,221157113.0,0.05855318793205625
2025-09-22,80.77,81.72,79.87,81.02,14093244.0,1139730196.0,221157113.0,0.063725031534482
2025-09-23,82.03,82.23,78.54,82.18,15331701.0,1235561006.0,221157113.0,0.06932492829204187
2025-09-24,83.1,98.62,82.61,98.62,40396319.0,3759598738.0,221157113.0,0.18265891814205407
2025-09-25,99.8,103.02,96.03,99.9,45887775.0,4557816211.0,221157113.0,0.20748948282753177
2025-09-26,99.55,107.55,97.71,104.83,39958015.0,4122757630.0,221157113.0,0.1806770510700237
2025-09-29,104.29,110.07,101.48,106.88,35428999.0,3724328339.0,221157113.0,0.16019832470864276
2025-09-30,107.24,107.24,100.3,101.69,32522321.0,3377051843.0,221155897.0,0.1470560877696153
2025-10-09,105.31,107.18,100.6,101.63,30602232.0,3188293056.0,221155897.0,0.1383740267165474
2025-10-10,98.83,101.18,96.07,99.78,24342351.0,2388452071.0,221155897.0,0.11006874033297878
2025-10-13,98.83,114.29,98.8,114.29,45246800.0,4911016691.0,221155897.0,0.2045923288222335
2025-10-14,112.66,112.66,103.49,105.69,36499895.0,3926785367.0,221155897.0,0.16504147298410043
2025-10-15,102.99,103.49,98.79,101.08,21455297.0,2162603201.0,221155897.0,0.09701435634791145
2025-10-16,99.8,104.79,98.33,101.18,17881844.0,1821874890.0,221155897.0,0.08085628392717016
2025-10-17,99.39,99.5,93.66,94.35,19624719.0,1888599401.0,221155897.0,0.08873703693282028
2025-10-20,96.39,96.51,91.44,92.22,15518249.0,1456924603.0,221155897.0,0.07016882303617705
2025-10-21,93.07,94.23,92.01,93.09,13823800.0,1291609597.0,221155897.0,0.06250703773908411
2025-10-22,91.81,93.41,91.33,92.26,9613451.0,889394689.0,221155897.0,0.04346911445910936
2025-10-23,91.52,92.38,89.91,92.02,9075268.0,826390770.0,221155897.0,0.041035613895477545
2025-10-24,93.58,96.8,92.71,95.85,19252394.0,1839378587.0,221155897.0,0.08705349602321479
2025-10-27,97.41,101.31,95.5,100.45,23024944.0,2262970705.0,221155897.0,0.10411182479117886
2025-10-28,99.45,99.45,96.7,97.2,15827969.0,1554825417.0,221155897.0,0.07156928309264121
2025-10-29,97.04,98.77,95.56,97.98,14468549.0,1407761417.0,221155897.0,0.06542239748642108
2025-10-30,97.88,98.78,95.53,95.61,12353783.0,1196469353.0,221155897.0,0.055860065987749806
2025-10-31,95.09,96.39,93.16,93.81,9938220.0,940761827.0,221155897.0,0.04493762153672077
2025-11-03,92.46,92.69,89.02,91.54,12344678.0,1122612492.0,221155897.0,0.05581889593475321
2025-11-04,91.21,92.21,89.91,90.37,7390856.0,674807165.0,221155897.0,0.03341921287317064
2025-11-05,88.73,90.32,88.09,89.83,7772061.0,695651470.0,221155897.0,0.035142906453902965
2025-11-06,90.72,92.54,90.51,92.22,10476613.0,962035274.0,221155897.0,0.04737207165676437
2025-11-07,90.83,91.76,90.07,90.22,7641564.0,694911144.0,221155897.0,0.03455283853452933
2025-11-10,90.72,92.99,90.42,91.21,9672065.0,886602947.0,221155897.0,0.043734149218729625
2025-11-11,92.77,93.8,90.5,90.75,10816567.0,999070947.0,221155897.0,0.048909240706342096
2025-11-12,91.02,92.34,87.59,90.76,8919518.0,806591709.0,221155897.0,0.04033135955673839
2025-11-13,90.58,92.14,89.72,91.37,9338256.0,854187911.0,221155897.0,0.04222476599843955
2025-11-14,89.82,90.58,87.33,87.33,10319814.0,916855554.0,221155897.0,0.0466630740576635
2025-11-17,87.84,89.41,86.14,86.71,7074340.0,618371596.0,221155897.0,0.031988023362542306
2025-11-18,86.35,89.02,85.91,87.54,7605835.0,667819694.0,221155897.0,0.03439128281530743
2025-11-19,86.87,89.0,86.41,87.13,6403150.0,562407174.0,221155897.0,0.028953105419567447
2025-11-20,88.35,88.7,85.63,85.63,5895900.0,512667510.0,221155897.0,0.026659474515391284
2025-11-21,83.88,85.53,81.3,81.4,9886663.0,823335732.0,221155897.0,0.044704496394233614
2025-11-24,82.08,83.48,81.56,83.13,5858890.0,484577621.0,221155897.0,0.026492126502057504
2025-11-25,83.52,85.83,83.21,84.19,7501076.0,636216043.0,221155897.0,0.03391759433844081
2025-11-26,83.79,85.08,83.16,84.29,5369627.0,453946923.0,221155897.0,0.02427982736539917
2025-11-27,84.37,86.4,83.49,83.69,6759702.0,575255274.0,221155897.0,0.030565325599253634
2025-11-28,83.42,85.82,83.22,85.12,6915019.0,587952484.0,221155897.0,0.03126762204310564
2025-12-01,85.79,88.52,85.19,88.08,9405272.0,820213033.0,221155897.0,0.04252779205792555
2025-12-02,87.32,87.75,85.98,86.15,5959900.0,517501170.0,221155897.0,0.02694886313612519
2025-12-03,86.41,87.36,85.58,86.13,5033488.0,435264412.0,221155897.0,0.0227599085906355
2025-12-04,85.23,87.77,85.03,87.1,5929225.0,513646260.0,221155897.0,0.02681016007454687
2025-12-05,87.11,87.7,85.16,87.14,5973968.0,517678691.0,221155897.0,0.027012474372320263
2025-12-08,87.14,89.22,86.83,88.6,7916208.0,700982886.0,221155897.0,0.035794695540042505
2025-12-09,87.82,88.9,87.15,87.52,6546928.0,577168593.0,221155897.0,0.029603225999440565
2025-12-10,86.92,89.05,86.42,88.55,6238945.0,549013289.0,221155897.0,0.02821062013101102
2025-12-11,88.32,89.08,87.02,87.05,5381206.0,474553497.0,221155897.0,0.02433218409726601
2025-12-12,86.92,89.65,86.41,88.87,8635666.0,762398291.0,221155897.0,0.03904786676341712
2025-12-15,87.83,91.11,87.83,90.08,11396322.0,1028482326.0,221155897.0,0.05153071726592938
2025-12-16,89.83,91.3,87.82,89.83,9722088.0,873454700.0,221155897.0,0.043960338077713566
2025-12-17,88.82,91.96,87.33,91.69,11994666.0,1084129643.0,221155897.0,0.05423624765474827
2025-12-18,90.86,93.61,90.83,91.22,11278978.0,1044656344.0,221155897.0,0.05100012322981377
2025-12-19,91.8,92.11,89.42,89.65,7857293.0,712472381.0,221155897.0,0.03552829974956535
2025-12-22,88.83,93.51,88.83,92.52,10010109.0,920921127.0,221155897.0,0.04526268182665733
2025-12-23,92.06,95.47,91.82,95.46,14213316.0,1338907568.0,221155897.0,0.06426831114523707
2025-12-24,95.51,97.58,94.61,96.57,12710375.0,1223660999.0,221155897.0,0.05747246703532396
2025-12-25,96.57,99.7,95.14,96.06,12827596.0,1245680681.0,221155897.0,0.0580025049026841
2025-12-26,96.31,96.61,93.81,94.47,9630381.0,916261241.0,221155897.0,0.04354566679268788
2025-12-29,94.07,95.07,92.95,93.33,7559909.0,710986035.0,221155897.0,0.03418361934974766
2025-12-30,93.16,94.61,92.71,92.82,7142859.0,668317355.0,221155897.0,0.03229784553291835
2025-12-31,93.81,94.31,91.81,91.81,6812136.0,632995317.0,221115784.0,0.03080800419023908
2026-01-05,92.73,102.79,92.69,100.1,17633709.0,1703717179.0,221115784.0,0.07974875732977976
2026-01-06,98.69,110.78,98.61,106.83,30927817.0,3291880851.0,221115784.0,0.13987159324636905
2026-01-07,108.98,111.55,105.95,110.58,24473552.0,2673441757.0,221115784.0,0.11068206691205726
2026-01-08,109.78,117.26,109.06,112.05,19084239.0,2157102264.0,221115784.0,0.08630880462156423
2026-01-09,110.06,114.03,109.39,113.28,15376425.0,1723406394.0,221115784.0,0.06954015096452816
2026-01-12,112.17,116.37,109.99,115.0,15154441.0,1733256699.0,221115784.0,0.06853622444248485
2026-01-13,113.83,118.42,113.39,114.85,14019269.0,1618993837.0,221115784.0,0.06340238922066278
2026-01-14,115.21,121.75,114.12,120.09,20631482.0,2460223180.0,221115784.0,0.09330623814716005
2026-01-15,118.89,128.41,118.09,128.36,19376332.0,2437815596.0,221115784.0,0.08762980032216967
2026-01-16,127.08,131.1,124.72,128.85,20117243.0,2572067156.0,221115784.0,0.09098058327667825
2026-01-19,130.63,131.72,126.01,126.55,13858523.0,1779217769.0,221115784.0,0.06267541262454607
2026-01-20,126.12,129.24,124.03,127.39,13095399.0,1663363952.0,221115784.0,0.05922417098907783
2026-01-21,125.75,129.14,122.45,123.54,17131112.0,2135520121.0,221115784.0,0.07747575360789259
2026-01-22,125.65,126.71,121.83,123.43,10524217.0,1301884743.0,221115784.0,0.04759595542939621
2026-01-23,123.34,123.34,116.76,121.78,15716173.0,1885990634.0,221115784.0,0.07107666723602146
2026-01-26,121.26,121.26,116.86,117.76,10053234.0,1192018847.0,221115784.0,0.045465926575372836
2026-01-27,117.92,120.09,116.17,119.16,11809677.0,1400190301.0,221115784.0,0.053409470759446104
2026-01-28,119.64,120.68,116.77,118.31,9929861.0,1175559991.0,221115784.0,0.04490797002533297
2026-01-29,118.74,119.46,113.24,113.25,11747333.0,1359209043.0,221115784.0,0.053127518929177844
2026-02-06,113.35,129.35,110.11,123.36,42595360.0,5149266257.0,221115784.0,0.192638260505184
2026-02-09,124.75,136.55,124.75,129.12,31532466.0,4147783974.0,221115784.0,0.1426061289229357
2026-02-10,127.83,133.05,124.61,131.93,22109839.0,2843828858.0,221115784.0,0.09999213353308148
2026-02-11,129.54,133.08,125.75,130.43,14724606.0,1924029751.0,221115784.0,0.0665922881380553
2026-02-12,132.37,145.95,131.26,144.01,24284933.0,3397237907.0,221115784.0,0.10982903418599914
2026-02-13,140.92,147.58,139.92,144.76,16925446.0,2448509957.0,221115784.0,0.07654562552621752
2026-02-24,143.77,144.71,136.73,142.71,16318647.0,2309145508.0,221115784.0,0.07380136643705182
2026-02-25,145.57,164.23,144.54,158.98,24183105.0,3731082095.0,221115784.0,0.10936851527523697
2026-02-26,159.02,163.47,155.69,162.67,20594575.0,3295464659.0,221115784.0,0.09313932559423256
2026-02-27,158.68,163.33,156.71,161.68,13675023.0,2199364931.0,221115784.0,0.061845530665508706
2026-03-02,156.02,161.67,156.01,157.52,15276395.0,2420086415.0,221115784.0,0.06908776354020932
2026-03-03,156.72,167.47,153.97,154.27,20156539.0,3216148321.0,221115784.0,0.09115830012388441
2026-03-04,149.7,155.66,148.21,149.71,14614834.0,2213173919.0,221115784.0,0.06609584234836895
2026-03-05,155.7,156.18,148.96,151.2,13746143.0,2088881081.0,221115784.0,0.06216717210925114
2026-03-06,150.18,151.62,146.48,148.07,10132097.0,1510502815.0,221115784.0,0.0458225858720244
2026-03-09,144.6,152.68,141.66,151.21,14014165.0,2065017957.0,221115784.0,0.06337930629140433
2026-03-10,153.54,154.42,150.23,153.87,12525317.0,1920151273.0,221115784.0,0.056645965174516894
2026-03-11,152.69,154.29,147.9,148.96,11398457.0,1709080692.0,221115784.0,0.0515497211180546
2026-03-12,149.7,152.57,142.78,147.22,10454715.0,1536381081.0,221115784.0,0.04728163141894927
2026-03-13,144.81,150.1,143.71,144.61,7904638.0,1158305684.0,221115784.0,0.035748863590850666
2026-03-16,145.46,146.6,138.22,142.41,9277372.0,1309875544.0,221115784.0,0.0419570771121432
2026-03-17,143.32,143.81,135.73,135.85,8150569.0,1129964506.0,221115784.0,0.03686109083917772
2026-03-18,137.61,138.32,134.54,137.14,6670691.0,911063861.0,221115784.0,0.03016831670415713
2026-03-19,135.86,139.67,133.28,136.37,9416367.0,1286129995.0,221115784.0,0.042585684430379696
2026-03-20,137.1,139.66,132.73,132.87,8595438.0,1175156820.0,221115784.0,0.03887301867152098
2026-03-23,130.51,132.62,124.46,125.46,8183104.0,1050779634.0,221115784.0,0.03700823094564792
2026-03-24,127.98,131.08,125.23,130.59,8960463.0,1150581602.0,221115784.0,0.040523850617557
2026-03-25,133.25,141.58,133.19,137.07,12455462.0,1729216495.0,221115784.0,0.05633004471539671
2026-03-26,137.03,137.07,132.39,133.33,5486261.0,739653907.0,221115784.0,0.024811711315914017
2026-03-27,131.23,147.68,130.59,145.73,16192493.0,2298871453.0,221115784.0,0.073230832765878
2026-03-30,144.55,146.2,141.22,146.2,10871334.0,1568346573.0,221115784.0,0.049165798132258166
2026-03-31,144.51,145.01,138.32,138.94,8950644.0,1262457482.0,222565714.99999997,0.040215735833347026
2026-04-01,143.59,144.31,138.72,139.99,8234556.0,1162410436.0,222565714.99999997,0.03699831306003264
2026-04-02,139.25,139.62,133.13,135.23,7310748.0,993083224.0,222565714.99999997,0.03284759290082033
2026-04-03,136.03,151.15,135.05,148.84,17088043.0,2486660260.0,222565714.99999997,0.07677751714813759
2026-04-07,149.69,152.97,147.74,149.21,8502500.0,1274670035.0,222565714.99999997,0.03820220019062685
2026-04-08,150.24,160.33,149.3,159.29,15959431.0,2502923780.0,222565714.99999997,0.07170660135142559
2026-04-09,155.69,159.68,155.05,156.65,9101968.0,1433609692.0,222565714.99999997,0.04089564288911255
2026-04-10,158.66,164.47,156.18,156.18,12455483.0,1993283486.0,222565714.99999997,0.05596317024839159
2026-04-13,154.93,158.4,154.53,155.71,9373260.0,1465250090.0,222565714.99999997,0.04211457276786769
2026-04-14,157.68,164.17,156.36,161.59,10644635.0,1708595528.0,222565714.99999997,0.04782693057643672
2026-04-15,161.6,161.6,153.1,154.04,9664741.0,1517364828.0,222565714.99999997,0.043424212934143974
2026-04-16,154.38,155.04,149.82,153.74,7525771.0,1154861258.0,222565714.99999997,0.033813703067428875
2026-04-17,151.45,161.4,149.39,159.1,12999721.0,2045460621.0,222565714.99999997,0.058408461518882196
2026-04-20,158.52,158.53,152.97,156.64,9159830.0,1426685188.0,222565714.99999997,0.041155620037884096
2026-04-21,156.68,159.62,152.82,156.9,8459479.0,1323624963.0,222565714.99999997,0.03800890447120304
2026-04-22,156.25,160.36,154.9,160.34,11425453.0,1814553800.0,222565714.99999997,0.05133518880030557
2026-04-23,160.48,162.67,152.04,155.64,12495674.0,1949984880.0,222565714.99999997,0.056143750622147715
2026-04-24,154.89,158.18,153.56,155.9,7938092.0,1238065510.0,222565714.99999997,0.035666284000660214
2026-04-27,159.68,171.61,159.68,167.41,17499427.0,2926930148.0,222565714.99999997,0.07862588808882806
2026-04-28,167.46,179.64,164.71,179.01,18963911.0,3317275315.0,222565714.99999997,0.08520589525659872
2026-04-29,167.66,175.41,161.96,175.04,19775961.0,3333671208.0,222565714.99999997,0.08885448057442272
2026-04-30,171.65,190.73,168.66,179.35,14951668.0,2646512192.0,222565714.99999997,0.0671786667591637
2026-05-06,184.63,195.21,180.65,181.64,16289378.0,3055031713.0,222565714.99999997,0.07318907137157223
2026-05-07,182.94,186.22,176.92,186.17,12630835.0,2305292337.0,222565714.99999997,0.05675103642984725
2026-05-08,180.24,181.43,171.65,173.08,16939023.0,2982263055.0,222565714.99999997,0.07610796209110646
2026-05-11,176.54,184.63,173.66,184.63,17430084.0,3148505379.0,222565714.99999997,0.07831432617552979
2026-05-12,182.63,182.91,177.41,181.4,12100621.0,2177606349.0,222565714.99999997,0.05436875576276428
2026-05-13,176.68,186.89,173.74,185.88,13960074.0,2515239697.0,222565714.99999997,0.06272338037329785
2026-05-14,186.62,194.61,179.64,179.64,14617939.0,2738766932.0,222565714.99999997,0.06567920400498344
2026-05-15,181.3,197.59,180.75,189.48,20575666.0,3881658926.0,222565714.99999997,0.09244759912819457
2026-05-18,189.54,202.09,185.91,200.85,18894501.0,3732169409.0,222565714.99999997,0.08489403230861502
2026-05-19,198.6,216.05,195.61,213.5,19800921.0,4101653223.0,222565714.99999997,0.08896662722737868
2026-05-20,209.46,217.56,204.83,213.25,15756523.0,3324368875.0,222565714.99999997,0.07079492454621775
2026-05-21,216.06,221.77,188.52,190.64,23499714.0,4864849767.0,222565714.99999997,0.10558550763310515
2026-05-22,192.99,201.87,184.0,196.6,17228155.0,3326538719.0,222565714.99999997,0.07740704807117306
2026-05-25,197.9,209.38,189.68,207.99,17088255.0,3445613606.0,222565714.99999997,0.0767784696757989
2026-05-26,205.63,205.63,188.25,197.09,18503521.0,3609431678.0,222565714.99999997,0.08313733766227203
2026-05-27,195.0,197.99,182.24,183.4,16411802.0,3116623253.0,222565714.99999997,0.07373912913765718
2026-05-28,182.18,204.97,181.67,203.05,25207877.0,4956263868.0,222565714.99999997,0.11326037795174339
2026-05-29,204.0,204.14,187.74,190.2,18206685.0,3527764334.0,222565714.99999997,0.08180363718643728
2026-06-01,189.25,198.6,186.55,188.06,13523585.0,2593346677.0,222565714.99999997,0.0607622112866755
2026-06-02,188.6,215.88,188.6,209.22,25881596.0,5361965694.0,222565714.99999997,0.11628743447749805
2026-06-03,209.16,214.44,204.27,208.0,18171289.0,3796265620.0,222565714.99999997,0.08164460101143611
2026-06-04,205.0,213.46,205.0,210.53,13371089.0,2811072406.0,222565714.99999997,0.06007703837044264
2026-06-05,205.55,215.96,198.2,201.19,15039955.0,3099130637.0,222565714.99999997,0.06757534510650035
2026-06-08,195.0,205.8,191.0,193.57,13981955.0,2747500909.0,222565714.99999997,0.06282169290988956
2026-06-09,199.0,226.5,195.22,224.88,23255118.0,4958217832.0,222565714.99999997,0.1044865243507968
2026-06-10,224.85,249.88,220.0,243.67,27864405.0,6509198720.0,222565714.99999997,0.12519630438138238
2026-06-11,255.13,292.4,255.13,292.4,21600107.0,6027696458.0,222565714.99999997,0.09705046889185068
2026-06-12,337.21,338.88,271.93,274.08,48024310.0,14147876610.0,222565714.99999997,0.21577586646712413
2026-06-15,284.0,298.0,265.6,293.6,33123564.0,9406398897.0,222565714.99999997,0.1488259950549886
2026-06-16,293.0,308.8,288.18,299.61,33066911.0,9821713345.0,222565714.99999997,0.1485714500097196
2026-06-17,288.0,304.4,285.01,301.57,31445557.0,9224904828.0,222565714.99999997,0.14128661730311878
2026-06-18,301.58,325.68,300.6,311.2,25625434.0,8016166024.0,222565714.99999997,0.11513648452098744
2026-06-22,323.0,326.53,299.19,308.75,28532262.0,8852208129.0,222565714.99999997,0.1281970226186904
2026-06-23,300.1,308.53,289.0,292.83,22525329.0,6686822444.0,222565714.99999997,0.10120754223084182
2026-06-24,291.72,308.62,285.0,304.04,20783453.0,6210300216.0,222565714.99999997,0.09338119754877791
2026-06-25,314.0,337.7,304.1,330.0,25585352.0,8290035117.0,222565714.99999997,0.114956393890227
2026-06-26,326.7,366.65,324.48,354.78,27249273.0,9501036550.0,222565714.99999997,0.1224324824692788
2026-06-29,369.1,388.99,339.02,382.48,30275757.0,11136706407.0,222565714.99999997,0.13603064155680944
2026-06-30,372.0,374.97,345.8,368.6,25856039.0,9386736826.0,221443642.0,0.1167612615403065
2026-07-01,369.0,418.99,369.0,394.33,25396811.0,9977395660.0,221443642.0,0.11468746978068578
2026-07-02,370.11,375.0,340.51,342.47,24656602.0,8738362470.0,221443642.0,0.11134481792888865
2026-07-03,348.4,351.0,320.88,332.19,20795690.0,6948126929.0,221443642.0,0.09390962780498345
2026-07-06,338.83,342.79,311.0,326.86,17330085.0,5683938360.0,221443642.0,0.07825957360293054
2026-07-07,326.0,336.99,316.24,329.0,13804745.0,4551551345.0,221443642.0,0.06233976679267224
2026-07-08,329.12,347.6,307.0,333.86,19118990.0,6304369433.0,221443642.0,0.08633794958990063
2026-07-09,339.46,366.88,328.55,364.48,23926505.0,8294559482.0,221443642.0,0.10804783006594518
2026-07-10,369.0,385.0,340.44,340.44,22397011.0,8158757306.0,221443642.0,0.10114090789745953
2026-07-13,332.08,346.8,315.19,318.34,17692502.0,5866047979.0,221443642.0,0.07989618414964472
2026-07-14,324.0,324.99,291.18,311.39,22049702.0,6798386466.0,221443642.0,0.09957252238472487
2026-07-15,316.0,316.98,280.0,282.14,19520477.0,5732728791.0,221443642.0,0.0881509932897509
2026-07-16,253.75,264.48,233.42,240.0,33466216.0,8390678398.0,221443642.0,0.1511274638447285
2026-07-17,239.67,241.41,216.5,218.04,25054825.0,5685012881.0,221443642.0,0.11314312198676718
2026-07-20,225.0,229.0,190.1,199.0,23414536.0,4868920268.0,221443642.0,0.10573586935496662
2026-07-21,205.02,237.78,183.83,236.76,29449305.0,6249489401.0,221443642.0,0.1329878100541717
2026-07-22,236.0,248.93,231.0,235.08,26471324.0,6380093257.0,221443642.0,0.11953977888423638
2026-07-23,239.79,240.99,223.39,227.79,16112346.0,3711550341.0,221443642.0,0.0727604814230792
2026-07-24,226.93,236.58,217.8,229.47,16813260.0,3865146782.0,221443642.0,0.07592568406186166
2026-07-27,229.47,241.5,219.01,240.85,20069366.0,4686247880.0,221443642.0,0.09062967813724812
2026-07-28,234.14,240.44,220.5,223.02,17492812.0,4044000601.0,221443642.0,0.07899441971786211
2026-07-29,223.38,225.88,205.88,219.66,18823000.0,4065558937.0,221443642.0,0.08500131153009126
2026-07-30,217.11,220.88,193.2,197.06,18470359.0,3769329201.0,221443642.0,0.0834088476561454
2026-07-31,220.8,223.23,203.22,203.42,19091749.0,4093868978.0,221443642.0,0.08621493409144707
2026-08-03,202.47,203.1,184.2,185.01,17205523.0,3289699273.0,221443642.0,0.07769707382251237
2026-08-04,188.02,202.68,185.25,200.08,17087421.0,3332396143.0,221443642.0,0.07716374625016328
2026-08-05,200.0,229.33,198.51,222.4,23107523.0,4994867617.0,221443642.0,0.10434945339275083
2026-08-06,215.0,240.0,215.0,238.62,24155439.0,5614238107.0,221443642.0,0.10908165518701142
2026-08-07,245.94,255.25,240.0,252.54,22280021.0,5544704532.0,221443642.0,0.1006126019188214
2026-08-10,253.0,264.0,251.0,261.68,22428897.0,5782895346.0,221443642.0,0.10128489938762839
2026-08-11,256.0,261.0,250.01,253.99,16130451.0,4118218221.0,221443642.0,0.07284224037464124
2026-08-12,257.88,268.74,257.8,264.05,15317857.0,4059505548.0,221443642.0,0.06917271077035483
2026-08-13,268.89,269.84,250.88,251.02,17836007.0,4654199182.0,221443642.0,0.08054422714019488
2026-08-14,256.07,257.5,248.8,255.9,11977378.0,3040087077.0,221443642.0,0.05408770327214904
2026-08-17,256.8,272.9,256.8,269.82,15460285.0,4136536204.0,221443642.0,0.06981589022095293
2026-08-18,270.15,279.78,268.0,278.28,17422754.0,4778094054.0,221443642.0,0.07867805028242807
2026-08-19,264.68,272.0,249.0,252.57,19542697.0,5074098691.0,221443642.0,0.08825133484753651
2026-08-20,258.51,259.98,245.96,249.05,14228594.0,3579846942.0,221443642.0,0.06425379329698705
2026-08-21,247.0,253.36,243.56,246.7,10347109.0,2559848899.0,221443642.0,0.04672569917360734
2026-08-24,248.11,255.88,240.6,250.4,18276039.0,4534385521.0,221443642.0,0.08253133318679794
2026-08-25,233.01,238.98,224.0,235.5,19578745.0,4538650747.0,221443642.0,0.08841412118754803
2026-08-26,234.0,242.0,231.0,235.86,11906302.0,2811542087.0,221443642.0,0.05376673673024218
2026-08-27,240.58,248.69,234.0,248.18,13406303.0,3257090747.0,221443642.0,0.06054047376984524
2026-08-28,247.1,249.27,239.27,239.82,11225769.0,2738863217.0,221443642.0,0.050693571053171176
2026-08-31,237.0,245.9,232.51,244.08,12183049.0,2911783777.0,221443642.0,0.0550164768334148
2026-09-01,243.0,243.6,228.4,228.82,11520524.0,2672335577.0,221443642.0,0.052024632073202626
2026-09-02,223.66,228.3,221.0,225.44,7766294.0,1742616627.0,221443642.0,0.035071198838032114
2026-09-03,229.0,230.05,223.77,227.5,6430128.0,1457966361.0,221443642.0,0.02903731144378487
2026-09-04,229.88,231.42,217.58,220.18,8577130.0,1918778384.0,221443642.0,0.03873278962780065
2026-09-07,224.1,240.6,222.39,239.25,13687616.0,3186395028.0,221443642.0,0.061810833114820246
2026-09-08,239.5,242.5,233.6,234.7,8523747.0,2026030936.0,221443642.0,0.038491721518922634
2026-09-09,237.01,240.57,229.04,231.01,7628687.0,1785034720.0,221443642.0,0.03444979016376546
2026-09-10,228.88,238.0,228.0,233.7,7514911.0,1756664075.0,221443642.0,0.033935998036014964
2026-09-11,230.0,232.0,220.2,230.46,8586388.0,1947012160.0,221443642.0,0.03877459710493743
2026-09-14,225.0,239.35,222.22,237.1,9584104.0,2227582763.0,221443642.0,0.043280104650735465
2026-09-15,234.83,248.71,234.0,244.71,14349664.0,3495849996.0,221443642.0,0.06480052382808986
2026-09-16,246.01,256.0,242.0,252.83,15548541.0,3900011039.0,221443642.0,0.07021443857936549
2026-09-17,250.78,254.73,246.0,249.39,10535502.0,2641678720.0,221443642.0,0.04757644836784251
2026-09-18,254.56,261.44,249.0,260.44,13900303.0,3568505807.0,221443642.0,0.06277128968101058
2026-09-21,262.0,262.7,255.88,257.06,9343960.0,2414860833.0,221443642.0,0.04219565716860817
2026-09-22,262.0,262.5,248.51,249.61,10352796.0,2637902733.0,221443642.0,0.046751380651515836
2026-09-23,252.69,255.3,250.1,251.99,5155910.0,1300414671.0,221443642.0,0.02328317017112643
2026-09-24,251.19,251.4,243.21,243.62,5056928.0,1247941337.0,221443642.0,0.022836185109347144
