date,open,high,low,close,volume,amount
2010-02-11,1.96,2.18,1.95,2.06,8391800,279074061.0
2010-02-12,2.1,2.23,2.1,2.18,4148700,142093646.0
2010-02-22,2.11,2.16,2.07,2.13,2458400,82458494.0
2010-02-23,2.13,2.26,2.1,2.23,2756700,95595806.0
2010-02-24,2.2,2.32,2.2,2.31,2368100,84107588.0
2010-02-25,2.31,2.6,2.31,2.47,2686700,101405312.0
2010-02-26,2.47,2.54,2.43,2.45,1757900,67010909.0
2010-03-01,2.45,2.55,2.4,2.5,1031900,39342398.0
2010-03-02,2.5,2.61,2.49,2.51,877800,34141054.0
2010-03-03,2.52,2.59,2.47,2.58,1049400,40581636.0
2010-03-04,2.55,2.84,2.54,2.65,1627300,66441843.0
2010-03-05,2.65,2.75,2.59,2.71,970800,38988512.0
2010-03-08,2.69,3.0,2.69,2.96,1343400,57827446.0
2010-03-09,2.96,3.32,2.9,3.32,2144600,99434772.0
2010-03-10,3.32,3.62,3.21,3.54,2290900,112808366.0
2010-03-11,3.54,3.96,3.47,3.96,2049900,110209542.0
2010-03-12,4.0,4.37,3.63,3.66,4112800,231645470.0
2010-03-15,3.73,3.75,3.47,3.54,2718500,139799308.0
2010-03-16,3.51,3.6,3.35,3.43,2401100,119935700.0
2010-03-17,3.44,3.58,3.36,3.5,2261500,113575279.0
2010-03-18,3.45,3.51,3.35,3.45,1673300,82891607.0
2010-03-19,3.44,3.54,3.31,3.35,1764300,86972162.0
2010-03-22,3.35,3.48,3.32,3.46,1476000,72540333.0
2010-03-23,3.41,3.58,3.37,3.47,1678900,84428793.0
2010-03-24,3.46,3.85,3.43,3.81,2509400,131059361.0
2010-03-25,3.75,4.12,3.71,3.93,2490500,138352553.0
2010-03-26,3.71,3.71,3.47,3.57,2341300,120363557.0
2010-03-29,3.5,3.53,3.34,3.46,1739400,86141779.0
2010-03-30,3.38,3.61,3.38,3.57,1216800,61969646.0
2010-03-31,3.57,3.85,3.54,3.68,1375000,72922542.0
2010-04-01,3.67,3.82,3.58,3.58,1370100,72761539.0
2010-04-02,3.51,3.54,3.42,3.47,1017600,51012849.0
2010-04-06,3.47,3.71,3.46,3.71,1177700,61228087.0
2010-04-07,3.72,3.79,3.64,3.79,1206700,64267915.0
2010-04-08,3.82,4.11,3.73,4.08,2440400,136252547.0
2010-04-09,4.04,4.24,4.03,4.11,1722600,100068316.0
2010-04-12,4.1,4.28,3.95,4.26,1719900,99806692.0
2010-04-13,4.21,4.23,3.77,3.77,1707600,93945081.0
2010-04-14,3.69,3.8,3.62,3.77,876700,46689379.0
2010-04-15,3.76,3.87,3.62,3.84,1274100,68333623.0
2010-04-16,3.78,4.29,3.75,4.29,1898900,111911220.0
2010-04-19,4.35,4.53,4.14,4.28,1781600,108489056.0
2010-04-20,4.24,4.27,3.83,4.25,1051900,60678272.0
2010-04-21,4.27,4.74,4.27,4.58,1479800,93755949.0
2010-04-23,4.69,4.99,4.57,4.59,1089300,71663049.0
2010-04-26,4.53,4.94,4.19,4.9,1277100,80913878.0
2010-04-27,4.56,4.98,4.41,4.67,1084700,70881897.0
2010-04-28,4.59,4.59,4.14,4.14,1290400,77208881.0
2010-04-29,4.08,4.27,3.79,3.8,927900,53070953.0
2010-04-30,3.73,3.85,3.48,3.63,1036100,54192622.0
2010-05-04,3.61,3.78,3.47,3.59,766000,40306721.0
2010-05-05,3.59,4.01,3.59,4.01,1117700,60213711.0
2010-05-06,3.92,4.1,3.72,3.73,964900,53579029.0
2010-05-07,3.56,3.9,3.54,3.77,763800,41114062.0
2010-05-10,3.64,3.83,3.34,3.47,864300,43903515.0
2010-05-11,3.49,3.66,3.25,3.28,2223500,109639269.0
2010-05-12,3.21,3.31,3.05,3.17,1166100,54868320.0
2010-05-13,3.21,3.25,3.01,3.22,1163300,53684622.0
2010-05-14,3.22,3.29,3.13,3.27,955100,44505757.0
2010-05-17,3.22,3.24,2.88,2.88,818400,36883139.0
2010-05-18,2.83,2.89,2.66,2.83,1587700,64868004.0
2010-05-19,2.76,3.15,2.73,3.05,1831500,78981765.0
2010-05-20,3.0,3.16,2.94,2.99,1388500,61802263.0
2010-05-21,2.92,3.35,2.82,3.35,1470600,67361108.0
2010-05-24,3.33,3.53,3.28,3.46,1661600,81767577.0
2010-05-25,3.38,3.58,3.33,3.46,1091700,54262747.0
2010-05-26,3.44,3.52,3.33,3.37,991300,48312112.0
2010-05-27,3.39,3.73,3.3,3.65,1172900,59548868.0
2010-05-28,3.69,3.74,3.55,3.67,716700,36989062.0
2010-05-31,3.67,3.86,3.53,3.53,840800,44236068.0
2010-06-01,3.47,3.58,3.27,3.34,1191500,58156606.0
2010-06-02,3.35,3.53,3.29,3.5,922600,45026896.0
2010-06-03,3.55,3.7,3.49,3.52,944100,48299898.0
2010-06-04,3.49,3.93,3.46,3.78,996600,51844536.0
2010-06-07,3.68,4.11,3.68,3.96,1690400,93393465.0
2010-06-08,3.94,4.08,3.85,4.02,783800,43798079.0
2010-06-09,4.04,4.32,4.0,4.17,1464600,85152818.0
2010-06-10,4.17,4.29,4.13,4.25,911300,53612399.0
2010-06-11,4.25,4.52,4.13,4.18,927100,55010580.0
2010-06-17,4.14,4.14,3.87,3.89,1000800,56129452.0
2010-06-18,3.86,3.86,3.53,3.53,1002200,52492089.0
2010-06-21,3.45,3.81,3.42,3.81,768200,39991659.0
2010-06-22,3.77,3.89,3.76,3.77,532100,28710590.0
2010-06-23,3.71,3.99,3.69,3.88,728600,39550875.0
2010-06-24,3.83,3.95,3.79,3.9,493200,27009846.0
2010-06-25,3.9,3.9,3.55,3.61,1030200,53588612.0
2010-06-28,3.6,3.67,3.49,3.64,642900,32840416.0
2010-06-29,3.64,3.65,3.21,3.21,817300,39685006.0
2010-06-30,3.15,3.24,3.0,3.23,751200,34296405.0
2010-07-01,3.28,3.28,2.92,3.0,600600,27082103.0
2010-07-02,3.0,3.11,2.82,3.08,585300,25531678.0
2010-07-05,2.98,3.08,2.88,3.02,601900,26552512.0
2010-07-06,3.02,3.24,2.96,3.16,601000,27613849.0
2010-07-07,3.19,3.21,3.13,3.21,452000,20843746.0
2010-07-08,3.22,3.45,3.22,3.34,801600,38296871.0
2010-07-09,3.39,3.47,3.3,3.39,539400,26263880.0
2010-07-12,3.37,3.44,3.18,3.2,904100,43459560.0
2010-07-13,3.2,3.34,3.12,3.31,520700,24285560.0
2010-07-14,3.3,3.36,3.16,3.18,475000,22276777.0
2010-07-15,3.18,3.18,3.05,3.07,415100,18887200.0
2010-07-16,3.03,3.06,2.95,3.0,469300,20658143.0
2010-07-19,2.92,3.17,2.92,3.15,399700,18107117.0
2010-07-20,3.15,3.3,3.12,3.26,458500,21416366.0
2010-07-21,3.26,3.35,3.19,3.22,722500,34325629.0
2010-07-22,3.22,3.29,3.2,3.26,325500,15297854.0
2010-07-23,3.26,3.38,3.25,3.32,512300,24547073.0
2010-07-26,3.3,3.4,3.26,3.33,477000,22828400.0
2010-07-27,3.33,3.33,3.18,3.2,636800,30039296.0
2010-07-28,3.21,3.28,3.2,3.27,776000,36423791.0
2010-07-29,3.27,3.31,3.19,3.24,619500,29211321.0
2010-07-30,3.2,3.63,3.18,3.63,2223800,111094845.0
2010-08-02,3.62,3.69,3.56,3.65,1337200,69071309.0
2010-08-03,3.66,3.68,3.49,3.53,873000,44821882.0
2010-08-04,3.51,3.93,3.43,3.8,1227200,63308578.0
2010-08-05,3.75,3.95,3.75,3.9,997200,54096684.0
2010-08-06,3.87,4.0,3.84,3.9,916300,50482499.0
2010-08-09,3.9,3.96,3.84,3.94,566900,31177183.0
2010-08-10,3.91,3.94,3.67,3.69,1223800,65838537.0
2010-08-11,3.65,3.78,3.64,3.7,520300,27310645.0
2010-08-12,3.63,3.68,3.55,3.55,587000,30212766.0
2010-08-13,3.53,3.85,3.53,3.81,645300,34149960.0
2010-08-16,3.8,3.99,3.75,3.94,740100,40767231.0
2010-08-17,3.93,4.04,3.82,3.93,498400,27749152.0
2010-08-18,3.98,4.0,3.82,3.92,609800,33434931.0
2010-08-19,3.91,4.15,3.89,4.07,861200,48913423.0
2010-08-20,3.93,4.14,3.93,4.04,1041300,59031555.0
2010-08-23,4.07,4.28,4.07,4.11,701300,40897408.0
2010-08-24,4.11,4.17,4.0,4.01,745300,42503829.0
2010-08-25,3.97,4.06,3.93,3.94,390800,21863953.0
2010-08-26,4.01,4.04,3.92,4.01,306800,17196233.0
2010-08-27,4.03,4.04,3.93,4.02,408500,22830347.0
2010-08-30,4.03,4.23,4.03,4.18,660300,38479034.0
2010-08-31,4.15,4.31,4.08,4.27,752000,44111527.0
2010-09-01,4.22,4.38,4.12,4.17,1151500,68341257.0
2010-09-02,4.18,4.31,4.18,4.21,479700,28348385.0
2010-09-03,4.19,4.4,4.18,4.29,567500,33737035.0
2010-09-06,4.31,4.32,3.93,3.97,1152500,65216353.0
2010-09-07,4.0,4.0,3.89,4.0,635600,35195519.0
2010-09-08,3.96,3.96,3.85,3.95,762100,41878716.0
2010-09-09,3.95,4.02,3.86,3.87,750500,41486380.0
2010-09-10,3.83,3.94,3.79,3.92,531200,28953988.0
2010-09-13,3.91,3.97,3.85,3.94,621000,34072632.0
2010-09-14,3.98,3.98,3.9,3.93,298400,16501766.0
2010-09-15,3.95,3.97,3.71,3.74,702800,38050806.0
2010-09-16,3.75,3.79,3.54,3.66,992700,50983297.0
2010-09-17,3.66,3.74,3.63,3.68,354500,18525287.0
2010-09-20,3.66,3.71,3.53,3.62,485700,25079477.0
2010-09-21,3.62,3.63,3.45,3.62,328300,16745244.0
2010-09-27,3.62,3.7,3.58,3.68,197900,10285337.0
2010-09-28,3.72,3.73,3.66,3.7,265100,13907682.0
2010-09-29,3.7,3.72,3.62,3.67,190300,9961167.0
2010-09-30,3.66,3.72,3.63,3.71,247100,12857869.0
2010-10-08,3.68,3.84,3.64,3.8,489100,26079002.0
2010-10-11,3.8,3.94,3.77,3.82,694600,37887158.0
2010-10-12,3.77,3.85,3.73,3.76,361700,19458077.0
2010-10-13,3.77,3.8,3.49,3.64,632200,32482055.0
2010-10-14,3.64,3.81,3.62,3.67,556300,29497530.0
2010-10-15,3.65,3.86,3.65,3.79,518000,27567492.0
2010-10-18,3.76,3.96,3.69,3.9,854300,46325565.0
2010-10-19,3.91,4.31,3.9,4.1,1171100,67592721.0
2010-10-20,4.07,4.28,3.97,4.11,1146600,65741729.0
2010-10-21,4.07,4.12,4.02,4.07,256900,14644883.0
2010-10-22,4.11,4.23,4.1,4.18,419600,24485748.0
2010-10-25,4.23,4.48,4.18,4.42,549900,33342241.0
2010-10-26,4.32,4.35,4.07,4.17,723200,42031274.0
2010-10-27,4.15,4.3,4.07,4.14,471600,27533628.0
2010-10-28,4.05,4.16,4.05,4.14,196300,11272030.0
2010-10-29,4.09,4.41,4.08,4.4,881800,52885252.0
2010-11-01,4.44,4.73,4.44,4.6,737600,47034874.0
2010-11-02,4.6,4.72,4.36,4.38,454300,28573251.0
2010-11-03,4.28,4.48,4.23,4.48,353000,21411652.0
2010-11-04,4.36,4.52,4.36,4.48,304300,18851924.0
2010-11-05,4.48,4.68,4.48,4.53,470400,29793924.0
2010-11-08,4.53,4.65,4.48,4.52,268500,16898304.0
2010-11-09,4.48,4.63,4.44,4.61,270700,16880195.0
2010-11-10,4.56,4.8,4.52,4.71,263400,17063723.0
2010-11-11,4.6,4.86,4.6,4.69,256100,16760672.0
2010-11-12,4.68,4.97,4.32,4.43,583000,37715256.0
2010-11-15,4.45,4.81,4.45,4.8,390700,25160481.0
2010-11-16,4.81,5.13,4.76,4.92,983400,65983728.0
2010-11-17,4.82,5.22,4.79,4.95,1263200,87165799.0
2010-11-18,4.87,5.14,4.84,5.09,432900,29416521.0
2010-11-19,5.16,5.53,5.11,5.51,682400,49233174.0
2010-11-22,5.53,5.84,5.43,5.67,699800,52788923.0
2010-11-23,5.59,5.8,5.43,5.8,494100,37116377.0
2010-11-24,5.78,6.0,5.73,5.75,521900,41030321.0
2010-11-25,5.67,5.78,5.44,5.47,687000,51793299.0
2010-11-26,5.47,5.67,5.43,5.63,341900,25724104.0
2010-11-29,5.63,5.65,5.52,5.55,283200,21298015.0
2010-11-30,5.59,5.59,4.93,5.36,712100,50364955.0
2010-12-01,5.12,5.5,5.09,5.41,593800,42575808.0
2010-12-02,5.43,5.51,5.18,5.29,382800,27444648.0
2010-12-03,5.18,5.28,5.02,5.06,278700,19455123.0
2010-12-06,5.06,5.19,4.92,4.98,264000,18206117.0
2010-12-07,4.98,5.26,4.92,5.14,400300,27960438.0
2010-12-08,5.13,5.33,5.07,5.22,373100,26586478.0
2010-12-09,5.21,5.3,5.06,5.11,197200,13919915.0
2010-12-10,5.07,5.37,5.06,5.31,461100,33094057.0
2010-12-13,5.4,5.55,5.3,5.5,240500,17838461.0
2010-12-14,5.5,5.71,5.5,5.57,265300,20116089.0
2010-12-15,5.57,5.57,5.39,5.43,201100,14822006.0
2010-12-16,5.43,5.49,5.29,5.31,224400,16417609.0
2010-12-17,5.31,5.31,5.1,5.13,713400,50044314.0
2010-12-20,5.14,5.22,4.56,4.74,2120400,138339106.0
2010-12-21,4.65,4.82,4.65,4.78,633200,41191812.0
2010-12-23,4.71,4.72,4.56,4.56,671800,42897770.0
2010-12-24,4.5,4.56,4.36,4.43,938400,57734643.0
2010-12-27,4.48,4.56,4.36,4.37,349200,21511535.0
2010-12-28,4.34,4.4,4.31,4.37,229600,13877673.0
2010-12-29,4.36,4.5,4.36,4.47,232900,14337448.0
2010-12-30,4.46,4.59,4.41,4.58,338500,21168008.0
2010-12-31,4.58,4.73,4.55,4.73,395700,25283039.0
2011-01-04,4.72,4.72,4.53,4.62,618900,39232987.0
2011-01-05,4.61,4.61,4.4,4.43,590300,36647411.0
2011-01-06,4.42,4.53,4.33,4.39,352700,21654797.0
2011-01-07,4.39,4.43,4.29,4.31,527700,31859736.0
2011-01-10,4.28,4.28,4.12,4.13,572900,33593943.0
2011-01-11,4.15,4.21,3.9,3.95,525700,29712744.0
2011-01-12,3.96,4.07,3.95,4.07,393500,22076673.0
2011-01-13,4.08,4.31,4.07,4.3,741900,43783479.0
2011-01-14,4.27,4.27,3.91,3.93,622000,35386017.0
2011-01-17,3.89,3.97,3.7,3.75,409600,22129475.0
2011-01-18,3.74,3.94,3.7,3.89,318200,17358737.0
2011-01-19,3.9,3.98,3.83,3.89,398000,21794395.0
2011-01-20,3.89,3.89,3.64,3.66,484900,25680626.0
2011-01-21,3.63,3.66,3.41,3.44,817400,40943012.0
2011-01-24,3.49,3.66,3.46,3.52,952900,48457323.0
2011-01-25,3.52,3.57,3.29,3.39,578600,27943639.0
2011-01-26,3.38,3.49,3.37,3.44,362600,17876069.0
2011-01-27,3.41,3.52,3.34,3.49,301400,14877408.0
2011-01-28,3.5,3.5,3.39,3.47,440800,21694240.0
2011-01-31,3.47,3.55,3.44,3.52,776000,38871086.0
2011-02-01,3.54,3.54,3.39,3.46,497100,24488827.0
2011-02-09,3.41,3.53,3.41,3.44,287700,14321394.0
2011-02-10,3.45,3.67,3.39,3.64,898200,45442150.0
2011-02-11,3.66,3.7,3.6,3.63,782700,40705997.0
2011-02-14,3.68,3.78,3.65,3.75,929100,48638403.0
2011-02-15,3.75,3.78,3.69,3.71,794600,41926290.0
2011-02-16,3.68,3.8,3.67,3.78,668600,35392915.0
2011-02-17,3.82,3.82,3.72,3.76,614000,32684960.0
2011-02-18,3.74,3.74,3.66,3.67,598500,31308212.0
2011-02-21,3.66,3.76,3.64,3.74,669500,35154751.0
2011-02-22,3.75,3.9,3.7,3.78,905900,48633795.0
2011-02-23,3.76,3.95,3.71,3.95,1054900,57799865.0
2011-02-24,3.96,4.03,3.81,3.91,743800,40969049.0
2011-02-25,3.89,3.91,3.78,3.82,706200,38132892.0
2011-02-28,3.84,3.85,3.69,3.75,467900,24756182.0
2011-03-01,3.75,3.77,3.7,3.72,550200,29097049.0
2011-03-02,3.72,3.74,3.64,3.72,473300,24775839.0
2011-03-03,3.7,3.73,3.59,3.59,356400,18609262.0
2011-03-04,3.58,3.64,3.55,3.62,206600,10578619.0
2011-03-07,3.62,3.7,3.6,3.65,341700,17666725.0
2011-03-08,3.67,3.67,3.58,3.65,276200,14265425.0
2011-03-09,3.66,3.78,3.63,3.75,557600,29445103.0
2011-03-10,3.76,3.91,3.74,3.86,1212800,66094650.0
2011-03-11,3.83,3.99,3.83,3.94,1140800,63265092.0
2011-03-14,4.22,4.26,4.08,4.15,1657200,96312090.0
2011-03-15,4.14,4.34,3.99,4.33,1140800,65848723.0
2011-03-16,4.32,4.41,4.23,4.34,1199400,72001859.0
2011-03-17,4.35,4.35,4.14,4.25,619400,36649087.0
2011-03-18,4.24,4.31,4.12,4.23,547200,32030810.0
2011-03-21,4.25,4.25,4.06,4.06,298100,17126366.0
2011-03-22,4.07,4.19,3.95,4.18,416000,23651598.0
2011-03-23,4.15,4.17,4.04,4.09,224600,12875313.0
2011-03-24,4.09,4.13,4.05,4.06,198900,11357670.0
2011-03-25,4.08,4.08,3.98,4.01,379700,21306194.0
2011-03-28,4.01,4.01,3.8,3.84,607900,33295067.0
2011-03-29,3.84,3.84,3.59,3.7,587600,30689007.0
2011-03-30,3.7,3.82,3.67,3.76,351000,18596844.0
2011-03-31,3.76,3.8,3.62,3.67,257900,13456359.0
2011-04-01,3.64,3.76,3.64,3.72,130800,6882167.0
2011-04-06,3.72,3.74,3.66,3.72,346000,18145328.0
2011-04-07,3.72,3.83,3.72,3.81,241700,12982330.0
2011-04-08,3.81,3.98,3.76,3.94,414500,22780771.0
2011-04-11,3.94,3.95,3.81,3.81,475400,25807429.0
2011-04-12,3.74,3.78,3.49,3.57,983300,50702580.0
2011-04-13,3.57,3.67,3.51,3.66,297400,15328772.0
2011-04-14,3.69,3.69,3.55,3.61,284000,14660315.0
2011-04-15,3.58,3.66,3.58,3.64,120500,6211459.0
2011-04-18,3.66,3.89,3.66,3.89,721600,38476570.0
2011-04-19,3.88,4.06,3.8,4.06,871600,48554495.0
2011-04-20,4.07,4.09,3.92,3.97,280000,15693843.0
2011-04-21,3.97,4.03,3.74,3.82,348800,19245695.0
2011-04-22,3.87,3.88,3.7,3.77,364500,19383377.0
2011-04-25,3.7,3.8,3.62,3.64,363400,18967797.0
2011-04-26,3.64,3.64,3.36,3.44,839500,41292243.0
2011-04-27,3.44,3.47,3.34,3.39,326600,15901436.0
2011-04-28,3.47,3.48,3.24,3.24,629700,29875243.0
2011-04-29,3.24,3.29,3.21,3.28,246300,11561241.0
2011-05-03,3.33,3.33,3.25,3.25,338700,15972944.0
2011-05-04,3.25,3.25,3.15,3.15,313600,14579266.0
2011-05-05,3.12,3.2,3.12,3.19,191000,8794644.0
2011-05-06,3.17,3.34,3.1,3.34,363000,16979610.0
2011-05-09,3.34,3.38,3.25,3.27,322200,15332172.0
2011-05-10,3.27,3.29,3.18,3.21,252600,11742240.0
2011-05-11,3.22,3.22,3.13,3.15,198900,9138566.0
2011-05-12,3.13,3.2,3.1,3.18,160400,7389681.0
2011-05-13,3.18,3.23,3.16,3.22,140600,6522224.0
2011-05-16,3.23,3.33,3.22,3.28,517300,24673019.0
2011-05-17,3.33,3.36,3.2,3.23,116400,5473543.0
2011-05-18,3.17,3.28,3.17,3.24,128400,6034223.0
2011-05-19,3.29,3.29,3.21,3.25,60600,2843699.0
2011-05-20,3.23,3.29,3.18,3.28,339300,16017189.0
2011-05-23,3.27,3.28,3.19,3.2,292100,13625932.0
2011-05-24,3.08,3.57,3.08,3.35,463400,22444609.0
2011-05-25,3.34,3.34,3.18,3.27,249300,11763427.0
2011-05-26,3.25,3.34,3.25,3.31,188300,8962372.0
2011-05-27,3.3,3.37,3.15,3.35,643900,30304692.0
2011-05-31,3.35,3.45,3.33,3.4,500600,24317532.0
2011-06-01,3.41,3.61,3.41,3.57,714000,36097841.0
2011-06-02,3.56,3.61,3.44,3.56,547500,27542587.0
2011-06-03,3.51,3.62,3.51,3.61,459400,23500555.0
2011-06-07,3.54,3.62,3.45,3.57,352400,17872062.0
2011-06-08,3.51,3.56,3.46,3.55,353100,17760065.0
2011-06-09,3.51,3.57,3.47,3.56,146400,7351897.0
2011-06-10,3.5,3.53,3.37,3.49,387300,19091049.0
2011-06-13,3.48,3.54,3.39,3.45,247300,12227002.0
2011-06-14,3.45,3.53,3.45,3.49,240500,12000359.0
2011-06-15,3.5,3.5,3.39,3.45,175100,8659977.0
2011-06-16,3.37,3.49,3.37,3.4,150700,4861917.0
2011-06-17,3.38,3.4,3.19,3.19,384700,12051709.0
2011-06-20,3.17,3.26,3.13,3.2,275400,8432091.0
2011-06-21,3.24,3.3,3.2,3.26,479200,14814594.0
2011-06-22,3.2,3.27,3.2,3.22,113500,3508506.0
2011-06-23,3.25,3.25,3.16,3.24,311900,9626137.0
2011-06-24,3.25,3.42,3.22,3.38,497500,15729429.0
2011-06-27,3.39,3.46,3.38,3.41,161700,5227933.0
2011-06-28,3.39,3.41,3.27,3.33,478500,15096663.0
2011-06-29,3.28,3.33,3.25,3.26,199800,6256424.0
2011-06-30,3.22,3.31,3.21,3.29,219900,6871519.0
2011-07-01,3.25,3.39,3.25,3.35,344100,10876524.0
2011-07-04,3.39,3.41,3.33,3.38,501800,16102022.0
2011-07-05,3.39,3.59,3.37,3.55,629600,20953127.0
2011-07-06,3.55,3.66,3.52,3.66,572200,19405723.0
2011-07-07,3.62,3.81,3.62,3.78,610500,21352889.0
2011-07-08,3.78,3.89,3.65,3.68,786200,27884075.0
2011-07-11,3.62,3.72,3.57,3.72,231700,7884673.0
2011-07-12,3.62,3.73,3.57,3.57,231400,7963720.0
2011-07-13,3.59,3.66,3.59,3.63,314000,10699757.0
2011-07-14,3.64,3.69,3.6,3.69,321100,10996872.0
2011-07-15,3.68,3.81,3.68,3.8,550000,19295439.0
2011-07-18,3.81,3.83,3.76,3.78,494600,17554398.0
2011-07-19,3.78,3.88,3.68,3.71,629200,22068295.0
2011-07-20,3.71,3.83,3.68,3.76,428200,14972994.0
2011-07-21,3.79,3.79,3.68,3.71,135400,4726186.0
2011-07-22,3.71,3.95,3.71,3.93,958500,34635680.0
2011-07-25,3.93,3.98,3.74,3.78,775800,27926077.0
2011-07-26,3.8,4.06,3.76,4.06,1560900,57666409.0
2011-07-27,4.07,4.17,3.97,4.13,1463200,55161905.0
2011-07-28,4.09,4.09,3.95,4.04,599100,22448314.0
2011-07-29,4.04,4.25,4.03,4.13,751900,28926069.0
2011-08-01,4.08,4.23,4.02,4.18,491600,18853486.0
2011-08-02,4.2,4.23,4.13,4.21,492600,18987437.0
2011-08-03,4.19,4.33,4.16,4.26,1265100,49673880.0
2011-08-04,4.27,4.31,4.2,4.23,425000,16615163.0
2011-08-05,4.11,4.28,4.03,4.24,853400,33249259.0
2011-08-08,4.14,4.22,3.9,4.1,1674800,62847322.0
2011-08-09,3.99,4.15,3.77,4.07,1080700,39556381.0
2011-08-10,4.1,4.13,3.92,4.01,1033800,38327299.0
2011-08-11,3.84,4.15,3.84,4.09,588900,22129411.0
2011-08-12,4.09,4.28,4.09,4.17,610600,23652483.0
2011-08-15,4.17,4.44,4.17,4.38,830100,33202352.0
2011-08-16,4.38,4.43,4.31,4.31,473200,19006310.0
2011-08-17,4.27,4.44,4.27,4.39,446300,17889484.0
2011-08-18,4.44,4.44,4.22,4.23,323400,12788378.0
2011-08-19,4.11,4.31,4.11,4.28,568400,21823011.0
2011-08-22,4.28,4.33,4.23,4.27,254700,10055535.0
2011-08-23,4.47,4.47,4.28,4.31,460500,18427490.0
2011-08-24,4.3,4.36,4.12,4.23,869000,33812875.0
2011-08-25,4.25,4.25,4.14,4.23,495200,19099004.0
2011-08-26,4.23,4.28,4.19,4.23,224400,8726814.0
2011-08-29,4.47,4.47,4.18,4.23,459000,18130478.0
2011-08-30,4.2,4.26,4.06,4.08,512800,19700301.0
2011-08-31,4.03,4.06,3.95,3.99,490000,18138598.0
2011-09-01,4.01,4.05,3.95,4.02,208800,7726835.0
2011-09-02,4.04,4.04,3.93,3.98,181200,6680196.0
2011-09-05,3.93,3.97,3.83,3.83,243100,8795202.0
2011-09-06,3.81,3.93,3.8,3.86,297900,10765017.0
2011-09-07,3.96,3.96,3.86,3.9,216900,7880954.0
2011-09-08,3.92,4.1,3.9,3.99,453900,16856833.0
2011-09-09,3.96,4.0,3.86,3.91,335000,12158642.0
2011-09-13,3.9,3.9,3.74,3.8,199500,7048413.0
2011-09-14,3.8,3.84,3.79,3.84,118400,4217125.0
2011-09-15,3.84,3.89,3.83,3.84,92200,3314015.0
2011-09-16,3.89,3.89,3.79,3.84,132600,4749946.0
2011-09-19,3.84,3.84,3.77,3.77,116800,4149502.0
2011-09-20,3.74,3.81,3.73,3.78,152600,5396697.0
2011-09-21,3.75,3.89,3.75,3.87,359600,12815681.0
2011-09-22,3.83,3.85,3.76,3.77,176700,6291319.0
2011-09-23,3.74,3.74,3.59,3.63,282700,9694528.0
2011-09-26,3.68,3.68,3.44,3.52,220100,7394098.0
2011-09-27,3.6,3.6,3.46,3.5,430700,14245982.0
2011-09-28,3.44,3.6,3.44,3.47,76600,2521965.0
2011-09-29,3.47,3.55,3.43,3.47,397000,13186418.0
2011-09-30,3.48,3.54,3.4,3.52,201700,6593712.0
2011-10-10,3.54,3.54,3.48,3.51,50600,1673933.0
2011-10-11,3.67,3.67,3.44,3.51,120000,3959345.0
2011-10-12,3.45,3.71,3.44,3.67,272700,9284111.0
2011-10-13,3.63,3.77,3.63,3.76,393300,13722974.0
2011-10-14,3.74,3.91,3.68,3.81,314100,11251005.0
2011-10-17,3.84,3.89,3.79,3.84,375800,13463147.0
2011-10-18,3.79,3.85,3.75,3.75,123100,4377420.0
2011-10-19,3.7,3.78,3.7,3.74,55700,1953018.0
2011-10-20,3.7,3.73,3.53,3.66,163900,5572811.0
2011-10-21,3.66,3.66,3.54,3.59,92400,3106428.0
2011-10-24,3.53,3.63,3.53,3.63,435500,14673642.0
2011-10-25,3.62,3.79,3.62,3.74,375000,13060843.0
2011-10-26,3.74,3.84,3.73,3.73,209100,7411704.0
2011-10-27,3.73,3.82,3.73,3.78,149500,5283067.0
2011-10-28,3.83,4.17,3.79,3.86,411400,14869528.0
2011-10-31,3.88,3.96,3.86,3.9,491400,17836424.0
2011-11-01,3.86,3.9,3.82,3.83,337100,12100023.0
2011-11-02,3.79,3.9,3.69,3.87,505900,17835878.0
2011-11-03,3.85,4.02,3.81,3.95,759600,27858344.0
2011-11-04,3.91,4.01,3.91,3.93,193400,7125865.0
2011-11-07,3.9,3.92,3.86,3.87,177400,6426497.0
2011-11-08,3.94,3.94,3.83,3.84,135700,4868219.0
2011-11-09,3.84,3.92,3.83,3.86,238300,8580426.0
2011-11-10,3.86,3.96,3.8,3.93,481400,17397137.0
2011-11-11,3.96,3.96,3.89,3.93,421000,15389738.0
2011-11-14,3.93,4.12,3.93,4.1,778900,29319541.0
2011-11-15,4.1,4.2,4.02,4.18,871600,33294283.0
2011-11-16,4.18,4.18,4.05,4.1,369400,13994063.0
2011-11-17,4.0,4.13,4.0,4.13,553300,20993539.0
2011-11-18,4.12,4.13,3.86,3.93,749700,27404021.0
2011-11-21,3.91,3.92,3.81,3.89,140500,5056845.0
2011-11-22,3.89,3.91,3.82,3.9,146000,5260285.0
2011-11-23,3.96,3.97,3.88,3.89,81400,2958811.0
2011-11-24,3.85,3.93,3.85,3.9,185800,6734228.0
2011-11-25,3.93,3.93,3.85,3.91,301800,10964364.0
2011-11-28,3.91,3.94,3.82,3.86,363000,13089347.0
2011-11-29,3.9,3.9,3.81,3.86,370000,13237939.0
2011-11-30,3.85,3.87,3.69,3.75,362100,12726964.0
2011-12-01,3.83,3.86,3.74,3.8,371800,13206662.0
2011-12-02,3.76,3.76,3.54,3.65,435600,14840595.0
2011-12-05,3.65,3.68,3.57,3.59,319500,10821717.0
2011-12-06,3.64,3.64,3.51,3.55,267500,8991004.0
2011-12-07,3.59,3.62,3.55,3.62,228300,7739854.0
2011-12-08,3.73,3.73,3.59,3.66,156200,5349200.0
2011-12-09,3.63,3.67,3.58,3.62,163100,5555411.0
2011-12-12,3.6,3.62,3.53,3.56,131000,4411732.0
2011-12-13,3.52,3.53,3.33,3.4,484300,15601071.0
2011-12-14,3.36,3.42,3.0,3.19,627600,19339289.0
2011-12-15,3.17,3.18,3.02,3.04,326100,9661256.0
2011-12-16,3.05,3.05,2.88,3.05,430700,12412764.0
2011-12-19,3.05,3.05,2.89,2.98,375900,10715129.0
2011-12-20,3.03,3.04,2.94,2.95,330300,9510710.0
2011-12-21,3.0,3.03,2.93,2.94,317800,9159657.0
2011-12-22,2.93,2.95,2.8,2.91,532300,14818221.0
2011-12-23,2.91,2.97,2.84,2.92,191800,5387546.0
2011-12-26,2.94,2.94,2.82,2.89,131000,3699571.0
2011-12-27,2.89,2.89,2.73,2.75,332200,9012537.0
2011-12-28,2.73,2.8,2.68,2.77,351300,9518403.0
2011-12-29,2.75,2.86,2.71,2.75,664500,18011943.0
2011-12-30,2.79,2.79,2.7,2.75,638900,17147163.0
2012-01-04,2.78,2.79,2.74,2.75,153400,4168388.0
2012-01-05,2.74,2.74,2.55,2.62,342800,8980110.0
2012-01-06,2.59,2.65,2.47,2.56,367900,9287892.0
2012-01-09,2.56,2.74,2.53,2.72,423500,11131341.0
2012-01-10,2.76,2.93,2.66,2.92,654300,18197723.0
2012-01-11,2.92,2.93,2.85,2.91,467600,13210733.0
2012-01-12,2.91,2.91,2.83,2.84,211300,5908593.0
2012-01-13,2.8,2.88,2.52,2.61,457900,12032291.0
2012-01-16,2.35,2.57,2.35,2.38,404400,10077410.0
2012-01-17,2.4,2.61,2.4,2.6,669100,16675198.0
2012-01-18,2.6,2.6,2.44,2.48,369000,9179808.0
2012-01-19,2.41,2.6,2.37,2.55,739800,18065024.0
2012-01-20,2.56,2.59,2.45,2.54,151800,3830584.0
2012-01-30,2.53,2.63,2.51,2.6,244400,6269120.0
2012-01-31,2.63,2.68,2.56,2.66,189200,4894600.0
2012-02-01,2.68,2.77,2.63,2.7,425400,11425432.0
2012-02-02,2.67,2.71,2.63,2.7,225300,5906257.0
2012-02-03,2.65,2.76,2.63,2.72,243800,6466914.0
2012-02-06,2.71,2.77,2.71,2.72,230800,6210288.0
2012-02-07,2.69,2.69,2.57,2.58,384700,9932096.0
2012-02-08,2.58,2.73,2.57,2.73,482000,12629257.0
2012-02-09,2.73,2.87,2.73,2.75,452800,12339236.0
2012-02-10,2.77,2.81,2.64,2.81,392000,10582380.0
2012-02-13,2.77,2.93,2.73,2.91,498300,13817507.0
2012-02-14,2.91,2.93,2.84,2.87,204200,5706835.0
2012-02-15,2.85,2.93,2.83,2.93,355300,9931406.0
2012-02-16,2.92,2.97,2.85,2.86,348700,9840746.0
2012-02-17,2.88,2.97,2.8,2.83,281600,7811024.0
2012-02-20,2.87,2.88,2.75,2.81,340900,9407603.0
2012-02-21,2.78,2.93,2.74,2.9,441500,12181246.0
2012-02-22,2.93,3.02,2.9,3.01,583800,16732813.0
2012-02-23,3.0,3.13,2.97,3.12,732300,21593816.0
2012-02-24,3.11,3.14,3.07,3.09,473100,14153533.0
2012-02-27,3.08,3.19,3.06,3.09,503200,15069594.0
2012-02-28,3.04,3.1,2.97,3.0,533700,15483640.0
2012-02-29,3.0,3.05,2.97,3.05,411700,11953678.0
2012-03-01,3.01,3.08,3.01,3.06,161600,4746763.0
2012-03-02,3.1,3.11,3.04,3.1,90400,2678409.0
2012-03-05,3.12,3.12,3.04,3.06,221800,6557236.0
2012-03-06,3.05,3.05,2.95,3.02,231800,6711974.0
2012-03-07,2.93,3.08,2.89,3.03,189100,5515050.0
2012-03-08,2.99,3.16,2.99,3.12,241500,7187022.0
2012-03-09,3.14,3.18,3.11,3.17,240500,7277410.0
2012-03-12,3.19,3.36,3.19,3.33,449300,14148995.0
2012-03-13,3.3,3.73,3.3,3.63,1303800,44610525.0
2012-03-14,3.74,3.74,3.44,3.49,801200,27287670.0
2012-03-15,3.49,3.7,3.46,3.52,585600,19736119.0
2012-03-16,3.51,3.6,3.42,3.47,489800,16115520.0
2012-03-19,3.47,3.54,3.41,3.5,262600,8604552.0
2012-03-20,3.5,3.53,3.39,3.4,162300,5263747.0
2012-03-21,3.41,3.44,3.23,3.33,341800,10819529.0
2012-03-22,3.23,3.32,3.23,3.29,207600,6464335.0
2012-03-23,3.25,3.28,3.19,3.22,155700,4798277.0
2012-03-26,3.21,3.29,3.17,3.25,155700,4826999.0
2012-03-27,3.26,3.3,3.2,3.22,127700,3943198.0
2012-03-28,3.19,3.22,3.02,3.07,435700,12903349.0
2012-03-29,3.0,3.12,2.94,3.06,208700,6125458.0
2012-03-30,3.02,3.04,2.96,3.01,119400,3452291.0
2012-04-05,2.97,3.05,2.97,3.01,354400,10338034.0
2012-04-06,3.04,3.05,2.96,2.99,496400,14417722.0
2012-04-09,2.99,3.03,2.88,2.88,426700,12312984.0
2012-04-10,2.85,2.92,2.7,2.83,413700,11299146.0
2012-04-11,2.82,2.82,2.72,2.77,522000,14140653.0
2012-04-12,2.86,2.91,2.77,2.88,319900,8906587.0
2012-04-13,2.93,3.12,2.9,3.02,464900,13573376.0
2012-04-16,3.02,3.02,2.95,2.95,196500,5666225.0
2012-04-17,2.95,2.99,2.89,2.92,135200,3861721.0
2012-04-18,2.93,3.06,2.92,3.02,139900,4050668.0
2012-04-19,3.02,3.05,2.99,3.0,170500,4951692.0
2012-04-20,3.0,3.09,2.97,3.05,131000,3820288.0
2012-04-23,3.0,3.0,2.83,2.93,292000,8293635.0
2012-04-24,2.88,2.92,2.77,2.78,269300,7412463.0
2012-04-25,2.78,2.83,2.77,2.78,119800,3273010.0
2012-04-26,2.77,2.82,2.77,2.8,127100,3477897.0
2012-04-27,2.8,2.82,2.79,2.8,149100,4084628.0
2012-05-02,2.86,2.94,2.81,2.9,244900,6880080.0
2012-05-03,2.93,2.93,2.84,2.88,172000,4805403.0
2012-05-04,2.87,2.96,2.87,2.95,125600,3574343.0
2012-05-07,2.94,3.01,2.91,3.01,224900,6466029.0
2012-05-08,3.02,3.12,2.97,3.09,593500,17622428.0
2012-05-09,3.08,3.09,3.03,3.06,168100,4940038.0
2012-05-10,3.06,3.12,3.04,3.11,203500,6020876.0
2012-05-11,3.07,3.28,3.06,3.15,329600,10067570.0
2012-05-14,3.2,3.2,3.09,3.12,176600,5306329.0
2012-05-15,3.08,3.1,3.04,3.06,218200,6423305.0
2012-05-16,3.06,3.09,3.03,3.06,189300,5591179.0
2012-05-17,3.05,3.12,3.01,3.1,99500,2940418.0
2012-05-18,3.04,3.11,2.99,3.04,102600,3024933.0
2012-05-21,3.03,3.07,2.95,2.95,230700,6690933.0
2012-05-22,3.01,3.01,2.91,2.97,194100,5555082.0
2012-05-23,2.97,3.03,2.96,3.03,88900,2569737.0
2012-05-24,3.04,3.2,3.02,3.17,534900,16116356.0
2012-05-25,3.18,3.19,3.13,3.15,374300,11317875.0
2012-05-28,3.18,3.18,3.1,3.16,274900,8310684.0
2012-05-29,3.16,3.31,3.1,3.23,401600,12322072.0
2012-05-30,3.24,3.34,3.17,3.26,222800,6990038.0
2012-05-31,3.35,3.57,3.3,3.47,857500,28181808.0
2012-06-01,3.43,3.49,3.36,3.41,493300,15977351.0
2012-06-04,3.37,3.45,3.32,3.35,386300,12411744.0
2012-06-05,3.37,3.4,3.26,3.31,233000,7347942.0
2012-06-06,3.31,3.35,3.24,3.28,186500,5869138.0
2012-06-07,3.32,3.34,3.22,3.27,142800,4468744.0
2012-06-08,3.32,3.34,3.2,3.28,217600,6793117.0
2012-06-11,3.32,3.38,3.25,3.37,172100,5450726.0
2012-06-12,3.34,3.43,3.32,3.36,241800,7724449.0
2012-06-13,3.38,3.52,3.35,3.49,239000,7829438.0
2012-06-14,3.51,3.55,3.43,3.44,204900,6713124.0
2012-06-15,3.44,3.49,3.36,3.39,258200,8325768.0
2012-06-18,3.44,3.63,3.44,3.63,594100,20048024.0
2012-06-19,3.63,3.73,3.57,3.64,480300,16465864.0
2012-06-20,3.7,3.7,3.59,3.59,271700,9236560.0
2012-06-21,3.6,3.72,3.48,3.68,645700,14433501.0
2012-06-25,3.65,3.78,3.54,3.6,634400,14354976.0
2012-06-26,3.6,3.63,3.42,3.52,508300,11074913.0
2012-06-27,3.59,3.59,3.48,3.52,354700,7760749.0
2012-06-28,3.52,3.52,3.4,3.47,351500,7555686.0
2012-06-29,3.47,3.63,3.43,3.63,294300,6480945.0
2012-07-02,3.63,3.72,3.58,3.64,382000,8609817.0
2012-07-03,3.68,3.72,3.63,3.65,695000,15768722.0
2012-07-04,3.65,3.71,3.58,3.58,305100,6890324.0
2012-07-05,3.63,3.63,3.45,3.45,234200,5103102.0
2012-07-06,3.42,3.53,3.36,3.5,431000,9263870.0
2012-07-09,3.49,3.49,3.38,3.45,352600,7517842.0
2012-07-10,3.51,3.51,3.33,3.33,194800,4129010.0
2012-07-11,3.33,3.39,3.29,3.39,163800,3426652.0
2012-07-12,3.44,3.52,3.39,3.45,265600,5729631.0
2012-07-13,3.39,3.45,3.32,3.33,530700,11147742.0
2012-07-16,3.32,3.34,2.99,3.06,518800,10384726.0
2012-07-17,3.06,3.06,2.97,3.0,267700,5127407.0
2012-07-18,3.03,3.06,2.97,3.03,299400,5755133.0
2012-07-19,3.07,3.16,3.03,3.1,335600,6550020.0
2012-07-20,3.09,3.11,3.04,3.06,216400,4195138.0
2012-07-23,3.01,3.13,3.0,3.06,162600,3166917.0
2012-07-24,3.06,3.1,3.02,3.08,107900,2099437.0
2012-07-25,3.08,3.26,3.08,3.21,356100,7198277.0
2012-07-26,3.17,3.24,3.15,3.16,180800,3639079.0
2012-07-27,3.17,3.17,3.08,3.12,150000,2964713.0
2012-07-30,3.11,3.23,3.11,3.14,198200,3969305.0
2012-07-31,3.1,3.23,3.08,3.13,160100,3170218.0
2012-08-01,3.07,3.2,3.07,3.16,175300,3490265.0
2012-08-02,3.2,3.2,3.13,3.16,164200,3271950.0
2012-08-03,3.2,3.2,3.13,3.16,360500,7190163.0
2012-08-06,3.19,3.38,3.15,3.38,823500,17002440.0
2012-08-07,3.38,3.54,3.36,3.47,675800,14673545.0
2012-08-08,3.44,3.51,3.42,3.49,355700,7697930.0
2012-08-09,3.49,3.57,3.47,3.56,425000,9268636.0
2012-08-10,3.6,3.88,3.5,3.77,1001400,22950314.0
2012-08-13,3.74,3.87,3.68,3.75,1075200,24940484.0
2012-08-14,3.75,3.76,3.6,3.7,1131000,25682223.0
2012-08-15,3.73,3.89,3.67,3.73,842300,19725457.0
2012-08-16,3.74,3.77,3.6,3.61,652100,14794967.0
2012-08-17,3.67,3.84,3.67,3.78,1413900,32823333.0
2012-08-20,3.78,4.02,3.71,3.93,1138800,27234295.0
2012-08-21,4.01,4.01,3.9,3.95,802300,19371926.0
2012-08-22,3.95,4.09,3.95,4.04,880900,21718418.0
2012-08-23,4.06,4.06,3.97,4.03,495100,12121966.0
2012-08-24,4.01,4.3,4.01,4.21,1538600,39375771.0
2012-08-27,4.25,4.37,4.14,4.26,1455900,37612662.0
2012-08-28,4.24,4.26,4.04,4.1,1407800,35707131.0
2012-08-29,4.12,4.15,4.02,4.05,1302500,32516701.0
2012-08-30,4.07,4.07,3.84,3.91,2006000,48299120.0
2012-08-31,3.91,4.0,3.85,3.95,859800,20674852.0
2012-09-03,3.91,4.16,3.91,4.13,1206100,30006022.0
2012-09-04,4.13,4.15,4.05,4.12,557200,13903030.0
2012-09-05,4.07,4.19,3.95,4.1,1040700,25934010.0
2012-09-06,4.13,4.14,4.04,4.13,572800,14270664.0
2012-09-07,4.12,4.26,4.12,4.25,1008700,25787490.0
2012-09-10,4.31,4.56,4.25,4.52,1313700,35171399.0
2012-09-11,4.54,4.57,4.38,4.42,1319800,35545112.0
2012-09-12,4.39,4.52,4.39,4.41,590300,15890948.0
2012-09-13,4.41,4.41,4.15,4.21,2462600,63135240.0
2012-09-14,4.24,4.3,4.17,4.25,710100,18286762.0
2012-09-17,4.25,4.28,4.12,4.15,371600,9520191.0
2012-09-18,4.11,4.19,4.1,4.13,229900,5798787.0
2012-09-19,4.21,4.26,4.1,4.26,613000,15604900.0
2012-09-20,4.25,4.33,4.21,4.25,954000,24794940.0
2012-09-21,4.3,4.32,4.06,4.09,1250700,31655403.0
2012-09-24,3.96,4.21,3.91,4.15,887500,22023795.0
2012-09-25,4.14,4.14,4.01,4.06,583000,14460385.0
2012-09-26,4.09,4.09,3.79,3.85,575200,13878097.0
2012-09-27,3.78,3.93,3.76,3.82,896000,21314362.0
2012-09-28,3.82,4.09,3.78,4.08,1308700,31609377.0
2012-10-08,4.08,4.13,4.04,4.1,494500,12314951.0
2012-10-09,4.1,4.26,4.1,4.26,593700,15173460.0
2012-10-10,4.24,4.51,4.24,4.45,1460900,39233567.0
2012-10-11,4.39,4.56,4.37,4.45,926700,25012799.0
2012-10-12,4.46,4.5,4.28,4.36,529200,14059810.0
2012-10-15,4.39,4.39,4.06,4.21,804100,20522428.0
2012-10-16,4.2,4.47,4.13,4.42,817900,21697417.0
2012-10-17,4.42,4.5,4.41,4.45,500800,13497323.0
2012-10-18,4.45,4.48,4.4,4.46,780200,20944850.0
2012-10-19,4.41,4.47,4.32,4.38,332500,8822412.0
2012-10-22,4.28,4.42,4.28,4.34,487700,12812347.0
2012-10-23,4.29,4.49,4.29,4.46,789200,21071274.0
2012-10-24,4.41,4.77,4.4,4.69,1392900,38850440.0
2012-10-25,4.67,4.8,4.59,4.61,632000,17833482.0
2012-10-26,4.57,4.68,4.49,4.54,420700,11594539.0
2012-10-29,4.55,4.65,4.51,4.6,423400,11745924.0
2012-10-30,4.64,4.65,4.53,4.56,277000,7645112.0
2012-10-31,4.59,4.65,4.47,4.56,484700,13282625.0
2012-11-01,4.56,4.61,4.5,4.61,683600,18798340.0
2012-11-02,4.59,4.65,4.5,4.58,384100,10587644.0
2012-11-05,4.57,4.59,4.08,4.21,2269000,58034854.0
2012-11-06,4.12,4.34,4.11,4.28,887600,22987050.0
2012-11-07,4.38,4.38,4.23,4.29,295500,7726319.0
2012-11-08,4.28,4.28,4.19,4.23,212600,5465795.0
2012-11-09,4.0,4.26,4.0,4.24,284300,7323096.0
2012-11-12,4.21,4.31,4.18,4.25,86000,2213295.0
2012-11-13,4.25,4.29,4.15,4.19,137900,3515192.0
2012-11-14,4.19,4.19,4.09,4.1,96800,2432738.0
2012-11-15,4.05,4.1,3.93,3.98,226700,5557814.0
2012-11-16,3.96,4.05,3.88,4.03,173800,4265375.0
2012-11-19,3.99,4.04,3.94,4.04,125500,3074393.0
2012-11-20,4.01,4.1,4.01,4.07,190300,4739013.0
2012-11-21,4.08,4.19,3.96,4.13,199200,4930354.0
2012-11-22,4.1,4.15,4.02,4.03,86700,2161225.0
2012-11-23,4.01,4.08,4.01,4.06,120300,2986463.0
2012-11-26,4.0,4.06,3.97,3.97,116500,2851088.0
2012-11-27,3.93,4.06,3.88,3.91,297500,7232288.0
2012-11-28,3.85,3.88,3.69,3.8,421200,9844616.0
2012-11-29,3.78,3.85,3.73,3.8,276700,6470319.0
2012-11-30,3.8,3.95,3.78,3.81,614900,14526639.0
2012-12-03,3.82,3.9,3.64,3.8,641200,15113556.0
2012-12-04,3.8,3.82,3.71,3.78,358700,8297929.0
2012-12-05,3.78,4.0,3.75,4.0,805500,19217880.0
2012-12-06,3.98,4.01,3.92,3.96,202800,4933785.0
2012-12-07,3.91,4.04,3.91,4.04,238400,5843481.0
2012-12-10,4.05,4.13,3.99,4.08,448900,11085002.0
2012-12-11,4.05,4.11,4.04,4.08,208500,5204375.0
2012-12-12,4.06,4.15,4.01,4.12,304100,7562238.0
2012-12-13,4.07,4.13,4.02,4.1,231700,5761746.0
2012-12-14,4.14,4.22,4.04,4.21,985900,24883530.0
2012-12-17,4.26,4.26,4.12,4.12,717200,18106496.0
2012-12-18,4.18,4.18,4.01,4.09,303200,7557777.0
2012-12-19,4.01,4.09,3.99,4.09,380100,9419770.0
2012-12-20,4.1,4.1,3.93,4.02,371400,9086480.0
2012-12-21,4.0,4.09,3.96,4.06,552900,13593008.0
2012-12-24,4.05,4.12,4.02,4.1,326300,8080922.0
2012-12-25,4.12,4.34,4.1,4.32,630700,16287340.0
2012-12-26,4.32,4.34,4.26,4.32,236400,6158986.0
2012-12-27,4.33,4.39,4.22,4.25,497300,12926648.0
2012-12-28,4.3,4.32,4.14,4.3,365600,9467335.0
2012-12-31,4.26,4.46,4.19,4.43,1129500,29630617.0
2013-01-04,4.47,4.52,4.25,4.32,626300,16399345.0
2013-01-07,4.36,4.36,4.26,4.31,418500,10921805.0
2013-01-08,4.31,4.55,4.28,4.5,833800,22291551.0
2013-01-09,4.51,4.68,4.45,4.52,713000,19715883.0
2013-01-10,4.52,4.6,4.49,4.55,395000,10847121.0
2013-01-11,4.55,4.62,4.28,4.45,607600,16609141.0
2013-01-14,4.45,4.71,4.41,4.7,589700,16419994.0
2013-01-15,4.62,4.86,4.62,4.78,1338100,38000067.0
2013-01-16,4.82,4.97,4.76,4.79,905000,26420734.0
2013-01-17,4.75,4.84,4.73,4.8,877600,25187813.0
2013-01-18,4.8,4.93,4.8,4.89,564300,16470617.0
2013-01-21,4.89,5.11,4.89,5.04,721600,21662296.0
2013-01-22,5.03,5.06,4.76,4.84,1042100,30879151.0
2013-01-23,4.87,4.87,4.65,4.71,890700,25519404.0
2013-01-24,4.75,4.84,4.6,4.73,866500,24489675.0
2013-01-25,4.73,4.79,4.7,4.79,392200,11148104.0
2013-01-28,4.82,4.96,4.82,4.95,928100,27265284.0
2013-01-29,4.99,5.11,4.9,4.98,835400,24860034.0
2013-01-30,5.02,5.06,4.82,4.87,687900,20158492.0
2013-01-31,4.88,4.94,4.81,4.88,430100,12518930.0
2013-02-01,4.84,4.9,4.78,4.84,514400,14914083.0
2013-02-04,4.84,5.04,4.84,5.04,1376700,40814649.0
2013-02-05,5.04,5.36,4.95,5.21,1979400,61015708.0
2013-02-06,4.93,5.21,4.93,5.14,2580200,78286506.0
2013-02-07,5.14,5.43,5.06,5.31,2446100,76637009.0
2013-02-08,5.32,5.42,5.26,5.38,1554600,49386458.0
2013-02-18,5.36,5.58,5.32,5.55,1401800,45462124.0
2013-02-19,5.54,5.55,5.29,5.41,1415500,45373678.0
2013-02-20,5.39,5.57,5.35,5.54,1494300,48141200.0
2013-02-21,5.49,5.53,5.3,5.3,1222500,39009999.0
2013-02-22,5.3,5.56,5.3,5.43,1377100,44599166.0
2013-02-25,5.34,5.53,5.34,5.46,613400,19678307.0
2013-02-26,5.45,5.45,5.12,5.36,3261900,102253732.0
2013-02-27,5.32,5.43,5.21,5.37,1081200,34301049.0
2013-02-28,5.39,5.42,5.29,5.41,1129800,35922422.0
2013-03-01,5.4,5.71,5.39,5.62,3199500,106030693.0
2013-03-04,5.46,5.86,5.46,5.63,1744600,58416022.0
2013-03-05,5.58,5.84,5.58,5.84,2546400,86181976.0
2013-03-06,5.94,6.08,5.87,6.07,3378600,118408119.0
2013-03-07,6.06,6.06,5.63,5.79,2546500,87379355.0
2013-03-08,5.76,5.85,5.47,5.58,2024600,66997508.0
2013-03-11,5.57,5.74,5.41,5.73,2256000,74273500.0
2013-03-12,5.71,5.75,5.13,5.48,3914100,62832479.0
2013-03-13,5.41,5.59,5.29,5.52,1721100,27560260.0
2013-03-14,5.46,5.67,5.33,5.61,2418900,39256960.0
2013-03-15,5.63,5.86,5.53,5.67,3060700,51229747.0
2013-03-18,5.56,5.7,5.45,5.62,5043500,81899606.0
2013-03-19,5.55,5.65,5.38,5.51,2933400,47336472.0
2013-03-20,5.43,5.78,5.43,5.73,2943600,48248538.0
2013-03-21,5.71,5.82,5.61,5.67,3413500,57004132.0
2013-03-22,5.81,5.81,5.44,5.66,12797400,208481770.0
2013-03-25,5.59,6.18,5.55,6.04,8455400,146502791.0
2013-03-26,5.95,6.35,5.93,6.09,8646700,154976240.0
2013-03-27,6.06,6.24,5.85,5.97,5933700,103552941.0
2013-03-28,5.9,6.05,5.74,5.92,6529800,113527028.0
2013-03-29,5.92,5.99,5.72,5.82,4342700,73924288.0
2013-04-01,5.82,5.88,5.62,5.76,3657200,61453295.0
2013-04-02,5.71,5.85,5.38,5.45,4243600,69956420.0
2013-04-03,5.43,5.48,5.32,5.43,2913800,45979573.0
2013-04-08,5.28,5.56,5.27,5.43,2629500,41974656.0
2013-04-09,5.43,5.52,5.4,5.49,2361500,37835870.0
2013-04-10,5.51,5.57,5.39,5.41,2122400,34027802.0
2013-04-11,5.47,5.63,5.44,5.47,1742400,28290509.0
2013-04-12,5.47,5.63,5.46,5.55,1874700,30486166.0
2013-04-15,5.54,5.62,5.47,5.49,1145600,18547792.0
2013-04-16,5.49,5.53,5.4,5.53,1434800,22962615.0
2013-04-17,5.54,5.62,5.5,5.57,1354000,22089295.0
2013-04-18,5.54,5.83,5.54,5.83,3561400,59614278.0
2013-04-19,5.82,6.09,5.8,6.07,3596100,62705354.0
2013-04-22,6.04,6.06,5.89,6.04,3681000,64057825.0
2013-04-23,6.06,6.08,5.89,5.9,3269600,56853498.0
2013-04-24,5.89,6.06,5.86,6.04,2777100,48230086.0
2013-04-25,5.92,5.92,5.46,5.5,6823000,113902060.0
2013-04-26,5.48,5.55,5.38,5.45,5377100,86067712.0
2013-05-31,6.04,6.04,6.04,6.04,426400,7504288.0
2013-06-03,6.37,6.44,5.82,6.06,13268400,239024971.0
2013-06-04,5.93,6.55,5.75,6.38,13032800,233289915.0
2013-06-05,6.33,6.62,6.17,6.28,5909100,109629308.0
2013-06-06,6.2,6.51,6.15,6.34,4900800,90816843.0
2013-06-07,6.31,6.46,6.11,6.25,3474200,63375951.0
2013-06-13,6.22,6.22,5.86,6.0,2935500,51571445.0
2013-06-14,6.02,6.18,5.96,6.02,3679100,65253584.0
2013-06-17,6.04,6.51,6.04,6.33,5755400,104471710.0
2013-06-18,6.33,6.37,6.05,6.19,3266500,58717080.0
2013-06-19,6.17,6.67,6.1,6.6,5072700,94563433.0
2013-06-20,6.51,6.59,6.17,6.26,4008200,73969964.0
2013-06-21,6.08,6.53,5.89,6.38,3676600,67465200.0
2013-06-24,6.36,6.51,5.82,5.84,3808900,68937807.0
2013-06-25,5.74,6.0,5.21,5.86,5956000,98711323.0
2013-06-26,5.82,6.04,5.78,6.02,3646100,63051890.0
2013-06-27,6.03,6.27,5.85,5.93,4376900,77656279.0
2013-06-28,5.78,5.95,5.63,5.89,3353900,56798636.0
2013-07-01,5.89,6.03,5.72,6.0,2161700,37453738.0
2013-07-02,6.01,6.13,5.94,6.11,3622300,63942783.0
2013-07-03,6.09,6.09,5.82,6.02,3559600,62039342.0
2013-07-04,5.93,6.07,5.85,5.99,1919100,33429260.0
2013-07-05,5.93,6.02,5.7,5.7,3813100,65044817.0
2013-07-08,5.6,5.88,5.49,5.63,2399500,40203821.0
2013-07-09,5.58,5.83,5.58,5.77,1288700,21616783.0
2013-07-10,5.72,5.92,5.72,5.88,1351300,23003000.0
2013-07-11,5.83,5.95,5.82,5.9,1874200,32219946.0
2013-07-12,5.91,6.13,5.86,5.96,2811000,49249980.0
2013-07-15,5.85,6.15,5.85,6.15,5650600,99111590.0
2013-07-16,6.22,6.48,6.19,6.41,6752700,125277565.0
2013-07-17,6.45,6.59,6.26,6.39,4800600,89898967.0
2013-07-18,6.3,6.42,6.22,6.3,1844700,33752733.0
2013-07-19,6.25,6.48,6.05,6.08,2378000,43218227.0
2013-07-22,6.07,6.14,5.74,5.94,3911200,67337403.0
2013-07-23,5.93,6.32,5.85,6.32,3581500,63850580.0
2013-07-24,6.34,6.56,6.2,6.5,4987000,92884995.0
2013-07-25,6.47,6.65,6.15,6.16,3215900,59245597.0
2013-07-26,6.13,6.33,5.78,5.95,4343200,75139965.0
2013-07-29,5.95,6.03,5.82,5.86,1932300,33403275.0
2013-07-30,5.86,6.0,5.67,5.78,2518400,42554809.0
2013-07-31,5.82,6.02,5.76,5.89,2250800,38837953.0
2013-08-01,5.85,6.07,5.82,6.06,1991900,34709760.0
2013-08-02,6.07,6.13,5.87,5.88,2869700,50216668.0
2013-08-05,5.88,6.01,5.77,6.01,2349500,40294056.0
2013-08-06,6.02,6.33,6.02,6.29,4588000,82729916.0
2013-08-07,6.25,6.28,6.0,6.03,2903000,51558555.0
2013-08-08,6.04,6.18,6.01,6.14,2271400,40425250.0
2013-08-09,6.17,6.26,5.82,5.96,2605100,45668346.0
2013-08-12,5.96,6.04,5.77,5.85,2843800,48683010.0
2013-08-13,5.82,5.93,5.77,5.89,1747900,29888890.0
2013-08-14,5.9,5.92,5.8,5.85,1759300,30027988.0
2013-08-15,5.82,5.88,5.75,5.79,1592600,27114475.0
2013-08-16,5.74,5.93,5.73,5.77,1941000,33131270.0
2013-08-19,5.77,6.04,5.75,6.03,3519800,60757192.0
2013-08-20,6.01,6.48,5.99,6.18,7713200,139710050.0
2013-08-21,6.15,6.62,6.1,6.61,8465300,158784196.0
2013-08-30,6.67,7.06,6.19,6.3,9211300,177032399.0
2013-09-02,6.33,6.68,6.31,6.53,4032800,76194547.0
2013-09-03,6.39,6.63,6.3,6.59,4246700,79488455.0
2013-09-04,6.56,6.56,6.21,6.25,3129800,57982460.0
2013-09-05,6.25,6.35,6.09,6.23,2861800,51608873.0
2013-09-06,6.19,6.71,6.19,6.62,5348000,101880290.0
2013-09-09,6.62,7.18,6.48,6.48,7892600,156329506.0
2013-09-10,6.56,6.7,6.31,6.52,4124500,77643109.0
2013-09-11,6.51,6.51,6.25,6.35,3385700,62178518.0
2013-09-12,6.36,6.5,6.23,6.29,3043400,56062133.0
2013-09-13,6.3,6.44,6.12,6.36,3820100,69510547.0
2013-09-16,6.36,6.45,6.28,6.41,1838700,34009097.0
2013-09-17,6.39,6.45,6.22,6.23,1920800,35235493.0
2013-09-18,6.19,6.27,6.15,6.23,1590500,28784769.0
2013-09-23,6.23,6.43,6.21,6.42,1937200,35514426.0
2013-09-24,6.38,6.67,6.34,6.54,4246200,80478658.0
2013-09-25,6.48,6.66,6.26,6.3,3279800,60631481.0
2013-09-26,6.3,6.43,6.0,6.04,2881100,51781379.0
2013-09-27,6.16,6.52,6.16,6.49,4373700,81477511.0
2013-09-30,6.48,6.88,6.38,6.79,4144700,81297958.0
2013-10-08,6.79,7.27,6.63,7.08,4115300,83079676.0
2013-10-09,7.04,7.2,6.95,7.06,3621700,74081489.0
2013-10-10,7.0,7.52,7.0,7.37,4027900,84768045.0
2013-10-11,7.37,7.77,7.17,7.65,4343600,94347671.0
2013-10-14,7.66,7.81,7.48,7.55,2712000,58863093.0
2013-10-15,7.38,7.48,7.02,7.06,6316600,130531490.0
2013-10-16,7.04,7.2,6.83,6.98,5358600,108215508.0
2013-10-17,7.05,7.11,6.7,6.76,5148400,101888995.0
2013-10-18,6.82,7.18,6.76,7.16,3702000,75366850.0
2013-10-21,7.17,7.5,7.08,7.36,3931300,83258760.0
2013-10-22,7.39,7.41,6.99,7.02,3933900,81312307.0
2013-10-23,7.02,7.06,6.63,6.93,3365500,66323795.0
2013-10-24,6.92,6.92,6.68,6.7,2053000,40397650.0
2013-10-25,6.65,6.83,6.41,6.73,2825000,53801328.0
2013-10-28,6.59,6.81,6.52,6.65,1848600,35561027.0
2013-10-29,6.58,6.72,6.23,6.33,2777700,51744494.0
2013-10-30,6.33,6.55,6.3,6.49,1474100,27449026.0
2013-10-31,6.52,6.63,6.19,6.23,2023800,37332076.0
2013-11-01,6.23,6.29,5.96,6.09,2422900,42804781.0
2013-11-04,6.08,6.23,6.01,6.06,2691400,47787878.0
2013-11-05,6.06,6.56,5.89,6.55,4087700,73751056.0
2013-11-06,6.52,6.58,6.23,6.26,2109000,39446148.0
2013-11-07,6.19,6.33,6.04,6.26,2461100,44166058.0
2013-11-08,6.18,6.41,6.13,6.41,2038400,37289126.0
2013-11-11,6.39,6.5,6.23,6.35,1055100,19505756.0
2013-11-12,6.35,6.49,6.35,6.42,1471300,27501344.0
2013-11-13,6.48,6.48,6.24,6.24,1499500,27366009.0
2013-11-14,6.25,6.45,6.12,6.42,2037100,37136465.0
2013-11-15,6.4,6.62,6.37,6.56,2171100,41065519.0
2013-11-18,6.69,6.69,6.56,6.68,2897800,55614693.0
2013-11-19,6.68,6.85,6.58,6.65,2231800,43297985.0
2013-11-20,6.67,6.74,6.48,6.56,1817200,34616649.0
2013-11-21,6.57,6.57,6.37,6.52,1543900,29025550.0
2013-11-22,6.52,6.62,6.49,6.62,1023600,19431286.0
2013-11-25,6.59,6.62,6.48,6.48,1269800,24062066.0
2013-11-26,6.48,6.78,6.48,6.63,3665600,70633627.0
2013-11-27,6.63,6.79,6.56,6.74,2310100,44813701.0
2013-11-28,6.74,6.81,6.59,6.65,2498000,48502836.0
2013-11-29,6.65,6.69,6.58,6.66,1909200,36706992.0
2013-12-02,6.18,6.46,5.95,5.95,8282200,146797669.0
2013-12-03,5.82,5.87,5.33,5.82,4976100,82638801.0
2013-12-04,5.79,5.87,5.56,5.57,5252100,88349047.0
2013-12-05,5.63,6.07,5.63,5.77,5445200,92946595.0
2013-12-06,5.78,6.1,5.74,6.03,3307200,57344675.0
2013-12-09,6.03,6.18,5.85,5.97,2627500,45769378.0
2013-12-10,5.93,6.08,5.89,6.0,2592800,45188061.0
2013-12-11,5.97,6.16,5.94,6.06,3422500,60538676.0
2013-12-12,6.06,6.12,5.97,6.06,1566200,27651568.0
2013-12-13,6.01,6.19,6.0,6.12,1692300,30241197.0
2013-12-16,6.08,6.42,6.08,6.38,4016800,73955860.0
2013-12-17,6.25,6.41,6.25,6.37,2192900,40506828.0
2013-12-18,6.28,6.48,6.19,6.19,1945700,35624939.0
2013-12-19,6.3,6.41,6.21,6.3,2771400,50980583.0
2013-12-20,6.28,6.35,6.03,6.16,1652100,29661779.0
2013-12-23,6.16,6.16,5.92,6.08,860800,15124102.0
2013-12-24,6.08,6.36,6.07,6.31,2103700,38026012.0
2013-12-25,6.4,6.59,6.29,6.56,3929700,74286253.0
2013-12-26,6.44,6.77,6.42,6.56,3588500,69146889.0
2013-12-27,6.49,6.73,6.48,6.69,2615000,50307209.0
2013-12-30,6.69,6.96,6.69,6.76,4468400,87920573.0
2013-12-31,6.76,6.95,6.75,6.82,4414400,87386384.0
2014-01-02,6.79,6.96,6.66,6.96,4779200,94111241.0
2014-01-03,6.98,6.98,6.53,6.71,8294900,159806034.0
2014-01-06,6.71,6.71,6.42,6.52,2697500,51068021.0
2014-01-07,6.52,6.62,6.49,6.52,1384300,26211783.0
2014-01-08,6.7,6.82,6.58,6.67,3465900,67234939.0
2014-01-09,6.6,6.74,6.28,6.39,3512400,66217881.0
2014-01-10,6.22,6.39,6.13,6.13,2229900,40304465.0
2014-01-13,6.11,6.21,6.03,6.12,1425500,25484425.0
2014-01-14,6.13,6.36,6.06,6.33,1168400,21071887.0
2014-01-15,6.33,6.52,6.28,6.45,1573800,29330882.0
2014-01-16,6.45,6.46,6.08,6.09,4152300,75010649.0
2014-01-17,6.08,6.18,6.0,6.03,1966000,34902776.0
2014-01-20,6.02,6.14,5.88,5.89,2131000,37024565.0
2014-01-21,5.87,6.04,5.82,5.95,3267700,56351624.0
2014-01-22,5.95,6.11,5.88,6.03,2685400,47082296.0
2014-01-23,6.04,6.22,5.98,6.14,3378200,60067779.0
2014-01-24,6.07,6.26,5.96,6.19,3252500,58069076.0
2014-01-27,6.19,6.23,6.02,6.02,3229400,57213987.0
2014-01-28,5.97,6.08,5.59,5.59,7949800,133839633.0
2014-01-29,5.7,5.79,5.53,5.78,5370900,89651412.0
2014-01-30,5.76,5.85,5.68,5.83,1479300,24850412.0
2014-02-07,5.81,5.89,5.71,5.88,2468700,41835646.0
2014-02-10,5.93,5.95,5.87,5.94,5405600,93165840.0
2014-02-11,5.96,6.19,5.92,6.05,4331300,76538882.0
2014-02-12,6.08,6.1,5.97,6.06,3503600,61711712.0
2014-02-13,6.08,6.4,6.08,6.26,7026200,128135224.0
2014-02-14,6.33,6.53,6.3,6.5,7500100,139591989.0
2014-02-17,6.92,7.19,6.74,7.19,17068500,348327392.0
2014-02-18,7.38,7.78,7.21,7.26,16911100,361797136.0
2014-02-19,7.25,7.43,7.02,7.07,8162400,168538015.0
2014-02-20,7.08,7.37,6.95,7.09,8787300,180529606.0
2014-02-21,7.07,7.21,6.89,6.97,5971500,121793857.0
2014-02-24,6.95,7.06,6.74,6.98,5736400,114285689.0
2014-02-25,7.02,7.14,6.38,6.49,7923400,155769104.0
2014-02-26,6.4,6.49,6.05,6.25,6730600,121536596.0
2014-02-27,6.37,6.42,6.04,6.06,5284200,95526361.0
2014-02-28,6.06,6.18,5.76,6.13,5415600,94409830.0
2014-03-03,6.13,6.27,6.07,6.21,5120200,92323412.0
2014-03-04,6.08,6.19,6.0,6.11,4004700,71019487.0
2014-03-05,6.12,6.43,6.12,6.29,4857600,88763119.0
2014-03-06,6.3,6.55,6.19,6.55,5801000,107541763.0
2014-03-07,6.56,6.58,6.35,6.41,3410900,63749544.0
2014-03-10,6.19,6.31,6.09,6.11,3946700,71158644.0
2014-03-11,6.11,6.29,6.07,6.15,2441600,43798837.0
2014-03-12,6.19,6.46,6.12,6.36,4763400,87634508.0
2014-03-13,6.4,6.48,6.26,6.39,2952100,54410229.0
2014-03-14,6.37,6.44,6.2,6.27,2572900,47209459.0
2014-03-17,6.26,6.46,6.22,6.46,3437500,63258096.0
2014-03-18,6.44,6.74,6.41,6.61,4883100,93388293.0
2014-03-19,6.58,6.72,6.46,6.52,4370100,83358187.0
2014-03-20,6.43,6.59,6.13,6.13,6671800,81633520.0
2014-03-21,5.97,6.29,5.9,6.24,6072500,71204783.0
2014-03-24,6.23,6.23,5.96,6.18,5949500,70190754.0
2014-03-25,6.14,6.14,5.93,6.06,3516700,41207360.0
2014-03-26,6.06,6.37,6.06,6.27,4646900,56119295.0
2014-03-27,6.27,6.31,5.96,5.97,3850900,45182074.0
2014-03-28,5.95,6.02,5.64,5.76,4825200,54099947.0
2014-03-31,5.72,5.85,5.65,5.68,1995800,22268407.0
2014-04-01,5.68,5.88,5.68,5.83,2464200,27850089.0
2014-04-02,5.82,5.89,5.69,5.72,3058400,34260735.0
2014-04-03,5.72,5.82,5.59,5.67,3214700,35721974.0
2014-04-04,5.67,5.77,5.57,5.74,3918900,43227550.0
2014-04-08,5.63,5.77,5.59,5.74,3580300,39613107.0
2014-04-09,5.76,5.89,5.74,5.79,4685400,52844330.0
2014-04-10,5.81,6.26,5.74,6.04,8923800,104155389.0
2014-04-11,5.96,5.96,5.76,5.86,6311900,71773296.0
2014-04-14,5.86,5.92,5.81,5.89,4190800,47719484.0
2014-04-15,5.92,6.07,5.83,5.99,6617200,76176568.0
2014-04-16,5.93,6.0,5.76,5.84,4255100,48468869.0
2014-04-17,5.85,5.91,5.82,5.86,1935800,22042126.0
2014-04-18,5.84,5.99,5.82,5.92,4090300,47037781.0
2014-04-21,5.86,6.22,5.86,6.08,9097800,107954629.0
2014-04-22,6.03,6.15,5.87,6.01,5069100,58921150.0
2014-04-23,6.03,6.17,5.96,6.04,3681000,43148354.0
2014-04-24,6.03,6.2,6.0,6.18,5643600,66716874.0
2014-04-25,6.17,6.17,5.6,5.67,8376800,94926714.0
2014-04-28,5.67,5.67,5.07,5.08,8186200,85083459.0
2014-04-29,5.08,5.36,5.04,5.29,5031200,51439200.0
2014-04-30,5.31,5.36,5.21,5.29,2683500,27792109.0
2014-05-05,5.26,5.45,5.23,5.35,3258900,34021853.0
2014-05-06,5.35,5.54,5.31,5.42,3825800,40635737.0
2014-05-07,5.42,5.46,5.26,5.26,3214300,33706448.0
2014-05-08,5.23,5.37,5.09,5.18,3161600,32444477.0
2014-05-09,5.21,5.24,5.13,5.23,2221700,22597265.0
2014-05-12,5.29,5.38,5.18,5.32,4540300,46931678.0
2014-05-13,5.37,5.39,5.19,5.21,2769600,28588317.0
2014-05-14,5.23,5.26,5.16,5.22,2188500,22333006.0
2014-05-15,5.19,5.33,5.19,5.21,2995500,30763756.0
2014-05-16,5.21,5.26,5.05,5.11,3590200,36019229.0
2014-05-19,5.09,5.13,4.91,4.96,4160100,40995759.0
2014-05-20,5.04,5.14,4.96,5.05,4412900,43818545.0
2014-05-21,5.04,5.2,5.01,5.13,3790300,38076461.0
2014-05-22,5.14,5.41,5.14,5.27,7004400,72703073.0
2014-05-23,5.27,5.48,5.25,5.44,5587300,58639419.0
2014-05-26,5.46,5.65,5.46,5.53,6274100,67970699.0
2014-05-27,5.53,5.56,5.39,5.47,4073300,43443714.0
2014-05-28,5.5,5.56,5.37,5.53,4628800,49423669.0
2014-05-29,5.53,5.58,5.37,5.37,2804200,29769942.0
2014-05-30,5.29,5.44,5.27,5.38,2601200,27201335.0
2014-06-03,5.39,5.58,5.35,5.46,3838300,41186170.0
2014-06-04,5.42,5.48,5.32,5.37,2250800,23731037.0
2014-06-05,5.41,5.52,5.37,5.48,3649600,38972993.0
2014-06-06,5.48,5.59,5.43,5.59,5182700,55853525.0
2014-06-09,5.59,5.59,5.46,5.53,3871700,41846677.0
2014-06-10,5.5,5.63,5.46,5.61,3754900,40688680.0
2014-06-11,5.64,5.64,5.51,5.61,2899700,31528968.0
2014-06-12,5.58,5.61,5.48,5.48,2750600,29643317.0
2014-06-13,5.48,5.56,5.41,5.51,3707600,39799402.0
2014-06-16,5.55,5.88,5.49,5.81,8275600,92743924.0
2014-06-17,5.75,5.86,5.72,5.77,4635200,52124495.0
2014-06-18,5.78,5.87,5.71,5.81,4000700,45100063.0
2014-06-19,5.76,5.96,5.43,5.76,6434200,72121971.0
2014-06-20,5.62,5.89,5.56,5.87,5211100,58322511.0
2014-06-23,5.83,6.07,5.83,6.02,5147100,59605818.0
2014-06-24,6.04,6.13,5.96,5.97,4783100,55951349.0
2014-06-25,5.93,6.03,5.82,6.02,4258600,48845558.0
2014-06-26,6.02,6.17,5.98,6.13,4732300,55985888.0
2014-06-27,6.18,6.19,6.07,6.13,4419200,52379623.0
2014-06-30,6.13,6.28,5.99,6.26,5850100,69636275.0
2014-07-01,6.37,6.59,6.28,6.41,11676200,144729875.0
2014-07-02,6.41,6.54,6.33,6.43,7437400,91923915.0
2014-07-03,6.42,7.0,6.4,6.81,13982200,180157899.0
2014-07-04,6.79,7.25,6.66,7.13,16697200,222841828.0
2014-07-07,7.15,7.24,6.93,7.12,12271000,166104643.0
2014-07-08,7.01,7.08,6.68,6.92,12466100,164789723.0
2014-07-09,6.87,7.03,6.74,6.76,8053500,106172567.0
2014-07-10,6.71,6.94,6.65,6.73,5543500,72278514.0
2014-07-11,6.74,6.91,6.65,6.75,5998000,78161575.0
2014-07-14,6.69,6.81,6.53,6.69,7339600,94058517.0
2014-07-15,6.65,6.77,6.53,6.77,5154900,65978693.0
2014-07-16,6.76,6.81,6.61,6.68,4316600,55782376.0
2014-07-17,6.7,6.7,6.35,6.36,6757800,84320080.0
2014-07-18,6.33,6.61,6.29,6.42,5073700,63373483.0
2014-07-21,6.42,6.53,6.33,6.51,3370500,41997027.0
2014-07-22,6.51,6.63,6.4,6.56,3928900,49472026.0
2014-07-23,6.49,6.56,6.16,6.21,6393700,78227681.0
2014-07-24,6.16,6.34,6.04,6.22,4722100,56465582.0
2014-07-25,6.27,6.34,6.17,6.28,2516200,30584802.0
2014-07-28,6.32,6.5,6.27,6.43,3619700,44653154.0
2014-07-29,6.44,6.54,6.38,6.42,4829400,60122437.0
2014-07-30,6.39,6.63,6.39,6.62,5932100,74606852.0
2014-07-31,6.65,6.69,6.51,6.55,3878200,49140788.0
2014-08-01,6.54,6.58,6.3,6.35,6434700,79607517.0
2014-08-04,6.26,6.44,6.21,6.36,5007000,60919158.0
2014-08-05,6.32,6.48,6.15,6.42,7122800,86901927.0
2014-08-06,6.42,6.42,6.31,6.41,3671600,45182568.0
2014-08-07,6.42,6.91,6.36,6.72,11838200,151890455.0
2014-08-08,6.72,6.85,6.67,6.76,5468600,71082660.0
2014-08-11,6.79,6.93,6.71,6.86,5171700,67921987.0
2014-08-12,6.82,7.07,6.81,6.95,5867800,78625035.0
2014-08-13,6.89,7.02,6.71,6.9,7012500,92605159.0
2014-08-14,6.97,6.97,6.84,6.84,4236800,56091414.0
2014-08-15,6.83,6.91,6.69,6.91,4275800,55971126.0
2014-08-18,6.91,7.15,6.91,7.13,5829100,78951526.0
2014-08-19,7.07,7.13,6.84,6.92,6034600,80806071.0
2014-08-20,6.97,7.03,6.86,6.89,3519800,46750351.0
2014-08-21,6.92,7.02,6.86,6.92,3780200,50258867.0
2014-08-22,6.92,6.98,6.76,6.88,4472400,58958094.0
2014-08-25,6.78,6.96,6.78,6.84,3041400,40171390.0
2014-08-26,6.84,6.91,6.61,6.64,5041300,65131078.0
2014-08-27,6.58,6.96,6.58,6.96,5932200,77427435.0
2014-08-28,6.96,7.0,6.76,6.79,3559700,46997267.0
2014-08-29,6.76,6.98,6.75,6.98,4052000,53671055.0
2014-09-01,7.02,7.2,7.01,7.15,7447900,101524430.0
2014-09-02,7.22,7.23,7.04,7.16,7060400,96489891.0
2014-09-03,7.16,7.42,7.07,7.32,8475100,117042201.0
2014-09-04,7.29,7.29,7.15,7.21,7013800,96653930.0
2014-09-05,7.21,7.41,7.19,7.25,6144500,85842291.0
2014-09-09,7.31,7.37,7.12,7.21,4108400,56635868.0
2014-09-10,7.12,7.13,6.99,7.03,8997300,121629029.0
2014-09-11,7.03,7.11,6.93,6.96,6464600,87098990.0
2014-09-12,6.91,7.29,6.91,7.26,8962200,122701337.0
2014-09-15,7.37,7.41,7.21,7.27,10889400,151904302.0
2014-09-16,7.24,7.32,6.77,6.87,9142900,125412544.0
2014-09-17,6.87,6.95,6.73,6.93,5406100,71130416.0
2014-09-18,6.92,7.04,6.87,6.93,3359600,44668126.0
2014-09-19,6.84,6.99,6.82,6.96,3775300,50060212.0
2014-09-22,6.94,7.53,6.88,7.43,20390000,285712576.0
2014-09-23,7.38,7.53,7.27,7.5,11810600,167735926.0
2014-09-24,7.49,7.79,7.44,7.7,12099500,177065257.0
2014-09-25,7.84,7.91,7.59,7.76,11302000,166726388.0
2014-09-26,7.68,7.9,7.53,7.79,8005200,118096646.0
2014-09-29,7.79,7.87,7.64,7.7,6206100,91499322.0
2014-09-30,7.71,7.72,7.52,7.66,5962700,86561102.0
2014-10-08,7.57,7.67,7.42,7.67,11137500,160024364.0
2014-10-09,7.62,7.62,7.35,7.44,11647600,166482634.0
2014-10-10,7.37,7.5,7.35,7.43,7207200,102106224.0
2014-10-13,7.41,7.55,7.25,7.54,7739900,109423088.0
2014-10-14,7.53,7.54,7.37,7.42,5754700,81969110.0
2014-10-15,7.4,7.51,7.31,7.45,6334600,89573172.0
2014-10-16,7.39,7.53,7.21,7.27,6584800,93248665.0
2014-10-17,7.22,7.31,6.91,7.02,8241300,111544596.0
2014-10-20,7.04,7.25,7.04,7.25,5686200,78281756.0
2014-10-21,7.28,7.28,7.1,7.14,3781200,52075282.0
2014-10-22,7.15,7.18,6.96,6.98,4102000,55656813.0
2014-10-23,6.92,7.01,6.71,6.77,5751100,75292526.0
2014-10-24,6.77,7.03,6.76,6.92,6426900,85668034.0
2014-10-27,6.93,7.23,6.82,7.12,5213500,70945685.0
2014-10-28,7.12,7.28,7.12,7.22,5713200,79023070.0
2014-10-29,7.23,7.48,7.23,7.31,9717000,137107299.0
2014-10-30,7.3,7.37,7.18,7.2,5135800,71327922.0
2014-10-31,7.22,7.44,7.1,7.42,6412000,89148703.0
2014-11-03,7.42,7.43,7.28,7.35,5129200,72190504.0
2014-11-04,7.35,7.54,7.29,7.38,6904900,98137242.0
2014-11-05,7.3,7.51,7.3,7.46,5432100,77270686.0
2014-11-06,7.46,7.5,7.33,7.43,3950400,56076800.0
2014-11-07,7.45,7.62,7.42,7.45,12462500,179443163.0
2014-11-10,7.46,7.81,7.44,7.79,12358100,180678102.0
2014-11-11,7.79,7.91,7.32,7.48,10086900,146733663.0
2014-11-12,7.37,7.71,7.37,7.67,6993200,101448732.0
2014-11-13,7.64,8.31,7.59,8.12,16404800,251007377.0
2014-11-14,8.0,8.26,7.76,8.26,11443300,175932415.0
2014-12-01,7.87,8.67,7.53,8.48,15860200,251181747.0
2014-12-02,8.48,8.7,8.08,8.49,12263600,194915464.0
2014-12-03,8.39,9.35,8.1,9.04,15434600,253067569.0
2014-12-04,9.06,9.24,8.93,9.02,8207100,140671585.0
2014-12-05,9.0,9.0,8.43,8.84,7865600,130591730.0
2014-12-08,8.84,8.85,8.29,8.42,10721100,171546240.0
2014-12-09,8.42,8.45,7.57,7.74,11832900,177968444.0
2014-12-10,7.71,8.29,7.71,7.87,13167300,200254155.0
2014-12-11,7.79,8.08,7.58,7.96,9226700,137637455.0
2014-12-12,7.89,8.51,7.82,8.26,13832600,217126797.0
2014-12-15,8.34,8.78,8.27,8.69,8423600,136773833.0
2014-12-16,8.67,8.67,8.34,8.58,6180700,99821458.0
2014-12-17,8.58,8.67,8.39,8.57,5645800,91415282.0
2014-12-18,8.48,8.59,8.13,8.14,6709300,106446574.0
2014-12-19,8.12,8.22,7.76,7.89,8181500,123269104.0
2014-12-22,7.81,7.85,7.11,7.59,11314100,160255931.0
2014-12-23,7.36,7.68,7.31,7.48,4817100,68994316.0
2014-12-24,7.48,7.61,7.48,7.56,2990300,42998579.0
2014-12-25,7.56,7.81,7.48,7.77,4397000,64741419.0
2014-12-26,7.71,7.94,7.53,7.76,5501000,80993566.0
2014-12-29,7.66,7.66,7.28,7.37,7070400,100123407.0
2014-12-30,7.36,7.36,6.84,7.01,7229200,97424282.0
2014-12-31,6.98,7.14,6.77,6.84,5963700,78523347.0
2015-01-05,6.92,7.19,6.79,7.02,5184100,69552889.0
2015-01-06,7.0,7.37,6.87,7.33,7733100,105859336.0
2015-01-07,7.31,7.43,7.18,7.23,4238300,59026617.0
2015-01-08,7.21,7.39,7.12,7.27,3731500,52143772.0
2015-01-09,7.21,7.55,7.19,7.32,6660500,94544106.0
2015-01-12,7.26,7.52,7.24,7.43,5224300,74009864.0
2015-01-13,7.44,7.83,7.34,7.77,6383300,92634170.0
2015-01-14,7.77,7.86,7.48,7.63,6550400,96100310.0
2015-01-15,7.6,7.64,7.29,7.43,6951500,98654122.0
2015-01-16,7.42,7.76,7.37,7.7,5272200,76837516.0
2015-01-19,7.48,7.98,7.43,7.71,7390000,109659677.0
2015-01-20,7.75,8.12,7.65,8.03,6640600,100722444.0
2015-01-21,8.03,8.42,8.01,8.34,10409000,163042303.0
2015-01-22,8.34,8.48,8.27,8.39,5589600,88845016.0
2015-01-23,8.32,8.57,8.27,8.49,5872200,93817140.0
2015-01-26,8.55,8.71,8.36,8.54,4051100,65637555.0
2015-01-27,8.51,8.76,8.43,8.68,4533900,74273134.0
2015-01-28,8.59,8.76,8.31,8.31,6552900,104614313.0
2015-01-29,8.24,8.4,7.99,8.1,3418000,53191531.0
2015-01-30,8.12,8.63,8.07,8.45,4701300,75052581.0
2015-02-02,8.46,8.65,8.32,8.48,3731900,60063872.0
2015-02-03,8.48,8.86,8.36,8.84,5537500,91192968.0
2015-02-04,8.96,8.98,8.76,8.82,3244700,54335824.0
2015-02-05,8.97,8.97,8.65,8.81,3154500,52735679.0
2015-02-06,8.72,9.37,8.72,9.18,9789600,170142099.0
2015-02-09,9.18,9.42,9.06,9.34,4616100,80466092.0
2015-02-10,9.33,9.33,8.92,9.05,3426200,58829977.0
2015-02-11,9.09,9.27,8.97,9.03,3383900,58055146.0
2015-02-12,9.03,9.21,8.91,9.07,2868200,49031440.0
2015-02-13,9.18,9.47,9.04,9.15,4217500,73875429.0
2015-02-16,9.09,9.31,8.91,9.26,4830700,83419647.0
2015-02-17,9.18,9.26,8.99,9.18,2659200,45946573.0
2015-02-25,9.18,9.26,8.75,8.76,4953600,83566328.0
2015-02-26,8.72,8.93,8.54,8.8,4516800,74717755.0
2015-02-27,8.88,9.09,8.8,9.01,4023900,68272767.0
2015-03-02,9.07,9.18,8.76,9.15,6832000,116053342.0
2015-03-03,9.04,9.53,8.96,9.31,6725900,118047466.0
2015-03-04,9.32,10.28,9.32,10.28,9469900,180024014.0
2015-03-05,10.14,10.83,10.04,10.78,12821800,253534913.0
2015-03-06,10.7,11.41,10.04,10.31,14463400,291638384.0
2015-03-09,10.32,10.67,10.03,10.37,8149500,158525138.0
2015-03-10,10.34,11.44,10.32,11.21,12359300,253066819.0
2015-03-11,11.14,11.48,10.9,11.24,9826500,205700356.0
2015-03-12,11.19,11.63,10.81,11.29,7040400,147288165.0
2015-03-13,11.47,11.47,10.64,11.01,7746700,158931443.0
2015-03-16,11.21,11.41,10.82,11.24,7997000,166225608.0
2015-03-17,11.27,11.68,11.04,11.66,9859900,210636813.0
2015-03-18,11.66,11.75,11.42,11.57,7364100,159638259.0
2015-03-19,11.57,12.13,11.54,11.62,7452400,164532279.0
2015-03-20,11.66,11.88,11.42,11.56,4890200,106389433.0
2015-03-23,11.56,11.74,11.26,11.56,7078900,152665724.0
2015-03-24,11.52,12.42,11.29,12.29,10509100,231329423.0
2015-03-25,12.08,12.37,11.9,12.18,6132100,138597483.0
2015-03-26,12.22,13.44,12.04,12.82,13574100,326297888.0
2015-03-27,12.61,13.31,12.47,12.68,7608500,182305974.0
2015-03-30,12.86,13.09,12.15,12.27,7289800,169830440.0
2015-03-31,12.27,12.46,12.02,12.15,6847700,156211589.0
2015-04-03,12.71,13.41,12.38,13.29,10238400,249307169.0
2015-04-07,13.36,13.65,13.01,13.47,8648600,215863211.0
2015-04-08,13.54,13.56,12.52,12.57,9254500,222471715.0
2015-04-09,12.48,12.92,11.27,12.13,12355300,275598544.0
2015-04-10,12.14,12.68,11.82,12.57,5658800,131235146.0
2015-04-13,12.46,12.87,12.26,12.59,5719300,133284519.0
2015-04-14,12.59,12.76,12.19,12.26,6858200,159296333.0
2015-04-15,12.27,12.37,11.32,11.65,9129300,199569734.0
2015-04-16,11.29,12.03,11.28,11.53,6394400,139022258.0
2015-04-17,11.54,11.97,11.49,11.61,6469700,141086339.0
2015-04-20,11.6,12.56,11.44,11.89,9261900,207102669.0
2015-04-21,11.93,12.46,11.93,12.4,9085900,207440882.0
2015-04-22,12.56,13.01,12.56,12.84,7495900,178623752.0
2015-04-23,12.84,13.56,12.78,12.96,8278500,203442343.0
2015-04-24,12.84,13.51,12.63,13.32,7978300,196214140.0
2015-04-27,13.33,13.67,13.13,13.49,8424500,210582047.0
2015-04-28,13.41,13.42,12.51,12.65,7716100,183898372.0
2015-04-29,12.39,12.87,12.23,12.71,6043800,142568306.0
2015-04-30,12.76,13.29,12.76,12.97,8387100,203721358.0
2015-05-04,12.9,13.18,12.68,12.84,5328500,127600743.0
2015-05-05,12.9,13.13,12.23,12.47,5354800,125845653.0
2015-05-06,12.65,12.9,12.29,12.46,5117100,120596057.0
2015-05-07,12.24,12.68,11.51,11.54,9013700,199011383.0
2015-05-08,11.84,12.07,11.62,12.06,4737700,105011638.0
2015-05-11,12.12,12.84,11.82,12.79,10774200,250942628.0
2015-05-12,12.85,12.9,12.52,12.8,7710200,182522063.0
2015-05-13,12.6,13.62,12.42,13.07,13959100,341867920.0
2015-05-14,13.16,14.42,13.1,14.42,17713400,460824160.0
2015-05-15,14.48,15.53,14.01,14.99,13924200,376929216.0
2015-05-18,14.9,15.79,14.89,15.61,10164200,288984368.0
2015-05-19,15.37,16.43,15.12,15.29,8200100,233980831.0
2015-05-20,15.29,16.2,15.12,15.19,7959000,231203242.0
2015-05-21,15.19,15.62,15.03,15.34,6975800,197555192.0
2015-05-22,15.69,16.09,14.32,15.03,10261900,285454352.0
2015-05-25,14.83,16.58,14.58,16.58,8543900,252725769.0
2015-05-26,17.28,17.28,16.56,16.96,9998800,311921216.0
2015-05-27,16.96,17.82,16.04,16.97,8879600,275993424.0
2015-05-28,16.79,17.73,15.84,15.84,10020700,313339936.0
2015-05-29,15.96,17.17,15.12,16.5,9164300,275291312.0
2015-06-01,16.68,18.18,16.68,17.9,7726000,251102861.0
2015-06-02,18.12,18.73,17.57,18.67,9735800,327980464.0
2015-06-03,18.77,19.46,17.36,19.28,11073300,378268112.0
2015-06-04,19.34,19.38,17.56,18.22,9275300,313426592.0
2015-06-05,18.46,20.09,18.46,20.09,10494100,385312352.0
2015-06-08,20.04,20.32,18.84,19.43,12258300,440373792.0
2015-06-09,19.57,19.84,18.29,18.9,10291500,359475296.0
2015-06-10,18.88,19.76,18.34,19.51,9937300,350969552.0
2015-06-11,19.52,20.69,19.38,20.4,10416600,384617616.0
2015-06-12,20.73,21.14,20.18,20.22,7255600,273975200.0
2015-06-15,20.51,20.51,19.05,19.12,6516700,236660065.0
2015-06-16,18.46,19.01,17.35,17.99,6079500,204911426.0
2015-06-17,18.18,19.72,17.46,19.44,8431800,287580400.0
2015-06-18,19.44,19.68,18.18,18.18,6323600,221641503.0
2015-06-19,17.89,18.29,16.96,17.52,7837600,253920835.0
2015-06-23,17.79,18.01,15.79,17.46,6441700,203686454.0
2015-06-24,17.46,18.09,17.23,17.57,5427300,175955078.0
2015-06-25,17.57,17.73,15.78,16.07,6600800,205395511.0
2015-06-26,15.68,16.07,14.42,14.42,4811200,133620226.0
2015-06-29,14.57,14.71,12.93,12.96,12522300,310186656.0
2015-06-30,12.07,14.29,11.62,14.29,14357300,343898048.0
2015-07-01,14.19,15.68,13.21,13.88,12440400,339189856.0
2015-07-02,13.73,14.88,12.57,13.14,11811300,303368528.0
2015-07-03,12.21,14.26,11.78,12.79,14493900,341032384.0
2015-07-06,14.11,14.11,11.47,12.12,12194700,290485088.0
2015-07-14,13.38,13.38,13.38,13.38,4420400,109890075.0
2015-07-15,13.96,13.96,11.99,11.99,18544300,424794496.0
2015-07-16,11.34,12.12,10.75,11.37,19669800,410179536.0
2015-07-17,11.4,12.53,11.13,12.34,13636300,306378400.0
2015-07-20,12.41,13.62,12.41,13.21,14108800,343444896.0
2015-07-21,13.01,13.46,12.62,13.16,9082800,220370735.0
2015-07-22,13.19,13.65,12.72,13.11,9678100,237462119.0
2015-07-23,13.29,13.73,12.9,13.68,9703800,243327172.0
2015-07-24,13.57,14.56,13.47,13.77,12394000,322643680.0
2015-07-27,13.18,13.57,12.35,12.35,12817500,310437920.0
2015-07-28,11.07,12.22,11.07,11.07,18953700,397623552.0
2015-07-29,11.47,11.56,10.26,11.43,15334300,309676208.0
2015-07-30,11.17,11.43,10.24,10.24,12000200,247020580.0
2015-07-31,10.12,10.3,9.57,9.96,11720400,219290906.0
2015-08-03,9.98,9.98,8.92,9.04,11394800,197570882.0
2015-08-04,9.04,9.96,8.94,9.92,13197500,234333482.0
2015-08-05,10.03,10.62,9.92,10.24,14956500,288338256.0
2015-08-06,9.83,10.57,9.76,10.33,7549400,144510409.0
2015-08-07,10.33,10.73,10.33,10.68,9839800,195136329.0
2015-08-10,10.89,11.79,10.73,11.62,11518800,241871510.0
2015-08-11,11.66,11.91,11.46,11.56,8314700,181650399.0
2015-08-12,11.26,11.67,10.79,10.79,7618200,159772239.0
2015-08-13,10.76,11.17,10.39,11.1,10920700,219179001.0
2015-08-14,11.1,11.51,11.08,11.21,9123100,191917212.0
2015-08-17,11.12,11.12,10.52,10.96,9249500,187075737.0
2015-08-18,10.97,11.37,9.82,9.91,13105400,265723700.0
2015-08-19,9.57,10.22,9.07,10.21,9543900,175725409.0
2015-08-20,9.96,10.52,9.84,10.34,8930300,171188869.0
2015-08-21,9.84,10.29,9.27,9.29,13877700,248537506.0
2015-08-24,8.68,8.84,8.32,8.32,4599200,73369805.0
2015-08-25,7.44,7.67,7.44,7.44,10233500,145565980.0
2015-08-26,7.44,7.62,6.66,6.66,28833900,379653376.0
2015-08-27,6.9,7.22,6.68,7.2,16302000,216330510.0
2015-08-28,7.4,7.81,7.24,7.76,13987700,199207250.0
2015-08-31,7.76,7.76,7.13,7.35,9775700,137217935.0
2015-09-01,7.29,7.29,6.67,6.72,10718000,143710275.0
2015-09-02,6.23,7.06,6.13,6.23,9449100,119328264.0
2015-09-07,6.52,6.79,6.37,6.62,6426600,81115466.0
2015-09-08,6.51,7.24,6.42,7.22,7891300,103937137.0
2015-09-09,7.26,7.62,7.22,7.57,19407400,275040240.0
2015-09-10,7.37,7.73,7.31,7.44,9850800,141180220.0
2015-09-11,7.51,7.59,7.27,7.44,6650400,94131942.0
2015-09-14,7.51,7.58,6.66,6.66,7456700,100044465.0
2015-09-15,6.29,6.79,6.23,6.32,7097200,88228061.0
2015-09-16,6.43,7.0,6.43,7.0,7707900,98865357.0
2015-09-17,7.01,7.42,7.0,7.16,12003800,165879837.0
2015-09-18,7.23,7.59,7.02,7.44,7833600,109020254.0
2015-09-21,7.34,8.19,7.21,7.99,9813700,146691089.0
2015-09-22,7.92,8.21,7.69,7.88,9633400,145186132.0
2015-09-23,7.63,8.01,7.63,7.89,7068900,105674218.0
2015-09-24,7.91,8.18,7.83,7.96,7398200,112172710.0
2015-09-25,7.84,7.99,7.39,7.58,6052000,88683784.0
2015-09-28,7.62,8.21,7.35,8.13,9731200,146766584.0
2015-09-29,7.97,8.1,7.72,7.74,8229300,122861931.0
2015-09-30,7.83,7.88,7.51,7.58,5567400,80859254.0
2015-10-08,7.92,8.28,7.82,8.15,9751200,149634960.0
2015-10-09,8.23,9.01,8.09,9.01,13417500,221092466.0
2015-10-12,8.9,9.47,8.76,9.23,11144400,193343802.0
2015-10-13,9.08,9.55,9.06,9.34,6618700,116447578.0
2015-10-14,9.34,9.36,8.88,9.06,5922000,101604100.0
2015-10-15,8.93,9.44,8.86,9.39,6988000,120595863.0
2015-10-16,9.36,9.67,9.32,9.53,7535000,134699900.0
2015-10-19,9.53,9.54,8.83,9.06,13721300,236277514.0
2015-10-20,9.06,9.33,8.96,9.3,9785000,168979936.0
2015-10-21,9.37,9.38,8.47,8.54,12377800,207916210.0
2015-10-22,8.57,9.07,8.57,8.92,10951900,183169703.0
2015-10-23,9.07,9.32,8.92,9.24,6987900,120649404.0
2015-10-26,9.38,9.71,9.19,9.37,12581800,223135020.0
2015-10-27,9.36,9.46,8.73,9.39,8547000,146384157.0
2015-10-28,9.29,9.75,9.09,9.21,8865000,158794479.0
2015-10-29,9.29,9.84,9.18,9.71,13896400,248117850.0
2015-10-30,9.63,10.72,9.63,10.4,18941800,366031104.0
2015-11-02,10.01,11.24,9.82,10.79,16698400,334766112.0
2015-11-03,10.87,11.14,10.34,10.81,12896400,259923366.0
2015-11-04,10.83,11.49,10.63,11.37,14859800,307987824.0
2015-11-05,11.29,11.36,10.34,10.68,22044700,445603296.0
2015-11-06,10.57,11.29,10.57,11.14,13137300,270156096.0
2015-11-09,10.93,11.88,10.68,11.83,14004100,294731456.0
2015-11-10,11.62,11.76,11.11,11.37,12437400,265297142.0
2015-11-11,11.37,11.44,10.96,11.28,9067700,189052384.0
2015-11-12,11.33,11.66,11.04,11.55,11406200,241033536.0
2015-11-13,11.66,12.56,11.13,11.98,20894700,468703152.0
2015-11-16,11.43,12.56,11.37,12.42,12084800,271052144.0
2015-11-17,12.46,13.17,12.23,12.89,14316900,337388448.0
2015-11-18,12.71,12.89,11.79,12.02,7752800,179214734.0
2015-11-19,12.07,12.44,11.82,12.36,7224800,162737476.0
2015-11-20,12.87,13.64,12.62,13.27,16289600,400507248.0
2016-03-14,11.89,11.89,11.89,11.89,618100,13715639.0
2016-03-15,10.66,10.66,10.66,10.66,803200,16039904.0
2016-03-16,9.68,10.29,9.55,9.57,41246500,753615552.0
2016-03-17,9.83,10.22,9.65,10.13,24457700,454400928.0
2016-03-18,10.0,10.92,9.78,10.51,20130200,388836576.0
2016-03-21,10.56,10.96,10.47,10.64,17778500,356432832.0
2016-03-22,11.09,11.42,10.78,10.83,16702900,343895520.0
2016-03-23,10.62,11.2,10.39,11.14,11964000,240754052.0
2016-03-24,10.89,11.36,10.66,10.73,14172900,291224672.0
2016-03-25,10.68,11.21,10.68,11.21,11950400,245924207.0
2016-03-28,11.27,11.65,10.99,11.03,13318300,281658400.0
2016-03-29,11.0,11.23,10.78,10.93,8288900,169971277.0
2016-03-30,11.06,11.38,10.92,11.27,10186800,211942987.0
2016-03-31,11.28,11.32,10.96,11.07,8614000,178813227.0
2016-04-01,10.96,11.07,10.46,10.63,7590000,151975962.0
2016-04-05,10.57,11.01,10.57,10.94,8650700,174951762.0
2016-04-06,10.84,11.5,10.84,11.34,14378500,303066784.0
2016-04-07,11.15,11.34,10.84,10.84,9247200,191960430.0
2016-04-08,10.74,10.84,10.23,10.65,9535300,187810190.0
2016-04-11,10.66,11.01,10.66,10.82,5885600,119491272.0
2016-04-12,10.79,10.86,10.39,10.46,4472200,88636460.0
2016-04-13,10.54,10.84,10.54,10.72,4882200,98362093.0
2016-04-14,10.76,10.87,10.63,10.83,4066900,81790165.0
2016-04-22,9.9,10.9,9.9,10.87,5616300,111095796.0
2016-04-25,10.79,10.85,10.16,10.34,3168100,61919563.0
2016-04-26,10.24,10.49,10.22,10.46,3062100,59248269.0
2016-04-27,10.4,10.61,10.34,10.44,2919700,57388190.0
2016-04-28,10.62,10.82,10.46,10.68,4952300,98933532.0
2016-04-29,10.68,11.18,10.68,11.12,7067500,145379862.0
2016-05-03,11.09,11.63,10.99,11.53,11107800,237733325.0
2016-05-04,11.65,11.74,11.32,11.37,8064400,171989362.0
2016-05-05,11.43,11.44,11.18,11.43,3825700,80674712.0
2016-05-06,11.42,11.49,10.66,10.78,6347500,130515796.0
2016-05-09,10.68,10.71,10.15,10.29,5004000,96553932.0
2016-05-10,10.2,10.47,10.17,10.31,2366600,45536133.0
2016-05-11,10.41,10.43,9.98,10.16,2786900,53164560.0
2016-05-12,10.09,10.34,9.87,10.34,2305100,43733183.0
2016-05-13,10.36,10.5,10.25,10.37,1640000,31791962.0
2016-05-16,10.32,10.53,9.98,10.51,2866400,55157617.0
2016-05-17,10.52,10.59,10.18,10.41,2523300,49156417.0
2016-05-18,10.33,10.33,9.34,9.53,5149300,94528559.0
2016-05-19,9.49,9.76,9.38,9.42,3075500,55182190.0
2016-05-20,9.19,9.51,9.1,9.4,3980000,69189519.0
2016-05-23,9.37,10.13,9.37,9.85,5138600,94725170.0
2016-05-24,9.82,9.88,9.61,9.76,2358000,43032339.0
2016-05-25,9.86,10.08,9.73,9.81,2791500,52013661.0
2016-05-26,9.9,9.9,9.38,9.72,2460200,44263215.0
2016-05-27,9.73,10.19,9.72,9.91,3641100,68369150.0
2016-05-30,9.99,10.19,9.61,10.11,2935400,54874567.0
2016-05-31,10.15,10.71,10.09,10.62,5649800,110715362.0
2016-06-01,10.71,11.37,10.71,11.12,10400000,216701887.0
2016-06-02,11.07,11.47,10.82,11.26,8920900,186746622.0
2016-06-03,11.23,12.19,11.15,11.7,13256500,291313392.0
2016-06-06,11.65,11.99,11.53,11.7,7799000,170605625.0
2016-06-07,11.7,11.88,11.57,11.81,4325500,94256485.0
2016-06-08,11.49,11.74,11.34,11.58,4043900,86673750.0
2016-06-13,11.32,11.65,10.98,10.98,4772700,100714657.0
2016-06-14,10.99,11.34,10.82,10.99,5651200,116879635.0
2016-06-15,10.98,12.13,10.88,12.13,10288200,227053690.0
2016-06-16,12.14,12.99,12.13,12.57,12444900,293157840.0
2016-06-17,13.09,13.73,12.69,12.92,12479600,305884768.0
2016-06-20,12.84,13.97,12.57,13.53,11861300,293730704.0
2016-06-21,13.63,14.04,13.37,13.69,11309400,288135920.0
2016-06-22,13.48,13.7,13.25,13.53,7325000,182850998.0
2016-06-23,13.53,13.6,12.92,13.08,6681500,163892889.0
2016-06-24,12.98,13.93,12.47,13.6,11300600,278082416.0
2016-06-27,13.48,14.34,13.37,13.99,9257200,240753126.0
2016-06-28,14.07,14.31,13.68,13.86,7290600,187990854.0
2016-06-29,13.79,13.91,13.53,13.75,7388900,187586096.0
2016-06-30,13.83,13.83,13.33,13.49,6884500,172230007.0
2016-07-01,13.57,13.58,13.09,13.32,3858000,95189310.0
2016-07-04,13.39,13.92,13.26,13.57,7472600,188999610.0
2016-07-05,13.53,13.58,13.18,13.37,4697300,116538914.0
2016-07-06,13.45,13.59,13.26,13.39,4149500,103368756.0
2016-07-07,13.34,13.83,13.15,13.74,8014500,200422981.0
2016-07-08,13.76,13.93,13.5,13.72,4049600,102675889.0
2016-07-11,13.78,13.79,13.16,13.34,3936000,98360192.0
2016-07-12,13.22,13.4,12.65,13.03,7166200,172171749.0
2016-07-13,13.26,13.34,12.93,13.03,4564100,110819990.0
2016-07-14,13.04,13.18,12.93,13.12,3381800,81904348.0
2016-07-15,13.04,13.18,12.8,12.87,3952400,95012095.0
2016-07-18,12.86,12.92,12.54,12.61,3331800,78571846.0
2016-07-19,12.61,12.79,12.41,12.78,2369200,55468921.0
2016-07-20,12.78,13.31,12.72,13.16,5676000,138039457.0
2016-07-21,13.21,13.29,13.04,13.11,2434800,59251203.0
2016-07-22,13.19,13.2,12.68,12.73,4009000,95716010.0
2016-07-25,12.61,13.09,12.61,12.91,2384400,57043976.0
2016-07-26,12.99,13.08,12.76,13.03,3106200,74629018.0
2016-07-27,13.03,13.07,12.12,12.33,6230900,145052230.0
2016-07-28,12.37,12.52,12.04,12.26,2680900,61025367.0
2016-07-29,12.26,12.4,12.09,12.17,2770900,62895544.0
2016-08-01,12.02,12.46,11.94,12.32,2619100,59742447.0
2016-08-02,12.28,12.45,12.27,12.45,1563800,36025562.0
2016-08-03,12.46,12.73,12.39,12.58,2577500,60447298.0
2016-08-04,12.57,12.91,12.49,12.87,2431800,57598241.0
2016-08-05,12.87,12.93,12.68,12.85,2468800,58708608.0
2016-08-08,12.85,12.97,12.72,12.95,3416500,81343086.0
2016-08-09,13.02,13.38,12.96,13.29,4522900,111232388.0
2016-08-10,13.29,13.37,13.02,13.14,2967000,72556177.0
2016-08-11,13.04,13.16,12.83,13.13,3124600,75370831.0
2016-08-12,13.09,13.22,12.82,13.21,2739600,66368370.0
2016-08-15,13.18,13.34,12.93,13.3,4749600,116017740.0
2016-08-16,13.3,13.56,13.21,13.33,3495000,86703354.0
2016-08-17,13.26,13.41,13.12,13.23,2780400,68121686.0
2016-08-18,13.14,13.23,12.82,12.84,3926500,94438659.0
2016-08-19,12.88,13.09,12.77,13.09,2367600,56934106.0
2016-08-22,13.14,13.24,12.86,12.9,2206100,53208019.0
2016-08-23,12.89,12.95,12.61,12.64,3493900,82687143.0
2016-08-24,12.68,12.99,12.54,12.9,2091000,49682941.0
2016-08-25,13.07,13.09,12.71,12.93,2192700,52667795.0
2016-08-26,12.94,13.36,12.85,13.21,4052700,99251303.0
2016-08-29,13.18,13.55,13.12,13.26,4775700,118728237.0
2016-08-30,13.27,13.43,13.16,13.37,2345400,57935113.0
2016-08-31,13.43,13.47,13.11,13.27,1967200,48438272.0
2016-09-01,13.3,13.67,13.21,13.53,4203200,105167868.0
2016-09-02,13.54,13.72,13.21,13.32,3849700,96434467.0
2016-09-05,13.32,13.37,13.11,13.12,2104900,51576786.0
2016-09-06,13.12,13.53,12.94,13.43,2894600,71136189.0
2016-09-07,13.43,13.59,13.37,13.42,1936200,48317268.0
2016-09-08,13.42,13.48,13.21,13.29,1632900,40413550.0
2016-09-09,13.29,14.3,13.21,14.03,8054300,208812428.0
2016-09-12,13.82,13.94,13.29,13.44,5505900,138936627.0
2016-09-13,13.47,13.59,13.31,13.48,2593300,64674802.0
2016-09-14,13.39,13.48,12.9,12.93,3994800,97293281.0
2016-09-19,12.93,13.17,12.86,12.98,2796400,67442017.0
2016-09-20,12.98,13.03,12.82,12.93,1977100,47347189.0
2016-09-21,12.93,13.15,12.93,13.04,1538000,37278996.0
2016-09-22,13.05,13.12,12.93,12.96,2424900,58596009.0
2016-09-23,13.08,13.11,12.96,13.01,1158000,28042607.0
2016-09-26,13.03,13.03,12.59,12.59,1956800,46508916.0
2016-09-27,12.59,12.97,12.54,12.85,1717700,40498579.0
2016-09-28,13.07,13.59,13.03,13.12,4242500,105001874.0
2016-09-29,13.07,13.46,13.04,13.21,2550000,62890820.0
2016-09-30,13.13,13.24,13.04,13.17,1575800,38421126.0
2016-10-10,13.22,13.67,13.22,13.58,4740200,119081721.0
2016-10-11,13.62,13.69,13.48,13.61,2266500,57044668.0
2016-10-12,13.61,13.68,13.46,13.65,1923300,48300954.0
2016-10-13,13.65,13.68,13.49,13.67,1833100,46154648.0
2016-10-14,13.67,13.67,13.43,13.53,2064400,51660695.0
2016-10-17,13.59,13.65,13.44,13.47,2489300,62682896.0
2016-10-18,13.41,14.01,13.38,13.83,3359300,85656687.0
2016-10-19,13.91,14.01,13.77,13.87,3258000,84000299.0
2016-10-20,13.87,13.92,13.58,13.59,2555800,65028321.0
2016-10-21,13.51,13.75,13.49,13.67,1696000,42826218.0
2016-10-24,13.69,13.89,13.48,13.78,2924100,74556840.0
2016-10-25,13.78,13.84,13.54,13.64,2970800,75094132.0
2016-10-26,13.65,13.68,13.48,13.5,2003400,50359343.0
2016-10-27,13.54,13.89,13.51,13.67,3083700,78598417.0
2016-10-28,13.67,13.92,13.63,13.74,3239200,82697863.0
2016-10-31,13.71,13.73,13.15,13.29,3503300,86891018.0
2016-11-01,13.32,13.42,13.21,13.37,2133600,52699707.0
2016-11-02,13.37,13.62,13.24,13.38,2441000,60978384.0
2016-11-03,13.37,13.46,13.27,13.31,1468500,36387804.0
2016-11-04,13.4,13.4,13.03,13.14,2408000,58734218.0
2016-11-07,13.04,13.14,12.91,12.98,2495000,60093109.0
2016-11-08,13.04,13.1,12.97,13.06,1337100,32359303.0
2016-11-09,13.06,13.08,12.66,12.88,2134300,51081377.0
2016-11-10,13.12,13.22,12.98,13.13,1967400,47861119.0
2016-11-11,13.14,13.26,12.82,12.93,3127700,75455747.0
2016-11-14,12.98,13.09,12.84,13.08,3318400,80005510.0
2016-11-15,13.04,13.12,12.84,13.01,2576400,61932662.0
2016-11-16,13.03,13.36,12.98,13.27,3757700,92243474.0
2016-11-17,13.28,13.33,12.97,13.06,1941600,47004068.0
2016-11-18,13.01,13.09,12.93,12.96,1421200,34212280.0
2016-11-21,12.87,13.18,12.83,13.04,2404700,57963457.0
2016-11-22,12.99,13.08,12.94,13.04,2099300,50770256.0
2016-11-23,13.04,13.1,12.71,12.76,3918900,93551056.0
2016-11-24,12.71,12.87,12.64,12.76,2660200,62998408.0
2016-11-25,12.68,12.92,12.68,12.9,2172100,51835510.0
2016-11-28,12.89,13.04,12.74,12.76,2577300,61561624.0
2016-11-29,12.76,12.83,12.61,12.62,2160800,51121265.0
2016-11-30,12.54,12.71,12.43,12.47,2702800,63082563.0
2016-12-01,12.56,12.79,12.48,12.58,2655100,62397901.0
2016-12-02,12.63,12.68,12.49,12.67,1721300,40235056.0
2016-12-05,12.58,12.75,12.5,12.54,1404100,32887544.0
2016-12-06,12.57,12.7,12.54,12.69,1414600,33168734.0
2016-12-07,12.68,12.88,12.58,12.82,1931100,45819740.0
2016-12-08,12.89,12.89,12.5,12.52,1985500,46569622.0
2016-12-09,12.56,12.61,12.16,12.23,2461200,56622096.0
2016-12-12,12.21,12.28,11.63,11.76,5079300,112237552.0
2016-12-13,11.73,12.12,11.62,11.98,3035000,66927892.0
2016-12-14,11.98,12.07,11.36,11.62,3293000,71640489.0
2016-12-15,11.53,11.67,11.15,11.37,4439400,94266118.0
2016-12-16,11.38,11.94,11.27,11.84,4868200,105255333.0
2016-12-19,11.84,12.02,11.64,11.77,2262500,49813017.0
2016-12-20,11.69,11.81,11.59,11.81,1365000,29706453.0
2016-12-21,11.82,11.98,11.64,11.78,2124700,46606372.0
2016-12-22,11.82,11.82,11.44,11.65,2690200,58082037.0
2016-12-23,11.64,11.68,11.45,11.62,1803000,38803193.0
2016-12-26,11.59,11.59,11.15,11.43,1917100,40607804.0
2016-12-27,11.4,11.52,11.21,11.29,2359700,49967437.0
2016-12-28,11.18,11.41,11.15,11.37,1772700,37496335.0
2016-12-29,11.43,11.68,11.36,11.6,2951300,63793523.0
2016-12-30,11.6,11.87,11.54,11.73,2593000,56647973.0
2017-01-03,11.87,11.91,11.61,11.67,2264400,49561567.0
2017-01-04,11.71,11.77,11.54,11.66,2483600,53814770.0
2017-01-05,11.65,11.84,11.61,11.66,3879300,84604423.0
2017-01-06,11.68,11.73,11.33,11.37,3571500,76047586.0
2017-01-09,11.63,11.63,11.31,11.48,3945400,83902214.0
2017-01-10,11.52,11.52,11.38,11.49,2708900,57892217.0
2017-01-18,10.98,11.27,10.52,10.98,6571800,133415331.0
2017-01-19,10.77,11.01,10.77,10.9,1201600,24456849.0
2017-01-20,10.91,11.21,10.9,11.18,1489200,30859814.0
2017-01-23,11.25,11.27,11.04,11.13,1433000,29717281.0
2017-01-24,11.13,11.13,11.06,11.08,823400,17034137.0
2017-01-25,11.04,11.26,11.03,11.16,971100,20182634.0
2017-01-26,11.21,11.36,11.17,11.36,1125600,23608422.0
2017-02-03,11.34,11.34,11.18,11.26,699400,14628545.0
2017-02-06,11.17,11.26,11.08,11.26,3477900,72530393.0
2017-02-07,11.31,11.37,11.15,11.21,1782700,37297579.0
2017-02-08,11.18,11.2,10.96,11.15,1184800,24526541.0
2017-02-09,11.15,11.39,11.12,11.22,2151500,45214741.0
2017-02-10,11.38,11.51,11.38,11.43,2863900,61036065.0
2017-02-13,11.4,11.6,11.28,11.48,1985900,42522983.0
2017-02-14,11.46,11.62,11.41,11.51,1727200,37028676.0
2017-02-15,11.53,11.71,11.48,11.59,2590200,56059571.0
2017-02-16,11.54,11.67,11.44,11.48,1266800,27211901.0
2017-02-17,11.44,11.51,11.27,11.29,1404400,29775299.0
2017-02-20,11.29,11.4,11.25,11.37,1494800,31539412.0
2017-02-21,11.4,11.5,11.26,11.46,2146800,45613145.0
2017-02-22,11.46,11.52,11.34,11.43,2294900,48813042.0
2017-02-23,11.47,11.58,11.46,11.55,1643200,35261079.0
2017-02-24,11.68,11.74,11.47,11.72,2406400,52169600.0
2017-02-27,11.73,11.73,11.56,11.59,1811400,39178304.0
2017-02-28,11.64,11.64,11.47,11.48,1101400,23638466.0
2017-03-01,11.52,11.66,11.48,11.61,1372300,29629664.0
2017-03-02,11.62,11.65,11.45,11.58,1686100,36241789.0
2017-03-03,11.55,12.32,11.48,11.76,3364700,73924428.0
2017-03-06,11.83,11.92,11.71,11.82,2597800,57261406.0
2017-03-07,11.85,12.24,11.84,12.07,5005000,112629676.0
2017-03-08,12.09,12.25,11.97,12.16,3140200,70750843.0
2017-03-09,12.12,12.18,11.98,12.18,1977200,44339731.0
2017-03-10,12.17,12.4,12.02,12.38,3131800,71319355.0
2017-03-13,12.31,12.43,12.18,12.42,3120600,71608643.0
2017-03-14,12.37,12.44,12.27,12.38,2907100,66722126.0
2017-03-15,12.38,12.38,12.16,12.31,2168000,49333776.0
2017-03-16,12.31,12.39,12.22,12.32,2238300,51196402.0
2017-03-17,12.36,12.36,11.98,12.03,2030600,46079398.0
2017-03-20,12.05,12.13,11.92,12.12,1618500,36143506.0
2017-03-21,12.07,12.11,11.93,12.11,1935400,43305252.0
2017-03-22,12.02,12.12,12.0,12.05,1127700,25280429.0
2017-03-23,12.09,12.22,11.88,11.94,2232500,50165001.0
2017-03-24,11.98,12.01,11.85,11.98,2928900,64954382.0
2017-03-27,11.99,12.03,11.86,11.91,1946700,43189928.0
2017-03-28,11.92,11.96,11.76,11.84,1786300,39385495.0
2017-03-29,11.84,11.84,11.68,11.68,1645700,35985600.0
2017-03-30,11.67,11.68,11.19,11.34,2881700,61168682.0
2017-03-31,11.36,11.48,10.98,11.05,3771100,78345185.0
2017-04-05,11.0,11.19,10.96,11.01,9219400,189820101.0
2017-04-06,11.14,11.51,11.06,11.19,6090800,127966626.0
2017-04-07,11.19,11.44,11.19,11.43,4406300,93148866.0
2017-04-10,11.38,11.45,11.14,11.16,4431800,93367594.0
2017-04-11,11.17,11.46,11.17,11.46,3649000,77427157.0
2017-04-12,11.54,11.69,11.29,11.31,2915100,62488233.0
2017-04-13,11.31,11.44,11.26,11.29,1750500,36994306.0
2017-04-14,11.32,11.37,10.89,10.96,3853700,79656772.0
2017-04-17,10.93,11.14,10.84,11.0,2473000,50741788.0
2017-04-18,11.0,11.13,10.91,11.01,1437000,29605716.0
2017-04-19,10.96,11.15,10.64,11.1,2916200,59179703.0
2017-04-20,11.04,11.22,10.79,11.12,3882900,79509155.0
2017-04-21,11.17,11.31,11.09,11.11,1963100,40980716.0
2017-04-24,11.21,11.21,10.91,11.09,1597800,33034736.0
2017-04-25,11.07,11.24,11.07,11.16,1765800,36775284.0
2017-04-26,11.16,11.23,11.09,11.11,1596900,33256791.0
2017-04-27,11.07,11.22,10.71,11.19,2333300,47904095.0
2017-04-28,11.17,11.4,11.11,11.32,3833200,80755322.0
2017-05-02,11.4,11.4,11.15,11.16,1689700,35378685.0
2017-05-03,11.12,11.14,10.84,10.94,2726900,55754386.0
2017-05-04,10.92,10.98,10.8,10.82,2134800,43328123.0
2017-05-05,10.83,10.87,10.72,10.81,1411100,28413588.0
2017-05-08,10.76,10.81,10.57,10.57,2516100,50064397.0
2017-05-09,10.52,10.64,10.34,10.58,1828700,35862926.0
2017-05-10,10.58,10.76,10.29,10.38,1912500,37720909.0
2017-05-11,10.32,10.32,9.77,10.18,4280300,80658604.0
2017-05-12,10.21,10.32,9.99,10.22,2766100,52734659.0
2017-05-15,10.23,10.32,10.21,10.27,1236400,23739500.0
2017-05-16,10.33,10.68,10.15,10.66,2430500,47422630.0
2017-05-17,10.68,10.83,10.56,10.6,2883100,57717944.0
2017-05-18,10.62,10.64,10.43,10.59,1197600,23623455.0
2017-05-19,10.62,10.71,10.35,10.63,3104600,33735969.0
2017-05-22,10.62,10.63,9.9,10.2,4424900,47161668.0
2017-05-23,10.12,10.19,9.63,9.73,7865900,80525708.0
2017-05-24,9.68,9.85,9.6,9.72,5264100,52869380.0
2017-05-25,9.72,9.92,9.56,9.91,3978700,40081058.0
2017-05-26,9.86,9.93,9.63,9.71,3603900,36432829.0
2017-05-31,9.88,9.91,9.62,9.67,3440100,34655280.0
2017-06-01,9.66,9.69,9.04,9.05,9265600,88909606.0
2017-06-02,8.97,9.31,8.81,9.16,4107100,38556299.0
2017-06-05,9.13,9.73,9.13,9.56,7843600,77554466.0
2017-06-06,9.56,9.75,9.46,9.64,3092500,30949375.0
2017-06-07,9.63,9.94,9.58,9.94,3517100,35857763.0
2017-06-08,9.92,10.0,9.8,9.86,2736600,28024820.0
2017-06-09,9.83,9.92,9.73,9.76,3215900,32662062.0
2017-06-12,9.66,9.87,9.65,9.68,2130200,21514162.0
2017-06-13,9.95,9.95,9.65,9.9,3739100,37993273.0
2017-06-14,9.9,9.91,9.7,9.84,4424900,44747654.0
2017-06-15,9.85,10.26,9.77,10.16,6660000,69605347.0
2017-06-16,10.29,10.29,10.02,10.12,3624100,38059964.0
2017-06-19,10.06,10.13,9.88,10.03,3665500,37933367.0
2017-06-20,10.05,10.15,10.0,10.07,3172900,33039059.0
2017-06-21,10.07,10.07,9.86,9.89,2767300,28421446.0
2017-06-22,9.83,10.01,9.8,9.82,3040700,31138328.0
2017-06-23,9.8,9.99,9.75,9.97,2385100,24388383.0
2017-06-26,9.96,10.07,9.81,10.05,2720100,28051253.0
2017-06-27,9.97,10.18,9.89,9.94,3083500,31991707.0
2017-06-28,9.89,9.97,9.74,9.82,2720900,27723670.0
2017-06-29,9.82,9.9,9.77,9.81,2851900,29028375.0
2017-06-30,9.8,9.88,9.68,9.82,2600300,26323998.0
2017-07-03,9.79,9.95,9.73,9.93,2177400,22237954.0
2017-07-04,10.0,10.0,9.71,9.73,3749700,38050112.0
2017-07-05,9.73,9.82,9.68,9.77,3310200,33453799.0
2017-07-06,9.78,9.82,9.71,9.8,2554000,25823945.0
2017-07-07,9.85,9.91,9.67,9.76,4306200,43530929.0
2017-07-10,9.77,9.78,9.52,9.61,6210600,61976899.0
2017-07-11,9.61,9.61,9.24,9.3,5595000,54600432.0
2017-07-12,9.25,9.32,9.08,9.19,5203700,49445795.0
2017-07-13,9.2,9.24,9.06,9.08,4651800,44070142.0
2017-07-14,9.07,9.4,8.95,9.4,9643900,91297018.0
2017-07-17,9.35,9.36,8.86,9.07,9722700,91345838.0
2017-07-18,8.93,9.04,8.7,8.86,6741800,62019356.0
2017-07-19,8.83,8.91,8.71,8.9,4666000,42754284.0
2017-07-20,8.9,9.35,8.8,9.28,10432200,98928735.0
2017-07-21,9.24,9.3,9.07,9.18,5658500,53855323.0
2017-07-24,9.14,9.16,8.92,9.06,5934900,55608900.0
2017-07-25,9.07,9.22,8.96,9.22,4831100,45646324.0
2017-07-26,9.18,9.57,9.18,9.37,8929600,87396668.0
2017-07-27,9.36,10.0,9.35,9.95,16293600,165479097.0
2017-07-28,9.9,10.14,9.83,9.9,7691800,79378506.0
2017-07-31,9.91,10.17,9.81,10.1,10479100,108306181.0
2017-08-01,10.07,10.15,9.88,9.94,5661800,58634759.0
2017-08-02,9.9,10.02,9.84,9.98,5612200,57644355.0
2017-08-03,9.99,10.2,9.87,10.03,5663500,58789233.0
2017-08-04,9.97,10.05,9.73,9.88,5892300,60216944.0
2017-08-07,9.94,10.07,9.85,9.96,3117300,32090956.0
2017-08-08,9.9,10.32,9.88,10.29,8102000,85096528.0
2017-08-09,10.31,10.56,10.17,10.26,7709800,82887390.0
2017-08-10,10.19,10.4,10.04,10.3,5884000,62066594.0
2017-08-11,10.15,10.28,9.99,10.02,6058600,63612349.0
2017-08-14,9.8,10.33,9.8,10.3,7369400,77167217.0
2017-08-15,10.35,10.35,10.1,10.12,4540000,48002759.0
2017-08-16,10.18,10.27,10.07,10.09,9634600,101421642.0
2017-08-17,10.13,10.49,10.05,10.45,8803300,93517913.0
2017-08-18,10.35,10.43,10.26,10.36,7044200,75226574.0
2017-08-21,10.36,10.43,9.63,9.95,24160700,247731258.0
2017-08-22,9.86,9.95,9.65,9.68,13001200,131519623.0
2017-08-23,9.72,9.76,9.47,9.51,7329300,72854751.0
2017-08-24,9.46,9.54,9.33,9.37,6312200,61550668.0
2017-08-25,9.35,9.51,9.33,9.38,8974900,87442575.0
2017-08-28,9.37,9.63,9.36,9.59,10257200,101014751.0
2017-08-29,9.58,9.58,9.32,9.35,8196600,79941588.0
2017-08-30,9.33,9.46,9.32,9.35,6115400,59506458.0
2017-08-31,9.38,9.47,9.28,9.41,7649600,74385942.0
2017-09-01,9.37,9.5,9.37,9.43,6150200,60158249.0
2017-09-04,9.43,9.78,9.36,9.67,11404200,113206654.0
2017-09-05,9.63,9.83,9.6,9.71,9161400,92266164.0
2017-09-06,9.65,9.85,9.61,9.82,7266000,73493781.0
2017-09-07,9.85,10.1,9.8,9.88,9988800,102624159.0
2017-09-08,9.89,9.95,9.61,9.73,7154400,72237804.0
2017-09-11,9.7,9.77,9.63,9.69,6353300,63755913.0
2017-09-12,9.72,9.95,9.66,9.82,7830400,79508208.0
2017-09-13,9.77,9.85,9.66,9.78,5507700,55605965.0
2017-09-14,9.79,9.81,9.65,9.71,4715400,47436861.0
2017-09-15,9.69,9.7,9.56,9.63,3419600,34036775.0
2017-09-18,9.61,9.81,9.57,9.79,3532300,35660860.0
2017-09-19,9.8,9.85,9.6,9.63,4071500,40942709.0
2017-09-20,9.64,10.12,9.62,10.05,14438000,148249547.0
2017-09-21,9.98,10.29,9.92,10.04,15548600,162180056.0
2017-09-22,10.0,10.15,9.87,10.15,8891300,92259894.0
2017-09-25,10.11,10.2,9.6,9.66,12830800,132136266.0
2017-09-26,9.62,9.71,9.33,9.46,8226600,81311102.0
2017-09-27,9.47,9.53,9.4,9.4,5383200,52775799.0
2017-09-28,9.41,9.49,9.21,9.24,9847500,95436836.0
2017-09-29,9.25,9.3,9.07,9.15,10493300,99890740.0
2017-10-09,9.27,9.48,9.21,9.43,10738900,104176424.0
2017-10-10,9.43,9.58,9.27,9.54,10327100,100560466.0
2017-10-11,9.46,9.63,9.44,9.58,6255200,61964616.0
2017-10-12,9.6,9.61,9.46,9.51,6954000,68790779.0
2017-10-13,9.48,9.51,9.37,9.43,5418000,52984489.0
2017-10-16,9.44,9.45,9.02,9.12,8577100,81871248.0
2017-10-17,9.08,9.12,8.86,9.04,5057700,47352437.0
2017-10-18,9.02,9.11,8.98,8.99,3262800,30683110.0
2017-10-19,8.99,9.05,8.75,8.83,5437800,50221140.0
2017-10-20,8.87,8.99,8.76,8.95,3730700,34480886.0
2017-10-23,8.95,9.0,8.85,8.92,5085500,47068063.0
2017-10-24,8.9,8.98,8.86,8.95,4226700,39199210.0
2017-10-25,8.98,9.28,8.98,9.24,8514200,81292125.0
2017-10-26,9.15,9.33,9.07,9.31,6152300,58923837.0
2017-10-27,9.31,9.38,9.24,9.27,4962800,47932113.0
2017-10-30,9.37,9.39,9.1,9.29,5948100,57147380.0
2017-10-31,9.29,9.32,9.15,9.24,3758400,35910830.0
2017-11-01,9.19,9.4,9.15,9.28,6787600,65354810.0
2017-11-02,9.21,9.57,9.21,9.45,8283400,81342545.0
2017-11-03,9.45,10.03,9.35,9.71,18316500,185616142.0
2017-11-06,9.76,10.29,9.76,10.15,20420800,213365433.0
2017-11-07,10.16,10.19,9.95,10.05,9132000,94954347.0
2017-11-08,10.0,10.11,9.81,9.97,7705500,79509124.0
2017-11-09,9.97,10.22,9.9,10.16,8742600,91315832.0
2017-11-10,10.29,11.21,10.2,11.21,31252600,357011824.0
2017-11-13,11.21,11.32,10.76,10.83,27599600,314281616.0
2017-11-14,10.99,11.32,10.86,10.98,21591400,247923419.0
2017-11-15,10.87,11.76,10.87,11.17,22185500,260192398.0
2017-11-16,11.17,11.73,11.15,11.3,19499100,229878173.0
2017-11-17,11.35,11.68,10.95,11.09,15398400,178820870.0
2017-11-20,10.95,11.44,10.66,11.43,9090300,103645025.0
2017-11-21,11.55,12.08,11.26,11.75,22127600,265190758.0
2017-11-22,11.65,11.74,11.31,11.49,12433000,147165987.0
2017-11-23,11.37,11.47,10.65,10.68,14252600,160877754.0
2017-11-24,10.65,11.08,10.6,10.8,12075900,135473813.0
2017-11-27,10.71,11.13,10.07,10.1,15507400,170948057.0
2017-11-28,10.24,10.8,10.2,10.68,16207100,175963160.0
2017-11-29,10.9,11.31,10.73,11.15,19834500,225745174.0
2017-11-30,11.05,11.3,10.75,10.87,12036700,137084217.0
2017-12-01,10.89,11.99,10.89,11.7,40990900,491987392.0
2017-12-04,11.75,12.04,11.45,11.8,26531100,322327920.0
2017-12-05,11.65,11.77,11.0,11.35,21500200,252376633.0
2017-12-06,11.25,11.93,11.11,11.93,22809100,271072800.0
2017-12-07,11.75,12.33,11.7,11.85,25877000,320179920.0
2017-12-08,11.75,12.16,11.48,12.05,16543600,203150652.0
2017-12-11,11.92,12.12,11.68,11.92,21008100,255690896.0
2017-12-12,11.88,12.73,11.7,12.45,36125200,455164944.0
2017-12-13,12.26,12.58,12.25,12.55,20142500,256909060.0
2017-12-14,12.5,12.99,12.36,12.5,23005900,298467568.0
2017-12-15,12.47,12.5,12.08,12.15,19875300,250513916.0
2017-12-18,12.05,12.21,11.6,11.74,14306000,173942722.0
2017-12-19,11.65,11.97,11.65,11.79,10577300,128945882.0
2017-12-20,12.15,12.38,11.69,11.8,26118400,324775632.0
2017-12-21,12.0,12.45,11.75,12.35,26544400,332742064.0
2017-12-22,12.23,12.3,12.02,12.05,17519400,218879526.0
2017-12-25,11.99,12.1,11.26,11.32,21660500,258892303.0
2017-12-26,11.31,11.37,10.93,11.24,14956400,171873218.0
2017-12-27,11.15,11.3,11.0,11.05,10348300,118707957.0
2017-12-28,10.95,11.2,10.91,11.05,8172000,93405832.0
2017-12-29,11.01,11.3,10.7,11.06,14320900,162628773.0
2018-01-02,11.06,11.38,10.97,11.33,13131400,152043146.0
2018-01-03,11.4,11.4,11.07,11.23,11156800,129192396.0
2018-01-04,11.23,11.71,11.13,11.6,20713900,245462649.0
2018-01-05,11.5,11.88,11.47,11.47,13455600,161374184.0
2018-01-08,11.45,11.52,10.99,11.32,18693600,215208075.0
2018-01-09,11.33,11.9,11.17,11.87,17691800,210268920.0
2018-01-10,11.75,12.34,11.75,12.2,21212000,264430618.0
2018-01-11,12.18,12.28,11.97,12.21,9418700,117483321.0
2018-01-12,12.13,12.2,11.65,11.65,12836300,158022647.0
2018-01-15,11.68,11.89,11.48,11.66,12430000,150025595.0
2018-01-16,11.49,11.78,11.15,11.41,14706300,172283582.0
2018-01-17,11.53,11.63,10.67,11.14,16167400,185190664.0
2018-01-18,10.95,11.14,10.67,10.8,13017800,145826501.0
2018-01-19,10.8,10.88,10.54,10.6,11345600,125783537.0
2018-01-22,10.46,10.9,10.35,10.77,8791600,96790478.0
2018-01-23,10.8,10.83,10.46,10.61,10862100,118676021.0
2018-01-24,10.61,11.1,10.55,11.04,13115900,147363643.0
2018-01-25,11.09,11.18,10.77,10.81,10171500,115241158.0
2018-01-26,10.81,10.9,10.55,10.67,8136800,89637303.0
2018-01-29,10.63,10.84,10.55,10.74,7690800,85001764.0
2018-01-30,10.8,10.99,10.7,10.76,5455700,61136993.0
2018-01-31,10.72,10.75,10.4,10.4,7141600,77989540.0
2018-02-01,10.28,10.35,9.45,9.52,16518900,168289211.0
2018-02-02,9.52,9.95,9.17,9.78,8099400,81100593.0
2018-02-05,9.6,9.98,9.51,9.54,7080900,71070205.0
2018-02-06,9.27,9.4,9.06,9.2,11838800,113570375.0
2018-02-07,9.34,9.48,8.25,8.84,17859500,162424788.0
2018-02-08,8.75,9.23,8.58,9.11,8089900,75678521.0
2018-02-09,8.77,9.21,8.68,9.01,9473900,89013224.0
2018-02-12,9.18,9.35,9.04,9.22,6614500,63292798.0
2018-02-13,9.33,9.4,9.15,9.15,5424300,52283073.0
2018-02-14,9.14,9.24,8.97,9.15,2383300,22553962.0
2018-02-22,9.26,9.91,9.17,9.76,10063600,101103733.0
2018-02-23,9.75,9.86,9.43,9.55,6597700,65397089.0
2018-02-26,9.65,10.01,9.49,9.92,9568100,97614352.0
2018-02-27,9.94,10.22,9.84,9.87,9056200,93846011.0
2018-02-28,9.79,10.17,9.73,10.01,9972800,103630023.0
2018-03-01,9.85,10.41,9.85,10.37,10388100,109408603.0
2018-03-02,10.39,10.6,10.0,10.12,10270200,109225805.0
2018-03-05,10.14,10.26,9.97,10.2,6211000,65031706.0
2018-03-06,10.29,10.47,10.05,10.28,9701300,103081009.0
2018-03-07,10.23,10.4,10.02,10.1,6633100,69876151.0
2018-03-08,10.01,10.19,9.95,10.18,4846500,50537259.0
2018-03-09,10.24,10.78,10.11,10.65,14731000,160077499.0
2018-03-12,10.65,11.27,10.65,11.09,14483900,164759174.0
2018-03-13,11.01,11.09,10.85,10.86,7627900,86202834.0
2018-03-14,10.8,11.15,10.75,10.76,7440700,83711251.0
2018-03-15,10.79,10.97,10.51,10.97,9826200,108853974.0
2018-03-16,11.01,11.01,10.58,10.58,8123400,90244899.0
2018-03-19,10.59,10.79,10.41,10.7,8563400,93989736.0
2018-03-20,10.61,10.7,10.39,10.53,6711200,72999529.0
2018-03-21,10.6,10.71,10.21,10.26,10903800,117590153.0
2018-03-22,10.23,10.35,9.75,9.76,17080500,175419615.0
2018-03-23,9.45,9.57,8.75,8.91,16745600,159372074.0
2018-03-26,8.71,9.4,8.71,9.25,13368300,127037666.0
2018-03-27,9.38,9.69,9.25,9.68,15149100,149053720.0
2018-03-28,9.5,9.61,9.37,9.43,8124500,79869841.0
2018-03-29,9.49,9.77,9.42,9.54,8154800,80889995.0
2018-03-30,9.64,10.27,9.56,10.17,16513900,170587506.0
2018-04-02,10.16,10.98,10.15,10.65,29139200,321426352.0
2018-04-03,10.55,10.89,10.4,10.61,22535900,247325995.0
2018-04-04,10.62,10.75,10.31,10.35,13582300,147305307.0
2018-04-09,10.44,10.78,10.3,10.48,14355400,156372561.0
2018-04-10,9.65,9.85,9.4,9.4,29109000,285191440.0
2018-04-11,9.35,9.51,9.33,9.38,17956200,175114857.0
2018-04-12,9.35,9.44,9.05,9.35,18000800,172757346.0
2018-04-13,9.32,9.91,9.3,9.89,20607600,204977599.0
2018-04-16,9.82,10.46,9.63,10.42,22496000,232704546.0
2018-04-17,10.37,10.55,9.9,10.04,15466200,163887935.0
2018-04-18,10.12,10.88,9.95,10.79,27604400,298975440.0
2018-04-19,10.63,10.83,10.46,10.52,20069700,220748528.0
2018-04-20,10.54,10.9,10.2,10.31,24080200,264242745.0
2018-04-23,10.63,10.79,9.88,9.98,31295200,332891136.0
2018-04-24,10.01,11.01,9.73,11.01,38693900,423924176.0
2018-04-25,10.87,11.11,10.64,10.93,31532600,354675648.0
2018-04-26,10.88,11.21,10.78,10.87,24832700,281036768.0
2018-04-27,11.07,11.15,10.56,10.77,18478100,206890994.0
2018-05-02,10.75,10.92,10.25,10.55,17119300,186206626.0
2018-05-03,10.42,11.45,10.32,11.24,27087300,305973216.0
2018-05-04,11.13,11.54,10.96,11.22,29257300,338503024.0
2018-05-07,11.12,11.48,11.12,11.41,18484300,215715650.0
2018-05-08,11.34,11.43,11.12,11.31,13347800,154803463.0
2018-05-09,11.38,11.77,11.3,11.66,24656300,294891952.0
2018-05-10,11.57,11.88,11.36,11.45,17291200,206334158.0
2018-05-11,11.36,11.55,11.2,11.37,11503500,134638436.0
2018-05-14,11.3,11.5,10.92,11.09,10512800,121064947.0
2018-05-15,11.08,11.5,11.03,11.49,10907600,126602044.0
2018-05-16,11.4,11.52,11.07,11.17,10052900,117576432.0
2018-05-17,11.17,11.43,11.11,11.35,8215800,95466822.0
2018-05-18,11.27,11.37,11.06,11.15,7488200,86462894.0
2018-05-21,11.24,11.68,11.15,11.54,16710300,198508572.0
2018-05-22,11.52,11.8,11.44,11.68,13670800,164011767.0
2018-05-23,11.71,11.77,11.5,11.65,12724600,152572564.0
2018-05-24,11.63,11.63,11.16,11.16,12308700,144175143.0
2018-05-25,11.15,11.15,10.54,10.65,15006800,167421815.0
2018-05-28,10.73,10.79,10.45,10.57,7709900,84752045.0
2018-05-29,10.57,10.81,10.45,10.52,5661700,62233162.0
2018-05-30,10.35,10.73,10.09,10.09,8369700,89816364.0
2018-05-31,10.2,10.35,9.85,10.15,9133700,95316401.0
2018-06-01,10.01,10.21,9.75,9.85,6695400,69071837.0
2018-06-04,9.9,10.2,9.89,9.92,7739300,80273112.0
2018-06-05,10.01,10.2,9.93,10.1,6505800,67787057.0
2018-06-06,10.07,10.2,9.97,10.01,5137500,53581461.0
2018-06-07,10.06,10.12,9.6,9.78,8029800,81502398.0
2018-06-08,9.8,9.81,9.51,9.62,6874700,68489422.0
2018-06-11,9.63,9.67,9.17,9.41,8659000,84223189.0
2018-06-12,9.36,9.5,9.29,9.47,6808700,66422278.0
2018-06-13,9.44,9.89,9.4,9.56,7217800,72186247.0
2018-06-14,9.49,9.72,9.41,9.41,5878100,58034710.0
2018-06-15,9.41,9.48,8.81,9.06,9855600,92608496.0
2018-06-19,8.84,9.11,8.27,8.51,12362500,111241317.0
2018-06-20,8.35,8.62,8.14,8.42,12356300,107370550.0
2018-06-21,8.38,8.6,8.11,8.15,14432400,126203999.0
2018-06-22,8.14,8.4,8.04,8.22,7990400,68137804.0
2018-06-25,8.27,8.36,8.09,8.1,4090000,34996497.0
2018-06-26,8.01,8.39,7.82,8.26,7848200,66740926.0
2018-06-27,8.22,8.59,8.2,8.3,10689300,93689098.0
2018-06-28,8.28,8.48,7.96,8.04,6350700,54506727.0
2018-06-29,8.1,8.39,7.88,8.38,11347500,97056703.0
2018-07-02,8.28,8.38,7.83,7.87,9599100,81271201.0
2018-07-03,7.94,8.21,7.78,8.16,13844300,115924257.0
2018-07-04,8.14,8.35,7.97,8.12,10714400,91239310.0
2018-07-05,7.97,8.14,7.6,7.62,9890400,81057121.0
2018-07-06,7.52,7.92,7.21,7.48,17737500,140661947.0
2018-07-09,7.51,8.11,7.51,8.08,14731600,121085780.0
2018-07-10,8.09,8.1,7.91,7.99,7484700,62274636.0
2018-07-11,7.79,8.0,7.59,7.76,10215900,82856242.0
2018-07-12,7.83,8.08,7.83,8.01,9697000,80855368.0
2018-07-13,8.34,8.42,8.01,8.04,14794200,125898565.0
2018-07-16,8.01,8.35,8.01,8.15,12340400,105512593.0
2018-07-17,8.16,8.25,8.03,8.24,7805900,66073717.0
2018-07-18,8.24,8.38,8.14,8.16,7740300,66276929.0
2018-07-19,8.14,8.31,8.1,8.3,7841700,67034843.0
2018-07-20,8.26,8.64,8.2,8.59,11021100,97405777.0
2018-07-23,8.59,9.23,8.54,8.97,14945400,139232074.0
2018-07-24,8.98,9.16,8.87,9.02,8213800,76884579.0
2018-07-25,9.06,9.11,8.78,8.81,10024000,92597286.0
2018-07-26,8.76,9.01,8.62,8.73,9422500,86103099.0
2018-07-27,8.66,8.94,8.66,8.83,6108400,55974487.0
2018-07-30,8.84,8.87,8.37,8.48,8212600,73476619.0
2018-07-31,8.51,8.82,8.48,8.62,7601700,68217785.0
2018-08-01,8.61,8.93,8.46,8.49,7290400,65667037.0
2018-08-02,8.5,8.55,7.99,8.29,7658100,66442492.0
2018-08-03,8.29,8.4,8.01,8.01,5210100,44394165.0
2018-08-06,8.01,8.26,7.86,7.94,5888700,49368527.0
2018-08-07,7.96,8.24,7.87,8.24,7317900,61639198.0
2018-08-08,8.18,8.22,7.7,7.81,7975500,65949123.0
2018-08-09,7.67,8.23,7.62,8.11,13064900,109608825.0
2018-08-10,8.08,8.34,8.07,8.23,7736200,65963724.0
2018-08-13,8.15,8.59,7.96,8.57,7675700,65962539.0
2018-08-14,8.47,8.51,8.2,8.31,6610200,57138386.0
2018-08-15,8.28,8.37,8.04,8.32,8153400,69727334.0
2018-08-16,8.16,8.35,8.04,8.22,6129700,52523686.0
2018-08-17,8.31,8.34,7.78,7.81,9131600,75848733.0
2018-08-20,7.8,7.89,7.37,7.76,10574100,83990335.0
2018-08-21,7.76,7.9,7.64,7.79,4401500,35751725.0
2018-08-22,7.79,7.86,7.58,7.6,3305300,26660662.0
2018-08-23,7.6,7.78,7.56,7.71,4536600,36503588.0
2018-08-24,7.67,7.75,7.61,7.65,2666900,21379169.0
2018-08-27,7.67,7.88,7.64,7.82,5301200,43093833.0
2018-08-28,7.81,7.85,7.66,7.74,3921300,31755769.0
2018-08-29,7.73,7.77,7.59,7.63,2831500,22646599.0
2018-08-30,7.61,7.66,7.34,7.39,6386800,49736005.0
2018-08-31,7.44,7.48,7.23,7.34,3984800,30583879.0
2018-09-03,7.38,7.38,7.13,7.25,3782600,28549569.0
2018-09-04,7.29,7.41,7.1,7.34,4408700,33448458.0
2018-09-05,7.32,7.36,7.14,7.14,4429900,33543862.0
2018-09-06,7.13,7.24,7.07,7.13,3443500,25799285.0
2018-09-07,7.14,7.24,6.96,7.15,5837600,43532247.0
2018-09-10,7.13,7.16,6.82,6.83,6418200,46794149.0
2018-09-11,6.83,7.06,6.63,6.99,11405700,81587037.0
2018-09-12,6.91,7.02,6.86,6.89,4979200,36180595.0
2018-09-13,6.96,7.01,6.71,6.82,9510300,68037444.0
2018-09-14,6.84,6.87,6.75,6.77,3711100,26502346.0
2018-09-17,6.65,6.81,6.51,6.62,4755000,33196681.0
2018-09-18,6.59,6.71,6.52,6.67,5337800,37276946.0
2018-09-19,6.68,6.92,6.63,6.79,7195500,51250519.0
2018-09-20,6.86,6.86,6.75,6.8,4478400,31975413.0
2018-09-21,6.85,6.9,6.76,6.84,3723900,26738663.0
2018-09-25,6.81,6.88,6.67,6.79,4620400,32897726.0
2018-09-26,6.79,6.9,6.77,6.82,4155500,29805056.0
2018-09-27,6.82,6.82,6.46,6.63,7681600,53584359.0
2018-09-28,6.63,6.67,6.59,6.65,3052400,21307142.0
2018-10-08,6.59,6.62,6.28,6.36,5795500,39571169.0
2018-10-09,6.36,6.44,6.11,6.24,6730000,44625491.0
2018-10-10,6.33,6.38,6.12,6.21,8203800,53950534.0
2018-10-11,5.91,6.13,5.56,5.97,17184000,106628781.0
2018-10-12,5.86,5.92,5.46,5.76,9414300,56906422.0
2018-10-15,5.73,5.86,5.44,5.44,7519000,44808627.0
2018-10-16,5.43,5.53,5.07,5.11,9870600,55635210.0
2018-10-17,5.11,5.25,4.84,5.07,10812300,58245172.0
2018-10-18,5.06,5.51,4.97,5.15,14568300,81203359.0
2018-10-19,4.98,5.49,4.98,5.43,13678100,77517877.0
2018-10-22,5.42,5.81,5.42,5.69,13278500,79413459.0
2018-10-23,5.7,5.7,5.31,5.42,18679800,108509666.0
2018-10-24,5.36,5.52,5.33,5.36,7918900,45612148.0
2018-10-25,5.16,5.47,5.11,5.44,7115400,39804232.0
2018-10-26,5.51,5.58,5.33,5.38,6090500,35236093.0
2018-10-29,5.35,5.54,5.33,5.4,5931100,34290571.0
2018-10-30,5.36,5.51,5.22,5.43,6796700,38688575.0
2018-10-31,5.45,5.62,5.36,5.58,8900800,52232599.0
2018-11-01,5.59,5.82,5.56,5.62,9529100,57615639.0
2018-11-02,5.81,6.22,5.71,6.11,16655500,105041351.0
2018-11-05,6.09,6.24,5.89,6.19,12173200,77852964.0
2018-11-06,6.15,6.45,6.06,6.19,11388500,75231045.0
2018-11-07,6.2,6.33,6.12,6.15,7190000,47157181.0
2018-11-08,6.2,6.34,6.05,6.05,6652600,43028551.0
2018-11-09,6.06,6.17,6.0,6.07,4604000,29659076.0
2018-11-12,6.01,6.47,6.0,6.43,11172600,74231933.0
2018-11-13,6.45,6.6,6.34,6.46,9977800,67833742.0
2018-11-14,6.45,6.51,6.31,6.36,6172900,41608372.0
2018-11-15,6.41,6.48,6.27,6.46,6888200,46312916.0
2018-11-16,6.47,6.57,6.43,6.54,8710000,59515646.0
2018-11-19,6.56,6.56,6.36,6.41,6898100,46690555.0
2018-11-20,6.4,6.57,6.27,6.29,7538400,51044637.0
2018-11-21,6.14,6.41,6.06,6.36,5337900,35462116.0
2018-11-22,6.38,6.4,6.24,6.24,4132500,27495759.0
2018-11-23,6.26,6.32,5.74,5.74,9067200,56963832.0
2018-11-26,6.21,6.26,5.81,5.92,9723300,61507642.0
2018-11-27,6.07,6.07,5.91,6.04,7013800,44547473.0
2018-11-28,6.0,6.22,5.81,6.2,8196500,52269913.0
2018-11-29,6.23,6.23,5.91,5.92,5820200,37214308.0
2018-11-30,5.9,6.42,5.83,6.36,14649400,96044004.0
2018-12-03,6.38,7.03,6.38,6.81,23619500,166949334.0
2018-12-04,6.74,7.22,6.67,6.81,17956000,129480416.0
2018-12-05,6.66,6.75,6.6,6.62,9927200,69510601.0
2018-12-06,6.66,6.73,6.49,6.52,7106300,49285719.0
2018-12-07,6.56,6.68,6.53,6.58,5414300,37538080.0
2018-12-10,6.5,6.59,6.43,6.46,4704700,32199552.0
2018-12-11,6.48,6.75,6.47,6.58,6905000,47996751.0
2018-12-12,6.62,6.68,6.48,6.55,4377800,30307873.0
2018-12-13,6.55,6.76,6.49,6.72,7899600,55137186.0
2018-12-14,6.65,6.7,6.46,6.54,6489100,44711466.0
2018-12-17,6.51,6.52,6.36,6.48,4189200,28394581.0
2018-12-18,6.41,6.51,6.28,6.41,3987400,26869112.0
2018-12-19,6.44,6.45,6.11,6.17,4908800,32454445.0
2018-12-20,6.17,6.33,6.12,6.31,5880400,38796270.0
2018-12-21,6.29,6.41,6.11,6.16,6318300,41432233.0
2018-12-24,6.26,6.28,6.06,6.2,5011900,32724281.0
2018-12-25,6.14,6.4,5.91,6.33,8527500,55499276.0
2018-12-26,6.33,6.72,6.27,6.3,9395500,63424717.0
2018-12-27,6.43,6.43,6.15,6.17,4770900,31536821.0
2018-12-28,6.18,6.21,6.01,6.03,3964500,25528680.0
2019-01-02,6.43,6.43,5.97,6.01,13620600,89273683.0
2019-01-03,6.08,6.08,5.65,5.66,8379800,51475989.0
2019-01-04,5.64,6.04,5.57,5.98,7038500,43204555.0
2019-01-07,6.01,6.19,5.96,6.09,5846800,37671923.0
2019-01-08,6.08,6.14,6.02,6.11,2954100,18969329.0
2019-01-09,6.12,6.38,6.1,6.19,7468400,49027012.0
2019-01-10,6.18,6.51,6.02,6.04,6377600,41547246.0
2019-01-11,6.14,6.14,5.96,6.08,3983400,25454302.0
2019-01-14,6.08,6.18,5.91,5.96,3661900,23196875.0
2019-01-15,5.94,6.21,5.91,6.21,5407000,34916204.0
2019-01-16,6.21,6.22,6.11,6.14,3398900,22121460.0
2019-01-17,6.17,6.29,6.04,6.28,11589700,75568260.0
2019-01-18,6.24,6.37,6.18,6.32,5005400,33162344.0
2019-01-21,6.32,6.37,6.28,6.31,3487000,23196229.0
2019-01-22,6.31,6.36,6.08,6.13,5090800,33181976.0
2019-01-23,6.09,6.19,5.99,6.07,2993400,19175210.0
2019-01-24,6.08,6.36,6.04,6.26,6901200,45504289.0
2019-01-25,6.25,6.55,6.21,6.44,10600800,71618410.0
2019-01-28,6.46,6.46,6.15,6.2,7937100,52494940.0
2019-01-29,6.13,6.28,5.88,6.17,6902600,44483611.0
2019-01-30,6.13,6.71,6.1,6.35,10294900,69317720.0
2019-01-31,6.28,6.37,6.06,6.25,7383200,48379330.0
2019-02-01,6.29,6.48,6.27,6.47,7191100,48526257.0
2019-02-11,6.47,6.75,6.41,6.73,8333500,58129675.0
2019-02-12,6.73,7.11,6.61,7.1,18437800,133986337.0
2019-02-13,7.59,7.84,7.24,7.84,42922200,343895408.0
2019-02-14,8.06,8.13,7.36,7.55,44137300,353479776.0
2019-02-15,7.47,7.92,7.45,7.66,32127100,257365418.0
2019-02-18,7.77,8.06,7.51,8.06,34240800,279386656.0
2019-02-19,7.97,8.31,7.79,7.98,27912100,233774395.0
2019-02-20,7.83,7.89,7.6,7.76,20497700,165532548.0
2019-02-21,7.75,7.84,7.59,7.6,17070400,137197583.0
2019-02-22,7.56,7.73,7.44,7.67,19083500,151326659.0
2019-02-25,7.76,8.29,7.75,8.2,31724100,264740115.0
2019-02-26,8.26,8.9,8.16,8.29,29797700,264389540.0
2019-02-27,8.48,8.54,8.11,8.33,16427700,141877397.0
2019-02-28,8.44,8.71,8.31,8.54,14724900,130761829.0
2019-03-01,8.64,8.64,8.39,8.61,10810000,95849468.0
2019-03-04,8.66,9.0,8.56,8.56,22274300,203233809.0
2019-03-05,8.52,9.13,8.33,9.05,21656800,198199049.0
2019-03-06,9.16,9.79,9.1,9.48,31905600,311029664.0
2019-03-07,9.36,9.55,8.87,9.08,30874500,292456912.0
2019-03-08,8.92,9.52,8.59,8.88,25285000,239559998.0
2019-03-11,9.02,9.46,8.89,9.44,16272800,155154978.0
2019-03-12,9.39,9.84,9.29,9.45,22147800,219181761.0
2019-03-13,9.51,9.64,8.98,9.22,15247300,147136046.0
2019-03-14,9.0,9.19,8.66,8.87,14578800,134134694.0
2019-03-15,8.91,9.31,8.91,9.1,13557800,128377878.0
2019-03-18,9.16,9.31,8.99,9.29,8912900,85275047.0
2019-03-19,9.29,9.37,9.16,9.3,8410000,80755754.0
2019-03-20,9.38,9.46,9.0,9.39,9592700,91596978.0
2019-03-21,9.36,9.83,9.29,9.74,17625000,176668040.0
2019-03-22,9.81,9.94,9.6,9.86,11461100,116021326.0
2019-03-25,9.66,9.79,9.51,9.66,9423200,94235800.0
2019-03-26,9.76,9.88,9.53,9.53,9481200,95063103.0
2019-03-27,9.62,9.65,9.13,9.52,11848600,115117679.0
2019-03-28,9.47,9.67,9.36,9.45,5438900,53565122.0
2019-03-29,9.43,9.72,9.4,9.66,10243900,101563790.0
2019-04-01,9.75,9.82,9.63,9.77,18597000,187094386.0
2019-04-02,9.79,10.71,9.74,10.26,27704200,294158736.0
2019-04-03,10.21,10.48,10.16,10.39,11570600,123498700.0
2019-04-04,10.54,10.56,10.16,10.26,11508000,122137981.0
2019-04-08,10.41,10.63,9.86,10.21,16712700,176614136.0
2019-04-09,10.15,10.46,9.86,9.97,9745800,100636608.0
2019-04-10,9.82,9.94,9.53,9.8,12419100,125141873.0
2019-04-11,9.82,9.83,9.42,9.44,13135300,130377947.0
2019-04-12,9.49,9.58,9.24,9.5,9133600,88840374.0
2019-04-15,9.56,9.71,9.2,9.23,9588900,94644845.0
2019-04-16,9.27,9.74,9.27,9.7,19133700,189665560.0
2019-04-17,9.57,9.66,9.39,9.53,13273800,131193139.0
2019-04-18,9.48,9.58,9.3,9.36,7149800,69766141.0
2019-04-19,9.58,9.58,9.26,9.36,6790000,66014449.0
2019-04-22,9.38,9.4,9.17,9.27,6627400,63710766.0
2019-04-23,9.26,9.3,8.83,8.93,7791500,73135065.0
2019-04-24,9.03,9.23,8.87,9.14,6208500,58275172.0
2019-04-25,9.15,9.2,8.74,8.74,8073400,74908439.0
2019-04-26,8.66,8.81,8.56,8.61,4918700,44364440.0
2019-04-29,8.57,8.75,8.34,8.47,10057700,88973108.0
2019-04-30,8.45,9.01,8.45,8.77,6019500,54814319.0
2019-05-06,8.5,8.5,7.86,7.86,11251300,94270685.0
2019-05-07,7.94,7.94,7.56,7.77,7828400,63368909.0
2019-05-08,7.56,7.97,7.51,7.83,4981600,40524189.0
2019-05-09,7.8,7.9,7.7,7.75,3297800,26840225.0
2019-05-10,7.81,8.21,7.71,8.14,8711400,72409712.0
2019-05-13,8.04,8.15,7.95,8.0,5827300,48761421.0
2019-05-14,7.91,8.01,7.82,7.83,5195900,42942236.0
2019-05-15,7.93,8.0,7.85,7.96,5188500,42957576.0
2019-05-16,7.99,8.14,7.87,8.11,6102400,50958452.0
2019-05-17,8.16,8.16,7.69,7.91,7541000,62600120.0
2019-05-20,7.99,8.33,7.76,8.3,12190400,102700812.0
2019-05-21,8.2,8.29,8.05,8.26,8760700,74639399.0
2019-05-22,8.22,8.38,8.16,8.27,6496500,55948444.0
2019-05-23,8.41,8.61,8.11,8.19,10856000,94303554.0
2019-05-24,8.01,8.22,7.78,7.92,6792100,56121109.0
2019-05-27,7.39,7.83,7.18,7.68,15765300,123664881.0
2019-05-28,7.63,8.17,7.57,7.85,19438400,158843743.0
2019-05-29,7.79,8.54,7.79,8.34,22860700,195053046.0
2019-05-30,9.21,9.21,9.09,9.21,51630000,492984544.0
2019-05-31,9.0,9.51,8.86,9.16,54501300,519192272.0
2019-06-03,9.06,9.14,8.21,8.24,42302900,379677440.0
2019-06-04,7.96,8.26,7.59,7.68,29574300,242797503.0
2019-06-05,7.76,7.89,7.54,7.6,14029300,112466248.0
2019-06-06,7.56,7.64,7.37,7.46,9109800,71231639.0
2019-06-10,7.41,7.57,7.21,7.47,9697300,74995166.0
2019-06-11,7.38,7.77,7.25,7.74,14705000,115998440.0
2019-06-12,7.63,7.71,7.48,7.55,10640500,84042484.0
2019-06-13,7.53,7.57,7.38,7.44,7716700,59945127.0
2019-06-14,7.49,7.49,6.88,7.28,18826600,141022077.0
2019-06-17,7.19,7.26,7.03,7.18,6593400,49226343.0
2019-06-18,7.17,7.17,6.92,7.02,7800200,57020664.0
2019-06-19,7.17,7.34,7.11,7.27,7531900,56731805.0
2019-06-24,7.81,7.81,7.48,7.55,17745000,141293066.0
2019-06-25,7.6,7.95,7.45,7.82,16273900,131597974.0
2019-06-26,7.71,7.79,7.59,7.64,7464800,59672686.0
2019-06-27,7.65,7.82,7.61,7.68,6576100,52786481.0
2019-06-28,7.66,7.74,7.46,7.63,4561500,36058162.0
2019-07-01,7.76,7.99,7.68,7.88,11675200,95512897.0
2019-07-02,7.98,8.35,7.92,8.08,18734100,158942130.0
2019-07-03,7.99,8.15,7.84,7.92,8549800,70791187.0
2019-07-04,7.89,7.93,7.78,7.86,4145700,33844890.0
2019-07-05,7.85,7.96,7.81,7.91,4452800,36537201.0
2019-07-08,7.83,8.0,7.53,7.61,8520100,68579971.0
2019-07-09,7.55,7.83,7.55,7.72,5706200,45967523.0
2019-07-10,7.78,8.04,7.49,7.68,11572800,94100710.0
2019-07-11,7.66,7.91,7.58,7.81,9670600,78279277.0
2019-07-12,7.84,8.11,7.81,7.99,13230800,109674620.0
2019-07-15,7.98,8.2,7.8,8.14,17628100,147318580.0
2019-07-16,8.05,8.22,7.93,8.18,11658400,97634827.0
2019-07-17,8.13,8.56,8.13,8.3,17510900,152111341.0
2019-07-18,8.2,8.26,7.99,8.08,11176800,94316074.0
2019-07-19,8.09,8.23,8.0,8.06,9614600,80998941.0
2019-07-22,8.11,8.76,7.68,8.31,28120200,244368284.0
2019-07-23,8.21,8.5,8.1,8.37,17881900,153782306.0
2019-07-24,8.33,8.66,8.28,8.58,20676500,182163870.0
2019-07-25,8.52,8.63,8.4,8.52,13012200,114737976.0
2019-07-26,8.49,8.54,8.23,8.3,12136000,105475117.0
2019-07-29,8.33,8.44,8.23,8.35,7583000,65753793.0
2019-07-30,8.31,8.39,8.21,8.25,9777600,84153658.0
2019-07-31,8.3,8.34,8.17,8.27,6923100,59447920.0
2019-08-01,8.2,8.51,8.2,8.35,10256700,89097028.0
2019-08-02,8.16,8.23,7.91,8.02,13364400,111660456.0
2019-08-05,7.99,8.11,7.77,7.78,9139200,75199152.0
2019-08-06,7.53,7.65,7.28,7.56,11351400,88888950.0
2019-08-07,7.56,7.65,7.39,7.47,7442600,58097076.0
2019-08-08,7.46,7.72,7.38,7.6,10367300,82037684.0
2019-08-09,7.61,7.63,7.24,7.28,9670600,74677014.0
2019-08-12,7.28,7.46,7.18,7.46,4506700,34536535.0
2019-08-13,7.37,7.46,7.14,7.23,7229700,54983307.0
2019-08-14,7.32,7.7,7.32,7.54,13904800,109366861.0
2019-08-15,7.35,7.64,7.33,7.62,8935100,69765890.0
2019-08-16,7.53,7.78,7.53,7.63,8293200,66373436.0
2019-08-19,7.9,8.2,7.71,8.17,19697300,163944869.0
2019-08-20,8.3,8.74,8.29,8.44,26004700,230173036.0
2019-08-21,8.48,8.62,8.39,8.54,16886700,148798736.0
2019-08-22,8.91,9.15,8.61,8.77,38513800,353718128.0
2019-08-23,8.74,9.08,8.67,8.99,24406500,226536259.0
2019-08-26,8.91,9.88,8.89,9.69,35461200,347400448.0
2019-08-27,9.77,9.84,9.54,9.7,25866200,258779617.0
2019-08-28,9.74,9.8,9.48,9.68,13187100,131154861.0
2019-08-29,9.68,9.74,9.54,9.66,11730900,116795657.0
2019-08-30,9.7,10.08,9.32,9.49,24927000,249777923.0
2019-09-02,9.48,9.81,9.4,9.7,16017200,160193665.0
2019-09-03,9.76,9.82,9.57,9.63,14937200,149221930.0
2019-09-04,9.72,9.93,9.59,9.75,16963500,170762187.0
2019-09-05,9.78,10.26,9.71,10.06,36591300,378710928.0
2019-09-06,9.98,10.53,9.86,9.99,26481100,278016944.0
2019-09-09,10.16,10.96,10.01,10.68,43688900,475756704.0
2019-09-10,10.76,10.85,10.27,10.42,24873700,270256800.0
2019-09-11,10.44,10.58,9.94,10.15,31660400,334839808.0
2019-09-12,10.31,10.31,9.92,10.14,17986100,187228082.0
2019-09-16,10.18,10.18,9.83,9.89,15393600,158083085.0
2019-09-17,9.94,9.99,9.43,9.59,21154900,210709740.0
2019-09-18,9.49,9.65,9.36,9.47,12477300,122469851.0
2019-09-19,9.55,9.85,9.42,9.72,20016500,200226007.0
2019-09-20,9.86,9.86,9.52,9.66,15006600,149294940.0
2019-09-23,9.58,9.63,9.28,9.44,12106700,117409659.0
2019-09-24,9.46,10.21,9.41,9.94,29827600,306523008.0
2019-09-25,9.93,10.02,9.44,9.5,17745300,176706470.0
2019-09-26,9.49,9.56,8.62,8.96,30444400,284490560.0
2019-09-30,9.15,9.22,8.68,8.83,9460000,87334151.0
2019-10-08,8.83,9.08,8.77,8.81,10575200,97477350.0
2019-10-09,8.76,9.04,8.66,9.01,8301400,76128895.0
2019-10-10,8.96,9.13,8.93,9.08,9341300,87502236.0
2019-10-11,9.06,9.15,8.88,8.99,9331900,87223206.0
2019-10-14,9.0,9.32,9.0,9.26,11351300,107929646.0
2019-10-15,9.04,9.08,8.46,8.93,19983700,182189885.0
2019-10-16,8.9,9.23,8.89,9.06,10474000,98364434.0
2019-10-17,9.05,9.11,8.88,9.02,6231000,57938285.0
2019-10-18,8.99,9.1,8.79,8.84,5559800,51499116.0
2019-10-21,8.91,8.94,8.58,8.71,9728300,87955900.0
2019-10-22,8.81,8.93,8.69,8.79,7243800,65960038.0
2019-10-23,8.81,8.9,8.58,8.64,5926100,53377692.0
2019-10-24,8.7,8.7,8.46,8.63,4844900,43128088.0
2019-10-25,8.61,8.63,8.4,8.56,6508100,57539346.0
2019-10-28,8.63,9.26,8.63,9.13,18810400,175719917.0
2019-10-29,9.13,9.18,9.01,9.02,6550300,61551137.0
2019-10-30,9.01,9.2,8.84,8.95,8760700,81628128.0
2019-10-31,9.05,9.07,8.73,8.77,7648300,70163139.0
2019-11-01,8.69,8.84,8.66,8.69,6086600,55186025.0
2019-11-04,8.77,8.8,8.61,8.75,7627900,68661214.0
2019-11-05,8.7,8.9,8.64,8.88,8053300,73206430.0
2019-11-06,8.93,9.17,8.84,8.98,10588400,98990931.0
2019-11-07,8.96,9.14,8.95,9.09,5855800,54904761.0
2019-11-08,9.17,9.24,8.94,8.95,7148100,67029445.0
2019-11-11,8.92,8.92,8.58,8.67,7623000,68663684.0
2019-11-12,8.67,8.71,8.53,8.63,4650200,41568326.0
2019-11-13,8.59,8.74,8.43,8.56,5469200,48683936.0
2019-11-14,8.56,8.73,8.5,8.66,5753100,51583434.0
2019-11-15,8.68,8.73,8.54,8.56,6786300,60661213.0
2019-11-18,8.48,8.65,8.29,8.32,7451500,65104885.0
2019-11-19,8.32,8.45,8.14,8.23,16470200,141314116.0
2019-11-20,8.23,8.26,8.01,8.11,11162000,94307828.0
2019-11-21,8.13,8.13,7.77,7.9,7959800,65782613.0
2019-11-22,7.92,7.96,7.64,7.74,9656100,78185743.0
2019-11-25,7.79,7.83,7.57,7.69,6735400,53688256.0
2019-11-26,7.7,7.75,7.65,7.66,5410200,43314821.0
2019-11-27,7.64,7.82,7.42,7.74,13682200,108798533.0
2019-11-28,7.7,7.74,7.6,7.65,5674900,45285077.0
2019-11-29,7.69,7.93,7.58,7.7,10187000,82104188.0
2019-12-02,7.69,7.89,7.6,7.75,8054100,65238806.0
2019-12-03,7.73,8.1,7.68,8.08,16661300,137778494.0
2019-12-04,7.96,8.32,7.94,8.05,15454600,130188050.0
2019-12-05,8.0,8.29,7.96,8.28,15358100,130230854.0
2019-12-06,8.28,8.4,8.18,8.33,10535200,90808089.0
2019-12-09,8.38,8.52,8.33,8.34,12314300,107458727.0
2019-12-10,8.33,8.53,8.29,8.52,11045500,96722019.0
2019-12-11,8.48,8.6,8.4,8.43,8124600,71505201.0
2019-12-12,8.47,8.84,8.38,8.53,14550900,129885947.0
2019-12-13,8.57,8.71,8.48,8.65,11686800,104130783.0
2019-12-16,8.68,9.09,8.65,9.03,18245100,168439211.0
2019-12-17,9.0,9.2,8.97,9.09,14095500,132662460.0
2019-12-18,9.16,9.26,8.94,9.03,13000600,122037347.0
2019-12-19,8.98,9.07,8.88,9.03,10292500,95601081.0
2019-12-20,8.98,9.06,8.8,8.86,9974600,91831563.0
2019-12-23,8.8,8.91,8.58,8.63,11056500,100036694.0
2019-12-24,8.6,8.95,8.55,8.94,11050900,100742571.0
2019-12-25,9.06,9.87,8.97,9.48,57327300,570901552.0
2019-12-26,9.44,9.51,9.16,9.35,31648900,305624752.0
2019-12-27,9.07,9.14,8.75,8.77,38130300,352538672.0
2019-12-30,8.66,9.0,8.63,8.94,22085300,203037098.0
2019-12-31,9.0,9.63,8.95,9.58,42233900,407556224.0
2020-01-02,9.5,9.72,9.25,9.55,28371100,278157408.0
2020-01-03,9.77,9.87,9.39,9.52,21704300,214723050.0
2020-01-06,9.44,9.79,9.43,9.55,19114700,189839878.0
2020-01-07,9.56,9.72,9.46,9.63,16295400,161072416.0
2020-01-08,9.48,9.57,9.25,9.32,18589600,180994939.0
2020-01-09,9.43,9.53,9.29,9.53,14607100,142035003.0
2020-01-10,9.5,9.55,9.3,9.34,10216000,99218969.0
2020-01-13,9.34,9.69,9.27,9.67,20619200,203775654.0
2020-01-14,9.7,9.88,9.49,9.55,20532000,205281367.0
2020-01-15,9.27,10.06,9.23,9.91,50781900,510413664.0
2020-01-16,9.72,10.4,9.63,10.2,45738800,473494096.0
2020-01-17,10.13,10.54,10.06,10.18,34276100,364094768.0
2020-01-20,10.02,10.56,9.98,10.52,26668100,284460704.0
2020-01-21,10.34,10.56,10.16,10.36,21177400,226436610.0
2020-01-22,10.24,10.73,10.01,10.69,25184600,272536880.0
2020-01-23,10.23,10.52,9.59,9.59,41237700,424478736.0
2020-02-03,8.6,8.6,8.6,8.6,3092200,27582424.0
2020-02-04,7.89,8.55,7.72,8.13,44653600,374377536.0
2020-02-05,8.11,8.52,8.1,8.35,24702800,214780518.0
2020-02-06,8.29,9.03,8.27,8.92,24504800,222428259.0
2020-02-07,9.08,9.15,8.68,9.1,19885200,183671688.0
2020-02-10,8.93,9.28,8.91,9.09,15081800,142013453.0
2020-02-11,9.04,9.16,8.86,8.86,12376000,114651055.0
2020-02-12,8.95,9.09,8.72,9.05,19283300,177893162.0
2020-02-13,8.98,9.41,8.88,9.13,27752400,263741792.0
2020-02-14,9.21,9.93,9.08,9.76,37604300,372679376.0
2020-02-17,9.76,10.0,9.7,9.97,23834200,242669992.0
2020-02-18,9.94,11.0,9.82,10.81,60995500,666816560.0
2020-02-19,10.86,11.86,10.68,11.38,76379700,887515952.0
2020-02-20,11.39,11.78,11.08,11.62,51903100,611789776.0
2020-02-21,11.52,12.42,11.42,12.29,62485400,755723152.0
2020-02-24,12.1,12.6,11.96,12.26,53347900,670853552.0
2020-02-25,11.88,12.62,11.56,12.19,54198200,674886992.0
2020-02-26,12.48,12.64,11.4,11.67,57179000,706796896.0
2020-02-27,11.58,11.88,11.18,11.68,43169300,513951568.0
2020-02-28,11.19,11.38,10.48,10.48,41536600,467460176.0
2020-03-02,10.82,11.51,10.76,11.3,44356500,511563536.0
2020-03-03,11.83,12.46,11.83,12.46,69968500,884121376.0
2020-03-04,12.46,12.87,11.95,12.2,60584300,767259408.0
2020-03-05,12.68,12.8,11.42,11.46,54213400,661905472.0
2020-03-06,11.27,12.64,11.18,12.64,60666900,772387632.0
2020-03-09,12.66,12.97,11.81,11.92,69475300,878687440.0
2020-03-10,11.92,13.14,11.56,13.14,73368700,944712896.0
2020-03-11,13.39,14.03,12.4,12.48,86415000,1177748928.0
2020-03-12,12.08,12.74,11.66,12.16,47938400,601643856.0
2020-03-13,11.37,13.41,11.37,13.41,90924800,1197552480.0
2020-03-16,13.77,14.66,13.16,13.16,106232800,1514020544.0
2020-03-17,13.8,14.0,12.89,13.64,74808800,1031437488.0
2020-03-18,13.8,15.04,13.58,14.31,111890600,1644396400.0
2020-03-19,14.58,15.58,13.93,15.01,94173700,1415108752.0
2020-03-20,14.98,15.67,14.25,14.64,79183200,1210025392.0
2020-03-23,14.11,14.34,13.14,13.14,55613400,767280832.0
2020-03-24,13.47,14.49,11.99,13.76,112377600,1539173104.0
2020-03-25,13.38,13.66,12.91,13.01,70016100,952976576.0
2020-03-26,12.8,13.34,12.23,12.26,58513000,768105920.0
2020-03-27,12.48,12.5,11.51,11.56,52101000,635572288.0
2020-03-30,11.41,11.52,10.66,10.87,51150500,576726224.0
2020-03-31,11.1,11.28,10.47,10.58,42483500,475721392.0
2020-04-01,10.6,10.99,10.38,10.54,42402900,468276400.0
2020-04-02,10.45,11.14,10.39,11.05,47227900,524364352.0
2020-04-03,10.98,11.11,10.63,10.79,36644900,410108624.0
2020-04-07,11.06,11.4,11.0,11.23,39301500,452425216.0
2020-04-08,11.12,11.79,11.06,11.5,43075800,505328240.0
2020-04-09,11.64,11.78,11.31,11.47,27088400,320312480.0
2020-04-10,11.48,11.52,10.76,11.17,30022800,344779776.0
2020-04-13,10.86,11.63,10.86,11.31,23407200,271369088.0
2020-04-14,11.39,11.53,11.12,11.52,20199400,236109049.0
2020-04-15,11.52,11.64,11.21,11.3,26578700,312548384.0
2020-04-16,11.15,11.44,10.98,11.06,25939500,297146704.0
2020-04-17,11.27,11.61,11.09,11.33,39484700,462404144.0
2020-04-20,11.32,11.54,11.17,11.4,19962800,233530648.0
2020-04-21,11.29,11.35,10.81,11.09,26624100,303085840.0
2020-04-22,11.05,11.55,10.9,11.44,31606800,369988864.0
2020-04-23,11.52,11.54,11.08,11.14,19326400,224056745.0
2020-04-24,11.15,11.28,10.62,10.78,20328300,227642727.0
2020-04-27,10.79,10.8,10.46,10.54,18328300,200403302.0
2020-04-28,10.68,11.03,9.99,10.74,31832500,348181280.0
2020-04-29,10.75,11.85,10.71,11.5,41264200,481911792.0
2020-04-30,11.93,12.53,11.66,12.26,49123300,608447568.0
2020-05-06,12.02,13.09,11.99,12.78,47875000,619117664.0
2020-05-07,12.74,12.97,12.43,12.53,32361400,421011936.0
2020-05-08,12.71,12.88,12.39,12.57,32402300,419700768.0
2020-05-11,12.61,13.22,12.5,12.65,38433600,504120400.0
2020-05-12,12.69,12.99,12.47,12.88,32073700,419222224.0
2020-05-13,12.9,13.16,12.69,12.89,26537200,351478032.0
2020-05-14,12.74,13.03,12.63,12.66,27250800,357429872.0
2020-05-15,12.76,13.13,12.61,12.94,40900100,539488848.0
2020-05-18,13.35,13.48,12.38,12.51,44859200,592333120.0
2020-05-19,12.63,13.08,12.54,13.08,40053100,528480608.0
2020-05-20,12.86,13.12,12.61,12.68,33007600,434827344.0
2020-05-21,12.76,12.76,12.18,12.21,26075100,332260720.0
2020-05-22,12.18,12.55,11.74,11.9,28913600,358441344.0
2020-05-25,11.87,11.98,11.28,11.43,25868000,308291776.0
2020-05-26,11.56,11.68,11.38,11.58,20373700,241352316.0
2020-05-27,11.59,11.92,11.3,11.64,25336400,301974608.0
2020-05-28,11.32,11.57,11.21,11.51,20874900,244373394.0
2020-05-29,11.35,11.82,11.34,11.55,17261700,206101836.0
2020-06-01,11.61,12.25,11.54,12.22,25670800,315459200.0
2020-06-02,12.15,12.56,12.08,12.54,30246900,382117056.0
2020-06-03,12.62,13.18,12.35,12.98,44379200,583527536.0
2020-06-04,13.09,13.09,12.77,12.78,31379700,415278848.0
2020-06-05,12.97,13.14,12.64,12.73,26462500,347966032.0
2020-06-08,12.98,13.73,12.85,13.15,43968500,597642256.0
2020-06-09,13.1,13.36,12.83,13.01,23375600,311580720.0
2020-06-10,13.0,13.0,12.49,12.7,21591700,279758656.0
2020-06-11,12.69,12.98,12.42,12.48,26228700,340145792.0
2020-06-12,12.2,12.61,12.14,12.51,21229000,268546336.0
2020-06-15,12.47,12.98,12.28,12.56,29571100,383151728.0
2020-06-16,12.67,12.91,12.49,12.77,21398200,278370816.0
2020-06-17,12.87,13.78,12.4,13.53,40319400,539254688.0
2020-06-18,13.39,14.13,13.33,13.92,44318200,624585792.0
2020-06-19,13.98,14.16,13.82,13.91,26883800,384521904.0
2020-06-22,14.15,15.1,14.03,14.74,43627100,656397360.0
2020-06-23,14.9,14.95,14.53,14.62,20831700,311835104.0
2020-06-24,14.7,16.11,14.69,15.81,51245000,807925664.0
2020-06-29,15.68,16.48,15.61,15.78,39760200,646135104.0
2020-06-30,16.38,16.55,15.6,16.28,35846100,587842352.0
2020-07-01,16.19,17.06,15.84,16.76,39766300,670018064.0
2020-07-02,16.76,16.98,16.32,16.91,34545500,586976240.0
2020-07-03,16.68,16.68,15.38,15.71,53662700,870537616.0
2020-07-06,15.38,16.78,15.25,16.26,53956100,884972800.0
2020-07-07,16.19,17.67,15.99,16.69,49849400,856397424.0
2020-07-08,16.73,17.84,16.51,17.37,39992600,705467360.0
2020-07-09,17.24,17.82,16.99,17.16,45608500,804351856.0
2020-07-10,17.03,18.91,16.96,18.91,42601200,801286816.0
2020-07-13,20.32,20.83,19.36,20.83,56455500,1155254544.0
2020-07-14,20.83,21.47,19.4,20.08,56385400,1164003728.0
2020-07-15,20.48,20.68,18.48,18.63,54760400,1071984672.0
2020-07-16,18.58,19.18,17.27,17.38,40489600,748947632.0
2020-07-17,17.38,18.04,16.89,17.42,29641400,528086288.0
2020-07-20,17.77,18.66,17.63,18.4,31783100,587077152.0
2020-07-21,18.51,18.93,17.91,17.98,19552000,362874224.0
2020-07-22,18.61,18.88,18.08,18.54,28237000,532732656.0
2020-07-23,18.14,18.77,17.61,18.14,24189900,444972240.0
2020-07-24,18.32,19.94,17.48,17.74,48741900,920907488.0
2020-07-27,18.09,18.2,17.36,17.89,22085200,400630368.0
2020-07-28,17.79,18.93,17.53,17.94,24031900,444137232.0
2020-07-29,17.71,19.42,17.28,19.31,31348600,594422736.0
2020-07-30,19.43,19.51,18.4,18.66,26654200,507019248.0
2020-07-31,18.67,19.18,18.24,18.86,25301700,482195120.0
2020-08-03,19.24,20.78,19.19,20.78,47954800,982550176.0
2020-08-04,20.39,21.09,19.93,20.61,29178300,608114720.0
2020-08-05,21.6,21.76,20.06,20.18,34011800,715240496.0
2020-08-06,19.9,20.36,19.57,20.04,24066600,486346512.0
2020-08-07,19.8,20.04,18.63,19.27,27273100,534370160.0
2020-08-10,19.13,19.47,18.58,18.93,16138400,311006240.0
2020-08-11,18.93,19.15,17.78,17.91,22550200,424467552.0
2020-08-12,17.98,18.28,16.68,17.36,19714700,348297280.0
2020-08-13,17.62,18.68,17.19,18.19,20827800,381192448.0
2020-08-14,18.07,18.56,17.86,18.39,11189700,207444794.0
2020-08-17,18.35,18.4,17.85,18.19,15310700,282143136.0
2020-08-18,18.25,18.53,17.98,18.05,13533100,250674095.0
2020-08-19,17.93,18.04,16.91,16.98,21970600,385319408.0
2020-08-20,17.02,17.25,16.57,16.92,11146600,191989278.0
2020-08-21,17.09,17.76,16.91,17.41,12995100,229571358.0
2020-08-24,17.67,18.36,17.28,18.21,21603700,392635312.0
2020-08-25,18.14,19.09,18.06,18.41,18864200,356340288.0
2020-08-26,18.5,18.57,17.0,17.16,21483800,384662144.0
2020-08-27,17.3,18.82,17.06,18.4,22908900,421288268.0
2020-08-28,18.19,18.33,17.63,18.28,14960000,273985096.0
2020-08-31,18.13,18.5,17.88,17.88,15274300,281277952.0
2020-09-01,17.85,18.17,17.52,18.03,10054400,182756271.0
2020-09-02,18.24,18.48,17.98,18.13,13126200,242737627.0
2020-09-03,18.0,18.25,17.48,17.61,13605500,245957041.0
2020-09-04,17.18,18.14,17.11,17.9,15356800,278324352.0
2020-09-07,17.92,18.94,17.5,17.81,30907000,571719026.0
2020-09-08,17.9,18.07,17.35,17.69,15408200,277751240.0
2020-09-09,17.61,17.68,14.72,15.92,40070900,656497872.0
2020-09-10,15.7,16.04,15.15,15.3,20325600,322058208.0
2020-09-11,15.5,16.14,15.18,16.08,14793800,237985938.0
2020-09-14,16.33,16.49,15.88,16.11,14597900,240713107.0
2020-09-15,16.25,16.76,15.6,16.31,17518300,289133200.0
2020-09-16,16.33,16.62,16.01,16.16,9734800,161182744.0
2020-09-17,16.0,16.59,15.9,16.25,15600900,258789515.0
2020-09-18,16.27,16.42,16.08,16.31,11272200,186701081.0
2020-09-21,16.31,16.5,15.95,16.06,9890300,162617188.0
2020-09-22,15.99,16.18,15.66,15.77,9078100,147440975.0
2020-09-23,15.87,16.23,15.77,16.18,11795700,192905809.0
2020-09-24,15.96,15.96,15.45,15.5,12912500,205895262.0
2020-09-25,15.58,15.69,15.25,15.45,7482900,117924744.0
2020-09-28,15.63,15.64,14.99,15.29,11189600,174809735.0
2020-09-29,15.5,15.8,15.24,15.58,9686900,153852967.0
2020-09-30,15.84,16.05,15.3,15.4,13297700,210852092.0
2020-10-09,15.8,16.39,15.71,16.25,15398000,252427530.0
2020-10-12,16.45,17.1,16.26,17.09,15898600,271440567.0
2020-10-13,17.09,17.2,16.68,16.76,15037200,258607117.0
2020-10-14,16.87,16.9,16.42,16.55,15653300,265723334.0
2020-10-15,16.58,16.68,16.25,16.36,8149200,136565211.0
2020-10-16,16.39,16.56,15.88,16.05,12420200,203557442.0
2020-10-19,16.14,16.26,15.61,15.74,8716500,141052045.0
2020-10-20,15.9,16.1,15.47,16.06,8113800,130518836.0
2020-10-21,16.1,16.2,15.53,15.65,8317400,133320724.0
2020-10-22,15.55,15.73,15.24,15.58,8528000,134470464.0
2020-10-23,15.55,15.75,14.95,15.08,9380800,145886612.0
2020-10-26,14.88,14.99,14.38,14.57,11533800,171760111.0
2020-10-27,14.56,15.16,14.46,15.0,13050400,197667781.0
2020-10-28,14.7,15.05,14.31,14.48,15413900,228563532.0
2020-10-29,14.3,14.69,14.26,14.48,9044700,134059395.0
2020-10-30,14.43,15.06,14.26,14.48,15887000,237736961.0
2020-11-02,14.6,14.76,14.3,14.57,11411800,168630554.0
2020-11-03,14.7,15.18,14.34,14.84,14345800,218193707.0
2020-11-04,14.93,15.1,14.57,14.7,10764400,162246689.0
2020-11-05,14.97,14.97,14.34,14.71,14037600,209175924.0
2020-11-06,14.63,14.71,14.0,14.24,13751600,200485005.0
2020-11-09,14.42,16.04,14.36,15.64,34620800,543213152.0
2020-11-10,15.5,16.0,15.18,15.78,22934700,364734656.0
2020-11-11,15.76,16.0,15.06,15.11,16039300,252660896.0
2020-11-12,15.29,15.34,14.49,14.63,13564900,204186147.0
2020-11-13,14.45,15.75,14.33,15.19,22056900,343816656.0
2020-11-16,15.33,15.5,15.01,15.47,13174900,204974221.0
2020-11-17,15.48,15.57,14.9,15.4,15415100,238677601.0
2020-11-18,15.25,15.53,15.06,15.28,11910300,185335494.0
2020-11-19,15.2,15.99,15.15,15.86,21913800,351449472.0
2020-11-20,15.87,15.89,15.3,15.4,14965300,236143811.0
2020-11-23,15.33,15.36,14.88,15.16,12783200,197052137.0
2020-11-24,15.06,15.3,14.9,15.26,12817600,197126773.0
2020-11-25,15.23,16.98,15.14,16.38,37618800,620776448.0
2020-11-26,16.3,16.75,16.0,16.09,17194000,283767360.0
2020-11-27,16.5,17.09,16.37,16.62,28098800,477067168.0
2020-11-30,16.26,16.65,16.05,16.24,20668500,343461840.0
2020-12-01,16.33,16.58,15.91,16.38,15458500,255050501.0
2020-12-02,16.33,17.07,16.24,17.0,24147100,411546688.0
2020-12-03,16.96,17.4,16.63,16.72,16561700,284282080.0
2020-12-04,16.47,16.8,16.38,16.4,10849500,182727127.0
2020-12-07,16.7,16.79,15.98,16.1,11531900,191915313.0
2020-12-08,16.11,16.3,15.86,15.92,8989200,147136440.0
2020-12-09,16.08,16.17,15.44,15.52,11634400,187306137.0
2020-12-10,15.42,16.12,15.41,15.83,13490000,218471962.0
2020-12-11,16.0,16.0,14.95,15.3,21020400,327386064.0
2020-12-14,15.54,16.58,15.31,16.36,26710500,437627456.0
2020-12-15,16.42,16.9,16.3,16.64,27341100,461169920.0
2020-12-16,16.68,16.83,16.4,16.63,15274700,258477898.0
2020-12-17,16.97,17.16,16.63,17.15,21473400,369524288.0
2020-12-18,17.29,17.98,17.04,17.04,28385100,505745264.0
2020-12-21,17.49,18.68,17.3,18.42,31231400,579468176.0
2020-12-22,18.36,19.08,18.2,18.34,29299100,552642480.0
2020-12-23,18.29,18.95,18.03,18.91,29694400,560485104.0
2020-12-24,18.8,18.93,18.22,18.51,20523300,387146272.0
2020-12-25,18.3,18.64,18.0,18.29,16209900,301081648.0
2020-12-28,18.25,18.57,17.88,18.11,17187600,317711680.0
2020-12-29,18.1,18.75,17.95,18.27,20692200,386040688.0
2020-12-30,18.2,18.43,17.62,18.11,17658300,324092128.0
2020-12-31,18.18,18.65,18.1,18.61,18666500,349509712.0
2021-01-04,18.45,19.05,18.16,18.71,24129000,457310128.0
2021-01-05,18.55,19.18,18.4,19.0,24692700,472896368.0
2021-01-06,19.32,19.9,18.08,18.11,27795000,531941872.0
2021-01-07,18.19,18.35,16.91,17.44,34806400,622041856.0
2021-01-08,17.37,17.88,17.11,17.5,17609600,314923408.0
2021-01-11,17.46,18.17,17.46,17.64,19743700,358187296.0
2021-01-12,17.7,18.06,17.4,17.91,18322400,330198960.0
2021-01-13,18.27,19.63,18.08,19.2,35372500,678104032.0
2021-01-14,19.35,21.56,19.19,20.61,52875900,1094660240.0
2021-01-15,20.81,21.25,19.95,20.85,35088100,733187696.0
2021-01-18,21.05,23.1,20.4,23.0,52264200,1166533792.0
2021-01-19,22.52,23.34,22.3,22.86,33736900,776461488.0
2021-01-20,22.36,23.43,22.36,22.76,28130400,651065104.0
2021-01-21,22.96,23.92,22.95,23.14,33228700,786060320.0
2021-01-22,22.95,23.32,21.97,22.71,41021600,936757856.0
2021-01-25,22.21,24.11,21.92,23.08,54734000,1278507024.0
2021-01-26,23.21,24.47,22.45,22.53,37741300,890744704.0
2021-01-27,22.77,23.32,22.21,22.49,31118900,714325824.0
2021-01-28,22.03,22.82,21.39,21.65,34817400,779017136.0
2021-01-29,21.97,22.25,21.11,21.7,28129600,620274400.0
2021-02-01,21.71,22.06,21.45,21.79,22995900,506829232.0
2021-02-02,21.75,21.97,21.35,21.74,20114600,440910720.0
2021-02-03,21.82,21.88,20.5,20.85,27994000,604238080.0
2021-02-04,20.57,21.18,20.13,20.84,30118300,628689152.0
2021-02-05,20.7,20.8,19.3,19.56,30988900,628338816.0
2021-02-08,19.88,20.24,19.6,19.76,16105500,325463856.0
2021-02-09,19.6,20.61,19.55,20.38,16997000,349017424.0
2021-02-10,20.3,20.42,19.84,20.13,17276700,352574080.0
2021-02-18,20.61,21.45,20.39,20.75,23372200,496110768.0
2021-02-19,20.7,20.88,20.0,20.57,17641900,365404176.0
2021-02-22,20.5,21.04,19.75,19.82,22680900,470285024.0
2021-02-23,19.7,19.87,19.01,19.54,17409100,345118352.0
2021-02-24,19.26,19.87,18.98,18.98,20889700,412039936.0
2021-02-25,19.33,19.4,18.4,18.49,17598000,335177664.0
2021-02-26,18.05,18.47,17.8,17.92,15032100,275980240.0
2021-03-01,18.39,18.76,18.2,18.59,14217000,267541215.0
2021-03-02,19.02,19.43,18.63,18.74,18087300,348995952.0
2021-03-03,18.74,19.01,18.5,18.99,10845400,206692088.0
2021-03-04,18.95,19.16,18.44,18.46,13356400,254632924.0
2021-03-05,18.1,19.38,18.1,19.2,16530700,319095792.0
2021-03-08,19.41,19.42,18.41,18.42,14544400,278086864.0
2021-03-09,18.3,18.6,17.2,17.35,20186300,365798064.0
2021-03-10,17.65,17.84,16.89,17.11,11585500,203987125.0
2021-03-11,17.06,18.1,16.97,17.73,13743900,245830281.0
2021-03-12,17.7,17.94,17.52,17.76,9521600,171577607.0
2021-03-15,17.54,17.87,17.32,17.35,9339000,167022550.0
2021-03-16,17.49,17.64,16.94,17.1,8858600,154863623.0
2021-03-17,17.01,17.49,17.01,17.08,7983100,140070568.0
2021-03-18,17.22,17.82,16.95,17.52,11299400,199868414.0
2021-03-19,17.25,17.42,16.99,17.0,9809900,171256871.0
2021-03-22,17.0,17.18,16.53,16.63,11493200,196066813.0
2021-03-23,16.8,17.3,16.62,16.74,10056500,173392150.0
2021-03-24,16.55,16.6,15.75,15.91,18823600,308111424.0
2021-03-25,15.92,16.28,15.86,15.96,8831600,144597606.0
2021-03-26,16.05,16.65,15.97,16.45,10514400,174702362.0
2021-03-29,16.7,16.73,16.29,16.35,8666700,145416667.0
2021-03-30,16.2,16.43,16.08,16.09,8194800,135187909.0
2021-03-31,16.25,16.35,15.92,15.95,7915600,129686955.0
2021-04-01,16.05,16.75,16.0,16.58,14651700,245615658.0
2021-04-02,16.58,17.75,16.58,17.62,19878400,348458576.0
2021-04-06,17.53,17.79,17.06,17.12,10970000,193289274.0
2021-04-07,17.04,17.27,16.8,17.11,10084800,174738485.0
2021-04-08,17.15,17.35,15.05,15.98,35829800,585571808.0
2021-04-09,15.69,16.29,15.59,15.88,20849400,335159792.0
2021-04-12,15.8,15.86,14.91,14.92,19895500,310358816.0
2021-04-13,14.97,15.12,14.68,14.8,10541400,160093808.0
2021-04-14,14.97,15.22,14.72,15.04,7308800,112057022.0
2021-04-15,15.2,15.2,14.74,14.9,6695400,101792936.0
2021-04-16,14.79,15.09,14.79,14.98,7287600,110974390.0
2021-04-19,14.86,15.43,14.86,15.34,10081200,157117384.0
2021-04-20,15.42,15.94,15.35,15.37,10852500,172272088.0
2021-04-21,15.23,15.86,15.23,15.7,10160300,162119450.0
2021-04-22,15.88,16.08,15.59,15.61,11392100,183609109.0
2021-04-23,15.68,15.78,15.45,15.62,7689300,122298572.0
2021-04-26,15.57,15.8,15.36,15.41,10214000,162023338.0
2021-04-27,15.51,15.55,15.13,15.4,6565300,102701873.0
2021-04-28,15.45,16.06,15.31,16.01,12084700,194084241.0
2021-04-29,16.01,16.31,15.81,15.82,10113500,165406271.0
2021-04-30,15.87,16.23,15.81,15.98,8176900,133409312.0
2021-05-06,15.9,16.4,15.84,16.2,9543900,157170497.0
2021-05-07,16.2,16.45,15.45,15.5,12310600,199411484.0
2021-05-10,15.48,15.65,15.01,15.33,8154500,127799974.0
2021-05-11,15.19,15.34,14.82,15.22,7763300,119613211.0
2021-05-12,15.29,15.37,15.02,15.36,6618900,102743377.0
2021-05-13,15.1,16.0,15.03,15.46,9627300,152497498.0
2021-05-14,15.54,15.87,15.25,15.84,8319900,132323224.0
2021-05-17,15.77,16.07,15.61,15.73,8060700,129857210.0
2021-05-18,15.61,16.47,15.52,16.41,15245500,252230498.0
2021-05-19,16.3,16.76,16.21,16.63,13436300,226237330.0
2021-05-20,16.7,17.43,16.7,17.3,18700000,327818320.0
2021-05-21,17.29,17.48,16.91,16.95,11424600,199012498.0
2021-05-24,16.9,16.92,16.52,16.88,10962500,186422681.0
2021-05-25,16.79,17.2,16.71,16.99,12306300,212651090.0
2021-05-26,16.9,17.18,16.68,16.68,10706500,183395216.0
2021-05-27,16.68,17.84,16.6,17.67,23440000,415765584.0
2021-05-28,17.7,18.05,17.55,17.69,17777600,320915824.0
2021-05-31,17.87,18.03,17.5,17.69,13585700,245774454.0
2021-06-01,17.69,18.97,17.58,18.69,29413200,550044048.0
2021-06-02,18.65,18.7,18.0,18.2,17649900,329199408.0
2021-06-03,18.3,18.64,18.03,18.05,14395700,268024462.0
2021-06-04,18.13,18.46,18.04,18.15,11898000,220611612.0
2021-06-07,18.65,19.31,18.21,18.37,27690700,528503328.0
2021-06-08,18.2,18.5,17.3,17.56,19612500,357143104.0
2021-06-09,17.57,17.84,16.74,17.02,25062600,437314176.0
2021-06-10,17.02,17.74,16.91,17.4,24351400,428386240.0
2021-06-11,17.4,17.4,16.26,16.4,29045200,492972864.0
2021-06-15,16.41,16.66,16.16,16.6,16343600,274232256.0
2021-06-16,16.62,16.94,15.96,16.05,15449000,257574201.0
2021-06-17,16.06,17.51,16.02,17.22,27745300,477249984.0
2021-06-18,17.22,17.62,16.88,17.07,19139200,333908432.0
2021-06-21,16.98,17.95,16.98,17.71,21318300,381711088.0
2021-06-22,17.64,18.0,17.13,17.55,17694700,314245040.0
2021-06-23,17.56,18.46,17.49,18.12,29746700,544877936.0
2021-06-24,17.99,18.14,17.4,17.63,21845700,393166048.0
2021-06-25,17.63,18.03,17.2,17.76,20202200,362490144.0
2021-06-28,19.33,19.73,18.18,18.35,41062500,781090752.0
2021-06-29,18.2,18.53,17.23,17.28,33387500,597767872.0
2021-06-30,17.21,18.28,17.21,17.98,29302100,532869568.0
2021-07-01,18.02,18.12,17.38,17.43,18278000,327333248.0
2021-07-02,17.32,17.58,16.88,16.94,16490200,288841808.0
2021-07-05,17.11,17.56,16.99,17.49,14318600,251610722.0
2021-07-06,17.48,17.54,16.7,16.98,16698800,289695904.0
2021-07-07,16.8,17.17,16.65,17.07,15684800,269372480.0
2021-07-08,17.01,18.97,17.01,18.63,46810200,872503808.0
2021-07-09,18.83,19.06,18.13,18.96,35616100,672648832.0
2021-07-12,18.92,19.73,18.75,19.29,32448700,633955072.0
2021-07-13,19.26,20.28,18.83,19.17,29756100,586918976.0
2021-07-14,19.03,19.26,18.54,18.59,27406300,524418288.0
2021-07-15,18.54,18.99,18.03,18.41,20223000,377597136.0
2021-07-16,18.33,18.91,18.13,18.23,19469600,364121776.0
2021-07-19,17.88,18.22,17.56,17.97,16542800,300247008.0
2021-07-20,17.7,18.1,17.62,18.06,14145600,256467770.0
2021-07-21,18.23,18.78,17.93,18.58,23229900,434811984.0
2021-07-22,18.73,22.34,18.59,21.53,73021400,1532249168.0
2021-07-23,21.58,22.73,21.33,22.23,56583700,1257718816.0
2021-07-26,22.19,22.67,21.13,22.05,39270800,871184736.0
2021-07-27,22.31,24.18,21.96,22.28,66395000,1547738928.0
2021-07-28,22.25,23.06,20.83,21.63,61702300,1370590304.0
2021-07-29,22.27,23.1,21.33,22.84,59852900,1353740960.0
2021-07-30,22.69,23.97,22.45,23.27,53409400,1261907488.0
2021-08-02,23.09,26.64,23.09,25.31,80582000,2028470816.0
2021-08-03,25.33,26.08,24.31,24.85,65429100,1662250768.0
2021-08-04,24.75,25.11,23.72,24.87,47130600,1168902752.0
2021-08-05,24.64,24.77,23.49,23.96,37397000,907826608.0
2021-08-06,24.31,24.66,22.43,22.64,47902100,1128666320.0
2021-08-09,24.03,25.18,23.13,23.98,55052300,1342235952.0
2021-08-10,24.27,24.57,23.26,23.56,35642900,855417440.0
2021-08-11,23.57,23.71,22.31,22.52,37176200,854423056.0
2021-08-12,22.37,23.37,22.34,22.83,25946800,599565616.0
2021-08-13,22.58,23.4,22.28,22.7,22294100,513152800.0
2021-08-16,22.39,23.0,21.56,22.4,24539500,553262688.0
2021-08-17,22.34,22.5,21.41,21.69,19470700,432331728.0
2021-08-18,21.78,22.07,21.13,21.87,17812800,391282992.0
2021-08-19,21.7,22.3,20.88,21.23,27614100,601307552.0
2021-08-20,21.85,22.52,21.28,21.66,27037400,599826752.0
2021-08-23,21.71,22.59,21.53,22.34,24062100,539040368.0
2021-08-24,22.23,24.73,21.58,24.0,47975500,1132441376.0
2021-08-25,23.59,24.33,23.53,24.33,26496900,643730112.0
2021-08-26,24.62,24.68,22.65,22.81,32035800,757308208.0
2021-08-27,22.67,23.11,21.84,22.32,17776000,402982016.0
2021-08-30,21.63,22.39,21.13,21.45,26026000,571079872.0
2021-08-31,21.81,21.81,20.51,20.94,21359600,453064976.0
2021-09-01,20.96,21.37,20.65,20.83,17723900,376398352.0
2021-09-02,20.73,21.15,20.25,20.8,14005200,293598736.0
2021-09-03,20.75,21.32,19.72,20.63,24688100,514825968.0
2021-09-06,20.68,21.22,20.31,21.14,14078600,297385472.0
2021-09-07,21.05,21.27,20.59,20.73,12782800,269160304.0
2021-09-08,20.76,21.53,20.67,21.06,16325200,348156704.0
2021-09-09,20.93,21.37,20.24,21.23,18106500,380610752.0
2021-09-10,21.12,22.29,21.06,22.11,28131200,620153376.0
2021-09-13,22.03,22.52,21.44,21.74,17424200,385941872.0
2021-09-14,21.78,21.95,20.93,21.02,15556300,338142944.0
2021-09-15,20.96,21.15,20.43,20.82,9744300,205286653.0
2021-09-16,21.07,21.08,19.79,19.95,16004600,327926864.0
2021-09-17,19.91,20.13,18.97,19.31,15244600,299721904.0
2021-09-22,19.2,19.55,19.06,19.35,7731200,151194258.0
2021-09-23,20.14,20.95,19.69,20.61,20210400,416886864.0
2021-09-24,20.25,20.72,19.83,19.83,11597100,236528916.0
2021-09-27,20.07,20.47,19.51,19.62,11515000,232737168.0
2021-09-28,19.66,20.03,19.43,19.6,8933500,178634371.0
2021-09-29,19.44,19.53,18.49,18.82,12666100,242737799.0
2021-09-30,18.74,18.95,18.54,18.66,9501300,180780586.0
2021-10-08,18.83,19.66,18.65,19.0,7960200,154797316.0
2021-10-11,19.0,19.43,18.87,19.13,4923600,95864113.0
2021-10-12,19.13,19.14,18.03,18.46,10190900,190767272.0
2021-10-13,18.46,18.63,18.16,18.56,4212600,78884122.0
2021-10-14,18.38,18.99,18.33,18.89,6155800,116536757.0
2021-10-15,18.77,19.28,18.59,19.01,10764600,207305313.0
2021-10-18,18.84,19.23,18.54,19.18,7348000,140934763.0
2021-10-19,19.23,19.32,18.91,19.04,6644100,128688309.0
2021-10-20,18.93,19.05,18.55,19.01,8896800,169909890.0
2021-10-21,19.04,19.04,17.99,18.39,13768200,257267234.0
2021-10-22,18.41,19.08,18.15,18.22,12620200,238506156.0
2021-10-25,18.1,19.17,17.92,19.03,13051200,246814278.0
2021-10-26,18.84,19.48,18.84,19.19,11363000,221348768.0
2021-10-27,19.63,19.63,18.53,19.06,10794300,207427125.0
2021-10-28,19.06,19.41,18.43,18.52,12860500,246476015.0
2021-10-29,18.62,19.93,18.56,19.78,22690300,448595632.0
2021-11-01,19.63,20.38,19.62,20.2,15648300,317952048.0
2021-11-02,20.23,20.58,19.83,20.12,12399600,254821538.0
2021-11-03,20.53,22.33,20.38,21.78,33878400,737970304.0
2021-11-04,22.02,22.63,21.63,22.35,26517100,597776528.0
2021-11-05,22.74,22.91,21.84,21.94,17843500,401164176.0
2021-11-08,22.0,22.2,21.38,21.72,11256700,246597470.0
2021-11-09,21.8,22.64,21.58,22.47,18149700,407748224.0
2021-11-10,22.55,24.06,22.4,23.71,28459700,670163440.0
2021-11-11,23.57,24.62,23.3,23.69,27443900,662437872.0
2021-11-12,23.39,24.28,23.25,23.69,18465300,441692224.0
2021-11-15,23.69,24.52,23.49,23.9,20378900,493741424.0
2021-11-16,23.54,23.9,22.98,23.03,18319600,432975280.0
2021-11-17,23.36,24.23,23.1,23.69,18157700,434856960.0
2021-11-18,23.82,24.88,23.65,24.04,20555100,504215744.0
2021-11-19,24.12,24.83,24.01,24.63,16456900,406993232.0
2021-11-22,24.98,25.28,24.63,24.91,18643500,470285232.0
2021-11-23,25.58,25.79,23.65,24.0,36920700,911916992.0
2021-11-24,24.24,25.73,24.22,25.13,32678700,830236288.0
2021-11-25,25.12,26.66,24.84,25.36,30490100,793759504.0
2021-11-26,25.36,25.47,24.13,24.95,29263000,729094656.0
2021-11-29,25.56,27.73,25.54,26.74,49440600,1343582944.0
2021-11-30,26.76,27.02,26.11,26.21,22839100,609184064.0
2021-12-01,26.12,26.54,25.47,25.77,15123600,394835472.0
2021-12-02,26.43,26.88,25.94,26.2,21387300,570493040.0
2021-12-03,26.2,26.23,25.33,25.82,16082000,418626880.0
2021-12-06,25.66,26.49,25.07,25.32,17157900,442758672.0
2021-12-07,25.36,25.42,23.82,24.12,23696200,581703328.0
2021-12-08,24.46,24.76,23.91,24.48,15520700,381900720.0
2021-12-09,24.48,24.48,23.78,24.11,11759200,286407568.0
2021-12-10,24.13,24.85,23.99,24.09,11897500,292075120.0
2021-12-13,24.23,24.43,23.32,23.5,22402900,536800400.0
2021-12-14,23.5,23.88,23.4,23.76,18324700,438350208.0
2021-12-15,23.98,25.18,23.9,24.53,22115200,551645568.0
2021-12-16,24.44,25.03,23.95,24.01,15022700,369872288.0
2021-12-17,23.89,24.19,22.85,23.02,18446000,432264416.0
2021-12-20,23.02,23.55,22.89,22.99,11252400,264209895.0
2021-12-21,22.91,23.58,22.82,23.44,9033200,213462269.0
2021-12-22,23.37,24.63,23.21,24.11,16196100,395893392.0
2021-12-23,24.32,24.43,23.74,24.21,9850800,239572917.0
2021-12-24,24.23,24.42,23.33,23.49,7733200,185603891.0
2021-12-27,23.71,23.98,23.12,23.62,7249500,172853164.0
2021-12-28,23.58,24.28,23.43,24.15,9816800,237784235.0
2021-12-29,24.03,24.88,23.95,24.13,9914800,245018028.0
2021-12-30,24.59,24.59,23.73,23.87,9975900,243014743.0
2021-12-31,23.75,24.16,23.56,24.07,8921900,215903178.0
2022-01-04,24.22,24.41,23.53,23.6,9506400,229033803.0
2022-01-05,23.73,23.87,21.77,22.29,28954900,657251104.0
2022-01-06,22.29,22.92,21.94,22.18,10662500,241026347.0
2022-01-07,22.28,22.37,21.63,21.73,9337000,207131053.0
2022-01-10,21.61,23.01,21.54,22.73,13835800,315222192.0
2022-01-11,22.91,22.92,21.31,21.47,14003100,309390448.0
2022-01-12,21.44,22.17,21.44,22.05,10186900,224802250.0
2022-01-13,22.04,22.27,21.35,21.78,9115300,201209827.0
2022-01-14,21.65,22.9,21.63,22.33,11003300,249959072.0
2022-01-17,22.28,23.57,22.13,23.26,16261400,380958864.0
2022-01-18,23.18,24.0,23.05,23.61,12204500,291858992.0
2022-01-19,23.23,23.42,21.83,22.01,17860800,403796896.0
2022-01-20,21.98,22.13,21.23,21.37,11895200,259217788.0
2022-01-21,21.33,21.59,20.78,21.17,9331700,199821477.0
2022-01-24,21.41,21.58,20.81,21.05,8492000,181299747.0
2022-01-25,20.94,21.43,20.45,20.75,11954900,253896577.0
2022-01-26,20.91,21.28,20.5,21.09,7329700,155846378.0
2022-01-27,21.16,21.47,20.58,20.58,6648300,140295894.0
2022-01-28,20.77,20.88,20.38,20.54,7125200,149131115.0
2022-02-07,20.81,21.11,20.27,20.37,6474500,134986777.0
2022-02-08,20.42,20.59,19.49,20.38,12590100,254694416.0
2022-02-09,20.47,21.05,20.1,20.92,6473200,135526009.0
2022-02-10,20.98,21.01,20.11,20.27,10305200,212746531.0
2022-02-11,20.37,20.37,19.32,19.58,16122700,319559152.0
2022-02-14,19.34,19.97,19.01,19.18,9247400,182064321.0
2022-02-15,19.27,20.31,19.2,20.24,12141200,245710029.0
2022-02-16,20.4,20.43,19.68,19.77,6443300,129887718.0
2022-02-17,19.72,20.24,19.66,20.01,7347100,148849734.0
2022-02-18,19.95,20.13,19.69,19.82,6536200,131258988.0
2022-02-21,19.92,20.3,19.76,20.27,7361300,149809709.0
2022-02-22,20.13,20.46,19.63,20.41,8981800,183036467.0
2022-02-23,20.38,21.7,20.23,21.22,16823000,362004816.0
2022-02-24,21.0,21.61,20.51,21.01,14717400,313942144.0
2022-02-25,21.44,21.86,20.94,21.16,12071700,261056915.0
2022-02-28,20.97,21.48,20.73,21.43,8927700,190837021.0
2022-03-01,21.53,21.58,20.87,21.19,7240600,154897861.0
2022-03-02,20.99,21.28,20.86,21.11,6308400,134438036.0
2022-03-03,21.13,21.22,20.68,20.81,5767400,121651509.0
2022-03-04,20.61,21.18,20.46,20.79,8197700,172892791.0
2022-03-07,20.77,20.77,19.62,19.88,13719100,277377360.0
2022-03-08,19.81,20.7,19.39,20.05,13298300,271482464.0
2022-03-09,20.36,20.73,19.2,20.07,13628100,277109648.0
2022-03-10,20.93,21.65,20.57,21.13,33845000,727654288.0
2022-03-11,20.87,20.93,19.73,20.7,20677700,426801888.0
2022-03-14,20.32,20.78,20.16,20.2,8257300,171082499.0
2022-03-15,19.91,20.33,19.33,19.51,16389900,328692048.0
2022-03-16,19.88,20.28,18.53,20.03,19777400,389932864.0
2022-03-17,20.42,21.52,20.33,20.65,21998700,467779504.0
2022-03-18,20.68,20.98,20.45,20.76,7647200,160420521.0
2022-03-21,20.88,20.88,20.36,20.53,8986400,187458041.0
2022-03-22,20.69,20.78,19.89,20.01,11090300,227218207.0
2022-03-23,20.15,20.63,19.67,20.37,11006700,223803318.0
2022-03-24,20.23,20.46,19.71,20.28,7861800,160333112.0
2022-03-25,20.43,20.85,19.79,19.88,8855300,181256415.0
2022-03-28,19.67,20.09,19.29,19.83,6894100,137190895.0
2022-03-29,19.82,20.02,19.41,19.62,4829800,95990330.0
2022-03-30,19.53,20.24,19.53,20.14,9289400,188363205.0
2022-03-31,20.02,20.18,19.4,19.66,8592800,171150058.0
2022-04-01,19.53,20.06,19.29,19.89,7831900,157001192.0
2022-04-06,19.68,19.84,19.53,19.75,3864500,77061668.0
2022-04-07,19.68,19.88,19.45,19.47,4276700,85049357.0
2022-04-08,19.53,19.76,18.81,19.57,10652500,208318570.0
2022-04-11,19.43,19.43,18.31,18.38,12085900,228441950.0
2022-04-12,18.23,18.53,17.53,18.42,9888100,181046393.0
2022-04-13,18.33,18.33,17.35,17.91,9562300,172113350.0
2022-04-14,17.75,18.46,17.71,17.98,6558800,120021594.0
2022-04-15,17.63,18.53,17.6,17.9,9374300,172321491.0
2022-04-18,17.75,18.09,17.15,18.03,8568100,154474935.0
2022-04-19,18.22,18.28,17.84,17.98,6774300,124303512.0
2022-04-20,17.98,18.03,17.13,17.23,12187700,215431216.0
2022-04-21,17.23,17.79,16.63,16.7,9978200,172970147.0
2022-04-22,16.76,16.76,15.71,16.1,14581800,239794989.0
2022-04-25,16.14,16.17,14.98,15.14,14305900,225383568.0
2022-04-26,15.18,15.57,14.78,15.14,13703600,213444094.0
2022-04-27,15.13,16.36,14.72,16.07,14705200,232249174.0
2022-04-28,15.94,16.3,15.46,15.74,8918700,143204389.0
2022-04-29,15.95,16.38,15.64,16.25,12443200,202969702.0
2022-05-05,16.28,16.83,16.03,16.48,9185900,154222338.0
2022-05-06,16.03,16.85,15.9,16.49,8126300,135742036.0
2022-05-09,16.52,16.89,16.31,16.57,4950200,83734533.0
2022-05-10,16.56,17.67,16.38,17.49,11898000,208499053.0
2022-05-11,17.49,18.05,17.23,17.75,13125300,237300946.0
2022-05-12,17.52,18.03,17.48,17.87,7996300,144288778.0
2022-05-13,17.87,18.07,17.46,17.63,9463100,169313166.0
2022-05-16,17.58,17.82,17.21,17.42,7377700,130431868.0
2022-05-17,17.66,18.21,17.11,17.99,11068400,199949626.0
2022-05-18,17.92,18.46,17.8,18.27,7529000,139274458.0
2022-05-19,18.12,19.43,17.98,19.0,11219000,213995648.0
2022-05-20,19.04,19.39,18.94,19.11,5272800,102091108.0
2022-05-23,19.38,19.38,18.74,19.07,6757900,129908137.0
2022-05-24,18.93,19.11,17.94,18.07,9071000,170722848.0
2022-05-25,18.07,18.52,17.91,18.25,7146100,132492804.0
2022-05-26,18.24,18.32,17.67,18.2,9056900,165457987.0
2022-05-27,18.31,18.81,17.95,18.13,5701800,106176827.0
2022-05-30,18.27,18.46,17.89,18.37,4952300,91550026.0
2022-05-31,18.47,18.76,18.03,18.74,6836100,128282231.0
2022-06-01,18.7,18.92,18.46,18.81,5758100,109167879.0
2022-06-02,18.68,19.53,18.62,19.42,11884100,231653397.0
2022-06-06,19.27,19.63,19.24,19.39,8614800,169965331.0
2022-06-07,19.39,19.66,19.01,19.59,7381200,145401184.0
2022-06-08,19.45,19.85,18.95,19.46,7811800,153628825.0
2022-06-09,19.46,19.46,18.62,18.81,6784100,130384831.0
2022-06-10,18.72,19.22,18.53,19.11,5131400,99067667.0
2022-06-13,19.12,19.53,18.87,19.09,6293800,122346073.0
2022-06-14,18.96,18.96,17.84,18.48,12687100,236010784.0
2022-06-15,18.5,19.01,18.26,18.39,8583800,161321404.0
2022-06-16,18.39,18.87,18.3,18.62,7143400,134937466.0
2022-06-17,18.62,18.83,18.29,18.7,4997300,94106380.0
2022-06-20,18.81,18.97,18.4,18.7,5488800,104044606.0
2022-06-21,18.54,19.02,18.4,18.66,8038000,152380852.0
2022-06-22,18.68,19.26,18.46,18.69,13617900,260939392.0
2022-06-23,18.53,19.18,18.53,19.13,10377400,199823488.0
2022-06-24,19.21,19.95,19.06,19.67,10635100,210896805.0
2022-06-27,19.96,20.29,19.7,19.8,9755200,196610006.0
2022-06-28,19.98,20.55,19.74,20.47,14241200,291885904.0
2022-06-29,20.36,20.85,19.88,19.94,10110500,207443432.0
2022-06-30,20.02,21.43,20.02,20.92,16902600,356381152.0
2022-07-01,20.92,21.23,20.25,20.34,10394300,216425287.0
2022-07-04,20.26,20.37,19.69,20.11,8600300,174416955.0
2022-07-05,20.14,20.63,19.85,20.05,9018100,183439791.0
2022-07-06,20.03,20.61,19.87,20.25,9794500,200920844.0
2022-07-07,21.35,22.23,20.9,21.51,27519300,599671024.0
2022-07-08,21.76,21.98,20.88,21.26,19043500,409447824.0
2022-07-11,21.26,21.33,20.1,20.45,14944500,310434512.0
2022-07-12,20.46,20.7,20.03,20.35,10463600,215625866.0
2022-07-13,20.13,20.67,20.05,20.44,8713600,179895142.0
2022-07-14,20.35,21.01,20.19,20.6,10205800,214022860.0
2022-07-15,20.58,21.2,20.45,20.85,8851000,187718704.0
2022-07-18,20.86,20.99,20.19,20.31,10987600,227618805.0
2022-07-19,20.4,20.7,19.97,20.09,7635800,156497115.0
2022-07-20,20.29,20.6,19.75,19.9,10443300,212316930.0
2022-07-21,19.83,20.82,19.63,20.71,17205700,357706636.0
2022-07-22,20.57,20.9,19.82,20.03,11168600,227650089.0
2022-07-25,19.96,20.07,19.28,19.45,8115900,160935753.0
2022-07-26,19.46,19.9,19.27,19.8,6811200,135288523.0
2022-07-27,19.81,19.88,19.45,19.59,6096000,121196932.0
2022-07-28,19.75,20.59,19.65,20.26,15716600,319341947.0
2022-07-29,20.2,21.21,20.09,20.73,18218200,384606568.0
2022-08-01,20.8,21.21,20.05,21.14,13563300,283805382.0
2022-08-02,20.89,22.01,20.59,21.25,22873900,495080953.0
2022-08-03,21.4,22.71,21.02,21.83,23926800,529107409.0
2022-08-04,21.95,22.75,21.87,22.33,24685400,557996528.0
2022-08-05,22.23,24.25,22.23,24.21,33057000,787676489.0
2022-08-08,24.15,24.85,23.13,23.95,33087100,798015995.0
2022-08-09,23.55,23.96,22.97,23.81,20631100,487426814.0
2022-08-10,23.65,25.46,23.46,24.4,28491300,710432324.0
2022-08-11,24.49,24.84,24.21,24.5,14005100,346700406.0
2022-08-12,24.49,24.84,23.73,23.82,17743400,434726962.0
2022-08-15,23.75,24.25,23.62,23.88,11985400,289812786.0
2022-08-16,23.75,24.23,23.3,23.94,10468100,252578665.0
2022-08-17,23.66,24.21,23.65,24.15,8915100,216486252.0
2022-08-18,24.14,24.62,23.61,24.44,14840400,362151386.0
2022-08-19,24.65,25.34,23.9,24.02,22267900,549317243.0
2022-08-22,24.14,25.14,23.8,24.9,17983700,448796056.0
2022-08-23,24.92,25.22,24.65,25.15,11204100,282525322.0
2022-08-24,25.2,25.2,23.34,23.52,25012200,602922285.0
2022-08-25,23.65,23.9,22.98,23.28,14245200,336018137.0
2022-08-26,23.46,23.64,22.74,22.83,9448800,220406978.0
2022-08-29,22.66,23.37,22.45,23.01,8037300,186594211.0
2022-08-30,22.95,23.85,22.83,23.23,10623200,250122585.0
2022-08-31,22.93,23.43,22.35,22.46,9784900,224727406.0
2022-09-01,22.43,23.14,22.27,22.41,6517900,148146353.0
2022-09-02,22.45,24.4,22.26,23.68,20488000,490479751.0
2022-09-05,23.58,24.99,23.44,24.55,17573300,435465234.0
2022-09-06,24.48,25.6,24.37,24.85,17748000,450043629.0
2022-09-07,25.04,26.85,24.98,26.26,30242600,802223254.0
2022-09-08,26.2,26.75,25.95,26.26,14942800,397787549.0
2022-09-09,26.26,26.35,25.13,25.63,17751500,456343810.0
2022-09-13,25.65,26.32,25.25,25.47,9938800,257063513.0
2022-09-14,25.25,25.93,24.9,25.43,10874100,279678718.0
2022-09-15,25.45,26.04,24.46,24.91,13505600,341225115.0
2022-09-16,24.9,26.73,24.77,25.78,20603700,540231596.0
2022-09-19,25.85,26.61,25.15,25.42,11348900,294913648.0
2022-09-20,25.6,26.03,24.75,25.24,9461000,242860007.0
2022-09-21,25.25,25.39,24.57,24.76,11229500,281700648.0
2022-09-22,24.84,25.41,24.23,24.53,11781000,293696244.0
2022-09-23,24.39,24.59,23.48,24.13,11736600,284101613.0
2022-09-26,23.89,24.84,23.89,24.45,8775600,216947418.0
2022-09-27,24.36,25.42,24.29,24.75,12149300,305170363.0
2022-09-28,24.46,24.81,23.75,23.75,9022800,219274832.0
2022-09-29,24.0,24.14,23.55,23.77,6949500,167307317.0
2022-09-30,23.75,23.9,22.97,23.25,7907500,186611236.0
2022-10-10,22.88,23.26,19.53,20.05,47174500,981957777.0
2022-10-11,20.12,20.24,18.52,18.94,32946600,633088230.0
2022-10-12,18.95,20.13,18.04,19.85,27839100,534631786.0
2022-10-13,19.45,19.8,18.14,18.43,33198100,631935006.0
2022-10-14,18.5,18.8,17.3,18.47,33680700,620444362.0
2022-10-17,18.39,19.4,18.17,19.22,28163800,540366371.0
2022-10-18,19.33,19.38,18.95,19.19,15826400,307186676.0
2022-10-19,19.0,19.46,18.82,18.95,10844700,210093481.0
2022-10-20,18.83,20.79,18.55,20.28,32546600,656412168.0
2022-10-21,19.93,20.07,18.92,19.55,22523200,442201428.0
2022-10-24,19.74,20.8,19.55,20.48,25744200,532824241.0
2022-10-25,20.51,20.67,19.7,20.07,17305700,351104814.0
2022-10-26,19.99,20.9,19.94,20.57,16106900,334648660.0
2022-10-27,20.38,21.5,20.22,21.08,22678200,477688606.0
2022-10-28,20.75,21.63,20.72,20.9,16696200,358550826.0
2022-10-31,20.67,21.55,20.52,20.79,13271000,281273570.0
2022-11-01,20.81,20.81,20.05,20.46,13203600,272867985.0
2022-11-02,20.46,21.03,20.34,20.94,11703300,246467247.0
2022-11-03,20.65,22.11,20.55,21.94,16234800,356188292.0
2022-11-04,22.09,22.39,21.73,21.96,11596700,258349979.0
2022-11-07,21.74,21.86,21.35,21.45,11430400,249215608.0
2022-11-08,21.99,22.41,21.19,21.66,11609200,254130722.0
2022-11-09,21.51,21.63,21.11,21.33,6740100,145453670.0
2022-11-10,21.13,21.27,20.25,20.35,14691100,305625704.0
2022-11-11,21.1,21.11,20.45,20.77,11042300,232333646.0
2022-11-14,20.71,21.11,20.35,20.47,9582700,200865675.0
2022-11-15,20.47,21.89,20.34,21.28,13270100,285602342.0
2022-11-16,21.55,21.57,20.58,20.7,8721400,185354011.0
2022-11-17,20.64,21.14,19.76,21.02,14477200,300031337.0
2022-11-18,21.02,22.72,21.01,21.48,25492000,567186722.0
2022-11-21,21.52,21.91,21.13,21.47,7778900,168416881.0
2022-11-22,21.74,22.04,20.99,21.24,11592300,251851151.0
2022-11-23,21.09,23.05,20.71,22.83,27552900,612437078.0
2022-11-24,22.44,22.83,22.05,22.23,19632400,444022853.0
2022-11-25,22.1,22.93,22.02,22.02,9335300,210828607.0
2022-11-28,21.55,22.23,21.26,21.7,11017900,241489512.0
2022-11-29,21.45,22.09,21.45,21.76,7249600,159628004.0
2022-11-30,21.72,21.83,21.14,21.53,8429100,182867829.0
2022-12-01,21.97,22.79,21.67,22.42,13246200,300051852.0
2022-12-02,22.43,22.83,22.16,22.65,7328000,167058562.0
2022-12-05,22.75,23.02,22.31,22.51,6514300,148492032.0
2022-12-06,22.52,23.03,22.25,22.68,10024700,229869796.0
2022-12-07,22.68,22.85,22.5,22.68,4920300,112765733.0
2022-12-08,22.75,22.95,22.18,22.47,7667500,175023757.0
2022-12-09,22.29,23.7,22.23,23.43,17496700,411912812.0
2022-12-12,23.55,23.57,23.0,23.2,8044100,189007415.0
2022-12-13,23.24,23.51,22.35,22.38,6994900,160564089.0
2022-12-14,23.22,23.34,21.7,21.86,13917400,314474784.0
2022-12-15,21.64,22.34,21.46,21.94,7991700,177840419.0
2022-12-16,21.5,22.01,20.99,21.93,11384000,248473636.0
2022-12-19,21.7,22.03,21.29,21.65,4879500,106927790.0
2022-12-20,21.65,21.89,20.88,20.97,5546000,119170382.0
2022-12-21,20.96,21.15,20.55,20.77,4402600,92733703.0
2022-12-22,20.79,21.11,20.49,20.68,5568600,117293953.0
2022-12-23,20.66,20.84,20.27,20.64,4159000,86676603.0
2022-12-26,20.46,21.55,20.46,21.34,5825200,125065874.0
2022-12-27,21.29,21.55,21.15,21.43,3884800,83981116.0
2022-12-28,21.36,21.83,21.14,21.27,3542300,76559616.0
2022-12-29,21.27,21.51,20.98,21.16,3410000,73234030.0
2022-12-30,21.25,21.7,20.73,21.04,6319800,135001481.0
2023-01-03,21.09,21.79,20.64,21.51,7722500,166807094.0
2023-01-04,21.52,22.19,20.73,21.24,10377600,222347160.0
2023-01-05,21.15,21.5,20.91,21.27,5361500,115161942.0
2023-01-06,21.25,21.95,21.07,21.5,8655100,188581160.0
2023-01-09,21.61,21.9,21.13,21.3,6364700,137741755.0
2023-01-10,21.31,21.71,21.1,21.41,5604300,121574730.0
2023-01-11,21.4,22.54,21.39,21.71,12756000,283623481.0
2023-01-12,21.45,21.7,21.26,21.6,3859600,84013486.0
2023-01-13,21.6,21.74,21.43,21.7,3258100,71239469.0
2023-01-16,21.7,22.18,21.59,21.98,5863300,130079645.0
2023-01-17,21.98,22.63,21.9,22.35,5853200,132272152.0
2023-01-18,22.65,22.75,21.95,22.25,6887500,155502339.0
2023-01-19,22.46,22.82,22.11,22.75,7227400,165428863.0
2023-01-20,22.76,23.03,22.59,22.64,4134800,94949244.0
2023-01-30,22.75,23.17,22.26,22.44,7881900,179723404.0
2023-01-31,22.52,22.79,22.35,22.63,4643000,106159880.0
2023-02-01,22.61,23.14,22.58,22.85,5781100,133302653.0
2023-02-02,22.91,23.77,22.75,23.19,11312300,266072093.0
2023-02-03,23.21,23.42,22.65,23.03,5884600,136746556.0
2023-02-06,22.86,23.1,22.53,22.63,4474500,102837825.0
2023-02-07,22.68,22.75,22.31,22.43,5093300,115592037.0
2023-02-08,22.52,22.85,22.34,22.38,3458200,78831723.0
2023-02-09,22.35,23.07,22.29,23.03,6155000,141952688.0
2023-02-10,22.9,23.13,22.01,22.23,11735600,265752327.0
2023-02-13,22.18,23.15,21.91,22.98,12624400,290539442.0
2023-02-14,23.14,23.16,22.71,22.95,5997900,138826474.0
2023-02-15,22.97,23.41,22.85,23.11,5310200,124096187.0
2023-02-16,23.05,23.54,22.73,22.87,8223600,192779136.0
2023-02-17,22.75,22.83,22.25,22.33,8120900,184246694.0
2023-02-20,22.27,22.39,21.85,22.25,6246300,139519838.0
2023-02-21,22.25,22.43,22.07,22.24,4312000,96954214.0
2023-02-22,22.25,22.49,22.08,22.14,3712100,83511944.0
2023-02-23,22.15,22.31,21.97,22.21,3839300,85960536.0
2023-02-24,22.23,22.35,21.8,21.9,6012900,133579436.0
2023-02-27,21.9,22.08,21.75,21.88,3720600,82384507.0
2023-02-28,21.63,21.99,21.55,21.81,4039600,88771555.0
2023-03-01,21.84,22.19,21.58,22.07,5568000,123565436.0
2023-03-02,22.08,23.21,22.08,22.56,11034300,254042765.0
2023-03-03,22.91,23.55,22.74,23.3,12470000,292463193.0
2023-03-06,23.19,24.22,23.01,24.07,12910700,308975808.0
2023-03-07,24.1,24.13,23.57,23.63,6806200,163580177.0
2023-03-08,23.47,23.93,23.21,23.64,6649200,158172928.0
2023-03-09,23.65,24.93,23.65,24.28,14236500,351404814.0
2023-03-10,24.23,24.63,23.95,24.03,7512500,184028664.0
2023-03-13,23.9,24.35,23.66,24.18,7174400,174313190.0
2023-03-14,24.3,25.35,24.11,24.95,13566400,341471906.0
2023-03-15,25.25,25.78,24.71,24.78,11042600,281563192.0
2023-03-16,24.74,25.25,24.35,24.45,8231400,205028317.0
2023-03-17,24.75,24.99,24.35,24.64,7836200,195501695.0
2023-03-20,24.55,24.99,24.15,24.6,6075700,151265908.0
2023-03-21,24.6,24.73,23.98,24.29,7525900,184413629.0
2023-03-22,24.38,24.41,23.68,24.11,7540500,183205285.0
2023-03-23,24.11,24.38,23.95,24.26,4988500,122147629.0
2023-03-24,24.2,24.63,23.9,24.04,4437300,108049591.0
2023-03-27,24.17,24.93,23.81,23.89,9866200,242441010.0
2023-03-28,23.66,24.01,23.34,23.42,7498000,178763021.0
2023-03-29,23.45,24.41,23.45,24.13,9344700,227321566.0
2023-03-30,24.17,24.75,23.95,24.12,7406700,182021130.0
2023-03-31,24.0,24.5,23.95,24.25,5869600,144042374.0
2023-04-03,24.9,25.67,24.45,25.37,15650700,396740419.0
2023-04-04,25.16,26.2,25.12,25.77,16509200,429213354.0
2023-04-06,25.54,26.91,25.45,26.59,19163400,511985168.0
2023-04-07,26.6,27.71,26.05,26.75,16132200,434076214.0
2023-04-10,26.45,26.59,25.85,26.19,13303100,351961721.0
2023-04-11,26.0,27.15,25.78,26.14,11945600,319398140.0
2023-04-12,26.31,26.31,25.53,25.83,11838000,308214516.0
2023-04-13,25.71,25.95,25.04,25.16,11262900,288490979.0
2023-04-14,25.34,27.75,25.17,27.5,28506800,770245596.0
2023-04-17,27.66,28.35,26.53,26.95,27757800,769031963.0
2023-04-18,26.45,26.84,25.93,26.54,16783200,447845762.0
2023-04-19,26.55,27.7,26.3,26.69,18440700,501306490.0
2023-04-20,26.64,29.85,26.46,29.65,42419200,1207713479.0
2023-04-21,29.25,29.92,28.1,28.81,31553700,919603536.0
2023-04-24,28.65,29.31,28.16,28.82,22872300,663656497.0
2023-04-25,28.68,28.91,27.34,28.02,21461400,605648013.0
2023-04-26,27.75,27.94,25.95,26.52,21343900,576997923.0
2023-04-27,24.64,26.35,24.35,24.85,26704500,682744290.0
2023-04-28,24.9,27.61,24.9,26.27,23715800,630091895.0
2023-05-04,26.13,26.44,25.0,25.12,13825500,355144180.0
2023-05-05,25.04,25.65,24.6,24.95,12142300,307147042.0
2023-05-08,24.99,25.34,24.17,24.59,11569500,288543204.0
2023-05-09,24.44,25.13,24.26,24.4,10458900,260241902.0
2023-05-10,24.38,24.66,23.64,24.43,11618500,283565568.0
2023-05-11,24.72,25.42,23.87,23.95,8839600,216783529.0
2023-05-12,24.14,24.73,23.4,23.5,12644500,304543946.0
2023-05-15,23.14,24.25,23.05,24.05,10053300,241842660.0
2023-05-16,23.97,24.71,23.66,24.46,9965500,245404267.0
2023-05-17,24.53,25.58,24.42,25.27,11375100,289430584.0
2023-05-18,25.18,25.75,24.9,25.6,9485800,243882904.0
2023-05-19,25.63,27.15,25.51,26.48,16750100,446100708.0
2023-05-22,26.7,27.09,26.06,26.42,10222600,272446750.0
2023-05-23,26.36,26.58,25.79,26.09,7067500,187239138.0
2023-05-24,26.23,27.47,25.79,27.09,12888900,348766431.0
2023-05-25,27.11,27.55,26.54,26.9,6216700,168074825.0
2023-05-26,26.75,27.24,26.51,26.9,8244100,223386387.0
2023-05-29,26.97,27.1,25.86,26.34,11648000,309652424.0
2023-05-30,26.45,26.53,25.65,26.15,6884000,181083086.0
2023-05-31,26.05,26.5,25.8,26.34,5600500,147717046.0
2023-06-01,26.25,26.37,25.81,25.95,5034700,132451970.0
2023-06-02,25.94,26.27,25.77,25.86,5281800,138764153.0
2023-06-05,25.94,27.07,25.94,25.96,12634100,335592430.0
2023-06-06,25.83,26.1,25.48,25.54,6484600,168536518.0
2023-06-07,25.35,25.84,25.11,25.47,6286600,161799776.0
2023-06-08,25.47,25.91,25.02,25.6,6691800,172593393.0
2023-06-09,25.61,25.73,24.72,25.14,9900300,250328395.0
2023-06-12,25.31,26.2,25.28,25.48,8226800,213676731.0
2023-06-13,25.48,25.96,25.05,25.85,7567600,195564985.0
2023-06-14,25.77,26.17,25.62,25.95,5037000,131815053.0
2023-06-15,25.97,26.32,25.45,25.56,6298600,163676489.0
2023-06-16,25.56,25.7,24.83,25.28,8387600,212747731.0
2023-06-19,25.23,25.53,24.86,25.29,6612200,168287023.0
2023-06-20,25.25,25.45,25.11,25.21,6711000,171078209.0
2023-06-21,24.96,25.2,24.2,24.55,11557400,286609085.0
2023-06-26,24.52,24.93,24.0,24.53,8402600,206585546.0
2023-06-27,24.41,24.73,24.04,24.08,7134100,174825329.0
2023-06-28,24.23,24.56,23.74,24.15,7650000,186074415.0
2023-06-29,24.1,24.46,23.9,24.33,5243100,127760130.0
2023-06-30,24.25,25.03,24.05,24.53,6346200,157674805.0
2023-07-03,24.75,25.18,24.0,24.1,7998700,196412795.0
2023-07-04,23.98,24.08,23.25,23.7,11458500,272021352.0
2023-07-05,23.62,23.75,23.04,23.16,10855800,254895412.0
2023-07-06,23.3,23.63,23.16,23.52,7402500,175013229.0
2023-07-07,23.41,23.49,23.14,23.27,6095500,143111656.0
2023-07-10,23.32,23.33,22.6,22.76,8098900,186569729.0
2023-07-11,22.86,23.52,22.66,23.41,7492300,175198523.0
2023-07-12,23.36,23.4,22.57,22.68,6432800,147996578.0
2023-07-13,22.85,23.44,22.58,23.22,6444500,150257559.0
2023-07-14,23.22,23.7,23.05,23.49,6379300,150391308.0
2023-07-17,23.48,24.01,23.11,23.31,6078500,143960026.0
2023-07-18,23.78,23.83,23.04,23.11,5648400,133404646.0
2023-07-19,23.0,23.29,22.7,23.03,3823200,88413115.0
2023-07-20,23.1,23.18,22.45,22.53,5159000,118473450.0
2023-07-21,22.44,22.6,22.25,22.42,5046300,113971047.0
2023-07-24,22.29,22.85,22.22,22.75,4786200,109568659.0
2023-07-25,22.88,23.07,22.73,22.75,3321000,76724795.0
2023-07-26,22.76,23.39,22.57,23.06,6328300,147552019.0
2023-07-27,22.99,22.99,22.01,22.36,8664500,195506133.0
2023-07-28,22.36,22.4,22.05,22.19,3739200,83653552.0
2023-07-31,22.16,22.69,22.01,22.35,4745900,107185154.0
2023-08-01,22.25,22.88,22.1,22.83,4547000,103763171.0
2023-08-02,22.73,23.56,22.73,23.5,6934900,162993139.0
2023-08-03,23.4,23.54,23.08,23.22,3317700,77746768.0
2023-08-04,23.18,23.42,22.7,22.75,5228200,121025786.0
2023-08-07,22.78,23.2,22.3,23.12,5604700,129538561.0
2023-08-08,23.1,23.19,22.73,23.07,3480300,80700949.0
2023-08-09,23.0,23.32,22.88,23.18,3456900,80643173.0
2023-08-10,23.19,23.6,23.15,23.41,3690400,87158305.0
2023-08-11,23.42,23.6,22.8,22.9,2597600,60525904.0
2023-08-14,22.64,22.97,22.56,22.79,3259200,74789725.0
2023-08-15,22.8,22.93,21.59,22.15,7028600,156510586.0
2023-08-16,22.05,22.23,21.7,21.86,2274300,50326514.0
2023-08-17,21.76,21.92,21.53,21.78,2612300,57310374.0
2023-08-18,21.67,21.79,21.21,21.23,3118500,67605606.0
2023-08-21,21.15,21.84,20.95,21.45,3092600,66948847.0
2023-08-22,21.61,21.61,20.93,21.35,2536600,54565929.0
2023-08-23,21.13,21.78,20.31,20.59,3830800,80615323.0
2023-08-24,20.85,20.93,20.36,20.64,6094600,127151988.0
2023-08-25,20.68,20.82,20.1,20.26,3736100,76921276.0
2023-08-28,21.59,21.73,19.62,19.65,8802000,180022755.0
2023-08-29,19.6,20.77,19.6,20.57,5948800,122116368.0
2023-08-30,20.8,21.49,20.71,20.82,5756900,122293782.0
2023-08-31,20.92,21.72,20.71,21.07,8209200,175889750.0
2023-09-01,20.94,21.68,20.45,20.75,8002600,169451876.0
2023-09-04,20.75,21.1,20.32,20.84,6233600,129834033.0
2023-09-05,21.08,21.74,20.86,21.12,11172000,240342129.0
2023-09-06,21.0,22.6,20.82,22.34,17179700,380163683.0
2023-09-07,22.06,22.4,21.21,21.32,11838500,257777133.0
2023-09-08,20.98,21.84,20.86,21.52,8981500,195558657.0
2023-09-11,21.52,22.28,21.21,21.66,11690700,255934185.0
2023-09-12,21.67,21.74,21.33,21.48,5003400,108677709.0
2023-09-13,21.37,21.92,21.3,21.56,6547000,142431755.0
2023-09-14,21.4,21.6,20.8,21.0,7889000,167669868.0
2023-09-15,21.0,21.36,20.81,20.98,5809100,123159402.0
2023-09-18,20.81,20.9,20.51,20.76,5079900,106226911.0
2023-09-19,20.77,20.8,20.21,20.39,5391900,110991552.0
2023-09-20,20.31,20.55,20.16,20.5,3274300,67497383.0
2023-09-21,20.43,20.61,19.95,20.09,6510500,132581224.0
2023-09-22,20.01,20.75,20.01,20.75,5462700,112502579.0
2023-09-25,20.73,20.75,20.27,20.42,3689800,76102717.0
2023-09-26,20.43,20.49,20.29,20.32,2209900,45437896.0
2023-09-27,20.31,20.78,20.31,20.45,2942400,61002381.0
2023-09-28,20.45,21.11,20.13,20.76,7281400,151922765.0
2023-10-09,20.66,20.93,20.45,20.65,2983800,62183211.0
2023-10-10,20.64,20.93,20.5,20.63,3249400,67953448.0
2023-10-11,20.75,20.91,20.31,20.59,5486400,114094364.0
2023-10-12,20.7,21.7,20.47,21.59,11276400,241351076.0
2023-10-13,21.62,23.18,21.4,23.18,23365600,532969292.0
2023-10-16,22.8,23.15,22.41,22.81,11442300,262693056.0
2023-10-17,22.76,23.66,22.51,23.22,12677100,295373880.0
2023-10-18,23.13,23.55,22.2,22.3,9519500,217223292.0
2023-10-19,22.39,22.81,22.03,22.28,13508400,305705301.0
2023-10-20,22.08,22.3,21.5,21.55,9429700,207942764.0
2023-10-23,21.33,21.53,20.71,20.99,5988700,127117319.0
2023-10-24,21.08,21.8,20.83,21.3,7511200,161589388.0
2023-10-25,21.55,21.8,21.07,21.13,7751000,167182536.0
2023-10-26,21.18,22.48,20.95,22.06,12250500,270448215.0
2023-10-27,21.84,23.3,21.81,22.97,15850300,364295062.0
2023-10-30,22.76,23.69,22.65,23.47,14425200,338562360.0
2023-10-31,24.58,25.0,23.32,23.8,14735500,356333931.0
2023-11-01,24.28,24.52,23.59,23.7,13584200,329348550.0
2023-11-02,23.66,24.3,23.35,23.88,12442600,298566491.0
2023-11-03,23.68,24.32,23.18,24.19,14052300,338812323.0
2023-11-06,24.2,24.65,23.93,24.64,13018600,319592807.0
2023-11-07,24.33,24.85,24.15,24.68,11605700,286103705.0
2023-11-08,24.4,24.78,23.97,24.19,11551800,282991759.0
2023-11-09,24.15,24.52,23.97,24.02,7171100,174781608.0
2023-11-10,24.87,25.8,24.45,24.57,25405300,641387645.0
2023-11-13,24.21,24.66,23.65,24.38,15112800,367070498.0
2023-11-14,24.15,24.82,24.11,24.6,8891700,220092726.0
2023-11-15,24.75,24.79,24.1,24.4,9087300,223651242.0
2023-11-16,24.18,24.38,23.76,23.8,7141000,173286283.0
2023-11-17,23.8,24.3,23.76,24.18,7425700,180181042.0
2023-11-20,24.81,25.0,24.22,24.55,9263300,229114136.0
2023-11-21,24.55,24.75,24.06,24.22,6116500,149829760.0
2023-11-22,24.13,24.44,23.92,24.0,5400200,131562479.0
2023-11-23,23.97,24.56,23.94,24.34,5648300,138426665.0
2023-11-24,24.25,24.42,23.78,23.9,5453500,131945360.0
2023-11-27,23.6,24.48,23.59,24.35,6830800,167069212.0
2023-11-28,24.27,24.48,24.13,24.35,4187700,102517687.0
2023-11-29,24.35,25.1,24.35,24.55,8323200,207618331.0
2023-11-30,24.35,24.52,23.96,24.29,4664700,113603355.0
2023-12-01,24.35,24.51,23.87,24.5,4504300,109837986.0
2023-12-04,24.5,24.65,23.9,24.03,4488100,109841258.0
2023-12-05,24.0,24.0,23.61,23.78,4221500,101088256.0
2023-12-06,23.61,23.9,23.47,23.7,3613300,86453782.0
2023-12-07,23.63,23.76,23.24,23.37,3757800,88690237.0
2023-12-08,23.37,23.65,23.2,23.26,4321700,101912023.0
2023-12-11,23.3,24.23,23.03,24.2,6772300,162303796.0
2023-12-12,24.28,24.43,23.96,24.3,3965500,97111760.0
2023-12-13,24.15,24.23,23.91,24.03,2428800,58938568.0
2023-12-14,23.92,24.14,23.61,23.61,3729500,89585963.0
2023-12-15,23.92,23.92,23.03,23.22,4761000,111918797.0
2023-12-18,22.98,23.13,22.68,22.77,6188800,142659428.0
2023-12-19,22.8,22.98,22.31,22.49,8094900,184072980.0
2023-12-20,22.55,22.66,22.25,22.3,4163000,94274804.0
2023-12-21,22.57,22.62,22.0,22.54,3761200,84724180.0
2023-12-22,22.53,22.79,22.3,22.41,4095500,92893688.0
2023-12-25,22.39,22.7,22.15,22.57,2676800,60834522.0
2023-12-26,22.85,23.15,22.53,22.82,5657300,130236147.0
2023-12-27,22.76,23.95,22.51,23.71,10453900,246338861.0
2023-12-28,23.71,23.77,23.35,23.48,6832200,162020180.0
2023-12-29,23.48,24.11,23.4,24.0,8309200,199724075.0
2024-01-02,23.92,23.99,23.12,23.12,6326500,149637314.0
2024-01-03,23.0,23.03,21.7,22.05,11295400,253062610.0
2024-01-04,22.08,22.5,22.04,22.24,5109200,114694584.0
2024-01-05,22.24,22.24,21.47,21.62,6145800,134930383.0
2024-01-08,21.7,21.75,20.95,21.01,5960600,127264989.0
2024-01-09,21.04,21.17,20.32,20.69,6773400,141376422.0
2024-01-10,20.69,20.78,20.2,20.38,3938000,81432111.0
2024-01-11,20.37,20.8,20.3,20.67,5889300,122509273.0
2024-01-12,20.63,20.88,20.3,20.5,4180000,86735053.0
2024-01-15,20.46,20.88,20.3,20.55,6071500,126357710.0
2024-01-16,20.61,20.65,19.89,20.2,5441100,110912101.0
2024-01-17,20.25,20.25,19.38,19.4,5835800,116293985.0
2024-01-18,19.31,19.61,18.76,19.54,9135500,176306415.0
2024-01-19,19.59,19.65,19.22,19.32,3650800,71617439.0
2024-01-22,19.29,19.4,17.86,18.0,11766600,220689390.0
2024-01-23,17.99,18.62,17.72,18.46,8977200,165204494.0
2024-01-24,18.58,18.88,17.82,18.56,6585200,121881042.0
2024-01-25,18.63,19.25,18.43,19.06,5964100,113994344.0
2024-01-26,18.95,19.3,18.8,18.93,6373700,122845469.0
2024-01-29,19.15,19.27,18.61,18.72,5198800,99133634.0
2024-01-30,18.65,18.65,17.49,17.56,11189000,203513705.0
2024-01-31,17.68,17.73,17.09,17.11,7090000,125035354.0
2024-02-01,16.95,17.48,16.55,17.19,8931800,154018846.0
2024-02-02,17.08,17.37,15.61,16.41,10685600,177452034.0
2024-02-05,16.22,16.84,15.16,16.16,19113500,308343995.0
2024-02-06,16.09,18.22,15.93,18.15,13466500,235124339.0
2024-02-07,18.52,19.78,18.17,19.38,13885900,270057983.0
2024-02-08,19.54,21.42,19.26,20.22,14280400,299430592.0
2024-02-19,20.22,20.58,19.16,19.51,15703600,309803322.0
2024-02-20,19.32,19.88,19.21,19.52,9678800,190524269.0
2024-02-21,19.31,20.15,19.22,19.58,7786300,155105471.0
2024-02-22,19.67,20.06,19.4,19.81,7954700,159056283.0
2024-02-23,20.03,20.09,19.32,19.81,8836400,175225793.0
2024-02-26,19.69,20.14,19.6,19.81,6995800,140359971.0
2024-02-27,19.81,20.49,19.62,20.48,9425400,191403346.0
2024-02-28,20.75,20.76,19.61,19.64,11266800,229820778.0
2024-02-29,19.36,21.09,19.36,20.95,13445800,280157502.0
2024-03-01,20.9,21.09,20.61,20.79,7218200,151508923.0
2024-03-04,20.86,21.5,20.52,21.22,10557800,224611722.0
2024-03-05,20.99,21.3,20.71,20.95,7805300,165245997.0
2024-03-06,20.81,20.9,20.17,20.4,8655000,178897360.0
2024-03-07,20.48,20.99,20.13,20.15,6414700,132965591.0
2024-03-08,20.14,20.72,20.14,20.55,4484600,92381121.0
2024-03-11,20.44,20.56,20.05,20.55,5420200,111108832.0
2024-03-12,20.78,20.98,20.22,20.49,6603100,136816847.0
2024-03-13,20.55,20.9,20.36,20.72,6679300,139340556.0
2024-03-14,20.69,21.2,20.55,20.89,7620900,160129481.0
2024-03-15,20.91,21.26,20.69,21.2,7106200,150338963.0
2024-03-18,21.3,21.71,21.1,21.7,11258900,243470361.0
2024-03-19,21.45,22.1,21.45,21.68,8201400,180235938.0
2024-03-20,21.65,21.99,21.46,21.77,6186000,135336070.0
2024-03-21,21.91,22.04,21.68,21.86,6612600,145797196.0
2024-03-22,21.89,22.3,21.76,22.0,7881000,175411189.0
2024-03-25,21.56,22.57,21.55,21.95,9528700,212810653.0
2024-03-26,21.71,21.94,21.1,21.31,8200000,177389200.0
2024-03-27,21.1,21.27,20.7,20.7,6569300,138784291.0
2024-03-28,21.01,21.38,20.74,20.96,7007800,148855066.0
2024-03-29,21.02,21.22,20.71,21.12,4433500,93977887.0
2024-04-01,21.32,21.67,21.07,21.63,5184300,112379322.0
2024-04-02,21.68,21.68,21.05,21.36,4745600,101922997.0
2024-04-03,21.34,21.75,21.03,21.39,7761300,167391282.0
2024-04-08,21.11,21.44,20.78,20.79,4832600,102516506.0
2024-04-09,20.61,21.37,20.61,21.37,5425300,115471673.0
2024-04-10,21.15,21.18,20.2,20.68,9939500,206497178.0
2024-04-11,20.7,20.97,20.28,20.35,6752600,139486337.0
2024-04-12,20.43,20.58,20.17,20.23,3668700,75310123.0
2024-04-15,20.2,20.65,19.9,20.27,5485000,112330721.0
2024-04-16,20.28,20.55,19.88,19.92,5864700,119999696.0
2024-04-17,20.11,20.4,19.9,20.35,4882100,99523316.0
2024-04-18,20.2,20.89,20.04,20.51,5609700,116385225.0
2024-04-19,20.4,20.86,20.13,20.45,5171600,106770412.0
2024-04-22,20.4,21.06,20.0,20.63,7234100,151184938.0
2024-04-23,20.72,20.88,20.26,20.33,4328200,89438306.0
2024-04-24,20.4,20.64,20.29,20.5,4499300,93063018.0
2024-04-25,20.5,21.23,20.34,20.95,8548900,180719287.0
2024-04-26,21.3,22.26,21.3,22.08,14830500,326022992.0
2024-04-29,22.13,23.38,22.03,23.0,15975400,368509545.0
2024-04-30,23.0,23.77,22.92,23.49,13082800,309348059.0
2024-05-06,23.8,23.99,23.21,23.54,11745300,278282732.0
2024-05-07,23.52,24.05,23.48,23.63,8966100,214549820.0
2024-05-08,23.45,23.63,23.06,23.09,8725700,204838738.0
2024-05-09,23.1,23.32,23.02,23.22,6841000,159717792.0
2024-05-10,23.19,23.3,22.83,22.99,5991700,138993760.0
2024-05-13,23.0,23.18,22.71,22.97,5868200,135875382.0
2024-05-14,22.96,23.19,22.62,22.62,5911800,135988797.0
2024-05-15,22.64,22.98,22.38,22.6,4128400,94528633.0
2024-05-16,22.6,22.78,22.35,22.45,4939500,112397473.0
2024-05-17,22.4,22.8,22.26,22.79,4940800,112427162.0
2024-05-20,22.79,23.06,22.6,22.75,7053600,162476752.0
2024-05-21,22.69,22.73,22.23,22.32,6698100,151420227.0
2024-05-22,22.24,22.45,21.87,22.32,6380800,142703649.0
2024-05-23,22.15,22.42,22.06,22.18,5309400,119232486.0
2024-05-24,21.96,22.34,21.84,21.87,5232900,116215959.0
2024-05-27,21.89,22.76,21.5,22.69,12208700,273625932.0
2024-05-28,22.69,22.97,21.96,22.06,15521600,349697223.0
2024-05-29,21.71,22.18,21.57,21.68,9151300,201265324.0
2024-05-30,21.7,22.38,21.46,22.2,7968600,177500508.0
2024-05-31,22.29,22.59,22.13,22.29,5757700,130003310.0
2024-06-03,22.64,22.9,22.15,22.37,11723400,266674024.0
2024-06-04,22.17,22.96,22.13,22.91,9865700,225071909.0
2024-06-05,22.8,23.2,22.8,22.85,7998900,185702780.0
2024-06-06,23.3,23.69,23.01,23.21,11563500,271675662.0
2024-06-07,23.15,23.7,22.65,22.92,11055900,257363619.0
2024-06-11,22.91,23.6,22.76,23.53,14026000,329459781.0
2024-06-12,23.44,23.47,23.11,23.2,10201600,239334094.0
2024-06-13,23.22,23.5,23.06,23.2,12311900,288946210.0
2024-06-14,23.08,23.28,22.54,22.88,26352100,607277528.0
2024-06-17,22.48,23.1,22.15,22.91,14116000,323925679.0
2024-06-18,23.0,23.27,22.55,22.74,10794600,248624872.0
2024-06-19,22.87,23.16,22.57,22.96,10823200,249594959.0
2024-06-20,22.82,23.26,22.56,22.57,10298100,237975942.0
2024-06-21,22.23,22.86,22.2,22.64,6874500,156875822.0
2024-06-24,22.68,23.05,22.04,22.15,10594200,240826157.0
2024-06-25,22.15,22.4,21.45,21.75,9411700,207560548.0
2024-06-26,22.84,23.68,22.25,23.61,29052200,674693670.0
2024-06-27,23.32,23.52,22.47,22.64,22642000,522628392.0
2024-06-28,22.48,22.77,22.33,22.48,16498600,375302736.0
2024-07-01,22.56,22.77,22.25,22.71,13134200,298707622.0
2024-07-02,22.73,22.76,22.03,22.14,12821200,287948552.0
2024-07-03,21.93,22.59,21.79,22.3,10672800,239108876.0
2024-07-04,22.27,22.4,21.86,21.9,6924900,154479232.0
2024-07-05,21.83,22.23,21.51,22.12,7111400,157001244.0
2024-07-08,21.98,22.8,21.83,21.94,10266500,231678425.0
2024-07-09,21.94,22.86,21.86,22.67,13660300,309893725.0
2024-07-10,22.65,22.87,22.53,22.6,8677700,198562388.0
2024-07-11,22.93,23.03,22.34,22.84,13470000,309192759.0
2024-07-12,22.6,22.91,22.34,22.79,10344400,236078988.0
2024-07-15,22.7,23.1,22.58,22.65,8388400,193138818.0
2024-07-16,22.57,22.59,21.86,22.5,12532800,281599392.0
2024-07-17,22.4,22.59,22.04,22.11,7244800,162920797.0
2024-07-18,21.88,22.52,21.55,22.42,9793300,217709657.0
2024-07-19,22.2,22.86,22.13,22.5,12149000,276149213.0
2024-07-22,22.63,22.94,22.4,22.51,9331500,213049468.0
2024-07-23,22.48,22.48,20.96,20.99,16532100,359165174.0
2024-07-24,20.87,21.18,20.59,20.67,8843600,186372506.0
2024-07-25,20.6,20.79,20.34,20.43,7986900,165191727.0
2024-07-26,20.34,20.6,20.16,20.43,7229400,148630145.0
2024-07-29,20.45,21.29,20.39,20.65,10329100,217840047.0
2024-07-30,20.65,20.78,20.17,20.65,6412700,132592743.0
2024-07-31,20.6,21.39,20.4,21.38,8885300,189259210.0
2024-08-01,21.53,21.75,21.18,21.56,7823800,169934499.0
2024-08-02,21.37,21.72,20.86,20.99,6178100,132536288.0
2024-08-05,20.99,21.16,20.11,20.11,7178200,148851802.0
2024-08-06,20.43,20.55,20.0,20.42,6136100,125379611.0
2024-08-07,20.35,20.45,20.17,20.28,4293700,88028688.0
2024-08-08,20.12,20.62,19.95,20.35,4315800,88362000.0
2024-08-09,20.7,20.82,20.23,20.26,4319000,89408299.0
2024-08-12,20.27,20.43,19.84,20.26,4970500,101321697.0
2024-08-13,20.26,20.46,20.07,20.31,3541900,72505703.0
2024-08-14,20.4,20.41,19.51,19.55,8096600,161740881.0
2024-08-15,19.4,20.02,19.32,19.67,7154500,142553470.0
2024-08-16,19.68,19.84,19.51,19.65,4274700,84879486.0
2024-08-19,19.58,20.02,19.45,19.68,4449600,88851753.0
2024-08-20,19.62,19.78,19.06,19.31,7764800,151384154.0
2024-08-21,19.39,19.48,19.2,19.31,4388100,85664533.0
2024-08-22,19.4,19.47,18.9,19.0,7490100,144376015.0
2024-08-23,19.0,19.1,18.85,18.98,3951400,75711308.0
2024-08-26,19.15,19.35,18.9,18.98,4574500,88339083.0
2024-08-27,19.08,19.1,18.56,18.6,5787000,109182716.0
2024-08-28,18.61,19.06,18.6,18.85,4131800,78587082.0
2024-08-29,18.84,19.31,18.77,19.11,5083100,98078218.0
2024-08-30,19.21,19.75,19.12,19.4,9292400,183300328.0
2024-09-02,19.51,19.51,19.0,19.01,7000700,135504760.0
2024-09-03,19.21,19.52,19.0,19.23,5387100,104825772.0
2024-09-04,19.0,19.34,18.91,19.25,4098600,79400714.0
2024-09-05,19.17,19.37,19.08,19.27,4219600,81920111.0
2024-09-06,19.27,19.34,18.63,18.74,5163000,98696221.0
2024-09-09,18.68,19.05,18.52,18.66,4744300,89951045.0
2024-09-10,18.62,19.19,18.51,19.02,6091600,115727075.0
2024-09-11,18.92,19.09,18.77,18.97,3613500,69143307.0
2024-09-12,19.08,19.35,18.7,18.72,5538800,105966767.0
2024-09-13,18.71,18.83,18.47,18.47,3621800,68299478.0
2024-09-18,18.84,18.9,18.3,18.56,4396900,82371840.0
2024-09-19,18.57,18.98,18.27,18.66,5136900,96900706.0
2024-09-20,18.65,18.65,18.15,18.3,5813500,107773414.0
2024-09-23,18.21,18.64,18.11,18.18,4409700,81682729.0
2024-09-24,18.18,19.14,18.15,19.12,10952500,207779422.0
2024-09-25,19.22,19.6,19.03,19.05,8145500,159076198.0
2024-09-26,19.11,19.91,19.0,19.91,9264500,181621899.0
2024-09-27,20.28,21.2,19.93,20.8,16435400,341400965.0
2024-09-30,21.69,23.8,21.44,23.65,27331000,625474124.0
2024-10-08,28.3,28.3,25.32,27.37,58532800,1584639514.0
2024-10-09,27.68,31.24,26.25,28.72,99017500,2832606014.0
2024-10-10,29.16,29.48,26.63,26.66,51086300,1429703337.0
2024-10-11,26.65,27.7,25.8,26.33,32963700,886781079.0
2024-10-14,26.34,27.08,25.13,26.86,34556600,910681130.0
2024-10-15,26.31,27.05,25.7,25.71,26572400,705336694.0
2024-10-16,24.98,26.19,24.93,25.4,23108400,598109715.0
2024-10-17,25.6,26.05,25.27,25.32,21839400,564341323.0
2024-10-18,25.4,28.45,25.19,27.53,46894400,1277703929.0
2024-10-21,28.03,29.26,27.4,27.83,47728800,1354192177.0
2024-10-22,27.49,28.1,27.14,27.53,26059400,723469178.0
2024-10-23,27.43,27.66,27.03,27.19,18867500,519122125.0
2024-10-24,27.05,27.85,26.97,27.39,17584600,484871511.0
2024-10-25,27.48,27.94,26.88,27.63,24256600,670678903.0
2024-10-28,27.48,27.6,26.9,27.14,19801900,542087137.0
2024-10-29,27.11,27.69,26.72,26.78,20712400,567359908.0
2024-10-30,26.65,27.08,26.4,26.61,13997200,377158283.0
2024-10-31,26.63,27.2,26.2,26.86,23556600,633577512.0
2024-11-01,26.8,27.14,25.72,25.82,19490400,516791995.0
2024-11-04,25.8,27.09,25.65,26.7,17407700,466351705.0
2024-11-05,26.8,27.86,26.56,27.59,27580000,762798205.0
2024-11-06,27.93,28.35,27.31,27.67,27349500,767524684.0
2024-11-07,27.5,28.36,27.41,27.94,19003500,533026350.0
2024-11-08,28.41,29.38,28.17,28.8,35221900,1022926741.0
2024-11-11,29.21,31.07,29.01,30.45,47309600,1443615952.0
2024-11-12,30.4,31.05,29.73,30.11,31942500,975721805.0
2024-11-13,29.91,30.34,29.27,29.78,18789800,560889386.0
2024-11-14,29.81,30.06,28.12,28.29,23966500,697736615.0
2024-11-15,28.18,28.4,26.81,26.92,23338800,648138848.0
2024-11-18,27.1,27.38,25.9,26.19,19113300,511152932.0
2024-11-19,26.31,27.63,26.31,27.37,19862800,542117777.0
2024-11-20,27.7,28.45,27.41,27.6,26881100,754443639.0
2024-11-21,27.1,27.79,26.8,27.52,17223800,474226848.0
2024-11-22,27.45,27.91,26.53,26.59,16899600,464254219.0
2024-11-25,26.62,27.49,26.6,26.91,15024800,409137527.0
2024-11-26,27.01,27.5,26.3,26.39,13356400,360769986.0
2024-11-27,26.21,27.15,25.93,27.11,10937600,293036588.0
2024-11-28,27.0,27.14,26.53,26.62,10833000,293030598.0
2024-11-29,26.48,28.07,26.46,27.7,20080400,555636096.0
2024-12-02,27.73,28.29,27.16,27.35,20567400,573432937.0
2024-12-03,27.6,27.85,26.92,27.23,17441000,481275116.0
2024-12-04,27.54,27.72,26.63,26.82,15521300,424417339.0
2024-12-05,26.5,27.55,26.4,26.83,14666700,398781820.0
2024-12-06,26.82,27.38,26.64,26.99,10285300,279577782.0
2024-12-09,27.05,27.3,26.48,26.73,9910200,267706727.0
2024-12-10,28.55,28.77,27.28,27.34,30516700,859030472.0
2024-12-11,27.12,27.9,26.97,27.1,19719000,541673274.0
2024-12-12,27.1,27.36,26.72,27.16,11473500,312317459.0
2024-12-13,26.9,27.1,26.5,26.73,14958700,402486738.0
2024-12-16,26.57,26.73,25.7,25.91,15540500,408379191.0
2024-12-17,25.76,26.34,25.76,25.93,9993100,262151925.0
2024-12-18,25.98,26.4,25.96,26.16,8117900,214340394.0
2024-12-19,25.8,26.66,25.68,26.53,8880900,235574483.0
2024-12-20,26.53,28.13,26.38,27.41,22539000,620771759.0
2024-12-23,27.56,27.71,26.53,26.61,14314800,388477323.0
2024-12-24,26.61,26.86,26.32,26.79,9278600,248790224.0
2024-12-25,26.79,26.84,26.41,26.68,7127700,191424730.0
2024-12-26,26.74,27.22,26.65,27.14,10946100,297561654.0
2024-12-27,27.13,27.39,26.55,26.73,13023100,353895142.0
2024-12-30,26.7,27.28,26.66,26.95,11373100,309234919.0
2024-12-31,27.08,27.1,25.79,25.82,14189600,374765186.0
2025-01-02,25.69,25.88,24.79,25.15,14689900,376124215.0
2025-01-03,25.16,25.36,24.75,24.82,10367000,262254973.0
2025-01-06,24.8,25.09,24.18,24.49,9548400,236492204.0
2025-01-07,24.69,25.0,24.46,24.94,9621200,240066899.0
2025-01-08,24.85,24.88,23.78,24.6,13079200,321253983.0
2025-01-09,24.47,25.4,24.42,25.2,12685300,322723690.0
2025-01-10,25.11,26.06,25.0,25.16,13981200,361094616.0
2025-01-13,24.8,25.38,24.57,24.8,9313700,233958012.0
2025-01-14,24.75,25.74,24.45,25.66,13891300,354490674.0
2025-01-15,25.52,25.96,25.25,25.6,10985100,283458208.0
2025-01-16,26.06,26.2,25.18,25.3,18799000,486362976.0
2025-01-17,25.28,26.16,25.04,25.85,16930400,437625343.0
2025-01-20,26.18,26.52,26.04,26.19,14310600,379438346.0
2025-01-21,26.19,26.65,25.91,26.58,15390400,407762330.0
2025-01-22,26.47,27.08,26.4,26.68,15128300,406939579.0
2025-01-23,27.1,27.43,26.48,26.52,14511000,393876869.0
2025-01-24,26.45,26.75,26.19,26.24,14543800,387677670.0
2025-01-27,26.57,26.59,25.62,25.63,11059300,289324309.0
2025-02-05,25.93,26.24,25.66,25.83,11367900,297300735.0
2025-02-06,25.81,26.62,25.71,26.49,14381700,381855011.0
2025-02-07,26.5,27.1,25.95,26.78,17502100,469375057.0
2025-02-10,26.87,27.12,26.5,26.68,10408600,279730316.0
2025-02-11,26.7,26.71,26.18,26.23,10345100,274323012.0
2025-02-12,26.31,27.05,26.05,27.03,17144000,458825194.0
2025-02-13,26.85,26.9,26.13,26.14,13525500,360068083.0
2025-02-14,26.14,26.34,25.85,26.29,9594500,252508842.0
2025-02-17,25.93,27.0,25.93,26.69,15740800,422656741.0
2025-02-18,26.66,27.9,26.61,26.76,25576300,704165977.0
2025-02-19,26.88,28.43,26.8,28.26,32417700,904536426.0
2025-02-20,29.8,30.74,29.3,30.18,59346700,1796456179.0
2025-02-21,30.36,32.2,29.95,31.35,52575500,1640650944.0
2025-02-24,31.45,32.06,30.78,31.21,36932300,1161087336.0
2025-02-25,30.61,31.2,29.94,30.6,29509400,906417362.0
2025-02-26,30.87,31.16,30.11,30.61,23562800,727649301.0
2025-02-27,30.63,30.72,29.18,29.77,30749200,921318494.0
2025-02-28,29.51,29.7,28.26,28.42,20857000,605032076.0
2025-03-03,28.48,28.81,27.99,28.44,17517800,502195903.0
2025-03-04,28.23,29.08,28.1,28.75,17311100,499628473.0
2025-03-05,29.2,29.69,28.79,29.04,18546600,544313283.0
2025-03-06,29.15,29.94,29.12,29.3,20881200,619287535.0
2025-03-07,29.19,29.36,28.69,28.97,13148500,384063366.0
2025-03-10,28.7,29.3,28.3,28.62,16891900,488779023.0
2025-03-11,28.05,28.59,28.0,28.23,11361000,323007514.0
2025-03-12,28.36,28.55,27.71,27.85,15158900,427204980.0
2025-03-13,27.75,27.84,27.16,27.47,13627300,376171424.0
2025-03-14,27.47,27.83,27.26,27.66,14556500,404965617.0
2025-03-17,27.7,28.68,27.43,28.29,20530000,583884640.0
2025-03-18,28.29,28.64,28.02,28.31,11694300,333086106.0
2025-03-19,28.3,28.33,27.75,27.93,9706900,273149907.0
2025-03-20,27.75,28.03,27.55,27.63,7273000,203448812.0
2025-03-21,27.55,27.86,27.06,27.16,10804300,297956400.0
2025-03-24,27.16,28.44,27.11,28.12,18740800,528093435.0
2025-03-25,28.03,28.15,27.45,27.88,10765300,301049596.0
2025-03-26,27.81,28.28,27.52,27.6,9226800,257934578.0
2025-03-27,27.52,29.08,27.37,28.56,22125600,634782670.0
2025-03-28,28.86,29.03,28.22,28.25,14297900,410045807.0
2025-03-31,28.2,29.02,27.96,28.37,18079800,516191805.0
2025-04-01,28.39,29.16,28.02,28.87,27873700,806643691.0
2025-04-02,28.59,28.95,27.95,28.26,21136900,602481681.0
2025-04-03,27.91,28.55,27.55,27.75,15150000,427340976.0
2025-04-07,26.28,27.68,24.28,25.76,34104200,903484556.0
2025-04-08,26.01,27.05,25.47,25.84,24270600,639756650.0
2025-04-09,25.32,27.35,24.69,26.7,25159400,670234244.0
2025-04-10,27.3,27.52,26.7,26.95,21699600,591160859.0
2025-04-11,26.69,29.94,26.6,29.3,49114700,1421286472.0
2025-04-14,29.78,29.85,28.7,29.25,24535900,720509206.0
2025-04-15,29.06,29.42,28.76,29.27,13679600,400162082.0
2025-04-16,29.16,29.5,28.83,29.33,16848900,495392113.0
2025-04-17,29.11,30.49,29.01,29.8,28419400,858758883.0
2025-04-18,29.59,29.83,29.09,29.56,12626100,374368307.0
2025-04-21,29.5,29.9,29.21,29.72,12786400,380731593.0
2025-04-22,29.5,30.7,29.33,30.4,21658600,658353977.0
2025-04-23,30.21,30.31,29.63,30.07,16169500,487378884.0
2025-04-24,29.96,30.29,29.81,30.1,11953000,362039982.0
2025-04-25,29.99,30.13,29.37,29.68,14321800,427905640.0
2025-04-28,29.66,30.07,29.42,29.66,10207900,305417469.0
2025-04-29,29.71,29.73,28.76,29.16,17565800,515344063.0
2025-04-30,29.16,29.95,28.91,29.6,15895400,470977666.0
2025-05-06,29.6,30.48,29.5,30.45,19671600,594190774.0
2025-05-07,30.52,30.8,29.77,30.07,17167200,522318323.0
2025-05-08,30.06,30.2,28.91,29.48,17466400,521069816.0
2025-05-09,29.3,29.48,28.59,29.02,14027700,408701270.0
2025-05-12,29.18,29.24,28.36,28.38,18170200,524952636.0
2025-05-13,28.62,28.8,28.34,28.4,11198300,321898008.0
2025-05-14,28.39,28.72,28.31,28.45,10377800,297898581.0
2025-05-15,28.33,28.45,27.87,27.95,9200300,260144426.0
2025-05-16,27.96,28.19,27.87,28.02,5680900,160555454.0
2025-05-19,28.01,28.31,27.76,28.24,7567700,214094137.0
2025-05-20,28.26,28.28,27.91,28.13,5844900,165375056.0
2025-05-21,28.09,28.38,27.93,28.18,7707400,218641158.0
2025-05-22,28.18,28.25,27.55,27.59,10177200,285202667.0
2025-05-23,27.52,28.14,27.51,27.82,10710200,300303796.0
2025-05-26,27.88,28.34,27.81,28.07,9550600,270062000.0
2025-05-27,28.04,28.04,27.65,27.71,7154100,200455768.0
2025-05-28,27.75,27.9,27.31,27.31,6609500,183098858.0
2025-05-29,27.55,28.22,27.52,28.03,9017200,253354599.0
2025-05-30,27.9,27.91,27.47,27.57,5624100,156583663.0
2025-06-03,27.3,28.16,27.29,27.68,9842200,275553845.0
2025-06-04,27.68,27.94,27.56,27.79,6036000,168865647.0
2025-06-05,27.8,28.51,27.71,28.44,9966700,283293597.0
2025-06-06,28.45,28.7,28.24,28.52,7535200,216418413.0
2025-06-09,28.39,28.59,27.89,27.95,10766200,304088085.0
2025-06-10,27.95,28.0,27.42,27.49,8817300,245745030.0
2025-06-11,27.59,28.0,27.46,27.63,7240100,202481241.0
2025-06-12,27.57,27.57,27.02,27.11,8721300,239526319.0
2025-06-13,27.0,27.44,26.7,26.85,13028100,354088032.0
2025-06-16,26.72,27.05,26.63,26.72,7392900,199279755.0
2025-06-17,26.7,26.8,26.6,26.66,5147800,138431917.0
2025-06-18,26.52,27.13,26.43,26.88,6388500,172262437.0
2025-06-19,26.9,27.54,26.78,27.05,9213500,252609109.0
2025-06-20,26.88,27.73,26.88,27.08,7155500,196756826.0
2025-06-23,27.04,27.7,26.74,27.41,9860400,272883282.0
2025-06-24,27.65,28.2,27.43,27.98,9849300,277205565.0
2025-06-25,27.99,28.45,27.82,28.31,11649500,330251996.0
2025-06-26,28.22,28.64,27.77,27.8,9531200,269437622.0
2025-06-27,27.8,28.03,27.67,27.76,6767000,189590495.0
2025-06-30,27.79,28.7,27.79,28.48,11161800,319950797.0
2025-07-01,29.18,30.1,29.13,29.89,30569100,916816909.0
2025-07-02,29.6,29.66,28.76,28.99,18848300,555073403.0
2025-07-03,28.81,29.04,28.27,28.4,13852200,397184206.0
2025-07-04,28.41,29.03,27.95,28.39,14793600,423615751.0
2025-07-07,28.29,28.65,28.13,28.43,6842600,195758578.0
2025-07-08,28.43,29.39,28.4,28.9,13291100,387831945.0
2025-07-09,29.05,29.18,28.08,28.14,15252300,437077417.0
2025-07-10,28.19,28.39,27.92,28.22,8979500,254048897.0
2025-07-11,28.1,28.6,27.98,28.34,9154700,261099363.0
2025-07-14,28.25,28.4,28.0,28.22,7174000,204160228.0
2025-07-15,28.21,28.32,27.5,27.81,11992800,336968256.0
2025-07-16,27.8,28.47,27.65,28.11,9852300,279039066.0
2025-07-17,28.11,28.4,28.02,28.3,9077400,256881194.0
2025-07-18,28.36,28.99,28.03,28.89,15808100,452000805.0
2025-07-21,28.48,28.58,28.07,28.36,14255600,404524040.0
2025-07-22,28.3,28.42,28.11,28.18,10983400,311209149.0
2025-07-23,28.11,28.67,28.03,28.18,10266600,291532488.0
2025-07-24,28.19,28.75,28.13,28.49,11723200,335194206.0
2025-07-25,28.7,29.42,28.54,29.3,17667400,513247001.0
2025-07-28,29.43,29.44,29.04,29.15,9900300,290043926.0
2025-07-29,29.1,29.27,28.7,29.08,11189800,324965514.0
2025-07-30,29.1,29.31,28.66,28.86,10306900,299842678.0
2025-07-31,28.81,29.13,28.22,28.29,12553300,359732504.0
2025-08-01,28.4,28.64,27.9,28.01,10527500,297533474.0
2025-08-04,27.98,28.28,27.8,27.9,12929800,363203762.0
2025-08-05,28.01,28.3,27.83,28.23,11025000,310773706.0
2025-08-06,28.18,28.74,28.16,28.71,14715200,420815655.0
2025-08-07,28.73,28.93,28.48,28.53,11749300,338243748.0
2025-08-08,28.53,28.58,28.05,28.06,9664900,273304103.0
2025-08-11,28.07,28.4,27.98,28.31,8529600,241395670.0
2025-08-12,28.38,28.88,28.22,28.79,17790500,510959097.0
2025-08-13,28.7,29.36,28.67,29.28,22112500,647643213.0
2025-08-14,29.25,29.46,28.6,28.6,16161400,471132985.0
2025-08-15,28.45,29.14,28.45,28.85,17604600,510296084.0
2025-08-18,29.1,30.24,28.88,29.87,27651400,824382237.0
2025-08-19,30.15,31.02,29.86,30.5,30280300,928183149.0
2025-08-20,30.29,31.4,29.92,31.4,31036500,958436465.0
2025-08-21,31.72,32.4,30.81,31.14,34515000,1090399508.0
2025-08-22,31.05,32.63,30.99,32.41,42649700,1364259676.0
2025-08-25,32.78,32.8,30.73,31.46,56777800,1795944635.0
2025-08-26,31.27,31.65,30.89,31.07,25537600,799501629.0
2025-08-27,31.18,32.0,30.63,30.63,30727800,968479576.0
2025-08-28,30.87,31.85,30.72,31.85,33118800,1043133909.0
2025-08-29,32.01,32.02,30.93,31.32,23644000,742576863.0
2025-09-01,31.58,32.21,31.14,32.02,26570200,845219715.0
2025-09-02,31.9,31.92,30.2,30.38,27813600,862005767.0
2025-09-03,30.66,31.55,30.3,30.47,21382500,660388774.0
2025-09-04,30.65,30.85,28.7,29.16,24113000,716024249.0
2025-09-05,29.29,29.76,29.16,29.75,15640300,462770102.0
2025-09-08,29.76,29.99,29.21,29.9,18153500,539880923.0
2025-09-09,29.73,30.1,28.92,29.11,13033100,383820875.0
2025-09-10,29.14,30.43,29.14,30.04,26816200,803304389.0
2025-09-11,29.9,30.89,29.55,30.76,20788100,631971397.0
2025-09-12,30.9,31.96,30.41,31.21,27620400,869283730.0
2025-09-15,31.49,31.6,30.64,30.77,15688900,487102446.0
2025-09-16,30.76,30.9,30.21,30.55,14581800,445871992.0
2025-09-17,30.57,32.35,30.46,31.87,31510600,998736380.0
2025-09-18,31.97,33.89,31.97,32.9,47999400,1594679054.0
2025-09-19,33.1,34.36,32.96,33.11,33485800,1126382051.0
2025-09-22,33.59,35.7,32.87,35.0,49400800,1700266111.0
2025-09-23,35.39,35.39,33.47,34.55,35094000,1201704160.0
2025-09-24,34.45,37.95,34.22,36.9,67005000,2431545264.0
2025-09-25,36.48,37.19,35.9,36.72,36307900,1327082334.0
2025-09-26,36.49,36.8,35.35,35.46,29016200,1047470479.0
2025-09-29,35.65,36.04,35.0,35.81,23189200,826903489.0
2025-09-30,36.28,36.81,35.79,36.19,24097100,877063061.0
2025-10-09,36.78,37.77,36.15,36.74,30987000,1149141275.0
2025-10-10,36.79,37.49,35.77,36.42,24818600,905574850.0
2025-10-13,35.05,38.49,34.9,38.44,46664900,1744540669.0
2025-10-14,38.17,38.21,34.36,34.7,52330200,1889410683.0
2025-10-15,34.77,35.07,33.93,34.96,22944000,794879434.0
2025-10-16,34.6,34.9,33.68,33.97,19154400,658120834.0
2025-10-17,33.86,34.24,33.02,33.11,17726300,594733565.0
2025-10-20,33.65,33.93,32.99,33.5,15089400,507512482.0
2025-10-21,33.63,34.27,33.51,33.84,14102500,479553243.0
2025-10-22,33.55,33.7,32.94,33.4,11441400,381940801.0
2025-10-23,33.0,33.35,32.13,32.86,17580900,573142498.0
2025-10-24,33.1,34.61,33.1,34.5,21573600,735271716.0
2025-10-27,35.86,36.85,34.9,35.4,31398100,1124278229.0
2025-10-28,35.25,36.43,34.92,36.26,25637700,922348112.0
2025-10-29,36.41,38.08,36.35,37.2,31514400,1181145139.0
2025-10-30,37.02,37.55,36.6,36.75,20595800,764399946.0
2025-10-31,36.89,37.05,35.33,35.36,18781300,675093662.0
2025-11-03,35.35,35.39,33.64,35.17,20054600,693559729.0
2025-11-04,35.0,35.2,33.93,34.25,10729400,370871086.0
2025-11-05,33.82,34.8,33.6,34.62,11795500,403805187.0
2025-11-06,34.68,35.54,34.43,35.2,14580200,513239326.0
2025-11-07,34.9,35.2,34.48,34.72,8533800,297935931.0
2025-11-10,34.66,35.52,34.2,34.4,13337200,466091216.0
2025-11-11,34.62,36.6,34.48,35.08,21947700,784076703.0
2025-11-12,35.0,35.15,33.78,34.81,13874500,478783936.0
2025-11-13,34.84,35.57,34.48,34.82,14724400,517802452.0
2025-11-14,34.41,35.55,33.5,34.3,16973200,589291249.0
2025-11-17,36.47,36.76,33.83,33.9,26455000,932461500.0
2025-11-18,34.22,35.1,33.76,34.13,15976600,549675785.0
2025-11-19,33.93,35.67,33.93,34.96,23554100,829215697.0
2025-11-20,35.56,35.88,34.39,34.5,16512800,581447309.0
2025-11-21,33.95,34.93,33.2,33.2,19793000,674587251.0
2025-11-24,33.31,34.35,33.05,33.85,18735200,634188343.0
2025-11-25,33.8,33.96,32.71,33.12,22946600,768076043.0
2025-11-26,33.02,33.55,32.3,32.95,12635800,418525702.0
2025-11-27,33.03,34.33,33.03,33.17,17687800,598871800.0
2025-11-28,33.19,35.48,32.78,34.8,23349100,803315456.0
2025-12-01,34.74,35.88,34.42,35.64,22540600,794566718.0
2025-12-02,35.27,36.15,35.02,35.24,16495500,587530289.0
2025-12-03,35.23,35.5,34.92,35.02,9067600,319444291.0
2025-12-04,34.97,35.62,34.26,35.14,10158100,355928021.0
2025-12-05,35.11,35.4,34.56,35.02,10117200,353411022.0
2025-12-08,34.94,35.58,34.72,35.31,12301300,434290014.0
2025-12-09,35.33,35.66,34.9,35.4,11945200,421987069.0
2025-12-10,35.46,36.27,34.7,35.65,17699500,628720972.0
2025-12-11,35.67,36.73,35.53,35.73,18880800,684712485.0
2025-12-12,35.84,37.4,35.41,37.25,27304400,1002637962.0
2025-12-15,37.09,39.26,36.9,38.82,36455400,1395111295.0
2025-12-16,38.2,38.44,36.53,37.4,26939700,1007834930.0
2025-12-17,37.17,38.3,36.54,38.06,19564000,734538306.0
2025-12-18,37.7,38.0,36.61,36.66,19714400,732897180.0
2025-12-19,36.89,37.11,36.0,36.33,14829200,541849502.0
2025-12-22,36.3,38.76,36.22,38.53,28943500,1104239784.0
2025-12-23,38.5,40.13,38.31,39.1,30912800,1216856059.0
2025-12-24,38.95,39.2,37.94,38.74,23620300,915084074.0
2025-12-25,38.59,38.95,38.26,38.71,17056200,660539181.0
2025-12-26,38.84,38.91,37.83,38.27,16845100,646551821.0
2025-12-29,38.05,38.15,37.22,37.61,14917900,562541616.0
2025-12-30,37.5,38.14,37.21,37.82,16131200,608146856.0
2025-12-31,37.95,38.79,37.21,37.5,15804100,597967035.0
2026-01-05,37.51,39.1,37.51,38.96,26082200,1008677384.0
2026-01-06,38.92,41.48,38.71,40.19,38978300,1583656185.0
2026-01-07,41.8,46.36,41.76,44.73,73695400,3287492375.0
2026-01-08,45.35,46.05,44.2,45.44,49627600,2248686203.0
2026-01-09,44.68,45.17,43.6,44.91,37043300,1652237550.0
2026-01-12,44.9,45.1,43.98,44.89,30473900,1357658303.0
2026-01-13,44.61,46.02,43.21,43.37,29697700,1322209744.0
2026-01-14,43.23,45.18,42.85,43.8,30180500,1325445696.0
2026-01-15,43.21,46.89,42.91,46.58,50344900,2278758834.0
2026-01-16,46.38,48.4,46.1,48.04,51889000,2458425301.0
2026-01-19,47.69,49.1,47.23,47.3,35963100,1727684131.0
2026-01-20,47.7,47.72,45.61,46.89,31423100,1463603792.0
2026-01-21,46.1,47.05,45.3,46.35,25039600,1163401491.0
2026-01-22,47.29,47.99,45.82,46.21,25129900,1174905676.0
2026-01-23,46.09,47.37,45.71,47.29,24889800,1162102397.0
2026-01-26,46.66,46.8,44.5,44.9,27087600,1229648053.0
2026-01-27,45.4,47.25,44.61,46.67,29101300,1343906739.0
2026-01-28,46.97,47.84,45.62,46.52,23531100,1094464974.0
2026-01-29,46.21,46.9,43.58,43.7,28676300,1287444736.0
2026-01-30,43.28,44.98,41.9,44.43,30552800,1328344751.0
2026-02-02,44.16,44.46,42.1,42.15,21267600,916880240.0
2026-02-03,42.9,44.01,42.71,43.62,15993600,695456790.0
2026-02-04,43.26,44.46,42.85,43.65,13687800,598833115.0
2026-02-05,42.98,43.68,41.81,43.33,16660300,712252498.0
2026-02-06,42.85,44.23,42.51,43.34,15145400,663597982.0
2026-02-09,44.29,45.05,43.98,44.85,17622800,787183430.0
2026-02-10,44.85,45.1,44.12,44.37,11332400,505737723.0
2026-02-11,43.93,45.48,43.9,44.48,11448600,514663529.0
2026-02-12,44.68,45.9,44.41,45.89,17920800,813368194.0
2026-02-13,45.38,46.39,45.12,45.45,16388000,753153299.0
2026-02-24,45.99,46.39,44.77,45.6,16502200,754108161.0
2026-02-25,45.6,47.81,44.75,47.21,25243400,1175130842.0
2026-02-26,46.97,47.38,45.6,47.0,22948100,1072534869.0
2026-02-27,46.41,46.72,45.29,45.88,20412000,936994394.0
2026-03-02,44.93,46.34,44.9,45.09,19609700,890221263.0
2026-03-03,45.06,45.59,42.02,42.3,26912800,1166509750.0
2026-03-04,41.4,43.2,41.3,42.1,14964600,632602627.0
2026-03-05,42.93,44.0,41.98,42.43,15275700,657419479.0
2026-03-06,42.24,43.0,42.1,42.61,12710000,542957921.0
2026-03-09,41.5,41.79,40.14,41.5,20007800,820359102.0
2026-03-10,42.3,44.55,42.24,43.97,21480000,935669198.0
2026-03-11,44.01,45.3,43.68,44.27,17794600,793794099.0
2026-03-12,44.14,45.45,43.82,45.02,16428000,739030621.0
2026-03-13,44.57,47.39,44.46,46.12,30960700,1435335805.0
2026-03-16,46.04,46.92,44.85,46.71,22716900,1048085959.0
2026-03-17,46.8,46.91,45.6,45.7,16340000,755851276.0
2026-03-18,46.04,47.35,45.82,47.3,23197400,1085204600.0
2026-03-19,46.49,47.1,45.58,45.85,17849700,823864388.0
2026-03-20,47.37,48.38,45.46,45.47,41176600,1928379489.0
2026-03-23,44.31,44.76,41.73,42.01,31946900,1378827099.0
2026-03-24,42.75,43.47,41.36,43.36,20279700,862277207.0
2026-03-25,43.9,48.18,43.9,46.5,30441200,1419324319.0
2026-03-26,46.11,46.99,44.84,45.13,20469000,935674922.0
2026-03-27,47.82,54.18,47.82,52.97,117260400,6073085441.0
2026-03-30,52.17,52.3,50.55,51.9,67613700,3496500188.0
2026-03-31,51.92,52.34,49.19,49.2,51867900,2599235603.0
2026-04-01,50.34,50.54,47.66,48.6,54641800,2663934668.0
2026-04-02,48.9,48.9,46.92,47.43,37805600,1803673440.0
2026-04-03,47.86,50.68,47.78,49.65,52659300,2608041025.0
2026-04-07,50.4,51.39,49.08,49.4,33976100,1697485455.0
2026-04-08,51.17,51.84,49.84,51.67,50730900,2591020974.0
2026-04-09,51.39,53.46,50.81,52.25,43765600,2294609125.0
2026-04-10,52.65,53.55,51.62,51.91,37592200,1977014406.0
2026-04-13,51.9,53.1,51.31,51.58,27009500,1401367575.0
2026-04-14,52.2,54.71,51.8,52.95,40213700,2150149272.0
2026-04-15,53.39,54.08,51.54,51.73,28559900,1496761256.0
2026-04-16,52.01,52.25,51.17,51.68,25029600,1293598294.0
2026-04-17,51.22,53.77,50.51,52.9,30742800,1619645694.0
2026-04-20,53.16,53.82,51.7,52.42,27860900,1469396748.0
2026-04-21,52.63,53.24,51.48,52.2,24462800,1280790176.0
2026-04-22,52.1,54.5,51.91,54.47,37922300,2035550407.0
2026-04-23,55.42,56.75,53.53,55.85,48819500,2697931305.0
2026-04-24,55.1,57.9,55.1,56.9,41130600,2340007577.0
2026-04-27,57.1,59.89,55.18,56.21,56368300,3270152917.0
2026-04-28,57.89,61.6,57.41,59.1,54529800,3230871963.0
2026-04-29,58.38,59.13,56.68,58.87,35762900,2090145695.0
2026-04-30,59.7,63.08,59.2,62.26,42779100,2649707716.0
2026-05-06,63.9,67.59,63.26,64.58,52796900,3461529362.0
2026-05-07,67.16,69.89,65.6,68.7,48528700,3305217665.0
2026-05-08,65.9,66.9,63.7,64.09,53443900,3474820583.0
2026-05-11,65.35,67.9,62.94,67.87,53428300,3502251867.0
2026-05-12,66.9,66.9,63.9,64.79,40626600,2648685440.0
2026-05-13,63.9,73.89,63.6,73.29,54370600,3781409706.0
2026-05-14,73.44,73.8,69.33,69.38,42607700,3044239316.0
2026-05-15,70.49,73.48,68.8,69.58,50698900,3593030448.0
2026-05-18,70.74,74.7,69.36,72.55,42637600,3083497517.0
2026-05-19,71.5,77.9,69.69,76.91,47254700,3514328837.0
2026-05-20,76.52,80.23,75.4,76.74,48930200,3790188275.0
2026-05-21,77.58,79.73,72.35,72.88,52195400,3994282305.0
2026-05-22,73.9,75.35,70.0,72.9,46667800,3383247100.0
2026-05-25,72.98,78.4,69.86,76.9,52687500,3891080415.0
2026-05-26,80.9,81.48,75.9,79.45,55922000,4414983680.0
2026-05-27,78.92,79.14,73.28,73.3,48529600,3708450107.0
2026-05-28,73.23,75.3,70.9,74.46,36083700,2660674101.0
2026-05-29,74.4,74.9,66.4,67.04,56032000,3884304382.0
2026-06-01,67.91,68.94,64.9,65.72,36963700,2485457120.0
2026-06-02,65.82,68.31,65.82,67.34,29268600,1970031506.0
2026-06-03,67.59,72.05,67.35,70.3,43134900,3024025213.0
2026-06-04,68.89,74.75,68.7,73.29,38870400,2819207609.0
2026-06-05,71.61,72.85,69.11,69.65,36989500,2627297358.0
2026-06-08,64.9,67.23,63.98,64.81,38334900,2519605507.0
2026-06-09,66.88,69.46,65.93,69.0,32637500,2218523945.0
2026-06-10,67.9,71.8,67.43,70.94,37866700,2657944017.0
2026-06-11,71.1,76.3,71.1,75.38,50247900,3731327250.0
2026-06-12,84.9,88.45,78.4,78.89,89443600,7486898787.0
2026-06-15,81.9,86.23,77.32,85.47,68631700,5652721675.0
2026-06-16,84.89,85.98,82.78,84.4,49298600,4155856121.0
2026-06-17,84.88,93.0,84.5,91.13,66937900,5976785446.0
2026-06-18,90.6,92.69,89.57,92.18,49273400,4492993243.0
2026-06-22,93.25,95.33,88.91,91.4,59204200,5438367727.0
2026-06-23,94.86,95.79,89.07,91.3,54457700,5032775958.0
2026-06-24,89.47,97.65,88.08,96.7,62228700,5855819517.0
2026-06-25,97.2,97.58,92.42,95.45,51543100,4894598884.0
2026-06-26,95.45,98.98,93.1,95.07,57683100,5575224640.0
2026-06-29,97.91,104.6,93.25,104.0,75090000,7475339266.0
2026-06-30,100.29,106.55,97.5,105.97,67779100,6932132645.0
2026-07-01,105.0,111.03,98.5,100.3,68871600,7262015213.0
2026-07-02,95.68,98.37,90.85,93.37,58809500,5564015199.0
2026-07-03,92.99,93.71,88.21,89.88,47089700,4265565281.0
2026-07-06,91.67,92.96,86.88,90.56,42593700,3835882478.0
2026-07-07,89.0,92.55,87.51,91.26,36747600,3340085535.0
2026-07-08,91.26,92.38,83.0,89.36,51749300,4561736267.0
2026-07-09,91.59,96.18,90.01,95.99,56647200,5285896671.0
2026-07-10,96.0,98.0,82.88,83.1,98034200,8889697827.0
2026-07-13,83.85,84.84,79.27,79.92,53948500,4435714295.0
2026-07-14,81.35,83.65,77.01,82.6,45170600,3645363100.0
2026-07-15,83.85,84.56,77.33,77.92,36976100,2951033672.0
2026-07-16,75.55,78.2,71.95,72.5,44959700,3360706769.0
2026-07-17,72.88,74.49,69.33,69.41,51151700,3689291882.0
2026-07-20,71.43,72.01,63.79,65.88,53582300,3639387733.0
2026-07-21,67.05,77.9,64.11,77.32,67500400,4817718054.0
2026-07-22,76.56,79.32,74.91,75.55,46389400,3589247931.0
2026-07-23,76.1,76.55,71.5,72.42,34210800,2507189126.0
2026-07-24,71.79,75.5,70.11,73.79,36410800,2671508094.0
2026-07-27,73.02,75.69,71.18,74.17,40943100,3004812608.0
2026-07-28,72.0,76.38,70.48,71.31,49199600,3635001557.0
2026-07-29,70.91,71.49,66.3,69.6,44028200,3017161992.0
2026-07-30,69.6,69.87,63.9,65.53,43110900,2874048876.0
2026-07-31,70.98,73.33,68.57,68.68,46405300,3293259464.0
2026-08-03,68.0,68.59,62.62,62.9,40550100,2618421706.0
2026-08-04,64.48,70.81,63.15,70.05,51045100,3454524085.0
2026-08-05,70.48,75.34,70.06,74.02,47807000,3510049955.0
2026-08-06,73.0,77.82,72.0,76.8,43216400,3278088767.0
2026-08-07,76.7,79.17,76.19,77.74,42957600,3342084388.0
2026-08-10,78.98,79.65,76.85,78.65,34007900,2657177430.0
2026-08-11,77.3,79.0,76.22,76.52,27916200,2161364828.0
2026-08-12,77.01,78.5,76.33,77.58,24912100,1934337833.0
2026-08-13,78.99,78.99,74.8,74.92,31564200,2439208463.0
2026-08-14,76.02,76.85,74.75,76.14,20147300,1528131314.0
2026-08-17,76.43,82.3,76.18,81.3,42358600,3389763198.0
2026-08-18,81.62,82.99,79.85,81.48,31010800,2523422975.0
2026-08-19,78.13,80.4,74.0,74.54,38361100,2948278486.0
2026-08-20,75.6,75.98,72.6,74.46,24799200,1843494828.0
2026-08-21,74.0,75.3,73.0,73.84,18820300,1394117471.0
2026-08-24,73.96,74.39,71.6,73.62,27997000,2044657349.0
2026-08-25,72.69,72.75,69.36,72.19,24361400,1735257967.0
2026-08-26,72.2,73.17,70.74,72.19,19779400,1427309057.0
2026-08-27,73.0,75.46,72.07,75.0,27890300,2070802381.0
2026-08-28,74.2,75.68,72.5,72.5,24051100,1778721003.0
2026-08-31,71.89,73.79,69.62,72.72,28392400,2035357108.0
2026-09-01,72.96,73.67,69.21,69.37,21081500,1482109078.0
2026-09-02,67.82,69.66,67.5,68.73,14889800,1023648082.0
2026-09-03,69.37,70.0,67.6,68.51,14880300,1017701061.0
2026-09-04,69.01,70.15,65.54,66.2,22461800,1515898893.0
2026-09-07,67.39,69.45,66.82,68.45,21475100,1465485954.0
2026-09-08,68.82,69.35,67.08,67.55,18201900,1238769395.0
2026-09-09,68.25,69.24,67.17,67.72,14849300,1010003795.0
2026-09-10,67.5,68.45,66.31,67.32,11471800,774902355.0
2026-09-11,66.36,67.12,64.56,66.64,16220000,1069399860.0
2026-09-14,65.57,67.65,64.64,66.94,13254600,880067046.0
2026-09-15,66.45,69.38,66.44,68.02,18982500,1292490027.0
2026-09-16,68.33,70.76,67.67,70.39,28670700,1997702622.0
2026-09-17,70.51,71.82,69.94,71.15,25938100,1839312438.0
2026-09-18,72.48,73.28,70.39,72.58,30053700,2163790515.0
2026-09-21,73.65,73.93,71.7,72.11,20155100,1463835756.0
2026-09-22,73.16,73.44,70.85,71.07,20250100,1462604077.0
2026-09-23,71.8,72.18,70.82,71.13,12426700,886216376.76
