date,open,high,low,close,volume,amount,outstanding_share,turnover
2018-07-20,29.4,35.28,29.4,35.28,57621.0,2215463.0,75790510.0,0.0007602666877423044
2018-07-23,38.81,38.81,38.81,38.81,30506.0,1290709.0,75790510.0,0.00040250421853606737
2018-07-24,42.69,42.69,42.69,42.69,49544.0,2305778.0,75790510.0,0.0006536966171622278
2018-07-25,46.95,46.95,46.95,46.95,130214.0,6665655.0,75790510.0,0.0017180778965598727
2018-07-26,51.65,51.65,51.65,51.65,220755.0,12430714.0,75790510.0,0.0029126997562095836
2018-07-27,56.81,56.81,56.81,56.81,353075.0,21869466.0,75790510.0,0.004658564772819182
2018-07-30,62.49,62.49,62.49,62.49,731074.0,49808072.0,75790510.0,0.009645983382352223
2018-07-31,68.74,68.74,56.24,56.24,36666513.0,2386906668.0,75790510.0,0.483787653625764
2018-08-01,54.12,54.58,52.02,53.8,27876817.0,1620339852.0,75790510.0,0.3678140838477007
2018-08-02,52.74,53.53,49.69,50.95,20256358.0,1141046017.0,75790510.0,0.2672677357626964
2018-08-03,50.52,51.11,47.32,47.41,17709358.0,940470367.0,75790510.0,0.23366194527520662
2018-08-06,46.37,46.41,43.71,43.76,15523830.0,763555458.0,75790510.0,0.20482551179560607
2018-08-07,44.48,45.2,43.71,44.91,14941172.0,726506332.0,75790510.0,0.1971377683037098
2018-08-08,44.33,44.33,40.48,40.59,18108233.0,839725136.0,75790510.0,0.2389248073406552
2018-08-09,40.25,44.23,39.62,42.43,17072171.0,792475233.0,75790510.0,0.22525473175995253
2018-08-10,41.64,43.84,41.53,43.19,14122576.0,658292547.0,75790510.0,0.18633699654481808
2018-08-13,42.19,47.51,41.73,46.54,25387945.0,1277795010.0,75790510.0,0.33497524953981705
2018-08-14,44.94,46.15,44.58,45.4,17824641.0,880213065.0,75790510.0,0.23518301961551652
2018-08-15,45.45,46.96,44.77,45.17,14221876.0,710973900.0,75790510.0,0.18764718696311716
2018-08-16,44.03,47.3,42.44,46.26,19830540.0,990677183.0,75790510.0,0.261649380641455
2018-08-17,46.47,46.86,43.55,43.65,15052508.0,742214329.0,75790510.0,0.1986067648838885
2018-08-20,42.64,45.76,42.45,45.6,12830823.0,620613183.0,75790510.0,0.1692932663997115
2018-08-21,45.67,47.16,44.48,45.99,15452458.0,771323155.0,75790510.0,0.2038838107831706
2018-08-22,45.56,45.82,43.69,43.82,11532019.0,561533573.0,75790510.0,0.1521565034989209
2018-08-23,43.87,45.73,43.85,45.27,12204866.0,597179906.0,75790510.0,0.16103422446952792
2018-08-24,44.67,45.81,44.21,44.62,9760832.0,478943936.0,75790510.0,0.1287869945722756
2018-08-27,45.49,48.43,45.2,47.34,19302697.0,990915749.0,75790510.0,0.25468488073242945
2018-08-28,47.48,49.55,47.29,47.78,19236053.0,1010718059.0,75790510.0,0.2538055622003335
2018-08-29,47.7,48.99,46.66,48.99,14178772.0,738356278.0,75790510.0,0.1870784614063159
2018-08-30,49.16,49.34,47.61,48.3,13017990.0,686719562.0,75790510.0,0.17176279721564086
2018-08-31,48.15,48.94,46.54,46.69,13017604.0,680802216.0,75790510.0,0.1717577042297248
2018-09-03,45.94,46.37,43.2,44.89,12472828.0,606664423.0,75790510.0,0.16456978584785878
2018-09-04,44.75,45.65,43.93,45.02,9869461.0,483418999.0,75790510.0,0.13022027427972183
2018-09-05,45.0,46.5,44.39,45.15,12443625.0,619278887.0,75790510.0,0.1641844737553554
2018-09-06,44.56,45.85,43.82,45.14,10227823.0,501619445.0,75790510.0,0.134948597126474
2018-09-07,44.95,46.14,43.48,43.62,12183781.0,594457837.0,75790510.0,0.16075602341242987
2018-09-10,43.21,43.61,41.08,41.19,10190802.0,468576112.0,75790510.0,0.13446013227777462
2018-09-11,41.38,42.44,41.0,41.88,6649984.0,303111980.0,75790510.0,0.08774164469931657
2018-09-12,42.06,42.37,41.27,41.76,5996766.0,273740735.0,75790510.0,0.07912291393737818
2018-09-13,42.52,43.28,41.94,42.92,9337586.0,434716039.0,75790510.0,0.12320257509812245
2018-09-14,42.91,42.91,40.91,41.26,8004012.0,364790873.0,75790510.0,0.10560704763696668
2018-09-17,40.82,40.82,39.97,40.27,4952951.0,218300597.0,75790510.0,0.06535054322764156
2018-09-18,39.94,41.35,39.77,41.27,6048344.0,267543612.0,75790510.0,0.07980344768757988
2018-09-19,41.06,42.28,40.52,41.59,7626283.0,344636162.0,75790510.0,0.10062319147872208
2018-09-20,41.47,42.16,40.92,40.93,5468248.0,247203230.0,75790510.0,0.07214950790013155
2018-09-21,40.95,42.08,40.56,41.83,7042956.0,317777617.0,75790510.0,0.09292662102418892
2018-09-25,41.26,42.0,41.15,41.5,4643596.0,210145506.0,75790510.0,0.06126883167826684
2018-09-26,41.52,42.06,41.5,41.82,6118606.0,279026556.0,75790510.0,0.0807305030669407
2018-09-27,41.82,41.82,40.08,40.08,7600432.0,338236867.0,75790510.0,0.10028210655925128
2018-09-28,40.29,40.71,40.27,40.42,3481037.0,153568931.0,75790510.0,0.04592972128040833
2018-10-08,38.97,38.98,36.51,36.77,7081449.0,291970789.0,75790510.0,0.09343450782954225
2018-10-09,36.86,37.38,36.35,36.58,4033469.0,161554242.0,75790510.0,0.05321865494769728
2018-10-10,36.69,37.01,36.26,36.87,3584539.0,143450363.0,75790510.0,0.047295353996166536
2018-10-11,34.4,35.03,33.18,33.18,7039746.0,259984287.0,75790510.0,0.09288426743664874
2018-10-12,32.56,32.84,30.91,32.54,6804428.0,237766046.0,75790510.0,0.08977941961335265
2018-10-15,32.75,33.81,32.52,32.57,5170891.0,187000228.0,75790510.0,0.06822610113060329
2018-10-16,32.67,32.98,31.78,32.79,4913651.0,174096903.0,75790510.0,0.06483200865121504
2018-10-17,33.63,33.77,32.33,33.39,5081276.0,183856437.0,75790510.0,0.06704369715944648
2018-10-18,33.01,33.01,31.74,31.9,4357620.0,153325460.0,75790510.0,0.05749558882767777
2018-10-19,31.0,32.99,30.77,32.87,5426511.0,190761831.0,75790510.0,0.07159881890226098
2018-10-22,32.93,35.38,32.93,34.98,9083270.0,339755559.0,75790510.0,0.11984706264676145
2018-10-23,34.73,34.78,33.43,33.61,6826369.0,253683624.0,75790510.0,0.0900689149604614
2018-10-24,33.18,34.03,33.12,33.22,4159859.0,152268575.0,75790510.0,0.05488627797860181
2018-10-25,31.46,32.43,31.21,32.2,5373066.0,185985425.0,75790510.0,0.07089365146111301
2018-10-26,32.69,34.74,32.45,34.3,9983674.0,367011463.0,75790510.0,0.13172723075751833
2018-10-29,33.91,34.21,33.15,33.34,5626736.0,206480304.0,75790510.0,0.07424064041790984
2018-10-30,33.11,33.81,32.02,33.45,6108091.0,219426279.0,75790510.0,0.08059176538065253
2018-10-31,33.62,34.37,33.61,33.98,6803384.0,252226942.0,75790510.0,0.08976564480170407
2018-11-01,34.27,35.27,33.98,34.37,9054205.0,342033835.0,75790510.0,0.11946357136269435
2018-11-02,35.1,35.5,34.58,35.43,9593567.0,366792944.0,75790510.0,0.12658005599909541
2018-11-05,36.18,36.35,34.73,35.33,10705774.0,416542266.0,75790510.0,0.14125480881445449
2018-11-06,34.85,34.86,33.83,34.41,6846774.0,255275643.0,75790510.0,0.09033814391801823
2018-11-07,34.4,35.97,34.17,35.11,8937705.0,343106748.0,75790510.0,0.11792643960305849
2018-11-08,35.39,35.66,34.49,34.57,5685973.0,217082153.0,75790510.0,0.07502222903632658
2018-11-09,34.61,36.67,34.5,36.3,13416319.0,526491178.0,75790510.0,0.17701845521292836
2018-11-12,35.78,37.03,35.77,36.92,10443860.0,415616004.0,75790510.0,0.13779904634498436
2018-11-13,36.22,36.82,35.95,36.61,8946555.0,355277968.0,75790510.0,0.11804320883973468
2018-11-14,36.41,37.95,36.26,36.8,9838604.0,399179418.0,75790510.0,0.12981313887451082
2018-11-15,36.74,37.39,36.4,37.37,8063353.0,324938469.0,75790510.0,0.10639000845884267
2018-11-16,37.42,37.42,36.6,37.02,8509976.0,343164465.0,75790510.0,0.11228287024325341
2018-11-19,36.82,36.94,36.16,36.52,5437069.0,216036867.0,75790510.0,0.07173812394190249
2018-11-20,35.87,36.17,35.24,35.32,5239608.0,204064060.0,75790510.0,0.0691327713720359
2018-11-21,34.69,35.76,34.69,35.48,3951130.0,151853017.0,75790510.0,0.05213225244163155
2018-11-22,35.63,38.06,34.95,36.78,8288897.0,329427500.0,75790510.0,0.10936589554549772
2018-11-23,36.5,36.58,34.94,35.04,6219863.0,242417135.0,75790510.0,0.08206651465994885
2018-11-26,35.31,36.32,34.84,35.72,4967574.0,192433759.0,75790510.0,0.06554348295056993
2018-11-27,36.05,36.87,35.77,36.56,7596118.0,301926079.0,75790510.0,0.10022518650422065
2018-11-28,36.63,36.84,35.82,36.6,6678662.0,265415851.0,75790510.0,0.08812002980320359
2018-11-29,36.96,37.06,33.63,34.2,7009625.0,273215287.0,75790510.0,0.09248684300976467
2018-11-30,34.19,34.44,33.01,34.0,5812595.0,214218133.0,75790510.0,0.07669291313648635
2018-12-03,35.0,35.86,34.64,35.46,7151653.0,275614520.0,75790510.0,0.09436079794158926
2018-12-04,35.48,36.36,35.32,35.84,5989684.0,234159153.0,75790510.0,0.07902947215950915
2018-12-05,34.98,35.76,34.85,35.36,4098775.0,157961926.0,75790510.0,0.054080319554519425
2018-12-06,34.97,34.97,33.8,33.95,5438249.0,203890411.0,75790510.0,0.07175369317345931
2018-12-07,34.26,34.73,34.22,34.39,3237779.0,121705762.0,75790510.0,0.04272011100070444
2018-12-10,34.35,35.48,34.12,35.25,5038480.0,192771300.0,75790510.0,0.06647903543596685
2018-12-11,35.21,35.74,34.86,35.52,4864794.0,187693719.0,75790510.0,0.06418737649344225
2018-12-12,35.46,35.54,34.63,34.74,3771908.0,141891084.0,75790510.0,0.04976755005343017
2018-12-13,34.92,35.6,34.65,35.29,4121479.0,156136959.0,75790510.0,0.054379882125083996
2018-12-14,35.15,35.21,34.15,34.23,3899134.0,145187992.0,75790510.0,0.05144620348906479
2018-12-17,34.13,34.43,33.79,34.27,2156724.0,79195130.0,75790510.0,0.028456385898445596
2018-12-18,33.96,34.34,33.57,33.83,2051600.0,74871118.0,75790510.0,0.02706935208642876
2018-12-19,34.02,34.66,33.84,34.17,3252663.0,120134239.0,75790510.0,0.04291649442654496
2018-12-20,33.79,34.4,33.66,34.38,2404965.0,88383967.0,75790510.0,0.031731743195816994
2018-12-21,34.2,34.66,34.1,34.31,2750930.0,101830455.0,75790510.0,0.03629649675137428
2018-12-24,34.48,37.14,34.44,37.09,11465915.0,445134848.0,75790510.0,0.15128430986940186
2018-12-25,36.39,39.49,35.78,38.28,16649493.0,673247040.0,75790510.0,0.2196778066277691
2018-12-26,37.93,38.41,36.9,36.98,9620123.0,389235096.0,75790510.0,0.1269304428747082
2018-12-27,37.61,38.61,37.17,37.37,9798732.0,398965888.0,75790510.0,0.12928705717905845
2018-12-28,37.45,37.49,35.99,36.95,6664693.0,264695500.0,75790510.0,0.08793571912895164
2019-01-02,37.04,37.98,36.8,37.24,6023960.0,242603740.0,75790510.0,0.07948171875344288
2019-01-03,36.9,37.0,35.31,35.38,7519439.0,291613226.0,75790510.0,0.09921346353257156
2019-01-04,34.75,36.21,34.47,35.96,5952063.0,227811325.0,75790510.0,0.07853309075239104
2019-01-07,36.24,37.33,35.96,36.95,7077746.0,280349587.0,75790510.0,0.09338564946983469
2019-01-08,36.84,37.35,36.48,36.99,5918311.0,235974964.0,75790510.0,0.07808775795280966
2019-01-09,37.09,38.25,36.44,36.46,9254995.0,373271923.0,75790510.0,0.12211284763752085
2019-01-10,36.25,39.36,36.16,38.0,11648313.0,474533156.0,75790510.0,0.15369091724016634
2019-01-11,38.28,39.85,38.1,38.74,12255682.0,513241286.0,75790510.0,0.16170470419053784
2019-01-14,39.12,39.72,38.0,39.18,9419871.0,394249571.0,75790510.0,0.12428826511393049
2019-01-15,38.4,39.31,38.13,38.94,7100341.0,296503597.0,75790510.0,0.09368377386561985
2019-01-16,38.95,39.07,37.69,37.75,7005730.0,287855076.0,75790510.0,0.09243545135136312
2019-01-17,37.49,38.18,37.35,37.38,4139928.0,168271955.0,75790510.0,0.05462330310219578
2019-01-18,37.39,38.0,36.75,38.0,5528545.0,222469588.0,75790510.0,0.07294508243842138
2019-01-21,37.86,38.89,37.73,38.25,6293557.0,259983757.0,75790510.0,0.08303885275346479
2019-01-22,38.04,38.19,37.63,37.74,4024508.0,163951797.0,75790510.0,0.053100421147713614
2019-01-23,37.65,37.88,36.95,37.34,3555449.0,142629871.0,75790510.0,0.046911532855498664
2019-01-24,37.34,38.35,37.11,38.14,5598702.0,228321154.0,75790510.0,0.07387075242005892
2019-01-25,38.0,38.18,37.27,37.29,4560333.0,184933310.0,75790510.0,0.060170237672236275
2019-01-28,37.35,37.74,36.85,36.95,3951749.0,158232219.0,75790510.0,0.052140419691066864
2019-01-29,36.8,36.8,35.31,35.84,3982817.0,154346753.0,75790510.0,0.05255033908598847
2019-01-30,35.59,36.22,35.46,35.61,2158224.0,83357221.0,75790510.0,0.02847617729449241
2019-01-31,35.87,36.24,35.5,35.62,3175111.0,122599553.0,75790510.0,0.041893252862396625
2019-02-01,36.05,36.86,36.03,36.77,3108935.0,122111677.0,75790510.0,0.041020109245867326
2019-02-11,36.87,38.07,36.87,37.95,5436536.0,220316520.0,75790510.0,0.07173109139917386
2019-02-12,38.0,38.25,37.65,37.92,5312532.0,216555004.0,75790510.0,0.07009494988224779
2019-02-13,38.66,39.82,38.47,39.33,12234166.0,516132176.0,75790510.0,0.16142081640564235
2019-02-14,39.53,39.56,38.66,38.9,6977295.0,292877502.0,75790510.0,0.09206027245363568
2019-02-15,38.73,39.18,38.36,38.36,6162189.0,256864083.0,75790510.0,0.0813055486762129
2019-02-18,38.73,39.91,38.5,39.9,10373592.0,438624488.0,75790510.0,0.13687191180003935
2019-02-19,39.95,40.14,38.66,39.07,8554071.0,361677787.0,75790510.0,0.11286467131570958
2019-02-20,39.05,39.05,38.28,38.83,5210192.0,216826530.0,75790510.0,0.06874464890129384
2019-02-21,38.68,41.29,38.56,39.67,14756095.0,636050826.0,75790510.0,0.19469581349960569
2019-02-22,39.88,43.54,39.87,42.85,17814477.0,798907167.0,75790510.0,0.23504891311590329
2019-02-25,44.17,45.76,42.86,44.92,17056033.0,820806594.0,75790510.0,0.22504180272701688
2019-02-26,44.6,45.42,42.99,43.95,14122381.0,667431714.0,75790510.0,0.186334423663332
2019-02-27,43.4,44.26,43.02,43.49,8106810.0,380830326.0,75790510.0,0.10696339159084693
2019-02-28,43.5,43.96,42.92,43.19,5711622.0,267077708.0,75790510.0,0.07536064871446306
2019-03-01,43.53,43.65,42.11,43.03,5530735.0,254347964.0,75790510.0,0.07297397787664973
2019-03-04,43.65,45.62,43.64,44.18,12726878.0,612072643.0,75790510.0,0.1679217886249875
2019-03-05,44.04,45.18,43.68,45.18,9582065.0,460187872.0,75790510.0,0.12642829557420843
2019-03-06,45.99,47.02,44.7,45.43,11700442.0,574278674.0,75790510.0,0.15437872102984926
2019-03-07,45.14,49.71,43.84,47.82,17238152.0,859920064.0,75790510.0,0.22744472889811668
2019-03-08,45.9,50.18,45.42,46.8,14610896.0,752866082.0,75790510.0,0.19278001955653815
2019-03-11,47.6,49.82,46.97,49.62,11478694.0,599528026.0,75790510.0,0.15145291936945668
2019-03-12,49.67,49.9,47.72,48.82,14933812.0,783975289.0,75790510.0,0.1970406585204401
2019-03-13,47.7,47.71,44.72,45.41,13633586.0,680001000.0,75790510.0,0.1798851333761971
2019-03-14,44.6,45.07,43.5,44.31,7614485.0,361627955.0,75790510.0,0.10046752555168187
2019-03-15,44.36,44.74,43.65,44.04,5810822.0,276777122.0,75790510.0,0.07666951970635902
2019-03-18,44.04,44.7,42.3,44.68,7904454.0,369354470.0,75790510.0,0.10429345309854757
2019-03-19,44.66,44.87,43.91,44.18,5669438.0,270325223.0,75790510.0,0.07480406188057054
2019-03-20,43.94,43.94,42.67,43.49,5921174.0,276207800.0,75790510.0,0.078125533130731
2019-03-21,43.49,44.29,43.49,43.66,5314902.0,251191636.0,75790510.0,0.07012622028800175
2019-03-22,43.7,45.13,43.12,45.11,7650827.0,364028275.0,75790510.0,0.10094703149510408
2019-03-25,43.21,44.14,42.8,43.41,6270304.0,294739153.0,75790510.0,0.08273204653194707
2019-03-26,43.46,44.07,41.77,41.85,5564460.0,257010656.0,75790510.0,0.07341895443110226
2019-03-27,41.87,42.29,40.98,41.22,4630743.0,206426712.0,75790510.0,0.06109924580267371
2019-03-28,41.16,43.0,40.89,41.77,5878156.0,267118060.0,75790510.0,0.07755794228063645
2019-03-29,41.81,42.73,41.17,42.64,5177056.0,234931472.0,75790510.0,0.0683074437683557
2019-04-01,43.13,44.0,43.13,43.62,6548222.0,306901816.0,75790510.0,0.08639897000297267
2019-04-02,43.71,43.94,43.24,43.38,5924588.0,278114964.0,75790510.0,0.07817057834813355
2019-04-03,43.3,43.59,42.85,43.53,4479810.0,207885995.0,75790510.0,0.059107795949651216
2019-04-04,43.54,43.65,43.1,43.19,4624073.0,215493067.0,75790510.0,0.061011240061585544
2019-04-08,43.29,43.58,41.83,41.97,5730206.0,262771177.0,75790510.0,0.07560585091721905
2019-04-09,41.97,42.87,41.55,42.28,3778039.0,172295100.0,75790510.0,0.049848444086205514
2019-04-10,42.11,43.49,41.7,43.12,5192778.0,238178541.0,75790510.0,0.06851488398745437
2019-04-11,43.24,43.34,41.86,41.88,3693731.0,168269026.0,75790510.0,0.04873606207426233
2019-04-12,41.81,42.16,41.68,41.92,2256416.0,101606873.0,75790510.0,0.029771748468244902
2019-04-15,42.4,43.33,41.94,41.99,4088080.0,188125178.0,75790510.0,0.053939206900705645
2019-04-16,41.82,43.95,41.81,43.95,8348563.0,389153933.0,75790510.0,0.11015314450318384
2019-04-17,43.96,44.47,43.25,43.51,6163785.0,290460282.0,75790510.0,0.0813266067216067
2019-04-18,43.63,45.42,43.12,44.85,10233936.0,489354583.0,75790510.0,0.1350292536624968
2019-04-19,44.42,45.33,43.72,44.96,7736844.0,371466308.0,75790510.0,0.10208196250427659
2019-04-22,45.35,45.7,43.76,43.77,6738070.0,324965785.0,75790510.0,0.08890387464076967
2019-04-23,43.67,43.68,42.1,42.24,5744670.0,263502377.0,75790510.0,0.07579669275216647
2019-04-24,42.33,42.68,41.35,42.54,3939337.0,178248857.0,75790510.0,0.0519766524859115
2019-04-25,42.46,42.46,39.84,39.97,5914247.0,260964393.0,75790510.0,0.07803413646378682
2019-04-26,39.77,40.61,39.33,39.85,2967097.0,127938237.0,75790510.0,0.03914866122420868
2019-04-29,38.66,38.99,35.87,35.89,6982123.0,275061132.0,75790510.0,0.09212397436037836
2019-04-30,35.86,36.43,35.59,35.93,2561069.0,99284141.0,75790510.0,0.033791420588144876
2019-05-06,35.0,35.0,32.47,32.5,3937830.0,141388174.0,75790510.0,0.051956768730016464
2019-05-07,32.5,33.25,32.15,32.71,2642523.0,92873681.0,75790510.0,0.03486614617054299
2019-05-08,31.88,33.19,31.6,32.81,2709194.0,94999230.0,75790510.0,0.03574582094776774
2019-05-09,32.52,33.23,32.34,32.72,2001830.0,70785256.0,75790510.0,0.02641267356559548
2019-05-10,32.82,33.99,32.21,33.91,4015679.0,144834036.0,75790510.0,0.05298392899058207
2019-05-13,33.81,33.81,33.28,33.39,2517779.0,90868142.0,75790510.0,0.033220240898233826
2019-05-14,32.48,33.35,32.33,32.88,2011361.0,71389871.0,75790510.0,0.026538428096076937
2019-05-15,33.43,33.54,33.08,33.37,2360407.0,84731658.0,75790510.0,0.03114383317911438
2019-05-16,33.53,33.92,33.24,33.83,2849731.0,102866183.0,75790510.0,0.03760010323192178
2019-05-17,33.84,33.96,32.35,32.4,2746441.0,97867435.0,75790510.0,0.03623726770013818
2019-05-20,32.53,33.02,31.5,32.89,2313206.0,80442990.0,75790510.0,0.030521050722577273
2019-05-21,32.62,33.87,32.62,33.53,2529267.0,90774608.0,75790510.0,0.03337181660342436
2019-05-22,33.53,35.0,33.41,34.0,3906409.0,143970549.0,75790510.0,0.05154219175989184
2019-05-23,33.73,33.75,32.86,32.97,2283061.0,81614262.0,75790510.0,0.030123309633356472
2019-05-24,33.01,33.58,32.8,33.12,1483400.0,52851908.0,75790510.0,0.019572371263895706
2019-05-27,33.17,34.09,33.13,34.06,2741812.0,99669309.0,75790510.0,0.03617619145193771
2019-05-28,34.06,34.99,33.83,34.26,3552227.0,131791461.0,75790510.0,0.04686902093679011
2019-05-29,34.26,34.91,34.02,34.44,2909962.0,108009963.0,75790510.0,0.03839480694878554
2019-05-30,34.45,34.45,33.62,34.28,2326742.0,84954316.0,75790510.0,0.03069964828050372
2019-05-31,34.27,35.8,34.21,35.43,6066127.0,229675004.0,75790510.0,0.08003808128484688
2019-06-03,35.4,36.42,34.47,35.48,5220470.0,198259331.0,75790510.0,0.0688802595470066
2019-06-04,35.5,37.16,35.49,36.61,8159633.0,320605105.0,75790510.0,0.1076603521997675
2019-06-05,36.85,37.13,35.86,36.5,5394063.0,211935913.0,75790510.0,0.0711706914229763
2019-06-06,36.63,36.63,34.16,34.64,4298584.0,162132582.0,75790510.0,0.0567166522563313
2019-06-10,34.81,35.57,34.19,34.98,2901587.0,109817902.0,75790510.0,0.038284304987524165
2019-06-11,34.94,36.0,34.57,35.9,4156466.0,158352270.0,75790510.0,0.054841509840743916
2019-06-12,35.71,36.12,35.15,35.22,3750534.0,143532260.0,75790510.0,0.04948553585402711
2019-06-13,35.14,35.24,34.64,34.98,2478328.0,93200450.0,75790510.0,0.0326997139879386
2019-06-14,34.98,35.3,33.5,33.65,2964752.0,109626401.0,75790510.0,0.03911772067505549
2019-06-17,33.45,33.84,33.28,33.61,1594660.0,57601171.0,75790510.0,0.021040365080008037
2019-06-18,33.45,33.86,33.38,33.69,1368353.0,49522499.0,75790510.0,0.01805441076989718
2019-06-19,34.35,34.98,33.82,33.85,2473134.0,91350154.0,75790510.0,0.032631182980560496
2019-06-20,33.85,34.44,33.46,34.29,2612538.0,95666043.0,75790510.0,0.03447051616356718
2019-06-21,34.32,35.12,34.32,35.11,3565798.0,133669895.0,75790510.0,0.04704808029395765
2019-06-24,35.56,36.21,35.54,36.05,4756520.0,183562341.0,75790510.0,0.06275878074972711
2019-06-25,35.77,35.77,35.04,35.47,2692714.0,102409757.0,75790510.0,0.03552837947653341
2019-06-26,35.62,36.38,35.41,35.51,2991127.0,115516827.0,75790510.0,0.039465719388878634
2019-06-27,35.77,36.05,35.44,35.63,2982500.0,114594396.0,75790510.0,0.03935189247308139
2019-06-28,35.61,35.64,34.4,34.85,2403965.0,90323759.0,75790510.0,0.03171854893178579
2019-07-01,35.71,35.92,35.51,35.78,3673265.0,141362307.0,75790510.0,0.048466028266599605
2019-07-02,35.79,36.03,35.46,35.57,2718291.0,104489032.0,75790510.0,0.03586584916765965
2019-07-03,35.56,35.56,34.89,35.05,1948339.0,73595653.0,75790510.0,0.02570689918830207
2019-07-04,35.01,35.23,34.47,34.51,1746130.0,65254235.0,75790510.0,0.023038900252815294
2019-07-05,34.55,34.82,34.42,34.77,1294336.0,48253592.0,75790510.0,0.01707781092909917
2019-07-08,34.71,34.71,33.14,33.14,2940800.0,106203779.0,75790510.0,0.03880169166297997
2019-07-09,33.04,33.31,32.66,33.12,1394940.0,49592398.0,75790510.0,0.01840520666769494
2019-07-10,33.24,33.36,32.91,33.01,934800.0,33314903.0,75790510.0,0.012333998016374345
2019-07-11,33.12,33.34,32.71,32.78,1147801.0,40819203.0,75790510.0,0.015144389449285933
2019-07-12,32.64,33.01,32.52,32.85,1014603.0,35798026.0,75790510.0,0.013386939868856931
2019-07-15,32.71,33.41,32.54,33.37,1529644.0,54405012.0,75790510.0,0.020182526809754943
2019-07-16,33.34,33.8,33.17,33.65,1369804.0,49465225.0,75790510.0,0.018073555647006464
2019-07-17,33.64,33.87,33.37,33.46,1380902.0,50001778.0,75790510.0,0.018219985589224826
2019-07-18,33.45,33.45,32.6,32.61,1426300.0,50313149.0,75790510.0,0.01881897878771366
2019-07-19,32.71,32.98,32.18,32.2,1844665.0,64530578.0,75790510.0,0.02433899705913049
2019-07-22,32.34,32.36,31.07,31.09,2463864.0,83250099.0,75790510.0,0.03250887215299118
2019-07-23,30.97,31.92,30.97,31.92,1482841.0,50152759.0,75790510.0,0.01956499567030226
2019-07-24,31.93,32.8,31.92,32.5,2238223.0,78431751.0,75790510.0,0.029531705222725115
2019-07-25,32.39,32.77,32.37,32.74,1485668.0,52219242.0,75790510.0,0.019602295854718486
2019-07-26,32.75,32.83,32.33,32.79,1230408.0,42891174.0,75790510.0,0.01623432801811203
2019-07-29,32.75,33.12,32.36,32.5,1351607.0,47225466.0,75790510.0,0.017833459624430552
2019-07-30,32.53,32.93,32.53,32.58,1289680.0,45110744.0,75790510.0,0.01701637843576986
2019-07-31,32.46,32.96,32.25,32.61,1322894.0,46286984.0,75790510.0,0.017454612721302443
2019-08-01,32.43,32.83,32.16,32.67,1627012.0,56651392.0,106573510.0,0.015266570463898581
2019-08-02,32.1,32.1,31.44,31.71,2168508.0,73342308.0,106573510.0,0.020347532890677995
2019-08-05,31.48,32.19,31.44,31.5,1559912.0,53050941.0,106573510.0,0.014636958095872041
2019-08-06,30.88,30.88,29.46,30.03,2777865.0,89434260.0,106573510.0,0.026065248296692115
2019-08-07,30.13,30.42,29.85,30.04,1332065.0,42819550.0,106573510.0,0.012499025320644877
2019-08-08,30.06,30.35,30.01,30.12,1013300.0,32685412.0,106573510.0,0.009507991244728639
2019-08-09,30.32,30.49,29.62,29.65,1313400.0,42042262.0,106573510.0,0.012323887990552248
2019-08-12,29.77,30.21,29.55,30.2,1236336.0,39394135.0,106573510.0,0.011600781469991934
2019-08-13,29.86,30.18,29.67,29.85,889810.0,28420700.0,106573510.0,0.00834926052449619
2019-08-14,30.42,30.55,29.91,29.96,1394845.0,44937558.0,106573510.0,0.013088102287332003
2019-08-15,29.23,29.95,29.01,29.85,1611360.0,50779065.0,106573510.0,0.015119704699601243
2019-08-16,29.88,30.5,29.88,30.16,1751558.0,56575659.0,106573510.0,0.016435209837791773
2019-08-19,30.58,31.19,30.27,31.06,2550165.0,83881979.0,106573510.0,0.02392869485109386
2019-08-20,31.09,32.84,30.89,32.07,4725694.0,162041047.0,106573510.0,0.04434210715214316
2019-08-21,31.83,32.02,31.45,31.62,2264617.0,76590341.0,106573510.0,0.021249342355337646
2019-08-22,31.73,31.76,31.23,31.45,1909097.0,64037863.0,106573510.0,0.017913428956219984
2019-08-23,31.45,31.7,31.08,31.19,1409208.0,47146873.0,106573510.0,0.013222873113590798
2019-08-26,30.43,30.65,30.34,30.43,1686756.0,54948327.0,106573510.0,0.015827160051311063
2019-08-27,30.54,31.33,30.51,31.13,1826300.0,60669429.0,106573510.0,0.017136528580132156
2019-08-28,30.82,30.82,30.42,30.58,1810189.0,59133598.0,106573510.0,0.016985355929442503
2019-08-29,30.65,30.79,30.24,30.28,1645679.0,53622945.0,106573510.0,0.015441726560380717
2019-08-30,30.38,30.65,29.67,29.74,1795506.0,57896257.0,106573510.0,0.01684758248086227
2019-09-02,29.94,31.07,29.78,31.03,3217514.0,105481457.0,106573510.0,0.03019056048731059
2019-09-03,31.09,32.29,31.09,32.11,4815681.0,164281606.0,106573510.0,0.04518647269851579
2019-09-04,32.0,32.38,31.73,32.36,3750275.0,128656735.0,106573510.0,0.0351895607079095
2019-09-05,33.97,34.83,32.75,32.9,8195826.0,296414262.0,106573510.0,0.07690303153194447
2019-09-06,33.66,34.52,33.4,33.94,6990609.0,254092733.0,106573510.0,0.06559424569951763
2019-09-09,34.16,34.83,33.75,34.76,6048053.0,223079799.0,106573510.0,0.05675005918450091
2019-09-10,34.98,35.09,33.87,34.03,4056000.0,148360320.0,106573510.0,0.038058237924227134
2019-09-11,34.26,34.37,33.5,33.53,2982255.0,107703293.0,106573510.0,0.027983079472563115
2019-09-12,33.71,34.02,33.49,33.69,2448822.0,88180320.0,106573510.0,0.022977773745089188
2019-09-16,33.83,33.93,33.36,33.6,2233996.0,80519258.0,106573510.0,0.02096201954876029
2019-09-17,33.68,33.72,32.29,32.79,3483387.0,122310521.0,106573510.0,0.03268529862627214
2019-09-18,32.78,32.9,32.57,32.73,1612907.0,56451204.0,106573510.0,0.015134220501886444
2019-09-19,32.78,33.49,32.47,33.48,3212279.0,113996173.0,106573510.0,0.030141439462770814
2019-09-20,33.86,34.3,33.53,33.93,3508574.0,127257530.0,106573510.0,0.03292163315255357
2019-09-23,33.92,33.92,32.8,33.13,2517058.0,88918723.0,106573510.0,0.02361804542235683
2019-09-24,33.08,33.63,33.04,33.19,2247635.0,80140335.0,106573510.0,0.02108999694201683
2019-09-25,33.04,33.36,32.33,32.37,2585059.0,90210608.0,106573510.0,0.024256112048857168
2019-09-26,32.37,32.84,31.34,31.37,2466701.0,84295272.0,106573510.0,0.023145535884104784
2019-09-27,31.41,31.82,31.21,31.34,1719400.0,57874456.0,106573510.0,0.01613346506087676
2019-09-30,31.34,31.57,30.87,30.89,1354400.0,44941026.0,106573510.0,0.012708598975486497
2019-10-08,31.26,31.63,30.94,31.34,1650276.0,55264940.0,106573510.0,0.015484861106667126
2019-10-09,31.16,31.29,30.71,31.05,1339676.0,44348608.0,106573510.0,0.01257044081592133
2019-10-10,31.07,31.6,31.07,31.51,1655702.0,55541240.0,106573510.0,0.015535774321405009
2019-10-11,31.49,31.77,31.28,31.56,1402603.0,47280319.0,106573510.0,0.013160897112237365
2019-10-14,31.83,32.37,31.83,32.13,1905115.0,65484741.0,106573510.0,0.01787606507470759
2019-10-15,32.11,32.11,31.36,31.36,1509005.0,50886220.0,106573510.0,0.014159287800505023
2019-10-16,31.54,31.72,30.89,30.97,1270359.0,42362701.0,106573510.0,0.011920025905124079
2019-10-17,31.35,31.35,30.89,30.94,737157.0,24445986.0,106573510.0,0.0069168876956384375
2019-10-18,30.94,31.33,30.7,30.7,1089764.0,36084490.0,106573510.0,0.010225467848436257
2019-10-21,30.36,30.6,29.83,30.18,876893.0,28237835.0,106573510.0,0.008228057797852394
2019-10-22,30.23,30.63,30.23,30.52,981030.0,31919402.0,106573510.0,0.009205195550001122
2019-10-23,30.46,31.96,30.42,31.35,2310834.0,77329931.0,106573510.0,0.021683005467306088
2019-10-24,31.06,31.35,30.7,30.81,1348470.0,44524845.0,106573510.0,0.012652956630592349
2019-10-25,30.79,31.01,30.47,30.88,939508.0,30873689.0,106573510.0,0.008815586537405027
2019-10-28,31.03,31.46,30.99,31.35,1501609.0,50136751.0,106573510.0,0.014089889692100786
2019-10-29,31.25,31.42,30.79,30.79,1180100.0,39157191.0,106573510.0,0.011073108129778216
2019-10-30,30.65,31.02,30.23,30.26,1090549.0,35582519.0,106573510.0,0.010232833656318536
2019-10-31,30.13,31.05,30.13,30.31,1307426.0,42825753.0,106573510.0,0.012267832785088903
2019-11-01,30.75,30.85,30.18,30.73,1132229.0,37066137.0,106573510.0,0.01062392521368584
2019-11-04,30.78,31.49,30.74,31.23,1884591.0,62925320.0,106573510.0,0.017683484385566356
2019-11-05,31.04,31.39,30.92,31.25,1489313.0,49599092.0,106573510.0,0.013974513929399529
2019-11-06,31.26,31.4,30.58,30.64,1335883.0,44057542.0,106573510.0,0.012534850358217534
2019-11-07,30.54,30.84,30.51,30.65,828700.0,27152660.0,106573510.0,0.00777585349304907
2019-11-08,30.72,31.01,30.59,30.7,912770.0,30031743.0,106573510.0,0.008564698676059369
2019-11-11,30.42,30.74,29.86,29.96,1269323.0,40926572.0,106573510.0,0.011910304915358423
2019-11-12,30.01,30.13,29.51,29.82,969281.0,30771050.0,106573510.0,0.009094952394830573
2019-11-13,29.75,29.83,29.39,29.49,938173.0,29549914.0,106573510.0,0.008803059972407778
2019-11-14,29.46,29.91,29.29,29.89,899148.0,28576780.0,106573510.0,0.008436880797113654
2019-11-15,29.89,29.97,29.4,29.47,847730.0,26877063.0,106573510.0,0.007954415689227088
2019-11-18,29.39,29.78,29.39,29.62,612070.0,19395673.0,106573510.0,0.005743172013383063
2019-11-19,29.74,30.15,29.64,30.13,1256594.0,40223975.0,106573510.0,0.01179086622932847
2019-11-20,30.23,30.3,29.85,29.85,794677.0,25506165.0,106573510.0,0.007456609057916925
2019-11-21,29.72,29.93,29.59,29.68,674870.0,21447515.0,106573510.0,0.006332436643965278
2019-11-22,29.62,30.32,29.56,29.81,1099478.0,35116601.0,106573510.0,0.010316616202281411
2019-11-25,29.85,30.22,29.76,29.99,856034.0,27384006.0,106573510.0,0.008032333738468405
2019-11-26,29.95,30.1,29.76,29.81,645684.0,20597142.0,106573510.0,0.00605857872186062
2019-11-27,29.81,29.85,29.25,29.29,1302563.0,41141605.0,106573510.0,0.0122222023089978
2019-11-28,29.29,29.48,29.21,29.25,790918.0,24768844.0,106573510.0,0.007421337628834783
2019-11-29,29.2,29.49,29.16,29.46,700735.0,21918853.0,106573510.0,0.006575132976290262
2019-12-02,29.46,29.67,29.18,29.25,658906.0,20686560.0,106573510.0,0.006182643322904538
2019-12-03,29.2,29.2,28.81,28.98,1166238.0,36065255.0,106573510.0,0.010943038284091423
2019-12-04,28.92,29.17,28.83,29.11,748023.0,23213407.0,106573510.0,0.007018845489840768
2019-12-05,29.07,29.46,29.06,29.4,1316416.0,41242610.0,106573510.0,0.012352187705931803
2019-12-06,29.54,30.3,29.38,30.03,2436267.0,77989258.0,106573510.0,0.02285996773494652
2019-12-09,30.13,30.13,29.77,29.83,1465690.0,46803979.0,106573510.0,0.01375285471971412
2019-12-10,29.72,30.47,29.72,30.36,2825210.0,91091895.0,106573510.0,0.026509495652343628
2019-12-11,30.22,30.47,30.0,30.05,1624128.0,52310177.0,106573510.0,0.01523950933022662
2019-12-12,30.05,30.35,29.99,30.06,1523630.0,49091196.0,106573510.0,0.014296517023789495
2019-12-13,30.32,30.36,30.08,30.19,1926283.0,62163865.0,106573510.0,0.018074688541270714
2019-12-16,30.29,30.75,30.26,30.67,2715560.0,88795280.0,106573510.0,0.025480628347513374
2019-12-17,30.7,31.48,30.68,31.14,3185183.0,106124186.0,106573510.0,0.02988719241770305
2019-12-18,31.07,31.44,30.85,30.9,2689524.0,89343369.0,106573510.0,0.025236327488885373
2019-12-19,30.88,31.07,30.73,30.82,1978221.0,65175131.0,106573510.0,0.01856203291042962
2019-12-20,30.86,30.91,30.42,30.42,1744673.0,57075386.0,106573510.0,0.016370606541907085
2019-12-23,30.48,30.61,30.0,30.02,2027900.0,65621212.0,106573510.0,0.01902818064263812
2019-12-24,30.14,30.25,29.96,30.2,1377848.0,44331952.0,106573510.0,0.01292861612608987
2019-12-25,30.21,30.4,29.99,30.16,1539257.0,49667450.0,106573510.0,0.01444314820821797
2019-12-26,30.09,30.36,30.05,30.28,1505760.0,48637982.0,106573510.0,0.01412883933352669
2019-12-27,30.32,30.86,30.3,30.58,3204416.0,104976141.0,106573510.0,0.03006765940241623
2019-12-30,30.68,31.12,30.4,31.11,3650506.0,120459414.0,106573510.0,0.0342534087504484
2019-12-31,31.11,31.38,30.71,30.91,2281066.0,75590317.0,106573510.0,0.021403686525854313
2020-01-02,31.19,31.49,30.94,31.47,3004743.0,100480900.0,106573510.0,0.028194088756202173
2020-01-03,31.48,31.52,31.13,31.26,2248477.0,75157612.0,106573510.0,0.021097897592000113
2020-01-06,31.02,31.45,30.88,31.19,2720632.0,90655895.0,106573510.0,0.025528219911308166
2020-01-07,31.18,31.75,31.06,31.73,3645715.0,122572148.0,106573510.0,0.034208453864379616
2020-01-08,32.19,33.14,32.16,32.21,7785408.0,271884469.0,106573510.0,0.07305199950719461
2020-01-09,32.83,33.65,32.38,33.53,7303268.0,258074582.0,106573510.0,0.06852798598826294
2020-01-10,33.34,33.63,33.09,33.19,4241522.0,150941820.0,106573510.0,0.03979902698147035
2020-01-13,32.87,33.04,32.35,32.8,4491313.0,156709070.0,106573510.0,0.042142864582390124
2020-01-14,32.75,32.75,32.38,32.39,3521541.0,122389854.0,106573510.0,0.0330433050389351
2020-01-15,32.45,32.7,32.29,32.7,2732946.0,95031599.0,106573510.0,0.025643764571515005
2020-01-16,32.66,32.99,32.47,32.48,3182979.0,111403059.0,106573510.0,0.029866511856464144
2020-01-17,32.43,32.67,31.95,32.13,3022959.0,104086543.0,106573510.0,0.028365013031850034
2020-01-20,32.08,33.16,32.01,33.04,3849748.0,134905988.0,106573510.0,0.036122935239723264
2020-01-21,32.84,33.35,32.44,32.47,2888757.0,101094855.0,106573510.0,0.027105769529407447
2020-01-22,32.13,32.52,31.78,32.38,3158463.0,108666325.0,106573510.0,0.02963647345386297
2020-01-23,31.82,32.02,29.95,30.77,4152549.0,139294589.0,106573510.0,0.03896417599457876
2020-02-03,27.69,27.69,27.69,27.69,724800.0,21446832.0,106573510.0,0.006800939558057157
2020-02-04,24.92,27.42,24.92,26.83,5279943.0,149524678.0,106573510.0,0.049542733461626624
2020-02-05,27.05,27.97,26.92,27.18,3854865.0,112890948.0,106573510.0,0.03617094904728201
2020-02-06,27.18,27.86,26.72,27.46,2941595.0,86168316.0,106573510.0,0.027601558773845396
2020-02-07,27.32,28.26,27.12,28.26,3388676.0,100199985.0,106573510.0,0.03179660686787927
2020-02-10,28.03,28.75,27.71,28.5,3011977.0,91251206.0,106573510.0,0.028261966787056184
2020-02-11,28.5,28.99,28.32,28.46,2494479.0,75948611.0,106573510.0,0.023406182267995113
2020-02-12,28.5,28.96,28.29,28.9,3020488.0,92421498.0,106573510.0,0.02834182715761168
2020-02-13,28.73,29.83,28.64,29.02,3527200.0,110634635.0,106573510.0,0.03309640453805078
2020-02-14,29.0,29.58,28.77,28.96,2931154.0,91313202.0,106573510.0,0.027503588837413724
2020-02-17,29.13,29.91,28.99,29.87,3719346.0,117531463.0,106573510.0,0.034899347877347754
2020-02-18,29.96,30.3,29.58,30.1,3490724.0,111681487.0,106573510.0,0.03275414312618586
2020-02-19,30.1,30.32,29.81,29.85,3478534.0,111731646.0,106573510.0,0.032639761982128576
2020-02-20,29.91,30.19,29.48,30.13,3403388.0,108844841.0,106573510.0,0.03193465242910738
2020-02-21,30.09,31.26,29.78,30.67,4069821.0,133728129.0,106573510.0,0.038187923058929
2020-02-24,30.88,33.68,30.84,33.55,10950865.0,383598490.0,106573510.0,0.10275409902517052
2020-02-25,32.73,34.65,31.97,34.63,13756102.0,495496809.0,106573510.0,0.12907618412868263
2020-02-26,33.69,35.84,33.69,33.94,11690496.0,433735397.0,106573510.0,0.10969420074463157
2020-02-27,34.24,34.91,33.25,33.6,6196400.0,224060808.0,106573510.0,0.058142027976745815
2020-02-28,32.19,33.01,31.07,31.25,6149500.0,210697415.0,106573510.0,0.05770195614276005
2020-03-02,31.78,34.08,31.63,33.7,8222137.0,290010165.0,106573510.0,0.07714991276912997
2020-03-03,34.93,36.27,34.03,34.53,12480409.0,467899147.0,106573510.0,0.11710610826273808
2020-03-04,34.16,35.2,33.69,34.59,6827886.0,251556938.0,106573510.0,0.06406738409948214
2020-03-05,35.66,36.12,34.61,34.89,8018881.0,301649701.0,106573510.0,0.07524272213611057
2020-03-06,34.53,34.81,33.95,33.99,5152333.0,188531746.0,106573510.0,0.04834534397900567
2020-03-09,33.06,35.26,33.04,34.07,7846784.0,288258882.0,106573510.0,0.07362790246844643
2020-03-10,33.68,37.48,32.83,37.48,12389081.0,470843295.0,106573510.0,0.11624915985219966
2020-03-11,39.49,41.15,37.45,37.61,22481830.0,947829747.0,106573510.0,0.2109513893274229
2020-03-12,36.39,39.49,36.39,39.47,15436631.0,629210025.0,106573510.0,0.14484491502625746
2020-03-13,36.99,39.77,36.99,39.0,14388939.0,595314175.0,106573510.0,0.13501421694753227
2020-03-16,39.23,39.29,35.11,35.56,13105143.0,521040838.0,106573510.0,0.12296810905449206
2020-03-17,37.43,37.76,35.09,36.98,10048839.0,392929393.0,106573510.0,0.09429021339355342
2020-03-18,36.98,37.37,34.63,34.73,11426574.0,441578542.0,106573510.0,0.10721776921863604
2020-03-19,34.25,36.48,33.69,35.64,10214461.0,380801426.0,106573510.0,0.09584427687518221
2020-03-20,35.56,36.2,34.74,35.09,6480631.0,244550632.0,106573510.0,0.06080902280501036
2020-03-23,33.8,35.83,33.7,34.17,7183578.0,268685855.0,106573510.0,0.06740491140809757
2020-03-24,35.09,35.35,32.75,34.43,7802331.0,285552402.0,106573510.0,0.07321079131202492
2020-03-25,35.13,35.27,34.36,34.61,5876396.0,218362704.0,106573510.0,0.05513936812252876
2020-03-26,34.15,34.33,32.94,33.02,6304170.0,226175553.0,106573510.0,0.05915325487543762
2020-03-27,33.48,33.63,32.51,32.55,4731829.0,166670748.0,106573510.0,0.04439967305196198
2020-03-30,31.82,31.82,30.32,30.58,4979518.0,164325845.0,106573510.0,0.04672378717750781
2020-03-31,30.88,31.15,29.63,29.72,4874914.0,157680790.0,106573510.0,0.04574226747340873
2020-04-01,29.56,30.17,29.03,29.27,4090205.0,129701014.0,106573510.0,0.0383791901008046
2020-04-02,29.36,30.47,29.11,30.4,4280819.0,136554165.0,106573510.0,0.0401677583857377
2020-04-03,30.02,30.29,29.48,29.84,3258306.0,103936580.0,106573510.0,0.030573319767735904
2020-04-07,30.36,30.56,30.0,30.55,4476359.0,145371673.0,106573510.0,0.042002548288031426
2020-04-08,30.51,31.68,30.24,30.98,5346542.0,177268809.0,106573510.0,0.050167644849081164
2020-04-09,31.3,31.94,30.93,31.19,3846870.0,128708224.0,106573510.0,0.036095930405219835
2020-04-10,31.35,31.44,29.79,30.23,3236315.0,105417285.0,106573510.0,0.030366973931889828
2020-04-13,29.95,29.97,29.36,29.43,2399911.0,75797490.0,106573510.0,0.022518832306452137
2020-04-14,29.73,30.79,29.5,30.44,3357683.0,107849139.0,106573510.0,0.03150579351285324
2020-04-15,30.32,30.85,30.06,30.13,2511251.0,81427729.0,106573510.0,0.023563557210417484
2020-04-16,29.98,30.29,29.55,30.05,2088767.0,66896475.0,106573510.0,0.019599307557759897
2020-04-17,30.23,30.74,30.0,30.02,3593202.0,116602876.0,106573510.0,0.03371571415823688
2020-04-20,30.19,30.79,30.13,30.71,2856091.0,93152948.0,106573510.0,0.026799258089557153
2020-04-21,30.32,30.95,30.27,30.81,3043368.0,99609885.0,106573510.0,0.0285565146535945
2020-04-22,30.49,30.75,30.26,30.6,2465173.0,80225700.0,106573510.0,0.023131198362519916
2020-04-23,30.62,30.71,29.76,29.78,3171249.0,101925687.0,106573510.0,0.02975644698199393
2020-04-24,29.81,30.29,29.26,29.53,2551664.0,81044449.0,106573510.0,0.023942760260030848
2020-04-27,29.55,30.11,29.29,29.67,2029383.0,64399160.0,106573510.0,0.019042095920459034
2020-04-28,29.7,29.7,27.57,28.73,3098283.0,94763295.0,106573510.0,0.02907179279353753
2020-04-29,28.29,28.73,28.02,28.38,1888614.0,57367107.0,106573510.0,0.017721232978063686
2020-04-30,28.54,29.74,28.08,29.55,3260703.0,101935344.0,106573510.0,0.030595811285562425
2020-05-06,29.36,30.04,29.06,30.04,3609225.0,113971483.0,106573510.0,0.03386606108778814
2020-05-07,30.33,30.87,29.96,29.98,3854687.0,124972078.0,106573510.0,0.03616927883861571
2020-05-08,30.36,30.68,29.96,30.3,3480035.0,112915499.0,106573510.0,0.03265384615745508
2020-05-11,30.38,31.21,30.32,30.63,4887472.0,160864004.0,106573510.0,0.04586010163313566
2020-05-12,30.6,30.82,29.81,30.4,2947705.0,95185606.0,106573510.0,0.027658890093795352
2020-05-13,30.18,30.51,30.0,30.13,1802467.0,58107843.0,106573510.0,0.016912898899548303
2020-05-14,29.95,30.25,29.62,29.65,2022410.0,64511785.0,106573510.0,0.018976666903435947
2020-05-15,29.63,30.13,29.42,29.56,2298249.0,72874112.0,106573510.0,0.021564917961320783
2020-05-18,29.57,29.81,28.81,29.16,2770154.0,86632448.0,106573510.0,0.025992894481940212
2020-05-19,29.45,29.55,29.01,29.25,1708759.0,53449800.0,106573510.0,0.01603361848549419
2020-05-20,29.26,29.83,28.84,29.46,2625279.0,82167713.0,106573510.0,0.024633504141882912
2020-05-21,29.46,29.93,29.18,29.45,2464434.0,77749388.0,106573510.0,0.023124264181596348
2020-05-22,29.36,29.77,28.78,28.81,2275928.0,70995301.0,106573510.0,0.021355475671205725
2020-05-25,28.58,28.58,27.05,27.42,3588856.0,106032953.0,106573510.0,0.03367493479383385
2020-05-26,27.47,27.8,27.47,27.63,1793658.0,52902158.0,106573510.0,0.016830242336955965
2020-05-27,27.73,27.85,27.55,27.74,1428806.0,42232430.0,106573510.0,0.013406764964389369
2020-05-28,27.61,28.03,27.42,27.87,1589378.0,47155283.0,106573510.0,0.014913443312507959
2020-05-29,27.56,27.98,27.56,27.82,1401847.0,41592525.0,106573510.0,0.013153803417002969
2020-06-01,27.84,28.57,27.83,28.43,2492299.0,75497142.0,106573510.0,0.02338572690343032
2020-06-02,28.5,28.92,28.26,28.81,1880030.0,57557016.0,106573510.0,0.01764068763429111
2020-06-03,28.89,29.3,28.49,28.71,2681207.0,82731049.0,106573510.0,0.025158287458112244
2020-06-04,28.71,28.87,28.24,28.26,1656300.0,50376502.0,106573510.0,0.015541385471868197
2020-06-05,28.66,29.18,28.37,28.63,2121755.0,65160940.0,106573510.0,0.019908840386321142
2020-06-08,28.82,29.16,28.5,28.54,1595500.0,49092618.0,106573510.0,0.01497088723079497
2020-06-09,28.74,28.76,28.34,28.55,1119191.0,34119782.0,106573510.0,0.010501587120476748
2020-06-10,28.64,28.64,28.08,28.28,1429218.0,43135005.0,106573510.0,0.01341063084062822
2020-06-11,28.5,28.69,28.14,28.31,1691433.0,51356324.0,106573510.0,0.01587104525317783
2020-06-12,27.88,28.8,27.49,28.67,2775883.0,83921227.0,106573510.0,0.02604665080468871
2020-06-15,28.44,29.01,28.36,28.81,2372572.0,72994276.0,106573510.0,0.02226230514505903
2020-06-16,28.9,29.26,28.9,29.15,1895054.0,59009653.0,106573510.0,0.017781660752282626
2020-06-17,29.26,29.35,28.71,28.87,1779507.0,54972281.0,106573510.0,0.016697460747985123
2020-06-18,28.87,29.4,28.67,29.18,2244443.0,69771401.0,106573510.0,0.021060045784360486
2020-06-19,29.29,29.42,29.08,29.23,1960387.0,61230944.0,106573510.0,0.018394693015177974
2020-06-22,29.02,29.51,28.97,29.01,2194288.0,68329575.0,106573510.0,0.020589431651448845
2020-06-23,29.08,29.11,28.1,28.64,1530701.0,46919322.0,106573510.0,0.014362865593898521
2020-06-24,28.68,29.95,28.65,29.39,4229783.0,133474030.0,106573510.0,0.03968887765824734
2020-06-29,29.35,29.35,28.33,28.66,2491982.0,76576355.0,106573510.0,0.023382752430693144
2020-06-30,28.81,29.2,28.69,28.83,1661305.0,51375578.0,106573510.0,0.015588348361614438
2020-07-01,28.91,28.99,28.46,28.67,1826762.0,55895001.0,106573510.0,0.01714086361610873
2020-07-02,28.68,29.13,28.5,29.07,2634517.0,81394822.0,106573510.0,0.024720186095024927
2020-07-03,29.07,29.53,29.07,29.52,3230601.0,101212200.0,106573510.0,0.030313358357062652
2020-07-06,29.9,30.87,29.89,30.69,5411069.0,175772767.0,106573510.0,0.05077311425700439
2020-07-07,30.89,31.78,30.74,30.97,5777657.0,193180116.0,106573510.0,0.05421288085566479
2020-07-08,30.88,31.4,30.68,31.31,4463502.0,148382093.0,106573510.0,0.041881908553072895
2020-07-09,31.36,33.04,31.31,32.25,6717677.0,230292396.0,106573510.0,0.06303327158878412
2020-07-10,31.82,32.43,31.41,31.52,4642509.0,158080210.0,106573510.0,0.04356156609649058
2020-07-13,31.73,32.57,31.54,32.45,5059263.0,174286099.0,106573510.0,0.04747205004320492
2020-07-14,32.94,33.49,31.63,32.17,6268609.0,218451583.0,106573510.0,0.058819579086773065
2020-07-15,32.29,32.46,30.75,30.79,5131341.0,171590762.0,106573510.0,0.04814837195471933
2020-07-16,30.72,31.15,29.71,29.72,3662567.0,118880802.0,106573510.0,0.03436657946238235
2020-07-17,29.62,30.13,29.6,29.95,2467829.0,78798247.0,106573510.0,0.023156120127787852
2020-07-20,30.27,30.42,29.76,30.41,2368804.0,76372646.0,106573510.0,0.022226949267224096
2020-07-21,30.42,30.56,29.93,30.11,2315716.0,74744781.0,106573510.0,0.021728814224097528
2020-07-22,30.18,31.3,29.98,30.71,4120426.0,135505606.0,106573510.0,0.03866275962948016
2020-07-23,30.6,30.6,29.62,30.0,3693561.0,118506431.0,106573510.0,0.034657402200603135
2020-07-24,29.9,30.29,28.68,28.91,3067656.0,96545414.0,106573510.0,0.02878441368779165
2020-07-27,28.9,29.14,28.45,28.94,1573429.0,48482996.0,106573510.0,0.014763790739368536
2020-07-28,29.17,29.53,28.94,29.16,1294622.0,40416621.0,106573510.0,0.012147690359452363
2020-07-29,29.15,29.69,28.86,29.61,1707680.0,53634874.0,106573510.0,0.016023494018354092
2020-07-30,29.63,29.97,29.24,29.25,1544330.0,48673578.0,106573510.0,0.014490749155207518
2020-07-31,29.34,29.64,29.01,29.25,1837886.0,57546484.0,106573510.0,0.01724524227455772
2020-08-03,29.46,29.93,29.25,29.92,2717489.0,86329976.0,106573510.0,0.025498728530194793
2020-08-04,29.95,30.02,29.38,29.51,2178407.0,68863262.0,106573510.0,0.020440417135552728
2020-08-05,29.54,29.67,29.25,29.51,1943678.0,61222229.0,106573510.0,0.018237909214025138
2020-08-06,29.39,29.49,28.82,29.11,2332536.0,72496031.0,106573510.0,0.021886639559868113
2020-08-07,29.15,29.2,28.23,28.39,2722436.0,83131500.0,106573510.0,0.025545147194645273
2020-08-10,28.36,29.16,28.36,28.9,1898219.0,58704483.0,106573510.0,0.017811358563680598
2020-08-11,28.79,29.19,28.59,28.89,2182433.0,67340487.0,106573510.0,0.02047819387763432
2020-08-12,28.89,29.23,28.46,29.23,1856678.0,57155952.0,106573510.0,0.01742157127038417
2020-08-13,29.24,29.63,29.24,29.48,1953586.0,61511886.0,106573510.0,0.01833087790765266
2020-08-14,29.96,29.96,29.13,29.22,1550604.0,48051830.0,106573510.0,0.014549619319097212
2020-08-17,29.29,29.61,29.02,29.46,1791011.0,55620873.0,106573510.0,0.01680540502044082
2020-08-18,29.36,29.72,29.36,29.59,1636854.0,51201584.0,106573510.0,0.015358919866672309
2020-08-19,29.52,29.59,28.96,29.07,1811600.0,55903366.0,106573510.0,0.016998595617241093
2020-08-20,28.94,29.27,28.81,29.07,1463817.0,44997917.0,106573510.0,0.013735279995938954
2020-08-21,29.1,29.35,29.02,29.17,1093676.0,33722364.0,106573510.0,0.010262174906315837
2020-08-24,29.23,29.39,28.99,29.36,1299211.0,40204568.0,106573510.0,0.012190749840180735
2020-08-25,29.36,29.56,29.21,29.35,914200.0,28357039.0,106573510.0,0.008578116644558296
2020-08-26,29.35,29.35,28.83,28.86,1271367.0,39061853.0,106573510.0,0.011929484165436608
2020-08-27,28.86,29.23,28.57,29.17,1002200.0,30803228.0,106573510.0,0.009403837782953757
2020-08-28,29.23,29.23,28.73,29.18,1225542.0,37630561.0,106573510.0,0.011499499265811926
2020-08-31,29.78,30.5,29.78,30.04,3707458.0,118299136.0,106573510.0,0.03478780045810633
2020-09-01,30.21,30.52,29.85,30.28,2147706.0,68699672.0,106573510.0,0.020152343673395013
2020-09-02,30.39,30.65,30.02,30.09,1739399.0,55692702.0,106573510.0,0.016321119572771884
2020-09-03,30.09,30.23,29.63,29.78,1444351.0,45600599.0,106573510.0,0.013552626726847976
2020-09-04,29.31,29.75,29.23,29.59,1439993.0,44946210.0,106573510.0,0.01351173476410789
2020-09-07,29.69,30.02,29.43,29.51,1502041.0,47215057.0,106573510.0,0.014093943232234727
2020-09-08,29.73,29.76,29.21,29.64,1308605.0,40843553.0,106573510.0,0.012278895571704451
2020-09-09,29.33,29.66,28.9,29.42,1852506.0,57485393.0,106573510.0,0.017382424581868422
2020-09-10,29.59,29.64,28.8,28.84,1713400.0,52814483.0,106573510.0,0.016077165892349796
2020-09-11,28.58,29.12,28.55,28.92,1130655.0,34525228.0,106573510.0,0.010609156065142266
2020-09-14,28.94,29.4,28.77,29.14,959154.0,29521688.0,106573510.0,0.008999928781551814
2020-09-15,29.16,29.26,28.73,28.88,780142.0,23840906.0,106573510.0,0.007320224322160357
2020-09-16,28.83,29.06,28.75,28.81,622402.0,19005051.0,106573510.0,0.005840119181586494
2020-09-17,28.65,29.19,28.65,29.0,800548.0,24503955.0,106573510.0,0.0075116977943205585
2020-09-18,29.17,29.58,28.94,29.46,1304839.0,40513376.0,106573510.0,0.012243558460259027
2020-09-21,30.25,30.25,29.47,29.69,1279270.0,40210048.0,106573510.0,0.012003639553581373
2020-09-22,29.42,29.63,29.17,29.18,845000.0,26282833.0,106573510.0,0.00792879956754732
2020-09-23,29.32,29.49,28.99,29.06,622519.0,19182840.0,106573510.0,0.005841217015372769
2020-09-24,28.92,29.06,28.65,28.74,729284.0,22174232.0,106573510.0,0.006843013803336307
2020-09-25,28.72,28.93,28.48,28.82,638221.0,19351980.0,106573510.0,0.005988551939407832
2020-09-28,28.83,29.02,27.7,27.8,1414808.0,42289983.0,106573510.0,0.013275419004215963
2020-09-29,28.09,28.25,27.75,27.84,740900.0,21941385.0,106573510.0,0.0069520089936045085
2020-09-30,27.8,28.03,27.4,27.5,776582.0,22704874.0,106573510.0,0.007286820148834358
2020-10-09,27.84,28.34,27.84,28.12,866891.0,25854877.0,106573510.0,0.008134207083917945
2020-10-12,28.17,28.94,28.17,28.86,1192475.0,36189639.0,106573510.0,0.011189225164865077
2020-10-13,28.82,29.05,28.7,28.83,875539.0,26725223.0,106573510.0,0.008215352952154809
2020-10-14,28.83,28.96,28.48,28.6,726306.0,21988176.0,106573510.0,0.006815070649357425
2020-10-15,28.6,28.81,28.46,28.56,700603.0,21174171.0,106573510.0,0.006573894394582669
2020-10-16,28.38,28.65,28.0,28.2,837100.0,24967513.0,106573510.0,0.007854672328986819
2020-10-19,28.65,29.0,28.15,28.44,1212187.0,36603078.0,106573510.0,0.011374186699865662
2020-10-20,28.36,28.36,27.97,28.27,820223.0,24396201.0,106573510.0,0.007696312151115226
2020-10-21,28.17,28.34,27.79,28.01,724292.0,21417615.0,106573510.0,0.006796172895121874
2020-10-22,28.01,28.11,27.7,27.9,711708.0,20996806.0,106573510.0,0.006678094772331323
2020-10-23,27.9,28.31,27.9,27.96,608800.0,18092209.0,106573510.0,0.005712488966535868
2020-10-26,27.97,27.97,27.52,27.61,871171.0,25487304.0,106573510.0,0.00817436715746718
2020-10-27,27.56,27.74,27.48,27.66,528012.0,15419922.0,106573510.0,0.004954439428709817
2020-10-28,27.76,27.76,27.14,27.71,868286.0,25230316.0,106573510.0,0.008147296640600465
2020-10-29,27.53,27.69,27.33,27.61,574610.0,16724257.0,106573510.0,0.005391677537879723
2020-10-30,28.36,28.48,27.18,27.52,1107200.0,32431188.0,106573510.0,0.010389073232175612
2020-11-02,27.13,27.43,26.0,26.13,2045630.0,57359492.0,106573510.0,0.019194544685635296
2020-11-03,26.36,26.64,26.14,26.43,944293.0,26402682.0,106573510.0,0.00886048512430528
2020-11-04,26.37,26.63,26.05,26.2,1088779.0,30258094.0,106573510.0,0.010216225401603081
2020-11-05,26.38,27.3,26.1,27.2,1969189.0,55946385.0,106573510.0,0.01847728389540703
2020-11-06,27.26,27.65,27.13,27.3,1223315.0,35363017.0,106573510.0,0.011478602891093669
2020-11-09,27.42,28.11,27.42,27.67,1755260.0,51637821.0,106573510.0,0.01646994642477291
2020-11-10,27.96,27.96,27.13,27.23,1202200.0,34774028.0,106573510.0,0.01128047673385253
2020-11-11,27.18,27.23,26.74,26.8,834400.0,23701176.0,106573510.0,0.007829337703149685
2020-11-12,26.94,27.05,26.51,26.6,856600.0,24192184.0,106573510.0,0.00803764462669945
2020-11-13,26.57,26.57,26.28,26.49,813229.0,22710433.0,106573510.0,0.007630686087002295
2020-11-16,26.49,26.81,26.44,26.66,578712.0,16325773.0,106573510.0,0.005430167402762656
2020-11-17,26.74,26.89,26.61,26.87,721315.0,20406574.0,106573510.0,0.0067682391243377455
2020-11-18,26.75,27.1,26.72,26.87,755112.0,21478395.0,106573510.0,0.007085362957455375
2020-11-19,26.8,26.92,26.58,26.87,607692.0,17220115.0,106573510.0,0.005702092386747889
2020-11-20,26.87,27.09,26.85,27.06,764080.0,21803038.0,106573510.0,0.0071695114480136764
2020-11-23,27.07,27.34,26.94,27.16,1102111.0,31589970.0,106573510.0,0.010341322154069993
2020-11-24,27.18,27.59,27.07,27.55,1120024.0,32456956.0,106573510.0,0.010509403321707243
2020-11-25,27.55,28.03,27.27,27.52,1453202.0,42479259.0,106573510.0,0.013635677383620001
2020-11-26,27.48,28.12,27.43,27.94,1606696.0,47327117.0,106573510.0,0.015075941479266284
2020-11-27,28.09,28.09,27.25,27.64,1036071.0,30273639.0,106573510.0,0.009721655972483218
2020-11-30,27.98,28.03,27.19,27.19,1388847.0,40259728.0,106573510.0,0.013031821885194549
2020-12-01,27.19,27.49,27.11,27.32,924591.0,26782858.0,106573510.0,0.008675617421252241
2020-12-02,27.32,27.99,27.04,27.66,2106459.0,61155508.0,106573510.0,0.019765315039356402
2020-12-03,27.7,27.7,27.23,27.27,1137653.0,32909616.0,106573510.0,0.010674819662034214
2020-12-04,27.27,27.38,27.05,27.13,759069.0,21797783.0,106573510.0,0.0071224922590989075
2020-12-07,27.12,27.23,26.78,26.83,837000.0,23820914.0,106573510.0,0.007853734009511368
2020-12-08,26.85,26.99,26.75,26.88,619892.0,17612695.0,106573510.0,0.005816567362752714
2020-12-09,26.88,26.89,26.3,26.33,1220159.0,34219732.0,106573510.0,0.011448989528448486
2020-12-10,26.17,26.69,26.17,26.67,724529.0,20347200.0,106573510.0,0.006798396712278689
2020-12-11,26.64,27.19,26.35,26.84,1340400.0,37910612.0,106573510.0,0.012577234248923583
2020-12-14,26.9,27.07,26.58,26.75,670566.0,18984825.0,106573510.0,0.006292051373741937
2020-12-15,26.68,26.92,26.4,26.73,660381.0,18610888.0,106573510.0,0.0061964835351674165
2020-12-16,26.74,26.9,26.21,26.3,561465.0,15701948.0,106573510.0,0.0052683354428319
2020-12-17,26.19,26.49,25.86,26.45,885150.0,24579044.0,106573510.0,0.00830553483694025
2020-12-18,26.47,26.47,26.01,26.07,680436.0,18827159.0,106573510.0,0.006384663505968791
2020-12-21,26.33,26.45,26.01,26.4,794107.0,22107896.0,106573510.0,0.0074512606369068635
2020-12-22,26.28,26.39,25.86,25.94,982729.0,27071948.0,106573510.0,0.009221137597889006
2020-12-23,26.0,26.0,25.53,25.55,898402.0,24443226.0,106573510.0,0.008429880933826801
2020-12-24,25.53,25.58,25.05,25.07,1086400.0,28997678.0,106573510.0,0.010193902781282141
2020-12-25,25.07,25.42,24.78,25.24,684765.0,18218084.0,106573510.0,0.006425283356060995
2020-12-28,25.53,25.53,24.63,24.65,769443.0,20265726.0,106573510.0,0.007219833521482027
2020-12-29,24.72,26.06,24.68,25.87,1803934.0,49028165.0,106573510.0,0.016926664046253145
2020-12-30,25.86,25.87,25.43,25.51,819725.0,22183623.0,106573510.0,0.007691639320127488
2020-12-31,25.36,25.88,25.36,25.56,812554.0,22010383.0,106573510.0,0.007624352430543012
2021-01-04,25.57,25.9,25.41,25.83,1178826.0,31982105.0,106573510.0,0.01106115393966099
2021-01-05,25.71,25.71,25.34,25.44,1144829.0,30801267.0,106573510.0,0.010742153467592462
2021-01-06,25.46,25.48,24.86,24.97,1087012.0,28803167.0,106573510.0,0.01019964529647189
2021-01-07,24.96,24.96,24.63,24.67,1013545.0,26475125.0,106573510.0,0.00951029012744349
2021-01-08,24.67,25.24,24.65,25.02,955216.0,25313607.0,106573510.0,0.008962977760608616
2021-01-11,25.02,25.29,24.73,24.79,964780.0,25481514.0,106573510.0,0.009052718635240596
2021-01-12,24.79,25.34,24.74,24.93,817904.0,21579029.0,106573510.0,0.007674552522479554
2021-01-13,24.83,25.05,24.14,24.34,1497452.0,38626323.0,106573510.0,0.014050883751506354
2021-01-14,24.68,25.46,24.34,25.01,1508007.0,39767351.0,106573510.0,0.014149923372140038
2021-01-15,25.01,25.27,24.78,24.91,929200.0,24580798.0,106573510.0,0.008718864565875704
2021-01-18,24.91,25.24,24.58,24.97,882100.0,23304927.0,106573510.0,0.008276916092939042
2021-01-19,24.96,25.34,24.78,25.2,1149850.0,30554751.0,106573510.0,0.010789266488454777
2021-01-20,25.3,25.3,24.87,25.05,787790.0,20835032.0,106573510.0,0.007391986995642726
2021-01-21,25.05,25.08,24.78,24.92,765627.0,20184528.0,106573510.0,0.007184027250298878
2021-01-22,24.81,24.92,24.22,24.26,1425390.0,36770976.0,106573510.0,0.013374711971108018
2021-01-25,24.18,24.18,23.35,23.46,1664600.0,41726261.0,106573510.0,0.015619265988330496
2021-01-26,23.72,23.73,23.46,23.53,936600.0,23337626.0,106573510.0,0.00878830020705896
2021-01-27,23.54,23.99,23.46,23.61,763695.0,19131845.0,106573510.0,0.007165898918033196
2021-01-28,23.54,23.75,23.16,23.32,980166.0,24180326.0,106573510.0,0.00919708846973324
2021-01-29,23.18,23.41,21.98,22.33,1551029.0,37101823.0,106573510.0,0.014553607176867872
2021-02-01,22.2,22.66,21.95,22.26,1030980.0,24200386.0,106573510.0,0.00967388612798809
2021-02-02,22.36,22.41,21.52,21.61,1550000.0,35703580.0,106573510.0,0.014543951869465499
2021-02-03,21.52,21.72,20.8,21.15,1838301.0,41040523.0,106573510.0,0.017249136300380837
2021-02-04,21.15,21.16,20.48,20.82,1348100.0,29650555.0,106573510.0,0.012649484848533185
2021-02-05,21.04,21.61,20.53,20.53,1141100.0,25319606.0,106573510.0,0.010707163534352955
2021-02-08,20.53,20.94,20.42,20.45,886384.0,19344076.0,106573510.0,0.008317113699267294
2021-02-09,20.48,20.86,20.2,20.68,906968.0,19746470.0,106573510.0,0.008510257380093797
2021-02-10,20.68,20.83,20.48,20.82,1008900.0,22117411.0,106573510.0,0.009466705187808866
2021-02-18,20.99,21.45,20.86,21.34,1137730.0,25605434.0,106573510.0,0.010675542168030312
2021-02-19,21.41,22.01,21.18,21.94,1420000.0,32704773.0,106573510.0,0.013324136551381295
2021-02-22,21.98,22.59,21.98,22.11,1484400.0,34959858.0,106573510.0,0.0139284142935707
2021-02-23,22.02,22.25,21.68,21.86,770100.0,17858864.0,106573510.0,0.007225998280435729
2021-02-24,21.86,22.2,21.73,21.98,1001065.0,23282463.0,106573510.0,0.009393187856907405
2021-02-25,22.25,22.25,21.67,21.76,762132.0,17576084.0,106573510.0,0.007151232984631922
2021-02-26,21.54,23.92,21.52,23.36,3411661.0,82280467.0,106573510.0,0.032012279599311314
2021-03-01,23.63,23.64,23.13,23.3,1689901.0,41712365.0,106573510.0,0.015856670198813944
2021-03-02,23.45,23.45,22.77,22.92,1184500.0,28766088.0,106573510.0,0.011114394186697988
2021-03-03,22.87,23.15,22.57,23.02,1005018.0,24241511.0,106573510.0,0.00943027962577192
2021-03-04,23.07,23.09,22.5,22.58,989300.0,23783567.0,106573510.0,0.009282794570620785
2021-03-05,22.42,23.14,22.41,22.98,1252061.0,30363112.0,106573510.0,0.011748332207506349
2021-03-08,22.89,23.3,22.74,22.8,1026444.0,24971578.0,106573510.0,0.009631323956581705
2021-03-09,22.8,23.35,22.39,22.94,1543928.0,37399264.0,106573510.0,0.014486977110916212
2021-03-10,22.94,23.14,22.43,22.59,838100.0,20103244.0,106573510.0,0.007864055523741312
2021-03-11,22.43,22.65,22.32,22.59,764310.0,18190975.0,106573510.0,0.00717166958280721
2021-03-12,22.59,22.63,21.91,21.93,1056944.0,24682316.0,106573510.0,0.009917511396593769
2021-03-15,21.93,22.08,21.65,21.73,583759.0,13453728.0,106573510.0,0.005477524386688587
2021-03-16,21.67,22.26,21.67,22.07,610837.0,14210620.0,106573510.0,0.005731602534250772
2021-03-17,21.84,22.2,21.77,21.92,528407.0,12282498.0,106573510.0,0.004958145790637842
2021-03-18,22.0,22.03,21.82,21.86,455556.0,10545933.0,106573510.0,0.00427457066957821
2021-03-19,21.74,21.97,21.68,21.89,580102.0,13377313.0,106573510.0,0.005443210043471403
2021-03-22,21.89,22.37,21.78,22.17,748114.0,17482196.0,106573510.0,0.007019699360563427
2021-03-23,22.83,22.88,22.22,22.46,1238081.0,29518110.0,106573510.0,0.011617155144838525
2021-03-24,22.14,22.5,22.14,22.36,876018.0,20643093.0,106573510.0,0.008219847502442212
2021-03-25,22.23,24.16,22.12,23.13,2014250.0,49159696.0,106573510.0,0.018900100034239278
2021-03-26,23.11,23.11,22.5,22.83,1334340.0,32149336.0,106573510.0,0.01252037208871135
2021-03-29,22.49,22.7,22.36,22.57,1105923.0,26281666.0,106573510.0,0.010377090892474124
2021-03-30,22.5,22.51,21.97,22.02,925423.0,21663984.0,106573510.0,0.00868342423928798
2021-03-31,21.98,22.28,21.91,22.19,607600.0,14175177.0,106573510.0,0.005701229132830475
2021-04-01,22.16,22.26,21.98,22.11,554100.0,12957642.0,106573510.0,0.005199228213465053
2021-04-02,22.11,22.27,22.01,22.16,559221.0,13097690.0,106573510.0,0.005247279553802817
2021-04-06,22.16,22.51,22.16,22.41,680209.0,16109739.0,106573510.0,0.006382533520759521
2021-04-07,22.43,22.87,22.34,22.85,1353007.0,32428384.0,106573510.0,0.012695528185193488
2021-04-08,22.9,23.07,22.59,22.6,1186253.0,28567041.0,106573510.0,0.011130842927102617
2021-04-09,22.61,22.74,22.41,22.56,680768.0,16235240.0,106573510.0,0.006387778726627283
2021-04-12,22.31,23.05,22.31,22.88,1138681.0,27481103.0,106573510.0,0.010684465586241835
2021-04-13,22.81,23.14,22.5,22.59,868547.0,20892356.0,106573510.0,0.008149745654431387
2021-04-14,22.45,22.88,22.39,22.69,566936.0,13595641.0,106573510.0,0.005319670901333737
2021-04-15,22.69,23.0,22.55,22.99,919942.0,22220821.0,106573510.0,0.0086319949488386
2021-04-16,22.98,23.35,22.8,23.22,1101320.0,26963020.0,106573510.0,0.010333900047019189
2021-04-19,23.3,23.38,23.0,23.19,988751.0,24266986.0,106573510.0,0.009277643196700568
2021-04-20,23.12,23.3,22.85,23.0,836955.0,20473460.0,106573510.0,0.007853311765747417
2021-04-21,22.94,23.0,22.7,22.8,686829.0,16600948.0,106573510.0,0.006444650270034271
2021-04-22,22.8,23.11,22.72,23.11,785765.0,19051668.0,106573510.0,0.0073729860262648755
2021-04-23,23.06,23.06,22.51,22.59,850012.0,20415766.0,106573510.0,0.007975828139656844
2021-04-26,22.59,22.95,22.33,22.34,750558.0,17856598.0,106573510.0,0.0070426318885434104
2021-04-27,22.31,22.66,21.73,21.73,1057676.0,24518810.0,106573510.0,0.009924379895154059
2021-04-28,21.68,21.84,21.28,21.74,657608.0,15006566.0,106573510.0,0.0061704639361132045
2021-04-29,21.89,22.22,21.59,22.03,656416.0,15266606.0,106573510.0,0.006159279167965848
2021-04-30,22.12,22.29,21.33,21.61,1020682.0,23493263.0,106573510.0,0.009577257988406312
2021-05-06,21.54,22.08,21.51,21.83,639893.0,14772544.0,106573510.0,0.006004240641037346
2021-05-07,21.83,22.51,21.78,22.35,1158769.0,27294392.0,106573510.0,0.010872955202470107
2021-05-10,22.33,22.33,21.97,22.06,678456.0,15853850.0,106573510.0,0.006366084780354893
2021-05-11,21.92,22.26,21.89,21.93,615739.0,14322738.0,106573510.0,0.005777598954937301
2021-05-12,22.03,22.27,21.69,22.21,770082.0,17961203.0,106573510.0,0.007225829382930148
2021-05-13,22.17,22.58,21.93,22.4,903589.0,21406341.0,106573510.0,0.008478551565018361
2021-05-14,22.25,22.56,22.23,22.51,668100.0,15843300.0,106573510.0,0.0062689124154773545
2021-05-17,22.58,22.93,22.41,22.57,1133743.0,27217302.0,106573510.0,0.010638131370544144
2021-05-18,22.62,23.02,22.58,22.71,895494.0,21618928.0,106573510.0,0.008402594603480733
2021-05-19,22.77,22.92,22.43,22.45,582100.0,13903468.0,106573510.0,0.005461957666590881
2021-05-20,22.46,22.86,22.41,22.64,691981.0,16567863.0,106573510.0,0.006492992489409423
2021-05-21,22.64,22.87,22.57,22.69,663241.0,15933994.0,106573510.0,0.006223319472165268
2021-05-24,22.77,23.15,22.61,22.95,1014697.0,24664159.0,106573510.0,0.009521099567800666
2021-05-25,22.95,23.15,22.84,22.96,638001.0,15496877.0,106573510.0,0.005986487636561844
2021-05-26,22.96,23.12,22.74,22.77,958773.0,23190384.0,106573510.0,0.00899635378435035
2021-05-27,22.78,23.01,22.75,22.77,772885.0,18675276.0,106573510.0,0.007252130477826995
2021-05-28,22.9,22.94,22.58,22.76,736524.0,17690071.0,106573510.0,0.006910948133358843
2021-05-31,22.77,23.54,22.72,23.44,2175045.0,53417880.0,106573510.0,0.02040887083478812
2021-06-01,23.62,23.92,23.29,23.48,1596116.0,39843085.0,106573510.0,0.014976667278763739
2021-06-02,23.35,23.49,22.9,22.94,1035660.0,25334402.0,106573510.0,0.009717799479439121
2021-06-03,23.14,23.85,22.97,23.61,1827750.0,45502413.0,106573510.0,0.01715013421252617
2021-06-04,23.45,23.8,23.23,23.35,1252883.0,31017860.0,106573510.0,0.011756045193594543
2021-06-07,23.34,23.53,23.26,23.28,900970.0,22258069.0,106573510.0,0.008453976977956343
2021-06-08,23.28,23.4,23.02,23.12,909966.0,22297119.0,106573510.0,0.008538388197967768
2021-06-09,23.11,23.4,22.84,22.93,1177614.0,28768206.0,106573510.0,0.011049781507618544
2021-06-10,23.11,23.6,22.81,23.52,1730291.0,42508328.0,106573510.0,0.016235657434947953
2021-06-11,23.68,23.71,22.31,22.91,2976192.0,72162634.0,106573510.0,0.02792618916276662
2021-06-15,22.52,22.73,22.04,22.28,1778540.0,42042094.0,106573510.0,0.016688387198657527
2021-06-16,22.38,22.58,22.12,22.26,1055141.0,24884241.0,106573510.0,0.009900593496451416
2021-06-17,22.26,22.77,22.14,22.68,1416838.0,33782455.0,106573510.0,0.013294466889567586
2021-06-18,22.66,24.53,22.52,24.33,5172538.0,130374453.0,106573510.0,0.04853493142902021
2021-06-21,24.48,24.49,23.69,23.79,3068426.0,77815211.0,106573510.0,0.028791638747752608
2021-06-22,23.83,23.93,23.47,23.52,1874200.0,46860478.0,106573510.0,0.01758598360887241
2021-06-23,23.46,23.87,23.35,23.71,1711241.0,42760426.0,106573510.0,0.016056907574874844
2021-06-24,23.82,23.83,23.24,23.33,1519074.0,37576802.0,106573510.0,0.01425376718848802
2021-06-25,23.4,23.49,23.16,23.3,1330768.0,32817008.0,106573510.0,0.012486855317048299
2021-06-28,23.36,23.39,22.78,22.88,1796486.0,43685190.0,106573510.0,0.016856778011721675
2021-06-29,22.87,23.0,22.71,22.79,979771.0,23656957.0,106573510.0,0.009193382107805214
2021-06-30,22.79,23.15,22.74,23.03,979191.0,23787891.0,106573510.0,0.009187939854847607
2021-07-01,23.09,23.09,22.52,22.61,1059100.0,25513165.0,106573510.0,0.009937741564484457
2021-07-02,22.63,22.77,22.23,22.38,939012.0,22235859.0,106573510.0,0.008810932472806798
2021-07-05,22.42,22.65,22.38,22.5,668422.0,15914690.0,106573510.0,0.006271933804188301
2021-07-06,22.5,22.74,22.33,22.57,694110.0,16583027.0,106573510.0,0.0065129693110417405
2021-07-07,22.48,22.65,22.33,22.55,608354.0,14455615.0,106573510.0,0.005708304061675364
2021-07-08,22.42,22.6,22.04,22.13,1187702.0,27895309.0,106573510.0,0.011144439176301878
2021-07-09,21.94,22.31,21.84,22.04,691833.0,16127371.0,106573510.0,0.006491603776585758
2021-07-12,22.25,22.76,22.12,22.69,1533669.0,36550575.0,106573510.0,0.014390714915929859
2021-07-13,22.72,22.77,22.52,22.6,801862.0,19174268.0,106573510.0,0.007524027312227964
2021-07-14,22.52,22.68,22.41,22.44,830598.0,19798825.0,106573510.0,0.007793662796693099
2021-07-15,22.42,22.58,22.17,22.17,764100.0,17968340.0,106573510.0,0.007169699111908766
2021-07-16,22.17,22.75,22.08,22.75,1244566.0,29653229.0,106573510.0,0.011678005162821418
2021-07-19,22.59,22.61,22.17,22.52,1087956.0,25755982.0,106573510.0,0.010208503032320133
2021-07-20,22.52,22.66,22.27,22.49,759380.0,18011880.0,106573510.0,0.007125410432667555
2021-07-21,22.59,23.11,22.45,22.98,2091217.0,50570784.0,106573510.0,0.019622296384908408
2021-07-22,23.12,23.36,22.94,23.08,1804041.0,44150210.0,406338314.0,0.00443975115770156
2021-07-23,23.32,23.43,22.9,23.02,1530550.0,37408464.0,406338314.0,0.0037666888581912067
2021-07-26,23.22,23.32,22.79,22.94,1913011.0,46639334.0,406338314.0,0.004707926705626878
2021-07-27,22.94,23.75,22.81,23.31,2854551.0,70814297.0,406338314.0,0.00702505991103758
2021-07-28,23.45,24.26,22.9,23.94,4476497.0,112437159.0,406338314.0,0.011016674642204672
2021-07-29,24.11,24.11,23.59,23.93,3671321.0,92770844.0,406338314.0,0.009035133713726046
2021-07-30,23.82,24.42,23.58,24.34,3553881.0,90560720.0,406338314.0,0.008746113466425419
2021-08-02,24.39,25.95,24.21,25.65,5671756.0,151767220.0,406338314.0,0.013958211186553281
2021-08-03,25.36,25.78,25.13,25.38,3565384.0,95686526.0,406338314.0,0.008774422389319655
2021-08-04,25.36,25.68,25.15,25.35,2817510.0,75675356.0,406338314.0,0.006933901881573491
2021-08-05,25.35,25.4,24.71,24.75,3279313.0,86859777.0,406338314.0,0.008070400666179858
2021-08-06,25.0,25.03,24.66,24.92,1877357.0,49399699.0,406338314.0,0.004620182087973127
2021-08-09,24.94,25.61,24.94,25.54,2417276.0,64848596.0,406338314.0,0.005948924619498224
2021-08-10,25.69,25.7,24.91,25.27,2121207.0,56581140.0,406338314.0,0.00522029778368377
2021-08-11,25.34,25.34,24.45,24.64,2991849.0,78263159.0,406338314.0,0.007362950765208914
2021-08-12,24.78,25.31,24.65,24.98,2088795.0,55292893.0,406338314.0,0.005140531739273792
2021-08-13,24.92,24.97,24.47,24.76,1629964.0,42249201.0,406338314.0,0.004011347056974795
2021-08-16,24.56,25.12,24.51,24.78,1464973.0,38201560.0,406338314.0,0.0036053036337597246
2021-08-17,24.77,25.11,24.01,24.08,2020731.0,51945803.0,406338314.0,0.004973025999216997
2021-08-18,24.18,24.38,23.83,24.14,1144256.0,28867936.0,406338314.0,0.0028160179844620805
2021-08-19,24.14,24.56,24.11,24.37,1179822.0,30134716.0,406338314.0,0.002903546033810634
2021-08-20,24.29,24.77,23.98,24.68,1659026.0,42556205.0,406338314.0,0.00408286873976644
2021-08-23,24.78,25.02,24.46,24.57,1566132.0,40472693.0,406338314.0,0.0038542562835952505
2021-08-24,24.52,24.65,24.13,24.31,1544562.0,39367451.0,406338314.0,0.0038011724387870547
2021-08-25,24.28,24.41,23.82,24.1,1679918.0,42369067.0,406338314.0,0.004134284024223224
2021-08-26,24.11,24.32,23.83,23.91,1062503.0,26821851.0,406338314.0,0.002614823567929654
2021-08-27,23.85,24.35,23.64,24.07,1598581.0,40310198.0,406338314.0,0.003934113385133551
2021-08-30,24.61,25.03,24.17,24.3,2739841.0,70918321.0,406338314.0,0.006742758203205027
2021-08-31,24.43,24.56,23.8,24.49,2159967.0,54890537.0,406338314.0,0.005315686278109625
2021-09-01,24.64,24.97,24.13,24.94,2990641.0,77454088.0,406338314.0,0.0073599778730193775
2021-09-02,25.1,26.13,24.94,25.88,5959769.0,161450331.0,406338314.0,0.014667012178428245
2021-09-03,26.18,26.18,25.59,25.74,3000600.0,81249162.0,406338314.0,0.0073844870065587764
2021-09-06,26.0,28.31,25.46,28.31,9194134.0,269622102.0,406338314.0,0.022626795660721278
2021-09-07,28.31,29.44,27.64,28.83,10491777.0,314674494.0,406338314.0,0.025820299584153907
2021-09-08,28.87,30.58,28.34,30.18,9705522.0,299607901.0,406338314.0,0.023885323302296323
2021-09-09,30.3,33.2,30.3,32.73,15183040.0,513853751.0,406338314.0,0.03736551409720128
2021-09-10,32.41,33.34,30.98,31.05,9616335.0,320289976.0,406338314.0,0.0236658337859816
2021-09-13,31.15,32.0,30.88,31.32,6418049.0,211200005.0,406338314.0,0.015794840847816287
2021-09-14,31.3,31.62,29.55,29.88,8388687.0,266983687.0,406338314.0,0.020644587800302778
2021-09-15,29.67,30.56,29.16,29.47,5367894.0,167527604.0,406338314.0,0.013210405750711463
2021-09-16,29.56,30.11,28.65,29.2,3700278.0,113617791.0,406338314.0,0.009106396991153533
2021-09-17,29.42,29.42,28.0,28.56,4533331.0,135212227.0,406338314.0,0.011156543313314038
2021-09-22,28.18,28.76,27.89,28.49,3179877.0,94300947.0,406338314.0,0.00782568832531997
2021-09-23,28.5,29.28,28.1,28.47,5503646.0,165628462.0,406338314.0,0.013544491893521023
2021-09-24,28.27,28.82,28.05,28.32,3364242.0,100124144.0,406338314.0,0.008279411229727158
2021-09-27,28.57,29.03,27.0,27.13,3907766.0,112967657.0,406338314.0,0.00961702567875497
2021-09-28,27.34,27.78,26.86,27.5,2760055.0,79319696.0,406338314.0,0.006792504927310399
2021-09-29,27.42,27.42,26.56,26.78,2599744.0,73263284.0,406338314.0,0.006397979000326314
2021-09-30,26.85,26.97,26.37,26.56,2652123.0,74070398.0,406338314.0,0.00652688390098503
2021-10-08,26.88,27.57,26.78,27.06,2416429.0,68821447.0,406338314.0,0.005946840149560694
2021-10-11,27.26,29.77,27.2,29.77,8279568.0,251496221.0,406338314.0,0.020376045562860705
2021-10-12,29.94,32.74,29.94,32.74,19605568.0,657574949.0,406338314.0,0.048249370843232865
2021-10-13,33.01,34.31,32.13,33.34,14043095.0,488228635.0,406338314.0,0.03456010549869044
2021-10-14,32.01,34.31,31.8,33.9,11038010.0,386403342.0,406338314.0,0.027164580891576962
2021-10-15,33.61,34.93,32.86,33.72,9033585.0,320217356.0,406338314.0,0.02223168401491177
2021-10-18,33.32,34.11,32.77,33.14,8130651.0,283357294.0,406338314.0,0.020009560309392826
2021-10-19,33.13,33.26,31.85,32.22,6988331.0,236246487.0,406338314.0,0.017198306827645105
2021-10-20,31.58,33.05,31.2,31.41,6993668.0,233315753.0,406338314.0,0.01721144120315467
2021-10-21,31.36,31.36,30.2,30.6,5513905.0,176765594.0,406338314.0,0.013569739328100868
2021-10-22,30.31,30.9,29.83,29.96,5067422.0,160598515.0,406338314.0,0.012470943116626703
2021-10-25,30.26,30.39,29.44,29.55,4680785.0,145601168.0,406338314.0,0.011519428118707998
2021-10-26,29.55,30.61,29.26,29.44,9205499.0,289763162.0,406338314.0,0.02265476496513691
2021-10-27,29.63,30.39,28.74,29.28,6181884.0,191591297.0,406338314.0,0.015213637963758447
2021-10-28,29.58,32.21,28.77,32.21,8659762.0,281066968.0,406338314.0,0.021311704315434058
2021-10-29,33.06,33.36,28.99,29.45,16875586.0,538734372.0,406338314.0,0.04153087567322042
2021-11-01,29.05,29.06,26.52,28.21,10269949.0,300754729.0,406338314.0,0.025274380106819067
2021-11-02,27.79,30.03,27.66,28.84,9441756.0,286246114.0,406338314.0,0.02323619426151382
2021-11-03,28.96,29.76,28.51,29.07,6410823.0,196057835.0,406338314.0,0.015777057636755368
2021-11-04,29.14,31.27,28.62,31.05,8652912.0,275403460.0,406338314.0,0.02129484644167717
2021-11-05,31.05,31.05,29.18,29.56,8780271.0,274932029.0,406338314.0,0.021608277382378468
2021-11-08,29.02,29.48,28.49,29.02,4002323.0,121830533.0,406338314.0,0.009849730783693708
2021-11-09,28.61,29.68,28.6,29.05,3102787.0,94563301.0,406338314.0,0.007635969567959569
2021-11-10,29.02,30.02,28.63,29.86,5240808.0,161835482.0,406338314.0,0.012897646663956971
2021-11-11,29.55,31.99,29.42,30.91,9814530.0,317716985.0,406338314.0,0.02415359236835343
2021-11-12,30.7,31.7,30.6,31.22,5985679.0,196444163.0,406338314.0,0.014730776778288253
2021-11-15,31.24,31.55,30.52,31.03,5080266.0,165622800.0,406338314.0,0.01250255224517174
2021-11-16,30.95,32.21,30.86,32.03,7188856.0,239762532.0,406338314.0,0.017691799548097745
2021-11-17,32.29,32.31,30.85,31.66,6775579.0,223457344.0,406338314.0,0.016674723417787276
2021-11-18,32.15,32.15,30.52,30.78,5507160.0,178761591.0,406338314.0,0.013553139859708135
2021-11-19,30.19,30.72,30.02,30.31,3923044.0,124842677.0,406338314.0,0.009654624889741507
2021-11-22,30.45,31.3,29.64,31.05,4797900.0,154753498.0,406338314.0,0.011807648539881475
2021-11-23,31.18,31.87,30.82,31.68,5602957.0,184732768.0,406338314.0,0.013788896608947391
2021-11-24,31.46,33.29,30.98,32.29,8551172.0,291123267.0,406338314.0,0.02104446394882664
2021-11-25,32.22,32.61,31.42,31.47,5071387.0,169378323.0,406338314.0,0.012480700995377954
2021-11-26,31.43,32.22,30.85,31.98,4798755.0,159464942.0,406338314.0,0.01180975269784675
2021-11-29,31.13,31.87,30.98,31.3,3577007.0,117478891.0,406338314.0,0.00880302663263007
2021-11-30,31.46,31.6,30.63,31.19,3498222.0,114306194.0,406338314.0,0.00860913647439114
2021-12-01,30.88,32.06,30.62,31.8,4716085.0,155381349.0,406338314.0,0.011606301541134022
2021-12-02,31.66,31.91,30.09,30.14,5122764.0,165418129.0,406338314.0,0.012607139970561575
2021-12-03,30.12,30.77,29.75,30.31,3240251.0,103028935.0,406338314.0,0.007974268948706618
2021-12-06,30.88,32.61,30.22,30.54,5907064.0,194227166.0,406338314.0,0.014537304990638909
2021-12-07,30.18,30.31,28.12,28.26,6278662.0,190097686.0,406338314.0,0.015451808957399966
2021-12-08,28.29,28.98,28.26,28.88,2453594.0,73964880.0,406338314.0,0.006038303343454833
2021-12-09,28.86,29.3,28.69,29.12,2150352.0,65560154.0,406338314.0,0.005292023729763273
2021-12-10,28.71,29.02,28.41,28.6,3813199.0,114500189.0,406338314.0,0.00938429596378155
2021-12-13,28.54,28.98,28.21,28.67,2426416.0,73094172.0,406338314.0,0.0059714181911972005
2021-12-14,28.51,29.47,28.51,28.88,3393410.0,103161834.0,406338314.0,0.008351193778886427
2021-12-15,28.88,29.52,28.79,29.24,3531115.0,108467477.0,406338314.0,0.008690086261469304
2021-12-16,29.25,32.17,29.25,32.17,7920903.0,259395577.0,406338314.0,0.01949336975395335
2021-12-17,33.08,34.19,31.47,33.82,15395806.0,536259086.0,406338314.0,0.03788913196110766
2021-12-20,33.63,35.74,31.82,32.17,12587281.0,441940360.0,406338314.0,0.03097734219569558
2021-12-21,33.23,33.4,32.3,33.09,7477212.0,257825388.0,406338314.0,0.018401444664162287
2021-12-22,33.34,35.2,33.13,34.66,9262595.0,333169245.0,406338314.0,0.02279527841915493
2021-12-23,34.72,35.22,34.12,35.03,6360374.0,232290619.0,406338314.0,0.0156529024727902
2021-12-24,34.79,35.16,32.87,33.24,7301534.0,259200547.0,406338314.0,0.017969100496883
2021-12-27,33.54,33.55,32.28,32.79,4117794.0,141318336.0,406338314.0,0.01013390531516553
2021-12-28,33.27,33.79,32.69,32.99,5852503.0,203562148.0,406338314.0,0.01440303018041267
2021-12-29,33.05,33.05,31.88,32.58,5332942.0,181598396.0,406338314.0,0.01312438875749236
2021-12-30,33.12,33.57,32.19,33.26,4994211.0,172923521.0,406338314.0,0.012290770591719293
2021-12-31,33.3,33.72,31.07,31.21,9254222.0,308499298.0,406338314.0,0.022774672437116034
2022-01-04,30.98,31.32,30.41,30.52,5475532.0,176275761.0,406338314.0,0.013475303242017192
2022-01-05,30.84,30.95,30.29,30.6,4357278.0,139871312.0,406338314.0,0.01072327626973419
2022-01-06,30.24,30.49,29.79,30.04,5429485.0,171460568.0,406338314.0,0.013361981415318861
2022-01-07,30.05,30.69,29.92,30.04,3707604.0,117410155.0,406338314.0,0.00912442630256127
2022-01-10,29.99,30.62,29.26,30.54,3842693.0,121590264.0,406338314.0,0.00945688080007144
2022-01-11,30.54,30.96,29.76,29.92,3346955.0,106045309.0,406338314.0,0.008236867862773087
2022-01-12,30.08,30.58,29.77,30.54,3020378.0,95919727.0,406338314.0,0.007433160733152031
2022-01-13,30.95,31.44,30.23,30.23,4333972.0,139382422.0,406338314.0,0.01066592012290527
2022-01-14,29.86,30.6,29.74,30.14,2630681.0,83432427.0,406338314.0,0.006474115064620758
2022-01-17,29.9,32.98,29.9,32.25,7893047.0,262315820.0,406338314.0,0.019424816041344307
2022-01-18,32.24,32.6,31.27,31.46,5048365.0,168662480.0,406338314.0,0.012424043773533991
2022-01-19,31.19,31.84,30.61,30.81,3875970.0,126732403.0,406338314.0,0.009538775612481377
2022-01-20,30.81,30.97,30.12,30.28,2995477.0,95489964.0,406338314.0,0.007371879285791396
2022-01-21,30.3,30.64,28.87,29.22,4120108.0,127502838.0,406338314.0,0.01013960007719085
2022-01-24,29.38,30.09,28.94,29.68,2399989.0,74810990.0,406338314.0,0.0059063812525441545
2022-01-25,29.88,29.93,28.17,28.2,3052266.0,92524825.0,406338314.0,0.0075116372117446945
2022-01-26,28.26,28.96,27.75,27.89,2288600.0,67521398.0,406338314.0,0.005632252537229359
2022-01-27,27.77,27.84,26.57,26.64,3198342.0,90838806.0,406338314.0,0.007871130754359532
2022-01-28,26.98,27.74,26.31,27.05,3145016.0,89259291.0,406338314.0,0.007739895283416468
2022-02-07,27.64,27.77,26.97,27.22,2151261.0,61737233.0,406338314.0,0.00529426078191583
2022-02-08,27.24,27.98,26.86,27.68,3004215.0,86922717.0,406338314.0,0.007393383534096172
2022-02-09,27.64,28.17,27.48,28.03,2637921.0,77409209.0,406338314.0,0.006491932729730232
2022-02-10,28.2,28.41,27.6,27.87,2114682.0,61834203.0,406338314.0,0.005204239736054031
2022-02-11,27.73,27.82,26.67,26.83,2892475.0,82363123.0,406338314.0,0.007118391006564052
2022-02-14,26.92,27.36,26.52,26.6,2683226.0,75524992.0,406338314.0,0.006603428491855188
2022-02-15,26.73,27.07,26.59,26.86,1973913.0,55671911.0,406338314.0,0.0048578067388447155
2022-02-16,27.05,27.74,26.93,27.48,2519584.0,72483212.0,406338314.0,0.006200704962318665
2022-02-17,27.56,27.56,26.76,26.9,2469394.0,69867928.0,406338314.0,0.0060771871982517505
2022-02-18,27.45,28.74,27.33,28.57,5498815.0,161688783.0,406338314.0,0.013532602785766346
2022-02-21,29.37,30.37,29.08,29.63,8386094.0,260585918.0,406338314.0,0.02063820641830984
2022-02-22,29.26,29.93,28.93,29.51,5602975.0,173688949.0,406338314.0,0.013788940907009817
2022-02-23,29.5,30.15,29.24,30.02,4681319.0,145875352.0,406338314.0,0.011520742294559995
2022-02-24,29.99,30.08,28.64,29.04,5131813.0,157757172.0,406338314.0,0.012629409590944949
2022-02-25,29.26,30.0,29.26,29.46,3504140.0,108890132.0,406338314.0,0.008623700692915707
2022-02-28,29.56,30.5,29.43,30.45,4777044.0,150651227.0,406338314.0,0.011756321851549545
2022-03-01,30.41,31.19,30.07,30.77,4650301.0,150108951.0,406338314.0,0.011444406888984631
2022-03-02,30.65,30.65,29.93,30.1,3064076.0,96908390.0,406338314.0,0.007540701662703655
2022-03-03,30.16,30.22,29.45,29.62,2432758.0,75953089.0,406338314.0,0.005987025875192267
2022-03-04,29.12,29.78,29.09,29.37,2017633.0,62215061.0,406338314.0,0.00496540181047264
2022-03-07,29.34,29.34,28.61,28.75,2110095.0,63823954.0,406338314.0,0.005192951113145584
2022-03-08,29.04,29.22,27.85,28.2,3070002.0,92107695.0,406338314.0,0.007555285569255967
2022-03-09,28.48,29.04,26.79,27.98,3618706.0,106622929.0,406338314.0,0.008905648016248845
2022-03-10,29.55,29.55,27.93,28.05,3359772.0,100768966.0,406338314.0,0.008268410544224485
2022-03-11,28.05,28.47,27.24,28.31,3117530.0,91086088.0,406338314.0,0.007672252142090642
2022-03-14,28.12,29.01,27.65,27.9,3838242.0,114431596.0,406338314.0,0.009445926873634663
2022-03-15,27.59,27.79,25.92,25.92,4220817.0,119069504.0,406338314.0,0.010387445275465704
2022-03-16,26.21,26.69,24.99,26.53,3427374.0,93402111.0,406338314.0,0.00843477930067899
2022-03-17,26.67,27.59,26.65,27.17,3512988.0,100220750.0,406338314.0,0.00864547565160198
2022-03-18,26.99,27.36,26.95,27.07,1824553.0,52024057.0,406338314.0,0.004490231260840444
2022-03-21,27.08,27.91,26.42,26.74,2321064.0,65547480.0,406338314.0,0.005712146553819682
2022-03-22,26.71,27.07,26.0,26.59,2605192.0,72287687.0,406338314.0,0.006411386547220846
2022-03-23,26.81,27.72,26.22,27.46,3694096.0,105143499.0,406338314.0,0.009091183067713374
2022-03-24,27.31,27.31,26.17,26.24,3946641.0,109928744.0,406338314.0,0.009712697188579662
2022-03-25,26.14,26.38,25.6,25.61,2688759.0,73291005.0,406338314.0,0.006617045224044514
2022-03-28,25.47,25.87,24.78,25.7,2358414.0,62903058.0,406338314.0,0.005804065033355432
2022-03-29,25.92,26.03,25.22,25.41,1649761.0,44101437.0,406338314.0,0.004060067542633944
2022-03-30,25.61,25.78,25.46,25.69,1380937.0,37131239.0,406338314.0,0.0033984907463094904
2022-03-31,25.83,25.86,25.43,25.56,1434140.0,38471036.0,406338314.0,0.003529423513825969
2022-04-01,25.45,25.93,25.14,25.61,1602690.0,43067081.0,406338314.0,0.003944225648384218
2022-04-06,25.61,25.78,25.3,25.72,1663269.0,44622577.0,406338314.0,0.0040933107774818395
2022-04-07,25.58,25.81,24.98,24.98,1867333.0,49685932.0,406338314.0,0.004595512989208298
2022-04-08,25.74,25.76,24.12,24.3,2991223.0,77216910.0,406338314.0,0.007361410177037847
2022-04-11,24.21,24.21,23.07,23.3,2872353.0,71099372.0,406338314.0,0.0070688706947777515
2022-04-12,23.41,23.81,23.08,23.75,1823791.0,44940284.0,406338314.0,0.004488355976197706
2022-04-13,23.75,23.83,23.29,23.45,1512281.0,37346435.0,406338314.0,0.0037217287858314044
2022-04-14,23.92,24.02,23.34,23.48,1154542.0,28457572.0,406338314.0,0.0028413318661355672
2022-04-15,23.49,23.69,23.16,23.32,1135868.0,27902907.0,406338314.0,0.0027953750873711603
2022-04-18,23.21,23.82,23.21,23.54,1264944.0,31147559.0,406338314.0,0.0031130315710272893
2022-04-19,23.64,24.94,23.45,24.06,3256702.0,82540050.0,406338314.0,0.008014754916761308
2022-04-20,23.86,24.31,23.31,23.41,2545879.0,63168315.0,406338314.0,0.006265417048513914
2022-04-21,23.3,23.74,23.0,23.02,2353974.0,57802467.0,406338314.0,0.0057931381779568044
2022-04-22,22.88,23.17,21.85,22.36,2536975.0,59301416.0,406338314.0,0.006243504273633424
2022-04-25,22.4,22.4,20.75,20.75,2320851.0,52488551.0,406338314.0,0.005711622360080965
2022-04-26,21.26,21.26,20.69,20.78,1993106.0,43717858.0,406338314.0,0.004905040778409097
2022-04-27,20.59,21.3,19.9,21.05,2068000.0,44659616.0,406338314.0,0.0050893551721534185
2022-04-28,21.03,21.18,20.3,20.86,1513998.0,32905422.0,406338314.0,0.003725954328786234
2022-04-29,20.97,21.73,20.88,21.59,1960919.0,43862816.0,406338314.0,0.004825828459779454
2022-05-05,22.07,23.75,22.07,23.75,2921891.0,71327821.0,406338314.0,0.0071907838845834265
2022-05-06,23.18,25.12,22.97,24.4,6877193.0,175951870.0,406338314.0,0.016924795824200815
2022-05-09,24.4,25.02,24.0,24.33,3680140.0,94272639.0,406338314.0,0.009056837303311742
2022-05-10,24.33,25.01,23.88,24.79,3236148.0,83209186.0,406338314.0,0.007964171451476761
2022-05-11,25.0,25.56,24.67,24.88,3434116.0,90463250.0,406338314.0,0.008451371386061321
2022-05-12,24.72,25.11,24.32,24.61,2589190.0,66936734.0,406338314.0,0.006372005569723361
2022-05-13,25.02,25.08,24.57,25.07,2217143.0,57943422.0,406338314.0,0.0054563966124051
2022-05-16,25.08,25.43,24.84,24.96,2050375.0,53900269.0,406338314.0,0.0050459799860271114
2022-05-17,25.04,25.24,24.7,25.15,1916944.0,50348425.0,406338314.0,0.004717605832267149
2022-05-18,25.15,25.33,24.91,24.97,1386500.0,36460974.0,406338314.0,0.0034121813086028605
2022-05-19,24.7,25.9,24.59,25.46,2763060.0,73446499.0,406338314.0,0.006799900242732217
2022-05-20,25.62,25.69,25.19,25.46,1955496.0,52096835.0,406338314.0,0.004812482437971626
2022-05-23,25.48,27.41,25.48,26.96,4288748.0,119293605.0,406338314.0,0.010554623702061233
2022-05-24,26.7,27.1,25.35,25.38,3299396.0,90663701.0,406338314.0,0.008119824998830901
2022-05-25,25.27,25.66,25.26,25.64,1614240.0,43207540.0,406338314.0,0.003972650238441458
2022-05-26,25.63,26.4,25.18,25.92,1961934.0,53007241.0,406338314.0,0.0048283263782996355
2022-05-27,25.92,26.29,25.56,25.74,1549793.0,42190946.0,406338314.0,0.003814045947928996
2022-05-30,25.71,26.05,25.43,25.79,1228608.0,33144764.0,406338314.0,0.0030236085490082535
2022-05-31,25.79,26.36,25.55,26.23,1694909.0,46352784.0,406338314.0,0.0041711769272144
2022-06-01,26.19,26.63,26.07,26.56,1860021.0,51595241.0,406338314.0,0.004577518131849118
2022-06-02,26.53,27.13,26.27,26.98,1872855.0,52610388.0,406338314.0,0.004609102650359473
2022-06-06,27.03,27.89,26.84,27.57,2591167.0,74766754.0,406338314.0,0.006376870973579912
2022-06-07,27.96,27.96,27.51,27.68,2299138.0,67024621.0,406338314.0,0.005658186591776822
2022-06-08,27.59,27.87,27.17,27.59,2187820.0,63095955.0,406338314.0,0.005384232607708266
2022-06-09,27.5,27.73,27.21,27.39,1593305.0,45937715.0,406338314.0,0.003921129130835543
2022-06-10,27.09,27.42,26.98,27.26,1574361.0,45001876.0,406338314.0,0.0038745078811347334
2022-06-13,26.82,27.55,26.82,27.37,2069719.0,59141488.0,406338314.0,0.005093585637115185
2022-06-14,27.15,27.38,26.43,27.13,1767728.0,49796106.0,406338314.0,0.0043503847387622915
2022-06-15,27.14,28.0,26.98,27.43,2078937.0,60441542.0,406338314.0,0.005116271167084677
2022-06-16,27.2,27.79,27.2,27.47,1850019.0,53484931.0,406338314.0,0.004552903175160588
2022-06-17,27.25,28.25,26.89,28.15,2475806.0,72705746.0,406338314.0,0.006092967152489588
2022-06-20,28.93,29.05,28.29,28.43,2505894.0,75116021.0,406338314.0,0.0061670138248395645
2022-06-21,28.74,29.18,28.0,28.34,2213736.0,66382939.0,406338314.0,0.005448011973589082
2022-06-22,28.48,29.08,28.0,28.95,3270068.0,98389343.0,406338314.0,0.008047648689116725
2022-06-23,28.75,28.94,27.72,28.25,2960007.0,87232536.0,406338314.0,0.007284587492775786
2022-06-24,28.25,28.84,27.99,28.67,2225950.0,66519841.0,406338314.0,0.005478070669949179
2022-06-27,28.59,29.01,27.72,28.0,2875409.0,84859630.0,406338314.0,0.007076391521376446
2022-06-28,28.14,28.45,27.88,28.45,1814968.0,53866585.0,406338314.0,0.004466642542598136
2022-06-29,28.36,29.14,28.31,28.32,2634397.0,79191696.0,406338314.0,0.006483260153508438
2022-06-30,28.74,30.18,28.74,29.47,3392032.0,105024032.0,406338314.0,0.008347802516107304
2022-07-01,29.47,29.47,28.17,28.37,2553827.0,76896948.0,406338314.0,0.006284977104078844
2022-07-04,28.29,28.58,27.59,28.41,1888539.0,55770650.0,406338314.0,0.004647701028754084
2022-07-05,28.4,28.95,27.83,28.2,1665833.0,49580465.0,406338314.0,0.0040996207903742
2022-07-06,28.15,28.77,28.12,28.49,1720374.0,51430682.0,406338314.0,0.004233846380531077
2022-07-07,28.51,31.34,28.5,30.58,8600061.0,275617298.0,406338314.0,0.02116477994738148
2022-07-08,30.81,31.26,30.03,31.19,8004913.0,258789062.0,406338314.0,0.019700118655313414
2022-07-11,31.19,31.22,29.93,30.39,4363143.0,139176459.0,406338314.0,0.010737710055074944
2022-07-12,30.64,30.82,29.63,29.99,3444834.0,108937231.0,406338314.0,0.008477748421233052
2022-07-13,29.88,30.98,29.88,30.69,2556220.0,82144828.0,406338314.0,0.006290866285378149
2022-07-14,30.72,32.01,30.52,31.53,3232862.0,106157023.0,406338314.0,0.00795608459408039
2022-07-15,31.31,31.53,29.92,30.03,5027722.0,161075660.0,406338314.0,0.012373241278940779
2022-07-18,30.23,31.11,29.93,30.83,3002400.0,96397555.0,406338314.0,0.007388916812801463
2022-07-19,30.78,31.04,30.28,30.44,2250337.0,72127708.0,406338314.0,0.00553808716152718
2022-07-20,30.44,30.6,29.95,30.31,1962904.0,62202896.0,406338314.0,0.00483071355166375
2022-07-21,30.18,30.47,29.86,29.91,1735141.0,54811892.0,406338314.0,0.004270188018745385
2022-07-22,29.89,30.12,29.41,29.52,2567057.0,79773205.0,406338314.0,0.006317536179962591
2022-07-25,29.7,30.26,29.27,29.5,3134688.0,97930808.0,406338314.0,0.00771447803959732
2022-07-26,29.49,32.39,29.27,31.96,6598406.0,216045924.0,406338314.0,0.01623870005032309
2022-07-27,31.96,32.41,31.65,32.12,4400894.0,147797636.0,406338314.0,0.010830615397001427
2022-07-28,32.03,33.21,31.87,32.4,3851324.0,131652096.0,406338314.0,0.009478121721005123
2022-07-29,32.5,32.77,31.46,31.5,3604258.0,120509927.0,406338314.0,0.00887009143814088
2022-08-01,31.61,31.82,30.98,31.72,2851182.0,93928841.0,406338314.0,0.007016768790353351
2022-08-02,31.36,32.39,30.5,31.65,4375522.0,145040662.0,406338314.0,0.010768174817007288
2022-08-03,31.66,33.77,31.66,32.51,6186541.0,213460696.0,406338314.0,0.015225098856909664
2022-08-04,32.56,33.17,32.01,32.68,3538814.0,120871336.0,406338314.0,0.008709033527170663
2022-08-05,32.61,33.07,32.24,32.61,3299744.0,112870790.0,406338314.0,0.00812068142803782
2022-08-08,32.74,32.99,32.01,32.33,2320847.0,78603712.0,406338314.0,0.005711612516067091
2022-08-09,32.28,33.06,32.28,32.95,3126304.0,107422161.0,406338314.0,0.007693844986520272
2022-08-10,32.69,32.89,32.08,32.15,2469573.0,83816735.0,406338314.0,0.006077627717872551
2022-08-11,32.26,32.6,32.01,32.33,2069285.0,70205851.0,406338314.0,0.005092517561610004
2022-08-12,32.32,33.36,31.85,32.9,4054109.0,138735043.0,406338314.0,0.009977176309295805
2022-08-15,32.89,33.83,32.55,33.04,4529855.0,158514978.0,406338314.0,0.011147988865258716
2022-08-16,33.09,33.36,32.44,32.49,1986799.0,68125486.0,406338314.0,0.004889519229535416
2022-08-17,32.63,35.74,32.59,35.74,8602980.0,315726566.0,406338314.0,0.02117196361650504
2022-08-18,36.9,39.32,36.13,39.29,16025571.0,648194006.0,406338314.0,0.039438985810232995
2022-08-19,39.56,42.23,37.95,38.29,15039160.0,626017104.0,406338314.0,0.03701142491820252
2022-08-22,38.87,38.87,36.95,37.1,8723076.0,340597240.0,406338314.0,0.0214675202890171
2022-08-23,37.43,37.71,36.55,36.85,4166026.0,160315022.0,406338314.0,0.010252604434441788
2022-08-24,36.68,37.04,34.76,34.96,6023218.0,222720143.0,406338314.0,0.014823160387479483
2022-08-25,34.76,35.68,34.54,35.07,5085146.0,185346652.0,406338314.0,0.012514561942096358
2022-08-26,35.53,38.06,35.32,36.98,9215689.0,356317439.0,406338314.0,0.02267984259047745
2022-08-29,36.1,37.05,35.08,35.89,7632403.0,286178038.0,406338314.0,0.018783370253389397
2022-08-30,35.9,39.48,35.36,39.48,13226383.0,527000249.0,406338314.0,0.03255017443420312
2022-08-31,41.46,41.46,37.57,37.86,14210437.0,582591172.0,406338314.0,0.03497193474105915
2022-09-01,38.48,41.65,37.95,41.65,10182207.0,427378362.0,406338314.0,0.025058446740515834
2022-09-02,41.6,45.76,40.27,43.88,19059334.0,862039034.0,406338314.0,0.04690508707480634
2022-09-05,43.19,45.06,41.76,44.48,13775110.0,628701512.0,406338314.0,0.033900593484275765
2022-09-06,43.46,46.18,42.73,45.25,13658283.0,626942060.0,406338314.0,0.03361308183210112
2022-09-07,44.45,45.68,43.87,44.05,9136562.0,423854046.0,406338314.0,0.02248511076905241
2022-09-08,43.24,44.86,42.11,43.56,10443317.0,470508214.0,406338314.0,0.02570103935608691
2022-09-09,43.67,43.76,41.64,42.78,6971389.0,308743468.0,406338314.0,0.017156612506887547
2022-09-13,43.35,43.36,41.11,41.78,6591836.0,286365718.0,406338314.0,0.016222531257537285
2022-09-14,41.08,41.71,40.43,41.41,5430962.0,231834683.0,406338314.0,0.013365616317441332
2022-09-15,41.83,42.04,38.53,39.04,7434383.0,307820527.0,406338314.0,0.01829604234662449
2022-09-16,39.38,40.66,38.56,39.16,5326516.0,220553690.0,406338314.0,0.013108574349205968
2022-09-19,38.8,41.63,38.64,40.77,7717223.0,326463700.0,406338314.0,0.01899211256755867
2022-09-20,41.56,42.14,40.48,40.62,6438425.0,276901668.0,406338314.0,0.0158449862544835
2022-09-21,41.11,41.35,39.55,40.78,5802290.0,245865028.0,406338314.0,0.014279455813265987
2022-09-22,40.75,42.47,40.5,42.22,6985256.0,304358391.0,406338314.0,0.017190739241980516
2022-09-23,41.61,42.11,39.16,39.45,7794644.0,325611285.0,406338314.0,0.019182645917067028
2022-09-26,39.39,43.4,39.04,43.4,9788254.0,426798386.0,406338314.0,0.024088927041224076
2022-09-27,43.06,45.11,42.95,45.05,9657002.0,443876187.0,406338314.0,0.023765915414021233
2022-09-28,44.61,45.05,42.28,43.64,7064078.0,319163401.0,406338314.0,0.017384720457347767
2022-09-29,43.67,44.1,40.96,42.08,5873898.0,256819983.0,406338314.0,0.014455683349613937
2022-09-30,42.42,44.15,40.4,40.41,5144410.0,224456201.0,406338314.0,0.012660410851633351
2022-10-10,40.94,41.08,38.68,38.73,4954836.0,204071082.0,406338314.0,0.01219386858016052
2022-10-11,39.23,39.92,38.4,39.75,4120094.0,169147749.0,406338314.0,0.010139565623142296
2022-10-12,39.47,42.21,39.35,41.94,5452607.0,231290071.0,406338314.0,0.013418884737509641
2022-10-13,41.39,42.86,41.01,41.96,5225225.0,228589726.0,406338314.0,0.012859296846912645
2022-10-14,42.35,42.69,39.71,39.76,7116562.0,299987117.0,406338314.0,0.01751388376337064
2022-10-17,39.19,40.42,39.13,40.07,4964070.0,205341897.0,406338314.0,0.012216593486185505
2022-10-18,40.07,44.08,39.8,44.08,8247445.0,365573904.0,406338314.0,0.020296990748453023
2022-10-19,44.34,45.05,42.95,43.04,8621974.0,393736544.0,406338314.0,0.021218707916379257
2022-10-20,42.61,43.43,40.32,42.13,6895666.0,300941761.0,406338314.0,0.01697025794126812
2022-10-21,42.18,45.1,41.92,44.11,7169894.0,329727456.0,406338314.0,0.01764513400033451
2022-10-24,43.92,44.63,42.55,42.82,5400840.0,244483038.0,406338314.0,0.01329148597097344
2022-10-25,42.73,44.0,42.24,42.86,4871001.0,219477157.0,406338314.0,0.011987550354407387
2022-10-26,42.76,42.85,40.87,42.39,5193728.0,227619092.0,406338314.0,0.012781782620676032
2022-10-27,42.51,42.81,39.19,39.41,7353489.0,309530573.0,406338314.0,0.018096961932071214
2022-10-28,39.38,41.26,38.93,40.01,5712097.0,238087822.0,406338314.0,0.014057490527462297
2022-10-31,40.31,43.24,40.31,41.64,8490050.0,372024571.0,406338314.0,0.020894042494845808
2022-11-01,42.22,43.06,39.73,42.03,5704752.0,244398479.0,406338314.0,0.014039414456988666
2022-11-02,41.68,42.32,40.11,40.55,6300438.0,268329391.0,406338314.0,0.015505399768922602
2022-11-03,40.34,40.65,39.73,40.24,5210663.0,217432503.0,406338314.0,0.012823459714409308
2022-11-04,40.52,40.82,39.78,40.49,5658228.0,237660547.0,406338314.0,0.013924918731636022
2022-11-07,40.51,40.79,36.44,36.76,15091466.0,589531034.0,406338314.0,0.03714015016560806
2022-11-08,36.48,37.12,36.1,36.83,7908207.0,302292687.0,406338314.0,0.0194621248539216
2022-11-09,36.71,36.82,34.95,35.18,7654101.0,282627371.0,406338314.0,0.018836769106641515
2022-11-10,34.97,35.13,33.4,33.57,9990668.0,355471707.0,406338314.0,0.024587068597228073
2022-11-11,34.26,34.34,33.01,33.29,8285016.0,289191417.0,406338314.0,0.020389453109755238
2022-11-14,33.4,33.99,33.05,33.96,8365187.0,293494740.0,406338314.0,0.020586754218801035
2022-11-15,33.88,34.34,33.49,34.34,6065439.0,215038990.0,406338314.0,0.014927066414908636
2022-11-16,34.35,34.87,34.05,34.23,5239557.0,187766759.0,406338314.0,0.012894567948618303
2022-11-17,34.17,34.17,33.44,34.06,3309733.0,116692104.0,406338314.0,0.008145264391681263
2022-11-18,34.14,34.41,33.64,33.78,3228865.0,114627611.0,406338314.0,0.007946247963218156
2022-11-21,33.79,34.41,33.62,34.26,3604608.0,128206727.0,406338314.0,0.008870952789354734
2022-11-22,34.07,34.4,33.83,33.96,3236490.0,114899786.0,406338314.0,0.007965013114662871
2022-11-23,34.01,34.48,33.36,34.37,3965774.0,140523767.0,406338314.0,0.009759783567935955
2022-11-24,34.45,35.63,34.34,35.04,5194960.0,190217349.0,406338314.0,0.012784814576948803
2022-11-25,34.69,34.84,33.14,33.16,5514753.0,193800654.0,406338314.0,0.013571826259041868
2022-11-28,32.77,33.7,32.65,33.63,3832163.0,133614254.0,406338314.0,0.009430966433551723
2022-11-29,33.78,33.87,33.46,33.79,2585747.0,90775053.0,406338314.0,0.006363532334782489
2022-11-30,33.77,33.79,33.09,33.2,4088184.0,142026024.0,406338314.0,0.010061035002473333
2022-12-01,33.62,34.06,33.3,33.99,5922812.0,208550783.0,406338314.0,0.014576060873255482
2022-12-02,33.99,34.35,33.8,33.89,2975639.0,105672791.0,406338314.0,0.007323057898990052
2022-12-05,34.07,34.4,33.77,33.81,3640824.0,128848790.0,406338314.0,0.008960080490957591
2022-12-06,33.96,34.05,33.16,33.6,3917062.0,137113862.0,406338314.0,0.009639903166994979
2022-12-07,33.6,33.72,33.18,33.28,2556200.0,88780734.0,406338314.0,0.006290817065308786
2022-12-08,33.21,33.47,33.04,33.15,2219540.0,76900165.0,406338314.0,0.005462295637718278
2022-12-09,33.28,33.41,32.77,32.83,2914855.0,100321403.0,406338314.0,0.007173468264181458
2022-12-12,32.73,33.25,32.63,32.98,2528757.0,86739867.0,406338314.0,0.0062232797471320905
2022-12-13,33.17,33.17,32.47,32.47,2044500.0,69678895.0,406338314.0,0.005031521590651676
2022-12-14,32.69,33.16,32.47,32.65,2409107.0,82367996.0,406338314.0,0.005928820682166831
2022-12-15,32.91,33.09,32.23,32.82,1818878.0,62125361.0,406338314.0,0.0044762650661586394
2022-12-16,32.62,32.85,31.86,31.98,2723783.0,91318765.0,406338314.0,0.006703239409513325
2022-12-19,31.86,32.13,31.32,31.56,2019922.0,66763373.0,406338314.0,0.004971035047411257
2022-12-20,31.38,32.06,31.38,31.59,2192855.0,72494281.0,406338314.0,0.005396623760170447
2022-12-21,31.44,31.86,30.96,31.13,1797815.0,58570534.0,406338314.0,0.0044244289501088
2022-12-22,31.13,31.3,30.23,30.31,2222709.0,71064984.0,406338314.0,0.005470094557708875
2022-12-23,30.16,30.57,29.69,30.37,2079555.0,65517762.0,406338314.0,0.0051177920672279996
2022-12-26,30.33,30.89,30.0,30.88,1599600.0,51260137.0,406338314.0,0.003936621147667606
2022-12-27,30.97,31.37,30.81,31.25,1592800.0,51624746.0,406338314.0,0.003919886324084122
2022-12-28,31.09,31.5,30.86,31.11,1854509.0,60267762.0,406338314.0,0.004563953080732623
2022-12-29,31.12,31.34,30.9,31.22,1413649.0,45890077.0,406338314.0,0.0034789950917599173
2022-12-30,31.41,31.74,30.99,31.32,1762399.0,57613352.0,406338314.0,0.004337270051280471
2023-01-03,31.32,32.6,31.22,32.42,3931294.0,131217421.0,406338314.0,0.009674928168353822
2023-01-04,32.59,33.04,32.15,32.77,3053460.0,103804020.0,406338314.0,0.007514575649885676
2023-01-05,32.63,33.06,32.58,32.66,2254280.0,76945346.0,406338314.0,0.005547790898202132
2023-01-06,32.8,33.23,32.56,32.87,2256121.0,77424887.0,406338314.0,0.0055523216055870135
2023-01-09,32.74,33.26,32.58,33.0,2605532.0,89441981.0,406338314.0,0.00641222328840002
2023-01-10,33.0,33.32,32.71,32.85,1666309.0,57361791.0,406338314.0,0.004100792228025044
2023-01-11,32.74,33.17,32.53,32.58,1779866.0,60926592.0,406338314.0,0.004380256398858809
2023-01-12,32.72,33.13,32.53,33.0,1957785.0,67205666.0,406338314.0,0.004818115674910243
2023-01-13,32.96,33.02,32.32,32.6,1807552.0,61378000.0,406338314.0,0.004448391740878267
2023-01-16,32.44,32.98,32.33,32.69,2356666.0,80479826.0,406338314.0,0.005799763199293089
2023-01-17,32.7,33.27,32.7,33.05,1821260.0,62785687.0,406338314.0,0.004482127176419795
2023-01-18,32.94,33.65,32.78,33.4,1983426.0,68782235.0,406338314.0,0.004881218264837315
2023-01-19,33.25,33.38,32.78,32.89,2897126.0,99455770.0,406338314.0,0.007129837133694462
2023-01-20,32.8,33.73,32.79,33.71,3530821.0,123379684.0,406338314.0,0.008689362726449665
2023-01-30,33.8,34.69,33.67,33.67,4323068.0,152989018.0,406338314.0,0.01063908534108846
2023-01-31,33.6,34.53,33.59,34.03,3785145.0,134049257.0,406338314.0,0.00931525497248581
2023-02-01,34.38,34.38,33.78,34.21,4206969.0,149475678.0,406338314.0,0.010353365299438635
2023-02-02,34.41,34.69,34.11,34.28,3677039.0,131640850.0,406338314.0,0.009049205731556981
2023-02-03,34.28,34.39,33.64,33.92,3007193.0,106263172.0,406338314.0,0.00740071240242435
2023-02-06,33.93,34.21,33.42,33.59,3758543.0,132275860.0,406338314.0,0.009249787358225835
2023-02-07,33.81,34.51,33.5,34.48,4428077.0,158129179.0,406338314.0,0.0108975128542764
2023-02-08,34.63,34.73,33.4,33.47,3762789.0,132537964.0,406338314.0,0.009260236778951639
2023-02-09,33.47,34.52,33.3,34.46,4229429.0,150793495.0,406338314.0,0.010408639437333493
2023-02-10,34.65,35.09,34.36,34.76,3959804.0,143403553.0,406338314.0,0.009745091377231042
2023-02-13,34.77,35.17,34.65,35.04,3732711.0,135985254.0,406338314.0,0.009186214716636344
2023-02-14,35.06,35.99,35.01,35.71,4992675.0,185458576.0,406338314.0,0.0122869904903922
2023-02-15,36.0,36.7,35.39,36.69,5427544.0,204047217.0,406338314.0,0.013357204607587164
2023-02-16,36.81,36.82,34.92,35.22,7597953.0,282833222.0,406338314.0,0.018698588683911308
2023-02-17,35.32,35.35,34.54,34.58,3712006.0,134657989.0,406338314.0,0.009135259639828107
2023-02-20,34.56,35.0,33.88,35.0,4290520.0,153920354.0,406338314.0,0.010558984600206812
2023-02-21,34.85,35.38,34.75,35.09,3184548.0,116344580.0,406338314.0,0.007837183672519742
2023-02-22,34.97,34.97,34.28,34.59,2934790.0,105628397.0,406338314.0,0.0072225283683192126
2023-02-23,34.55,34.94,34.11,34.24,2335892.0,83849679.0,406338314.0,0.005748638313245549
2023-02-24,34.34,34.93,34.25,34.72,2359759.0,85417836.0,406338314.0,0.0058073750830201065
2023-02-27,34.41,34.73,34.18,34.32,1918963.0,68776513.0,406338314.0,0.004722574598269362
2023-02-28,34.55,35.66,34.55,35.39,3806968.0,139416966.0,406338314.0,0.00936896145117145
2023-03-01,35.39,36.25,35.2,36.21,4612053.0,173074705.0,406338314.0,0.011350278428334474
2023-03-02,36.64,36.91,36.28,36.74,5686944.0,217001166.0,406338314.0,0.013995588907227685
2023-03-03,36.56,36.56,35.51,35.73,4006065.0,149736352.0,406338314.0,0.00985893985867156
2023-03-06,35.52,36.47,35.41,36.07,3581368.0,134639781.0,406338314.0,0.008813759068754713
2023-03-07,35.99,36.08,34.74,34.82,3621296.0,133063357.0,406338314.0,0.008912022015231377
2023-03-08,34.88,35.68,34.74,35.47,2739402.0,101041219.0,406338314.0,0.006741677822682505
2023-03-09,35.78,36.75,35.7,36.53,5315433.0,200825584.0,406338314.0,0.013081299047768358
2023-03-10,36.2,36.3,35.71,35.71,2955361.0,110583678.0,406338314.0,0.007273153670662718
2023-03-13,35.42,36.16,35.22,36.07,3240804.0,121062730.0,406338314.0,0.007975629883624512
2023-03-14,36.07,36.23,35.09,35.62,2906181.0,107682779.0,406338314.0,0.007152121520098644
2023-03-15,35.61,35.92,34.97,35.12,2651004.0,97510064.0,406338314.0,0.00652413003810416
2023-03-16,34.93,35.27,34.46,34.5,2536150.0,92132316.0,406338314.0,0.006241473945772192
2023-03-17,34.72,35.97,34.72,35.71,4060221.0,150539396.0,406338314.0,0.009992217962493194
2023-03-20,35.71,36.65,35.71,36.22,4514612.0,171210995.0,406338314.0,0.011110475789393564
2023-03-21,36.14,37.33,36.09,36.87,3947516.0,151643254.0,406338314.0,0.009714850566614301
2023-03-22,36.84,39.15,36.44,38.71,6942164.0,275832319.0,406338314.0,0.017084689680530594
2023-03-23,38.48,41.49,38.1,40.9,9127401.0,383193458.0,406338314.0,0.022462565516280602
2023-03-24,40.9,41.21,39.02,39.52,6810570.0,281209523.0,406338314.0,0.01676083639014164
2023-03-27,39.44,40.12,39.06,39.83,4583831.0,189355304.0,406338314.0,0.011280823988456083
2023-03-28,39.43,39.54,37.91,38.03,5609398.0,225153876.0,406338314.0,0.013804747932285805
2023-03-29,38.05,39.08,38.05,38.65,4189527.0,168492192.0,406338314.0,0.010310440476947
2023-03-30,38.54,40.25,38.27,39.35,6897917.0,282105559.0,406338314.0,0.01697579766007495
2023-03-31,39.51,41.26,39.18,39.73,4803928.0,199039486.0,406338314.0,0.011822483468787538
2023-04-03,39.36,39.36,37.48,38.6,9171601.0,365526836.0,406338314.0,0.022571341869573245
2023-04-04,38.53,38.53,37.48,37.74,6864983.0,270503746.0,406338314.0,0.016894746971854592
2023-04-06,37.78,39.83,37.49,39.44,8631460.0,350427022.0,406338314.0,0.021242052995278215
2023-04-07,40.04,41.56,39.43,39.59,8553079.0,358846428.0,406338314.0,0.02104915708244042
2023-04-10,39.56,40.6,38.75,39.54,7156765.0,297347040.0,406338314.0,0.017612823485801045
2023-04-11,39.69,39.69,38.32,39.03,4900021.0,198509639.0,406338314.0,0.012058968675053369
2023-04-12,38.87,39.29,38.34,39.11,5026761.0,203389823.0,406338314.0,0.012370876254607878
2023-04-13,39.01,39.01,37.57,37.79,4715153.0,186808217.0,406338314.0,0.011604007885901697
2023-04-14,38.09,38.44,37.41,37.9,3391891.0,133843927.0,406338314.0,0.008347455514618294
2023-04-17,37.71,37.9,36.58,36.89,4323797.0,166202135.0,406338314.0,0.010640879412616749
2023-04-18,36.83,38.17,36.38,37.57,4948119.0,192396688.0,406338314.0,0.012177338019864896
2023-04-19,37.33,38.19,36.96,37.57,3650980.0,143232314.0,406338314.0,0.008985074442180217
2023-04-20,37.41,39.95,37.24,39.73,7838239.0,321303302.0,406338314.0,0.019289933363261434
2023-04-21,39.92,41.2,37.53,37.69,8571400.0,352491514.0,406338314.0,0.02109424512698057
2023-04-24,37.67,39.22,36.95,37.5,5534905.0,219523710.0,406338314.0,0.013621420400932215
2023-04-25,37.31,37.67,35.72,36.24,5812260.0,220970692.0,406338314.0,0.014303992017843535
2023-04-26,35.98,36.79,35.11,35.31,4064886.0,151119487.0,406338314.0,0.010003698543672158
2023-04-27,35.32,35.77,34.67,34.99,3689562.0,135140629.0,406338314.0,0.00908002487798874
2023-04-28,34.77,35.78,34.77,35.46,2870177.0,105877068.0,406338314.0,0.007063515551231037
2023-05-04,35.27,35.39,33.28,33.65,5967863.0,211552147.0,406338314.0,0.014686931540499526
2023-05-05,33.58,33.58,32.42,32.65,4169528.0,142952574.0,406338314.0,0.010261222868587282
2023-05-08,32.47,33.1,32.44,32.94,2922162.0,99979207.0,406338314.0,0.007191450816523297
2023-05-09,32.84,33.24,32.36,32.4,2883630.0,98345038.0,406338314.0,0.0070966234308881835
2023-05-10,32.36,32.61,31.82,32.06,2755903.0,92270840.0,406338314.0,0.006782286840910602
2023-05-11,32.1,32.37,31.73,31.78,2532387.0,84279994.0,406338314.0,0.006232213189721509
2023-05-12,31.85,32.05,31.43,31.47,1697274.0,56042216.0,406338314.0,0.0041769972004165965
2023-05-15,31.44,31.88,31.08,31.88,1899213.0,62249449.0,406338314.0,0.0046739697797732165
2023-05-16,31.88,32.05,31.44,31.5,1820197.0,59929282.0,406338314.0,0.004479511129733141
2023-05-17,31.66,31.72,31.25,31.54,1527065.0,50151254.0,406338314.0,0.0037581122611046714
2023-05-18,31.77,33.11,31.77,33.08,5668453.0,192885070.0,406338314.0,0.013950082492097952
2023-05-19,32.92,32.94,32.24,32.7,3459383.0,117530265.0,406338314.0,0.0085135535606913
2023-05-22,32.62,33.27,32.45,32.54,2705660.0,92446863.0,406338314.0,0.006658638643659874
2023-05-23,32.29,32.87,32.21,32.47,1704592.0,57751631.0,406338314.0,0.004195006823796587
2023-05-24,32.21,32.84,32.06,32.46,1999214.0,67741299.0,406338314.0,0.004920072587592614
2023-05-25,32.29,32.91,32.22,32.84,2757840.0,93788824.0,406338314.0,0.006787053804628426
2023-05-26,32.9,33.07,32.36,32.88,2590800.0,88454948.0,406338314.0,0.006375967785307098
2023-05-29,32.91,33.86,32.91,33.34,3128719.0,108824622.0,406338314.0,0.007699788309895876
2023-05-30,33.22,33.9,32.76,33.9,2757589.0,96125010.0,406338314.0,0.006786436092757918
2023-05-31,34.07,34.35,33.49,33.75,2570122.0,90383008.0,406338314.0,0.0063250791555925
2023-06-01,33.95,34.68,33.75,33.82,3396689.0,120589616.0,406338314.0,0.008359263409258522
2023-06-02,33.93,34.63,33.72,33.74,2786488.0,99058769.0,406338314.0,0.006857556631984253
2023-06-05,33.84,34.55,33.72,34.36,2968822.0,105973491.0,406338314.0,0.00730628123834761
2023-06-06,34.44,34.52,33.26,33.3,2964237.0,104173563.0,406338314.0,0.0072949975374461
2023-06-07,33.57,34.22,33.31,33.55,2567500.0,90171114.0,406338314.0,0.006318626404498986
2023-06-08,33.06,33.22,31.62,32.15,4987184.0,166716631.0,406338314.0,0.012273477120348538
2023-06-09,32.34,33.56,32.15,33.52,4127525.0,141537884.0,406338314.0,0.010157853339914188
2023-06-12,33.52,33.75,33.12,33.53,2862115.0,99726936.0,406338314.0,0.0070436749412707365
2023-06-13,33.4,34.33,33.11,33.79,3102544.0,108853248.0,406338314.0,0.007635371544116807
2023-06-14,33.93,34.6,33.39,34.34,3801519.0,135077942.0,406338314.0,0.00935555144327345
2023-06-15,34.6,36.44,34.6,35.22,9045446.0,334790568.0,406338314.0,0.02226087397704761
2023-06-16,34.56,36.28,34.15,36.17,7257413.0,268507831.0,406338314.0,0.017860518562864344
2023-06-19,36.79,37.27,36.03,36.95,9434235.0,360458628.0,406338314.0,0.023217685054429792
2023-06-20,36.47,36.58,35.65,36.08,5996657.0,225156525.0,406338314.0,0.014757793674361704
2023-06-21,35.81,35.99,35.28,35.32,3944997.0,146188223.0,406338314.0,0.009708651298878008
2023-06-26,35.65,36.37,35.04,35.23,5874782.0,218189980.0,406338314.0,0.01445785887667979
2023-06-27,35.74,35.74,34.28,34.91,4301785.0,155753149.0,406338314.0,0.010586707804275626
2023-06-28,34.79,34.89,33.78,34.39,3127345.0,111484295.0,406338314.0,0.007696406891130625
2023-06-29,34.19,34.72,34.07,34.52,2309494.0,82972723.0,406338314.0,0.005683672743693079
2023-06-30,34.51,35.85,34.36,35.52,3844283.0,141606692.0,406338314.0,0.009460793795585813
2023-07-03,35.51,35.81,35.05,35.36,3126567.0,115300816.0,406338314.0,0.007694492230432398
2023-07-04,35.99,37.23,35.33,35.36,6002584.0,225843140.0,406338314.0,0.014772380041917485
2023-07-05,35.5,35.72,34.4,34.61,3833444.0,139848818.0,406338314.0,0.009434118978994434
2023-07-06,34.62,35.44,34.35,34.6,3068479.0,111630346.0,406338314.0,0.007551537460973961
2023-07-07,34.45,34.49,33.73,34.07,2690179.0,95616406.0,406338314.0,0.0066205398489693
2023-07-10,34.21,34.44,33.99,34.34,1715359.0,61127000.0,406338314.0,0.0042215044481382575
2023-07-11,35.05,35.99,34.86,35.08,4018707.0,147538821.0,406338314.0,0.00989005186451603
2023-07-12,34.79,35.1,33.61,33.61,3865990.0,138169041.0,406338314.0,0.009514214797869147
2023-07-13,33.64,33.93,33.45,33.82,1857831.0,65297346.0,406338314.0,0.004572128534253849
2023-07-14,33.83,36.68,33.83,35.56,7698158.0,283856448.0,406338314.0,0.01894519353643821
2023-07-17,35.25,35.68,34.82,35.1,3397753.0,124504153.0,406338314.0,0.008361881916948644
2023-07-18,34.93,35.09,33.89,33.94,3719112.0,133001265.0,406338314.0,0.009152747530472845
2023-07-19,34.06,34.17,33.6,33.84,1950217.0,68708125.0,406338314.0,0.004799490800663213
2023-07-20,33.97,33.99,32.92,33.0,2567335.0,89038369.0,406338314.0,0.006318220338926739
2023-07-21,33.06,33.11,32.63,32.83,1447979.0,49540717.0,406338314.0,0.0035634813408218255
2023-07-24,32.82,33.48,32.53,33.13,1321279.0,45655793.0,406338314.0,0.003251672201406043
2023-07-25,33.28,33.92,33.21,33.66,1867779.0,65474418.0,406338314.0,0.004596610596755097
2023-07-26,33.59,33.83,33.42,33.5,1449957.0,50765544.0,406338314.0,0.0035683492056818446
2023-07-27,33.54,33.72,33.28,33.35,1360100.0,47453015.0,406338314.0,0.0033472108170434552
2023-07-28,33.25,33.78,32.84,33.72,1967700.0,68441056.0,406338314.0,0.004842516524297041
2023-07-31,33.78,33.86,33.46,33.58,1934979.0,67822780.0,406338314.0,0.004761990029815402
2023-08-01,33.58,33.72,33.21,33.42,1438573.0,49940365.0,406338314.0,0.0035403331422003193
2023-08-02,33.22,33.63,33.22,33.42,1122089.0,39074885.0,406338314.0,0.0027614649205833933
2023-08-03,33.4,33.54,33.14,33.16,1197900.0,41527223.0,406338314.0,0.0029480360545080177
2023-08-04,33.2,33.69,33.12,33.68,1791733.0,62536405.0,406338314.0,0.004409461127015455
2023-08-07,33.65,33.85,33.3,33.34,1507627.0,52605848.0,406338314.0,0.0037102752756905913
2023-08-08,33.14,33.49,32.65,32.65,1739836.0,59824296.0,406338314.0,0.004281742430028393
2023-08-09,32.66,32.75,31.69,31.77,2394358.0,80168675.0,406338314.0,0.0058925233420149496
2023-08-10,31.85,31.98,31.68,31.73,1145700.0,37998416.0,406338314.0,0.0028195716734701025
2023-08-11,31.89,31.89,31.23,31.35,1482119.0,48640947.0,406338314.0,0.003647499999224784
2023-08-14,31.3,31.73,31.03,31.71,929162.0,30432984.0,406338314.0,0.0022866709044818256
2023-08-15,31.76,31.9,31.23,31.32,1108100.0,36391074.0,406338314.0,0.002727037943067313
2023-08-16,31.36,31.46,30.8,30.9,952200.0,30841899.0,406338314.0,0.0023433675023812792
2023-08-17,30.86,31.34,30.71,31.28,864800.0,27996991.0,406338314.0,0.002128275799264157
2023-08-18,31.39,31.46,30.82,30.83,869100.0,28166461.0,406338314.0,0.002138858114177242
2023-08-21,30.68,31.27,30.68,30.79,984755.0,31761344.0,406338314.0,0.002423485470287205
2023-08-22,30.88,31.13,30.41,31.12,1348519.0,42567156.0,406338314.0,0.003318709935878702
2023-08-23,31.07,31.07,29.86,29.88,1538176.0,47811217.0,406338314.0,0.0037854564706393894
2023-08-24,29.89,30.74,29.87,30.3,1171100.0,36468308.0,406338314.0,0.002882081161561349
2023-08-25,30.08,30.26,29.01,29.22,1531018.0,46347956.0,406338314.0,0.003767840607814305
2023-08-28,31.16,31.45,30.25,30.38,2079941.0,65452593.0,406338314.0,0.005118742014566709
2023-08-29,30.5,31.5,30.32,31.31,2137716.0,68180035.0,406338314.0,0.005260926489939612
2023-08-30,31.4,31.83,31.37,31.47,1574285.0,51067874.0,406338314.0,0.003874320844871153
2023-08-31,31.43,31.73,31.41,31.61,1236807.0,40136936.0,406338314.0,0.0030437863164436913
2023-09-01,31.61,31.72,31.32,31.45,1211000.0,39198429.0,406338314.0,0.0029802751999409042
2023-09-04,31.45,32.05,31.35,32.04,1675800.0,54661264.0,406338314.0,0.004124149611941344
2023-09-05,32.02,32.19,31.85,32.06,1205975.0,39721152.0,406338314.0,0.002967908657513404
2023-09-06,31.85,32.41,31.74,32.37,1431100.0,47311050.0,406338314.0,0.003521942063282765
2023-09-07,32.39,32.41,31.79,31.79,1129000.0,37167907.0,406338314.0,0.0027784729155518424
2023-09-08,31.65,32.22,31.49,32.1,1133200.0,37222304.0,406338314.0,0.0027888091301181113
2023-09-11,32.31,32.7,31.97,32.43,1566300.0,52030053.0,406338314.0,0.0038546697321779014
2023-09-12,32.55,33.04,32.38,32.87,1863000.0,62824464.0,406338314.0,0.004584849461180764
2023-09-13,32.84,32.91,32.18,32.43,1412900.0,47121686.0,406338314.0,0.003477151800162266
2023-09-14,32.52,33.18,32.44,32.6,1591900.0,53635934.0,406338314.0,0.0039176714209627796
2023-09-15,32.68,32.84,32.24,32.6,1526254.0,50973711.0,406338314.0,0.0037561163872919944
2023-09-18,32.83,33.79,32.74,33.25,3162428.0,107731343.0,406338314.0,0.0077827462758040585
2023-09-19,33.11,33.13,31.95,32.28,2289461.0,75989360.0,406338314.0,0.005634371461215444
2023-09-20,32.17,32.77,31.65,31.72,2071569.0,68275574.0,406338314.0,0.0050981384935312795
2023-09-21,31.65,32.16,31.51,31.7,1558200.0,50974412.0,406338314.0,0.003834735604085811
2023-09-22,31.47,32.6,31.47,32.56,2027277.0,67196082.0,406338314.0,0.004989135727919568
2023-09-25,33.03,33.54,32.74,32.92,2560571.0,86747639.0,406338314.0,0.006301574111468111
2023-09-26,32.82,32.99,32.23,32.35,1785331.0,59417010.0,406338314.0,0.0043937057828123
2023-09-27,32.14,32.68,32.13,32.62,1757633.0,58486489.0,406338314.0,0.004325540908751224
2023-09-28,32.47,33.04,32.47,32.88,1524661.0,51440066.0,406338314.0,0.0037521960087672167
2023-10-09,32.87,33.43,32.72,33.13,2373533.0,80908538.0,406338314.0,0.005841272944790532
2023-10-10,33.12,33.4,33.12,33.22,1513894.0,51734334.0,406338314.0,0.0037256983844255456
2023-10-11,33.25,33.6,33.16,33.27,1564310.0,53639612.0,406338314.0,0.0038497723352762642
2023-10-12,33.44,33.75,33.25,33.53,1957399.0,67456071.0,406338314.0,0.0048171657275715325
2023-10-13,33.54,33.54,32.98,33.3,1973472.0,67493768.0,406338314.0,0.004856721436315257
2023-10-16,33.29,33.35,32.74,32.93,1848346.0,62578336.0,406338314.0,0.004548785916358358
2023-10-17,32.92,33.07,32.33,32.76,1678372.0,56353287.0,406338314.0,0.00413047931286145
2023-10-18,32.66,32.72,32.13,32.27,1725297.0,57356350.0,406338314.0,0.004245961900604825
2023-10-19,32.32,32.51,31.6,31.65,1555854.0,51018864.0,406338314.0,0.003828962089949509
2023-10-20,31.49,31.94,31.07,31.16,1586806.0,51040826.0,406338314.0,0.0039051350692959758
2023-10-23,30.92,31.06,30.04,30.14,2085631.0,65379905.0,406338314.0,0.005132745124300535
2023-10-24,30.22,30.63,29.5,29.79,1729668.0,52995316.0,406338314.0,0.0042567189467641485
2023-10-25,30.2,30.45,29.71,30.12,1454437.0,45105090.0,406338314.0,0.0035793745012191983
2023-10-26,30.04,30.77,29.91,30.76,1602225.0,50069678.0,406338314.0,0.003943081281771524
2023-10-27,30.59,31.07,30.44,30.98,1397490.0,44192041.0,406338314.0,0.003439227736717931
2023-10-30,30.84,31.24,30.46,31.19,1504990.0,47853926.0,406338314.0,0.0037037856095450553
2023-10-31,30.51,30.81,29.27,29.51,3289382.0,100275915.0,406338314.0,0.008095180510100754
2023-11-01,29.31,29.65,28.29,28.38,3850305.0,113469510.0,406338314.0,0.009475613958471069
2023-11-02,28.35,28.41,27.7,27.79,2641934.0,75739543.0,406338314.0,0.006501808736647955
2023-11-03,27.75,28.68,27.74,28.46,2551076.0,74285933.0,406338314.0,0.006278206883537938
2023-11-06,28.63,29.0,28.53,28.97,2723251.0,80714549.0,406338314.0,0.006701930155668264
2023-11-07,28.98,29.55,28.73,29.29,2782865.0,83319474.0,406338314.0,0.006848640416419112
2023-11-08,29.27,29.5,28.9,29.27,2606252.0,78099428.0,406338314.0,0.006413995210897095
2023-11-09,29.22,29.37,29.04,29.19,1578300.0,47332753.0,406338314.0,0.003884201773795813
2023-11-10,29.06,29.3,28.93,29.1,1362500.0,40706450.0,406338314.0,0.003353117225367037
2023-11-13,29.22,29.48,29.03,29.46,1745923.0,52558511.0,406338314.0,0.004296722558139079
2023-11-14,29.45,29.6,29.28,29.55,1539576.0,46627694.0,406338314.0,0.0037889018754948124
2023-11-15,29.7,29.78,29.21,29.45,1638734.0,49574104.0,406338314.0,0.004032930057390552
2023-11-16,29.61,30.96,29.47,29.52,3837424.0,117731461.0,406338314.0,0.00944391377279771
2023-11-17,29.87,32.08,29.51,31.55,8450400.0,267890261.0,406338314.0,0.020796463707333294
2023-11-20,30.77,30.87,29.86,30.39,9176766.0,284619080.0,406338314.0,0.022584052952486288
2023-11-21,30.2,30.3,29.84,29.96,5483128.0,168519067.0,406338314.0,0.013493997024361331
2023-11-22,29.84,30.0,29.36,29.4,3559255.0,108391761.0,406338314.0,0.008759338899063307
2023-11-23,29.18,29.31,28.78,29.25,2837793.0,84509726.0,406338314.0,0.006983818414918166
2023-11-24,29.17,29.21,28.74,28.81,2153431.0,63846434.0,406338314.0,0.005299601159441735
2023-11-27,28.81,29.0,28.63,28.93,1721800.0,50948296.0,406338314.0,0.0042373557714766715
2023-11-28,28.97,29.18,28.8,29.11,1917841.0,57203632.0,406338314.0,0.004719813352378087
2023-11-29,29.11,29.11,28.33,28.46,2565874.0,75566087.0,406338314.0,0.006314624812859759
2023-11-30,28.47,28.54,28.07,28.33,1671192.0,48526647.0,406338314.0,0.004112809307960066
2023-12-01,28.24,28.75,28.2,28.63,1791885.0,52453763.0,406338314.0,0.004409835199542616
2023-12-04,28.77,29.02,28.69,28.83,2261851.0,67011068.0,406338314.0,0.005566423155459566
2023-12-05,28.74,28.82,28.25,28.41,1465700.0,42795578.0,406338314.0,0.0036070927832810764
2023-12-06,28.28,28.38,28.0,28.24,1437928.0,41623029.0,406338314.0,0.0035387457949633567
2023-12-07,28.04,28.45,28.01,28.33,1348432.0,39186906.0,406338314.0,0.0033184958285769725
2023-12-08,28.52,29.48,28.23,29.32,6723799.0,200102297.0,406338314.0,0.016547292658205988
2023-12-11,28.82,29.55,28.73,29.36,5152483.0,154234150.0,406338314.0,0.012680278532631801
2023-12-12,29.21,29.46,28.73,28.83,3262977.0,97198355.0,406338314.0,0.008030197713524007
2023-12-13,28.85,28.92,28.25,28.26,2219800.0,65020631.0,406338314.0,0.00546293549862
2023-12-14,28.3,28.6,28.09,28.12,1491392.0,43368457.0,406338314.0,0.003670320884385025
2023-12-15,28.09,28.22,27.42,27.55,2592399.0,73502033.0,406338314.0,0.006379902929852684
2023-12-18,27.46,27.47,26.42,26.49,2335264.0,64186558.0,406338314.0,0.005747092803067544
2023-12-19,26.42,26.83,26.16,26.39,1364520.0,37041510.0,406338314.0,0.003358088452372719
2023-12-20,26.39,26.58,25.9,25.91,1463858.0,39308463.0,406338314.0,0.003602559614892727
2023-12-21,25.91,26.29,25.58,26.07,1428537.0,38013235.0,406338314.0,0.0035156345113938727
2023-12-22,26.07,26.18,25.59,25.79,1176700.0,31314114.0,406338314.0,0.0028958627809830407
2023-12-25,25.69,26.09,25.69,25.99,1113800.0,29697374.0,406338314.0,0.002741065662835821
2023-12-26,25.99,26.1,25.48,25.59,1259100.0,33105364.0,406338314.0,0.0030986494667593666
2023-12-27,25.64,25.79,25.42,25.77,895511.0,23615596.0,406338314.0,0.002203855676774797
2023-12-28,25.77,26.55,25.63,26.51,1720736.0,46385769.0,406338314.0,0.0042347372637865505
2023-12-29,26.4,26.88,26.34,26.74,1278219.0,35048246.0,406338314.0,0.003145701392067104
2024-01-02,26.72,26.83,26.45,26.46,1466838.0,40083486.0,406338314.0,0.0036098934052278416
2024-01-03,26.44,26.53,26.17,26.35,1122679.0,30397731.0,406338314.0,0.0027629169126296075
2024-01-04,26.44,26.44,26.1,26.43,1004679.0,27110560.0,406338314.0,0.002472518503386811
2024-01-05,26.42,26.47,25.9,26.0,1273196.0,34295220.0,406338314.0,0.00313333977164654
2024-01-08,25.88,26.1,25.24,25.28,1309144.0,34174618.0,406338314.0,0.00322180792431993
2024-01-09,25.24,25.46,25.01,25.18,975700.0,25238338.0,406338314.0,0.002401201083883023
2024-01-10,25.22,25.35,24.75,25.04,918131.0,23631056.0,406338314.0,0.00225952357522456
2024-01-11,25.04,25.55,24.84,25.35,1031407.0,26784429.0,406338314.0,0.0025382962040837722
2024-01-12,25.37,25.47,25.04,25.05,854902.0,22136086.0,406338314.0,0.0021039167869363164
2024-01-15,24.99,25.27,24.83,25.06,689700.0,17757091.0,406338314.0,0.0016973540919894648
2024-01-16,25.08,25.35,24.83,25.26,1331178.0,34304422.0,406338314.0,0.003276033674737352
2024-01-17,25.2,25.31,24.86,24.86,929979.0,23960094.0,406338314.0,0.0022886815443153114
2024-01-18,25.43,25.43,24.44,25.18,1607754.0,40846229.0,406338314.0,0.0039566881699469765
2024-01-19,25.31,25.43,24.94,24.96,1043628.0,26969413.0,406338314.0,0.0025683721274681473
2024-01-22,24.95,24.96,23.66,23.8,1686300.0,42225256.0,406338314.0,0.004149990148357017
2024-01-23,23.81,24.47,23.43,24.46,1522070.0,37761812.0,406338314.0,0.003745819548781216
2024-01-24,24.44,24.67,23.57,24.66,1500138.0,37362957.0,406338314.0,0.003691844820717546
2024-01-25,24.7,25.79,24.59,25.7,2462663.0,64136983.0,406338314.0,0.0060606221839075705
2024-01-26,25.71,25.83,25.32,25.36,1298440.0,34135006.0,406338314.0,0.003195465343196753
2024-01-29,25.32,25.51,24.75,24.88,1282300.0,33063069.0,406338314.0,0.003155744747220662
2024-01-30,24.88,25.03,24.18,24.24,993820.0,25105376.0,406338314.0,0.002445794466726069
2024-01-31,24.29,24.33,23.14,23.25,1669834.0,40361564.0,406338314.0,0.0041094672652503056
2024-02-01,23.25,23.86,22.79,23.32,1574900.0,37888614.0,406338314.0,0.003875834362004071
2024-02-02,23.32,23.58,21.4,22.01,1852741.0,42781029.0,406338314.0,0.004559602026600918
2024-02-05,21.99,22.79,20.07,21.93,3133797.0,68664825.0,406338314.0,0.007712285285507189
2024-02-06,21.93,23.08,21.09,22.93,3482748.0,80168893.0,406338314.0,0.008571054906724843
2024-02-07,22.93,24.07,22.86,24.06,3900933.0,95207018.0,406338314.0,0.009600209642057038
2024-02-08,24.32,25.27,24.08,24.67,3462559.0,88124930.0,406338314.0,0.008521369707706176
2024-02-19,24.89,25.57,24.71,25.49,3652809.0,94609400.0,406338314.0,0.00898957561752348
2024-02-20,25.15,25.19,24.79,25.02,2382143.0,61120993.0,406338314.0,0.005862462184651384
2024-02-21,24.74,25.68,24.74,25.34,3635091.0,94779300.0,406338314.0,0.008945971558074634
2024-02-22,25.22,25.92,25.22,25.88,2525920.0,66774053.0,406338314.0,0.006216297880292923
2024-02-23,25.91,26.43,25.8,26.22,2761353.0,74057853.0,406338314.0,0.00679569930981207
2024-02-26,26.1,26.41,25.95,26.13,2718269.0,73091379.0,406338314.0,0.006689669436389894
2024-02-27,25.99,27.12,25.83,27.09,3752100.0,102550374.0,406338314.0,0.009233931112880485
2024-02-28,27.06,27.51,25.97,25.97,3944420.0,108455403.0,406338314.0,0.00970723129987688
2024-02-29,25.76,26.92,25.73,26.86,2704800.0,73870101.0,406338314.0,0.006656522180677257
2024-03-01,26.92,27.44,26.77,27.44,3614354.0,101038919.0,406338314.0,0.008894937729155415
2024-03-04,27.55,27.62,26.92,27.3,2931000.0,82098911.0,406338314.0,0.007213201165174889
2024-03-05,27.1,27.54,26.97,27.19,2713569.0,76094550.0,406338314.0,0.006678102720089546
2024-03-06,27.07,27.53,26.81,27.24,2306800.0,64393780.0,406338314.0,0.005677042800349859
2024-03-07,27.18,27.41,26.81,26.85,1980990.0,55142277.0,406338314.0,0.004875223260388879
2024-03-08,27.02,27.72,26.82,27.72,2973961.0,83348087.0,406338314.0,0.0073189283351704805
2024-03-11,27.99,28.28,27.52,28.1,4650742.0,133283492.0,406338314.0,0.011445492191514089
2024-03-12,28.01,28.1,27.25,27.34,3792207.0,107326252.0,406338314.0,0.00933263457897795
2024-03-13,27.35,27.94,27.29,27.54,3172507.0,89910246.0,406338314.0,0.0078075507297596354
2024-03-14,27.36,27.64,27.06,27.3,2277742.0,63917943.0,406338314.0,0.005605530961572085
2024-03-15,27.26,27.89,26.84,27.85,2954600.0,83095575.0,406338314.0,0.0072712808470234485
2024-03-18,27.92,28.17,27.74,28.16,2835368.0,81490588.0,406338314.0,0.006977850481507879
2024-03-19,28.17,29.62,27.87,28.98,6101633.0,180871327.0,406338314.0,0.015016139974435195
2024-03-20,29.58,30.42,28.98,29.08,9141992.0,277881888.0,406338314.0,0.022498474017884514
2024-03-21,28.96,31.5,28.82,31.06,14347819.0,447034437.0,406338314.0,0.0353100323195218
2024-03-22,30.83,32.61,30.5,32.3,13282677.0,430283253.0,406338314.0,0.03268871416343968
2024-03-25,31.55,31.62,29.4,29.4,10011840.0,311996853.0,406338314.0,0.024639172962655942
2024-03-26,28.72,29.88,28.24,28.38,7024431.0,208546678.0,406338314.0,0.017287149052845653
2024-03-27,28.14,28.32,25.8,25.89,8405691.0,231905478.0,406338314.0,0.020686434703275358
2024-03-28,25.89,28.01,25.89,27.73,7103367.0,199432239.0,406338314.0,0.017481410822608276
2024-03-29,27.57,28.75,27.25,28.65,5605828.0,161469330.0,406338314.0,0.013795962149904476
2024-04-01,28.4,29.26,28.4,29.11,5040925.0,149232369.0,406338314.0,0.012405733907730887
2024-04-02,28.85,29.0,28.06,28.26,3988217.0,116291997.0,406338314.0,0.009815015868771853
2024-04-03,28.04,28.12,27.02,27.16,4470760.0,125502274.0,406338314.0,0.011002555865307843
2024-04-08,27.03,27.06,26.31,26.34,3933455.0,107232052.0,406338314.0,0.009680246396848514
2024-04-09,26.48,26.64,26.12,26.48,3208879.0,86911342.0,406338314.0,0.007897062347903525
2024-04-10,26.47,26.47,25.8,25.93,2855839.0,76497197.0,406338314.0,0.0070282296835045685
2024-04-11,26.02,26.38,25.76,26.05,3008779.0,80424565.0,406338314.0,0.007404615553924851
2024-04-12,26.09,27.24,26.04,26.66,4022634.0,109861215.0,406338314.0,0.009899716225135491
2024-04-15,26.67,27.07,25.97,26.6,4092050.0,111616519.0,406338314.0,0.010070549241881237
2024-04-16,26.42,26.71,25.56,25.64,4228982.0,113039455.0,406338314.0,0.010407539368783225
2024-04-17,25.86,26.92,25.86,26.91,3553891.0,97199259.0,406338314.0,0.0087461380764601
2024-04-18,26.88,27.24,26.36,26.7,3363654.0,92488947.0,406338314.0,0.00827796415968788
2024-04-19,26.61,26.95,26.11,26.35,2571361.0,69833449.0,406338314.0,0.006328128338889549
2024-04-22,25.98,26.65,25.46,26.51,2489292.0,67082811.0,406338314.0,0.006126156245261184
2024-04-23,26.31,26.78,26.12,26.16,2321063.0,62737863.0,406338314.0,0.0057121440928162145
2024-04-24,26.16,26.96,26.1,26.96,3468827.0,95066061.0,406338314.0,0.008536795277444598
2024-04-25,26.76,26.83,26.4,26.5,3088660.0,84198240.0,406338314.0,0.007601202971964883
2024-04-26,26.4,27.56,26.4,27.42,4402240.0,122663382.0,406338314.0,0.010833927907669568
2024-04-29,27.31,27.96,27.31,27.81,4190941.0,119278162.0,406338314.0,0.010313920335850978
2024-04-30,26.77,26.77,25.47,25.61,8413946.0,223726100.0,406338314.0,0.020706750286905013
2024-05-06,26.07,26.48,25.92,26.18,5088925.0,136807090.0,406338314.0,0.012523862074202533
2024-05-07,26.17,26.22,25.69,25.87,2891551.0,76958140.0,406338314.0,0.007116117039359473
2024-05-08,25.69,25.88,25.02,25.08,3690000.0,95764779.0,406338314.0,0.009081102797507793
2024-05-09,25.1,25.6,24.97,25.51,2648931.0,69100399.0,406338314.0,0.006519028377914665
2024-05-10,25.51,25.58,24.97,25.22,2161200.0,55935784.0,406338314.0,0.005318720695385865
2024-05-13,25.03,27.65,24.73,27.1,9242212.0,251964218.0,406338314.0,0.02274511578546344
2024-05-14,27.02,27.2,25.97,26.44,5739158.0,156015808.0,406338314.0,0.014124087742314155
2024-05-15,26.25,26.57,25.96,26.0,2866590.0,77047343.0,406338314.0,0.007054687931790749
2024-05-16,26.08,26.81,25.97,26.17,3608947.0,97781369.0,406338314.0,0.008881631083403077
2024-05-17,26.17,26.25,25.7,26.22,2450185.0,65473833.0,406338314.0,0.006029913782631878
2024-05-20,26.22,26.31,25.82,26.03,2310500.0,61873489.0,406338314.0,0.0056861485131820474
2024-05-21,26.01,26.01,25.3,25.37,3161150.0,82964189.0,406338314.0,0.007779601113371751
2024-05-22,25.39,25.52,25.12,25.47,1791800.0,46637667.0,406338314.0,0.004409626014247822
2024-05-23,25.6,25.6,24.84,24.96,2465600.0,63471908.0,406338314.0,0.006067850151093554
2024-05-24,24.87,25.4,24.74,24.78,2636586.0,67776724.0,406338314.0,0.006488647290100239
2024-05-27,24.78,25.09,24.15,24.59,2031300.0,50948181.0,406338314.0,0.004999036344871973
2024-05-28,24.61,24.83,24.39,24.44,1406200.0,35504803.0,406338314.0,0.0034606630769255984
2024-05-29,24.3,24.68,24.3,24.39,1031400.0,25896903.0,406338314.0,0.002538278977059495
2024-05-30,24.24,24.58,24.12,24.4,1226321.0,30681559.0,406338314.0,0.0030179802340765728
2024-05-31,24.51,24.93,24.41,24.63,1533172.0,38898023.0,406338314.0,0.00377314160928472
2024-06-03,24.44,24.73,24.32,24.52,1497972.0,37700638.0,406338314.0,0.0036865142872055134
2024-06-04,24.34,24.49,24.12,24.47,1196095.0,29832098.0,406338314.0,0.00294359394324799
2024-06-05,24.44,24.67,24.26,24.29,1382500.0,34750602.0,406338314.0,0.0034023372947302234
2024-06-06,24.15,24.42,23.56,23.56,2159511.0,53050291.0,406338314.0,0.005314564060528144
2024-06-07,23.95,23.99,23.37,23.6,1262730.0,30654061.0,406338314.0,0.003107582909348785
2024-06-11,23.6,23.86,23.15,23.78,1376853.0,33359768.0,406338314.0,0.0033884400081455276
2024-06-12,23.75,24.15,23.66,23.9,1286313.0,31677970.0,406338314.0,0.0031656207541383855
2024-06-13,23.91,24.05,23.71,23.9,1151439.0,28231031.0,406338314.0,0.002833695372373869
2024-06-14,23.79,24.19,23.62,24.19,2125137.0,52407104.0,406338314.0,0.0052299695273136364
2024-06-17,24.03,24.44,23.95,24.36,1375667.0,34359068.0,406338314.0,0.0033855212580322907
2024-06-18,24.27,24.93,24.27,24.81,1895003.0,48171453.0,406338314.0,0.004663608955172266
2024-06-19,24.93,25.07,24.46,24.61,1436700.0,36416285.0,406338314.0,0.003535723682704457
2024-06-20,24.6,24.7,23.95,23.98,1468100.0,36613080.0,406338314.0,0.0036129991916046588
2024-06-21,23.91,24.17,23.66,23.93,882200.0,21662390.0,406338314.0,0.002171097259610129
2024-06-24,23.86,24.63,23.4,23.53,2528939.0,62287514.0,406338314.0,0.006223727649763295
2024-06-25,23.35,23.84,22.58,22.8,2175400.0,51403562.0,406338314.0,0.005353666944633727
2024-06-26,22.63,23.81,22.62,23.79,1835707.0,43920401.0,406338314.0,0.0045176812935242925
2024-06-27,23.79,24.04,23.19,23.19,1275938.0,30812524.0,406338314.0,0.0031400878431562325
2024-06-28,23.37,24.2,23.11,23.69,2131188.0,52176404.0,406338314.0,0.005244861059299468
2024-07-01,23.53,23.91,22.93,23.28,1994050.0,47680158.0,406338314.0,0.004907363965683039
2024-07-02,23.39,23.39,22.88,22.94,1555200.0,36768931.0,406338314.0,0.0038273525936813333
2024-07-03,22.94,23.04,22.62,22.72,1222480.0,28619787.0,406338314.0,0.0030085275197553733
2024-07-04,22.82,23.09,22.18,22.34,1866997.0,43179023.0,406338314.0,0.004594686092042996
2024-07-05,22.18,22.69,22.16,22.62,1343100.0,30976685.0,406338314.0,0.0033053737580847472
2024-07-08,22.63,22.77,22.07,22.15,1279899.0,29345758.0,406338314.0,0.0031498358778936117
2024-07-09,22.15,23.55,21.99,23.38,3106246.0,73351335.0,406338314.0,0.007644482178955933
2024-07-10,23.23,23.52,22.93,23.0,1628900.0,38789914.0,406338314.0,0.004008728549284673
2024-07-11,23.38,23.61,23.12,23.35,2066200.0,49588255.0,406338314.0,0.005084925365910732
2024-07-12,23.35,23.37,22.99,23.11,1564035.0,37213894.0,406338314.0,0.0038490955593225205
2024-07-15,23.09,23.19,22.79,22.88,1092500.0,25706512.0,406338314.0,0.0026886462889640283
2024-07-16,22.77,23.11,22.67,22.98,907600.0,21368446.0,406338314.0,0.0022336067477013747
2024-07-17,23.01,23.01,22.59,22.62,1111300.0,25921562.0,406338314.0,0.002734913154165423
2024-07-18,22.59,22.63,22.1,22.5,1326700.0,30440874.0,406338314.0,0.0032650133012069346
2024-07-19,22.4,22.74,22.35,22.57,907000.0,21027872.0,406338314.0,0.0022321301456204794
2024-07-22,22.63,22.73,22.4,22.54,989600.0,22914448.0,406338314.0,0.002435409032090437
2024-07-23,22.55,22.67,22.08,22.08,1172600.0,26877462.0,406338314.0,0.0028857726667635875
2024-07-24,22.08,22.33,21.9,21.9,947227.0,21480499.0,406338314.0,0.002331128932134123
2024-07-25,21.63,22.27,21.63,21.99,862200.0,19434062.0,406338314.0,0.0021218771902469426
2024-07-26,21.83,22.49,21.83,22.36,1015876.0,23271353.0,406338314.0,0.0025000743592197903
2024-07-29,22.37,22.52,22.22,22.39,568142.0,13057886.0,406338314.0,0.0013981994324069574
2024-07-30,22.39,22.58,22.18,22.5,823324.0,18952980.0,406338314.0,0.002026203219418782
2024-07-31,22.5,23.5,22.49,23.19,2271845.0,53916552.0,406338314.0,0.0055910184241203505
2024-08-01,23.21,23.33,23.1,23.19,1502700.0,35847101.0,406338314.0,0.00369814991160297
2024-08-02,23.07,23.25,22.54,22.62,1241900.0,29155391.0,406338314.0,0.003056320207107027
2024-08-05,22.42,22.69,21.88,21.94,1614600.0,36839926.0,406338314.0,0.003973536199689995
2024-08-06,22.16,22.33,21.71,22.04,1014800.0,22925689.0,406338314.0,0.002497426319488051
2024-08-07,24.24,24.24,24.24,24.24,3154440.0,78514012.0,406338314.0,0.007763087780100402
2024-08-08,26.31,26.34,24.05,24.09,13517617.0,352918395.0,406338314.0,0.033266902318249025
2024-08-09,23.39,25.28,22.93,24.34,10345282.0,253168165.0,406338314.0,0.025459774881085914
2024-08-12,23.47,24.34,23.18,23.85,5459080.0,133447407.0,406338314.0,0.013434814812959037
2024-08-13,23.6,23.88,23.1,23.33,4024600.0,96682543.0,406338314.0,0.009904554557953893
2024-08-14,23.45,23.56,22.93,23.09,3355440.0,80007629.0,406338314.0,0.00825774947720042
2024-08-15,23.04,23.64,22.75,23.39,3538500.0,84777008.0,406338314.0,0.00870826077208166
2024-08-16,23.34,23.6,22.86,22.89,3271800.0,76251774.0,406338314.0,0.008051911147123576
2024-08-19,22.88,23.3,22.71,22.94,2132080.0,49353136.0,406338314.0,0.005247056274393066
2024-08-20,23.05,23.06,22.42,22.53,2093100.0,47655955.0,406338314.0,0.005151126359204217
2024-08-21,22.43,22.65,22.33,22.37,1055354.0,23861031.0,406338314.0,0.002597229854135783
2024-08-22,22.34,22.53,21.87,21.88,1568054.0,34789416.0,406338314.0,0.003858986332261053
2024-08-23,22.0,22.29,21.87,22.21,1651997.0,36747261.0,406338314.0,0.0040655703463887485
2024-08-26,23.1,23.1,22.36,22.45,2475800.0,56452544.0,406338314.0,0.006092952386468778
2024-08-27,22.19,22.87,22.02,22.24,1863043.0,41628475.0,406338314.0,0.004584955284329895
2024-08-28,22.0,22.39,22.0,22.36,1259900.0,28161342.0,406338314.0,0.0031006182695338938
2024-08-29,22.09,22.69,22.01,22.58,1983913.0,44771820.0,406338314.0,0.004882416773526309
2024-08-30,22.55,23.18,22.45,22.89,2431300.0,56122211.0,406338314.0,0.00598343773213569
2024-09-02,22.75,23.0,22.29,22.32,1769702.0,40168374.0,406338314.0,0.004355242759608438
2024-09-03,22.19,22.64,22.19,22.62,1284502.0,29006799.0,406338314.0,0.0031611638768575486
2024-09-04,22.4,23.08,22.4,22.68,1273100.0,28992284.0,406338314.0,0.0031331035153135964
2024-09-05,22.67,22.99,22.64,22.83,1190700.0,27280067.0,406338314.0,0.0029303168295372706
2024-09-06,22.89,22.89,22.4,22.45,1418500.0,32144486.0,406338314.0,0.0034909334195839577
2024-09-09,22.31,22.54,22.2,22.3,1064800.0,23925715.0,406338314.0,0.0026204764928960157
2024-09-10,22.31,22.73,22.07,22.57,1316567.0,29597861.0,406338314.0,0.0032400759530640767
2024-09-11,22.07,22.69,22.07,22.55,879700.0,19920174.0,406338314.0,0.0021649447509397303
2024-09-12,22.95,22.95,22.44,22.44,1134600.0,25822919.0,406338314.0,0.0027922545349735343
2024-09-13,22.5,22.64,22.19,22.24,1139410.0,25623740.0,406338314.0,0.0028040919616553806
2024-09-18,22.25,22.41,21.95,22.16,1112500.0,24780516.0,406338314.0,0.002737866358327214
2024-09-19,22.24,22.66,22.01,22.45,1347300.0,30304529.0,406338314.0,0.003315709972651016
2024-09-20,22.49,22.61,22.31,22.44,1042800.0,23506492.0,406338314.0,0.002566334416596511
2024-09-23,22.58,22.78,22.38,22.42,1446500.0,32769025.0,406338314.0,0.0035598415166924182
2024-09-24,22.52,22.99,22.32,22.99,2789600.0,63758244.0,406338314.0,0.0068652152747771655
2024-09-25,23.18,23.64,23.13,23.2,3027410.0,71201048.0,406338314.0,0.0074504665095401264
2024-09-26,23.28,23.85,23.2,23.85,3119019.0,73910678.0,406338314.0,0.007675916576254731
2024-09-27,23.91,24.98,23.91,24.76,3001349.0,74059339.0,406338314.0,0.0073863302981564275
2024-09-30,25.83,27.04,25.3,26.87,8085292.0,213709866.0,406338314.0,0.01989793165308059
2024-10-08,29.55,29.55,27.86,29.33,10799550.0,314667974.0,406338314.0,0.026577730004559697
2024-10-09,28.66,28.79,26.73,26.78,7494012.0,209207468.0,406338314.0,0.018442789522427363
2024-10-10,27.85,27.85,26.7,26.92,4216553.0,115413268.0,406338314.0,0.010376951556677474
2024-10-11,27.25,27.25,25.32,25.69,3898339.0,101812059.0,406338314.0,0.009593825799060632
2024-10-14,26.09,26.27,25.32,26.22,3213200.0,83600257.0,406338314.0,0.007907696343889442
2024-10-15,26.13,26.55,25.56,25.57,2804000.0,73320934.0,406338314.0,0.006900653724718659
2024-10-16,25.2,25.77,25.1,25.32,2374637.0,60575520.0,406338314.0,0.00584398989261938
2024-10-17,25.56,25.66,25.09,25.12,2472943.0,63056673.0,406338314.0,0.0060859212995602475
2024-10-18,24.98,26.74,24.94,26.21,4940600.0,128804232.0,406338314.0,0.012158833734787806
2024-10-21,26.79,27.1,26.07,26.4,4810811.0,128423161.0,406338314.0,0.011839422555658879
2024-10-22,26.79,26.99,26.25,26.77,3947458.0,105706840.0,406338314.0,0.009714707828413148
2024-10-23,26.75,27.61,26.53,27.22,4456500.0,121945216.0,406338314.0,0.010967461955851892
2024-10-24,27.32,27.61,26.82,27.37,3782200.0,103458033.0,406338314.0,0.00930800731727208
2024-10-25,28.47,28.47,27.22,27.89,4807000.0,134445141.0,406338314.0,0.011830043671441724
2024-10-28,27.75,27.75,27.42,27.66,3789500.0,105016022.0,406338314.0,0.009325972642589643
2024-10-29,27.65,27.76,27.14,27.32,3483500.0,96223098.0,406338314.0,0.008572905581332899
2024-10-30,27.15,27.61,26.98,27.27,2611400.0,71586711.0,406338314.0,0.006426664456751179
2024-10-31,27.18,28.25,27.12,28.03,5467900.0,152109820.0,406338314.0,0.013456520863548201
2024-11-01,27.89,27.89,26.66,26.79,5819909.0,158268064.0,406338314.0,0.014322816233371486
2024-11-04,27.32,27.81,26.79,27.77,4596162.0,127116239.0,406338314.0,0.011311170622221955
2024-11-05,27.71,28.49,27.56,28.48,4839395.0,137287826.0,406338314.0,0.011909767878792743
2024-11-06,28.8,28.82,27.96,28.17,4470704.0,127421062.0,406338314.0,0.011002418049113626
2024-11-07,28.16,28.41,27.92,28.34,3396981.0,96281100.0,406338314.0,0.008359982022271225
2024-11-08,28.49,29.33,28.41,28.95,5874966.0,170641154.0,406338314.0,0.014458311701317932
2024-11-11,31.84,31.84,29.9,30.52,17183672.0,530470162.0,406338314.0,0.042289076387711746
2024-11-12,30.06,30.36,29.13,29.43,9793211.0,291838275.0,406338314.0,0.024101126235415743
2024-11-13,29.35,30.09,29.04,29.69,5592484.0,166777983.0,406338314.0,0.013763122519625358
2024-11-14,29.86,30.08,28.95,29.01,4488398.0,133089191.0,406338314.0,0.011045963044479237
2024-11-15,29.01,29.27,28.29,28.31,3564284.0,103174247.0,406338314.0,0.00877171528550468
2024-11-18,28.49,28.83,28.02,28.22,4038398.0,115169695.0,406338314.0,0.009938511483807555
2024-11-19,28.22,28.73,28.08,28.66,3344798.0,95479470.0,406338314.0,0.008231559478292268
2024-11-20,28.85,28.86,28.26,28.59,3285160.0,94237742.0,406338314.0,0.008084790153458185
2024-11-21,28.68,29.05,28.12,28.38,3252353.0,93289288.0,406338314.0,0.008004052012678283
2024-11-22,28.36,28.59,27.48,27.5,3980091.0,112451351.0,406338314.0,0.00979501775458959
2024-11-25,27.87,29.76,27.61,28.56,9238397.0,269311368.0,406338314.0,0.022735727057232414
2024-11-26,28.32,29.03,27.89,27.92,4293153.0,121518867.0,406338314.0,0.010565464422338475
2024-11-27,27.71,28.65,27.39,28.65,3675195.0,103423673.0,406338314.0,0.009044667641161694
2024-11-28,28.58,28.65,28.07,28.16,2362800.0,67298104.0,406338314.0,0.005814858994566779
2024-11-29,28.18,28.92,28.07,28.64,3205600.0,91924535.0,406338314.0,0.007888992717531431
2024-12-02,28.49,29.19,28.36,28.76,3346472.0,96642508.0,406338314.0,0.008235679198097968
2024-12-03,28.76,28.84,28.38,28.56,2384972.0,68536851.0,406338314.0,0.0058694243634628065
2024-12-04,28.55,28.71,27.99,28.15,2634300.0,74925083.0,406338314.0,0.006483021436172027
2024-12-05,28.22,28.36,27.96,28.06,2548234.0,72139751.0,406338314.0,0.006271212711681429
2024-12-06,28.1,28.29,27.78,28.22,2431400.0,68680626.0,406338314.0,0.005983683832482507
2024-12-09,28.16,28.32,27.72,28.01,2564600.0,72135388.0,406338314.0,0.006311489494441324
2024-12-10,28.82,28.82,27.96,28.03,2906582.0,82658639.0,406338314.0,0.007153108382489375
2024-12-11,27.94,28.28,27.94,28.15,1897800.0,53698379.0,406338314.0,0.004670492381872707
2024-12-12,28.17,28.26,27.9,28.21,2124500.0,59985545.0,406338314.0,0.005228401868104419
2024-12-13,28.16,28.33,27.81,27.86,2371958.0,66700292.0,406338314.0,0.005837396864328182
2024-12-16,28.13,28.55,27.71,27.77,4702250.0,132944554.0,406338314.0,0.011572253558152038
2024-12-17,27.84,28.24,27.5,27.83,3605400.0,101008107.0,406338314.0,0.008872901904101517
2024-12-18,27.71,28.39,27.58,28.09,3147700.0,88557628.0,406338314.0,0.007746500616725008
2024-12-19,27.88,30.9,27.77,30.9,17147340.0,516961723.0,406338314.0,0.04219966320970658
2024-12-20,30.45,30.84,29.65,29.92,17472025.0,527467659.0,406338314.0,0.04299871412076588
2024-12-23,29.92,30.54,29.4,29.56,9997972.0,299627268.0,406338314.0,0.024605043766559507
2024-12-24,29.85,31.42,29.75,30.36,12218887.0,371992287.0,406338314.0,0.030070723284046506
2024-12-25,30.16,30.94,29.63,30.64,9552597.0,289857742.0,406338314.0,0.02350897434692806
2024-12-26,30.26,32.44,29.9,32.13,16981499.0,541603247.0,406338314.0,0.04179152793354358
2024-12-27,31.52,32.19,31.17,31.41,13522614.0,430439684.0,406338314.0,0.033279199952579414
2024-12-30,31.77,32.16,31.13,31.62,8998140.0,286252147.0,406338314.0,0.022144453746982866
2024-12-31,31.31,31.36,29.72,29.74,9852598.0,300158491.0,406338314.0,0.02424727784837932
2025-01-02,29.58,29.89,28.05,28.38,6711882.0,194404400.0,406338314.0,0.016517964879875936
2025-01-03,28.52,28.73,27.36,27.55,6161748.0,174160889.0,406338314.0,0.01516408319792359
2025-01-06,27.81,28.46,27.17,27.51,4254700.0,118559866.0,406338314.0,0.010470831455977346
2025-01-07,27.41,29.11,27.33,28.65,6161100.0,174363792.0,406338314.0,0.015162488467676222
2025-01-08,28.7,29.8,28.23,29.29,7628600.0,221883810.0,406338314.0,0.018774011057199988
2025-01-09,28.54,29.3,28.54,28.67,4551800.0,131846181.0,406338314.0,0.011201995586367471
2025-01-10,28.51,28.65,27.31,27.35,4701200.0,132013806.0,406338314.0,0.011569669504510471
2025-01-13,27.1,27.11,26.38,26.51,3553300.0,95423739.0,406338314.0,0.008744683623410418
2025-01-14,26.74,28.32,26.48,28.27,5116500.0,142111952.0,406338314.0,0.012591724244837026
2025-01-15,28.06,30.66,27.99,29.61,9441842.0,278932973.0,406338314.0,0.02323640590781208
2025-01-16,29.61,29.85,29.09,29.6,4897600.0,145126440.0,406338314.0,0.012053010585656956
2025-01-17,29.59,30.0,29.16,29.91,4722603.0,140634686.0,406338314.0,0.011622342361739485
2025-01-20,30.33,30.4,29.55,29.86,4796201.0,144407850.0,406338314.0,0.011803467294989071
2025-01-21,30.15,30.44,29.85,30.27,4606621.0,139617527.0,406338314.0,0.011336910257495433
2025-01-22,30.11,31.96,30.11,31.53,11402000.0,357749797.0,406338314.0,0.028060361543952264
2025-01-23,31.56,34.69,31.49,34.69,12040923.0,415205581.0,406338314.0,0.029632753262839005
2025-01-24,35.11,38.16,34.88,38.16,14240750.0,533130552.0,406338314.0,0.03504653513918946
2025-01-27,41.98,41.98,40.73,41.59,38932878.0,1633913713.0,406338314.0,0.09581394778342266
2025-02-05,37.85,38.61,37.43,37.43,3706300.0,140604302.0,406338314.0,0.00912121715403879
2025-02-06,34.83,39.94,33.69,39.2,36471929.0,1298442318.0,406338314.0,0.08975754375945952
2025-02-07,38.01,40.29,37.67,39.46,25312678.0,994787502.0,406338314.0,0.06229458834639945
2025-02-10,39.3,40.15,38.62,39.32,15743135.0,623854671.0,406338314.0,0.03874390983469996
2025-02-11,39.19,40.99,38.8,39.07,14315606.0,568517149.0,406338314.0,0.03523075601480199
2025-02-12,39.15,39.99,38.39,39.37,12299298.0,484846652.0,406338314.0,0.03026861503392466
2025-02-13,39.11,39.42,37.61,37.69,11356826.0,438151146.0,406338314.0,0.027949188173281635
2025-02-14,37.71,38.61,37.41,37.87,7542189.0,287868469.0,406338314.0,0.018561353286512875
2025-02-17,37.41,37.92,36.76,37.21,9166182.0,342980367.0,406338314.0,0.02255800569177929
2025-02-18,37.21,37.69,36.25,36.52,6902800.0,257085268.0,406338314.0,0.01698781474000997
2025-02-19,36.52,37.29,36.48,37.08,6169335.0,229385004.0,406338314.0,0.015182754831236515
2025-02-20,36.9,37.31,36.32,36.74,5995900.0,221878971.0,406338314.0,0.014755930694736307
2025-02-21,36.79,39.05,36.79,38.66,14866824.0,571238011.0,406338314.0,0.03658730542451382
2025-02-24,38.67,42.53,38.19,42.53,14465283.0,597886471.0,406338314.0,0.03559911163090567
2025-02-25,40.41,46.76,40.2,42.88,26821955.0,1136302172.0,406338314.0,0.0660089242778125
2025-02-26,42.71,42.79,40.8,41.99,15258596.0,639357439.0,406338314.0,0.037551457675241526
2025-02-27,41.62,41.99,39.57,40.35,13380202.0,545955750.0,406338314.0,0.032928723526671914
2025-02-28,39.58,40.18,36.32,36.32,12095700.0,456186227.0,406338314.0,0.029767559649814368
2025-03-03,36.45,36.82,35.17,35.58,7876900.0,284213234.0,406338314.0,0.01938507821834394
2025-03-04,35.08,37.81,34.96,36.72,8547600.0,312902477.0,406338314.0,0.021035673244438377
2025-03-05,38.81,39.3,36.46,37.13,10023960.0,378445020.0,406338314.0,0.024669000324690032
2025-03-06,37.33,38.49,37.14,37.65,8210282.0,310959839.0,406338314.0,0.02020553247656582
2025-03-07,37.54,37.91,36.42,36.69,6616400.0,246723998.0,406338314.0,0.01628298334672915
2025-03-10,36.72,37.73,36.33,37.39,6199449.0,230605133.0,406338314.0,0.015256865489676663
2025-03-11,36.51,37.35,36.0,36.26,6833458.0,250613857.0,406338314.0,0.016817163837520868
2025-03-12,36.69,37.91,36.34,36.98,8673288.0,324711843.0,406338314.0,0.02134499184834438
2025-03-13,37.0,37.65,36.33,36.49,6977045.0,258790780.0,406338314.0,0.017170531942503457
2025-03-14,36.24,38.51,36.1,37.2,9628433.0,362199068.0,406338314.0,0.023695607005939392
2025-03-17,37.36,39.27,37.36,37.96,10161733.0,390491794.0,406338314.0,0.025008060155508743
2025-03-18,37.96,38.16,37.1,37.45,5585906.0,210665965.0,406338314.0,0.013746934038811807
2025-03-19,37.12,37.19,35.94,36.0,6789710.0,247640190.0,406338314.0,0.016709499857795837
2025-03-20,35.96,36.22,35.72,35.88,3550124.0,128319752.0,406338314.0,0.008736867476395543
2025-03-21,35.63,35.96,35.09,35.09,4113479.0,146468993.0,406338314.0,0.010123286085200422
2025-03-24,35.03,35.42,33.73,34.71,7233312.0,248594848.0,406338314.0,0.017801205918278235
2025-03-25,34.55,34.98,33.57,33.8,4320000.0,148155904.0,406338314.0,0.010631534982448149
2025-03-26,33.71,34.16,33.69,33.88,2401900.0,81995325.0,406338314.0,0.0059110842301718074
2025-03-27,33.93,34.34,33.48,33.95,3124454.0,106724410.0,406338314.0,0.007689292130104177
2025-03-28,33.95,34.21,33.47,33.64,2319000.0,78662400.0,406338314.0,0.005707067042661402
2025-03-31,33.64,34.76,33.37,33.68,4479483.0,152755881.0,406338314.0,0.011024023198560596
2025-04-01,33.78,34.21,33.49,33.85,3356591.0,114095373.0,406338314.0,0.008260582092192272
2025-04-02,33.89,34.93,33.74,34.19,4233383.0,145797289.0,406338314.0,0.010418370245046594
2025-04-03,33.34,34.12,33.33,33.83,3617400.0,123027491.0,406338314.0,0.008902433945719428
2025-04-07,31.84,32.73,30.45,30.45,6044800.0,190237028.0,406338314.0,0.014876273764329297
2025-04-08,30.44,30.84,28.83,29.79,6100001.0,182064034.0,406338314.0,0.01501212361677516
2025-04-09,29.34,30.5,27.93,30.14,6758878.0,198898306.0,406338314.0,0.01663362219886555
2025-04-10,30.85,31.77,30.85,31.07,5422301.0,170605958.0,406338314.0,0.013344301566403606
2025-04-11,30.85,31.88,30.73,31.37,3953902.0,124840620.0,406338314.0,0.009730566534761967
2025-04-14,31.91,32.05,31.21,31.28,3539361.0,111859978.0,406338314.0,0.008710379696067746
2025-04-15,31.29,31.34,30.63,30.89,2755100.0,85383542.0,406338314.0,0.006780310655125669
2025-04-16,30.52,30.83,29.9,30.25,2358000.0,71823273.0,406338314.0,0.005803046177919614
2025-04-17,29.96,30.52,29.77,29.8,3091500.0,93404425.0,406338314.0,0.007608192221814455
2025-04-18,29.8,30.75,29.58,30.34,5379560.0,163859242.0,406338314.0,0.013239115817171009
2025-04-21,30.65,31.13,30.19,30.92,3690300.0,114369267.0,406338314.0,0.009081841098548241
2025-04-22,30.7,30.86,30.5,30.56,2329088.0,71740789.0,406338314.0,0.005731893645648193
2025-04-23,31.06,31.6,30.85,31.2,3542000.0,111067583.0,406338314.0,0.008716874284220218
2025-04-24,31.09,31.96,30.92,31.58,5503501.0,174706479.0,406338314.0,0.01354413504801814
2025-04-25,31.58,33.04,31.56,31.59,3967758.0,127837045.0,406338314.0,0.009764666198816782
2025-04-28,31.39,32.44,31.25,32.0,4120300.0,131991222.0,406338314.0,0.010140072589856736
2025-04-29,33.38,33.71,32.12,33.23,8082711.0,266517872.0,406338314.0,0.01989157980312927
2025-04-30,32.78,32.94,31.73,32.7,7521280.0,244328297.0,406338314.0,0.018509896164997132
2025-05-06,33.37,35.32,33.23,34.38,10372404.0,358616024.0,406338314.0,0.02552652221714933
2025-05-07,34.75,34.93,34.05,34.37,5269000.0,182220315.0,406338314.0,0.012967027273731318
2025-05-08,34.31,37.03,34.31,36.34,9379888.0,340588026.0,406338314.0,0.02308393689894574
2025-05-09,35.84,36.1,35.25,35.32,5304102.0,189734495.0,406338314.0,0.013053413417470645
2025-05-12,35.52,35.67,34.98,35.5,5119399.0,181777153.0,406338314.0,0.01259885869389122
2025-05-13,36.82,36.9,35.08,35.2,7077600.0,254866812.0,406338314.0,0.017417998146244215
2025-05-14,35.09,36.3,35.04,35.2,5454500.0,194837812.0,406338314.0,0.013423543417074866
2025-05-15,35.05,35.08,33.82,33.87,5951030.0,204694580.0,406338314.0,0.014645505469120001
2025-05-16,33.97,34.46,33.69,34.11,2516801.0,86408287.0,406338314.0,0.006193855989666778
2025-05-19,34.21,34.36,33.43,33.75,3021500.0,102441643.0,406338314.0,0.0074359219790433055
2025-05-20,33.66,33.83,33.2,33.65,3139033.0,105773785.0,406338314.0,0.0077251710996664716
2025-05-21,33.65,33.81,33.05,33.32,2534630.0,84850732.0,406338314.0,0.00623773322050059
2025-05-22,33.23,33.53,32.83,32.93,2021400.0,67344885.0,406338314.0,0.004974672410537196
2025-05-23,32.94,33.1,32.09,32.17,2714901.0,88869247.0,406338314.0,0.006681380776709134
2025-05-26,32.17,32.46,32.02,32.34,1992442.0,64538151.0,406338314.0,0.004903406672106239
2025-05-27,32.34,32.38,31.99,32.19,1634642.0,52817063.0,406338314.0,0.004022859631198844
2025-05-28,32.45,32.51,32.04,32.35,1953351.0,63384749.0,406338314.0,0.004807203585532424
2025-05-29,32.35,33.11,32.29,32.91,3571139.0,117970205.0,406338314.0,0.008788585464278912
2025-05-30,32.84,32.85,31.68,31.81,3574000.0,115133120.0,406338314.0,0.008795626395201315
2025-06-03,31.78,33.92,31.54,33.12,5987970.0,199023388.0,406338314.0,0.014736414937233804
2025-06-04,33.14,34.23,33.1,34.0,6470520.0,220746342.0,406338314.0,0.01592397216079407
2025-06-05,34.01,34.81,33.44,34.67,5894478.0,202844066.0,406338314.0,0.014506330800988655
2025-06-06,34.76,35.82,34.65,34.76,6501580.0,228541702.0,406338314.0,0.016000410928515098
2025-06-09,34.85,35.13,34.27,34.47,4153300.0,144494752.0,406338314.0,0.010221285704305994
2025-06-10,34.5,34.63,33.88,34.03,3848778.0,132248126.0,406338314.0,0.00947185600617519
2025-06-11,34.13,34.33,33.68,33.68,2754000.0,93861817.0,406338314.0,0.006777603551310694
2025-06-12,33.56,34.55,33.53,33.83,3918300.0,134301164.0,406338314.0,0.009642949889288559
2025-06-13,33.53,33.97,33.08,33.35,3253000.0,109175327.0,406338314.0,0.008005644281922181
2025-06-16,33.24,34.88,33.24,34.71,5648620.0,196166249.0,406338314.0,0.013901273410313948
2025-06-17,34.75,34.83,34.2,34.33,3078600.0,106403841.0,406338314.0,0.007576445277075201
2025-06-18,34.32,34.78,33.98,34.62,2976520.0,102893099.0,406338314.0,0.0073252260430455
2025-06-19,34.66,38.08,34.66,36.92,14584606.0,542393004.0,406338314.0,0.03589276594773684
2025-06-20,36.97,39.3,36.16,38.39,17795018.0,684683001.0,406338314.0,0.04379360101395705
2025-06-23,37.65,38.96,37.41,37.95,9812763.0,374050334.0,406338314.0,0.024149243775225194
2025-06-24,38.34,39.25,37.69,38.09,7429700.0,284760849.0,406338314.0,0.018284517467383105
2025-06-25,38.16,38.91,37.92,38.34,8671901.0,334383364.0,406338314.0,0.021341578436534045
2025-06-26,38.21,39.68,38.01,38.71,9320880.0,364455555.0,406338314.0,0.022938718006296595
2025-06-27,38.71,40.28,37.68,39.58,9439500.0,371425649.0,406338314.0,0.023230642237689652
2025-06-30,39.96,40.9,39.42,40.52,8134700.0,329112726.0,406338314.0,0.020019524912435405
2025-07-01,40.78,40.78,39.4,39.85,4660100.0,186521830.0,406338314.0,0.011468522261969124
2025-07-02,39.8,39.85,38.58,38.91,5929800.0,232653503.0,406338314.0,0.014593258365490979
2025-07-03,39.01,39.47,38.55,39.19,3877183.0,152316955.0,406338314.0,0.009541760809688254
2025-07-04,39.08,39.27,37.84,37.96,7920355.0,304050340.0,406338314.0,0.0194920211240528
2025-07-07,37.31,38.11,37.13,37.4,4212900.0,158415841.0,406338314.0,0.010367961511008288
2025-07-08,37.4,39.6,37.21,39.17,7721600.0,299887581.0,406338314.0,0.0190028843797388
2025-07-09,39.11,39.11,38.33,38.47,4044125.0,157271758.0,406338314.0,0.009952605650669702
2025-07-10,38.47,39.8,38.25,38.85,7286619.0,285937235.0,406338314.0,0.017932394630155404
2025-07-11,38.81,39.52,38.41,38.42,5153003.0,200781838.0,406338314.0,0.012681558254435244
2025-07-14,38.31,39.86,38.18,39.16,6681511.0,264031582.0,406338314.0,0.01644322174354447
2025-07-15,39.06,39.97,38.75,39.21,7261100.0,287810777.0,406338314.0,0.017869592282651448
2025-07-16,39.35,40.69,39.02,39.2,9353100.0,374019641.0,406338314.0,0.023018011538040686
2025-07-17,38.33,43.13,38.33,43.13,12024261.0,498531825.0,406338314.0,0.029591748023052533
2025-07-18,43.19,44.55,42.17,42.26,17493366.0,759286859.0,406338314.0,0.04305123439577987
2025-07-21,41.67,43.2,41.59,41.75,12614210.0,535213442.0,406338314.0,0.03104361455808964
2025-07-22,41.6,43.44,41.16,41.22,10849901.0,457078719.0,406338314.0,0.026701643990184987
2025-07-23,40.85,42.01,40.22,41.13,9977200.0,412530949.0,406338314.0,0.024553923802518904
2025-07-24,41.47,41.64,40.22,40.4,8839410.0,361423888.0,406338314.0,0.02175381866648194
2025-07-25,40.01,40.78,39.81,40.11,8118000.0,328437097.0,406338314.0,0.019978426154517146
2025-07-28,40.65,40.91,39.92,40.2,8994596.0,364402019.0,406338314.0,0.022135731950691708
2025-07-29,40.3,44.1,40.02,43.98,20090621.0,850183684.0,406338314.0,0.049443087958473936
2025-07-30,43.08,48.38,42.88,48.38,24825633.0,1149942311.0,406338314.0,0.061095968912249804
2025-07-31,48.64,53.22,48.64,50.6,30328621.0,1586340213.0,406338314.0,0.07463884146548878
2025-08-01,50.09,52.36,48.77,50.48,19666637.0,1002556871.0,406338314.0,0.048399661864029886
2025-08-04,49.66,52.74,49.29,51.56,16296908.0,841374304.0,406338314.0,0.04010674710827294
2025-08-05,53.04,56.72,50.93,56.72,25951827.0,1403521248.0,406338314.0,0.06386753625206999
2025-08-06,54.22,56.05,52.56,52.82,21818589.0,1180213707.0,406338314.0,0.053695623199342214
2025-08-07,52.13,55.69,50.21,53.53,23436147.0,1228668655.0,406338314.0,0.05767643904729102
2025-08-08,53.01,56.6,52.35,55.44,19999424.0,1105627448.0,406338314.0,0.04921865182518821
2025-08-11,54.73,57.46,53.87,54.63,16280200.0,903926484.0,406338314.0,0.04006562866232693
2025-08-12,54.23,56.75,53.45,55.67,14775884.0,819441634.0,406338314.0,0.03636350176911941
2025-08-13,55.81,58.16,54.73,56.95,20517512.0,1162998246.0,406338314.0,0.050493668189999924
2025-08-14,57.31,57.39,52.47,52.49,19055450.0,1035722054.0,406338314.0,0.04689552853733601
2025-08-15,52.74,53.51,52.22,52.98,11968326.0,635673727.0,406338314.0,0.029454091794061044
2025-08-18,52.9,56.53,52.24,55.1,17464342.0,962421457.0,406338314.0,0.042979806231120014
2025-08-19,55.23,60.61,54.91,58.94,22991441.0,1346087827.0,406338314.0,0.05658201603897978
2025-08-20,57.66,61.69,55.92,61.28,20478117.0,1202844543.0,406338314.0,0.050396716958371786
2025-08-21,59.72,60.63,55.49,56.11,20034991.0,1154787805.0,406338314.0,0.04930618233554023
2025-08-22,54.97,60.24,54.93,58.69,18320612.0,1071944703.0,406338314.0,0.04508708967080077
2025-08-25,64.56,64.56,64.56,64.56,4311505.0,279730444.0,406338314.0,0.010610628757986134
2025-08-26,71.01,71.01,69.0,71.01,19251372.0,1362113391.0,406338314.0,0.04737769325882472
2025-08-27,71.94,78.12,69.89,75.35,34825080.0,2595278383.0,406338314.0,0.08570464265892484
2025-08-28,75.35,82.88,75.34,82.88,6018621.0,483633001.0,406338314.0,0.014811847154536355
2025-08-29,91.17,91.17,87.94,91.17,18848268.0,1716225605.0,406338314.0,0.04638565291679583
2025-09-01,92.42,95.72,88.06,91.9,35722978.0,3272648644.0,406338314.0,0.08791437275097815
2025-09-02,90.08,94.92,82.71,82.71,27889542.0,2446423570.0,406338314.0,0.06863625958737428
2025-09-03,83.13,90.98,81.05,90.98,21696630.0,1922364193.0,406338314.0,0.053395481677368975
2025-09-04,96.92,96.92,81.88,85.93,31543680.0,2707713029.0,406338314.0,0.07762910587850694
2025-09-05,83.93,91.22,83.93,89.78,32002276.0,2832967106.0,406338314.0,0.07875771222499092
2025-09-08,83.59,85.93,80.8,83.9,25122621.0,2067807892.0,406338314.0,0.0618268574102515
2025-09-09,83.93,90.51,79.93,88.64,24451687.0,2135575838.0,406338314.0,0.06017568650934551
2025-09-10,91.73,92.92,83.43,87.54,24021991.0,2097355211.0,406338314.0,0.05911820316309133
2025-09-11,88.43,95.28,85.32,93.17,28517488.0,2616303994.0,406338314.0,0.07018163687119103
2025-09-12,89.89,92.8,87.94,89.23,23287748.0,2093258839.0,406338314.0,0.05731122859361965
2025-09-15,87.93,91.6,86.04,86.88,17360320.0,1529324445.0,406338314.0,0.04272380772835514
2025-09-16,87.93,95.57,85.78,95.57,20004736.0,1832388481.0,406338314.0,0.04923172467561107
2025-09-17,96.9,104.65,93.32,99.6,30123564.0,2965063493.0,406338314.0,0.07413419547731843
2025-09-18,99.6,109.56,95.92,109.56,26244954.0,2703307580.0,406338314.0,0.06458892281568113
2025-09-19,115.01,120.52,111.82,120.52,24747192.0,2931302737.0,406338314.0,0.060902925339203925
2025-09-22,120.44,120.44,108.47,115.19,31902087.0,3588212980.0,406338314.0,0.07851114674851951
2025-09-23,115.2,119.9,109.92,117.17,23842762.0,2753957717.0,406338314.0,0.05867711997249661
2025-09-24,112.21,113.5,105.51,110.21,18672358.0,2052214311.0,406338314.0,0.045952737796711926
2025-09-25,107.26,112.86,104.95,107.99,15041575.0,1636417382.0,406338314.0,0.03701736824157813
2025-09-26,106.36,110.71,102.92,102.92,13405858.0,1425609453.0,406338314.0,0.03299186303165101
2025-09-29,102.57,107.91,101.92,105.46,11289751.0,1185497404.0,406338314.0,0.02778411636565485
2025-09-30,105.45,106.11,99.64,100.76,13912076.0,1417285919.0,406338314.0,0.03423766728529567
2025-10-09,100.84,102.57,97.62,97.9,11868955.0,1178782829.0,406338314.0,0.029209539418426588
2025-10-10,98.16,98.47,90.57,91.15,15601153.0,1463550493.0,406338314.0,0.038394491640283766
2025-10-13,86.08,89.8,86.08,88.53,9639151.0,849604939.0,406338314.0,0.023721984041111123
2025-10-14,89.44,91.91,84.88,85.11,11126292.0,985274216.0,406338314.0,0.027381843199753002
2025-10-15,85.99,86.61,82.93,85.94,10764597.0,913274707.0,406338314.0,0.026491710550337125
2025-10-16,85.71,87.81,85.03,85.59,7790115.0,673059970.0,406338314.0,0.019171500032359734
2025-10-17,89.93,89.93,82.16,82.53,14426359.0,1214712054.0,406338314.0,0.035503319531911035
2025-10-20,84.18,85.87,81.17,82.26,12828960.0,1072822459.0,406338314.0,0.03157211505287685
2025-10-21,82.42,90.49,81.47,87.91,25689904.0,2228778391.0,406338314.0,0.06322294284067931
2025-10-22,86.67,93.17,85.41,91.51,22468453.0,1995135382.0,406338314.0,0.05529494075717408
2025-10-23,89.86,89.86,83.31,85.41,17265612.0,1478904258.0,406338314.0,0.04249073101189271
2025-10-24,86.63,92.11,84.68,89.82,19429723.0,1730169478.0,406338314.0,0.04781661568837439
2025-10-27,91.42,94.92,90.57,93.3,20485216.0,1908645178.0,406338314.0,0.05041418762199225
2025-10-28,94.11,95.21,90.71,91.19,14925210.0,1384143843.0,406338314.0,0.03673099357300577
2025-10-29,91.19,92.25,87.75,90.93,13684697.0,1229731521.0,406338314.0,0.03367808677770908
2025-10-30,89.94,91.75,87.33,88.43,10171263.0,909216593.0,406338314.0,0.0250315135185603
2025-10-31,86.93,87.32,83.73,84.82,11062017.0,942026955.0,406338314.0,0.027223662201837064
2025-11-03,83.94,85.61,82.83,84.99,7542201.0,636274761.0,406338314.0,0.018561382818554493
2025-11-04,85.51,85.51,81.93,82.51,5800556.0,482205843.0,406338314.0,0.0142751884332522
2025-11-05,80.93,83.93,80.2,80.68,9334714.0,758936570.0,406338314.0,0.02297276352827511
2025-11-06,80.68,83.92,80.68,83.13,9347095.0,772057673.0,406338314.0,0.02300323321221439
2025-11-07,81.93,82.72,80.13,81.66,6976053.0,568249317.0,406338314.0,0.017168090627063044
2025-11-10,80.72,81.93,77.97,79.88,8722618.0,692371589.0,406338314.0,0.02146639314942868
2025-11-11,81.14,81.7,78.65,79.32,7563596.0,606934715.0,406338314.0,0.01861403598775576
2025-11-12,79.33,79.71,76.7,78.19,6242523.0,485990374.0,406338314.0,0.015362870753064157
2025-11-13,78.14,78.99,77.32,78.29,5502866.0,430152505.0,406338314.0,0.013542572310815858
2025-11-14,77.16,82.55,76.12,79.37,15041588.0,1199514764.0,406338314.0,0.03701740023462321
2025-11-17,78.38,82.93,78.34,81.03,12758949.0,1029005626.0,406338314.0,0.03139981773906755
2025-11-18,80.24,83.39,78.56,81.13,14837871.0,1202668366.0,406338314.0,0.0365160519911002
2025-11-19,81.37,86.43,80.11,83.61,20769668.0,1733886202.0,406338314.0,0.0511142249805171
2025-11-20,85.93,86.51,77.94,78.35,16659222.0,1339632380.0,406338314.0,0.040998403118835604
2025-11-21,73.94,74.88,72.22,72.78,10848815.0,797925562.0,406338314.0,0.026698971340418567
2025-11-24,74.14,75.36,72.64,73.58,8348572.0,615453250.0,406338314.0,0.02054586464617757
2025-11-25,74.9,80.93,74.55,80.93,9453380.0,743367604.0,406338314.0,0.0232648009658277
2025-11-26,82.93,89.03,82.26,85.57,30420311.0,2596842901.0,406338314.0,0.0748644908734843
2025-11-27,85.4,93.4,84.69,87.23,27852528.0,2451651587.0,406338314.0,0.06854516800500383
2025-11-28,84.93,90.89,84.43,87.01,19966446.0,1733446165.0,406338314.0,0.049137492852815254
2025-12-01,87.05,87.41,85.01,85.5,12476916.0,1070471947.0,406338314.0,0.03070573354793218
2025-12-02,83.93,84.53,82.37,83.04,10824688.0,902738108.0,406338314.0,0.026639594709742285
2025-12-03,83.5,85.33,82.6,82.95,10352801.0,869222653.0,406338314.0,0.025478279166163003
2025-12-04,81.49,83.61,80.53,82.57,9178674.0,755032377.0,406338314.0,0.022588748547103535
2025-12-05,82.33,84.86,80.71,83.56,11477452.0,956932715.0,406338314.0,0.028246049177631818
2025-12-08,83.58,91.42,83.57,88.24,22576105.0,1992249252.0,406338314.0,0.055559872702528365
2025-12-09,88.31,90.95,87.74,89.41,19575065.0,1752723268.0,406338314.0,0.0481743028544436
2025-12-10,88.86,98.35,87.5,98.35,30978871.0,2898314319.0,406338314.0,0.07623910897065936
2025-12-11,101.92,105.97,95.88,101.19,33174537.0,3387586911.0,406338314.0,0.0816426506115788
2025-12-12,98.89,107.91,98.42,105.63,27414785.0,2843963628.0,406338314.0,0.06746788096384138
2025-12-15,101.31,101.32,95.07,95.07,20828859.0,2009841386.0,406338314.0,0.05125989423680091
2025-12-16,94.24,94.74,88.24,89.23,20378140.0,1848441344.0,406338314.0,0.05015067321463563
2025-12-17,92.92,98.15,92.92,98.15,23778984.0,2300456884.0,406338314.0,0.05852016209330435
2025-12-18,101.92,107.96,101.92,107.96,29292531.0,3139669428.0,406338314.0,0.07208902038216362
2025-12-19,109.91,118.68,104.91,115.4,37516780.0,4262515508.0,406338314.0,0.09232892569416921
2025-12-22,117.7,126.95,117.7,126.95,10806091.0,1331941101.0,406338314.0,0.02659382742824493
2025-12-23,124.85,127.94,121.9,125.97,26726896.0,3346172489.0,406338314.0,0.06577498374913275
2025-12-24,124.9,131.39,123.45,130.39,22513628.0,2895742744.0,406338314.0,0.05540611658884818
2025-12-25,128.88,129.88,122.27,124.9,20267998.0,2529801643.0,406338314.0,0.04987961337064562
2025-12-26,123.9,124.4,119.37,121.76,16049420.0,1953629347.0,406338314.0,0.03949767828194513
2025-12-29,119.89,122.9,118.9,120.65,11282991.0,1358176778.0,406338314.0,0.027767479982210096
2025-12-30,118.92,123.9,118.91,119.2,12893758.0,1564255688.0,406338314.0,0.03173158315560663
2025-12-31,120.44,120.9,115.45,116.26,13329773.0,1560707471.0,406338314.0,0.03280461758277611
2026-01-05,117.9,118.27,113.36,115.1,10659810.0,1230580885.0,406338314.0,0.026233829379919117
2026-01-06,114.32,114.69,111.99,113.83,10949939.0,1240513405.0,406338314.0,0.026947837855132706
2026-01-07,114.46,121.12,114.02,117.66,22086294.0,2593476107.0,406338314.0,0.0543544461327858
2026-01-08,116.49,116.9,111.39,111.54,16141671.0,1822919080.0,406338314.0,0.03972470831288629
2026-01-09,109.91,113.53,108.8,111.94,12011177.0,1337314002.0,406338314.0,0.029559548253675138
2026-01-12,111.8,111.86,107.8,110.39,11487757.0,1262364269.0,406338314.0,0.0282714098183712
2026-01-13,109.89,111.57,106.55,107.11,11109094.0,1206961630.0,406338314.0,0.027339518862107597
2026-01-14,109.21,109.64,105.24,107.11,11980706.0,1287592550.0,406338314.0,0.029484559016996856
2026-01-15,105.76,109.01,105.32,108.28,10089695.0,1083633954.0,406338314.0,0.024830774387669483
2026-01-16,111.01,116.76,111.01,114.31,21622732.0,2481447953.0,406338314.0,0.05321361844307894
2026-01-19,124.69,125.4,116.85,117.73,23418404.0,2834265805.0,406338314.0,0.05763277346275547
2026-01-20,117.9,122.13,112.47,118.3,18136596.0,2133054580.0,406338314.0,0.04463422565660397
2026-01-21,114.99,121.7,112.91,114.08,17691598.0,2068666348.0,406338314.0,0.04353908403528002
2026-01-22,113.88,114.76,109.09,110.04,12130444.0,1342166121.0,406338314.0,0.029853064754312094
2026-01-23,112.36,118.18,111.91,112.49,17570487.0,2019556590.0,406338314.0,0.04324102944424778
2026-01-26,113.73,123.74,112.49,123.74,14380688.0,1749332916.0,406338314.0,0.03539092304251673
2026-01-27,122.9,127.89,115.5,126.5,25568632.0,3127450030.0,406338314.0,0.0629244920280887
2026-01-28,139.15,139.15,128.09,135.19,29372241.0,3955003501.0,406338314.0,0.0722851869686106
2026-01-29,131.93,135.89,128.89,135.45,21197826.0,2813350060.0,406338314.0,0.052167923303437246
2026-01-30,132.88,149.0,131.56,149.0,22099274.0,3157220794.0,406338314.0,0.054386389957802504
2026-02-02,150.88,163.89,150.88,158.86,28567201.0,4531123094.0,406338314.0,0.07030398073660364
2026-02-03,159.87,168.36,155.87,165.08,21902314.0,3543742533.0,406338314.0,0.05390167071471385
2026-02-04,163.06,175.22,162.61,173.37,20647108.0,3520243632.0,406338314.0,0.050812604395459496
2026-02-05,164.69,169.06,156.87,161.63,16602823.0,2694834854.0,406338314.0,0.04085960498423489
2026-02-06,160.52,177.79,160.52,174.63,21213865.0,3702162143.0,406338314.0,0.05220739533806305
2026-02-09,181.15,192.09,171.09,192.09,19469552.0,3589992340.0,406338314.0,0.04791463499550771
2026-02-10,198.21,211.31,198.21,211.31,15565859.0,3239913113.0,406338314.0,0.03830763298387855
2026-02-11,207.91,225.68,207.91,218.08,20342832.0,4459299037.0,406338314.0,0.05006378010418186
2026-02-12,220.82,229.58,209.98,226.81,16956487.0,3773093912.0,406338314.0,0.041729973314797976
2026-02-13,224.81,226.8,211.03,213.21,16041942.0,3461357082.0,406338314.0,0.03947927489801023
2026-02-24,227.81,234.54,220.85,234.54,11923862.0,2735330606.0,406338314.0,0.029344665735852808
2026-02-25,239.8,244.68,218.33,228.36,20346910.0,4640757119.0,406338314.0,0.05007381607632501
2026-02-26,232.81,248.67,232.81,236.01,21625348.0,5192177527.0,406338314.0,0.05322005642815164
2026-02-27,222.91,237.75,214.9,231.12,19834378.0,4468564168.0,406338314.0,0.04881247304678239
2026-03-02,227.43,254.23,224.46,242.22,21467664.0,5278706821.0,406338314.0,0.05283199555727841
2026-03-03,242.32,253.66,234.81,235.81,18400158.0,4484926836.0,406338314.0,0.04528285265267897
2026-03-04,226.68,245.57,223.82,228.08,14035119.0,3232836713.0,406338314.0,0.0345404765350284
2026-03-05,232.81,235.82,219.41,223.18,14293877.0,3206240649.0,406338314.0,0.035177280870442355
2026-03-06,219.56,221.48,211.41,213.02,13741473.0,2949733046.0,406338314.0,0.03381781271061729
2026-03-09,204.61,211.74,195.96,211.74,13685937.0,2776506907.0,406338314.0,0.03368113842200959
2026-03-10,217.07,232.91,214.07,232.91,17054301.0,3800169466.0,406338314.0,0.04197069390803251
2026-03-11,244.55,256.2,244.46,249.8,24669630.0,6231166369.0,406338314.0,0.06071204498820655
2026-03-12,244.81,266.44,242.62,244.8,19616736.0,4947694783.0,406338314.0,0.048276855329965264
2026-03-13,243.58,254.76,240.86,241.7,15910513.0,3922417649.0,406338314.0,0.039155827673193526
2026-03-16,241.8,244.8,227.81,232.81,15235142.0,3564502701.0,406338314.0,0.03749373729989931
2026-03-17,232.79,232.79,213.62,215.63,16621603.0,3644213169.0,406338314.0,0.040905822629366914
2026-03-18,220.82,224.18,214.49,222.75,13780837.0,3026259669.0,406338314.0,0.03391468765113791
2026-03-19,211.83,222.75,211.83,215.75,10539010.0,2285693391.0,406338314.0,0.025936540160965475
2026-03-20,222.12,233.41,214.9,216.7,20501490.0,4588502592.0,406338314.0,0.05045423799243307
2026-03-23,213.36,222.46,209.43,211.93,14324645.0,3093159037.0,406338314.0,0.03525300102515068
2026-03-24,216.16,233.12,212.61,233.12,19516951.0,4320966944.0,406338314.0,0.04803128409889499
2026-03-25,245.8,256.43,242.8,256.43,21614004.0,5462444335.0,406338314.0,0.053192138804808844
2026-03-26,258.23,276.27,253.86,268.66,21681184.0,5743583517.0,406338314.0,0.05335746901779978
2026-03-27,257.79,279.43,252.04,274.03,20566185.0,5461666609.0,406338314.0,0.05061345261180564
2026-03-30,269.06,301.44,269.06,301.44,14917278.0,4346270139.0,406338314.0,0.03671147289349633
2026-03-31,299.75,319.74,286.77,309.23,21301014.0,6489851046.0,406338314.0,0.052421869329309666
2026-04-01,319.74,319.74,290.76,307.75,18290081.0,5554795109.0,406338314.0,0.0450119527739144
2026-04-02,304.65,338.52,304.65,332.22,19214226.0,6337712570.0,406338314.0,0.04728627682399647
2026-04-03,338.85,363.33,329.73,352.21,18651875.0,6523095991.0,406338314.0,0.04590232906267362
2026-04-07,351.21,367.7,345.71,356.81,17236472.0,6114347425.0,406338314.0,0.04241901737083056
2026-04-08,361.9,364.8,341.22,361.8,21878297.0,7734318439.0,406338314.0,0.05384256479441907
2026-04-09,354.57,397.98,352.71,397.98,21458321.0,8098605833.0,406338314.0,0.0528090024018754
2026-04-10,391.68,396.2,369.7,384.06,24883268.0,9500278889.0,406338314.0,0.061237808847137164
2026-04-13,371.69,375.57,359.7,368.88,23044209.0,8425001819.0,406338314.0,0.0567118782699876
2026-04-14,369.69,376.45,359.71,364.2,17459379.0,6413161413.0,406338314.0,0.04296759227090754
2026-04-15,359.82,371.49,351.71,358.31,17089867.0,6192221276.0,406338314.0,0.04205822195738106
2026-04-16,349.71,372.74,345.71,368.22,18079926.0,6539563617.0,406338314.0,0.04449476059006338
2026-04-17,367.14,372.33,360.05,365.59,15223111.0,5564071058.0,406338314.0,0.03746412896717389
2026-04-20,373.92,401.65,373.92,384.68,21011604.0,8151820599.0,406338314.0,0.051709630315589686
2026-04-21,376.99,386.34,360.22,381.27,15460824.0,5790020755.0,406338314.0,0.03804914148460044
2026-04-22,381.97,417.62,381.97,411.66,20262863.0,8180956317.0,406338314.0,0.04986697611783662
2026-04-23,410.86,422.53,381.19,384.7,21328566.0,8530146002.0,406338314.0,0.05248967489686439
2026-04-24,378.08,384.68,364.05,367.86,16406462.0,6118799352.0,406338314.0,0.040376359882223656
2026-04-27,377.69,393.68,373.78,377.19,17541034.0,6726492688.0,406338314.0,0.043168545509100084
2026-04-28,370.2,380.85,367.7,373.18,11231914.0,4196142921.0,406338314.0,0.027641779308066924
2026-04-29,364.7,375.68,357.8,370.21,12297447.0,4518087120.0,406338314.0,0.030264059716505098
2026-04-30,358.8,364.7,336.71,353.61,20776927.0,7244593592.0,406338314.0,0.051132089404692466
2026-05-06,361.7,369.7,353.21,360.75,17378892.0,6286263257.0,406338314.0,0.0427695134847658
2026-05-07,379.8,391.68,367.88,388.88,20203523.0,7725768833.0,406338314.0,0.04972094017203605
2026-05-08,373.07,404.67,372.69,396.9,19456188.0,7575673697.0,406338314.0,0.04788174614515923
2026-05-11,404.07,404.66,384.68,399.98,19399908.0,7699948538.0,406338314.0,0.047743240869971226
2026-05-12,405.72,429.65,405.67,411.12,17859226.0,7451922398.0,406338314.0,0.04395161712464063
2026-05-13,392.68,412.64,392.68,406.62,13853362.0,5614482467.0,406338314.0,0.034093171927666165
2026-05-14,410.48,419.33,398.39,404.37,14203067.0,5803734204.0,406338314.0,0.03495379714549881
2026-05-15,399.68,404.37,366.36,374.14,15527576.0,5918609602.0,406338314.0,0.03821341838810701
2026-05-18,367.7,401.66,367.2,399.15,16529908.0,6488808575.0,406338314.0,0.04068016091635405
2026-05-19,395.16,398.65,376.68,397.57,12450134.0,4850579365.0,406338314.0,0.030639822953047936
2026-05-20,396.57,406.09,381.7,397.62,12964466.0,5122592205.0,406338314.0,0.031905595788833244
2026-05-21,397.62,401.7,373.69,375.49,13743500.0,5323180020.0,406338314.0,0.03382280116464725
2026-05-22,379.69,389.66,375.55,388.34,10080227.0,3872286920.0,406338314.0,0.024807473606832952
2026-05-25,388.34,389.56,377.74,385.71,10855724.0,4154673434.0,406338314.0,0.026715974413380077
2026-05-26,383.68,384.67,358.18,363.63,14989738.0,5477698884.0,406338314.0,0.03688979720479915
2026-05-27,362.69,374.69,359.77,365.8,11470695.0,4209160458.0,406338314.0,0.028229420177197467
2026-05-28,360.36,372.69,351.08,370.24,11644350.0,4228194963.0,406338314.0,0.02865678573446067
2026-05-29,369.67,406.66,364.7,402.48,25333692.0,9891327972.0,406338314.0,0.06234630387327935
2026-06-01,399.66,399.66,366.7,371.27,18322340.0,6984984727.0,406338314.0,0.04509134228479375
2026-06-02,372.8,408.4,368.28,408.4,19754083.0,7838952148.0,406338314.0,0.04861486677330654
2026-06-03,422.65,449.24,420.64,444.62,21177245.0,9383791868.0,406338314.0,0.05211727339105906
2026-06-04,434.54,469.6,432.64,455.51,19068468.0,8763817198.0,406338314.0,0.04692756588048451
2026-06-05,455.57,486.7,435.65,441.31,20317467.0,9412681118.0,406338314.0,0.050001356751212
2026-06-08,405.67,461.92,405.67,439.94,18911367.0,8228761082.0,406338314.0,0.046540939774633215
2026-06-09,453.63,483.93,446.73,483.93,17308172.0,8097716960.0,406338314.0,0.04259547131949758
2026-06-10,481.6,494.59,444.63,452.32,17984511.0,8371310562.0,406338314.0,0.04425994394414896
2026-06-11,443.31,459.58,430.74,442.15,11659593.0,5163895556.0,406338314.0,0.02869429881032582
2026-06-12,456.13,462.08,432.15,436.14,14907052.0,6630991955.0,406338314.0,0.03668630667203093
2026-06-15,439.64,452.51,420.66,449.93,14637452.0,6454327333.0,406338314.0,0.03602282013701519
2026-06-16,449.94,474.6,446.63,463.72,15003029.0,6973395676.0,406338314.0,0.036922506401894456
2026-06-17,451.64,464.31,445.01,460.12,13368118.0,6095028482.0,406338314.0,0.03289898476076268
2026-06-18,454.63,482.18,454.61,471.16,15895122.0,7461804586.0,406338314.0,0.03911795036881509
2026-06-22,494.37,518.28,489.7,518.28,8466096.0,4335875886.0,406338314.0,0.020835091617769523
2026-06-23,554.54,570.11,539.02,570.11,23056210.0,12928875317.0,406338314.0,0.05674141277260898
2026-06-24,557.74,593.51,552.72,579.52,18930229.0,10782440767.0,406338314.0,0.04658735922204964
2026-06-25,597.51,599.51,564.53,574.53,18012020.0,10446669334.0,406338314.0,0.04432764368855456
2026-06-26,564.6,581.52,532.56,542.55,15583536.0,8604797386.0,406338314.0,0.0383511361421852
2026-06-29,542.55,548.74,489.6,526.67,14210934.0,7409155682.0,406338314.0,0.03497315785978282
2026-06-30,539.56,549.45,522.26,545.45,12172821.0,6582570769.0,406338314.0,0.029957354698282278
2026-07-01,534.56,542.42,499.69,508.09,13503422.0,7040185121.0,406338314.0,0.033231968374018504
2026-07-02,479.61,495.09,460.61,463.99,11819804.0,5621137861.0,406338314.0,0.02908857863696309
2026-07-03,459.62,491.59,454.63,474.69,12467093.0,5929147482.0,406338314.0,0.03068155911086445
2026-07-06,488.6,488.6,428.65,441.58,13657675.0,6136207973.0,406338314.0,0.03361158554199248
2026-07-07,434.64,448.19,417.94,428.81,12572929.0,5428316253.0,406338314.0,0.030942021873920558
2026-07-08,433.95,438.8,407.34,409.66,10374858.0,4350655903.0,406338314.0,0.025532561519660192
2026-07-09,418.45,441.59,400.1,440.9,16019306.0,6769424559.0,406338314.0,0.039423567623504976
2026-07-10,440.9,466.6,414.59,414.69,18271456.0,8114342660.0,406338314.0,0.04496611658431993
2026-07-13,405.27,412.68,378.06,381.56,14036965.0,5516394625.0,406338314.0,0.03454501954743062
2026-07-14,381.55,402.64,370.7,399.85,13342487.0,5183496756.0,406338314.0,0.03283590678087029
2026-07-15,439.84,439.84,420.67,425.1,24158559.0,10494956933.0,406338314.0,0.05945429748473091
2026-07-16,390.88,412.74,383.68,401.41,16850841.0,6751771663.0,406338314.0,0.04146997814240082
2026-07-17,384.68,394.03,361.27,361.27,10225819.0,3788312531.0,406338314.0,0.0251657760237692
2026-07-20,370.39,396.55,345.93,381.69,22780524.0,8489532298.0,406338314.0,0.05606294857048602
2026-07-21,378.95,408.26,343.52,406.05,26978308.0,10104965233.0,406338314.0,0.06639370955306961
2026-07-22,386.88,396.67,365.7,365.75,19569692.0,7497944392.0,406338314.0,0.04816107988280918
2026-07-23,366.5,376.74,349.71,355.83,12637944.0,4584497778.0,406338314.0,0.031102024014402933
2026-07-24,345.71,351.71,329.23,331.38,14294067.0,4842097277.0,406338314.0,0.035177748461101305
2026-07-27,325.73,337.95,319.94,335.61,12424894.0,4099738772.0,406338314.0,0.030577707225511598
2026-07-28,323.93,328.71,302.05,302.05,10725197.0,3362576772.0,406338314.0,0.02639474701369165
2026-07-29,299.75,301.74,271.89,281.47,15918148.0,4483672162.0,406338314.0,0.039174617434672925
2026-07-30,281.47,291.76,255.34,262.44,14414196.0,3906493873.0,406338314.0,0.035473386346727816
2026-07-31,284.77,287.72,270.78,271.28,14432932.0,4046343704.0,406338314.0,0.035519495707707245
2026-08-03,270.59,275.34,258.79,262.08,8900874.0,2363108940.0,406338314.0,0.021905081783648882
2026-08-04,266.78,286.64,263.81,283.77,14147429.0,3922713483.0,406338314.0,0.03481687183453736
2026-08-05,269.78,312.14,268.78,312.14,15714045.0,4609200477.0,406338314.0,0.038672319243811204
2026-08-06,310.3,332.73,310.24,327.98,18989547.0,6111282207.0,406338314.0,0.04673334102577391
2026-08-07,327.77,344.72,326.61,338.41,16076415.0,5413294765.0,406338314.0,0.03956411307056809
2026-08-10,344.72,355.21,329.73,342.81,13956367.0,4760615205.0,406338314.0,0.034346667589903915
2026-08-11,333.72,343.72,325.29,335.64,10092628.0,3377442323.0,406338314.0,0.024837992510841594
2026-08-12,341.72,349.51,333.72,345.51,11028035.0,3791268598.0,406338314.0,0.027140032381982076
2026-08-13,351.71,356.21,336.93,337.23,11926034.0,4158867617.0,406338314.0,0.02935001103538565
2026-08-14,342.72,362.7,338.32,354.89,14623491.0,5121248761.0,406338314.0,0.03598846206759621
2026-08-17,355.71,382.71,355.71,376.23,14901043.0,5478836150.0,406338314.0,0.03667151850219076
2026-08-18,376.23,397.67,370.7,383.28,15364961.0,5940701063.0,406338314.0,0.03781322230913229
2026-08-19,364.12,367.71,344.96,344.96,13011565.0,4627481978.0,406338314.0,0.032021506591180075
2026-08-20,349.37,364.46,340.54,357.7,12190158.0,4329116987.0,406338314.0,0.030000021115409756
2026-08-21,355.0,366.9,350.88,363.6,9843919.0,3545818635.0,406338314.0,0.024225918799279163
2026-08-24,370.92,379.6,358.58,379.19,16010819.0,5922870428.0,406338314.0,0.039402681087070714
2026-08-25,360.0,411.11,345.01,394.5,20903179.0,8066645578.0,406338314.0,0.05144279601455451
2026-08-26,393.0,414.0,386.5,388.02,18684002.0,7504866467.0,406338314.0,0.04598139372109518
2026-08-27,393.0,426.82,393.0,426.82,14757480.0,6145393362.0,406338314.0,0.03631820946129141
2026-08-28,430.99,444.13,419.5,422.36,21342189.0,9189036932.0,406338314.0,0.05252320114711112
2026-08-31,405.0,420.88,405.0,418.57,13522176.0,5570743812.0,406338314.0,0.03327812203306036
2026-09-01,412.38,412.66,395.56,400.03,10879747.0,4376706106.0,406338314.0,0.026775095099695667
2026-09-02,392.59,413.68,389.0,407.8,12578735.0,5088682137.0,406338314.0,0.03095631046005669
2026-09-03,412.0,413.0,385.0,393.46,11876821.0,4704891675.0,406338314.0,0.029228897671707128
2026-09-04,399.66,400.71,374.5,378.8,10015799.0,3861153302.0,406338314.0,0.024648916075386385
2026-09-07,390.0,404.0,383.38,400.51,12472456.0,4912282839.0,406338314.0,0.03069475747246419
2026-09-08,400.88,423.8,397.0,416.85,15618084.0,6453939210.0,406338314.0,0.03843615889000317
2026-09-09,430.0,458.54,428.1,442.03,19841415.0,8886271897.0,406338314.0,0.048829791128187826
2026-09-10,437.32,443.98,430.99,435.74,11356252.0,4967840426.0,406338314.0,0.027947775557290912
2026-09-11,428.0,475.52,428.0,473.99,18773550.0,8447753026.0,406338314.0,0.046201771659661904
2026-09-14,450.0,473.89,436.66,459.66,15281387.0,6977705776.0,406338314.0,0.03760754640528434
2026-09-15,446.34,468.8,442.68,462.0,11859346.0,5397815433.0,406338314.0,0.029185891636101045
2026-09-16,453.03,478.0,453.03,461.0,12947260.0,6055233409.0,406338314.0,0.03186325176316009
2026-09-17,458.16,478.0,458.0,467.03,12906484.0,6041105484.0,406338314.0,0.031762901885742434
2026-09-18,475.01,475.5,450.18,454.99,14093890.0,6442518859.0,406338314.0,0.034685112169855585
2026-09-21,460.0,468.77,455.0,458.99,9642836.0,4444523262.0,406338314.0,0.02373105283889129
2026-09-22,469.0,483.8,443.5,456.6,14877782.0,6956934520.0,406338314.0,0.03661427310051791
2026-09-23,450.8,465.88,445.83,457.89,10492015.0,4796508102.0,406338314.0,0.02582088530297933
2026-09-24,453.63,454.65,437.99,438.0,8533365.0,3786028058.0,406338314.0,0.021000640860069128
