date,open,high,low,close,volume,amount,outstanding_share,turnover
2003-08-22,1.21,1.23,1.18,1.18,14084995.0,187227389.0,35000000.0,0.4024284285714286
2003-08-25,1.16,1.16,1.1,1.11,5195769.0,64723456.0,35000000.0,0.14845054285714285
2003-08-26,1.11,1.14,1.1,1.12,2200776.0,27155466.0,35000000.0,0.06287931428571429
2003-08-27,1.12,1.12,1.09,1.09,2199882.0,26688368.0,35000000.0,0.06285377142857143
2003-08-28,1.09,1.1,1.07,1.08,1638855.0,19620045.0,35000000.0,0.04682442857142857
2003-08-29,1.07,1.13,1.07,1.1,1560702.0,19017482.0,35000000.0,0.044591485714285714
2003-09-01,1.1,1.17,1.09,1.15,3260563.0,40849971.0,35000000.0,0.09315894285714285
2003-09-02,1.15,1.19,1.14,1.15,5041171.0,65038450.0,35000000.0,0.14403345714285715
2003-09-03,1.15,1.16,1.13,1.14,1682783.0,21161919.0,35000000.0,0.04807951428571428
2003-09-04,1.14,1.16,1.13,1.13,1086304.0,13646029.0,35000000.0,0.03103725714285714
2003-09-05,1.13,1.13,1.1,1.1,1318696.0,16173927.0,35000000.0,0.03767702857142857
2003-09-08,1.1,1.11,1.09,1.1,556736.0,6755621.0,35000000.0,0.015906742857142858
2003-09-09,1.11,1.11,1.09,1.09,482169.0,5835641.0,35000000.0,0.013776257142857143
2003-09-10,1.09,1.1,1.09,1.1,437121.0,5273503.0,35000000.0,0.012489171428571429
2003-09-11,1.1,1.1,1.08,1.09,441749.0,5324241.0,35000000.0,0.0126214
2003-09-12,1.09,1.09,1.06,1.07,1199642.0,14171864.0,35000000.0,0.034275485714285715
2003-09-15,1.06,1.07,1.05,1.06,591711.0,6923568.0,35000000.0,0.01690602857142857
2003-09-16,1.06,1.09,1.06,1.08,528337.0,6250809.0,35000000.0,0.015095342857142858
2003-09-17,1.07,1.08,1.05,1.06,368285.0,4339201.0,35000000.0,0.010522428571428571
2003-09-18,1.05,1.07,1.05,1.06,418692.0,4905217.0,35000000.0,0.01196262857142857
2003-09-19,1.06,1.07,1.06,1.07,390140.0,4575950.0,35000000.0,0.011146857142857142
2003-09-22,1.07,1.08,1.07,1.07,281656.0,3332059.0,35000000.0,0.008047314285714285
2003-09-23,1.07,1.08,1.06,1.07,227428.0,2682244.0,35000000.0,0.006497942857142857
2003-09-24,1.08,1.08,1.07,1.07,223454.0,2643204.0,35000000.0,0.0063844
2003-09-25,1.07,1.07,1.05,1.05,332200.0,3873327.0,35000000.0,0.00949142857142857
2003-09-26,1.04,1.06,1.04,1.05,396584.0,4579572.0,35000000.0,0.011330971428571429
2003-09-29,1.05,1.05,1.03,1.03,321280.0,3679097.0,35000000.0,0.009179428571428571
2003-09-30,1.03,1.04,1.01,1.03,428232.0,4864292.0,35000000.0,0.0122352
2003-10-08,1.03,1.03,1.02,1.02,245439.0,2766808.0,35000000.0,0.007012542857142857
2003-10-09,1.02,1.04,1.02,1.02,198642.0,2256701.0,35000000.0,0.005675485714285714
2003-10-10,1.03,1.06,1.02,1.05,572309.0,6579076.0,35000000.0,0.016351685714285715
2003-10-13,1.06,1.1,1.04,1.06,906384.0,10715752.0,35000000.0,0.025896685714285713
2003-10-14,1.05,1.06,1.04,1.04,335000.0,3864742.0,35000000.0,0.009571428571428571
2003-10-15,1.04,1.06,1.03,1.04,278033.0,3210661.0,35000000.0,0.0079438
2003-10-16,1.03,1.04,1.02,1.02,228220.0,2591571.0,35000000.0,0.0065205714285714285
2003-10-17,1.02,1.04,1.02,1.02,178656.0,2023588.0,35000000.0,0.0051044571428571425
2003-10-20,1.02,1.03,1.02,1.02,222532.0,2506988.0,35000000.0,0.006358057142857143
2003-10-21,1.02,1.03,1.02,1.03,342470.0,3866555.0,35000000.0,0.009784857142857142
2003-10-22,1.03,1.07,1.02,1.05,720663.0,8372151.0,35000000.0,0.020590371428571428
2003-10-23,1.05,1.07,1.04,1.04,513501.0,5960403.0,35000000.0,0.014671457142857143
2003-10-24,1.08,1.08,1.04,1.05,478039.0,5563954.0,35000000.0,0.013658257142857143
2003-10-27,1.05,1.06,1.02,1.02,818601.0,9228277.0,35000000.0,0.0233886
2003-10-28,1.02,1.03,0.98,0.99,729227.0,8080208.0,35000000.0,0.020835057142857143
2003-10-29,0.99,1.0,0.93,0.94,1308048.0,13713807.0,35000000.0,0.0373728
2003-10-30,0.93,0.95,0.93,0.94,376909.0,3888945.0,35000000.0,0.010768828571428572
2003-10-31,0.94,0.96,0.93,0.95,381614.0,3997196.0,35000000.0,0.010903257142857142
2003-11-03,0.95,0.95,0.93,0.94,653317.0,6732170.0,35000000.0,0.0186662
2003-11-04,0.94,0.98,0.94,0.95,805478.0,8501349.0,35000000.0,0.023013657142857143
2003-11-05,1.04,1.04,0.95,0.97,1303936.0,14189464.0,35000000.0,0.03725531428571428
2003-11-06,0.97,0.97,0.93,0.93,692011.0,7238390.0,35000000.0,0.01977174285714286
2003-11-07,0.93,0.94,0.9,0.92,614435.0,6257082.0,35000000.0,0.017555285714285714
2003-11-10,0.91,0.92,0.9,0.9,488633.0,4856917.0,35000000.0,0.013960942857142857
2003-11-11,0.91,0.92,0.9,0.9,228194.0,2272264.0,35000000.0,0.006519828571428571
2003-11-12,0.9,0.9,0.84,0.85,800621.0,7628117.0,35000000.0,0.022874885714285715
2003-11-13,0.84,0.86,0.84,0.85,399339.0,3740140.0,35000000.0,0.011409685714285715
2003-11-14,0.85,0.86,0.84,0.85,207992.0,1953692.0,35000000.0,0.005942628571428571
2003-11-17,0.85,0.86,0.85,0.86,111939.0,1054878.0,35000000.0,0.0031982571428571427
2003-11-18,0.85,0.85,0.83,0.83,206800.0,1918213.0,35000000.0,0.005908571428571429
2003-11-19,0.82,0.86,0.82,0.86,385459.0,3622665.0,35000000.0,0.011013114285714286
2003-11-20,0.86,0.92,0.86,0.91,1221817.0,12130751.0,35000000.0,0.03490905714285714
2003-11-21,0.92,0.92,0.87,0.88,778428.0,7709393.0,35000000.0,0.0222408
2003-11-24,0.87,0.92,0.87,0.91,555190.0,5547603.0,35000000.0,0.015862571428571427
2003-11-25,0.92,0.93,0.91,0.91,1009126.0,10216867.0,35000000.0,0.02883217142857143
2003-11-26,0.91,0.92,0.91,0.92,489088.0,4933221.0,35000000.0,0.013973942857142856
2003-11-27,0.92,0.92,0.9,0.9,471280.0,4726923.0,35000000.0,0.013465142857142858
2003-11-28,0.9,0.92,0.9,0.91,311450.0,3120304.0,35000000.0,0.00889857142857143
2003-12-01,0.91,0.93,0.91,0.92,539996.0,5499262.0,35000000.0,0.015428457142857142
2003-12-02,0.92,0.93,0.91,0.92,468289.0,4766293.0,35000000.0,0.013379685714285714
2003-12-03,0.92,0.93,0.9,0.92,710017.0,7252065.0,35000000.0,0.0202862
2003-12-04,0.92,0.94,0.92,0.94,606085.0,6262903.0,35000000.0,0.017316714285714286
2003-12-05,0.94,0.94,0.92,0.93,362524.0,3722546.0,35000000.0,0.01035782857142857
2003-12-08,0.93,0.93,0.91,0.91,525960.0,5296331.0,35000000.0,0.015027428571428572
2003-12-09,0.91,0.92,0.9,0.91,229175.0,2294743.0,35000000.0,0.006547857142857143
2003-12-10,0.92,0.92,0.91,0.92,293080.0,2962847.0,35000000.0,0.008373714285714286
2003-12-11,0.92,0.93,0.91,0.92,405620.0,4107442.0,35000000.0,0.011589142857142857
2003-12-12,0.92,0.92,0.91,0.91,266283.0,2679996.0,35000000.0,0.0076080857142857145
2003-12-15,0.91,0.92,0.91,0.91,174150.0,1762177.0,35000000.0,0.004975714285714286
2003-12-16,0.91,0.92,0.89,0.89,497326.0,4917991.0,35000000.0,0.014209314285714286
2003-12-17,0.89,0.9,0.88,0.88,468130.0,4606446.0,35000000.0,0.013375142857142856
2003-12-18,0.88,0.88,0.86,0.86,496890.0,4744842.0,35000000.0,0.014196857142857143
2003-12-19,0.86,0.87,0.82,0.83,639241.0,5915997.0,35000000.0,0.018264028571428573
2003-12-22,0.83,0.87,0.82,0.87,479764.0,4475193.0,35000000.0,0.013707542857142856
2003-12-23,0.87,0.88,0.86,0.87,459431.0,4396748.0,35000000.0,0.0131266
2003-12-24,0.87,0.88,0.87,0.88,403526.0,3887017.0,35000000.0,0.011529314285714286
2003-12-25,0.88,0.89,0.87,0.88,374211.0,3628303.0,35000000.0,0.010691742857142857
2003-12-26,0.88,0.93,0.88,0.91,1196623.0,12024493.0,35000000.0,0.03418922857142857
2003-12-29,0.91,0.94,0.89,0.93,1257706.0,12895702.0,35000000.0,0.035934457142857146
2003-12-30,0.93,0.94,0.91,0.93,666624.0,6770968.0,35000000.0,0.0190464
2003-12-31,0.93,0.96,0.92,0.95,1582946.0,16524218.0,35000000.0,0.045227028571428574
2004-01-02,0.95,0.99,0.95,0.97,1438533.0,15451488.0,35000000.0,0.04110094285714286
2004-01-05,0.98,1.0,0.97,0.99,1714644.0,18682546.0,35000000.0,0.04898982857142857
2004-01-06,0.99,1.0,0.96,0.99,1234399.0,13296773.0,35000000.0,0.03526854285714286
2004-01-07,0.99,1.03,0.98,1.01,1629594.0,18208732.0,35000000.0,0.04655982857142857
2004-01-08,1.01,1.08,1.01,1.06,2664812.0,31070798.0,35000000.0,0.07613748571428572
2004-01-09,1.07,1.1,1.03,1.03,2864010.0,33663942.0,35000000.0,0.08182885714285715
2004-01-12,1.03,1.05,1.01,1.05,1278894.0,14495020.0,35000000.0,0.036539828571428574
2004-01-13,1.05,1.06,1.03,1.03,883281.0,10111244.0,35000000.0,0.0252366
2004-01-14,1.03,1.04,1.01,1.02,668024.0,7519214.0,35000000.0,0.0190864
2004-01-15,1.02,1.03,1.01,1.02,480066.0,5405995.0,35000000.0,0.01371617142857143
2004-01-16,1.02,1.06,1.02,1.04,894113.0,10288866.0,35000000.0,0.025546085714285714
2004-01-29,1.04,1.08,1.03,1.07,1001952.0,11767288.0,35000000.0,0.0286272
2004-01-30,1.07,1.07,1.02,1.02,1121328.0,12926414.0,35000000.0,0.032037942857142857
2004-02-02,1.02,1.06,1.02,1.03,917181.0,10459722.0,35000000.0,0.026205171428571428
2004-02-03,1.04,1.07,1.02,1.07,1447401.0,16834190.0,35000000.0,0.04135431428571429
2004-02-04,1.07,1.11,1.07,1.1,2700671.0,32636726.0,35000000.0,0.07716202857142856
2004-02-05,1.11,1.11,1.07,1.09,1387312.0,16670408.0,35000000.0,0.039637485714285714
2004-02-06,1.09,1.09,1.06,1.06,1061515.0,12514384.0,35000000.0,0.030329
2004-02-09,1.06,1.08,1.06,1.08,841008.0,9974062.0,35000000.0,0.0240288
2004-02-10,1.09,1.09,1.06,1.06,983449.0,11590500.0,35000000.0,0.028098542857142857
2004-02-11,1.06,1.08,1.05,1.07,945899.0,11148046.0,35000000.0,0.027025685714285715
2004-02-12,1.07,1.09,1.07,1.09,937917.0,11211354.0,35000000.0,0.02679762857142857
2004-02-13,1.1,1.14,1.08,1.12,3146499.0,38761255.0,35000000.0,0.08989997142857142
2004-02-16,1.12,1.18,1.12,1.16,3147294.0,40257360.0,35000000.0,0.08992268571428572
2004-02-17,1.17,1.22,1.17,1.2,3556076.0,47128056.0,35000000.0,0.10160217142857143
2004-02-18,1.21,1.21,1.18,1.19,1994617.0,26191905.0,35000000.0,0.056989057142857145
2004-02-19,1.19,1.3,1.19,1.27,4452975.0,61140984.0,35000000.0,0.12722785714285714
2004-02-20,1.27,1.29,1.24,1.28,2077491.0,28948593.0,35000000.0,0.05935688571428571
2004-02-23,1.29,1.32,1.23,1.24,2563963.0,36097904.0,35000000.0,0.07325608571428571
2004-02-24,1.22,1.23,1.18,1.22,2200828.0,29262127.0,35000000.0,0.0628808
2004-02-25,1.22,1.24,1.16,1.17,1680317.0,22304144.0,35000000.0,0.048009057142857144
2004-02-26,1.16,1.17,1.13,1.15,1645571.0,20890734.0,35000000.0,0.04701631428571429
2004-02-27,1.16,1.19,1.15,1.18,1238280.0,16001050.0,35000000.0,0.03537942857142857
2004-03-01,1.18,1.19,1.15,1.18,1204866.0,15626187.0,35000000.0,0.03442474285714286
2004-03-02,1.18,1.19,1.16,1.18,971886.0,12558673.0,35000000.0,0.02776817142857143
2004-03-03,1.17,1.18,1.14,1.14,796100.0,10142831.0,35000000.0,0.022745714285714286
2004-03-04,1.14,1.16,1.12,1.16,758297.0,9505889.0,35000000.0,0.02166562857142857
2004-03-05,1.16,1.16,1.13,1.13,611545.0,7703637.0,35000000.0,0.017472714285714286
2004-03-08,1.12,1.12,1.08,1.08,1372249.0,16599466.0,35000000.0,0.03920711428571429
2004-03-09,1.08,1.09,1.07,1.07,537475.0,6427911.0,35000000.0,0.015356428571428571
2004-03-10,1.08,1.11,1.08,1.11,456613.0,5518297.0,35000000.0,0.013046085714285715
2004-03-11,1.11,1.12,1.1,1.11,639271.0,7852798.0,35000000.0,0.018264885714285715
2004-03-12,1.11,1.13,1.1,1.11,505484.0,6203189.0,35000000.0,0.0144424
2004-03-15,1.11,1.14,1.11,1.14,653564.0,8139932.0,35000000.0,0.01867325714285714
2004-03-16,1.14,1.15,1.12,1.14,601986.0,7548578.0,35000000.0,0.0171996
2004-03-17,1.14,1.14,1.09,1.11,805277.0,9905127.0,35000000.0,0.023007914285714286
2004-03-18,1.11,1.13,1.09,1.09,529970.0,6478092.0,35000000.0,0.015142
2004-03-19,1.09,1.11,1.09,1.11,318165.0,3872263.0,35000000.0,0.009090428571428572
2004-03-22,1.11,1.13,1.11,1.13,468149.0,5801253.0,35000000.0,0.013375685714285714
2004-03-23,1.13,1.13,1.1,1.11,348562.0,4272065.0,35000000.0,0.009958914285714287
2004-03-24,1.13,1.14,1.11,1.13,497088.0,6176287.0,35000000.0,0.014202514285714285
2004-03-25,1.12,1.14,1.12,1.14,642780.0,8029034.0,35000000.0,0.018365142857142858
2004-03-26,1.14,1.17,1.13,1.16,1279452.0,16309047.0,35000000.0,0.03655577142857143
2004-03-29,1.15,1.18,1.14,1.15,1480151.0,19002487.0,35000000.0,0.04229002857142857
2004-03-30,1.15,1.21,1.15,1.21,2061160.0,27052496.0,35000000.0,0.058890285714285714
2004-03-31,1.21,1.22,1.19,1.21,1368742.0,18191180.0,35000000.0,0.039106914285714285
2004-04-01,1.21,1.22,1.19,1.2,926934.0,12241105.0,35000000.0,0.026483828571428572
2004-04-02,1.2,1.21,1.19,1.2,1087940.0,14426081.0,35000000.0,0.031084
2004-04-05,1.21,1.25,1.21,1.23,1948835.0,26584134.0,35000000.0,0.055681
2004-04-06,1.24,1.29,1.22,1.23,2279518.0,31494445.0,35000000.0,0.06512908571428572
2004-04-07,1.23,1.23,1.2,1.21,1410042.0,18867934.0,35000000.0,0.040286914285714286
2004-04-08,1.21,1.27,1.21,1.25,1979815.0,27096961.0,35000000.0,0.056566142857142857
2004-04-09,1.25,1.29,1.21,1.21,2914768.0,40325803.0,35000000.0,0.08327908571428572
2004-04-12,1.21,1.22,1.18,1.2,1164201.0,15426553.0,35000000.0,0.03326288571428571
2004-04-13,1.2,1.23,1.17,1.18,1117452.0,14812263.0,35000000.0,0.0319272
2004-04-14,1.18,1.18,1.14,1.15,947163.0,12098634.0,35000000.0,0.0270618
2004-04-15,1.16,1.16,1.12,1.12,621500.0,7824010.0,35000000.0,0.017757142857142857
2004-04-16,1.11,1.14,1.09,1.13,739653.0,9112502.0,35000000.0,0.02113294285714286
2004-04-19,1.13,1.13,1.1,1.11,471495.0,5790296.0,35000000.0,0.013471285714285713
2004-04-20,1.11,1.12,1.1,1.11,341400.0,4180301.0,35000000.0,0.009754285714285714
2004-04-21,1.11,1.14,1.11,1.12,460251.0,5699646.0,35000000.0,0.013150028571428572
2004-04-22,1.12,1.14,1.12,1.13,355011.0,4432680.0,35000000.0,0.010143171428571428
2004-04-23,1.05,1.12,1.05,1.07,801986.0,9557277.0,35000000.0,0.022913885714285716
2004-04-26,1.07,1.1,1.06,1.07,384100.0,4570125.0,35000000.0,0.010974285714285714
2004-04-27,1.07,1.08,1.04,1.05,439984.0,5159840.0,35000000.0,0.012570971428571429
2004-04-29,1.06,1.07,1.02,1.02,536390.0,6128330.0,35000000.0,0.015325428571428571
2004-04-30,1.04,1.04,1.02,1.03,356481.0,4062019.0,35000000.0,0.010185171428571428
2004-05-10,1.04,1.04,0.97,0.98,385000.0,4217573.0,35000000.0,0.011
2004-05-11,0.98,1.01,0.97,0.99,209100.0,2282679.0,35000000.0,0.005974285714285714
2004-05-12,0.98,1.02,0.98,1.02,284255.0,3166031.0,35000000.0,0.00812157142857143
2004-05-13,1.02,1.02,1.0,1.0,237141.0,2635777.0,35000000.0,0.006775457142857143
2004-05-14,1.0,1.02,0.98,0.99,197100.0,2161510.0,35000000.0,0.005631428571428571
2004-05-17,0.98,1.01,0.98,0.99,127352.0,1397601.0,35000000.0,0.003638628571428571
2004-05-18,1.01,1.04,1.01,1.04,412226.0,4658562.0,35000000.0,0.011777885714285714
2004-05-19,1.05,1.05,1.02,1.02,299991.0,3427967.0,35000000.0,0.008571171428571429
2004-05-20,1.03,1.03,1.0,1.01,145384.0,1629921.0,35000000.0,0.004153828571428571
2004-05-21,1.01,1.02,1.01,1.02,110896.0,1244774.0,35000000.0,0.0031684571428571427
2004-05-24,1.03,1.04,1.02,1.02,148644.0,1683533.0,35000000.0,0.004246971428571429
2004-05-25,1.01,1.03,0.98,0.98,309379.0,3378494.0,35000000.0,0.0088394
2004-05-26,0.99,1.01,0.98,1.01,209316.0,2308553.0,35000000.0,0.005980457142857143
2004-05-27,1.01,1.05,0.99,1.04,451183.0,5136869.0,35000000.0,0.012890942857142857
2004-05-28,1.05,1.06,1.03,1.03,281231.0,3222987.0,35000000.0,0.008035171428571429
2004-05-31,1.05,1.05,1.03,1.05,153628.0,1747895.0,35000000.0,0.004389371428571429
2004-06-01,1.05,1.11,1.05,1.1,984658.0,11722958.0,35000000.0,0.028133085714285713
2004-06-02,1.1,1.13,1.09,1.1,1044573.0,12603262.0,35000000.0,0.029844942857142856
2004-06-03,1.1,1.11,1.07,1.07,506028.0,5961963.0,35000000.0,0.014457942857142856
2004-06-04,1.07,1.1,1.06,1.09,417571.0,4941372.0,35000000.0,0.0119306
2004-06-07,1.09,1.09,1.06,1.06,249610.0,2905715.0,35000000.0,0.0071317142857142855
2004-06-08,1.06,1.09,1.06,1.07,354549.0,4154764.0,35000000.0,0.010129971428571428
2004-06-09,1.07,1.12,1.07,1.07,1178270.0,14070187.0,35000000.0,0.03366485714285714
2004-06-10,1.08,1.08,0.99,1.02,769033.0,8654974.0,35000000.0,0.02197237142857143
2004-06-11,1.04,1.07,1.02,1.04,439782.0,5001980.0,35000000.0,0.0125652
2004-06-14,1.04,1.04,1.01,1.02,311935.0,3479002.0,35000000.0,0.008912428571428571
2004-06-15,1.02,1.06,0.99,1.03,260533.0,2899067.0,35000000.0,0.0074438
2004-06-16,1.03,1.04,1.01,1.03,182400.0,2054159.0,35000000.0,0.005211428571428572
2004-06-17,1.03,1.04,1.01,1.01,208410.0,2319263.0,35000000.0,0.005954571428571429
2004-06-18,1.02,1.03,1.01,1.02,222850.0,2470694.0,35000000.0,0.006367142857142857
2004-06-21,1.02,1.07,1.02,1.07,542097.0,6230657.0,35000000.0,0.015488485714285714
2004-06-22,1.08,1.13,1.06,1.1,1768387.0,21266052.0,35000000.0,0.05052534285714286
2004-06-23,1.09,1.11,1.07,1.11,863409.0,10290330.0,35000000.0,0.02466882857142857
2004-06-24,1.11,1.13,1.1,1.12,1329428.0,16235288.0,35000000.0,0.03798365714285714
2004-06-25,1.13,1.14,1.03,1.03,1196977.0,14128583.0,35000000.0,0.03419934285714286
2004-06-28,1.03,1.03,0.98,0.99,813420.0,8886065.0,35000000.0,0.02324057142857143
2004-06-29,0.98,1.02,0.98,1.02,399931.0,4370118.0,35000000.0,0.0114266
2004-06-30,1.01,1.02,0.99,0.99,262435.0,2875884.0,35000000.0,0.007498142857142857
2004-07-01,1.0,1.03,0.98,1.02,453806.0,5032456.0,35000000.0,0.012965885714285714
2004-07-02,1.03,1.03,1.01,1.01,281172.0,3115963.0,35000000.0,0.008033485714285714
2004-07-05,1.01,1.02,1.0,1.01,135400.0,1493754.0,35000000.0,0.0038685714285714287
2004-07-06,1.02,1.03,1.01,1.02,304390.0,3402758.0,35000000.0,0.008696857142857143
2004-07-07,1.02,1.02,0.99,0.99,246759.0,2689649.0,35000000.0,0.007050257142857143
2004-07-08,0.99,1.01,0.99,1.01,210137.0,2293084.0,35000000.0,0.0060039142857142855
2004-07-09,1.02,1.03,0.99,0.99,168269.0,1841575.0,35000000.0,0.004807685714285715
2004-07-12,0.99,0.99,0.91,0.91,687701.0,7024987.0,35000000.0,0.0196486
2004-07-13,0.91,0.93,0.9,0.91,246658.0,2453631.0,35000000.0,0.0070473714285714285
2004-07-14,0.91,0.93,0.83,0.87,497550.0,4747645.0,35000000.0,0.014215714285714286
2004-07-15,0.87,0.88,0.85,0.87,417654.0,3949825.0,35000000.0,0.011932971428571429
2004-07-16,0.87,0.92,0.87,0.92,577907.0,5664883.0,35000000.0,0.01651162857142857
2004-07-19,0.92,0.93,0.9,0.92,326570.0,3284192.0,35000000.0,0.00933057142857143
2004-07-20,0.92,0.92,0.9,0.91,211750.0,2100371.0,35000000.0,0.00605
2004-07-21,0.9,0.92,0.9,0.9,252869.0,2494337.0,35000000.0,0.007224828571428571
2004-07-22,0.91,0.91,0.87,0.87,207743.0,2019111.0,35000000.0,0.005935514285714286
2004-07-23,0.88,0.93,0.86,0.91,344297.0,3376986.0,35000000.0,0.009837057142857143
2004-07-26,0.9,0.91,0.88,0.88,242550.0,2361799.0,35000000.0,0.00693
2004-07-27,0.88,0.9,0.87,0.88,202657.0,1949880.0,35000000.0,0.0057902
2004-07-28,0.89,0.89,0.87,0.89,125709.0,1215324.0,35000000.0,0.003591685714285714
2004-07-29,0.9,0.93,0.89,0.92,296491.0,2952773.0,35000000.0,0.008471171428571428
2004-07-30,0.92,0.92,0.9,0.9,128567.0,1270004.0,35000000.0,0.003673342857142857
2004-08-02,0.89,0.89,0.87,0.88,108942.0,1048548.0,35000000.0,0.0031126285714285712
2004-08-03,0.89,0.91,0.88,0.9,119998.0,1168743.0,35000000.0,0.0034285142857142857
2004-08-04,0.89,0.92,0.88,0.92,327745.0,3271690.0,35000000.0,0.009364142857142857
2004-08-05,0.92,0.92,0.9,0.9,159300.0,1583330.0,35000000.0,0.004551428571428572
2004-08-06,0.89,0.91,0.88,0.88,197315.0,1912233.0,35000000.0,0.005637571428571428
2004-08-09,0.89,0.89,0.87,0.88,130805.0,1256425.0,35000000.0,0.0037372857142857143
2004-08-10,0.88,0.88,0.87,0.88,104893.0,1006029.0,35000000.0,0.002996942857142857
2004-08-11,0.88,0.89,0.86,0.86,163999.0,1555887.0,35000000.0,0.004685685714285714
2004-08-12,0.86,0.86,0.84,0.84,228297.0,2098514.0,35000000.0,0.0065227714285714285
2004-08-13,0.83,0.85,0.83,0.84,105349.0,968812.0,35000000.0,0.0030099714285714285
2004-08-16,0.84,0.84,0.79,0.8,316099.0,2779368.0,35000000.0,0.0090314
2004-08-17,0.79,0.81,0.79,0.8,138415.0,1205190.0,35000000.0,0.003954714285714285
2004-08-18,0.8,0.8,0.79,0.79,109500.0,953692.0,35000000.0,0.0031285714285714285
2004-08-19,0.8,0.8,0.76,0.76,252500.0,2106124.0,35000000.0,0.007214285714285714
2004-08-20,0.76,0.76,0.72,0.73,342977.0,2755233.0,35000000.0,0.009799342857142858
2004-08-23,0.73,0.76,0.73,0.75,191789.0,1566026.0,35000000.0,0.0054796857142857145
2004-08-24,0.74,0.78,0.73,0.77,219367.0,1828186.0,35000000.0,0.006267628571428571
2004-08-25,0.76,0.77,0.76,0.77,104480.0,874803.0,35000000.0,0.002985142857142857
2004-08-26,0.77,0.77,0.75,0.75,84607.0,707329.0,35000000.0,0.002417342857142857
2004-08-27,0.75,0.76,0.73,0.74,125209.0,1010478.0,35000000.0,0.0035774
2004-08-30,0.73,0.75,0.72,0.74,142697.0,1139282.0,35000000.0,0.004077057142857143
2004-08-31,0.77,0.79,0.76,0.77,221368.0,1858106.0,35000000.0,0.0063248
2004-09-01,0.77,0.77,0.75,0.75,81061.0,667053.0,35000000.0,0.0023160285714285715
2004-09-02,0.74,0.77,0.74,0.77,70780.0,583887.0,35000000.0,0.0020222857142857143
2004-09-03,0.77,0.77,0.76,0.76,60899.0,509709.0,35000000.0,0.0017399714285714287
2004-09-06,0.76,0.77,0.76,0.76,37300.0,310588.0,35000000.0,0.0010657142857142857
2004-09-07,0.76,0.77,0.76,0.76,35700.0,295954.0,35000000.0,0.00102
2004-09-08,0.76,0.76,0.75,0.75,63466.0,521225.0,35000000.0,0.0018133142857142857
2004-09-09,0.75,0.75,0.73,0.74,109191.0,880345.0,35000000.0,0.003119742857142857
2004-09-10,0.73,0.74,0.73,0.74,74400.0,598263.0,35000000.0,0.002125714285714286
2004-09-13,0.74,0.75,0.72,0.72,70500.0,559904.0,35000000.0,0.002014285714285714
2004-09-14,0.72,0.78,0.72,0.75,184817.0,1515684.0,35000000.0,0.0052804857142857145
2004-09-15,0.75,0.82,0.75,0.8,611003.0,5304913.0,35000000.0,0.017457228571428573
2004-09-16,0.8,0.82,0.79,0.81,477944.0,4196661.0,35000000.0,0.013655542857142856
2004-09-17,0.81,0.84,0.8,0.84,666419.0,5967620.0,35000000.0,0.019040542857142857
2004-09-20,0.85,0.87,0.84,0.87,817914.0,7639987.0,35000000.0,0.023368971428571427
2004-09-21,0.87,0.89,0.85,0.86,718428.0,6808105.0,35000000.0,0.020526514285714285
2004-09-22,0.85,0.86,0.82,0.83,592597.0,5443946.0,35000000.0,0.01693134285714286
2004-09-23,0.84,0.86,0.82,0.86,321167.0,2941827.0,35000000.0,0.0091762
2004-09-24,0.87,0.88,0.83,0.83,739087.0,6953572.0,35000000.0,0.021116771428571428
2004-09-27,0.85,0.85,0.82,0.82,316288.0,2873886.0,35000000.0,0.0090368
2004-09-28,0.83,0.83,0.81,0.82,222795.0,1991904.0,35000000.0,0.006365571428571429
2004-09-29,0.82,0.84,0.81,0.82,174000.0,1560532.0,35000000.0,0.004971428571428571
2004-09-30,0.81,0.81,0.79,0.79,210927.0,1846562.0,35000000.0,0.006026485714285715
2004-10-08,0.79,0.82,0.77,0.81,236277.0,2040293.0,35000000.0,0.006750771428571428
2004-10-11,0.82,0.85,0.81,0.82,448866.0,4057599.0,35000000.0,0.012824742857142857
2004-10-12,0.81,0.82,0.81,0.81,234700.0,2089667.0,35000000.0,0.006705714285714285
2004-10-13,0.81,0.84,0.81,0.84,303871.0,2733486.0,35000000.0,0.00868202857142857
2004-10-14,0.84,0.84,0.76,0.77,380316.0,3305410.0,35000000.0,0.01086617142857143
2004-10-15,0.77,0.79,0.76,0.77,232492.0,1956183.0,35000000.0,0.006642628571428571
2004-10-18,0.77,0.79,0.77,0.78,125012.0,1059354.0,35000000.0,0.0035717714285714284
2004-10-19,0.79,0.81,0.78,0.78,157746.0,1360360.0,35000000.0,0.004507028571428572
2004-10-20,0.78,0.78,0.75,0.76,152700.0,1267035.0,35000000.0,0.004362857142857143
2004-10-21,0.76,0.78,0.74,0.75,156799.0,1293355.0,35000000.0,0.0044799714285714285
2004-10-22,0.76,0.76,0.73,0.76,217145.0,1776278.0,35000000.0,0.006204142857142857
2004-10-25,0.77,0.77,0.75,0.75,189300.0,1576855.0,35000000.0,0.005408571428571428
2004-10-26,0.76,0.79,0.75,0.79,329535.0,2771662.0,35000000.0,0.009415285714285715
2004-10-27,0.79,0.84,0.78,0.84,1020046.0,9115159.0,35000000.0,0.02914417142857143
2004-10-28,0.84,0.85,0.81,0.81,640150.0,5783418.0,35000000.0,0.01829
2004-10-29,0.8,0.83,0.78,0.82,565887.0,5021060.0,35000000.0,0.0161682
2004-11-01,0.81,0.82,0.8,0.8,197376.0,1749021.0,35000000.0,0.005639314285714286
2004-11-02,0.8,0.82,0.8,0.82,181319.0,1600418.0,35000000.0,0.005180542857142857
2004-11-03,0.82,0.86,0.82,0.85,946307.0,8732214.0,35000000.0,0.027037342857142856
2004-11-04,0.84,0.85,0.81,0.81,484750.0,4393149.0,35000000.0,0.01385
2004-11-05,0.82,0.83,0.81,0.82,225300.0,2020354.0,35000000.0,0.006437142857142857
2004-11-08,0.81,0.81,0.79,0.81,232660.0,2037330.0,35000000.0,0.0066474285714285715
2004-11-09,0.8,0.83,0.8,0.82,253856.0,2278135.0,35000000.0,0.007253028571428571
2004-11-10,0.82,0.87,0.82,0.86,830421.0,7718957.0,35000000.0,0.023726314285714287
2004-11-11,0.86,0.88,0.84,0.84,1181233.0,11204560.0,35000000.0,0.03374951428571429
2004-11-12,0.85,0.87,0.84,0.86,512475.0,4785046.0,35000000.0,0.014642142857142857
2004-11-15,0.89,0.89,0.86,0.88,565461.0,5392081.0,35000000.0,0.01615602857142857
2004-11-16,0.88,0.9,0.87,0.88,725446.0,6966037.0,35000000.0,0.020727028571428573
2004-11-17,0.88,0.89,0.86,0.87,671168.0,6435722.0,35000000.0,0.01917622857142857
2004-11-18,0.87,0.88,0.87,0.88,208033.0,1985919.0,35000000.0,0.0059438
2004-11-19,0.88,0.89,0.86,0.87,214382.0,2033514.0,35000000.0,0.0061252
2004-11-22,0.9,0.9,0.87,0.88,332896.0,3194002.0,35000000.0,0.009511314285714285
2004-11-23,0.88,0.88,0.86,0.87,539199.0,5086468.0,35000000.0,0.015405685714285714
2004-11-24,0.86,0.87,0.83,0.84,442128.0,4102387.0,35000000.0,0.012632228571428572
2004-11-26,0.82,0.84,0.81,0.82,380539.0,3429662.0,35000000.0,0.010872542857142857
2004-11-29,0.82,0.82,0.81,0.81,245000.0,2173673.0,35000000.0,0.007
2004-11-30,0.81,0.82,0.81,0.82,149921.0,1330081.0,35000000.0,0.004283457142857143
2004-12-01,0.82,0.82,0.81,0.82,89333.0,795591.0,35000000.0,0.0025523714285714287
2004-12-02,0.81,0.82,0.8,0.82,123500.0,1093190.0,35000000.0,0.0035285714285714287
2004-12-03,0.82,0.84,0.82,0.83,172100.0,1556748.0,35000000.0,0.004917142857142857
2004-12-06,0.83,0.83,0.81,0.83,114030.0,1024096.0,35000000.0,0.003258
2004-12-07,0.83,0.84,0.81,0.81,109700.0,983891.0,35000000.0,0.0031342857142857145
2004-12-08,0.82,0.83,0.81,0.82,100550.0,896520.0,35000000.0,0.0028728571428571427
2004-12-09,0.82,0.83,0.81,0.82,98700.0,887966.0,35000000.0,0.00282
2004-12-10,0.82,0.82,0.79,0.79,141320.0,1237506.0,35000000.0,0.004037714285714286
2004-12-13,0.78,0.8,0.78,0.79,118433.0,1017797.0,35000000.0,0.0033838
2004-12-14,0.79,0.8,0.78,0.78,120650.0,1034976.0,35000000.0,0.003447142857142857
2004-12-15,0.78,0.8,0.77,0.79,153654.0,1308114.0,35000000.0,0.004390114285714286
2004-12-16,0.79,0.79,0.78,0.78,52530.0,449741.0,35000000.0,0.0015008571428571428
2004-12-17,0.77,0.77,0.77,0.77,71776.0,604000.0,35000000.0,0.002050742857142857
2004-12-20,0.76,0.77,0.75,0.76,107300.0,888066.0,35000000.0,0.0030657142857142858
2004-12-21,0.76,0.77,0.76,0.76,57458.0,478810.0,35000000.0,0.001641657142857143
2004-12-22,0.76,0.79,0.76,0.79,82489.0,698848.0,35000000.0,0.0023568285714285716
2004-12-23,0.79,0.79,0.76,0.77,61538.0,518978.0,35000000.0,0.0017582285714285715
2004-12-24,0.76,0.78,0.76,0.77,69100.0,580916.0,35000000.0,0.0019742857142857144
2004-12-27,0.77,0.78,0.77,0.77,62150.0,521106.0,35000000.0,0.0017757142857142856
2004-12-28,0.76,0.78,0.76,0.77,38560.0,322628.0,35000000.0,0.0011017142857142857
2004-12-29,0.77,0.78,0.75,0.76,208000.0,1733637.0,35000000.0,0.005942857142857143
2004-12-30,0.76,0.77,0.75,0.76,69200.0,573681.0,35000000.0,0.001977142857142857
2004-12-31,0.75,0.77,0.75,0.76,47500.0,392665.0,35000000.0,0.0013571428571428571
2005-01-04,0.77,0.77,0.73,0.74,83280.0,675005.0,35000000.0,0.0023794285714285714
2005-01-05,0.75,0.77,0.74,0.76,83418.0,686958.0,35000000.0,0.0023833714285714284
2005-01-06,0.76,0.76,0.74,0.75,38500.0,315589.0,35000000.0,0.0011
2005-01-07,0.76,0.76,0.75,0.76,86792.0,715276.0,35000000.0,0.0024797714285714288
2005-01-10,0.76,0.77,0.76,0.76,50560.0,420708.0,35000000.0,0.0014445714285714285
2005-01-11,0.76,0.77,0.76,0.77,83950.0,701157.0,35000000.0,0.0023985714285714287
2005-01-12,0.77,0.78,0.77,0.77,79980.0,674673.0,35000000.0,0.002285142857142857
2005-01-13,0.78,0.82,0.78,0.8,991561.0,8772693.0,35000000.0,0.028330314285714284
2005-01-14,0.79,0.81,0.78,0.78,311800.0,2711666.0,35000000.0,0.008908571428571429
2005-01-17,0.76,0.78,0.76,0.77,124000.0,1042166.0,35000000.0,0.0035428571428571427
2005-01-18,0.78,0.8,0.77,0.8,168530.0,1453200.0,35000000.0,0.004815142857142857
2005-01-19,0.8,0.8,0.78,0.79,116899.0,1007922.0,35000000.0,0.0033399714285714285
2005-01-20,0.79,0.8,0.77,0.77,163868.0,1385739.0,35000000.0,0.004681942857142857
2005-01-21,0.77,0.78,0.72,0.77,428117.0,3513843.0,35000000.0,0.012231914285714286
2005-01-24,0.78,0.8,0.78,0.79,272019.0,2334206.0,35000000.0,0.007771971428571428
2005-01-25,0.79,0.79,0.77,0.78,97861.0,831202.0,35000000.0,0.0027960285714285714
2005-01-26,0.77,0.78,0.76,0.76,116949.0,981460.0,35000000.0,0.0033414
2005-01-27,0.75,0.76,0.75,0.75,127400.0,1043997.0,35000000.0,0.00364
2005-01-28,0.75,0.75,0.73,0.74,132500.0,1067146.0,35000000.0,0.003785714285714286
2005-01-31,0.74,0.74,0.73,0.73,198788.0,1589502.0,35000000.0,0.005679657142857143
2005-02-01,0.73,0.74,0.68,0.69,275509.0,2135067.0,35000000.0,0.007871685714285714
2005-02-02,0.69,0.73,0.68,0.72,274332.0,2125783.0,35000000.0,0.007838057142857143
2005-02-03,0.72,0.74,0.7,0.71,205570.0,1620846.0,35000000.0,0.005873428571428571
2005-02-04,0.7,0.72,0.7,0.72,181949.0,1426820.0,35000000.0,0.005198542857142857
2005-02-16,0.73,0.75,0.73,0.73,106171.0,853350.0,35000000.0,0.003033457142857143
2005-02-17,0.73,0.73,0.72,0.73,95187.0,756958.0,35000000.0,0.0027196285714285715
2005-02-18,0.73,0.74,0.73,0.73,80990.0,647688.0,35000000.0,0.002314
2005-02-21,0.73,0.74,0.72,0.73,114453.0,913947.0,35000000.0,0.003270085714285714
2005-02-22,0.73,0.76,0.73,0.76,229059.0,1869340.0,35000000.0,0.006544542857142857
2005-02-23,0.76,0.77,0.75,0.77,345669.0,2882813.0,35000000.0,0.009876257142857142
2005-02-24,0.76,0.77,0.75,0.77,191979.0,1599084.0,35000000.0,0.005485114285714286
2005-02-25,0.77,0.77,0.76,0.76,225850.0,1891444.0,35000000.0,0.006452857142857143
2005-02-28,0.76,0.77,0.75,0.77,308707.0,2555707.0,35000000.0,0.0088202
2005-03-01,0.78,0.82,0.77,0.79,1478151.0,12883604.0,35000000.0,0.04223288571428571
2005-03-02,0.78,0.79,0.76,0.77,446310.0,3766156.0,35000000.0,0.012751714285714286
2005-03-03,0.76,0.77,0.76,0.77,209551.0,1747093.0,35000000.0,0.005987171428571429
2005-03-04,0.77,0.77,0.76,0.76,182700.0,1520587.0,35000000.0,0.00522
2005-03-07,0.76,0.76,0.75,0.76,151712.0,1255401.0,35000000.0,0.004334628571428571
2005-03-08,0.76,0.78,0.76,0.78,368016.0,3074839.0,35000000.0,0.010514742857142857
2005-03-09,0.78,0.79,0.78,0.79,384284.0,3288675.0,35000000.0,0.010979542857142857
2005-03-10,0.79,0.79,0.76,0.76,206645.0,1735670.0,35000000.0,0.005904142857142857
2005-03-11,0.76,0.78,0.76,0.77,208758.0,1749993.0,35000000.0,0.005964514285714285
2005-03-14,0.77,0.77,0.75,0.76,224343.0,1863671.0,35000000.0,0.0064098
2005-03-15,0.76,0.76,0.75,0.75,142800.0,1183150.0,35000000.0,0.00408
2005-03-16,0.75,0.75,0.73,0.74,237047.0,1909121.0,35000000.0,0.006772771428571429
2005-03-17,0.73,0.74,0.73,0.73,99290.0,797060.0,35000000.0,0.0028368571428571427
2005-03-18,0.72,0.74,0.71,0.71,223499.0,1754828.0,35000000.0,0.006385685714285714
2005-03-21,0.71,0.71,0.7,0.71,77100.0,596372.0,35000000.0,0.0022028571428571427
2005-03-22,0.7,0.71,0.69,0.7,123700.0,944897.0,35000000.0,0.003534285714285714
2005-03-23,0.7,0.72,0.69,0.71,97780.0,749286.0,35000000.0,0.0027937142857142857
2005-03-25,0.71,0.72,0.7,0.71,68600.0,529901.0,35000000.0,0.00196
2005-03-28,0.7,0.71,0.69,0.71,83804.0,639001.0,35000000.0,0.0023944
2005-03-29,0.7,0.71,0.7,0.7,62300.0,479514.0,35000000.0,0.00178
2005-03-30,0.69,0.7,0.67,0.67,165700.0,1244093.0,35000000.0,0.004734285714285714
2005-03-31,0.67,0.7,0.67,0.69,97800.0,724666.0,35000000.0,0.0027942857142857144
2005-04-01,0.68,0.71,0.67,0.71,233221.0,1746760.0,35000000.0,0.006663457142857143
2005-04-04,0.71,0.71,0.69,0.7,134849.0,1021960.0,35000000.0,0.0038528285714285715
2005-04-05,0.71,0.73,0.7,0.7,224201.0,1748391.0,35000000.0,0.006405742857142857
2005-04-06,0.71,0.71,0.69,0.71,227029.0,1748672.0,35000000.0,0.006486542857142857
2005-04-07,0.72,0.73,0.71,0.72,567420.0,4471682.0,35000000.0,0.016212
2005-04-08,0.71,0.73,0.71,0.72,268892.0,2120436.0,35000000.0,0.0076826285714285715
2005-04-11,0.72,0.73,0.71,0.72,221411.0,1739482.0,35000000.0,0.006326028571428571
2005-04-12,0.71,0.72,0.7,0.7,117900.0,903016.0,35000000.0,0.0033685714285714287
2005-04-13,0.69,0.72,0.69,0.71,151600.0,1173832.0,35000000.0,0.004331428571428571
2005-04-14,0.71,0.71,0.7,0.7,151500.0,1156939.0,35000000.0,0.004328571428571428
2005-04-15,0.7,0.71,0.69,0.69,134400.0,1014762.0,35000000.0,0.00384
2005-04-18,0.69,0.69,0.66,0.66,142400.0,1043538.0,35000000.0,0.004068571428571428
2005-04-19,0.67,0.68,0.66,0.68,220230.0,1600314.0,35000000.0,0.006292285714285715
2005-04-20,0.69,0.69,0.67,0.68,384133.0,2834836.0,35000000.0,0.010975228571428571
2005-04-21,0.67,0.69,0.64,0.64,299200.0,2130394.0,35000000.0,0.008548571428571428
2005-04-22,0.67,0.67,0.61,0.62,260250.0,1770051.0,35000000.0,0.007435714285714286
2005-04-25,0.61,0.62,0.61,0.61,145990.0,978514.0,35000000.0,0.004171142857142857
2005-04-26,0.62,0.62,0.61,0.62,179700.0,1215352.0,35000000.0,0.0051342857142857145
2005-04-27,0.63,0.63,0.57,0.57,384124.0,2476265.0,35000000.0,0.010974971428571428
2005-04-28,0.56,0.59,0.55,0.58,397422.0,2476162.0,35000000.0,0.011354914285714286
2005-04-29,0.58,0.58,0.56,0.56,172260.0,1066744.0,35000000.0,0.004921714285714285
2005-05-09,0.56,0.57,0.53,0.53,121059.0,723687.0,35000000.0,0.0034588285714285713
2005-05-10,0.53,0.54,0.52,0.54,231341.0,1344468.0,35000000.0,0.006609742857142857
2005-05-11,0.54,0.55,0.54,0.54,107300.0,636037.0,35000000.0,0.0030657142857142858
2005-05-12,0.55,0.55,0.54,0.55,66002.0,390705.0,35000000.0,0.0018857714285714286
2005-05-13,0.55,0.56,0.55,0.56,196694.0,1190730.0,35000000.0,0.0056198285714285715
2005-05-16,0.56,0.56,0.55,0.56,93209.0,563622.0,35000000.0,0.002663114285714286
2005-05-17,0.55,0.57,0.55,0.57,137279.0,831343.0,35000000.0,0.003922257142857143
2005-05-18,0.57,0.58,0.56,0.57,98599.0,600777.0,35000000.0,0.002817114285714286
2005-05-19,0.56,0.58,0.56,0.57,127725.0,781455.0,35000000.0,0.0036492857142857143
2005-05-20,0.56,0.57,0.56,0.57,98200.0,599927.0,35000000.0,0.0028057142857142855
2005-05-23,0.57,0.57,0.54,0.55,173450.0,1013899.0,35000000.0,0.0049557142857142855
2005-05-24,0.54,0.57,0.54,0.57,190839.0,1144932.0,35000000.0,0.005452542857142857
2005-05-25,0.57,0.59,0.57,0.58,441448.0,2748433.0,35000000.0,0.0126128
2005-05-26,0.58,0.58,0.57,0.57,157300.0,967883.0,35000000.0,0.0044942857142857146
2005-05-27,0.57,0.59,0.57,0.58,311932.0,1950766.0,35000000.0,0.008912342857142857
2005-05-30,0.58,0.59,0.58,0.58,96901.0,607921.0,35000000.0,0.0027686
2005-05-31,0.58,0.59,0.57,0.57,103401.0,644586.0,35000000.0,0.0029543142857142855
2005-06-01,0.57,0.57,0.55,0.56,164400.0,994104.0,35000000.0,0.004697142857142857
2005-06-02,0.56,0.58,0.56,0.58,736791.0,4577308.0,35000000.0,0.02105117142857143
2005-06-03,0.58,0.59,0.57,0.59,460950.0,2900535.0,35000000.0,0.01317
2005-06-06,0.59,0.6,0.58,0.59,425572.0,2692055.0,35000000.0,0.0121592
2005-06-07,0.59,0.6,0.58,0.59,442936.0,2809705.0,35000000.0,0.012655314285714286
2005-06-08,0.58,0.64,0.58,0.64,1286453.0,8528777.0,35000000.0,0.0367558
2005-06-09,0.63,0.65,0.61,0.63,799791.0,5406324.0,35000000.0,0.02285117142857143
2005-06-10,0.63,0.63,0.61,0.62,424697.0,2814708.0,35000000.0,0.0121342
2005-06-13,0.62,0.62,0.6,0.62,235601.0,1560820.0,35000000.0,0.0067314571428571425
2005-06-14,0.62,0.62,0.61,0.61,267030.0,1766830.0,35000000.0,0.007629428571428572
2005-06-15,0.61,0.64,0.6,0.63,791140.0,5303593.0,35000000.0,0.022604
2005-06-16,0.62,0.63,0.61,0.62,323484.0,2142929.0,35000000.0,0.0092424
2005-06-17,0.62,0.64,0.62,0.64,632944.0,4293317.0,35000000.0,0.018084114285714287
2005-06-30,0.7,0.7,0.65,0.65,2373030.0,17246825.0,35000000.0,0.06780085714285715
2005-07-01,0.64,0.65,0.62,0.62,725000.0,4953634.0,35000000.0,0.020714285714285713
2005-07-04,0.62,0.63,0.6,0.63,430224.0,2847968.0,35000000.0,0.012292114285714285
2005-07-05,0.62,0.64,0.62,0.63,500750.0,3417333.0,35000000.0,0.014307142857142857
2005-07-06,0.64,0.65,0.63,0.64,434830.0,2985325.0,35000000.0,0.012423714285714286
2005-07-07,0.64,0.64,0.63,0.64,309099.0,2121358.0,35000000.0,0.0088314
2005-07-08,0.64,0.64,0.61,0.62,332230.0,2219474.0,35000000.0,0.009492285714285714
2005-07-11,0.63,0.66,0.63,0.64,1095209.0,7608850.0,35000000.0,0.031291685714285714
2005-07-12,0.64,0.68,0.64,0.68,1076676.0,7699699.0,35000000.0,0.03076217142857143
2005-07-13,0.69,0.72,0.66,0.68,1093677.0,7919483.0,35000000.0,0.031247914285714287
2005-07-14,0.67,0.69,0.67,0.68,916348.0,6715339.0,35000000.0,0.02618137142857143
2005-07-15,0.69,0.7,0.67,0.69,1074733.0,7920193.0,35000000.0,0.030706657142857145
2005-07-18,0.7,0.7,0.67,0.69,687492.0,5045077.0,35000000.0,0.01964262857142857
2005-07-19,0.69,0.7,0.67,0.68,1463399.0,10683257.0,35000000.0,0.0418114
2005-08-08,0.88,0.97,0.87,0.9,12431693.0,82435236.0,50750000.0,0.24495946798029555
2005-08-09,0.88,0.88,0.86,0.87,4388848.0,28345181.0,50750000.0,0.08647976354679802
2005-08-10,0.87,0.9,0.86,0.89,4497779.0,29597164.0,50750000.0,0.08862618719211823
2005-08-11,0.89,0.9,0.87,0.88,2846581.0,18599729.0,50750000.0,0.056090266009852216
2005-08-12,0.88,0.89,0.87,0.89,2788576.0,18206015.0,50750000.0,0.05494731034482759
2005-08-15,0.88,0.92,0.88,0.92,4585811.0,30613683.0,50750000.0,0.0903608078817734
2005-08-16,0.93,0.94,0.88,0.88,6768073.0,45847359.0,50750000.0,0.13336104433497536
2005-08-17,0.88,0.88,0.81,0.85,3200819.0,19948439.0,50750000.0,0.0630703251231527
2005-08-18,0.84,0.9,0.82,0.84,4047621.0,25791708.0,50750000.0,0.07975607881773399
2005-08-19,0.83,0.85,0.81,0.83,1879308.0,11529343.0,50750000.0,0.037030699507389166
2005-08-22,0.83,0.83,0.81,0.82,921520.0,5595731.0,50750000.0,0.018158029556650246
2005-08-23,0.82,0.84,0.81,0.83,1154058.0,7060182.0,50750000.0,0.022740059113300494
2005-08-24,0.84,0.84,0.82,0.83,765316.0,4680533.0,50750000.0,0.015080118226600984
2005-08-25,0.83,0.83,0.79,0.8,1305536.0,7822731.0,50750000.0,0.025724847290640396
2005-08-26,0.8,0.82,0.78,0.81,1576040.0,9313516.0,50750000.0,0.03105497536945813
2005-08-29,0.82,0.82,0.79,0.81,985012.0,5864163.0,50750000.0,0.01940910344827586
2005-08-30,0.81,0.89,0.81,0.84,5224633.0,33193127.0,50750000.0,0.10294843349753695
2005-08-31,0.84,0.84,0.81,0.83,2071874.0,12652106.0,50750000.0,0.04082510344827586
2005-09-01,0.83,0.85,0.81,0.84,1957072.0,12074257.0,50750000.0,0.038562995073891625
2005-09-02,0.84,0.85,0.83,0.84,1241581.0,7688354.0,50750000.0,0.024464650246305418
2005-09-05,0.84,0.85,0.83,0.84,1297155.0,8058079.0,50750000.0,0.025559704433497536
2005-09-06,0.84,0.86,0.83,0.83,1527753.0,9576899.0,50750000.0,0.03010350738916256
2005-09-07,0.83,0.84,0.82,0.84,996253.0,6126809.0,50750000.0,0.019630600985221677
2005-09-08,0.84,0.87,0.82,0.85,2606325.0,16335012.0,50750000.0,0.05135615763546798
2005-09-09,0.84,0.85,0.83,0.83,1112405.0,6891484.0,50750000.0,0.021919310344827588
2005-09-12,0.83,0.83,0.82,0.83,663170.0,4054349.0,50750000.0,0.013067389162561576
2005-09-13,0.83,0.85,0.82,0.84,1006122.0,6219760.0,50750000.0,0.01982506403940887
2005-09-14,0.85,0.87,0.84,0.86,2665317.0,16897165.0,50750000.0,0.05251856157635468
2005-09-15,0.86,0.86,0.84,0.86,1103207.0,6954155.0,50750000.0,0.021738068965517242
2005-09-16,0.86,0.86,0.84,0.85,921277.0,5786297.0,50750000.0,0.018153241379310344
2005-09-19,0.85,0.87,0.85,0.86,1726334.0,11015790.0,50750000.0,0.03401643349753695
2005-09-20,0.86,0.92,0.86,0.89,5301724.0,35131610.0,50750000.0,0.10446746798029556
2005-09-21,0.88,0.91,0.86,0.89,3960861.0,26100221.0,50750000.0,0.07804652216748768
2005-09-22,0.89,0.89,0.82,0.84,1940710.0,12368122.0,50750000.0,0.038240591133004924
2005-09-23,0.84,0.85,0.83,0.83,964325.0,5979222.0,50750000.0,0.019001477832512315
2005-09-26,0.83,0.85,0.83,0.85,811883.0,5083054.0,50750000.0,0.015997694581280787
2005-09-27,0.85,0.87,0.81,0.82,1338374.0,8288062.0,50750000.0,0.026371901477832513
2005-09-28,0.9,0.9,0.83,0.84,1378398.0,8700324.0,50750000.0,0.02716055172413793
2005-09-29,0.84,0.85,0.83,0.85,1201600.0,7502277.0,50750000.0,0.023676847290640395
2005-09-30,0.84,0.87,0.83,0.86,1767140.0,11162582.0,50750000.0,0.03482049261083744
2005-10-10,0.86,0.88,0.85,0.86,1081527.0,6931769.0,50750000.0,0.02131087684729064
2005-10-11,0.85,0.88,0.85,0.87,1169653.0,7492717.0,50750000.0,0.02304734975369458
2005-10-12,0.88,0.9,0.87,0.89,2653059.0,17477224.0,50750000.0,0.052277024630541874
2005-10-13,0.88,0.89,0.87,0.87,1569373.0,10180587.0,50750000.0,0.03092360591133005
2005-10-14,0.87,0.88,0.86,0.88,933774.0,6022696.0,50750000.0,0.018399487684729064
2005-10-17,0.87,0.9,0.86,0.9,1747890.0,11435070.0,50750000.0,0.034441182266009854
2005-10-18,0.9,0.9,0.88,0.9,1652181.0,10918882.0,50750000.0,0.032555290640394086
2005-10-19,0.9,0.9,0.87,0.87,1862522.0,12226897.0,50750000.0,0.036699940886699506
2005-10-20,0.88,0.88,0.83,0.84,1996064.0,12539362.0,50750000.0,0.039331310344827584
2005-10-21,0.85,0.85,0.83,0.85,994552.0,6204196.0,50750000.0,0.019597083743842364
2005-10-24,0.85,0.85,0.84,0.85,686020.0,4287710.0,50750000.0,0.013517635467980295
2005-10-25,0.85,0.85,0.81,0.83,1455770.0,8909921.0,50750000.0,0.02868512315270936
2005-10-26,0.85,0.85,0.83,0.84,1737754.0,10804720.0,50750000.0,0.03424145812807882
2005-10-27,0.84,0.86,0.84,0.86,3290634.0,20776866.0,50750000.0,0.06484007881773399
2005-10-28,0.86,0.86,0.8,0.83,2085714.0,12716897.0,50750000.0,0.04109781280788177
2005-10-31,0.83,0.84,0.82,0.82,1681329.0,10277358.0,50750000.0,0.0331296354679803
2005-11-01,0.82,0.82,0.77,0.79,1669276.0,9752704.0,50750000.0,0.03289213793103448
2005-11-02,0.8,0.84,0.8,0.83,2205494.0,13502793.0,50750000.0,0.04345800985221675
2005-11-03,0.83,0.84,0.8,0.83,1623882.0,9898166.0,50750000.0,0.03199767487684729
2005-11-04,0.83,0.84,0.81,0.83,1049981.0,6460000.0,50750000.0,0.02068928078817734
2005-11-07,0.83,0.83,0.82,0.83,585615.0,3577193.0,50750000.0,0.011539211822660099
2005-11-08,0.83,0.83,0.82,0.83,868580.0,5309115.0,50750000.0,0.01711487684729064
2005-11-09,0.83,0.86,0.83,0.84,2638514.0,16635798.0,50750000.0,0.051990423645320194
2005-11-10,0.84,0.84,0.81,0.81,1189560.0,7266728.0,50750000.0,0.02343960591133005
2005-11-11,0.8,0.82,0.8,0.81,696789.0,4166010.0,50750000.0,0.013729832512315271
2005-11-14,0.81,0.82,0.8,0.82,359025.0,2142685.0,50750000.0,0.007074384236453202
2005-11-15,0.82,0.83,0.8,0.8,475742.0,2848350.0,50750000.0,0.009374226600985221
2005-11-16,0.8,0.81,0.78,0.81,584000.0,3418590.0,50750000.0,0.011507389162561577
2005-11-17,0.81,0.82,0.8,0.8,322915.0,1928787.0,50750000.0,0.006362857142857143
2005-11-18,0.8,0.83,0.8,0.83,1301261.0,7938743.0,50750000.0,0.025640610837438425
2005-11-21,0.83,0.86,0.83,0.84,1857797.0,11661387.0,50750000.0,0.03660683743842365
2005-11-22,0.85,0.85,0.83,0.83,882145.0,5484157.0,50750000.0,0.01738216748768473
2005-11-23,0.82,0.84,0.82,0.84,554674.0,3430599.0,50750000.0,0.010929536945812808
2005-11-24,0.83,0.85,0.83,0.85,1033383.0,6469904.0,50750000.0,0.02036222660098522
2005-11-25,0.85,0.86,0.84,0.85,1053889.0,6623521.0,50750000.0,0.020766285714285713
2005-11-28,0.85,0.86,0.84,0.85,954950.0,6002939.0,50750000.0,0.018816748768472908
2005-11-29,0.85,0.86,0.83,0.83,909551.0,5660960.0,50750000.0,0.017922187192118227
2005-11-30,0.83,0.87,0.83,0.87,1632398.0,10275416.0,50750000.0,0.032165477832512314
2005-12-01,0.86,0.87,0.85,0.86,1440629.0,9205347.0,50750000.0,0.028386778325123152
2005-12-02,0.86,0.87,0.84,0.84,1017155.0,6437769.0,50750000.0,0.020042463054187193
2005-12-05,0.84,0.84,0.81,0.81,1159230.0,7056533.0,50750000.0,0.022841970443349752
2005-12-06,0.81,0.83,0.8,0.82,709188.0,4294285.0,50750000.0,0.013974147783251232
2005-12-07,0.82,0.83,0.81,0.82,285967.0,1734864.0,50750000.0,0.005634817733990148
2005-12-08,0.82,0.82,0.8,0.81,528651.0,3186349.0,50750000.0,0.010416768472906403
2005-12-09,0.82,0.86,0.81,0.85,1512476.0,9409463.0,50750000.0,0.02980248275862069
2005-12-12,0.85,0.86,0.84,0.85,1291580.0,8179993.0,50750000.0,0.025449852216748767
2005-12-13,0.85,0.87,0.85,0.87,1902313.0,12114200.0,50750000.0,0.037484
2005-12-14,0.87,0.88,0.86,0.87,1230499.0,7907172.0,50750000.0,0.024246285714285713
2005-12-15,0.87,0.88,0.85,0.86,1173012.0,7504991.0,50750000.0,0.023113536945812807
2005-12-16,0.85,0.88,0.85,0.87,1344666.0,8639092.0,50750000.0,0.026495881773399014
2005-12-20,0.86,0.91,0.85,0.9,3555440.0,23429478.0,50750000.0,0.07005793103448275
2005-12-21,0.9,0.92,0.89,0.9,3398368.0,22766833.0,50750000.0,0.06696291625615763
2005-12-22,0.9,0.95,0.9,0.93,3971178.0,27280429.0,50750000.0,0.07824981280788178
2005-12-23,0.94,0.96,0.93,0.94,2861350.0,19966451.0,50750000.0,0.05638128078817734
2005-12-26,0.94,1.0,0.93,0.98,5256483.0,38012124.0,50750000.0,0.1035760197044335
2005-12-27,0.98,1.01,0.97,0.98,2778295.0,20322801.0,50750000.0,0.05474472906403941
2005-12-28,0.98,1.0,0.96,0.99,2522081.0,18267229.0,50750000.0,0.049696177339901476
2005-12-29,0.99,1.0,0.98,0.99,3241462.0,23740938.0,50750000.0,0.0638711724137931
2005-12-30,0.99,0.99,0.96,0.97,2684797.0,19261858.0,50750000.0,0.0529024039408867
2006-01-04,0.97,1.03,0.97,1.01,3635392.0,26980189.0,50750000.0,0.07163333990147783
2006-01-05,1.0,1.02,0.99,1.01,2711198.0,20134970.0,50750000.0,0.05342262068965517
2006-01-06,1.01,1.02,0.99,1.0,2597407.0,19248575.0,50750000.0,0.05118043349753695
2006-01-09,1.0,1.02,0.99,1.01,2113482.0,15714286.0,50750000.0,0.04164496551724138
2006-01-10,1.01,1.01,0.98,1.0,1726992.0,12696093.0,50750000.0,0.034029399014778326
2006-01-11,1.0,1.0,0.98,0.99,1954817.0,14229187.0,50750000.0,0.03851856157635468
2006-01-12,0.99,1.02,0.99,1.02,2859042.0,21339158.0,50750000.0,0.056335802955665024
2006-01-13,1.02,1.05,1.01,1.03,2751169.0,21007842.0,50750000.0,0.05421022660098522
2006-01-16,1.02,1.02,0.97,0.97,2372759.0,17344327.0,50750000.0,0.046753871921182265
2006-01-17,0.97,0.98,0.95,0.96,1238214.0,8856140.0,50750000.0,0.02439830541871921
2006-01-18,0.96,1.0,0.96,0.99,1690587.0,12324640.0,50750000.0,0.03331205911330049
2006-01-19,0.99,1.0,0.97,0.99,1375395.0,10028783.0,50750000.0,0.027101379310344828
2006-01-20,1.0,1.0,0.98,0.99,1373935.0,10019197.0,50750000.0,0.027072610837438425
2006-01-23,0.99,1.02,0.97,0.99,2010920.0,14735648.0,50750000.0,0.039624039408866996
2006-01-24,0.98,1.09,0.97,1.07,6085220.0,47438210.0,50750000.0,0.11990581280788178
2006-01-25,1.07,1.1,1.06,1.09,3974790.0,31928263.0,50750000.0,0.07832098522167488
2006-02-06,1.09,1.12,1.07,1.11,2256294.0,18303647.0,50750000.0,0.04445899507389162
2006-02-07,1.11,1.11,1.04,1.06,2779982.0,22051746.0,50750000.0,0.054777970443349755
2006-02-08,1.05,1.07,1.03,1.06,1191963.0,9272015.0,50750000.0,0.02348695566502463
2006-02-09,1.06,1.06,1.03,1.04,1613908.0,12441811.0,50750000.0,0.031801142857142854
2006-02-10,1.04,1.06,1.03,1.05,1191863.0,9244256.0,50750000.0,0.023484985221674876
2006-02-13,1.05,1.05,1.0,1.01,1760429.0,13221273.0,50750000.0,0.03468825615763547
2006-02-14,1.01,1.03,1.0,1.02,1295598.0,9722014.0,50750000.0,0.025529024630541873
2006-02-15,1.02,1.05,1.01,1.02,2071019.0,15851201.0,50750000.0,0.04080825615763547
2006-02-16,1.03,1.03,0.98,0.99,1845016.0,13777933.0,50750000.0,0.03635499507389162
2006-02-17,0.99,1.0,0.98,1.0,1118383.0,8193027.0,50750000.0,0.022037103448275863
2006-02-20,1.0,1.01,0.98,0.99,817165.0,6009301.0,50750000.0,0.01610177339901478
2006-02-21,0.98,1.04,0.96,1.03,3381009.0,24954496.0,50750000.0,0.06662086699507389
2006-02-22,1.03,1.03,1.0,1.01,1800286.0,13574907.0,50750000.0,0.035473615763546795
2006-02-23,1.0,1.02,0.98,0.99,808202.0,5958555.0,50750000.0,0.015925162561576355
2006-02-24,0.99,1.0,0.98,0.99,1368724.0,10009839.0,50750000.0,0.02696993103448276
2006-02-27,1.0,1.0,0.98,0.98,763925.0,5576327.0,50750000.0,0.015052709359605912
2006-02-28,0.98,1.0,0.95,0.99,1028759.0,7412259.0,50750000.0,0.02027111330049261
2006-03-01,0.99,1.01,0.98,1.0,1135367.0,8383086.0,50750000.0,0.02237176354679803
2006-03-02,1.0,1.0,0.97,0.98,824468.0,6042502.0,50750000.0,0.01624567487684729
2006-03-03,0.98,0.99,0.95,0.97,1100900.0,7869057.0,50750000.0,0.021692610837438425
2006-03-06,0.97,0.99,0.95,0.98,862693.0,6167701.0,50750000.0,0.01699887684729064
2006-03-07,0.98,0.98,0.93,0.93,1188500.0,8293719.0,50750000.0,0.02341871921182266
2006-03-08,0.92,0.93,0.9,0.92,968513.0,6567381.0,50750000.0,0.019084
2006-03-09,0.92,0.93,0.89,0.89,586417.0,3940600.0,50750000.0,0.011555014778325124
2006-03-10,0.89,0.92,0.89,0.91,547660.0,3664175.0,50750000.0,0.010791330049261083
2006-03-13,0.9,0.92,0.9,0.92,477728.0,3232619.0,50750000.0,0.00941335960591133
2006-03-14,0.92,0.93,0.91,0.92,651400.0,4422838.0,50750000.0,0.012835467980295567
2006-03-15,0.91,0.93,0.91,0.93,817862.0,5628613.0,50750000.0,0.01611550738916256
2006-03-16,0.93,0.94,0.92,0.93,469273.0,3230104.0,50750000.0,0.009246758620689655
2006-03-17,0.93,0.95,0.92,0.95,971061.0,6759082.0,50750000.0,0.019134206896551723
2006-03-20,0.94,0.95,0.94,0.95,618778.0,4323596.0,50750000.0,0.012192669950738916
2006-03-21,0.96,0.96,0.94,0.95,789539.0,5558607.0,50750000.0,0.015557418719211822
2006-03-22,0.95,0.95,0.93,0.94,713059.0,4961405.0,50750000.0,0.014050423645320198
2006-03-23,0.94,0.96,0.94,0.96,765653.0,5404709.0,50750000.0,0.015086758620689655
2006-03-24,0.96,0.96,0.94,0.94,619100.0,4352051.0,50750000.0,0.012199014778325122
2006-03-27,0.93,0.95,0.92,0.95,718966.0,4953415.0,50750000.0,0.014166817733990148
2006-03-29,0.95,0.97,0.94,0.96,1251782.0,8894533.0,50750000.0,0.024665655172413793
2006-03-30,0.96,0.96,0.93,0.94,850840.0,5981144.0,50750000.0,0.016765320197044336
2006-03-31,0.93,0.94,0.92,0.93,450065.0,3108423.0,50750000.0,0.008868275862068965
2006-04-03,0.93,0.97,0.93,0.97,1711589.0,12072519.0,50750000.0,0.03372589162561576
2006-04-04,0.97,1.02,0.97,1.01,3397675.0,25177587.0,50750000.0,0.06694926108374384
2006-04-05,1.02,1.05,1.01,1.02,2764047.0,21068827.0,50750000.0,0.054463980295566504
2006-04-06,1.02,1.03,1.0,1.01,2284631.0,17152334.0,50750000.0,0.04501735960591133
2006-04-07,1.01,1.08,1.01,1.07,3871968.0,30145011.0,50750000.0,0.07629493596059113
2006-04-10,1.09,1.09,1.05,1.08,2664534.0,21089597.0,50750000.0,0.05250313300492611
2006-04-11,1.08,1.09,1.05,1.07,2311439.0,18206050.0,50750000.0,0.0455455960591133
2006-04-12,1.07,1.07,1.05,1.05,1779542.0,13914930.0,50750000.0,0.03506486699507389
2006-04-13,1.04,1.09,1.03,1.03,2345185.0,18357991.0,50750000.0,0.04621054187192118
2006-04-14,1.03,1.06,1.0,1.06,1931754.0,14817815.0,50750000.0,0.03806411822660098
2006-04-18,1.07,1.07,1.03,1.05,1434372.0,11072425.0,50750000.0,0.028263487684729065
2006-04-19,1.05,1.05,1.0,1.02,1589062.0,11988642.0,50750000.0,0.031311566502463056
2006-04-20,1.02,1.02,0.98,1.0,2260233.0,16653793.0,50750000.0,0.04453661083743842
2006-04-21,0.99,1.03,0.98,1.02,2565142.0,19152012.0,50750000.0,0.05054466995073892
2006-04-24,1.02,1.02,0.94,0.95,2692751.0,19405267.0,50750000.0,0.05305913300492611
2006-04-25,0.96,0.99,0.95,0.98,1499201.0,10560868.0,50750000.0,0.029540906403940886
2006-04-26,0.98,1.03,0.97,1.01,2332631.0,17127827.0,50750000.0,0.0459631724137931
2006-04-27,1.01,1.03,1.0,1.01,1306906.0,9651283.0,50750000.0,0.02575184236453202
2006-04-28,0.99,1.02,0.97,1.0,1550139.0,11183911.0,50750000.0,0.030544610837438424
2006-05-08,1.01,1.06,1.0,1.04,3000667.0,22446160.0,50750000.0,0.05912644334975369
2006-05-09,1.04,1.1,1.03,1.09,5725942.0,44598849.0,50750000.0,0.1128264433497537
2006-05-10,1.09,1.18,1.07,1.14,5452437.0,44061988.0,50750000.0,0.10743718226600986
2006-05-11,1.14,1.15,1.07,1.07,4719047.0,38212580.0,50750000.0,0.09298614778325123
2006-05-12,1.07,1.13,1.05,1.11,4335495.0,34632108.0,50750000.0,0.08542847290640394
2006-05-15,1.12,1.19,1.09,1.17,6848799.0,56861037.0,50750000.0,0.13495170443349755
2006-05-16,1.15,1.18,1.07,1.09,4876838.0,40044699.0,50750000.0,0.09609533004926109
2006-05-17,1.08,1.14,1.08,1.12,2959381.0,23924915.0,50750000.0,0.05831292610837439
2006-05-18,1.11,1.23,1.09,1.23,7664646.0,66004768.0,50750000.0,0.15102750738916257
2006-05-19,1.23,1.25,1.19,1.24,5697420.0,50772810.0,50750000.0,0.11226443349753694
2006-05-22,1.24,1.27,1.21,1.22,3869250.0,34746497.0,50750000.0,0.07624137931034483
2006-05-23,1.21,1.21,1.1,1.11,4308255.0,35924581.0,50750000.0,0.08489172413793103
2006-05-24,1.1,1.15,1.04,1.08,2996649.0,23650743.0,50750000.0,0.05904727093596059
2006-05-25,1.08,1.1,1.05,1.1,1420798.0,11176364.0,50750000.0,0.027996019704433498
2006-05-26,1.1,1.12,1.09,1.12,1857272.0,14982419.0,50750000.0,0.03659649261083744
2006-05-29,1.12,1.14,1.11,1.14,1992262.0,16327660.0,50750000.0,0.03925639408866995
2006-05-30,1.14,1.15,1.11,1.13,1931311.0,15896713.0,50750000.0,0.03805538916256158
2006-05-31,1.14,1.16,1.11,1.12,2896021.0,23949675.0,50750000.0,0.05706445320197044
2006-06-01,1.12,1.17,1.12,1.16,2599053.0,21765331.0,50750000.0,0.051212866995073894
2006-06-02,1.16,1.22,1.15,1.18,3631492.0,31342469.0,50750000.0,0.07155649261083744
2006-06-05,1.21,1.22,1.17,1.21,2689942.0,23552492.0,50750000.0,0.05300378325123153
2006-06-06,1.21,1.21,1.17,1.18,2171545.0,18775153.0,50750000.0,0.04278906403940887
2006-06-07,1.18,1.18,1.07,1.07,2585455.0,21054376.0,50750000.0,0.05094492610837439
2006-06-08,1.06,1.08,1.03,1.07,1366928.0,10560908.0,50750000.0,0.026934541871921184
2006-06-09,1.07,1.09,1.04,1.05,945735.0,7341310.0,50750000.0,0.018635172413793102
2006-06-12,1.04,1.06,1.03,1.05,687273.0,5235303.0,50750000.0,0.01354232512315271
2006-06-13,1.05,1.07,1.04,1.06,630296.0,4837003.0,50750000.0,0.012419625615763546
2006-06-14,1.06,1.06,1.03,1.06,505227.0,3861183.0,50750000.0,0.009955211822660098
2006-06-15,1.05,1.08,1.05,1.07,843696.0,6563312.0,50750000.0,0.01662455172413793
2006-06-16,1.08,1.1,1.07,1.09,883198.0,6973901.0,50750000.0,0.017402916256157634
2006-06-19,1.08,1.12,1.06,1.11,1053176.0,8468394.0,50750000.0,0.02075223645320197
2006-06-20,1.11,1.11,1.09,1.11,855528.0,6841060.0,50750000.0,0.016857694581280787
2006-06-21,1.11,1.11,1.08,1.09,836329.0,6646631.0,50750000.0,0.016479389162561576
2006-06-22,1.08,1.09,1.06,1.07,820385.0,6415836.0,50750000.0,0.016165221674876846
2006-06-23,1.06,1.1,1.06,1.1,900189.0,7124571.0,50750000.0,0.017737714285714287
2006-06-26,1.11,1.14,1.09,1.14,1366820.0,11162688.0,50750000.0,0.02693241379310345
2006-06-27,1.14,1.15,1.12,1.14,1267749.0,10504405.0,50750000.0,0.024980275862068965
2006-06-28,1.14,1.2,1.14,1.18,2508916.0,21503676.0,50750000.0,0.0494367684729064
2006-06-29,1.24,1.27,1.23,1.23,8166975.0,73745431.0,50750000.0,0.1609256157635468
2006-06-30,1.25,1.27,1.23,1.26,5797624.0,52843624.0,50750000.0,0.11423889655172413
2006-07-03,1.28,1.38,1.28,1.35,6148365.0,59946561.0,50750000.0,0.12115004926108375
2006-07-04,1.36,1.43,1.35,1.38,7063381.0,71028520.0,50750000.0,0.13917992118226602
2006-07-05,1.41,1.41,1.34,1.4,5402587.0,54396838.0,50750000.0,0.10645491625615763
2006-07-06,1.4,1.44,1.38,1.4,4538055.0,46684568.0,50750000.0,0.08941980295566503
2006-07-07,1.4,1.4,1.35,1.35,3919843.0,39017769.0,50750000.0,0.07723828571428572
2006-07-10,1.34,1.37,1.32,1.35,2429455.0,23625489.0,50750000.0,0.04787103448275862
2006-07-11,1.38,1.44,1.37,1.39,2940432.0,30002455.0,50750000.0,0.057939546798029554
2006-07-12,1.4,1.42,1.37,1.38,2734218.0,27826782.0,50750000.0,0.053876216748768475
2006-07-13,1.37,1.37,1.25,1.25,4242172.0,40149314.0,50750000.0,0.0835895960591133
2006-07-14,1.24,1.3,1.23,1.3,2838496.0,26298559.0,50750000.0,0.05593095566502463
2006-07-17,1.29,1.31,1.27,1.29,1721592.0,16229762.0,50750000.0,0.033922995073891626
2006-07-18,1.29,1.35,1.27,1.35,2573027.0,24688050.0,50750000.0,0.050700039408867
2006-07-19,1.34,1.36,1.29,1.31,1453069.0,13905878.0,50750000.0,0.02863190147783251
2006-07-20,1.36,1.38,1.33,1.36,3530598.0,35000902.0,50750000.0,0.06956843349753694
2006-07-21,1.36,1.36,1.33,1.35,1428723.0,14001669.0,50750000.0,0.02815217733990148
2006-07-24,1.36,1.37,1.33,1.34,1771470.0,17429643.0,50750000.0,0.03490581280788178
2006-07-25,1.35,1.37,1.33,1.37,2853001.0,28219873.0,50750000.0,0.0562167684729064
2006-07-26,1.36,1.39,1.34,1.35,1900840.0,18663917.0,50750000.0,0.037454975369458125
2006-07-28,1.34,1.34,1.23,1.26,3714217.0,34017552.0,50750000.0,0.07318654187192118
2006-07-31,1.25,1.25,1.16,1.17,1730300.0,15044527.0,50750000.0,0.034094581280788176
2006-08-01,1.17,1.19,1.15,1.16,1224109.0,10423504.0,50750000.0,0.02412037438423645
2006-08-02,1.17,1.19,1.14,1.17,744399.0,6327041.0,50750000.0,0.014667960591133004
2006-08-03,1.17,1.19,1.16,1.17,570285.0,4877293.0,50750000.0,0.011237142857142857
2006-08-04,1.17,1.18,1.1,1.1,872525.0,7240097.0,50750000.0,0.017192610837438425
2006-08-07,1.09,1.11,1.05,1.06,1310444.0,10298740.0,50750000.0,0.025821556650246304
2006-08-08,1.06,1.12,1.06,1.12,1586366.0,12693885.0,50750000.0,0.031258443349753695
2006-08-09,1.12,1.15,1.11,1.13,1082165.0,8892577.0,50750000.0,0.021323448275862068
2006-08-10,1.15,1.15,1.12,1.13,1133426.0,9316391.0,50750000.0,0.02233351724137931
2006-08-11,1.13,1.15,1.12,1.14,1051250.0,8730191.0,65539814.0,0.016039868529379712
2006-08-14,1.16,1.16,1.09,1.09,886695.0,7200618.0,65539814.0,0.01352910461418154
2006-08-15,1.07,1.14,1.07,1.14,822442.0,6680014.0,65539814.0,0.012548738694925194
2006-08-16,1.14,1.15,1.12,1.15,729453.0,6078112.0,65539814.0,0.011129921729713789
2006-08-17,1.13,1.14,1.11,1.13,456700.0,3740092.0,65539814.0,0.006968283431503177
2006-08-18,1.12,1.15,1.12,1.13,1256737.0,10488085.0,65539814.0,0.019175168852325397
2006-08-21,1.06,1.16,1.06,1.15,1031770.0,8491104.0,65539814.0,0.015742644615988687
2006-08-22,1.14,1.16,1.14,1.15,955700.0,8017130.0,65539814.0,0.014581976079456068
2006-08-23,1.14,1.16,1.13,1.13,809898.0,6754836.0,65539814.0,0.012357343583550603
2006-08-24,1.13,1.15,1.13,1.14,635970.0,5267870.0,65539814.0,0.009703567361359921
2006-08-25,1.14,1.15,1.14,1.14,909999.0,7601819.0,65539814.0,0.01388467474137171
2006-08-28,1.15,1.19,1.14,1.18,1373271.0,11692310.0,65539814.0,0.020953233098891615
2006-08-29,1.19,1.22,1.18,1.18,1821848.0,15838291.0,65539814.0,0.027797576599774908
2006-08-30,1.18,1.2,1.16,1.19,987433.0,8485940.0,65539814.0,0.01506615505500214
2006-08-31,1.19,1.21,1.19,1.2,1191902.0,10412876.0,65539814.0,0.018185922834629956
2006-09-01,1.2,1.22,1.15,1.16,1372653.0,11827185.0,65539814.0,0.020943803716012985
2006-09-04,1.15,1.21,1.15,1.2,914119.0,7858248.0,65539814.0,0.01394753729389589
2006-09-05,1.2,1.22,1.19,1.22,1329139.0,11670484.0,65539814.0,0.020279871407630178
2006-09-06,1.22,1.26,1.2,1.25,2393353.0,21500698.0,65539814.0,0.036517543366845685
2006-09-07,1.26,1.26,1.21,1.22,1385133.0,12378144.0,65539814.0,0.0211342223217173
2006-09-08,1.22,1.23,1.21,1.22,644391.0,5707566.0,65539814.0,0.009832054146507037
2006-09-11,1.22,1.22,1.18,1.2,676580.0,5884173.0,65539814.0,0.010323190724953843
2006-09-12,1.2,1.25,1.2,1.22,864232.0,7686161.0,65539814.0,0.013186366381814876
2006-09-13,1.22,1.24,1.19,1.19,690115.0,6040732.0,65539814.0,0.010529706416316653
2006-09-14,1.19,1.21,1.17,1.19,580446.0,4993110.0,65539814.0,0.008856387660788907
2006-09-15,1.18,1.22,1.18,1.2,594913.0,5189220.0,65539814.0,0.009077123715975148
2006-09-18,1.21,1.22,1.2,1.21,1121181.0,9892556.0,65539814.0,0.017106868811071083
2006-09-19,1.21,1.23,1.2,1.22,1159131.0,10289000.0,65539814.0,0.017685906157744055
2006-09-20,1.22,1.22,1.2,1.21,679051.0,5991627.0,65539814.0,0.010360892998567253
2006-09-21,1.21,1.22,1.19,1.2,770392.0,6729386.0,65539814.0,0.011754564942768986
2006-09-22,1.2,1.26,1.18,1.21,1957581.0,17431177.0,65539814.0,0.029868577289523586
2006-09-25,1.21,1.28,1.21,1.26,2886610.0,26359912.0,65539814.0,0.044043609888792176
2006-09-26,1.26,1.28,1.25,1.27,3227301.0,29888808.0,65539814.0,0.04924183947180564
2006-09-27,1.28,1.28,1.25,1.27,1167421.0,10704177.0,65539814.0,0.01781239415784732
2006-09-28,1.28,1.31,1.27,1.31,3097776.0,29355054.0,65539814.0,0.047265559832073985
2006-09-29,1.31,1.34,1.29,1.3,2265369.0,21669044.0,65539814.0,0.0345647761527062
2006-10-09,1.32,1.37,1.32,1.34,2473781.0,24231296.0,65539814.0,0.03774470583636383
2006-10-10,1.34,1.37,1.33,1.34,2251663.0,22108810.0,65539814.0,0.03435565136025562
2006-10-11,1.34,1.36,1.3,1.31,1837843.0,17616812.0,65539814.0,0.02804162672783905
2006-10-12,1.31,1.31,1.27,1.28,1224229.0,11459725.0,65539814.0,0.018679165003428297
2006-10-13,1.28,1.35,1.28,1.31,2203834.0,21181936.0,65539814.0,0.033625881208634495
2006-10-16,1.31,1.34,1.3,1.33,1734024.0,16691817.0,65539814.0,0.0264575666937352
2006-10-17,1.31,1.33,1.3,1.3,922250.0,8796069.0,65539814.0,0.014071599287724558
2006-10-18,1.3,1.38,1.3,1.37,3565297.0,35062837.0,65539814.0,0.05439894901135972
2006-10-19,1.37,1.4,1.36,1.38,3008670.0,30342153.0,65539814.0,0.04590598929682651
2006-10-20,1.38,1.39,1.35,1.37,1656317.0,16510764.0,65539814.0,0.02527192097310499
2006-10-23,1.38,1.43,1.34,1.36,3257484.0,32964082.0,65539814.0,0.04970236870064965
2006-10-24,1.36,1.44,1.35,1.44,4755306.0,49017727.0,65539814.0,0.07255598863921096
2006-10-25,1.43,1.45,1.39,1.43,2546815.0,26431577.0,65539814.0,0.038859051385162616
2006-10-26,1.42,1.44,1.39,1.43,2091572.0,21597906.0,65539814.0,0.03191299871555937
2006-10-27,1.42,1.48,1.42,1.44,4819155.0,50907507.0,65539814.0,0.07353019036642368
2006-10-30,1.44,1.45,1.39,1.42,2173191.0,22234571.0,65539814.0,0.033158333345285354
2006-10-31,1.43,1.43,1.39,1.42,2377702.0,24396123.0,65539814.0,0.03627874195675929
2006-11-01,1.41,1.43,1.38,1.39,2271998.0,23148635.0,65539814.0,0.03466592077908552
2006-11-02,1.39,1.41,1.39,1.41,1332477.0,13554316.0,65539814.0,0.02033080228149564
2006-11-03,1.4,1.4,1.36,1.37,2428829.0,24209625.0,65539814.0,0.037058832666201955
2006-11-06,1.36,1.41,1.35,1.37,1655989.0,16631409.0,65539814.0,0.025266916381544813
2006-11-07,1.37,1.41,1.35,1.39,1679825.0,16930405.0,65539814.0,0.02563060371211917
2006-11-08,1.39,1.41,1.38,1.39,1527675.0,15599667.0,67717628.0,0.02255948775996702
2006-11-09,1.39,1.4,1.35,1.38,1599015.0,15968437.0,67717628.0,0.02361298006480676
2006-11-10,1.38,1.39,1.3,1.32,1941276.0,18998316.0,67717628.0,0.028667217936221866
2006-11-13,1.32,1.32,1.25,1.27,2030163.0,18949176.0,67717628.0,0.029979830362634675
2006-11-14,1.28,1.34,1.27,1.33,2074583.0,19736430.0,67717628.0,0.030635789546556474
2006-11-15,1.33,1.36,1.31,1.34,2062882.0,20133853.0,67717628.0,0.030462998497230293
2006-11-16,1.36,1.4,1.36,1.37,3839440.0,38704177.0,67717628.0,0.05669779219083102
2006-11-17,1.35,1.38,1.35,1.37,1476102.0,14654747.0,67717628.0,0.02179789876869284
2006-11-20,1.38,1.4,1.34,1.34,1545477.0,15296818.0,67717628.0,0.022822373518458148
2006-11-21,1.35,1.35,1.3,1.35,1876559.0,17993491.0,67717628.0,0.02771152882082639
2006-11-22,1.34,1.41,1.33,1.38,2304981.0,23078880.0,67717628.0,0.034038123721640105
2006-11-23,1.37,1.4,1.36,1.39,1869539.0,18827606.0,67717628.0,0.027607863051552838
2006-11-24,1.39,1.4,1.36,1.38,1746561.0,17498155.0,67717628.0,0.02579182188720491
2006-11-27,1.38,1.42,1.37,1.42,2325595.0,23752144.0,67717628.0,0.03434253485665505
2006-11-28,1.42,1.44,1.41,1.43,2669585.0,27653094.0,67717628.0,0.039422305223094936
2006-11-29,1.41,1.44,1.38,1.43,2521751.0,25999733.0,67717628.0,0.03723921044605993
2006-11-30,1.44,1.44,1.42,1.43,2897501.0,30104563.0,67717628.0,0.04278798719884282
2006-12-01,1.43,1.47,1.42,1.42,3443699.0,36302434.0,67717628.0,0.050853804270876116
2006-12-04,1.43,1.52,1.42,1.5,4622346.0,49907503.0,67717628.0,0.06825912449266534
2006-12-05,1.5,1.52,1.47,1.49,2540475.0,27649848.0,67717628.0,0.037515711566270454
2006-12-06,1.5,1.62,1.48,1.6,8679825.0,99030757.0,67717628.0,0.12817674298928486
2006-12-07,1.59,1.69,1.53,1.55,7703433.0,91024700.0,67717600.0,0.11375821056859664
2006-12-08,1.52,1.56,1.43,1.43,4558436.0,49185403.0,67717600.0,0.06731538034425319
2006-12-11,1.44,1.56,1.44,1.56,3824922.0,41895676.0,67717600.0,0.05648342528382577
2006-12-12,1.56,1.6,1.5,1.55,2898661.0,32614792.0,67717600.0,0.04280513485415904
2006-12-13,1.55,1.57,1.51,1.57,2329001.0,26086371.0,67717600.0,0.03439284617292993
2006-12-14,1.56,1.61,1.53,1.6,2158216.0,24855291.0,67717600.0,0.031870828263258
2006-12-15,1.63,1.63,1.58,1.61,2123903.0,24736180.0,67717600.0,0.03136412099660945
2006-12-18,1.61,1.61,1.57,1.57,3257420.0,37583142.0,67717600.0,0.048103004241142625
2006-12-19,1.57,1.63,1.57,1.61,2769419.0,32237799.0,67717600.0,0.04089659113731142
2006-12-20,1.61,1.62,1.58,1.59,2369299.0,27538972.0,67717600.0,0.03498793518967004
2006-12-21,1.61,1.64,1.57,1.57,3401062.0,39947357.0,67717600.0,0.0502241957777594
2006-12-22,1.55,1.57,1.51,1.53,2493506.0,27819285.0,67717600.0,0.03682212600564698
2006-12-25,1.52,1.55,1.48,1.51,2822484.0,31267410.0,67717600.0,0.04168021312037048
2006-12-26,1.52,1.53,1.47,1.48,2197715.0,23857169.0,67717600.0,0.03245411827944286
2006-12-27,1.48,1.55,1.48,1.54,2816262.0,31186495.0,67717600.0,0.04158833154157856
2006-12-28,1.52,1.55,1.48,1.49,1729367.0,18984454.0,67717600.0,0.02553792514796744
2006-12-29,1.52,1.52,1.47,1.47,4841602.0,52510369.0,67717600.0,0.07149695204791665
2007-01-04,1.49,1.52,1.49,1.49,2965791.0,32506964.0,67717600.0,0.043796457641735675
2007-01-05,1.49,1.62,1.49,1.59,3533079.0,40223412.0,67717600.0,0.0521737185015417
2007-01-08,1.6,1.66,1.59,1.65,4041093.0,47798708.0,67717600.0,0.05967566777322291
2007-01-09,1.65,1.66,1.63,1.65,3018895.0,36069094.0,67717600.0,0.04458065554597328
2007-01-10,1.65,1.71,1.6,1.7,4923938.0,59601997.0,67717600.0,0.07271282502628564
2007-01-11,1.7,1.72,1.63,1.64,3901000.0,47762939.0,67717600.0,0.05760688506385341
2007-01-12,1.63,1.64,1.55,1.56,3690229.0,42850038.0,67717600.0,0.054494385506869705
2007-01-15,1.56,1.65,1.55,1.64,3118658.0,36597326.0,67717600.0,0.04605387668789207
2007-01-16,1.65,1.68,1.62,1.67,4394474.0,52877690.0,67717600.0,0.0648941191064066
2007-01-17,1.66,1.75,1.59,1.72,7704675.0,94275798.0,67717600.0,0.11377655144305174
2007-01-18,1.72,1.78,1.68,1.77,6499469.0,82541691.0,67717600.0,0.09597902170189139
2007-01-19,1.79,1.82,1.75,1.8,5654372.0,73792109.0,67717600.0,0.08349929708081799
2007-01-22,1.79,1.92,1.79,1.9,6352199.0,84938043.0,67717600.0,0.09380425472846055
2007-01-23,1.98,2.08,1.92,2.01,9643402.0,141001578.0,67717600.0,0.14240613961510745
2007-01-24,2.01,2.04,1.95,2.0,3868758.0,55746646.0,67717600.0,0.057130760688506387
2007-01-25,2.0,2.0,1.85,1.88,5384541.0,74893037.0,67717600.0,0.07951464611858661
2007-01-26,1.85,1.93,1.79,1.89,3928530.0,53413214.0,67717600.0,0.05801342634706487
2007-01-29,1.9,2.03,1.89,2.03,4850312.0,69667170.0,67717600.0,0.07162557444445757
2007-01-30,2.05,2.06,1.92,1.96,3811207.0,54955722.0,67717600.0,0.056280893002705355
2007-01-31,1.98,2.03,1.84,1.87,5711625.0,81174941.0,67717600.0,0.08434476413812657
2007-02-01,1.84,1.9,1.73,1.83,3727409.0,49465131.0,67717600.0,0.05504343036374591
2007-02-02,1.82,1.9,1.79,1.79,3372558.0,45444686.0,67717600.0,0.04980327123229412
2007-02-05,1.81,1.85,1.79,1.83,1529113.0,20246844.0,67717600.0,0.02258073233546375
2007-02-06,1.84,1.88,1.83,1.87,1303872.0,17652666.0,67717600.0,0.019254551254031447
2007-02-07,1.88,1.9,1.83,1.85,2599700.0,35226830.0,67717600.0,0.03839031507318629
2007-02-08,1.85,1.94,1.84,1.92,3089925.0,42576527.0,67717600.0,0.04562957045140407
2007-02-09,1.92,1.92,1.87,1.89,1814192.0,25012783.0,67717600.0,0.026790553711295143
2007-02-12,1.89,1.96,1.88,1.94,2190620.0,30811423.0,69895442.0,0.031341385608520796
2007-02-13,1.94,2.03,1.92,2.02,2525965.0,36462952.0,69895442.0,0.036139194884839555
2007-02-14,2.02,2.05,2.0,2.02,2401076.0,35424874.0,69895442.0,0.034352397399532865
2007-02-15,2.05,2.09,2.01,2.09,3978445.0,59262132.0,69895442.0,0.05691994908623655
2007-02-16,2.17,2.2,2.09,2.11,3588525.0,56130358.0,69895442.0,0.05134133066931603
2007-02-26,2.07,2.17,2.06,2.15,2642909.0,40684475.0,69895442.0,0.03781232258320936
2007-02-27,2.15,2.16,1.94,1.94,6631031.0,97319730.0,69895442.0,0.09487072132686421
2007-02-28,1.92,2.03,1.91,2.0,3262935.0,47020372.0,69895442.0,0.0466830870030123
2007-03-01,1.99,1.99,1.86,1.88,3114132.0,43244400.0,69895442.0,0.04455414989721361
2007-03-02,1.88,1.97,1.88,1.93,3164317.0,44347609.0,69895442.0,0.04527215093653746
2007-03-05,1.92,1.98,1.84,1.94,2266854.0,31710767.0,69895442.0,0.03243207189390118
2007-03-06,1.92,1.95,1.89,1.93,1318096.0,18546669.0,69895442.0,0.018858110948064395
2007-03-07,1.94,1.98,1.94,1.96,1799260.0,25648723.0,69895442.0,0.025742164989814357
2007-03-08,1.97,2.0,1.96,1.99,1979787.0,28651178.0,69895442.0,0.0283249800466245
2007-03-09,2.02,2.02,1.92,1.95,2489913.0,35464344.0,69895442.0,0.03562339587179376
2007-03-12,1.94,1.97,1.9,1.96,2318553.0,32656931.0,69895442.0,0.033171733859269394
2007-03-13,1.96,2.02,1.96,2.01,3563377.0,51738452.0,69895442.0,0.05098153610646027
2007-03-14,2.0,2.01,1.93,1.96,3131717.0,44640083.0,69895442.0,0.044805739979439575
2007-03-15,1.96,2.03,1.96,2.02,3990075.0,57951412.0,69895442.0,0.057086340479827
2007-03-16,2.02,2.06,1.96,2.0,3897912.0,57331224.0,69895442.0,0.055767756644274455
2007-03-19,1.92,2.0,1.89,1.98,2712920.0,38766321.0,69895442.0,0.03881397588128851
2007-03-20,1.98,2.02,1.96,2.0,2342109.0,34096490.0,69895442.0,0.03350875154348405
2007-03-21,2.01,2.09,2.01,2.08,4327624.0,64741391.0,69895442.0,0.061915682570545874
2007-03-22,2.11,2.11,2.03,2.03,3549474.0,53154452.0,69895442.0,0.05078262470963414
2007-03-23,2.04,2.06,1.97,2.02,2698748.0,39440278.0,69895442.0,0.038611215878712093
2007-03-26,2.04,2.13,2.04,2.1,4841026.0,74175204.0,69895442.0,0.06926096840477809
2007-03-27,2.12,2.13,2.08,2.12,3864534.0,59051303.0,69895442.0,0.05529021477537834
2007-03-28,2.12,2.13,1.97,2.06,4459305.0,66809290.0,69895442.0,0.06379965377427615
2007-03-29,2.05,2.07,1.97,1.97,3311793.0,48311258.0,69895442.0,0.04738210254110704
2007-03-30,1.97,2.01,1.97,1.99,1649596.0,23842853.0,69895442.0,0.023600909484197838
2007-04-02,1.99,2.01,1.98,2.01,1705608.0,24821927.0,69895442.0,0.024402277905331796
2007-04-03,2.01,2.05,2.0,2.05,2223865.0,32849023.0,69895442.0,0.031817024635168625
2007-04-04,2.06,2.09,2.04,2.07,3226219.0,48324223.0,69895442.0,0.046157788085809656
2007-04-05,2.07,2.08,2.03,2.07,2556183.0,38336615.0,69895442.0,0.03657152636648324
2007-04-06,2.06,2.11,2.04,2.1,3860622.0,58545402.0,69895442.0,0.0552342454605266
2007-04-09,2.11,2.17,2.1,2.13,4970343.0,76927892.0,69895442.0,0.0711111176605765
2007-04-10,2.13,2.14,2.04,2.09,5086265.0,76929461.0,69895442.0,0.07276962351851213
2007-04-11,2.09,2.1,2.05,2.09,3421037.0,51486963.0,69895442.0,0.04894506568826047
2007-04-12,2.08,2.2,2.07,2.18,6219706.0,96623667.0,69895442.0,0.08898585976464674
2007-04-13,2.2,2.21,2.09,2.09,6484639.0,101937391.0,69895442.0,0.09277627860197235
2007-04-16,2.09,2.14,2.06,2.14,7541869.0,115272577.0,69895442.0,0.10790215762567179
2007-04-17,2.14,2.2,2.11,2.2,7492611.0,117739593.0,69895442.0,0.10719741925374762
2007-04-18,2.2,2.26,2.2,2.22,6224419.0,101331824.0,69895442.0,0.08905328905424191
2007-04-19,2.2,2.2,2.0,2.02,7316995.0,111059410.0,69895442.0,0.1046848662892782
2007-04-20,2.06,2.1,2.03,2.09,4211858.0,63622626.0,69895442.0,0.06025940861780372
2007-04-23,2.11,2.17,2.09,2.16,5163433.0,80358486.0,69895442.0,0.0738736726208842
2007-04-24,2.16,2.18,2.12,2.18,6576497.0,103256250.0,69895442.0,0.09409049877672997
2007-04-25,2.17,2.18,2.09,2.13,4105112.0,63834879.0,69895442.0,0.05873218456791503
2007-04-26,2.13,2.17,2.12,2.16,3721348.0,58232982.0,69895442.0,0.05324164056362932
2007-04-27,2.16,2.34,2.15,2.29,11746189.0,192259412.0,69895442.0,0.16805371943996006
2007-04-30,2.29,2.29,2.23,2.26,7310282.0,120100518.0,69895442.0,0.10458882283053593
2007-05-08,2.28,2.39,2.28,2.32,6914382.0,117424551.0,72073264.0,0.09593546366930183
2007-05-09,2.31,2.33,2.2,2.26,5375409.0,88715584.0,72073264.0,0.0745825664285164
2007-05-11,2.27,2.28,2.17,2.22,3652148.0,58702173.0,72073264.0,0.05067271547463148
2007-05-14,2.17,2.24,2.14,2.19,3765284.0,60068255.0,72073264.0,0.05224245151433685
2007-05-15,2.18,2.21,2.09,2.1,4023837.0,63416432.0,72073264.0,0.05582981506151851
2007-05-16,2.09,2.16,2.07,2.16,3125737.0,48195420.0,72073264.0,0.04336888364040235
2007-05-17,2.16,2.22,2.14,2.22,3877094.0,61735982.0,72073264.0,0.053793789608307455
2007-05-18,2.21,2.24,2.18,2.2,3293964.0,52796774.0,72073264.0,0.04570299466387425
2007-05-21,2.13,2.22,2.1,2.22,4902725.0,77876019.0,72073264.0,0.06802418439103854
2007-05-22,2.22,2.3,2.22,2.24,5610434.0,92230218.0,72073264.0,0.07784348437445542
2007-05-23,2.25,2.33,2.24,2.3,5490672.0,91705148.0,72073264.0,0.07618181410515833
2007-05-24,2.31,2.34,2.21,2.24,4813693.0,78727508.0,72073264.0,0.0667888858204063
2007-05-25,2.23,2.38,2.21,2.37,8441876.0,142517533.0,72073264.0,0.11712909241906957
2007-05-28,2.4,2.61,2.37,2.61,11882992.0,218441096.0,72073264.0,0.16487378731730534
2007-05-30,2.87,2.87,2.58,2.79,18050509.0,359414959.0,72073264.0,0.2504466704879635
2007-05-31,2.81,2.86,2.51,2.57,9256478.0,175612389.0,72073264.0,0.12843150824971655
2007-06-01,2.62,2.64,2.31,2.31,8427799.0,148000601.0,72073264.0,0.11693377727419144
2007-06-04,2.31,2.36,2.08,2.08,4804130.0,74940937.0,72073264.0,0.06665620138974142
2007-06-05,2.02,2.14,1.87,2.13,5946335.0,85330863.0,72073264.0,0.08250403367329111
2007-06-06,2.1,2.18,2.06,2.11,4992800.0,77344990.0,72073264.0,0.069273954347343
2007-06-07,2.22,2.27,2.17,2.24,5275575.0,85303808.0,72073264.0,0.0731973925865214
2007-06-08,2.24,2.31,2.19,2.21,5350167.0,86911506.0,72073264.0,0.07423233947056984
2007-06-11,2.22,2.29,2.21,2.24,4377009.0,71591203.0,72073264.0,0.06072999552233405
2007-06-12,2.24,2.37,2.15,2.36,5141796.0,84728518.0,72073264.0,0.07134123965857853
2007-06-13,2.41,2.48,2.38,2.39,5679268.0,100301120.0,72073264.0,0.07879854032974003
2007-06-14,2.38,2.5,2.34,2.42,5475745.0,96470783.0,72073264.0,0.075974705405322
2007-06-15,2.42,2.49,2.38,2.45,3743523.0,66859757.0,72073264.0,0.0519405226326367
2007-06-18,2.52,2.54,2.45,2.46,4298224.0,77711935.0,72073264.0,0.0596368717254154
2007-06-19,2.45,2.51,2.42,2.47,3946811.0,71145173.0,72073264.0,0.054761096985978044
2007-06-20,2.47,2.51,2.25,2.32,4787455.0,84392454.0,72073264.0,0.06642483959100284
2007-06-21,2.31,2.36,2.26,2.31,3384144.0,56669185.0,72073264.0,0.046954221471085314
2007-06-22,2.33,2.33,2.08,2.13,3667494.0,58755743.0,72073264.0,0.05088563770332366
2007-06-25,2.13,2.17,1.92,1.97,2716666.0,40971233.0,72073264.0,0.03769311738122475
2007-06-26,2.01,2.11,1.97,2.11,2903884.0,43509877.0,72073264.0,0.04029072417200364
2007-06-27,2.14,2.19,2.09,2.16,2070848.0,32261743.0,72073264.0,0.0287325408212399
2007-06-28,2.16,2.2,2.0,2.01,2028990.0,31288925.0,72073264.0,0.028151770676016562
2007-06-29,1.96,2.0,1.9,1.9,1884761.0,26651457.0,72073264.0,0.026150626395940665
2007-07-02,1.83,2.01,1.83,1.98,1187956.0,16659168.0,72073264.0,0.016482616910481536
2007-07-03,2.01,2.03,1.94,2.03,1145280.0,16497077.0,72073264.0,0.01589049720295726
2007-07-04,2.05,2.13,1.98,2.05,2008171.0,30207365.0,72073264.0,0.027862911828164187
2007-07-05,2.05,2.08,1.94,1.95,1424276.0,20639864.0,72073264.0,0.019761502684268607
2007-07-06,1.93,2.05,1.88,2.04,1630979.0,23263772.0,72073264.0,0.02262945937900079
2007-07-09,2.04,2.11,2.04,2.09,1297257.0,19420148.0,72073264.0,0.01799914320516967
2007-07-10,2.06,2.08,1.98,2.03,1050427.0,15347307.0,72073264.0,0.014574433593017239
2007-07-11,2.02,2.08,1.95,2.05,807380.0,11953432.0,72073264.0,0.011202212237814011
2007-07-12,2.05,2.06,2.01,2.06,932173.0,13704978.0,72073264.0,0.012933686477693032
2007-07-13,2.06,2.06,2.01,2.04,459226.0,6714338.0,72073264.0,0.006371655375563399
2007-07-16,2.07,2.07,1.98,1.98,522150.0,7631222.0,72073264.0,0.0072447114369622555
2007-07-17,1.98,2.07,1.95,2.06,1107011.0,16150825.0,72073264.0,0.015359523609198551
2007-07-18,2.13,2.2,2.09,2.14,3709749.0,57246254.0,72073264.0,0.051471916132451
2007-07-19,2.13,2.15,2.09,2.11,1118854.0,17108100.0,72073264.0,0.01552384251669246
2007-07-20,2.11,2.16,2.09,2.15,1463417.0,22625606.0,72073264.0,0.02030457507793736
2007-07-23,2.15,2.27,2.15,2.24,2887636.0,46545344.0,72073264.0,0.04006528690028524
2007-07-24,2.24,2.44,2.24,2.33,4233692.0,72242323.0,72073264.0,0.05874150503298976
2007-07-25,2.33,2.39,2.31,2.36,1836946.0,31150581.0,72073264.0,0.025487204242616236
2007-07-26,2.38,2.38,2.33,2.35,1887000.0,32009328.0,72073264.0,0.026181692007177584
2007-07-27,2.33,2.38,2.29,2.35,1907747.0,32212955.0,72073264.0,0.026469551871551148
2007-07-30,2.32,2.43,2.32,2.39,2351819.0,40501746.0,72073264.0,0.03263094897436586
2007-07-31,2.38,2.44,2.36,2.43,2438515.0,42272737.0,72073264.0,0.03383383608101889
2007-08-01,2.43,2.52,2.27,2.29,2684511.0,46413580.0,72073264.0,0.03724697413454176
2007-08-02,2.29,2.35,2.24,2.33,1595314.0,26567766.0,72073264.0,0.022134615687725755
2007-08-03,2.36,2.43,2.3,2.4,1776059.0,29996060.0,72073264.0,0.024642411088805414
2007-08-06,2.43,2.49,2.4,2.44,2680220.0,47095192.0,72073264.0,0.037187437494158725
2007-08-07,2.44,2.56,2.41,2.46,5397761.0,97496546.0,72073264.0,0.07489269529960514
2007-08-08,2.46,2.46,2.31,2.38,2024733.0,34741434.0,72073264.0,0.028092705777831847
2007-08-09,2.39,2.39,2.33,2.35,1501048.0,25364858.0,72073264.0,0.020826696568092155
2007-08-10,2.34,2.37,2.26,2.26,1447638.0,23988586.0,72073264.0,0.020085645073601773
2007-08-13,2.29,2.33,2.22,2.32,1415585.0,23214596.0,82541404.0,0.01714999904775063
2007-08-14,2.35,2.38,2.24,2.36,1349198.0,22892339.0,82541404.0,0.01634571178362801
2007-08-15,2.36,2.38,2.26,2.29,1140462.0,18942966.0,82541404.0,0.013816847602931493
2007-08-16,2.3,2.32,2.26,2.3,913737.0,15082339.0,82541404.0,0.0110700443137604
2007-08-17,2.3,2.36,2.29,2.32,1274608.0,21405296.0,82541404.0,0.015442044092198869
2007-08-20,2.36,2.42,2.36,2.38,1457225.0,25000748.0,82541404.0,0.017654473141745928
2007-08-21,2.37,2.41,2.36,2.4,1523913.0,26213494.0,82541404.0,0.01846240706058259
2007-08-22,2.39,2.46,2.37,2.41,1907668.0,33188606.0,82541404.0,0.023111649518343547
2007-08-23,2.45,2.45,2.38,2.38,1501813.0,25953788.0,82541404.0,0.018194662644701317
2007-08-24,2.38,2.44,2.38,2.38,1822043.0,31608651.0,82541404.0,0.022074291345952873
2007-08-27,2.4,2.44,2.31,2.33,2312408.0,39489456.0,82541404.0,0.028015128019872305
2007-08-28,2.34,2.34,2.27,2.32,2003709.0,33116769.0,82541404.0,0.02427519890502468
2007-08-29,2.33,2.33,2.26,2.29,1274623.0,21040079.0,82541404.0,0.015442225819177972
2007-08-30,2.29,2.38,2.29,2.37,1527872.0,25818535.0,82541404.0,0.01851037086793435
2007-08-31,2.37,2.4,2.36,2.37,1804095.0,30938390.0,82541404.0,0.02185684895788785
2007-09-03,2.37,2.49,2.37,2.44,3008943.0,52829978.0,82541404.0,0.03645374144592937
2007-09-04,2.46,2.55,2.43,2.5,3683892.0,66124975.0,82541404.0,0.044630837633922484
2007-09-05,2.49,2.53,2.44,2.5,2780427.0,50115636.0,82541404.0,0.033685239955453146
2007-09-06,2.52,2.54,2.44,2.45,2123061.0,37967955.0,82541404.0,0.02572116413236683
2007-09-07,2.45,2.57,2.4,2.5,3952810.0,71162096.0,82541404.0,0.04788881468505188
2007-09-10,2.47,2.6,2.43,2.59,4990054.0,91528409.0,82541404.0,0.060455162599366494
2007-09-11,2.63,2.65,2.43,2.48,3720902.0,69062383.0,82541404.0,0.045079218667034064
2007-09-12,2.47,2.5,2.37,2.47,2130169.0,37386302.0,82541404.0,0.02580727849019869
2007-09-13,2.47,2.51,2.45,2.48,1774909.0,31689843.0,82541404.0,0.021503256717077406
2007-09-14,2.48,2.49,2.45,2.47,1572812.0,27996600.0,82541404.0,0.019054824897332737
2007-09-17,2.45,2.71,2.45,2.71,6600132.0,125364578.0,82541404.0,0.07996147000358754
2007-09-18,2.69,2.74,2.61,2.67,3313475.0,64022107.0,82541404.0,0.04014318680598164
2007-09-19,2.72,2.77,2.63,2.72,3615839.0,70846738.0,82541404.0,0.04380636655998728
2007-09-20,2.74,2.83,2.7,2.77,3519592.0,70838927.0,82541404.0,0.04264032145612643
2007-09-21,2.81,2.82,2.62,2.65,2934409.0,57086829.0,82541404.0,0.035550752201888886
2007-09-24,2.58,2.69,2.56,2.61,2356629.0,44382859.0,82541404.0,0.028550871269405594
2007-09-25,2.61,2.62,2.52,2.54,1238698.0,22805667.0,82541404.0,0.015006989704221653
2007-09-26,2.55,2.61,2.48,2.5,1148909.0,21040127.0,82541404.0,0.013919184122431453
2007-09-27,2.52,2.7,2.51,2.68,2001670.0,37836528.0,82541404.0,0.024250496150998353
2007-09-28,2.72,2.84,2.62,2.78,4074337.0,81005970.0,82541404.0,0.04936113032436424
2007-10-08,2.82,2.84,2.72,2.81,2705594.0,54175227.0,82541404.0,0.032778628286962506
2007-10-09,2.84,2.85,2.77,2.84,2643240.0,53705646.0,82541404.0,0.03202320134995523
2007-10-10,2.84,2.87,2.77,2.82,2616262.0,53290051.0,82541404.0,0.031696359320469034
2007-10-11,2.81,2.83,2.67,2.7,1658015.0,32741519.0,82541404.0,0.020087070484044588
2007-10-12,2.69,2.71,2.45,2.56,2136159.0,39406851.0,82541404.0,0.02587984813052126
2007-10-15,2.55,2.6,2.47,2.54,1878015.0,34105076.0,82541404.0,0.022752399510916968
2007-10-16,2.55,2.62,2.54,2.58,904899.0,16843811.0,82541404.0,0.010962970777671773
2007-10-17,2.56,2.69,2.52,2.58,1804664.0,33868441.0,82541404.0,0.021863742467961897
2007-10-18,2.6,2.62,2.48,2.49,1098100.0,20073678.0,82541404.0,0.013303626383675276
2007-10-19,2.48,2.55,2.48,2.5,921225.0,16621096.0,82541404.0,0.011160762421729585
2007-10-22,2.48,2.53,2.4,2.4,931308.0,16661211.0,82541404.0,0.011282919297083922
2007-10-23,2.4,2.52,2.33,2.47,1381026.0,24356033.0,82541404.0,0.0167313122030248
2007-10-24,2.45,2.52,2.45,2.49,759130.0,13635078.0,82541404.0,0.009196960109861955
2007-10-25,2.48,2.51,2.27,2.29,1132386.0,19416812.0,82541404.0,0.013719005797381396
2007-10-26,2.35,2.4,2.25,2.34,954118.0,16099935.0,82541404.0,0.011559265456642827
2007-10-29,2.36,2.42,2.32,2.39,698110.0,11928381.0,82541404.0,0.00845769475886308
2007-10-30,2.46,2.49,2.41,2.46,760565.0,13498403.0,82541404.0,0.009214345324196327
2007-11-01,2.41,2.54,2.39,2.47,1355050.0,24456442.0,82541404.0,0.016416609535742813
2007-11-02,2.43,2.57,2.41,2.56,1289014.0,23117470.0,82541404.0,0.015616574682931247
2007-11-05,2.55,2.62,2.49,2.56,1898481.0,35171567.0,82541404.0,0.023000347801207743
2007-11-06,2.55,2.61,2.45,2.56,1768677.0,32149944.0,82541404.0,0.02142775521482528
2007-11-07,2.67,2.68,2.58,2.59,2302231.0,43753714.0,82541404.0,0.027891832322115576
2007-11-08,2.59,2.59,2.42,2.43,1232250.0,22199762.0,82541404.0,0.014928871333470413
2007-11-09,2.43,2.48,2.37,2.42,750734.0,13142029.0,82541404.0,0.009095241462090953
2007-11-12,2.43,2.45,2.37,2.43,1261384.0,21913340.0,82541404.0,0.015281833587419956
2007-11-13,2.45,2.48,2.43,2.47,869359.0,15370769.0,82541404.0,0.01053239898851248
2007-11-14,2.49,2.53,2.43,2.53,1051295.0,19053522.0,82541404.0,0.012736577633208178
2007-11-15,2.66,2.66,2.49,2.51,1522063.0,28368050.0,82541404.0,0.018439994066492982
2007-11-16,2.47,2.56,2.45,2.56,844083.0,15138758.0,82541404.0,0.010226176913588724
2007-11-19,2.57,2.63,2.56,2.61,1331487.0,24996268.0,82541404.0,0.016131140681832842
2007-11-20,2.61,2.66,2.58,2.64,1452565.0,27635364.0,82541404.0,0.017598016626903995
2007-11-21,2.67,2.68,2.59,2.63,1408143.0,26793004.0,82541404.0,0.0170598382358507
2007-11-22,2.56,2.61,2.52,2.53,863259.0,15918440.0,82541404.0,0.010458496683676474
2007-11-23,2.52,2.68,2.52,2.68,2003967.0,38169836.0,82541404.0,0.024278324609065288
2007-11-26,2.71,2.73,2.59,2.61,1546331.0,29925264.0,82541404.0,0.018734004088420884
2007-11-27,2.58,2.72,2.58,2.64,1303385.0,25087957.0,82541404.0,0.015790681244045715
2007-11-28,2.63,2.7,2.56,2.57,1244758.0,23614345.0,82541404.0,0.015080407403780046
2007-11-29,2.6,2.63,2.5,2.57,1962477.0,36100061.0,82541404.0,0.023775667784861038
2007-11-30,2.58,2.59,2.47,2.48,1272103.0,23114966.0,82541404.0,0.015411695686688343
2007-12-03,2.47,2.55,2.44,2.48,648909.0,11672745.0,82541404.0,0.007861618152266952
2007-12-04,2.48,2.53,2.44,2.47,974873.0,17366301.0,82541404.0,0.011810715020064354
2007-12-05,2.43,2.52,2.43,2.51,904147.0,16193081.0,82541404.0,0.010953860198452646
2007-12-06,2.51,2.6,2.5,2.58,1348073.0,24816445.0,82541404.0,0.016332082260195138
2007-12-07,2.58,2.63,2.58,2.59,1403617.0,26418829.0,122541404.0,0.01145422652412241
2007-12-10,2.63,2.74,2.59,2.68,4010339.0,77826591.0,122541404.0,0.03272639996845474
2007-12-11,2.69,2.82,2.66,2.82,4722841.0,93859590.0,122541404.0,0.03854077761341791
2007-12-12,2.8,2.85,2.77,2.82,3965590.0,80534385.0,122541404.0,0.03236122543528227
2007-12-13,2.81,2.85,2.7,2.71,3598336.0,72128878.0,122541404.0,0.02936424655294467
2007-12-14,2.63,2.85,2.63,2.84,3981891.0,79285076.0,122541404.0,0.032494249861867094
2007-12-17,2.86,3.03,2.86,2.95,6472079.0,138442093.0,122541404.0,0.05281544676932215
2007-12-18,2.95,2.98,2.87,2.93,2298701.0,48329470.0,122541404.0,0.018758565880312585
2007-12-19,2.94,3.07,2.9,2.92,3319224.0,71264578.0,122541404.0,0.027086551089295502
2007-12-20,2.93,3.02,2.92,2.94,3020740.0,64516548.0,122541404.0,0.02465077028169189
2007-12-21,2.94,3.01,2.94,2.97,3011337.0,64693345.0,122541404.0,0.02457403703323001
2007-12-24,3.02,3.14,2.98,3.09,5919385.0,131583253.0,122541404.0,0.048305183446404776
2007-12-25,3.12,3.15,3.03,3.05,3645562.0,81496976.0,122541404.0,0.029749634662256684
2007-12-26,3.07,3.1,3.03,3.08,3052961.0,67499924.0,122541404.0,0.024913709981648324
2007-12-27,3.32,3.32,3.11,3.13,7272502.0,169189887.0,122541404.0,0.05934730436089993
2007-12-28,3.12,3.2,3.02,3.09,5108168.0,114182664.0,122541404.0,0.041685241340959335
2008-01-02,3.1,3.26,3.07,3.2,3224931.0,74429737.0,122541404.0,0.026317072391303757
2008-01-03,3.2,3.32,3.17,3.29,5398512.0,126067518.0,122541404.0,0.044054595620595306
2008-01-04,3.3,3.36,3.25,3.29,4712668.0,112571530.0,122541404.0,0.038457760774472605
2008-01-07,3.27,3.3,3.23,3.27,3006414.0,70800985.0,122541404.0,0.024533862856671692
2008-01-08,3.31,3.32,3.14,3.16,4264947.0,99447386.0,122541404.0,0.034804130365602794
2008-01-09,3.14,3.22,3.14,3.19,4230833.0,97022249.0,122541404.0,0.03452574282566568
2008-01-10,3.21,3.5,3.16,3.5,8848929.0,212671700.0,122541404.0,0.0722117481206597
2008-01-11,3.45,3.62,3.42,3.57,6218578.0,158650061.0,122541404.0,0.05074675005355741
2008-01-14,3.62,3.63,3.5,3.56,2529767.0,64869025.0,122541404.0,0.020644181618810244
2008-01-15,3.55,3.67,3.51,3.61,3276327.0,85339456.0,122541404.0,0.02673648981531173
2008-01-16,3.62,3.87,3.59,3.79,4932381.0,133538763.0,122541404.0,0.04025073027562178
2008-01-17,3.74,3.8,3.47,3.69,5695172.0,150597090.0,122541404.0,0.046475491663209606
2008-01-18,3.64,3.76,3.57,3.71,4023905.0,106967582.0,122541404.0,0.03283710540806273
2008-01-21,3.67,3.78,3.44,3.46,3382879.0,88145095.0,122541404.0,0.027606008170103877
2008-01-22,3.37,3.62,3.17,3.29,6927008.0,168307901.0,122541404.0,0.05652789811352251
2008-01-23,3.4,3.58,3.31,3.57,3427836.0,85575648.0,122541404.0,0.027972880088757594
2008-01-24,3.59,3.89,3.54,3.81,8377697.0,226899366.0,122541404.0,0.06836625602886025
2008-01-25,3.82,3.89,3.76,3.86,4411566.0,122409489.0,122541404.0,0.03600061575922535
2008-01-28,3.89,4.02,3.74,3.74,7014740.0,197827971.0,122541404.0,0.057243835724291196
2008-01-29,3.74,3.95,3.67,3.79,2799377.0,76790911.0,122541404.0,0.022844335943792517
2008-01-30,3.82,3.93,3.51,3.74,3828836.0,101828248.0,122541404.0,0.031245243444411652
2008-01-31,3.74,3.77,3.41,3.43,2472578.0,63608836.0,122541404.0,0.0201774903770484
2008-02-01,3.45,3.51,3.09,3.23,3292405.0,77329877.0,122541404.0,0.026867694448808502
2008-02-04,3.38,3.53,3.37,3.51,2566440.0,64022397.0,122541404.0,0.020943451896470844
2008-02-05,3.49,3.57,3.44,3.51,1642942.0,41524912.0,122541404.0,0.013407239890935148
2008-02-13,3.46,3.53,3.33,3.34,2919733.0,72511394.0,122541404.0,0.02382650193888753
2008-02-14,3.37,3.45,3.35,3.41,1227869.0,30140823.0,122541404.0,0.010020033718562586
2008-02-15,3.37,3.6,3.31,3.6,3296038.0,83642962.0,122541404.0,0.0268973415711803
2008-02-18,3.66,3.85,3.66,3.76,3287599.0,89687598.0,122541404.0,0.02682847505158338
2008-02-19,3.73,3.8,3.7,3.76,2016274.0,54523267.0,122541404.0,0.0164538183355562
2008-02-20,3.84,3.84,3.7,3.78,1625648.0,44332134.0,122541404.0,0.013266112080778837
2008-02-21,3.74,3.95,3.69,3.92,2720186.0,75549711.0,122541404.0,0.022198097224347128
2008-02-22,3.91,3.97,3.69,3.75,2142055.0,59130353.0,122541404.0,0.01748025508178444
2008-02-25,3.72,3.77,3.45,3.48,3414227.0,87386384.0,122541404.0,0.02786182374734339
2008-02-26,3.56,3.63,3.38,3.51,2827181.0,71644825.0,122541404.0,0.023071230683794026
2008-02-27,3.54,3.63,3.51,3.57,1782399.0,46193097.0,122541404.0,0.014545279732554721
2008-02-28,3.61,3.62,3.48,3.52,925412.0,23646394.0,122541404.0,0.007551831216165926
2008-02-29,3.54,3.79,3.54,3.79,2514990.0,67323411.0,122541404.0,0.020523593805078323
2008-03-03,3.69,3.89,3.67,3.84,2041869.0,56234923.0,122541404.0,0.01666268651532669
2008-03-04,3.85,3.88,3.71,3.72,1609136.0,43890147.0,122541404.0,0.013131365787191405
2008-03-05,3.67,3.78,3.62,3.7,1255115.0,33351527.0,122541404.0,0.010242374895590392
2008-03-06,3.71,3.76,3.6,3.68,1466341.0,39106525.0,122541404.0,0.011966086172800828
2008-03-07,3.71,3.72,3.51,3.53,1602338.0,41204209.0,122541404.0,0.013075890659780591
2008-03-10,3.51,3.52,3.3,3.33,2873618.0,69796385.0,122541404.0,0.02345018015298731
2008-03-11,3.28,3.37,3.19,3.33,1484081.0,35087473.0,122541404.0,0.012110853569133254
2008-03-12,3.37,3.42,3.02,3.06,3920642.0,88409962.0,122541404.0,0.031994426961192646
2008-03-13,3.06,3.21,2.99,3.15,1796638.0,40000759.0,122541404.0,0.014661477193455365
2008-03-14,3.09,3.16,2.95,2.98,1501433.0,32563594.0,122541404.0,0.012252454688702603
2008-03-17,2.94,2.99,2.68,2.69,1960695.0,40091677.0,122541404.0,0.0160002655102597
2008-03-18,2.68,2.8,2.57,2.64,2071614.0,40292750.0,122541404.0,0.016905420799650704
2008-03-19,2.73,2.91,2.73,2.91,2706463.0,55315754.0,122541404.0,0.02208611058512109
2008-03-20,2.89,3.13,2.74,3.06,2197114.0,46727061.0,122541404.0,0.017929564443377847
2008-03-21,3.07,3.11,2.97,3.0,1678375.0,36725388.0,122541404.0,0.013696391139765299
2008-03-24,3.05,3.14,3.0,3.0,1357669.0,30139135.0,122541404.0,0.011079267542911456
2008-03-25,2.98,3.05,2.87,3.04,925868.0,19830579.0,122541404.0,0.0075555524074132525
2008-03-26,2.94,3.12,2.94,3.01,827648.0,18279705.0,122541404.0,0.006754027397956041
2008-03-27,2.95,3.04,2.8,2.88,1073807.0,22483835.0,122541404.0,0.008762809670435962
2008-03-28,2.85,3.0,2.74,2.98,1030141.0,21347112.0,122541404.0,0.008406472966475885
2008-03-31,2.92,2.97,2.69,2.82,1246699.0,25407793.0,122541404.0,0.010173696067657263
2008-04-01,2.76,2.81,2.54,2.54,1312880.0,24666672.0,122541404.0,0.010713766589454124
2008-04-02,2.54,2.6,2.28,2.33,2478646.0,42089049.0,122541404.0,0.020227008334260638
2008-04-03,2.24,2.4,2.23,2.38,1540455.0,25906497.0,122541404.0,0.012570893997591214
2008-04-07,2.36,2.56,2.29,2.54,1874188.0,33201556.0,122541404.0,0.015294324520714648
2008-04-08,2.53,2.6,2.49,2.5,1662681.0,30473330.0,122541404.0,0.013568320141003117
2008-04-09,2.49,2.6,2.29,2.38,1802622.0,32256375.0,122541404.0,0.014710309668069414
2008-04-10,2.34,2.45,2.27,2.43,1660971.0,28464804.0,122541404.0,0.01355436567382564
2008-04-11,2.49,2.5,2.32,2.33,5112329.0,88339957.0,122541404.0,0.0417191972110912
2008-04-14,2.2,2.2,2.1,2.1,5786672.0,88561533.0,122541404.0,0.047222178064811465
2008-04-15,2.04,2.13,1.98,2.12,2422688.0,35902980.0,122541404.0,0.019770362676765154
2008-04-16,2.13,2.16,2.08,2.09,1848150.0,28308419.0,122541404.0,0.01508184123628941
2008-04-17,2.09,2.14,1.88,1.89,2993622.0,42173499.0,122541404.0,0.024429473649575616
2008-04-18,1.91,1.91,1.75,1.76,1966185.0,25765693.0,122541404.0,0.016045066694355813
2008-04-21,1.93,1.93,1.72,1.79,3501847.0,46127845.0,122541404.0,0.028576847381314482
2008-04-22,1.75,1.78,1.65,1.76,1627328.0,20089549.0,122541404.0,0.013279821732742675
2008-04-23,1.76,1.86,1.71,1.83,3681373.0,47458154.0,122541404.0,0.0300418705827787
2008-04-24,1.99,2.02,1.93,2.02,5391365.0,77180857.0,122541404.0,0.043996272476199146
2008-04-25,2.02,2.15,1.94,2.04,6247723.0,90859798.0,122541404.0,0.05098458803360863
2008-04-28,1.99,2.04,1.97,1.97,2287541.0,32969720.0,122541404.0,0.01866749462083852
2008-04-29,1.94,2.02,1.94,1.98,2531943.0,36311920.0,122541404.0,0.02066193888230626
2008-04-30,2.0,2.1,2.0,2.08,4498899.0,66790271.0,122541404.0,0.03671329732765262
2008-05-05,2.11,2.29,2.06,2.29,6960729.0,110102901.0,122541404.0,0.05680307857416094
2008-05-06,2.27,2.31,2.21,2.25,3836037.0,62475542.0,122541404.0,0.03130400725619236
2008-05-07,2.24,2.34,2.16,2.16,3783645.0,61561269.0,122541404.0,0.030876461967091547
2008-05-09,2.38,2.38,2.31,2.38,11328278.0,193939508.0,122541404.0,0.09244449329142662
2008-05-12,2.33,2.47,2.3,2.4,7940539.0,136541946.0,122541404.0,0.06479882505671308
2008-05-13,2.31,2.43,2.27,2.38,4194899.0,71515675.0,122541404.0,0.03423250316276775
2008-05-14,2.38,2.52,2.36,2.49,3978553.0,70619183.0,122541404.0,0.03246701008909609
2008-05-15,2.47,2.58,2.44,2.49,3418889.0,61895174.0,122541404.0,0.027899868031543037
2008-05-16,2.48,2.55,2.34,2.4,3296442.0,57389234.0,122541404.0,0.026900638416057318
2008-05-19,2.36,2.41,2.29,2.37,1582194.0,26946951.0,122541404.0,0.012911505404328482
2008-05-20,2.37,2.39,2.14,2.14,3217952.0,52067469.0,122541404.0,0.026260120212103985
2008-05-21,2.04,2.18,2.0,2.12,2898910.0,43601130.0,122541404.0,0.023656575699100037
2008-05-22,2.1,2.23,2.06,2.14,1978237.0,30950750.0,122541404.0,0.016143417126182103
2008-05-23,2.14,2.35,2.05,2.35,12380306.0,206324500.0,122541404.0,0.10102957527726711
2008-05-26,2.43,2.53,2.36,2.39,17382378.0,308320701.0,122541404.0,0.14184901945468162
2008-05-27,2.33,2.34,2.15,2.23,9423770.0,149790200.0,122541404.0,0.07690274219479319
2008-05-28,2.18,2.25,2.16,2.22,4566514.0,72779380.0,122541404.0,0.03726507001666147
2008-05-29,2.19,2.29,2.16,2.16,4112794.0,66282486.0,122541404.0,0.033562484725570794
2008-05-30,2.11,2.2,2.05,2.07,4358380.0,65646174.0,122541404.0,0.035566591027470194
2008-06-02,2.08,2.2,2.06,2.2,3689807.0,56902411.0,122541404.0,0.030110696299840013
2008-06-03,2.23,2.3,2.0,2.05,8925997.0,139285427.0,122541404.0,0.0728406620834865
2008-06-04,1.99,1.99,1.84,1.88,9846297.0,134201001.0,122541404.0,0.08035077678724817
2008-06-05,1.87,1.92,1.83,1.88,2833285.0,38477221.0,122541404.0,0.023121042419262636
2008-06-06,1.88,1.89,1.83,1.86,1855199.0,24724972.0,122541404.0,0.015139364650987678
2008-06-10,1.77,1.77,1.67,1.67,4720528.0,57794670.0,122541404.0,0.03852190236044627
2008-06-11,1.67,1.73,1.6,1.62,2297941.0,27303546.0,122541404.0,0.01875236389490037
2008-06-12,1.6,1.63,1.54,1.61,3018167.0,34645773.0,122541404.0,0.024629773296868707
2008-06-13,1.61,1.63,1.55,1.55,1779850.0,20255843.0,122541404.0,0.014524478599902446
2008-06-16,1.57,1.58,1.5,1.53,1640160.0,18242534.0,122541404.0,0.013384537360123603
2008-06-17,1.53,1.59,1.43,1.44,1830924.0,19837332.0,122541404.0,0.014941268340617347
2008-06-18,1.41,1.55,1.37,1.55,3683480.0,39469672.0,122541404.0,0.030059064771283346
2008-06-19,1.54,1.54,1.39,1.39,4401164.0,44974423.0,122541404.0,0.03591573016414926
2008-06-20,1.4,1.47,1.31,1.4,3382241.0,33485364.0,122541404.0,0.02760080176656047
2008-06-23,1.35,1.41,1.34,1.38,1505465.0,14716994.0,122541404.0,0.012285357853415814
2008-06-24,1.37,1.46,1.37,1.45,2068120.0,20973602.0,122541404.0,0.01687690798776877
2008-06-25,1.45,1.54,1.44,1.52,3098070.0,32977264.0,122541404.0,0.025281822297384484
2008-06-26,1.51,1.62,1.51,1.59,4465766.0,49548921.0,122541404.0,0.03644291524520153
2008-06-27,1.52,1.54,1.43,1.44,3200046.0,33737742.0,122541404.0,0.026113998171589416
2008-06-30,1.45,1.52,1.42,1.51,2017383.0,21316647.0,122541404.0,0.016462868337953757
2008-07-01,1.5,1.52,1.44,1.45,1328876.0,13798917.0,122541404.0,0.010844302061366948
2008-07-02,1.46,1.55,1.45,1.51,2584805.0,27744699.0,122541404.0,0.021093319609754104
2008-07-03,1.48,1.61,1.46,1.59,3615207.0,40145615.0,122541404.0,0.029501922468588657
2008-07-04,1.6,1.69,1.57,1.67,4217638.0,48724969.0,122541404.0,0.03441806493419971
2008-07-07,1.64,1.73,1.64,1.72,6631273.0,79987314.0,122541404.0,0.05411455053999545
2008-07-08,1.72,1.73,1.67,1.7,4803944.0,57853435.0,122541404.0,0.039202619222479286
2008-07-09,1.71,1.74,1.69,1.73,4226163.0,51405355.0,122541404.0,0.03448763325740906
2008-07-10,1.73,1.8,1.71,1.73,5439463.0,67919837.0,122541404.0,0.044388776547720964
2008-07-11,1.71,1.75,1.63,1.66,3146280.0,37219217.0,122541404.0,0.02567524034570389
2008-07-14,1.65,1.69,1.6,1.68,3053101.0,35525754.0,122541404.0,0.02491485245264531
2008-07-15,1.69,1.71,1.53,1.53,6543045.0,73350097.0,122541404.0,0.053394565317694584
2008-07-16,1.52,1.62,1.48,1.53,3625985.0,39828012.0,122541404.0,0.02958987641434237
2008-07-17,1.55,1.57,1.46,1.49,2592319.0,27919147.0,122541404.0,0.021154637660263792
2008-07-18,1.5,1.6,1.5,1.59,2801176.0,30563266.0,122541404.0,0.022859016696103792
2008-07-21,1.58,1.66,1.56,1.65,3005072.0,34577343.0,122541404.0,0.024522911456114866
2008-07-22,1.65,1.7,1.63,1.67,2412256.0,28637925.0,122541404.0,0.01968523226647542
2008-07-23,1.66,1.75,1.65,1.69,4616502.0,55839083.0,122541404.0,0.037672997446642605
2008-07-24,1.7,1.76,1.69,1.7,4241504.0,51631105.0,122541404.0,0.034612823597157415
2008-07-25,1.68,1.71,1.65,1.66,2371686.0,28355811.0,122541404.0,0.019354160492562986
2008-07-28,1.69,1.71,1.67,1.68,1748728.0,20959319.0,122541404.0,0.014270507297272358
2008-07-29,1.66,1.69,1.61,1.63,1587957.0,18484086.0,122541404.0,0.012958534406868718
2008-07-30,1.65,1.69,1.62,1.64,1475350.0,17378030.0,122541404.0,0.012039604181456906
2008-07-31,1.67,1.71,1.64,1.65,3131254.0,37024090.0,122541404.0,0.025552620565698757
2008-08-01,1.61,1.65,1.51,1.62,2853322.0,32092042.0,122541404.0,0.02328455450045276
2008-08-04,1.6,1.61,1.54,1.54,1213660.0,13530200.0,122541404.0,0.009904081072875581
2008-08-05,1.52,1.55,1.44,1.45,2201972.0,23335367.0,122541404.0,0.017969208186973278
2008-08-06,1.45,1.49,1.44,1.46,1184503.0,12271449.0,122541404.0,0.009666145166738908
2008-08-07,1.44,1.46,1.39,1.42,2319756.0,23449461.0,122541404.0,0.018930385357752225
2008-08-08,1.44,1.45,1.31,1.31,1687509.0,16606667.0,166120000.0,0.010158373464965086
2008-08-11,1.31,1.34,1.22,1.25,2068922.0,18623297.0,166120000.0,0.012454382374187334
2008-08-13,1.25,1.28,1.2,1.26,1368648.0,12085106.0,166120000.0,0.008238911630146882
2008-08-14,1.25,1.28,1.2,1.25,797339.0,7034925.0,166120000.0,0.004799777269443775
2008-08-15,1.25,1.26,1.22,1.24,787795.0,6971089.0,166120000.0,0.004742324825427402
2008-08-18,1.25,1.26,1.13,1.13,1299499.0,10832441.0,166120000.0,0.0078226522995425
2008-08-19,1.11,1.16,1.1,1.14,806563.0,6467468.0,166120000.0,0.004855303395136046
2008-08-20,1.13,1.25,1.11,1.25,3377883.0,28824182.0,166120000.0,0.020333993498675654
2008-08-21,1.23,1.29,1.21,1.27,3853456.0,34259166.0,166120000.0,0.02319682157476523
2008-08-22,1.24,1.29,1.22,1.25,1758699.0,15644499.0,166120000.0,0.010586919094630387
2008-08-25,1.24,1.35,1.23,1.3,2997299.0,27855749.0,166120000.0,0.018042974957861786
2008-08-26,1.26,1.27,1.17,1.17,2049701.0,17536314.0,166120000.0,0.012338676860101132
2008-08-27,1.17,1.2,1.12,1.15,1590619.0,12924214.0,166120000.0,0.009575120394895257
2008-08-28,1.14,1.18,1.14,1.16,1160128.0,9514958.0,166120000.0,0.006983674452203227
2008-08-29,1.17,1.23,1.17,1.2,1308720.0,11112198.0,166120000.0,0.007878160366000482
2008-09-01,1.2,1.2,1.13,1.14,1073359.0,8792397.0,166120000.0,0.006461347218877919
2008-09-02,1.13,1.2,1.13,1.16,1011679.0,8399103.0,166120000.0,0.006090049361907055
2008-09-03,1.14,1.18,1.14,1.16,1073790.0,8840314.0,166120000.0,0.0064639417288706955
2008-09-04,1.14,1.18,1.14,1.16,1601417.0,13218677.0,166120000.0,0.009640121598844208
2008-09-05,1.13,1.15,1.12,1.12,1501571.0,12010681.0,166120000.0,0.009039074163255478
2008-09-08,1.12,1.13,1.06,1.06,1166001.0,8940521.0,166120000.0,0.00701902841319528
2008-09-09,1.07,1.09,1.06,1.07,750147.0,5699571.0,166120000.0,0.004515693474596677
2008-09-10,1.07,1.13,1.05,1.09,879362.0,6837252.0,166120000.0,0.005293534794124729
2008-09-11,1.09,1.12,1.08,1.09,902314.0,7004176.0,166120000.0,0.005431699975921021
2008-09-12,1.09,1.11,1.09,1.09,825150.0,6440453.0,166120000.0,0.00496719239104262
2008-09-16,1.09,1.13,1.06,1.09,1853156.0,14469507.0,166120000.0,0.011155526125692272
2008-09-17,1.07,1.1,1.07,1.07,1374066.0,10529768.0,166120000.0,0.008271526607271852
2008-09-18,1.05,1.09,0.98,1.06,2249620.0,16414672.0,166120000.0,0.013542138213339754
2008-09-19,1.16,1.16,1.14,1.16,3006646.0,24777569.0,166120000.0,0.018099241512159886
2008-09-22,1.25,1.28,1.17,1.2,4968762.0,43068474.0,166120000.0,0.029910679027209248
2008-09-23,1.14,1.17,1.11,1.12,2289052.0,18474281.0,166120000.0,0.013779508788827353
2008-09-24,1.11,1.17,1.09,1.17,1854850.0,14975738.0,166120000.0,0.01116572357332049
2008-09-25,1.16,1.21,1.16,1.18,3135194.0,26338370.0,166120000.0,0.018873067661931135
2008-09-26,1.18,1.19,1.15,1.17,2227831.0,18428263.0,166120000.0,0.013410973994702625
2008-10-06,1.14,1.15,1.11,1.11,1312569.0,10429682.0,166120000.0,0.007901330363592583
2008-10-07,1.08,1.11,1.06,1.1,1462657.0,11217783.0,166120000.0,0.00880482181555502
2008-10-08,1.07,1.09,1.04,1.05,1244786.0,9338713.0,166120000.0,0.007493294004334216
2008-10-09,1.07,1.07,1.03,1.03,1215721.0,9042079.0,166120000.0,0.007318330122802793
2008-10-10,0.99,0.99,0.94,0.95,1855660.0,12667650.0,166120000.0,0.011170599566578378
2008-10-13,0.95,0.98,0.91,0.98,1268094.0,8445035.0,166120000.0,0.007633602215266073
2008-10-14,1.01,1.02,0.94,0.95,1764223.0,12400408.0,166120000.0,0.010620172164700216
2008-10-15,0.94,0.95,0.91,0.93,913430.0,5994267.0,166120000.0,0.005498615458704551
2008-10-16,0.89,0.94,0.88,0.89,2213163.0,14156431.0,166120000.0,0.013322676378521551
2008-10-17,0.9,0.91,0.88,0.9,1117046.0,7059689.0,166120000.0,0.006724331808331326
2008-10-20,0.89,0.94,0.88,0.92,1246362.0,8024968.0,166120000.0,0.007502781122080424
2008-10-21,0.93,0.95,0.92,0.93,1764636.0,11662130.0,166120000.0,0.010622658319287262
2008-10-22,0.92,0.93,0.89,0.89,1209865.0,7782665.0,166120000.0,0.007283078497471707
2008-10-23,0.87,0.9,0.86,0.9,708698.0,4447731.0,166120000.0,0.004266181073922465
2008-10-24,0.91,0.92,0.88,0.9,935805.0,5981167.0,166120000.0,0.0056333072477726944
2008-10-27,0.89,0.9,0.81,0.81,2698868.0,16263207.0,166120000.0,0.016246496508548036
2008-10-28,0.79,0.86,0.79,0.85,1847410.0,10883643.0,166120000.0,0.011120936672285095
2008-10-29,0.86,0.86,0.82,0.82,1564572.0,9379618.0,166120000.0,0.00941832410305803
2008-10-30,0.85,0.9,0.85,0.9,6978211.0,44012304.0,166120000.0,0.04200704912111727
2008-10-31,0.88,0.93,0.87,0.9,6383276.0,40684628.0,166120000.0,0.038425692270647724
2008-11-03,0.9,0.92,0.88,0.9,3190383.0,20382256.0,166120000.0,0.019205291355646522
2008-11-04,0.9,0.96,0.89,0.94,6022131.0,39751984.0,166120000.0,0.036251691548278356
2008-11-05,0.94,0.97,0.93,0.95,6677969.0,44994060.0,166120000.0,0.04019966891403805
2008-11-06,0.93,0.97,0.92,0.94,4202671.0,28211472.0,166120000.0,0.025299006742114133
2008-11-07,0.92,0.98,0.92,0.97,4318237.0,29435182.0,166120000.0,0.02599468456537443
2008-11-10,0.99,1.06,0.98,1.05,6395003.0,46470056.0,166120000.0,0.03849628581748134
2008-11-11,1.04,1.07,1.02,1.03,5687100.0,41884360.0,166120000.0,0.034234890440645316
2008-11-12,1.0,1.05,1.0,1.05,4191910.0,30698390.0,166120000.0,0.025234228268721407
2008-11-13,1.04,1.13,1.03,1.1,7024254.0,54440076.0,166120000.0,0.04228421622923188
2008-11-14,1.13,1.19,1.09,1.19,7993944.0,65168616.0,166120000.0,0.0481215025282928
2008-11-17,1.17,1.27,1.16,1.22,9071530.0,77963728.0,166120000.0,0.05460829520828317
2008-11-18,1.2,1.22,1.1,1.1,9049538.0,73594112.0,166120000.0,0.05447590898145919
2008-11-19,1.13,1.21,1.13,1.21,12609624.0,106980840.0,166120000.0,0.07590671803515531
2008-11-20,1.23,1.31,1.2,1.21,18174360.0,162478080.0,166120000.0,0.10940500842764267
2008-11-21,1.14,1.28,1.09,1.27,13190464.0,110608136.0,166120000.0,0.07940322658319288
2008-11-24,1.24,1.28,1.22,1.24,8667188.0,76696808.0,166120000.0,0.052174259571394176
2008-11-25,1.26,1.28,1.17,1.21,5312490.0,45733012.0,166120000.0,0.03197983385504455
2008-11-26,1.23,1.25,1.2,1.21,3513900.0,30492816.0,166120000.0,0.021152781122080425
2008-11-27,1.3,1.3,1.17,1.19,7497582.0,66587348.0,166120000.0,0.045133529978328916
2008-11-28,1.18,1.2,1.13,1.15,4113588.0,33896296.0,166120000.0,0.024762749819407657
2008-12-01,1.15,1.23,1.14,1.23,3955844.0,33612928.0,166120000.0,0.023813171201541056
2008-12-02,1.2,1.27,1.19,1.25,5955094.0,52356160.0,166120000.0,0.03584814591861305
2008-12-03,1.27,1.36,1.26,1.35,7438282.0,69279736.0,166120000.0,0.04477655911389357
2008-12-04,1.35,1.39,1.31,1.31,10008525.0,95802400.0,166120000.0,0.06024876595232362
2008-12-05,1.31,1.38,1.31,1.36,5361381.0,51458248.0,166120000.0,0.03227414519624368
2008-12-08,1.39,1.43,1.37,1.4,6679705.0,65958756.0,166120000.0,0.0402101191909463
2008-12-09,1.41,1.41,1.35,1.35,4738792.0,45969320.0,166120000.0,0.02852631832410306
2008-12-10,1.35,1.4,1.33,1.39,4702728.0,45702056.0,166120000.0,0.028309222248976643
2008-12-11,1.39,1.39,1.32,1.33,4307917.0,41489640.0,166120000.0,0.025932560799422105
2008-12-12,1.32,1.38,1.28,1.33,7200161.0,68172400.0,166120000.0,0.04334313147122562
2008-12-15,1.36,1.41,1.34,1.36,6631748.0,64517916.0,166120000.0,0.03992143029135565
2008-12-16,1.36,1.36,1.28,1.35,3951546.0,36970188.0,166120000.0,0.023787298338550446
2008-12-17,1.35,1.41,1.34,1.37,6186871.0,60925432.0,166120000.0,0.03724338430050566
2008-12-18,1.38,1.42,1.35,1.42,5303258.0,52487260.0,166120000.0,0.03192425957139417
2008-12-19,1.41,1.45,1.4,1.42,4788309.0,48650416.0,166120000.0,0.028824398025523716
2008-12-22,1.42,1.54,1.42,1.5,10600688.0,112254264.0,166120000.0,0.06381343607031062
2008-12-23,1.5,1.5,1.39,1.4,7288525.0,75005632.0,166120000.0,0.04387506019744763
2008-12-24,1.36,1.43,1.33,1.36,6634836.0,64737576.0,166120000.0,0.03994001926318324
2008-12-25,1.37,1.38,1.29,1.33,5200710.0,48894600.0,166120000.0,0.0313069467854563
2008-12-26,1.33,1.35,1.3,1.32,5465769.0,51254708.0,166120000.0,0.03290253431254515
2008-12-30,1.32,1.38,1.32,1.34,4628046.0,44336276.0,166120000.0,0.027859655670599566
2008-12-31,1.34,1.43,1.34,1.4,6125144.0,60861984.0,166120000.0,0.03687180351553094
2009-01-05,1.47,1.48,1.42,1.44,7694894.0,79193704.0,166120000.0,0.04632129785697087
2009-01-06,1.43,1.55,1.41,1.54,7932645.0,83370720.0,166120000.0,0.04775249819407657
2009-01-07,1.54,1.56,1.47,1.49,13524575.0,144595664.0,166120000.0,0.08141448952564412
2009-01-08,1.45,1.48,1.43,1.44,6685543.0,68552808.0,166120000.0,0.04024526246087166
2009-01-09,1.44,1.48,1.44,1.47,4882411.0,50683128.0,166120000.0,0.029390868047194797
2009-01-12,1.46,1.51,1.43,1.5,5880717.0,61719324.0,166120000.0,0.03540041536238864
2009-01-13,1.47,1.51,1.44,1.44,4179903.0,43580396.0,166120000.0,0.0251619491933542
2009-01-14,1.45,1.51,1.45,1.51,4182246.0,43931316.0,166120000.0,0.025176053455333493
2009-01-15,1.49,1.55,1.48,1.51,6061328.0,65434536.0,166120000.0,0.03648764748374669
2009-01-16,1.52,1.55,1.49,1.5,5517248.0,59402576.0,166120000.0,0.033212424753190466
2009-01-19,1.5,1.53,1.46,1.48,4373189.0,46321968.0,166120000.0,0.026325481579581027
2009-01-20,1.48,1.5,1.45,1.5,2755165.0,28848840.0,166120000.0,0.01658539007946063
2009-01-21,1.47,1.53,1.46,1.53,5132378.0,54787676.0,166120000.0,0.03089560558632314
2009-01-22,1.53,1.6,1.52,1.58,6951596.0,77546816.0,166120000.0,0.04184683361425476
2009-01-23,1.58,1.6,1.55,1.57,4931103.0,55380684.0,166120000.0,0.029683981459186132
2009-02-02,1.59,1.62,1.57,1.6,3931722.0,44570832.0,166120000.0,0.02366796291837226
2009-02-03,1.6,1.67,1.6,1.65,4297678.0,49861276.0,166120000.0,0.02587092463279557
2009-02-04,1.65,1.67,1.62,1.65,5651548.0,66018864.0,166120000.0,0.034020876474837466
2009-02-05,1.65,1.65,1.56,1.58,8420550.0,95484776.0,166120000.0,0.05068956176258127
2009-02-06,1.58,1.68,1.58,1.67,7549279.0,87455824.0,166120000.0,0.04544473272333253
2009-02-09,1.69,1.83,1.69,1.83,16471998.0,210141584.0,166120000.0,0.0991572236937154
2009-02-10,1.84,1.86,1.78,1.84,9930711.0,128793800.0,166120000.0,0.059780345533349384
2009-02-11,1.8,1.9,1.8,1.88,10763935.0,142209088.0,166120000.0,0.06479614134360703
2009-02-12,1.87,1.98,1.87,1.96,9037098.0,123967808.0,166120000.0,0.05440102335660968
2009-02-13,1.97,1.99,1.92,1.97,7388694.0,102226424.0,166120000.0,0.04447805201059475
2009-02-16,1.97,2.02,1.93,1.99,7135177.0,100349992.0,166120000.0,0.04295194437755839
2009-02-17,1.99,1.99,1.84,1.88,6324398.0,85353168.0,166120000.0,0.03807126173850229
2009-02-18,1.83,1.89,1.82,1.83,5381172.0,70550328.0,166120000.0,0.03239328196484469
2009-02-19,1.89,1.92,1.84,1.88,5105679.0,67988016.0,166120000.0,0.030734884420900555
2009-02-20,1.85,1.97,1.85,1.94,5075861.0,69473936.0,166120000.0,0.030555387671562725
2009-02-23,1.94,2.0,1.92,2.0,3765611.0,52658624.0,166120000.0,0.022668017096075126
2009-02-24,1.98,2.0,1.88,1.9,7072184.0,96532512.0,166120000.0,0.04257274259571394
2009-02-25,1.93,1.95,1.84,1.9,4517479.0,60925544.0,166120000.0,0.02719407055140862
2009-02-26,1.9,1.91,1.72,1.78,5925380.0,76460816.0,166120000.0,0.035669275222730557
2009-02-27,1.74,1.81,1.72,1.77,6519909.0,80923968.0,166120000.0,0.03924818805682639
2009-03-02,1.74,1.9,1.74,1.86,5804182.0,76217840.0,166120000.0,0.03493969419696605
2009-03-03,1.81,1.99,1.79,1.98,8500609.0,116411232.0,166120000.0,0.05117149650854804
2009-03-04,1.99,2.09,1.98,2.08,9846438.0,142084672.0,166120000.0,0.05927304358295208
2009-03-05,2.09,2.24,2.04,2.14,11372271.0,173751984.0,166120000.0,0.06845816879364315
2009-03-06,2.1,2.18,2.08,2.16,6631728.0,100419120.0,166120000.0,0.03992130989646039
2009-03-09,2.18,2.18,2.01,2.03,6428501.0,94833792.0,166120000.0,0.03869793522754635
2009-03-10,2.0,2.12,1.99,2.1,4309650.0,63637052.0,166120000.0,0.025942993017096076
2009-03-11,2.14,2.16,2.06,2.07,3710795.0,55056532.0,166120000.0,0.022338038767156274
2009-03-12,2.06,2.12,1.97,2.1,4462941.0,64541744.0,166120000.0,0.02686576571153383
2009-03-13,2.1,2.11,2.04,2.1,3608870.0,53344560.0,166120000.0,0.021724476282205633
2009-03-16,2.09,2.11,2.03,2.11,1921691.0,28395584.0,166120000.0,0.011568089333012281
2009-03-17,2.12,2.24,2.1,2.22,5925268.0,91975080.0,166120000.0,0.03566860101131712
2009-03-18,2.2,2.28,2.2,2.27,5661663.0,90337496.0,166120000.0,0.034081766193113414
2009-03-19,2.27,2.33,2.25,2.27,4948105.0,80267640.0,166120000.0,0.029786329159643632
2009-03-20,2.27,2.34,2.23,2.33,5104831.0,82855904.0,166120000.0,0.03072977967734168
2009-03-23,2.28,2.43,2.28,2.4,5476329.0,92538856.0,166120000.0,0.03296610281724055
2009-04-20,2.64,2.64,2.64,2.64,193405.0,3616674.0,166120000.0,0.0011642487358535997
2009-04-21,2.9,2.9,2.9,2.9,430298.0,8851230.0,166120000.0,0.002590284131952805
2009-04-22,3.17,3.17,2.75,2.8,17305656.0,364391200.0,166120000.0,0.1041756320732001
2009-04-23,2.75,2.82,2.67,2.78,5583174.0,108011688.0,166120000.0,0.03360928244642427
2009-04-24,2.82,3.02,2.81,2.94,6919615.0,141606832.0,166120000.0,0.04165431615699494
2009-04-27,2.95,2.99,2.74,2.75,6136923.0,121853496.0,166120000.0,0.03694271008909222
2009-04-28,2.64,2.71,2.58,2.62,6713005.0,124620064.0,166120000.0,0.04041057669154828
2009-04-29,2.62,2.74,2.6,2.72,4457455.0,84208360.0,166120000.0,0.02683274139176499
2009-04-30,2.73,2.88,2.73,2.78,4380408.0,87107760.0,166120000.0,0.026368938117023837
2009-05-04,2.8,2.84,2.69,2.83,4516513.0,88897952.0,166120000.0,0.027188255477967733
2009-05-05,2.83,2.9,2.83,2.85,4690076.0,95183880.0,166120000.0,0.02823306043823742
2009-05-06,2.84,2.96,2.81,2.95,4418706.0,90823344.0,166120000.0,0.026599482301950396
2009-05-07,2.96,2.98,2.79,2.84,4429682.0,89800384.0,166120000.0,0.026665555020467132
2009-05-08,2.79,2.82,2.69,2.73,3800906.0,73915064.0,166120000.0,0.022880483987478932
2009-05-11,2.73,2.77,2.6,2.66,4916236.0,93481512.0,166120000.0,0.029594485913797253
2009-05-12,2.62,2.73,2.6,2.72,2269630.0,43330344.0,166120000.0,0.013662593306043823
2009-05-13,2.73,2.75,2.69,2.71,1879774.0,36211188.0,166120000.0,0.011315759691789069
2009-05-14,2.68,2.72,2.64,2.72,1598758.0,30523244.0,166120000.0,0.009624115097519865
2009-05-15,2.72,2.75,2.66,2.68,2608361.0,49774920.0,166120000.0,0.015701667469299303
2009-05-18,2.68,2.7,2.64,2.67,2548111.0,47993472.0,166120000.0,0.015338977847339274
2009-05-19,2.67,2.76,2.63,2.73,5198586.0,99336256.0,166120000.0,0.03129416084758006
2009-05-21,2.71,2.71,2.61,2.61,3019599.0,56346580.0,166120000.0,0.01817721526607272
2009-05-22,2.59,2.7,2.58,2.63,3132637.0,59027196.0,166120000.0,0.018857675174572597
2009-05-25,2.55,2.67,2.54,2.64,2087354.0,38822600.0,166120000.0,0.012565338309655671
2009-05-26,2.64,2.73,2.64,2.68,3611960.0,69205576.0,166120000.0,0.021743077293522754
2009-05-27,2.69,2.7,2.64,2.65,2280007.0,42946112.0,166120000.0,0.013725060197447628
2009-06-01,2.65,2.72,2.65,2.68,4921880.0,93635568.0,166120000.0,0.029628461353238624
2009-06-02,2.71,2.8,2.68,2.8,4806442.0,94247104.0,166120000.0,0.02893355405730797
2009-06-03,2.8,2.86,2.75,2.82,4515707.0,89979600.0,166120000.0,0.0271834035636889
2009-06-04,2.79,2.81,2.71,2.72,3831081.0,74448736.0,166120000.0,0.023062129785697088
2009-06-05,2.72,2.73,2.61,2.63,4198026.0,79038312.0,166120000.0,0.025271045027690824
2009-06-08,2.61,2.64,2.54,2.63,3450404.0,63179220.0,166120000.0,0.020770551408620275
2009-06-09,2.59,2.64,2.56,2.63,1314914.0,24194990.0,166120000.0,0.007915446665061401
2009-06-10,2.64,2.69,2.6,2.68,2607999.0,49046212.0,166120000.0,0.01569948832169516
2009-06-11,2.68,2.68,2.61,2.62,1961514.0,36723104.0,166120000.0,0.011807813628702143
2009-06-12,2.61,2.7,2.58,2.65,2712902.0,51135540.0,166120000.0,0.01633097760654948
2009-06-15,2.64,2.74,2.57,2.74,2489694.0,47475876.0,166120000.0,0.014987322417529496
2009-06-16,2.72,2.76,2.66,2.73,2401702.0,46276696.0,166120000.0,0.014457633036359259
2009-06-17,2.72,2.85,2.69,2.8,4157277.0,82421376.0,166120000.0,0.02502574644835059
2009-06-18,2.81,2.89,2.79,2.84,4531097.0,91146144.0,166120000.0,0.02727604743558873
2009-06-19,2.84,2.86,2.78,2.84,2795413.0,55610412.0,166120000.0,0.016827672766674694
2009-06-22,2.84,2.86,2.81,2.82,2251125.0,45126980.0,166120000.0,0.013551197929207802
2009-06-23,2.79,2.82,2.73,2.78,2251396.0,44308200.0,166120000.0,0.013552829280038526
2009-06-24,2.82,2.87,2.76,2.81,3407677.0,68269328.0,166120000.0,0.020513345774139175
2009-06-25,2.78,2.84,2.78,2.82,1234990.0,24353110.0,166120000.0,0.007434324584637612
2009-06-26,2.85,2.85,2.81,2.83,1680176.0,33384998.0,166120000.0,0.010114230676619311
2009-06-29,2.84,3.04,2.84,2.95,5174419.0,107584496.0,166120000.0,0.031148681675896944
2009-06-30,2.94,3.04,2.89,3.0,3980731.0,83353136.0,166120000.0,0.023962984589453406
2009-07-01,2.99,3.0,2.92,2.94,2714075.0,56018544.0,166120000.0,0.01633803876715627
2009-07-02,2.93,2.98,2.86,2.88,3308173.0,67572624.0,166120000.0,0.01991435709125933
2009-07-03,2.88,2.92,2.81,2.85,3016289.0,60553072.0,166120000.0,0.018157289910907776
2009-07-06,2.85,2.95,2.85,2.9,2562496.0,52149384.0,166120000.0,0.015425571875752468
2009-07-07,2.99,3.2,2.99,3.2,10923846.0,239495824.0,166120000.0,0.06575876474837467
2009-07-08,3.2,3.32,3.2,3.27,9716290.0,222048560.0,166120000.0,0.05848958584156032
2009-07-09,3.22,3.33,3.18,3.28,6156309.0,140782528.0,166120000.0,0.03705940886106429
2009-07-13,3.26,3.31,3.19,3.25,4866943.0,111027424.0,166120000.0,0.02929775463520347
2009-07-14,3.25,3.41,3.23,3.38,5896863.0,137381200.0,166120000.0,0.03549761016132916
2009-07-15,3.39,3.4,3.31,3.33,4078998.0,95905928.0,166120000.0,0.024554526848061642
2009-07-16,3.32,3.36,3.22,3.23,3797110.0,87171368.0,166120000.0,0.022857633036359258
2009-07-17,3.25,3.33,3.24,3.26,2069442.0,47555652.0,166120000.0,0.012457512641464002
2009-07-20,3.3,3.33,3.21,3.29,3242025.0,75089808.0,166120000.0,0.019516163014688177
2009-07-21,3.31,3.31,3.14,3.16,4045563.0,90879968.0,166120000.0,0.024353256681916687
2009-07-22,3.16,3.18,3.13,3.18,2463367.0,54596344.0,166120000.0,0.014828840597158681
2009-07-23,3.18,3.31,3.14,3.31,5280835.0,118571664.0,166120000.0,0.03178927883457741
2009-07-24,3.28,3.36,3.17,3.25,3593683.0,82395144.0,166120000.0,0.021633054418492656
2009-07-28,3.31,3.39,3.25,3.33,6317032.0,147184384.0,166120000.0,0.03802692029857934
2009-07-29,3.31,3.39,3.07,3.15,4421457.0,101263595.0,166120000.0,0.02661604261979292
2009-07-30,3.18,3.22,3.08,3.16,2673378.0,58947904.0,166120000.0,0.016093053214543702
2009-07-31,3.18,3.24,3.14,3.24,3082613.0,69327832.0,166120000.0,0.01855654346255719
2009-08-03,3.26,3.28,3.19,3.23,4115319.0,92827368.0,166120000.0,0.024773169997592104
2009-08-04,3.23,3.24,3.14,3.21,3633547.0,81109376.0,166120000.0,0.021873025523717796
2009-08-05,3.18,3.31,3.18,3.27,4662371.0,106637336.0,166120000.0,0.028066283409583434
2009-08-06,3.26,3.35,3.19,3.27,4622881.0,105614448.0,166120000.0,0.02782856368889959
2009-08-07,3.27,3.52,3.25,3.39,8837944.0,209563968.0,166120000.0,0.053202167108114616
2009-08-10,3.4,3.56,3.4,3.52,7754159.0,191219168.0,166120000.0,0.04667805803033952
2009-08-11,3.52,3.59,3.43,3.44,3688072.0,89981176.0,166120000.0,0.022201252106910666
2009-08-12,3.42,3.48,3.29,3.31,3965304.0,93977640.0,166120000.0,0.02387011798699735
2009-08-13,3.32,3.36,3.23,3.28,2172797.0,50150592.0,166120000.0,0.013079683361425476
2009-08-14,3.28,3.33,3.23,3.27,3274362.0,75270128.0,166120000.0,0.019710823501083555
2009-08-17,3.27,3.27,2.94,2.94,5423498.0,114392400.0,166120000.0,0.032648073681675896
2009-08-18,2.91,3.04,2.81,3.03,2661470.0,54565916.0,166120000.0,0.016021370093908017
2009-08-19,3.01,3.04,2.87,2.94,1592867.0,33082570.0,166120000.0,0.00958865278112208
2009-08-20,2.98,3.12,2.94,3.05,2612607.0,55339952.0,166120000.0,0.015727227305562246
2009-08-21,3.07,3.24,3.05,3.18,4382390.0,97410784.0,166120000.0,0.026380869251143753
2009-08-24,3.18,3.32,3.14,3.19,2985903.0,67705248.0,166120000.0,0.017974373946544667
2009-08-25,3.15,3.24,3.05,3.14,2578457.0,56341748.0,166120000.0,0.015521653021911871
2009-08-26,3.13,3.29,3.11,3.26,2561901.0,57996176.0,166120000.0,0.01542199012761859
2009-08-27,3.26,3.31,3.2,3.27,2075270.0,47526872.0,166120000.0,0.012492595713941729
2009-08-28,3.26,3.26,3.12,3.15,1506752.0,33519886.0,166120000.0,0.00907026246087166
2009-08-31,3.11,3.11,2.89,2.9,2128089.0,44963176.0,166120000.0,0.012810552612569227
2009-09-01,2.87,2.96,2.85,2.88,1773899.0,36175604.0,166120000.0,0.010678419215025284
2009-09-02,2.89,2.96,2.87,2.91,779303.0,15908252.0,166120000.0,0.004691205152901517
2009-09-03,2.99,3.05,2.92,3.04,2250301.0,47292680.0,166120000.0,0.013546237659523236
2009-09-04,3.01,3.07,3.01,3.04,2293063.0,48774240.0,166120000.0,0.013803653985071032
2009-09-07,3.06,3.13,3.04,3.12,2160048.0,46871248.0,166120000.0,0.013002937635444257
2009-09-08,3.09,3.16,3.08,3.13,1537029.0,33659568.0,166120000.0,0.009252522273055622
2009-09-09,3.16,3.17,3.08,3.15,1818307.0,39976496.0,166120000.0,0.010945744040452685
2009-09-10,3.15,3.26,3.11,3.23,2681474.0,60176848.0,166120000.0,0.016141789068143512
2009-09-11,3.24,3.3,3.16,3.29,2326542.0,53313316.0,166120000.0,0.014005189019985553
2009-09-14,3.28,3.4,3.24,3.36,4628246.0,109159976.0,166120000.0,0.02786085961955213
2009-09-15,3.36,3.36,3.3,3.33,1706032.0,39892388.0,166120000.0,0.010269877197206838
2009-09-16,3.33,3.39,3.3,3.35,2558028.0,60152060.0,166120000.0,0.015398675656152178
2009-09-17,3.37,3.46,3.35,3.43,2545923.0,61127788.0,166120000.0,0.015325806645798218
2009-09-18,3.48,3.48,3.23,3.26,2751525.0,64416724.0,166120000.0,0.016563478208523958
2009-09-21,3.24,3.38,3.21,3.38,2079967.0,48106192.0,166120000.0,0.012520870455092705
2009-09-22,3.36,3.52,3.32,3.4,4247264.0,102766304.0,166120000.0,0.025567445220322657
2009-09-23,3.38,3.46,3.31,3.39,2816856.0,67102816.0,166120000.0,0.016956754153623885
2009-09-24,3.34,3.41,3.24,3.34,2035202.0,47374660.0,166120000.0,0.012251396580784975
2009-09-25,3.34,3.44,3.28,3.36,1712495.0,40832268.0,166120000.0,0.010308782807608958
2009-09-28,3.36,3.4,3.18,3.19,1485085.0,34205792.0,166120000.0,0.008939832651095594
2009-09-29,3.14,3.21,3.11,3.13,1314457.0,29052582.0,166120000.0,0.007912695641704793
2009-09-30,3.17,3.23,3.15,3.18,1070348.0,23880386.0,166120000.0,0.006443221767397062
2009-10-09,3.24,3.39,3.22,3.38,1470142.0,34336536.0,166120000.0,0.008849879605104744
2009-10-12,3.41,3.61,3.38,3.54,3358579.0,82861552.0,166120000.0,0.02021778834577414
2009-10-13,3.55,3.59,3.51,3.55,2218853.0,55167260.0,166120000.0,0.013356928726222008
2009-10-14,3.58,3.65,3.53,3.56,2692100.0,67943904.0,166120000.0,0.016205754875993256
2009-10-15,3.59,3.63,3.49,3.59,2775569.0,69028360.0,166120000.0,0.01670821695160125
2009-10-16,3.58,3.61,3.52,3.6,1646633.0,41115996.0,166120000.0,0.009912310378039971
2009-10-19,3.58,3.75,3.55,3.73,3126193.0,81005424.0,166120000.0,0.018818883939320973
2009-10-20,3.74,3.78,3.67,3.7,2852007.0,74177400.0,166120000.0,0.017168354201781845
2009-10-21,3.68,3.71,3.65,3.65,1890215.0,48766664.0,166120000.0,0.011378611846857694
2009-10-22,3.6,3.69,3.58,3.67,1495196.0,38083848.0,166120000.0,0.009000698290392488
2009-10-23,3.67,3.75,3.67,3.69,1874488.0,48869688.0,166120000.0,0.011283939320972792
2009-10-26,3.71,3.76,3.62,3.75,2806821.0,72885360.0,166120000.0,0.016896346014928967
2009-10-27,3.72,3.85,3.7,3.71,2356455.0,62338568.0,166120000.0,0.014185257645075848
2009-10-28,3.7,3.73,3.55,3.63,2509827.0,63616592.0,166120000.0,0.015108517938839394
2009-10-29,3.61,3.63,3.54,3.57,2155083.0,54001912.0,166120000.0,0.012973049602696846
2009-10-30,3.6,3.66,3.58,3.59,2284837.0,58016092.0,166120000.0,0.013754135564652058
2009-11-02,3.52,3.71,3.5,3.69,2600860.0,66479308.0,166120000.0,0.015656513363833374
2009-11-03,3.75,3.77,3.71,3.73,2161294.0,56672448.0,166120000.0,0.013010438237418733
2009-11-04,3.77,3.89,3.72,3.88,5342176.0,144127456.0,166120000.0,0.03215853599807368
2009-11-05,3.9,4.02,3.86,3.89,4456382.0,123042336.0,166120000.0,0.02682628220563448
2009-11-06,3.9,3.94,3.86,3.89,2938943.0,80298328.0,166120000.0,0.01769168673248254
2009-11-09,3.93,3.95,3.86,3.94,1393690.0,38188616.0,166120000.0,0.008389658078497472
2009-11-10,3.97,3.98,3.88,3.91,1713729.0,47109000.0,166120000.0,0.01031621117264628
2009-11-11,3.92,3.92,3.86,3.88,1419728.0,38680156.0,166120000.0,0.008546400192631833
2009-11-12,3.88,4.1,3.88,4.08,4960867.0,139906944.0,166120000.0,0.029863153142306767
2009-11-13,4.11,4.27,4.09,4.25,7229784.0,213894400.0,166120000.0,0.043521454370334695
2009-11-16,4.3,4.38,4.25,4.29,4530497.0,136433056.0,166120000.0,0.027272435588731037
2009-11-17,4.29,4.34,4.22,4.27,2340448.0,70348560.0,166120000.0,0.014088899590657357
2009-11-18,4.28,4.33,4.25,4.3,2343094.0,70327672.0,166120000.0,0.014104827835299783
2009-11-19,4.32,4.39,4.25,4.35,2326858.0,70140264.0,166120000.0,0.014007091259330605
2009-11-20,4.35,4.35,4.26,4.31,2323431.0,70013912.0,166120000.0,0.013986461594028414
2009-11-23,4.29,4.46,4.25,4.44,2987195.0,90890992.0,166120000.0,0.01798215145677823
2009-11-24,4.46,4.48,4.16,4.2,4235414.0,128894448.0,166120000.0,0.025496111244883216
2009-11-25,4.19,4.36,4.18,4.34,2761866.0,82529616.0,166120000.0,0.0166257283891163
2009-11-26,4.34,4.39,4.06,4.12,3015004.0,89128480.0,166120000.0,0.01814955453888755
2009-11-27,4.06,4.19,3.99,4.09,2808279.0,80994640.0,166120000.0,0.01690512280279316
2009-11-30,4.13,4.24,4.12,4.23,2623730.0,77045368.0,166120000.0,0.015794184926559113
2009-12-01,4.24,4.26,4.19,4.25,3360571.0,99693440.0,166120000.0,0.02022977967734168
2009-12-02,4.28,4.43,4.21,4.41,4175768.0,126601904.0,166120000.0,0.025137057548759934
2009-12-03,4.4,4.5,4.35,4.41,2946870.0,91381392.0,166120000.0,0.017739405249217435
2009-12-04,4.38,4.45,4.15,4.25,3427205.0,102777896.0,166120000.0,0.020630899349867567
2009-12-07,4.27,4.35,4.19,4.28,2485835.0,74432408.0,166120000.0,0.014964092222489766
2009-12-08,4.28,4.43,4.28,4.38,3974208.0,121389680.0,166120000.0,0.02392371779436552
2009-12-09,4.34,4.44,4.29,4.31,2220831.0,68068176.0,166120000.0,0.013368835781362871
2009-12-10,4.33,4.37,4.22,4.28,1752202.0,52611608.0,166120000.0,0.010547808812906333
2009-12-11,4.28,4.37,4.2,4.29,3057909.0,92142416.0,166120000.0,0.018407831687936433
2009-12-14,4.35,4.35,4.21,4.28,1946250.0,58259416.0,166120000.0,0.011715928244642427
2009-12-15,4.25,4.34,4.22,4.33,2043472.0,61878168.0,166120000.0,0.012301179869973512
2009-12-16,4.33,4.44,4.28,4.31,2343537.0,71938128.0,166120000.0,0.014107494582229714
2009-12-17,4.31,4.4,4.19,4.28,2825304.0,84543424.0,166120000.0,0.017007608957380207
2009-12-18,4.23,4.27,4.09,4.1,2057598.0,60101736.0,166120000.0,0.012386214784493137
2009-12-21,4.11,4.2,4.05,4.19,2849754.0,82437760.0,166120000.0,0.017154791716831208
2009-12-22,4.16,4.23,4.08,4.12,1886961.0,54947108.0,166120000.0,0.01135902359739947
2009-12-23,4.13,4.22,4.07,4.22,2489940.0,72775360.0,166120000.0,0.01498880327474115
2009-12-24,4.24,4.37,4.19,4.36,3305464.0,99969960.0,166120000.0,0.019898049602696845
2009-12-25,4.36,4.43,4.32,4.34,2228569.0,68533048.0,166120000.0,0.013415416566337587
2009-12-28,4.37,4.63,4.36,4.59,5750524.0,182574592.0,166120000.0,0.03461668673248254
2009-12-29,4.56,4.65,4.54,4.64,4183874.0,135057808.0,166120000.0,0.025185853599807368
2009-12-30,4.65,4.66,4.47,4.53,3767182.0,119936352.0,166120000.0,0.02267747411509752
2009-12-31,4.52,4.58,4.49,4.56,3251091.0,103535328.0,166120000.0,0.019570738020707922
2010-01-04,4.57,4.62,4.47,4.59,4374048.0,140080832.0,166120000.0,0.02633065254033229
2010-01-05,4.61,4.68,4.55,4.62,4278731.0,139008480.0,166120000.0,0.02575686852877438
2010-01-06,4.69,4.82,4.63,4.64,6324981.0,210431976.0,166120000.0,0.03807477124969901
2010-01-07,4.6,4.82,4.59,4.71,4568900.0,151719104.0,166120000.0,0.027503611846857692
2010-01-08,4.66,4.99,4.64,4.95,5257038.0,177526656.0,166120000.0,0.03164602696845654
2010-01-11,4.99,5.22,4.9,5.05,9029548.0,322912096.0,166120000.0,0.05435557428365037
2010-01-12,5.06,5.53,5.0,5.5,8771276.0,324737354.0,166120000.0,0.052800842764266796
2010-01-13,5.41,5.61,5.36,5.49,7986715.0,307235744.0,166120000.0,0.04807798579340236
2010-01-14,5.55,5.84,5.52,5.54,10444524.0,416751072.0,166120000.0,0.06287336864916927
2010-01-15,5.51,5.65,5.42,5.63,5514943.0,214276816.0,166120000.0,0.03319854924151216
2010-01-18,5.56,5.57,5.42,5.56,6342100.0,244234752.0,166120000.0,0.038177823260293765
2010-01-19,5.53,5.53,5.42,5.49,5351194.0,205689856.0,166120000.0,0.03221282205634481
2010-01-20,5.47,5.53,4.98,5.02,8232084.0,300701984.0,166120000.0,0.049555044546111246
2010-01-21,5.05,5.08,4.79,4.98,7067409.0,245034064.0,166120000.0,0.04254399831447147
2010-01-22,4.85,4.92,4.73,4.87,4511126.0,152627072.0,166120000.0,0.027155827112930412
2010-01-25,4.83,5.04,4.83,4.86,3207007.0,111272664.0,166120000.0,0.019305363592583676
2010-01-26,4.85,4.91,4.42,4.65,3741040.0,123919752.0,166120000.0,0.022520105947507824
2010-01-27,4.64,4.7,4.53,4.65,5255691.0,170542288.0,166120000.0,0.031637918372261015
2010-02-03,4.56,4.56,4.2,4.47,4917201.0,151008816.0,166120000.0,0.02960029496749338
2010-02-04,4.35,4.63,4.34,4.53,3071931.0,97960792.0,166120000.0,0.018492240549000723
2010-02-05,4.42,4.6,4.39,4.53,2679367.0,84728376.0,166120000.0,0.016129105465928245
2010-02-08,4.52,4.56,4.45,4.47,2028953.0,64380388.0,166120000.0,0.0122137791957621
2010-02-09,4.44,4.52,4.43,4.52,1515646.0,47712232.0,166120000.0,0.009123802070792199
2010-02-10,4.56,4.68,4.43,4.67,3164487.0,102077144.0,166120000.0,0.01904940404526848
2010-02-11,4.68,4.78,4.67,4.71,2460128.0,81316648.0,166120000.0,0.0148093426438719
2010-02-12,4.72,4.8,4.63,4.79,2162585.0,71743168.0,166120000.0,0.013018209727907537
2010-02-22,4.76,4.76,4.62,4.65,2228649.0,73186800.0,166120000.0,0.013415898145918613
2010-02-23,4.65,4.65,4.47,4.65,3145917.0,100477360.0,166120000.0,0.018937617385022875
2010-02-24,4.59,4.75,4.53,4.75,3767155.0,123791456.0,166120000.0,0.022677311581988924
2010-02-25,4.78,5.01,4.78,5.0,4733275.0,163413168.0,166120000.0,0.02849310739224657
2010-02-26,4.96,5.06,4.89,5.06,3302642.0,116047016.0,166120000.0,0.019881061882976163
2010-03-01,5.06,5.1,5.0,5.09,2551153.0,90493400.0,166120000.0,0.015357289910907778
2010-03-02,5.09,5.17,5.02,5.13,3271619.0,117265640.0,166120000.0,0.019694311341199134
2010-03-03,5.12,5.12,5.0,5.09,3403983.0,120748216.0,166120000.0,0.020491108836985312
2010-03-04,5.04,5.13,4.69,4.7,5255394.0,179437728.0,166120000.0,0.031636130508066455
2010-03-05,4.74,4.8,4.7,4.74,2291407.0,76362776.0,166120000.0,0.0137936852877438
2010-03-08,4.74,4.8,4.73,4.75,1608247.0,53724772.0,166120000.0,0.009681236455574284
2010-03-09,4.74,4.87,4.69,4.81,2325082.0,78014040.0,166120000.0,0.013996400192631833
2010-03-10,4.82,4.92,4.73,4.75,2999459.0,101373872.0,166120000.0,0.01805597760654948
2010-03-11,4.77,4.77,4.62,4.69,2985366.0,98324528.0,166120000.0,0.01797114134360703
2010-03-12,4.69,5.16,4.66,4.77,4076747.0,136659840.0,166120000.0,0.02454097640260053
2010-03-15,4.78,4.78,4.47,4.56,3258361.0,104986656.0,166120000.0,0.019614501565133637
2010-03-16,4.56,4.6,4.3,4.49,4499634.0,139741136.0,166120000.0,0.02708664820611606
2010-03-17,4.48,4.6,4.43,4.6,3196476.0,101671832.0,166120000.0,0.019241969660486396
2010-03-18,4.63,4.7,4.56,4.6,2514185.0,81861064.0,166120000.0,0.015134751986515772
2010-03-19,4.6,4.64,4.45,4.61,2859416.0,91142272.0,166120000.0,0.01721295449072959
2010-03-22,4.59,4.7,4.56,4.7,2776104.0,90406696.0,166120000.0,0.016711437515049363
2010-03-23,4.69,4.77,4.67,4.74,2841386.0,94087528.0,166120000.0,0.017104418492655912
2010-03-24,4.75,4.89,4.68,4.86,4011079.0,134509840.0,166120000.0,0.024145671803515532
2010-03-25,4.85,4.97,4.8,4.88,4147238.0,142300944.0,166120000.0,0.02496531423067662
2010-03-26,4.86,4.87,4.76,4.84,3171908.0,107414056.0,166120000.0,0.019094076571153383
2010-03-29,4.86,4.91,4.79,4.8,2998748.0,101420744.0,166120000.0,0.018051697568023117
2010-03-30,4.81,4.89,4.75,4.86,3294134.0,111418480.0,166120000.0,0.01982984589453407
2010-03-31,4.86,5.07,4.78,5.0,5793976.0,200029696.0,166120000.0,0.034878256681916686
2010-04-01,4.82,4.9,4.66,4.83,11848054.0,397469888.0,166120000.0,0.07132226101613291
2010-04-02,4.83,4.83,4.71,4.72,6105426.0,203032704.0,166120000.0,0.036753106188297614
2010-04-06,4.73,4.79,4.69,4.75,3534281.0,117499000.0,166120000.0,0.0212754695400915
2010-04-07,4.73,4.79,4.71,4.78,3270663.0,109358424.0,166120000.0,0.019688556465205877
2010-04-08,4.77,4.9,4.75,4.85,5739894.0,195013408.0,166120000.0,0.03455269684565374
2010-04-09,4.97,5.27,4.97,5.16,13950221.0,502513984.0,166120000.0,0.08397676980496027
2010-04-12,5.15,5.65,5.11,5.52,12276135.0,466905280.0,166120000.0,0.07389919937394654
2010-04-13,5.53,5.54,5.18,5.45,7697038.0,290652992.0,166120000.0,0.04633420418974236
2010-04-14,5.41,5.53,5.32,5.45,3967501.0,151054608.0,166120000.0,0.02388334336624127
2010-04-15,5.46,5.48,5.13,5.16,4046681.0,150134976.0,166120000.0,0.024359986756561522
2010-04-16,5.15,5.29,5.08,5.17,2584433.0,93871352.0,166120000.0,0.015557627016614495
2010-04-19,5.16,5.17,4.98,4.99,3585047.0,127812736.0,166120000.0,0.021581067902720925
2010-04-20,4.99,5.15,4.85,5.14,4003667.0,139361376.0,166120000.0,0.024101053455333494
2010-04-21,5.14,5.33,5.09,5.32,4831844.0,178266048.0,166120000.0,0.029086467613773176
2010-04-22,5.32,5.47,5.27,5.38,5720548.0,215596464.0,166120000.0,0.03443623886347219
2010-04-26,5.26,5.31,5.09,5.2,2918070.0,106370840.0,166120000.0,0.017566036600048157
2010-04-27,5.17,5.23,4.91,5.02,3189974.0,112460336.0,166120000.0,0.019202829280038525
2010-04-28,4.96,5.1,4.89,4.98,1814315.0,63313416.0,166120000.0,0.010921713219359499
2010-04-29,5.03,5.06,4.85,4.86,1868290.0,65013568.0,166120000.0,0.01124662894293282
2010-04-30,4.85,4.85,4.46,4.59,2719800.0,87988960.0,166120000.0,0.01637250180592343
2010-05-04,4.48,4.66,4.42,4.56,1965758.0,62802704.0,166120000.0,0.01183336142547556
2010-05-05,4.51,4.67,4.46,4.66,4313430.0,137653744.0,166120000.0,0.02596574765229954
2010-05-06,4.63,4.63,4.26,4.27,4936299.0,153996816.0,166120000.0,0.029715260052973754
2010-05-07,4.08,4.2,4.05,4.09,4458771.0,128829056.0,166120000.0,0.02684066337587286
2010-05-10,4.07,4.13,3.68,3.68,5817129.0,156024656.0,166120000.0,0.03501763183241031
2010-05-11,3.77,3.88,3.65,3.71,5086522.0,134186112.0,166120000.0,0.03061956417047917
2010-05-12,3.68,3.84,3.57,3.61,4191858.0,108874984.0,166120000.0,0.02523391524199374
2010-05-13,3.6,3.87,3.59,3.87,4723652.0,123626760.0,166120000.0,0.028435179388393933
2010-05-14,3.83,4.03,3.8,3.92,4836864.0,133528272.0,166120000.0,0.029116686732482543
2010-05-17,3.82,3.92,3.61,3.61,3186655.0,83616552.0,166120000.0,0.01918284974717072
2010-05-18,3.61,3.84,3.61,3.84,3999767.0,104977592.0,166120000.0,0.02407757645075849
2010-05-19,3.81,3.9,3.75,3.84,3000733.0,80587976.0,166120000.0,0.018063646761377318
2010-05-20,3.81,3.88,3.71,3.72,2258855.0,59881856.0,166120000.0,0.013597730556224416
2010-05-21,3.62,3.8,3.56,3.8,2812487.0,73209464.0,166120000.0,0.016930453888755116
2010-05-24,3.83,4.04,3.81,3.99,4181323.0,116454120.0,166120000.0,0.02517049723091741
2010-05-25,3.99,4.06,3.95,4.02,4284530.0,120286096.0,166120000.0,0.025791777028653984
2010-05-26,4.0,4.09,3.96,3.99,5000484.0,140923424.0,166120000.0,0.030101637370575487
2010-05-27,4.0,4.1,3.92,4.09,3872735.0,109875008.0,166120000.0,0.023312876234047677
2010-05-28,4.16,4.23,4.07,4.16,4079506.0,118988296.0,166120000.0,0.024557584878401154
2010-05-31,4.1,4.15,3.99,4.0,3293380.0,93898064.0,166120000.0,0.019825307006982904
2010-06-01,3.93,3.98,3.73,3.83,2983113.0,80393480.0,166120000.0,0.017957578858656394
2010-06-02,3.81,3.92,3.76,3.9,2182402.0,58637468.0,166120000.0,0.01313750300987238
2010-06-03,3.93,3.99,3.81,3.85,2499471.0,68958168.0,166120000.0,0.015046177462075608
2010-06-04,3.83,3.96,3.82,3.93,2142036.0,58701604.0,166120000.0,0.012894509992776306
2010-06-07,3.82,3.97,3.79,3.96,2131163.0,58444772.0,166120000.0,0.012829057307970142
2010-06-08,4.01,4.11,3.95,4.03,3907998.0,110804928.0,166120000.0,0.02352515049361907
2010-06-09,4.05,4.13,4.0,4.12,3673013.0,104976872.0,166120000.0,0.02211060077052733
2010-06-10,4.09,4.19,4.06,4.14,3004519.0,87147376.0,166120000.0,0.01808643751504936
2010-06-11,4.15,4.29,4.15,4.23,4162311.0,123233912.0,166120000.0,0.025056049843486635
2010-06-17,4.33,4.4,4.25,4.26,4242695.0,128518368.0,166120000.0,0.025539941006501324
2010-06-18,4.25,4.32,4.0,4.04,3372900.0,98627024.0,166120000.0,0.020303997110522515
2010-06-21,4.06,4.25,3.99,4.24,2383721.0,69231312.0,166120000.0,0.014349392005778954
2010-06-22,4.23,4.29,4.04,4.25,2657343.0,78468992.0,166120000.0,0.01599652660727185
2010-06-23,4.32,4.37,4.18,4.26,2227368.0,66442392.0,166120000.0,0.013408186852877438
2010-06-24,4.22,4.36,4.22,4.31,2069560.0,62158960.0,166120000.0,0.012458222971346015
2010-06-25,4.34,4.45,4.31,4.35,3513174.0,107026192.0,166120000.0,0.021148410787382613
2010-06-28,4.33,4.35,4.17,4.19,2054039.0,60625540.0,166120000.0,0.012364790512882255
2010-06-29,4.2,4.25,3.91,3.93,2168498.0,60624388.0,166120000.0,0.013053804478690104
2010-06-30,3.88,3.91,3.71,3.82,2045789.0,53964816.0,166120000.0,0.012315127618588972
2010-07-01,3.8,3.85,3.69,3.71,2012700.0,52708996.0,166120000.0,0.012115940284131953
2010-07-02,3.69,3.74,3.41,3.55,3600115.0,88112464.0,166120000.0,0.02167177341680713
2010-07-05,3.45,3.55,3.45,3.51,1403172.0,34170292.0,166120000.0,0.008446737298338551
2010-07-06,3.53,3.63,3.51,3.59,2171462.0,53996324.0,166120000.0,0.013071647002167109
2010-07-07,3.61,3.62,3.56,3.62,1571547.0,39291808.0,166120000.0,0.009460311822778714
2010-07-08,3.62,3.67,3.54,3.54,1138467.0,28428198.0,166120000.0,0.006853280760895738
2010-07-09,3.54,3.75,3.54,3.75,2659222.0,67710208.0,166120000.0,0.016007837707681195
2010-07-12,3.74,3.87,3.72,3.8,2503853.0,66308672.0,166120000.0,0.015072555983626295
2010-07-13,3.77,3.83,3.72,3.76,1737953.0,45434164.0,166120000.0,0.010462033469780882
2010-07-14,3.76,3.89,3.76,3.85,2262855.0,60491028.0,166120000.0,0.013621809535275704
2010-07-15,3.85,3.87,3.75,3.75,1847675.0,48948120.0,166120000.0,0.011122531904647242
2010-07-16,3.74,3.76,3.6,3.72,1384086.0,35525848.0,166120000.0,0.00833184444979533
2010-07-19,3.68,3.83,3.65,3.82,1743005.0,45397904.0,166120000.0,0.010492445220322659
2010-07-20,3.84,3.94,3.79,3.87,3853052.0,103857216.0,166120000.0,0.02319438959788105
2010-07-21,3.88,4.0,3.85,3.96,3396350.0,92972528.0,166120000.0,0.02044516012521069
2010-07-22,3.9,3.98,3.86,3.97,3069456.0,83655032.0,166120000.0,0.018477341680712737
2010-07-23,3.95,4.02,3.92,3.97,4462811.0,123592328.0,166120000.0,0.026864983144714662
2010-07-27,4.0,4.0,3.9,3.92,2089003.0,57353892.0,166120000.0,0.012575264868769564
2010-07-28,3.91,4.02,3.88,4.02,3105687.0,85876320.0,166120000.0,0.018695443053214543
2010-07-29,4.06,4.14,4.03,4.11,5588013.0,158788416.0,166120000.0,0.033638411991331565
2010-07-30,4.11,4.11,3.98,4.03,3859979.0,108208512.0,166120000.0,0.02323608836985312
2010-08-02,4.02,4.11,3.97,4.05,4860057.0,136738608.0,166120000.0,0.029256302672766674
2010-08-03,4.12,4.19,4.06,4.06,8186758.0,235093296.0,166120000.0,0.04928219359499157
2010-08-04,4.03,4.11,3.98,4.1,3945008.0,110617016.0,166120000.0,0.023747941247291116
2010-08-05,4.1,4.12,4.06,4.1,3474585.0,98793832.0,166120000.0,0.020916114856730075
2010-08-06,4.07,4.2,4.04,4.18,3700167.0,106149648.0,166120000.0,0.022274060919817
2010-08-09,4.18,4.21,4.14,4.2,2838489.0,82588656.0,166120000.0,0.017086979292078017
2010-08-10,4.25,4.25,4.02,4.04,4009096.0,115765160.0,166120000.0,0.024133734649650854
2010-08-11,4.04,4.09,3.98,4.08,2717824.0,76434824.0,166120000.0,0.016360606790272094
2010-08-12,4.04,4.11,4.01,4.03,2238195.0,63144888.0,166120000.0,0.013473362629424512
2010-08-13,4.03,4.09,4.01,4.09,2600516.0,73344336.0,166120000.0,0.015654442571634963
2010-08-16,4.1,4.19,4.06,4.19,5457519.0,157100768.0,166120000.0,0.03285287141825187
2010-08-17,4.18,4.26,4.18,4.25,5863982.0,171934112.0,166120000.0,0.035299674933782804
2010-08-18,4.25,4.25,4.17,4.21,3612849.0,105560416.0,166120000.0,0.021748428846616902
2010-08-19,4.18,4.23,4.14,4.2,4063785.0,118374600.0,166120000.0,0.02446294847098483
2010-08-20,4.21,4.23,4.06,4.06,3604375.0,103659000.0,166120000.0,0.02169741752949675
2010-08-23,4.03,4.08,4.01,4.04,2466429.0,69287808.0,166120000.0,0.014847273055622442
2010-08-24,4.04,4.13,4.01,4.1,2065186.0,58719068.0,166120000.0,0.01243189260775343
2010-08-25,4.06,4.08,3.87,3.87,3410600.0,94100656.0,166120000.0,0.020530941488080906
2010-08-26,3.9,3.94,3.87,3.9,3724666.0,100958360.0,166120000.0,0.02242153864676138
2010-08-27,3.9,3.95,3.85,3.95,2214484.0,60033920.0,166120000.0,0.01333062846135324
2010-08-30,3.96,4.18,3.93,4.12,5830778.0,165872528.0,166120000.0,0.03509979532867807
2010-08-31,4.11,4.34,4.09,4.31,10346322.0,304994784.0,166120000.0,0.06228221767397062
2010-09-01,4.31,4.5,4.26,4.38,10574307.0,321305280.0,166120000.0,0.06365462918372261
2010-09-02,4.43,4.57,4.34,4.48,6223116.0,192972448.0,166120000.0,0.03746156994943414
2010-09-03,4.46,4.68,4.46,4.56,7169552.0,228842208.0,166120000.0,0.0431588731037804
2010-09-06,4.64,4.79,4.56,4.59,5821000.0,188924656.0,166120000.0,0.03504093426438719
2010-09-07,4.57,4.65,4.52,4.64,3702145.0,117856712.0,166120000.0,0.02228596797495786
2010-09-08,4.6,4.64,4.53,4.62,3070917.0,97908584.0,166120000.0,0.018486136527811222
2010-09-09,4.63,4.67,4.48,4.49,5300937.0,168501840.0,166120000.0,0.03191028774379966
2010-09-10,4.49,4.53,4.28,4.42,3808358.0,116848080.0,166120000.0,0.02292534312545148
2010-09-13,4.42,4.56,4.39,4.53,4195530.0,131558216.0,166120000.0,0.025256019744762822
2010-09-14,4.53,4.86,4.51,4.83,8270807.0,272925760.0,166120000.0,0.049788147122562
2010-09-15,4.81,4.87,4.7,4.76,5100447.0,170158688.0,166120000.0,0.03070338911630147
2010-09-16,4.76,4.77,4.53,4.7,3409278.0,110051904.0,166120000.0,0.020522983385504456
2010-09-17,4.7,4.83,4.6,4.81,2837702.0,93684112.0,166120000.0,0.017082241752949676
2010-09-20,4.86,4.89,4.66,4.69,2157134.0,71053264.0,166120000.0,0.012985396099205394
2010-09-21,4.71,4.86,4.66,4.81,2782805.0,92595280.0,166120000.0,0.016751775824705033
2010-09-27,4.81,5.0,4.74,4.95,3284194.0,112285000.0,166120000.0,0.01977000963159162
2010-09-28,4.93,4.94,4.84,4.85,1653857.0,56126612.0,166120000.0,0.009955797014206598
2010-09-29,4.84,4.89,4.63,4.68,2395685.0,78987040.0,166120000.0,0.014421412232121358
2010-09-30,4.63,4.77,4.63,4.75,1151728.0,37813692.0,166120000.0,0.006933108596195521
2010-10-08,4.76,4.93,4.7,4.83,2101067.0,70342568.0,166120000.0,0.01264788706958825
2010-10-11,4.83,4.88,4.71,4.83,2400649.0,80103792.0,166120000.0,0.014451294245124006
2010-10-12,4.77,4.81,4.63,4.64,3144721.0,103194960.0,166120000.0,0.01893041777028654
2010-10-13,4.64,4.69,4.51,4.67,3554646.0,113302304.0,166120000.0,0.021398061642186373
2010-10-14,4.67,4.67,4.28,4.29,9706806.0,299506144.0,166120000.0,0.05843249458222971
2010-10-15,4.3,4.34,4.15,4.2,6503118.0,192496512.0,166120000.0,0.039147110522513844
2010-10-18,4.19,4.19,3.91,4.16,6855947.0,192424608.0,166120000.0,0.041271051047435586
2010-10-19,4.14,4.35,4.11,4.34,3723116.0,110608192.0,166120000.0,0.022412208042379003
2010-10-20,4.26,4.43,4.23,4.36,3715236.0,112753184.0,166120000.0,0.022364772453647964
2010-10-21,4.36,4.45,4.29,4.35,2792501.0,84771136.0,166120000.0,0.016810143269925356
2010-10-22,4.34,4.6,4.34,4.59,6392356.0,198815360.0,166120000.0,0.03848035155309415
2010-10-25,4.57,4.77,4.53,4.66,9721801.0,315957504.0,166120000.0,0.05852276065494823
2010-10-26,4.71,4.75,4.63,4.7,3644602.0,119290096.0,166120000.0,0.021939573802070792
2010-10-28,4.6,4.65,4.42,4.55,5239114.0,164864832.0,166120000.0,0.031538129063327716
2010-10-29,4.54,4.6,4.43,4.59,4014429.0,125662472.0,166120000.0,0.024165837948470985
2010-11-01,4.6,4.77,4.6,4.72,4505760.0,147579104.0,166120000.0,0.027123525162533108
2010-11-02,4.73,4.74,4.56,4.59,3502595.0,114014408.0,166120000.0,0.02108472790753672
2010-11-03,4.57,4.66,4.47,4.48,2272090.0,72328288.0,166120000.0,0.013677401878160366
2010-11-04,4.5,4.6,4.45,4.59,4273247.0,134567312.0,166120000.0,0.025723856248495065
2010-11-05,4.64,4.92,4.6,4.84,8607346.0,287108576.0,166120000.0,0.05181402600529737
2010-11-08,4.87,5.0,4.82,4.89,5754784.0,197088288.0,166120000.0,0.03464233084517217
2010-11-09,4.92,4.94,4.82,4.91,2986105.0,101393136.0,166120000.0,0.017975589934986755
2010-11-10,4.92,5.28,4.92,5.13,4941976.0,176014032.0,166120000.0,0.029749434143992295
2010-11-11,5.13,5.34,5.03,5.1,7423172.0,267945888.0,166120000.0,0.04468560077052733
2010-11-12,5.11,5.25,4.78,5.07,11732159.0,411900000.0,166120000.0,0.07062460269684566
2010-11-15,4.97,5.24,4.89,5.23,6023606.0,213186688.0,166120000.0,0.036260570671803515
2010-11-16,5.28,5.42,5.03,5.24,9173713.0,336929952.0,166120000.0,0.05522341078738262
2010-11-17,5.17,5.36,4.75,4.83,6375213.0,221176848.0,166120000.0,0.03837715506862509
2010-11-18,4.85,4.97,4.8,4.88,2973657.0,100963944.0,166120000.0,0.01790065615217915
2010-11-19,4.93,5.32,4.93,5.31,9008905.0,322685184.0,166120000.0,0.054231308692511436
2010-11-22,5.38,5.78,5.32,5.46,13423841.0,515312896.0,166120000.0,0.080808096556706
2010-11-23,5.43,5.61,5.26,5.52,7351852.0,276452576.0,166120000.0,0.04425627257404286
2010-11-24,5.46,5.6,5.43,5.58,4467635.0,171605360.0,166120000.0,0.02689402239345052
2010-11-25,5.6,5.65,5.39,5.49,3381996.0,129376008.0,166120000.0,0.020358752708885142
2010-11-26,5.44,5.49,5.3,5.36,2970375.0,111144816.0,166120000.0,0.017880899349867564
2010-11-29,5.42,5.88,5.42,5.8,7330605.0,288654752.0,166120000.0,0.04412837105706718
2010-11-30,5.75,5.79,5.43,5.71,4945740.0,192891392.0,166120000.0,0.029772092463279557
2010-12-01,5.68,6.25,5.53,6.07,6777847.0,281063648.0,166120000.0,0.04080090898145919
2010-12-02,6.07,6.32,5.98,6.02,4432352.0,188822816.0,166120000.0,0.026681627738983867
2010-12-03,6.07,6.1,5.82,5.96,2751307.0,114160216.0,166120000.0,0.016562165904165663
2010-12-06,5.98,6.04,5.69,5.72,3019623.0,121767808.0,166120000.0,0.018177359739947028
2010-12-07,5.66,5.92,5.61,5.85,1770542.0,71127520.0,166120000.0,0.010658210931856489
2010-12-08,5.85,5.9,5.68,5.69,1955526.0,78619976.0,166120000.0,0.011771767397062365
2010-12-09,5.68,5.68,5.53,5.55,1952970.0,75844528.0,166120000.0,0.011756380929448591
2010-12-10,5.58,5.74,5.47,5.73,2283407.0,89824456.0,166120000.0,0.013745527329641223
2010-12-13,5.81,5.95,5.79,5.95,3728841.0,152747904.0,166120000.0,0.02244667108114616
2010-12-14,5.99,6.06,5.87,5.94,1604238.0,66446900.0,166120000.0,0.00965710329882013
2010-12-15,5.93,6.04,5.84,5.86,1861550.0,76466256.0,166120000.0,0.011206055863231399
2010-12-16,5.86,5.99,5.81,5.85,2570646.0,105583696.0,166120000.0,0.015474632795569468
2010-12-17,5.86,5.92,5.74,5.91,2300063.0,93266576.0,166120000.0,0.013845792198410787
2010-12-20,5.91,6.04,5.61,5.88,2720591.0,111335488.0,166120000.0,0.01637726342403082
2010-12-21,5.88,5.93,5.78,5.88,1665763.0,67733352.0,166120000.0,0.010027468095352756
2010-12-22,5.89,5.91,5.61,5.63,2510849.0,99723784.0,166120000.0,0.015114670117986997
2010-12-23,5.61,5.68,5.43,5.51,2337712.0,90168952.0,166120000.0,0.014072429568986276
2010-12-24,5.53,5.55,5.44,5.51,840066.0,32032704.0,166120000.0,0.005056982903924874
2010-12-27,5.52,5.59,5.25,5.26,1465406.0,55354880.0,166120000.0,0.008821370093908019
2010-12-28,5.2,5.39,5.03,5.29,2572794.0,93053104.0,166120000.0,0.01548756320732001
2010-12-29,5.27,5.42,5.19,5.4,2189504.0,81495888.0,166120000.0,0.013180255237177944
2010-12-30,5.4,5.56,5.4,5.52,2507790.0,96127776.0,166120000.0,0.015096255718757525
2010-12-31,5.57,5.89,5.57,5.84,3310101.0,132227248.0,166120000.0,0.019925963159162053
2011-01-04,5.81,5.85,5.61,5.67,3427785.0,135694128.0,166120000.0,0.02063439080183
2011-01-05,5.62,5.65,5.52,5.53,2209826.0,85733840.0,166120000.0,0.013302588490248013
2011-01-06,5.53,5.58,5.41,5.44,2353822.0,89763744.0,166120000.0,0.014169407657115338
2011-01-07,5.46,5.54,5.42,5.46,1751391.0,66813440.0,166120000.0,0.010542926799903684
2011-01-10,5.46,5.53,5.29,5.31,1132710.0,42795020.0,166120000.0,0.006818625090296172
2011-01-11,5.25,5.3,5.03,5.06,3116964.0,110578672.0,166120000.0,0.01876332771490489
2011-01-12,5.06,5.12,4.96,5.02,1978443.0,69215712.0,166120000.0,0.011909721887791958
2011-01-13,5.09,5.14,5.03,5.03,2077009.0,73568432.0,166120000.0,0.012503064050084277
2011-01-14,5.06,5.06,4.72,4.73,3655041.0,121971560.0,166120000.0,0.022002413917649892
2011-01-17,4.73,4.76,4.48,4.56,2061631.0,66141388.0,166120000.0,0.012410492415121599
2011-01-18,4.53,4.59,4.53,4.58,1075465.0,34195736.0,166120000.0,0.006474024801348423
2011-01-19,4.6,5.03,4.55,4.87,2940504.0,98273440.0,166120000.0,0.017701083554057306
2011-01-20,4.83,4.87,4.56,4.6,1561194.0,51034036.0,166120000.0,0.009397989405249217
2011-01-21,4.59,4.81,4.56,4.73,1863953.0,61249252.0,166120000.0,0.01122052130989646
2011-01-24,4.8,4.83,4.67,4.72,1082378.0,35718832.0,166120000.0,0.006515639296893812
2011-01-25,4.71,4.71,4.27,4.37,3323575.0,101161560.0,166120000.0,0.020007073200096315
2011-01-26,4.36,4.48,4.35,4.47,1787572.0,55044196.0,166120000.0,0.01076072718516735
2011-01-27,4.44,4.65,4.39,4.59,3135214.0,99503976.0,166120000.0,0.01887318805682639
2011-01-28,4.6,4.73,4.57,4.68,2196974.0,71329832.0,166120000.0,0.013225222730556225
2011-01-31,4.67,4.72,4.63,4.68,1307678.0,42606676.0,166120000.0,0.00787188779195762
2011-02-01,4.7,4.72,4.64,4.67,1022845.0,33169580.0,166120000.0,0.006157265831928726
2011-02-09,4.64,5.06,4.56,4.85,2847149.0,96548168.0,166120000.0,0.017139110281724056
2011-02-10,4.84,4.99,4.84,4.96,1943924.0,66706784.0,166120000.0,0.011701926318324103
2011-02-11,4.97,5.1,4.96,5.03,2046158.0,71838736.0,166120000.0,0.012317348904406453
2011-02-14,5.04,5.21,5.04,5.17,3089843.0,111147312.0,166120000.0,0.01860006621719239
2011-02-15,5.2,5.2,5.11,5.11,1652748.0,59027952.0,166120000.0,0.009949121117264629
2011-02-16,5.1,5.2,5.09,5.19,1282839.0,45965216.0,166120000.0,0.007722363351793884
2011-02-17,5.32,5.68,5.31,5.33,6080241.0,229555312.0,166120000.0,0.03660149891644594
2011-02-18,5.33,5.42,5.25,5.27,2568723.0,95380592.0,166120000.0,0.015463056826390561
2011-02-21,5.25,5.6,5.23,5.53,3335659.0,126166304.0,166120000.0,0.02007981579581026
2011-02-22,5.55,5.57,5.38,5.38,3608446.0,137399120.0,166120000.0,0.021721923910426197
2011-02-23,5.32,5.42,5.29,5.4,1734755.0,64660356.0,166120000.0,0.010442782326029377
2011-02-24,5.4,5.4,5.28,5.32,1802281.0,66884576.0,166120000.0,0.010849271610883698
2011-02-25,5.38,5.38,5.2,5.26,2186925.0,79683464.0,166120000.0,0.013164730315434626
2011-02-28,5.28,5.33,5.2,5.29,5156537.0,189152080.0,166120000.0,0.031041036600048158
2011-03-01,5.32,5.33,5.17,5.21,3734774.0,135582912.0,166120000.0,0.022482386226823983
2011-03-02,5.19,5.26,5.13,5.23,1950105.0,70384288.0,166120000.0,0.011739134360703106
2011-03-03,5.24,5.29,5.03,5.08,2190355.0,79114920.0,166120000.0,0.013185378039971106
2011-03-04,5.1,5.12,5.06,5.1,1828467.0,64753052.0,166120000.0,0.011006904647242957
2011-03-07,5.13,5.16,5.07,5.1,2896658.0,102987200.0,166120000.0,0.017437141825186613
2011-03-08,5.1,5.2,5.05,5.19,3095240.0,109954952.0,166120000.0,0.018632554779677343
2011-03-09,5.2,5.27,5.12,5.23,3696514.0,133686768.0,166120000.0,0.02225207079219841
2011-03-10,5.21,5.21,5.08,5.1,3106771.0,110967296.0,166120000.0,0.018701968456537443
2011-03-11,5.06,5.14,4.97,4.97,3408218.0,119248752.0,166120000.0,0.02051660245605586
2011-03-14,4.81,5.12,4.74,5.11,5624348.0,191086560.0,166120000.0,0.033857139417288705
2011-03-15,5.16,5.16,4.79,4.9,4820341.0,164866432.0,166120000.0,0.029017222489766435
2011-03-16,4.91,4.98,4.74,4.93,3421690.0,116051416.0,166120000.0,0.020597700457500603
2011-03-17,4.82,4.9,4.79,4.8,1781618.0,59972728.0,166120000.0,0.010724885624849507
2011-03-18,4.82,4.87,4.69,4.73,2598974.0,85754680.0,166120000.0,0.01564516012521069
2011-03-21,4.73,4.74,4.62,4.62,2094356.0,67831440.0,166120000.0,0.012607488562484951
2011-03-22,4.63,4.77,4.53,4.75,3500082.0,113262504.0,166120000.0,0.02106960028894775
2011-03-23,4.73,4.96,4.73,4.93,5607929.0,191179472.0,166120000.0,0.033758301228027934
2011-03-24,4.88,4.97,4.87,4.92,2741095.0,93765848.0,166120000.0,0.016500692270647724
2011-03-25,4.92,4.92,4.82,4.86,2060061.0,69681840.0,166120000.0,0.012401041415843968
2011-03-28,4.86,4.9,4.7,4.7,3712357.0,123027832.0,166120000.0,0.0223474416084758
2011-03-29,4.67,4.69,4.58,4.59,2572243.0,82683712.0,166120000.0,0.015484246327955694
2011-03-30,4.59,4.64,4.45,4.46,2580993.0,80962360.0,166120000.0,0.015536919094630388
2011-03-31,4.49,4.56,4.37,4.44,2864491.0,88375296.0,166120000.0,0.017243504695400914
2011-04-01,4.45,4.51,4.38,4.5,1460580.0,45181480.0,166120000.0,0.008792318805682639
2011-04-06,4.46,4.5,4.31,4.35,3145015.0,95033320.0,166120000.0,0.018932187575246808
2011-04-07,4.35,4.38,4.29,4.38,1795642.0,54216232.0,166120000.0,0.010809306525403323
2011-04-08,4.36,4.52,4.36,4.5,2115705.0,65807480.0,166120000.0,0.012736004093426439
2011-04-11,4.5,4.52,4.37,4.37,2385155.0,73630224.0,166120000.0,0.014358024319768842
2011-04-13,4.45,4.62,4.42,4.59,3589880.0,113494504.0,166120000.0,0.021610161329159643
2011-04-14,4.56,4.63,4.55,4.59,2472788.0,79251928.0,166120000.0,0.014885552612569228
2011-04-15,4.59,4.72,4.58,4.67,3004177.0,97545712.0,166120000.0,0.018084378762340477
2011-04-18,4.63,4.69,4.54,4.57,1989823.0,63510768.0,166120000.0,0.011978226583192872
2011-04-19,4.56,4.56,4.43,4.45,1381310.0,42810572.0,166120000.0,0.008315133638333735
2011-04-20,4.44,4.48,4.43,4.45,1050198.0,32575476.0,166120000.0,0.006321923910426198
2011-04-21,4.47,4.48,4.34,4.37,3466855.0,105674032.0,166120000.0,0.02086958222971346
2011-04-22,4.31,4.36,4.27,4.29,3395871.0,101825824.0,166120000.0,0.0204422766674693
2011-04-25,4.31,4.33,4.23,4.32,1952940.0,58168348.0,166120000.0,0.011756200337105708
2011-04-26,4.32,4.33,4.11,4.19,2452009.0,71807552.0,166120000.0,0.014760468336142548
2011-04-27,4.21,4.28,4.19,4.22,1544081.0,45552044.0,166120000.0,0.009294973513123044
2011-04-29,4.16,4.2,4.03,4.18,1811273.0,51657352.0,166120000.0,0.010903401155790995
2011-05-03,4.18,4.31,4.07,4.27,1137886.0,33513502.0,166120000.0,0.0068497832891885385
2011-05-04,4.29,4.29,4.17,4.19,804316.0,23603870.0,166120000.0,0.004841777028653985
2011-05-05,4.24,4.28,4.21,4.22,877374.0,25896860.0,166120000.0,0.005281567541536239
2011-05-06,4.25,4.25,4.14,4.23,1127372.0,32911808.0,166120000.0,0.0067864916927522275
2011-05-09,4.23,4.28,4.19,4.26,1106194.0,32729404.0,166120000.0,0.006659005538165182
2011-05-10,4.25,4.27,4.2,4.22,814553.0,23970328.0,166120000.0,0.004903401155790995
2011-05-11,4.23,4.26,4.17,4.18,739539.0,21603668.0,166120000.0,0.004451836022152661
2011-05-12,4.18,4.18,4.04,4.04,1264598.0,36100112.0,166120000.0,0.007612557187575247
2011-05-13,4.05,4.1,4.03,4.09,1084550.0,30620512.0,166120000.0,0.006528714182518661
2011-05-16,4.09,4.11,4.04,4.07,679415.0,19272932.0,166120000.0,0.004089904888032747
2011-05-17,4.04,4.09,4.03,4.08,854834.0,24171712.0,166120000.0,0.005145882494582229
2011-05-18,4.09,4.13,4.06,4.1,939618.0,26791248.0,166120000.0,0.0056562605345533345
2011-05-19,4.14,4.16,4.1,4.1,958581.0,27547332.0,166120000.0,0.0057704129544907294
2011-05-20,4.1,4.11,4.05,4.08,456828.0,12954485.0,166120000.0,0.0027499879605104743
2011-05-23,4.06,4.07,3.88,3.88,1037649.0,28484870.0,166120000.0,0.006246382133397544
2011-05-24,3.88,3.88,3.72,3.8,1360661.0,35672648.0,166120000.0,0.008190831928726222
2011-05-25,3.8,3.8,3.68,3.69,1137678.0,29577472.0,166120000.0,0.006848531182277871
2011-05-26,3.7,3.76,3.63,3.68,731332.0,18781360.0,166120000.0,0.00440243197688418
2011-05-27,3.68,3.68,3.6,3.62,737214.0,18640252.0,166120000.0,0.004437840115579099
2011-05-30,3.62,3.62,3.53,3.58,558697.0,13907353.0,166120000.0,0.003363213339754394
2011-05-31,3.62,3.66,3.57,3.66,931848.0,23260724.0,166120000.0,0.0056094871177462076
2011-06-01,3.64,3.72,3.64,3.7,933578.0,23695724.0,166120000.0,0.005619901276185889
2011-06-02,3.66,3.67,3.58,3.6,973363.0,24286488.0,166120000.0,0.005859396821574765
2011-06-03,3.62,3.72,3.6,3.69,1653190.0,42037792.0,166120000.0,0.009951781844449795
2011-06-07,3.68,3.72,3.65,3.71,798420.0,20368604.0,166120000.0,0.004806284613532386
2011-06-08,3.7,3.71,3.63,3.68,627633.0,15867178.0,166120000.0,0.003778190464724296
2011-06-09,3.69,3.69,3.59,3.6,729080.0,18335508.0,166120000.0,0.004388875511678305
2011-06-10,3.57,3.61,3.51,3.58,659258.0,16231832.0,166120000.0,0.003968564892848543
2011-06-13,3.58,3.58,3.53,3.57,506307.0,12417215.0,166120000.0,0.003047838911630147
2011-06-14,3.57,3.77,3.56,3.65,1693431.0,42984432.0,166120000.0,0.010194022393450517
2011-06-15,3.67,3.75,3.65,3.67,1114083.0,28510120.0,166120000.0,0.006706495304599085
2011-06-16,3.65,3.65,3.59,3.6,479945.0,11956329.0,166120000.0,0.0028891464001926316
2011-06-17,3.59,3.6,3.52,3.53,563422.0,13863693.0,166120000.0,0.0033916566337587285
2011-06-20,3.54,3.56,3.4,3.41,781777.0,18598216.0,166120000.0,0.004706098001444739
2011-06-21,3.45,3.46,3.4,3.46,408598.0,9666045.0,166120000.0,0.0024596556705995666
2011-06-22,3.45,3.47,3.42,3.44,874159.0,20762392.0,166120000.0,0.005262214062123766
2011-06-23,3.44,3.62,3.43,3.6,1834578.0,44852664.0,166120000.0,0.011043691307488562
2011-06-24,3.57,3.77,3.56,3.73,2677519.0,68411248.0,166120000.0,0.01611798097760655
2011-06-27,3.73,3.86,3.7,3.82,2098525.0,55215868.0,166120000.0,0.012632584878401156
2011-06-28,3.83,3.83,3.75,3.79,849032.0,22100978.0,166120000.0,0.005110955935468336
2011-06-29,3.8,4.0,3.76,3.86,2536475.0,68200816.0,166120000.0,0.015268932097279076
2011-06-30,3.86,3.92,3.85,3.89,927471.0,24857172.0,166120000.0,0.005583138694919335
2011-07-01,3.91,3.91,3.86,3.87,988886.0,26484724.0,166120000.0,0.005952841319528052
2011-07-04,3.91,3.94,3.88,3.92,1582129.0,42677032.0,166120000.0,0.009524012761858897
2011-07-05,3.94,4.0,3.9,3.99,2452965.0,67082316.0,166120000.0,0.014766223212135806
2011-07-06,3.99,4.07,3.95,4.03,1859418.0,51428000.0,166120000.0,0.011193221767397062
2011-07-07,4.03,4.11,3.99,4.1,2004341.0,56301976.0,166120000.0,0.012065621237659523
2011-07-08,4.09,4.17,4.03,4.04,1109849.0,31022190.0,166120000.0,0.0066810077052732965
2011-07-11,4.08,4.08,4.0,4.02,909556.0,25266408.0,166120000.0,0.005475294967493378
2011-07-12,4.03,4.27,4.01,4.16,3770079.0,108607536.0,166120000.0,0.022694913315675417
2011-07-13,4.16,4.31,4.13,4.26,2621556.0,76364048.0,166120000.0,0.015781098001444737
2011-07-14,4.33,4.33,4.21,4.25,1444269.0,42352924.0,166120000.0,0.00869413074885625
2011-07-15,4.24,4.28,4.22,4.25,1255699.0,36863216.0,166120000.0,0.007558987478930894
2011-07-18,4.25,4.25,4.17,4.19,1367107.0,39649160.0,166120000.0,0.008229635203467372
2011-07-19,4.17,4.17,4.08,4.13,968753.0,27677576.0,166120000.0,0.0058316457982181555
2011-07-20,4.14,4.15,4.03,4.07,1518925.0,42635768.0,166120000.0,0.009143540813869491
2011-07-21,4.04,4.06,3.96,3.97,907894.0,25004006.0,166120000.0,0.005465290151697568
2011-07-22,3.97,4.02,3.96,3.97,688342.0,18968842.0,166120000.0,0.00414364314953046
2011-07-25,4.01,4.01,3.76,3.77,1028958.0,27589060.0,166120000.0,0.006194064531663857
2011-07-26,3.77,3.83,3.75,3.78,569453.0,14850999.0,166120000.0,0.0034279617144233085
2011-07-27,3.75,3.92,3.74,3.92,1403010.0,37331988.0,166120000.0,0.008445762099686973
2011-07-28,3.87,3.92,3.84,3.9,631699.0,16930838.0,166120000.0,0.0038026667469299304
2011-07-29,3.92,3.96,3.83,3.83,773501.0,20632808.0,166120000.0,0.004656278593787623
2011-08-01,3.81,3.91,3.77,3.91,1735558.0,46110972.0,166120000.0,0.010447616181073923
2011-08-02,3.87,3.95,3.81,3.95,1489961.0,40056272.0,166120000.0,0.008969184926559114
2011-08-03,3.9,4.01,3.84,3.97,1302810.0,35648192.0,166120000.0,0.007842583674452203
2011-08-04,4.0,4.13,4.0,4.02,1960082.0,55023096.0,166120000.0,0.011799193354201782
2011-08-05,3.88,4.03,3.84,3.98,1314305.0,35929656.0,166120000.0,0.007911780640500844
2011-08-08,3.91,3.97,3.77,3.8,1810790.0,48390764.0,166120000.0,0.01090049361907055
2011-08-09,3.72,3.8,3.53,3.74,862080.0,21887456.0,166120000.0,0.005189501565133639
2011-08-10,3.83,3.88,3.72,3.73,1473620.0,38446044.0,166120000.0,0.008870816277389839
2011-08-11,3.62,3.79,3.62,3.77,1278431.0,32892236.0,166120000.0,0.007695828316879364
2011-08-12,3.8,3.91,3.79,3.8,2052748.0,54610960.0,166120000.0,0.01235701902239345
2011-08-15,3.81,3.9,3.75,3.88,1728319.0,45536932.0,166120000.0,0.010404039248735853
2011-08-16,3.87,3.96,3.84,3.96,2431477.0,65913400.0,166120000.0,0.014636870936672285
2011-08-17,3.97,4.06,3.96,4.02,2792040.0,77550560.0,166120000.0,0.016807368167589695
2011-08-18,4.0,4.05,3.88,3.89,1270463.0,34752900.0,166120000.0,0.007647862990609198
2011-08-19,3.82,3.98,3.77,3.93,915716.0,24595512.0,166120000.0,0.005512376595232362
2011-08-22,3.93,4.0,3.87,3.87,870718.0,23494976.0,166120000.0,0.005241500120394895
2011-08-23,3.87,3.96,3.87,3.96,1025288.0,27682544.0,166120000.0,0.0061719720683843
2011-08-24,3.99,4.05,3.95,4.05,1425718.0,39291944.0,166120000.0,0.008582458463761137
2011-08-25,4.05,4.06,4.01,4.05,2409563.0,67278976.0,166120000.0,0.014504954249939802
2011-08-26,4.05,4.05,4.0,4.03,1022087.0,28330424.0,166120000.0,0.006152702865398507
2011-08-29,4.02,4.05,3.98,4.01,806134.0,22323264.0,166120000.0,0.004852720924632795
2011-08-30,4.02,4.05,3.91,3.92,1023480.0,28237100.0,166120000.0,0.006161088369853118
2011-08-31,3.89,3.91,3.79,3.83,1064189.0,28154746.0,166120000.0,0.006406146159402841
2011-09-01,3.77,3.81,3.55,3.61,7392756.0,185624928.0,166120000.0,0.044502504213821334
2011-09-02,3.58,3.61,3.54,3.59,1619479.0,39954736.0,166120000.0,0.009748850228750302
2011-09-05,3.57,3.62,3.51,3.52,1554976.0,38003272.0,166120000.0,0.009360558632313989
2011-09-06,3.48,3.54,3.45,3.51,685750.0,16589092.0,166120000.0,0.004128039971105225
2011-09-07,3.55,3.57,3.51,3.56,558891.0,13683096.0,166120000.0,0.003364381170238382
2011-09-08,3.58,3.59,3.49,3.5,673216.0,16497657.0,166120000.0,0.004052588490248013
2011-09-09,3.51,3.54,3.49,3.52,330268.0,8005958.0,166120000.0,0.001988129063327715
2011-09-13,3.49,3.49,3.44,3.45,380059.0,9062865.0,166120000.0,0.002287858174813388
2011-09-14,3.47,3.49,3.39,3.42,1122372.0,26503546.0,166120000.0,0.006756392968938117
2011-09-15,3.41,3.46,3.41,3.45,644879.0,15332750.0,166120000.0,0.003882006982903925
2011-09-19,3.41,3.46,3.35,3.36,543156.0,12720739.0,166120000.0,0.003269660486395377
2011-09-20,3.36,3.39,3.35,3.38,457048.0,10626487.0,166120000.0,0.002751312304358295
2011-09-21,3.39,3.51,3.35,3.5,1171224.0,28130092.0,166120000.0,0.0070504695400915
2011-09-22,3.47,3.52,3.42,3.43,789499.0,18875132.0,166120000.0,0.004752582470503251
2011-09-23,3.36,3.44,3.35,3.4,418039.0,9777101.0,166120000.0,0.0025164880809053695
2011-09-26,3.47,3.47,3.36,3.38,439141.0,10303022.0,166120000.0,0.0026435167348904404
2011-09-27,3.4,3.43,3.34,3.38,462329.0,10768571.0,166120000.0,0.0027831025764507586
2011-09-28,3.41,3.44,3.34,3.35,419231.0,9798577.0,166120000.0,0.0025236636166626534
2011-09-29,3.33,3.35,3.2,3.21,691425.0,15574713.0,166120000.0,0.00416220202263424
2011-09-30,3.24,3.26,3.2,3.22,351107.0,7802696.0,166120000.0,0.0021135745244401636
2011-10-10,3.21,3.27,3.04,3.13,612222.0,13500631.0,166120000.0,0.003685420178184445
2011-10-11,3.21,3.23,3.12,3.13,658960.0,14366536.0,166120000.0,0.003966771008909222
2011-10-12,3.12,3.3,3.1,3.25,796358.0,17716918.0,166120000.0,0.004793871899831447
2011-10-13,3.25,3.37,3.24,3.34,1427141.0,32736142.0,166120000.0,0.008591024560558632
2011-10-14,3.33,3.37,3.29,3.32,1104702.0,25530880.0,166120000.0,0.006650024078979052
2011-10-17,3.34,3.4,3.32,3.39,913767.0,21183514.0,166120000.0,0.005500644112689622
2011-10-18,3.43,3.43,3.27,3.28,966437.0,22280168.0,166120000.0,0.00581770406934746
2011-10-19,3.29,3.33,3.25,3.27,534278.0,12100654.0,166120000.0,0.0032162171923910427
2011-10-20,3.27,3.27,3.11,3.14,830175.0,18076876.0,166120000.0,0.004997441608475801
2011-10-21,3.13,3.14,2.9,3.01,1115070.0,23433472.0,166120000.0,0.006712436792679991
2011-10-24,2.99,3.1,2.99,3.09,637949.0,13471341.0,166120000.0,0.003840290151697568
2011-10-25,3.09,3.18,3.07,3.16,1109776.0,24031434.0,166120000.0,0.0066805682639056105
2011-10-26,3.16,3.25,3.15,3.19,1065394.0,23518076.0,166120000.0,0.006413399951842042
2011-10-27,3.19,3.24,3.15,3.18,814414.0,17919542.0,166120000.0,0.004902564411268962
2011-10-28,3.22,3.29,3.22,3.28,1088569.0,24438698.0,166120000.0,0.0065529075367204434
2011-10-31,3.29,3.35,3.29,3.31,1121984.0,25745828.0,166120000.0,0.006754057307970142
2011-11-01,3.3,3.39,3.26,3.34,1579631.0,36393872.0,166120000.0,0.009508975439441368
2011-11-02,3.26,3.52,3.25,3.51,2852107.0,67244472.0,166120000.0,0.017168956176258125
2011-11-03,3.51,3.7,3.51,3.57,6016177.0,151142016.0,166120000.0,0.03621584998796051
2011-11-04,3.65,3.65,3.52,3.57,2485110.0,61538084.0,166120000.0,0.01495972790753672
2011-11-07,3.57,3.65,3.55,3.57,1327584.0,33039428.0,166120000.0,0.007991716831206357
2011-11-08,3.58,3.6,3.48,3.5,1129034.0,27674438.0,166120000.0,0.006796496508548038
2011-11-09,3.51,3.57,3.48,3.57,686686.0,16711319.0,166120000.0,0.004133674452203227
2011-11-10,3.52,3.61,3.52,3.56,1180644.0,29075600.0,166120000.0,0.007107175535757284
2011-11-11,3.59,3.61,3.52,3.56,613825.0,15116173.0,166120000.0,0.0036950698290392488
2011-11-14,3.56,3.69,3.55,3.67,1500034.0,37740808.0,166120000.0,0.00902982181555502
2011-11-15,3.67,3.69,3.63,3.66,1196907.0,30134946.0,166120000.0,0.007205074644835059
2011-11-16,3.66,3.67,3.53,3.55,964540.0,23968084.0,166120000.0,0.0058062846135323865
2011-11-17,3.58,3.59,3.52,3.55,552779.0,13577186.0,166120000.0,0.0033275884902480134
2011-11-18,3.52,3.54,3.41,3.42,1058747.0,25194170.0,166120000.0,0.006373386708403564
2011-11-21,3.42,3.45,3.36,3.43,713836.0,16727486.0,166120000.0,0.004297110522513845
2011-11-22,3.4,3.46,3.37,3.46,621871.0,14633182.0,166120000.0,0.003743504695400915
2011-11-23,3.46,3.54,3.46,3.52,2077122.0,50209608.0,166120000.0,0.012503744281242476
2011-11-24,3.45,3.45,3.17,3.31,4768937.0,106875680.0,166120000.0,0.02870778352997833
2011-11-25,3.24,3.27,3.19,3.2,1715799.0,38080064.0,166120000.0,0.010328672044305322
2011-11-28,3.19,3.21,3.01,3.12,3409189.0,72356328.0,166120000.0,0.020522447628220565
2011-11-29,3.13,3.14,3.07,3.14,3045858.0,65230048.0,166120000.0,0.018335287743799663
2011-11-30,3.13,3.13,2.93,2.96,1798336.0,37500012.0,166120000.0,0.010825523717794366
2011-12-01,3.05,3.09,3.01,3.02,2752908.0,57779736.0,166120000.0,0.01657180351553094
2011-12-02,3.01,3.01,2.9,2.96,2103871.0,42935628.0,166120000.0,0.012664766433903202
2011-12-05,2.96,2.99,2.92,2.93,1291460.0,26280638.0,166120000.0,0.007774259571394173
2011-12-06,2.94,2.96,2.92,2.94,1142613.0,23155578.0,166120000.0,0.006878238622682398
2011-12-07,2.95,2.97,2.9,2.95,1942988.0,39461664.0,166120000.0,0.011696291837226102
2011-12-08,2.95,3.04,2.89,2.96,1765147.0,36217584.0,166120000.0,0.010625734408861064
2011-12-09,2.93,2.99,2.93,2.96,729194.0,14943507.0,166120000.0,0.0043895617625812665
2011-12-12,2.96,2.98,2.93,2.94,488719.0,9951554.0,166120000.0,0.0029419636407416326
2011-12-13,2.9,2.93,2.64,2.68,3207648.0,60177940.0,166120000.0,0.019309222248976642
2011-12-14,2.65,2.66,2.55,2.57,2431765.0,43580824.0,166120000.0,0.014638604623163978
2011-12-15,2.55,2.55,2.43,2.46,2107127.0,36301600.0,166120000.0,0.012684366722850952
2011-12-16,2.46,2.52,2.46,2.52,1851419.0,31850954.0,166120000.0,0.01114506982903925
2011-12-19,2.5,2.51,2.44,2.51,2145711.0,36623584.0,166120000.0,0.012916632554779678
2011-12-20,2.5,2.56,2.5,2.51,3200866.0,55813320.0,166120000.0,0.019268396339995185
2011-12-21,2.54,2.55,2.4,2.41,3021629.0,51684144.0,166120000.0,0.018189435347941246
2011-12-22,2.39,2.39,2.25,2.31,4867263.0,77449808.0,166120000.0,0.02929968095352757
2011-12-23,2.29,2.36,2.26,2.29,3170606.0,50362780.0,166120000.0,0.019086238863472188
2011-12-26,2.31,2.35,2.28,2.3,4035212.0,64460400.0,166120000.0,0.024290946303876716
2011-12-27,2.3,2.3,2.2,2.21,2808835.0,43270060.0,166120000.0,0.01690846978088129
2011-12-28,2.19,2.23,2.14,2.22,2704388.0,40591952.0,166120000.0,0.016279725499638815
2011-12-29,2.2,2.33,2.19,2.32,5154348.0,81737216.0,166120000.0,0.03102785937876234
2011-12-30,2.33,2.36,2.3,2.35,5083749.0,81810160.0,166120000.0,0.030602871418251867
2012-01-04,2.37,2.41,2.26,2.27,3793472.0,61435508.0,166120000.0,0.022835733204912112
2012-01-05,2.24,2.32,2.19,2.25,2858776.0,44661444.0,166120000.0,0.017209101854081386
2012-01-06,2.25,2.33,2.18,2.31,3175459.0,49212080.0,166120000.0,0.019115452684806165
2012-01-09,2.32,2.51,2.3,2.5,5762045.0,95721688.0,166120000.0,0.03468604021189502
2012-01-10,2.48,2.58,2.47,2.58,5631800.0,98360944.0,166120000.0,0.033901998555261256
2012-01-11,2.57,2.63,2.52,2.59,4524451.0,80435736.0,166120000.0,0.027236040211895015
2012-01-12,2.57,2.63,2.56,2.58,3240041.0,57977248.0,166120000.0,0.019504219841078738
2012-01-13,2.58,2.61,2.48,2.52,3819974.0,66562172.0,166120000.0,0.02299526848061642
2012-01-16,2.48,2.5,2.31,2.32,5922407.0,98248416.0,166120000.0,0.03565137852155069
2012-01-17,2.3,2.51,2.3,2.5,4735739.0,79348680.0,166120000.0,0.028507940043342162
2012-01-18,2.51,2.63,2.45,2.49,6085709.0,107229976.0,166120000.0,0.036634414880809055
2012-01-19,2.51,2.56,2.45,2.54,4287667.0,74370760.0,166120000.0,0.025810660967974956
2012-01-20,2.55,2.62,2.52,2.61,3533480.0,62979728.0,166120000.0,0.02127064772453648
2012-01-30,2.62,2.62,2.53,2.53,3092853.0,55045604.0,166120000.0,0.018618185648928486
2012-01-31,2.54,2.56,2.51,2.55,1738733.0,30392276.0,166120000.0,0.010466728870695883
2012-02-01,2.53,2.59,2.45,2.47,2807069.0,48912276.0,166120000.0,0.016897838911630148
2012-02-02,2.49,2.57,2.46,2.56,3029536.0,52567160.0,166120000.0,0.01823703346978088
2012-02-03,2.55,2.7,2.54,2.67,5616183.0,102545688.0,166120000.0,0.033807988201300265
2012-02-06,2.69,2.73,2.65,2.7,4882866.0,90648784.0,166120000.0,0.029393607031061884
2012-02-07,2.67,2.69,2.63,2.65,3051410.0,55800048.0,166120000.0,0.01836870936672285
2012-02-08,2.64,2.75,2.64,2.74,3974667.0,74256400.0,166120000.0,0.023926480857211656
2012-02-09,2.74,2.8,2.72,2.73,4031565.0,76962736.0,166120000.0,0.024268992294726704
2012-02-10,2.72,2.78,2.72,2.75,2978483.0,56552640.0,166120000.0,0.01792970744040453
2012-02-13,2.71,2.79,2.7,2.75,3355168.0,63412480.0,166120000.0,0.020197254996388154
2012-02-14,2.75,2.87,2.72,2.81,3997982.0,77215840.0,166120000.0,0.024066831206356852
2012-02-15,2.83,2.85,2.78,2.82,2969221.0,57632488.0,166120000.0,0.01787395256441127
2012-02-16,2.84,2.84,2.73,2.76,4471683.0,85612200.0,166120000.0,0.02691839032025042
2012-02-17,2.77,2.81,2.74,2.77,2464202.0,47194940.0,166120000.0,0.014833867084035637
2012-02-20,2.81,2.87,2.8,2.81,5631591.0,110184080.0,166120000.0,0.03390074042860583
2012-02-21,2.8,2.91,2.8,2.9,6037240.0,119225352.0,166120000.0,0.03634264387189983
2012-02-22,2.9,3.06,2.88,3.05,7537405.0,156226688.0,166120000.0,0.04537325427401878
2012-02-23,3.04,3.09,2.99,3.02,4732162.0,99260776.0,166120000.0,0.02848640741632555
2012-02-24,3.01,3.06,2.99,3.05,4464099.0,93035832.0,166120000.0,0.02687273657596918
2012-02-27,3.04,3.11,3.01,3.02,4952231.0,104508960.0,166120000.0,0.029811166626535036
2012-02-28,2.98,3.01,2.9,2.97,4929921.0,100373352.0,166120000.0,0.029676866120876475
2012-02-29,2.95,3.01,2.94,2.95,3314174.0,68113816.0,166120000.0,0.019950481579581025
2012-03-01,2.96,3.03,2.94,3.0,2603266.0,53945232.0,166120000.0,0.015670996869732723
2012-03-02,3.05,3.19,3.05,3.13,6250173.0,135358592.0,166120000.0,0.03762444618348182
2012-03-05,3.15,3.24,3.14,3.17,6399223.0,141151088.0,166120000.0,0.03852168914038045
2012-03-06,3.12,3.22,3.09,3.19,5270286.0,114894256.0,166120000.0,0.031725776547074404
2012-03-07,3.14,3.33,3.14,3.25,5503639.0,124028688.0,166120000.0,0.03313050204671322
2012-03-08,3.27,3.45,3.27,3.35,6515669.0,151610608.0,166120000.0,0.03922266433903202
2012-03-09,3.39,3.41,3.29,3.38,5658164.0,130790768.0,166120000.0,0.0340607031061883
2012-03-12,3.39,3.5,3.33,3.41,7485780.0,176230912.0,166120000.0,0.045062484950638096
2012-03-13,3.39,3.43,3.36,3.41,3774105.0,88359544.0,166120000.0,0.022719148808090537
2012-03-14,3.42,3.46,3.25,3.29,7461227.0,172929296.0,166120000.0,0.04491468215747652
2012-03-15,3.3,3.38,3.27,3.34,5712956.0,131199024.0,166120000.0,0.03439053696123284
2012-03-16,3.36,3.38,3.17,3.27,7681615.0,173474384.0,166120000.0,0.04624136166626535
2012-03-19,3.3,3.49,3.25,3.47,7272504.0,169326576.0,166120000.0,0.043778617866602455
2012-03-20,3.3,3.31,3.13,3.13,11760113.0,259942928.0,166120000.0,0.07079287864194558
2012-03-21,3.13,3.16,3.01,3.07,6485946.0,137864608.0,166120000.0,0.03904373946544667
2012-03-22,3.05,3.1,3.01,3.05,3224178.0,68051552.0,166120000.0,0.019408728629906093
2012-03-23,3.06,3.06,2.92,2.94,4030807.0,82684280.0,166120000.0,0.024264429328196484
2012-03-26,2.96,3.03,2.92,2.98,2904997.0,59655952.0,166120000.0,0.017487340476763785
2012-03-27,3.02,3.06,2.98,3.0,3698400.0,77128992.0,166120000.0,0.022263424030821093
2012-03-28,2.99,2.99,2.85,2.89,3362692.0,67243288.0,166120000.0,0.020242547555983627
2012-03-29,2.86,2.89,2.81,2.86,2352646.0,46323112.0,166120000.0,0.01416232843727426
2012-03-30,2.89,2.89,2.65,2.76,3519886.0,67147888.0,166120000.0,0.021188815314230676
2012-04-06,2.86,3.03,2.84,3.03,9736567.0,200838896.0,166120000.0,0.058611648206116064
2012-04-09,2.99,3.03,2.94,2.95,4254464.0,87740104.0,166120000.0,0.025610787382614977
2012-04-11,2.98,3.08,2.96,3.02,5663908.0,118509600.0,166120000.0,0.03409528052010595
2012-04-12,3.0,3.08,3.0,3.07,4028353.0,84518440.0,166120000.0,0.02424965687454852
2012-04-13,3.07,3.09,3.03,3.05,3587080.0,75682608.0,166120000.0,0.021593306043823743
2012-04-16,3.02,3.06,3.0,3.04,1704207.0,35635728.0,166120000.0,0.010258891163014688
2012-04-17,3.03,3.04,2.99,3.01,2292225.0,47533012.0,166120000.0,0.013798609438959789
2012-04-18,3.02,3.07,3.0,3.06,2782326.0,58546512.0,166120000.0,0.01674889236696364
2012-04-19,3.07,3.11,3.04,3.09,2892638.0,61450568.0,166120000.0,0.017412942451240067
2012-04-20,3.06,3.09,3.02,3.07,3619152.0,76342272.0,166120000.0,0.02178637129785697
2012-04-24,2.99,3.03,2.88,3.0,3834466.0,78353472.0,166120000.0,0.023082506621719238
2012-04-25,3.0,3.04,2.98,3.02,2211199.0,45927092.0,166120000.0,0.013310853599807368
2012-04-26,3.02,3.02,2.98,3.0,1623686.0,33628856.0,166120000.0,0.009774175294967493
2012-04-27,3.0,3.0,2.93,2.98,1282526.0,26240576.0,166120000.0,0.0077204791716831206
2012-05-02,3.04,3.11,2.99,3.1,3419312.0,71989416.0,166120000.0,0.020583385504454613
2012-05-03,3.1,3.18,3.09,3.17,3191819.0,68807760.0,166120000.0,0.019213935709125933
2012-05-04,3.16,3.18,3.13,3.17,2322305.0,50363932.0,166120000.0,0.013979683361425476
2012-05-07,3.17,3.21,3.15,3.21,2594555.0,56668000.0,166120000.0,0.01561855887310378
2012-05-08,3.25,3.27,3.2,3.2,4062004.0,89968840.0,166120000.0,0.024452227305562246
2012-05-09,3.16,3.16,3.08,3.08,2938143.0,62771356.0,166120000.0,0.017686870936672285
2012-05-10,3.13,3.14,3.1,3.11,1545116.0,33114814.0,166120000.0,0.009301203948952565
2012-05-11,3.11,3.13,3.08,3.1,1777578.0,37888500.0,166120000.0,0.010700565856007706
2012-05-14,3.14,3.19,3.1,3.14,2132415.0,46122656.0,166120000.0,0.012836594028413195
2012-05-15,3.12,3.17,3.06,3.16,2045715.0,43701464.0,166120000.0,0.012314682157476524
2012-05-16,3.16,3.16,3.08,3.1,1221514.0,26166044.0,166120000.0,0.007353202504213821
2012-05-17,3.09,3.13,3.08,3.13,1216131.0,26001252.0,166120000.0,0.00732079821815555
2012-05-18,3.1,3.11,3.06,3.07,1143775.0,24226656.0,166120000.0,0.006885233566096797
2012-05-21,3.07,3.07,2.99,2.99,2567922.0,53150072.0,166120000.0,0.01545823501083554
2012-05-22,3.02,3.05,3.01,3.03,1281188.0,26646494.0,166120000.0,0.007712424753190465
2012-05-23,3.04,3.04,2.95,2.98,1457922.0,29932712.0,166120000.0,0.008776318324103059
2012-05-24,3.0,3.05,2.99,3.0,1686876.0,35043924.0,166120000.0,0.01015456296653022
2012-05-25,2.99,3.14,2.99,3.08,3104384.0,65722516.0,166120000.0,0.018687599325788586
2012-05-29,3.12,3.16,3.09,3.13,3032640.0,65029376.0,166120000.0,0.018255718757524683
2012-05-30,3.12,3.16,3.09,3.15,2268035.0,48756912.0,166120000.0,0.013652991813147122
2012-05-31,3.12,3.2,3.12,3.17,2979437.0,64997908.0,166120000.0,0.01793545027690826
2012-06-01,3.2,3.22,3.14,3.16,2454338.0,53529752.0,166120000.0,0.01477448832169516
2012-06-04,3.06,3.1,3.01,3.01,2805251.0,58766924.0,166120000.0,0.016886895015651337
2012-06-05,3.02,3.04,2.98,2.99,1686727.0,34827712.0,166120000.0,0.010153666024560559
2012-06-06,3.03,3.03,3.0,3.01,1466727.0,30355088.0,166120000.0,0.008829322176739707
2012-06-07,3.04,3.06,3.0,3.01,966308.0,20041856.0,166120000.0,0.005816927522273056
2012-06-08,3.03,3.04,2.94,2.95,1259195.0,25768670.0,166120000.0,0.007580032506621719
2012-06-11,2.98,3.02,2.95,3.01,1237851.0,25331480.0,166120000.0,0.007451547074404046
2012-06-12,3.0,3.0,2.94,2.95,1092423.0,22216392.0,166120000.0,0.006576107633036359
2012-06-13,2.98,3.02,2.96,3.01,1174384.0,24158500.0,166120000.0,0.007069491933542018
2012-06-14,3.01,3.02,2.95,2.95,1930051.0,39485548.0,166120000.0,0.011618414399229473
2012-06-15,2.96,2.98,2.93,2.97,869677.0,17651860.0,166120000.0,0.005235233566096798
2012-06-18,2.99,3.05,2.99,3.03,1742243.0,36265736.0,166120000.0,0.010487858174813389
2012-06-19,3.03,3.06,3.0,3.02,966271.0,20108734.0,166120000.0,0.005816704791716831
2012-06-20,3.04,3.04,3.0,3.0,930794.0,19308832.0,166120000.0,0.005603142306766193
2012-06-21,3.0,3.0,2.93,2.95,1055492.0,21372444.0,166120000.0,0.006353792439200578
2012-06-25,2.95,2.95,2.87,2.88,896315.0,17901086.0,166120000.0,0.005395587527088851
2012-06-26,2.85,2.89,2.81,2.88,1015179.0,19861076.0,166120000.0,0.006111118468576932
2012-06-27,2.88,2.88,2.82,2.82,1338966.0,26178872.0,166120000.0,0.008060233566096798
2012-06-28,2.83,2.83,2.75,2.77,1842066.0,35154592.0,166120000.0,0.011088767156272574
2012-06-29,2.75,2.8,2.74,2.8,1044648.0,19865036.0,166120000.0,0.006288514326992536
2012-07-02,2.8,2.86,2.78,2.82,1212598.0,23543098.0,166120000.0,0.0072995304599084996
2012-07-03,2.84,2.86,2.81,2.83,1011202.0,19750044.0,166120000.0,0.006087177943655189
2012-07-04,2.83,2.87,2.83,2.85,732291.0,14348202.0,166120000.0,0.004408204912111726
2012-07-05,2.85,2.85,2.75,2.77,1023612.0,19564418.0,166120000.0,0.006161882976161811
2012-07-06,2.8,2.83,2.69,2.82,1751075.0,33225976.0,166120000.0,0.010541024560558632
2012-07-09,2.81,2.81,2.7,2.71,1419808.0,26809118.0,166120000.0,0.008546881772212859
2012-07-10,2.71,2.71,2.63,2.63,1664234.0,30451056.0,166120000.0,0.010018263905610402
2012-07-11,2.63,2.66,2.62,2.66,946847.0,17179684.0,166120000.0,0.005699777269443776
2012-07-12,2.66,2.66,2.53,2.66,4791571.0,85206304.0,166120000.0,0.028844034432940042
2012-07-13,2.61,2.66,2.61,2.61,1797913.0,32458542.0,166120000.0,0.010822977365759693
2012-07-16,2.61,2.65,2.46,2.48,1851633.0,32193000.0,166120000.0,0.011146358054418493
2012-07-17,2.47,2.54,2.46,2.53,1571872.0,27007728.0,166120000.0,0.009462268239826632
2012-07-18,2.55,2.61,2.53,2.61,1870074.0,33207654.0,166120000.0,0.011257368167589694
2012-07-19,2.61,2.71,2.6,2.64,2772878.0,50803276.0,166120000.0,0.0166920178184445
2012-07-20,2.65,2.68,2.63,2.65,1338916.0,24456244.0,166120000.0,0.008059932578858656
2012-07-23,2.65,2.74,2.62,2.73,2459441.0,45618632.0,166120000.0,0.014805207079219842
2012-07-24,2.71,2.74,2.67,2.71,1921628.0,35665600.0,166120000.0,0.011567710089092223
2012-07-25,2.68,2.74,2.67,2.67,1154472.0,21422008.0,166120000.0,0.006949626775824705
2012-07-26,2.67,2.71,2.65,2.66,963162.0,17700016.0,166120000.0,0.005797989405249218
2012-07-27,2.68,2.77,2.65,2.74,1782648.0,33173900.0,166120000.0,0.010731085961955213
2012-07-30,2.72,2.76,2.69,2.7,1027117.0,19198256.0,166120000.0,0.0061829821815555025
2012-07-31,2.68,2.71,2.63,2.63,1146088.0,20882398.0,166120000.0,0.006899157235733205
2012-08-01,2.64,2.74,2.64,2.7,1331900.0,24661918.0,166120000.0,0.008017698049602697
2012-08-02,2.7,2.75,2.7,2.73,1415843.0,26474512.0,166120000.0,0.008523013484228268
2012-08-03,2.73,2.8,2.72,2.79,1963506.0,37468752.0,166120000.0,0.011819804960269685
2012-08-06,2.78,2.85,2.75,2.83,1810210.0,34945384.0,166120000.0,0.010897002167108115
2012-08-07,2.84,2.86,2.81,2.85,1725248.0,33665976.0,166120000.0,0.010385552612569227
2012-08-08,2.82,2.86,2.78,2.81,1371708.0,26535648.0,166120000.0,0.008257332049121118
2012-08-09,2.81,2.86,2.79,2.85,1431206.0,27839240.0,166120000.0,0.008615494823019505
2012-08-10,2.83,2.94,2.83,2.93,2682709.0,53329544.0,166120000.0,0.016149223452925597
2012-08-13,2.95,2.98,2.9,2.9,2773450.0,56065064.0,166120000.0,0.016695461112448833
2012-08-14,2.89,2.98,2.84,2.98,2041596.0,40818392.0,166120000.0,0.012289886828798459
2012-08-15,2.97,2.97,2.88,2.88,1601617.0,32239032.0,166120000.0,0.009641325547796774
2012-08-16,2.88,2.92,2.87,2.92,2024741.0,40361032.0,166120000.0,0.012188424030821094
2012-08-17,2.92,2.93,2.7,2.85,4869605.0,93332256.0,166120000.0,0.0293137791957621
2012-08-20,2.79,2.8,2.71,2.75,4283213.0,80984800.0,166120000.0,0.02578384902480135
2012-08-21,2.74,2.79,2.74,2.78,2537917.0,48226072.0,166120000.0,0.015277612569227064
2012-08-22,2.77,2.88,2.76,2.84,4157881.0,80897000.0,166120000.0,0.025029382374187333
2012-08-23,2.85,2.94,2.84,2.94,3599451.0,72125888.0,166120000.0,0.021667776306284612
2012-08-24,2.95,3.03,2.92,2.93,5432776.0,110787304.0,166120000.0,0.03270392487358536
2012-08-27,2.89,2.91,2.86,2.89,2336513.0,46334324.0,166120000.0,0.014065211895015651
2012-08-28,2.89,2.98,2.88,2.98,2848784.0,57412060.0,166120000.0,0.01714895256441127
2012-08-29,2.98,3.07,2.96,2.99,4920270.0,102172560.0,166120000.0,0.02961876956417048
2012-08-30,2.97,3.05,2.86,2.93,3767604.0,76407776.0,166120000.0,0.02268001444738743
2012-08-31,2.94,2.97,2.9,2.93,1660890.0,33462180.0,166120000.0,0.009998133879123525
2012-09-03,2.93,2.96,2.9,2.94,2295221.0,46273576.0,166120000.0,0.013816644594269203
2012-09-04,2.94,2.96,2.86,2.87,2319210.0,46306044.0,166120000.0,0.013961052251384541
2012-09-05,2.89,2.99,2.89,2.97,3252160.0,65854700.0,166120000.0,0.01957717312785938
2012-09-06,2.96,3.05,2.96,3.05,3435299.0,70938064.0,166120000.0,0.020679623163977846
2012-09-07,3.06,3.17,3.03,3.12,6792642.0,145737984.0,166120000.0,0.04088997110522514
2012-09-10,3.13,3.2,3.12,3.15,3758481.0,81687368.0,166120000.0,0.022625096315916204
2012-09-11,3.14,3.15,3.1,3.12,2402259.0,51451112.0,166120000.0,0.01446098603419215
2012-09-12,3.13,3.16,3.07,3.11,2287858.0,48778976.0,166120000.0,0.013772321213580544
2012-09-13,3.11,3.13,3.07,3.08,2596526.0,55416656.0,166120000.0,0.0156304237900313
2012-09-14,3.13,3.13,3.01,3.06,2977746.0,62671968.0,166120000.0,0.017925270888514328
2012-09-17,3.06,3.08,2.99,3.01,1615103.0,33625672.0,166120000.0,0.009722507825668192
2012-09-18,2.99,3.05,2.98,3.02,1571137.0,32696074.0,166120000.0,0.009457843727425957
2012-09-19,3.05,3.08,3.04,3.07,1981523.0,41662084.0,166120000.0,0.01192826270166145
2012-09-20,3.07,3.08,2.91,2.93,2360543.0,48337164.0,166120000.0,0.014209866361666266
2012-09-21,2.94,2.97,2.9,2.92,1251062.0,25214334.0,166120000.0,0.007531073922465687
2012-09-24,2.92,2.94,2.86,2.92,1568378.0,31175592.0,166120000.0,0.009441235251625331
2012-09-25,2.92,2.93,2.87,2.89,1141762.0,22762292.0,166120000.0,0.006873115819889236
2012-09-26,2.89,2.91,2.79,2.8,1729005.0,33479662.0,166120000.0,0.01040816879364315
2012-09-27,2.8,2.91,2.78,2.88,1994597.0,38860792.0,166120000.0,0.012006964844690585
2012-09-28,2.84,2.92,2.84,2.92,1690774.0,33495786.0,166120000.0,0.010178027931615699
2012-10-08,2.92,2.94,2.88,2.91,888657.0,17753560.0,166120000.0,0.00534948832169516
2012-10-09,2.93,3.01,2.9,3.01,2092936.0,42919196.0,166120000.0,0.012598940524921743
2012-10-10,3.0,3.02,2.98,3.02,1317920.0,27151096.0,166120000.0,0.007933542017818445
2012-10-11,3.01,3.01,2.93,2.95,1188187.0,24258074.0,166120000.0,0.00715258247050325
2012-10-12,2.94,2.99,2.9,2.95,1030829.0,20857108.0,166120000.0,0.006205327474115098
2012-10-15,2.95,2.95,2.88,2.91,924583.0,18451826.0,166120000.0,0.005565753672044305
2012-10-16,2.92,3.08,2.9,3.02,3496596.0,72101824.0,166120000.0,0.02104861545870455
2012-10-17,3.02,3.05,2.99,3.03,1188114.0,24647784.0,166120000.0,0.007152143029135564
2012-10-18,3.03,3.08,3.02,3.06,2024481.0,42540032.0,166120000.0,0.012186858897182759
2012-10-19,3.07,3.07,3.02,3.02,1201215.0,25053548.0,166120000.0,0.007231007705273297
2012-10-22,3.02,3.05,3.0,3.04,964842.0,20028648.0,166120000.0,0.0058081025764507585
2012-10-23,3.05,3.08,3.0,3.02,1302355.0,27229076.0,166120000.0,0.007839844690585119
2012-10-24,3.0,3.05,2.97,2.99,860948.0,17766300.0,166120000.0,0.005182687214062124
2012-10-25,2.99,3.02,2.95,2.96,893641.0,18327712.0,166120000.0,0.0053794907295930654
2012-10-26,2.96,2.98,2.87,2.9,1486290.0,29641860.0,166120000.0,0.008947086443534794
2012-10-29,2.91,2.93,2.87,2.9,617071.0,12279413.0,166120000.0,0.003714609920539369
2012-10-30,2.9,2.94,2.78,2.79,1960408.0,38422932.0,166120000.0,0.011801155790994462
2012-10-31,2.89,3.03,2.87,2.91,4250473.0,85889352.0,166120000.0,0.025586762581266555
2012-11-01,2.91,2.98,2.9,2.97,2878536.0,58507592.0,166120000.0,0.01732805201059475
2012-11-02,2.97,3.01,2.95,2.98,1959981.0,40173968.0,166120000.0,0.011798585359980737
2012-11-05,2.96,3.03,2.95,3.0,2040821.0,42009636.0,166120000.0,0.012285221526607272
2012-11-06,3.01,3.01,2.95,2.96,2195397.0,44789488.0,166120000.0,0.013215729593065254
2012-11-07,2.96,3.02,2.94,3.02,2149131.0,44114436.0,166120000.0,0.012937220081868529
2012-11-08,2.99,3.01,2.91,2.93,1503616.0,30575590.0,166120000.0,0.009051384541295449
2012-11-09,2.94,2.94,2.87,2.88,1605036.0,31909064.0,166120000.0,0.009661907055140861
2012-11-12,2.88,2.9,2.84,2.88,1391708.0,27373612.0,166120000.0,0.008377726944377559
2012-11-13,2.88,2.88,2.78,2.79,1829675.0,35412592.0,166120000.0,0.011014176498916445
2012-11-14,2.78,2.82,2.78,2.81,937695.0,18003852.0,166120000.0,0.005644684565374428
2012-11-15,2.8,2.8,2.72,2.72,1361402.0,25773236.0,166120000.0,0.008195292559595474
2012-11-16,2.74,2.74,2.68,2.69,920090.0,17022044.0,166120000.0,0.005538706958824946
2012-11-19,2.68,2.72,2.66,2.71,838398.0,15484062.0,166120000.0,0.0050469419696604866
2012-11-20,2.72,2.75,2.71,2.72,792312.0,14818409.0,166120000.0,0.004769516012521069
2012-11-21,2.72,2.77,2.67,2.76,917684.0,17201340.0,166120000.0,0.005524223452925596
2012-11-22,2.74,2.74,2.7,2.71,752234.0,14031826.0,166120000.0,0.004528256681916687
2012-11-23,2.71,2.75,2.7,2.7,1304833.0,24439996.0,166120000.0,0.007854761618107392
2012-11-26,2.71,2.71,2.63,2.64,1032389.0,18892352.0,166120000.0,0.0062147182759451
2012-11-27,2.62,2.64,2.58,2.59,894439.0,15956453.0,166120000.0,0.0053842944859137975
2012-11-28,2.58,2.58,2.54,2.56,710077.0,12447044.0,166120000.0,0.004274482301950397
2012-11-29,2.59,2.59,2.52,2.54,549981.0,9667581.0,166120000.0,0.0033107452444016373
2012-11-30,2.54,2.58,2.51,2.56,765162.0,13444338.0,166120000.0,0.00460607994221045
2012-12-03,2.56,2.58,2.52,2.54,727618.0,12752538.0,166120000.0,0.004380074644835059
2012-12-04,2.54,2.59,2.48,2.59,1027774.0,17899860.0,166120000.0,0.006186937153864676
2012-12-05,2.58,2.71,2.55,2.68,2083527.0,38135236.0,166120000.0,0.01254230074644835
2012-12-06,2.67,2.7,2.65,2.66,942590.0,17313534.0,166120000.0,0.005674151215988442
2012-12-07,2.66,2.73,2.65,2.73,2360583.0,43863572.0,166120000.0,0.014210107151456779
2012-12-10,2.73,2.74,2.69,2.72,3000584.0,56052124.0,166120000.0,0.018062749819407656
2012-12-11,2.72,2.72,2.68,2.69,1584336.0,29398436.0,166120000.0,0.009537298338550446
2012-12-12,2.68,2.72,2.67,2.71,1027348.0,19012928.0,166120000.0,0.006184372742595714
2012-12-13,2.69,2.7,2.66,2.66,748975.0,13761573.0,166120000.0,0.00450863833373465
2012-12-14,2.66,2.78,2.66,2.77,2966456.0,55878216.0,166120000.0,0.017857307970142067
2012-12-17,2.78,2.81,2.76,2.8,2257008.0,43199584.0,166120000.0,0.013586612087647484
2012-12-18,2.8,2.82,2.76,2.78,1610269.0,30902112.0,166120000.0,0.00969340837948471
2012-12-19,2.77,2.79,2.76,2.78,1233274.0,23487170.0,166120000.0,0.007423994702624608
2012-12-20,2.8,2.82,2.76,2.79,2375452.0,45523416.0,166120000.0,0.014299614736335179
2012-12-21,2.79,2.85,2.78,2.84,2652613.0,51351788.0,166120000.0,0.0159680532145437
2012-12-24,2.84,2.88,2.82,2.88,2189002.0,42980740.0,166120000.0,0.013177233325307007
2012-12-25,2.87,2.96,2.85,2.93,2796965.0,55987368.0,166120000.0,0.016837015410546594
2012-12-26,2.91,2.99,2.91,2.97,3078736.0,62521188.0,166120000.0,0.018533204912111727
2012-12-27,2.99,3.04,2.94,2.95,4682953.0,96351352.0,166120000.0,0.028190181796291836
2012-12-28,2.95,2.97,2.91,2.95,2858902.0,57862520.0,166120000.0,0.017209860341921502
2012-12-31,2.96,3.01,2.93,2.99,4468699.0,91300672.0,166120000.0,0.02690042740187816
2013-01-04,3.03,3.04,2.94,2.98,3480629.0,71436824.0,166120000.0,0.02095249819407657
2013-01-07,3.02,3.15,3.0,3.14,7996053.0,170240000.0,166120000.0,0.048134198169997595
2013-01-08,3.15,3.46,3.15,3.46,12555679.0,288022624.0,166120000.0,0.07558198290392487
2013-01-09,3.55,3.6,3.41,3.49,12869066.0,310748448.0,166120000.0,0.0774684926559114
2013-01-10,3.49,3.53,3.41,3.46,6082644.0,144900816.0,166120000.0,0.03661596436311101
2013-01-11,3.47,3.54,3.42,3.45,7086040.0,169883376.0,166120000.0,0.0426561521791476
2013-01-14,3.41,3.58,3.4,3.54,9075977.0,218064896.0,166120000.0,0.05463506501324344
2013-01-15,3.53,3.53,3.45,3.51,6688059.0,160516096.0,166120000.0,0.04026040813869492
2013-01-16,3.52,3.71,3.49,3.59,8476441.0,209156592.0,166120000.0,0.05102601131712015
2013-01-17,3.58,3.58,3.44,3.48,4103873.0,98542288.0,166120000.0,0.02470426799903684
2013-01-18,3.48,3.57,3.47,3.53,3366130.0,81492696.0,166120000.0,0.02026324343847821
2013-01-21,3.52,3.63,3.52,3.57,4198987.0,102649024.0,166120000.0,0.025276830002407897
2013-01-22,3.55,3.57,3.39,3.4,5053821.0,120475520.0,166120000.0,0.030422712496990127
2013-01-23,3.37,3.44,3.33,3.39,3834611.0,89163368.0,166120000.0,0.02308337948470985
2013-01-24,3.42,3.48,3.28,3.3,4385166.0,101694728.0,166120000.0,0.026397580062605345
2013-01-25,3.29,3.37,3.26,3.33,2956175.0,67377296.0,166120000.0,0.01779541897423549
2013-01-28,3.33,3.43,3.33,3.42,3438229.0,80490072.0,166120000.0,0.020697261016132916
2013-01-29,3.43,3.52,3.41,3.44,4188367.0,99623584.0,166120000.0,0.025212900313026726
2013-01-30,3.46,3.46,3.39,3.45,3126225.0,73276264.0,166120000.0,0.018819076571153382
2013-01-31,3.48,3.57,3.46,3.51,5123080.0,123612832.0,166120000.0,0.03083963399951842
2013-02-01,3.47,3.49,3.45,3.49,3581724.0,85367112.0,166120000.0,0.021561064290874066
2013-02-04,3.51,3.52,3.32,3.35,5859409.0,136116800.0,166120000.0,0.035272146640982424
2013-02-05,3.31,3.39,3.29,3.37,3305120.0,75645680.0,166120000.0,0.019895978810498434
2013-02-06,3.39,3.45,3.37,3.41,2893852.0,67912352.0,166120000.0,0.017420250421382132
2013-02-07,3.4,3.45,3.4,3.43,1956893.0,46044308.0,166120000.0,0.011779996388153142
2013-02-08,3.42,3.56,3.42,3.53,4181304.0,100739576.0,166120000.0,0.025170382855766914
2013-02-18,3.55,3.72,3.52,3.66,7718740.0,193017200.0,166120000.0,0.04646484469058512
2013-02-19,3.64,3.68,3.53,3.55,4529332.0,111732496.0,166120000.0,0.02726542258608235
2013-02-20,3.54,3.71,3.53,3.7,4851493.0,120703696.0,166120000.0,0.029204749578617867
2013-02-21,3.65,3.78,3.62,3.67,7187843.0,182477408.0,166120000.0,0.04326898025523718
2013-02-22,3.65,3.73,3.61,3.63,4537888.0,114095880.0,166120000.0,0.027316927522273056
2013-02-25,3.63,3.65,3.53,3.56,6767892.0,165431584.0,166120000.0,0.04074098242234529
2013-02-26,3.52,3.65,3.51,3.54,4342954.0,107184784.0,166120000.0,0.0261434745966771
2013-02-27,3.57,3.6,3.49,3.55,3395843.0,82624624.0,166120000.0,0.02044210811461594
2013-02-28,3.56,3.64,3.54,3.64,3807397.0,94191112.0,166120000.0,0.022919558150734407
2013-03-01,3.66,3.76,3.63,3.75,6761595.0,172685280.0,166120000.0,0.040703076089573804
2013-03-04,3.73,3.75,3.58,3.61,6113108.0,154250944.0,166120000.0,0.03679934986756562
2013-03-05,3.61,3.84,3.58,3.84,6925978.0,177764592.0,166120000.0,0.04169261979292078
2013-03-06,3.83,3.97,3.82,3.88,8658511.0,230951152.0,166120000.0,0.052122026246087166
2013-03-07,3.86,3.96,3.73,3.8,6234824.0,165396400.0,166120000.0,0.03753204912111727
2013-03-08,3.79,3.92,3.76,3.77,3848311.0,101335752.0,166120000.0,0.02316584998796051
2013-03-11,3.79,3.87,3.72,3.82,2555729.0,67124568.0,166120000.0,0.015384836262942451
2013-03-12,3.83,3.84,3.58,3.64,5970097.0,151191584.0,166120000.0,0.03593846014928967
2013-03-13,3.64,3.65,3.5,3.55,3744930.0,91820768.0,166120000.0,0.022543522754635205
2013-03-14,3.53,3.68,3.53,3.65,3322141.0,82824272.0,166120000.0,0.01999844088610643
2013-03-15,3.66,3.8,3.65,3.7,4850086.0,124518968.0,166120000.0,0.029196279797736577
2013-03-18,3.68,3.82,3.67,3.72,3708199.0,95450672.0,166120000.0,0.022322411509751987
2013-03-19,3.7,3.76,3.53,3.64,5313926.0,132022480.0,166120000.0,0.031988478208523956
2013-03-20,3.65,3.78,3.57,3.77,5358871.0,135779888.0,166120000.0,0.032259035636889
2013-03-21,3.61,3.65,3.53,3.62,12409517.0,306246752.0,166120000.0,0.07470212496990128
2013-03-22,3.61,3.61,3.48,3.5,8713179.0,211522832.0,166120000.0,0.05245111365278112
2013-03-25,3.51,3.56,3.5,3.53,3703691.0,89638288.0,166120000.0,0.022295274500361183
2013-03-26,3.5,3.55,3.46,3.53,3604956.0,86673536.0,166120000.0,0.021700915001203948
2013-03-27,3.51,3.56,3.44,3.47,4141684.0,99709240.0,166120000.0,0.024931880568263905
2013-03-28,3.44,3.44,3.29,3.3,5798494.0,133209344.0,166120000.0,0.034905453888755114
2013-03-29,3.33,3.38,3.31,3.35,2852363.0,65619296.0,166120000.0,0.01717049723091741
2013-04-01,3.36,3.4,3.31,3.35,2151180.0,49543532.0,166120000.0,0.012949554538887551
2013-04-02,3.35,3.43,3.33,3.34,2865642.0,66630624.0,166120000.0,0.017250433421622923
2013-04-03,3.33,3.37,3.21,3.26,3198331.0,71643672.0,166120000.0,0.01925313628702143
2013-04-08,3.19,3.32,3.11,3.29,3141168.0,68827392.0,166120000.0,0.018909029617144232
2013-04-09,3.28,3.35,3.28,3.34,2295092.0,52524048.0,166120000.0,0.013815868047194799
2013-04-10,3.32,3.35,3.27,3.32,1541347.0,35064080.0,166120000.0,0.009278515530941488
2013-04-11,3.33,3.4,3.32,3.38,2682191.0,62133528.0,166120000.0,0.016146105225138454
2013-04-12,3.38,3.39,3.29,3.29,1723710.0,39481412.0,166120000.0,0.010376294245124007
2013-04-15,3.26,3.29,3.19,3.22,1435290.0,31809328.0,166120000.0,0.008640079460630869
2013-04-16,3.19,3.26,3.16,3.25,1411267.0,31121420.0,166120000.0,0.008495467132193594
2013-04-17,3.25,3.3,3.24,3.29,2121131.0,47546728.0,166120000.0,0.01276866722850951
2013-04-18,3.31,3.38,3.29,3.31,3461540.0,79371392.0,166120000.0,0.020837587286299062
2013-04-19,3.32,3.4,3.32,3.38,3251126.0,75231432.0,166120000.0,0.01957094871177462
2013-04-22,3.35,3.41,3.35,3.4,2611470.0,60702204.0,166120000.0,0.015720382855766917
2013-04-23,3.41,3.42,3.27,3.28,3003148.0,68947344.0,166120000.0,0.018078184444979533
2013-04-24,3.26,3.47,3.26,3.45,5132311.0,119862504.0,166120000.0,0.03089520226342403
2013-04-25,3.45,3.52,3.41,3.43,5518302.0,131511816.0,166120000.0,0.033218769564170476
2013-04-26,3.42,3.44,3.34,3.34,2559864.0,59406732.0,166120000.0,0.015409727907536721
2013-05-02,3.19,3.19,3.01,3.01,5584897.0,116094000.0,166120000.0,0.03361965446665061
2013-05-03,2.99,3.07,2.96,2.99,5606346.0,115905688.0,166120000.0,0.03374877197206838
2013-05-06,3.0,3.15,3.0,3.13,5100268.0,107921544.0,166120000.0,0.030702311581988925
2013-05-07,3.14,3.17,3.08,3.11,2774190.0,59417004.0,166120000.0,0.016699915723573322
2013-05-08,3.11,3.14,3.06,3.1,2827441.0,59999224.0,166120000.0,0.01702047315193836
2013-05-09,3.1,3.11,3.01,3.06,3589241.0,75087320.0,166120000.0,0.0216063147122562
2013-05-10,3.04,3.09,3.03,3.07,2630932.0,55240720.0,166120000.0,0.015837539128340957
2013-05-13,3.08,3.16,3.04,3.16,4039448.0,86060008.0,166120000.0,0.02431644594269203
2013-05-14,3.14,3.14,3.06,3.08,2698825.0,57337320.0,166120000.0,0.016246237659523235
2013-05-15,3.08,3.15,3.08,3.14,3187885.0,68545584.0,166120000.0,0.019190254033228993
2013-05-16,3.14,3.28,3.14,3.25,5193886.0,115732592.0,166120000.0,0.0312658680471948
2013-05-17,3.23,3.43,3.22,3.38,6935298.0,159180624.0,166120000.0,0.04174872381411028
2013-05-20,3.4,3.43,3.34,3.39,4775324.0,110902832.0,166120000.0,0.028746231639778474
2013-05-21,3.38,3.42,3.34,3.42,3014081.0,70167832.0,166120000.0,0.018143998314471468
2013-05-22,3.42,3.47,3.35,3.37,3849640.0,90209792.0,166120000.0,0.0231738502287503
2013-05-23,3.35,3.37,3.26,3.27,3125413.0,71077808.0,166120000.0,0.01881418853840597
2013-05-24,3.3,3.35,3.27,3.33,2463883.0,56009936.0,166120000.0,0.014831946785456296
2013-05-27,3.35,3.37,3.31,3.35,2401739.0,55119568.0,166120000.0,0.014457855766915483
2013-05-28,3.37,3.37,3.26,3.3,2271691.0,51144256.0,166120000.0,0.013675
2013-05-29,3.32,3.36,3.32,3.34,1744826.0,39829200.0,166120000.0,0.010503407175535757
2013-05-30,3.32,3.32,3.26,3.29,2194098.0,49434328.0,166120000.0,0.013207909944618347
2013-05-31,3.29,3.31,3.26,3.27,2397932.0,53734896.0,166120000.0,0.01443493859860342
2013-06-03,3.28,3.46,3.28,3.42,6479107.0,150454864.0,166120000.0,0.039002570431013725
2013-06-04,3.42,3.48,3.37,3.48,5315661.0,124598800.0,166120000.0,0.03199892246568745
2013-06-05,3.46,3.46,3.39,3.44,2292136.0,53661280.0,166120000.0,0.013798073681675897
2013-06-06,3.43,3.43,3.35,3.36,2410358.0,55705992.0,166120000.0,0.014509739947026246
2013-06-07,3.35,3.39,3.1,3.14,4188956.0,92047272.0,166120000.0,0.02521644594269203
2013-06-13,3.07,3.07,2.9,2.98,2303885.0,46814836.0,166120000.0,0.013868799662894293
2013-06-14,2.98,3.03,2.96,3.02,2227739.0,45690692.0,166120000.0,0.013410420178184446
2013-06-17,3.02,3.04,2.98,3.0,1595950.0,32803936.0,166120000.0,0.00960721165422586
2013-06-18,3.0,3.02,2.96,3.0,1509178.0,30791962.0,166120000.0,0.009084866361666265
2013-06-19,2.98,2.98,2.89,2.95,1935538.0,38684520.0,166120000.0,0.011651444738743078
2013-06-20,2.94,2.94,2.81,2.82,1732197.0,33987948.0,166120000.0,0.010427383818926078
2013-06-21,2.77,2.82,2.71,2.8,1454469.0,27454514.0,166120000.0,0.008755532145437034
2013-06-24,2.8,2.8,2.58,2.64,1625047.0,29916786.0,166120000.0,0.009782368167589693
2013-06-25,2.66,2.78,2.46,2.74,2321548.0,41856344.0,166120000.0,0.01397512641464002
2013-06-26,2.74,2.79,2.68,2.78,1971428.0,37086084.0,166120000.0,0.01186749337828076
2013-06-27,2.77,2.82,2.7,2.71,1797617.0,33850740.0,166120000.0,0.010821195521309897
2013-06-28,2.72,2.82,2.71,2.78,2305646.0,43934728.0,166120000.0,0.013879400433421623
2013-07-01,2.76,2.81,2.69,2.79,1323792.0,24914740.0,166120000.0,0.007968889959065736
2013-07-02,2.79,2.82,2.75,2.82,2159855.0,41264260.0,166120000.0,0.013001775824705032
2013-07-03,2.8,2.84,2.75,2.83,2373776.0,45339596.0,166120000.0,0.01428952564411269
2013-07-04,2.82,2.86,2.79,2.79,2617691.0,50563792.0,166120000.0,0.01575783168793643
2013-07-05,2.8,2.83,2.75,2.75,1851140.0,35105348.0,166120000.0,0.011143390320250421
2013-07-08,2.71,2.73,2.6,2.71,2011532.0,36774420.0,166120000.0,0.012108909222248977
2013-07-09,2.71,2.73,2.68,2.68,1352442.0,24949648.0,166120000.0,0.008141355646520588
2013-07-10,2.68,2.75,2.65,2.75,1435188.0,26439856.0,166120000.0,0.008639465446665062
2013-07-11,2.76,2.86,2.73,2.83,3215452.0,61608420.0,166120000.0,0.01935620033710571
2013-07-12,2.83,2.85,2.78,2.8,2220706.0,42689948.0,166120000.0,0.013368083313267517
2013-07-15,3.03,3.09,2.88,2.91,8748503.0,176077152.0,166120000.0,0.05266375511678305
2013-07-16,2.89,2.95,2.86,2.92,4353101.0,86267944.0,166120000.0,0.026204556946785456
2013-07-17,2.92,2.93,2.87,2.88,3296412.0,65285800.0,166120000.0,0.01984355887310378
2013-07-18,2.87,2.95,2.8,2.91,3705890.0,72976720.0,166120000.0,0.02230851191909463
2013-07-19,2.9,2.94,2.78,2.79,3904490.0,77178112.0,166120000.0,0.02350403322899109
2013-07-22,2.52,2.59,2.52,2.53,9543680.0,164730784.0,166120000.0,0.057450517698049604
2013-07-23,2.51,2.57,2.49,2.57,7113224.0,123023424.0,166120000.0,0.042819792920780156
2013-07-24,2.57,2.59,2.52,2.55,4355406.0,76059832.0,166120000.0,0.02621843245846376
2013-07-25,2.57,2.59,2.51,2.55,4449837.0,77651632.0,166120000.0,0.02678688297616181
2013-07-26,2.58,2.58,2.49,2.5,3175684.0,54664220.0,166120000.0,0.0191168071273778
2013-07-29,2.49,2.5,2.45,2.46,2717944.0,45857912.0,166120000.0,0.016361329159643632
2013-07-30,2.48,2.48,2.38,2.41,2727638.0,45092148.0,166120000.0,0.016419684565374428
2013-07-31,2.41,2.46,2.4,2.43,1886192.0,31357028.0,166120000.0,0.01135439441367686
2013-08-01,2.44,2.48,2.41,2.47,2422328.0,40677848.0,166120000.0,0.014581796291837226
2013-08-02,2.49,2.56,2.4,2.52,3510635.0,60536168.0,166120000.0,0.02113312665542981
2013-08-05,2.52,2.56,2.52,2.56,2485524.0,43215176.0,166120000.0,0.01496222008186853
2013-08-06,2.55,2.58,2.53,2.57,2788630.0,48670392.0,166120000.0,0.016786840837948472
2013-08-07,2.56,2.59,2.52,2.55,2897084.0,50446308.0,166120000.0,0.017439706236455573
2013-08-08,2.55,2.55,2.5,2.53,1715665.0,29626180.0,166120000.0,0.010327865398507103
2013-08-09,2.54,2.56,2.51,2.55,2021183.0,35094016.0,166120000.0,0.012167005778954972
2013-08-12,2.56,2.57,2.54,2.57,3004961.0,52538720.0,166120000.0,0.01808909824223453
2013-08-13,2.58,2.64,2.57,2.63,3758469.0,67402480.0,166120000.0,0.022625024078979053
2013-08-14,2.64,2.69,2.62,2.65,3714100.0,67561496.0,166120000.0,0.022357934023597398
2013-08-15,2.69,2.76,2.65,2.67,5068636.0,93810808.0,166120000.0,0.030511895015651335
2013-08-16,2.65,2.7,2.6,2.64,3840397.0,69695328.0,166120000.0,0.023118209727907537
2013-08-22,2.91,2.91,2.91,2.91,1637346.0,32517692.0,166120000.0,0.009856405008427643
2013-08-23,2.99,3.02,2.84,2.91,11121209.0,222509360.0,166120000.0,0.06694683963399951
2013-08-26,2.88,2.95,2.85,2.91,5183669.0,103293936.0,166120000.0,0.031204364314953045
2013-08-27,2.88,2.93,2.86,2.89,3063145.0,60371112.0,166120000.0,0.018439351071514568
2013-08-28,2.86,2.86,2.78,2.78,4906369.0,94218256.0,166120000.0,0.02953508909222249
2013-08-29,2.78,2.8,2.74,2.76,2354783.0,44480424.0,166120000.0,0.01417519263183241
2013-08-30,2.77,2.77,2.67,2.69,2522142.0,47090520.0,166120000.0,0.015182651095593547
2013-09-02,2.67,2.75,2.67,2.74,1766749.0,32831428.0,166120000.0,0.010635378039971105
2013-09-03,2.74,2.79,2.72,2.77,1633903.0,30823154.0,166120000.0,0.009835679027209247
2013-09-04,2.77,2.78,2.72,2.74,1975849.0,37038012.0,166120000.0,0.011894106669877197
2013-09-05,2.72,2.76,2.71,2.76,1852608.0,34786368.0,166120000.0,0.011152227305562245
2013-09-06,2.75,2.76,2.72,2.76,1828902.0,34327172.0,166120000.0,0.011009523236214784
2013-09-09,2.76,2.8,2.75,2.79,2690884.0,51256420.0,166120000.0,0.016198434866361668
2013-09-10,2.82,2.82,2.75,2.79,2611950.0,49552700.0,166120000.0,0.01572327233325307
2013-09-11,2.79,2.79,2.7,2.72,2809314.0,52319748.0,166120000.0,0.01691135323862268
2013-09-12,2.7,2.76,2.68,2.74,1568662.0,29327178.0,166120000.0,0.009442944859137973
2013-09-13,2.74,2.74,2.67,2.69,2229545.0,41071672.0,166120000.0,0.013421291837226101
2013-09-16,2.69,2.75,2.68,2.7,1675258.0,31060016.0,166120000.0,0.010084625571875753
2013-09-17,2.71,2.72,2.63,2.65,2211065.0,40242656.0,166120000.0,0.01331004695400915
2013-09-18,2.65,2.67,2.62,2.66,1210243.0,21906562.0,166120000.0,0.007285353960992054
2013-09-23,2.68,2.74,2.68,2.74,2549320.0,47404244.0,166120000.0,0.015346255718757525
2013-09-24,2.74,2.74,2.68,2.72,1592006.0,29522098.0,166120000.0,0.009583469780881291
2013-09-25,2.72,2.74,2.69,2.73,1681059.0,31189972.0,166120000.0,0.010119546111244883
2013-09-26,2.71,2.75,2.7,2.71,2310549.0,43104408.0,166120000.0,0.01390891524199374
2013-09-27,2.72,2.72,2.65,2.66,1593094.0,29159424.0,166120000.0,0.00959001926318324
2013-09-30,2.65,2.68,2.65,2.67,950283.0,17314380.0,166120000.0,0.005720461112448832
2013-10-08,2.67,2.77,2.65,2.77,2978360.0,55649976.0,166120000.0,0.0179289670117987
2013-10-09,2.74,2.79,2.74,2.78,2846801.0,53964872.0,166120000.0,0.017137015410546592
2013-10-10,2.77,2.81,2.75,2.79,2363888.0,44896204.0,166120000.0,0.014230002407897905
2013-10-11,2.8,2.84,2.79,2.83,3318491.0,63841508.0,166120000.0,0.01997646881772213
2013-10-14,2.83,2.84,2.76,2.79,2829330.0,53859912.0,166120000.0,0.01703184444979533
2013-10-15,2.78,2.79,2.75,2.78,1869256.0,35381512.0,166120000.0,0.011252444016373707
2013-10-16,2.76,2.78,2.67,2.69,2475142.0,45843956.0,166120000.0,0.01489972309174091
2013-10-17,2.7,2.72,2.66,2.66,2011150.0,36931476.0,166120000.0,0.012106609679749579
2013-10-18,2.66,2.7,2.65,2.69,1423525.0,26001312.0,166120000.0,0.008569257163496267
2013-10-21,2.7,2.76,2.68,2.74,1923003.0,35907144.0,166120000.0,0.011575987238141103
2013-10-22,2.74,2.76,2.69,2.7,1718089.0,31911976.0,166120000.0,0.010342457259812183
2013-10-23,2.7,2.71,2.62,2.63,2162534.0,39266596.0,166120000.0,0.013017902720924632
2013-10-24,2.61,2.65,2.61,2.63,884919.0,15898946.0,166120000.0,0.0053269865157717314
2013-10-25,2.63,2.66,2.57,2.58,1183474.0,21047974.0,166120000.0,0.00712421141343607
2013-10-28,2.58,2.6,2.55,2.57,901961.0,15872689.0,166120000.0,0.0054295750060197445
2013-10-29,2.58,2.6,2.46,2.5,1431768.0,24573928.0,166120000.0,0.00861887791957621
2013-10-30,2.5,2.53,2.48,2.53,841431.0,14405480.0,166120000.0,0.005065199855526126
2013-10-31,2.59,2.67,2.59,2.63,2874042.0,51891172.0,166120000.0,0.017300999277630628
2013-11-01,2.63,2.66,2.54,2.63,1624809.0,29160500.0,166120000.0,0.009780935468336142
2013-11-04,2.62,2.74,2.61,2.72,3023513.0,55802768.0,166120000.0,0.018200776547074405
2013-11-05,2.72,2.75,2.7,2.74,2565196.0,47917688.0,166120000.0,0.015441825186612088
2013-11-06,2.76,2.77,2.69,2.69,2628694.0,49016644.0,166120000.0,0.015824066939561763
2013-11-07,2.7,2.72,2.66,2.67,1677327.0,30778090.0,166120000.0,0.01009708042379003
2013-11-08,2.66,2.68,2.62,2.62,1685842.0,30433108.0,166120000.0,0.010148338550445462
2013-11-11,2.62,2.69,2.6,2.68,1171469.0,21287644.0,166120000.0,0.007051944377558392
2013-11-12,2.69,2.72,2.67,2.71,1389264.0,25628828.0,166120000.0,0.008363014688177222
2013-11-13,2.71,2.71,2.62,2.62,1206568.0,22022720.0,166120000.0,0.007263231398988683
2013-11-14,2.61,2.7,2.59,2.69,1718814.0,31295424.0,166120000.0,0.01034682157476523
2013-11-15,2.69,2.79,2.68,2.76,3738176.0,70412768.0,166120000.0,0.022502865398507103
2013-11-18,2.83,2.83,2.78,2.79,3644890.0,69705384.0,166120000.0,0.021941307488562486
2013-11-19,2.79,2.84,2.78,2.81,3071577.0,59093168.0,166120000.0,0.01849010955935468
2013-11-20,2.81,2.88,2.8,2.88,4838542.0,94454048.0,166120000.0,0.029126787864194557
2013-11-21,2.91,2.95,2.85,2.88,5533083.0,109768712.0,166120000.0,0.03330774741150975
2013-11-22,2.9,2.92,2.83,2.84,3519358.0,69173992.0,166120000.0,0.021185636888995905
2013-11-25,2.82,2.95,2.81,2.92,4473223.0,88800184.0,166120000.0,0.02692766072718517
2013-11-26,2.92,3.08,2.9,3.07,7594720.0,156534608.0,166120000.0,0.045718275945099925
2013-11-27,3.04,3.11,3.02,3.06,6181377.0,129463712.0,166120000.0,0.037210311822778716
2013-11-28,3.08,3.19,3.04,3.04,6244821.0,132451848.0,166120000.0,0.037592228509511195
2013-11-29,3.04,3.18,3.04,3.18,7169918.0,153412320.0,166120000.0,0.04316107633036359
2013-12-02,3.1,3.17,2.93,3.04,8736683.0,183275216.0,166120000.0,0.05259260173368649
2013-12-03,3.01,3.34,3.01,3.32,8702417.0,190981472.0,166120000.0,0.052386329159643634
2013-12-04,3.36,3.45,3.28,3.34,11508840.0,264284176.0,166120000.0,0.06928027931615699
2013-12-05,3.33,3.33,3.25,3.26,6664187.0,149341312.0,166120000.0,0.040116704791716834
2013-12-06,3.26,3.31,3.16,3.22,4983240.0,110429936.0,166120000.0,0.029997832891885384
2013-12-09,3.24,3.3,3.22,3.25,3291098.0,73367312.0,166120000.0,0.019811569949434144
2013-12-10,3.24,3.26,3.17,3.21,3167393.0,69419304.0,166120000.0,0.01906689742354924
2013-12-11,3.2,3.2,3.08,3.11,4003381.0,85619168.0,166120000.0,0.024099331808331327
2013-12-12,3.11,3.16,3.09,3.13,2339622.0,50082240.0,166120000.0,0.014083927281483265
2013-12-13,3.09,3.18,3.08,3.15,2080067.0,44778568.0,166120000.0,0.012521472429568987
2013-12-16,3.14,3.16,3.05,3.06,2847530.0,60141280.0,166120000.0,0.01714140380447869
2013-12-17,3.06,3.09,3.03,3.06,1555944.0,32538894.0,166120000.0,0.009366385745244402
2013-12-18,3.07,3.14,3.05,3.13,2262878.0,48101760.0,166120000.0,0.01362194798940525
2013-12-19,3.13,3.17,3.09,3.09,2157599.0,46314692.0,166120000.0,0.012988195280520106
2013-12-20,3.09,3.11,2.93,3.0,2530629.0,52369388.0,166120000.0,0.015233740669395618
2013-12-23,3.0,3.02,2.95,3.01,1471406.0,30069972.0,166120000.0,0.008857488562484951
2013-12-24,3.01,3.09,3.0,3.05,1718309.0,35805784.0,166120000.0,0.010343781603660005
2013-12-25,3.08,3.16,3.07,3.13,2438991.0,52044408.0,166120000.0,0.01468210329882013
2013-12-26,3.13,3.13,3.03,3.03,2900652.0,61053276.0,166120000.0,0.017461184685769324
2013-12-27,3.02,3.13,3.02,3.12,2333065.0,49434404.0,166120000.0,0.01404445581507344
2013-12-30,3.12,3.2,3.12,3.14,2473758.0,53468984.0,166120000.0,0.014891391764989164
2013-12-31,3.13,3.15,3.07,3.09,2064173.0,43746796.0,166120000.0,0.012425794606308693
2014-01-02,3.09,3.15,3.07,3.15,2162942.0,45976768.0,166120000.0,0.013020358776787864
2014-01-03,3.14,3.14,3.04,3.08,2861724.0,59966208.0,166120000.0,0.017226848061642187
2014-01-06,3.04,3.07,2.93,2.98,2086770.0,42770776.0,166120000.0,0.012561822778714182
2014-01-07,2.96,3.01,2.94,2.95,1233172.0,25051656.0,166120000.0,0.007423380688658801
2014-01-08,2.95,3.0,2.92,2.94,1727857.0,34911536.0,166120000.0,0.01040125812665543
2014-01-09,2.94,2.99,2.93,2.93,1659193.0,33685104.0,166120000.0,0.009987918372261016
2014-01-10,2.91,2.91,2.81,2.83,2343739.0,45530520.0,166120000.0,0.014108710570671803
2014-01-13,2.85,2.85,2.74,2.75,1915376.0,36445672.0,166120000.0,0.011530074644835058
2014-01-14,2.78,2.83,2.75,2.82,1393201.0,26720556.0,166120000.0,0.008386714423308453
2014-01-15,2.82,2.86,2.79,2.85,1186831.0,23006984.0,166120000.0,0.007144419696604864
2014-01-16,2.87,2.88,2.83,2.84,1304299.0,25461604.0,166120000.0,0.007851547074404046
2014-01-17,2.85,2.91,2.82,2.82,1756335.0,34522440.0,166120000.0,0.010572688418011076
2014-01-20,2.82,2.85,2.78,2.82,804164.0,15500376.0,207082504.99999997,0.0038833024547389947
2014-01-21,2.82,2.93,2.82,2.92,1686699.0,33273290.0,207082504.99999997,0.008145057932344407
2014-01-22,2.92,3.03,2.9,3.03,2308098.0,47093552.0,207082504.99999997,0.011145789452373102
2014-01-23,3.01,3.07,3.0,3.03,2207562.0,45822492.0,207082504.99999997,0.010660301796136763
2014-01-24,3.01,3.07,3.0,3.04,2015465.0,42009936.0,207082504.99999997,0.009732666697266388
2014-01-27,3.01,3.1,3.0,3.05,1798338.0,37502304.0,207082504.99999997,0.008684161899625467
2014-01-28,3.03,3.09,3.03,3.07,1328517.0,27809506.0,207082504.99999997,0.006415399504656369
2014-01-29,3.07,3.14,3.04,3.11,2120482.0,45040680.0,207082504.99999997,0.010239793071848345
2014-01-30,3.11,3.11,3.03,3.06,1434869.0,30035536.0,207082504.99999997,0.0069289725851056335
2014-02-07,3.04,3.14,3.02,3.14,2001294.0,42314804.0,207082504.99999997,0.00966423503520976
2014-02-10,3.15,3.2,3.14,3.18,2619067.0,56830984.0,207082504.99999997,0.01264745662604381
2014-02-11,3.19,3.19,3.11,3.15,2902633.0,62386160.0,207082504.99999997,0.014016794900177591
2014-02-12,3.15,3.17,3.1,3.15,2051156.0,44053296.0,207082504.99999997,0.009905018292105362
2014-02-13,3.14,3.15,3.04,3.04,2887715.0,61326860.0,207082504.99999997,0.013944755980231167
2014-02-14,3.05,3.11,3.05,3.09,1818515.0,38338336.0,207082504.99999997,0.008781596494595235
2014-02-17,3.1,3.2,3.1,3.19,3713082.0,80363016.0,207082504.99999997,0.017930447576921096
2014-02-18,3.21,3.24,3.14,3.15,3558957.0,77523104.0,207082504.99999997,0.017186179006285444
2014-02-19,3.15,3.25,3.14,3.22,4273374.0,93678136.0,207082504.99999997,0.020636093811980883
2014-02-20,3.21,3.23,3.14,3.15,2860736.0,62019312.0,207082504.99999997,0.013814474573793669
2014-02-21,3.12,3.15,3.04,3.09,2350775.0,49576032.0,207082504.99999997,0.011351876393421069
2014-02-24,3.06,3.07,2.95,3.04,2394433.0,49193160.0,207082504.99999997,0.011562700576758043
2014-02-25,3.03,3.08,2.93,2.94,2202941.0,45396704.0,207082504.99999997,0.01063798701874888
2014-02-26,2.91,2.95,2.88,2.95,1395111.0,27817816.0,207082504.99999997,0.006736981475088879
2014-02-27,2.97,3.0,2.92,2.93,1582820.0,31997578.0,207082504.99999997,0.007643426951977427
2014-02-28,2.92,3.0,2.88,3.0,1582288.0,31727490.0,207082504.99999997,0.007640857927616822
2014-03-03,3.0,3.04,2.98,3.02,1390603.0,28600110.0,207082504.99999997,0.0067152123739279675
2014-03-04,3.01,3.01,2.94,2.96,1347479.0,27326046.0,207082504.99999997,0.006506966872937915
2014-03-05,2.97,3.11,2.95,3.09,2971018.0,61955464.0,207082504.99999997,0.014347025597357925
2014-03-06,3.1,3.15,3.07,3.12,3180336.0,67806344.0,207082504.99999997,0.015357820787419972
2014-03-07,3.1,3.22,3.1,3.12,3235163.0,69915024.0,207082504.99999997,0.015622579995350164
2014-03-10,3.12,3.12,2.98,2.99,2703633.0,55770088.0,207082504.99999997,0.013055825261530424
2014-03-11,2.98,3.0,2.91,2.96,1369531.0,27711032.0,207082504.99999997,0.006613455830080867
2014-03-12,2.96,2.98,2.92,2.97,1282815.0,25881544.0,207082504.99999997,0.0061947048593023355
2014-03-13,2.97,3.01,2.96,3.0,1015345.0,20703936.0,207082504.99999997,0.004903094059056317
2014-03-14,2.98,2.99,2.95,2.97,657398.0,13317073.0,207082504.99999997,0.0031745704447606526
2014-03-17,3.0,3.06,2.96,3.04,1145895.0,23649712.0,207082504.99999997,0.005533519115967812
2014-03-18,3.05,3.2,3.05,3.15,2578482.0,55202360.0,207082504.99999997,0.012451471938684537
2014-03-19,3.14,3.16,3.08,3.13,1683949.0,35816936.0,207082504.99999997,0.008131778201157071
2014-03-20,3.12,3.2,3.1,3.1,3572533.0,77068496.0,207082504.99999997,0.017251737417412448
2014-03-21,3.09,3.24,3.06,3.22,4341645.0,94472040.0,207082504.99999997,0.02096577400394109
2014-03-24,3.22,3.24,3.16,3.2,2749746.0,60092632.0,207082504.99999997,0.01327850462307282
2014-03-25,3.19,3.21,3.13,3.16,1888547.0,40885608.0,207082504.99999997,0.009119780543508493
2014-03-26,3.16,3.22,3.16,3.17,1447886.0,31515390.0,207082504.99999997,0.00699183158905674
2014-03-27,3.18,3.18,3.09,3.12,1783190.0,38053804.0,207082504.99999997,0.008611012311252466
2014-03-28,3.09,3.15,3.0,3.03,2182880.0,45544916.0,207082504.99999997,0.010541112586985561
2014-03-31,3.02,3.03,2.98,3.03,1229091.0,25182648.0,207082504.99999997,0.005935272030826555
2014-04-01,3.02,3.12,3.02,3.12,1386724.0,29192728.0,207082504.99999997,0.006696480709464086
2014-04-02,3.14,3.14,3.1,3.12,1084477.0,23114396.0,207082504.99999997,0.005236932014126448
2014-04-03,3.12,3.14,3.08,3.09,1004548.0,21355276.0,207082504.99999997,0.0048509554199182596
2014-04-04,3.09,3.19,3.08,3.18,1618875.0,34817868.0,207082504.99999997,0.00781753630032629
2014-04-08,3.17,3.2,3.15,3.19,1476196.0,32084278.0,207082504.99999997,0.007128540385388907
2014-04-09,3.19,3.23,3.16,3.21,1548512.0,33902096.0,207082504.99999997,0.0074777538546773915
2014-04-10,3.22,3.23,3.17,3.19,1368379.0,29845692.0,207082504.99999997,0.0066078928299616625
2014-04-11,3.16,3.27,3.15,3.26,3317500.0,73124360.0,207082504.99999997,0.0160201848050853
2014-04-14,3.26,3.36,3.25,3.3,3939791.0,89186032.0,207082504.99999997,0.019025223787011852
2014-04-15,3.3,3.33,3.15,3.17,4109997.0,91049168.0,207082504.99999997,0.019847147396637878
2014-04-16,3.17,3.27,3.16,3.26,2368107.0,52203048.0,207082504.99999997,0.011435572502853394
2014-04-21,3.19,3.19,3.08,3.12,4863138.0,103906776.0,207082504.99999997,0.023484060133423634
2014-04-22,3.09,3.15,3.07,3.15,1981954.0,42185608.0,207082504.99999997,0.0095708423075141
2014-04-23,3.15,3.17,3.1,3.16,1291284.0,27672700.0,207082504.99999997,0.006235601602366169
2014-04-24,3.15,3.17,3.12,3.15,1187519.0,25499500.0,207082504.99999997,0.005734521127219319
2014-04-25,3.12,3.2,3.1,3.17,1761583.0,38225816.0,207082504.99999997,0.008506672256065283
2014-04-28,3.16,3.16,3.04,3.09,2120932.0,44752932.0,207082504.99999997,0.010241966118769909
2014-04-29,3.09,3.13,3.03,3.04,1690014.0,35585048.0,207082504.99999997,0.008161066044666595
2014-04-30,3.04,3.08,2.99,3.01,1366485.0,28264952.0,207082504.99999997,0.006598746716918459
2014-05-05,3.01,3.03,2.94,3.01,1356412.0,27531360.0,207082504.99999997,0.006550104268827539
2014-05-06,3.01,3.05,2.98,3.03,1066343.0,22042916.0,207082504.99999997,0.00514936305218058
2014-05-07,3.0,3.02,2.98,3.0,728445.0,14933761.0,207082504.99999997,0.0035176559217303272
2014-05-08,2.99,3.05,2.98,2.99,771110.0,15931883.0,207082504.99999997,0.003723684914860384
2014-05-09,2.99,3.0,2.93,2.99,735370.0,14858386.0,207082504.99999997,0.003551096699356617
2014-05-12,2.99,3.07,2.99,3.06,1332001.0,27622092.0,207082504.99999997,0.006432223716822434
2014-05-13,3.07,3.07,3.04,3.05,898502.0,18759352.0,207082504.99999997,0.00433886001137566
2014-05-14,3.04,3.07,3.04,3.05,366047.0,7633715.0,207082504.99999997,0.0017676384588838157
2014-05-15,3.02,3.05,3.0,3.03,654477.0,13538932.0,207082504.99999997,0.003160464955743123
2014-05-16,3.01,3.03,2.97,2.99,348259.0,7137997.0,207082504.99999997,0.0016817403285709724
2014-05-19,2.98,3.0,2.95,2.98,508652.0,10307828.0,207082504.99999997,0.0024562770283274296
2014-05-20,2.99,3.02,2.98,2.98,371204.0,7615543.0,207082504.99999997,0.0017925415766049384
2014-05-21,3.02,3.02,2.98,3.0,558639.0,11441325.0,207082504.99999997,0.0026976639093679116
2014-05-22,3.0,3.03,2.98,2.99,986475.0,20219068.0,207082504.99999997,0.004763681026555093
2014-05-23,2.98,3.02,2.97,3.02,999114.0,20503860.0,207082504.99999997,0.0048247146710920855
2014-05-26,3.03,3.06,3.01,3.06,551060.0,7566149.0,207082504.99999997,0.0026610649702156156
2014-05-27,3.04,3.05,3.0,3.01,901163.0,12285243.0,310623758.0,0.0029011399701113654
2014-05-28,3.01,3.05,2.94,3.04,1606219.0,21841008.0,310623758.0,0.0051709470336135715
2014-05-29,3.04,3.07,3.01,3.01,1398476.0,19230996.0,310623758.0,0.004502154017465721
2014-05-30,3.01,3.08,2.95,3.06,1368813.0,18862104.0,310623758.0,0.004406659068235212
2014-06-03,3.11,3.14,3.0,3.11,2447259.0,34176900.0,310623758.0,0.007878531300236217
2014-06-04,3.1,3.1,3.03,3.05,1670963.0,23028116.0,310623758.0,0.005379379255336934
2014-06-05,3.04,3.13,3.02,3.13,2869710.0,39927476.0,310623758.0,0.009238539957397592
2014-06-06,3.14,3.14,3.08,3.12,1550991.0,21780108.0,310623758.0,0.00499314994444179
2014-06-09,3.14,3.14,3.08,3.08,949117.0,13324995.0,310623758.0,0.003055519661828314
2014-06-10,3.1,3.1,3.04,3.09,1336639.0,18565160.0,310623758.0,0.004303080384469497
2014-06-11,3.09,3.1,3.06,3.08,1295312.0,18015364.0,310623758.0,0.0041700351844948065
2014-06-12,3.07,3.08,3.03,3.05,1140068.0,15732960.0,310623758.0,0.003670253709312216
2014-06-13,3.05,3.11,3.03,3.1,2083252.0,28995016.0,310623758.0,0.00670667309356292
2014-06-16,3.07,3.14,3.07,3.11,1896508.0,26638308.0,310623758.0,0.0061054827622039134
2014-06-17,3.11,3.12,3.08,3.11,1718723.0,24030716.0,310623758.0,0.0055331343972729865
2014-06-18,3.11,3.11,3.05,3.07,1392043.0,19300640.0,310623758.0,0.00448144407550436
2014-06-19,3.07,3.08,2.98,2.98,1424891.0,19436176.0,310623758.0,0.004587192586859373
2014-06-20,2.98,3.03,2.97,3.02,1050079.0,14218372.0,310623758.0,0.0033805495328531826
2014-06-23,3.03,3.09,3.03,3.09,2231388.0,31011704.0,310623758.0,0.007183571579866084
2014-06-24,3.13,3.14,3.09,3.13,2066177.0,29164210.0,310623758.0,0.006651703054857768
2014-06-25,3.12,3.12,3.06,3.08,1332223.0,18578520.0,310623758.0,0.004288863828632194
2014-06-26,3.08,3.15,3.08,3.13,2294377.0,32429126.0,310623758.0,0.007386353879602474
2014-06-27,3.13,3.14,3.1,3.12,1623421.0,22865156.0,310623758.0,0.005226325927072198
2014-06-30,3.15,3.2,3.15,3.18,3037242.0,43664620.0,310623758.0,0.009777880544475287
2014-07-01,3.18,3.2,3.14,3.2,3481584.0,49970448.0,310623758.0,0.011208363527686121
2014-07-02,3.19,3.32,3.19,3.31,5292426.0,78503024.0,310623758.0,0.017038059271692926
2014-07-03,3.28,3.35,3.28,3.34,4384760.0,65654840.0,310623758.0,0.014115984006606474
2014-07-04,3.34,3.34,3.26,3.29,2716630.0,40477052.0,310623758.0,0.008745725109667883
2014-07-07,3.28,3.33,3.25,3.3,1990540.0,29751334.0,310623758.0,0.006408202684869971
2014-07-08,3.3,3.38,3.25,3.37,4582454.0,69083368.0,310623758.0,0.014752425987969664
2014-07-09,3.37,3.47,3.34,3.4,5218563.0,80374488.0,310623758.0,0.016800269990938685
2014-07-10,3.4,3.42,3.36,3.37,1863243.0,28527604.0,310623758.0,0.00599839179075285
2014-07-11,3.38,3.49,3.37,3.43,2430338.0,37856880.0,310623758.0,0.00782405703816126
2014-07-14,3.43,3.47,3.4,3.46,2099580.0,32666742.0,310623758.0,0.006759238293678747
2014-07-15,3.46,3.47,3.41,3.42,2103930.0,32661748.0,310623758.0,0.006773242373817395
2014-07-16,3.4,3.45,3.37,3.39,2259028.0,34656924.0,310623758.0,0.00727255382699993
2014-07-17,3.39,3.39,3.31,3.36,1921949.0,29026988.0,310623758.0,0.006187385705378016
2014-07-18,3.33,3.46,3.33,3.39,1615682.0,24848910.0,310623758.0,0.005201411541740474
2014-07-21,3.39,3.39,3.29,3.33,1892709.0,28489044.0,310623758.0,0.006093252532216161
2014-07-22,3.33,3.41,3.33,3.38,1498231.0,22880930.0,310623758.0,0.004823298158668211
2014-07-23,3.38,3.4,3.33,3.34,972763.0,14689592.0,310623758.0,0.003131643909864744
2014-07-24,3.33,3.35,3.24,3.31,2292590.0,34054796.0,310623758.0,0.007380600939094942
2014-07-25,3.33,3.37,3.29,3.34,1669267.0,25216276.0,310623758.0,0.005373919273747245
2014-07-28,3.35,3.49,3.35,3.45,2689199.0,41716336.0,310623758.0,0.008657415702246445
2014-07-29,3.48,3.56,3.43,3.55,4747304.0,75662304.0,310623758.0,0.015283132335292911
2014-07-30,3.55,3.57,3.5,3.54,2663403.0,42509248.0,310623758.0,0.00857436989735988
2014-07-31,3.51,3.59,3.48,3.57,1830984.0,29402072.0,310623758.0,0.005894539464041898
2014-08-01,3.57,3.59,3.47,3.49,2487362.0,39811860.0,310623758.0,0.00800763604179948
2014-08-04,3.49,3.56,3.49,3.55,1937435.0,30934184.0,310623758.0,0.006237240230671602
2014-08-05,3.55,3.58,3.52,3.55,1677756.0,26867708.0,310623758.0,0.005401248155654598
2014-08-06,3.56,3.69,3.55,3.67,5026285.0,82835944.0,310623758.0,0.016181263894180304
2014-08-07,3.65,3.77,3.6,3.67,5740532.0,96185296.0,310623758.0,0.01848065980838465
2014-08-08,3.66,3.76,3.66,3.71,2751827.0,46175324.0,310623758.0,0.008859035824297767
2014-08-11,3.72,3.75,3.67,3.72,1792036.0,30122518.0,310623758.0,0.005769153047205102
2014-08-12,3.71,3.82,3.7,3.82,3417931.0,58363384.0,310623758.0,0.011003443593648108
2014-08-13,3.82,3.85,3.74,3.76,2866169.0,48909692.0,310623758.0,0.009227140314231856
2014-08-14,3.76,3.78,3.68,3.71,2724332.0,45900520.0,310623758.0,0.008770520379835209
2014-08-15,3.7,3.77,3.69,3.73,1794010.0,30243948.0,310623758.0,0.0057755080021921566
2014-08-18,3.73,3.79,3.71,3.79,2248027.0,38146240.0,310623758.0,0.007237137991228604
2014-08-19,3.78,3.79,3.69,3.71,3238016.0,54578588.0,310623758.0,0.010424238058442394
2014-08-20,3.71,3.71,3.65,3.66,2810423.0,46691224.0,310623758.0,0.009047675612758507
2014-08-21,3.71,3.84,3.71,3.77,5561114.0,94592728.0,310623758.0,0.017903054279576388
2014-08-22,3.76,3.8,3.71,3.78,2628152.0,44730888.0,310623758.0,0.008460885338976551
2014-08-25,3.79,3.84,3.72,3.82,3296968.0,56578176.0,310623758.0,0.010614023927944366
2014-08-26,3.83,3.83,3.73,3.75,2352493.0,39977728.0,310623758.0,0.007573448390254811
2014-08-27,3.75,3.76,3.67,3.68,2688524.0,45089036.0,310623758.0,0.008655242655328379
2014-08-28,3.67,3.76,3.65,3.68,1925620.0,32112112.0,310623758.0,0.0061992038612835275
2014-08-29,3.68,3.72,3.68,3.72,876948.0,14683960.0,310623758.0,0.0028231839240062248
2014-09-01,3.72,3.79,3.72,3.76,2544961.0,43369420.0,310623758.0,0.008193066159479019
2014-09-02,3.77,3.8,3.73,3.79,3092274.0,52542176.0,310623758.0,0.009955046645208639
2014-09-03,3.79,3.84,3.76,3.8,3015154.0,51851292.0,310623758.0,0.009706772010658631
2014-09-04,3.81,4.01,3.81,3.98,7848297.0,139103312.0,310623758.0,0.02526624830802543
2014-09-05,4.01,4.03,3.91,3.93,4180369.0,74415896.0,310623758.0,0.013457982180487302
2014-09-09,3.91,4.02,3.9,3.96,3477138.0,62344784.0,310623758.0,0.011194050391985793
2014-09-10,3.96,3.98,3.91,3.97,1998336.0,35629152.0,310623758.0,0.0064333005719414416
2014-09-11,3.96,4.05,3.94,4.03,4645146.0,84132944.0,310623758.0,0.014954252147062107
2014-09-12,4.03,4.03,3.95,4.02,1628279.0,29386748.0,310623758.0,0.005241965426224738
2014-09-15,4.0,4.03,3.97,4.0,2722815.0,49122864.0,310623758.0,0.008765636658094903
2014-09-16,4.0,4.03,3.85,3.86,4257822.0,75443312.0,310623758.0,0.01370732885151689
2014-09-17,3.86,3.91,3.78,3.9,3714111.0,65074920.0,310623758.0,0.011956944388007823
2014-09-18,3.9,3.93,3.87,3.93,2526570.0,44710924.0,310623758.0,0.00813385948411583
2014-09-19,3.93,3.98,3.93,3.96,1765974.0,31639828.0,310623758.0,0.005685250900866379
2014-09-22,3.96,3.96,3.89,3.91,2013063.0,35665704.0,310623758.0,0.006480711626700492
2014-09-23,3.91,4.01,3.9,3.98,2565685.0,46075168.0,310623758.0,0.008259783528856798
2014-09-24,3.98,4.13,3.97,4.09,3959854.0,72973056.0,310623758.0,0.012748071897320874
2014-09-25,4.09,4.13,4.03,4.07,2540937.0,46903008.0,310623758.0,0.008180111580518576
2014-09-26,4.03,4.2,4.02,4.18,3323922.0,62276944.0,310623758.0,0.010700797715543702
2014-09-29,4.19,4.3,4.19,4.3,3830236.0,73862144.0,310623758.0,0.012330788941134374
2014-09-30,4.3,4.31,4.17,4.25,2855308.0,54665184.0,310623758.0,0.00919217518448798
2014-10-08,4.23,4.29,4.2,4.26,1559625.0,29923694.0,310623758.0,0.005020945629020431
2014-10-09,4.25,4.29,4.15,4.27,3326034.0,63421432.0,310623758.0,0.010707596937900674
2014-10-10,4.25,4.26,4.16,4.17,2655121.0,50198392.0,310623758.0,0.008547707416507401
2014-10-13,4.16,4.16,3.98,4.03,6091699.0,111142672.0,310623758.0,0.01961118183368318
2014-10-14,4.04,4.09,4.01,4.04,2470199.0,45196848.0,310623758.0,0.007952382702162789
2014-10-15,4.04,4.06,3.98,4.02,2769596.0,50161096.0,310623758.0,0.008916240077167568
2014-10-16,4.02,4.03,3.9,3.92,5311255.0,94956368.0,310623758.0,0.017098676013056285
2014-10-17,3.89,3.96,3.82,3.92,3525782.0,61865424.0,310623758.0,0.01135065142055232
2014-10-20,3.92,4.04,3.92,4.0,2223897.0,40254432.0,310623758.0,0.007159455588068702
2014-10-21,4.0,4.02,3.88,3.9,2235560.0,39771912.0,310623758.0,0.007197002619484116
2014-10-22,3.91,3.96,3.85,3.87,1568769.0,27764636.0,310623758.0,0.005050383171270499
2014-10-23,3.85,3.89,3.78,3.87,2041599.0,35405116.0,310623758.0,0.006572578392410023
2014-10-24,3.87,3.99,3.87,3.95,2354504.0,41860304.0,310623758.0,0.0075799224604062646
2014-10-27,3.95,4.03,3.93,4.03,1828446.0,32933744.0,310623758.0,0.0058863688076299684
2014-10-28,4.03,4.1,4.03,4.09,3371508.0,62099216.0,310623758.0,0.010853992694274209
2014-10-29,4.11,4.2,4.11,4.19,4195268.0,79014816.0,310623758.0,0.013505946959794363
2015-01-19,4.56,4.61,4.28,4.61,9807846.0,202128000.0,310623758.0,0.03157468077506164
2015-01-20,4.87,5.03,4.63,4.82,19250760.0,418502912.0,310623758.0,0.06197452546434005
2015-01-21,4.75,4.91,4.69,4.8,11697181.0,252791856.0,310623758.0,0.03765707129201624
2015-01-22,4.81,4.85,4.68,4.82,7610803.0,163565328.0,310623758.0,0.024501677041715526
2015-01-23,4.84,4.84,4.56,4.6,8714202.0,184361392.0,310623758.0,0.028053881184452092
2015-01-26,4.55,4.63,4.48,4.61,5942159.0,122419568.0,310623758.0,0.01912976340979044
2015-01-27,4.62,4.68,4.57,4.63,4739927.0,99178272.0,310623758.0,0.015259383346975025
2015-01-28,4.6,4.68,4.57,4.63,3197401.0,66952680.0,310623758.0,0.010293485020550167
2015-01-29,4.62,4.62,4.49,4.51,3197162.0,65632312.0,310623758.0,0.010292715600974733
2015-01-30,4.51,4.56,4.4,4.4,3388104.0,68410208.0,310623758.0,0.010907420674499728
2015-02-02,4.34,4.38,4.28,4.36,3451551.0,67598208.0,310623758.0,0.011111677426811635
2015-02-03,4.38,4.53,4.29,4.51,4079490.0,81482512.0,310623758.0,0.013133219513750136
2015-02-04,4.51,4.51,4.41,4.41,2573403.0,51760256.0,310623758.0,0.008284630308284404
2015-02-05,4.43,4.52,4.32,4.43,4729135.0,94258232.0,310623758.0,0.015224640350916108
2015-02-06,4.37,4.4,4.29,4.3,2977267.0,58316496.0,310623758.0,0.009584801301644158
2015-02-09,4.29,4.32,4.25,4.27,1954383.0,37776972.0,310623758.0,0.006291801414623282
2015-02-10,4.25,4.29,4.23,4.26,1654807.0,31815340.0,310623758.0,0.005327367779769119
2015-02-11,4.26,4.42,4.25,4.41,2981523.0,58393296.0,310623758.0,0.00959850276487866
2015-02-12,4.38,4.53,4.37,4.51,5098140.0,102990104.0,310623758.0,0.016412588762769395
2015-02-13,4.43,4.51,4.42,4.49,6356475.0,128389288.0,310623758.0,0.020463582827428158
2015-02-16,4.49,4.59,4.49,4.59,4322628.0,88991552.0,310623758.0,0.013915960671623836
2015-02-17,4.6,4.63,4.52,4.59,3223088.0,66645128.0,310623758.0,0.010376179918601075
2015-02-25,4.62,4.62,4.49,4.53,2475147.0,50643328.0,310623758.0,0.007968311940904403
2015-02-26,4.53,4.53,4.44,4.49,2798032.0,56502724.0,310623758.0,0.009007784910000349
2015-02-27,4.5,4.76,4.49,4.74,8468919.0,177115200.0,310623758.0,0.027264234566372093
2015-03-02,4.74,4.8,4.69,4.78,7760435.0,166255792.0,310623758.0,0.02498339164385488
2015-03-03,4.72,4.77,4.62,4.63,5803037.0,122574448.0,310623758.0,0.01868188395299757
2015-03-04,4.6,4.67,4.54,4.62,3586243.0,74661520.0,310623758.0,0.011545295257164457
2015-03-05,4.62,4.84,4.56,4.76,5922615.0,125533240.0,310623758.0,0.019066844848358314
2015-03-06,4.78,4.79,4.62,4.74,4342893.0,92514632.0,383756354.99999994,0.01131679760716927
2015-03-09,4.71,4.78,4.68,4.71,4398680.0,94193864.0,383756354.99999994,0.011462168489691853
2015-03-10,4.74,4.91,4.63,4.82,7025852.0,151220640.0,383756354.99999994,0.018308105933516075
2015-03-11,4.8,4.85,4.58,4.61,13777648.0,290379424.0,383756354.99999994,0.03590207125039011
2015-03-12,4.63,4.66,4.49,4.51,5839306.0,120073880.0,383756354.99999994,0.015216180589374215
2015-03-13,4.53,4.57,4.53,4.56,3296255.0,67817376.0,383756354.99999994,0.008589447333061105
2015-03-16,4.59,4.71,4.58,4.71,5424706.0,114554528.0,383756354.99999994,0.014135807601153605
2015-03-17,4.72,4.78,4.68,4.72,6490926.0,139120416.0,383756354.99999994,0.016914185043267884
2015-03-18,4.75,4.78,4.63,4.76,7026655.0,150249392.0,383756354.99999994,0.01831019840700749
2015-03-19,4.76,5.05,4.74,5.02,22015244.0,482327008.0,383756354.99999994,0.05736776398139388
2015-03-20,4.97,5.09,4.93,5.02,13246998.0,298271648.0,383756354.99999994,0.03451929284662922
2015-03-23,5.03,5.11,4.97,5.03,10469392.0,237853472.0,383756354.99999994,0.027281351471039487
2015-03-24,5.01,5.26,4.99,5.24,16885202.0,391647424.0,383756354.99999994,0.04399979773624857
2015-03-25,5.24,5.43,5.16,5.35,13453007.0,324272896.0,383756354.99999994,0.035056115227069015
2015-03-26,5.31,5.42,5.18,5.2,10170779.0,243562864.0,383756354.99999994,0.026503219731696694
2015-03-27,5.19,5.19,5.05,5.17,7077109.0,163600688.0,383756354.99999994,0.01844167245126143
2015-03-30,5.24,5.31,5.16,5.2,8341543.0,196727440.0,383756354.99999994,0.02173655990661054
2015-03-31,5.21,5.34,5.14,5.23,8355782.0,198234896.0,383756354.99999994,0.02177366417814762
2015-04-01,5.22,5.39,5.22,5.37,8775457.0,211172624.0,383756354.99999994,0.022867261703066785
2015-04-02,5.4,5.53,5.4,5.48,8803276.0,216669360.0,383756354.99999994,0.022939753010735163
2015-04-03,5.42,5.5,5.38,5.5,9252588.0,227523712.0,383756354.99999994,0.024110579224153827
2015-04-07,5.51,5.89,5.51,5.68,10053589.0,259766848.0,383756354.99999994,0.02619784368131181
2015-04-08,5.7,5.79,5.51,5.6,7954910.0,201198816.0,383756354.99999994,0.020729063887424095
2015-04-09,5.54,5.61,5.25,5.47,9223999.0,225344128.0,383756354.99999994,0.024036081435055326
2015-04-10,5.53,5.79,5.43,5.72,8957056.0,229770560.0,383756354.99999994,0.023340476016351575
2015-04-13,5.73,5.96,5.73,5.96,14245489.0,378686048.0,383756354.99999994,0.0371211807033137
2015-04-14,5.96,6.15,5.84,5.96,14004503.0,379630048.0,383756354.99999994,0.03649321455536548
2015-04-15,5.78,5.8,5.4,5.44,17885770.0,449988928.0,383756354.99999994,0.046607097881154316
2015-04-16,5.43,5.66,5.33,5.54,7558232.0,188115216.0,383756354.99999994,0.019695392405944655
2015-04-17,5.66,5.77,5.66,5.69,11221985.0,289170912.0,383756354.99999994,0.029242473391743577
2015-04-20,5.6,5.61,5.39,5.39,13240502.0,328837440.0,383756354.99999994,0.03450236543965507
2015-04-21,5.45,5.64,5.38,5.61,8012242.0,200131392.0,383756354.99999994,0.020878460761907126
2015-04-22,5.63,5.75,5.63,5.7,10056030.0,258592528.0,383756354.99999994,0.02620420448802731
2015-04-23,5.73,5.86,5.73,5.8,9318740.0,243998704.0,383756354.99999994,0.02428295943138193
2015-04-24,5.67,5.96,5.61,5.89,13941788.0,368540960.0,383756354.99999994,0.03632979055161185
2015-04-27,5.88,6.04,5.79,5.85,12545126.0,335515072.0,383756354.99999994,0.03269034072412951
2015-04-28,5.8,5.84,5.61,5.69,8732933.0,224718912.0,383756354.99999994,0.022756451811723095
2015-04-29,5.68,5.92,5.65,5.91,9683714.0,254562704.0,383756354.99999994,0.025234015994340997
2015-05-25,6.5,6.5,6.5,6.5,1178300.0,34512408.0,383756354.99999994,0.003070437752099246
2015-05-26,7.15,7.15,6.9,7.15,12744752.0,407311936.0,383756354.99999994,0.033210530155259585
2015-05-27,7.77,7.85,7.28,7.31,34336412.0,1172642048.0,383756354.99999994,0.08947451046120136
2015-05-28,7.31,8.04,7.31,7.89,31724962.0,1138011776.0,383756354.99999994,0.08266954172003224
2015-05-29,7.83,8.68,7.33,8.68,33626300.0,1224643584.0,383756354.99999994,0.08762408638157929
2015-06-01,8.66,9.2,8.37,8.74,32134076.0,1262276736.0,383756354.99999994,0.08373561917951823
2015-06-02,8.66,8.99,8.49,8.81,18208860.0,717065920.0,383756354.99999994,0.04744901227759473
2015-06-03,8.77,9.69,8.66,9.69,21670948.0,906970432.0,383756354.99999994,0.05647059056520381
2015-06-04,9.7,10.1,9.15,9.91,22164900.0,973752448.0,383756354.99999994,0.05775774058516895
2015-06-05,9.97,9.99,9.43,9.65,14021294.0,612205696.0,383756354.99999994,0.036536968879642404
2015-06-08,10.1,10.1,9.1,9.21,14375851.0,616903872.0,383756354.99999994,0.03746088061525392
2015-06-09,9.1,9.35,8.9,9.24,10053082.0,414575904.0,383756354.99999994,0.026196522530551974
2015-06-10,9.21,9.39,9.05,9.16,9589509.0,399730048.0,383756354.99999994,0.024988534717555366
2015-06-11,9.07,9.35,8.84,9.23,15661298.0,639108992.0,383756354.99999994,0.04081052416708514
2015-06-12,9.41,10.03,9.21,9.63,17987712.0,779642752.0,383756354.99999994,0.04687274038758264
2015-06-15,9.64,10.07,9.38,9.53,13500180.0,597534592.0,383756354.99999994,0.03517903957577459
2015-06-16,9.33,9.43,8.89,9.01,9000009.0,371139904.0,383756354.99999994,0.02345240380449205
2015-06-17,8.96,9.62,8.96,9.5,12141672.0,504811072.0,383756354.99999994,0.03163901220606497
2015-06-18,9.5,9.98,9.5,9.66,12345604.0,542377216.0,383756354.99999994,0.032170422298283506
2015-06-19,9.41,9.78,8.84,9.0,11508681.0,489223296.0,383756354.99999994,0.029989551573680134
2015-06-23,8.88,9.14,8.21,8.88,10083226.0,399037536.0,383756354.99999994,0.026275072369811314
2015-06-24,9.0,9.55,8.89,9.51,12526280.0,518000096.0,383756354.99999994,0.03264123143967219
2015-06-25,9.51,10.46,9.32,9.79,26010976.0,1175572480.0,383756354.99999994,0.06777992249796098
2015-06-26,9.32,9.76,8.81,8.81,18839880.0,779521920.0,383756354.99999994,0.04909333683868246
2015-06-29,9.21,9.23,7.93,7.93,17585360.0,660180096.0,383756354.99999994,0.045824283483201216
2015-06-30,7.44,8.22,7.14,8.17,18005458.0,614191872.0,383756354.99999994,0.04691898326999693
2015-07-01,8.32,8.82,7.56,7.75,17203308.0,652267712.0,383756354.99999994,0.044828724725614
2015-07-02,7.67,7.9,6.98,6.98,16518084.0,539238400.0,383756354.99999994,0.04304315429512562
2015-07-03,6.28,6.86,6.28,6.28,19970330.0,571719808.0,383756354.99999994,0.052039086101909646
2015-07-13,6.91,6.91,6.6,6.91,17461328.0,542115136.0,383756354.99999994,0.045501078412108646
2015-07-14,7.18,7.6,6.99,7.6,21784720.0,731465344.0,383756354.99999994,0.05676705992269497
2015-07-15,7.77,7.99,6.88,6.93,26655444.0,901968192.0,383756354.99999994,0.06945929012693484
2015-07-16,6.93,7.62,6.35,7.55,26088434.0,844988480.0,383756354.99999994,0.06798176410655142
2015-07-17,7.57,8.31,7.57,8.31,28996448.0,1063008576.0,383756354.99999994,0.07555952526180316
2015-07-20,8.28,8.62,8.04,8.54,25612060.0,965688000.0,383756354.99999994,0.066740419191234
2015-07-21,8.42,9.39,8.32,9.39,30380128.0,1234378240.0,383756354.99999994,0.0791651463335376
2015-07-22,9.29,9.96,8.66,9.11,82581032.0,3480990208.0,383756354.99999994,0.21519130803710082
2015-07-23,9.12,9.12,8.57,8.99,50735664.0,2015281664.0,383756354.99999994,0.13220800994943785
2015-07-24,8.86,9.89,8.79,9.59,61672484.0,2612012544.0,383756354.99999994,0.16070739466972478
2015-07-27,9.32,9.88,8.63,8.63,55816932.0,2364931072.0,383756354.99999994,0.14544887992799496
2015-07-28,8.21,8.99,7.77,8.44,43864440.0,1627157632.0,383756354.99999994,0.11430283675693138
2015-07-29,8.44,8.77,7.84,8.63,30558780.0,1151652352.0,383756354.99999994,0.0796306812951671
2015-07-30,8.45,8.88,8.19,8.27,27320556.0,1049465152.0,383756354.99999994,0.07119245230479637
2015-07-31,8.11,8.27,7.45,7.45,28496660.0,1005080192.0,383756354.99999994,0.0742571676760897
2015-08-03,7.21,7.24,6.7,6.7,26611720.0,822819264.0,383756354.99999994,0.06934535325154421
2015-08-04,6.79,7.37,6.72,7.35,20427420.0,647988544.0,383756354.99999994,0.05323018038359261
2015-08-05,7.33,7.37,6.87,6.94,19185196.0,616569152.0,383756354.99999994,0.049993168191312436
2015-08-06,6.77,6.96,6.66,6.78,11097671.0,340261376.0,383756354.99999994,0.028918533479399974
2015-08-07,6.94,7.25,6.92,7.19,17081944.0,549028736.0,383756354.99999994,0.04451247198238581
2015-08-10,7.28,7.85,7.28,7.72,17218060.0,587720256.0,383756354.99999994,0.04486716578283115
2015-08-11,7.73,7.94,7.62,7.74,18712678.0,655809920.0,383756354.99999994,0.04876187131806587
2015-08-12,7.77,7.95,7.66,7.76,16625240.0,582808704.0,383756354.99999994,0.04332238354723794
2015-08-13,7.73,8.23,7.68,8.21,20537612.0,736525696.0,383756354.99999994,0.05351732090534371
2015-08-14,8.21,8.52,8.19,8.38,19761180.0,743608768.0,383756354.99999994,0.05149407884072696
2015-08-17,8.38,8.5,8.22,8.44,16955986.0,640506048.0,383756354.99999994,0.04418424810189789
2015-08-18,8.44,8.47,7.6,7.61,22514908.0,805589888.0,383756354.99999994,0.05866979844542249
2015-08-19,7.32,7.9,6.88,7.82,15763573.0,525685216.0,383756354.99999994,0.04107703441158649
2015-08-20,7.71,7.83,7.32,7.37,11314798.0,387644896.0,383756354.99999994,0.029484327367034747
2015-08-21,7.17,7.66,6.99,7.28,12902264.0,424634112.0,383756354.99999994,0.03362097808126201
2015-08-24,6.95,7.06,6.55,6.55,13082049.0,394543616.0,383756354.99999994,0.03408946543699583
2015-08-25,5.89,6.08,5.89,5.89,30222308.0,804323072.0,383756354.99999994,0.07875389581496313
2015-08-26,5.99,6.13,5.6,5.71,18356842.0,487492736.0,383756354.99999994,0.04783462673862431
2015-08-27,6.09,6.09,5.66,6.04,12997447.0,346101344.0,383756354.99999994,0.0338690078500459
2015-08-28,6.14,6.51,6.1,6.48,14799903.0,420243872.0,383756354.99999994,0.03856588381448433
2015-08-31,6.42,6.43,6.06,6.16,10483496.0,293793856.0,383756354.99999994,0.027318103956871287
2015-09-01,6.14,6.14,5.55,5.66,10408856.0,270456608.0,383756354.99999994,0.027123605549151105
2015-09-02,5.3,5.83,5.11,5.59,13779099.0,341272608.0,383756354.99999994,0.03590585229526688
2015-09-07,5.76,6.06,5.69,5.84,10375721.0,276324608.0,383756354.99999994,0.027037261702154747
2015-09-08,5.88,6.24,5.77,6.22,7480002.0,202974656.0,383756354.99999994,0.01949153910428402
2015-09-09,6.28,6.5,6.21,6.24,12943476.0,368720960.0,383756354.99999994,0.03372836913671436
2015-09-10,6.1,6.4,6.06,6.23,5980283.0,168967792.0,383756354.99999994,0.015583541281029734
2015-09-11,6.19,6.34,6.18,6.27,4490447.0,126854672.0,383756354.99999994,0.0117012967772221
2015-09-14,6.43,6.44,5.65,5.65,8674182.0,233875008.0,383756354.99999994,0.02260335727860455
2015-09-15,5.51,5.73,5.08,5.16,16240563.0,384699616.0,383756354.99999994,0.04231998451204802
2015-09-16,5.18,5.67,5.01,5.62,15596319.0,369892096.0,383756354.99999994,0.040641200586762925
2015-09-17,5.53,5.9,5.45,5.51,13028948.0,333519776.0,383756354.99999994,0.03395109378709833
2015-09-18,5.73,5.8,5.57,5.76,10552758.0,270858144.0,383756354.99999994,0.02749858826442106
2015-09-21,5.74,6.14,5.67,6.13,10344485.0,276377952.0,383756354.99999994,0.026955866307412684
2015-09-22,6.24,6.34,6.0,6.29,12585234.0,351617536.0,383756354.99999994,0.03279485495425868
2015-09-23,6.36,6.72,6.31,6.54,16957696.0,495049824.0,383756354.99999994,0.04418870405416479
2015-09-24,6.72,6.91,6.49,6.63,16035626.0,160654224.0,383756354.99999994,0.04178595557069016
2015-09-25,6.36,6.42,5.97,5.97,46471640.0,426239424.0,1151269065.0,0.04036557692097807
2015-09-28,6.03,6.18,6.0,6.09,18199304.0,166398656.0,1151269065.0,0.01580803702043362
2015-09-29,5.98,5.98,5.53,5.79,32305278.0,278823360.0,1151269065.0,0.028060580260618747
2015-09-30,5.82,5.85,5.59,5.75,18404800.0,158380752.0,1151269065.0,0.01598653221868686
2015-10-08,6.03,6.32,5.95,6.32,35170280.0,324779680.0,1151269065.0,0.03054914013519507
2015-10-09,6.39,6.95,6.34,6.95,85846016.0,878809856.0,1151269065.0,0.07456642292390615
2015-10-12,7.17,7.52,7.06,7.32,86226608.0,949056000.0,1151269065.0,0.07489700767734951
2015-10-13,7.31,7.55,7.11,7.39,57568980.0,636808640.0,1151269065.0,0.05000480057196707
2015-10-14,7.33,7.51,7.19,7.37,48021264.0,530680512.0,1151269065.0,0.04171159067841365
2015-10-15,7.37,7.83,7.33,7.68,57204656.0,656721536.0,1151269065.0,0.04968834631198919
2015-10-16,7.7,7.75,7.38,7.59,61208864.0,693764352.0,1151269065.0,0.05316642812772877
2015-10-19,7.49,7.57,7.33,7.44,48074692.0,535120480.0,1151269065.0,0.04175799859609708
2015-10-20,7.39,7.7,7.34,7.6,47470600.0,540132992.0,1151269065.0,0.04123328024973901
2015-10-21,7.68,7.72,6.93,7.0,60527744.0,669147584.0,1151269065.0,0.052574802746046166
2015-10-22,7.01,7.58,6.96,7.5,45146184.0,492421568.0,1151269065.0,0.039214276985719235
2015-10-23,7.56,8.25,7.47,8.22,66462180.0,770167872.0,1151269065.0,0.05772949349594484
2015-10-26,8.52,8.62,8.02,8.18,75760704.0,949909248.0,1151269065.0,0.06580625355376851
2015-10-27,8.16,8.31,7.59,8.22,50809864.0,608868160.0,1151269065.0,0.044133787265446936
2015-10-28,8.11,8.22,7.79,7.89,35245132.0,423803040.0,1151269065.0,0.03061415708238456
2015-10-29,7.96,8.02,7.79,7.91,25799988.0,306696768.0,1151269065.0,0.02241004191318213
2015-10-30,7.99,8.01,7.4,7.86,25448770.0,300758432.0,1151269065.0,0.0221049716123485
2015-11-02,8.05,8.52,7.93,8.18,53391752.0,662019328.0,1151269065.0,0.04637643242850445
2015-11-03,8.22,8.32,8.08,8.18,33625092.0,413204832.0,1151269065.0,0.02920697951699067
2015-11-04,8.22,8.52,8.16,8.48,51472176.0,646429696.0,1151269065.0,0.0447090758926976
2015-11-05,8.56,8.56,8.22,8.32,53790904.0,676080320.0,1151269065.0,0.046723138521923196
2015-11-06,8.4,8.51,8.34,8.4,39983096.0,504413728.0,1151269065.0,0.03472958426099984
2015-11-09,8.32,8.35,8.06,8.26,51362108.0,635315584.0,1151269065.0,0.044613470092675515
2015-11-10,8.16,8.44,8.09,8.24,38897796.0,485385632.0,1151269065.0,0.03378688543151292
2015-11-11,8.26,8.37,8.2,8.29,34665300.0,430852288.0,1151269065.0,0.030110511134076205
2015-11-12,8.32,8.38,8.16,8.25,35616788.0,441149824.0,1151269065.0,0.030936979966538058
2015-11-13,8.14,8.25,7.95,8.12,38097208.0,461091424.0,1151269065.0,0.03309148934701898
2015-11-16,7.94,8.42,7.91,8.4,37540560.0,463761088.0,1151269065.0,0.032607981175972967
2015-11-17,8.42,8.49,8.3,8.38,47401624.0,596775168.0,1151269065.0,0.04117336723539949
2015-11-18,8.38,9.11,8.2,8.81,67337016.0,880855616.0,1151269065.0,0.05848938188919373
2015-11-19,8.84,9.16,8.76,9.04,59487612.0,804337792.0,1151269065.0,0.05167133714306829
2015-11-23,9.92,9.92,9.12,9.3,65073008.0,928152000.0,1151269065.0,0.056522849417481744
2015-11-24,9.11,9.3,8.96,9.1,31921388.0,433986304.0,1151269065.0,0.027727130842345703
2015-11-25,8.99,9.28,8.87,9.26,32494830.0,441834112.0,1151269065.0,0.028225226393970727
2015-11-26,9.4,9.52,9.12,9.14,35266672.0,493382656.0,1151269065.0,0.030632866870265466
2015-11-27,9.12,9.12,8.22,8.33,41074472.0,536271264.0,1151269065.0,0.03567756074467266
2015-11-30,8.29,8.66,7.79,8.59,37561108.0,469805504.0,1151269065.0,0.03262582930602761
2015-12-01,8.6,8.63,8.33,8.48,21956606.0,280661881.0,1151269065.0,0.01907165463531325
2015-12-02,8.52,8.52,8.06,8.32,17092192.0,212662944.0,1151269065.0,0.014846392142048914
2015-12-03,8.44,8.84,8.39,8.78,26750226.0,346212275.0,1151269065.0,0.023235424987294348
2015-12-04,8.76,9.17,8.67,8.88,33692376.0,452113120.0,1151269065.0,0.029265422848828132
2015-12-07,8.92,9.28,8.88,9.11,36860462.0,501262699.0,1151269065.0,0.032017243510317026
2015-12-08,9.12,9.44,9.01,9.18,40955064.0,571598784.0,1151269065.0,0.035573842158262106
2015-12-09,9.18,9.29,8.89,8.93,27140352.0,367007032.0,1151269065.0,0.02357429103682205
2015-12-10,8.93,9.09,8.76,8.8,20037796.0,267310544.0,1151269065.0,0.017404963452223046
2015-12-11,8.86,8.9,8.72,8.78,14221679.0,187775168.0,1151269065.0,0.01235304537606072
2015-12-14,8.74,9.02,8.69,9.0,17662016.0,235471296.0,1151269065.0,0.015341345074706754
2015-12-15,9.15,9.44,9.12,9.25,31223792.0,436315520.0,1151269065.0,0.027121194297008232
2015-12-16,9.44,9.84,9.41,9.7,56972124.0,823680704.0,1151269065.0,0.049486367463543374
2015-12-17,9.72,10.68,9.59,10.68,94471584.0,1443857536.0,1151269065.0,0.08205864890498035
2015-12-18,10.7,11.25,10.59,10.76,96980392.0,1588111488.0,1151269065.0,0.08423781629188482
2015-12-21,10.86,11.32,10.73,10.82,65716408.0,1083006720.0,1151269065.0,0.05708171095520577
2015-12-22,10.92,11.06,10.54,10.83,63060035.0,1020775682.0,1151269065.0,0.05477436762361021
2015-12-23,10.88,10.88,10.57,10.6,39042448.0,626730880.0,1151269065.0,0.033912531124946015
2015-12-24,10.58,10.96,10.2,10.81,58604904.0,934846592.0,1151269065.0,0.05090461107803674
2015-12-25,10.74,10.98,10.7,10.88,31563141.0,514004498.0,1151269065.0,0.027415955105160407
2015-12-28,10.92,10.98,10.52,10.54,35959972.0,579447229.0,1151269065.0,0.031235071881306913
2015-12-29,10.62,10.67,10.4,10.59,20328992.0,320744351.0,1151269065.0,0.017657898242927253
2015-12-30,10.72,10.92,10.59,10.72,28832423.0,464740615.0,1151269065.0,0.025044035209961974
2015-12-31,10.74,10.8,10.42,10.62,30642511.0,485125040.0,1151269065.0,0.02661628973762098
2016-01-04,10.58,10.58,9.56,9.57,24395223.0,366748896.0,1151269065.0,0.021189853650762345
2016-01-05,9.11,9.9,8.98,9.48,44086682.0,627629527.0,1151269065.0,0.038293986471355415
2016-01-06,9.69,9.76,9.39,9.6,25209581.0,361860124.0,1151269065.0,0.02189721044923586
2016-01-07,9.42,9.42,8.64,8.64,9696800.0,130154603.0,1151269065.0,0.008422705251790988
2016-01-08,8.86,9.02,8.09,8.76,34206859.0,443902343.0,1151269065.0,0.02971230621922426
2016-01-11,8.46,8.59,7.89,7.89,29704176.0,366583099.0,1151269065.0,0.025801245688817323
2016-01-12,7.86,8.46,7.68,8.12,31136964.0,375661359.0,1151269065.0,0.02704577491622256
2016-01-13,8.14,8.31,7.73,7.81,19610611.0,238404895.0,1151269065.0,0.017033907707752052
2016-01-14,7.39,8.12,7.39,8.09,29716043.0,348629602.0,1151269065.0,0.025811553444285415
2016-01-15,8.09,8.24,7.79,7.88,19025845.0,228530339.0,1151269065.0,0.016525976054086018
2016-01-18,7.64,8.09,7.61,7.93,17325658.0,205564998.0,1151269065.0,0.015049182269133585
2016-01-19,7.89,8.24,7.89,8.22,21040600.0,255543576.0,1151269065.0,0.01827600570506079
2016-01-20,8.22,8.31,7.99,8.04,18937943.0,232109034.0,1151269065.0,0.01644962378972634
2016-01-21,7.91,8.12,7.66,7.67,17064890.0,202407265.0,1151269065.0,0.01482267744247953
2016-01-22,7.76,7.91,7.41,7.68,15025305.0,172827777.0,1151269065.0,0.013051080287647614
2016-01-25,7.83,7.85,7.68,7.74,11285376.0,131340388.0,1151269065.0,0.00980255297661455
2016-01-26,7.63,7.65,6.97,6.97,21501682.0,235942785.0,1151269065.0,0.01867650461015384
2016-01-27,6.96,7.02,6.32,6.69,24016647.0,239174244.0,1151269065.0,0.02086102000838527
2016-01-28,6.7,6.95,6.47,6.55,19467969.0,197605444.0,1151269065.0,0.016910007913745168
2016-01-29,6.66,7.0,6.63,6.93,19004499.0,194825667.0,1151269065.0,0.016507434775900973
2016-02-01,6.95,6.99,6.79,6.89,12174038.0,125965514.0,1151269065.0,0.01057445072581708
2016-02-02,6.93,7.27,6.9,7.19,15013875.0,161261754.0,1151269065.0,0.013041152113298553
2016-02-03,7.09,7.51,7.06,7.4,15041391.0,164247418.0,1151269065.0,0.013065052694697394
2016-02-04,7.4,7.64,7.36,7.54,12251435.0,138770501.0,1151269065.0,0.010641678277006426
2016-02-05,7.62,7.65,7.46,7.47,10210160.0,115809209.0,1151269065.0,0.008868613176885805
2016-02-15,7.16,7.51,7.06,7.41,9018821.0,99456010.0,1151269065.0,0.007833808163689346
2016-02-16,7.49,7.72,7.49,7.69,13291648.0,152859787.0,1151269065.0,0.011545214237125359
2016-02-17,7.69,7.91,7.59,7.79,15523807.0,180959466.0,1151269065.0,0.013484082454695331
2016-02-18,7.79,7.88,7.68,7.69,16087848.0,187506915.0,1151269065.0,0.013974012234924423
2016-02-19,7.71,7.82,7.66,7.75,14937413.0,173454700.0,1151269065.0,0.012974736709354734
2016-02-22,7.83,7.95,7.79,7.84,16044957.0,189231013.0,1151269065.0,0.013936756825825073
2016-02-23,7.84,7.89,7.47,7.65,17714863.0,203560998.0,1151269065.0,0.015387248331909274
2016-02-24,7.59,7.69,7.46,7.6,11685415.0,132792249.0,1151269065.0,0.010150029524158196
2016-02-25,7.55,7.62,6.84,6.84,25374125.0,271168344.0,1151269065.0,0.022040134466741707
2016-02-26,6.86,6.99,6.79,6.93,13415706.0,138932207.0,1151269065.0,0.011652971844596554
2016-02-29,6.93,6.93,6.36,6.61,15468797.0,152618689.0,1151269065.0,0.013436300401244603
2016-03-01,6.65,6.74,6.32,6.71,16558100.0,164030254.0,1151269065.0,0.014382476263270393
2016-03-02,6.71,7.03,6.67,6.99,17906138.0,184347324.0,1151269065.0,0.015553391074570391
2016-03-03,7.09,7.16,6.91,6.93,14669063.0,155352989.0,1151269065.0,0.012741646106855133
2016-03-04,6.85,7.04,6.67,6.77,14575410.0,150005783.0,1151269065.0,0.012660298485480455
2016-03-07,6.93,7.45,6.93,7.45,28677005.0,313410034.0,1151269065.0,0.02490903809701514
2016-03-08,7.45,7.73,7.18,7.63,36084341.0,406772639.0,1151269065.0,0.0313430996254555
2016-03-09,7.33,7.58,7.23,7.35,17747273.0,198152306.0,1151269065.0,0.015415399874398605
2016-03-10,7.33,7.52,7.09,7.12,14229661.0,154630076.0,1151269065.0,0.01235997859457815
2016-03-11,6.96,7.11,6.94,7.03,8681486.0,91387457.0,1151269065.0,0.007540796729390101
2016-03-14,7.13,7.56,7.13,7.36,22213444.0,246741283.0,1151269065.0,0.01929474583771605
2016-03-15,7.43,7.49,7.34,7.45,14148897.0,157442507.0,1151269065.0,0.012289826444698225
2016-03-16,7.45,7.5,7.21,7.25,12779255.0,140638246.0,1151269065.0,0.01110014625468982
2016-03-17,7.29,7.53,7.19,7.44,21912865.0,242472413.0,1151269065.0,0.019033660910536147
2016-03-18,7.47,7.73,7.45,7.59,33796351.0,386232665.0,1151269065.0,0.029355736228350755
2016-03-21,7.69,7.77,7.59,7.73,30106666.0,347005888.0,1151269065.0,0.02615085119133293
2016-03-22,7.71,7.75,7.57,7.62,22386092.0,256520100.0,1151269065.0,0.01944470904375425
2016-03-23,7.58,7.66,7.51,7.64,18162768.0,206592641.0,1151269065.0,0.015776301606783814
2016-03-24,7.57,7.61,7.44,7.47,14880894.0,168018613.0,1151269065.0,0.012925643928424326
2016-03-25,7.46,7.57,7.4,7.55,15726126.0,176809885.0,1151269065.0,0.013659818089527143
2016-03-28,7.59,7.7,7.47,7.56,17381709.0,198304535.0,1151269065.0,0.015097868542137889
2016-03-29,7.55,7.57,7.33,7.39,12043184.0,134285961.0,1151269065.0,0.01046079006735059
2016-03-30,7.43,7.69,7.43,7.65,20664835.0,235432770.0,1151269065.0,0.01794961371606037
2016-03-31,7.71,7.91,7.66,7.78,27850663.0,326431150.0,1151269065.0,0.024191271916092005
2016-04-01,7.76,7.78,7.51,7.66,17308099.0,198066332.0,1151269065.0,0.015033930404444595
2016-04-05,7.63,8.04,7.63,8.0,24343623.0,288174049.0,1151269065.0,0.02114503354608942
2016-04-06,8.05,8.07,7.85,7.89,22380137.0,266582561.0,1151269065.0,0.01943953649097659
2016-04-07,7.89,8.02,7.83,7.86,21032158.0,249961102.0,1151269065.0,0.018268672927470694
2016-04-08,7.8,7.99,7.74,7.96,17731044.0,209699848.0,1151269065.0,0.015401303256593626
2016-04-25,7.99,8.46,7.93,8.04,45013096.0,554565834.0,1151269065.0,0.03909867585993028
2016-04-26,8.32,8.52,8.1,8.29,32914645.0,409428532.0,1151269065.0,0.028589880507212274
2016-04-27,8.52,9.1,8.38,8.94,56482755.0,746212144.0,1151269065.0,0.04906129828130142
2016-04-28,8.81,8.85,8.42,8.66,41633321.0,539578502.0,1151269065.0,0.03616298071902071
2016-04-29,8.6,8.8,8.52,8.7,22857763.0,298202610.0,1151269065.0,0.019854405624978727
2016-05-03,8.73,8.94,8.6,8.93,35037920.0,465146740.0,1151269065.0,0.03043417135506894
2016-05-04,8.87,9.24,8.81,8.91,30832166.0,419288106.0,1151269065.0,0.02678102533746097
2016-05-05,8.89,8.91,8.68,8.73,21828792.0,287045594.0,1151269065.0,0.01896063454115307
2016-05-06,8.82,8.89,8.27,8.29,24815109.0,319738851.0,1151269065.0,0.02155456943507815
2016-05-09,8.24,8.25,7.86,7.9,21001555.0,251796763.0,1151269065.0,0.018242090957251596
2016-05-10,7.91,8.09,7.86,7.95,15888952.0,189889575.0,1151269065.0,0.013801249840757252
2016-05-11,8.04,8.08,7.81,7.89,11755873.0,139764283.0,1151269065.0,0.01021122981359705
2016-05-12,7.77,7.99,7.61,7.98,12101792.0,142690906.0,1151269065.0,0.010511697367634907
2016-05-13,7.95,8.05,7.86,7.89,10415864.0,124315162.0,1151269065.0,0.009047289045328427
2016-05-16,7.86,8.0,7.7,7.99,11614503.0,137196831.0,1151269065.0,0.010088434887286753
2016-05-17,7.99,8.04,7.86,7.93,11652431.0,138915429.0,1151269065.0,0.010121379401434712
2016-05-18,7.84,7.91,7.5,7.65,15918491.0,183419049.0,1151269065.0,0.013826907613469141
2016-05-19,7.62,7.77,7.53,7.57,9977416.0,114734843.0,1151269065.0,0.008666450183823882
2016-05-20,7.48,7.63,7.39,7.61,9111605.0,103315021.0,1151269065.0,0.007914400965859358
2016-05-23,7.65,7.87,7.62,7.75,9707981.0,113144927.0,1151269065.0,0.008432417143076801
2016-05-24,7.77,7.79,7.56,7.66,8817347.0,101091284.0,1151269065.0,0.007658806501501888
2016-05-25,7.71,7.82,7.66,7.69,8743262.0,101680987.0,1151269065.0,0.007594455775635733
2016-05-26,7.7,7.75,7.46,7.69,8750001.0,99909162.0,1151269065.0,0.0076003093160502844
2016-05-27,7.67,7.72,7.6,7.67,7501122.0,86511805.0,1151269065.0,0.006515524674503436
2016-05-30,7.63,7.89,7.53,7.73,9370326.0,108961844.0,1151269065.0,0.00813912775464005
2016-05-31,7.74,8.09,7.74,8.05,21723419.0,259678475.0,1151269065.0,0.018869106849492216
2016-06-01,8.06,8.2,8.0,8.03,15490391.0,187959304.0,1151269065.0,0.013455057093886214
2016-06-02,8.02,8.07,7.97,8.04,12799243.0,154011473.0,1151269065.0,0.01111750796500382
2016-06-03,8.08,8.52,8.04,8.26,26625385.0,332024544.0,1151269065.0,0.02312698726079294
2016-06-06,8.34,8.46,8.2,8.26,11767953.0,146709433.0,1151269065.0,0.01022172258228792
2016-06-07,8.28,8.42,8.16,8.3,11961124.0,148681075.0,1151269065.0,0.010389512203213764
2016-06-08,8.36,8.58,8.26,8.47,24138644.0,307329954.0,1151269065.0,0.020966987417489584
2016-06-13,8.27,8.34,7.86,7.89,18937325.0,231558871.0,1151269065.0,0.016449086990798282
2016-06-14,7.89,8.01,7.81,7.94,9123686.0,108159245.0,1151269065.0,0.007924894603156908
2016-06-15,7.85,8.28,7.79,8.16,20951750.0,255811913.0,1151269065.0,0.018198830001568748
2016-06-16,8.18,8.2,8.0,8.07,13742778.0,167021890.0,1151269065.0,0.011937068768541956
2016-06-17,8.14,8.28,8.06,8.13,12770117.0,156547073.0,1151269065.0,0.01109220892685065
2016-06-20,8.12,8.22,7.93,8.19,11849499.0,144001316.0,1151269065.0,0.010292553982591376
2016-06-21,8.2,8.42,8.1,8.13,17798184.0,221179320.0,1151269065.0,0.015459621509069212
2016-06-22,8.14,8.3,8.12,8.29,10412966.0,128072792.0,1151269065.0,0.009044771823170632
2016-06-23,8.3,8.46,8.26,8.38,19455686.0,243450948.0,1151269065.0,0.016899338817898315
2016-06-24,8.36,8.44,7.91,8.13,21926616.0,267796503.0,1151269065.0,0.01904560512098881
2016-06-27,8.01,8.47,8.0,8.43,22990602.0,287053767.0,1151269065.0,0.01996979046770444
2016-06-28,8.39,8.52,8.33,8.52,20353187.0,257375368.0,1151269065.0,0.01767891418154278
2016-06-29,8.58,8.61,8.41,8.48,14132231.0,179622342.0,1151269065.0,0.012275350245774214
2016-06-30,8.46,8.52,8.36,8.41,9811955.0,123503241.0,1151269065.0,0.008522729653992743
2016-07-01,8.42,8.51,8.36,8.41,8954806.0,112895611.0,1151269065.0,0.007778204307087849
2016-07-04,8.36,8.72,8.3,8.65,23064782.0,296216983.0,1151269065.0,0.020034223711205165
2016-07-05,8.68,8.8,8.6,8.65,17525764.0,227855491.0,1151269065.0,0.015222995677383201
2016-07-06,8.62,8.65,8.52,8.61,10136058.0,129995630.0,1151269065.0,0.008804247684706095
2016-07-07,8.62,8.65,8.39,8.54,13637530.0,173370891.0,1151269065.0,0.011845649652716067
2016-07-08,8.46,8.66,8.46,8.57,10162944.0,130116136.0,1151269065.0,0.008827601043896719
2016-07-11,8.56,8.83,8.56,8.6,19508848.0,254143731.0,1151269065.0,0.016945515686204945
2016-07-12,8.5,8.68,8.4,8.62,14977880.0,191185768.0,1151269065.0,0.01300988661586247
2016-07-13,8.6,8.97,8.6,8.95,29573765.0,390376042.0,1151269065.0,0.025687969823109943
2016-07-14,8.93,9.19,8.86,9.03,27671819.0,374079162.0,1151269065.0,0.024035926823066336
2016-07-15,9.01,9.4,8.96,9.35,33902718.0,468471698.0,1151269065.0,0.02944812731505124
2016-07-18,9.35,9.76,9.35,9.59,38589548.0,555657432.0,1151269065.0,0.033519139159706335
2016-07-19,9.88,10.01,9.5,9.75,34298554.0,497687590.0,1151269065.0,0.02979195310872007
2016-07-20,9.64,10.03,9.57,9.8,25779864.0,376962578.0,1151269065.0,0.02239256207235969
2016-07-21,9.86,10.66,9.76,10.38,50912241.0,782164767.0,1151269065.0,0.044222712611495386
2016-07-22,10.32,10.42,10.09,10.24,32681258.0,500347306.0,1151269065.0,0.028387159000055298
2016-07-25,10.18,10.36,9.64,9.74,47583265.0,706016526.0,1151269065.0,0.041331141821308294
2016-07-26,9.83,10.12,9.76,9.92,22606944.0,336999476.0,1151269065.0,0.019636542566181088
2016-07-27,9.84,10.12,9.29,9.66,31507740.0,459612963.0,1151269065.0,0.027367833426497915
2016-07-28,9.61,10.08,9.58,10.0,25791329.0,378585821.0,1151269065.0,0.02240252064794254
2016-07-29,9.95,10.14,9.85,9.85,19626097.0,293011153.0,1151269065.0,0.017047358950794008
2016-08-01,9.61,9.68,9.44,9.57,16679147.0,238201685.0,1151269065.0,0.01448761849602899
2016-08-02,9.6,9.89,9.6,9.85,15182394.0,221074060.0,1151269065.0,0.013187528842356239
2016-08-03,9.84,10.11,9.75,10.03,19355876.0,289809876.0,1151269065.0,0.016812643185196676
2016-08-04,9.96,10.1,9.89,9.95,11947215.0,178263909.0,1151269065.0,0.010377430752905708
2016-08-05,9.96,10.05,9.84,9.89,8743364.0,130169732.0,1151269065.0,0.007594544373517063
2016-08-08,9.85,10.22,9.85,10.1,18704381.0,281144907.0,1151269065.0,0.016246750276400417
2016-08-09,10.05,10.25,9.96,10.22,19921444.0,301743406.0,1151269065.0,0.01730389932782568
2016-08-10,10.26,10.76,10.26,10.58,45721434.0,723987839.0,1151269065.0,0.039713942978221166
2016-08-11,10.65,10.78,10.4,10.54,22512162.0,356285832.0,1151269065.0,0.019554214287865017
2016-08-12,10.49,10.76,10.43,10.65,16040023.0,254739578.0,1151269065.0,0.013932471120467395
2016-08-15,10.7,10.82,10.52,10.71,29661794.0,473388453.0,1151269065.0,0.025764432400517946
2016-08-16,11.37,11.57,10.76,10.78,50409845.0,835510085.0,1151269065.0,0.04378632809003689
2016-08-17,10.82,11.22,10.74,11.16,47889602.0,787600184.0,1151269065.0,0.04159722818574996
2016-08-18,11.35,12.15,11.35,11.77,95328707.0,1679756777.0,1151269065.0,0.08280315166811157
2016-08-19,11.86,11.96,11.49,11.65,33660753.0,587551620.0,1151269065.0,0.02923795489979573
2016-08-22,11.71,11.73,11.3,11.38,37102960.0,636224743.0,1151269065.0,0.03222787889293282
2016-08-23,11.38,11.57,11.25,11.45,26378097.0,450349414.0,1151269065.0,0.022912191252181347
2016-08-24,11.43,12.09,11.37,12.05,35663415.0,627701095.0,1151269065.0,0.030977480490192794
2016-08-25,12.03,12.15,11.7,11.97,30105937.0,536564500.0,1151269065.0,0.026150217977063423
2016-08-26,12.05,12.54,11.97,12.08,35704122.0,654858924.0,1151269065.0,0.03101283886230366
2016-08-29,12.81,13.14,12.56,12.82,72545172.0,1388033790.0,1151269065.0,0.0630132209797542
2016-08-30,12.73,13.62,12.56,13.36,56901984.0,1120671382.0,1151269065.0,0.04942544339102867
2016-08-31,13.36,13.52,13.1,13.38,37994953.0,755175836.0,1151269065.0,0.03300266997098545
2016-09-01,13.3,13.69,13.26,13.3,37920087.0,762474945.0,1151269065.0,0.03293764086330245
2016-09-02,13.25,13.89,13.18,13.8,49297432.0,1000672442.0,1151269065.0,0.04282007872764305
2016-09-05,13.95,15.16,13.85,14.8,69323572.0,1488681925.0,1151269065.0,0.06021491770040742
2016-09-06,14.81,15.46,14.28,14.52,110893792.0,2457626822.0,1151269065.0,0.09632308846933188
2016-09-07,14.57,14.83,14.41,14.65,59383616.0,1297304792.0,1151269065.0,0.051581005522805395
2016-09-08,14.69,15.71,14.59,15.69,86535353.0,1971020654.0,1151269065.0,0.07516518564667592
2016-09-09,15.8,16.1,15.31,15.44,74057600.0,1729604307.0,1151269065.0,0.06432692604313137
2016-09-12,15.1,15.62,14.71,15.6,71548822.0,1620615540.0,1151269065.0,0.06214778471442729
2016-09-13,15.62,15.7,14.04,14.04,108561869.0,2372417146.0,1151269065.0,0.09429756457496753
2016-09-14,13.89,14.15,13.47,13.67,66732289.0,1377434224.0,1151269065.0,0.057964111977594046
2016-09-19,13.84,14.21,13.74,14.05,50163396.0,1050783432.0,1151269065.0,0.043572260842429565
2016-09-20,14.07,14.18,13.85,14.1,33195668.0,697025553.0,1151269065.0,0.02883397896216381
2016-09-21,14.17,14.47,13.29,13.36,61864067.0,1281371348.0,1151269065.0,0.05373554183009339
2016-09-22,13.38,14.03,13.32,13.77,73616911.0,1506705613.0,1151269065.0,0.0639441406340576
2016-09-23,13.68,13.86,13.29,13.4,51042695.0,1031811366.0,1151269065.0,0.044336025827289995
2016-09-26,13.47,13.62,13.24,13.39,48628124.0,977629943.0,1151269065.0,0.04223871332806115
2016-09-27,13.52,13.81,13.41,13.75,73280447.0,1494946636.0,1151269065.0,0.06365188575617638
2016-09-28,13.62,13.67,13.28,13.47,40977323.0,822010953.0,1151269065.0,0.03559317647434573
2016-09-29,13.44,13.56,12.98,13.06,53363316.0,1053537146.0,1151269065.0,0.04635173272896028
2016-09-30,13.09,13.29,13.02,13.18,28166393.0,554940344.0,1151269065.0,0.02446551710307616
2016-10-10,13.48,14.04,13.48,13.95,57555075.0,1190413677.0,1151269065.0,0.04999272259608574
2016-10-11,13.96,14.37,13.91,14.09,59413702.0,1258336076.0,1151269065.0,0.051607138423371085
2016-10-12,14.04,14.29,13.88,14.25,36420125.0,769430479.0,1151269065.0,0.031634763850794514
2016-10-13,14.23,14.43,14.16,14.23,36677279.0,784610482.0,1151269065.0,0.031858129532908105
2016-10-14,14.11,14.54,14.1,14.29,32447339.0,695621196.0,1151269065.0,0.02818397539414472
2016-10-17,14.37,14.45,13.77,13.83,46239602.0,970932952.0,1151269065.0,0.04016402716423202
2016-10-18,13.79,13.91,13.54,13.85,47422323.0,971668376.0,1151269065.0,0.04119134652506276
2016-10-19,13.8,14.02,13.72,13.83,27147221.0,562773678.0,1151269065.0,0.023580257496104963
2016-10-20,13.66,13.67,13.16,13.49,56536094.0,1133597648.0,1151269065.0,0.04910762889299036
2016-10-21,13.48,13.48,13.14,13.26,29231176.0,580483940.0,1151269065.0,0.025390394729315514
2016-10-24,13.28,13.49,13.28,13.34,38985263.0,780027500.0,1151269065.0,0.03386285985196692
2016-10-25,13.4,13.5,13.18,13.4,32543813.0,650556531.0,1151269065.0,0.028267773354962857
2016-10-26,13.37,13.48,13.2,13.25,20049407.0,398649935.0,1151269065.0,0.017415048844381137
2016-10-27,13.24,13.45,13.2,13.35,24858602.0,496594288.0,1151269065.0,0.02159234774539868
2016-10-28,13.37,13.62,13.3,13.47,44850617.0,903199936.0,1151269065.0,0.038957545515218024
2016-10-31,13.43,13.43,12.5,12.54,74251931.0,1422948492.0,1151269065.0,0.06449572324780567
2016-11-01,12.52,12.68,12.39,12.66,41540429.0,778684203.0,1151269065.0,0.03608229410732929
2016-11-02,12.68,12.76,12.58,12.66,29582125.0,560727017.0,1151269065.0,0.0256952313749523
2016-11-03,12.71,12.74,12.28,12.41,43757932.0,814829036.0,1151269065.0,0.03800843202540147
2016-11-04,12.43,12.5,12.09,12.11,45990348.0,840764075.0,1151269065.0,0.03994752347488812
2016-11-07,12.13,12.33,12.05,12.23,23970213.0,437464615.0,1151269065.0,0.020820687125819713
2016-11-08,12.3,12.56,12.23,12.51,32354452.0,602528265.0,1151269065.0,0.0281032931254867
2016-11-09,12.52,12.52,12.15,12.34,23432632.0,433437558.0,1151269065.0,0.020353740678335695
2016-11-10,12.47,12.68,12.44,12.55,28293926.0,531825886.0,1151269065.0,0.02457629311875934
2016-11-11,12.57,12.68,12.48,12.58,23315559.0,438116511.0,1151269065.0,0.02025205028852226
2016-11-14,12.6,12.7,12.52,12.64,20419130.0,384880403.0,1151269065.0,0.01773619271182276
2016-11-15,12.64,12.64,12.43,12.56,15233372.0,284862855.0,1151269065.0,0.013231808673674385
2016-11-16,12.51,12.84,12.43,12.8,38279518.0,727267479.0,1151269065.0,0.03324984503079652
2016-11-17,12.79,12.79,12.61,12.64,15918583.0,301509234.0,1151269065.0,0.013826987525283675
2016-11-18,12.62,12.74,12.55,12.64,14109664.0,267096017.0,1151269065.0,0.012255748398833248
2016-11-21,12.72,13.0,12.64,12.68,27983017.0,534873888.0,1151269065.0,0.024306235484578057
2016-11-22,12.62,12.68,12.33,12.46,34600366.0,643408189.0,1151269065.0,0.030054109027936055
2016-11-23,12.47,12.48,12.21,12.29,23906183.0,440124734.0,1151269065.0,0.020765070240118023
2016-11-24,12.25,12.37,12.19,12.29,16929104.0,311006105.0,1151269065.0,0.014704732815868721
2016-11-25,12.33,12.63,12.29,12.62,32622608.0,609253164.0,1151269065.0,0.028336215218290436
2016-11-28,13.14,13.23,12.9,12.96,49104302.0,959238181.0,1151269065.0,0.04265232471959107
2016-11-29,13.04,13.28,12.71,12.82,46218989.0,902006642.0,1151269065.0,0.040146122574743204
2016-11-30,12.8,13.81,12.78,13.46,84401734.0,1688423600.0,1151269065.0,0.07331190993132435
2016-12-01,13.43,13.69,13.3,13.44,54699865.0,1102327243.0,1151269065.0,0.047512668118117114
2016-12-02,13.37,13.58,13.24,13.25,35448746.0,708108576.0,1151269065.0,0.03079101756286659
2016-12-05,13.1,13.64,13.04,13.48,48382074.0,966983946.0,1151269065.0,0.04202499265451904
2016-12-06,13.47,13.67,13.28,13.3,32241108.0,649807650.0,1151269065.0,0.028004841769981893
2016-12-07,13.26,13.44,13.12,13.34,22796829.0,452132373.0,1151269065.0,0.019801477945557408
2016-12-08,13.34,13.67,13.2,13.64,41120106.0,829298596.0,1151269065.0,0.03571719874189445
2016-12-09,13.64,13.75,13.37,13.42,32495110.0,657516254.0,1151269065.0,0.028225469603841046
2016-12-12,13.38,13.43,12.64,12.84,42592381.0,826883812.0,1151269065.0,0.03699602664126131
2016-12-13,12.84,12.93,12.62,12.88,22637295.0,433047227.0,1151269065.0,0.0196629056475169
2016-12-14,12.82,12.84,12.54,12.56,20792899.0,394731918.0,1151269065.0,0.018060850961890477
2016-12-15,12.52,12.94,12.45,12.76,25903959.0,492589253.0,1151269065.0,0.02250035181827803
2016-12-16,12.74,12.76,12.58,12.68,16273203.0,308117603.0,1151269065.0,0.01413501282604167
2016-12-19,12.68,12.94,12.61,12.74,14941376.0,285863996.0,1151269065.0,0.012978178997626415
2016-12-20,12.78,12.87,12.67,12.79,14315281.0,273800355.0,1151269065.0,0.012434348698494734
2016-12-21,12.86,12.9,12.77,12.8,13659810.0,261899434.0,1151269065.0,0.011865002209539956
2016-12-22,12.85,12.9,12.57,12.64,17429338.0,331548471.0,1151269065.0,0.015139239409685694
2016-12-23,12.62,12.72,12.29,12.31,24572900.0,457061553.0,1151269065.0,0.021344185079792792
2016-12-26,12.29,12.48,12.14,12.41,18440596.0,339043299.0,1151269065.0,0.016017624863393684
2016-12-27,12.5,12.5,12.29,12.3,15943487.0,294819096.0,1151269065.0,0.013848619306035119
2016-12-28,12.38,12.38,12.13,12.16,19111133.0,348971739.0,1151269065.0,0.016600057780584942
2016-12-29,12.2,12.27,12.15,12.17,11203950.0,204303245.0,1151269065.0,0.00973182580911266
2016-12-30,12.23,12.48,12.15,12.48,20365097.0,376074568.0,1151269065.0,0.017689259287098105
2017-01-03,12.5,12.6,12.44,12.52,15273179.0,285971535.0,1151269065.0,0.013266385299773515
2017-01-04,12.53,13.17,12.48,13.16,40793227.0,785661688.0,1151269065.0,0.035433269459038234
2017-01-05,13.14,13.28,13.04,13.08,22958471.0,451189011.0,1151269065.0,0.019941881266478743
2017-01-06,13.16,13.16,12.9,13.01,19414038.0,377524057.0,1151269065.0,0.016863163086901844
2017-01-09,13.04,13.04,12.77,12.93,20151339.0,387890209.0,1151269065.0,0.017503587660457114
2017-01-10,12.89,13.0,12.86,12.9,9790146.0,189207824.0,1151269065.0,0.008503786210914997
2017-01-11,12.95,12.95,12.63,12.66,16527738.0,316310224.0,1151269065.0,0.014356103627261104
2017-01-12,12.61,12.76,12.48,12.5,13290732.0,250493300.0,1151269065.0,0.011544418593406746
2017-01-13,12.58,12.94,12.58,12.75,25112201.0,480026517.0,1151269065.0,0.021812625530765913
2017-01-16,12.77,12.87,12.41,12.79,32566132.0,616886050.0,1151269065.0,0.028287159787447256
2017-01-17,12.68,12.98,12.64,12.96,20349899.0,390334442.0,1151269065.0,0.017676058202779902
2017-01-18,12.89,12.98,12.83,12.84,13545140.0,261536366.0,1151269065.0,0.011765399081577858
2017-01-19,12.82,13.1,12.8,12.97,21471639.0,417330914.0,1151269065.0,0.018650409059675375
2017-01-20,13.2,13.3,13.12,13.2,24903227.0,492326821.0,1151269065.0,0.021631109318480647
2017-01-23,13.22,13.46,13.18,13.24,19011437.0,378648157.0,1151269065.0,0.01651346116904479
2017-01-24,13.17,13.48,13.14,13.4,20347592.0,406361386.0,1151269065.0,0.017674054327169817
2017-01-25,13.3,13.43,13.24,13.34,18106864.0,360376720.0,1151269065.0,0.01572774301896143
2017-01-26,13.37,13.67,13.36,13.5,24232702.0,490549374.0,1151269065.0,0.021048686824569545
2017-02-03,13.54,13.77,13.44,13.66,18770451.0,382258901.0,1151269065.0,0.016304139119728715
2017-02-06,13.81,14.07,13.75,14.03,36219573.0,753946067.0,1151269065.0,0.031460563043965745
2017-02-07,13.97,14.03,13.75,13.9,22890736.0,475198596.0,1151269065.0,0.019883046193028733
2017-02-08,13.83,13.99,13.73,13.92,19888012.0,412233057.0,1151269065.0,0.01727486006930969
2017-02-09,13.91,13.91,13.74,13.76,22575830.0,465694371.0,1151269065.0,0.019609516737948657
2017-02-10,13.75,14.09,13.75,14.01,32485419.0,677783694.0,1151269065.0,0.028217051936507996
2017-02-13,14.09,14.14,13.87,13.97,27689953.0,579683628.0,1151269065.0,0.024051678136596158
2017-02-14,13.93,14.09,13.79,14.01,20312339.0,422538101.0,1151269065.0,0.017643433335890076
2017-02-15,14.03,14.03,13.55,13.58,25793691.0,532096231.0,1151269065.0,0.022404572296920007
2017-02-16,13.58,13.79,13.54,13.64,18633592.0,380450101.0,1151269065.0,0.01618526247815058
2017-02-17,13.63,13.71,13.39,13.47,20952593.0,423898879.0,1151269065.0,0.018199562236999742
2017-02-20,13.44,13.85,13.44,13.83,22885577.0,467951707.0,1151269065.0,0.019878565051168123
2017-02-21,13.82,13.86,13.71,13.77,15114037.0,311243648.0,1151269065.0,0.01312815349555145
2017-02-22,13.73,14.01,13.73,13.94,18986863.0,395060329.0,1151269065.0,0.016492116028497646
2017-02-23,13.92,14.02,13.74,13.85,17803167.0,368419567.0,1151269065.0,0.015463949776154196
2017-02-24,13.85,14.06,13.83,13.96,21787466.0,455327631.0,1151269065.0,0.018924738501507464
2017-02-27,13.93,14.03,13.81,13.83,16460327.0,342056397.0,1151269065.0,0.01429754998237532
2017-02-28,13.81,13.91,13.65,13.73,16153364.0,331831997.0,1151269065.0,0.014030919870152161
2017-03-01,13.71,13.77,13.57,13.66,17500881.0,357632591.0,1151269065.0,0.015201382137372032
2017-03-02,13.74,13.76,13.52,13.67,14772675.0,300730984.0,1151269065.0,0.012831644182153023
2017-03-03,13.62,13.86,13.58,13.71,20149254.0,414735351.0,1151269065.0,0.017501776615529922
2017-03-06,13.77,14.45,13.77,14.27,46658450.0,987578469.0,1241269065.0,0.037589311870911725
2017-03-07,14.34,14.45,14.17,14.43,29782285.0,638481941.0,1241269065.0,0.023993415964168898
2017-03-08,14.4,14.53,14.31,14.37,18013698.0,387990738.0,1241269065.0,0.01451232332129376
2017-03-09,14.55,14.62,14.33,14.43,27551069.0,596653156.0,1241269065.0,0.02219588788350252
2017-03-10,14.44,15.6,14.43,15.31,54094045.0,1218927463.0,1241269065.0,0.043579628724574715
2017-03-13,15.34,15.94,15.18,15.67,50471108.0,1176621457.0,1241269065.0,0.040660892487480144
2017-03-14,15.64,16.0,15.38,15.83,40870073.0,958713086.0,1241269065.0,0.0329260384814311
2017-03-15,16.05,16.21,15.71,16.01,37900737.0,904555254.0,1241269065.0,0.030533860924021335
2017-03-16,16.01,16.15,15.85,15.92,32488988.0,776581836.0,1241269065.0,0.02617400925882254
2017-03-17,15.86,16.01,15.34,15.37,53027483.0,1239383978.0,1241269065.0,0.04272037747110052
2017-03-20,15.52,15.83,15.39,15.6,29877505.0,696370436.0,1241269065.0,0.024070127776849092
2017-03-21,15.67,16.63,15.51,16.59,56714855.0,1375577345.0,1241269065.0,0.04569102429053124
2017-03-22,16.62,16.78,16.33,16.63,36502095.0,904556292.0,1241269065.0,0.029407077022418182
2017-03-23,16.6,16.85,16.29,16.5,34746399.0,860134811.0,1241269065.0,0.027992640741433445
2017-03-24,16.77,17.74,16.63,17.21,50767546.0,1308886783.0,1241269065.0,0.040899710974429224
2017-03-27,17.22,17.53,17.08,17.1,32607299.0,841504367.0,1241269065.0,0.02626932380692175
2017-03-28,17.03,17.28,16.91,17.19,22803913.0,583706252.0,1241269065.0,0.018371450351096923
2017-03-29,17.38,17.45,16.49,16.53,42267226.0,1069774059.0,1241269065.0,0.03405162280427894
2017-03-30,16.63,16.71,16.19,16.28,39541615.0,968780890.0,1241269065.0,0.03185579671237517
2017-03-31,16.36,17.29,16.31,17.22,41309111.0,1042341691.0,1241269065.0,0.033279739393166946
2017-04-05,17.25,17.57,16.99,17.45,36760135.0,949669260.0,1241269065.0,0.029614961039893473
2017-04-06,17.57,17.62,17.09,17.2,29598179.0,763754174.0,1241269065.0,0.023845095180874423
2017-04-07,17.09,17.85,17.09,17.36,36581958.0,960099333.0,1241269065.0,0.029471416819688484
2017-04-10,17.18,17.68,17.1,17.27,28221226.0,734250089.0,1241269065.0,0.022735784525492866
2017-04-11,17.17,17.34,16.45,16.91,48046982.0,1210603309.0,1241269065.0,0.038707950882510715
2017-04-12,16.88,17.03,16.63,16.71,19786690.0,496335025.0,1241269065.0,0.015940693728639727
2017-04-13,16.7,17.18,16.67,17.17,22889513.0,580012228.0,1241269065.0,0.018440412031053073
2017-04-14,17.15,17.22,16.51,16.53,25606714.0,641233900.0,1241269065.0,0.020629462799026575
2017-04-17,16.41,16.78,16.25,16.64,19590777.0,485068468.0,1241269065.0,0.0157828609061485
2017-04-18,16.61,16.87,16.39,16.64,19160886.0,477709929.0,1241269065.0,0.015436529065517315
2017-04-19,16.53,16.85,16.37,16.84,24977931.0,620541589.0,1241269065.0,0.020122898172766433
2017-04-20,16.85,17.64,16.7,17.53,49195303.0,1276575787.0,1241269065.0,0.039633069402241164
2017-04-21,17.56,17.74,16.25,16.46,55220102.0,1411087057.0,1241269065.0,0.044486810762499746
2017-04-24,16.15,16.51,15.7,15.98,44287916.0,1065717831.0,1241269065.0,0.0356795454336083
2017-04-25,16.04,16.21,15.83,15.88,25411328.0,607806710.0,1241269065.0,0.020472054542018253
2017-04-26,15.89,16.35,15.82,16.16,27966505.0,673903562.0,1241269065.0,0.02253057438437008
2017-04-27,16.03,16.24,15.44,16.09,37737924.0,893057192.0,1241269065.0,0.030402694358615954
2017-04-28,16.18,16.24,15.96,16.13,19261350.0,464679673.0,1241269065.0,0.015517465586721926
2017-05-02,16.11,16.11,15.81,15.87,18257374.0,434463051.0,1241269065.0,0.014708635311071737
2017-05-03,15.94,16.17,15.78,15.96,18215691.0,435380669.0,1241269065.0,0.014675054356566922
2017-05-04,15.84,15.96,15.58,15.62,18948176.0,447111976.0,1241269065.0,0.015265164124588894
2017-05-05,15.52,15.63,14.92,14.93,39191593.0,894535518.0,1241269065.0,0.031573809502776905
2017-05-08,14.98,15.08,14.63,14.65,23481818.0,522743429.0,1241269065.0,0.018917588991875827
2017-05-09,14.57,14.99,14.51,14.91,20046108.0,443195455.0,1241269065.0,0.01614968790026198
2017-05-10,14.9,15.34,14.86,14.9,28249677.0,638370443.0,1241269065.0,0.022758705422180163
2017-05-11,15.05,15.33,14.77,15.32,26221488.0,592085316.0,1241269065.0,0.021124741395210714
2017-05-12,15.44,15.69,15.38,15.49,24153404.0,560426161.0,1241269065.0,0.01945863687499535
2017-05-15,15.63,15.86,15.54,15.57,23410381.0,549667164.0,1241269065.0,0.01886003740856943
2017-05-16,15.57,16.11,15.38,16.07,30689310.0,725601899.0,1241269065.0,0.02472413988662482
2017-05-17,16.01,16.24,15.91,16.05,23635373.0,568851223.0,1241269065.0,0.019041297061568194
2017-05-18,15.92,16.17,15.81,15.89,16564677.0,395404334.0,1241269065.0,0.013344952731904263
2017-05-19,15.9,15.98,15.61,15.71,13780790.0,324960835.0,1241269065.0,0.011102177914987353
2017-05-22,15.68,15.9,15.42,15.53,17270358.0,405627677.0,1241269065.0,0.013913468471076414
2017-05-23,15.53,15.58,15.14,15.18,18975139.0,435255186.0,1241269065.0,0.015286886248147979
2017-05-24,15.14,15.94,15.05,15.93,30575054.0,713488426.0,1241269065.0,0.02463209215642541
2017-05-25,15.91,16.28,15.86,16.19,36581883.0,881938088.0,1241269065.0,0.029471356397655815
2017-05-26,16.17,16.19,15.72,15.84,24175334.0,576231414.0,1241269065.0,0.019476304277348602
2017-05-31,16.11,16.31,15.96,16.05,23349474.0,563836838.0,1241269065.0,0.018810969078650163
2017-06-01,15.98,16.3,15.91,16.09,20457101.0,494856046.0,1241269065.0,0.01648079499991406
2017-06-02,16.09,16.13,15.64,16.01,18485286.0,438934481.0,1241269065.0,0.014892247395209193
2017-06-05,16.09,16.52,16.06,16.3,21947389.0,533917370.0,1241269065.0,0.01768141140293382
2017-06-06,16.25,16.37,16.07,16.35,14808041.0,357572368.0,1241269065.0,0.011929759161443374
2017-06-07,16.33,16.84,16.31,16.7,27228077.0,673822129.0,1241269065.0,0.02193567677447919
2017-06-08,16.69,16.96,16.64,16.73,23558755.0,588758042.0,1241269065.0,0.018979571524244825
2017-06-09,16.79,17.01,16.6,16.87,20675363.0,517260529.0,1241269065.0,0.0166566327825144
2017-06-12,16.76,16.8,16.55,16.65,16655027.0,413486041.0,1241269065.0,0.013417741140596297
2017-06-13,16.76,16.93,16.65,16.74,17172300.0,428779680.0,1241269065.0,0.013834470288679917
2017-06-14,16.72,16.74,16.4,16.41,20251183.0,498153977.0,1241269065.0,0.016314901878264402
2017-06-15,16.4,16.64,16.4,16.51,13951408.0,343006786.0,1241269065.0,0.01123963239992612
2017-06-16,16.48,16.74,16.34,16.72,15723467.0,387335473.0,1241269065.0,0.01266725115718565
2017-06-19,16.82,17.05,16.73,16.8,16569293.0,416110677.0,1241269065.0,0.01334867150660844
2017-06-20,16.91,17.18,16.75,17.05,23479898.0,594313841.0,1241269065.0,0.018916042187839426
2017-06-21,17.13,17.17,16.78,17.05,19317525.0,487133063.0,1241269065.0,0.015562721689193149
2017-06-22,17.1,17.27,16.74,16.78,25800440.0,655670069.0,1241269065.0,0.020785533715045094
2017-06-23,16.81,17.13,16.76,17.09,23221131.0,585910486.0,1241269065.0,0.01870757247946077
2017-06-26,17.2,18.44,17.2,18.31,55891640.0,1482571247.0,1241269065.0,0.045027819975518364
2017-06-27,18.2,18.58,18.16,18.4,35949348.0,982688425.0,1241269065.0,0.028961769058507874
2017-06-28,18.25,18.91,18.19,18.58,32883602.0,908974461.0,1241269065.0,0.02649192099216619
2017-06-29,18.64,19.27,18.41,18.95,32710670.0,921752551.0,1241269065.0,0.02635260228611272
2017-06-30,18.88,19.07,18.67,18.84,20224008.0,567328838.0,1241269065.0,0.01629300896175963
2017-07-03,18.91,18.97,18.34,18.57,28144706.0,777459575.0,1241269065.0,0.022674137939625524
2017-07-04,18.51,18.99,18.41,18.86,25780818.0,718068631.0,1241269065.0,0.020769725700043932
2017-07-05,18.8,18.99,18.58,18.91,19136356.0,536102350.0,1241269065.0,0.015416767032698104
2017-07-06,18.97,19.5,18.71,18.77,35249465.0,1004104197.0,1241269065.0,0.02839792434527481
2017-07-07,18.81,18.95,18.48,18.53,25411563.0,708352522.0,1241269065.0,0.020472243864387292
2017-07-10,18.28,18.67,18.13,18.22,28071333.0,766614133.0,1241269065.0,0.022615026662249092
2017-07-11,18.24,18.54,18.21,18.28,19919104.0,544107874.0,1241269065.0,0.01604737003576255
2017-07-12,18.3,18.39,17.98,18.21,25713076.0,693403565.0,1241269065.0,0.0207151509088805
2017-07-13,18.24,18.93,18.15,18.68,28662577.0,794183371.0,1241269065.0,0.023091348852716312
2017-07-14,18.58,18.7,18.3,18.42,19135683.0,524707858.0,1241269065.0,0.015416224845658261
2017-07-17,18.27,18.27,17.06,17.11,50783028.0,1329869026.0,1241269065.0,0.0409121836932269
2017-07-18,17.04,17.29,16.74,17.15,31434878.0,796641733.0,1241269065.0,0.025324789674026075
2017-07-19,17.01,17.62,16.99,17.56,27365392.0,707913401.0,1241269065.0,0.022046301460030344
2017-07-20,17.66,18.11,17.58,17.88,23011073.0,613023925.0,1241269065.0,0.018538344061607627
2017-07-21,17.86,17.9,17.62,17.87,13784742.0,365034007.0,1241269065.0,0.011105361753295608
2017-07-24,17.79,18.21,17.68,18.19,19588292.0,523834232.0,1241269065.0,0.015780858922799304
2017-07-25,18.17,18.2,17.73,17.78,16848694.0,449913714.0,1241269065.0,0.013573764524615782
2017-07-26,17.8,17.8,17.09,17.4,27772933.0,718545431.0,1241269065.0,0.022374627534925313
2017-07-27,17.31,17.66,17.02,17.53,28370283.0,730947719.0,1241269065.0,0.022855868884479127
2017-07-28,17.46,17.97,17.28,17.84,22244199.0,584828005.0,1241269065.0,0.01792052958316495
2017-07-31,18.4,18.5,17.97,18.28,33649769.0,913861234.0,1241269065.0,0.027109165892247544
2017-08-01,18.64,18.91,18.35,18.53,31828659.0,881433678.0,1241269065.0,0.025642030319993514
2017-08-02,18.65,18.91,18.42,18.61,25003013.0,696304185.0,1241269065.0,0.020143104911746108
2017-08-03,18.66,18.67,18.25,18.28,21424862.0,587486772.0,1241269065.0,0.01726044949005476
2017-08-04,18.21,18.22,17.66,17.68,28877283.0,771325040.0,1241269065.0,0.023264321825340908
2017-08-07,17.63,18.21,17.54,18.14,18712622.0,502198177.0,1241269065.0,0.015075395438135727
2017-08-08,18.13,18.49,17.94,18.07,19058074.0,516971113.0,1241269065.0,0.015353700931876524
2017-08-09,17.94,18.29,17.87,18.23,13749304.0,370647586.0,1241269065.0,0.011076811940044602
2017-08-10,18.21,18.24,17.85,18.05,14924235.0,400776091.0,1241269065.0,0.012023368196967029
2017-08-11,17.91,18.17,17.7,17.73,17080552.0,455715196.0,1241269065.0,0.013760555613298878
2017-08-14,17.74,18.6,17.74,18.51,30680939.0,835712191.0,1241269065.0,0.02471739598215154
2017-08-15,18.48,18.7,18.37,18.6,23170233.0,639935916.0,1241269065.0,0.018666567671208337
2017-08-16,18.6,18.97,18.5,18.97,29256703.0,819586736.0,1241269065.0,0.02356999286049234
2017-08-17,18.98,19.08,18.74,18.8,22565130.0,634163138.0,1241269065.0,0.01817908029473046
2017-08-18,18.64,18.98,18.59,18.95,17265928.0,482884452.0,1241269065.0,0.013909899543013263
2017-08-21,19.04,19.42,18.91,19.21,24749710.0,707079620.0,1241269065.0,0.01993903714985437
2017-08-22,19.15,19.41,18.7,18.73,22959980.0,644979187.0,1241269065.0,0.018497182156070248
2017-08-23,18.77,18.83,18.62,18.64,12819040.0,357401816.0,1241269065.0,0.010327366049358525
2017-08-24,18.6,19.0,18.59,18.81,15830634.0,444607302.0,1241269065.0,0.012753587796856921
2017-08-25,18.95,19.04,18.37,18.67,30921844.0,859399040.0,1241269065.0,0.02491147557922907
2017-08-28,18.6,19.24,18.52,18.96,28788185.0,810582216.0,1241269065.0,0.02319254206178094
2017-08-29,19.03,19.67,18.95,19.65,42266595.0,1216424665.0,1241269065.0,0.0340511144535774
2017-08-30,19.34,19.41,19.08,19.13,34636790.0,990214384.0,1241269065.0,0.02790433676037838
2017-08-31,19.13,19.24,18.81,19.13,21851753.0,618800571.0,1241269065.0,0.017604364449379073
2017-09-01,19.14,19.33,18.94,19.06,19736177.0,562021801.0,1241269065.0,0.01589999908682168
2017-09-04,19.01,19.3,18.81,19.29,21866391.0,621838996.0,1241269065.0,0.017616157218902414
2017-09-05,19.33,19.44,19.07,19.19,18151047.0,519534665.0,1241269065.0,0.014622975398166392
2017-09-06,19.1,19.3,18.88,19.22,21625978.0,612890799.0,1241269065.0,0.017422473990359212
2017-09-07,19.21,19.3,19.01,19.05,18900544.0,538657216.0,1241269065.0,0.015226790494452547
2017-09-08,19.01,19.22,18.97,19.13,16848937.0,478109323.0,1241269065.0,0.013573960292001638
2017-09-11,19.08,19.63,18.98,19.52,36835258.0,1062392193.0,1241269065.0,0.029675482164698917
2017-09-12,19.53,19.61,19.22,19.41,22020710.0,635263268.0,1241269065.0,0.01774048078770093
2017-09-13,19.51,19.53,19.13,19.3,13989504.0,401870976.0,1241269065.0,0.011270323570015015
2017-09-14,19.24,20.59,19.12,20.34,68923942.0,2056052406.0,1241269065.0,0.05552699567196577
2017-09-15,20.25,21.28,20.25,20.71,57770706.0,1791021259.0,1241269065.0,0.0465416464721128
2017-09-18,20.71,21.48,20.61,20.75,40167667.0,1259619823.0,1241269065.0,0.032360161171018954
2017-09-19,20.98,21.06,20.45,20.95,24196152.0,748420498.0,1241269065.0,0.019493075822364106
2017-09-20,20.93,21.15,20.63,20.98,22439423.0,697922827.0,1241269065.0,0.018077807328582704
2017-09-21,20.92,20.98,20.44,20.46,22611735.0,695085256.0,1241269065.0,0.018216626545832754
2017-09-22,20.47,22.28,20.42,21.92,49172802.0,1568542207.0,1241269065.0,0.03961494198681251
2017-09-25,21.92,23.39,21.56,21.68,62595563.0,2087655773.0,1241269065.0,0.050428682035993544
2017-09-26,21.61,22.49,21.34,22.41,38388997.0,1251418268.0,1241269065.0,0.030927216412986173
2017-09-27,22.37,23.74,22.2,23.47,63859979.0,2193450323.0,1241269065.0,0.05144732983416452
2017-09-28,23.37,23.47,23.04,23.09,33309936.0,1151665848.0,1241269065.0,0.026835387217194525
2017-09-29,23.17,23.72,23.08,23.1,34828217.0,1211213301.0,1241269065.0,0.02805855553968873
2017-10-09,23.85,24.29,23.25,23.37,45335196.0,1609263379.0,1241269065.0,0.036523262585296125
2017-10-10,23.17,23.23,22.43,22.82,38082377.0,1288708591.0,1241269065.0,0.03068019503088156
2017-10-11,22.73,23.14,22.5,22.79,22720203.0,772542307.0,1241269065.0,0.018304011306364103
2017-10-12,22.71,23.49,22.7,23.1,23816666.0,821577626.0,1241269065.0,0.01918735161582392
2017-10-13,23.15,24.06,23.12,23.63,33488004.0,1179288707.0,1241269065.0,0.026978843624045363
2017-10-16,23.63,23.98,23.04,23.18,32710020.0,1145102425.0,1241269065.0,0.026352078628496232
2017-10-17,22.92,23.25,22.51,22.95,23502628.0,798894885.0,1241269065.0,0.018934354091874512
2017-10-18,23.0,23.13,22.5,22.71,17412456.0,590830095.0,1241269065.0,0.014027946471057828
2017-10-19,22.78,22.81,22.04,22.07,30382203.0,1008534629.0,1241269065.0,0.024476726164121394
2017-10-20,22.02,22.57,21.9,22.52,18391243.0,612308674.0,1241269065.0,0.014816483805628396
2017-10-23,22.52,23.43,22.48,23.28,23789023.0,815080924.0,1241269065.0,0.01916508166583528
2017-10-24,22.98,24.14,22.98,23.82,40296445.0,1425431915.0,1241269065.0,0.03246390821799784
2017-10-25,23.84,24.13,23.53,24.04,20886780.0,742790221.0,1241269065.0,0.01682695604759956
2017-10-26,24.13,24.49,23.78,24.06,27845498.0,1001490935.0,1241269065.0,0.022433087865603097
2017-10-27,24.13,24.13,23.65,23.7,17366198.0,615635633.0,1241269065.0,0.013990679772560029
2017-10-30,23.38,23.9,22.94,23.87,40753861.0,1417995048.0,1241269065.0,0.0328324149446196
2017-10-31,23.78,24.75,23.42,24.66,44257533.0,1601329252.0,1241269065.0,0.03565506806535938
2017-11-01,24.72,25.19,24.49,24.57,35512118.0,1313838882.0,1241269065.0,0.028609524720572974
2017-11-02,24.51,24.77,24.08,24.21,22621540.0,821011340.0,1241269065.0,0.01822452571957072
2017-11-03,24.17,25.27,24.17,25.05,36872796.0,1367562210.0,1241269065.0,0.029705723794864733
2017-11-06,25.19,26.29,25.05,26.21,43308708.0,1657480293.0,1241269065.0,0.03489066893002767
2017-11-07,26.2,26.46,25.68,26.17,36215541.0,1406622802.0,1241269065.0,0.02917622135374815
2017-11-08,26.29,26.83,25.86,26.11,29800232.0,1171667429.0,1241269065.0,0.024007874553773723
2017-11-09,26.0,27.44,25.93,27.42,42001679.0,1674832006.0,1241269065.0,0.03383769094414675
2017-11-10,27.43,28.81,27.3,28.42,45042130.0,1890227037.0,1241269065.0,0.03628716067293597
2017-11-13,28.71,30.35,28.44,29.57,45592162.0,2003375182.0,1241269065.0,0.03673028135926355
2017-11-14,29.78,30.06,29.08,29.63,33393616.0,1464591810.0,1241269065.0,0.026902802093114277
2017-11-15,29.63,30.39,27.54,28.01,70406788.0,3004651518.0,1241269065.0,0.05672161659809028
2017-11-16,28.11,30.81,27.4,30.42,68894031.0,2967366460.0,1241269065.0,0.05550289855970913
2017-11-17,30.16,30.73,28.21,28.81,58412891.0,2589282277.0,1241269065.0,0.04705900811279785
2017-11-20,28.4,30.51,28.2,30.43,50996146.0,2229686156.0,1241269065.0,0.041083877330013056
2017-11-21,30.29,31.12,30.14,30.69,49648086.0,2261689048.0,1241269065.0,0.039997843658498004
2017-11-22,30.57,31.48,29.73,30.65,53380976.0,2440244389.0,1241269065.0,0.043005161012370834
2017-11-23,30.69,30.69,27.58,27.74,67715960.0,2914236777.0,1241269065.0,0.05455381263368551
2017-12-07,26.54,27.32,26.18,26.38,60271349.0,2386864084.0,1241269065.0,0.04855623224606826
2017-12-08,26.36,27.22,26.14,26.47,36711293.0,1456004446.0,1241269065.0,0.029575612600963353
2017-12-11,26.68,27.67,26.59,27.56,36011540.0,1459247493.0,1241269065.0,0.029011872619253587
2017-12-12,27.46,28.77,27.42,28.21,35226971.0,1483136670.0,1241269065.0,0.028379802569235866
2017-12-13,28.05,29.12,27.99,29.09,35497557.0,1516211420.0,1241269065.0,0.028597793984336508
2017-12-14,29.1,29.48,28.89,29.24,23484937.0,1019034614.0,1241269065.0,0.018920101742807872
2017-12-15,28.99,29.06,27.13,27.68,43422388.0,1813119150.0,1241269065.0,0.03498225261901617
2017-12-18,27.55,28.05,26.54,26.95,29896667.0,1208759578.0,1241269065.0,0.0240855652033832
2017-12-19,27.02,27.79,27.0,27.65,21898226.0,893000933.0,1241269065.0,0.017641804357703864
2017-12-20,27.87,28.11,27.52,27.67,20664321.0,856659392.0,1241269065.0,0.0166477370480509
2017-12-21,27.78,29.12,27.4,28.82,36233461.0,1539468667.0,1241269065.0,0.029190658191421213
2017-12-22,28.97,29.07,28.55,28.66,19026886.0,814371442.0,1241269065.0,0.015328575033810255
2017-12-25,28.69,28.81,27.41,27.7,30980071.0,1286161725.0,1241269065.0,0.024958384828514195
2017-12-26,27.77,28.01,26.89,27.79,22959651.0,939330241.0,1241269065.0,0.018496917104753593
2017-12-27,27.74,27.74,26.75,26.81,24225428.0,978759618.0,1241269065.0,0.01951666136141079
2017-12-28,26.8,27.34,26.56,26.7,19913211.0,795975961.0,1241269065.0,0.01604262247524875
2017-12-29,26.74,27.28,26.73,27.15,16295744.0,656659318.0,1241269065.0,0.01312829301840371
2018-01-02,27.22,27.29,26.42,27.09,21324527.0,851833456.0,1241269065.0,0.017179616894746345
2018-01-03,27.1,28.8,27.1,28.44,45265819.0,1895807492.0,1241269065.0,0.03646737059382044
2018-01-04,28.28,28.65,28.13,28.55,27086306.0,1145882481.0,1241269065.0,0.021821462214560224
2018-01-05,28.54,28.63,27.87,28.11,24511855.0,1027741776.0,1241269065.0,0.01974741471543883
2018-01-08,27.95,27.95,26.8,27.52,37215768.0,1505853740.0,1241269065.0,0.029982031333391845
2018-01-09,27.34,28.07,27.09,27.92,27670184.0,1137117337.0,1241269065.0,0.022291850155791968
2018-01-10,28.15,28.15,26.95,27.19,31532918.0,1285342905.0,1241269065.0,0.02540377335513473
2018-01-11,27.03,27.65,26.78,27.26,23853926.0,970976444.0,1241269065.0,0.019217369281655305
2018-01-12,27.07,27.47,26.8,27.08,17087207.0,689338051.0,1241269065.0,0.013765917061664627
2018-01-15,27.04,27.87,26.77,27.19,36974511.0,1507143312.0,1241269065.0,0.02978766815557431
2018-01-16,26.97,28.38,26.85,28.34,50421897.0,2096909473.0,1241269065.0,0.040621246772149275
2018-01-17,28.52,28.58,27.13,27.52,38138277.0,1572845507.0,1241269065.0,0.030725229585899655
2018-01-18,27.35,27.8,27.23,27.26,17771379.0,725400490.0,1241269065.0,0.014317104567493591
2018-01-19,27.31,27.75,27.07,27.36,18216115.0,742404283.0,1241269065.0,0.014675395942458294
2018-01-22,27.26,27.46,26.56,27.35,28415915.0,1144640906.0,1241269065.0,0.02289263126041089
2018-01-23,27.42,28.0,27.2,27.62,25337294.0,1041788720.0,1241269065.0,0.020412410745127205
2018-01-24,27.67,28.61,27.24,28.41,40286560.0,1673961258.0,1241269065.0,0.03245594459409169
2018-01-25,28.4,28.4,27.69,27.73,27007537.0,1125440292.0,1241269065.0,0.021758003773339828
2018-01-26,27.54,27.63,26.87,26.88,33063450.0,1338445632.0,1241269065.0,0.026636811415259108
2018-01-29,26.78,26.78,24.19,24.19,78807668.0,2913648957.0,1241269065.0,0.06348959320918869
2018-01-30,23.34,24.08,23.04,23.54,42212839.0,1473590661.0,1241269065.0,0.03400780716306662
2018-01-31,23.84,24.6,23.69,24.2,33523084.0,1209252664.0,1241269065.0,0.02700710502279375
2018-02-01,24.35,24.37,23.3,23.38,33469085.0,1176453156.0,1241269065.0,0.02696360196489711
2018-02-02,23.68,24.42,23.28,24.0,24454428.0,872470226.0,1241269065.0,0.01970114996783554
2018-02-05,23.51,24.29,23.32,23.58,20377219.0,719660379.0,1241269065.0,0.016416439895728812
2018-02-06,22.91,23.17,21.27,21.45,47418535.0,1560768117.0,1241269065.0,0.038201656946956944
2018-02-07,22.18,22.28,20.83,21.69,36484006.0,1180644307.0,1241269065.0,0.02939250403376483
2018-02-08,21.63,22.96,21.61,22.55,31397273.0,1052982212.0,1241269065.0,0.025294494066844402
2018-02-09,21.83,22.43,21.5,21.86,28532605.0,933709125.0,1241269065.0,0.022986639886977286
2018-02-12,22.33,23.7,22.23,23.35,33324840.0,1137649830.0,1241269065.0,0.026847394283527077
2018-02-13,23.81,23.83,23.28,23.44,21719721.0,761082913.0,1241269065.0,0.017497995891809323
2018-02-14,23.57,23.81,23.35,23.77,15044312.0,530027932.0,1241269065.0,0.012120105482528882
2018-02-22,24.04,24.55,23.71,24.27,21701907.0,781770583.0,1241269065.0,0.0174836444506091
2018-02-23,24.31,25.0,24.22,24.39,21449532.0,785727390.0,1241269065.0,0.017280324310668293
2018-02-26,24.78,25.76,24.52,25.49,34628512.0,1300388807.0,1241269065.0,0.027897667779225612
2018-02-27,25.69,26.4,25.58,25.64,37627527.0,1457536299.0,1241269065.0,0.03031375554340428
2018-02-28,25.32,26.31,25.11,26.2,28162141.0,1089585946.0,1241269065.0,0.022688184048153974
2018-03-01,25.98,26.57,25.89,26.32,23698516.0,927946381.0,1241269065.0,0.019092166773688184
2018-03-02,26.09,26.73,25.86,25.97,22024474.0,861189113.0,1241269065.0,0.01774351316811396
2018-03-05,26.11,26.52,25.82,26.03,16739931.0,650579563.0,1241269065.0,0.013486142104089252
2018-03-06,26.06,26.73,26.06,26.65,27509446.0,1086370959.0,1241269065.0,0.02216235526662384
2018-03-07,26.6,26.6,25.72,25.74,27466602.0,1064491076.0,1241269065.0,0.022127838979053266
2018-03-08,25.74,26.12,25.73,25.95,12945287.0,499016999.0,1241269065.0,0.010429074054141518
2018-03-09,26.09,27.11,26.07,26.99,37740472.0,1497994987.0,1241269065.0,0.030404747096472593
2018-03-12,27.18,27.46,26.99,27.34,26460115.0,1073799844.0,1241269065.0,0.021316985773749225
2018-03-13,27.2,27.25,26.67,26.78,18233136.0,729477298.0,1241269065.0,0.014689108521366397
2018-03-14,26.58,26.99,26.54,26.56,13845464.0,550939112.0,1241269065.0,0.011154281042200951
2018-03-15,26.5,27.03,26.17,26.66,16397220.0,648138434.0,1241269065.0,0.013210044834235839
2018-03-16,26.72,26.79,25.92,25.93,17897445.0,699433988.0,1241269065.0,0.014418666753771068
2018-03-19,26.19,26.79,26.19,26.46,18119244.0,715692908.0,1241269065.0,0.014597354039432216
2018-03-20,26.26,26.91,26.13,26.77,17727094.0,704240794.0,1241269065.0,0.014281427371268614
2018-03-21,26.9,27.05,26.27,26.34,18439033.0,734415072.0,1241269065.0,0.014854984724846905
2018-03-22,26.4,26.58,25.6,25.77,19845382.0,768865166.0,1241269065.0,0.01598797759452742
2018-03-23,24.19,25.17,23.6,24.04,33361331.0,1210996160.0,1241269065.0,0.026876792422116796
2018-03-26,23.61,24.72,23.37,24.38,26156189.0,942316438.0,1241269065.0,0.021072134751058184
2018-03-27,25.07,25.29,24.72,25.2,24709016.0,921640878.0,1241269065.0,0.019906252960553723
2018-03-28,24.74,25.13,24.6,24.68,15466648.0,571741434.0,1241269065.0,0.012460350810402256
2018-03-29,24.95,25.01,24.31,24.74,15939262.0,584125221.0,1241269065.0,0.01284110145772464
2018-03-30,24.84,25.45,24.75,25.34,18246081.0,683706249.0,1241269065.0,0.01469953736420556
2018-04-02,25.31,25.79,25.07,25.41,20226239.0,767621515.0,1241269065.0,0.016294806315824844
2018-04-03,24.85,25.07,24.22,24.31,27016812.0,987281598.0,1241269065.0,0.021765475964713583
2018-04-04,24.51,24.67,23.81,23.94,22648079.0,816145058.0,1241269065.0,0.018245906257238435
2018-04-09,23.96,24.39,23.5,24.15,16657862.0,594984416.0,1241269065.0,0.013420025093431294
2018-04-10,24.13,24.59,24.1,24.57,13604201.0,494919189.0,1241269065.0,0.010959913030620803
2018-04-11,24.76,24.97,24.65,24.8,14987320.0,553518582.0,1241269065.0,0.012074191182715088
2018-04-12,24.75,24.81,23.98,24.0,18456697.0,667416858.0,1241269065.0,0.014869215321981781
2018-04-13,24.25,24.43,23.61,23.74,14572553.0,519010672.0,1241269065.0,0.011740043646378958
2018-04-16,23.71,23.99,22.77,23.23,26795250.0,927989865.0,1241269065.0,0.021586979612675677
2018-04-17,23.23,23.37,21.45,21.88,42711331.0,1407076370.0,1241269065.0,0.0344094058285421
2018-04-18,21.87,21.87,19.99,21.17,58380496.0,1803662725.0,1241269065.0,0.047032909822819116
2018-04-19,21.06,21.54,20.69,21.24,29428311.0,930727657.0,1241269065.0,0.023708244916262375
2018-04-20,21.08,21.12,20.35,20.41,23106382.0,716506232.0,1241269065.0,0.018615127575099925
2018-04-23,20.81,21.49,20.62,21.08,25721510.0,805233216.0,1241269065.0,0.02072194556786123
2018-04-24,21.16,22.03,21.16,21.98,27752107.0,895477485.0,1241269065.0,0.02235784954489299
2018-04-25,21.79,22.88,21.71,22.49,29258400.0,979872082.0,1241269065.0,0.023571360009684926
2018-04-26,22.12,22.16,20.96,21.11,35786801.0,1145306581.0,1241269065.0,0.0288308167899117
2018-04-27,21.46,21.69,20.09,20.87,33786612.0,1043198528.0,1241269065.0,0.027219410321806418
2018-05-02,21.69,22.1,21.42,21.66,30036765.0,971625862.0,1241269065.0,0.02419843194916003
2018-05-03,21.82,22.59,21.54,22.48,27834429.0,918439416.0,1241269065.0,0.022424170379207832
2018-05-04,22.47,22.86,22.23,22.36,22286898.0,747089648.0,1241269065.0,0.017954929054805696
2018-05-07,22.43,22.81,22.26,22.63,22244590.0,747149326.0,1241269065.0,0.017920844583361947
2018-05-08,22.74,22.79,22.43,22.59,18507520.0,622675356.0,1241269065.0,0.014910159708201542
2018-05-09,22.6,22.67,22.39,22.48,11203564.0,376139236.0,1241269065.0,0.0090258948006571
2018-05-10,22.6,23.15,22.6,22.91,22544502.0,768713985.0,1241269065.0,0.01816246181886439
2018-05-11,23.0,23.02,22.52,22.6,14046708.0,474298643.0,1241269065.0,0.011316408662774497
2018-05-14,23.51,23.62,22.8,22.86,25179957.0,868544387.0,1241269065.0,0.02028565579373397
2018-05-15,23.07,23.24,22.3,22.79,25573898.0,864047342.0,1241269065.0,0.02060302534003778
2018-05-16,22.6,22.74,22.43,22.53,15445369.0,518440458.0,1241269065.0,0.012443207871292595
2018-05-17,22.55,22.65,22.24,22.57,14614843.0,488862210.0,1241269065.0,0.011774113616534864
2018-05-18,22.9,23.09,22.65,22.99,20486850.0,697574768.0,1241269065.0,0.01650476160058013
2018-05-21,23.39,24.49,23.39,24.24,48041739.0,1713900763.0,1241269065.0,0.0387037269796134
2018-05-22,24.23,24.9,23.94,24.41,36951416.0,1345149178.0,1241269065.0,0.02976906219764689
2018-05-23,24.14,24.17,23.68,23.74,25640662.0,914263979.0,1241269065.0,0.020656812227895165
2018-05-24,23.74,24.02,23.44,23.82,20316668.0,715320958.0,1241269065.0,0.01636765836905796
2018-05-25,23.65,23.69,23.12,23.22,17532654.0,609324491.0,1241269065.0,0.01412478123749906
2018-05-28,23.3,23.69,23.17,23.29,15100292.0,527184823.0,1241269065.0,0.012165204487715159
2018-05-29,23.24,23.43,23.1,23.33,11041359.0,382613452.0,1241269065.0,0.00889521805652991
2018-05-30,22.72,22.73,21.36,21.57,35527948.0,1167505212.0,1241269065.0,0.028622277797602246
2018-05-31,21.96,22.3,21.5,22.14,18210591.0,594898268.0,1241269065.0,0.014670945658345235
2018-06-01,22.08,22.2,21.76,21.9,11529953.0,376433117.0,1241269065.0,0.009288842624946912
2018-06-04,22.08,22.24,21.83,22.0,12353148.0,404561431.0,1241269065.0,0.009952030827417744
2018-06-05,22.1,22.73,22.0,22.71,16765768.0,560949183.0,1241269065.0,0.013506957091531158
2018-06-06,23.0,23.15,22.77,22.92,17227503.0,589293155.0,1241269065.0,0.013878943321607712
2018-06-07,23.1,23.55,22.96,23.39,26902313.0,934752962.0,1241269065.0,0.02167323246712831
2018-06-08,23.4,23.73,23.09,23.12,23135315.0,804109985.0,1241269065.0,0.018638436784050524
2018-06-11,23.02,23.04,22.57,22.65,14594610.0,495046955.0,1241269065.0,0.011757813363374201
2018-06-12,22.82,23.19,22.5,23.1,13479291.0,459146843.0,1241269065.0,0.010859282149273574
2018-06-13,22.9,23.74,22.73,22.95,18942754.0,657331970.0,1241269065.0,0.01526079601444027
2018-06-14,22.82,23.17,22.44,22.48,15047272.0,511218274.0,1241269065.0,0.012122490138751666
2018-06-15,22.57,22.68,21.74,21.94,18253749.0,600461218.0,1241269065.0,0.014705714912825931
2018-06-19,21.29,21.29,19.75,20.12,34703509.0,1058009948.0,1241269065.0,0.027958087395016165
2018-06-20,20.11,20.61,19.82,20.4,18665977.0,562397052.0,1241269065.0,0.015037816961949342
2018-06-21,20.4,20.53,19.44,19.44,20971777.0,622249770.0,1241269065.0,0.01689543193441303
2018-06-22,19.38,19.92,18.91,19.91,16014368.0,466848411.0,1241269065.0,0.012901608886869342
2018-06-25,20.25,20.45,19.87,19.91,13727486.0,412273218.0,1241269065.0,0.011059234767926807
2018-06-26,19.76,20.48,19.38,20.4,14513534.0,434696086.0,1241269065.0,0.011692496340428817
2018-06-27,20.48,20.55,19.97,20.21,11115530.0,334432564.0,1241269065.0,0.008954972224333972
2018-06-28,20.14,20.48,19.93,19.97,11096711.0,334143396.0,1241269065.0,0.00893981112789595
2018-06-29,20.28,20.95,20.01,20.85,15562722.0,338226964.0,1241269065.0,0.012537750628627806
2018-07-02,20.8,21.11,19.99,20.25,21571089.0,470550948.0,1737776691.0,0.012413038517386812
2018-07-03,20.33,20.92,19.39,20.85,28387618.0,605546181.0,1737776691.0,0.016335596021640964
2018-07-04,20.53,20.7,19.77,19.82,21842653.0,467816370.0,1737776691.0,0.01256930945910587
2018-07-05,19.43,19.81,18.5,18.53,32562693.0,655638331.0,1737776691.0,0.018738134288854954
2018-07-06,18.48,19.0,17.89,18.36,30450641.0,595451492.0,1737776691.0,0.01752275833696287
2018-07-09,18.67,19.3,18.67,19.22,24994094.0,501851040.0,1737776691.0,0.014382799659729122
2018-07-10,19.29,19.73,19.19,19.51,22898198.0,471634658.0,1737776691.0,0.013176720644597482
2018-07-11,19.41,19.41,18.79,19.09,25033191.0,505621392.0,1737776691.0,0.014405297947456472
2018-07-12,19.87,21.0,19.73,20.97,64666469.0,1401691985.0,1737776691.0,0.037212185739922556
2018-07-13,20.74,20.8,20.3,20.39,43354196.0,942981839.0,1737776691.0,0.024948082354040505
2018-07-16,20.73,21.37,20.58,20.66,45853419.0,1018233651.0,1737776691.0,0.026386255056519228
2018-07-17,20.61,20.99,20.33,20.76,27085760.0,591281834.0,1737776691.0,0.015586444530115982
2018-07-18,20.8,20.89,20.15,20.21,25855320.0,560123505.0,1737776691.0,0.014878390378870607
2018-07-19,20.79,21.36,20.69,20.93,46475957.0,1034334905.0,1737776691.0,0.02674449326009518
2018-07-20,20.99,21.27,20.82,21.08,31871431.0,711031297.0,1737776691.0,0.018340349001723374
2018-07-23,21.02,22.15,20.68,22.14,54914732.0,1261841839.0,1737776691.0,0.03160056886733786
2018-07-24,22.17,22.23,21.7,22.11,40980794.0,953028256.0,1737776691.0,0.02358231308558851
2018-07-25,22.05,22.34,21.87,22.09,29850944.0,698518715.0,1737776691.0,0.017177663939560807
2018-07-26,21.99,22.07,21.2,21.26,33657025.0,766501731.0,1737776691.0,0.01936786537321555
2018-07-27,21.08,21.51,20.92,21.25,18220178.0,409581951.0,1737776691.0,0.010484763718124932
2018-07-30,21.2,21.57,20.85,21.06,23108960.0,517586527.0,1860325389.0000002,0.012421998934510051
2018-07-31,20.99,21.46,20.95,21.31,17221963.0,387087433.0,1860325389.0000002,0.009257500382369934
2018-08-01,21.44,22.02,21.34,21.39,33330991.0,765637335.0,1860325389.0000002,0.017916753271811633
2018-08-02,21.24,21.42,20.38,21.0,27501400.0,608512938.0,1860325389.0000002,0.014783112762215812
2018-08-03,20.93,21.12,19.82,19.86,33651134.0,719387358.0,1860325389.0000002,0.018088843058841893
2018-08-06,19.47,19.94,19.08,19.28,20531087.0,421490391.0,1860325389.0000002,0.01103628812539955
2018-08-07,19.47,20.17,19.06,20.13,21768951.0,453531841.0,1860325389.0000002,0.011701689999350966
2018-08-08,20.3,20.54,19.75,20.0,22285810.0,476154127.0,1860325389.0000002,0.011979522578025729
2018-08-09,19.89,21.51,19.7,21.2,40314281.0,894961101.0,1860325389.0000002,0.02167055357002387
2018-08-10,21.08,21.78,21.05,21.72,31866077.0,721828520.0,1860325389.0000002,0.017129302856598274
2018-08-13,21.57,22.63,21.42,22.19,57505229.0,1348403051.0,1860325389.0000002,0.030911382137783636
2018-08-14,22.01,22.45,21.91,22.11,32955890.0,773275396.0,1860325389.0000002,0.017715121341065565
2018-08-15,22.14,22.31,21.36,21.55,32388483.0,746633784.0,1860325389.0000002,0.01741011717171162
2018-08-16,21.27,22.34,21.23,21.86,45839299.0,1066089784.0,1860325389.0000002,0.024640473796167704
2018-08-17,22.31,22.44,21.57,21.63,31265064.0,729153876.0,1860325389.0000002,0.016806234105532596
2018-08-20,21.72,22.58,21.52,22.58,46532734.0,1091297421.0,1860325389.0000002,0.025013223103412686
2018-08-21,22.66,22.93,22.22,22.55,46044717.0,1098487859.0,1860325389.0000002,0.024750894264121658
2018-08-22,22.37,22.61,22.1,22.16,28892917.0,681518029.0,1860325389.0000002,0.015531109326810353
2018-08-23,22.07,22.78,22.06,22.51,37886587.0,899327820.0,1860325389.0000002,0.02036557003630723
2018-08-24,22.33,22.4,21.93,22.17,26853609.0,629598227.0,1860325389.0000002,0.01443489894767006
2018-08-27,22.34,23.68,22.34,23.48,60957582.0,1493100543.0,1860325389.0000002,0.032767161250627855
2018-08-28,23.54,23.93,23.28,23.57,44183435.0,1101951098.0,1860325389.0000002,0.023750380047089705
2018-08-29,23.52,23.9,23.38,23.89,32285177.0,807733983.0,1860325389.0000002,0.017354586026133084
2018-08-30,23.73,23.73,22.58,22.63,64922860.0,1576837156.0,1860325389.0000002,0.034898658258326866
2018-08-31,22.41,22.77,22.22,22.27,32807321.0,779955763.0,1860325389.0000002,0.017635259505669198
2018-09-03,22.17,22.29,21.2,22.0,44208970.0,1011313393.0,1860325389.0000002,0.02376410614046616
2018-09-04,21.98,22.59,21.88,22.45,35761763.0,843059418.0,1860325389.0000002,0.019223391354790564
2018-09-05,22.31,23.27,22.23,22.56,48769740.0,1177176542.0,1860325389.0000002,0.026215704138841913
2018-09-06,22.48,22.93,22.24,22.55,31507917.0,752455295.0,1860325389.0000002,0.016936777397279286
2018-09-07,22.64,22.84,21.7,21.83,36880430.0,867462659.0,1860325389.0000002,0.019824720029126042
2018-09-10,21.75,22.0,21.41,21.53,20689912.0,474004924.0,1860325389.0000002,0.011121662974842085
2018-09-11,21.6,22.04,21.51,21.94,19876385.0,458030991.0,1860325389.0000002,0.010684359369349012
2018-09-12,21.86,22.02,21.52,21.7,19354018.0,445041530.0,1860325389.0000002,0.010403566018310143
2018-09-13,22.12,22.37,21.72,22.28,33657557.0,788341140.0,1860325389.0000002,0.018092295680645572
2018-09-14,22.33,22.39,21.89,22.04,20507288.0,480022350.0,1860325389.0000002,0.011023495202107355
2018-09-17,21.77,21.91,21.41,21.5,19098217.0,436432618.0,1860325389.0000002,0.01026606265383824
2018-09-18,21.33,21.8,20.86,21.7,30087917.0,679978408.0,1860325389.0000002,0.016173470070294245
2018-09-19,21.47,22.28,21.36,21.93,28476552.0,658544308.0,1860325389.0000002,0.015307296330190545
2018-09-20,22.04,22.36,21.86,21.9,21830133.0,509943180.0,1860325389.0000002,0.0117345777943366
2018-09-21,22.01,22.39,21.63,22.39,30032675.0,701579264.0,1860325389.0000002,0.01614377526511304
2018-09-25,22.15,22.56,22.07,22.37,22201000.0,524522000.0,1860325389.0000002,0.011933933779151362
2018-09-26,22.45,22.93,22.32,22.8,35785407.0,859080759.0,1860325389.0000002,0.019236100959325236
2018-09-27,22.76,22.87,22.48,22.65,23679736.0,567516453.0,1860325389.0000002,0.012728814077374287
2018-09-28,22.72,22.85,22.31,22.58,33305183.0,793654821.0,1860325389.0000002,0.017902880429913864
2018-10-08,21.79,22.19,21.45,21.55,29538878.0,680820840.0,1860325389.0000002,0.015878339442476963
2018-10-09,21.63,21.73,21.05,21.24,23196356.0,524182583.0,1860325389.0000002,0.012468977812784126
2018-10-10,21.29,21.41,21.0,21.25,15228707.0,342240337.0,1860325389.0000002,0.008186044812400288
2018-10-11,20.33,20.39,19.12,19.14,42091810.0,879709355.0,1860325389.0000002,0.022626047168353727
2018-10-12,18.91,19.79,18.72,19.57,28403376.0,578394621.0,1860325389.0000002,0.015267961275993744
2018-10-15,19.75,20.04,19.29,19.38,20468816.0,426040902.0,1860325389.0000002,0.01100281494894977
2018-10-16,19.41,19.47,17.95,18.33,38894073.0,768084770.0,1860325389.0000002,0.020907134434641636
2018-10-17,18.75,18.79,17.31,18.02,40742265.0,777807392.0,1860325389.0000002,0.021900612248215677
2018-10-18,17.68,17.91,17.38,17.51,24742547.0,461060010.0,1860325389.0000002,0.013300117896740696
2018-10-19,17.05,18.1,17.03,18.06,42589723.0,794874407.0,1860325389.0000002,0.02289369550715732
2018-10-22,18.27,19.35,18.16,19.04,50880475.0,1008972460.0,1860325389.0000002,0.027350309414069924
2018-10-23,18.93,18.97,18.18,18.26,37350993.0,732739909.0,1860325389.0000002,0.020077666638779607
2018-10-24,18.1,18.41,17.86,17.96,23938847.0,458460195.0,1860325389.0000002,0.012868096700474584
2018-10-25,17.02,17.63,16.86,17.44,34651942.0,627835664.0,1860325389.0000002,0.018626817762577984
2018-10-26,17.73,17.77,17.16,17.54,25145099.0,467341234.0,1860325389.0000002,0.013516505848214275
2018-10-29,17.36,17.71,16.67,16.71,31251469.0,566715336.0,1860325389.0000002,0.016798926244187273
2018-10-30,15.13,15.62,15.04,15.04,79376784.0,1277027184.0,1860325389.0000002,0.04266822592937261
2018-10-31,15.0,15.55,14.98,15.45,39521423.0,640032007.0,1860325389.0000002,0.0212443603864614
2018-11-01,15.79,16.41,15.6,15.94,52973756.0,895499797.0,1860325389.0000002,0.02847553245966047
2018-11-02,16.64,17.12,16.43,17.08,52924334.0,935449997.0,1860325389.0000002,0.028448966139439164
2018-11-05,17.02,17.35,16.7,17.02,40862033.0,736583350.0,1860325389.0000002,0.021964992383383525
2018-11-06,16.95,16.96,16.46,16.9,33416644.0,591883646.0,1860325389.0000002,0.01796279521721885
2018-11-07,16.91,17.57,16.66,17.05,51448752.0,931607919.0,1860325389.0000002,0.02765578124354674
2018-11-08,17.25,17.33,16.65,16.69,32814856.0,588301370.0,1860325389.0000002,0.017639309872365557
2018-11-09,16.53,17.17,16.41,16.7,33998504.0,605747044.0,1860325389.0000002,0.018275568457556537
2018-11-12,16.7,17.39,16.65,17.39,45180121.0,820187529.0,1860325389.0000002,0.024286139009416053
2018-11-13,17.04,17.53,16.95,17.31,49966162.0,912754038.0,1860325389.0000002,0.026858829264733534
2018-11-14,17.19,17.71,17.17,17.43,41787327.0,772755391.0,1860325389.0000002,0.022462375263535145
2018-11-15,17.39,17.68,17.24,17.66,39047337.0,721883439.0,1860325389.0000002,0.020989520022080394
2018-11-16,17.6,18.06,17.52,17.96,46232828.0,869187131.0,1860325389.0000002,0.024852011520872703
2018-11-19,17.96,18.01,17.59,17.82,30876324.0,579979556.0,1860325389.0000002,0.016597270661664876
2018-11-20,17.66,17.66,16.98,16.98,37828225.0,693487454.0,1860325389.0000002,0.020334198105168146
2018-11-21,16.65,17.14,16.59,17.07,23403224.0,419581485.0,1860325389.0000002,0.012580177714276197
2018-11-22,17.07,17.36,16.96,17.22,23882049.0,434664435.0,1860325389.0000002,0.012837565482475924
2018-11-23,17.11,17.22,16.47,16.53,27344031.0,484204665.0,1860325389.0000002,0.014698520571553624
2018-11-26,16.49,16.91,16.41,16.74,17917790.0,316074912.0,1860325389.0000002,0.009631535486182626
2018-11-27,16.93,17.05,16.73,16.85,21503142.0,384757974.0,1860325389.0000002,0.011558806930844934
2018-11-28,16.86,17.13,16.48,17.13,31678278.0,564481117.0,1860325389.0000002,0.01702835331244302
2018-11-29,17.28,17.36,16.59,16.59,28210063.0,506165751.0,1860325389.0000002,0.015164047734232152
2018-11-30,16.41,16.67,16.23,16.53,20423799.0,355957119.0,1860325389.0000002,0.010978616494063231
2018-12-03,17.23,17.58,16.98,17.41,50347060.0,919517612.0,1860325389.0000002,0.02706357731701096
2018-12-04,17.34,17.4,17.02,17.19,39596548.0,719850735.0,1860325389.0000002,0.021284743106841506
2018-12-05,16.76,17.05,16.69,16.87,22570681.0,402492637.0,1860325389.0000002,0.01213265224108598
2018-12-06,16.45,16.53,16.09,16.15,37059361.0,639235344.0,1860325389.0000002,0.01992090266527024
2018-12-07,16.27,16.4,16.23,16.35,16076433.0,277368425.0,1860325389.0000002,0.008641731761045162
2018-12-10,16.18,16.47,16.14,16.28,18098160.0,312492186.0,1860325389.0000002,0.00972849164292086
2018-12-11,16.35,16.56,16.34,16.48,18134883.0,315503854.0,1860325389.0000002,0.00974823173796936
2018-12-12,16.63,16.67,16.33,16.36,15849132.0,275439289.0,1860325389.0000002,0.008519548297150074
2018-12-13,16.43,16.78,16.32,16.65,30603634.0,536042196.0,1860325389.0000002,0.01645068877786519
2018-12-14,16.54,16.55,16.19,16.21,24300929.0,420037086.0,1860325389.0000002,0.01306273039312909
2018-12-17,16.13,16.22,15.92,16.08,14278735.0,242421101.0,1860325389.0000002,0.007675396510970264
2018-12-18,16.02,16.17,15.88,16.01,12570236.0,212941187.0,1860325389.0000002,0.00675700932445856
2018-12-19,16.04,16.22,15.89,15.91,12297695.0,208902590.0,1860325389.0000002,0.006610507534174173
2018-12-20,15.84,16.08,15.77,16.04,12554555.0,211573729.0,1860325389.0000002,0.006748580153899087
2018-12-21,15.98,16.11,15.8,15.89,10900743.0,183632217.0,1860325389.0000002,0.005859589437662616
2018-12-24,15.96,16.42,15.91,16.4,30796374.0,530576206.0,1860325389.0000002,0.016554294308994133
2018-12-25,16.23,16.94,15.99,16.75,40607623.0,706006987.0,1860325389.0000002,0.021828236737567848
2018-12-26,16.66,16.84,16.37,16.38,24627799.0,431274164.0,1860325389.0000002,0.01323843621423585
2018-12-27,16.63,16.8,16.27,16.28,29389650.0,515114545.0,1860325389.0000002,0.01579812336797603
2018-12-28,16.34,16.41,15.91,16.12,19266643.0,329268504.0,1860325389.0000002,0.010356598428383863
2019-01-02,16.26,16.38,16.06,16.22,20586409.0,353119183.0,1860325389.0000002,0.01106602593381044
2019-01-03,16.22,16.22,15.54,15.56,30275189.0,508678230.0,1860325389.0000002,0.01627413633067392
2019-01-04,15.27,15.97,15.22,15.94,25188180.0,418891526.0,1860325389.0000002,0.013539663624942334
2019-01-07,16.07,16.68,16.07,16.63,48950015.0,853050720.0,1860325389.0000002,0.02631260922924489
2019-01-08,16.54,16.98,16.46,16.59,36783493.0,649747500.0,1860325389.0000002,0.019772612478171147
2019-01-09,16.59,16.93,16.43,16.61,40480822.0,717017586.0,1860325389.0000002,0.02176007608096994
2019-01-10,16.69,18.25,16.56,17.63,96168490.0,1778007110.0,1860325389.0000002,0.05169444580428719
2019-01-11,17.86,18.1,17.37,17.68,69356693.0,1299579925.0,1860325389.0000002,0.03728202249461424
2019-01-14,17.56,17.58,17.19,17.36,38667321.0,709680699.0,1860325389.0000002,0.02078524608041029
2019-01-15,17.25,17.93,17.15,17.78,49086557.0,917522384.0,1860325389.0000002,0.026386006066597845
2019-01-16,17.78,18.02,17.62,17.66,31661261.0,595121925.0,1860325389.0000002,0.017019205987947733
2019-01-17,17.64,17.81,17.23,17.36,30401724.0,563325950.0,1860325389.0000002,0.016342154001533115
2019-01-18,17.37,17.48,17.03,17.44,35249631.0,644481606.0,1860325389.0000002,0.01894809972945007
2019-01-21,17.39,18.01,17.24,17.8,48379272.0,905510276.0,1860325389.0000002,0.0260058118252129
2019-01-22,17.68,17.68,17.3,17.34,27686953.0,511377751.0,1860325389.0000002,0.014882854990697542
2019-01-23,17.2,17.29,16.98,17.28,25086204.0,455450201.0,1860325389.0000002,0.013484847408057386
2019-01-24,17.24,17.58,17.09,17.41,25940212.0,477147400.0,1860325389.0000002,0.013943911185313611
2019-01-25,17.39,17.53,17.17,17.18,23217750.0,426225940.0,1860325389.0000002,0.012480477951483786
2019-01-28,17.37,17.53,17.07,17.26,23402226.0,428160759.0,1860325389.0000002,0.012579641248985822
2019-01-29,17.18,17.19,16.58,16.87,28699153.0,512130963.0,1860325389.0000002,0.015426953354341388
2019-01-30,16.69,16.86,16.03,16.13,40573349.0,703982243.0,1860325389.0000002,0.02180981307888821
2019-01-31,16.35,16.53,16.16,16.35,25539702.0,441852460.0,1860325389.0000002,0.013728620891277852
2019-02-01,16.45,16.8,16.45,16.75,24013842.0,423562928.0,1860325389.0000002,0.012908409540606446
2019-02-11,16.78,17.53,16.75,17.53,43202034.0,786394577.0,1860325389.0000002,0.02322283738933587
2019-02-12,17.57,17.63,17.4,17.54,38025053.0,703797549.0,1860325389.0000002,0.02044000110133421
2019-02-13,17.76,18.89,17.67,18.69,104125049.0,2023237642.0,1860325389.0000002,0.05597141748195535
2019-02-14,18.53,18.59,17.96,18.46,60865034.0,1184533211.0,1860325389.0000002,0.03271741296436179
2019-02-15,18.37,18.85,18.26,18.3,53008289.0,1039617324.0,1860325389.0000002,0.028494095341296228
2019-02-18,18.59,19.36,18.44,19.23,82732338.0,1659086463.0,1860325389.0000002,0.04447197167183315
2019-02-19,19.27,19.36,18.79,19.09,60581250.0,1223798716.0,1860325389.0000002,0.03256486760768494
2019-02-20,19.07,19.09,18.6,18.99,41946079.0,836524402.0,1860325389.0000002,0.022547710872530588
2019-02-21,18.97,19.96,18.81,19.29,94397669.0,1946238209.0,1860325389.0000002,0.05074255802676678
2019-02-22,19.18,20.46,19.17,20.33,89604702.0,1883659106.0,1860325389.0000002,0.048166144766838954
2019-02-25,21.01,21.52,20.53,21.01,129510077.0,2877388094.0,1860325389.0000002,0.06961689485387117
2019-02-26,20.99,21.32,20.33,20.59,90649642.0,1987639607.0,1860325389.0000002,0.04872784220223314
2019-02-27,20.43,21.01,20.29,20.54,60910108.0,1332249298.0,1860325389.0000002,0.03274164205904948
2019-02-28,20.55,20.72,20.29,20.38,34033275.0,737236634.0,1860325389.0000002,0.01829425927380062
2019-03-01,20.62,20.75,20.28,20.61,35879884.0,778212769.0,1860325389.0000002,0.019286886160967184
2019-03-04,21.2,21.41,20.68,20.78,80776927.0,1802769490.0,1860325389.0000002,0.0434208593172084
2019-03-05,20.85,21.33,20.62,21.33,67170565.0,1496106909.0,1860325389.0000002,0.03610689043818667
2019-03-06,21.59,21.95,20.92,21.25,68385895.0,1540147276.0,1860325389.0000002,0.03676017937741535
2019-03-07,21.08,21.08,20.52,20.8,74865600.0,1649083454.0,1860325389.0000002,0.040243282407839025
2019-03-08,20.33,21.85,20.04,20.76,98727052.0,2198642229.0,1860325389.0000002,0.05306977617129107
2019-03-11,21.2,22.22,20.95,22.18,101205848.0,2308872387.0,1860325389.0000002,0.054402229093052486
2019-03-12,21.69,22.28,21.44,21.83,114246417.0,2634697993.0,1860325389.0000002,0.061412061392879254
2019-03-13,21.46,21.49,20.72,20.82,86107339.0,1917509562.0,1860325389.0000002,0.04628617096189079
2019-03-14,20.61,20.84,20.45,20.65,46331259.0,1009102995.0,1860325389.0000002,0.024904922157142045
2019-03-15,20.84,21.01,20.33,20.52,47885058.0,1046702919.0,1860325389.0000002,0.025740151848242066
2019-03-18,20.43,20.92,20.0,20.85,53603144.0,1163516679.0,1860325389.0000002,0.02881385391875657
2019-03-19,20.96,21.45,20.85,20.98,58950515.0,1317621038.0,1860325389.0000002,0.03168828171059272
2019-03-20,20.94,20.94,20.44,20.69,40781178.0,890894561.0,1860325389.0000002,0.021921529556676922
2019-03-21,20.8,20.86,20.54,20.68,38004602.0,833039498.0,1860325389.0000002,0.020429007863204514
2019-03-22,20.69,20.76,20.3,20.54,33434367.0,725562305.0,1860325389.0000002,0.017972322045216142
2019-03-25,20.06,20.66,20.01,20.28,39509406.0,850207444.0,1860325389.0000002,0.021237900763821697
2019-03-26,20.33,20.43,19.39,19.41,49568192.0,1038353324.0,1860325389.0000002,0.026644904323240407
2019-03-27,19.51,19.66,18.99,19.5,34602258.0,708071139.0,1860325389.0000002,0.018600110606779446
2019-03-28,19.49,20.26,19.38,19.62,48208869.0,1014700598.0,1860325389.0000002,0.025914213333353586
2019-03-29,19.56,20.13,19.29,20.06,46788653.0,981162418.0,1860325389.0000002,0.02515078989764838
2019-04-01,20.16,20.74,20.16,20.69,60774269.0,1319561351.0,1860325389.0000002,0.03266862311257743
2019-04-02,20.81,20.91,20.45,20.51,51602382.0,1124178415.0,1860325389.0000002,0.027738363570761326
2019-04-03,20.45,20.67,20.22,20.52,51203040.0,1104219417.0,1860325389.0000002,0.02752370112387903
2019-04-04,20.66,20.85,20.51,20.59,55263928.0,1207260624.0,1860325389.0000002,0.029706592366460463
2019-04-08,20.67,20.83,19.92,20.13,54152245.0,1166178910.0,1860325389.0000002,0.029109017874076864
2019-04-09,20.07,20.56,19.97,20.32,44443998.0,956305618.0,1860325389.0000002,0.023890443178808864
2019-04-10,20.28,22.03,20.16,21.54,142207895.0,3172854114.0,1860325389.0000002,0.07644248465395748
2019-04-11,21.52,21.52,20.57,20.62,83996180.0,1858302778.0,1860325389.0000002,0.04515133776954543
2019-04-12,20.59,20.73,19.85,20.04,60831460.0,1295532544.0,1860325389.0000002,0.03269936558394194
2019-04-15,20.37,20.66,19.88,19.94,45839835.0,985570691.0,1860325389.0000002,0.024640761917806623
2019-04-16,19.84,21.22,19.64,21.09,88158956.0,1924860435.0,1860325389.0000002,0.04738899792545915
2019-04-17,21.09,21.25,20.67,20.81,61468492.0,1358760381.0,1860325389.0000002,0.03304179600163485
2019-04-18,20.81,21.89,20.51,21.2,106126962.0,2391473057.0,1860325389.0000002,0.05704752653891775
2019-04-19,21.11,21.72,20.85,21.65,87258889.0,1975142755.0,1860325389.0000002,0.04690517557624968
2019-04-22,22.17,22.57,21.51,21.58,117731538.0,2748219298.0,1860325389.0000002,0.06328545462860422
2019-04-23,21.37,21.51,20.91,20.97,58459345.0,1309301775.0,1860325389.0000002,0.031424258006511566
2019-04-24,21.15,21.4,20.8,21.28,41119893.0,918428711.0,1860325389.0000002,0.022103602543479556
2019-04-25,21.21,21.21,20.16,20.23,54126852.0,1184675806.0,1860325389.0000002,0.02909536811143311
2019-04-26,20.06,20.61,20.01,20.15,37086055.0,798053961.0,1860325389.0000002,0.019935251767936816
2019-04-29,20.15,20.28,18.93,19.0,58501307.0,1195199577.0,1860325389.0000002,0.031446814275564346
2019-04-30,18.82,19.15,18.62,18.98,33447703.0,671319396.0,1860325389.0000002,0.017979490683605347
2019-05-06,17.96,18.27,17.08,17.08,61641059.0,1144369197.0,1860325389.0000002,0.03313455773085726
2019-05-07,17.14,17.3,16.46,16.97,43355376.0,776574796.0,1860325389.0000002,0.023305264904923573
2019-05-08,16.49,17.19,16.35,16.69,31912072.0,566040748.0,1860325389.0000002,0.017154027025967765
2019-05-09,16.5,16.78,16.4,16.45,25313575.0,442658638.0,1860325389.0000002,0.013607068499778453
2019-05-10,16.69,17.1,15.95,17.05,50026672.0,888452237.0,1860325389.0000002,0.026891355832589777
2019-05-13,15.34,15.34,15.34,15.34,19646600.0,318864318.0,1860325389.0000002,0.010560840655172071
2019-05-14,14.1,15.09,14.1,14.83,110159896.0,1708868046.0,1860325389.0000002,0.059215391377965
2019-05-15,15.42,15.96,15.28,15.37,96823421.0,1589990936.0,1860325389.0000002,0.05204649765708271
2019-05-16,15.14,15.28,14.79,15.14,63690827.0,1011308046.0,1860325389.0000002,0.03423639078227943
2019-05-17,15.69,15.84,15.07,15.3,69203395.0,1128220578.0,1860325389.0000002,0.037199618630802865
2019-05-20,15.27,15.28,13.8,14.93,53873095.0,835611392.0,1860325389.0000002,0.02895896347947977
2019-05-21,14.84,15.33,14.55,15.16,47270085.0,753174586.0,1860325389.0000002,0.025409579033595607
2019-05-22,15.27,15.73,15.14,15.32,50272799.0,820695212.0,1860325389.0000002,0.0270236590315115
2019-05-23,15.3,15.3,14.76,14.92,31749835.0,502239592.0,1860325389.0000002,0.01706681808877898
2019-05-24,14.79,14.98,14.63,14.65,23508388.0,366646772.0,1860325389.0000002,0.012636707609864264
2019-05-27,14.69,15.07,14.57,15.03,29868312.0,470026554.0,1860325389.0000002,0.016055423517095265
2019-05-28,15.08,15.14,14.82,15.0,32370370.0,513487246.0,1860325389.0000002,0.01740038070296959
2019-05-29,14.81,15.2,14.75,15.02,26999658.0,430425559.0,1860325389.0000002,0.014513406181331215
2019-05-30,14.89,14.95,14.48,14.63,34074125.0,528627255.0,1860325389.0000002,0.018316217797960718
2019-05-31,14.71,15.1,14.71,14.98,38150466.0,604290167.0,1860325389.0000002,0.02050741565189701
2019-06-18,16.48,16.48,15.58,15.79,100651753.0,1698361094.0,1860325389.0000002,0.05410438066111884
2019-06-19,16.41,16.49,15.81,15.86,60317978.0,1017406168.0,1860325389.0000002,0.032423348279100435
2019-06-20,15.66,16.21,15.39,16.01,54544337.0,904869078.0,1860325389.0000002,0.029319783153268567
2019-06-21,16.24,16.31,16.06,16.17,42513613.0,721187068.0,1860325389.0000002,0.022852783309511664
2019-06-24,15.96,16.21,15.96,16.04,22800329.0,383464034.0,1860325389.0000002,0.01225609731223208
2019-06-25,16.02,16.02,15.6,15.74,26764582.0,442152438.0,1860325389.0000002,0.014387043341050697
2019-06-26,15.63,15.97,15.6,15.77,17341029.0,287687934.0,1860325389.0000002,0.00932150316419726
2019-06-27,15.8,16.18,15.8,16.1,34169542.0,574321426.0,1860325389.0000002,0.018367508287551515
2019-06-28,16.13,16.18,15.77,16.0,25573014.0,427447368.0,1860325389.0000002,0.013746527436120476
2019-07-01,16.5,16.57,16.21,16.45,54653605.0,941183796.0,1860325389.0000002,0.029378519114539696
2019-07-02,16.44,16.95,16.3,16.73,52579680.0,918883800.0,1860325389.0000002,0.028263700700372475
2019-07-03,16.61,16.87,16.45,16.52,31928024.0,556426118.0,1860325389.0000002,0.017162601869967813
2019-07-04,16.54,16.64,16.32,16.43,21511617.0,370572724.0,1860325389.0000002,0.011563362585490143
2019-07-05,16.43,16.46,16.28,16.33,15581511.0,266957105.0,1860325389.0000002,0.008375691205491578
2019-07-08,16.23,16.23,15.57,15.65,27689848.0,459190679.0,1860325389.0000002,0.014884411170071924
2019-07-09,15.57,15.78,15.31,15.57,16514034.0,268875289.0,1860325389.0000002,0.008876959964985996
2019-07-10,15.59,15.7,15.49,15.54,11601158.0,189659554.0,1860325389.0000002,0.006236090776697989
2019-07-11,15.64,15.68,15.43,15.47,13149901.0,214352054.0,1860325389.0000002,0.007068602663681648
2019-07-12,15.49,15.56,15.23,15.45,13438416.0,217575155.0,1860325389.0000002,0.007223691123854246
2019-07-15,15.41,15.54,15.04,15.34,21452405.0,343091560.0,1860325389.0000002,0.01153153374503561
2019-07-16,15.3,15.51,15.28,15.4,14557974.0,235254981.0,1860325389.0000002,0.007825498746660388
2019-07-17,15.43,15.58,15.35,15.45,12949012.0,210084882.0,1860325389.0000002,0.006960616716068481
2019-07-18,15.46,15.46,15.09,15.15,17238145.0,274272151.0,1860325389.0000002,0.009266198860655338
2019-07-19,15.06,15.27,15.05,15.12,12570077.0,199802928.0,1860325389.0000002,0.006756923855539553
2019-07-22,15.13,15.19,14.6,14.66,20399367.0,315201713.0,1860325389.0000002,0.01096548330771612
2019-07-23,14.67,15.0,14.55,14.94,16054216.0,248525128.0,1860325389.0000002,0.008629789226620074
2019-07-24,15.0,15.44,14.99,15.31,23624644.0,378743409.0,1860325389.0000002,0.012699199903248751
2019-07-25,15.35,15.52,15.29,15.39,18623743.0,301020081.0,1860325389.0000002,0.01001101372379324
2019-07-26,15.31,15.41,15.22,15.4,12781543.0,205248247.0,1860325389.0000002,0.006870595367658017
2019-07-29,15.38,15.51,15.25,15.34,13075401.0,210630508.0,1860325389.0000002,0.007028555906033489
2019-07-30,15.34,15.51,15.31,15.4,15735998.0,253962914.0,1860325389.0000002,0.00845873420480421
2019-07-31,15.56,15.63,15.3,15.36,25302144.0,409873842.0,1860325389.0000002,0.013600923875796223
2019-08-01,15.27,15.35,15.09,15.19,17665448.0,281476828.0,1860325389.0000002,0.009495891473854415
2019-08-02,14.8,14.97,14.71,14.95,19233385.0,299095301.0,1860325389.0000002,0.010338720910721279
2019-08-05,14.89,15.05,14.58,14.58,18983066.0,294013967.0,1860325389.0000002,0.010204164342563837
2019-08-06,14.31,14.31,13.65,13.95,29886609.0,438270257.0,1860325389.0000002,0.01606525889326558
2019-08-07,14.13,14.15,13.84,13.84,13776281.0,201646405.0,1860325389.0000002,0.00740530720134143
2019-08-08,13.92,14.05,13.84,13.87,12616707.0,184211274.0,1860325389.0000002,0.006781989363044702
2019-08-09,14.0,14.03,13.35,13.41,23356790.0,332758241.0,1860325389.0000002,0.012555217564683786
2019-08-12,13.44,14.01,13.41,13.99,21747773.0,311839611.0,1860325389.0000002,0.011690305969371467
2019-08-13,13.83,13.94,13.68,13.73,14412430.0,208190952.0,1860325389.0000002,0.0077472629708866475
2019-08-14,14.03,14.16,13.84,13.85,18628631.0,273319318.0,1860325389.0000002,0.010013641221127256
2019-08-15,13.45,13.91,13.35,13.86,16796818.0,239876349.0,1860325389.0000002,0.009028967781291726
2019-08-16,13.81,14.3,13.76,14.06,25503943.0,375822272.0,1860325389.0000002,0.013709398985147107
2019-08-19,14.25,14.58,14.12,14.56,31781416.0,479509462.0,1860325389.0000002,0.017083794151239205
2019-08-20,14.6,15.0,14.45,14.58,30602076.0,472787235.0,1860325389.0000002,0.016449851289966993
2019-08-21,14.46,14.69,14.42,14.51,19491612.0,296696714.0,1860325389.0000002,0.01047752834813351
2019-08-22,14.59,14.6,14.32,14.4,15912002.0,240416395.0,1860325389.0000002,0.00855334346028215
2019-08-23,14.41,14.44,14.14,14.2,18263647.0,272847161.0,1860325389.0000002,0.00981744758631577
2019-08-26,13.84,13.94,13.76,13.89,18252043.0,265259731.0,1860325389.0000002,0.009811209967849338
2019-08-27,13.99,14.22,13.99,14.11,20844945.0,308534384.0,1860325389.0000002,0.011204999471197347
2019-08-28,14.01,14.17,13.86,13.93,18389827.0,269293835.0,1860325389.0000002,0.009885274430343217
2019-08-29,13.94,14.0,13.85,13.88,14161780.0,206305282.0,1860325389.0000002,0.007612528476866365
2019-08-30,13.96,14.09,13.64,13.67,23567824.0,342598127.0,1860325389.0000002,0.012668656859361927
2019-09-02,13.46,14.07,13.37,14.07,40553438.0,583669699.0,1860325389.0000002,0.021799110112558914
2019-09-03,14.04,14.6,13.99,14.56,45675794.0,691109508.0,1860325389.0000002,0.024552583257788346
2019-09-04,14.51,14.7,14.37,14.63,33732560.0,514068378.0,1860325389.0000002,0.018132612821100402
2019-09-05,14.75,14.94,14.63,14.66,46495267.0,722102708.0,1860325389.0000002,0.024993083078328076
2019-09-06,14.83,16.11,14.79,15.55,84069425.0,1364085602.0,1860325389.0000002,0.045190709914027835
2019-09-09,15.83,16.18,15.55,16.1,69560468.0,1158035342.0,1860325389.0000002,0.037391559783738454
2019-09-10,16.11,16.11,15.59,15.71,51286437.0,848500832.0,1860325389.0000002,0.02756853037820901
2019-09-11,15.78,15.84,15.5,15.5,30065705.0,491633479.0,1860325389.0000002,0.01616153022357101
2019-09-12,15.58,15.66,15.44,15.6,22934082.0,373902083.0,1860325389.0000002,0.012327994949489988
2019-09-16,15.65,15.74,15.48,15.6,23224161.0,380308741.0,1860325389.0000002,0.012483924122803011
2019-09-17,15.58,15.58,15.01,15.16,32746362.0,521594133.0,1860325389.0000002,0.01760249158218632
2019-09-18,15.18,15.26,15.05,15.09,16623448.0,263981365.0,1860325389.0000002,0.008935774407151306
2019-09-19,15.18,16.01,15.18,15.93,61439822.0,1016242448.0,1860325389.0000002,0.033026384719194946
2019-09-20,15.95,16.13,15.72,16.05,47669067.0,796071655.0,1860325389.0000002,0.025624047965944304
2019-09-23,15.85,15.94,15.57,15.7,30322669.0,498291707.0,1860325389.0000002,0.01629965874749452
2019-09-24,15.67,15.99,15.51,15.7,30912964.0,510972464.0,1860325389.0000002,0.016616966140862572
2019-09-25,15.62,15.62,15.26,15.3,27890800.0,449640627.0,1860325389.0000002,0.014992430982728473
2019-09-26,15.41,15.45,14.85,14.85,26984145.0,426891126.0,1860325389.0000002,0.014505067317554089
2019-09-27,14.86,15.12,14.86,14.97,13687910.0,215282442.0,1860325389.0000002,0.007357804221205518
2019-09-30,15.01,15.17,14.76,14.85,14239757.0,222935436.0,1860326770.0,0.007654438580164065
2019-10-08,14.92,15.07,14.68,14.73,14289950.0,222318311.0,1860326770.0,0.007681419323982528
2019-10-09,14.55,14.82,14.36,14.76,10358568.0,158921534.0,1860326770.0,0.005568144353478287
2019-10-10,14.8,15.04,14.73,14.95,14428180.0,225846074.0,1860326770.0,0.00775572347432274
2019-10-11,14.95,15.01,14.66,14.82,12990221.0,201605813.0,1860326770.0,0.006982763033614788
2019-10-14,15.0,15.15,14.97,15.03,18204603.0,286692166.0,1860326770.0,0.009785701788293893
2019-10-15,15.03,15.04,14.74,14.89,13769687.0,215033351.0,1860326770.0,0.0074017571654898025
2019-10-16,15.22,15.24,14.87,14.89,12292725.0,194028237.0,1860326770.0,0.0066078310532509295
2019-10-17,14.87,14.98,14.7,14.72,11691053.0,181413501.0,1860326770.0,0.006284408303171383
2019-10-18,14.78,14.84,14.46,14.46,12377748.0,189556280.0,1860326770.0,0.006653534314296837
2019-10-21,14.45,14.45,14.13,14.21,11577579.0,172513492.0,1860326770.0,0.006223411492379911
2019-10-22,14.23,14.43,14.23,14.4,8765072.0,131610633.0,1860326770.0,0.004711576558133386
2019-10-23,14.32,14.39,14.2,14.21,7757561.0,116120960.0,1860326770.0,0.004169999123326059
2019-10-24,14.22,14.31,13.93,13.99,11566699.0,169893093.0,1860326770.0,0.006217563057483713
2019-10-25,14.01,14.13,13.68,14.09,14737993.0,214661822.0,1860326770.0,0.007922260345691849
2019-10-28,14.14,14.48,14.14,14.47,16307836.0,245140549.0,1860326770.0,0.00876611370807721
2019-10-29,14.47,14.47,14.18,14.19,12849933.0,192166810.0,1860326770.0,0.006907352626012042
2019-10-30,14.19,14.19,13.89,13.91,11618441.0,170110896.0,1860326770.0,0.006245376450718924
2019-10-31,14.32,14.56,13.94,14.05,20814900.0,310528283.0,1860326770.0,0.011188840764786715
2019-11-01,14.15,14.22,13.91,14.08,14540030.0,214504491.0,1860326770.0,0.007815847320199559
2019-11-04,14.21,15.49,14.17,15.3,91730447.0,1459954474.0,1860326770.0,0.049308781918995875
2019-11-05,15.17,15.32,14.89,15.28,51195089.0,809249718.0,1860326770.0,0.0275194067115424
2019-11-06,15.21,15.41,15.01,15.21,39596205.0,630177562.0,1860326770.0,0.02128454293005739
2019-11-07,15.2,15.37,15.03,15.12,28148921.0,446984913.0,1860326770.0,0.015131170208339258
2019-11-08,15.24,15.65,14.89,14.89,44102671.0,705519587.0,1860326770.0,0.023706948537863592
2019-11-11,14.87,14.87,14.36,14.43,26745134.0,408456301.0,1860326770.0,0.014376578583557124
2019-11-12,14.36,14.46,14.17,14.44,16726076.0,251317010.0,1860326770.0,0.008990934425998718
2019-11-13,14.47,14.63,14.2,14.46,14635984.0,220660418.0,1860326770.0,0.00786742643068024
2019-11-14,14.48,15.11,14.42,14.97,35177829.0,546917884.0,1860326770.0,0.018909489218391456
2019-11-15,14.98,15.02,14.69,14.69,18714714.0,290806684.0,1860326770.0,0.01005990684099009
2019-11-18,14.7,15.32,14.7,15.22,33322131.0,528831619.0,1860326770.0,0.017911977367288005
2019-11-19,15.16,15.36,15.11,15.27,27917338.0,445904083.0,1860326770.0,0.015006685088985738
2019-11-20,15.27,15.29,14.95,14.96,23009733.0,363503507.0,1860326770.0,0.012368651234320517
2019-11-21,14.84,15.03,14.74,14.97,14091923.0,220021683.0,1860326770.0,0.0075749718959320245
2019-11-22,14.96,15.23,14.71,14.79,21228223.0,332368607.0,1860326770.0,0.011411018398665521
2019-11-25,14.73,14.97,14.51,14.64,16514187.0,254560449.0,1860326770.0,0.008877035618855283
2019-11-26,14.7,14.94,14.62,14.94,14404299.0,222574980.0,1860326770.0,0.007742886482249568
2019-11-27,14.8,15.18,14.73,15.01,19268167.0,303015479.0,1860326770.0,0.010357409951156055
2019-11-28,14.97,15.2,14.87,14.97,16377142.0,258354652.0,1860326770.0,0.008803368453381984
2019-11-29,14.97,14.97,14.71,14.77,13729946.0,212669144.0,1860331001.0,0.007380378004032412
2019-12-02,14.9,14.94,14.63,14.64,12067506.0,186622262.0,1860331001.0,0.006486752085254317
2019-12-03,14.56,14.56,14.26,14.52,18425826.0,277602702.0,1860331001.0,0.009904595467202022
2019-12-04,14.47,14.47,14.29,14.37,11592018.0,174440015.0,1860331001.0,0.006231158860315095
2019-12-05,14.38,14.49,14.34,14.47,23614587.0,356679580.0,1860331001.0,0.012693755566781527
2019-12-06,14.54,15.13,14.52,14.9,35909502.0,559648606.0,1860331001.0,0.019302748801529004
2019-12-09,14.97,15.2,14.91,15.0,26070092.0,410891875.0,1860331001.0,0.014013684653960136
2019-12-10,14.98,15.23,14.8,15.23,34519639.0,544177384.0,1860331001.0,0.018555643582483093
2019-12-11,15.25,15.31,15.0,15.14,27374339.0,433997691.0,1860331001.0,0.0147147679554258
2019-12-13,15.56,15.75,15.09,15.18,69821114.0,1124663527.0,1860331001.0,0.037531554310748165
2019-12-16,15.18,15.46,14.94,15.4,55065388.0,876920812.0,1860331001.0,0.02959977980821704
2019-12-17,15.51,15.89,15.38,15.84,74672406.0,1222116733.0,1860331001.0,0.04013931174606061
2019-12-18,15.96,16.16,15.63,15.69,63147719.0,1050384686.0,1860331001.0,0.03394434590729051
2019-12-19,15.61,16.06,15.6,15.76,37137344.0,616637217.0,1860331001.0,0.01996276145483639
2019-12-20,15.69,15.84,15.42,15.42,34442412.0,561794948.0,1860331001.0,0.0185141310774727
2019-12-23,15.39,15.39,14.99,15.02,26940678.0,428414511.0,1860331001.0,0.014481658363763406
2019-12-24,15.14,15.3,14.99,15.28,19763303.0,313876951.0,1860331001.0,0.010623541181314755
2019-12-25,15.18,15.4,15.13,15.27,22751765.0,364349802.0,1860331001.0,0.012229955307829651
2019-12-26,15.27,15.68,15.22,15.54,30172042.0,489832223.0,1860331001.0,0.01621864172761802
2019-12-27,15.58,15.63,15.19,15.2,31030454.0,500823110.0,1860331001.0,0.01668007144068444
2019-12-30,15.09,15.35,14.9,15.31,23642485.0,375747607.0,1860331001.0,0.012708751822816073
2019-12-31,15.42,15.7,15.35,15.52,27569241.0,448946403.0,1860333226.0000002,0.014819517608293255
2020-01-02,15.61,15.8,15.49,15.73,38667950.0,635442359.0,1860333226.0000002,0.020785496630161243
2020-01-03,15.8,15.97,15.54,15.67,36160206.0,595202826.0,1860333226.0000002,0.019437488668495134
2020-01-06,15.47,15.92,15.41,15.78,44477754.0,732201954.0,1860333226.0000002,0.02390848767219728
2020-01-07,15.83,16.5,15.65,16.32,74311979.0,1259252804.0,1860333226.0000002,0.03994552049139179
2020-01-08,16.32,16.44,16.06,16.11,55709638.0,946891862.0,1860333226.0000002,0.029946053331415364
2020-01-09,16.32,17.51,16.22,17.18,110960306.0,1966201509.0,1860333226.0000002,0.05964539279803197
2020-01-10,17.23,17.36,17.02,17.2,57282098.0,1030287747.0,1860333226.0000002,0.030791310502562615
2020-01-13,17.18,17.68,17.0,17.59,63051197.0,1147649841.0,1860333226.0000002,0.03389242105596838
2020-01-14,17.5,17.63,17.03,17.05,58313847.0,1055632005.0,1860333226.0000002,0.031345914906537285
2020-01-15,16.92,17.02,16.67,16.82,42684754.0,751209233.0,1860333226.0000002,0.022944681847014432
2020-01-16,16.9,17.0,16.67,16.7,28140763.0,494982653.0,1860333226.0000002,0.015126732462069135
2020-01-17,16.79,17.01,16.61,16.68,32380771.0,569571031.0,1860333226.0000002,0.017405898334473976
2020-01-20,16.58,17.15,16.52,17.06,42116886.0,745221799.0,1860333226.0000002,0.02263943115748017
2020-01-21,17.0,17.03,16.65,16.73,29439623.0,518805983.0,1860333226.0000002,0.015824919207243143
2020-01-22,16.6,17.13,16.32,16.91,39303382.0,688164674.0,1860333226.0000002,0.021127065544331677
2020-01-23,16.74,16.84,15.56,15.82,50231524.0,852446281.0,1860333226.0000002,0.027001358303966556
2020-02-03,14.24,14.24,14.24,14.24,8575600.0,127947952.0,1860333226.0000002,0.004609711787193548
2020-02-04,13.06,14.18,13.06,13.96,57536246.0,836749431.0,1860333226.0000002,0.030927924737285745
2020-02-05,14.03,14.58,14.03,14.13,42868476.0,642544900.0,1860333226.0000002,0.023043439423040223
2020-02-06,14.17,14.47,13.97,14.33,45737394.0,681746145.0,1860333226.0000002,0.024585592172829362
2020-02-07,14.33,14.58,14.17,14.56,38689155.0,584597415.0,1860333226.0000002,0.020796895125712277
2020-02-10,14.41,14.94,14.32,14.85,35691930.0,550203600.0,1860333226.0000002,0.0191857724740761
2020-02-11,14.85,14.97,14.57,14.69,31731223.0,489834605.0,1860333226.0000002,0.01705674153239039
2020-02-12,14.68,14.96,14.55,14.86,35719666.0,552216548.0,1860333226.0000002,0.01920068163100152
2020-02-13,14.79,15.03,14.68,14.71,33602223.0,522394822.0,1860333226.0000002,0.018062475329890172
2020-02-14,14.64,14.95,14.62,14.74,34502297.0,534312715.0,1860333226.0000002,0.018546299403674683
2020-02-17,14.85,15.36,14.85,15.31,52359829.0,830379851.0,1860333226.0000002,0.02814540334399209
2020-02-18,15.41,15.71,15.15,15.69,52735817.0,855131717.0,1860333226.0000002,0.028347511221626695
2020-02-19,15.56,15.85,15.46,15.48,43969580.0,721129155.0,1860333226.0000002,0.02363532478240003
2020-02-20,15.56,15.73,15.29,15.67,45303573.0,738030155.0,1860333226.0000002,0.024352396853874175
2020-02-21,15.93,16.43,15.91,16.13,67002639.0,1136692894.0,1860333226.0000002,0.036016471707096195
2020-02-24,16.22,17.17,16.14,17.03,89901936.0,1580312906.0,1860333226.0000002,0.048325716459573675
2020-02-25,16.5,17.42,16.04,17.22,113795775.0,2005935396.0,1860333226.0000002,0.06116956543569253
2020-02-26,16.89,18.46,16.85,17.47,142985088.0,2671859263.0,1860333226.0000002,0.07685993347946578
2020-02-27,17.87,18.0,16.98,17.08,79098324.0,1437453089.0,1860333226.0000002,0.0425183633203571
2020-02-28,16.22,16.59,15.66,15.72,85206428.0,1434505361.0,1860333226.0000002,0.045801701979600075
2020-03-02,16.05,17.18,15.71,16.98,84046764.0,1454886135.0,1860333226.0000002,0.04517833838871617
2020-03-03,17.43,17.84,16.61,16.81,98440876.0,1784669297.0,1860333226.0000002,0.05291572209977826
2020-03-04,16.43,16.83,16.19,16.69,54012107.0,936684607.0,1860333226.0000002,0.029033565731734125
2020-03-05,17.37,17.78,16.89,17.62,111447489.0,2024804804.0,1860333226.0000002,0.05990727222543301
2020-03-06,17.27,17.52,17.19,17.2,63379009.0,1149783542.0,1860333226.0000002,0.03406863249777811
2020-03-09,16.83,17.69,16.71,16.97,82222594.0,1481238155.0,1860333226.0000002,0.04419777750074975
2020-03-10,16.85,18.67,16.65,18.67,143556854.0,2682199616.0,1860333226.0000002,0.07716727949253968
2020-03-11,19.88,20.54,19.29,19.42,283417915.0,5954596607.0,1860354755.0,0.15234616636330742
2020-03-12,19.85,20.62,19.37,20.62,234772479.0,4911108599.0,1860354755.0,0.1261976934071373
2020-03-13,19.78,21.14,19.3,20.02,226399962.0,4806008401.0,1860354755.0,0.12169719855393925
2020-03-16,20.02,20.02,18.15,18.37,163395099.0,3279402945.0,1860354755.0,0.08783007572122985
2020-03-17,18.91,19.7,17.92,19.47,159067916.0,3162515090.0,1860354755.0,0.0855040768823686
2020-03-18,19.23,19.99,18.32,18.38,150942998.0,3037361808.0,1860354755.0,0.08113667438660106
2020-03-19,18.27,19.69,18.03,19.35,139754205.0,2748427932.0,1860354755.0,0.07512234138375398
2020-03-20,19.53,19.61,18.77,19.09,105975092.0,2129770226.0,1860354755.0,0.05696499106698604
2020-03-23,18.4,19.37,18.22,18.47,93274985.0,1836548627.0,1860354755.0,0.050138278599449165
2020-03-24,18.98,19.04,16.63,17.59,152805861.0,2836222544.0,1860354755.0,0.08213802264826635
2020-03-25,17.94,17.94,17.18,17.47,104189012.0,1911167970.0,1860354755.0,0.05600491611612001
2020-03-26,17.18,17.48,16.85,17.17,72074136.0,1296028963.0,1860354755.0,0.038742146252637714
2020-03-27,17.43,17.43,16.8,16.8,60247285.0,1079572282.0,1860354755.0,0.032384836729702125
2020-03-30,16.32,16.42,15.6,15.8,81622855.0,1361295567.0,1860354755.0,0.04387488718515948
2020-03-31,16.01,16.11,15.39,15.44,57480661.0,951019732.0,1861743620.0,0.030874638367231252
2020-04-01,15.37,15.86,15.3,15.43,51690446.0,844794771.0,1861743620.0,0.027764535054509813
2020-04-02,15.57,16.2,15.45,16.17,71168133.0,1180376040.0,1861743620.0,0.03822660232884268
2020-04-03,16.03,16.11,15.65,15.67,46766186.0,774661437.0,1861743620.0,0.02511956291812081
2020-04-07,16.08,16.17,15.84,16.03,52644848.0,883411727.0,1861743620.0,0.028277173846310805
2020-04-08,15.9,16.8,15.84,16.5,73476814.0,1266345234.0,1861743620.0,0.03946666619972088
2020-04-09,16.51,16.64,16.27,16.42,46831032.0,806437477.0,1861743620.0,0.025154393707550345
2020-04-10,16.27,16.42,15.68,15.75,49519061.0,827295635.0,1861743620.0,0.026598217105747352
2020-04-13,15.56,15.67,15.31,15.41,28291027.0,457386526.0,1861743620.0,0.015195984396605586
2020-04-14,15.56,15.84,15.51,15.84,33104701.0,543809563.0,1861743620.0,0.017781557376842252
2020-04-15,15.93,16.0,15.59,15.67,36257355.0,600493019.0,1861743620.0,0.0194749452129182
2020-04-16,15.65,16.16,15.39,16.06,55666907.0,928464007.0,1861743620.0,0.029900415074337678
2020-04-17,16.22,16.41,16.0,16.05,56900903.0,965418585.0,1861743620.0,0.030563232439061616
2020-04-20,16.15,16.49,16.01,16.46,50199438.0,857951186.0,1861743620.0,0.026963668606529184
2020-04-21,16.32,17.06,16.21,16.94,73132087.0,1273817920.0,1861743620.0,0.03928150268080414
2020-04-22,16.69,17.03,16.64,16.84,40376093.0,711175138.0,1861743620.0,0.021687246603804663
2020-04-23,16.84,16.88,16.3,16.35,40663764.0,704646470.0,1861743620.0,0.02184176358289333
2020-04-24,16.35,16.64,15.92,15.98,33012183.0,561220662.0,1861743620.0,0.017731863101537043
2020-04-27,15.94,16.24,15.87,15.91,23658842.0,397602226.0,1861743620.0,0.01270789476372692
2020-04-28,15.91,15.94,14.89,15.36,44117781.0,710861808.0,1861743620.0,0.023697022794148207
2020-04-29,15.34,15.55,15.22,15.37,20767549.0,335331445.0,1861743620.0,0.01115489199313061
2020-04-30,15.36,16.01,15.27,15.86,40158816.0,663121330.0,1861743620.0,0.021570540416300715
2020-05-06,15.65,16.46,15.65,16.46,43376639.0,732350420.0,1861743620.0,0.023298932535082355
2020-05-07,16.72,17.04,16.37,16.4,53654608.0,937274223.0,1861743620.0,0.028819547129695547
2020-05-08,16.46,16.74,16.42,16.51,44309314.0,770287284.0,1861743620.0,0.02379990108412457
2020-05-11,16.71,17.41,16.62,17.18,73471513.0,1314386134.0,1861743620.0,0.039463818868894524
2020-05-12,17.04,17.04,16.54,16.83,41469012.0,729841326.0,1861743620.0,0.022274287154533126
2020-05-13,16.67,16.77,16.51,16.59,26818129.0,467211136.0,1861743620.0,0.014404845388969294
2020-05-14,16.49,16.64,16.31,16.4,29687982.0,512089512.0,1861743620.0,0.01594633207337109
2020-05-15,16.51,16.77,16.43,16.52,30556170.0,530875196.0,1861743620.0,0.01641266266297182
2020-05-18,16.57,16.62,15.89,15.89,42568551.0,718660667.0,1861743620.0,0.022864883511726497
2020-05-19,16.08,16.17,15.87,16.09,27548684.0,462484224.0,1861743620.0,0.014797249043345721
2020-05-20,16.05,16.44,15.8,16.16,32616473.0,551124934.0,1861743620.0,0.01751931503866252
2020-05-21,16.18,16.63,16.13,16.43,43936906.0,754312213.0,1861743620.0,0.023599869245154174
2020-05-22,16.51,16.87,16.27,16.45,57888299.0,1008899333.0,1861743620.0,0.03109359332731324
2020-05-25,16.35,16.35,15.6,15.65,39042369.0,647296041.0,1861743620.0,0.020970862250087905
2020-05-26,15.76,15.89,15.74,15.88,18206445.0,301738095.0,1861743620.0,0.009779243932631283
2020-05-27,15.87,15.88,15.45,15.57,23702976.0,387755972.0,1861743620.0,0.012731600498246906
2020-05-28,15.45,15.68,15.27,15.54,20633060.0,333870232.0,1861743620.0,0.011082653797411697
2020-05-29,15.46,15.69,15.39,15.67,20076372.0,327575121.0,1861754527.0,0.01078357630334367
2020-06-01,15.79,16.3,15.76,16.17,34474389.0,580955299.0,1861754527.0,0.01851715062326259
2020-06-02,16.22,16.35,16.04,16.16,27931417.0,473317812.0,1861754527.0,0.015002738865369226
2020-06-03,16.18,16.37,16.01,16.12,32812018.0,556471743.0,1861754527.0,0.017624245046350302
2020-06-04,16.16,16.2,15.87,15.89,22948585.0,384279115.0,1861754527.0,0.0123263215784838
2020-06-05,15.94,16.04,15.73,15.88,16604055.0,276181938.0,1861754527.0,0.008918498523409257
2020-06-08,16.03,16.27,15.92,15.94,20752813.0,349721931.0,1861754527.0,0.01114691152836391
2020-06-09,15.95,15.97,15.72,15.83,23246632.0,384743283.0,1861754527.0,0.012486410889763879
2020-06-10,15.77,15.83,15.68,15.81,14245722.0,235192605.0,1861754527.0,0.007651772450880148
2020-06-11,16.01,16.26,15.85,15.97,37110017.0,625762684.0,1861754527.0,0.01993281953222827
2020-06-12,15.59,15.82,15.47,15.77,25335335.0,416549552.0,1861754527.0,0.013608311209977254
2020-06-15,15.65,15.76,15.47,15.48,27531034.0,450319429.0,1861754527.0,0.014787682049772183
2020-06-16,15.6,15.8,15.6,15.78,25596033.0,421860255.0,1861754527.0,0.013748339337326613
2020-06-17,15.8,15.9,15.62,15.75,21259099.0,350434600.0,1861754527.0,0.011418851782923583
2020-06-18,15.76,16.19,15.67,16.03,34594766.0,578306637.0,1861754527.0,0.018581808449122144
2020-06-19,16.3,16.3,15.98,15.99,36124622.0,610728725.0,1861754527.0,0.019403536543676683
2020-06-22,16.11,16.18,15.95,16.07,28558922.0,480143184.0,1861754527.0,0.015339789207344842
2020-06-23,16.04,16.04,15.73,15.77,28012292.0,464180229.0,1861754527.0,0.015046179071275598
2020-06-24,15.77,15.87,15.73,15.8,19384826.0,320845229.0,1861754527.0,0.010412127763823076
2020-06-29,15.76,15.8,15.55,15.61,17338995.0,282507938.0,1861754527.0,0.009313255184043927
2020-06-30,15.65,15.8,15.65,15.74,19969889.0,327793362.0,1861755355.0,0.010726376559824639
2020-07-01,15.82,15.82,15.58,15.79,23630685.0,386862515.0,1861755355.0,0.012692690764410344
2020-07-02,15.75,16.19,15.68,16.19,46883065.0,783230520.0,1861755355.0,0.025182183509819957
2020-07-03,16.23,16.46,16.12,16.36,45964520.0,781153638.0,1861755355.0,0.02468880773005753
2020-07-06,16.45,17.25,16.45,17.08,73249101.0,1294453386.0,1861755355.0,0.03934410651930151
2020-07-07,17.34,17.63,16.93,17.1,83017830.0,1501742250.0,1861755355.0,0.04459115950817286
2020-07-08,17.1,17.63,16.98,17.44,64384642.0,1161499538.0,1861755355.0,0.03458276181512581
2020-07-09,17.53,18.97,17.28,18.31,100884739.0,1898456069.0,1861755355.0,0.05418796767741807
2020-07-10,18.22,18.22,17.74,17.77,67502105.0,1265147844.0,1861755355.0,0.03625723692359139
2020-07-13,17.68,18.2,17.59,18.08,57567591.0,1080160382.0,1861755355.0,0.030921136252082915
2020-07-14,18.13,18.62,17.49,17.88,63880407.0,1201266142.0,1861755355.0,0.034311923330012394
2020-07-15,17.89,18.04,17.03,17.11,59191916.0,1072568345.0,1861755355.0,0.03179360587900659
2020-07-16,17.1,17.36,16.35,16.51,50625651.0,891053178.0,1861755355.0,0.02719242937265514
2020-07-17,16.63,16.74,16.36,16.54,28201154.0,486586058.0,1861761381.9999998,0.015147566316852523
2020-07-20,16.61,17.07,16.47,17.07,42673564.0,745924069.0,1861761381.9999998,0.022921070558547016
2020-07-21,17.08,17.13,16.7,16.84,33620387.0,590190501.0,1861761381.9999998,0.01805837596861272
2020-07-22,16.78,16.89,16.54,16.63,49458745.0,859904505.0,1861761381.9999998,0.026565566069948702
2020-07-23,16.31,16.31,15.71,15.98,74598735.0,1242402420.0,1861761381.9999998,0.04006890234228739
2020-07-24,15.95,15.96,15.26,15.42,57103152.0,932068226.0,1861761381.9999998,0.030671574000883432
2020-07-27,15.49,15.59,15.3,15.59,23804511.0,383229458.0,1861761381.9999998,0.012786016097523717
2020-07-28,15.65,15.87,15.61,15.74,22426422.0,368320723.0,1905121815.0,0.011771647263406093
2020-07-29,15.75,15.97,15.54,15.96,29027484.0,479355337.0,1905121815.0,0.015236550110051624
2020-07-30,15.97,16.08,15.77,15.8,22744926.0,376611814.0,1905121815.0,0.011938830273695649
2020-07-31,15.78,15.98,15.69,15.85,24677112.0,407809497.0,1905121815.0,0.012953036286553676
2020-08-03,15.85,16.17,15.82,16.14,42199278.0,705487533.0,1905121815.0,0.022150435561518148
2020-08-04,16.15,16.18,15.82,15.98,35428141.0,590566800.0,1905121815.0,0.01859626020816942
2020-08-05,16.07,16.14,15.89,16.09,30504322.0,510398218.0,1905121815.0,0.01601174358501585
2020-08-06,16.04,16.04,15.73,15.94,36126667.0,597441286.0,1905121815.0,0.018962917077299857
2020-08-07,15.93,15.93,15.55,15.63,28196032.0,460797486.0,1905121815.0,0.014800120274723745
2020-08-10,15.58,15.81,15.5,15.76,20044811.0,328636128.0,1905121815.0,0.010521537700202126
2020-08-11,15.79,16.0,15.63,15.65,30464652.0,503136258.0,1905121815.0,0.015990920769546696
2020-08-12,15.63,15.76,15.46,15.75,25226106.0,409616049.0,1905121815.0,0.013241203686494975
2020-08-13,15.75,15.84,15.71,15.75,18026425.0,296592205.0,1905121815.0,0.009462085236791012
2020-08-14,15.76,15.92,15.54,15.91,23103166.0,380363576.0,1905121815.0,0.012126870742908373
2020-08-17,15.94,16.3,15.87,16.29,46532973.0,784727464.0,1905121815.0,0.024425195614066284
2020-08-18,16.29,16.29,16.04,16.11,32814317.0,552281718.0,1905121815.0,0.017224261851203463
2020-08-19,16.1,16.1,15.75,15.76,25371087.0,420395068.0,1905121815.0,0.013317304332059207
2020-08-20,15.67,15.82,15.58,15.72,15121813.0,247732313.0,1905121815.0,0.007937452020620529
2020-08-21,15.74,15.88,15.67,15.73,13736799.0,225912012.0,1905121815.0,0.007210457038412528
2020-08-24,15.76,15.93,15.65,15.82,16955467.0,279004950.0,1905121815.0,0.008899938506031962
2020-08-25,15.87,16.12,15.82,16.0,27294167.0,455609205.0,1905121815.0,0.014326730598064146
2020-08-26,16.01,16.04,15.63,15.67,23451570.0,386675730.0,1905121815.0,0.012309748287670518
2020-08-27,15.71,15.83,15.66,15.76,15474398.0,254103468.0,1905121815.0,0.008122524175704743
2020-08-28,15.8,15.81,15.58,15.79,20473822.0,335186846.0,1905121815.0,0.010746725925239588
2020-08-31,15.73,15.89,15.68,15.68,26192353.0,430927363.0,1905121815.0,0.013748387527650036
2020-09-01,15.63,15.73,15.53,15.61,21447300.0,348668726.0,1905121815.0,0.011257705324213087
2020-09-02,15.63,15.67,15.5,15.55,19053236.0,308919287.0,1905121815.0,0.010001059171116572
2020-09-03,15.54,15.55,15.31,15.36,27332355.0,438646982.0,1905121815.0,0.014346775510520307
2020-09-04,15.18,15.33,15.06,15.32,17579314.0,279370802.0,1905121815.0,0.009227396306939039
2020-09-07,15.34,15.73,15.34,15.43,25171917.0,407300877.0,1905121815.0,0.013212759836042295
2020-09-08,15.49,15.55,15.35,15.46,13775955.0,221843091.0,1905121815.0,0.00723101005486098
2020-09-09,15.35,15.44,15.15,15.16,18197929.0,289698069.0,1905121815.0,0.009552107826763823
2020-09-10,15.26,15.3,14.29,14.38,32806986.0,503917445.0,1905121815.0,0.017220413803303178
2020-09-11,14.36,14.5,13.81,14.3,36856416.0,541460774.0,1905121815.0,0.019345962924685736
2020-09-14,14.31,14.43,14.16,14.24,17805415.0,264936986.0,1905121815.0,0.009346076906898471
2020-09-15,14.29,14.32,14.15,14.24,10632860.0,157763897.0,1905121815.0,0.00558119691679663
2020-09-16,14.24,14.85,14.17,14.56,27397082.0,416661849.0,1905121815.0,0.014380750765798145
2020-09-17,14.56,14.68,14.35,14.49,13695917.0,206996933.0,1905121815.0,0.007188998043151377
2020-09-18,14.47,14.62,14.44,14.6,12359686.0,187481648.0,1905121815.0,0.006487609297571347
2020-09-21,14.62,14.91,14.61,14.7,14304226.0,220233348.0,1905121815.0,0.007508299935140893
2020-09-22,14.6,14.64,14.41,14.44,9843902.0,149122564.0,1905121815.0,0.005167072216849294
2020-09-23,14.48,14.54,14.37,14.4,8086211.0,121624912.0,1905121815.0,0.004244458772312153
2020-09-24,14.44,14.6,14.24,14.26,12448336.0,186575639.0,1905121815.0,0.006534141755129711
2020-09-25,14.25,14.34,14.03,14.07,9638471.0,141961958.0,1905121815.0,0.005059241316807871
2020-09-28,14.01,14.13,13.91,13.93,7552258.0,110160740.0,1905121815.0,0.00396418640558163
2020-09-29,14.0,14.13,13.91,13.91,7350794.0,107361604.0,1905121815.0,0.0038584377870871213
2020-09-30,13.99,14.02,13.83,13.83,7229370.0,104893418.0,1905123032.0,0.0037946998060333146
2020-10-09,13.98,14.19,13.97,14.13,8647939.0,127316123.0,1905123032.0,0.004539307359546951
2020-10-12,14.16,14.53,14.16,14.5,13893638.0,208981091.0,1905123032.0,0.0072927772992248405
2020-10-13,14.52,14.6,14.4,14.45,10858397.0,164028678.0,1905123032.0,0.005699577831779633
2020-10-14,14.48,14.74,14.45,14.52,15678004.0,238041386.0,1905123032.0,0.008229391874781555
2020-10-15,14.55,14.64,14.43,14.49,10066176.0,152316426.0,1905123032.0,0.005283740646100173
2020-10-16,14.45,14.65,14.43,14.63,11999715.0,182350359.0,1905123032.0,0.006298656201433189
2020-10-19,15.91,15.91,15.03,15.07,66966893.0,1080133588.0,1905123032.0,0.035150954492266094
2020-10-20,14.87,15.01,14.75,14.98,20880097.0,324177968.0,1905123032.0,0.010959973003990223
2020-10-21,14.94,15.05,14.61,14.99,23276075.0,358382714.0,1905123032.0,0.012217623013861081
2020-10-22,14.9,14.91,14.7,14.78,11545321.0,178233811.0,1905123032.0,0.00606014457128247
2020-10-23,14.72,14.9,14.56,14.59,10754120.0,164918156.0,1905123032.0,0.005644842784095846
2020-10-26,14.54,14.56,14.27,14.32,12007017.0,180205713.0,1905123032.0,0.006302489024761315
2020-10-27,14.19,14.4,14.19,14.28,7585012.0,112946982.0,1905123032.0,0.003981376463669775
2020-10-28,14.28,14.39,14.02,14.13,16609874.0,244986416.0,1905123032.0,0.008718530888035581
2020-10-29,13.96,14.17,13.91,14.12,10310373.0,151225769.0,1905123032.0,0.005411919769389466
2020-10-30,14.08,14.33,14.0,14.06,10450171.0,154080496.0,1905123032.0,0.0054852998071360255
2020-11-02,14.06,14.2,14.04,14.13,9976093.0,146726926.0,1905123032.0,0.005236456035874537
2020-11-03,14.14,14.41,14.14,14.36,11956002.0,178748405.0,1905123032.0,0.006275711226612266
2020-11-04,14.38,14.53,14.25,14.37,8774048.0,131529244.0,1905123032.0,0.00460550203457936
2020-11-05,14.53,14.84,14.4,14.79,25910663.0,396392645.0,1905123032.0,0.013600519528021748
2020-11-06,14.77,14.84,14.53,14.61,16777109.0,256276924.0,1905123032.0,0.008806312620338947
2020-11-09,14.76,15.09,14.7,14.97,29720528.0,463002474.0,1905123032.0,0.015600319507344028
2020-11-10,14.96,14.96,14.63,14.72,17279664.0,266076084.0,1905123032.0,0.00907010398265974
2020-11-11,14.65,14.72,14.37,14.39,14543193.0,219589553.0,1905123032.0,0.007633729032572002
2020-11-12,14.38,14.58,14.33,14.41,9584129.0,144202342.0,1905123032.0,0.005030713942888283
2020-11-13,14.4,14.42,14.25,14.39,8091346.0,121053790.0,1905123032.0,0.004247151424916477
2020-11-16,14.39,14.48,14.31,14.4,8502120.0,127679411.0,1952765152.0,0.0043538876097272755
2020-11-17,14.41,14.43,14.26,14.32,9635645.0,143714427.0,1952765152.0,0.004934359357105119
2020-11-18,14.25,14.41,14.24,14.32,10116541.0,151067454.0,1952765152.0,0.005180623481343239
2020-11-19,14.33,14.4,14.24,14.38,9105854.0,136336188.0,1952765152.0,0.004663056379654198
2020-11-20,14.38,14.53,14.36,14.51,10691913.0,161229933.0,1952765152.0,0.005475268231333125
2020-11-23,14.51,14.57,14.38,14.47,13587471.0,204860229.0,1952765152.0,0.006958067121427206
2020-11-24,14.46,14.64,14.45,14.53,13083762.0,198503739.0,1952765152.0,0.006700120588796743
2020-11-25,14.56,14.6,14.4,14.41,15238329.0,230419525.0,1952765152.0,0.007803462174851428
2020-11-26,14.47,14.47,14.25,14.26,13503137.0,201696959.0,1952765152.0,0.0069148801565668255
2020-11-27,14.26,14.31,14.04,14.17,15693044.0,231631741.0,1952765152.0,0.008036319156928503
2020-11-30,14.17,14.29,14.1,14.2,12688064.0,187973704.0,1952765152.0,0.006497485878936865
2020-12-01,14.14,14.35,14.14,14.32,10674417.0,158820187.0,1952765152.0,0.00546630862859642
2020-12-02,14.34,14.43,14.28,14.36,14846647.0,222099705.0,1952765152.0,0.007602884035898649
2020-12-03,14.36,14.39,14.2,14.23,13901462.0,206959861.0,1952765152.0,0.007118860138282517
2020-12-04,14.22,14.27,14.16,14.25,10938738.0,162082403.0,1952765152.0,0.005601665919118163
2020-12-07,14.32,14.35,14.11,14.16,11238483.0,166136552.0,1952765152.0,0.005755163639872246
2020-12-08,14.12,14.17,14.0,14.0,12536707.0,183593699.0,1952765152.0,0.006419976814498173
2020-12-09,14.0,14.04,13.82,13.83,14180148.0,205459461.0,1952765152.0,0.007261573664133064
2020-12-10,13.83,14.04,13.77,13.89,11792072.0,171166921.0,1952765152.0,0.006038653438649647
2020-12-11,13.89,13.93,13.45,13.52,19504019.0,276290177.0,1952765152.0,0.009987897920046455
2020-12-14,13.59,13.59,13.43,13.53,8113534.0,114165702.0,1952765152.0,0.004154894914880169
2020-12-15,13.53,13.61,13.46,13.53,6471898.0,91348352.0,1952765152.0,0.0033142223955459032
2020-12-16,13.55,13.59,13.23,13.23,13525432.0,188538843.0,1905123864.0,0.007099502691442849
2020-12-17,13.21,13.31,12.91,13.3,13948040.0,190975705.0,1905123864.0,0.007321329737959757
2020-12-18,13.43,13.61,13.4,13.44,12011023.0,168925148.0,1905123864.0,0.006304589022774427
2020-12-21,13.5,13.78,13.5,13.69,12343924.0,175963866.0,1905123864.0,0.006479328842211175
2020-12-22,13.69,13.71,13.25,13.25,14060678.0,197623577.0,1905123864.0,0.007380453452763006
2020-12-23,13.36,13.41,13.16,13.23,10284071.0,142407462.0,1905123864.0,0.005398111479432919
2020-12-24,13.32,13.32,12.95,13.23,13481389.0,183869966.0,1905123864.0,0.007076384509558587
2020-12-25,13.17,13.28,13.09,13.2,7140969.0,98281714.0,1905123864.0,0.0037482964414748414
2020-12-28,13.23,13.23,12.95,12.99,10692828.0,145242437.0,1905123864.0,0.0056126681325325105
2020-12-29,12.97,13.52,12.95,13.4,19547544.0,272293285.0,1905123864.0,0.010260510809495587
2020-12-30,13.28,13.36,13.16,13.29,10574717.0,146389714.0,1905123864.0,0.0055506716386394496
2020-12-31,13.33,13.44,13.27,13.42,11578756.0,161530502.0,1905123864.0,0.006077691964704716
2021-01-04,13.42,13.69,13.24,13.62,17101550.0,239916302.0,1905123864.0,0.008976607937760839
2021-01-05,13.57,13.6,13.37,13.53,16101325.0,226333427.0,1905123864.0,0.008451589581264098
2021-01-06,13.54,13.57,13.27,13.31,14311966.0,199103021.0,1905123864.0,0.007512354587774981
2021-01-07,13.25,13.29,12.93,13.02,17777462.0,241547981.0,1905123864.0,0.009331394318201664
2021-01-08,13.01,13.25,12.72,13.25,17760881.0,242763234.0,1905123864.0,0.009322690947091091
2021-01-11,13.26,13.49,13.19,13.23,16724252.0,232455380.0,1905123864.0,0.008778564121749934
2021-01-12,13.21,13.4,13.09,13.17,12789609.0,175772266.0,1905123864.0,0.006713269011888247
2021-01-13,13.21,13.49,12.96,13.41,24320398.0,336465324.0,1905123864.0,0.012765783086112242
2021-01-14,13.41,13.86,13.35,13.74,34650198.0,492433205.0,1905123864.0,0.018187897729257566
2021-01-15,13.81,13.81,13.45,13.5,18980078.0,268508397.0,1905123864.0,0.009962647761993496
2021-01-18,13.46,13.63,13.36,13.52,16068265.0,226831009.0,1905123864.0,0.008434236378868854
2021-01-19,13.54,13.59,13.2,13.23,20277059.0,282122053.0,1905123864.0,0.010643433418248338
2021-01-20,13.23,13.25,13.06,13.09,13708111.0,187429414.0,1905123864.0,0.007195390944932282
2021-01-21,13.14,13.2,12.99,13.11,13747708.0,187903475.0,1905123864.0,0.007216175420287529
2021-01-22,13.08,13.08,12.81,12.86,20545119.0,276189670.0,1905123864.0,0.010784138180319387
2021-01-25,12.83,12.85,12.48,12.53,23636929.0,309925808.0,1905123864.0,0.012407030034452395
2021-01-26,12.53,12.66,12.49,12.53,11491545.0,150271697.0,1905123864.0,0.006031914888658389
2021-01-27,12.53,12.63,12.44,12.52,9576733.0,125139445.0,1905123864.0,0.005026829583611787
2021-01-28,12.4,12.47,12.05,12.06,20390007.0,259037062.0,1905123864.0,0.010702719852130307
2021-01-29,12.06,12.19,11.68,11.81,16070496.0,199262018.0,1905123864.0,0.008435407431335393
2021-02-01,11.82,12.02,11.82,11.92,9424264.0,116797472.0,1905123864.0,0.00494679856679387
2021-02-02,11.91,11.97,11.82,11.84,8309034.0,102902141.0,1905123864.0,0.004361414056592805
2021-02-03,11.8,11.81,11.18,11.23,27351246.0,324643664.0,1905123864.0,0.014356675970964584
2021-02-04,11.23,11.23,10.56,10.83,27609152.0,309982165.0,1905123864.0,0.014492050895857131
2021-02-05,11.36,11.76,11.36,11.43,35938276.0,433140311.0,1905123864.0,0.018864010198551582
2021-02-08,11.41,11.54,11.14,11.19,20778436.0,245501986.0,1905123864.0,0.010906606332867814
2021-02-09,11.26,11.48,11.09,11.43,13456789.0,158947446.0,1905123864.0,0.007063471963311673
2021-02-10,11.42,11.59,11.33,11.59,14465010.0,173466791.0,1905123864.0,0.007592687422238915
2021-02-18,11.69,11.96,11.67,11.86,17671206.0,218132772.0,1905123864.0,0.009275620516819058
2021-02-19,11.85,12.38,11.81,12.35,22962188.0,292110262.0,1905123864.0,0.012052858312208932
2021-02-22,12.36,12.8,12.31,12.34,29505536.0,386514332.0,1905123864.0,0.015487463339024133
2021-02-23,12.34,12.59,12.18,12.39,17776040.0,229411299.0,1905123864.0,0.009330647910040561
2021-02-24,12.38,12.69,12.32,12.49,17732643.0,231278285.0,1905123864.0,0.009307868813720345
2021-02-25,12.54,12.64,12.24,12.26,15132764.0,195069880.0,1905123864.0,0.007943191666408101
2021-02-26,12.11,12.42,12.08,12.3,13856553.0,177936383.0,1905123864.0,0.007273308188427584
2021-03-01,12.45,12.71,12.37,12.64,18494091.0,242407782.0,1905123864.0,0.009707553062282149
2021-03-02,12.72,12.77,12.54,12.67,14919710.0,196754569.0,1905123864.0,0.007831359567705252
2021-03-03,12.68,12.75,12.56,12.69,14099085.0,185994703.0,1905123864.0,0.007400613296816064
2021-03-04,12.66,12.79,12.4,12.43,16492314.0,216261064.0,1905123864.0,0.00865681980665169
2021-03-05,12.46,12.69,12.4,12.6,13144420.0,172397804.0,1905123864.0,0.006899509395888812
2021-03-08,12.64,12.78,12.44,12.44,15600142.0,205405952.0,1905123864.0,0.008188518497293885
2021-03-09,12.41,12.56,11.89,12.23,18790714.0,240145744.0,1905123864.0,0.009863250550306476
2021-03-10,12.31,12.36,11.93,11.94,12022567.0,151425798.0,1905123864.0,0.006310648471305905
2021-03-11,11.94,12.07,11.8,11.99,12488118.0,155457595.0,1905123864.0,0.006555016309427742
2021-03-12,12.0,12.14,11.81,12.09,11905716.0,148978760.0,1952765152.0,0.006096849888890274
2021-03-15,12.09,12.31,11.97,12.15,12142988.0,153949249.0,1952765152.0,0.006218355539355713
2021-03-16,12.13,12.22,12.0,12.02,9715244.0,122305789.0,1952765152.0,0.004975121555221199
2021-03-17,12.0,12.09,11.91,12.02,8736552.0,109238392.0,1952765152.0,0.004473938912240482
2021-03-18,12.01,12.13,11.89,11.92,10865447.0,135678410.0,1952765152.0,0.005564134012157955
2021-03-19,11.87,12.06,11.77,11.92,10022623.0,124519001.0,1952765152.0,0.0051325286042384274
2021-03-22,11.89,11.96,11.84,11.89,8286798.0,102735378.0,1952765152.0,0.004243622430230668
2021-03-23,11.91,11.96,11.73,11.78,9201503.0,113389072.0,1952765152.0,0.004712037692077783
2021-03-24,11.72,11.77,11.54,11.55,10930570.0,132462718.0,1952765152.0,0.00559748313247245
2021-03-25,11.56,11.64,11.52,11.57,7876171.0,94931105.0,1952765152.0,0.004033342663828938
2021-03-26,11.66,12.18,11.66,12.05,20230289.0,252786708.0,1952765152.0,0.010359816683168668
2021-03-29,12.14,12.18,11.91,11.97,11905421.0,149579084.0,1952765152.0,0.0060966988210572086
2021-03-30,11.9,11.99,11.71,11.71,10185297.0,124935469.0,1952765152.0,0.005215833040429022
2021-03-31,11.7,11.79,11.65,11.76,6516306.0,79761487.0,1952765549.0,0.0033369628030036494
2021-04-01,11.79,11.82,11.7,11.73,6173966.0,75514796.0,1952765549.0,0.003161652459078691
2021-04-02,11.73,11.79,11.71,11.78,5713246.0,70053865.0,1952765549.0,0.0029257203983989377
2021-04-06,11.77,11.84,11.76,11.8,5927951.0,72937156.0,1952765549.0,0.003035669593329148
2021-04-07,11.8,11.87,11.72,11.78,6692972.0,82239253.0,1952765549.0,0.00342743244493812
2021-04-08,11.82,11.84,11.7,11.7,7914302.0,97069462.0,1952765549.0,0.004052868509510969
2021-04-09,11.69,11.7,11.54,11.56,8552224.0,103199823.0,1952765549.0,0.0043795446946406575
2021-04-12,11.56,11.82,11.53,11.56,9428009.0,114760714.0,1952765549.0,0.004828029153232465
2021-04-13,11.56,11.78,11.56,11.71,8468612.0,103225663.0,1952765549.0,0.004336727470605331
2021-04-14,11.67,11.78,11.63,11.71,6690167.0,81537309.0,1952765549.0,0.003425996020580144
2021-04-15,11.68,11.68,11.56,11.56,5901031.0,71281089.0,1952765549.0,0.00302188401624654
2021-04-16,11.59,11.68,11.56,11.67,6041003.0,73235561.0,1952765549.0,0.0030935628719451565
2021-04-19,11.68,11.84,11.65,11.83,10910882.0,133886147.0,1952765549.0,0.0055873998829953754
2021-04-20,11.86,11.87,11.66,11.67,10971891.0,134513548.0,1952765549.0,0.005618642240804915
2021-04-21,11.69,11.7,11.56,11.57,7760665.0,93728007.0,1952765549.0,0.0039741918859507695
2021-04-22,11.58,11.64,11.54,11.56,7543319.0,91013596.0,1952765549.0,0.003862890250118807
2021-04-23,11.56,11.59,11.38,11.43,10783089.0,128558133.0,1952765549.0,0.005521957823109875
2021-04-26,11.42,11.43,11.24,11.27,9312696.0,109842426.0,1952765549.0,0.004768978029527906
2021-04-27,11.24,11.34,11.07,11.13,8036243.0,93506476.0,1952765549.0,0.004115313793873163
2021-04-28,11.12,11.35,10.96,11.34,8629246.0,100643934.0,1952765549.0,0.004418987217599669
2021-04-29,11.27,11.37,11.22,11.23,7361081.0,86612023.0,1952765549.0,0.0037695672190497047
2021-04-30,11.23,11.26,11.02,11.1,8130533.0,94286466.0,1952765549.0,0.004163599160259458
2021-05-06,11.1,11.24,11.05,11.11,5943970.0,69045704.0,1952765549.0,0.0030438728310440916
2021-05-07,11.12,11.36,11.11,11.25,9145387.0,107090220.0,1952765549.0,0.004683300053446406
2021-05-10,11.19,11.22,11.04,11.08,8196092.0,94848765.0,1952765549.0,0.004197171546884966
2021-05-11,11.05,11.12,10.97,11.07,7612483.0,87598907.0,1952765549.0,0.0038983087364985055
2021-05-12,11.0,11.07,10.91,11.04,7121478.0,81537536.0,1952765549.0,0.003646867901600818
2021-05-13,10.99,11.16,10.96,11.11,7118066.0,82293623.0,1952765549.0,0.0036451206360359647
2021-05-14,11.12,11.21,11.05,11.2,8173119.0,94956581.0,1952765549.0,0.00418540720578843
2021-05-17,11.31,11.62,11.24,11.45,17351421.0,206897345.0,1952765549.0,0.008885562841317824
2021-05-18,11.51,11.52,11.32,11.42,8039221.0,95570800.0,1952765549.0,0.00411683881053557
2021-05-19,11.41,11.42,11.3,11.34,6660442.0,78772558.0,1952765549.0,0.0034107740191395603
2021-05-20,11.3,11.34,11.23,11.25,6754341.0,79325519.0,1952765549.0,0.003458859156675956
2021-05-21,11.24,11.33,11.04,11.04,11194459.0,129958820.0,1952765549.0,0.005732618032785666
2021-05-24,11.25,11.37,11.12,11.14,10856496.0,127069859.0,1952765549.0,0.005559549125372244
2021-05-25,11.1,11.27,11.05,11.26,11039252.0,128650740.0,1952765549.0,0.005653137421260395
2021-05-26,11.21,11.36,11.2,11.27,8944724.0,105287919.0,1952765549.0,0.004580541685908246
2021-05-27,11.24,11.49,11.23,11.49,15801083.0,188088622.0,1952765549.0,0.008091643673297925
2021-05-28,11.49,11.59,11.36,11.41,11101675.0,132436824.0,1952765549.0,0.005685103880332744
2021-05-31,11.44,11.5,11.34,11.36,10760473.0,127709361.0,1952765549.0,0.0055103762996589
2021-06-01,11.41,11.55,11.33,11.49,13745982.0,164266841.0,1952765549.0,0.007039238277753946
2021-06-02,11.47,11.49,11.24,11.26,12125646.0,143435076.0,1952765549.0,0.006209473536753797
2021-06-03,11.25,11.59,11.22,11.45,19360510.0,231813099.0,1952765549.0,0.009914405756448544
2021-06-04,11.41,11.59,11.39,11.55,15363309.0,184523930.0,1952765549.0,0.007867462127170086
2021-06-07,11.67,11.79,11.59,11.59,18692945.0,227563809.0,1952765549.0,0.009572549561606384
2021-06-08,11.61,11.72,11.55,11.64,15411097.0,187125094.0,1952765549.0,0.00789193408696294
2021-06-09,11.62,11.78,11.51,11.53,18491241.0,224246543.0,1952765549.0,0.0094692581039589
2021-06-10,11.41,11.67,11.4,11.64,23308889.0,280868582.0,1952765549.0,0.01193634792048454
2021-06-11,11.54,11.63,11.04,11.05,50325409.0,590525801.0,1952765549.0,0.025771352339645358
2021-06-15,11.08,11.17,10.86,10.93,18620287.0,213490507.0,1952765549.0,0.00953534181793372
2021-06-16,10.91,11.24,10.89,10.99,22510834.0,258739150.0,2281482029.0,0.009866759287982101
2021-06-17,10.91,11.1,10.91,11.06,17648573.0,202946451.0,2281482029.0,0.007735573971509902
2021-06-18,11.06,11.14,10.98,11.09,13277158.0,153309730.0,2281482029.0,0.005819532142367798
2021-06-21,11.09,11.11,10.94,10.97,15014591.0,172381968.0,2281482029.0,0.00658106915116972
2021-06-22,10.94,11.05,10.94,10.99,12959530.0,148327637.0,2281482029.0,0.005680312110843281
2021-06-23,10.95,11.12,10.79,11.08,26704826.0,304021310.0,2281482029.0,0.011705034561111593
2021-06-24,11.05,11.28,11.01,11.22,25715967.0,299862538.0,2281482029.0,0.011271606207335153
2021-06-25,11.22,11.25,11.07,11.12,16347173.0,189784840.0,2281482029.0,0.007165155277232297
2021-06-28,11.13,11.25,11.11,11.12,14046686.0,163460181.0,2281482029.0,0.006156825178306061
2021-06-29,11.12,11.14,10.9,10.91,14557931.0,166296096.0,2281482029.0,0.006380909783620303
2021-06-30,10.91,10.97,10.87,10.93,11932287.0,135793614.0,2281483491.0,0.005230056253779835
2021-07-01,10.93,10.95,10.71,10.72,18589216.0,209436401.0,2281483491.0,0.00814786347274954
2021-07-02,10.72,10.78,10.56,10.6,18080416.0,200624917.0,2281483491.0,0.007924850682165203
2021-07-05,10.6,10.67,10.56,10.64,9608109.0,106343694.0,2281483491.0,0.004211342767941159
2021-07-06,10.95,11.16,10.94,11.01,33546426.0,386597685.0,2281483491.0,0.014703777665862583
2021-07-07,11.03,11.49,11.02,11.35,42027930.0,494937814.0,2281483491.0,0.018421316729133413
2021-07-08,11.34,11.42,11.22,11.36,27946320.0,329436212.0,2281483491.0,0.012249187912269666
2021-07-09,11.3,11.63,11.26,11.56,31233743.0,373764551.0,2281483491.0,0.013690102568443262
2021-07-12,11.63,11.76,11.51,11.57,29154440.0,352685575.0,2281483491.0,0.012778720562742832
2021-07-13,11.57,11.76,11.51,11.63,23650549.0,286889270.0,2281483491.0,0.010366302931095809
2021-07-14,11.64,11.8,11.56,11.62,26503960.0,322577564.0,2281483491.0,0.011616985222357675
2021-07-15,11.59,11.68,11.38,11.63,25977163.0,311558976.0,2281483491.0,0.011386084143266764
2021-07-16,11.63,11.77,11.56,11.59,17811492.0,216162688.0,2281483491.0,0.00780697825351917
2021-07-19,11.56,11.73,11.33,11.65,23013297.0,276400571.0,2281483491.0,0.010086988177114975
2021-07-20,11.56,11.75,11.53,11.62,16315341.0,197894206.0,2281483491.0,0.007151198360347898
2021-07-21,11.62,11.65,11.43,11.54,18545009.0,223240528.0,2281483491.0,0.008128487045011012
2021-07-22,11.58,11.67,11.46,11.65,19331662.0,231903125.0,2281483491.0,0.008473285945859162
2021-07-23,11.62,11.72,11.48,11.48,17524005.0,209830735.0,2281483491.0,0.007680969452169488
2021-07-26,11.48,11.5,10.99,11.1,25104928.0,291567153.0,2281483491.0,0.011003773684549533
2021-07-27,11.09,11.84,11.08,11.58,45496631.0,546649719.0,2281483491.0,0.01994168758155612
2021-07-28,11.54,12.22,11.26,12.11,85947336.0,1063609717.0,2281483491.0,0.037671688766999716
2021-07-29,12.22,12.59,12.03,12.42,77276418.0,984260276.0,2281483491.0,0.03387112740672468
2021-07-30,12.11,12.4,11.93,12.29,55293919.0,699995176.0,2281483491.0,0.024235949643345456
2021-08-02,12.31,12.99,12.28,12.81,69297487.0,916684157.0,2281483491.0,0.03037387176955908
2021-08-03,12.88,13.11,12.61,12.64,53679469.0,712119075.0,2281483491.0,0.023528317961429422
2021-08-04,12.72,12.8,12.53,12.58,38896140.0,509125104.0,2281483491.0,0.017048617775862748
2021-08-05,12.47,12.77,12.35,12.38,35521819.0,459873844.0,2281483491.0,0.015569614744146311
2021-08-06,12.38,12.81,12.36,12.71,42129055.0,551213839.0,2281483491.0,0.018465640959573353
2021-08-09,12.77,12.82,12.46,12.65,30423322.0,398034634.0,2281483491.0,0.013334885884563255
2021-08-10,12.6,12.66,12.27,12.44,34143635.0,440254673.0,2281483491.0,0.014965541120367458
2021-08-11,12.37,12.6,12.23,12.42,31847256.0,410084751.0,2281483491.0,0.013959012250420006
2021-08-12,12.38,12.53,12.29,12.43,23258032.0,299931887.0,2281483491.0,0.010194258293670905
2021-08-13,12.56,12.65,12.17,12.24,31225460.0,400175772.0,2281483491.0,0.013686472035926734
2021-08-16,12.16,12.35,12.03,12.18,24081854.0,304613140.0,2281483491.0,0.010555348787312352
2021-08-17,12.16,12.4,11.85,11.85,29520303.0,370099446.0,2281483491.0,0.01293908245071759
2021-08-18,11.81,12.03,11.64,12.02,21922531.0,270555071.0,2281483491.0,0.00960889311120595
2021-08-19,12.01,12.13,11.94,12.02,15884952.0,198255443.0,2281483491.0,0.006962553997284217
2021-08-20,11.95,11.98,11.76,11.9,16309217.0,200492740.0,2281483491.0,0.007148514141932925
2021-08-23,11.93,12.28,11.9,12.27,22815136.0,287574745.0,2281483491.0,0.010000131971149994
2021-08-24,12.27,12.34,12.14,12.19,24713168.0,313527165.0,2281483491.0,0.01083206084878043
2021-08-25,12.16,12.23,11.85,11.96,26791120.0,333239529.0,2281483491.0,0.011742850695911522
2021-08-26,11.86,12.1,11.82,11.86,15482538.0,191662739.0,2281483491.0,0.006786171392900954
2021-08-27,11.82,12.03,11.68,12.0,20853131.0,256393558.0,2281483491.0,0.009140163004580776
2021-08-30,12.05,12.17,11.76,11.78,22098004.0,274198571.0,2281483491.0,0.009685804910345503
2021-08-31,11.71,11.84,11.66,11.79,19015092.0,231569876.0,2281483491.0,0.00833452973690617
2021-09-01,11.75,12.13,11.68,12.11,32746241.0,406415342.0,2281483491.0,0.0143530475364724
2021-09-02,12.1,12.48,11.98,12.45,43627221.0,557003142.0,2281483491.0,0.019122304050018656
2021-09-03,12.52,12.53,12.29,12.35,28900336.0,371509254.0,2281483491.0,0.01266734390759613
2021-09-06,12.43,12.86,12.36,12.82,60524364.0,797300881.0,2281483491.0,0.026528512802637676
2021-09-07,12.88,13.48,12.88,12.96,104355933.0,1423121348.0,2281483491.0,0.04574038489064833
2021-09-08,13.09,13.33,12.84,13.29,68540184.0,932997396.0,2281483491.0,0.03004193730543194
2021-09-09,13.29,13.86,13.07,13.37,86492931.0,1211059515.0,2281483491.0,0.037910829221950305
2021-09-10,13.3,13.44,13.08,13.14,50393409.0,690330680.0,2281483491.0,0.02208800072356079
2021-09-13,13.23,13.26,12.92,13.01,42152973.0,570326004.0,2281483491.0,0.018476124489300545
2021-09-14,13.07,13.17,12.54,12.6,50181450.0,666921015.0,2281483491.0,0.02199509669824738
2021-09-15,12.58,13.06,12.54,12.87,39039954.0,519148534.0,2281483491.0,0.0171116530774844
2021-09-16,12.77,13.14,12.73,12.95,48348580.0,650152926.0,2281483491.0,0.021191729061694097
2021-09-17,12.73,13.43,12.72,13.23,60732884.0,832464329.0,2281483491.0,0.026619909475382657
2021-09-22,13.14,13.54,13.14,13.47,57904650.0,801438109.0,2281483491.0,0.025380262547777515
2021-09-23,13.42,13.58,13.21,13.34,52091153.0,723617596.0,2281483491.0,0.022832141107086364
2021-09-24,13.32,13.4,12.93,13.17,44739948.0,609835019.0,2281483491.0,0.019610024870436372
2021-09-27,13.3,13.4,12.59,12.84,41305260.0,553475753.0,2281483491.0,0.018104562300337065
2021-09-28,12.84,13.54,12.73,13.54,68279872.0,942165340.0,2281483491.0,0.029927839613720877
2021-09-29,13.44,13.46,12.99,13.0,47581073.0,649347556.0,2281483491.0,0.02085532206903881
2021-09-30,13.13,13.44,12.82,13.3,40244985.0,549591017.0,2281486498.0,0.017639808535040474
2021-10-08,13.48,13.54,12.92,13.01,39913845.0,544434930.0,2281486498.0,0.01749466632171145
2021-10-11,13.45,14.31,13.42,14.31,149254062.0,2165765006.0,2281486498.0,0.06541965605794263
2021-10-12,14.44,14.7,14.12,14.17,171541954.0,2565556550.0,2281486498.0,0.0751886781492581
2021-10-13,14.24,14.53,13.8,14.18,76326587.0,1111956015.0,2281486498.0,0.03345476165075249
2021-10-14,13.99,14.38,13.82,13.97,48401196.0,706854670.0,2281486498.0,0.021214763288070967
2021-10-15,14.07,14.29,13.71,14.05,64736679.0,944107121.0,2281486498.0,0.028374780677750913
2021-10-18,14.12,14.39,13.85,14.09,54137864.0,791844748.0,2281486498.0,0.023729206395680366
2021-10-19,14.34,14.34,13.65,13.8,67977748.0,980017414.0,2281486498.0,0.029795375979472485
2021-10-20,13.87,14.6,13.81,14.18,78127303.0,1155007291.0,2281486498.0,0.03424403478542962
2021-10-21,14.11,14.16,13.74,13.81,49214770.0,709252493.0,2281486498.0,0.021571361497489783
2021-10-22,13.76,13.95,13.64,13.85,35150440.0,503433925.0,2281486498.0,0.015406814824814274
2021-10-25,13.88,13.99,13.52,13.93,34004089.0,486714052.0,2281486498.0,0.014904356887410342
2021-10-26,13.97,14.17,13.74,14.09,52870272.0,768977705.0,2281486498.0,0.023173607227720706
2021-10-27,14.03,14.09,13.8,13.91,34484444.0,497261884.0,2281486498.0,0.015114901635503783
2021-10-28,13.93,14.46,13.88,14.19,79865425.0,1174145940.0,2281486498.0,0.035005872298613974
2021-10-29,14.28,14.74,14.05,14.65,83345161.0,1251174542.0,2281486498.0,0.03653107790603282
2021-11-01,14.9,15.6,14.89,15.36,175031741.0,2796709545.0,2281486498.0,0.07671828921776946
2021-11-02,15.51,16.55,15.29,15.41,175197641.0,2868866434.0,2281486498.0,0.07679100496697307
2021-11-03,15.42,15.42,14.64,14.8,103615771.0,1604401957.0,2281486498.0,0.04541590366229728
2021-11-04,14.79,16.04,14.72,15.69,156503375.0,2540306808.0,2281486498.0,0.06859710769149596
2021-11-05,15.56,15.65,15.14,15.2,94818060.0,1513629562.0,2281486498.0,0.041559772579464985
2021-11-08,15.04,15.35,14.73,14.88,73749432.0,1146306021.0,2281486498.0,0.032325166975412885
2021-11-09,14.94,15.61,14.89,15.04,72928986.0,1149498385.0,2281486498.0,0.03196555669469493
2021-11-10,14.9,15.34,14.66,15.31,62013228.0,966448727.0,2281486498.0,0.027181062896651866
2021-11-11,15.13,15.61,14.88,15.33,64339878.0,1020839042.0,2281486498.0,0.02820085854393691
2021-11-12,15.26,16.26,15.23,15.84,107117751.0,1770234699.0,2281486498.0,0.046950859053473126
2021-11-15,15.92,16.19,15.66,15.93,70758923.0,1167435662.0,2281486498.0,0.031014394808835725
2021-11-16,16.01,16.49,15.82,16.36,104875783.0,1766218276.0,2281486498.0,0.04596818043496482
2021-11-17,16.23,16.87,16.17,16.72,101389283.0,1748103841.0,2281486498.0,0.04444001009380508
2021-11-18,16.72,17.29,16.32,16.43,119194891.0,2073634434.0,2281486498.0,0.05224439903742091
2021-11-19,16.18,16.52,16.0,16.18,66538993.0,1117974610.0,2281486498.0,0.02916475423296588
2021-11-22,16.18,16.63,15.97,16.45,69953598.0,1180945541.0,2281486498.0,0.030661412224583764
2021-11-23,16.46,16.47,16.08,16.1,51539530.0,864947285.0,2281486498.0,0.022590328737505418
2021-11-24,15.98,16.33,15.86,16.04,38659483.0,645669717.0,2281486498.0,0.016944866004637647
2021-11-25,16.1,16.13,15.8,15.84,37356786.0,616767556.0,2281486498.0,0.016373879938692496
2021-11-26,15.83,16.11,15.77,15.86,38677426.0,639304608.0,2281486498.0,0.016952730613968334
2021-11-29,15.64,15.77,15.03,15.32,87171981.0,1389110786.0,2281486498.0,0.038208414152973
2021-11-30,15.46,15.97,15.37,15.88,77542837.0,1270928602.0,2281486498.0,0.03398785706949207
2021-12-01,15.78,15.95,15.52,15.54,43820719.0,711239502.0,2281486498.0,0.01920709109539512
2021-12-02,15.54,15.67,15.18,15.49,39592980.0,633124814.0,2281486498.0,0.01735402775107723
2021-12-03,15.49,15.49,14.03,14.45,129419114.0,1953980065.0,2281486498.0,0.05672578562855909
2021-12-06,14.42,14.59,14.19,14.28,46560763.0,695276485.0,2281486498.0,0.020408081766346706
2021-12-07,14.29,14.39,13.77,14.37,61769872.0,905476399.0,2281486498.0,0.027074397351967146
2021-12-08,14.29,14.6,14.24,14.46,40623449.0,609097469.0,2281486498.0,0.01780569336509832
2021-12-09,14.44,14.86,14.26,14.59,58444350.0,883490370.0,2281486498.0,0.025616785394624763
2021-12-10,14.5,14.8,14.39,14.58,39082506.0,593820353.0,2281486498.0,0.017130281522270925
2021-12-13,14.5,14.77,14.48,14.61,31685865.0,480249432.0,2281486498.0,0.013888254446290394
2021-12-14,14.57,15.19,14.57,15.1,63725803.0,987712144.0,2281486498.0,0.027931702885756023
2021-12-15,15.04,15.24,14.87,14.89,45144597.0,705783551.0,2281486498.0,0.019787361020797065
2021-12-16,14.91,15.15,14.88,15.01,32500116.0,505190398.0,2281486498.0,0.014245149392069731
2021-12-17,14.56,15.02,14.25,14.67,59811779.0,909083338.0,2281486498.0,0.026216144190391786
2021-12-20,14.49,14.6,13.72,13.75,73807129.0,1071364781.0,2281486498.0,0.032350456189287516
2021-12-21,13.84,14.34,13.84,14.29,49664709.0,731541433.0,2281486498.0,0.02176857458658517
2021-12-22,14.32,14.57,14.24,14.32,25554289.0,381098578.0,2281486498.0,0.011200718927068575
2021-12-23,14.51,14.7,14.18,14.31,33386335.0,499265120.0,2281486498.0,0.014633588684073816
2021-12-24,14.27,14.41,13.77,13.92,43185933.0,624962447.0,2281486498.0,0.018928857583797983
2021-12-27,13.91,14.1,13.65,13.71,39399933.0,565605420.0,2281486498.0,0.01726941318063413
2021-12-28,13.71,13.88,13.53,13.77,39798853.0,565198866.0,2281486498.0,0.017444264094873464
2021-12-29,13.74,14.14,13.65,14.05,48662389.0,705140956.0,2281486498.0,0.021329246981149567
2021-12-30,14.02,14.12,13.86,13.94,29133658.0,422529283.0,2281486498.0,0.01276959474690698
2021-12-31,13.97,14.73,13.94,14.57,56220859.0,838849259.0,2281502200.0,0.024642035848135495
2022-01-04,14.57,15.15,14.47,15.06,68592252.0,1056329402.0,2281502200.0,0.030064512758304594
2022-01-05,15.06,15.18,14.77,14.87,41593843.0,645662773.0,2281502200.0,0.018230901990802375
2022-01-06,14.79,14.89,14.42,14.73,32334424.0,491303380.0,2281502200.0,0.014172427271821171
2022-01-07,14.73,14.94,14.64,14.73,29990287.0,460246296.0,2281502200.0,0.0131449739561943
2022-01-10,14.66,14.89,14.51,14.77,29337457.0,448509931.0,2281502200.0,0.012858833535203253
2022-01-11,14.72,14.83,14.51,14.6,22707935.0,345297506.0,2281502200.0,0.00995306294247711
2022-01-12,14.73,14.88,14.26,14.47,34023199.0,510775898.0,2281502200.0,0.014912630371340427
2022-01-13,14.61,15.06,14.24,14.26,46859283.0,709212886.0,2281502200.0,0.020538784928631672
2022-01-14,14.13,14.46,13.88,14.28,29884587.0,440849790.0,2281502200.0,0.013098644831462359
2022-01-17,14.29,14.81,14.26,14.8,41875695.0,638872409.0,2281502200.0,0.01835443989490784
2022-01-18,14.8,14.95,14.66,14.81,29213537.0,448661329.0,2281502200.0,0.012804518444032182
2022-01-19,14.78,14.88,14.56,14.8,25297940.0,386624639.0,2281502200.0,0.011088282097646016
2022-01-20,14.8,14.87,14.42,14.44,25799086.0,390565849.0,2281502200.0,0.011307938252262041
2022-01-21,14.31,14.41,13.97,14.06,28774476.0,422072976.0,2281502200.0,0.012612074623465188
2022-01-24,14.03,14.24,13.94,14.03,18653238.0,272737400.0,2281502200.0,0.008175857993912957
2022-01-25,14.03,14.04,12.87,12.9,52728273.0,727132928.0,2281502200.0,0.023111208483603478
2022-01-26,13.1,13.46,12.98,13.35,35778356.0,493278982.0,2281502200.0,0.01568192921312984
2022-01-27,13.39,13.43,12.99,12.99,21871060.0,298567001.0,2281502200.0,0.009586254179373572
2022-01-28,13.21,13.99,12.96,13.53,34707047.0,485101319.0,2281502200.0,0.015212366220817144
2022-02-07,13.78,14.21,13.53,13.62,41426391.0,591629597.0,2281502200.0,0.018157506488488157
2022-02-08,13.63,13.76,13.17,13.75,38217540.0,535069507.0,2281502200.0,0.016751042361475697
2022-02-09,13.74,13.97,13.62,13.92,33286783.0,478029927.0,2281502200.0,0.014589853562271384
2022-02-10,13.97,13.97,13.55,13.67,26817287.0,381383385.0,2281502200.0,0.011754223598820111
2022-02-11,13.57,13.67,13.15,13.25,28572716.0,396408331.0,2281502200.0,0.012523641660306091
2022-02-14,13.16,13.28,13.01,13.13,20702729.0,281954639.0,2281502200.0,0.009074165696618657
2022-02-15,13.11,13.69,13.05,13.59,26159736.0,364823207.0,2281502200.0,0.01146601392713976
2022-02-16,13.6,14.24,13.6,13.73,47344173.0,686473504.0,2281502200.0,0.02075131595314701
2022-02-17,13.87,13.99,13.7,13.84,29887831.0,429635708.0,2281502200.0,0.013100066701666998
2022-02-18,13.97,14.27,13.88,14.13,38411547.0,562374525.0,2281502200.0,0.016836077124974938
2022-02-21,14.43,14.62,14.19,14.53,57999891.0,869665581.0,2281502200.0,0.025421799286452582
2022-02-22,14.37,14.45,14.14,14.28,43313939.0,641091474.0,2281502200.0,0.018984833326042814
2022-02-23,14.27,14.6,14.24,14.6,40800303.0,614166303.0,2281502732.0,0.01788308312225155
2022-02-24,14.49,14.73,14.21,14.37,49045148.0,736769877.0,2281502732.0,0.02149686139407174
2022-02-25,14.59,14.65,14.25,14.28,37404993.0,560110395.0,2281502732.0,0.016394892925335317
2022-02-28,14.16,14.37,14.1,14.24,30431717.0,448328501.0,2281502732.0,0.013338453017464983
2022-03-01,14.26,15.12,14.26,14.54,59927753.0,912985237.0,2281502732.0,0.026266789936063947
2022-03-02,14.39,14.57,14.16,14.49,38691259.0,576674822.0,2281502732.0,0.01695867309616704
2022-03-03,14.63,14.73,14.24,14.24,27158297.0,405379415.0,2281502732.0,0.011903688134614954
2022-03-04,14.16,14.28,13.97,14.07,26136018.0,383174075.0,2281502732.0,0.01145561547370525
2022-03-07,13.97,13.97,13.31,13.45,43351947.0,608069549.0,2281502732.0,0.019001488094645858
2022-03-08,13.38,13.53,12.91,12.95,37141069.0,508875472.0,2281502732.0,0.016279213028792462
2022-03-09,12.99,13.07,11.81,12.42,65705252.0,847054389.0,2281502732.0,0.028799111690040263
2022-03-10,12.7,12.91,12.56,12.67,38087677.0,503438017.0,2281502732.0,0.01669411851486663
2022-03-11,12.65,13.44,12.54,13.39,57212039.0,779928946.0,2281502732.0,0.02507647183479244
2022-03-14,13.22,13.63,13.2,13.25,37565720.0,523094757.0,2281502732.0,0.016465340791886458
2022-03-15,13.09,13.41,12.3,12.35,50545559.0,669293100.0,2281502732.0,0.02215450294713914
2022-03-16,12.65,12.93,12.0,12.86,50506437.0,654535660.0,2281502732.0,0.02213735547698656
2022-03-17,13.11,13.88,13.03,13.44,75609002.0,1058316380.0,2281502732.0,0.03314000064059533
2022-03-18,13.38,13.56,13.17,13.56,34634290.0,480539148.0,2281502732.0,0.01518047272713062
2022-03-21,13.4,13.62,13.16,13.2,42353973.0,585434471.0,2281502732.0,0.018564068500094174
2022-03-22,13.19,13.29,13.04,13.18,23422730.0,319842925.0,2281502732.0,0.010266360706685317
2022-03-23,13.29,13.5,13.17,13.45,33759652.0,469332860.0,2281502732.0,0.014797112239443069
2022-03-24,13.31,13.34,12.97,12.97,28497598.0,387078717.0,2281502732.0,0.012490713949318208
2022-03-25,13.04,13.09,12.49,12.49,39581382.0,520820138.0,2281502732.0,0.0173488207771298
2022-03-28,12.36,12.63,12.28,12.62,21459195.0,277996258.0,2281502732.0,0.009405728382007478
2022-03-29,12.58,12.7,12.34,12.57,21884423.0,284928247.0,2281502732.0,0.009592109048589998
2022-03-30,12.8,12.85,12.64,12.77,21091213.0,278938560.0,2281502732.0,0.00924443907262435
2022-03-31,12.72,12.72,12.4,12.5,22043619.0,286570071.0,2281503733.0,0.00966188162708564
2022-04-01,12.43,12.46,12.26,12.42,25953755.0,332571800.0,2281503733.0,0.011375723223504363
2022-04-06,12.39,12.41,12.07,12.18,24970084.0,315989385.0,2281503733.0,0.010944572931803308
2022-04-07,12.14,12.17,11.72,11.72,31791436.0,392493489.0,2281503733.0,0.013934422083191919
2022-04-08,11.81,11.83,11.29,11.55,37947176.0,451707857.0,2281503733.0,0.016632528560495675
2022-04-11,11.43,11.52,11.06,11.11,30515708.0,355368188.0,2281503733.0,0.013375261043239328
2022-04-12,11.12,11.39,10.88,11.35,26360061.0,304863484.0,2281503733.0,0.011553810155435761
2022-04-13,11.24,11.27,11.02,11.02,19931660.0,230542249.0,2281503733.0,0.008736194340471851
2022-04-14,11.13,11.21,10.94,11.01,19378364.0,222438072.0,2281503733.0,0.008493680601836648
2022-04-15,10.94,10.94,10.75,10.78,23902644.0,268741792.0,2281503733.0,0.010476706066384508
2022-04-18,10.75,11.05,10.62,11.04,23729457.0,268030087.0,2281503733.0,0.010400796920370412
2022-04-19,10.97,11.11,10.93,10.98,17740243.0,202646598.0,2281503733.0,0.007775680023399725
2022-04-20,11.08,11.08,10.74,10.78,16439536.0,185939043.0,2281503733.0,0.007205570502566432
2022-04-21,10.78,10.83,10.4,10.47,26154547.0,288565395.0,2281503733.0,0.011463731845666895
2022-04-22,10.3,10.51,10.25,10.31,22199764.0,238794234.0,2281503733.0,0.009730321138159628
2022-04-25,10.15,10.2,9.49,9.5,41018231.0,418360460.0,2281503733.0,0.017978594734124855
2022-04-26,9.66,9.73,9.18,9.23,46015814.0,452861850.0,2281503733.0,0.02016907241238338
2022-04-27,9.02,9.64,8.96,9.61,50958743.0,491887394.0,2281503733.0,0.02233559483726692
2022-04-28,9.48,9.61,9.15,9.36,44429203.0,429641943.0,2281503733.0,0.019473649048813543
2022-04-29,9.41,9.77,9.39,9.73,39323363.0,391371807.0,2281503733.0,0.01723572152489658
2022-05-05,9.71,9.94,9.69,9.79,36920596.0,376444419.0,2281503733.0,0.016182570935990664
2022-05-06,9.59,9.7,9.47,9.55,26583032.0,263919233.0,2281503733.0,0.01165153999772132
2022-05-09,9.55,9.67,9.45,9.54,22884066.0,226872443.0,2281503733.0,0.010030255777801964
2022-05-10,9.45,9.77,9.31,9.7,34671728.0,345704873.0,2281503733.0,0.015196875419708112
2022-05-11,9.7,10.17,9.7,9.83,51036501.0,526757069.0,2281503733.0,0.02236967674512238
2022-05-12,9.81,9.99,9.76,9.93,24575521.0,252496986.0,2281503733.0,0.010771633043828116
2022-05-13,10.08,10.18,9.93,10.04,27168125.0,282491086.0,2281503932.0,0.011907989558529501
2022-05-16,10.1,10.14,9.86,9.93,22526006.0,232749212.0,2281503932.0,0.009873314564158287
2022-05-17,9.94,10.03,9.81,10.03,22471735.0,231563701.0,2281503932.0,0.009849527184597463
2022-05-18,10.05,10.07,9.86,9.92,26283542.0,271236455.0,2281503932.0,0.011520270305631014
2022-05-19,9.76,10.52,9.72,10.5,72472638.0,771409801.0,2281503932.0,0.03176529173739771
2022-05-20,10.49,11.03,10.36,11.0,68479588.0,761843029.0,2281503932.0,0.030015108472756295
2022-05-23,11.06,11.37,10.82,11.24,55488085.0,635815046.0,2281503932.0,0.024320836892601068
2022-05-24,11.17,11.37,10.59,10.59,48389039.0,547470833.0,2281503932.0,0.021209272673740894
2022-05-25,10.62,11.07,10.47,11.04,50395225.0,563318464.0,2281503932.0,0.02208859879361365
2022-05-26,11.04,11.96,10.86,11.71,82303231.0,982242073.0,2281503932.0,0.03607411315213109
2022-05-27,11.76,12.02,11.49,11.58,44603090.0,540738892.0,2281503932.0,0.019549863304815906
2022-05-30,11.64,11.81,11.42,11.7,39781383.0,478349721.0,2281503932.0,0.01743647356554282
2022-05-31,11.81,12.11,11.72,11.82,62960835.0,782422596.0,2281503932.0,0.027596198330812255
2022-06-01,11.82,12.22,11.8,12.13,49042065.0,614145786.0,2281503932.0,0.02149549878575445
2022-06-02,12.14,12.9,12.03,12.77,74170335.0,963381208.0,2281503932.0,0.03250940485339475
2022-06-06,12.73,13.0,12.53,12.75,42218349.0,558744608.0,2281503932.0,0.018504613736514918
2022-06-07,12.74,12.91,12.24,12.35,69233444.0,898829690.0,2281503932.0,0.030345529117413766
2022-06-08,12.35,12.45,12.07,12.33,43642086.0,555570362.0,2281503932.0,0.019128648163995364
2022-06-09,12.2,12.36,12.11,12.23,31817005.0,404001470.0,2281503932.0,0.013945627949064609
2022-06-10,12.23,12.4,12.1,12.33,32931865.0,421009006.0,2281503932.0,0.014434279309407739
2022-06-13,12.29,12.87,12.17,12.75,41164748.0,537867827.0,2281503932.0,0.018042812647670686
2022-06-14,12.53,12.64,11.95,12.48,47080022.0,599277598.0,2281503932.0,0.02063552086834624
2022-06-15,12.45,12.7,12.29,12.41,35205245.0,456644166.0,2281503932.0,0.015430718530096314
2022-06-16,12.41,13.2,12.35,12.9,59680055.0,799327911.0,2362210685.0,0.02526449286635074
2022-06-17,12.72,13.64,12.68,13.62,65924958.0,915980793.0,2362210685.0,0.027908161798870196
2022-06-20,13.91,14.23,13.71,13.73,62881391.0,910987211.0,2362210685.0,0.02661972168667927
2022-06-21,13.7,13.99,13.46,13.62,37334905.0,528966711.0,2362210685.0,0.01580506990213703
2022-06-22,13.6,13.93,13.48,13.51,31620522.0,448074513.0,2362210685.0,0.013385987202915391
2022-06-23,13.58,14.1,13.53,13.97,36838679.0,531559112.0,2362210685.0,0.015595001425539653
2022-06-24,14.03,14.78,13.89,14.5,63634503.0,953588313.0,2362210685.0,0.026938538295537343
2022-06-27,14.5,14.62,14.22,14.34,42639879.0,636743238.0,2362210885.0,0.018050835033723078
2022-06-28,14.39,14.45,14.12,14.33,23247687.0,344917571.0,2362210885.0,0.009841495163544638
2022-06-29,14.26,14.33,13.35,13.44,77696794.0,1112166500.0,2362210885.0,0.032891557012700835
2022-06-30,13.64,14.17,13.64,14.01,46127665.0,667406208.0,2362210885.0,0.019527327256389303
2022-07-01,13.96,14.06,13.43,13.63,51971526.0,737601593.0,2362210885.0,0.02200122196117981
2022-07-04,13.71,13.73,13.38,13.69,37829637.0,531634077.0,2362210885.0,0.016014504564439005
2022-07-05,13.73,13.86,13.47,13.71,30201884.0,427077381.0,2362210885.0,0.012785430882476016
2022-07-06,13.61,14.61,13.61,14.35,82671730.0,1229792912.0,2362210885.0,0.03499760776015559
2022-07-07,14.18,15.45,14.14,15.3,97686493.0,1519158763.0,2362210885.0,0.04135384085320562
2022-07-08,15.33,15.97,15.3,15.48,83561784.0,1345193271.0,2362210885.0,0.03537439630416401
2022-07-11,15.48,15.51,14.5,14.88,75334333.0,1162403130.0,2362210885.0,0.031891451130960306
2022-07-12,14.98,15.75,14.97,15.22,55159308.0,875664091.0,2362210885.0,0.023350712821730138
2022-07-13,15.22,16.05,15.14,15.92,74993757.0,1224496750.0,2362210885.0,0.03174727433363766
2022-07-14,15.93,16.96,15.88,16.57,95955071.0,1644044804.0,2362210885.0,0.04062087411810398
2022-07-15,16.45,16.66,16.28,16.38,43792060.0,744531786.0,2362210885.0,0.018538590384998586
2022-07-18,16.62,17.37,16.28,17.27,69879045.0,1226807018.0,2362210885.0,0.02958205190050168
2022-07-19,17.12,17.42,16.81,17.09,54931323.0,971485291.0,2362210885.0,0.023254199423435474
2022-07-20,17.1,18.08,16.65,17.9,74644729.0,1356388080.0,2362210885.0,0.031599519532313054
2022-07-21,17.84,17.92,17.12,17.2,48586899.0,877815261.0,2362210885.0,0.02056840026795491
2022-07-22,17.21,17.38,16.7,16.97,52454881.0,917422981.0,2362210885.0,0.02220584171086825
2022-07-25,16.85,17.0,15.55,16.03,95853207.0,1590110461.0,2362210885.0,0.04057775180389959
2022-07-26,16.26,16.77,15.87,16.58,56210661.0,951327480.0,2362210885.0,0.0237957844309908
2022-07-27,16.55,16.63,15.84,16.44,66154486.0,1110104512.0,2362210885.0,0.028005326035909786
2022-07-28,16.46,16.78,14.96,15.17,139703661.0,2246162815.0,2362210885.0,0.05914106225109533
2022-07-29,15.16,15.68,15.1,15.14,77690176.0,1232850232.0,2362210885.0,0.032888755400007394
2022-08-01,15.16,15.84,15.07,15.47,65456487.0,1046107798.0,2362210885.0,0.02770984056319764
2022-08-02,15.2,15.54,14.91,15.13,54329999.0,852607119.0,2362210885.0,0.022999639593989932
2022-08-03,15.21,15.8,15.08,15.17,50251105.0,802564802.0,2362210885.0,0.021272912303932592
2022-08-04,15.17,15.58,14.93,15.29,35684077.0,561114943.0,2362210885.0,0.015106219866563691
2022-08-05,15.3,15.46,14.73,15.13,47000445.0,731013179.0,2362210885.0,0.019896803159468974
2022-08-08,14.9,15.57,14.58,15.25,55354981.0,868304331.0,2362210885.0,0.02343354750903199
2022-08-09,15.23,16.21,15.13,15.78,70438926.0,1152470264.0,2362210885.0,0.029819067572368754
2022-08-10,15.78,16.2,15.5,15.77,38871497.0,633364266.0,2362210885.0,0.016455557480847018
2022-08-11,15.95,16.55,15.8,16.07,44703563.0,746712445.0,2362210885.0,0.018924458981993048
2022-08-12,16.0,16.0,15.45,15.64,40253008.0,654371181.0,2362210885.0,0.017040395612265582
2022-08-15,15.61,16.46,15.58,16.25,46887914.0,785521478.0,2362210885.0,0.019849165160374747
2022-08-16,16.28,17.11,16.28,16.58,53155342.0,921392582.0,2362210885.0,0.022502369427528906
2022-08-17,16.48,17.03,16.48,16.56,30811754.0,529867645.0,2362210885.0,0.013043608509153069
2022-08-18,16.44,17.44,16.41,17.31,60402635.0,1073758167.0,2362210885.0,0.025570382129536245
2022-08-19,17.34,17.35,16.71,16.91,41976450.0,734133437.0,2362210885.0,0.017769984156177487
2022-08-22,16.64,16.85,16.11,16.34,60458781.0,1021585971.0,2362210885.0,0.02559415054088196
2022-08-23,16.17,16.8,16.16,16.51,33512492.0,574104148.0,2362210885.0,0.014186917947421109
2022-08-24,16.51,16.6,15.71,15.77,33723401.0,556548090.0,2362210885.0,0.01427620252456842
2022-08-25,15.92,15.93,15.3,15.47,32615681.0,521020191.0,2362210885.0,0.013807268947539373
2022-08-26,15.48,16.17,15.3,15.8,30602833.0,501267299.0,2362210885.0,0.012955165516477586
2022-08-29,15.54,16.23,15.21,16.02,24029682.0,395540426.0,2362210885.0,0.01017253885018822
2022-08-30,16.65,17.63,16.47,17.63,158837426.0,2866679707.0,2362210885.0,0.06724100164325507
2022-08-31,17.61,17.73,16.07,16.29,123955201.0,2134698512.0,2362210885.0,0.05247423157141196
2022-09-01,16.36,17.92,16.36,17.66,130844843.0,2373231090.0,2362210885.0,0.05539083907828153
2022-09-02,17.58,17.89,16.98,17.43,88341342.0,1594649348.0,2362210885.0,0.03739773724732456
2022-09-05,17.59,18.64,17.47,18.21,93502313.0,1755733221.0,2362210885.0,0.03958254260605526
2022-09-06,18.33,19.24,18.01,18.78,89088938.0,1713183013.0,2362210885.0,0.037714218728612796
2022-09-07,18.78,19.22,18.6,18.99,56567163.0,1109122120.0,2362210885.0,0.02394670321739712
2022-09-08,18.81,19.13,18.55,18.73,40402946.0,782394434.0,2362210885.0,0.017103869200060857
2022-09-09,18.88,18.95,18.09,18.57,41534807.0,794256974.0,2362210885.0,0.017583022440437194
2022-09-13,18.64,18.76,17.92,18.32,39001198.0,735273371.0,2362210885.0,0.01651046409431815
2022-09-14,18.03,18.5,17.71,18.07,28699170.0,533890010.0,2362210885.0,0.012149283614870821
2022-09-15,18.15,18.23,16.65,16.97,60938658.0,1076298108.0,2362210885.0,0.025797297941076925
2022-09-16,16.78,17.17,16.36,16.5,41142441.0,710991241.0,2362210885.0,0.01741692126695962
2022-09-19,16.47,17.08,16.28,16.76,41953332.0,727234181.0,2362210885.0,0.01776019756170076
2022-09-20,16.99,17.81,16.99,17.41,53536987.0,966218291.0,2362210885.0,0.022663932056176263
2022-09-21,17.26,18.03,17.13,17.52,44830518.0,817584279.0,2362210885.0,0.018978203125162553
2022-09-22,17.42,17.99,16.86,17.62,34252389.0,620514243.0,2362210885.0,0.014500140193876044
2022-09-23,17.55,17.76,16.92,17.25,31517099.0,560109695.0,2362210885.0,0.013342203780421577
2022-09-26,17.15,18.38,17.07,18.01,53766026.0,998244015.0,2362210885.0,0.0227608916466406
2022-09-27,18.39,19.52,18.39,19.16,76936836.0,1523579468.0,2362210885.0,0.03256984229839412
2022-09-28,19.17,19.49,18.47,18.59,42911118.0,836229909.0,2362210885.0,0.01816565924426345
2022-09-29,18.7,18.85,18.1,18.44,32335666.0,615804408.0,2362210885.0,0.013688729573354751
2022-09-30,18.42,18.69,17.57,17.62,37772956.0,701921860.0,2362214913.0,0.015990482403664345
2022-10-10,17.62,18.23,17.38,17.53,32306815.0,592279833.0,2362214913.0,0.013676492694295338
2022-10-11,17.67,18.89,17.44,18.76,47143036.0,895762139.0,2362214913.0,0.01995713249482817
2022-10-12,18.63,19.58,18.29,19.4,63295539.0,1241261727.0,2362214913.0,0.02679499593862737
2022-10-13,19.25,19.67,19.11,19.29,42508174.0,852103631.0,2362214913.0,0.01799504937762621
2022-10-14,19.36,19.46,18.78,19.03,46714595.0,918854188.0,2362214913.0,0.01977575992045225
2022-10-17,18.78,18.98,18.33,18.74,37219913.0,714787141.0,2362214913.0,0.01575636187679931
2022-10-18,18.7,20.14,18.63,19.99,64312166.0,1301510624.0,2362214913.0,0.027225366179034025
2022-10-19,19.75,19.79,19.16,19.26,50820489.0,1019107227.0,2362214913.0,0.021513914216830618
2022-10-20,19.22,19.45,18.62,18.94,37203153.0,729085813.0,2362214913.0,0.01574926684073474
2022-10-21,19.31,20.28,19.17,20.11,71142843.0,1471795576.0,2362214913.0,0.030117006970229045
2022-10-24,20.11,20.76,19.63,20.05,52714224.0,1102647363.0,2362214913.0,0.022315591909058446
2022-10-25,19.99,20.69,19.64,20.31,41736180.0,872489197.0,2362214913.0,0.017668239993877306
2022-10-26,20.02,20.31,19.25,20.05,56062689.0,1147493585.0,2362214913.0,0.023733102645093665
2022-10-27,19.85,19.89,18.04,18.54,113257606.0,2186929403.0,2362214913.0,0.0479455130761847
2022-10-28,18.22,19.28,18.21,18.8,55247057.0,1081085242.0,2362214913.0,0.023387819921023418
2022-10-31,18.21,19.7,18.19,18.83,57470544.0,1138624575.0,2362214913.0,0.024329092024490153
2022-11-01,18.86,19.0,17.36,18.01,94304611.0,1735375421.0,2362214913.0,0.03992211313247263
2022-11-02,17.92,17.92,16.65,17.47,89306568.0,1594153150.0,2362214913.0,0.037806284055069805
2022-11-03,17.37,17.45,16.73,17.24,85447244.0,1511953118.0,2362214913.0,0.036172510608479085
2022-11-04,17.23,17.81,17.13,17.6,66472301.0,1207513764.0,2406145654.0,0.02762605035547029
2022-11-07,17.6,17.62,15.93,16.51,137371612.0,2335778957.0,2406145654.0,0.057091976860017636
2022-11-08,16.65,17.52,16.45,17.23,109923504.0,1934338984.0,2406145654.0,0.04568447625656497
2022-11-09,17.28,17.28,16.47,16.63,56019892.0,972241850.0,2406145654.0,0.023282003692034182
2022-11-10,16.54,16.86,16.21,16.39,42155733.0,720203207.0,2406145654.0,0.017520025410731017
2022-11-11,16.94,17.16,16.44,16.51,44149482.0,762200040.0,2406145654.0,0.01834863235590309
2022-11-14,16.9,17.38,16.51,16.86,83800019.0,1471235811.0,2406145654.0,0.034827492201351166
2022-11-15,16.86,17.31,16.6,17.22,62517050.0,1096532040.0,2406145654.0,0.025982238396944527
2022-11-16,17.12,17.19,16.55,16.67,44510785.0,772393642.0,2406145654.0,0.01849879076356198
2022-11-17,16.59,16.67,15.66,15.95,75614974.0,1246755046.0,2406145654.0,0.031425767544162146
2022-11-18,15.89,15.91,15.52,15.61,50401269.0,816999109.0,2406145654.0,0.020946890274997458
2022-11-21,15.61,15.92,15.49,15.8,32122252.0,523789933.0,2406145654.0,0.013350086245443893
2022-11-22,15.73,15.97,15.39,15.62,33379009.0,538341241.0,2406145654.0,0.01387239751862503
2022-11-23,15.62,16.52,15.41,16.3,70071127.0,1165335489.0,2406145654.0,0.029121731215029763
2022-11-24,16.45,16.97,16.32,16.4,44453329.0,764101903.0,2406145654.0,0.018474911909883904
2022-11-25,15.97,16.15,15.24,15.51,81499369.0,1311261008.0,2406145654.0,0.03387133645235261
2022-11-28,15.2,16.31,15.2,16.02,71672364.0,1182022015.0,2406145654.0,0.029787209216055214
2022-11-29,15.72,15.83,15.55,15.61,67600107.0,1090932411.0,2406145654.0,0.028094769278668115
2022-11-30,15.52,15.92,15.34,15.88,55494937.0,897727698.0,2406145654.0,0.02306383111419073
2022-12-01,15.89,16.5,15.7,16.18,78710408.0,1315387577.0,2406145654.0,0.032712237461248884
2022-12-02,16.1,16.77,16.02,16.46,52792441.0,901561409.0,2406145654.0,0.0219406671878892
2022-12-05,16.49,16.59,16.02,16.15,52180794.0,872210249.0,2466734657.0,0.021153792870231683
2022-12-06,16.05,16.05,15.4,15.6,69219925.0,1115750971.0,2466734657.0,0.028061358283336432
2022-12-07,15.49,15.78,15.41,15.56,35539525.0,572908539.0,2466734657.0,0.014407518416765002
2022-12-08,15.5,15.76,15.37,15.42,33858475.0,542246641.0,2466734657.0,0.013726030444303277
2022-12-09,15.35,15.45,14.69,14.71,91667894.0,1409333798.0,2466734657.0,0.03716163541946782
2022-12-12,14.72,14.9,14.37,14.85,50616737.0,765169195.0,2466734657.0,0.020519733185067907
2022-12-13,14.85,14.93,14.46,14.49,29519787.0,445705550.0,2466734657.0,0.011967151357860863
2022-12-14,14.53,14.61,14.08,14.22,45519651.0,672375419.0,2466734657.0,0.018453403924425422
2022-12-15,14.18,14.53,14.05,14.41,32382819.0,480110631.0,2466734657.0,0.013127808014577224
2022-12-16,14.33,14.33,13.79,14.04,49365850.0,712827677.0,2466734657.0,0.020012630811308215
2022-12-19,13.99,14.15,13.81,13.91,25397957.0,366713005.0,2466734657.0,0.010296185253621302
2022-12-20,13.86,14.57,13.79,14.45,78486742.0,1166244797.0,2466734657.0,0.031818072437290124
2022-12-21,14.56,15.1,14.38,14.89,72933837.0,1112916667.0,2466734657.0,0.029566956783548367
2022-12-22,14.89,14.94,13.47,13.85,101969558.0,1478483953.0,2466734657.0,0.041337870577459516
2022-12-23,13.53,14.0,13.36,13.6,54358101.0,762782511.0,2466734657.0,0.022036460567716423
2022-12-26,13.51,14.52,13.48,14.43,63674073.0,931894515.0,2466734657.0,0.025813101875107762
2022-12-27,14.42,14.73,13.97,14.53,76896741.0,1140886866.0,2466734657.0,0.0311734952041905
2022-12-28,14.41,14.72,14.19,14.53,49996687.0,747973659.0,2466734657.0,0.02026836849197437
2022-12-29,14.43,14.76,14.43,14.62,36739755.0,553957928.0,2466734657.0,0.014894084734951693
2022-12-30,14.63,15.08,14.5,14.58,51363241.0,786994733.0,2466734657.0,0.020822361600281357
2023-01-03,14.66,15.86,14.52,15.69,84719006.0,1342749127.0,2466734657.0,0.03434459631058729
2023-01-04,15.69,15.78,15.25,15.42,46856204.0,750122927.0,2466734657.0,0.018995234800400343
2023-01-05,15.51,15.64,15.26,15.6,35673942.0,571074442.0,2466734657.0,0.014462010293148446
2023-01-06,15.59,15.96,15.51,15.6,44121584.0,715008651.0,2466734657.0,0.0178866356277087
2023-01-09,15.64,15.9,15.42,15.76,41708934.0,679240975.0,2466734657.0,0.016908561235656244
2023-01-10,15.95,16.22,15.66,15.71,37965590.0,622999029.0,2466734657.0,0.015391031172429829
2023-01-11,15.68,15.81,15.41,15.5,38742512.0,623127076.0,2466734657.0,0.01570599086936978
2023-01-12,15.54,15.85,15.49,15.6,30746498.0,498532694.0,2466734657.0,0.012464452920685582
2023-01-13,15.59,15.71,15.11,15.35,42840419.0,677226322.0,2466734657.0,0.01736725872741488
2023-01-16,15.57,15.59,15.18,15.28,42194234.0,669971440.0,2466734657.0,0.01710529905608733
2023-01-17,15.34,15.36,15.01,15.14,35092329.0,548664101.0,2466734657.0,0.014226227738121896
2023-01-18,15.19,15.3,15.05,15.2,27250922.0,427705104.0,2466734657.0,0.011047366575350305
2023-01-19,15.05,15.11,14.02,14.38,125306324.0,1864177724.0,2466734657.0,0.05079846089015321
2023-01-20,14.41,14.7,14.4,14.62,53214033.0,801047832.0,2466734657.0,0.021572662000345827
2023-01-30,14.81,14.94,14.63,14.7,54205207.0,825746219.0,2466734657.0,0.021974478222121965
2023-01-31,14.75,15.13,14.68,15.0,49472182.0,764113148.0,2466734657.0,0.020055737190706687
2023-02-01,15.15,15.44,14.96,15.24,62542397.0,983637188.0,2466734657.0,0.025354326953050954
2023-02-02,15.2,15.22,14.63,14.72,88207476.0,1353660292.0,2466734657.0,0.03575880192451522
2023-02-03,14.61,14.7,13.86,14.05,118911064.0,1733077417.0,2466734657.0,0.048205859378737385
2023-02-06,13.96,14.1,13.76,13.91,56570707.0,813520654.0,2466734657.0,0.022933438276170455
2023-02-07,13.96,14.03,13.77,13.9,46516253.0,667637350.0,2466734657.0,0.018857420626088847
2023-02-08,13.95,14.04,13.8,13.83,42228237.0,605639346.0,2466734657.0,0.017119083676132903
2023-02-09,13.78,14.18,13.58,14.18,76367604.0,1100616484.0,2466734657.0,0.030958986116843615
2023-02-10,14.17,14.3,13.97,14.03,49366000.0,719614293.0,2466734657.0,0.020012691620442905
2023-02-13,14.09,14.38,14.04,14.29,58225321.0,857168193.0,2466734657.0,0.023604209246734557
2023-02-14,14.28,14.47,14.19,14.31,49161066.0,726330838.0,2466734657.0,0.019929612559053612
2023-02-15,14.3,14.61,14.24,14.55,72862838.0,1088409205.0,2466734657.0,0.02953817419852305
2023-02-16,14.54,14.54,13.97,14.13,79034217.0,1166247172.0,2466734657.0,0.032040015644049874
2023-02-17,14.07,14.16,13.75,13.77,52547161.0,754106713.0,2466734657.0,0.021302315938556176
2023-02-20,13.75,13.88,13.59,13.87,54679761.0,774559179.0,2466734657.0,0.02216685967614392
2023-02-21,13.84,14.26,13.76,14.03,52427083.0,759124670.0,2466734657.0,0.021253637010054786
2023-02-22,13.95,14.18,13.88,13.95,35351400.0,510750895.0,2466734657.0,0.01433125362700898
2023-02-23,13.91,14.46,13.87,14.41,94970303.0,1398388634.0,2466734657.0,0.03850041297733305
2023-02-24,14.25,14.29,14.07,14.14,62739335.0,917976798.0,2466734657.0,0.025434164482167083
2023-02-27,14.04,14.44,13.93,14.26,67853695.0,999054062.0,2466734657.0,0.027507496522760373
2023-02-28,14.39,14.54,13.97,14.26,75259840.0,1108197728.0,2466734657.0,0.030509904981644728
2023-03-01,14.18,14.5,14.15,14.38,68819514.0,1022830923.0,2466734657.0,0.027899033973802882
2023-03-02,14.44,15.23,14.42,15.07,194411048.0,2994624730.0,2466734657.0,0.07881311735265412
2023-03-03,15.11,15.19,14.84,15.05,107403113.0,1665873914.0,2466734657.0,0.043540602429700245
2023-03-06,14.99,15.47,14.82,15.37,133498721.0,2102048462.0,2466734657.0,0.05411961137415519
2023-03-07,15.19,15.23,14.62,14.69,106822541.0,1645920879.0,2466734657.0,0.04330524189006844
2023-03-08,14.57,14.98,14.52,14.91,72375354.0,1109046258.0,2466734657.0,0.02934055099709089
2023-03-09,14.81,14.88,14.59,14.72,54142734.0,824084701.0,2466734657.0,0.021949152028312383
2023-03-10,14.58,14.67,14.04,14.09,92385101.0,1361090940.0,2466734657.0,0.037452386999888
2023-03-13,14.0,14.23,13.87,14.17,56309522.0,816651489.0,2466734657.0,0.022827555383878487
2023-03-14,14.17,14.17,13.58,13.8,68588616.0,978364463.0,2466734657.0,0.02780542925659312
2023-03-15,13.89,14.07,13.77,13.93,46629502.0,671140959.0,2466734657.0,0.018903331117384955
2023-03-16,13.82,13.85,13.46,13.48,54874500.0,772787176.0,2466734657.0,0.022245805743345504
2023-03-17,13.58,13.68,13.45,13.49,56989688.0,797172029.0,2466734657.0,0.023103290756578524
2023-03-20,13.65,14.7,13.65,14.53,172344057.0,2543925551.0,2466734657.0,0.06986728649996017
2023-03-21,14.52,14.53,14.3,14.49,60993317.0,908264395.0,2466734657.0,0.024726338857288775
2023-03-22,14.54,15.16,14.46,14.94,109942790.0,1687921977.0,2466734657.0,0.04457017283476712
2023-03-23,14.81,15.22,14.76,15.06,92605312.0,1440001298.0,2466734657.0,0.03754165926894828
2023-03-24,14.98,15.36,14.92,15.24,106538349.0,1670461650.0,2466734657.0,0.04319003209269784
2023-03-27,15.3,15.74,15.11,15.38,136818307.0,2179240350.0,2466734657.0,0.0554653523887308
2023-03-28,15.25,15.31,14.75,14.78,91239736.0,1412195157.0,2466734657.0,0.03698806263619946
2023-03-29,14.84,15.1,14.72,14.82,65758295.0,1012334161.0,2466734657.0,0.026658033450575547
2023-03-30,14.79,14.85,14.43,14.55,62732217.0,946853063.0,2466734657.0,0.025431278886028964
2023-03-31,14.6,14.65,14.3,14.62,50580907.0,758449986.0,2466734657.0,0.020505207909761815
2023-04-03,14.63,15.43,14.63,15.27,107458601.0,1671405727.0,2466734657.0,0.043563096944804466
2023-04-04,15.29,15.4,14.96,15.09,83526978.0,1305072345.0,2466734657.0,0.0338613550358854
2023-04-06,15.23,16.22,14.91,16.09,206664426.0,3338884733.0,2466734657.0,0.08378056610731764
2023-04-07,17.04,17.6,16.38,16.75,260820706.0,4544774760.0,2466734657.0,0.10573520960588668
2023-04-10,16.68,16.93,15.89,15.99,165558695.0,2798363263.0,2466734657.0,0.06711653988814087
2023-04-11,16.02,16.08,15.44,15.67,116432564.0,1888485800.0,2466734657.0,0.047201089776556376
2023-04-12,15.66,16.05,15.51,15.93,121123670.0,1982628855.0,2466734657.0,0.04910283708719142
2023-04-13,15.78,15.79,15.15,15.31,121954470.0,1941447972.0,2466734657.0,0.04943963861452327
2023-04-14,15.24,15.39,15.01,15.37,75400006.0,1187019419.0,2466734657.0,0.030566727469463692
2023-04-17,15.48,15.52,14.71,14.96,107487432.0,1665058303.0,2466734657.0,0.043574784865885965
2023-04-18,14.97,15.61,14.85,15.46,110205758.0,1739886070.0,2466734657.0,0.044676778544973435
2023-04-19,15.48,15.69,15.25,15.44,113004986.0,1810218410.0,2466734657.0,0.0458115694281584
2023-04-20,15.57,15.85,15.44,15.76,125119313.0,2024075189.0,2466734657.0,0.050722647709570814
2023-04-21,15.88,15.96,14.7,14.8,135503176.0,2142513691.0,2466734657.0,0.05493220586797796
2023-04-24,14.62,15.58,14.58,15.16,108201957.0,1704646599.0,2466734657.0,0.04386444917897791
2023-04-25,15.05,15.08,13.98,14.17,124117091.0,1831192767.0,2466734657.0,0.050316352692327704
2023-04-26,14.35,14.81,14.23,14.36,81059965.0,1214282565.0,2466734657.0,0.03286124219723889
2023-04-27,14.13,14.2,13.8,13.87,72591880.0,1047744521.0,2466734657.0,0.02942832938840896
2023-04-28,13.94,14.18,13.89,14.09,54057604.0,786064459.0,2466734657.0,0.02191464081740511
2023-05-04,14.03,14.45,13.95,14.31,54777386.0,809258200.0,2466734657.0,0.0222064362879708
2023-05-05,14.31,14.31,13.82,13.94,50180219.0,723898705.0,2466734657.0,0.020342771306026207
2023-05-08,13.95,14.18,13.9,14.09,35977282.0,522919563.0,2466734657.0,0.014584982579259232
2023-05-09,14.06,14.07,13.65,13.67,61529165.0,876657286.0,2466734657.0,0.024943568545321655
2023-05-10,13.71,13.95,13.65,13.91,43498221.0,621394946.0,2466734657.0,0.017633927863526994
2023-05-11,13.84,14.37,13.75,14.15,54944147.0,804039100.0,2466734657.0,0.022274040235370156
2023-05-12,14.05,14.18,13.91,13.93,33722791.0,488902540.0,2466734657.0,0.013671024933428824
2023-05-15,14.04,14.47,14.04,14.39,56971835.0,841375371.0,2466734657.0,0.023096053253367818
2023-05-16,14.39,14.67,14.28,14.37,54883726.0,820022708.0,2466734657.0,0.02224954591052312
2023-05-17,14.3,14.53,14.25,14.39,29231574.0,434246002.0,2466734657.0,0.011850311470286364
2023-05-18,14.39,14.86,14.35,14.76,69877670.0,1062761590.0,2466734657.0,0.02832800431197736
2023-05-19,14.64,14.71,14.48,14.68,35978062.0,542897483.0,2466734657.0,0.014585298786759618
2023-05-22,14.69,14.69,14.26,14.41,41141267.0,614069708.0,2466734657.0,0.016678432308578864
2023-05-23,14.39,14.4,14.07,14.1,36621905.0,535848363.0,2466734657.0,0.014846309024797555
2023-05-24,14.05,14.23,13.98,14.01,25619195.0,373400470.0,2466734657.0,0.010385873862557078
2023-05-25,14.03,14.26,13.93,14.11,29577864.0,430043701.0,2466734657.0,0.011990695438629823
2023-05-26,14.08,14.15,13.9,14.04,25231725.0,365271516.0,2466734657.0,0.010228795759770282
2023-05-29,14.05,14.27,13.99,14.11,30767967.0,449345591.0,2466734657.0,0.012473156329436531
2023-05-30,14.02,14.09,13.68,14.04,53499015.0,765163772.0,2466734657.0,0.02168819205915912
2023-05-31,13.96,14.08,13.89,14.0,28570184.0,412363200.0,2466734657.0,0.011582187779672485
2023-06-01,14.04,14.3,13.98,14.12,43350776.0,635682786.0,2466734657.0,0.01757415451109868
2023-06-02,14.18,14.76,14.15,14.48,68364936.0,1025818876.0,2466734657.0,0.027714750674944607
2023-06-05,14.49,14.55,14.33,14.4,35910187.0,534623257.0,2466734657.0,0.01455778265331276
2023-06-06,14.37,14.38,13.91,13.99,40791939.0,595558873.0,2466734657.0,0.016536816752560832
2023-06-07,14.01,14.11,13.65,13.74,61178411.0,874156247.0,2466734657.0,0.024801374897129847
2023-06-08,13.69,13.77,13.02,13.07,103108725.0,1416671932.0,2466734657.0,0.04179968230770271
2023-06-09,13.09,13.49,12.83,13.46,82275052.0,1119409513.0,2466734657.0,0.03335383145751943
2023-06-12,13.29,13.36,13.14,13.26,39422734.0,539146590.0,2466734657.0,0.01598174894414677
2023-06-13,13.3,13.55,13.19,13.51,47538151.0,658719044.0,2466734657.0,0.019271692180226258
2023-06-14,13.52,13.83,13.42,13.73,58712940.0,827405217.0,2466734657.0,0.02380188717638794
2023-06-15,13.75,15.0,13.73,14.59,177741225.0,2671346118.0,2466734657.0,0.072055267272308
2023-06-16,14.39,15.05,14.28,14.99,128942397.0,1963064942.0,2466734657.0,0.052272503908798
2023-06-19,15.15,15.29,14.85,15.17,134196669.0,2093069880.0,2466734657.0,0.054402555467075515
2023-06-20,15.1,15.54,14.96,15.11,96699659.0,1516870648.0,2466734657.0,0.03920148392353009
2023-06-21,15.1,15.11,14.46,14.47,84946841.0,1291439088.0,2466734657.0,0.0344369593052667
2023-06-26,14.4,14.67,14.19,14.35,74699509.0,1112992082.0,2466734657.0,0.03028275002664788
2023-06-27,14.35,14.37,13.92,14.16,58888718.0,858596401.0,2466734657.0,0.023873146563570577
2023-06-28,14.19,14.19,13.47,13.95,62453141.0,888203828.0,2466734657.0,0.0253181430855455
2023-06-29,13.88,14.16,13.84,13.97,46092486.0,666696362.0,2466734657.0,0.01868562792888996
2023-06-30,13.9,14.33,13.82,14.19,53438150.0,781073900.0,2466734657.0,0.021663517739273407
2023-07-03,14.21,14.49,14.09,14.39,55937720.0,826818552.0,2466734657.0,0.02267682899790709
2023-07-04,14.39,14.89,14.35,14.61,66295904.0,1001625317.0,2466734657.0,0.026875977037849677
2023-07-05,14.6,14.61,14.18,14.23,50162922.0,743681968.0,2466734657.0,0.020335759202008082
2023-07-06,14.15,14.4,14.13,14.19,29285689.0,431838432.0,2466734657.0,0.011872249379111067
2023-07-07,14.13,14.19,13.8,13.93,32794661.0,469851251.0,2466734657.0,0.01329476638556832
2023-07-10,14.07,14.18,13.93,13.98,24674631.0,355968840.0,2466734657.0,0.010002953065900027
2023-07-11,13.98,14.16,13.92,14.02,28050666.0,403562847.0,2466734657.0,0.011371578179436103
2023-07-12,14.01,14.01,13.7,13.72,42921629.0,608553750.0,2466734657.0,0.017400180792935607
2023-07-13,13.84,14.05,13.78,14.0,33415814.0,478731769.0,2466734657.0,0.01354657822849894
2023-07-14,14.59,15.4,14.59,15.4,220895935.0,3437963801.0,2466734657.0,0.08954993775806021
2023-07-17,15.53,15.55,15.26,15.47,170515444.0,2698839525.0,2466734657.0,0.06912597733855085
2023-07-18,15.39,15.39,14.89,14.94,94886113.0,1468816470.0,2466734657.0,0.03846628283700317
2023-07-19,15.07,15.21,14.92,14.95,72421988.0,1118712430.0,2466734657.0,0.029359456151671525
2023-07-20,15.01,15.04,14.61,14.64,68983572.0,1048708749.0,2466734657.0,0.02796554214059514
2023-07-21,14.6,14.79,14.51,14.56,54393837.0,818321670.0,2466734657.0,0.022050947735964777
2023-07-24,14.53,14.82,14.4,14.63,49729488.0,749003596.0,2466734657.0,0.020160047558775592
2023-07-25,14.83,14.92,14.68,14.9,63071553.0,959961539.0,2466734657.0,0.02556884374288823
2023-07-26,14.82,14.84,14.58,14.75,43324300.0,653423682.0,2466734657.0,0.017563421293431806
2023-07-27,14.69,14.82,14.51,14.57,36103615.0,543533690.0,2466734657.0,0.01463619724867716
2023-07-28,14.62,14.91,14.54,14.85,48373243.0,733656553.0,2466734657.0,0.01961023365959868
2023-07-31,14.85,14.99,14.79,14.96,48829852.0,747446330.0,2466734657.0,0.019795340314140646
2023-08-01,14.9,14.93,14.71,14.89,38327201.0,583972525.0,2466734657.0,0.015537626185790441
2023-08-02,14.99,15.11,14.7,14.77,38612518.0,588794505.0,2466734657.0,0.015653292051671208
2023-08-03,14.66,14.74,14.56,14.69,28459824.0,428427344.0,2466734657.0,0.011537448472310493
2023-08-04,14.72,14.88,14.69,14.77,36051322.0,547724373.0,2466734657.0,0.014614997968141816
2023-08-07,14.8,14.87,14.5,14.56,41418290.0,624289599.0,2466734657.0,0.01679073583470555
2023-08-08,14.5,14.62,14.38,14.44,34711944.0,516054317.0,2466734657.0,0.014072021853463585
2023-08-09,14.41,14.47,14.11,14.14,42101967.0,616685691.0,2466734657.0,0.017067894546551547
2023-08-10,14.14,14.28,14.12,14.25,21890097.0,319673430.0,2466734657.0,0.00887411904554921
2023-08-11,14.24,14.31,14.0,14.01,28998760.0,420263536.0,2466734657.0,0.011755930017729507
2023-08-14,13.8,14.13,13.77,14.09,22344933.0,320837670.0,2466734657.0,0.009058506936119154
2023-08-15,14.08,14.25,13.88,14.02,22228651.0,320824389.0,2466734657.0,0.009011366884119631
2023-08-16,13.92,13.96,13.73,13.79,20060386.0,285172800.0,2466734657.0,0.008132364761273957
2023-08-17,13.74,13.98,13.69,13.94,22838256.0,325259765.0,2466734657.0,0.009258497234467648
2023-08-18,13.91,14.05,13.78,13.78,19770289.0,282814769.0,2466734657.0,0.008014761110967761
2023-08-21,13.87,14.0,13.78,13.8,19157746.0,273215279.0,2466734657.0,0.0077664397123683015
2023-08-22,13.84,13.95,13.55,13.94,30231686.0,427376334.0,2466734657.0,0.012255751105701516
2023-08-23,13.92,13.92,13.65,13.69,16419222.0,232202510.0,2466734657.0,0.006656257880597816
2023-08-24,13.76,13.89,13.59,13.81,22102019.0,312577160.0,2466734657.0,0.008960031001826558
2023-08-25,13.66,13.7,13.27,13.42,41503727.0,571963681.0,2466734657.0,0.016825371501641817
2023-08-28,14.22,14.23,13.51,13.56,38327309.0,543764924.0,2466734657.0,0.015537669968367416
2023-08-29,13.56,13.93,13.5,13.88,32581673.0,461752623.0,2466734657.0,0.01320842227904045
2023-08-30,13.89,14.09,13.8,13.88,33524202.0,480146228.0,2466734657.0,0.013590518098436885
2023-08-31,13.87,13.9,13.72,13.76,21689155.0,307726569.0,2466734657.0,0.008792658317931112
2023-09-01,13.78,13.83,13.68,13.74,19102672.0,269253152.0,2466734657.0,0.007744113030475819
2023-09-04,13.81,13.95,13.72,13.94,27942124.0,397348372.0,2466734657.0,0.011327575878786545
2023-09-05,13.96,13.98,13.75,13.8,23133715.0,328755054.0,2466734657.0,0.009378274608641865
2023-09-06,13.75,13.92,13.65,13.89,23645403.0,335574464.0,2466734657.0,0.009585709972047472
2023-09-07,13.88,13.88,13.63,13.68,23501778.0,331296211.0,2466734657.0,0.009527485225582574
2023-09-08,13.62,13.75,13.59,13.69,16735422.0,235154662.0,2466734657.0,0.0067844435365226234
2023-09-11,13.77,14.06,13.7,13.93,36312927.0,518976747.0,2466734657.0,0.014721051126010916
2023-09-12,13.92,14.01,13.88,13.93,23152699.0,331883119.0,2466734657.0,0.009385970612728129
2023-09-13,13.98,13.98,13.59,13.67,32481800.0,456961648.0,2466734657.0,0.013167934340981693
2023-09-14,13.66,13.85,13.66,13.72,19051667.0,268899315.0,2466734657.0,0.007723435897710339
2023-09-15,13.76,13.78,13.5,13.52,27498595.0,383662657.0,2466734657.0,0.011147771780789474
2023-09-18,13.48,13.61,13.38,13.52,21030162.0,291724534.0,2466734657.0,0.008525506357289566
2023-09-19,13.45,13.51,13.19,13.25,28257444.0,385580270.0,2466734657.0,0.011455404787787843
2023-09-20,13.17,13.35,13.16,13.2,15607931.0,212543830.0,2466734657.0,0.006327365189323644
2023-09-21,13.17,13.3,13.13,13.14,15934162.0,216077610.0,2466734657.0,0.006459617354782233
2023-09-22,13.09,13.47,13.09,13.45,29832857.0,408736518.0,2466734657.0,0.012094068129841823
2023-09-25,13.47,13.55,13.38,13.4,19834099.0,273993365.0,2466734657.0,0.008040629316864542
2023-09-26,13.41,13.61,13.37,13.44,21628259.0,299506907.0,2466734657.0,0.008767971430824228
2023-09-27,13.36,13.8,13.34,13.7,37637384.0,529946273.0,2466734657.0,0.015257978353364498
2023-09-28,13.68,13.87,13.64,13.74,26388791.0,373223100.0,2466734657.0,0.010697863641358812
2023-10-09,13.74,13.87,13.67,13.83,28887950.0,409914001.0,2466734657.0,0.011711008282963448
2023-10-10,13.87,13.91,13.73,13.75,17834456.0,252631527.0,2466734657.0,0.0072299855800826
2023-10-11,13.83,13.87,13.72,13.77,22329745.0,316795771.0,2466734657.0,0.009052349808534758
2023-10-12,13.86,14.07,13.78,13.94,38172778.0,546650279.0,2466734657.0,0.015475023992416384
2023-10-13,13.83,13.9,13.74,13.79,22855976.0,324490360.0,2466734657.0,0.009265680820245597
2023-10-16,13.76,13.82,13.54,13.66,24848758.0,348574418.0,2466734657.0,0.010073543147206853
2023-10-17,13.75,13.81,13.62,13.67,16660672.0,234401828.0,2466734657.0,0.006754140317735845
2023-10-18,13.63,13.65,13.35,13.45,19793403.0,273721832.0,2466734657.0,0.008024131393229134
2023-10-19,13.37,13.49,13.2,13.22,22760137.0,311052358.0,2466734657.0,0.00922682824251575
2023-10-20,13.19,13.31,13.0,13.04,27162544.0,366139906.0,2466734657.0,0.011011538643979898
2023-10-23,12.99,13.0,12.46,12.58,36902357.0,479340243.0,2466734657.0,0.014960002647743234
2023-10-24,12.58,12.68,12.3,12.62,27104192.0,349331622.0,2466734657.0,0.010987883079797343
2023-10-25,12.8,12.84,12.59,12.62,25070358.0,327396512.0,2466734657.0,0.010163378508854347
2023-10-26,12.53,12.79,12.43,12.73,22271568.0,289075560.0,2466734657.0,0.00902876518834267
2023-10-27,12.65,12.98,12.58,12.9,27234265.0,358625026.0,2466734657.0,0.011040613923640186
2023-10-30,12.9,13.18,12.82,13.17,30953020.0,415125792.0,2466734657.0,0.01254817574811412
2023-10-31,13.07,13.07,12.72,12.83,40566720.0,534532774.0,2466734657.0,0.016445514269190404
2023-11-01,12.84,12.89,12.65,12.74,24167016.0,316499578.0,2466734657.0,0.009797168873198347
2023-11-02,12.81,12.85,12.58,12.59,23444656.0,305095113.0,2466734657.0,0.00950432829630447
2023-11-03,12.59,12.83,12.59,12.78,23868145.0,312793355.0,2466734657.0,0.009676008293907065
2023-11-06,12.85,13.04,12.85,12.97,34219070.0,455581326.0,2466734657.0,0.013872213577124927
2023-11-07,12.95,13.02,12.82,12.96,33971425.0,449923366.0,2466734657.0,0.013771819722724234
2023-11-08,12.97,13.02,12.83,12.94,33013682.0,438590597.0,2466734657.0,0.01338355623549339
2023-11-09,12.87,12.99,12.86,12.92,21436840.0,284578114.0,2466734657.0,0.00869037127247043
2023-11-10,12.86,12.86,12.72,12.79,21008717.0,275923150.0,2466734657.0,0.00851681267800017
2023-11-13,12.81,12.95,12.8,12.89,21485859.0,284227558.0,2466734657.0,0.008710243292292625
2023-11-14,12.95,13.08,12.91,13.02,27180498.0,363423373.0,2466734657.0,0.011018817092007962
2023-11-15,13.14,13.16,13.0,13.04,23429493.0,314505167.0,2466734657.0,0.009498181303575855
2023-11-16,13.01,13.02,12.9,12.91,16494834.0,219457609.0,2466734657.0,0.0066869105492119415
2023-11-17,12.9,13.08,12.86,13.04,21411478.0,285663628.0,2466734657.0,0.008680089663977182
2023-11-20,13.04,13.07,12.94,13.02,20509334.0,274049478.0,2466734657.0,0.008314365690610233
2023-11-21,13.04,13.06,12.82,12.85,27401572.0,364377280.0,2466734657.0,0.011108439216289812
2023-11-22,12.85,12.85,12.61,12.61,27998924.0,365146472.0,2466734657.0,0.011350602271122183
2023-11-23,12.58,12.68,12.46,12.67,24095075.0,311389737.0,2466734657.0,0.00976800440680718
2023-11-24,12.65,12.66,12.43,12.49,22553852.0,289777067.0,2466734657.0,0.009143201493520022
2023-11-27,12.41,12.51,12.27,12.36,26200018.0,332682517.0,2466734657.0,0.010621336156140932
2023-11-28,12.36,12.41,12.24,12.35,18376801.0,232817614.0,2466734657.0,0.007449849114435984
2023-11-29,12.31,12.35,12.06,12.08,29461308.0,368084555.0,2466734657.0,0.011943444308610936
2023-11-30,12.09,12.19,12.03,12.12,17596941.0,218816912.0,2466734657.0,0.0071336983692445845
2023-12-01,12.12,12.26,12.04,12.23,19494409.0,243867840.0,2466734657.0,0.007902920950447407
2023-12-04,12.26,12.45,12.21,12.34,29968708.0,380181469.0,2466734657.0,0.012149141341552894
2023-12-05,12.29,12.3,12.07,12.08,19044041.0,237740053.0,2466734657.0,0.007720344361302741
2023-12-06,12.09,12.11,11.89,11.95,24196785.0,297426605.0,2466734657.0,0.009809237054068764
2023-12-07,11.95,11.95,11.75,11.79,28944098.0,351116229.0,2466734657.0,0.011733770358260304
2023-12-08,11.81,11.91,11.64,11.77,46431588.0,561411783.0,2466734657.0,0.018823097923499114
2023-12-11,11.64,11.82,11.46,11.81,36499313.0,435709302.0,2466734657.0,0.014796610935198776
2023-12-12,11.76,11.82,11.65,11.74,21774478.0,262129971.0,2466734657.0,0.008827247769925016
2023-12-13,11.7,11.7,11.54,11.54,17804869.0,212264163.0,2466734657.0,0.007217991180962274
2023-12-14,11.59,11.7,11.51,11.51,16759546.0,199659213.0,2466734657.0,0.00679422326695757
2023-12-15,11.51,11.61,11.44,11.47,17525399.0,207509848.0,2466734657.0,0.007104695655151693
2023-12-18,11.45,11.46,11.17,11.25,22815657.0,264451315.0,2466734657.0,0.009249335730235375
2023-12-19,11.25,11.31,11.15,11.26,15014402.0,173085939.0,2466734657.0,0.006086751956637385
2023-12-20,11.26,11.64,11.1,11.24,35920576.0,416825311.0,2466734657.0,0.014561994293981332
2023-12-21,11.15,11.35,11.11,11.29,25367780.0,292873623.0,2466734657.0,0.010283951671904532
2023-12-22,11.23,11.47,11.15,11.39,27833646.0,323372320.0,2466734657.0,0.011283599523367787
2023-12-25,11.33,11.4,11.29,11.35,16055000.0,187192345.0,2466734657.0,0.006508604382899381
2023-12-26,11.34,11.35,10.89,10.99,29256102.0,332812184.0,2466734657.0,0.01186025497999074
2023-12-27,10.99,11.12,10.89,11.08,23767658.0,268856470.0,2466734657.0,0.009635271443790316
2023-12-28,11.18,11.73,11.16,11.62,64444412.0,764214907.0,2466734657.0,0.026125392861823322
2023-12-29,11.58,11.83,11.55,11.62,40217459.0,482303999.0,2466734657.0,0.01630392587458587
2024-01-02,11.58,11.61,11.4,11.44,30369859.0,358156366.0,2466734657.0,0.012311765642817578
2024-01-03,11.42,11.5,11.26,11.39,22213110.0,259357909.0,2466734657.0,0.009005066652371602
2024-01-04,11.37,11.37,11.19,11.24,21609177.0,249599194.0,2466734657.0,0.0087602356981033
2024-01-05,11.25,11.29,11.01,11.08,26368303.0,301606986.0,2466734657.0,0.010689557924348732
2024-01-08,11.07,11.08,10.83,10.87,25403735.0,284626960.0,2466734657.0,0.01029852762148953
2024-01-09,10.88,10.96,10.72,10.78,25481660.0,283703999.0,2466734657.0,0.010330117966960562
2024-01-10,10.76,10.83,10.54,10.66,20761414.0,227734829.0,2466734657.0,0.008416557468426568
2024-01-11,10.66,10.89,10.63,10.85,19555678.0,216970559.0,2466734657.0,0.007927759049602552
2024-01-12,10.84,10.9,10.77,10.78,14644828.0,162942611.0,2466734657.0,0.00593692878901324
2024-01-15,10.74,10.84,10.67,10.76,11245300.0,124163070.0,2466734657.0,0.0045587797488021425
2024-01-16,10.9,11.04,10.73,10.9,30472722.0,341101866.0,2466734657.0,0.012353465709627804
2024-01-17,10.88,10.88,10.67,10.67,16666768.0,184576897.0,2466734657.0,0.0067566116009696135
2024-01-18,10.62,10.81,10.42,10.78,34741153.0,377058582.0,2466734657.0,0.014083863013564495
2024-01-19,10.78,10.9,10.75,10.79,21801834.0,242374560.0,2466734657.0,0.0088383377345154
2024-01-22,10.78,10.8,10.26,10.39,26431213.0,285698819.0,2466734657.0,0.010715061275437377
2024-01-23,10.3,10.7,10.24,10.62,24307498.0,263784243.0,2466734657.0,0.00985411946559439
2024-01-24,10.73,10.85,10.47,10.82,27418350.0,300764657.0,2466734657.0,0.011115240920701914
2024-01-25,10.83,11.04,10.75,11.02,32509149.0,365684828.0,2466734657.0,0.013179021467812458
2024-01-26,11.01,11.13,10.9,10.98,23146635.0,261685737.0,2466734657.0,0.009383512302109761
2024-01-29,11.0,11.1,10.83,10.92,24365907.0,274593954.0,2466734657.0,0.009877798137248128
2024-01-30,10.87,10.87,10.55,10.59,21537657.0,236610591.0,2466734657.0,0.008731241902683496
2024-01-31,10.7,11.01,10.69,10.7,32547652.0,362327489.0,2466734657.0,0.01319463036189871
2024-02-01,10.6,10.93,10.42,10.79,26982725.0,298159527.0,2466734657.0,0.010938641058708731
2024-02-02,10.78,10.92,10.25,10.66,30452759.0,332916557.0,2466734657.0,0.012345372824589135
2024-02-05,10.55,10.67,9.84,10.36,41688753.0,441170584.0,2466734657.0,0.01690037997467516
2024-02-06,10.2,11.0,10.05,10.89,37671732.0,412477778.0,2466734657.0,0.01527190283441986
2024-02-07,10.96,11.17,10.86,11.03,40302425.0,457117593.0,2466734657.0,0.016338370600839213
2024-02-08,11.19,11.43,11.11,11.41,54120707.0,628874786.0,2466734657.0,0.021940222409580393
2024-02-19,11.58,11.63,11.31,11.53,46479705.0,548336640.0,2466734657.0,0.01884260427772471
2024-02-20,11.48,11.5,11.35,11.46,28832380.0,338151873.0,2466734657.0,0.011688480525532261
2024-02-21,11.37,11.72,11.34,11.51,47362825.0,562429671.0,2466734657.0,0.01920061603123615
2024-02-22,11.48,11.66,11.48,11.6,34943563.0,414630341.0,2466734657.0,0.014165918859914084
2024-02-23,11.62,11.66,11.5,11.61,37379316.0,444794606.0,2466734657.0,0.015153359074891369
2024-02-26,11.58,11.68,11.51,11.58,33355452.0,397757285.0,2466734657.0,0.013522107821911548
2024-02-27,11.54,12.1,11.51,12.09,79094853.0,968128470.0,2466734657.0,0.032064597128656634
2024-02-28,12.14,12.2,11.54,11.54,79989079.0,978297728.0,2466734657.0,0.03242711119050046
2024-02-29,11.51,11.94,11.51,11.91,54136042.0,657053403.0,2466734657.0,0.021946439130116784
2024-03-01,11.89,12.21,11.88,12.19,68364030.0,847954369.0,2466734657.0,0.02771438338777108
2024-03-04,12.24,12.31,11.98,12.31,66322589.0,831146636.0,2466734657.0,0.026886794982910883
2024-03-05,12.18,12.29,12.01,12.06,49631588.0,617972999.0,2466734657.0,0.020120359463535117
2024-03-06,12.05,12.74,11.98,12.52,105701051.0,1352417121.0,2466734657.0,0.042850596313651255
2024-03-07,12.44,12.44,12.07,12.09,65936443.0,830921331.0,2466734657.0,0.026730253622086277
2024-03-08,12.08,12.73,12.08,12.68,99431959.0,1278156792.0,2466734657.0,0.0403091425816052
2024-03-11,12.65,12.8,12.51,12.8,68555641.0,891211497.0,2466734657.0,0.027792061381817283
2024-03-12,12.8,13.01,12.63,12.69,68123520.0,895271624.0,2466734657.0,0.02761688202121044
2024-03-13,12.82,13.22,12.72,13.02,94479009.0,1263002771.0,2466734657.0,0.03830124522387979
2024-03-14,12.93,13.01,12.65,12.88,61551606.0,811669636.0,2466734657.0,0.024952665997265387
2024-03-15,12.8,12.85,12.55,12.74,51589760.0,671183631.0,2466734657.0,0.02091419109615242
2024-03-18,12.8,12.89,12.68,12.87,60185325.0,789773921.0,2466734657.0,0.024398783561583537
2024-03-19,12.84,12.84,12.68,12.68,40744350.0,533079614.0,2466734657.0,0.01651752444648934
2024-03-20,12.69,12.75,12.48,12.6,47808670.0,617901145.0,2466734657.0,0.01938135902227282
2024-03-21,12.57,12.78,12.55,12.75,47463312.0,618194292.0,2466734657.0,0.019241352881352897
2024-03-22,12.67,12.82,12.54,12.81,53928998.0,703462826.0,2466734657.0,0.021862504686899528
2024-03-25,12.79,13.0,12.53,12.55,52569649.0,690733000.0,2466734657.0,0.021311432444028777
2024-03-26,12.35,12.48,12.06,12.27,58485956.0,737188854.0,2466734657.0,0.023709869172199336
2024-03-27,12.26,12.31,11.76,11.77,42476185.0,522160932.0,2466734657.0,0.017219600364985668
2024-03-28,11.68,12.07,11.67,11.91,58718289.0,718136698.0,2466734657.0,0.023804055630130955
2024-03-29,11.96,12.04,11.78,12.02,33890243.0,414981029.0,2466734657.0,0.013738909008241984
2024-04-01,12.22,12.61,12.22,12.46,50156402.0,639483275.0,2466734657.0,0.02033311603162026
2024-04-02,12.44,12.46,12.17,12.22,30527637.0,385280016.0,2466734657.0,0.012375727933837514
2024-04-03,12.24,12.24,11.99,12.03,24162493.0,299800694.0,2466734657.0,0.009795335275090352
2024-04-08,11.96,12.06,11.69,11.71,31910383.0,389335773.0,2466734657.0,0.012936285185537084
2024-04-09,11.78,11.85,11.65,11.8,29127621.0,351330761.0,2466734657.0,0.011808169523764064
2024-04-10,11.81,11.81,11.45,11.55,33254592.0,395826756.0,2466734657.0,0.01348121975974654
2024-04-11,11.49,11.72,11.45,11.57,21820983.0,260385956.0,2466734657.0,0.00884610062864982
2024-04-12,11.59,12.48,11.58,12.18,99390521.0,1238821029.0,2466734657.0,0.0402923438554502
2024-04-15,12.19,12.58,11.99,12.51,75853239.0,963342034.0,2466734657.0,0.030750465513080923
2024-04-16,12.51,12.95,12.44,12.49,103756207.0,1356464279.0,2466734657.0,0.0420621677753482
2024-04-17,12.49,12.87,12.49,12.79,58651734.0,766426703.0,2466734657.0,0.023777074617069363
2024-04-18,12.71,13.13,12.6,12.94,79031438.0,1051661264.0,2466734657.0,0.0320388890534812
2024-04-19,12.85,12.99,12.52,12.59,61744714.0,805366143.0,2466734657.0,0.025030950866475787
2024-04-22,12.53,12.73,12.34,12.69,36451440.0,470228536.0,2466734657.0,0.014777203497165605
2024-04-23,12.66,12.73,12.39,12.44,30175741.0,387122794.0,2466734657.0,0.012233071325433605
2024-04-24,12.46,13.09,12.44,13.08,69385638.0,920376180.0,2466734657.0,0.028128537377581427
2024-04-25,13.02,13.21,12.86,13.18,60772315.0,817386593.0,2466734657.0,0.024636745921391576
2024-04-26,13.19,13.63,12.77,13.46,125556077.0,1708435335.0,2466734657.0,0.05089970931559341
2024-04-29,13.57,14.07,13.53,13.84,113495030.0,1611706511.0,2466734657.0,0.04601023043882259
2024-04-30,13.64,13.99,13.59,13.78,55395028.0,783016356.0,2466734657.0,0.02245682479175546
2024-05-06,13.95,14.02,13.66,13.72,54068870.0,764710126.0,2466734657.0,0.021919207988814502
2024-05-07,13.69,13.7,13.32,13.48,76572818.0,1060330709.0,2466734657.0,0.031042178688617663
2024-05-08,13.47,13.59,13.34,13.47,34777503.0,481748374.0,2466734657.0,0.014098599093870842
2024-05-09,13.49,13.87,13.43,13.8,71475191.0,1007858281.0,2466734657.0,0.028975630109696067
2024-05-10,13.77,14.31,13.73,14.12,77084766.0,1112641548.0,2466734657.0,0.031249719454523397
2024-05-13,13.99,15.38,13.97,15.04,183021933.0,2802807221.0,2466734657.0,0.07419603583248313
2024-05-14,15.0,15.17,14.84,15.04,65709541.0,1013564331.0,2466734657.0,0.026638268860224638
2024-05-15,14.94,15.12,14.7,14.84,44714609.0,684673686.0,2466734657.0,0.018127044541702404
2024-05-16,14.88,15.48,14.71,14.78,98121948.0,1519151298.0,2466734657.0,0.03977807167931642
2024-05-17,14.51,14.75,14.5,14.6,52619045.0,788877354.0,2466734657.0,0.02133145729747616
2024-05-20,14.56,14.98,14.47,14.83,47858910.0,726916935.0,2466734657.0,0.019401726028451385
2024-05-21,14.84,14.84,14.58,14.63,28089161.0,423339097.0,2466734657.0,0.011387183830368505
2024-05-22,14.65,14.78,14.44,14.5,33862285.0,507304416.0,2466734657.0,0.013727574996324382
2024-05-23,14.41,14.49,14.21,14.29,39234924.0,576767386.0,2466734657.0,0.015905611853573597
2024-05-24,14.21,14.81,14.2,14.38,39666710.0,592404206.0,2466734657.0,0.016080655407112968
2024-05-27,14.36,15.1,14.34,15.04,70390346.0,1073218296.0,2466734657.0,0.028535840204883454
2024-05-28,15.08,15.44,14.8,14.83,54741896.0,850016041.0,2466734657.0,0.022192048846703335
2024-05-29,14.85,15.09,14.66,14.87,28908885.0,441152711.0,2466734657.0,0.011719495211194902
2024-05-30,14.78,15.07,14.65,14.85,25944047.0,396574949.0,2466734657.0,0.010517566989370758
2024-05-31,14.82,14.9,14.5,14.56,33434042.0,502894507.0,2466734657.0,0.01355396775454637
2024-06-03,14.28,14.44,14.05,14.18,66923657.0,976365878.0,2466734657.0,0.02713046448270662
2024-06-04,14.27,14.7,14.12,14.63,41184332.0,610026414.0,2466734657.0,0.01669589061114813
2024-06-05,14.69,14.71,14.29,14.32,22442240.0,333699572.0,2466734657.0,0.009097954632580492
2024-06-06,14.38,14.56,14.2,14.25,30369290.0,448623612.0,2466734657.0,0.01231153497349999
2024-06-07,14.31,14.38,13.87,14.0,33292235.0,479265463.0,2466734657.0,0.013496480014793906
2024-06-11,13.97,14.34,13.89,14.24,26565277.0,386389834.0,2466734657.0,0.010769410047657186
2024-06-12,14.16,14.29,14.04,14.13,19083397.0,277177966.0,2466734657.0,0.007736299056668258
2024-06-13,14.07,14.39,14.04,14.14,26802870.0,390568507.0,2466734657.0,0.010865728879245239
2024-06-14,14.06,14.43,13.97,14.37,37382208.0,547737998.0,2466734657.0,0.015154531475008177
2024-06-17,14.34,14.79,14.24,14.6,40325378.0,605100321.0,2466734657.0,0.016347675614629353
2024-06-18,14.58,14.89,14.58,14.76,33011182.0,500712100.0,2466734657.0,0.013382542749915238
2024-06-19,14.97,15.33,14.91,15.14,74491412.0,1159578940.0,2466734657.0,0.030198388703305108
2024-06-20,15.18,15.24,14.81,14.86,39622892.0,610967804.0,2466734657.0,0.01606289184268756
2024-06-21,14.8,15.32,14.73,15.28,47318851.0,735165518.0,2466734657.0,0.019182789225310665
2024-06-24,15.24,15.57,15.01,15.07,56597165.0,891989269.0,2466734657.0,0.022944164196741165
2024-06-25,14.93,15.07,14.64,14.78,36978961.0,563379964.0,2466734657.0,0.014991057467434772
2024-06-26,14.81,15.08,14.65,14.84,28704580.0,437254450.0,2466734657.0,0.011636671142777073
2024-06-27,14.77,14.92,14.44,14.78,29825459.0,451878612.0,2466734657.0,0.012091069023318952
2024-06-28,14.69,15.53,14.65,15.35,65274828.0,1026893356.0,2466734657.0,0.026462038717770364
2024-07-01,15.53,15.56,15.17,15.49,35263977.0,557948827.0,2466734657.0,0.014295812847129427
2024-07-02,15.44,15.55,14.44,14.93,62577881.0,958200773.0,2466734657.0,0.02536871196195303
2024-07-03,14.89,14.99,14.7,14.84,22413155.0,341985279.0,2466734657.0,0.009086163741364258
2024-07-04,14.81,15.23,14.81,14.87,31608142.0,488123614.0,2466734657.0,0.012813758427686452
2024-07-05,14.8,15.05,14.42,14.99,31425456.0,475419312.0,2466734657.0,0.012739698577154259
2024-07-08,14.89,15.44,14.8,15.17,43343317.0,680241526.0,2466734657.0,0.0175711306755277
2024-07-09,15.16,16.06,15.14,16.0,75092508.0,1217749319.0,2466734657.0,0.03044206955413932
2024-07-10,15.96,16.06,15.7,15.82,37294852.0,606685174.0,2466734657.0,0.01511911785654212
2024-07-11,15.96,16.03,15.6,15.9,48731517.0,790093171.0,2466734657.0,0.019755475872409573
2024-07-12,15.76,15.91,15.49,15.81,31283963.0,506111421.0,2466734657.0,0.01268233813119041
2024-07-15,15.8,15.8,15.5,15.6,23240507.0,372870144.0,2466734657.0,0.009421567469386716
2024-07-16,15.61,15.61,14.94,15.23,48269975.0,746309431.0,2466734657.0,0.01956836940812479
2024-07-17,15.21,15.21,14.79,14.83,33862756.0,515272245.0,2466734657.0,0.013727765937007306
2024-07-18,14.72,14.84,14.26,14.71,39080413.0,579937415.0,2466734657.0,0.01584297398550719
2024-07-19,14.65,15.09,14.6,14.79,26164481.0,395494250.0,2466734657.0,0.010606929661344602
2024-07-22,14.73,15.64,14.7,15.46,42936099.0,668794338.0,2466734657.0,0.017406046847461956
2024-07-23,15.47,15.47,14.89,15.13,35955317.0,555198060.0,2466734657.0,0.01457607809496958
2024-07-24,15.17,15.6,15.15,15.3,29821373.0,467372923.0,2466734657.0,0.012089412582490019
2024-07-25,15.17,15.71,14.94,15.61,42192366.0,663313422.0,2466734657.0,0.01710454177966333
2024-07-26,15.5,15.99,15.46,15.86,40075706.0,644858851.0,2466734657.0,0.016246460026121894
2024-07-29,15.92,16.14,15.17,15.23,45578152.0,718494293.0,2466734657.0,0.01847711989234844
2024-07-30,15.26,15.41,15.08,15.12,16445820.0,254522475.0,2466734657.0,0.006667040556360903
2024-07-31,15.12,15.4,14.79,15.28,27602740.0,425019916.0,2466734657.0,0.011189991563004176
2024-08-01,15.13,15.68,15.08,15.46,25926604.0,407945230.0,2466734657.0,0.010510495697794869
2024-08-02,15.33,15.45,15.01,15.13,23607888.0,364934708.0,2466734657.0,0.009570501607461706
2024-08-05,14.96,15.37,14.55,14.57,26741305.0,405976317.0,2466734657.0,0.01084077078339764
2024-08-06,14.73,14.91,13.87,14.05,57735846.0,834491236.0,2466734657.0,0.023405778905387958
2024-08-07,14.19,14.6,14.16,14.17,40625738.0,593098688.0,2466734657.0,0.016469439825930982
2024-08-08,14.26,14.32,13.83,13.99,28061873.0,401218913.0,2466734657.0,0.011376121432585849
2024-08-09,13.96,14.28,13.76,13.88,25462882.0,360749957.0,2466734657.0,0.010322505474085938
2024-08-12,13.86,14.0,13.64,13.72,21185081.0,297136822.0,2466734657.0,0.008588309626202328
2024-08-13,13.76,13.85,13.59,13.8,15251123.0,213042582.0,2466734657.0,0.00618271728445578
2024-08-14,13.8,13.82,13.27,13.34,31895018.0,435397507.0,2466734657.0,0.012930056303173754
2024-08-15,13.28,13.59,13.25,13.49,18908140.0,258943414.0,2466734657.0,0.007665250879880106
2024-08-16,13.56,13.78,13.43,13.45,18284432.0,252587256.0,2466734657.0,0.007412403254688614
2024-08-19,13.36,13.62,13.16,13.23,24594002.0,333985960.0,2466734657.0,0.009970266534427664
2024-08-20,13.24,13.27,12.97,13.11,18417388.0,245166612.0,2466734657.0,0.007466302850100184
2024-08-21,13.02,13.15,12.87,12.9,16941951.0,223841955.0,2466734657.0,0.006868169201710778
2024-08-22,12.97,13.02,12.64,12.68,22982437.0,297752599.0,2466734657.0,0.009316947380125125
2024-08-23,12.67,12.73,12.48,12.62,23070064.0,295858999.0,2466734657.0,0.009352470860427856
2024-08-26,12.65,12.68,12.35,12.41,26974163.0,341706054.0,2466734657.0,0.010935170073300672
2024-08-27,12.38,12.38,11.97,12.11,32642905.0,402039873.0,2466734657.0,0.013233245378609038
2024-08-28,12.09,12.68,12.01,12.67,34948988.0,444315894.0,2466734657.0,0.014168118123618676
2024-08-29,13.09,13.93,13.08,13.93,78965952.0,1092955400.0,2466734657.0,0.03201234140685282
2024-08-30,13.93,14.09,13.62,13.89,67407262.0,951551654.0,2466734657.0,0.02732651515991572
2024-09-02,13.84,14.09,13.77,13.88,34901980.0,495653643.0,2466734657.0,0.014149061351595547
2024-09-03,13.87,14.39,13.83,14.31,43315954.0,627176238.0,2466734657.0,0.017560037873177697
2024-09-04,14.16,14.49,14.11,14.33,32196560.0,470454882.0,2466734657.0,0.013052299690456735
2024-09-05,14.39,14.43,14.14,14.24,23550166.0,341989653.0,2466734657.0,0.009547101441644845
2024-09-06,14.28,14.32,13.85,13.91,24219469.0,346448428.0,2466734657.0,0.009818433016810693
2024-09-09,13.95,14.24,13.88,14.12,24232887.0,346258793.0,2466734657.0,0.009823872596605757
2024-09-10,14.04,14.17,13.91,14.08,15469080.0,220810554.0,2466734657.0,0.006271075794918789
2024-09-11,14.02,14.7,13.97,14.51,40310163.0,592699543.0,2466734657.0,0.016341507541400714
2024-09-12,14.58,14.81,14.27,14.32,27036803.0,398895482.0,2466734657.0,0.010960563967946877
2024-09-13,14.4,14.79,14.33,14.41,26983980.0,399290991.0,2466734657.0,0.010939149828468964
2024-09-18,14.39,14.7,14.18,14.64,24448379.0,361515119.0,2466734657.0,0.009911231810288705
2024-09-19,14.7,14.73,14.46,14.54,21377078.0,316987265.0,2466734657.0,0.008666144102421796
2024-09-20,14.59,14.64,14.27,14.37,22473734.0,329229456.0,2466734657.0,0.009110722118499833
2024-09-23,14.42,14.57,14.11,14.18,23143712.0,336584956.0,2466734657.0,0.009382327334771784
2024-09-24,14.26,14.53,14.01,14.47,34871223.0,508649063.0,2466734657.0,0.014136592641224646
2024-09-25,14.49,14.94,14.35,14.41,44469518.0,663055919.0,2466734657.0,0.018027686064168352
2024-09-26,14.31,14.49,14.02,14.49,58606450.0,850383201.0,2466734657.0,0.02375871674470093
2024-09-27,14.69,15.3,14.69,15.29,46756698.0,713646718.0,2466734657.0,0.01895489564202446
2024-09-30,16.06,16.7,15.42,16.62,102920956.0,1692854961.0,2466734657.0,0.04172356183829301
2024-10-08,18.28,18.28,16.71,17.69,116954699.0,2091272698.0,2466734657.0,0.04741276029349597
2024-10-09,17.34,17.75,16.62,16.62,82092015.0,1434573653.0,2466734657.0,0.033279629313612065
2024-10-10,16.7,17.47,16.55,16.85,67365501.0,1163981538.0,2466734657.0,0.027309585491424017
2024-10-11,17.0,17.08,16.33,16.75,41770523.0,711353961.0,2466734657.0,0.01693352906096539
2024-10-14,16.74,17.14,16.6,17.03,45994670.0,791255393.0,2466734657.0,0.01864597388676491
2024-10-15,16.93,16.93,16.29,16.3,47799982.0,808603806.0,2466734657.0,0.019377836957191624
2024-10-16,16.1,16.33,15.91,16.07,39348835.0,643420107.0,2466734657.0,0.015951790715850796
2024-10-17,16.14,16.53,16.06,16.23,34548593.0,573512332.0,2466734657.0,0.014005800300392827
2024-10-18,16.12,17.07,16.09,16.77,60801287.0,1037266829.0,2466734657.0,0.02464849100305968
2024-10-21,16.92,17.39,16.79,17.05,55773924.0,970767496.0,2466734657.0,0.02261042704440342
2024-10-22,17.24,17.8,16.95,17.63,89064467.0,1588702226.0,2466734657.0,0.036106221132158035
2024-10-23,17.61,18.23,17.08,17.18,95520242.0,1720162953.0,2466734657.0,0.03872335507547864
2024-10-24,17.0,17.55,16.92,17.33,43745339.0,770083178.0,2466734657.0,0.01773410807516781
2024-10-25,17.33,17.64,17.18,17.52,40849297.0,724614046.0,2466734657.0,0.016560069354877516
2024-10-28,17.74,17.75,17.09,17.56,53958455.0,953833738.0,2466734657.0,0.02187444638476979
2024-10-29,17.67,17.98,17.46,17.57,62405254.0,1123635814.0,2466734657.0,0.025298729971993093
2024-10-30,17.57,18.05,17.43,17.6,45566317.0,823460313.0,2466734657.0,0.01847232205162146
2024-10-31,17.53,17.54,16.84,17.01,71550648.0,1247932652.0,2466734657.0,0.029006219942204346
2024-11-01,16.94,17.1,16.64,16.73,43908205.0,753508025.0,2466734657.0,0.017800133012036406
2024-11-04,16.76,17.13,16.7,16.85,36547988.0,628236864.0,2466734657.0,0.014816343499405417
2024-11-05,16.85,17.78,16.65,17.6,66689511.0,1181071769.0,2466734657.0,0.027035543045033725
2024-11-06,17.69,18.42,17.54,18.37,95359418.0,1759935288.0,2466734657.0,0.03865815795363028
2024-11-07,18.38,18.58,18.1,18.57,63960287.0,1197324209.0,2466734657.0,0.02592913137961397
2024-11-08,18.67,18.77,18.16,18.26,52692343.0,988226031.0,2466734657.0,0.021361171883839146
2024-11-11,18.23,18.84,17.83,18.84,71305385.0,1332278240.0,2466734657.0,0.02890679173686252
2024-11-12,18.77,19.11,18.21,18.37,56509430.0,1068622985.0,2466734657.0,0.02290859693386146
2024-11-13,18.26,18.44,18.02,18.32,29514938.0,547382345.0,2466734657.0,0.011965185601233478
2024-11-14,18.36,18.36,17.35,17.43,50448295.0,910524455.0,2466734657.0,0.0204514477699658
2024-11-15,17.55,17.58,17.1,17.12,35571595.0,627466338.0,2466734657.0,0.01442051940976155
2024-11-18,17.12,17.69,17.12,17.25,47206300.0,836712005.0,2466734657.0,0.01913716169918798
2024-11-19,17.23,17.49,16.91,17.3,28817576.0,503363727.0,2466734657.0,0.011682479069332669
2024-11-20,17.27,17.37,17.03,17.22,23416522.0,409785360.0,2466734657.0,0.009492922935002165
2024-11-21,17.23,17.32,16.82,16.98,30605559.0,531000911.0,2466734657.0,0.012407317063125853
2024-11-22,16.98,17.14,16.41,16.46,35342260.0,605262330.0,2466734657.0,0.014327548323735251
2024-11-25,16.47,16.74,16.22,16.46,32558280.0,546428892.0,2466734657.0,0.013198938891788555
2024-11-26,16.49,16.7,16.41,16.43,21852950.0,367917940.0,2466734657.0,0.008859059866040549
2024-11-27,16.43,17.15,16.38,17.15,43089351.0,739188878.0,2466734657.0,0.017468174324191205
2024-11-28,17.13,17.24,16.65,16.83,31205514.0,536197470.0,2466734657.0,0.012650535359142198
2024-11-29,16.96,17.42,16.79,17.35,43508965.0,762348396.0,2466734657.0,0.017638283419147666
2024-12-02,17.57,18.57,17.45,18.4,87343916.0,1625001917.0,2466734657.0,0.03540871968216726
2024-12-03,18.28,18.63,18.11,18.28,34029089.0,635394720.0,2466734657.0,0.013795196375675684
2024-12-04,18.16,18.26,17.6,18.0,34013184.0,619417447.0,2466734657.0,0.013788748580427473
2024-12-05,17.92,17.97,17.52,17.78,28980452.0,524285066.0,2466734657.0,0.011748508060143577
2024-12-06,17.81,17.96,17.62,17.8,26306338.0,476631030.0,2466734657.0,0.010664437670808628
2024-12-09,17.78,17.79,17.43,17.65,29599373.0,529613367.0,2466734657.0,0.011999415063150021
2024-12-10,18.04,18.13,17.39,17.43,43016850.0,772458547.0,2466734657.0,0.017438782837030535
2024-12-11,17.49,17.71,17.31,17.42,26414970.0,468623397.0,2466734657.0,0.010708476456939
2024-12-12,17.46,17.75,17.36,17.58,36513635.0,651186213.0,2466734657.0,0.0148024169913789
2024-12-13,17.42,18.08,17.4,17.72,113138374.0,2054778456.0,2466734657.0,0.04586564415387788
2024-12-16,17.69,17.92,17.39,17.77,57651751.0,1036644234.0,2466734657.0,0.023371687277510045
2024-12-17,17.78,18.35,17.71,17.93,57376235.0,1056176805.0,2466734657.0,0.02325999468048987
2024-12-18,18.03,18.06,17.6,17.87,34952412.0,633377892.0,2466734657.0,0.014169506193466515
2024-12-19,17.68,18.22,17.56,18.16,51279048.0,938938268.0,2466734657.0,0.020788230243768777
2024-12-20,18.18,18.52,17.92,17.99,50430562.0,932824537.0,2445181125.0,0.020624468872423512
2024-12-23,17.87,18.13,17.8,17.86,29300139.0,534840470.0,2445181125.0,0.011982809248946742
2024-12-24,17.84,18.05,17.67,18.03,29140891.0,530706091.0,2445181125.0,0.011917681967220322
2024-12-25,17.96,18.03,17.52,17.62,28031451.0,505591906.0,2445181125.0,0.011463956887856314
2024-12-26,17.58,18.35,17.49,18.35,59593539.0,1099950370.0,2445181125.0,0.024371830123627345
2024-12-27,18.28,18.3,17.56,17.66,74891633.0,1355314708.0,2445181125.0,0.030628255810701957
2024-12-30,17.56,17.68,16.87,16.96,67233954.0,1178521052.0,2445181125.0,0.027496512758334007
2024-12-31,17.09,17.34,16.76,16.92,42095450.0,729638890.0,2445181125.0,0.017215677632060895
2025-01-02,16.84,16.93,16.15,16.32,46779490.0,786834107.0,2445181125.0,0.01913129850452285
2025-01-03,16.4,16.65,16.02,16.04,34890393.0,579110002.0,2445181125.0,0.014269042339348174
2025-01-06,16.08,16.15,15.61,15.76,45639565.0,737978368.0,2445181125.0,0.018665106046080737
2025-01-07,15.84,16.01,15.5,15.97,44000323.0,707976644.0,2445181125.0,0.017994709083156365
2025-01-08,15.92,15.92,15.23,15.54,55636581.0,879550238.0,2445181125.0,0.02275356227445114
2025-01-09,15.38,15.64,15.25,15.37,42465909.0,667958671.0,2445181125.0,0.017367183381967258
2025-01-10,15.38,15.45,15.03,15.13,45860608.0,710086403.0,2445181125.0,0.018755505484281863
2025-01-13,15.03,15.21,14.79,14.92,40904480.0,623202015.0,2445181125.0,0.016728609419476032
2025-01-14,14.98,15.71,14.84,15.67,53954739.0,848275286.0,2445181125.0,0.022065743289262467
2025-01-15,15.67,15.67,15.22,15.31,36915205.0,576627478.0,2445181125.0,0.015097124962470827
2025-01-16,15.38,15.75,15.34,15.49,33422459.0,528163214.0,2445181125.0,0.013668704808115186
2025-01-17,15.52,16.06,15.49,15.91,54354123.0,880900045.0,2445181125.0,0.022229078428699225
2025-01-20,15.72,15.77,14.87,15.18,100046483.0,1555720152.0,2445181125.0,0.04091577592232559
2025-01-21,15.36,15.72,15.15,15.55,56701920.0,890525186.0,2445181125.0,0.023189251471095008
2025-01-22,15.44,15.87,15.33,15.58,49519438.0,784304145.0,2445181125.0,0.02025184862327939
2025-01-23,15.79,15.96,15.43,15.44,46063207.0,734654491.0,2445181125.0,0.018838361922984336
2025-01-24,15.44,16.42,15.38,16.16,108647358.0,1789951316.0,2445181125.0,0.04443325563459026
2025-01-27,16.13,16.15,15.38,15.38,82375772.0,1308266461.0,2445181125.0,0.03368902661556411
2025-02-05,15.51,15.61,14.85,15.03,68354894.0,1043549229.0,2445181125.0,0.02795494096577406
2025-02-06,15.03,15.36,14.82,15.25,70387839.0,1082925992.0,2445181125.0,0.02878634972286562
2025-02-07,15.29,16.0,15.24,15.75,86318293.0,1375360068.0,2445181125.0,0.03530139019865042
2025-02-10,15.75,15.82,15.62,15.74,53891136.0,861767844.0,2445181125.0,0.022039731719260675
2025-02-11,15.72,15.87,15.58,15.78,55457705.0,887648365.0,2445181125.0,0.022680407775518063
2025-02-12,15.75,15.87,15.62,15.87,53868787.0,863651585.0,2445181125.0,0.022030591701054456
2025-02-13,15.89,15.89,15.38,15.5,61797306.0,979657584.0,2445181125.0,0.025273099554128122
2025-02-14,15.44,15.94,15.42,15.72,70052505.0,1120810509.0,2445181125.0,0.028649208961974135
2025-02-17,15.81,15.9,15.5,15.62,71247680.0,1135518029.0,2445181125.0,0.029137996883564197
2025-02-18,15.62,15.66,15.13,15.19,56585853.0,887397558.0,2445181125.0,0.023141783821842645
2025-02-19,15.16,15.56,15.16,15.5,48825310.0,766980388.0,2445181125.0,0.01996797272022129
2025-02-20,15.56,15.57,15.24,15.4,47169448.0,736820542.0,2445181125.0,0.019290778714807885
2025-02-21,15.41,16.31,15.38,16.21,140775228.0,2293791873.0,2445181125.0,0.05757251541028479
2025-02-24,16.31,16.69,16.07,16.56,109991014.0,1840896055.0,2445181125.0,0.04498276748312459
2025-02-25,16.31,16.51,16.13,16.19,71450108.0,1187005483.0,2445181125.0,0.029220783388797016
2025-02-26,16.31,16.51,16.14,16.41,58493038.0,975175514.0,2445181125.0,0.02392176080616523
2025-02-27,16.41,16.45,15.76,15.98,80668847.0,1315446627.0,2445181125.0,0.0329909494945901
2025-02-28,15.87,15.89,15.28,15.29,79993571.0,1262399616.0,2445181125.0,0.03271478344983544
2025-03-03,15.33,15.57,15.19,15.3,49147318.0,768836759.0,2445181125.0,0.020099663578091786
2025-03-04,15.2,15.45,15.14,15.45,32686175.0,509987652.0,2445181125.0,0.013367588464433283
2025-03-05,15.57,15.68,15.42,15.56,40050876.0,633003206.0,2445181125.0,0.016379512990065306
2025-03-06,15.67,16.09,15.59,16.02,80600321.0,1300898016.0,2445181125.0,0.0329629245768041
2025-03-07,15.98,16.06,15.67,15.77,59002924.0,951681272.0,2445181125.0,0.0241302876898332
2025-03-10,15.72,15.76,15.44,15.59,45220984.0,716075388.0,2445181125.0,0.01849391995449826
2025-03-11,15.43,15.64,15.34,15.64,35943191.0,567835629.0,2445181125.0,0.014699602672583202
2025-03-12,15.73,15.96,15.62,15.8,55767725.0,897321028.0,2445181125.0,0.02280719592909503
2025-03-13,15.82,16.06,15.67,15.87,56515860.0,912292463.0,2445181125.0,0.023113158948501206
2025-03-14,16.06,16.82,16.06,16.61,158133456.0,2667195900.0,2445181125.0,0.06467146927612571
2025-03-17,17.24,17.29,16.58,16.62,136294849.0,2338302276.0,2445181125.0,0.05574018530017894
2025-03-18,16.57,17.13,16.51,16.64,77355039.0,1311173487.0,2445181125.0,0.031635709195162384
2025-03-19,16.66,16.67,16.34,16.44,56150851.0,939604225.0,2445181125.0,0.022963882072335233
2025-03-20,16.41,16.95,16.31,16.74,95039298.0,1620710516.0,2445181125.0,0.0388679991957651
2025-03-21,17.0,17.96,16.92,17.28,210804431.0,3747419461.0,2445181125.0,0.08621219460787388
2025-03-24,17.63,17.74,16.89,17.69,161153822.0,2835435047.0,2445181125.0,0.06590670128782382
2025-03-25,17.43,17.67,16.81,16.91,124297282.0,2178407427.0,2445181125.0,0.050833568413055696
2025-03-26,16.79,17.16,16.71,16.73,69312734.0,1190905776.0,2445181125.0,0.028346666548066047
2025-03-27,16.74,16.89,16.33,16.61,65338086.0,1106991676.0,2445181125.0,0.02672116406100591
2025-03-28,16.57,17.1,16.53,16.83,66998431.0,1146148272.0,2445181125.0,0.027400191468433654
2025-03-31,16.68,16.81,16.21,16.35,58242829.0,975252866.0,2445181125.0,0.023819433417227937
2025-04-01,16.46,16.51,16.16,16.17,51841293.0,861035950.0,2445181125.0,0.02120141222667094
2025-04-02,16.14,16.42,16.11,16.21,35659899.0,590329661.0,2445181125.0,0.01458374540659028
2025-04-03,16.06,16.2,15.66,15.81,53128957.0,860631353.0,2445181125.0,0.021728025158054498
2025-04-07,14.73,15.03,14.23,14.23,69122740.0,1016366930.0,2445181125.0,0.028268965146702577
2025-04-08,14.1,14.46,14.04,14.34,65297425.0,946802113.0,2445181125.0,0.026704535027031996
2025-04-09,14.06,14.86,13.62,14.72,65889406.0,959565484.0,2445181125.0,0.02694663611064804
2025-04-10,15.08,15.24,14.91,15.0,56239125.0,863043752.0,2445181125.0,0.022999983283446948
2025-04-11,14.84,15.12,14.78,14.95,38338109.0,583712223.0,2445181125.0,0.015679046680028664
2025-04-14,15.17,15.28,15.02,15.09,36376102.0,559883001.0,2445181125.0,0.01487664927071609
2025-04-15,15.06,15.07,14.78,14.89,28506610.0,431096393.0,2445181125.0,0.011658281551637612
2025-04-16,14.79,14.84,14.44,14.63,34831478.0,517572748.0,2445181125.0,0.014244948009730772
2025-04-17,14.53,14.76,14.47,14.54,26474401.0,393826771.0,2445181125.0,0.010827173794742915
2025-04-18,14.49,14.93,14.45,14.84,39232967.0,589251134.0,2445181125.0,0.016045014661234962
2025-04-21,14.89,15.1,14.74,14.99,29932743.0,455960172.0,2445181125.0,0.012241523825765668
2025-04-22,15.01,15.07,14.91,14.97,27392702.0,417904623.0,2445181125.0,0.011202729204774145
2025-04-23,15.01,15.22,14.97,15.21,39149016.0,602583107.0,2445181125.0,0.016010681417312184
2025-04-24,15.19,15.19,14.89,14.98,33171157.0,507746063.0,2445181125.0,0.01356593041752684
2025-04-25,15.12,15.65,15.08,15.43,65904025.0,1033850893.0,2445181125.0,0.02695261480885184
2025-04-28,15.43,15.51,15.24,15.3,34288614.0,536023518.0,2445181125.0,0.01402293419061134
2025-04-29,15.28,15.39,15.13,15.27,22692139.0,353211512.0,2445181125.0,0.009280350959686065
2025-04-30,15.34,15.35,15.13,15.14,32727957.0,507038483.0,2445181125.0,0.013384675951152699
2025-05-06,15.27,15.57,15.26,15.49,34983429.0,549618987.0,2445181125.0,0.014307091054451028
2025-05-07,15.67,15.71,15.41,15.49,34070747.0,537475933.0,2445181125.0,0.013933833633694518
2025-05-08,15.49,15.66,15.41,15.62,30605912.0,485573096.0,2445181125.0,0.012516828175663266
2025-05-09,15.6,15.6,15.3,15.42,31373843.0,491920728.0,2445181125.0,0.01283088711884278
2025-05-12,15.49,15.7,15.48,15.66,30920586.0,491399494.0,2445181125.0,0.012645519664724224
2025-05-13,15.87,15.89,15.52,15.57,31806391.0,507964822.0,2445181125.0,0.01300778526171553
2025-05-14,15.57,15.76,15.42,15.59,27280014.0,431678415.0,2445181125.0,0.01115664345724082
2025-05-15,15.54,15.55,15.1,15.12,33759001.0,524329537.0,2445181125.0,0.013806339601938486
2025-05-16,15.1,15.22,15.06,15.09,21524453.0,331408575.0,2445181125.0,0.008802805150068382
2025-05-19,15.08,15.09,14.88,15.02,24724796.0,377053953.0,2445181125.0,0.010111641934091897
2025-05-20,14.99,15.11,14.9,15.08,21985160.0,335910590.0,2445181125.0,0.008991219413244898
2025-05-21,15.03,15.1,14.89,14.92,23195254.0,353367860.0,2445181125.0,0.009486108723336394
2025-05-22,14.85,14.95,14.77,14.78,25165160.0,379798428.0,2445181125.0,0.01029173656818572
2025-05-23,14.78,14.9,14.58,14.62,29523134.0,442469075.0,2445181125.0,0.01207400699201782
2025-05-26,14.56,14.69,14.56,14.65,21967251.0,327031962.0,2445181125.0,0.008983895211443693
2025-05-27,14.64,14.7,14.52,14.66,19769878.0,293902964.0,2445181125.0,0.008085240720153195
2025-05-28,14.67,14.9,14.66,14.87,26018885.0,392250308.0,2445181125.0,0.01064088248268316
2025-05-29,14.84,15.09,14.82,15.04,29219970.0,446745103.0,2445181125.0,0.011950022720709493
2025-05-30,15.03,15.03,14.74,14.74,24966820.0,377191283.0,2445181125.0,0.010210621922742021
2025-06-03,14.75,14.92,14.68,14.77,20552105.0,309449900.0,2445181125.0,0.008405146264982722
2025-06-04,14.85,14.98,14.83,14.9,22486965.0,341511438.0,2445181125.0,0.00919644142926222
2025-06-05,14.89,15.02,14.82,14.98,20393245.0,310094908.0,2445181125.0,0.00834017766270791
2025-06-06,14.98,15.18,14.89,15.09,27013684.0,413301882.0,2445181125.0,0.011047723100676234
2025-06-09,15.09,15.19,15.0,15.12,30850156.0,474033073.0,2445181125.0,0.012616716072515896
2025-06-10,15.12,15.12,14.84,14.96,25116310.0,382962521.0,2445181125.0,0.010271758498054005
2025-06-11,14.98,15.14,14.93,15.1,25865158.0,396104969.0,2445181125.0,0.0105780131114009
2025-06-12,15.05,15.23,14.97,15.01,28425069.0,437029560.0,2445181125.0,0.011624933919772507
2025-06-13,14.94,15.01,14.58,14.61,44389800.0,665163549.0,2445181125.0,0.018153992579997526
2025-06-16,14.53,15.0,14.52,14.89,34743096.0,526155709.0,2445181125.0,0.01420880263011191
2025-06-17,14.93,14.93,14.7,14.74,19516028.0,293338081.0,2445181125.0,0.007981424279970261
2025-06-18,14.75,14.87,14.68,14.78,19407704.0,292051070.0,2445181125.0,0.007937123267299881
2025-06-19,14.76,14.85,14.54,14.56,22119483.0,329826185.0,2445181125.0,0.009046153176076066
2025-06-20,14.56,14.67,14.43,14.45,19178020.0,283199540.0,2445181125.0,0.007843189939559181
2025-06-23,14.44,14.55,14.36,14.5,18698850.0,275922454.0,2445181125.0,0.007647224906498491
2025-06-24,14.56,14.84,14.54,14.83,26655901.0,400006303.0,2445181125.0,0.01090140142481265
2025-06-25,14.83,15.0,14.77,14.97,29147068.0,441722325.0,2445181125.0,0.011920208160448646
2025-06-26,15.02,15.22,14.93,15.04,35230225.0,540018247.0,2445181125.0,0.014408022636768882
2025-06-27,15.18,15.21,15.05,15.1,28164536.0,426864703.0,2445181125.0,0.011518384348725905
2025-06-30,15.1,15.32,15.06,15.26,35706894.0,543017579.0,2445181125.0,0.014602964841714947
2025-07-01,15.21,15.24,15.11,15.21,22559040.0,343215305.0,2445181125.0,0.00922591777326925
2025-07-02,15.51,15.66,15.33,15.36,71643760.0,1111220347.0,2445181125.0,0.029299980793856324
2025-07-03,15.33,15.85,15.33,15.74,70948505.0,1115132861.0,2445181125.0,0.02901564398424677
2025-07-04,15.75,15.78,15.34,15.37,61387640.0,955489968.0,2445181125.0,0.025105559409223724
2025-07-07,15.34,15.37,15.1,15.14,39303165.0,597805054.0,2445181125.0,0.016073723372946453
2025-07-08,15.12,15.76,15.12,15.66,65632667.0,1020229193.0,2445181125.0,0.026841638162898872
2025-07-09,15.62,15.67,15.38,15.41,30926275.0,480857862.0,2445181125.0,0.01264784628173506
2025-07-10,15.37,15.48,15.33,15.4,23678540.0,365376338.0,2445181125.0,0.00968375706728065
2025-07-11,15.36,15.51,15.32,15.36,36173029.0,558963811.0,2445181125.0,0.014793598981343355
2025-07-14,15.36,15.45,15.26,15.3,30163725.0,463916835.0,2445181125.0,0.012335987993527473
2025-07-15,15.34,15.57,15.29,15.44,46601204.0,722017122.0,2445181125.0,0.019058385296508454
2025-07-16,15.48,15.56,15.29,15.32,33626940.0,519363357.0,2445181125.0,0.013752330923951492
2025-07-17,15.31,15.99,15.29,15.77,93022965.0,1466948756.0,2445181125.0,0.0380433842094213
2025-07-18,15.84,15.91,15.6,15.67,44385425.0,699970974.0,2445181125.0,0.018152203346490335
2025-07-21,15.75,15.86,15.69,15.83,40546116.0,641477613.0,2445181125.0,0.016582050133402693
2025-07-22,15.86,16.12,15.76,16.06,62312616.0,996957347.0,2445181125.0,0.025483844678377353
2025-07-23,16.11,16.12,15.76,15.81,55014716.0,877372964.0,2445181125.0,0.02249923960131992
2025-07-24,15.8,15.89,15.77,15.85,37718120.0,598230783.0,2445181125.0,0.015425491230225328
2025-07-25,16.06,16.11,15.7,15.75,55690863.0,885665007.0,2445181125.0,0.022775761856905385
2025-07-28,15.77,15.91,15.73,15.86,41317159.0,655357295.0,2445181125.0,0.016897381783936353
2025-07-29,15.81,16.01,15.68,16.01,53000184.0,842742569.0,2445181125.0,0.021675361165729594
2025-07-30,16.02,16.51,15.86,16.29,103063479.0,1679786383.0,2445181125.0,0.042149629713013594
2025-07-31,16.21,16.51,15.82,15.89,92209473.0,1495037635.0,2445181125.0,0.03771069229073981
2025-08-01,15.78,16.24,15.63,15.74,70309833.0,1116807859.0,2445181125.0,0.02875444779167433
2025-08-04,15.66,15.89,15.55,15.76,38368570.0,604041099.0,2445181125.0,0.015691504243882954
2025-08-05,15.76,16.16,15.75,16.1,64870354.0,1039983646.0,2445181125.0,0.02652987680002642
2025-08-06,16.23,16.3,16.06,16.16,52881346.0,857461054.0,2445181125.0,0.021626760267094734
2025-08-07,16.06,16.18,15.86,16.02,43652412.0,699489027.0,2445181125.0,0.017852424736020323
2025-08-08,16.02,17.23,15.99,16.93,175451591.0,2949328015.0,2445181125.0,0.0717540264016229
2025-08-11,17.21,18.08,17.21,17.61,158597760.0,2808244767.0,2445181125.0,0.06486135459597088
2025-08-12,17.51,17.91,17.46,17.86,93089551.0,1650752374.0,2445181125.0,0.03807061572994925
2025-08-13,17.86,18.15,17.71,18.09,104794391.0,1885694797.0,2445181125.0,0.04285751674121892
2025-08-14,18.21,18.27,17.44,17.52,104283479.0,1853787713.0,2445181125.0,0.04264857025673303
2025-08-15,17.45,18.39,17.44,18.1,101759227.0,1837975092.0,2445181125.0,0.04161623282610608
2025-08-18,18.16,18.2,17.85,17.98,106316808.0,1920521243.0,2445181125.0,0.04348013605740556
2025-08-19,17.99,18.95,17.94,18.61,143686479.0,2676896322.0,2445181125.0,0.058763122915894424
2025-08-20,18.41,18.49,18.08,18.43,78754244.0,1442236091.0,2445181125.0,0.03220793878817464
2025-08-21,18.45,18.51,18.07,18.19,65090899.0,1189732603.0,2445181125.0,0.02662007257233347
2025-08-22,18.21,18.81,18.14,18.68,87507739.0,1623557903.0,2445181125.0,0.03578783514452329
2025-08-25,19.23,20.28,19.17,20.17,162979984.0,3233506476.0,2445181125.0,0.06665354248552856
2025-08-26,19.7,19.75,19.3,19.31,154039555.0,3009255963.0,2445181125.0,0.06299719616885231
2025-08-27,19.42,19.73,18.84,18.85,129606312.0,2513848370.0,2445181125.0,0.05300478998258258
2025-08-28,18.83,20.74,18.83,20.46,246738048.0,4992318826.0,2445181125.0,0.10090788182409187
2025-08-29,20.73,20.92,20.15,20.43,172651844.0,3543324778.0,2445181125.0,0.0706090204258386
2025-09-01,20.75,21.1,20.32,20.66,143528866.0,2976863393.0,2445181125.0,0.058698664296290115
2025-09-02,20.86,21.96,19.94,20.19,180921917.0,3774626897.0,2445181125.0,0.0739912128186414
2025-09-03,20.41,21.41,19.96,20.85,165648024.0,3452242718.0,2445181125.0,0.06774468455787708
2025-09-04,21.53,21.63,18.77,19.24,210352581.0,4171832551.0,2445181125.0,0.08602740257125124
2025-09-05,19.24,20.12,19.24,20.05,138363468.0,2750564166.0,2445181125.0,0.056586183569530046
2025-09-08,20.06,20.07,19.34,19.66,103291107.0,2029595410.0,2445181125.0,0.042242722203247825
2025-09-09,19.63,20.13,19.27,19.75,109891014.0,2173045376.0,2445181125.0,0.044941870717245945
2025-09-10,19.96,20.81,19.75,20.34,129815820.0,2644751415.0,2445181125.0,0.05309047197883961
2025-09-11,20.4,21.04,19.98,20.9,134243058.0,2779121713.0,2445181125.0,0.054901069138589886
2025-09-12,20.8,21.09,20.45,20.51,103425162.0,2141548082.0,2445181125.0,0.04229754636274644
2025-09-15,20.52,20.58,19.96,20.03,79971166.0,1614562390.0,2445181125.0,0.03270562052944033
2025-09-16,20.04,20.16,19.48,20.09,96193182.0,1918892655.0,2445181125.0,0.03933990043375621
2025-09-17,20.03,20.23,19.75,20.15,66740415.0,1340361282.0,2445181125.0,0.027294671268984216
2025-09-18,20.29,22.17,20.28,22.17,189319721.0,4151055443.0,2445181125.0,0.07742564305946865
2025-09-19,23.14,23.79,22.63,22.84,296449672.0,6896776018.0,2445181125.0,0.12123832830584279
2025-09-22,22.62,23.0,21.92,22.81,170396943.0,3868771765.0,2445181125.0,0.06968683884307343
2025-09-23,23.04,23.24,21.51,21.99,161644551.0,3579084467.0,2445181125.0,0.06610739357805243
2025-09-24,21.83,22.78,21.53,22.55,141738777.0,3148563019.0,2445181125.0,0.05796657578894079
2025-09-25,22.56,22.94,22.05,22.87,141080468.0,3196383893.0,2445181125.0,0.057697348698452756
2025-09-26,22.67,23.5,22.57,22.72,136834221.0,3156353961.0,2445181125.0,0.05596077100423389
2025-09-29,22.64,23.44,22.6,23.07,113962708.0,2634106382.0,2445181125.0,0.04660706187972067
2025-09-30,23.14,23.63,22.73,22.91,116902832.0,2706109689.0,2445181125.0,0.04780947750854244
2025-10-09,22.93,24.42,22.92,24.05,147279294.0,3499377503.0,2445181125.0,0.06023246805489716
2025-10-10,23.75,23.75,22.4,22.5,129935734.0,2988912958.0,2445181125.0,0.05313951292667532
2025-10-13,21.05,22.24,21.05,22.1,90777827.0,1976220331.0,2445181125.0,0.037125195377908864
2025-10-14,22.21,22.48,20.71,20.78,115496198.0,2483312681.0,2445181125.0,0.04723420969479306
2025-10-15,20.92,21.74,20.79,21.7,82249122.0,1758426398.0,2445181125.0,0.03363723086157881
2025-10-16,21.83,21.83,21.25,21.33,48632480.0,1046021586.0,2445181125.0,0.0198891114865775
2025-10-17,21.74,21.82,20.27,20.35,70825397.0,1476060793.0,2445181125.0,0.028965296793708892
2025-10-20,20.71,21.12,20.46,20.55,50142165.0,1042615820.0,2445181125.0,0.020506523826532484
2025-10-21,20.72,21.09,20.65,20.94,63819447.0,1336987763.0,2445181125.0,0.026100089824634156
2025-10-22,21.25,21.31,20.57,20.89,53833578.0,1128532224.0,2445181125.0,0.022016192358756244
2025-10-23,20.66,21.01,20.17,20.99,53663939.0,1106374077.0,2445181125.0,0.021946815494087377
2025-10-24,21.25,21.45,21.1,21.41,69805903.0,1491302142.0,2445181125.0,0.028548356719382086
2025-10-27,21.7,22.4,21.68,21.84,98562054.0,2168478796.0,2445181125.0,0.04030869246956092
2025-10-28,21.96,22.03,21.25,21.47,86998627.0,1881173295.0,2445181125.0,0.035579624801823216
2025-10-29,21.63,22.68,21.55,22.42,119506165.0,2671480212.0,2445181125.0,0.048874156510593875
2025-10-30,22.42,23.02,22.14,22.47,119914233.0,2711395479.0,2445181125.0,0.04904104312517953
2025-10-31,22.54,23.04,22.25,22.31,88911172.0,2010207369.0,2445181125.0,0.0363617938527969
2025-11-03,22.1,22.18,21.43,21.96,71270324.0,1556573222.0,2445181125.0,0.029147257547229757
2025-11-04,21.98,21.98,20.85,21.07,79679401.0,1696551827.0,2445181125.0,0.03258629808047451
2025-11-05,20.72,22.03,20.61,21.63,77809833.0,1654659415.0,2445181125.0,0.031821705232572495
2025-11-06,21.66,22.44,21.65,22.18,93781744.0,2077893957.0,2445181125.0,0.0383537002805876
2025-11-07,21.93,22.12,21.65,21.92,48259171.0,1060502096.0,2445181125.0,0.0197364401788436
2025-11-10,21.97,22.24,21.18,21.31,65356467.0,1403602253.0,2445181125.0,0.026728681295542064
2025-11-11,21.41,21.64,20.85,20.91,56270690.0,1189570075.0,2445181125.0,0.023012892347596542
2025-11-12,20.92,21.02,20.32,20.52,50906205.0,1052162681.0,2445181125.0,0.02081899147655166
2025-11-13,20.55,20.85,20.45,20.67,35520342.0,735565528.0,2445181125.0,0.014526671107033023
2025-11-14,20.47,20.59,20.25,20.25,37203679.0,761064813.0,2445181125.0,0.015215101498871581
2025-11-17,20.25,20.39,19.8,20.08,43481102.0,874234671.0,2445181125.0,0.01778236448639362
2025-11-18,19.95,20.23,19.89,19.96,30537619.0,613293714.0,2445181125.0,0.012488898547341764
2025-11-19,20.07,20.32,19.89,19.95,33007928.0,663709828.0,2445181125.0,0.013499175035550792
2025-11-20,20.16,20.23,19.51,19.59,44376152.0,877280872.0,2445181125.0,0.018148410989390407
2025-11-21,19.26,19.39,18.89,18.93,56383886.0,1078037071.0,2445181125.0,0.023059185850700527
2025-11-24,19.04,19.21,18.86,19.03,33573682.0,640601967.0,2445181125.0,0.013730550124379846
2025-11-25,19.15,19.86,19.15,19.57,50986290.0,1001974691.0,2445181125.0,0.02085174365150557
2025-11-26,19.48,20.12,19.44,19.93,57290339.0,1138986071.0,2445181125.0,0.023429895811910458
2025-11-27,19.85,20.08,19.62,19.83,48858175.0,971693428.0,2445181125.0,0.019981413442327303
2025-11-28,19.75,19.82,19.51,19.73,29829406.0,588655556.0,2445181125.0,0.012199262334809655
2025-12-01,19.78,20.2,19.78,20.02,47684971.0,957338252.0,2445181125.0,0.019501610949168437
2025-12-02,19.95,19.96,19.71,19.79,32892889.0,653675254.0,2445181125.0,0.01345212780505166
2025-12-03,19.86,19.98,19.63,19.65,28394625.0,562945097.0,2445181125.0,0.011612483308368414
2025-12-04,19.58,19.87,19.45,19.77,24285828.0,479592831.0,2445181125.0,0.009932118218849739
2025-12-05,19.77,20.0,19.65,19.97,36837072.0,735395169.0,2445181125.0,0.015065171092386868
2025-12-08,20.0,20.59,20.0,20.33,52465565.0,1071156980.0,2445181125.0,0.021456719284956856
2025-12-09,20.43,20.59,20.25,20.35,44059363.0,901096720.0,2445181125.0,0.018018854533731116
2025-12-10,20.3,20.75,20.23,20.7,61450052.0,1264351553.0,2445181125.0,0.0251310838987439
2025-12-11,20.74,21.04,20.42,20.54,66106600.0,1375706033.0,2445181125.0,0.027035461432330498
2025-12-12,20.58,21.05,20.37,20.87,64931560.0,1354268035.0,2445181125.0,0.0265549080745501
2025-12-15,20.69,20.75,20.35,20.37,46812259.0,962700702.0,2445181125.0,0.019144699965733623
2025-12-16,20.27,20.33,19.66,19.86,47681641.0,951373148.0,2445181125.0,0.01950024908686468
2025-12-17,19.83,21.85,19.83,21.62,174406990.0,3726459953.0,2445181125.0,0.07132681837628695
2025-12-18,21.75,22.89,21.72,22.54,218978208.0,4950401031.0,2445181125.0,0.08955500505100619
2025-12-19,22.52,24.23,22.44,23.7,200209171.0,4729228169.0,2445181125.0,0.08187907593144046
2025-12-22,24.34,26.08,24.19,26.08,184672154.0,4773594570.0,2445181125.0,0.07552493846442562
2025-12-23,25.86,26.61,25.5,26.15,227875648.0,5978054241.0,2445181125.0,0.09319377025699886
2025-12-24,26.13,27.01,26.13,26.86,148761486.0,3977055457.0,2445181125.0,0.06083863664700913
2025-12-25,26.66,26.84,25.37,25.44,164680633.0,4245046667.0,2445181125.0,0.06734905292547602
2025-12-26,25.34,25.86,24.95,25.39,117262760.0,2988035484.0,2445181125.0,0.04795667642003412
2025-12-29,25.39,25.69,24.64,24.89,106314518.0,2676816835.0,2445181125.0,0.04347919952146694
2025-12-30,24.75,24.94,24.32,24.4,82713612.0,2037464669.0,2445181125.0,0.03382719224940852
2025-12-31,24.49,25.33,24.25,24.67,101633766.0,2527828281.0,2445181125.0,0.04156492333466708
2026-01-05,24.9,24.9,24.45,24.74,85578747.0,2119359029.0,2445181125.0,0.03499893980246555
2026-01-06,24.74,24.74,24.14,24.53,102666635.0,2509498604.0,2445181125.0,0.04198733335143015
2026-01-07,24.57,25.32,24.47,24.86,112667313.0,2817220569.0,2445181125.0,0.04607728721936703
2026-01-08,24.87,24.93,24.29,24.52,83079513.0,2048154493.0,2445181125.0,0.03397683392472613
2026-01-09,24.42,24.85,24.09,24.53,79833338.0,1961392436.0,2445181125.0,0.032649253334965114
2026-01-12,24.53,25.04,24.22,24.98,115234267.0,2848557337.0,2445181125.0,0.047127088386959476
2026-01-13,25.05,25.05,23.72,23.99,143626992.0,3488544331.0,2445181125.0,0.05873879465677619
2026-01-14,23.98,25.27,23.98,24.89,144673926.0,3580776718.0,2445181125.0,0.059166956803660097
2026-01-15,24.74,25.04,24.34,24.85,72336005.0,1791984045.0,2445181125.0,0.02958308661081293
2026-01-16,25.23,25.94,25.11,25.57,144045818.0,3686666102.0,2445181125.0,0.058910080945435074
2026-01-19,26.84,28.07,26.84,27.01,195830557.0,5370564994.0,2445181125.0,0.08008836441513101
2026-01-20,27.33,28.13,27.01,27.71,168272319.0,4666453522.0,2445181125.0,0.06881793633999199
2026-01-21,27.2,29.1,27.2,27.9,142227689.0,4026300329.0,2445181125.0,0.058166524984933375
2026-01-22,27.65,28.13,26.51,26.92,127680225.0,3467890432.0,2445181125.0,0.052217082691573616
2026-01-23,27.63,29.29,27.6,28.34,145320871.0,4161310016.0,2445181125.0,0.05943153638567368
2026-01-26,28.93,31.17,28.93,30.93,243638686.0,7512997254.0,2445181125.0,0.09964034300322026
2026-01-27,30.62,31.85,30.01,31.78,188414592.0,5840277219.0,2445181125.0,0.07705547457143895
2026-01-28,33.91,34.91,33.06,33.54,196801330.0,6666185714.0,2445181125.0,0.08048537917615407
2026-01-29,32.92,33.39,31.42,31.75,140671783.0,4542674499.0,2445181125.0,0.057530209750821626
2026-01-30,31.92,34.92,31.92,34.92,176270673.0,5917296931.0,2445181125.0,0.072089004449517
2026-02-02,35.63,37.07,33.72,34.76,277225310.0,9805374702.0,2445181125.0,0.11337618598704012
2026-02-03,35.41,37.71,35.07,36.19,172531463.0,6250586325.0,2445181125.0,0.07055978849010623
2026-02-04,36.31,37.93,36.25,37.26,152216834.0,5654139613.0,2445181125.0,0.062251762228861474
2026-02-05,35.72,36.15,34.12,34.64,142259760.0,4970831931.0,2445181125.0,0.058179640986718316
2026-02-06,34.09,37.71,34.09,36.61,180696440.0,6571228189.0,2445181125.0,0.07389900001784122
2026-02-09,37.98,39.05,35.54,38.6,205927059.0,7717938527.0,2445181125.0,0.08421750720000344
2026-02-10,38.9,41.78,38.66,41.41,182255957.0,7414325973.0,2445181125.0,0.07453679203416884
2026-02-11,39.6,43.44,39.6,41.0,161804170.0,6746635637.0,2445181125.0,0.06617267258678025
2026-02-12,41.0,41.95,40.3,41.75,120767531.0,5004871028.0,2445181125.0,0.04939001441048667
2026-02-13,40.87,41.1,38.29,38.41,143495674.0,5613152208.0,2445181125.0,0.05868508984175968
2026-02-24,40.76,42.25,40.31,42.13,148405770.0,6202456523.0,2445181125.0,0.060693160307296254
2026-02-25,42.13,42.66,39.05,40.2,152111316.0,6123083938.0,2445181125.0,0.06220860877944165
2026-02-26,41.12,44.22,41.1,44.22,130808142.0,5710686316.0,2445181125.0,0.053496299583941864
2026-02-27,42.14,47.48,42.14,47.38,187329451.0,8447789591.0,2445181125.0,0.0766116869972158
2026-03-02,45.89,52.06,45.89,49.48,178803640.0,8960722810.0,2445181125.0,0.07312490603329028
2026-03-03,49.95,50.83,47.18,47.4,162607416.0,7946660106.0,2445181125.0,0.0665011742228298
2026-03-04,46.78,48.83,45.88,48.26,147598604.0,7027113379.0,2445181125.0,0.060363055518024254
2026-03-05,48.78,51.75,47.92,50.78,169785688.0,8494866116.0,2445181125.0,0.06943685531680194
2026-03-06,49.25,50.17,47.21,48.31,140507830.0,6831599287.0,2445181125.0,0.05746315827626062
2026-03-09,45.7,46.05,43.48,45.61,160204750.0,7118930754.0,2445181125.0,0.06551856153396407
2026-03-10,46.61,50.08,46.61,49.87,153667766.0,7447926525.0,2445181125.0,0.06284514649195977
2026-03-11,50.87,54.17,50.51,50.68,168100591.0,8775463958.0,2445181125.0,0.06874770514188391
2026-03-12,49.78,54.17,49.78,51.29,150679865.0,7829262023.0,2445181125.0,0.06162319161530416
2026-03-13,50.92,52.87,49.33,49.56,130784094.0,6660754105.0,2445181125.0,0.05348646472968337
2026-03-16,49.16,50.08,46.56,47.11,125450079.0,5972946848.0,2445181125.0,0.05130502510320171
2026-03-17,47.77,48.17,42.98,43.11,160718227.0,7153846251.0,2445181125.0,0.06572855702049475
2026-03-18,42.99,44.54,42.32,44.4,137891286.0,5998952383.0,2445181125.0,0.05639307640246896
2026-03-19,42.77,44.29,42.76,43.0,90545645.0,3945107464.0,2445181125.0,0.03703024044895652
2026-03-20,44.39,45.29,42.78,42.87,128651148.0,5679526220.0,2445181125.0,0.0526141587977455
2026-03-23,41.93,42.86,40.82,41.26,106727762.0,4453621103.0,2445181125.0,0.04364820295265448
2026-03-24,42.69,44.29,41.5,44.26,138690856.0,5946857916.0,2445181125.0,0.05672007467340482
2026-03-25,45.97,48.48,45.89,48.05,180209572.0,8519398088.0,2445181125.0,0.07369988675174319
2026-03-26,47.69,49.76,47.05,47.76,138967101.0,6746968966.0,2445181125.0,0.056833049944306276
2026-03-27,46.76,50.09,46.41,48.83,139297170.0,6744220350.0,2445181125.0,0.05696803749047425
2026-03-30,47.98,53.72,47.98,53.72,135108699.0,6944960560.0,2445181125.0,0.05525508831170942
2026-03-31,53.18,54.53,51.21,52.53,176089922.0,9334560461.0,2445181125.0,0.0720150831362237
2026-04-01,54.53,54.57,50.46,51.83,128739639.0,6686306032.0,2445181125.0,0.05265034875483918
2026-04-02,51.9,55.66,51.9,53.26,146987529.0,7954717996.0,2445181125.0,0.06011314560593134
2026-04-03,54.32,58.59,53.88,57.91,169832639.0,9806984504.0,2445181125.0,0.06945605675734962
2026-04-07,58.21,61.35,57.86,58.56,166875408.0,9947552532.0,2445181125.0,0.068246644918789
2026-04-08,60.65,60.72,56.41,58.42,195107878.0,11309217308.0,2445181125.0,0.0797928120764469
2026-04-09,57.07,60.65,55.97,59.39,194181874.0,11401581735.0,2445181125.0,0.07941410638854003
2026-04-10,59.06,59.06,55.57,55.84,208927553.0,11924256297.0,2445181125.0,0.08544461220638615
2026-04-13,54.86,55.81,52.97,53.36,203511870.0,10991182404.0,2445181125.0,0.08322977300914672
2026-04-14,53.38,54.28,52.02,52.54,156956401.0,8321295205.0,2445181125.0,0.06419009184851286
2026-04-15,52.73,53.86,51.6,52.0,130152540.0,6872018676.0,2445181125.0,0.053228179568906166
2026-04-16,51.68,53.31,50.77,53.01,142840210.0,7505347572.0,2445181125.0,0.058417026264260895
2026-04-17,52.46,55.96,52.46,55.51,213417354.0,11580699229.0,2445181125.0,0.08728079560977307
2026-04-20,58.21,60.84,57.36,60.74,221872593.0,13239760047.0,2445181125.0,0.09073871490808273
2026-04-21,59.35,60.25,57.13,59.65,183209207.0,10811839421.0,2445181125.0,0.07492664045490699
2026-04-22,59.55,65.62,59.4,65.62,203696367.0,13095647409.0,2445181125.0,0.08330522631528983
2026-04-23,66.61,70.13,65.87,69.35,273438882.0,18775907731.0,2445181125.0,0.11182765939271677
2026-04-24,67.83,71.12,66.39,69.37,221203009.0,15309618265.0,2445181125.0,0.09046487670724188
2026-04-27,69.37,74.31,68.73,71.2,249512238.0,17920805105.0,2445181125.0,0.10204243581342057
2026-04-28,69.83,71.42,67.51,68.12,176584323.0,12142025886.0,2445181125.0,0.07221727715569537
2026-04-29,66.84,68.03,65.19,67.21,123763734.0,8317628140.0,2445181125.0,0.05061536453664552
2026-04-30,67.53,67.83,63.14,65.54,160934768.0,10576815341.0,2445181125.0,0.06581711528629602
2026-05-06,67.33,72.09,67.33,71.62,191574699.0,13541236056.0,2445181125.0,0.07834785613274355
2026-05-07,74.37,76.44,71.62,75.77,190890446.0,14195232326.0,2445181125.0,0.07806801878531595
2026-05-08,74.07,79.29,74.07,77.08,163302292.0,12666073983.0,2445181125.0,0.06678535603369669
2026-05-11,79.11,79.7,73.65,74.81,238897082.0,18066147740.0,2445181125.0,0.09770118031644792
2026-05-12,75.31,78.31,74.48,74.92,177002325.0,13523270711.0,2445181125.0,0.07238822645500341
2026-05-13,73.16,76.81,73.15,75.24,152332907.0,11489160886.0,2445181125.0,0.062299232331919786
2026-05-14,76.69,77.01,73.5,73.82,143096362.0,10748420520.0,2445181125.0,0.05852178414799435
2026-05-15,73.8,74.33,67.8,69.63,158376933.0,11115658480.0,2445181125.0,0.06477104349478405
2026-05-18,68.84,72.77,68.84,71.62,129168578.0,9263930935.0,2445181125.0,0.05282577093343136
2026-05-19,70.23,75.92,66.36,75.28,194173310.0,13790836807.0,2445181125.0,0.07941060398951018
2026-05-20,74.52,77.94,73.82,75.59,171065316.0,13006915425.0,2445181125.0,0.06996018178407949
2026-05-21,75.8,75.81,69.21,69.73,163020418.0,11822591674.0,2445181125.0,0.06667007868384392
2026-05-22,70.49,73.12,69.52,72.87,131991938.0,9418532411.0,2445181125.0,0.053980433862542594
2026-05-25,72.92,73.56,69.5,73.23,146251848.0,10447795702.0,2445181125.0,0.05981227586974769
2026-05-26,71.83,71.9,67.5,69.24,159662162.0,11077089473.0,2445181125.0,0.06529666058991847
2026-05-27,68.47,71.42,67.85,68.52,133268843.0,9318643453.0,2445181125.0,0.05450264671088527
2026-05-28,67.33,70.81,65.46,70.31,160320211.0,10896059959.0,2445181125.0,0.06556578134881522
2026-05-29,70.32,77.34,69.31,76.93,323928166.0,24318139898.0,2445181125.0,0.13247614366399954
2026-06-01,75.06,80.61,73.22,75.37,237217082.0,18218873693.0,2445181125.0,0.09701411464968673
2026-06-02,74.43,82.92,74.43,82.92,191393332.0,15481292596.0,2445181125.0,0.07827368289537243
2026-06-03,89.78,91.21,87.9,91.21,69916280.0,6333266041.0,2445181125.0,0.028593497342655955
2026-06-04,92.77,98.75,92.17,97.63,265385062.0,25729176064.0,2445181125.0,0.1085339074830295
2026-06-05,95.76,102.71,94.77,95.88,250990648.0,24741726780.0,2445181125.0,0.102647057689847
2026-06-08,92.32,102.08,92.32,95.24,244205900.0,23688740828.0,2445181125.0,0.09987231518483114
2026-06-09,99.53,104.76,97.46,104.76,172943017.0,17494277102.0,2445181125.0,0.07072810076595042
2026-06-10,105.74,109.72,104.16,106.62,212989149.0,22674388390.0,2445181125.0,0.08710567361344244
2026-06-11,104.84,107.73,97.76,102.15,224922901.0,23106596441.0,2445181125.0,0.09198619222942023
2026-06-12,104.82,105.23,96.76,96.76,215530121.0,21531247168.0,2445181125.0,0.0881448489833243
2026-06-15,98.7,99.67,92.65,99.04,220543981.0,21446293512.0,2445181125.0,0.09019535556900718
2026-06-16,97.97,108.39,97.94,107.24,225899315.0,23769931050.0,2445181125.0,0.0923855139770065
2026-06-17,103.85,111.14,103.74,110.73,216953138.0,23269773515.0,2445181125.0,0.08872681691422757
2026-06-18,110.76,116.37,108.51,110.74,198467805.0,22505074474.0,2445181125.0,0.08116691355533018
2026-06-22,114.92,121.69,114.89,119.84,181255520.0,21613245292.0,2445181125.0,0.07412764565651553
2026-06-23,120.9,124.85,115.36,117.02,183423327.0,21913201658.0,2445181125.0,0.07501420861000635
2026-06-24,114.68,120.25,113.38,118.73,164810573.0,19383070424.0,2445181125.0,0.06740219418305873
2026-06-25,121.7,124.46,116.86,122.7,161583190.0,19622701344.0,2445181125.0,0.06608229891354163
2026-06-26,119.21,119.71,110.43,110.54,198822735.0,22720438835.0,2445181125.0,0.08131206844646324
2026-06-29,108.92,112.12,102.0,108.04,148882549.0,15897938406.0,2445181125.0,0.060888147498684785
2026-06-30,112.0,113.44,107.8,109.34,126872267.0,13975574951.0,2445181125.0,0.051886653999915856
2026-07-01,107.61,109.55,100.0,101.93,173351553.0,18064810011.0,2445181125.0,0.07089517877740038
2026-07-02,96.8,98.9,91.93,93.84,153584987.0,14660074216.0,2445181125.0,0.06281129255813309
2026-07-03,93.0,95.0,89.22,89.42,172639294.0,15934708533.0,2445181125.0,0.07060388788172083
2026-07-06,91.5,92.63,82.61,84.6,198775807.0,17132304683.0,2445181125.0,0.08129287641217171
2026-07-07,84.6,85.24,78.55,80.89,170351427.0,13866392537.0,2445181125.0,0.06966822427111612
2026-07-08,81.78,82.5,76.7,76.96,161693443.0,12790253122.0,2453646257.0,0.06589924792080573
2026-07-09,78.18,80.58,74.0,80.06,238197174.0,18587446731.0,2453646257.0,0.09707885695439919
2026-07-10,80.8,86.39,77.39,77.79,259314841.0,21320396181.0,2453646257.0,0.1056855038741634
2026-07-13,75.08,76.33,70.01,70.01,160105457.0,11589705828.0,2453646257.0,0.06525205356853525
2026-07-14,69.0,74.39,68.2,74.38,222459127.0,15911827997.0,2453646257.0,0.09066471027164043
2026-07-15,75.88,77.0,70.4,71.05,214913792.0,15902878109.0,2453646257.0,0.08758955835091269
2026-07-16,68.5,69.82,63.95,64.85,205642671.0,13703536039.0,2453646257.0,0.08381105076305219
2026-07-17,64.08,65.2,58.37,58.39,206526234.0,12574511954.0,2453646257.0,0.0841711527938479
2026-07-20,60.39,60.89,54.52,56.56,233169654.0,13526623920.0,2453646257.0,0.0950298574355578
2026-07-21,57.0,60.26,50.9,59.96,335881880.0,18720185558.0,2453646257.0,0.13689091450805657
2026-07-22,57.61,59.38,55.05,55.12,261473881.0,15032868893.0,2453646257.0,0.10656543511683558
2026-07-23,56.11,58.18,55.0,55.67,183746677.0,10358384696.0,2453646257.0,0.07488719145059711
2026-07-24,55.0,55.66,52.3,52.43,144395460.0,7755244212.0,2453646257.0,0.05884933885153763
2026-07-27,52.87,55.83,51.32,55.55,156117915.0,8419560601.0,2453646257.0,0.06362690406353877
2026-07-28,53.4,54.72,50.0,50.01,170244442.0,8845444753.0,2453646257.0,0.06938426495437561
2026-07-29,50.01,51.0,47.27,49.75,174294429.0,8549584188.0,2453646257.0,0.07103486433822967
2026-07-30,49.7,50.5,45.6,47.2,176301508.0,8468141359.0,2453646257.0,0.07185286285544625
2026-07-31,50.5,51.26,47.58,47.61,216925691.0,10766686297.0,2453646257.0,0.0884095212914793
2026-08-03,47.33,48.5,46.33,47.37,153426594.0,7274093461.0,2453646257.0,0.06253003812684478
2026-08-04,48.5,50.86,48.2,50.27,225754445.0,11177252487.0,2453646257.0,0.09200773923948728
2026-08-05,48.15,55.3,48.08,54.41,347605671.0,18223584577.0,2453646257.0,0.14166902421582445
2026-08-06,53.87,57.18,53.68,56.15,288933861.0,16026986041.0,2453646257.0,0.11775693426699202
2026-08-07,56.1,60.29,55.8,59.52,281966629.0,16505374914.0,2453646257.0,0.11491739210392625
2026-08-10,60.99,61.75,57.2,59.62,259599086.0,15376912700.0,2453646257.0,0.10580134983165994
2026-08-11,57.99,59.27,56.36,57.62,191626365.0,11052134546.0,2453646257.0,0.07809861118052765
2026-08-12,58.23,59.88,57.15,59.3,176170446.0,10351502294.0,2453646257.0,0.07179944765770692
2026-08-13,60.14,60.8,57.21,57.25,216352692.0,12846078955.0,2453646257.0,0.08817599170327346
2026-08-14,58.1,62.98,57.25,62.98,318281407.0,19196727611.0,2453646257.0,0.1297177236090883
2026-08-17,63.8,65.5,63.2,65.06,298765151.0,19242714010.0,2453646257.0,0.12176374249044816
2026-08-18,65.07,67.56,64.53,65.41,259648751.0,17095703551.0,2453646257.0,0.10582159113574292
2026-08-19,62.01,63.27,58.87,58.91,230701040.0,14023209580.0,2453646257.0,0.09402375723144023
2026-08-20,59.8,62.37,58.08,62.02,195134067.0,11843644349.0,2453646257.0,0.07952819867301679
2026-08-21,60.89,63.3,59.48,62.18,166256614.0,10263631641.0,2453646257.0,0.06775899888815962
2026-08-24,62.2,62.23,59.3,60.43,148191168.0,8947601123.0,2453646257.0,0.060396305122315766
2026-08-25,58.2,66.37,57.0,64.6,260143443.0,16273223193.0,2453646257.0,0.10602320618053135
2026-08-26,64.7,65.8,63.5,64.83,211074741.0,13678454901.0,2453646257.0,0.08602492734958249
2026-08-27,66.18,71.31,66.13,71.3,275480915.0,19124123705.0,2453646257.0,0.11227409583352993
2026-08-28,71.0,72.21,68.67,68.7,260227051.0,18323439306.0,2453646257.0,0.10605728118207709
2026-08-31,66.0,68.2,65.66,67.38,190889164.0,12738482840.0,2453646257.0,0.07779815996515915
2026-09-01,67.67,69.0,65.07,67.34,163716785.0,10951774272.0,2453646257.0,0.0667238745328235
2026-09-02,65.39,68.77,64.19,66.9,149995287.0,10035464271.0,2453646257.0,0.061131585929340426
2026-09-03,67.77,67.96,64.6,65.29,130676289.0,8617932992.0,2453646257.0,0.05325799863252252
2026-09-04,65.7,66.49,61.22,62.22,159942100.0,10163899615.0,2453646257.0,0.06518547632679392
2026-09-07,62.99,64.64,62.22,64.0,140685365.0,8934349208.0,2453646257.0,0.05733726473351207
2026-09-08,63.9,65.5,62.66,63.11,150600604.0,9697410995.0,2453646257.0,0.06137828693535264
2026-09-09,64.51,67.5,64.5,66.62,218400786.0,14492707429.0,2453646257.0,0.08901070615901745
2026-09-10,65.01,65.68,63.8,63.91,146400016.0,9447321897.0,2453646257.0,0.05966630910317078
2026-09-11,62.0,65.8,61.8,65.24,170028614.0,10902437483.0,2453646257.0,0.06929630280441848
2026-09-14,63.01,64.93,62.22,63.2,112046185.0,7113038511.0,2453646257.0,0.04566517470900452
2026-09-15,61.9,64.26,61.88,62.42,112968464.0,7104984627.0,2453646257.0,0.0460410557054476
2026-09-16,62.29,66.2,62.09,65.4,164175126.0,10601875676.0,2453646257.0,0.06691067448358755
2026-09-17,65.4,69.7,65.39,68.49,233828077.0,15891431479.0,2453646257.0,0.09529820214829769
2026-09-18,70.0,70.94,67.45,69.49,226278031.0,15652252180.0,2453646257.0,0.09222113022790147
2026-09-21,71.68,74.28,71.18,71.75,182160981.0,13148251279.0,2453646257.0,0.07424093040319626
2026-09-22,74.5,76.35,71.84,73.0,213843469.0,15835413501.0,2453646257.0,0.08715334102865342
2026-09-23,73.07,73.5,69.58,69.94,157629984.0,11146720418.0,2453646257.0,0.06424315793293263
2026-09-24,69.8,70.38,67.18,67.38,109535136.0,7505827556.0,2453646257.0,0.04464177983582904
