date,open,high,low,close,volume,amount,outstanding_share,turnover
2019-07-22,37.6,60.16,27.21,48.49,9976814.0,1582280873.0,11574956.0,0.86193105183294
2019-07-23,39.58,49.03,38.56,44.22,6036318.0,1063292968.0,11574956.0,0.5214981378762908
2019-07-24,44.65,46.72,42.05,45.27,4997399.0,898642993.0,11574956.0,0.431742375521773
2019-07-25,44.53,49.67,43.79,49.67,5921301.0,1115617838.0,11574956.0,0.511561426237819
2019-07-26,47.25,48.21,43.29,43.6,4003606.0,740648806.0,11574956.0,0.34588520250098576
2019-07-29,43.73,46.16,43.41,45.15,3150572.0,575056706.0,11574956.0,0.272188680458051
2019-07-30,45.48,48.49,44.58,47.01,4303888.0,822199785.0,11574956.0,0.37182759053252556
2019-07-31,47.0,48.23,46.27,47.94,3715031.0,711507079.0,11574956.0,0.320954222201795
2019-08-01,48.36,50.6,47.81,50.09,5188034.0,1030753703.0,11574956.0,0.4482119845639154
2019-08-02,48.47,55.9,48.0,51.5,6628306.0,1378756097.0,11574956.0,0.5726420039955228
2019-08-05,50.71,52.07,47.99,51.58,4317634.0,886124258.0,11574956.0,0.37301515444205574
2019-08-06,50.66,53.6,44.28,45.96,4912800.0,1009288495.0,11574956.0,0.42443357884038607
2019-08-07,46.54,47.37,43.37,45.27,3216684.0,588082507.0,11574956.0,0.27790032204010107
2019-08-08,45.02,45.49,43.38,43.45,2167405.0,388669516.0,11574956.0,0.18724952388587912
2019-08-09,43.91,43.99,41.05,41.16,2642792.0,454092156.0,11574956.0,0.22831983119417473
2019-08-12,41.55,41.65,39.3,40.44,1913534.0,311544910.0,11574956.0,0.16531674072886324
2019-08-13,40.07,42.3,40.04,42.05,2114814.0,351588646.0,11574956.0,0.1827060076945433
2019-08-14,42.08,43.71,41.93,42.84,2246612.0,387715735.0,11574956.0,0.19409248726301853
2019-08-15,41.58,42.55,41.31,42.26,1320864.0,224412866.0,11574956.0,0.11411395429926473
2019-08-16,42.3,42.67,41.62,41.82,1384072.0,236138582.0,11574956.0,0.11957470939846337
2019-08-19,41.81,41.83,40.04,41.28,1637258.0,270473368.0,11574956.0,0.14144831306486175
2019-08-20,41.3,42.05,40.96,41.38,1673733.0,280895529.0,11574956.0,0.14459951294847254
2019-08-21,41.07,41.42,38.5,38.54,1896943.0,303635037.0,11574956.0,0.16388338754808227
2019-08-22,38.54,39.04,37.43,37.68,1067939.0,164526618.0,11574956.0,0.09226289931469286
2019-08-23,37.98,38.06,34.63,35.08,2183135.0,318376691.0,11574956.0,0.18860849233465768
2019-08-26,34.95,35.83,34.68,35.13,1023505.0,145759138.0,11574956.0,0.08842409422549857
2019-08-27,35.75,37.3,35.42,36.66,2001665.0,296351302.0,11574956.0,0.17293067895895242
2019-08-28,36.12,36.26,35.25,35.36,1222333.0,176508230.0,11574956.0,0.10560152453279303
2019-08-29,35.13,35.5,34.14,34.68,1222855.0,171449298.0,11574956.0,0.10564662189644608
2019-08-30,35.13,35.44,34.92,34.99,903686.0,128478410.0,11574956.0,0.07807252139878544
2019-09-02,35.13,35.43,34.88,35.43,791434.0,112599269.0,11574956.0,0.06837468755820757
2019-09-03,35.5,41.26,35.33,40.07,3255479.0,511904025.0,11574956.0,0.28125195465105873
2019-09-04,39.33,40.29,38.31,38.49,2014574.0,319153583.0,11574956.0,0.17404593157848722
2019-09-05,38.6,39.09,38.11,38.59,1201796.0,187626592.0,11574956.0,0.10382726292868845
2019-09-06,38.59,39.21,37.52,37.6,996889.0,154659145.0,11574956.0,0.08612464703969501
2019-09-09,38.54,38.78,37.9,38.47,1081886.0,167796502.0,11574956.0,0.09346782830103198
2019-09-10,38.61,40.1,38.35,38.74,1273697.0,202417010.0,11574956.0,0.11003903600151914
2019-09-11,38.69,39.28,38.11,38.41,840672.0,131273612.0,11574956.0,0.07262852662247701
2019-09-12,38.84,39.05,37.24,37.31,1067984.0,163646776.0,11574956.0,0.09226678701845606
2019-09-16,37.14,37.9,37.14,37.55,522474.0,79251148.0,11574956.0,0.04513831413268439
2019-09-17,37.48,37.74,35.71,35.82,864048.0,127533182.0,11574956.0,0.07464805913733064
2019-09-18,35.88,36.48,35.11,35.26,803349.0,115028897.0,11574956.0,0.06940406512128426
2019-09-19,35.25,36.85,35.05,35.9,888040.0,129560046.0,11574956.0,0.07672080999703153
2019-09-20,35.63,36.31,35.4,36.23,703358.0,102233181.0,11574956.0,0.06076550096605119
2019-09-23,36.11,36.86,35.87,36.86,906370.0,133329952.0,11574956.0,0.07830440132990571
2019-09-24,36.96,39.9,36.96,39.11,2696752.0,424266494.0,11574956.0,0.2329816199733286
2019-09-25,38.84,39.58,37.27,37.35,1543005.0,238570936.0,11574956.0,0.13330547433614434
2019-09-26,36.93,37.35,34.38,34.58,1459059.0,208458052.0,11574956.0,0.12605309255603217
2019-09-27,34.64,35.87,34.39,35.11,724290.0,102585601.0,11574956.0,0.06257388796985491
2019-09-30,35.12,35.34,32.23,32.5,1037339.0,138676239.0,11574956.0,0.08961926075572123
2019-10-08,32.16,32.75,31.18,31.35,580085.0,74359847.0,11574956.0,0.05011552527715872
2019-10-09,31.35,32.16,30.92,32.16,522222.0,67232409.0,11574956.0,0.04511654299161051
2019-10-10,32.41,32.75,31.91,32.48,430164.0,56416795.0,11574956.0,0.03716333781311998
2019-10-11,32.26,32.57,31.67,31.7,584178.0,75728479.0,11574956.0,0.05046913353277541
2019-10-14,32.16,32.9,31.75,32.42,634365.0,83250847.0,11574956.0,0.054804959949739766
2019-10-15,32.13,32.58,31.54,31.59,469462.0,60752152.0,11574956.0,0.04055842631280845
2019-10-16,31.84,32.13,29.94,30.18,759972.0,94474714.0,11574956.0,0.06565657787381654
2019-10-17,29.74,30.43,29.68,29.76,441453.0,53469636.0,11574956.0,0.03813863309717981
2019-10-18,29.76,31.17,29.76,30.03,724433.0,89535473.0,11574956.0,0.06258624222848018
2019-10-21,29.91,29.94,28.37,28.57,689556.0,80214922.0,11574956.0,0.05957309902517124
2019-10-22,28.94,29.42,28.57,29.12,484557.0,56762974.0,11574956.0,0.04186253494181749
2019-10-23,28.82,30.91,28.61,30.28,1053723.0,127131713.0,11574956.0,0.09103473049919153
2019-10-24,30.06,30.79,29.94,30.04,688028.0,84588398.0,11574956.0,0.05944108988405658
2019-10-25,29.53,30.15,28.97,29.08,492557.0,58441149.0,11574956.0,0.04255368227749635
2019-10-28,29.88,30.4,29.2,30.21,661468.0,80313017.0,11574956.0,0.057146480729602774
2019-10-29,30.13,30.6,29.26,29.47,525967.0,63475565.0,11574956.0,0.04544008633812517
2019-10-30,28.94,30.17,28.7,29.22,570092.0,67539773.0,11574956.0,0.049252195861478866
2019-10-31,28.94,29.31,27.83,27.86,731029.0,83706556.0,11574956.0,0.0631560932067474
2019-11-01,27.86,28.2,27.72,27.86,428865.0,48455563.0,11574956.0,0.03705111276448913
2019-11-04,27.98,28.69,27.95,28.2,428599.0,49067062.0,11574956.0,0.0370281321155778
2019-11-05,28.08,29.16,27.71,28.54,812198.0,94049676.0,11574956.0,0.07016856046796204
2019-11-06,28.2,28.91,28.08,28.15,543447.0,62396461.0,11574956.0,0.04695024326658347
2019-11-07,28.15,28.84,27.88,28.61,576509.0,66577465.0,11574956.0,0.04980658241811027
2019-11-08,28.77,29.8,28.4,29.05,878065.0,103760804.0,11574956.0,0.07585903566285694
2019-11-11,28.79,28.79,27.49,27.55,773021.0,87555037.0,11574956.0,0.06678392557172572
2019-11-12,27.56,27.9,27.27,27.4,378100.0,42175226.0,11574956.0,0.03266535095252198
2019-11-13,27.53,28.25,27.35,28.01,569398.0,64263990.0,11574956.0,0.04919223883010873
2019-11-14,28.05,31.05,28.01,29.75,1623952.0,194660621.0,11574956.0,0.1402987622587939
2019-11-15,29.44,30.89,28.97,30.17,1262997.0,153903380.0,11574956.0,0.10911462644004867
2019-11-18,29.76,30.22,29.44,29.82,673183.0,81030784.0,11574956.0,0.0581585796092875
2019-11-19,29.68,30.43,29.68,30.36,802943.0,98189420.0,11574956.0,0.06936898939399856
2019-11-20,30.35,30.87,29.77,29.78,860620.0,105369243.0,11574956.0,0.07435190250399223
2019-11-21,29.46,29.68,28.33,28.4,817738.0,96063220.0,11574956.0,0.07064717999791964
2019-11-22,28.35,28.82,27.49,27.86,722755.0,82220644.0,11574956.0,0.062441274074821536
2019-11-25,27.86,27.95,25.98,26.47,735937.0,79312853.0,11574956.0,0.06358011209718638
2019-11-26,26.71,26.72,26.22,26.34,297718.0,31846372.0,11574956.0,0.025720875310454742
2019-11-27,26.1,27.18,26.1,26.5,502911.0,54523401.0,11574956.0,0.04344819971669871
2019-11-28,26.44,27.35,26.44,27.09,665972.0,72871326.0,11574956.0,0.05753559667958997
2019-11-29,26.74,27.42,26.74,27.31,391012.0,42976340.0,11574956.0,0.033780862752307655
2019-12-02,27.04,27.83,26.93,26.94,426152.0,47161973.0,11574956.0,0.03681672742427703
2019-12-03,26.72,26.96,25.68,26.55,644886.0,68298996.0,11574956.0,0.055713905089574425
2019-12-04,26.23,27.63,26.23,27.07,685194.0,75060638.0,11574956.0,0.059196250940392346
2019-12-05,27.32,27.36,26.54,27.11,579890.0,63273984.0,11574956.0,0.050098678560851546
2019-12-06,27.13,27.92,27.01,27.38,674410.0,75213046.0,11574956.0,0.05826458433189725
2019-12-09,27.43,28.83,27.43,28.72,1062310.0,121768669.0,11574956.0,0.09177659077062582
2019-12-10,28.62,31.07,28.21,30.43,1948197.0,236113581.0,11574956.0,0.16831139574094278
2019-12-11,30.43,31.32,29.32,29.46,991243.0,120432882.0,11574956.0,0.08563686980753965
2019-12-12,29.48,31.49,29.48,31.49,1659280.0,206748917.0,11574956.0,0.14335086889315174
2019-12-13,31.66,31.94,30.67,31.38,956166.0,120455762.0,11574956.0,0.08260644792083875
2019-12-16,31.38,31.66,30.92,31.65,829314.0,105098107.0,11574956.0,0.07164727019264695
2019-12-17,31.91,32.55,31.19,31.52,912507.0,117124215.0,11574956.0,0.07883459772978835
2019-12-18,31.42,32.31,31.33,31.94,1117184.0,144006607.0,11574956.0,0.09651734313288102
2019-12-19,32.03,32.08,31.0,31.14,683362.0,86505266.0,11574956.0,0.05903797820052189
2019-12-20,31.13,31.4,30.6,30.67,560334.0,69958082.0,11574956.0,0.048409168898784584
2019-12-23,30.18,30.18,29.33,29.44,607397.0,72939280.0,11574956.0,0.052475102281166336
2019-12-24,29.45,30.42,29.45,30.39,575135.0,70205864.0,11574956.0,0.04968787786320743
2019-12-25,30.87,34.63,30.84,33.68,2310942.0,310906892.0,11574956.0,0.19965017577604616
2019-12-26,33.02,33.64,32.53,33.36,1484061.0,198235206.0,11574956.0,0.12821310076686251
2019-12-27,33.59,35.12,32.64,32.83,1612479.0,221371014.0,11574956.0,0.13930757058601345
2019-12-30,33.15,33.82,32.61,33.07,899676.0,120580574.0,11574956.0,0.07772608379677642
2019-12-31,33.29,33.4,32.61,32.67,524861.0,69641559.0,11574956.0,0.04534453521896757
2020-01-02,33.24,33.89,32.66,33.65,897298.0,121292876.0,11574956.0,0.07752064025124587
2020-01-03,34.14,35.87,33.65,34.85,1497695.0,212028664.0,11574956.0,0.12939098861369322
2020-01-06,33.82,35.02,33.82,34.08,997956.0,138265336.0,11574956.0,0.08621682881559117
2020-01-07,34.24,34.88,34.02,34.48,666815.0,92677262.0,11574956.0,0.05760842633008713
2020-01-08,34.39,34.45,33.6,33.96,822480.0,112980466.0,11574956.0,0.07105685758114329
2020-01-09,34.21,35.83,34.21,35.07,1006418.0,142627970.0,11574956.0,0.08694788990990548
2020-01-10,35.18,36.24,34.76,35.53,950101.0,136705054.0,11574956.0,0.08208247184697721
2020-01-13,35.49,38.66,34.92,38.1,1861752.0,277949337.0,11574956.0,0.16084311681184793
2020-01-14,37.6,38.68,37.08,37.75,1535694.0,234739666.0,11574956.0,0.13267385206475082
2020-01-15,37.11,37.75,36.66,37.51,1140679.0,171473048.0,11574956.0,0.09854715646435287
2020-01-16,37.75,42.72,37.53,41.53,2941975.0,480917429.0,11574956.0,0.2541672728604757
2020-01-17,41.31,44.25,40.29,43.29,2566853.0,443181444.0,11574956.0,0.22175920150366013
2020-01-20,42.3,45.64,39.95,42.98,2280315.0,393653284.0,11574956.0,0.1970042045948166
2020-01-21,42.95,44.04,40.21,40.27,1694194.0,288016040.0,11574956.0,0.1463672086528882
2020-01-22,38.84,45.72,37.57,45.72,2750556.0,458019193.0,12206040.0,0.22534384616140862
2020-01-23,43.78,48.0,41.81,43.29,2223806.0,401095149.0,12206040.0,0.18218898184833082
2020-02-03,35.37,38.96,34.63,34.63,2054543.0,300996621.0,12206040.0,0.16832183083129337
2020-02-04,36.07,39.57,35.87,38.88,2021757.0,310660397.0,12206040.0,0.16563578359566247
2020-02-05,38.88,42.54,38.59,39.97,2005278.0,330137840.0,12206040.0,0.16428571428571428
2020-02-06,39.12,43.82,39.04,42.4,2082670.0,355985541.0,12206040.0,0.1706261817919653
2020-02-07,42.5,45.86,41.39,45.46,2137395.0,376598088.0,12206040.0,0.17510961786132112
2020-02-10,45.37,49.47,44.76,46.51,2038085.0,389820859.0,12206040.0,0.166973481981052
2020-02-11,46.26,46.75,44.53,44.92,1315286.0,241583220.0,12206040.0,0.10775697933154406
2020-02-12,44.23,47.72,44.05,46.58,1424614.0,264383435.0,12206040.0,0.11671385641862553
2020-02-13,46.41,50.6,45.52,47.25,2006321.0,389494944.0,12206040.0,0.16437116378448702
2020-02-14,46.16,49.78,44.03,45.63,2116824.0,403691119.0,12206040.0,0.17342430468849848
2020-02-17,46.58,47.79,45.79,47.15,1448505.0,274419541.0,12206040.0,0.1186711660784333
2020-02-18,46.7,50.33,46.54,49.73,2309194.0,453320741.0,12206040.0,0.18918453486962192
2020-02-19,49.47,50.71,47.63,47.77,1716876.0,338775930.0,12206040.0,0.1406579037918932
2020-02-20,47.74,48.48,44.01,45.57,1801124.0,333469496.0,12206040.0,0.14756006042909903
2020-02-21,45.27,47.55,44.82,45.76,1483996.0,277790578.0,12206040.0,0.1215788249096349
2020-02-24,45.76,46.38,43.66,45.54,1784147.0,324380162.0,12206040.0,0.14616919164610306
2020-02-25,43.78,45.89,43.12,44.99,1737113.0,313393448.0,12206040.0,0.14231585346271192
2020-02-26,45.02,45.73,40.79,40.97,1897915.0,334876797.0,12206040.0,0.15548982307120082
2020-02-27,40.48,42.02,39.95,40.67,1083200.0,179382917.0,12206040.0,0.08874295021153462
2020-02-28,37.3,39.29,37.25,38.96,1146235.0,177306940.0,12206040.0,0.09390719676488034
2020-03-02,38.51,42.18,38.51,42.03,1431858.0,234506496.0,12206040.0,0.11730733309083044
2020-03-03,42.77,44.72,41.79,42.38,1253527.0,218966346.0,12206040.0,0.10269727118705166
2020-03-04,42.03,42.03,38.98,40.54,876010.0,144171941.0,12206040.0,0.07176856703730285
2020-03-05,40.86,42.03,39.8,40.52,629740.0,103769646.0,12206040.0,0.051592490275306324
2020-03-06,39.83,40.61,39.33,39.82,497388.0,80233801.0,12206040.0,0.0407493339363135
2020-03-09,39.09,40.52,38.37,38.64,697378.0,111072418.0,12206040.0,0.05713384521105944
2020-03-10,37.94,40.99,37.94,40.64,927650.0,148932411.0,12206040.0,0.07599925938305953
2020-03-11,40.88,41.21,38.84,39.06,663780.0,107260363.0,12206040.0,0.05438127353343099
2020-03-12,38.59,39.58,38.1,38.54,475776.0,74790991.0,12206040.0,0.038978735118023536
2020-03-13,37.1,40.02,36.36,39.33,1135165.0,177355823.0,12206040.0,0.09300026871942088
2020-03-16,39.79,40.8,38.35,38.44,1081181.0,174247090.0,12206040.0,0.08857754029972047
2020-03-17,38.87,40.25,37.6,40.25,1077565.0,171020006.0,12206040.0,0.08828129352353425
2020-03-18,41.29,43.29,40.37,40.5,1715178.0,292006749.0,12206040.0,0.14051879233559778
2020-03-19,40.33,42.88,39.83,42.87,1825478.0,307883188.0,12206040.0,0.14955530212910986
2020-03-20,43.66,44.03,41.34,42.01,1389753.0,239259101.0,12206040.0,0.11385781137862894
2020-03-23,40.07,40.51,35.77,35.92,1512015.0,228852853.0,12206040.0,0.12387432779181455
2020-03-24,36.86,37.23,33.42,35.79,1323413.0,189630847.0,12206040.0,0.10842279723808869
2020-03-25,36.99,37.6,35.57,36.25,816753.0,120992213.0,12206040.0,0.06691383937788177
2020-03-26,35.62,36.72,35.13,35.83,621945.0,90014079.0,12206040.0,0.05095387201746021
2020-03-27,36.55,36.55,34.45,34.71,592834.0,84772724.0,12206040.0,0.04856890523052521
2020-03-30,33.37,33.37,31.66,32.28,891070.0,116493839.0,12206040.0,0.0730023824270607
2020-03-31,32.65,33.14,31.66,31.94,447213.0,58531830.0,12206040.0,0.03663866413677163
2020-04-01,31.9,33.02,31.66,32.11,492362.0,64334947.0,12206040.0,0.040337570579811306
2020-04-02,32.11,36.12,31.71,35.98,1105833.0,150728227.0,12206040.0,0.09059719614223778
2020-04-03,35.51,36.86,35.4,36.18,964205.0,140985844.0,12206040.0,0.07899408817274071
2020-04-07,37.16,38.09,36.76,37.68,804078.0,121911309.0,12206040.0,0.06587541905482859
2020-04-08,37.55,37.92,36.51,36.85,461265.0,69190095.0,12206040.0,0.03778989746060147
2020-04-09,37.49,37.49,36.14,36.86,423329.0,62774752.0,12206040.0,0.03468192796353281
2020-04-10,36.86,36.86,34.22,34.45,608269.0,86186495.0,12206040.0,0.04983344311504796
2020-04-13,34.38,35.02,33.61,34.19,273364.0,37816032.0,12206040.0,0.022395797490422774
2020-04-14,34.87,35.27,34.58,35.15,365161.0,51659096.0,12206040.0,0.029916418428908968
2020-04-15,35.25,36.58,34.93,36.24,615907.0,89490738.0,12206040.0,0.050459198888419175
2020-04-16,36.11,37.11,35.66,36.64,429799.0,63499166.0,12206040.0,0.03521199340654299
2020-04-17,36.81,38.23,36.81,37.52,636235.0,96774936.0,12206040.0,0.05212460388463416
2020-04-20,37.13,37.8,36.88,37.16,299055.0,45005065.0,12206040.0,0.024500575125102
2020-04-21,37.19,37.19,36.12,36.42,301345.0,44428848.0,12206040.0,0.024688187159799573
2020-04-22,39.63,43.7,39.59,43.7,1778932.0,302598870.0,12206040.0,0.14574194415223937
2020-04-23,48.49,49.17,45.89,46.27,2797321.0,532865283.0,12206040.0,0.22917514607522177
2020-04-24,46.51,51.63,45.82,49.48,2383719.0,475384074.0,12206040.0,0.19529011866256377
2020-04-27,50.0,50.81,47.2,48.76,1690744.0,332515886.0,12206040.0,0.13851699650337046
2020-04-28,48.02,51.54,45.02,49.38,2142576.0,422375583.0,12206040.0,0.1755340798489928
2020-04-29,48.67,55.38,47.69,51.95,1689370.0,357724583.0,12206040.0,0.13840442928255192
2020-04-30,51.7,58.13,51.24,56.15,1961406.0,434292403.0,12206040.0,0.16069142817818063
2020-05-06,55.15,67.38,55.07,67.38,1745802.0,431449121.0,12206040.0,0.14302771414807752
2020-05-07,74.36,74.42,64.45,66.46,3385205.0,949740471.0,12206040.0,0.27733851437485046
2020-05-08,65.55,67.75,62.72,65.02,2439300.0,644389064.0,12206040.0,0.19984368394663626
2020-05-11,64.89,74.71,63.64,69.28,2694426.0,752126519.0,12206040.0,0.22074530314500035
2020-05-12,68.03,72.73,64.34,72.38,2114410.0,582896819.0,12206040.0,0.17322653374886532
2020-05-13,70.46,74.46,69.01,69.51,1836718.0,530728750.0,12206040.0,0.15047615770552938
2020-05-14,68.52,74.05,68.15,71.86,2111397.0,607262849.0,12206040.0,0.17297968874426103
2020-05-15,71.52,78.91,69.85,76.69,2464471.0,740149989.0,12206040.0,0.20190585972190817
2020-05-18,80.15,83.61,74.46,75.35,2334857.0,740678077.0,12206040.0,0.19128701855802538
2020-05-19,74.66,82.46,73.96,81.63,2218064.0,704988478.0,12206040.0,0.18171855900849088
2020-05-20,80.4,82.96,73.98,77.18,2160737.0,684908618.0,12206040.0,0.1770219497887931
2020-05-21,75.45,77.18,70.63,71.0,1750178.0,521656048.0,12206040.0,0.14338622518032057
2020-05-22,70.01,72.6,66.79,70.84,1509651.0,426564467.0,12206040.0,0.12368065318481669
2020-05-25,69.76,75.45,69.76,72.73,1195006.0,352999502.0,12206040.0,0.09790284154402247
2020-05-26,72.48,75.24,71.74,74.46,1607477.0,476093403.0,12206040.0,0.13169520991246955
2020-05-27,73.25,79.32,72.15,74.58,1748742.0,534274671.0,12206040.0,0.14326857850703423
2020-05-28,73.71,73.96,69.39,71.92,1499353.0,432836452.0,12206040.0,0.12283697251524656
2020-05-29,70.5,75.52,70.5,72.98,1427751.0,425014386.0,12206040.0,0.1169708603281654
2020-06-01,74.71,79.65,73.99,79.16,1622373.0,510195233.0,12206040.0,0.13291558933118358
2020-06-02,79.66,85.0,79.66,80.64,1906751.0,636664893.0,12206040.0,0.15621372697451424
2020-06-03,81.14,83.12,78.66,81.68,1398181.0,456564780.0,12206040.0,0.11454828920763818
2020-06-04,80.68,81.44,75.45,76.19,1576128.0,495771854.0,12206040.0,0.12912689127677773
2020-06-05,75.76,77.65,73.96,75.38,1064856.0,326203094.0,12206040.0,0.08724008769428905
2020-06-08,75.49,77.8,75.2,75.33,902796.0,278805517.0,12206040.0,0.07396305435669553
2020-06-09,74.41,75.92,71.99,73.25,1373482.0,407109188.0,12206040.0,0.11252478281244367
2020-06-10,72.48,73.37,71.52,73.04,719652.0,211190969.0,12206040.0,0.058958679473441016
2020-06-11,73.09,76.9,73.09,75.09,1185738.0,361184313.0,12206040.0,0.09714354532673988
2020-06-12,72.6,74.95,72.08,72.95,684815.0,202345892.0,12206040.0,0.05610460067310938
2020-06-15,71.99,71.99,69.49,69.9,922935.0,263419656.0,12206040.0,0.07561297521554902
2020-06-16,71.0,71.73,70.13,70.68,481833.0,138019899.0,12206040.0,0.03947496485346599
2020-06-17,70.7,71.13,67.4,68.69,712607.0,199136412.0,12206040.0,0.058381506205124674
2020-06-18,68.69,72.73,68.69,71.74,940422.0,270462041.0,12206040.0,0.07704562659142523
2020-06-19,71.23,72.66,70.1,72.23,907949.0,261405093.0,12206040.0,0.07438522239809144
2020-06-22,73.72,86.68,73.72,86.68,2266850.0,757685922.0,12206040.0,0.1857154326874236
2020-06-23,86.68,91.01,85.05,89.3,1807108.0,644098281.0,12206040.0,0.14805030951889392
2020-06-24,89.3,92.01,86.16,88.07,1210145.0,433032766.0,12206040.0,0.09914312913934413
2020-06-29,87.48,89.03,84.36,85.26,968342.0,335180493.0,12206040.0,0.07933301873498694
2020-06-30,87.57,98.45,86.83,95.16,1443504.0,542949288.0,12206040.0,0.11826145088824877
2020-07-01,96.37,96.47,91.03,93.07,1115873.0,422389954.0,12206040.0,0.09141973973540968
2020-07-02,93.26,99.64,91.79,95.24,1377226.0,539991395.0,12206040.0,0.11283151620017631
2020-07-03,94.1,98.9,92.11,95.5,1023337.0,396845019.0,12206040.0,0.08383857500057348
2020-07-06,98.8,113.78,98.8,113.78,1589775.0,694500280.0,12206040.0,0.1302449443062615
2020-07-07,111.5,124.02,109.2,111.5,2469901.0,1150424945.0,12206040.0,0.20235072144610372
2020-07-08,109.94,113.86,107.96,112.22,1429367.0,640579685.0,12206040.0,0.11710325379893889
2020-07-09,112.67,120.1,111.43,115.22,1620746.0,751029623.0,12206040.0,0.13278229466723032
2020-07-10,112.67,115.89,110.52,112.66,1162479.0,531869877.0,12206040.0,0.09523801331144253
2020-07-13,112.17,122.57,111.92,118.34,1585891.0,759543831.0,12206040.0,0.12992674118714997
2020-07-14,119.56,123.78,114.9,121.23,1735917.0,844837159.0,12206040.0,0.1422178691860751
2020-07-15,121.25,122.82,102.76,104.0,1870221.0,854017188.0,12206040.0,0.15322094635115074
2020-07-16,102.37,104.5,85.43,90.15,2063041.0,791606804.0,12206040.0,0.16901804352599206
2020-07-17,91.54,93.6,83.7,88.9,1217208.0,439240229.0,12206040.0,0.09972177708740919
2020-07-20,89.45,91.5,80.1,87.86,1036380.0,359401971.0,12206040.0,0.0849071443318226
2020-07-21,87.41,93.85,87.41,89.85,1042944.0,382048868.0,12206040.0,0.08544491088018719
2020-07-22,89.39,96.57,86.69,92.14,1587854.0,601259613.0,29884197.0,0.053133567550769395
2020-07-23,92.36,95.33,89.39,93.67,1044854.0,391278028.0,29884197.0,0.034963428998945494
2020-07-24,91.12,91.12,80.97,81.22,1499150.0,520864671.0,29884197.0,0.05016530977894437
2020-07-27,81.87,85.89,81.87,84.22,882592.0,300820647.0,29884197.0,0.029533736509634173
2020-07-28,85.17,87.85,83.2,84.86,810541.0,279339530.0,29884197.0,0.02712272978256702
2020-07-29,84.93,99.0,83.78,96.36,1911220.0,695419291.0,29884197.0,0.06395420295214892
2020-07-30,95.76,98.06,94.1,96.62,1479056.0,576237431.0,29884197.0,0.049492914265021073
2020-07-31,96.57,110.93,95.33,108.19,1857163.0,772047989.0,29884197.0,0.06214532048493724
2020-08-03,110.95,119.6,110.95,114.37,1888192.0,880158370.0,29884197.0,0.06318362845754229
2020-08-04,115.14,115.39,106.78,109.94,1028350.0,457905191.0,29884197.0,0.03441116386697625
2020-08-05,115.64,116.13,109.94,112.06,982728.0,447731002.0,29884197.0,0.03288453760360367
2020-08-06,108.83,111.38,104.0,107.24,831338.0,363636101.0,29884197.0,0.027818649435352068
2020-08-07,106.97,107.22,102.02,104.99,960516.0,403790199.0,29884197.0,0.03214126851057768
2020-08-10,103.4,110.43,101.1,108.58,1053424.0,447358543.0,29884197.0,0.035250202640546104
2020-08-11,107.22,108.45,102.85,103.34,778579.0,332499954.0,29884197.0,0.02605320129565469
2020-08-12,102.76,105.73,98.13,100.7,796474.0,324287421.0,29884197.0,0.026652012767818388
2020-08-13,103.01,103.75,96.63,97.86,636042.0,256188430.0,29884197.0,0.021283556657051887
2020-08-14,97.03,101.98,96.92,101.4,575346.0,231470497.0,29884197.0,0.019252516639480056
2020-08-17,101.77,102.76,100.06,102.51,548085.0,224968096.0,29884197.0,0.018340295374173848
2020-08-18,102.51,106.47,101.67,103.01,581325.0,243715344.0,29884197.0,0.019452588938561742
2020-08-19,102.86,102.86,93.77,96.57,982333.0,387246332.0,29884197.0,0.03287131991533853
2020-08-20,95.33,98.05,93.07,93.54,586617.0,226512640.0,29884197.0,0.019629672498812666
2020-08-21,95.33,95.33,86.94,87.6,1296572.0,471306972.0,29884197.0,0.04338654306153851
2020-08-24,87.6,90.57,85.56,87.99,752964.0,268977243.0,29884197.0,0.025196059308536883
2020-08-25,89.27,89.64,86.59,87.05,400856.0,142469544.0,29884197.0,0.013413644676482357
2020-08-26,86.66,87.05,79.46,81.07,1172347.0,388345072.0,29884197.0,0.03922966375840716
2020-08-27,81.1,91.12,79.98,88.43,1295904.0,452105571.0,29884197.0,0.04336419011024455
2020-08-28,86.67,86.67,78.0,80.35,1536782.0,498732261.0,29884197.0,0.051424570651839835
2020-08-31,81.33,84.19,79.73,81.69,996497.0,331279821.0,29884197.0,0.03334528279277506
2020-09-01,81.57,83.09,79.79,82.64,645336.0,213299657.0,29884197.0,0.021594557150054927
2020-09-02,82.45,85.57,81.72,81.96,683368.0,229591101.0,29884197.0,0.022867203023725215
2020-09-03,81.71,83.17,78.75,80.69,642775.0,209897634.0,29884197.0,0.021508859682594115
2020-09-04,78.5,84.19,78.5,81.69,895355.0,297657726.0,29884197.0,0.029960818421856876
2020-09-07,80.48,82.28,72.31,74.51,1492856.0,467474300.0,29884197.0,0.04995469679175251
2020-09-08,74.29,74.78,70.82,71.35,925468.0,269876252.0,29884197.0,0.03096847474268758
2020-09-09,71.81,71.81,65.62,66.19,1046370.0,284355419.0,29884197.0,0.03501415815188208
2020-09-10,67.4,70.81,66.62,67.31,873355.0,242423254.0,29884197.0,0.029224643379241542
2020-09-11,67.73,72.18,66.86,71.93,963980.0,269934869.0,29884197.0,0.03225718261728766
2020-09-14,73.3,79.23,73.3,73.78,1411511.0,431671940.0,29884197.0,0.04723268957168232
2020-09-15,74.04,79.24,73.05,78.87,1219875.0,378462275.0,29884197.0,0.04082006955047177
2020-09-16,78.5,80.59,76.81,79.24,1020611.0,323923041.0,29884197.0,0.034152197564485336
2020-09-17,78.25,82.21,77.5,80.48,1080130.0,350163858.0,29884197.0,0.03614385221727724
2020-09-18,81.32,82.68,78.89,82.21,910434.0,298380791.0,29884197.0,0.030465399488565813
2020-09-21,83.2,85.01,80.48,81.53,678902.0,225976239.0,29884197.0,0.0227177594900743
2020-09-22,80.49,82.92,78.51,79.49,945738.0,307360747.0,29884197.0,0.0316467596569518
2020-09-23,80.22,82.95,78.62,80.53,1081055.0,352775052.0,29884197.0,0.03617480503156903
2020-09-24,80.84,82.2,79.51,80.72,860623.0,281519489.0,29884197.0,0.028798598804578888
2020-09-25,80.48,81.42,78.16,79.17,612251.0,196464230.0,29884197.0,0.020487450273467277
2020-09-28,78.0,78.25,72.59,72.96,1037122.0,310735272.0,29884197.0,0.034704696933968146
2020-09-29,74.16,76.89,74.01,76.08,778534.0,238949920.0,29884197.0,0.026051695483067523
2020-09-30,76.88,77.58,75.35,76.83,709878.0,219367958.0,29884197.0,0.02375429395007669
2020-10-09,78.62,80.35,78.16,78.35,687402.0,219079878.0,29884197.0,0.023002190756539316
2020-10-12,79.73,83.27,78.74,82.94,1064344.0,349804976.0,29884197.0,0.035615613161698804
2020-10-13,82.46,83.7,81.22,81.32,790950.0,262067442.0,29884197.0,0.026467165907118066
2020-10-14,81.72,81.72,77.26,77.75,884703.0,281339762.0,29884197.0,0.029604375851223306
2020-10-15,78.49,79.85,75.53,75.57,707877.0,221090933.0,29884197.0,0.023687335483700632
2020-10-16,76.04,77.13,73.13,76.02,537529.0,163356006.0,29884197.0,0.017987065203726237
2020-10-19,76.61,76.75,74.29,74.29,507967.0,155100904.0,29884197.0,0.016997846721462852
2020-10-20,74.04,76.02,72.25,76.02,461947.0,139201887.0,29884197.0,0.015457902382319325
2020-10-21,75.79,76.01,73.19,73.2,575681.0,171827115.0,29884197.0,0.01926372657762897
2020-10-22,74.78,74.85,72.3,72.51,340045.0,100949686.0,29884197.0,0.011378756471187764
2020-10-23,72.67,73.36,70.08,71.12,510387.0,147582885.0,29884197.0,0.017078825976150538
2020-10-26,71.12,72.04,68.21,71.01,385152.0,109612265.0,29884197.0,0.012888149546062757
2020-10-27,70.08,70.71,67.85,69.55,700734.0,196182672.0,29884197.0,0.023448312832364208
2020-10-28,70.08,76.72,70.08,75.5,1359679.0,405724284.0,29884197.0,0.04549826117128059
2020-10-29,74.04,75.27,72.43,73.02,901329.0,267303510.0,29884197.0,0.030160723408428878
2020-10-30,72.3,78.0,72.3,75.25,1250228.0,381937262.0,29884197.0,0.041835756871767375
2020-11-02,76.24,76.38,72.0,73.3,1258639.0,374220301.0,29884197.0,0.04211720997555999
2020-11-03,74.27,79.24,72.8,79.24,1335960.0,418219240.0,29884197.0,0.044704564087835456
2020-11-04,78.74,81.29,78.25,78.64,847088.0,271372987.0,29884197.0,0.028345683840860773
2020-11-05,80.22,81.22,78.64,79.63,727855.0,234054194.0,29884197.0,0.02435584934739923
2020-11-06,79.24,79.63,76.47,77.65,852358.0,268288228.0,29884197.0,0.028522031226069083
2020-11-09,77.76,92.86,77.76,89.52,2113075.0,730684734.0,29884197.0,0.07070877628065429
2020-11-10,87.71,90.36,84.94,85.66,1278268.0,453069809.0,29884197.0,0.042774045426082555
2020-11-11,85.95,86.09,79.31,80.1,1027614.0,341374376.0,29884197.0,0.03438653546555057
2020-11-12,82.36,82.67,79.26,81.31,630320.0,205091125.0,29884197.0,0.021092084220968026
2020-11-13,80.03,83.16,79.49,82.17,723077.0,237701419.0,29884197.0,0.024195965513143954
2020-11-16,88.1,88.1,80.48,81.47,700784.0,233215775.0,29884197.0,0.02344998595746106
2020-11-17,82.37,82.37,74.5,77.75,1198979.0,374035527.0,29884197.0,0.04012083710999496
2020-11-18,76.3,78.36,75.82,76.68,554628.0,172516654.0,29884197.0,0.018559240524348035
2020-11-19,76.27,78.12,75.52,76.51,415445.0,128992308.0,29884197.0,0.013901829117242134
2020-11-20,76.51,77.25,74.92,75.61,426254.0,130316879.0,29884197.0,0.01426352530067982
2020-11-23,75.97,76.27,72.55,75.01,784023.0,234774275.0,29884197.0,0.026235371156200046
2020-11-24,75.01,77.39,74.54,76.53,710589.0,219239925.0,29884197.0,0.02377808578895394
2020-11-25,76.02,78.66,75.54,77.14,728240.0,227967404.0,29884197.0,0.024368732410644998
2020-11-26,76.74,78.89,76.21,77.9,539060.0,169720253.0,29884197.0,0.018038296294191878
2020-11-27,77.23,78.66,76.77,77.36,431183.0,135373259.0,29884197.0,0.014428461972727593
2020-11-30,78.49,81.47,77.51,80.72,935993.0,303455269.0,29884197.0,0.031320667575575147
2020-12-01,80.72,80.72,77.75,78.17,889683.0,282144872.0,29884197.0,0.029771019110869868
2020-12-02,78.17,80.44,78.0,79.14,618130.0,198487969.0,29884197.0,0.020684176322355256
2020-12-03,79.13,79.99,77.78,78.29,421369.0,133494034.0,29884197.0,0.01410006097871728
2020-12-04,77.75,78.16,74.78,76.43,679911.0,209415526.0,29884197.0,0.022751523154528795
2020-12-07,77.51,79.87,76.02,76.27,571704.0,178615211.0,29884197.0,0.019130646207425283
2020-12-08,76.11,77.24,74.83,75.39,620534.0,189519576.0,29884197.0,0.02076462017701195
2020-12-09,75.03,76.17,74.04,74.04,755314.0,229010749.0,29884197.0,0.025274696188088974
2020-12-10,73.79,75.9,73.05,74.96,778092.0,235887540.0,29884197.0,0.026036905057211342
2020-12-11,75.03,79.95,74.04,79.05,1785794.0,563458085.0,29884197.0,0.059757135184191165
2020-12-14,79.34,81.71,79.24,80.72,1109394.0,361126999.0,29884197.0,0.03712309887396339
2020-12-15,79.98,81.22,78.0,78.56,678382.0,216836725.0,29884197.0,0.02270035898906703
2020-12-16,77.88,78.0,75.54,75.59,634342.0,195783176.0,29884197.0,0.021226670403758884
2020-12-17,75.59,76.27,74.78,75.6,533711.0,162462700.0,29884197.0,0.017859305371330538
2020-12-18,77.26,77.74,72.8,73.48,896581.0,269028256.0,29884197.0,0.03000184344923171
2020-12-21,72.06,78.62,72.06,77.08,1318621.0,407427003.0,29884197.0,0.04412435776674876
2020-12-22,77.0,77.95,74.29,74.8,795711.0,242746669.0,29884197.0,0.02662648087884041
2020-12-23,73.84,75.73,72.55,74.29,837276.0,249361586.0,29884197.0,0.028017349771854334
2020-12-24,74.29,75.51,71.32,71.65,736781.0,216219261.0,29884197.0,0.02465453563968943
2020-12-25,70.84,72.18,70.08,71.16,406195.0,116227549.0,29884197.0,0.013592300974324322
2020-12-28,69.92,71.17,67.1,67.6,795021.0,219148873.0,29884197.0,0.02660339175250384
2020-12-29,67.6,69.5,67.1,67.75,592319.0,163708377.0,29884197.0,0.019820475684857786
2020-12-30,67.91,68.69,66.85,68.69,582035.0,159692454.0,29884197.0,0.019476347314937054
2020-12-31,68.69,74.04,68.69,73.74,1180490.0,343831286.0,29884197.0,0.03950214891168065
2021-01-04,73.74,75.0,71.57,73.42,812099.0,241666098.0,29884197.0,0.02717486436058496
2021-01-05,74.78,76.74,73.46,74.78,859324.0,260387810.0,29884197.0,0.028755131014562646
2021-01-06,75.64,75.64,72.11,73.11,762793.0,226535888.0,29884197.0,0.025524962240076252
2021-01-07,71.95,73.11,69.32,69.36,948961.0,269035381.0,29884197.0,0.031754609300694944
2021-01-08,69.46,70.68,69.09,69.48,528315.0,149156089.0,29884197.0,0.01767874171087816
2021-01-11,70.21,72.55,69.34,69.81,753331.0,215186537.0,29884197.0,0.025208340046747785
2021-01-12,68.78,71.11,67.84,70.08,652858.0,182668156.0,29884197.0,0.021846262089625496
2021-01-13,71.56,73.65,67.96,72.3,1284830.0,369433082.0,29884197.0,0.042993626363793544
2021-01-14,71.56,81.71,71.56,79.55,2424630.0,759674469.0,29884197.0,0.08113418607165519
2021-01-15,80.08,84.93,79.24,80.6,2527059.0,837139446.0,29884197.0,0.08456171668256637
2021-01-18,81.2,89.17,79.42,85.93,1810689.0,620606462.0,29884197.0,0.06059018416991429
2021-01-19,85.93,89.89,85.92,87.9,1736897.0,618314385.0,29884197.0,0.05812091922697471
2021-01-20,87.9,88.84,83.64,86.44,1272502.0,442036140.0,29884197.0,0.042581100639913466
2021-01-21,87.9,90.38,85.92,88.65,1461859.0,521987283.0,29884197.0,0.048917459619209444
2021-01-22,88.3,90.38,83.7,86.05,1142907.0,395864346.0,29884197.0,0.0382445277013801
2021-01-25,78.99,84.17,77.51,82.29,1796616.0,590593695.0,29884197.0,0.06011926638015403
2021-01-26,82.94,89.13,82.32,88.52,1888091.0,666748416.0,29884197.0,0.06318024874484665
2021-01-27,88.4,93.8,86.93,89.19,1515009.0,551529365.0,29884197.0,0.05069599159716422
2021-01-28,86.94,88.83,79.24,80.15,1438683.0,486073330.0,29884197.0,0.04814193267431613
2021-01-29,80.16,82.11,71.14,76.54,2341582.0,720378931.0,29884197.0,0.07835519221078618
2021-02-01,76.53,81.8,74.79,79.09,930711.0,297317366.0,29884197.0,0.03114391864034359
2021-02-02,79.01,80.43,76.77,79.24,653268.0,208110079.0,29884197.0,0.021859981715419693
2021-02-03,78.74,79.72,74.12,74.29,1061766.0,322887345.0,29884197.0,0.03552934683170506
2021-02-04,74.02,77.73,73.18,76.51,785701.0,239251210.0,29884197.0,0.026291521234450436
2021-02-05,77.26,78.06,73.19,74.28,728057.0,222540185.0,29884197.0,0.024362608772790516
2021-02-08,75.77,78.32,73.89,75.84,587851.0,181485362.0,29884197.0,0.019670965226203
2021-02-09,76.43,77.97,75.84,76.76,684895.0,212454055.0,29884197.0,0.022918300264183105
2021-02-10,76.34,78.0,74.04,74.41,741335.0,224521962.0,29884197.0,0.024806923873510807
2021-02-18,75.94,80.77,74.77,79.49,1051375.0,333678522.0,29884197.0,0.03518163797407707
2021-02-19,79.43,80.63,76.76,80.12,806388.0,256472615.0,29884197.0,0.026983760012022406
2021-02-22,80.43,81.22,76.76,76.89,957800.0,301341074.0,29884197.0,0.032050384355316625
2021-02-23,76.09,77.0,72.08,72.77,1112632.0,331385814.0,29884197.0,0.03723145045523559
2021-02-24,73.79,75.68,72.81,74.03,664432.0,200195030.0,29884197.0,0.022233557087045035
2021-02-25,73.43,74.18,69.5,72.28,940440.0,270529690.0,29884197.0,0.031469475321689255
2021-02-26,70.05,72.7,67.35,68.01,1175283.0,328772592.0,29884197.0,0.03932790966409437
2021-03-01,69.21,70.82,67.36,69.13,1063962.0,293947342.0,29884197.0,0.03560283048595885
2021-03-02,70.58,72.77,70.35,71.56,1309153.0,379297002.0,29884197.0,0.04380753479840867
2021-03-03,70.57,70.6,67.86,69.63,978177.0,272685103.0,29884197.0,0.032732249757288105
2021-03-04,70.32,71.26,67.85,68.47,687721.0,191880804.0,29884197.0,0.02301286529465724
2021-03-05,67.6,68.88,66.87,68.84,557374.0,152588773.0,29884197.0,0.018651128554667204
2021-03-08,69.55,69.83,65.94,66.36,638311.0,173605875.0,29884197.0,0.021359483073947076
2021-03-09,65.87,66.81,59.93,60.88,835421.0,210260001.0,29884197.0,0.027955276830761086
2021-03-10,61.9,63.4,56.4,57.08,1269661.0,302109068.0,29884197.0,0.04248603367191028
2021-03-11,57.39,58.93,55.81,56.7,1522499.0,351225416.0,29884197.0,0.050946625736672795
2021-03-12,56.79,57.6,53.21,53.81,1672915.0,367578740.0,29884197.0,0.055979921428037704
2021-03-15,54.37,54.48,50.27,50.89,1231342.0,258460263.0,29884197.0,0.04120378406018405
2021-03-16,51.5,52.5,50.52,51.02,756478.0,156318909.0,29884197.0,0.025313646540343713
2021-03-17,51.84,52.66,50.27,51.61,851374.0,177633943.0,29884197.0,0.028489104124163014
2021-03-18,52.37,52.48,50.41,50.81,675469.0,139608258.0,29884197.0,0.022602882720924374
2021-03-19,49.81,50.73,49.3,49.44,883046.0,178056812.0,29884197.0,0.029548928485513597
2021-03-22,49.28,50.21,48.04,48.46,1293036.0,254862713.0,29884197.0,0.043268219654689064
2021-03-23,49.03,51.85,48.98,49.82,1899696.0,387546355.0,29884197.0,0.06356858107982624
2021-03-24,49.52,50.28,48.41,48.46,891067.0,177702447.0,29884197.0,0.02981733121355076
2021-03-25,48.29,49.92,47.8,48.49,783782.0,154664092.0,29884197.0,0.026227306693233216
2021-03-26,48.78,50.26,47.61,50.07,1016952.0,200882799.0,29884197.0,0.03402975826989763
2021-03-29,50.39,50.96,49.08,49.33,845584.0,170288163.0,29884197.0,0.028295356237947433
2021-03-30,49.33,49.97,48.53,49.79,689366.0,137248754.0,29884197.0,0.023067911110343703
2021-03-31,49.0,49.0,45.29,46.3,1505306.0,282776201.0,29884197.0,0.050371304940868916
2021-04-01,46.76,51.58,46.28,51.53,2279852.0,456839512.0,29884197.0,0.07628955196621144
2021-04-02,52.25,55.42,52.24,54.98,2130620.0,466521350.0,29884197.0,0.07129587587714001
2021-04-06,54.97,55.68,53.08,54.95,1281246.0,280510153.0,29884197.0,0.04287369675685112
2021-04-07,55.09,56.13,53.83,55.71,1110708.0,247093490.0,29884197.0,0.03716706860150868
2021-04-08,54.97,55.94,53.51,53.72,1111302.0,243848588.0,29884197.0,0.037186945327659295
2021-04-09,54.42,54.72,52.99,53.57,706169.0,153740747.0,29884197.0,0.023630181530392133
2021-04-12,53.52,53.73,51.26,51.65,720738.0,152035916.0,29884197.0,0.02411769672111317
2021-04-13,50.92,52.33,49.92,49.96,745112.0,153109571.0,29884197.0,0.024933311743327084
2021-04-14,50.11,51.13,50.07,50.54,526447.0,107297360.0,29884197.0,0.017616233757259733
2021-04-15,50.49,51.8,49.28,51.27,679784.0,138978484.0,29884197.0,0.02274727341678279
2021-04-16,51.03,51.39,49.04,49.72,889788.0,179044318.0,29884197.0,0.02977453267357326
2021-04-19,49.28,53.7,49.28,53.48,1098231.0,231029519.0,29884197.0,0.03674955696483998
2021-04-20,52.74,54.09,51.78,52.99,952884.0,205533325.0,29884197.0,0.03188588269579404
2021-04-21,52.74,53.95,52.25,53.41,622690.0,133782720.0,29884197.0,0.020836765331188254
2021-04-22,53.24,55.34,53.11,53.86,805308.0,175323259.0,29884197.0,0.02694762050993038
2021-04-23,53.36,54.45,52.84,53.76,582363.0,125751834.0,29884197.0,0.019487323015572412
2021-04-26,53.91,55.82,53.49,54.6,1131518.0,250428391.0,29884197.0,0.037863423266818914
2021-04-27,54.18,56.13,53.19,55.22,1143733.0,252615136.0,29884197.0,0.03827216772798011
2021-04-28,55.22,57.72,54.25,57.22,1084445.0,247476741.0,29884197.0,0.03628824291313566
2021-04-29,52.47,52.47,47.05,48.78,2607287.0,521779064.0,29884197.0,0.08724634628797287
2021-04-30,48.27,48.64,46.28,46.28,1663627.0,316188340.0,29884197.0,0.05566912171004628
2021-05-06,46.64,46.64,43.58,43.63,1052334.0,189844439.0,29884197.0,0.03521372851343471
2021-05-07,44.01,44.57,43.09,43.48,687105.0,121299013.0,29884197.0,0.02299225239346401
2021-05-10,43.08,43.54,41.39,42.64,644091.0,109707583.0,29884197.0,0.021552896335143287
2021-05-11,42.27,44.74,42.0,42.22,1126526.0,196780728.0,29884197.0,0.037696378457149106
2021-05-12,42.22,42.66,41.39,42.41,746569.0,126970496.0,29884197.0,0.02498206660864938
2021-05-13,41.79,50.71,41.69,47.15,2181237.0,411558279.0,29884197.0,0.07298964733768822
2021-05-14,47.76,48.48,46.68,47.79,969608.0,185752484.0,29884197.0,0.03244550957818944
2021-05-17,47.79,48.7,47.3,48.06,570051.0,110320414.0,29884197.0,0.01907533269172332
2021-05-18,48.06,52.71,48.06,51.55,1536949.0,320737544.0,29884197.0,0.051430158889663326
2021-05-19,51.73,52.69,51.04,51.81,731119.0,153194538.0,29884197.0,0.024465070953721794
2021-05-20,52.0,52.42,51.27,51.79,519887.0,108851541.0,29884197.0,0.017396719744552615
2021-05-21,53.23,53.24,49.57,50.26,673137.0,138000472.0,29884197.0,0.02252484816640715
2021-05-24,50.27,52.2,49.94,51.47,540860.0,112240339.0,29884197.0,0.018098528797678586
2021-05-25,51.77,54.23,51.77,53.91,993145.0,214452618.0,29884197.0,0.03323311648628203
2021-05-26,53.42,57.08,53.37,55.67,893346.0,201325961.0,29884197.0,0.029893592255465323
2021-05-27,55.71,61.15,55.17,59.79,1354995.0,319831220.0,29884197.0,0.0453415228122074
2021-05-28,59.36,64.24,58.69,62.8,1825750.0,460878107.0,29884197.0,0.061094162911588354
2021-05-31,63.22,65.62,62.17,64.37,1553066.0,399465353.0,29884197.0,0.05196947403338293
2021-06-01,63.94,70.51,63.46,64.63,1696919.0,459475506.0,29884197.0,0.0567831553245349
2021-06-02,64.88,67.35,62.93,65.19,1444581.0,379120875.0,29884197.0,0.04833929451074091
2021-06-03,65.19,65.62,62.12,63.79,898131.0,231128873.0,29884197.0,0.030053710327234157
2021-06-04,63.76,64.25,61.66,63.08,1273347.0,322909528.0,29884197.0,0.04260937645405028
2021-06-07,64.09,67.43,63.72,64.96,1033449.0,273291876.0,29884197.0,0.03458178916435332
2021-06-08,65.2,65.2,59.14,61.0,1394375.0,344479627.0,29884197.0,0.046659276138488845
2021-06-09,61.45,62.47,59.03,59.41,809290.0,197098124.0,29884197.0,0.027080868192643756
2021-06-10,60.49,61.98,58.51,60.1,1252075.0,303169020.0,29884197.0,0.04189756211284513
2021-06-11,60.99,60.99,56.36,56.4,1212246.0,282066202.0,29884197.0,0.04056478412319394
2021-06-15,56.4,61.73,56.3,60.08,1561594.0,373825330.0,29884197.0,0.05225484224990218
2021-06-16,60.08,62.23,57.52,57.62,1362969.0,328234217.0,29884197.0,0.045608352802653525
2021-06-17,57.76,65.94,57.76,64.24,1933667.0,485924126.0,29884197.0,0.06470533573313013
2021-06-18,63.47,67.18,63.47,65.16,1763746.0,465484365.0,29884197.0,0.059019353941482854
2021-06-21,64.18,64.72,61.1,62.27,1887743.0,478724023.0,29884197.0,0.06316860379417255
2021-06-22,62.3,63.46,59.35,59.9,1611051.0,392828695.0,29884197.0,0.05390979720820339
2021-06-23,60.21,65.57,58.72,63.97,2313519.0,584807669.0,29884197.0,0.07741613401892646
2021-06-24,63.87,64.95,61.62,63.86,1425578.0,363563411.0,29884197.0,0.04770340658643095
2021-06-25,63.86,65.81,62.27,65.02,1245338.0,324093780.0,29884197.0,0.04167212523729515
2021-06-28,65.0,70.65,65.0,69.24,1555347.0,431355534.0,29884197.0,0.052045802000301365
2021-06-29,69.58,73.13,68.92,71.62,1626291.0,468819235.0,29884197.0,0.05441976573772419
2021-06-30,72.76,79.32,70.24,77.1,1684279.0,507485064.0,29884197.0,0.056360189300050455
2021-07-01,77.1,78.59,72.89,73.05,1196679.0,365251379.0,29884197.0,0.040043873355539716
2021-07-02,73.38,73.98,69.66,70.68,1320304.0,378898482.0,29884197.0,0.044180675157508835
2021-07-05,71.74,73.8,68.98,72.01,1202345.0,346029505.0,29884197.0,0.040233471891515105
2021-07-06,71.11,72.54,67.53,70.53,1240771.0,348340635.0,29884197.0,0.041519301990948596
2021-07-07,69.42,70.9,67.82,70.46,776368.0,219105461.0,29996397.0,0.025882041766549495
2021-07-08,69.7,77.6,69.7,75.36,1334669.0,401164184.0,29996397.0,0.04449431043334971
2021-07-09,75.37,75.86,73.27,74.58,731295.0,219990923.0,29996397.0,0.024379427969299112
2021-07-12,74.58,76.08,72.39,74.0,655097.0,196495845.0,29996397.0,0.02183918955333202
2021-07-13,74.37,77.0,70.93,76.08,961608.0,287707298.0,29996397.0,0.03205745009975698
2021-07-14,76.36,76.73,70.9,71.49,893109.0,261357469.0,29996397.0,0.02977387584248868
2021-07-15,71.49,72.93,69.43,70.6,428591.0,122300916.0,29996397.0,0.01428808266539478
2021-07-16,72.39,75.19,70.65,70.75,653127.0,192236073.0,29996397.0,0.021773514999151398
2021-07-19,67.63,70.16,65.57,69.3,893401.0,244625069.0,29996397.0,0.02978361034493576
2021-07-20,70.23,70.23,65.94,68.54,689176.0,189487234.0,29996397.0,0.022975292665982517
2021-07-21,68.14,75.12,67.25,73.63,1058427.0,312376883.0,29996397.0,0.03528513774504318
2021-07-22,74.46,79.97,72.89,78.59,1508935.0,466068160.0,30660252.0,0.04921469660458107
2021-07-23,78.09,80.27,74.38,76.11,958340.0,296855931.0,30660252.0,0.03125675548915906
2021-07-26,76.11,79.08,74.32,78.42,1369766.0,425290621.0,30660252.0,0.04467562758453518
2021-07-27,78.84,86.22,78.1,79.98,2251918.0,746654357.0,30660252.0,0.07344747199077163
2021-07-28,75.61,78.29,71.4,75.36,1459381.0,444287377.0,30660252.0,0.047598467227210006
2021-07-29,76.78,84.54,76.11,84.29,1459432.0,475418906.0,30660252.0,0.047600130618626356
2021-07-30,83.79,87.76,80.65,81.15,1178729.0,396277809.0,30660252.0,0.03844485687854098
2021-08-02,79.54,83.74,75.86,81.31,1263767.0,404146606.0,30660252.0,0.04121841529547768
2021-08-03,79.78,80.94,73.9,74.79,1149113.0,352491560.0,30660252.0,0.03747891569840978
2021-08-04,74.79,78.23,74.75,77.03,732832.0,226367445.0,30660252.0,0.02390169526330051
2021-08-05,77.3,77.35,74.4,75.86,590013.0,180883503.0,30660252.0,0.01924357960267254
2021-08-06,77.58,79.13,73.14,74.87,648817.0,197031462.0,30660252.0,0.02116150252124477
2021-08-09,74.57,74.57,69.91,72.89,893168.0,258520330.0,30660252.0,0.02913113695216856
2021-08-10,73.88,75.56,72.89,74.34,555565.0,166086217.0,30660252.0,0.018120040239721448
2021-08-11,74.35,74.66,70.05,73.38,695682.0,202749201.0,30660252.0,0.02269002877080071
2021-08-12,73.13,76.52,72.15,72.71,469311.0,140813173.0,30660252.0,0.015306821352936043
2021-08-13,72.26,72.39,69.64,71.13,823093.0,235459804.0,30660252.0,0.026845604530582462
2021-08-16,71.12,73.84,70.22,71.7,472376.0,137130502.0,30660252.0,0.015406787915507023
2021-08-17,70.9,71.4,69.29,69.91,586933.0,165340598.0,30660252.0,0.019143123807332046
2021-08-18,70.28,71.4,68.07,70.16,366242.0,103362377.0,30660252.0,0.011945172531523877
2021-08-19,70.15,71.43,68.68,71.4,425083.0,120919802.0,30660252.0,0.013864302224260909
2021-08-20,71.07,72.32,69.41,69.76,413144.0,117281992.0,30660252.0,0.013474905555244622
2021-08-23,69.99,71.65,69.18,70.38,397400.0,112810197.0,30660252.0,0.01296140684036126
2021-08-24,71.26,71.26,63.35,63.96,1510416.0,402015708.0,30660252.0,0.049263000186691226
2021-08-25,64.07,66.94,62.97,66.94,1320770.0,344427646.0,30660252.0,0.04307759766619009
2021-08-26,69.41,70.16,61.23,61.73,1428767.0,373206578.0,30660252.0,0.046599975760147044
2021-08-27,60.98,63.92,60.74,63.66,971971.0,245541727.0,30660252.0,0.031701337614576684
2021-08-30,63.88,66.01,62.47,62.73,768310.0,198502044.0,30660252.0,0.02505882860975833
2021-08-31,62.05,63.96,59.38,61.12,787858.0,193219542.0,30660252.0,0.025696396754990795
2021-09-01,60.74,61.88,59.87,61.29,572171.0,140656200.0,30660252.0,0.01866165353109296
2021-09-02,60.17,61.23,57.27,58.72,748998.0,177009963.0,30660252.0,0.02442895772676624
2021-09-03,58.72,65.6,58.18,63.44,1412465.0,356278410.0,30660252.0,0.046068277586237716
2021-09-06,63.71,65.79,61.71,64.87,949689.0,245667453.0,30660252.0,0.030974598643220545
2021-09-07,64.81,65.45,62.55,64.57,703968.0,181331928.0,30660252.0,0.022960280952681014
2021-09-08,64.66,69.76,63.78,67.46,948121.0,256904664.0,30660252.0,0.030923457511047203
2021-09-09,67.35,67.6,63.96,64.58,636761.0,167475642.0,30660252.0,0.02076828983662626
2021-09-10,64.56,69.12,64.56,67.95,800584.0,217436899.0,30660252.0,0.026111461836647656
2021-09-13,67.19,67.3,62.55,64.21,901443.0,233155825.0,30660252.0,0.029401030363351222
2021-09-14,64.08,66.44,63.43,64.31,539852.0,141855981.0,30660252.0,0.017607552605895086
2021-09-15,64.31,67.17,63.44,66.06,665830.0,176718383.0,30660252.0,0.021716390328429133
2021-09-16,65.72,66.38,62.73,63.22,511932.0,131750548.0,30660252.0,0.016696927344237094
2021-09-17,63.59,64.33,62.2,62.72,408617.0,103992510.0,30660252.0,0.013327255105404874
2021-09-22,61.48,64.21,60.49,61.88,539727.0,135247643.0,30660252.0,0.017603475666149122
2021-09-23,61.97,63.96,61.97,62.31,528656.0,134813140.0,30660252.0,0.017242389266728792
2021-09-24,62.78,65.08,59.92,60.26,681057.0,171218627.0,30660252.0,0.0222130268205232
2021-09-27,60.74,63.27,59.52,60.28,799290.0,198066599.0,30660252.0,0.026069257356397462
2021-09-28,60.34,61.67,59.5,59.75,467395.0,113837555.0,30660252.0,0.015244330020509943
2021-09-29,59.38,59.5,57.43,57.57,519866.0,121955901.0,30660252.0,0.016955698863792768
2021-09-30,58.45,59.17,57.54,58.38,374342.0,88266862.0,30660252.0,0.012209358227062192
2021-10-08,58.75,60.49,58.24,59.5,404207.0,96350932.0,30660252.0,0.013183420671167347
2021-10-11,59.15,60.69,56.05,56.86,772977.0,179633357.0,30660252.0,0.025211045232113552
2021-10-12,56.86,57.76,55.45,56.4,471678.0,107481750.0,30660252.0,0.015384022283965572
2021-10-13,56.99,56.99,55.08,56.75,323470.0,73131360.0,30660252.0,0.010550141597009705
2021-10-14,56.35,57.25,55.16,55.68,334989.0,75408230.0,30660252.0,0.010925839748479563
2021-10-15,56.19,57.86,55.68,56.86,489995.0,112149713.0,30660252.0,0.015981440726579806
2021-10-18,55.78,56.7,54.54,55.61,483399.0,107819119.0,30660252.0,0.015766308770064904
2021-10-19,55.61,57.03,55.29,56.24,437612.0,99230054.0,30660252.0,0.014272942048878138
2021-10-20,56.28,56.45,55.28,56.0,343395.0,77287780.0,30660252.0,0.011200005792515991
2021-10-21,55.48,56.08,54.69,55.79,324908.0,72762234.0,30660252.0,0.010597042711847247
2021-10-22,55.79,59.21,55.79,57.91,748825.0,175038230.0,30660252.0,0.024423315242157826
2021-10-25,57.93,57.93,55.29,55.88,643387.0,144589408.0,30660252.0,0.020984400258680196
2021-10-26,55.59,57.03,53.8,54.04,773183.0,170943245.0,30660252.0,0.0252177640288149
2021-10-27,54.29,54.29,52.16,53.55,776969.0,166228885.0,30660252.0,0.025341246379840584
2021-10-28,53.3,55.41,52.91,54.09,603014.0,132578164.0,30660252.0,0.01966761395177052
2021-10-29,53.3,59.86,51.22,58.75,1752370.0,402142512.0,30660252.0,0.05715445522104645
2021-11-01,59.38,59.56,53.68,55.78,1393555.0,312975002.0,30660252.0,0.04545151814146863
2021-11-02,55.77,57.39,54.17,54.75,931707.0,209499123.0,30660252.0,0.030388106399125488
2021-11-03,54.91,55.61,53.69,54.59,444598.0,97774696.0,30660252.0,0.014500794057400441
2021-11-04,52.06,54.91,52.06,54.11,767311.0,167183852.0,30660252.0,0.025026245707308603
2021-11-05,54.54,58.71,54.3,57.39,1252355.0,288220695.0,30660252.0,0.04084620700443036
2021-11-08,57.68,60.89,56.05,60.22,1067469.0,254723651.0,30660252.0,0.03481605434945544
2021-11-09,60.24,69.14,60.24,68.23,1682722.0,443392835.0,30660252.0,0.054882849625632564
2021-11-10,68.67,68.67,65.51,68.42,1043769.0,283221150.0,30660252.0,0.03404306657362112
2021-11-11,67.85,73.88,65.98,70.55,1703833.0,480650172.0,30660252.0,0.05557139582544853
2021-11-12,69.31,71.62,67.56,70.55,896459.0,253083570.0,30660252.0,0.029238474621800237
2021-11-15,70.53,72.02,68.42,71.06,922142.0,261448732.0,30660252.0,0.0300761389697645
2021-11-16,70.62,75.24,68.75,70.54,977214.0,283552904.0,30660252.0,0.031872340775281296
2021-11-17,71.24,75.32,70.65,74.01,949655.0,282624138.0,30660252.0,0.030973489715609644
2021-11-18,75.08,75.08,70.93,72.64,729070.0,215190861.0,30660252.0,0.02377899568470605
2021-11-19,72.64,76.52,71.89,75.61,984887.0,296324539.0,30660252.0,0.03212259964464741
2021-11-22,74.81,79.32,73.97,76.52,1113037.0,346522323.0,30660252.0,0.036302278272207285
2021-11-23,75.12,77.76,75.12,75.49,530370.0,163003077.0,30660252.0,0.01729829226452542
2021-11-24,75.49,80.86,75.49,75.56,886096.0,278226702.0,30660252.0,0.028900480009101035
2021-11-25,75.08,79.58,74.49,76.17,909513.0,282381094.0,30660252.0,0.029664237593350504
2021-11-26,76.85,76.85,73.96,74.26,565815.0,171167133.0,30660252.0,0.018454349298890303
2021-11-29,73.86,75.61,73.01,74.05,1092751.0,326392858.0,30660252.0,0.035640639874714664
2021-11-30,73.55,75.61,71.65,73.14,597890.0,176201941.0,30660252.0,0.01950049203770406
2021-12-01,73.88,76.6,71.89,72.46,806730.0,239075636.0,30660252.0,0.0263119168100771
2021-12-02,71.65,74.12,71.4,72.56,629050.0,184404066.0,30660252.0,0.020516791577577378
2021-12-03,73.1,74.87,71.15,72.29,603474.0,176872601.0,30660252.0,0.01968261709003566
2021-12-06,72.29,72.44,70.16,70.17,738083.0,211185811.0,30660252.0,0.02407295934814887
2021-12-07,71.34,72.24,68.67,69.17,535257.0,151424411.0,30660252.0,0.017457684300833536
2021-12-08,69.23,73.38,69.23,72.89,1120458.0,327855658.0,30660252.0,0.03654431803104554
2021-12-09,72.27,74.37,70.21,72.36,867417.0,250541785.0,30660252.0,0.028291254748982492
2021-12-10,71.22,72.78,69.92,72.6,963052.0,277816993.0,30660252.0,0.031410439809822825
2021-12-13,72.55,74.89,70.93,73.89,1047692.0,308107783.0,30660252.0,0.03417101725060838
2021-12-14,73.57,77.09,72.44,75.47,849284.0,257018137.0,30660252.0,0.027699837561674313
2021-12-15,75.25,75.32,71.24,71.92,583120.0,171123633.0,30660252.0,0.019018760837321232
2021-12-16,71.89,73.16,70.18,70.66,327969.0,94347058.0,30660252.0,0.010696878812346357
2021-12-17,70.16,71.64,69.14,70.64,489057.0,138985991.0,30660252.0,0.01595084737072611
2021-12-20,69.46,71.1,68.99,70.46,464399.0,131294570.0,30660252.0,0.015146613928678734
2021-12-21,71.07,71.77,69.04,70.16,394299.0,112099513.0,30660252.0,0.012860266119143444
2021-12-22,69.42,70.88,68.09,69.26,683140.0,190898263.0,30660252.0,0.0222809649444499
2021-12-23,69.41,70.38,66.49,67.8,536088.0,146877148.0,30660252.0,0.017484787796264688
2021-12-24,67.68,68.54,65.37,66.13,437115.0,117196869.0,30660252.0,0.014256732136448194
2021-12-27,65.84,68.22,65.38,67.72,469968.0,127632294.0,30660252.0,0.015328249748240817
2021-12-28,67.02,68.97,67.02,67.36,277431.0,75822114.0,30660252.0,0.00904855576529508
2021-12-29,67.45,68.42,65.46,66.35,373257.0,100548851.0,30660252.0,0.012173970390067243
2021-12-30,66.49,67.85,65.02,67.33,463333.0,125165791.0,30660252.0,0.015111845786525172
2021-12-31,67.76,69.17,66.49,67.73,437523.0,120398348.0,30660252.0,0.014270039267779012
2022-01-04,67.4,69.41,65.35,65.7,345743.0,92903520.0,30660252.0,0.011276587028704134
2022-01-05,65.9,65.9,62.25,62.94,758946.0,193752652.0,30660252.0,0.02475341689950885
2022-01-06,63.68,64.2,62.23,62.6,334876.0,85040517.0,30660252.0,0.010922154194949213
2022-01-07,62.72,63.66,61.49,61.51,334217.0,84125486.0,30660252.0,0.010900660568608504
2022-01-10,61.61,63.96,58.74,62.61,581362.0,143996938.0,30660252.0,0.018961422756734028
2022-01-11,61.99,63.22,59.33,60.32,615344.0,150450880.0,30660252.0,0.020069763288312177
2022-01-12,60.14,61.35,59.0,60.59,397976.0,96257336.0,30660252.0,0.01298019337871065
2022-01-13,60.24,60.52,58.41,59.69,532735.0,127468310.0,30660252.0,0.017375427964519012
2022-01-14,59.51,61.39,58.86,60.39,342680.0,83624842.0,30660252.0,0.01117668569716909
2022-01-17,61.2,61.73,59.94,61.37,343242.0,84732936.0,30660252.0,0.011195015618266933
2022-01-18,61.37,62.92,60.29,61.32,365096.0,91011279.0,30660252.0,0.0119077951479329
2022-01-19,61.32,63.34,59.63,60.24,374868.0,92991622.0,30660252.0,0.012226513989513198
2022-01-20,60.26,60.85,58.26,59.33,410394.0,98193497.0,30660252.0,0.013385212880833464
2022-01-21,58.48,59.25,57.59,58.56,212050.0,50027937.0,30660252.0,0.006916120585049333
2022-01-24,58.2,59.46,57.78,58.76,210430.0,49886777.0,30660252.0,0.00686328344594167
2022-01-25,58.76,60.54,56.64,56.64,221403.0,51629395.0,30660252.0,0.007221173524601168
2022-01-26,56.84,58.5,55.69,58.02,300438.0,69125887.0,30660252.0,0.009798940987177797
2022-01-27,57.52,58.37,55.57,56.54,306629.0,70301112.0,30660252.0,0.010000863658915785
2022-01-28,57.52,57.52,55.19,55.29,232443.0,52432974.0,30660252.0,0.0075812488429645
2022-02-07,56.52,57.64,54.91,55.35,235444.0,52970944.0,30660252.0,0.007679128012385547
2022-02-08,55.35,55.35,52.68,54.18,346653.0,75053894.0,30660252.0,0.011306267150054736
2022-02-09,53.41,54.54,52.96,54.04,371330.0,80395197.0,30660252.0,0.0121111202869435
2022-02-10,53.8,55.41,53.33,54.23,353186.0,77583444.0,30660252.0,0.011519344328937675
2022-02-11,54.23,55.47,53.0,54.67,354411.0,78152230.0,30660252.0,0.011559298338448099
2022-02-14,54.26,54.26,52.11,52.83,309015.0,65955684.0,30660252.0,0.0100786842847867
2022-02-15,52.53,55.64,52.53,55.38,445108.0,97581336.0,30660252.0,0.014517427971563964
2022-02-16,55.43,56.2,54.06,54.31,369210.0,81215118.0,30660252.0,0.01204197538885199
2022-02-17,54.24,56.39,53.6,55.84,404148.0,90310963.0,30660252.0,0.013181496355607253
2022-02-18,54.79,56.71,54.57,54.73,306876.0,68752682.0,30660252.0,0.010008919691853805
2022-02-21,54.33,55.48,53.8,54.02,330447.0,72601955.0,30660252.0,0.0107777000658703
2022-02-22,54.03,55.18,53.17,54.09,390800.0,85257389.0,30660252.0,0.012746144421774484
2022-02-23,53.85,61.24,53.85,59.94,1070648.0,255101365.0,30660252.0,0.03491973908107474
2022-02-24,59.5,60.24,57.75,59.36,511302.0,121835068.0,30660252.0,0.016676379567917447
2022-02-25,60.98,62.52,58.84,59.29,601721.0,146814476.0,30660252.0,0.019625442087038293
2022-02-28,58.96,61.38,58.96,60.73,477232.0,116715695.0,30660252.0,0.01556516887075814
2022-03-01,60.91,60.91,58.78,59.66,297646.0,71552994.0,30660252.0,0.009707878461011997
2022-03-02,59.22,60.49,57.96,59.99,331296.0,79349763.0,30660252.0,0.010805390640624872
2022-03-03,60.67,60.67,59.32,60.34,355778.0,86107064.0,30660252.0,0.011603883751509935
2022-03-04,59.24,64.46,59.24,61.43,597194.0,149760606.0,30660252.0,0.019477791637198545
2022-03-07,60.74,61.35,58.26,59.01,452626.0,108461538.0,30660252.0,0.014762631435645083
2022-03-08,58.48,61.86,58.48,60.72,808349.0,197219250.0,30660252.0,0.026364721333666793
2022-03-09,61.04,64.38,60.72,63.48,1034463.0,262250913.0,30660252.0,0.03373954656341376
2022-03-10,66.17,67.43,64.21,65.45,925279.0,245450304.0,30660252.0,0.030178453849629156
2022-03-11,63.75,65.2,62.74,64.49,527482.0,135123542.0,30660252.0,0.01720409864863472
2022-03-14,63.49,63.49,59.13,59.67,443500.0,108775996.0,30660252.0,0.014464982218671915
2022-03-15,58.15,61.61,56.81,59.69,822661.0,198533894.0,30660252.0,0.02683151462682042
2022-03-16,60.24,66.69,60.24,65.94,820873.0,207704200.0,30660252.0,0.026773198080694182
2022-03-17,67.68,70.42,64.97,66.09,1317583.0,358491583.0,30660252.0,0.04297365201042705
2022-03-18,66.19,67.42,63.88,64.18,434965.0,114902139.0,30660252.0,0.014186608772817653
2022-03-21,65.19,69.35,64.7,67.74,734657.0,200345787.0,30660252.0,0.02396121858359155
2022-03-22,68.12,68.56,65.94,66.21,449190.0,121357720.0,30660252.0,0.014650564515908088
2022-03-23,67.68,67.68,65.22,65.95,226972.0,60749947.0,30660252.0,0.007402809344163251
2022-03-24,64.89,65.69,63.96,65.23,336126.0,87915285.0,30660252.0,0.01096292359240883
2022-03-25,64.46,66.02,62.73,62.78,371240.0,96525369.0,30660252.0,0.012108184890326407
2022-03-28,62.77,62.98,60.96,62.86,242171.0,60476392.0,30660252.0,0.00789853260175422
2022-03-29,62.86,65.7,62.47,65.45,316937.0,82545613.0,30660252.0,0.010337064418126766
2022-03-30,66.88,70.63,65.7,69.41,692685.0,192850001.0,30660252.0,0.022592280063451535
2022-03-31,68.88,70.3,67.75,70.2,547677.0,153395215.0,30660252.0,0.017862769033992285
2022-04-01,70.2,72.13,68.98,69.29,304431.0,86470416.0,30660252.0,0.009929174750422796
2022-04-06,69.17,69.91,64.96,65.94,509433.0,137078348.0,30660252.0,0.016615421164835827
2022-04-07,64.61,65.69,64.09,64.28,220352.0,57690318.0,30660252.0,0.007186894615217122
2022-04-08,63.0,65.45,61.73,64.95,332478.0,86000788.0,30660252.0,0.010843942182862686
2022-04-11,64.95,64.95,60.9,61.61,368650.0,91974676.0,30660252.0,0.012023710698790081
2022-04-12,61.96,62.93,58.01,62.67,733797.0,178608364.0,30660252.0,0.023933169238139335
2022-04-13,62.67,62.67,58.65,59.03,295275.0,71870345.0,30660252.0,0.009630547067910597
2022-04-14,60.12,61.98,59.05,60.49,269602.0,65821291.0,30660252.0,0.00879320887512601
2022-04-15,60.2,60.2,58.39,59.09,178475.0,42411051.0,30660252.0,0.005821054569284036
2022-04-18,59.25,62.85,58.19,62.13,366590.0,90635418.0,30660252.0,0.011956522731776633
2022-04-19,62.04,63.34,60.86,61.18,243740.0,61298481.0,30660252.0,0.007949706349445529
2022-04-20,61.24,63.22,61.24,62.78,236708.0,59784648.0,30660252.0,0.007720354027096712
2022-04-21,62.47,63.86,61.98,62.47,244213.0,61939164.0,30660252.0,0.007965133489444248
2022-04-22,61.98,65.56,61.45,62.23,441785.0,112676003.0,30660252.0,0.01440904660535732
2022-04-25,61.48,61.48,57.02,57.95,370138.0,89043207.0,30660252.0,0.012072242589526008
2022-04-26,58.73,58.73,55.53,57.3,321187.0,74034734.0,30660252.0,0.010475680369489461
2022-04-27,56.52,62.47,54.95,61.98,496493.0,116074833.0,30660252.0,0.016193376362333877
2022-04-28,60.8,60.82,50.7,55.04,1151392.0,250267408.0,30660252.0,0.03755324646385816
2022-04-29,58.02,62.15,55.29,61.46,923200.0,217731414.0,30660252.0,0.03011064618777432
2022-05-05,59.5,64.7,59.02,59.76,666049.0,165746933.0,30660252.0,0.021723533126864057
2022-05-06,58.51,62.32,57.76,59.51,447394.0,108828771.0,30660252.0,0.014591987045638112
2022-05-09,59.49,61.65,59.0,61.07,320677.0,78572731.0,30660252.0,0.010459046455325938
2022-05-10,59.85,66.19,59.75,65.2,762857.0,199167110.0,30660252.0,0.0248809761902805
2022-05-11,65.67,69.66,64.46,67.68,650566.0,178206364.0,30660252.0,0.021218547062170266
2022-05-12,66.67,71.05,66.56,69.54,607725.0,170241183.0,30660252.0,0.019821265656916325
2022-05-13,70.94,71.15,68.82,69.9,514412.0,144454832.0,30660252.0,0.01677781382879697
2022-05-16,69.54,70.6,67.54,69.67,497626.0,138590472.0,30660252.0,0.016230329744191273
2022-05-17,68.28,71.3,68.28,70.01,519252.0,147834752.0,30660252.0,0.016935672935760607
2022-05-18,70.65,73.08,69.71,71.15,511299.0,147234229.0,30660252.0,0.016676281721363543
2022-05-19,70.12,72.58,68.92,71.15,419291.0,119715188.0,30660252.0,0.01367539314419203
2022-05-20,72.14,74.21,71.75,72.59,661545.0,195115956.0,30660252.0,0.02157663283393757
2022-05-23,73.31,75.36,72.15,74.62,422400.0,125387103.0,30660252.0,0.01377679478955359
2022-05-24,74.08,77.82,71.9,72.14,631505.0,189515463.0,30660252.0,0.020596862674188067
2022-05-25,71.76,76.09,71.05,73.04,816532.0,172306280.0,30660252.0,0.026631614117196428
2022-05-26,69.84,71.52,67.75,70.28,1678491.0,336219276.0,42924353.0,0.039103466510025206
2022-05-27,69.0,71.75,67.23,68.08,794796.0,157241067.0,42924353.0,0.018516202212762532
2022-05-30,67.41,70.07,66.08,69.96,788604.0,156042058.0,42924353.0,0.018371948436823264
2022-05-31,69.09,73.31,68.44,72.2,849988.0,173889224.0,42924353.0,0.019801999112252198
2022-06-01,70.92,75.32,70.92,74.53,768117.0,163902261.0,42924353.0,0.017894666927186997
2022-06-02,74.82,77.74,73.17,77.07,964425.0,209657194.0,42924353.0,0.02246801483530806
2022-06-06,80.29,81.65,77.62,78.05,1407750.0,323223230.0,42924353.0,0.03279606800363421
2022-06-07,77.83,78.23,75.4,76.62,798426.0,175752875.0,42924353.0,0.01860076959109902
2022-06-08,76.44,78.16,75.05,76.04,749249.0,164648264.0,42924353.0,0.017455102934224774
2022-06-09,76.33,76.77,73.9,75.12,737521.0,159426653.0,42924353.0,0.01718187808212275
2022-06-10,74.56,78.44,74.02,76.78,883763.0,194714254.0,42924353.0,0.020588848479556582
2022-06-13,75.78,76.44,72.62,74.49,690446.0,147635720.0,42924353.0,0.016085181295568976
2022-06-14,73.14,74.0,69.11,70.54,779654.0,157832646.0,42924353.0,0.01816344209078702
2022-06-15,70.57,72.22,69.58,70.97,558952.0,114487730.0,42924353.0,0.013021792081525376
2022-06-16,71.23,78.0,70.65,76.79,1073055.0,233695519.0,42924353.0,0.024998746049823977
2022-06-17,76.43,77.4,75.11,76.64,576511.0,126317299.0,42924353.0,0.013430860565329895
2022-06-20,77.82,78.53,74.36,74.61,653249.0,143035113.0,42924353.0,0.015218610284003582
2022-06-21,75.05,75.05,71.61,72.62,806393.0,168976956.0,42924353.0,0.018786375184268938
2022-06-22,72.37,73.27,70.95,71.17,636793.0,131661822.0,42924353.0,0.014835238168878166
2022-06-23,70.99,74.59,70.97,72.64,953717.0,199266569.0,42924353.0,0.022218552717614637
2022-06-24,73.31,74.33,70.89,71.92,982694.0,204219290.0,42924353.0,0.02289362404600484
2022-06-27,72.31,73.31,70.88,70.99,700895.0,144566791.0,42924353.0,0.016328609542466486
2022-06-28,70.95,74.01,68.63,72.68,1112758.0,226841805.0,42924353.0,0.02592369883827952
2022-06-29,71.65,73.65,70.19,70.22,866444.0,179371851.0,42924353.0,0.020185371227377614
2022-06-30,70.22,75.7,69.92,73.98,1109532.0,234772604.0,42924353.0,0.02584854336651271
2022-07-01,73.99,75.05,72.69,72.98,570520.0,120958397.0,42924353.0,0.01329128944587703
2022-07-04,73.14,73.14,68.51,69.73,1074343.0,215495812.0,42924353.0,0.025028752326214446
2022-07-05,69.49,70.53,66.54,67.54,904005.0,177125540.0,42924353.0,0.021060422273575095
2022-07-06,67.83,71.58,67.1,69.12,963555.0,193153838.0,42924353.0,0.02244774662066543
2022-07-07,69.81,71.18,69.16,70.84,919176.0,186210540.0,42924353.0,0.021413858002705365
2022-07-08,69.84,72.26,69.49,69.62,620373.0,125848641.0,42924353.0,0.014452704738496582
2022-07-11,68.19,69.85,66.71,68.08,666517.0,130237818.0,42924353.0,0.015527712205702902
2022-07-12,68.08,68.76,65.21,65.63,683408.0,130138433.0,42924353.0,0.015921218428149635
2022-07-13,64.97,66.25,61.88,63.58,887927.0,161026047.0,42924353.0,0.020685856348259927
2022-07-14,62.6,66.85,61.9,66.09,851828.0,160014497.0,42924353.0,0.019844865221381437
2022-07-15,65.5,68.11,65.32,66.57,540277.0,104379211.0,42924353.0,0.012586724370662035
2022-07-18,67.23,68.1,63.64,63.79,810977.0,151134696.0,42924353.0,0.018893167708317
2022-07-19,63.8,65.32,63.23,63.79,553884.0,102354017.0,42924353.0,0.012903723907032448
2022-07-20,65.84,66.34,64.4,65.15,557356.0,104773658.0,42924353.0,0.012984610391215448
2022-07-21,64.49,71.42,64.49,70.81,1679413.0,339285080.0,42924353.0,0.03912494615818671
2022-07-22,71.33,73.33,70.83,71.96,965058.0,199854779.0,74508812.0,0.012952266639280197
2022-07-25,71.96,73.49,69.85,72.62,677385.0,141525879.0,74508812.0,0.00909134076651229
2022-07-26,71.26,74.7,70.68,73.24,1002157.0,211145284.0,74701640.0,0.013415461829218208
2022-07-27,73.02,74.32,71.12,71.74,780055.0,161656467.0,74701640.0,0.010442274091974419
2022-07-28,72.61,75.25,71.62,73.58,868823.0,184005499.0,74701640.0,0.011630574643341163
2022-07-29,73.83,75.05,72.27,73.22,691373.0,145804984.0,74701640.0,0.009255124787086334
2022-08-01,72.97,75.04,71.29,74.21,962858.0,203982992.0,74701640.0,0.012889382348232248
2022-08-02,74.01,77.21,72.56,74.63,1339537.0,290252755.0,74701640.0,0.01793182853816864
2022-08-03,75.36,81.3,73.66,78.24,1542892.0,345665420.0,74701640.0,0.02065405792965188
2022-08-04,79.53,82.29,78.26,81.32,1573266.0,364804285.0,74701640.0,0.021060662122009636
2022-08-05,81.23,88.6,80.96,85.93,2165634.0,529846055.0,74701640.0,0.028990447867008006
2022-08-08,86.86,94.76,86.86,91.36,2935589.0,766797426.0,74701640.0,0.03929751743067488
2022-08-09,89.64,91.41,85.78,91.03,1285311.0,326969977.0,74701640.0,0.0172059274736137
2022-08-10,90.34,99.23,88.95,93.74,1478371.0,403652582.0,74701640.0,0.01979034195233197
2022-08-11,94.25,97.64,93.83,96.59,1031862.0,285647360.0,74701640.0,0.01381311039489896
2022-08-12,95.9,98.59,91.7,91.91,1532986.0,414800290.0,74701640.0,0.020521450399214797
2022-08-15,91.91,95.37,91.41,93.5,1196333.0,322295651.0,74701640.0,0.016014815738985114
2022-08-16,93.81,96.43,92.38,93.47,959809.0,259327502.0,74701640.0,0.012848566644587722
2022-08-17,93.69,94.5,91.82,92.27,801289.0,214327023.0,74701640.0,0.010726524879507331
2022-08-18,91.38,95.9,90.37,94.27,791142.0,214132460.0,74701640.0,0.010590691181612613
2022-08-19,94.53,97.26,92.42,92.54,756513.0,204585949.0,74701640.0,0.010127127061735191
2022-08-22,93.22,96.51,92.35,95.36,841385.0,229745504.0,74701640.0,0.011263273470301321
2022-08-23,93.12,95.96,91.13,95.38,660438.0,179107397.0,74701640.0,0.008841010719443375
2022-08-24,93.87,95.38,88.62,90.47,1482256.0,385263603.0,74701640.0,0.01984234884267601
2022-08-25,88.97,92.0,87.93,89.57,997900.0,257105849.0,74701640.0,0.013358475128524621
2022-08-26,90.34,91.03,86.45,87.91,944916.0,240187342.0,74701640.0,0.01264920020497542
2022-08-29,86.9,90.17,85.65,89.59,911594.0,233122430.0,74701640.0,0.012203132354256211
2022-08-30,89.92,93.03,88.64,90.41,749386.0,195570407.0,74701640.0,0.010031720856463125
2022-08-31,92.42,95.37,91.46,92.99,1468454.0,394832282.0,74701640.0,0.019657587169438315
2022-09-01,92.87,95.48,88.91,89.32,1249043.0,329370199.0,74701640.0,0.016720422737706964
2022-09-02,88.79,92.32,88.37,90.96,1263264.0,329576735.0,74701640.0,0.01691079339088138
2022-09-05,90.61,91.66,87.56,88.24,1283327.0,329224121.0,74701640.0,0.01717936848508279
2022-09-06,87.93,91.38,86.58,89.3,1177335.0,302921361.0,74701640.0,0.01576049735989732
2022-09-07,89.86,106.14,88.77,99.41,2312729.0,662333386.0,74701640.0,0.030959547876057338
2022-09-08,97.43,99.84,94.68,95.04,1798347.0,498724913.0,74701640.0,0.02407372850181067
2022-09-09,96.28,96.35,86.87,89.01,1867055.0,486083985.0,74701640.0,0.024993494118736883
2022-09-13,88.74,93.78,88.67,91.08,1060564.0,279508502.0,74701640.0,0.014197332213857689
2022-09-14,89.99,96.82,88.96,93.42,1300253.0,347973365.0,74701640.0,0.017405949855987098
2022-09-15,93.02,94.85,89.18,90.86,989820.0,260260288.0,74701640.0,0.013250311505878586
2022-09-16,90.69,95.03,89.46,93.6,926085.0,247549020.0,74701640.0,0.012397117385910135
2022-09-19,93.31,97.28,93.12,93.75,845009.0,230808711.0,74701640.0,0.011311786461448503
2022-09-20,94.97,94.97,88.95,91.7,802778.0,212592993.0,74701640.0,0.010746457507492473
2022-09-21,91.03,92.2,88.95,89.1,698836.0,181102083.0,74701640.0,0.009355028885577345
2022-09-22,88.43,91.91,88.06,90.36,613013.0,159103122.0,74701640.0,0.008206151832811167
2022-09-23,90.44,91.9,86.82,88.43,699093.0,178396617.0,74701640.0,0.009358469238426358
2022-09-26,89.11,94.95,87.63,92.93,837951.0,222735757.0,74701640.0,0.011217303930676756
2022-09-27,92.08,99.02,92.08,98.47,1013416.0,283492673.0,74701640.0,0.013566181411813717
2022-09-28,98.63,100.56,97.35,97.65,727515.0,206260460.0,74701640.0,0.009738942813035965
2022-09-29,97.55,98.68,93.47,96.44,752828.0,206876410.0,74701640.0,0.01007779748878338
2022-09-30,96.25,96.25,89.65,90.33,995886.0,262582914.0,74701640.0,0.01333151454238488
2022-10-10,87.44,87.44,72.26,72.26,1530772.0,329715728.0,74701640.0,0.020491812495682826
2022-10-11,69.89,70.14,61.15,62.66,3913788.0,703857897.0,74701640.0,0.05239226340947802
2022-10-12,61.55,69.84,60.85,67.44,2821536.0,525600588.0,74701640.0,0.03777073702799564
2022-10-13,67.44,71.21,66.09,67.23,2314632.0,458695742.0,74701640.0,0.030985022551044395
2022-10-14,68.1,69.27,63.93,65.22,2927496.0,553200608.0,74701640.0,0.03918917978239835
2022-10-17,64.99,68.8,64.68,67.23,2378455.0,454964206.0,74701640.0,0.03183939469066543
2022-10-18,69.14,69.46,65.22,67.42,2162182.0,416317910.0,74701640.0,0.02894423736881814
2022-10-19,67.41,69.02,66.37,67.96,1263683.0,247553726.0,74701640.0,0.016916402370818096
2022-10-20,67.37,78.17,66.81,76.61,2449420.0,520603611.0,74701640.0,0.03278937383436294
2022-10-21,75.4,76.61,71.15,74.6,1795159.0,380521883.0,74701640.0,0.024031052062578547
2022-10-24,74.24,77.48,73.99,75.79,1046461.0,229226270.0,74701640.0,0.014008541177944688
2022-10-25,75.99,76.44,73.4,75.57,968097.0,208663051.0,74701640.0,0.012959514677321676
2022-10-26,75.71,76.96,73.05,76.44,1184788.0,258635813.0,74701640.0,0.01586026759251872
2022-10-27,75.75,77.65,73.73,76.63,1272846.0,277264528.0,74701640.0,0.01703906366714305
2022-10-28,74.73,79.87,74.73,75.22,1493569.0,331797561.0,74701640.0,0.01999379130096742
2022-10-31,75.47,79.66,75.05,77.81,1369483.0,306361764.0,74701640.0,0.018332703271307028
2022-11-01,77.26,78.33,73.7,74.81,1816700.0,391578429.0,74701640.0,0.02431941253230853
2022-11-02,75.01,79.05,74.45,76.79,1411754.0,311923279.0,74701640.0,0.018898567688741506
2022-11-03,76.44,83.72,76.05,82.29,1395542.0,324145620.0,74701640.0,0.018681544340927454
2022-11-04,82.66,82.66,78.84,80.44,1506049.0,347354044.0,74701640.0,0.020160855906242486
2022-11-07,80.61,81.71,79.05,80.26,945860.0,219056736.0,74701640.0,0.012661837143066738
2022-11-08,80.61,80.61,75.05,77.06,1581350.0,349358654.0,74701640.0,0.021168879291003518
2022-11-09,76.81,77.88,76.17,77.42,856576.0,190574073.0,74701640.0,0.011466629112828045
2022-11-10,77.1,79.53,71.71,72.28,1556301.0,330108172.0,74701640.0,0.020833558674213846
2022-11-11,74.72,75.24,71.23,71.48,1429354.0,298941378.0,74701640.0,0.019134171619257623
2022-11-14,71.56,72.4,69.45,70.46,1049587.0,213146430.0,74701640.0,0.014050387648785221
2022-11-15,69.84,73.57,69.14,73.49,1391363.0,289597669.0,74701640.0,0.018625601794016837
2022-11-16,73.3,73.31,69.84,70.38,1227604.0,251205067.0,74701640.0,0.016433427699847018
2022-11-17,69.49,71.5,68.48,71.28,851950.0,171767123.0,74701640.0,0.011404702761545798
2022-11-18,70.68,72.9,69.84,70.22,1106962.0,227428520.0,74701640.0,0.014818443075680802
2022-11-21,70.19,71.17,68.8,70.93,550247.0,111445672.0,74701640.0,0.007365929315608064
2022-11-22,70.67,71.26,68.86,68.91,983201.0,196917547.0,74701640.0,0.013161705686782781
2022-11-23,68.88,69.32,66.19,68.24,1222882.0,238204333.0,74701640.0,0.0163702162362165
2022-11-24,68.56,70.12,67.75,68.28,858368.0,169427993.0,74701640.0,0.011490617876662413
2022-11-25,67.96,69.35,66.2,66.72,1119899.0,216447396.0,74701640.0,0.01499162535119711
2022-11-28,65.69,67.06,65.44,66.32,694223.0,132335930.0,74701640.0,0.009293276559925592
2022-11-29,66.37,66.72,64.77,66.5,981317.0,186177008.0,74701640.0,0.013136485356947987
2022-11-30,66.5,66.5,64.16,64.44,1289812.0,240874038.0,74701640.0,0.017266180501525803
2022-12-01,65.13,66.67,64.55,66.59,1392688.0,265058742.0,74701640.0,0.018643339021740354
2022-12-02,65.63,66.53,64.63,64.8,1362918.0,255822666.0,74701640.0,0.018244820327907123
2022-12-05,65.0,65.04,63.31,63.95,986157.0,181226830.0,74701640.0,0.013201276437839918
2022-12-06,63.61,67.17,63.32,65.15,1459841.0,273737267.0,74701640.0,0.01954228849594199
2022-12-07,64.8,65.84,64.06,64.73,926486.0,173033500.0,74701640.0,0.012402485407281554
2022-12-08,64.73,64.73,62.46,62.76,1406907.0,256020678.0,74701640.0,0.018833682901740846
2022-12-09,62.84,65.2,62.63,63.81,1448999.0,266416023.0,74701640.0,0.019397151120109278
2022-12-12,63.27,65.84,62.75,65.32,1571495.0,293157496.0,74701640.0,0.021036954476501453
2022-12-13,64.9,66.09,64.54,64.69,1140553.0,213823626.0,74701640.0,0.015268111918292557
2022-12-14,66.78,68.04,64.33,64.63,1952478.0,373017054.0,74701640.0,0.026137016536718606
2022-12-15,63.99,65.97,62.96,64.11,1530476.0,284763905.0,74701640.0,0.020487850065942326
2022-12-16,63.59,64.88,62.61,62.85,1044902.0,190432246.0,74701640.0,0.013987671488872266
2022-12-19,62.55,63.82,61.68,61.94,727068.0,130779950.0,74701640.0,0.009732959008664334
2022-12-20,61.51,62.89,60.84,60.84,773445.0,136938167.0,74701640.0,0.010353788752161265
2022-12-21,60.46,61.38,59.48,60.08,679566.0,117993364.0,74701640.0,0.009097069354836118
2022-12-22,59.86,61.49,59.1,59.3,504158.0,87298913.0,74701640.0,0.006748954909155944
2022-12-23,59.29,59.29,56.51,57.09,826583.0,136800484.0,74701640.0,0.011065125210102483
2022-12-26,56.93,59.97,56.89,59.46,776804.0,132031186.0,74701640.0,0.010398754297763744
2022-12-27,59.03,62.26,59.03,61.81,1021576.0,178904171.0,74701640.0,0.013675415961416644
2022-12-28,61.46,64.1,61.46,63.23,1335525.0,243272388.0,74701640.0,0.017878121551280535
2022-12-29,62.83,64.57,61.95,63.9,929383.0,169791289.0,74701640.0,0.012441266349707984
2022-12-30,63.97,65.23,62.29,62.54,643128.0,117201508.0,74701640.0,0.00860928889914599
2023-01-03,62.89,64.16,61.52,63.23,936193.0,169806770.0,74701640.0,0.012532429006913369
2023-01-04,63.76,64.28,60.22,61.0,1243360.0,220336145.0,74701640.0,0.01664434676400679
2023-01-05,60.8,61.78,60.31,61.47,813290.0,143447882.0,74701640.0,0.010887177309628009
2023-01-06,61.81,62.85,60.5,62.54,928334.0,165863347.0,74701640.0,0.012427223819985745
2023-01-09,62.54,64.41,61.47,62.19,1015510.0,183021835.0,74701640.0,0.01359421292491035
2023-01-10,62.54,63.67,61.67,61.96,805381.0,144474462.0,74701640.0,0.010781302793352328
2023-01-11,62.99,67.41,62.54,65.48,2502687.0,475188627.0,74701640.0,0.03350243716202215
2023-01-12,65.08,66.2,63.18,63.33,1177327.0,216963745.0,74701640.0,0.01576039026720163
2023-01-13,63.58,63.89,62.29,63.34,768286.0,139483361.0,74701640.0,0.010284727350028727
2023-01-16,62.82,65.5,62.82,64.49,989854.0,183825240.0,74701640.0,0.013250766649835264
2023-01-17,64.63,69.62,64.28,68.84,1968508.0,383207164.0,74701640.0,0.026351603525705727
2023-01-18,68.52,70.79,68.52,69.81,1127796.0,226189912.0,74701640.0,0.015097339228429256
2023-01-19,69.77,70.36,68.61,69.79,595318.0,119340226.0,74701640.0,0.007969276176533742
2023-01-20,69.78,70.14,68.1,68.38,790007.0,156309363.0,74701640.0,0.010575497405411716
2023-01-30,68.94,69.35,66.02,67.76,1529277.0,296686835.0,74701640.0,0.020471799548175917
2023-01-31,67.81,68.97,66.77,67.43,865465.0,168496167.0,74701640.0,0.011585622484325646
2023-02-01,68.17,69.43,67.5,68.62,1089701.0,215144295.0,74701640.0,0.014587377198144512
2023-02-02,68.78,72.22,68.74,71.21,1469124.0,299484826.0,74701640.0,0.019666556182702282
2023-02-03,70.45,71.35,69.25,70.97,823200.0,166450573.0,74701640.0,0.011019838386412935
2023-02-06,70.19,71.33,69.47,69.73,687209.0,138591977.0,74701640.0,0.009199383038980135
2023-02-07,70.17,70.17,68.08,68.52,797130.0,157448149.0,74701640.0,0.010670850064335937
2023-02-08,68.46,69.57,67.35,67.68,620020.0,121885451.0,74701640.0,0.008299951647647897
2023-02-09,67.41,70.77,67.06,70.52,995174.0,199308196.0,74701640.0,0.013321983292468545
2023-02-10,70.2,71.8,69.35,69.66,587806.0,118894318.0,74701640.0,0.007868716135281634
2023-02-13,69.48,71.22,68.46,70.87,718374.0,145313328.0,74701640.0,0.009616576021624157
2023-02-14,70.87,71.5,69.8,70.31,535096.0,108784412.0,74701640.0,0.007163109136559786
2023-02-15,70.84,71.4,69.53,71.12,707122.0,143643490.0,74701640.0,0.009465950145137375
2023-02-16,71.09,72.81,70.28,70.45,1216909.0,250155714.0,74701640.0,0.016290258152297593
2023-02-17,70.53,70.71,67.3,67.46,821874.0,162215530.0,74701640.0,0.011002087772102459
2023-02-20,66.71,67.38,65.76,66.8,697434.0,133768520.0,74701640.0,0.009336260890657823
2023-02-21,67.02,68.33,66.71,67.79,489648.0,95297801.0,74701640.0,0.006554715532349758
2023-02-22,66.89,67.89,66.89,67.34,300468.0,58351052.0,74701640.0,0.0040222410110407215
2023-02-23,67.06,68.38,66.92,67.67,332165.0,64634227.0,74701640.0,0.0044465556579480715
2023-02-24,68.28,68.75,67.27,67.67,367524.0,71812242.0,74701640.0,0.004919891986307128
2023-02-27,67.41,68.03,66.4,66.95,346957.0,66970390.0,74701640.0,0.0046445700522772995
2023-02-28,67.04,68.41,67.04,67.75,321307.0,62780609.0,74701640.0,0.004301204096723981
2023-03-01,68.14,69.73,67.51,69.32,584035.0,115728077.0,74701640.0,0.007818235315851164
2023-03-02,69.58,70.53,67.93,68.74,468715.0,93236847.0,74701640.0,0.006274494107492152
2023-03-03,69.49,75.7,69.49,73.82,1973792.0,416000917.0,74701640.0,0.02642233825120841
2023-03-06,73.31,77.8,72.68,76.12,1562877.0,339024525.0,74701640.0,0.020921588870070323
2023-03-07,75.76,77.21,74.18,74.3,933300.0,202208056.0,74701640.0,0.012493701610834781
2023-03-08,73.84,75.81,73.48,75.31,769859.0,165463705.0,74701640.0,0.010305784451318606
2023-03-09,75.29,82.69,74.78,77.98,1962723.0,449263990.0,74701640.0,0.026274162120135516
2023-03-10,78.06,80.25,76.44,78.87,1479418.0,335129177.0,74701640.0,0.019804357708880286
2023-03-13,78.55,78.74,75.75,77.86,1219386.0,269350348.0,74701640.0,0.016323416728200344
2023-03-14,76.49,81.27,76.3,80.54,1193634.0,272708287.0,74701640.0,0.01597868534077699
2023-03-15,80.44,82.62,78.95,79.4,1227499.0,284069458.0,74701640.0,0.016432022108216097
2023-03-16,78.96,80.14,75.57,76.34,1223289.0,272634634.0,74701640.0,0.016375664577109685
2023-03-17,76.79,78.73,75.71,76.13,1201248.0,267174887.0,74701640.0,0.016080610813899134
2023-03-20,76.1,78.8,74.61,77.73,1362467.0,302474228.0,74701640.0,0.01823878297718765
2023-03-21,77.57,78.13,74.74,75.65,1171516.0,255455943.0,74701640.0,0.01568260081037043
2023-03-22,75.75,75.75,72.62,73.67,1720049.0,365699872.0,74701640.0,0.023025585515927094
2023-03-23,69.49,73.66,67.42,73.38,2569014.0,523325265.0,74701640.0,0.03439032931539388
2023-03-24,72.62,72.62,70.06,70.95,1228278.0,252443019.0,74701640.0,0.016442450259458827
2023-03-27,71.11,73.49,69.85,70.46,966989.0,198724196.0,74701640.0,0.012944682338968729
2023-03-28,69.73,71.21,67.8,67.86,822610.0,162845036.0,74701640.0,0.011011940300105862
2023-03-29,67.84,74.01,67.1,73.23,2422101.0,500844940.0,74701640.0,0.03242366566517147
2023-03-30,73.65,73.85,71.41,73.4,1052368.0,219748229.0,74701640.0,0.014087615747124159
2023-03-31,72.97,73.87,71.59,72.69,738317.0,153937214.0,74701640.0,0.009883544725390232
2023-04-03,74.36,77.86,74.36,76.78,1647329.0,362243752.0,74701640.0,0.022052112912112773
2023-04-04,76.86,81.65,76.39,77.66,2250537.0,509668030.0,74701640.0,0.030127009259769934
2023-04-06,77.65,85.68,76.46,83.74,2442979.0,572924153.0,74701640.0,0.03270315082774622
2023-04-07,83.74,88.49,82.38,84.34,2682386.0,656942328.0,74701640.0,0.035907993452352585
2023-04-10,84.09,85.13,79.57,79.57,1825776.0,428304959.0,74701640.0,0.02444090919556786
2023-04-11,80.61,81.35,78.11,78.95,1494353.0,341556085.0,74701640.0,0.020004286385144957
2023-04-12,79.35,80.09,77.83,79.05,1396451.0,317552966.0,74701640.0,0.018693712748475134
2023-04-13,78.63,78.91,75.88,76.44,1274524.0,282813052.0,74701640.0,0.017061526360063847
2023-04-14,77.48,86.39,76.05,85.09,2820460.0,662768534.0,74701640.0,0.037756333060425445
2023-04-17,86.13,90.4,85.13,87.56,3129178.0,788186982.0,74701640.0,0.0418890134138956
2023-04-18,86.67,88.26,83.56,84.78,1845915.0,451300305.0,74701640.0,0.02471050167037832
2023-04-19,85.63,90.32,84.46,88.88,2745348.0,693211892.0,74701640.0,0.036750839740600075
2023-04-20,87.94,97.98,87.21,97.48,3081077.0,819305267.0,74701640.0,0.04124510519447766
2023-04-21,96.59,97.2,90.34,90.42,2734863.0,737833502.0,74701640.0,0.03661048137631249
2023-04-24,90.42,92.13,86.45,87.42,1563123.0,397017230.0,74701640.0,0.020924881970462765
2023-04-25,86.99,89.04,85.13,86.3,1488410.0,372585564.0,74701640.0,0.019924729898834884
2023-04-26,85.13,87.52,80.31,82.58,1538726.0,368360634.0,74701640.0,0.02059828940837176
2023-04-27,81.65,86.69,80.54,83.31,1434679.0,348076350.0,74701640.0,0.01920545519482571
2023-04-28,87.21,99.3,87.21,93.71,3471756.0,942148197.0,74701640.0,0.046474963601870055
2023-05-04,92.08,92.67,84.33,86.85,2288306.0,575044058.0,74701640.0,0.030632607262705343
2023-05-05,86.42,91.59,85.82,87.91,1874332.0,480058945.0,74701640.0,0.02509090831205312
2023-05-08,87.21,87.73,82.77,83.22,1727763.0,423198390.0,74701640.0,0.02312884964774535
2023-05-09,83.35,84.39,79.56,80.41,1647147.0,385859269.0,74701640.0,0.022049676553285845
2023-05-10,79.91,80.96,78.26,79.1,984416.0,224239337.0,74701640.0,0.013177970389940568
2023-05-11,80.62,82.35,78.62,78.66,1047393.0,240253628.0,74701640.0,0.014021017476992473
2023-05-12,79.22,82.53,77.32,78.84,1047542.0,241839837.0,74701640.0,0.014023012078449684
2023-05-15,79.13,82.0,78.26,81.3,1692896.0,393865045.0,74701640.0,0.02266209952017118
2023-05-16,81.3,83.39,79.23,81.94,1580483.0,371785609.0,74701640.0,0.021157273120108205
2023-05-17,81.57,82.16,78.26,78.63,1377415.0,316469047.0,74701640.0,0.018438885679082816
2023-05-18,78.56,79.29,76.52,79.29,1447098.0,323036588.0,74701640.0,0.019371703218296146
2023-05-19,79.2,83.28,78.78,81.76,1902653.0,442234326.0,74701640.0,0.025470029841379655
2023-05-22,82.69,84.19,78.53,81.32,1285447.0,299481867.0,74701640.0,0.017207748049440415
2023-05-23,80.61,81.19,78.19,78.71,689622.0,157215217.0,74701640.0,0.009231684873317374
2023-05-24,78.62,84.08,78.3,81.63,1556350.0,366309023.0,74701640.0,0.020834214616974944
2023-05-25,81.13,82.93,80.35,82.77,954067.0,223835682.0,74701640.0,0.01277170086225684
2023-05-26,82.64,86.48,82.03,85.1,1165022.0,285166273.0,74701640.0,0.015595668314644765
2023-05-29,86.17,88.17,84.7,87.17,1395889.0,349068059.0,74701640.0,0.018686189486602972
2023-05-30,86.86,88.77,84.82,87.57,1106809.0,277618060.0,74701640.0,0.014816394927875747
2023-05-31,87.21,88.49,84.65,85.72,1101055.0,273139469.0,74701640.0,0.01473936850650133
2023-06-01,86.29,86.29,84.08,85.29,646646.0,158576871.0,74701640.0,0.008656382912075291
2023-06-02,85.63,86.47,83.08,83.9,801038.0,193607078.0,74701640.0,0.010723164846180085
2023-06-05,84.78,87.21,83.12,83.22,935999.0,229723108.0,74701640.0,0.012529832009042906
2023-06-06,82.41,85.51,81.71,83.83,933307.0,225636747.0,74701640.0,0.01249379531694351
2023-06-07,82.71,86.85,82.71,86.23,876015.0,215494661.0,74701640.0,0.011726850976765704
2023-06-08,87.07,87.48,81.78,82.89,928450.0,223733614.0,74701640.0,0.012428776664073238
2023-06-09,83.56,84.03,80.61,82.87,851504.0,201729705.0,74701640.0,0.011398732343761127
2023-06-12,83.32,83.32,80.47,80.68,946638.0,221628123.0,74701640.0,0.012672251907722507
2023-06-13,81.26,81.64,78.56,81.3,952021.0,220055427.0,74701640.0,0.01274431190533434
2023-06-14,81.65,82.0,80.32,81.77,633876.0,148397060.0,74701640.0,0.008485436196581495
2023-06-15,82.59,82.59,78.83,81.99,1174338.0,209318870.0,97112132.0,0.012092598275980596
2023-06-16,81.36,82.13,79.5,80.18,1424312.0,253387340.0,97112132.0,0.01466667419061503
2023-06-19,78.99,80.04,75.62,76.11,2850179.0,484215676.0,97112132.0,0.029349360798710505
2023-06-20,76.14,76.86,74.39,75.51,2404565.0,399395472.0,97112132.0,0.0247607065201699
2023-06-21,75.54,75.55,70.59,70.59,3122690.0,495271115.0,97112132.0,0.03215550864437823
2023-06-26,70.36,73.31,69.24,71.95,2099703.0,332715567.0,97112132.0,0.021621428309286834
2023-06-27,72.07,74.44,71.63,72.4,1320729.0,212420996.0,97112132.0,0.01360004123892574
2023-06-28,72.85,75.92,71.5,73.29,1777459.0,288785354.0,97112132.0,0.018303161133358704
2023-06-29,73.29,74.0,71.27,72.88,1266202.0,202732589.0,97112132.0,0.013038556294902474
2023-06-30,72.75,75.34,72.03,74.59,1225235.0,201353289.0,97112132.0,0.012616703750258515
2023-07-03,74.48,75.3,73.13,74.16,1345601.0,219842121.0,97112132.0,0.013856157539616162
2023-07-04,73.4,75.33,73.37,75.12,988646.0,163051984.0,97112132.0,0.010180458194450926
2023-07-05,74.52,76.24,72.85,73.32,1171450.0,192582100.0,97112132.0,0.012062859458177687
2023-07-06,72.81,73.95,71.4,71.95,1111628.0,177763619.0,97112132.0,0.011446849915724228
2023-07-07,71.44,72.61,70.9,71.22,966796.0,152774161.0,97112132.0,0.009955460559757868
2023-07-10,71.34,72.35,71.08,71.87,628641.0,99584944.0,97112132.0,0.006473351856799931
2023-07-11,71.63,73.21,71.39,71.95,1028379.0,163908352.0,97112132.0,0.010589603778856385
2023-07-12,72.12,72.13,69.71,69.81,1156429.0,179762389.0,97112132.0,0.011908182594528973
2023-07-13,70.31,70.59,69.46,69.94,941357.0,145432244.0,97112132.0,0.00969350564767747
2023-07-14,69.69,71.49,69.69,71.13,1097765.0,171617032.0,97112132.0,0.011304097411845515
2023-07-17,70.82,71.0,69.69,70.16,520424.0,80683720.0,97112132.0,0.0053590008712814585
2023-07-18,69.91,71.0,69.39,69.59,635537.0,98402853.0,97112132.0,0.006544362551941502
2023-07-19,69.73,70.14,68.18,69.82,1115033.0,170014872.0,97416107.0,0.011446084578189929
2023-07-20,70.14,70.21,68.17,68.17,655697.0,99501313.0,97416107.0,0.006730888968905317
2023-07-21,68.22,68.32,66.97,67.19,559016.0,83400281.0,97416107.0,0.005738435020812318
2023-07-24,67.42,68.27,67.02,67.25,583319.0,87360223.0,97416107.0,0.005987911218829551
2023-07-25,67.92,68.68,67.11,68.4,727317.0,109414273.0,97416107.0,0.007466085664868542
2023-07-26,68.1,70.14,68.1,68.92,814551.0,124812090.0,97416107.0,0.00836156386335578
2023-07-27,68.78,69.09,65.07,65.62,1332803.0,196528806.0,97416107.0,0.013681546522896876
2023-07-28,65.97,66.35,64.71,66.25,1175765.0,169930105.0,97416107.0,0.012069513309539252
2023-07-31,65.61,68.24,64.93,67.21,1202731.0,177785140.0,97416107.0,0.012346325849379303
2023-08-01,67.03,68.55,66.53,66.82,792205.0,117901919.0,97416107.0,0.008132176745679233
2023-08-02,66.96,68.49,66.63,68.33,1338938.0,201027839.0,97416107.0,0.013744523788042567
2023-08-03,68.21,68.92,67.65,68.09,481994.0,72554778.0,97416107.0,0.004947785482743629
2023-08-04,68.15,68.78,66.74,67.1,905987.0,134735692.0,97416107.0,0.009300176612477442
2023-08-07,66.64,67.73,66.54,67.56,396214.0,58920393.0,97416107.0,0.004067232947422134
2023-08-08,67.19,68.49,66.76,66.83,556327.0,82906782.0,97416107.0,0.0057108317826742964
2023-08-09,66.53,66.97,65.96,65.97,391038.0,57252572.0,97416107.0,0.004014100050210382
2023-08-10,66.16,67.69,65.73,66.45,670250.0,98834359.0,97416107.0,0.006880279048720352
2023-08-11,66.47,66.96,64.65,64.8,467040.0,67692825.0,97416107.0,0.004794279040528688
2023-08-14,63.99,65.88,63.35,65.57,605017.0,86240562.0,97416107.0,0.006210646459111736
2023-08-15,65.87,66.05,62.49,62.87,917035.0,129040693.0,97416107.0,0.009413587015954149
2023-08-16,62.85,64.21,62.69,63.12,846946.0,118689587.0,97416107.0,0.008694106406859392
2023-08-17,62.81,63.94,62.45,63.15,656794.0,91498310.0,97416107.0,0.006742149940358426
2023-08-18,63.38,65.3,62.84,62.85,643903.0,91163757.0,97416107.0,0.00660982069423078
2023-08-21,62.53,63.33,61.91,62.01,433927.0,59911147.0,97416107.0,0.004454366052628237
2023-08-22,62.26,63.35,60.44,63.09,792539.0,108537614.0,97416107.0,0.00813560533680534
2023-08-23,62.9,63.26,61.05,61.08,482271.0,66014266.0,97416107.0,0.004950628955024861
2023-08-24,61.43,63.33,60.89,62.08,550720.0,75716138.0,97416107.0,0.005653274565775863
2023-08-25,61.47,61.54,59.68,60.01,701348.0,93534285.0,97416107.0,0.007199507572192348
2023-08-28,63.8,64.26,57.91,58.42,1350836.0,178851258.0,97416107.0,0.013866659647977926
2023-08-29,58.42,62.66,57.93,62.45,1303675.0,176533892.0,97416107.0,0.01338254052792317
2023-08-30,63.4,66.36,63.4,64.77,1664636.0,238609267.0,97416107.0,0.017087892867654834
2023-08-31,68.33,72.05,68.01,70.7,3579083.0,554479961.0,97416107.0,0.036740156327536265
2023-09-01,70.87,74.96,70.59,71.29,2519678.0,401979714.0,97416107.0,0.025865106680972173
2023-09-04,72.09,72.38,69.69,71.74,1479730.0,231643427.0,97416107.0,0.015189787865368096
2023-09-05,71.25,74.6,70.59,72.4,2089798.0,337659000.0,97416107.0,0.021452284066330016
2023-09-06,72.21,77.11,71.86,76.45,2935710.0,484945605.0,97416107.0,0.03013577621203853
2023-09-07,75.12,75.57,71.09,71.34,2211971.0,355561986.0,97416107.0,0.022706419586239472
2023-09-08,71.54,74.42,71.39,72.77,1378062.0,222406871.0,97416107.0,0.014146141150970034
2023-09-11,73.0,75.07,72.06,73.36,1487169.0,241632368.0,97416107.0,0.01526615100724565
2023-09-12,73.08,73.31,71.89,72.76,1107496.0,177716169.0,97416107.0,0.011368715442508906
2023-09-13,72.19,74.66,71.9,74.28,1702931.0,278099124.0,97416107.0,0.01748100034422439
2023-09-14,73.25,75.02,72.81,74.21,1114823.0,182224794.0,97416107.0,0.011443928877182498
2023-09-15,74.21,76.58,72.26,75.16,1571253.0,258585352.0,97416107.0,0.016129293690621407
2023-09-18,75.16,75.93,73.53,74.15,858798.0,141595850.0,97416107.0,0.008815770065621694
2023-09-19,74.4,77.82,73.08,75.55,1786717.0,298959659.0,97416107.0,0.018341083985218172
2023-09-20,75.25,77.14,74.35,75.39,1159734.0,194561786.0,97416107.0,0.011904951200729054
2023-09-21,75.34,77.38,75.12,76.92,1221976.0,206769055.0,97416107.0,0.012543880448846103
2023-09-22,76.12,80.44,76.12,79.19,1770954.0,309367223.0,97416107.0,0.018179272961503172
2023-09-25,77.83,79.03,77.24,78.49,875200.0,151018368.0,97416107.0,0.008984140579545023
2023-09-26,78.28,78.28,75.39,75.92,1124889.0,189491151.0,97416107.0,0.011547258812138736
2023-09-27,76.47,76.47,73.2,73.4,1716066.0,281131778.0,97416107.0,0.017615834309617814
2023-09-28,73.46,75.79,71.73,75.22,1671177.0,273893845.0,97416107.0,0.017155037821414892
2023-10-09,75.1,76.14,72.53,75.21,1401523.0,230610733.0,99070448.0,0.01414673122301819
2023-10-10,74.66,76.37,74.3,74.76,1095681.0,182678337.0,99070448.0,0.011059614871227795
2023-10-11,74.76,76.1,73.46,75.76,1215644.0,200531709.0,99070448.0,0.012270500684522997
2023-10-12,76.1,87.33,75.77,84.62,3251204.0,582405414.0,99070448.0,0.03281709193441822
2023-10-13,83.21,83.66,81.73,83.21,1606384.0,293062261.0,99070448.0,0.016214562792731087
2023-10-16,83.61,83.61,79.87,80.41,1654238.0,295163538.0,99070448.0,0.01669759280789767
2023-10-17,80.53,83.03,78.53,81.9,1560176.0,278700562.0,99070448.0,0.015748147217422494
2023-10-18,81.0,85.05,79.69,80.24,2057090.0,374992849.0,99070448.0,0.020763911353262478
2023-10-19,79.64,83.07,79.19,80.29,1573138.0,281627964.0,99070448.0,0.015878983407847314
2023-10-20,79.53,80.18,77.2,77.69,1289948.0,223617190.0,99070448.0,0.01302051243373806
2023-10-23,77.31,78.73,74.66,77.36,1104483.0,187563596.0,99070448.0,0.0111484607397758
2023-10-24,78.35,85.47,76.69,82.36,2395586.0,432076059.0,99070448.0,0.024180631544131102
2023-10-25,82.6,82.78,80.04,81.45,1109985.0,199209967.0,99070448.0,0.011203996977988835
2023-10-26,80.82,82.35,79.93,82.35,947277.0,169667029.0,99070448.0,0.009561650513582012
2023-10-27,81.45,85.28,81.4,83.65,1707565.0,315461089.0,99070448.0,0.017235866340283432
2023-10-30,82.58,87.33,82.58,85.45,2157938.0,407625144.0,99070448.0,0.021781853656299203
2023-10-31,84.21,88.17,81.04,87.78,2794635.0,528574824.0,99070448.0,0.0282085632639917
2023-11-01,85.07,86.41,83.48,83.98,1400710.0,262571923.0,99070448.0,0.014138524941362939
2023-11-02,83.76,84.43,81.27,81.4,1065428.0,193153251.0,99070448.0,0.010754246311675103
2023-11-03,81.01,83.36,80.81,82.38,1158895.0,210241622.0,99070448.0,0.011697686074862606
2023-11-06,82.73,85.05,80.09,81.77,1626073.0,293291590.0,99070448.0,0.016413300159902375
2023-11-07,81.45,81.45,78.45,79.5,1983036.0,349045962.0,99070448.0,0.020016423060890975
2023-11-08,79.96,83.84,78.88,82.35,2181593.0,394138531.0,99070448.0,0.0220206231428367
2023-11-09,82.36,83.24,79.59,81.28,1320150.0,236652973.0,99070448.0,0.013325366208094668
2023-11-10,80.55,83.21,80.15,81.28,1170971.0,212051728.0,99070448.0,0.011819579134233853
2023-11-13,82.36,83.48,81.46,83.26,1214066.0,221716950.0,99070448.0,0.012254572624926456
2023-11-14,82.81,83.71,82.39,82.76,901047.0,164982808.0,99070448.0,0.009095012874071186
2023-11-15,83.57,83.57,79.2,80.65,1633915.0,291693835.0,99070448.0,0.016492455954171117
2023-11-16,79.88,80.44,77.26,78.01,1511104.0,261090195.0,99070448.0,0.015252822920514096
2023-11-17,77.51,79.13,77.49,78.32,751911.0,130030985.0,99070448.0,0.0075896598347874634
2023-11-20,78.74,80.0,77.49,77.64,1115747.0,194275273.0,99070448.0,0.011262157611319169
2023-11-21,77.83,78.68,76.79,78.14,963937.0,165991923.0,99070448.0,0.009729813677636746
2023-11-22,77.38,78.07,75.8,76.26,1039429.0,176238680.0,99070448.0,0.0104918168937724
2023-11-23,76.35,78.51,75.81,78.28,1240239.0,212207260.0,99070448.0,0.012518758368792276
2023-11-24,77.83,78.82,76.74,77.61,884482.0,151548991.0,99070448.0,0.008927808623617004
2023-11-27,77.59,79.48,76.74,79.35,1208140.0,210412514.0,99070448.0,0.012194756603906747
2023-11-28,79.18,79.87,76.64,77.78,1086601.0,187485666.0,99070448.0,0.010967962918669753
2023-11-29,77.6,80.99,77.4,79.51,1373897.0,241962883.0,99070448.0,0.013867879147977609
2023-11-30,79.08,79.88,77.83,78.73,939570.0,163583093.0,99070448.0,0.009483857386008793
2023-12-01,78.35,78.35,76.09,77.43,1009347.0,171587939.0,99070448.0,0.0101881743787007
2023-12-04,77.72,77.83,76.02,76.16,621264.0,105231747.0,99070448.0,0.006270931569825948
2023-12-05,76.02,76.42,74.79,75.48,782028.0,130542497.0,99070448.0,0.00789365563381726
2023-12-06,75.57,76.67,74.69,76.02,624500.0,104355715.0,99070448.0,0.006303595195208969
2023-12-07,76.46,76.46,74.38,74.72,700547.0,116555009.0,99070448.0,0.007071200485537322
2023-12-08,74.72,76.73,74.26,76.61,1147468.0,192033920.0,99070448.0,0.011582343909457237
2023-12-11,75.84,78.05,75.6,77.94,722522.0,122792707.0,99070448.0,0.007293012342086108
2023-12-12,77.94,78.96,76.97,78.45,550198.0,95126202.0,99070448.0,0.005553603633648653
2023-12-13,78.37,79.53,77.19,77.19,559622.0,96570144.0,99070448.0,0.005648727862823433
2023-12-14,77.83,78.96,76.47,77.69,507802.0,87177339.0,99070448.0,0.00512566572829064
2023-12-15,77.69,78.28,76.74,76.93,391593.0,67006938.0,99070448.0,0.003952672142958312
2023-12-18,76.47,76.52,74.07,74.48,698338.0,115512869.0,99070448.0,0.00704890322086764
2023-12-19,74.21,75.79,73.61,74.25,592788.0,97477275.0,99070448.0,0.005983499741517268
2023-12-20,74.28,74.57,72.68,73.38,673344.0,109279999.0,99070448.0,0.006796618099476042
2023-12-21,73.35,74.12,72.63,73.91,621069.0,100731958.0,99070448.0,0.0062689632734879725
2023-12-22,74.09,74.1,71.96,73.21,792104.0,127567229.0,99070448.0,0.00799536103844004
2023-12-25,73.95,73.95,69.88,70.68,1051841.0,165223512.0,99070448.0,0.010617101479141388
2023-12-26,70.99,71.02,68.4,68.77,807083.0,123348284.0,99070448.0,0.008146556478678688
2023-12-27,68.48,71.58,68.35,71.27,1268567.0,197795414.0,99070448.0,0.01280469631064957
2023-12-28,71.27,72.39,70.62,71.25,1111407.0,175360075.0,99070448.0,0.011218350400514995
2023-12-29,71.04,73.15,70.84,72.29,958207.0,153065108.0,99070448.0,0.009671976046782386
2024-01-02,72.78,72.78,70.81,70.81,553710.0,87557774.0,99070448.0,0.005589053155386963
2024-01-03,70.82,71.12,67.92,68.55,740055.0,112876006.0,99070448.0,0.007469987417438548
2024-01-04,68.78,68.95,67.16,67.68,636275.0,95356662.0,99070448.0,0.006422450012540571
2024-01-05,67.68,67.93,65.62,65.86,871998.0,128060928.0,99070448.0,0.008801797282677071
2024-01-08,65.71,66.09,64.07,64.78,636543.0,91180595.0,99070448.0,0.006425155158276866
2024-01-09,65.0,66.07,63.49,64.71,793257.0,113154559.0,99070448.0,0.008006999221402532
2024-01-10,64.26,65.47,63.2,63.59,799473.0,113127090.0,99070448.0,0.008069742452360768
2024-01-11,63.59,64.86,62.71,64.53,902209.0,127169338.0,99070448.0,0.009106741901480047
2024-01-12,64.26,65.16,62.85,62.9,863579.0,121367075.0,99070448.0,0.008716817350013397
2024-01-15,62.88,64.23,61.72,63.1,1024162.0,142894292.0,99070448.0,0.010337714431249973
2024-01-16,63.19,64.46,62.68,63.08,940142.0,131868408.0,99070448.0,0.009489631055266854
2024-01-17,62.97,62.97,60.59,60.59,929888.0,126709954.0,99070448.0,0.009386128949371462
2024-01-18,60.55,63.93,59.34,63.76,1593850.0,217715861.0,99070448.0,0.016088046760422442
2024-01-19,64.26,66.73,64.01,64.69,1626905.0,235350162.0,99070448.0,0.016421698224277737
2024-01-22,64.26,64.29,58.73,58.89,2166427.0,291572515.0,99070448.0,0.021867540156879074
2024-01-23,58.87,60.95,58.15,59.45,1155837.0,152478442.0,99070448.0,0.0116668191507522
2024-01-24,60.0,60.59,58.24,60.45,1251916.0,164648556.0,99070448.0,0.012636623991041204
2024-01-25,60.4,61.89,59.05,61.74,1196715.0,160439078.0,99070448.0,0.012079434626156127
2024-01-26,61.09,62.39,60.23,61.27,1220393.0,165468037.0,99070448.0,0.012318436270723234
2024-01-29,61.34,62.05,57.96,58.64,1525407.0,198973229.0,99070448.0,0.015397194933447763
2024-01-30,58.69,58.69,55.06,55.42,1445876.0,180238071.0,99070448.0,0.014594422748547579
2024-01-31,56.14,56.24,53.26,54.99,1787372.0,217239780.0,99070448.0,0.018041424421538905
2024-02-01,55.15,59.7,53.89,57.65,1944401.0,246944080.0,99070448.0,0.01962644804028745
2024-02-02,57.74,58.17,54.55,55.88,1397396.0,174003897.0,99070448.0,0.014105073997444727
2024-02-05,54.64,60.32,53.7,58.51,2093290.0,263335233.0,99070448.0,0.02112930790420974
2024-02-06,57.69,64.29,57.47,64.26,1994803.0,270254206.0,99070448.0,0.02013519712760358
2024-02-07,64.26,69.09,64.26,67.65,1827820.0,272129179.0,99070448.0,0.01844969955117191
2024-02-08,68.33,71.5,65.75,67.65,1673668.0,255498427.0,99070448.0,0.016893715873779032
2024-02-19,68.69,68.78,63.8,65.68,2049117.0,296824586.0,99070448.0,0.02068343326760771
2024-02-20,65.07,65.52,63.35,65.16,1361565.0,193227857.0,99070448.0,0.013743402068798559
2024-02-21,64.12,66.73,63.8,65.58,1253951.0,181620743.0,99070448.0,0.012657164929747769
2024-02-22,66.07,66.46,64.93,66.33,976382.0,141919923.0,99070448.0,0.009855431359309086
2024-02-23,66.56,68.09,65.79,66.74,1052637.0,155562275.0,99070448.0,0.010625136165731278
2024-02-26,66.42,67.56,65.61,66.52,1118335.0,164612538.0,99070448.0,0.011288280436563686
2024-02-27,66.02,67.77,65.52,67.76,1564829.0,230607929.0,99070448.0,0.015795113796194804
2024-02-28,68.01,68.06,63.7,63.7,1874967.0,274579311.0,99070448.0,0.018925593230384907
2024-02-29,63.35,70.89,63.26,68.32,2636415.0,395452109.0,99070448.0,0.02661151789684044
2024-03-01,68.73,70.11,67.79,69.18,1905851.0,290381410.0,99070448.0,0.01923733099501074
2024-03-04,69.16,71.32,68.57,70.62,1820192.0,283042926.0,99070448.0,0.018372703835961256
2024-03-05,69.94,70.64,67.35,68.12,1712666.0,259936171.0,99070448.0,0.017287354953719396
2024-03-06,67.64,68.32,65.92,66.74,1435249.0,211747150.0,99070448.0,0.014487155645041596
2024-03-07,67.38,68.77,65.72,65.75,1535696.0,227507840.0,99070448.0,0.015501050323301253
2024-03-08,65.84,67.41,65.84,66.61,1097536.0,161407097.0,99070448.0,0.011078338921006998
2024-03-11,66.06,66.92,65.66,66.92,1491911.0,218337008.0,99070448.0,0.01505909209172043
2024-03-12,66.94,68.55,66.09,67.72,1504456.0,224875404.0,99070448.0,0.01518571915613019
2024-03-13,67.87,68.89,67.56,67.58,1400969.0,210755665.0,99070448.0,0.014141139242652865
2024-03-14,67.19,67.33,65.68,66.19,1062622.0,155804037.0,99070448.0,0.010725923032063002
2024-03-15,66.01,66.07,64.07,65.1,1328504.0,190830717.0,99070448.0,0.013409690041979018
2024-03-18,65.61,65.61,63.35,64.7,2687129.0,380212128.0,99070448.0,0.02712341625829733
2024-03-19,64.53,65.43,64.07,64.6,1463160.0,209572344.0,99070448.0,0.014768884460883834
2024-03-20,64.6,64.83,63.4,64.03,1885107.0,267682299.0,99070448.0,0.01902794463995964
2024-03-21,64.43,65.78,63.17,63.53,1503602.0,213299377.0,99070448.0,0.015177099027552595
2024-03-22,63.53,65.01,63.16,63.76,1409734.0,199594223.0,99070448.0,0.014229611639588023
2024-03-25,63.2,65.11,61.01,62.55,2394440.0,334054230.0,99070448.0,0.02416906401796023
2024-03-26,62.65,64.05,61.4,61.64,1588847.0,219000345.0,99070448.0,0.01603754734206915
2024-03-27,61.38,61.65,58.64,58.64,1627043.0,213822815.0,99070448.0,0.016423091172455384
2024-03-28,58.96,60.85,58.73,60.28,1487315.0,197359729.0,99070448.0,0.01501270086110845
2024-03-29,60.27,61.85,59.5,61.83,1084941.0,145412498.0,99070448.0,0.010951207165228525
2024-04-01,62.21,63.77,61.39,63.59,1227005.0,171198338.0,99070448.0,0.012385176657321667
2024-04-02,63.55,64.43,62.91,64.12,1168171.0,164614219.0,99070448.0,0.011791316417585998
2024-04-03,64.02,65.39,63.33,64.45,1119774.0,159519139.0,99070448.0,0.011302805454155209
2024-04-08,64.03,64.03,61.83,62.1,793515.0,109730103.0,99070448.0,0.008009603428865085
2024-04-09,61.84,63.54,61.84,63.33,619376.0,86170167.0,99070448.0,0.0062518744237433956
2024-04-10,64.44,64.44,61.78,61.91,700727.0,96417604.0,99070448.0,0.007073017374464684
2024-04-11,61.43,62.44,59.68,59.86,1070543.0,143574326.0,99070448.0,0.010805876238694308
2024-04-12,60.32,60.5,59.21,59.4,592579.0,78173655.0,99070448.0,0.005981390131596054
2024-04-15,59.58,62.43,59.58,61.25,1241409.0,168114936.0,99070448.0,0.01253056814682013
2024-04-16,61.49,63.25,61.35,62.02,1726111.0,237765262.0,99070448.0,0.01742306646276597
2024-04-17,62.04,64.11,61.38,64.03,1391388.0,193675565.0,99070448.0,0.01404443028258033
2024-04-18,64.02,65.3,63.1,64.25,1295330.0,184576488.0,99070448.0,0.013074837412666187
2024-04-19,63.6,64.19,61.36,61.54,983246.0,135617224.0,99070448.0,0.009924715390405825
2024-04-22,61.54,62.18,60.33,60.96,815544.0,110330146.0,99070448.0,0.00823196035209208
2024-04-23,61.09,61.73,60.35,60.6,577307.0,77723820.0,99070448.0,0.005827237199936756
2024-04-24,60.66,61.89,60.45,61.77,613855.0,83133655.0,99070448.0,0.006196146402810251
2024-04-25,61.53,63.87,60.75,62.99,1275367.0,177115591.0,99070448.0,0.012873334336794358
2024-04-26,62.48,64.26,62.48,63.39,1081007.0,151264085.0,99070448.0,0.01091149804833829
2024-04-29,67.42,74.03,67.42,74.01,4740695.0,750236668.0,99070448.0,0.04785175696389301
2024-04-30,75.57,75.79,73.69,74.78,1963359.0,324207255.0,99070448.0,0.019817806819648176
2024-05-06,76.02,76.41,74.26,75.98,1741046.0,290939589.0,99070448.0,0.01757381777460015
2024-05-07,75.82,77.33,74.95,75.26,1182132.0,198430480.0,99070448.0,0.011932236341557677
2024-05-08,74.44,75.32,72.85,73.76,1288809.0,210157534.0,99070448.0,0.013009015564358808
2024-05-09,73.82,76.7,73.82,76.1,1414697.0,236812226.0,99070448.0,0.014279707304846345
2024-05-10,76.1,76.47,73.82,74.29,903521.0,148986528.0,99070448.0,0.00911998500299504
2024-05-13,73.28,74.62,73.12,73.22,831456.0,135532220.0,99070448.0,0.008392573333270887
2024-05-14,73.72,74.61,72.4,73.08,591193.0,95683665.0,99070448.0,0.005967400086855366
2024-05-15,73.02,73.51,71.66,71.86,489333.0,78290850.0,99070448.0,0.004939242830515917
2024-05-16,72.18,73.48,72.18,73.02,755614.0,121892624.0,99070448.0,0.007627037277554251
2024-05-17,72.49,73.4,70.57,72.39,1319742.0,208804235.0,99070448.0,0.01332124792652598
2024-05-20,72.35,74.3,71.52,74.07,1046313.0,169972114.0,99070448.0,0.010561302801416624
2024-05-21,74.07,74.65,72.71,73.31,820606.0,133210040.0,99070448.0,0.00828305530626045
2024-05-22,73.37,73.66,71.21,71.36,1154447.0,183157485.0,99070448.0,0.011652788730702015
2024-05-23,71.76,71.76,69.43,69.68,956542.0,148087192.0,99070448.0,0.009655169824204288
2024-05-24,69.55,70.1,68.47,69.51,911909.0,139670994.0,99070448.0,0.009204652027010114
2024-05-27,70.05,73.43,67.65,73.31,2012572.0,314659916.0,99070448.0,0.020314554346216342
2024-05-28,72.64,76.02,72.13,73.33,1517666.0,249335959.0,99070448.0,0.015319058615743819
2024-05-29,72.85,73.8,70.73,71.41,946542.0,150776805.0,99070448.0,0.00955423155046195
2024-05-30,70.59,73.47,70.59,72.18,827439.0,132551241.0,99070448.0,0.00835202642870859
2024-05-31,72.04,72.84,70.65,71.05,867864.0,136818502.0,99070448.0,0.008760069400311989
2024-06-03,71.59,75.06,71.05,74.19,1721242.0,280857949.0,99070448.0,0.017373919617280825
2024-06-04,73.58,74.9,73.08,74.66,1147400.0,187902535.0,99070448.0,0.01158165752919579
2024-06-05,74.66,76.64,73.84,74.96,1497075.0,250540779.0,99070448.0,0.015111216616280973
2024-06-06,76.62,77.7,74.4,75.06,1791735.0,301207757.0,99070448.0,0.018085463790372684
2024-06-07,74.03,76.97,72.68,73.89,1498599.0,246886485.0,99070448.0,0.015126599609199305
2024-06-11,73.7,77.78,72.99,77.55,2552445.0,328404101.0,128754740.0,0.01982408569967987
2024-06-12,77.53,78.74,76.61,76.85,1763223.0,231816960.0,128754740.0,0.013694431754512494
2024-06-13,77.2,79.56,76.85,78.32,2193710.0,291567670.0,128754740.0,0.017037897012568238
2024-06-14,77.95,78.18,76.24,77.82,1578211.0,207110284.0,128754740.0,0.012257498248219832
2024-06-17,77.16,79.56,76.64,79.38,1562688.0,209022119.0,128754740.0,0.01213693569650329
2024-06-18,79.04,81.15,77.34,78.98,1881438.0,253596353.0,128754740.0,0.014612572709944503
2024-06-19,79.56,79.96,75.65,77.14,1892997.0,247776385.0,128754740.0,0.014702348045594282
2024-06-20,77.12,79.67,76.71,77.87,1626100.0,216455289.0,128754740.0,0.01262943795311924
2024-06-21,77.0,78.09,76.07,77.81,1002364.0,131466411.0,128754740.0,0.007785064844991338
2024-06-24,77.2,78.85,75.42,75.5,1263726.0,165208045.0,128754740.0,0.009814986228856506
2024-06-25,75.4,75.62,72.22,72.91,1590017.0,197781876.0,128754740.0,0.012349191959845518
2024-06-26,74.26,75.38,72.35,74.78,1228022.0,153572859.0,128754740.0,0.009537683816533667
2024-06-27,74.06,75.67,74.06,74.44,1073323.0,136286884.0,128754740.0,0.00833618241938122
2024-06-28,73.96,75.88,73.28,74.14,1081270.0,137024422.0,128754740.0,0.00839790441889751
2024-07-01,74.39,74.69,71.57,72.78,1250815.0,154268766.0,128754740.0,0.00971471030891756
2024-07-02,72.88,73.6,71.78,72.05,886945.0,109085408.0,128754740.0,0.006888639594938408
2024-07-03,72.06,74.42,71.45,73.2,1022484.0,126841743.0,128754740.0,0.007941330936631925
2024-07-04,72.85,73.66,71.75,71.9,892182.0,109663786.0,128754740.0,0.006929313825650225
2024-07-05,71.61,72.69,69.48,72.15,1530997.0,183839194.0,128754740.0,0.011890801068760653
2024-07-08,72.15,73.48,71.56,71.78,1081067.0,133065222.0,128754740.0,0.008396327777913264
2024-07-09,70.84,73.76,70.81,73.28,1533578.0,189085573.0,128754740.0,0.011910846932703216
2024-07-10,73.43,73.49,64.83,66.6,3997839.0,462706072.0,128754740.0,0.031050033575462932
2024-07-11,67.2,69.65,66.3,66.47,3152918.0,361385341.0,128754740.0,0.024487781964376613
2024-07-12,66.01,69.77,65.12,68.63,1901582.0,219262803.0,128754740.0,0.014769025202489633
2024-07-15,69.25,71.9,69.25,70.43,1687893.0,202658052.0,128754740.0,0.013109365915382998
2024-07-16,70.08,71.86,69.61,71.59,1234069.0,148466217.0,128754740.0,0.009584649077773759
2024-07-17,70.88,72.61,69.96,71.85,1400463.0,170157528.0,128754740.0,0.010876982082368385
2024-07-18,71.16,73.6,70.59,72.79,2004768.0,245334005.0,128754740.0,0.015570440358156912
2024-07-19,72.39,74.14,71.13,72.43,1972539.0,243470616.0,128754740.0,0.015320127243470804
2024-07-22,72.9,73.2,70.74,70.82,1556679.0,189507424.0,128754740.0,0.012090265570028723
2024-07-23,70.85,70.89,65.12,65.12,2770787.0,315075140.0,128754740.0,0.02151988346215448
2024-07-24,64.83,65.71,63.66,63.92,1223773.0,133885281.0,129213274.0,0.00947095419933404
2024-07-25,63.42,64.14,62.35,62.6,1226805.0,131201475.0,129213274.0,0.009494419280793087
2024-07-26,62.98,64.65,61.99,63.94,1041159.0,112116836.0,129213274.0,0.008057678346576065
2024-07-29,63.96,64.5,62.53,62.77,1038014.0,111416939.0,129213274.0,0.008033338741962378
2024-07-30,62.81,64.63,61.35,63.18,1544383.0,165254865.0,129213274.0,0.011952200824197056
2024-07-31,62.77,67.77,62.77,67.75,1880013.0,210221099.0,129213274.0,0.0145496893763407
2024-08-01,68.22,68.86,66.84,67.83,1472242.0,169709006.0,129213274.0,0.011393891311816772
2024-08-02,66.92,68.1,64.67,65.0,1247417.0,140026738.0,129213274.0,0.009653938495514014
2024-08-05,64.36,65.71,61.87,62.15,1601912.0,171907281.0,129213274.0,0.012397425979624973
2024-08-06,63.06,63.97,62.01,63.65,1401879.0,150016691.0,129213274.0,0.010849341995621905
2024-08-07,63.36,63.92,62.69,62.72,983289.0,105429451.0,129213274.0,0.007609814143398301
2024-08-08,62.28,64.82,61.89,63.64,1778795.0,190949393.0,129213274.0,0.013766348804071012
2024-08-09,66.01,66.18,62.63,62.69,1381313.0,149495507.0,129213274.0,0.010690178781477204
2024-08-12,62.69,63.34,61.59,63.18,1136757.0,121216734.0,129213274.0,0.008797524935402534
2024-08-13,63.06,64.32,62.31,63.53,867739.0,93126390.0,129213274.0,0.006715556174205446
2024-08-14,63.98,63.98,60.12,60.17,1907447.0,198163238.0,129213274.0,0.01476200502434448
2024-08-15,60.33,61.67,59.75,60.91,1272243.0,131274848.0,129213274.0,0.009846070458674392
2024-08-16,60.76,61.55,60.3,60.35,750669.0,77369568.0,129213274.0,0.005809534707711222
2024-08-19,60.17,61.34,59.32,60.02,772211.0,79170592.0,129213274.0,0.005976251325386275
2024-08-20,60.14,60.6,58.74,59.25,1042221.0,104585362.0,129213274.0,0.0080658973164011
2024-08-21,59.22,59.65,58.65,58.87,697852.0,69884999.0,129213274.0,0.005400776393917547
2024-08-22,58.73,59.2,57.99,58.26,935157.0,92763101.0,129213274.0,0.0072373137143789115
2024-08-23,58.52,58.52,56.74,57.84,942410.0,91973221.0,129213274.0,0.007293445718278139
2024-08-26,58.93,62.0,58.93,60.29,1941646.0,199098647.0,129213274.0,0.015026675974482312
2024-08-27,59.91,63.27,59.87,62.64,2170912.0,229270435.0,129213274.0,0.016800998324676766
2024-08-28,62.99,63.71,62.22,63.48,1231630.0,131922159.0,129213274.0,0.00953176064558197
2024-08-29,63.35,65.48,62.47,64.88,1347266.0,147646770.0,129213274.0,0.010426684181069509
2024-08-30,64.27,67.48,64.26,66.33,1966867.0,221072910.0,129213274.0,0.015221864899112455
2024-09-02,65.81,66.78,64.36,64.41,1379638.0,153126457.0,129213274.0,0.010677215717016814
2024-09-03,64.24,65.59,63.65,64.53,1040794.0,114576039.0,129213274.0,0.008054853559395144
2024-09-04,64.22,65.4,63.94,64.56,639959.0,70227794.0,129213274.0,0.004952734190451671
2024-09-05,64.96,65.24,63.72,63.87,588666.0,64250059.0,129213274.0,0.0045557703305312116
2024-09-06,64.18,64.18,62.21,62.47,558445.0,59646412.0,129213274.0,0.004321885691093935
2024-09-09,61.88,64.83,61.06,61.88,928855.0,97510941.0,129213274.0,0.007188541635436
2024-09-10,61.65,63.18,61.22,62.68,782246.0,82452986.0,129213274.0,0.006053913625004193
2024-09-11,61.93,63.56,61.88,62.75,591583.0,63128775.0,129213274.0,0.004578345410549693
2024-09-12,63.4,63.64,62.48,62.63,666919.0,71255855.0,129213274.0,0.005161381484691735
2024-09-13,63.37,63.37,61.04,61.17,779000.0,81929562.0,129213274.0,0.006028792366951401
2024-09-18,61.23,62.98,61.23,62.69,749064.0,79137307.0,129213274.0,0.005797113383258131
2024-09-19,62.78,65.12,62.09,62.98,1107522.0,119657613.0,129213274.0,0.008571271090925224
2024-09-20,62.98,63.22,61.59,62.66,787374.0,83393918.0,129213274.0,0.006093599950110389
2024-09-23,62.45,63.5,60.88,61.91,777063.0,81659427.0,129213274.0,0.006013801647035118
2024-09-24,62.35,64.83,61.16,64.54,1294504.0,139387890.0,129213274.0,0.010018351520138713
2024-09-25,65.12,66.4,62.81,62.95,1704010.0,186332783.0,129213274.0,0.013187576997700717
2024-09-26,63.06,66.0,61.7,66.0,2254657.0,243924962.0,129213274.0,0.017449112851981446
2024-09-27,67.48,70.72,66.6,70.7,1281982.0,148946846.0,129213274.0,0.009921441971975727
2024-09-30,74.67,83.57,72.49,82.51,4404994.0,586530169.0,129213274.0,0.034090878310226856
2024-10-08,99.02,99.02,87.22,98.09,9661368.0,1561566399.0,129213274.0,0.07477070815495318
2024-10-09,93.12,101.04,84.27,87.52,10451233.0,1624553754.0,129213274.0,0.08088358631018049
2024-10-10,87.81,91.17,82.45,82.45,5277782.0,768454960.0,129213274.0,0.04084550941724455
2024-10-11,81.68,82.27,75.95,78.91,3869195.0,516679441.0,129213274.0,0.029944253250637393
2024-10-14,78.38,81.26,74.45,79.37,4712979.0,622082495.0,129213274.0,0.03647441825520186
2024-10-15,78.43,81.21,76.96,76.97,3547473.0,473335459.0,129213274.0,0.02745440069880127
2024-10-16,75.44,78.48,74.71,76.68,2226701.0,290719646.0,129213274.0,0.0172327573713518
2024-10-17,77.73,78.84,75.75,75.76,2247753.0,295665225.0,129213274.0,0.017395681808975758
2024-10-18,75.94,87.74,75.2,84.28,5087766.0,705616740.0,129213274.0,0.039374948428286094
2024-10-21,85.75,89.92,83.41,84.28,5394327.0,786161722.0,129213274.0,0.04174746783368402
2024-10-22,83.43,84.09,80.77,82.58,3546435.0,494224584.0,129213274.0,0.02744636746840731
2024-10-23,82.41,83.98,81.39,81.91,2196753.0,307479212.0,129213274.0,0.017000985517942994
2024-10-24,81.36,83.4,81.32,82.33,1746869.0,244018389.0,129213274.0,0.013519268925884504
2024-10-25,82.5,85.38,81.33,83.27,2651120.0,373920762.0,129213274.0,0.020517396687897562
2024-10-28,83.4,83.82,81.92,82.41,1900170.0,266635462.0,129213274.0,0.014705687281014177
2024-10-29,82.43,85.97,82.41,83.08,2898807.0,411732019.0,129213274.0,0.022434281790584456
2024-10-30,87.52,91.23,85.46,88.87,7314258.0,1101019736.0,129213274.0,0.056606088318758956
2024-10-31,88.92,92.1,85.52,90.82,5043855.0,768121521.0,129213274.0,0.03903511492170688
2024-11-01,90.17,90.99,86.99,87.25,3358149.0,504010645.0,129213274.0,0.025989195196772123
2024-11-04,87.07,94.15,86.93,92.47,3197879.0,496139400.0,129213274.0,0.024748842754344264
2024-11-05,91.94,96.92,91.37,96.05,3672472.0,590060154.0,129213274.0,0.028421785829836645
2024-11-06,97.24,97.77,93.92,94.48,2964213.0,481976159.0,129213274.0,0.022940468175119532
2024-11-07,94.88,95.85,91.97,93.59,2855960.0,451672505.0,129213274.0,0.022102682732116206
2024-11-08,95.36,100.18,93.84,95.86,4614375.0,759455117.0,129213274.0,0.03571130780263334
2024-11-11,95.87,102.95,95.87,99.59,4709107.0,795475714.0,129213274.0,0.03644445229365521
2024-11-12,99.85,102.52,96.58,99.36,4412045.0,746623663.0,129213274.0,0.03414544700724788
2024-11-13,97.31,98.21,92.15,94.12,5492376.0,880862893.0,129213274.0,0.04250628306190895
2024-11-14,94.09,95.03,90.23,90.57,3307553.0,518825653.0,129213274.0,0.025597625519495775
2024-11-15,90.86,92.2,88.99,89.28,2932987.0,448545886.0,129213274.0,0.02269880569700602
2024-11-18,88.99,91.16,87.39,89.46,2576396.0,390538250.0,129213274.0,0.01993909696924791
2024-11-19,89.54,95.17,89.51,94.37,4066976.0,639418080.0,129213274.0,0.03147490868469133
2024-11-20,93.12,94.49,92.34,93.31,2169165.0,343198846.0,129213274.0,0.016787478041923154
2024-11-21,93.53,94.06,91.35,92.43,1626613.0,256020357.0,129213274.0,0.012588590549915174
2024-11-22,92.53,93.49,87.98,87.98,2035427.0,312917009.0,129213274.0,0.01575246054054787
2024-11-25,88.26,90.14,86.17,88.64,1776595.0,265743066.0,129213274.0,0.013749322689555874
2024-11-26,87.93,89.92,87.4,87.72,1258000.0,188864691.0,129213274.0,0.009735841845474793
2024-11-27,87.23,90.46,85.34,90.46,2217832.0,332031148.0,129213274.0,0.017164118912426907
2024-11-28,90.38,92.24,88.99,89.52,1798241.0,275644972.0,129213274.0,0.013916844178098915
2024-11-29,89.27,92.66,88.58,91.22,2167515.0,333929906.0,129213274.0,0.0167747084560368
2024-12-02,91.23,93.71,88.69,91.44,3078662.0,477439351.0,129213274.0,0.023826205347911855
2024-12-03,92.53,93.64,90.17,91.05,1874132.0,291714235.0,129213274.0,0.014504175476584549
2024-12-04,92.86,93.23,89.58,90.21,1951605.0,302204663.0,129213274.0,0.015103750099235161
2024-12-05,89.2,90.35,87.59,88.02,2479151.0,372412975.0,129213274.0,0.01918650401196397
2024-12-06,88.34,91.11,87.64,87.82,2039125.0,308014078.0,129213274.0,0.015781079891219227
2024-12-09,87.81,88.83,85.81,86.52,1994304.0,294281081.0,129213274.0,0.015434203764545119
2024-12-10,91.09,91.94,86.8,87.13,2357885.0,355340986.0,129213274.0,0.018248009101603603
2024-12-11,87.18,88.11,86.56,86.63,1873186.0,277520840.0,129213274.0,0.01449685424734304
2024-12-12,86.81,89.46,85.46,87.82,2443565.0,362299607.0,129213274.0,0.018911098870538642
2024-12-13,87.22,88.51,86.06,86.69,2745593.0,405682164.0,129213274.0,0.021248536740892426
2024-12-16,86.52,87.05,82.74,83.39,3123198.0,446182606.0,129213274.0,0.024170875818841957
2024-12-17,83.36,84.18,82.54,83.04,1840726.0,260937781.0,129213274.0,0.014245641666815129
2024-12-18,83.2,84.57,82.68,83.77,1341108.0,190153033.0,129213274.0,0.010379026538713042
2024-12-19,83.1,84.57,82.54,83.44,1733347.0,245679143.0,129213274.0,0.013414620234760092
2024-12-20,83.44,88.7,83.17,87.24,3413798.0,500758539.0,129213274.0,0.026419870763432555
2024-12-23,87.22,87.68,84.84,85.05,2099152.0,306644425.0,129213274.0,0.016245637425764785
2024-12-24,85.22,87.4,84.26,87.09,1941450.0,283354270.0,129213274.0,0.015025159102461872
2024-12-25,86.74,89.32,86.74,88.28,2237293.0,334231128.0,129213274.0,0.017314730373599232
2024-12-26,87.91,88.26,85.78,87.65,1979478.0,292709575.0,129213274.0,0.015319463230999007
2024-12-27,87.41,89.27,84.18,84.31,3672231.0,537565991.0,129213274.0,0.028419920696382942
2024-12-30,84.32,86.46,83.75,85.28,2456409.0,355761026.0,129213274.0,0.019010500422735208
2024-12-31,85.28,85.93,82.13,82.13,2079772.0,295077966.0,129213274.0,0.016095652835172336
2025-01-02,81.98,82.51,77.68,78.79,2474895.0,335799317.0,129213274.0,0.01915356621952014
2025-01-03,79.27,80.49,77.8,78.07,2029371.0,272295122.0,129213274.0,0.01570559229077347
2025-01-06,77.79,80.09,77.42,78.34,1916439.0,256802878.0,129213274.0,0.01483159539785363
2025-01-07,78.34,80.49,76.99,79.3,2381178.0,317434961.0,129213274.0,0.018428276958604113
2025-01-08,79.03,79.91,76.32,78.1,2723582.0,361011609.0,129213274.0,0.021078190465168463
2025-01-09,77.79,79.27,77.38,78.11,1815663.0,241862240.0,129213274.0,0.014051675526772892
2025-01-10,77.79,81.64,77.79,79.18,3548128.0,480809251.0,129213274.0,0.027459469837441006
2025-01-13,78.38,82.64,77.45,80.32,2452973.0,336088511.0,129213274.0,0.018983908727519743
2025-01-14,80.99,86.2,80.74,85.79,3280815.0,467806865.0,129213274.0,0.025390696314993147
2025-01-15,85.45,86.03,84.87,85.4,1549025.0,224330371.0,129213274.0,0.011988125925823998
2025-01-16,85.4,86.95,84.43,84.84,2313812.0,335204796.0,129213274.0,0.01790692185386464
2025-01-17,84.76,87.97,84.5,87.95,3941616.0,580975284.0,129213274.0,0.030504729723046874
2025-01-20,87.81,88.39,85.45,86.0,2699413.0,397850873.0,129213274.0,0.020891143118933742
2025-01-21,86.57,89.45,86.27,89.45,2047241.0,306268620.0,129213274.0,0.015843890775494165
2025-01-22,89.17,90.58,87.81,88.34,2846684.0,428530358.0,129213274.0,0.022030894442006014
2025-01-23,88.99,89.56,86.75,87.42,3356371.0,500206321.0,129213274.0,0.025975435000586706
2025-01-24,87.22,88.33,86.43,87.0,2482526.0,368341001.0,129213274.0,0.019212623619458788
2025-01-27,87.22,87.69,85.77,85.93,1226081.0,180350448.0,129213274.0,0.009488816141289014
2025-02-05,87.15,87.63,84.34,85.16,2036821.0,296147856.0,129213274.0,0.015763248905836098
2025-02-06,85.31,89.89,84.81,89.58,2590031.0,387295981.0,129213274.0,0.020044620183526964
2025-02-07,89.51,92.53,88.43,91.11,2820016.0,434499989.0,129213274.0,0.021824506977510684
2025-02-10,91.11,91.67,88.46,90.76,1893192.0,290141523.0,129213274.0,0.014651683541429343
2025-02-11,90.76,90.76,88.46,88.68,1464331.0,221004434.0,129213274.0,0.011332666951848926
2025-02-12,88.47,88.93,86.52,88.52,2643503.0,393300841.0,129213274.0,0.020458447635960372
2025-02-13,88.52,90.36,87.81,89.23,2793697.0,424164360.0,129213274.0,0.021620820473908897
2025-02-14,88.22,90.17,86.04,86.63,2538624.0,374897995.0,129213274.0,0.0196467740613089
2025-02-17,86.63,87.89,85.21,87.55,2480751.0,365383551.0,129213274.0,0.019198886640702253
2025-02-18,87.57,92.09,86.66,89.07,2911098.0,444693293.0,129213274.0,0.02252940359672335
2025-02-19,88.57,93.1,88.57,92.57,2752690.0,427801279.0,129213274.0,0.02130346143848967
2025-02-20,92.53,95.46,91.71,94.18,2752506.0,437475809.0,129213274.0,0.021302037436184768
2025-02-21,93.12,96.95,92.53,96.06,2590656.0,418991444.0,129213274.0,0.020049457147877855
2025-02-24,97.61,99.01,95.18,97.05,2537293.0,417605945.0,129213274.0,0.01963647326202724
2025-02-25,95.71,101.88,95.16,97.94,2920756.0,488110231.0,129213274.0,0.022604148239444812
2025-02-26,97.81,98.83,95.6,96.42,2592879.0,425822744.0,129213274.0,0.02006666126268111
2025-02-27,96.13,96.56,92.65,94.21,2288420.0,366814756.0,129213274.0,0.017710409535788094
2025-02-28,97.24,99.6,93.38,93.71,3325417.0,543755794.0,129213274.0,0.025735877569358703
2025-03-03,94.18,97.17,92.01,94.88,2647528.0,427572769.0,129213274.0,0.020489597686380118
2025-03-04,94.35,97.05,93.71,94.71,2134966.0,345885779.0,129213274.0,0.016522807091785323
2025-03-05,94.88,95.65,93.29,94.18,1307315.0,208858227.0,129213274.0,0.01011749768061755
2025-03-06,95.34,97.64,94.0,96.36,2536143.0,415011683.0,129213274.0,0.019627573247621603
2025-03-07,95.54,96.13,93.71,94.69,1454795.0,234113277.0,129213274.0,0.011258866484568761
2025-03-10,94.71,95.95,92.94,93.91,1597356.0,255450970.0,129213274.0,0.012362166444292713
2025-03-11,93.7,94.58,91.8,92.39,1312387.0,206730935.0,129213274.0,0.010156750613717907
2025-03-12,93.06,93.71,92.17,92.7,1605889.0,252863350.0,129213274.0,0.012428204551182567
2025-03-13,92.72,92.88,90.3,91.25,1404865.0,218165765.0,129213274.0,0.010872451076504724
2025-03-14,90.91,92.68,90.0,91.17,1953257.0,302354982.0,129213274.0,0.015116535163407437
2025-03-17,91.76,91.94,90.17,90.42,1239717.0,191224080.0,129213274.0,0.009594347094711029
2025-03-18,91.01,92.27,90.01,91.05,1366513.0,211180364.0,129213274.0,0.010575639465648087
2025-03-19,90.7,91.51,89.81,90.15,1008299.0,154704168.0,129213274.0,0.0078033701088635835
2025-03-20,90.17,90.39,89.23,89.62,983208.0,149642380.0,129213274.0,0.007609187272818426
2025-03-21,89.04,91.05,89.04,90.64,2098524.0,320351376.0,129213274.0,0.01624077724398501
2025-03-24,89.95,97.23,89.93,97.2,4664108.0,752289113.0,129213274.0,0.036096198599533974
2025-03-25,96.59,98.77,95.09,95.47,2044387.0,334378317.0,129213274.0,0.01582180326148225
2025-03-26,95.04,99.82,94.96,97.54,2064722.0,343493288.0,129213274.0,0.015979178733602866
2025-03-27,97.24,102.87,97.12,100.21,3197626.0,544381361.0,129213274.0,0.02474688475117502
2025-03-28,100.21,102.09,96.65,97.04,2106219.0,352325005.0,129213274.0,0.01630032994907319
2025-03-31,96.29,100.93,95.47,99.0,2456280.0,411327267.0,129213274.0,0.01900950207329318
2025-04-01,99.31,100.07,97.55,98.84,2017059.0,339074078.0,129213274.0,0.015610307962632384
2025-04-02,99.13,99.48,95.08,97.26,3983716.0,652370678.0,129213274.0,0.03083054764172294
2025-04-03,96.07,96.58,93.36,95.18,3309240.0,533390212.0,129213274.0,0.025610681453671704
2025-04-07,86.11,95.47,86.11,89.58,5071017.0,790579680.0,129213274.0,0.039245325522825156
2025-04-08,90.75,93.12,87.34,88.4,3345848.0,507449760.0,129213274.0,0.02589399599920361
2025-04-09,87.81,95.52,86.65,90.16,4197082.0,651199560.0,129213274.0,0.03248181761883071
2025-04-10,91.53,94.3,90.21,93.06,3200209.0,503682832.0,129213274.0,0.02476687495744439
2025-04-11,92.01,103.61,91.82,101.51,5779332.0,971045753.0,129213274.0,0.04472707656954811
2025-04-14,101.51,103.08,99.73,101.07,3835410.0,661277866.0,129213274.0,0.02968278630568559
2025-04-15,101.04,101.28,98.77,99.86,2567581.0,433807443.0,129213274.0,0.019870876424042935
2025-04-16,100.19,101.95,97.17,98.98,3438996.0,578916860.0,129213274.0,0.026614881687774587
2025-04-17,98.94,104.59,98.42,102.52,3973134.0,689217829.0,129213274.0,0.030748652030905124
2025-04-18,101.66,104.13,101.2,101.9,2055533.0,357595609.0,129213274.0,0.015908063748930314
2025-04-21,101.9,104.01,100.25,102.41,1940048.0,335352332.0,129213274.0,0.015014308824029952
2025-04-22,102.48,103.84,100.88,101.95,2343760.0,407485351.0,129213274.0,0.01813869370727345
2025-04-23,102.49,102.54,98.32,100.95,2739272.0,465725241.0,129213274.0,0.021199617618233246
2025-04-24,100.95,102.25,99.21,100.37,1370390.0,233408009.0,129213274.0,0.01060564412290954
2025-04-25,100.66,100.97,98.01,98.13,2374333.0,397926945.0,129213274.0,0.01837530252503315
2025-04-28,99.06,99.53,97.25,98.95,1289964.0,215509843.0,129213274.0,0.009983215811093835
2025-04-29,101.37,106.67,101.07,106.55,5557542.0,988374322.0,129213274.0,0.04301061205213328
2025-04-30,106.85,108.95,105.13,108.85,3133531.0,571184186.0,129213274.0,0.024250844383062378
2025-05-06,109.38,113.47,108.13,110.97,3911452.0,735423459.0,129213274.0,0.0302712862147584
2025-05-07,110.8,112.56,108.41,108.88,2479692.0,461326533.0,129213274.0,0.019190690888306106
2025-05-08,108.9,112.02,107.43,110.28,2384702.0,445794825.0,129213274.0,0.018455549698400183
2025-05-09,109.33,110.57,106.9,108.42,2269894.0,416423091.0,129213274.0,0.017567034173284705
2025-05-12,108.44,109.14,106.31,107.83,2018056.0,367917327.0,129213274.0,0.015618023888164927
2025-05-13,108.73,109.03,105.08,106.2,2281867.0,412899185.0,129213274.0,0.017659694931961865
2025-05-14,106.38,108.04,105.56,106.7,1893736.0,342936053.0,129213274.0,0.014655893635200359
2025-05-15,106.94,108.82,104.67,105.2,1885423.0,338481721.0,129213274.0,0.014591558139762019
2025-05-16,105.21,108.29,104.69,105.67,2339026.0,421748556.0,129213274.0,0.018102056604494054
2025-05-19,105.67,106.81,102.55,105.12,2144926.0,381300706.0,129213274.0,0.01659988895568113
2025-05-20,105.12,106.24,103.84,104.0,1461592.0,259717469.0,129213274.0,0.011311469439277577
2025-05-21,104.07,104.31,102.71,104.0,1570560.0,275870140.0,129213274.0,0.012154788369498322
2025-05-22,103.49,104.46,101.98,102.13,1530957.0,268288544.0,129213274.0,0.011848295090796941
2025-05-23,102.52,103.85,101.25,102.55,1666362.0,289981747.0,129213274.0,0.012896213743488923
2025-05-26,102.51,103.84,101.37,101.87,1468406.0,254678115.0,129213274.0,0.011364203959416739
2025-05-27,101.86,103.02,99.6,101.36,2197055.0,376949710.0,129213274.0,0.017003322739117345
2025-05-28,101.8,102.78,100.12,101.18,1207088.0,207284608.0,129213274.0,0.009341826599022636
2025-05-29,101.18,103.11,99.89,102.4,2190859.0,379128046.0,129213274.0,0.016955371009328344
2025-05-30,101.96,102.83,100.19,100.45,1571190.0,270355110.0,129213274.0,0.012159664029564022
2025-06-03,100.19,105.67,100.08,105.1,3100348.0,549055217.0,129213274.0,0.023994036402173357
2025-06-04,104.56,105.1,102.95,103.05,1962256.0,346248690.0,129213274.0,0.015186179710917316
2025-06-05,103.25,106.59,103.08,106.09,2038185.0,363531824.0,129213274.0,0.015773805096835486
2025-06-06,106.1,107.81,104.44,106.97,1998967.0,359167382.0,129213274.0,0.015470291388174252
2025-06-09,106.44,108.36,106.08,106.68,1691046.0,306695187.0,129213274.0,0.01308724674834878
2025-06-10,107.04,107.51,102.25,104.67,2734353.0,484880480.0,129213274.0,0.02116154877400599
2025-06-11,104.69,109.39,103.54,109.26,2617783.0,479222096.0,129213274.0,0.02025939687899248
2025-06-12,108.72,109.56,106.79,107.75,2087858.0,382464583.0,129213274.0,0.016158231545158434
2025-06-13,106.49,109.91,106.18,108.4,3321359.0,613275190.0,129213274.0,0.025704472127221233
2025-06-16,107.84,109.26,102.2,105.18,5035933.0,684197682.0,167940413.99999997,0.029986427209831704
2025-06-17,104.56,105.64,102.19,102.75,2326213.0,313051518.0,167940413.99999997,0.01385141875379681
2025-06-18,102.51,105.56,102.4,104.09,2057624.0,279327235.0,167940413.99999997,0.012252107464734489
2025-06-19,103.74,105.96,103.28,105.96,2237025.0,305899583.0,167940413.99999997,0.013320349442511202
2025-06-20,105.45,107.25,104.89,106.23,1473188.0,203067900.0,167940413.99999997,0.008772087461925634
2025-06-23,105.74,111.68,105.66,106.54,3848130.0,544733052.0,167940413.99999997,0.02291366269943815
2025-06-24,106.76,110.86,105.49,110.19,2706899.0,383156087.0,167940413.99999997,0.01611821083161079
2025-06-25,110.11,110.56,107.96,110.48,2381587.0,339691975.0,167940413.99999997,0.01418114284272278
2025-06-26,109.81,111.63,108.73,109.31,2061725.0,294397581.0,167940413.99999997,0.012276526840049354
2025-06-27,110.26,111.59,108.94,110.86,1853505.0,266846630.0,167940413.99999997,0.011036682331865636
2025-06-30,111.19,116.82,111.19,116.56,4064144.0,609949000.0,167940413.99999997,0.02419991652515517
2025-07-01,118.38,123.62,117.79,122.4,5732535.0,902363029.0,167940413.99999997,0.03413433886140117
2025-07-02,120.84,121.32,116.54,118.23,4269800.0,657108555.0,167940413.99999997,0.025424493713585825
2025-07-03,118.23,119.06,116.88,117.99,2711279.0,416677438.0,167940413.99999997,0.01614429151044013
2025-07-04,118.0,123.62,116.02,119.71,3152981.0,490184552.0,167940413.99999997,0.018774402926028277
2025-07-07,119.25,120.39,116.41,116.92,2737849.0,418732943.0,167940413.99999997,0.016302502386352342
2025-07-08,117.1,121.35,117.1,118.16,2785456.0,431729403.0,167940413.99999997,0.016585977929052864
2025-07-09,117.76,117.76,113.27,113.57,4685787.0,697181803.0,167940413.99999997,0.027901485344677075
2025-07-10,113.6,114.09,112.57,113.7,2007167.0,296216585.0,167940413.99999997,0.011951661617316249
2025-07-11,113.7,115.83,113.13,113.77,2156007.0,320171882.0,167940413.99999997,0.012837928338083057
2025-07-14,113.77,115.64,112.76,114.96,2194022.0,326642538.0,167940413.99999997,0.013064288385045903
2025-07-15,114.49,116.49,112.23,112.6,3110295.0,461398266.0,167940413.99999997,0.018520229442807023
2025-07-16,112.55,114.26,112.32,113.11,1692719.0,249496380.0,167940413.99999997,0.010079283239113607
2025-07-17,112.88,113.26,109.8,112.64,3072972.0,445431638.0,167940413.99999997,0.018297989904919494
2025-07-18,112.67,114.63,112.33,113.57,1756316.0,259107939.0,167940413.99999997,0.01045797112301986
2025-07-21,113.57,114.32,112.17,113.29,1497027.0,220810207.0,167940413.99999997,0.008914036617773255
2025-07-22,113.29,116.35,112.48,115.19,3058213.0,455745742.0,167940413.99999997,0.01821010754445324
2025-07-23,115.24,119.17,114.16,118.33,3585788.0,548104856.0,167940413.99999997,0.021351549127418493
2025-07-24,118.07,121.06,117.25,119.19,2831765.0,440915856.0,167940413.99999997,0.016861724539990717
2025-07-25,118.98,121.59,117.99,121.0,2012557.0,313978453.0,167940413.99999997,0.01198375633395783
2025-07-28,121.01,121.68,117.31,117.69,2881420.0,446672823.0,167940413.99999997,0.01715739488411646
2025-07-29,117.42,119.63,116.93,118.97,1872048.0,289129869.0,167940413.99999997,0.011147096493402715
2025-07-30,118.52,120.06,116.23,116.71,2676261.0,411030466.0,167940413.99999997,0.015935777078648863
2025-07-31,115.38,117.85,114.48,115.01,2541109.0,383911446.0,167940413.99999997,0.015131015456470177
2025-08-01,115.39,117.08,112.72,113.26,2097060.0,313697214.0,167940413.99999997,0.012486928846084662
2025-08-04,113.04,115.87,112.19,114.96,1708467.0,255243662.0,167940413.99999997,0.010173054593041556
2025-08-05,115.19,116.31,114.09,115.1,1611569.0,241449940.0,167940413.99999997,0.009596076141624853
2025-08-06,114.92,116.04,114.12,114.76,1940070.0,290052999.0,168489006.99999997,0.011514519757363163
2025-08-07,114.8,116.71,112.76,113.57,2821167.0,418880015.0,168489006.99999997,0.016743923240048537
2025-08-08,113.63,114.16,111.65,112.11,1727767.0,253662652.0,168489006.99999997,0.01025447909488837
2025-08-11,112.1,113.68,111.55,112.49,1929056.0,283517999.0,168489006.99999997,0.01144915050748682
2025-08-12,112.69,114.99,111.34,114.74,2582463.0,382152016.0,168489006.99999997,0.015327189862303602
2025-08-13,114.76,117.89,114.76,116.69,2884598.0,437691686.0,168489006.99999997,0.017120392904921095
2025-08-14,116.7,118.87,112.58,112.63,3934701.0,591226083.0,168489006.99999997,0.023352864795505624
2025-08-15,112.64,113.99,111.63,113.57,3527320.0,518866728.0,168489006.99999997,0.020935015659508283
2025-08-18,113.76,116.12,112.38,114.52,4730503.0,703835878.0,168489006.99999997,0.028076033470836474
2025-08-19,114.51,116.98,113.94,114.16,3453458.0,518390448.0,168489006.99999997,0.02049663691115469
2025-08-20,114.03,118.59,113.26,118.25,4576928.0,692824764.0,168489006.99999997,0.027164549672964722
2025-08-21,118.17,121.14,117.17,119.44,4299260.0,666477836.0,168489006.99999997,0.025516560851949237
2025-08-22,119.06,124.76,118.95,124.76,6961166.0,1110330490.0,168489006.99999997,0.041315253285337486
2025-08-25,127.16,131.3,120.55,122.37,9499227.0,1534922730.0,168489006.99999997,0.05637891260169871
2025-08-26,125.16,131.46,124.39,127.77,9461548.0,1583402383.0,168489006.99999997,0.05615528376875057
2025-08-27,127.77,137.45,125.58,129.44,8969752.0,1535643515.0,168489006.99999997,0.053236422718070865
2025-08-28,129.0,137.24,128.36,136.75,9166775.0,1601625786.0,168489006.99999997,0.054405774971419955
2025-08-29,136.68,136.68,132.2,134.84,6118015.0,1067158389.0,168489006.99999997,0.03631106330871783
2025-09-01,136.68,148.12,134.36,145.88,8369412.0,1524305797.0,168489006.99999997,0.04967334159670133
2025-09-02,143.35,147.43,133.73,135.13,7192595.0,1312990703.0,168554258.0,0.042672283010495055
2025-09-03,135.13,137.45,132.45,134.07,4089880.0,717507231.0,168554258.0,0.024264471562622878
2025-09-04,133.39,134.93,124.7,127.13,6362848.0,1073364729.0,168554258.0,0.03774955361851494
2025-09-05,127.46,132.62,126.16,131.97,4245226.0,717310024.0,168554258.0,0.02518610950783575
2025-09-08,131.8,132.64,129.38,132.14,3832343.0,654555565.0,168554258.0,0.022736554065575728
2025-09-09,130.54,132.04,126.47,127.59,4304077.0,723975430.0,168554258.0,0.025535261173882655
2025-09-10,128.15,132.03,127.82,129.78,3517224.0,596717258.0,168554258.0,0.020867013635455
2025-09-11,129.01,137.82,128.27,136.99,5629785.0,981711291.0,168554258.0,0.033400431806356386
2025-09-12,137.06,140.44,136.1,137.11,4166191.0,750093757.0,168554258.0,0.024717210051139735
2025-09-15,138.41,139.14,135.13,135.53,3122328.0,554721015.0,168554258.0,0.01852417160532367
2025-09-16,134.99,137.29,134.0,136.29,3519374.0,621763402.0,168554258.0,0.02087976917201344
2025-09-17,136.68,145.03,135.14,142.57,5055978.0,932600660.0,168554258.0,0.029996145217523962
2025-09-18,141.13,149.64,141.13,146.63,6550117.0,1248232481.0,168554258.0,0.03886058458398601
2025-09-19,146.28,150.18,142.5,143.9,3926674.0,745825574.0,168554258.0,0.023296201748875426
2025-09-22,144.74,148.44,141.91,147.2,3782993.0,715581332.0,168554258.0,0.02244377000550173
2025-09-23,148.17,150.54,143.31,149.95,4411093.0,844868037.0,168554258.0,0.02617016652287716
2025-09-24,149.73,175.68,148.2,167.78,9305597.0,1977351853.0,168554258.0,0.05520831754959284
2025-09-25,167.48,171.21,165.51,167.65,5390442.0,1179071044.0,168554258.0,0.031980455812632154
2025-09-26,166.87,177.94,166.87,171.32,6433429.0,1448916538.0,168554258.0,0.038168297118901615
2025-09-29,170.67,180.45,167.85,178.41,5909790.0,1326766273.0,168554258.0,0.0350616476268431
2025-09-30,177.8,180.45,171.93,175.41,5666038.0,1295918036.0,168554258.0,0.033615513883962514
2025-10-09,177.58,185.58,172.88,176.22,6552827.0,1526626865.0,168554258.0,0.038876662492857345
2025-10-10,172.77,177.83,165.1,167.02,6689049.0,1472386926.0,168554258.0,0.039684841423584805
2025-10-13,160.83,170.46,160.83,166.93,5200561.0,1125815977.0,168554258.0,0.030853928353444502
2025-10-14,169.53,171.22,156.18,156.49,6072520.0,1280233841.0,168554258.0,0.03602709342412459
2025-10-15,155.87,162.25,154.08,162.02,4111552.0,851896795.0,168554258.0,0.02439304737113197
2025-10-16,160.48,165.47,159.41,160.62,3286714.0,691700465.0,168554258.0,0.01949944213215901
2025-10-17,161.34,161.34,153.72,154.09,3643546.0,740340801.0,168554258.0,0.02161645776993661
2025-10-20,156.4,158.02,153.69,155.32,2929328.0,594240723.0,168554258.0,0.017379139718914725
2025-10-21,156.82,163.48,156.0,163.31,3843766.0,806102101.0,168554258.0,0.02280432452795111
2025-10-22,161.25,163.14,158.71,159.53,2398178.0,501114788.0,168554258.0,0.014227928908209486
2025-10-23,158.68,160.29,156.33,158.87,1888377.0,389019913.0,168554258.0,0.01120337760912572
2025-10-24,160.4,171.62,159.8,170.02,4777717.0,1035913886.0,168554258.0,0.028345276213668835
2025-10-27,174.07,180.18,169.7,174.84,4245477.0,963330146.0,168554258.0,0.02518759864256885
2025-10-28,173.49,177.35,171.31,176.31,3343535.0,762199374.0,168554258.0,0.019836550198571667
2025-10-29,173.34,173.34,163.71,166.11,7163343.0,1553452046.0,168554258.0,0.04249873651960783
2025-10-30,165.86,168.48,160.17,160.21,4604054.0,984229676.0,168554258.0,0.027314967029785746
2025-10-31,160.21,161.02,150.7,151.13,6730937.0,1349111414.0,168554258.0,0.039933354872589456
2025-11-03,151.65,152.01,144.61,149.26,4312240.0,827015081.0,168554258.0,0.025583690683150823
2025-11-04,149.26,150.86,146.66,147.74,2845125.0,551125356.0,168554258.0,0.016879579512016837
2025-11-05,145.43,148.81,145.11,147.78,2502117.0,479562476.0,168554258.0,0.014844579007906167
2025-11-06,148.96,154.95,148.0,154.18,3923601.0,775169262.0,168554258.0,0.02327797023080841
2025-11-07,152.03,154.18,150.5,152.3,2757328.0,547228706.0,168554258.0,0.016358696794239395
2025-11-10,153.57,157.86,150.64,152.43,3831120.0,769878930.0,168554258.0,0.02272929824175667
2025-11-11,152.51,158.86,152.51,153.45,3519708.0,712777903.0,168554258.0,0.020881750729785774
2025-11-12,152.49,154.8,148.45,151.88,2318825.0,457679331.0,168554258.0,0.013757142818664362
2025-11-13,151.26,157.03,150.5,154.41,2848968.0,575064147.0,168554258.0,0.01690237929201409
2025-11-14,153.57,160.08,150.73,155.49,3592389.0,732087175.0,168554258.0,0.021312953126345822
2025-11-17,157.11,159.94,152.43,154.06,3014218.0,613701110.0,168554258.0,0.017882775764703613
2025-11-18,152.73,157.03,149.73,152.69,2749156.0,549523049.0,168554258.0,0.016310213889701913
2025-11-19,152.55,154.17,150.24,152.42,1801094.0,356526879.0,168554258.0,0.010685544354506903
2025-11-20,153.62,155.2,148.2,148.98,2340169.0,457799349.0,168554258.0,0.013883772666247327
2025-11-21,146.64,146.64,142.11,142.25,2961110.0,555354767.0,168554258.0,0.017567696213287
2025-11-24,143.63,148.17,142.28,146.26,2659313.0,506922547.0,168554258.0,0.015777192647367
2025-11-25,148.1,149.65,145.98,147.37,2209627.0,425100668.0,168554258.0,0.013109292083264962
2025-11-26,146.66,150.01,145.63,147.95,1904748.0,367996345.0,168554258.0,0.011300503604008628
2025-11-27,148.16,151.8,147.05,147.21,1946381.0,379826001.0,168554258.0,0.011547504187049371
2025-11-28,146.97,155.8,145.51,154.95,3535311.0,698507491.0,168554258.0,0.020974320328353852
2025-12-01,154.68,157.03,152.81,156.57,2643697.0,533137599.0,168554258.0,0.0156845459222988
2025-12-02,155.12,156.57,152.3,152.57,1690500.0,338893060.0,168554258.0,0.010029411419556069
2025-12-03,153.05,153.05,150.25,151.27,1571108.0,310636268.0,168554258.0,0.009321081642446553
2025-12-04,151.27,158.18,150.12,156.79,2956328.0,596939981.0,168554258.0,0.017539325526857944
2025-12-05,156.63,157.02,152.29,153.42,2415943.0,484203974.0,168554258.0,0.014333325237028424
2025-12-08,154.54,158.79,152.04,156.9,2461902.0,498189636.0,168554258.0,0.014605991146186293
2025-12-09,155.11,157.56,153.03,154.21,2163814.0,437013955.0,168554258.0,0.012837492364031528
2025-12-10,153.32,154.18,148.36,152.72,2430693.0,477891045.0,168554258.0,0.014420834150627034
2025-12-11,152.8,156.51,150.89,151.5,2315884.0,463185940.0,168554258.0,0.013739694431213954
2025-12-12,150.5,163.51,144.97,163.51,7496623.0,1496619462.0,168554258.0,0.044476022670397325
2025-12-15,158.95,163.4,156.64,157.26,4279076.0,887589863.0,168554258.0,0.025386935048534936
2025-12-16,156.3,157.64,152.87,153.57,2345327.0,472759290.0,168554258.0,0.013914374088372185
2025-12-17,153.34,156.59,150.58,155.83,2191221.0,439539357.0,168554258.0,0.013000092824709299
2025-12-18,154.34,156.3,153.41,154.02,1726363.0,347963109.0,168554258.0,0.010242179702158577
2025-12-19,155.11,159.64,153.95,157.1,2690081.0,550436629.0,168554258.0,0.01595973327472985
2025-12-22,157.18,164.89,156.81,162.71,3418063.0,722536891.0,168554258.0,0.02027871049095657
2025-12-23,161.36,171.89,161.36,167.03,3710924.0,813200207.0,168554258.0,0.022016198487255067
2025-12-24,167.18,172.69,165.87,171.29,2995223.0,659123624.0,168554258.0,0.017770082082411705
2025-12-25,171.31,172.0,167.93,169.71,2038735.0,451466477.0,168554258.0,0.012095422709523008
2025-12-26,168.93,171.15,167.08,167.24,1819890.0,399548807.0,168554258.0,0.01079705740806619
2025-12-29,167.15,168.99,164.32,165.0,2068065.0,448162572.0,168554258.0,0.012269431959410958
2025-12-30,165.01,167.65,164.06,166.01,1992877.0,430564464.0,168554258.0,0.011823356013943
2025-12-31,168.93,172.23,162.26,167.33,2620051.0,571200764.0,168562450.0,0.01554350331286713
2026-01-05,169.0,175.07,168.93,174.3,3125244.0,704570947.0,168562450.0,0.018540570571915632
2026-01-06,175.07,185.42,174.3,179.85,4177820.0,987737181.0,168562450.0,0.024784998082313114
2026-01-07,185.31,215.77,185.31,213.76,8670118.0,2315616952.0,168562450.0,0.051435642991662735
2026-01-08,207.32,210.93,200.83,202.45,6597284.0,1763473897.0,168562450.0,0.03913851513192885
2026-01-09,200.29,207.06,197.39,206.17,5506173.0,1447320891.0,168562450.0,0.032665477987535184
2026-01-12,205.68,214.73,204.33,210.39,5776109.0,1579429521.0,168562450.0,0.034266878536708505
2026-01-13,207.92,213.38,201.41,202.01,4365368.0,1170658905.0,168562450.0,0.025897630225474297
2026-01-14,205.71,212.93,202.09,207.31,4901832.0,1320652672.0,168562450.0,0.029080213297801496
2026-01-15,206.55,217.59,203.98,216.69,4960227.0,1366108982.0,168562450.0,0.029426642766523625
2026-01-16,218.42,232.34,215.77,232.34,7354715.0,2159595938.0,168562450.0,0.04363198921230677
2026-01-19,232.66,236.5,221.46,222.95,4320232.0,1271346450.0,168562450.0,0.0256298600311042
2026-01-20,223.06,228.7,216.67,220.3,3561463.0,1027414013.0,168562450.0,0.021128448239806672
2026-01-21,216.81,223.94,216.81,221.64,3490427.0,1003815550.0,168562450.0,0.020707025793704353
2026-01-22,227.28,228.29,216.6,218.73,3185726.0,915676636.0,168562450.0,0.018899381208566914
2026-01-23,216.57,226.36,211.54,226.36,4218402.0,1197282576.0,168562450.0,0.02502575158346358
2026-01-26,222.68,224.98,216.53,218.51,2944259.0,841542760.0,168562450.0,0.01746687355339223
2026-01-27,218.52,231.12,218.52,226.52,4292781.0,1266492047.0,168562450.0,0.02546700644182616
2026-01-28,228.51,230.28,220.16,225.66,3494262.0,1020189649.0,168562450.0,0.020729777005495588
2026-01-29,218.74,219.61,205.09,205.79,5887694.0,1625227612.0,168562450.0,0.03492885871082201
2026-01-30,205.57,209.62,198.87,207.14,4027033.0,1078229128.0,168562450.0,0.023890451283782362
2026-02-02,204.25,206.84,197.95,198.46,3367764.0,882602985.0,168562450.0,0.01997932516998893
2026-02-03,201.95,204.63,198.17,204.04,2575148.0,675578623.0,168562450.0,0.015277115395510684
2026-02-04,201.18,204.02,197.08,199.96,2321561.0,605096998.0,168562450.0,0.013772705605548568
2026-02-05,196.57,203.1,194.09,199.74,2662745.0,686429450.0,168562450.0,0.01579678629493105
2026-02-06,199.75,207.03,197.78,200.56,2420875.0,636688051.0,168562450.0,0.014361887834449487
2026-02-09,204.26,205.78,200.83,204.25,2518446.0,667852786.0,168562450.0,0.014940729682085185
2026-02-10,204.25,205.02,200.41,203.2,2782118.0,734616649.0,168562450.0,0.01650496892991292
2026-02-11,202.71,205.39,200.7,204.3,2242132.0,593866800.0,168562450.0,0.013301491524357886
2026-02-12,205.02,206.08,201.08,205.78,2317768.0,614763311.0,168562450.0,0.013750203559570948
2026-02-13,202.95,208.95,201.19,203.43,2237512.0,600124156.0,168562450.0,0.013274083284859706
2026-02-24,204.25,210.9,202.1,208.4,2477301.0,667848367.0,168562450.0,0.014696636172528341
2026-02-25,208.05,218.07,204.4,213.46,3406735.0,940647774.0,168562450.0,0.02021052138243126
2026-02-26,215.0,217.76,208.87,217.15,2862441.0,796505139.0,168562450.0,0.01698148668342208
2026-02-27,213.68,214.76,205.68,206.15,3599260.0,973434673.0,168562450.0,0.02135267967450639
2026-03-02,200.86,207.74,200.49,202.71,3220865.0,854704216.0,168562450.0,0.019107844006776124
2026-03-03,202.62,205.39,189.64,191.45,4664139.0,1185382258.0,168562450.0,0.027670094970736366
2026-03-04,192.37,196.15,188.16,190.04,3130324.0,781071675.0,168562450.0,0.018570707770324886
2026-03-05,194.27,195.57,189.28,191.2,2421148.0,607679437.0,168562450.0,0.014363507412238016
2026-03-06,190.43,192.64,189.66,189.89,1653714.0,411158846.0,168562450.0,0.00981069034058297
2026-03-09,185.83,188.72,179.68,188.06,2881518.0,690028446.0,168562450.0,0.017094661355479823
2026-03-10,190.43,193.5,187.38,191.43,2290053.0,567637293.0,168562450.0,0.013585783785178728
2026-03-11,189.66,192.69,187.69,188.71,2399958.0,591118010.0,168562450.0,0.014237797326747445
2026-03-12,189.66,190.65,185.06,187.13,1744517.0,426780740.0,168562450.0,0.010349380897109647
2026-03-13,185.21,187.71,181.33,181.81,3083369.0,739209540.0,168562450.0,0.0182921463232173
2026-03-16,181.81,185.8,176.07,184.71,3300924.0,776510316.0,168562450.0,0.019582795575171102
2026-03-17,185.21,186.9,180.07,180.18,2040107.0,486838008.0,168562450.0,0.0121029742982497
2026-03-18,183.79,188.34,180.47,187.2,2716900.0,654248660.0,168562450.0,0.016118061881516318
2026-03-19,183.52,184.21,178.22,179.19,3105881.0,732775494.0,168562450.0,0.018425699199317525
2026-03-20,179.69,182.73,178.36,178.36,2543872.0,598022423.0,168562450.0,0.015091569919635126
2026-03-23,174.3,176.61,167.99,168.51,3420670.0,765300842.0,168562450.0,0.020293191039878693
2026-03-24,171.89,176.39,167.93,175.98,3611585.0,811499694.0,168562450.0,0.021425797975765066
2026-03-25,178.14,184.85,176.61,180.61,2866236.0,678708811.0,168562450.0,0.01700400059443844
2026-03-26,181.11,181.57,175.09,176.6,1990969.0,459668769.0,174994396.00000003,0.011377330048900536
2026-03-27,179.68,192.41,179.42,189.74,4711871.0,1153752897.0,174994396.00000003,0.026925839385165223
2026-03-30,187.69,200.32,186.29,198.44,5681618.0,1440539703.0,174994396.00000003,0.03246742827124589
2026-03-31,195.53,198.37,191.1,192.49,3130296.0,790902010.0,174994396.00000003,0.017887978538467023
2026-04-01,198.48,199.53,193.35,194.65,2396589.0,609432556.0,174994396.00000003,0.013695232846199255
2026-04-02,194.66,197.59,189.66,192.16,1932265.0,484761241.0,174994396.00000003,0.011041867877871927
2026-04-03,193.42,197.85,191.59,195.11,2240323.0,568314751.0,174994396.00000003,0.01280225567909043
2026-04-07,195.09,198.48,193.65,193.94,1442031.0,368076363.0,174994396.00000003,0.008240441025322889
2026-04-08,199.78,206.21,196.82,205.86,3307589.0,870203449.0,174994396.00000003,0.01890111383909688
2026-04-09,203.48,208.86,201.2,206.34,2666219.0,718046480.0,174994396.00000003,0.015236025043910546
2026-04-10,207.24,210.13,203.02,203.69,2418210.0,649214569.0,174994396.00000003,0.013818785374132779
2026-04-13,202.1,203.48,195.1,196.02,2886675.0,746687581.0,174994396.00000003,0.016495813957379524
2026-04-14,198.72,204.71,198.03,201.02,2527653.0,663646979.0,174994396.00000003,0.014444193972931564
2026-04-15,205.02,206.04,192.78,193.38,3085919.0,791528284.0,174994396.00000003,0.01763438756061651
2026-04-16,193.58,195.54,190.8,194.61,3570420.0,896457789.0,174994396.00000003,0.020403053364063152
2026-04-17,195.03,195.5,187.43,188.12,3514775.0,869207690.0,174994396.00000003,0.020085071752812014
2026-04-20,188.15,190.89,184.67,189.11,4103841.0,1004274066.0,174994396.00000003,0.0234512709767003
2026-04-21,190.43,190.87,185.06,188.44,2838137.0,694057877.0,174994396.00000003,0.016218445075235434
2026-04-22,188.12,191.72,187.06,191.05,3473584.0,861378128.0,174994396.00000003,0.019849687072264872
2026-04-23,192.5,193.87,184.32,187.95,3824836.0,938008154.0,174994396.00000003,0.02185690563485244
2026-04-24,187.95,191.57,185.51,188.98,3881421.0,956133857.0,174994396.00000003,0.02218025884668901
2026-04-27,191.38,199.64,189.15,196.72,5302488.0,1348988550.0,174994396.00000003,0.030300901750019465
2026-04-28,195.19,203.02,189.51,198.03,5627156.0,1451498782.0,174994396.00000003,0.0321562068764762
2026-04-29,189.28,191.2,176.71,188.08,11563303.0,2773593009.0,174994396.00000003,0.06607813315347537
2026-04-30,186.97,195.79,185.67,192.12,6732631.0,1669181617.0,174994396.00000003,0.03847340917134283
2026-05-06,199.64,208.57,195.96,199.53,7375133.0,1949264266.0,174994396.00000003,0.0421449667451065
2026-05-07,201.94,205.01,197.59,204.26,5416976.0,1422125727.0,174994396.00000003,0.030955139843449612
2026-05-08,200.89,200.93,193.7,196.57,4763526.0,1222627367.0,174994396.00000003,0.027221020266271836
2026-05-11,200.3,212.6,200.3,207.47,6877253.0,1848926627.0,174994396.00000003,0.03929984706481686
2026-05-12,207.4,210.65,202.28,208.47,5913653.0,1593351936.0,174994396.00000003,0.033793385017883655
2026-05-13,206.55,222.78,205.81,220.37,7776460.0,2177524556.0,174994396.00000003,0.044438337328242206
2026-05-14,222.67,222.68,207.58,208.09,7513495.0,2085520401.0,174994396.00000003,0.04293563206446908
2026-05-15,206.55,222.72,199.02,212.54,8732618.0,2402350746.0,174994396.00000003,0.04990227229905121
2026-05-18,217.93,233.34,217.8,221.57,8522691.0,2494643051.0,174994396.00000003,0.04870265102660772
2026-05-19,219.61,234.87,213.54,233.43,8508888.0,2483010746.0,174994396.00000003,0.04862377421503257
2026-05-20,232.66,253.73,231.97,248.66,9833255.0,3105232036.0,174994396.00000003,0.05619182799430902
2026-05-21,251.86,264.3,233.25,234.03,11844201.0,3837547151.0,174994396.00000003,0.0676833159845873
2026-05-22,237.27,241.72,227.35,238.95,8423517.0,2563780140.0,174994396.00000003,0.04813592430697037
2026-05-25,238.8,264.16,231.29,252.79,9330695.0,2998200283.0,174994396.00000003,0.053319964600466396
2026-05-26,257.78,260.76,242.8,260.53,8074627.0,2638301106.0,174994396.00000003,0.04614220331947086
2026-05-27,259.53,267.6,239.95,240.25,8775564.0,2893170571.0,174994396.00000003,0.05014768587218072
2026-05-28,237.27,238.8,226.16,232.66,8909097.0,2690886066.0,174994396.00000003,0.05091075602215284
2026-05-29,233.24,234.81,215.79,218.25,7942864.0,2300398231.0,174994396.00000003,0.04538924777911173
2026-06-01,220.11,221.36,205.17,205.78,6476907.0,1783362835.0,174994396.00000003,0.037012082375483604
2026-06-02,208.09,215.68,205.27,210.53,5754544.0,1579654571.0,174994396.00000003,0.032884161616238264
2026-06-03,211.16,220.97,209.64,214.23,6162023.0,1733342522.0,174994396.00000003,0.035212687610864976
2026-06-04,207.86,219.44,207.41,216.99,5429428.0,1526574871.0,174994396.00000003,0.031026296407800392
2026-06-05,213.92,221.36,208.47,209.62,5642556.0,1568891218.0,174994396.00000003,0.03224420969457787
2026-06-08,195.8,205.97,195.8,199.47,5078213.0,1331221387.0,174994396.00000003,0.029019289280555013
2026-06-09,203.46,216.27,201.95,214.43,5872956.0,1600126705.0,174994396.00000003,0.033560823284878215
2026-06-10,210.16,221.0,210.13,216.4,7786153.0,1688357302.0,227492715.0,0.0342259443340856
2026-06-11,214.2,232.95,214.15,230.45,12659509.0,2877930939.0,227492715.0,0.05564797536483751
2026-06-12,240.3,244.2,223.0,225.0,13798359.0,3226731347.0,227492715.0,0.0606540697358155
2026-06-15,225.0,233.8,220.66,233.67,9477697.0,2173166199.0,227492715.0,0.041661540678346556
2026-06-16,235.33,238.8,227.24,232.88,10230788.0,2372996598.0,227492715.0,0.044971936793668316
2026-06-17,228.0,245.62,226.45,245.62,11163888.0,2651019354.0,227492715.0,0.04907360659878713
2026-06-18,244.42,250.68,242.5,245.99,10173279.0,2500918569.0,227492715.0,0.044719141885488506
2026-06-22,251.19,259.22,243.32,257.2,11021388.0,2771527796.0,227492715.0,0.0484472129140487
2026-06-23,254.99,255.84,241.8,246.1,9033037.0,2242516723.0,227492715.0,0.03970692863725329
2026-06-24,243.23,268.78,239.86,264.3,12523238.0,3211545590.0,227492715.0,0.05504896277667617
2026-06-25,270.0,272.8,257.57,268.55,11406093.0,3032477176.0,227492715.0,0.05013827805431044
2026-06-26,262.31,281.0,258.8,274.48,11628310.0,3147540621.0,227492715.0,0.05111508735565445
2026-06-29,282.8,309.8,280.18,304.8,15496061.0,4560819107.0,227492715.0,0.06811673507874746
2026-06-30,306.37,339.98,303.02,339.46,13486763.0,4330381130.0,227492715.0,0.05928437312816808
2026-07-01,326.22,366.0,317.21,322.6,16733470.0,5666295104.0,227492715.0,0.07355606969656149
2026-07-02,308.0,322.0,290.17,301.4,13083822.0,4031653876.0,227492715.0,0.05751314717924044
2026-07-03,295.0,301.98,277.3,284.31,12670799.0,3651353271.0,227492715.0,0.05569760332764941
2026-07-06,291.8,303.9,281.82,289.35,11699409.0,3411564724.0,227492715.0,0.0514276204405051
2026-07-07,283.46,306.7,283.0,300.02,9447535.0,2818152440.0,227492715.0,0.0415289562129495
2026-07-08,300.9,323.8,284.24,316.09,12008099.0,3682292359.0,227492715.0,0.052784543012729
2026-07-09,326.03,346.5,309.0,343.9,13514402.0,4390976935.0,227492715.0,0.059405867128536405
2026-07-10,344.0,362.49,312.5,312.8,14006155.0,4759414291.0,227492715.0,0.06156748799626397
2026-07-13,305.0,321.87,295.03,297.58,11415353.0,3515290775.0,227492715.0,0.05017898265445555
2026-07-14,297.38,302.0,271.14,293.5,13055678.0,3751928024.0,227492715.0,0.057389433327568316
2026-07-15,306.99,315.0,278.79,283.0,11277100.0,3322278376.0,227492715.0,0.049571257699394904
2026-07-16,273.33,279.0,253.03,256.53,11589243.0,3055229731.0,227492715.0,0.05094335877964268
2026-07-17,250.1,259.49,239.06,239.06,11036352.0,2750012653.0,227492715.0,0.048512990844563966
2026-07-20,245.0,248.0,217.3,224.58,11679459.0,2703924926.0,227492715.0,0.05133992532464172
2026-07-21,229.0,263.0,213.88,262.0,12576518.0,2998415874.0,227492715.0,0.055283168078591
2026-07-22,255.0,267.0,251.12,253.01,12748342.0,3304886522.0,227492715.0,0.05603846259428571
2026-07-23,256.0,257.96,241.2,244.13,7395300.0,1825354134.0,227492715.0,0.032507854152604404
2026-07-24,240.0,260.27,235.05,256.49,9370626.0,2359585498.0,227492715.0,0.041190883848742144
2026-07-27,256.44,269.1,245.78,264.9,9572400.0,2480329658.0,227492715.0,0.04207783093186083
2026-07-28,256.5,269.63,251.0,253.0,9561251.0,2498882160.0,227492715.0,0.042028822769115924
2026-07-29,248.95,257.0,231.52,254.81,10932807.0,2667503956.0,227492715.0,0.04805783341237982
2026-07-30,247.06,249.98,228.12,229.45,10039923.0,2382903629.0,227492715.0,0.04413294289445708
2026-07-31,250.0,255.84,237.38,237.38,10624599.0,2623572350.0,227492715.0,0.046703029589321134
2026-08-03,235.02,237.0,215.88,216.91,9861010.0,2197019347.0,227492715.0,0.04334648694135107
2026-08-04,224.04,231.99,216.58,227.66,9459818.0,2123958594.0,227492715.0,0.041582949150701376
2026-08-05,231.54,245.67,229.94,241.09,9057478.0,2154662743.0,227492715.0,0.039814365044612526
2026-08-06,235.1,251.88,231.8,244.4,9182666.0,2222198707.0,227492715.0,0.04036465958920926
2026-08-07,243.0,254.5,242.0,251.68,7419782.0,1851481480.0,227492715.0,0.03261547078551504
2026-08-10,251.0,261.8,247.0,253.08,7941793.0,2012108527.0,228356542.99999997,0.03477804005817342
2026-08-11,249.0,255.4,243.99,246.0,5992119.0,1492557467.0,228356542.99999997,0.02624018966691049
2026-08-12,247.66,253.0,246.11,250.36,4822361.0,1206654584.0,228356542.99999997,0.021117682623177567
2026-08-13,255.0,257.5,242.0,242.5,6149303.0,1546398714.0,228356542.99999997,0.026928516780007485
2026-08-14,246.79,251.71,243.03,248.2,5082182.0,1259104638.0,228356542.99999997,0.02225546915903347
2026-08-17,248.11,261.98,246.21,261.92,7702019.0,1974946061.0,228356542.99999997,0.033728041679103545
2026-08-18,262.0,273.85,258.66,272.98,9342646.0,2484272579.0,228356542.99999997,0.040912539125274816
2026-08-19,264.0,272.5,247.0,248.64,10737962.0,2758126425.0,228356542.99999997,0.04702279102202034
2026-08-20,256.58,257.0,245.32,248.41,6488846.0,1631250770.0,228356542.99999997,0.028415415274525332
2026-08-21,248.98,248.98,239.2,241.07,5287155.0,1286466855.0,228356542.99999997,0.02315306989036001
2026-08-24,241.9,243.78,231.02,242.32,6083718.0,1442381023.0,228356542.99999997,0.02664131239716657
2026-08-25,238.0,238.23,228.38,233.6,5862626.0,1369329100.0,228356542.99999997,0.02567312468029436
2026-08-26,234.0,235.34,227.27,233.8,4817703.0,1116604864.0,228356542.99999997,0.021097284696589582
2026-08-27,239.76,251.6,238.47,248.06,7044879.0,1733230622.0,228356542.99999997,0.030850348789874617
2026-08-28,248.06,251.88,242.7,243.2,4602447.0,1135988657.0,228356542.99999997,0.0201546535060307
2026-08-31,236.98,239.0,228.85,239.0,6501440.0,1522509420.0,228356542.99999997,0.028470565872947204
2026-09-01,237.0,237.0,226.81,227.02,5362411.0,1234020342.0,228356542.99999997,0.02348262471288156
2026-09-02,223.78,229.06,220.22,225.6,3740204.0,840186280.0,228356542.99999997,0.016378790600276343
2026-09-03,228.1,229.44,221.18,222.64,3544044.0,793982460.0,228356542.99999997,0.015519783026317754
2026-09-04,225.0,226.27,210.61,212.5,6139808.0,1332902947.0,228356542.99999997,0.02688693706490381
2026-09-07,216.87,222.92,215.0,219.65,4949014.0,1088660533.0,228356542.99999997,0.021672310917756364
2026-09-08,224.0,232.0,220.4,228.99,5853464.0,1330130946.0,228356542.99999997,0.025633003211123235
2026-09-09,229.0,229.76,225.2,226.68,3207379.0,728602958.0,228356542.99999997,0.014045487630279989
2026-09-10,226.0,227.08,222.31,222.58,2407969.0,539814864.0,228356542.99999997,0.010544777777617698
2026-09-11,219.01,219.96,213.57,219.0,3603652.0,782549501.0,228356542.99999997,0.01578081342736039
2026-09-14,216.0,218.65,212.5,215.8,3301105.0,710098402.0,228356542.99999997,0.014455924742213322
2026-09-15,215.0,223.0,213.3,218.95,4126510.0,902417877.0,228356542.99999997,0.0180704697390694
2026-09-16,218.9,228.1,217.02,227.5,5291704.0,1185823673.0,228356542.99999997,0.023172990493204308
2026-09-17,226.5,233.33,223.66,230.0,5739615.0,1312967616.0,228356542.99999997,0.025134445129518363
2026-09-18,233.5,237.18,230.05,234.8,5896685.0,1380655623.0,228356542.99999997,0.0258222730232871
2026-09-21,235.8,237.99,231.0,232.9,4726074.0,1101429761.0,228356542.99999997,0.020696030592826063
2026-09-22,235.66,238.55,231.38,232.88,5428242.0,1277683238.0,228356542.99999997,0.023770906358483456
2026-09-23,233.33,234.82,231.11,232.4,3338971.0,776095119.0,228356542.99999997,0.01462174438329976
2026-09-24,230.05,231.5,225.02,225.66,3061766.0,696667823.0,228356542.99999997,0.013407831279001279
