date,open,high,low,close,volume,amount
2016-08-18,1.34,2.35,1.34,2.35,7400,247268.0
2016-08-19,2.96,2.96,2.96,2.96,500,18420.0
2016-08-22,3.63,3.63,3.63,3.63,2900,117508.0
2016-08-23,4.37,4.37,4.37,4.37,1100,49027.0
2016-08-24,5.19,5.19,5.19,5.19,4600,225538.0
2016-08-25,6.08,6.08,6.08,6.08,7200,386139.0
2016-08-26,7.06,7.06,7.06,7.06,5500,326260.0
2016-08-29,8.14,8.14,8.14,8.14,14000,915653.0
2016-08-30,9.33,9.33,9.33,9.33,15100,1085242.0
2016-08-31,10.64,10.64,10.64,10.64,28100,2215933.0
2016-09-01,12.08,12.08,12.08,12.08,12800,1112850.0
2016-09-02,13.66,13.66,13.66,13.66,69300,6622762.0
2016-09-05,15.4,15.4,15.4,15.4,69500,7307142.0
2016-09-06,17.32,17.32,17.32,17.32,54600,6313777.0
2016-09-07,19.43,19.43,19.43,19.43,136600,17376349.0
2016-09-08,21.74,21.74,21.74,21.74,174500,24410871.0
2016-09-09,24.29,24.29,24.29,24.29,181200,27883637.0
2016-09-12,27.1,27.1,27.1,27.1,4883100,826616928.0
2016-09-13,29.74,29.74,26.92,27.47,15950800,2822922752.0
2016-09-14,28.52,30.59,28.51,28.68,10411000,1887215104.0
2017-03-13,31.92,31.92,31.92,31.92,1811900,354712336.0
2017-03-14,35.49,35.49,35.49,35.49,103800,22363021.0
2017-03-15,39.42,39.42,38.16,39.42,5519600,1307287936.0
2017-03-16,39.96,42.69,38.71,41.05,8970900,2174609312.0
2017-03-17,40.62,40.81,36.57,37.21,7241100,1682976496.0
2017-03-20,36.36,37.75,35.19,35.58,3882600,849272192.0
2017-03-21,35.77,37.15,35.61,35.8,3291100,721964624.0
2017-03-22,35.06,38.27,34.88,37.88,4676100,1049851264.0
2017-03-23,37.89,38.26,33.72,33.74,5391800,1160365264.0
2017-03-24,33.24,34.86,33.24,33.86,2600300,539901216.0
2017-03-27,34.64,37.61,34.33,35.51,3309700,720911328.0
2017-03-28,35.51,38.34,34.95,37.27,3836300,859548560.0
2017-03-29,36.51,36.52,34.29,35.46,3015800,650137376.0
2017-03-30,36.34,37.61,35.59,37.04,3084100,684035568.0
2017-03-31,36.34,37.22,33.97,34.53,3051900,655617968.0
2017-04-05,33.59,34.5,32.15,33.79,2328800,473886144.0
2017-04-06,34.06,34.66,33.24,34.44,1600800,332613632.0
2017-04-07,34.15,36.84,33.61,35.43,2397200,517083888.0
2017-04-10,34.79,35.06,32.15,33.43,2579000,527932720.0
2017-04-12,32.15,32.68,29.72,29.72,3441800,648172752.0
2017-04-13,29.03,30.27,28.59,28.96,1531300,279153328.0
2017-04-14,28.97,29.38,28.38,28.67,829800,147937034.0
2017-04-17,26.32,28.88,26.32,28.78,1246000,217375017.0
2017-04-18,28.69,29.96,28.26,28.42,734300,132646213.0
2017-04-19,28.68,29.51,27.47,29.32,1086100,194274873.0
2017-04-20,29.24,29.9,28.53,29.07,969700,176309666.0
2017-04-21,29.59,29.59,27.75,28.12,825800,145637209.0
2017-04-24,27.79,28.59,26.91,28.14,652600,112914411.0
2017-04-25,28.14,28.68,27.85,28.06,584800,102675628.0
2017-04-26,27.85,31.24,27.85,31.23,1902600,352270576.0
2017-04-27,31.07,32.33,29.81,31.78,1352700,258467744.0
2017-04-28,33.24,34.1,32.19,32.34,2019900,408761312.0
2017-05-02,32.69,33.15,31.98,32.43,917600,182669698.0
2017-05-03,32.33,33.04,29.96,31.12,1285100,247491730.0
2017-05-04,31.07,31.24,30.45,30.76,644000,122265883.0
2017-05-05,30.78,31.33,30.31,30.87,797900,151315428.0
2017-05-08,30.65,32.51,30.51,31.55,1188200,231385209.0
2017-05-09,31.27,33.79,31.27,33.51,1748900,351449904.0
2017-05-10,33.34,34.72,32.55,33.0,1519600,311741824.0
2017-05-11,32.69,33.93,32.33,33.68,1159600,235332641.0
2017-05-12,33.7,33.96,30.78,31.72,2154900,422861424.0
2017-05-15,31.6,31.69,29.66,30.69,1351600,253539816.0
2017-05-16,31.02,32.58,30.05,32.5,1118400,215054625.0
2017-05-17,32.33,34.7,30.85,32.71,1825500,372495056.0
2017-05-18,32.37,33.23,31.97,32.57,1078700,215279771.0
2017-05-19,32.69,32.69,31.07,31.78,1163800,226571983.0
2017-05-22,31.98,32.71,30.83,30.91,1027500,99369888.0
2017-05-23,29.76,30.42,28.1,28.34,3056000,275853552.0
2017-05-24,28.05,29.29,27.84,28.82,1304000,115692254.0
2017-05-25,29.0,29.8,28.67,29.45,1597000,144441002.0
2017-05-26,29.27,29.51,28.16,28.63,1344100,119948794.0
2017-05-31,29.58,30.34,28.24,28.33,2498600,226493915.0
2017-06-01,28.22,29.42,28.05,28.17,1607100,143461984.0
2017-06-02,27.8,29.11,27.4,28.88,1623700,143152994.0
2017-06-05,29.26,30.29,29.15,29.24,1552700,141855665.0
2017-06-06,28.96,29.3,28.31,28.73,1520900,134970380.0
2017-06-07,28.85,29.98,28.85,29.73,2126700,193699058.0
2017-06-08,29.51,29.95,28.05,28.5,2286800,205376136.0
2017-06-09,28.37,29.06,28.08,28.69,907400,80469814.0
2017-06-12,28.41,28.6,25.46,25.46,4678400,384502848.0
2017-06-13,25.14,25.68,24.04,25.48,3433200,269890928.0
2017-06-14,25.18,25.56,24.61,25.22,1863300,147511961.0
2017-06-15,24.88,26.85,24.88,26.48,2411000,196881404.0
2017-06-16,26.36,26.87,26.05,26.12,1217200,100035353.0
2017-06-19,26.45,26.92,26.2,26.51,983600,81549608.0
2017-06-20,26.92,27.22,26.32,26.89,1495100,124694227.0
2017-06-21,26.89,27.03,26.48,26.68,935500,77859894.0
2017-06-22,26.88,27.0,23.68,24.5,3251700,262014207.0
2017-06-23,24.36,24.72,23.75,24.53,1756200,134464035.0
2017-06-26,24.3,25.49,24.23,25.3,2124000,166912303.0
2017-06-27,25.15,25.5,24.93,25.03,1347100,106909740.0
2017-06-28,24.96,25.14,24.48,24.71,842300,65567338.0
2017-06-29,24.77,25.47,24.63,24.84,1333200,105285073.0
2017-06-30,24.7,25.08,24.42,24.7,1314500,102433345.0
2017-07-03,24.77,27.32,24.65,26.98,2953200,243386671.0
2017-07-04,26.96,27.35,26.48,26.64,1380500,115544305.0
2017-07-05,26.78,27.16,26.42,26.85,1490500,124338628.0
2017-07-06,26.87,27.83,26.33,27.77,2526500,212702380.0
2017-07-07,27.73,30.09,27.42,29.66,4551800,407981296.0
2017-07-10,28.96,29.66,28.02,28.08,2413900,215061475.0
2017-07-11,27.73,28.5,27.43,27.99,1607300,139184988.0
2017-07-12,28.06,28.33,25.8,27.04,2091200,174849446.0
2017-07-13,26.8,27.53,26.32,26.58,2061700,171537049.0
2017-07-14,26.5,26.91,25.9,25.93,1746100,143189889.0
2017-07-17,25.29,25.63,23.38,23.6,2990300,230127327.0
2017-07-18,23.49,24.19,23.03,24.0,1446700,108604677.0
2017-07-19,23.32,23.86,21.23,23.11,3375200,243083271.0
2017-07-20,23.06,24.33,22.59,23.99,2234500,167035856.0
2017-07-21,24.31,25.05,24.02,24.31,2448800,188990297.0
2017-07-24,23.68,23.82,22.59,23.09,2376600,174547515.0
2017-07-25,23.13,23.21,22.15,22.63,1587900,113777332.0
2017-07-26,22.31,22.8,22.31,22.48,890300,63973633.0
2017-07-27,22.42,23.45,22.25,23.04,2444300,178668756.0
2017-07-28,23.01,23.04,22.17,22.25,2202400,157702881.0
2017-07-31,22.26,22.35,21.42,22.26,2243900,156696942.0
2017-08-01,22.26,24.64,22.09,24.41,3203400,236165887.0
2017-08-02,24.04,25.9,23.68,23.91,2931800,229377769.0
2017-08-03,23.94,25.72,23.65,25.23,2967400,233650937.0
2017-08-10,22.34,22.34,22.34,22.34,550400,39260032.0
2017-08-11,19.77,22.59,19.77,21.27,6865600,464448448.0
2017-08-14,20.95,22.09,20.25,21.88,2643500,177611387.0
2017-08-15,21.68,21.84,21.38,21.5,1038500,71881874.0
2017-08-16,21.37,22.14,21.21,21.69,1140600,79767379.0
2017-08-17,21.58,23.23,21.52,22.27,1528400,109927476.0
2017-08-18,22.04,23.64,21.55,21.91,1865700,133904660.0
2017-08-21,21.91,23.53,21.88,23.11,3064700,223878749.0
2017-08-22,23.1,24.15,22.99,23.63,2188400,164508849.0
2017-08-23,22.95,23.29,21.79,21.97,3545100,254645886.0
2017-08-24,22.4,22.4,21.71,21.81,1419300,99821566.0
2017-08-25,21.86,23.13,21.81,22.69,2279700,164198606.0
2017-08-28,23.86,25.32,23.86,25.32,3373500,266859284.0
2017-08-29,28.22,28.22,28.22,28.22,2167800,189571661.0
2017-08-30,29.51,30.09,28.06,29.73,9446500,852397600.0
2017-08-31,29.65,31.33,29.0,31.19,6075400,561813584.0
2017-09-01,30.93,33.64,30.52,32.24,6148200,605200608.0
2017-09-04,32.07,32.79,31.59,32.27,3660200,360213952.0
2017-09-05,32.38,33.48,31.82,32.31,4463800,444479392.0
2017-09-06,33.33,34.79,32.43,33.88,5420200,554658336.0
2017-09-07,33.49,37.09,33.48,35.25,5967800,640481072.0
2017-09-08,35.82,36.68,34.66,36.11,3593500,388459328.0
2017-09-11,35.56,37.48,35.56,36.22,3654100,401007072.0
2017-09-12,36.36,37.35,34.98,37.16,4895700,534570944.0
2017-09-13,37.4,41.24,36.44,41.24,5441800,645061200.0
2017-09-14,42.07,42.59,40.08,41.69,5255400,646708288.0
2017-09-15,41.62,41.86,38.26,38.62,4727400,565099632.0
2017-09-18,38.94,42.85,38.91,42.85,5670300,700436368.0
2017-09-19,42.63,43.35,41.09,41.51,3910500,491742032.0
2017-09-20,41.54,45.65,41.51,44.22,5061800,659350816.0
2017-09-21,45.18,45.18,42.56,43.69,4195800,544252304.0
2017-09-22,43.36,44.63,42.75,44.54,2967100,387077168.0
2017-09-25,43.78,44.37,41.9,42.04,3353700,426005120.0
2017-09-26,41.13,42.22,40.33,41.34,3303200,405818912.0
2017-09-27,41.56,42.55,40.44,41.84,3096600,385253152.0
2017-09-28,41.66,44.48,41.54,42.69,3248500,418582480.0
2017-09-29,43.36,44.69,42.63,43.82,2809100,364896576.0
2017-10-09,44.82,47.51,44.09,45.51,3831300,521153152.0
2017-10-10,45.72,46.12,44.8,45.88,2345700,315762016.0
2017-10-11,45.62,45.9,42.85,43.24,2991100,391522512.0
2017-10-12,43.72,44.26,42.08,43.4,1986500,255152546.0
2017-10-13,43.54,44.6,42.49,44.15,1852100,240493532.0
2017-10-16,43.75,45.0,42.85,43.4,2078800,271162416.0
2017-10-17,43.18,43.58,42.08,42.6,1789700,228235551.0
2017-10-18,42.68,43.91,41.97,42.43,1777000,227420745.0
2017-10-19,42.08,42.58,38.26,38.54,4161500,500478368.0
2017-10-20,38.54,40.43,38.26,39.64,2572900,305265184.0
2017-10-23,40.03,42.08,39.86,41.75,2642900,326926736.0
2017-10-24,41.78,42.0,40.08,41.4,2010200,246176171.0
2017-10-25,40.51,42.49,40.12,41.69,2032600,252367528.0
2017-10-26,41.72,45.51,41.72,45.31,3549200,468387424.0
2017-10-27,45.25,45.91,44.38,45.59,2715300,364143104.0
2017-10-30,50.52,50.52,50.52,50.52,1255000,186548402.0
2017-10-31,53.2,55.93,52.14,55.79,7665700,1223967840.0
2018-03-02,51.01,59.92,51.01,51.62,14571000,2324096192.0
2018-03-05,52.11,57.15,52.11,57.15,11077100,1804867456.0
2018-03-06,58.72,63.19,58.67,60.9,9820600,1731022896.0
2018-03-07,60.24,62.31,58.49,60.3,6882700,1209197760.0
2018-03-08,60.64,61.54,58.49,59.32,5361500,934841280.0
2018-03-09,58.77,62.31,58.69,60.23,6935700,1223664272.0
2018-03-12,60.85,66.61,60.31,66.61,7097500,1322559408.0
2018-03-13,67.78,72.11,66.68,68.09,7687500,1530979088.0
2018-03-14,68.83,69.96,65.23,66.57,6030400,1177292736.0
2018-03-15,66.06,69.23,65.99,69.11,5645600,1112855520.0
2018-03-16,69.6,70.93,63.83,65.59,6972800,1342114416.0
2018-03-19,64.86,71.97,64.74,70.9,7284500,1456871584.0
2018-03-20,70.35,71.97,69.28,70.19,3858900,784861264.0
2018-03-21,70.45,70.81,65.99,66.89,5741000,1129912592.0
2018-03-22,66.88,67.52,62.24,62.72,6862600,1282868544.0
2018-03-23,59.39,63.59,58.67,60.9,7904500,1403981440.0
2018-03-26,62.78,66.6,62.24,65.2,6464900,1205734672.0
2018-03-27,66.23,68.53,64.13,67.74,7203200,1386975616.0
2018-03-28,66.36,70.97,66.36,67.35,5442400,1083396080.0
2018-03-29,68.14,69.2,62.97,65.91,5347600,1018234528.0
2018-03-30,65.98,68.71,65.04,68.07,6245000,1209689392.0
2018-04-02,69.23,74.94,68.72,72.13,8846700,1821463376.0
2018-04-03,71.06,73.53,68.75,72.45,5683900,1165313776.0
2018-04-04,72.15,72.69,69.02,69.18,4485000,911755536.0
2018-04-09,69.18,69.92,65.96,67.51,3767000,738324240.0
2018-04-10,67.04,67.41,63.56,66.02,4726500,892218288.0
2018-04-11,65.94,68.14,65.21,66.11,2588000,498989904.0
2018-04-12,65.59,66.88,61.98,62.31,4453800,828962144.0
2018-04-13,63.05,65.74,62.19,64.47,4256200,792463984.0
2018-04-16,63.4,66.5,62.13,64.75,5093100,957406928.0
2018-04-17,66.68,68.94,60.99,61.28,7937100,1486772928.0
2018-04-18,62.31,67.77,61.18,67.77,8912800,1669298560.0
2018-04-19,68.87,71.68,67.59,68.1,8589200,1725710032.0
2018-04-20,67.41,72.84,67.32,71.19,8925000,1821907552.0
2018-04-23,71.06,71.24,66.4,66.94,6591400,1304092816.0
2018-04-24,65.95,69.05,63.77,68.92,5107400,988896832.0
2018-04-25,67.61,68.51,64.45,65.43,5797300,1110550128.0
2018-04-26,65.11,66.79,62.09,62.39,5911700,1097701072.0
2018-04-27,64.02,64.02,57.94,59.97,6809500,1192514480.0
2018-05-02,59.83,62.07,58.85,59.93,4389800,770217728.0
2018-05-03,57.21,57.94,53.6,57.61,7335900,1201160320.0
2018-05-04,56.84,60.65,56.36,59.46,4989900,861008208.0
2018-05-07,59.1,60.61,58.26,59.43,3110700,539890560.0
2018-05-08,59.76,61.28,58.3,59.39,3065200,531509520.0
2018-05-09,58.74,60.84,58.68,59.29,2941600,511231536.0
2018-05-10,59.01,59.39,56.53,57.18,3475000,583212224.0
2018-05-11,57.12,57.5,55.24,56.5,2989300,492478128.0
2018-05-14,55.39,57.32,54.73,55.28,2922900,476612672.0
2018-05-15,55.35,56.24,53.75,56.07,4073400,656782048.0
2018-05-16,55.75,60.22,55.46,58.04,5605100,951984880.0
2018-05-17,58.33,59.57,57.23,58.5,2748000,466523264.0
2018-05-18,58.48,59.01,56.3,57.41,2256200,377539552.0
2018-05-21,57.1,63.51,57.1,63.51,6971800,894442192.0
2018-05-22,62.31,63.58,61.46,62.24,5288800,683317344.0
2018-05-23,62.1,63.62,61.7,61.93,5340600,692382832.0
2018-05-24,61.82,62.31,59.25,59.36,4504600,563073056.0
2018-05-25,59.35,60.52,57.79,58.05,4016500,493058176.0
2018-05-28,57.88,58.72,55.57,55.67,4194200,497741472.0
2018-05-29,56.18,56.86,53.89,54.25,4611400,530120080.0
2018-05-30,53.22,55.89,51.87,52.47,5503600,620065152.0
2018-05-31,52.97,53.53,49.86,51.82,5363200,577660928.0
2018-06-01,51.54,52.61,49.12,49.64,5795900,613794960.0
2018-06-04,50.51,51.76,49.45,50.54,5423500,576349904.0
2018-06-05,50.88,53.89,50.16,53.47,5894600,641791952.0
2018-06-06,53.12,53.94,52.45,53.17,4639400,515632800.0
2018-06-07,53.79,53.89,51.3,51.76,3486800,380339808.0
2018-06-08,51.08,51.64,49.31,49.91,4887900,514015504.0
2018-06-11,49.49,49.53,47.51,47.64,4851800,492679392.0
2018-06-12,47.64,48.28,45.9,47.51,5942700,587136912.0
2018-06-13,47.77,50.91,47.26,49.47,7040900,733064048.0
2018-06-14,48.9,50.55,48.12,49.51,4635100,483499904.0
2018-06-15,49.42,50.41,48.02,50.0,4241600,439849312.0
2018-06-19,49.31,52.47,45.25,48.12,7296300,751330336.0
2018-06-20,47.26,49.04,45.73,47.64,5330400,530679920.0
2018-06-21,46.86,47.5,42.62,42.7,6555800,624706464.0
2018-06-22,41.99,44.35,41.39,43.39,4863900,444389712.0
2018-06-25,43.99,44.35,42.54,42.85,3517600,324826368.0
2018-06-26,41.91,47.49,41.75,46.31,8457200,812741280.0
2018-06-27,46.75,49.01,46.75,48.03,8742900,881463824.0
2018-06-28,48.01,49.3,46.75,46.85,5009100,506238400.0
2018-06-29,47.51,51.88,47.16,51.86,8736200,915404160.0
2018-07-02,51.54,52.36,50.02,51.35,6852400,732804080.0
2018-07-03,51.18,55.93,50.26,54.23,9520000,1051761120.0
2018-07-04,53.7,54.64,51.49,52.24,7494700,833271376.0
2018-07-05,51.43,52.04,48.76,48.81,8276900,870967248.0
2018-07-06,48.57,52.05,48.57,49.24,8782600,927359680.0
2018-07-09,49.3,50.57,48.81,49.85,5920800,618412976.0
2018-07-10,49.49,50.37,47.77,48.95,6252200,642688832.0
2018-07-11,47.51,49.13,46.6,48.0,6155000,618637520.0
2018-07-12,48.33,53.12,48.28,52.18,10890300,1169092944.0
2018-07-13,51.62,56.7,51.34,55.77,11368800,1278369264.0
2018-07-16,55.98,57.61,54.73,56.21,7041000,819850096.0
2018-07-17,56.76,58.73,55.62,57.5,7939700,941998960.0
2018-07-18,58.79,60.26,56.1,56.17,7481500,905195168.0
2018-07-19,55.62,56.86,54.67,55.68,5255500,609142480.0
2018-07-20,56.13,58.41,54.72,57.23,6175000,728104736.0
2018-07-23,58.17,62.39,57.72,61.92,9055500,1140732752.0
2018-07-24,60.52,61.64,59.5,60.98,7036000,882349536.0
2018-07-25,60.32,62.55,60.32,60.94,4751700,604581200.0
2018-07-26,60.27,60.57,54.65,56.53,8726800,1044577504.0
2018-07-27,56.18,57.51,55.42,56.85,3446300,405515600.0
2018-07-30,56.82,56.98,53.76,54.42,4612900,526612128.0
2018-07-31,54.78,55.52,54.14,55.13,3020900,345519968.0
2018-08-01,55.7,60.01,55.7,57.04,8546000,1033306320.0
2018-08-02,57.21,58.93,54.85,57.97,6891800,818902304.0
2018-08-03,55.43,56.54,51.9,51.95,7851200,884803232.0
2018-08-06,50.57,51.66,48.99,49.9,4475000,470946176.0
2018-08-07,50.09,51.25,47.52,51.12,5859700,609125440.0
2018-08-08,50.52,51.03,46.74,47.22,4891600,501509408.0
2018-08-09,46.86,51.65,46.58,50.98,7249300,761062224.0
2018-08-10,50.93,53.89,50.59,53.21,6155900,674537872.0
2018-08-13,52.44,55.31,51.94,54.98,6147900,690438064.0
2018-08-14,54.31,54.76,51.01,52.08,6496400,713478160.0
2018-08-15,51.65,52.58,49.55,50.01,5310400,565808064.0
2018-08-16,48.52,51.03,47.77,48.98,4899900,509033200.0
2018-08-17,50.01,50.5,48.09,48.93,3649200,377574544.0
2018-08-20,48.47,50.04,47.32,50.04,4107500,420369936.0
2018-08-21,49.8,51.17,48.68,50.52,4478200,470133792.0
2018-08-22,50.0,50.98,48.83,49.33,3653100,381826672.0
2018-08-23,49.04,51.8,48.85,51.45,6350600,678122208.0
2018-08-24,50.98,54.49,50.98,53.68,7847600,873107568.0
2018-08-27,52.61,56.18,52.61,54.65,7685800,880000288.0
2018-08-28,54.76,55.78,54.29,55.04,3585000,410696880.0
2018-08-29,54.76,55.42,54.27,55.14,3327500,380519616.0
2018-08-30,55.16,55.4,52.66,52.87,4752500,532365648.0
2018-08-31,52.93,53.5,52.26,52.27,3114900,343698512.0
2018-09-03,52.05,52.78,49.5,52.61,4444000,474586464.0
2018-09-04,52.65,54.38,51.62,53.68,5004600,554390256.0
2018-09-05,53.18,53.82,51.38,51.39,4240500,465025584.0
2018-09-06,50.98,52.66,50.22,51.45,3782100,408650560.0
2018-09-07,51.21,52.43,47.51,48.83,6834600,714226208.0
2018-09-10,48.36,48.36,43.9,44.53,8989900,869634656.0
2018-09-11,44.95,45.22,42.86,43.83,6281400,585273440.0
2018-09-12,43.82,44.96,43.17,44.09,4083200,381175680.0
2018-09-13,44.86,45.04,40.1,42.36,8022400,723055888.0
2018-09-14,42.87,42.97,40.88,41.29,4596700,406249920.0
2018-09-17,40.91,41.32,39.76,39.83,4267100,366507536.0
2018-09-18,39.59,41.04,39.55,40.98,4327200,373181088.0
2018-09-19,40.82,43.86,40.08,42.59,7444000,665180624.0
2018-09-20,42.4,42.92,41.7,41.88,3616300,323770176.0
2018-09-21,42.15,42.2,39.6,41.75,6989000,607994672.0
2018-09-25,41.14,43.01,40.81,42.15,4838200,433666848.0
2018-09-26,41.92,43.68,41.68,42.85,4860100,439503120.0
2018-09-27,42.72,43.32,41.47,41.64,3906500,350559632.0
2018-09-28,41.78,42.06,40.62,41.76,3735100,328478000.0
2018-10-08,39.86,39.86,37.24,37.24,5065300,412041616.0
2018-10-09,35.83,36.67,33.42,34.48,9168100,687769312.0
2018-10-10,34.27,36.11,33.74,34.87,5737900,431567808.0
2018-10-11,32.21,33.89,31.07,31.7,7226800,510664096.0
2018-10-12,31.77,33.53,30.74,33.05,6660200,465304080.0
2018-10-15,32.82,34.4,32.79,33.26,4790100,348527824.0
2018-10-16,33.2,34.2,31.35,31.85,4740200,336618976.0
2018-10-17,33.23,33.48,31.45,32.96,6021800,428151360.0
2018-10-18,32.96,32.97,31.26,31.82,3787700,265281970.0
2018-10-19,30.81,32.87,29.9,32.51,7816400,535532656.0
2018-10-22,32.87,35.87,32.64,35.29,7859700,584137568.0
2018-10-23,34.86,34.98,32.5,32.91,6351900,464677856.0
2018-10-24,33.1,33.42,31.39,31.66,6051900,422031696.0
2018-11-01,32.72,32.97,28.86,30.91,11714800,795656400.0
2018-11-02,32.05,34.25,31.59,33.83,11324800,803328896.0
2018-11-05,33.3,34.0,32.04,32.85,8554000,613174464.0
2018-11-06,32.4,32.56,30.09,31.32,9384800,635757744.0
2018-11-07,31.18,32.46,30.95,31.51,8011900,554946960.0
2018-11-08,32.1,32.15,30.46,30.61,5910600,400184848.0
2018-11-09,30.12,31.1,29.95,30.22,4592600,306187040.0
2018-11-12,30.22,31.39,30.19,31.24,5399500,363752640.0
2018-11-13,30.67,31.41,30.47,31.12,6911200,466495168.0
2018-11-14,31.67,34.59,31.44,34.24,17216900,1250458768.0
2018-11-15,34.25,35.27,33.74,34.58,12085100,899573824.0
2018-11-16,35.01,37.51,34.76,36.73,12442300,972031984.0
2018-11-19,35.38,39.23,35.27,37.33,10974700,879082176.0
2018-11-20,36.97,37.08,35.46,35.69,9883100,768484736.0
2018-11-21,34.3,35.77,34.3,35.76,6496400,492226896.0
2018-11-22,36.35,36.68,34.58,34.78,7306200,556224512.0
2018-11-23,35.02,35.57,33.56,33.64,7401100,548596352.0
2018-11-26,33.74,34.38,33.01,33.27,4229200,306925696.0
2018-11-27,33.81,34.48,33.42,34.23,5217700,383871104.0
2018-11-28,34.23,35.42,33.99,34.99,5825100,436742128.0
2018-11-29,35.68,36.46,34.18,34.2,7306000,558640848.0
2018-11-30,33.74,35.35,33.42,34.93,5415900,400763792.0
2018-12-03,36.54,37.66,35.89,37.03,9008300,711596352.0
2018-12-04,36.8,37.43,36.57,36.72,4547200,360011824.0
2018-12-05,35.61,36.53,35.32,36.0,4357800,336779792.0
2018-12-06,35.56,35.56,34.59,34.86,5439400,410712576.0
2018-12-07,35.27,36.06,35.16,35.53,3963900,304065120.0
2018-12-10,35.31,35.91,35.1,35.62,2613400,199713948.0
2018-12-11,35.62,36.12,35.59,35.84,2439000,187935187.0
2018-12-12,36.17,36.28,33.23,33.24,7753000,574972256.0
2018-12-13,33.49,33.94,33.14,33.64,4924200,358387200.0
2018-12-14,33.68,33.96,32.3,32.47,5127700,369449376.0
2018-12-17,32.62,32.84,30.92,31.82,4741800,326311152.0
2018-12-18,31.55,32.3,31.02,31.44,3258800,224257901.0
2018-12-19,31.54,31.79,30.83,31.02,2774100,189176641.0
2018-12-20,31.18,31.44,30.83,31.24,2636300,179005776.0
2018-12-21,31.16,31.22,29.89,30.66,3715000,247670154.0
2018-12-24,30.42,31.13,30.2,30.99,2566100,172662734.0
2018-12-25,30.49,30.66,29.26,30.57,4149500,272528368.0
2018-12-26,30.57,31.02,29.6,29.65,4537400,299199904.0
2018-12-27,30.37,30.47,28.12,28.28,5767100,370673872.0
2018-12-28,28.28,28.64,27.37,28.29,4770600,294226224.0
2019-01-02,28.37,28.42,26.95,27.0,4241700,257682033.0
2019-01-03,27.0,27.6,26.6,26.7,3739600,224237190.0
2019-01-04,26.15,27.79,25.85,27.48,4828500,289201600.0
2019-01-07,27.72,29.04,27.56,28.58,5652000,354243520.0
2019-01-08,28.38,28.39,27.59,27.72,3707400,228363233.0
2019-01-09,27.87,29.1,27.62,28.18,5718700,357674560.0
2019-01-10,28.19,28.38,27.66,27.67,3207700,197833527.0
2019-01-11,27.72,28.01,27.61,27.73,2455100,150560747.0
2019-01-14,27.73,28.0,26.18,26.33,4811500,285681184.0
2019-01-15,26.32,27.2,26.11,27.15,4084600,243198797.0
2019-01-16,27.21,28.37,27.21,27.51,4901000,300271200.0
2019-01-17,27.63,27.92,27.04,27.23,3271200,198805817.0
2019-01-18,27.41,27.9,27.04,27.78,4140500,251952370.0
2019-01-21,28.17,30.9,27.78,30.9,13275600,860145632.0
2019-01-22,30.88,30.88,29.74,30.16,7456400,493331152.0
2019-01-23,29.99,30.04,29.06,29.65,5237700,338560464.0
2019-01-24,29.36,32.65,29.36,31.29,10789300,733455696.0
2019-01-25,31.22,32.92,31.0,32.06,9817800,689434896.0
2019-01-28,32.72,33.67,31.99,32.15,7887600,561194336.0
2019-01-29,31.32,32.25,30.61,31.8,6324200,431905632.0
2019-01-30,31.68,31.99,30.57,30.74,4279600,291088720.0
2019-01-31,30.77,32.15,30.77,31.03,4766600,326639088.0
2019-02-01,31.42,32.87,31.25,32.75,5173100,364134592.0
2019-02-11,32.74,35.06,32.59,34.87,6379100,473328272.0
2019-02-12,34.71,34.91,34.02,34.32,5543200,411684368.0
2019-02-13,34.52,36.64,34.52,34.93,8219900,630077856.0
2019-02-14,34.89,36.23,34.18,35.83,5792300,440984528.0
2019-02-15,35.35,36.03,34.58,34.6,5299700,401911584.0
2019-02-18,35.32,36.64,34.49,36.59,7923000,612292224.0
2019-02-19,37.05,37.71,35.79,36.49,7083000,559510144.0
2019-02-20,36.29,36.43,34.85,35.52,6026200,461551296.0
2019-02-21,35.34,37.25,35.34,35.83,7516700,589196592.0
2019-02-22,35.5,37.93,34.85,37.92,11321900,876794384.0
2019-02-25,40.71,42.07,40.11,42.07,11744900,1034045264.0
2019-02-26,42.08,46.62,42.08,44.0,12116200,1133896880.0
2019-02-27,43.79,45.26,42.66,43.74,7406700,685248912.0
2019-02-28,43.03,44.9,43.01,43.43,4961500,461513184.0
2019-03-01,44.2,44.58,42.34,43.54,5084900,465450432.0
2019-03-04,45.57,48.23,45.27,45.83,9674000,944626432.0
2019-03-05,45.98,50.77,45.37,50.77,9632700,993704960.0
2019-03-06,52.61,52.61,49.33,51.06,8711200,930198000.0
2019-03-07,49.6,50.32,47.87,49.81,10303500,1061284576.0
2019-03-08,48.53,55.14,46.75,50.52,13508100,1479760368.0
2019-03-11,51.35,54.59,50.05,51.65,10794600,1175591728.0
2019-03-12,53.12,56.44,52.04,54.65,9652000,1094139168.0
2019-03-13,53.67,55.11,48.84,49.81,10509200,1134554080.0
2019-03-14,48.02,48.79,45.07,47.77,9981200,988861728.0
2019-03-15,47.87,49.55,46.18,46.49,7006400,707621424.0
2019-03-18,47.38,48.52,45.89,48.42,5237000,522284864.0
2019-03-19,48.42,52.1,47.91,49.85,7308200,769628736.0
2019-03-20,48.55,50.39,47.05,48.22,5061000,513710320.0
2019-03-21,48.2,49.65,47.58,48.63,5548000,568568592.0
2019-03-22,51.08,51.08,48.84,49.55,6861000,718994320.0
2019-03-25,47.61,50.55,47.03,48.99,5560700,574789232.0
2019-03-26,49.2,50.32,47.26,47.51,5074300,519894752.0
2019-03-27,48.37,48.51,45.12,46.54,5653000,555820128.0
2019-03-28,46.52,48.92,46.1,46.64,5940500,593139056.0
2019-03-29,46.76,48.53,44.86,48.32,7802900,769930832.0
2019-04-01,48.84,50.73,48.8,49.65,7912600,826158880.0
2019-04-02,50.14,52.99,49.27,51.7,8921400,957232000.0
2019-04-04,55.16,57.22,53.12,57.22,13234000,1545206208.0
2019-04-08,56.7,56.89,52.26,53.77,8731100,988730880.0
2019-04-09,53.19,55.05,52.21,52.79,4595100,510338528.0
2019-04-10,52.36,52.53,50.37,51.49,4550400,487677760.0
2019-04-11,51.64,52.16,48.84,49.53,4491200,471015456.0
2019-04-12,49.4,50.0,47.8,48.53,3729100,381757264.0
2019-04-15,50.06,50.46,47.01,47.17,4007700,410160592.0
2019-04-16,47.26,49.55,45.62,49.2,6652400,666693200.0
2019-04-17,48.95,50.32,48.37,48.64,4198200,433707024.0
2019-04-18,48.44,48.44,46.13,47.29,4697600,466081216.0
2019-04-19,47.29,47.77,46.28,47.05,2938800,290017904.0
2019-04-22,47.26,49.2,46.79,47.57,5384800,545161904.0
2019-04-23,47.51,49.17,47.12,47.66,4094100,415721632.0
2019-04-24,47.77,50.09,47.66,50.08,5135800,529084112.0
2019-04-25,49.42,50.56,47.07,47.34,4052900,415956912.0
2019-04-26,47.34,48.13,45.73,45.83,3903700,385898736.0
2019-04-29,45.9,46.3,40.89,40.95,7807100,702898816.0
2019-04-30,37.31,39.61,36.8,38.83,8328200,679017152.0
2019-05-06,37.05,37.45,34.59,34.59,5464400,422421904.0
2019-05-07,34.07,35.54,34.07,34.93,5284200,396578784.0
2019-05-08,34.18,38.4,33.68,36.75,6869500,540902480.0
2019-05-09,37.98,38.28,36.69,37.13,4938700,395753104.0
2019-05-10,37.72,40.24,35.64,39.99,7440700,615958928.0
2019-05-13,39.09,39.96,37.95,38.53,4411300,366766240.0
2019-05-14,37.85,38.97,37.24,37.24,4143400,336975344.0
2019-05-15,38.19,38.28,37.37,37.92,3212300,260209403.0
2019-05-16,38.07,38.23,36.7,37.2,3625500,290073008.0
2019-05-17,38.35,39.6,36.28,36.45,7321000,598199296.0
2019-05-20,37.82,38.61,37.06,38.06,6898000,559607680.0
2019-05-21,38.32,38.51,36.29,37.75,5388700,433819472.0
2019-05-22,37.67,40.97,37.31,40.96,11257900,954111136.0
2019-05-23,41.33,41.82,39.1,39.78,8697900,747268576.0
2019-05-24,39.04,39.78,37.82,38.08,5246900,432164832.0
2019-05-27,38.27,40.55,37.82,39.88,7155900,604280416.0
2019-05-28,40.27,40.6,39.07,39.26,5473800,462815696.0
2019-05-29,38.84,40.57,38.66,39.55,4458500,376782864.0
2019-05-30,37.31,37.59,35.27,36.74,8977200,705467232.0
2019-05-31,36.74,37.35,35.58,35.78,5120700,398778480.0
2019-06-03,36.37,36.69,34.9,34.95,4617000,351789648.0
2019-06-04,35.16,35.54,34.24,35.15,2674600,201086865.0
2019-06-05,35.62,35.68,34.54,34.99,2689300,202655851.0
2019-06-06,35.1,35.1,34.42,34.6,2305900,172118034.0
2019-06-10,34.7,35.62,34.6,35.43,3012800,227693019.0
2019-06-11,35.45,36.63,34.54,36.59,5910700,452533440.0
2019-06-12,36.27,36.87,36.11,36.4,3622900,282026832.0
2019-06-13,36.38,36.58,36.07,36.36,2807000,218368721.0
2019-06-14,36.51,38.21,36.51,36.95,6391800,510606784.0
2019-06-17,36.03,37.25,35.82,35.98,2752900,214344446.0
2019-06-18,36.15,36.15,35.46,35.55,1678300,128524606.0
2019-06-19,36.94,38.16,36.9,37.74,6271300,502533520.0
2019-06-20,37.65,40.21,37.5,39.44,6151600,513957376.0
2019-06-21,39.72,41.28,39.68,40.74,6441500,556711856.0
2019-06-24,40.09,40.92,39.09,39.79,4762800,403201392.0
2019-06-25,39.49,39.58,37.56,38.04,5232500,425920352.0
2019-06-26,37.97,40.91,37.94,40.48,7438000,629881584.0
2019-06-27,40.46,42.45,40.34,40.7,6884700,600915536.0
2019-06-28,41.27,41.28,40.03,40.87,3040100,261706314.0
2019-07-01,42.61,43.65,42.3,43.23,6292700,573132016.0
2019-07-02,43.06,44.29,42.55,43.01,4820400,441810368.0
2019-07-03,42.86,44.02,42.1,43.67,4292400,391565552.0
2019-07-04,43.79,45.45,43.06,44.31,4949600,463386256.0
2019-07-05,44.47,44.75,42.96,44.16,3499500,323609568.0
2019-07-08,43.7,43.7,41.3,41.38,4870000,434255296.0
2019-07-09,42.37,42.75,41.43,41.78,3070100,273331296.0
2019-07-10,42.52,44.89,42.44,44.08,5905100,543278208.0
2019-07-11,45.11,45.39,43.46,44.09,5320700,497860592.0
2019-07-12,44.48,44.5,43.47,43.48,2653500,245960501.0
2019-07-15,43.32,47.49,41.72,46.94,8018600,770424960.0
2019-07-16,46.65,49.95,46.43,48.56,6772900,686489712.0
2019-07-17,48.41,49.8,47.45,47.9,6276000,639826208.0
2019-07-18,47.66,48.04,45.56,46.05,5089200,496076928.0
2019-07-19,46.68,47.58,46.03,46.6,3939500,386294864.0
2019-07-22,47.3,47.66,43.84,45.5,4541300,442398704.0
2019-07-23,46.02,48.14,45.21,48.12,4821400,478616864.0
2019-07-24,47.72,49.37,47.04,47.79,5385000,542811424.0
2019-07-25,47.55,49.21,47.55,49.16,5195200,530429920.0
2019-07-26,48.68,49.8,48.18,48.73,4423600,453758736.0
2019-07-29,48.69,49.7,47.99,48.47,2719300,277834704.0
2019-07-30,48.52,48.91,46.38,46.67,5467400,541659856.0
2019-07-31,46.84,47.01,46.07,46.53,2859900,280163456.0
2019-08-01,46.16,46.16,43.3,43.73,7722600,722345088.0
2019-08-02,41.61,44.94,41.58,44.14,5610600,518646672.0
2019-08-05,43.97,44.51,42.31,42.63,4299900,393239184.0
2019-08-06,41.54,42.25,39.9,41.47,6120300,531012928.0
2019-08-07,41.68,42.14,40.53,41.24,4139700,363012112.0
2019-08-08,41.54,42.13,40.82,41.88,3222100,284366032.0
2019-08-09,42.55,42.86,40.05,40.62,4473300,392197760.0
2019-08-12,40.72,41.3,39.84,41.02,6058300,519281824.0
2019-08-13,40.39,41.79,39.04,41.13,5718800,493916240.0
2019-08-14,41.99,45.44,41.99,43.48,9694400,900201696.0
2019-08-15,39.68,43.41,39.68,42.86,9467900,832255568.0
2019-08-16,43.05,46.13,42.85,45.78,9029900,858881888.0
2019-08-19,47.76,49.44,46.67,48.28,10154100,1024083296.0
2019-08-20,49.19,50.13,48.68,49.1,6982200,721635680.0
2019-08-21,48.86,54.2,48.83,53.16,9766600,1060872128.0
2019-08-22,53.08,56.33,52.15,54.03,8989800,1011378064.0
2019-08-23,54.29,55.98,52.76,55.21,6513200,738784880.0
2019-08-26,54.03,55.88,53.68,54.72,5435300,617160208.0
2019-08-27,56.43,60.53,55.92,58.63,10307400,1255303744.0
2019-08-28,59.75,60.36,57.8,57.86,11421800,1397864032.0
2019-08-29,58.68,60.53,55.65,59.44,8332900,1013029200.0
2019-08-30,60.41,65.72,60.36,63.75,14296800,1866533696.0
2019-09-02,63.09,67.04,60.67,66.68,9963600,1310435904.0
2019-09-03,66.68,73.42,66.01,70.08,9567200,1376808384.0
2019-09-04,70.14,71.03,67.4,70.5,7223400,1027167744.0
2019-09-05,71.28,72.78,68.9,69.03,7815400,1128568400.0
2019-09-06,68.9,72.61,68.06,68.58,8393800,1205055744.0
2019-09-09,72.09,75.77,70.9,75.77,13079300,1967381360.0
2019-09-10,77.25,78.06,73.17,75.2,9982100,1544753216.0
2019-09-11,74.64,77.47,72.15,73.53,7151600,1090875664.0
2019-09-12,74.03,75.42,71.94,73.78,5051700,761570752.0
2019-09-16,73.68,74.39,72.45,73.15,5459700,821256384.0
2019-09-17,73.58,73.72,69.09,70.12,10640100,1549966960.0
2019-09-18,71.12,73.58,69.95,71.84,9137800,1345556224.0
2019-09-19,71.43,73.42,70.91,73.32,7897300,1169003536.0
2019-09-20,73.76,80.99,73.76,80.26,15975800,2549658480.0
2019-09-23,81.84,88.62,79.69,88.62,13578600,2332093344.0
2019-09-24,86.43,89.43,84.8,84.84,12778500,2258870032.0
2019-09-25,83.88,85.4,76.36,77.44,16577100,2705770816.0
2019-09-26,78.78,78.94,71.13,72.41,13406200,2048445152.0
2019-09-27,72.98,74.52,71.53,72.16,10002800,1493164688.0
2019-09-30,72.07,72.66,68.83,70.81,8255700,1205051824.0
2019-10-08,71.23,72.08,66.01,68.24,8980700,1272315168.0
2019-10-09,67.95,69.9,66.7,69.42,6995300,989395744.0
2019-10-10,69.4,72.04,69.09,71.39,8063500,1170215472.0
2019-10-11,71.64,72.37,67.65,68.68,7387600,1052797664.0
2019-10-14,69.64,72.4,69.52,71.53,8302700,1210996192.0
2019-10-15,70.84,71.23,66.62,67.3,9153900,1277961664.0
2019-10-16,67.7,68.8,66.08,66.69,6071200,840231120.0
2019-10-17,67.19,67.61,65.74,66.9,3864200,531915008.0
2019-10-18,66.81,67.81,62.7,63.98,9328400,1245536896.0
2019-10-21,64.19,66.36,62.74,65.76,7333800,983440864.0
2019-10-22,66.58,70.62,65.51,68.8,10446900,1476437280.0
2019-10-23,69.09,70.34,67.61,68.58,5379300,763164576.0
2019-10-24,67.85,68.37,65.06,66.33,5518600,754443040.0
2019-10-25,67.09,69.85,66.27,69.19,5189300,725943968.0
2019-10-28,70.7,73.1,69.49,72.79,7732200,1137294608.0
2019-10-29,73.17,73.61,69.94,70.36,6395600,938221808.0
2019-10-30,73.27,77.73,73.27,77.55,15857800,2481074656.0
2019-10-31,77.5,78.76,74.7,75.17,9466600,1489471264.0
2019-11-01,75.21,79.4,73.79,78.19,7512100,1182184688.0
2019-11-04,78.17,82.5,77.25,80.88,8602900,1413762336.0
2019-11-05,80.9,88.12,80.05,85.31,9623900,1649435776.0
2019-11-06,85.31,87.76,81.7,83.13,8451500,1451258848.0
2019-11-07,83.12,83.12,79.95,82.04,7072400,1176494400.0
2019-11-08,82.81,83.78,79.92,81.84,7496000,1258435568.0
2019-11-11,80.82,83.61,79.7,81.8,6872600,1147717920.0
2019-11-12,80.83,82.1,76.01,80.11,7344100,1187901232.0
2019-11-13,80.3,86.94,78.78,86.3,9744000,1666225824.0
2019-11-14,85.39,88.92,84.26,88.92,9007500,1583479328.0
2019-11-15,88.64,90.76,84.14,84.34,8515200,1526372736.0
2019-11-18,84.45,85.87,82.1,84.7,6670300,1143537584.0
2019-11-19,83.42,88.61,83.05,87.91,5997200,1051062160.0
2019-11-20,86.97,88.58,82.97,83.56,6596100,1144327632.0
2019-11-21,82.3,84.85,81.85,83.01,4786100,812983168.0
2019-11-22,83.63,87.45,78.01,79.24,12475900,2074290240.0
2019-11-25,78.78,79.85,76.68,77.0,7633900,1217597456.0
2019-11-26,77.72,79.9,77.72,79.73,7300000,1178198512.0
2019-11-27,79.03,83.88,77.5,81.46,9192200,1519670384.0
2019-11-28,81.3,83.83,80.26,81.73,5351200,898467968.0
2019-11-29,81.31,82.69,78.03,81.02,6955000,1139955552.0
2019-12-02,80.56,84.34,80.24,84.19,6790700,1149981712.0
2019-12-03,82.87,88.88,82.42,88.24,9338900,1637173104.0
2019-12-04,87.1,90.86,86.05,89.34,8100200,1462520336.0
2019-12-05,88.61,96.92,88.15,92.81,9708200,1831253600.0
2019-12-06,92.55,96.63,91.53,95.64,7031300,1343305888.0
2019-12-09,96.1,98.67,94.02,97.07,8040200,1575531648.0
2019-12-10,96.05,100.05,94.09,98.22,7073800,1395199200.0
2019-12-11,97.15,100.0,95.34,98.68,6082400,1208355888.0
2019-12-12,99.41,105.3,98.47,103.78,7576000,1568265568.0
2019-12-13,103.78,103.78,97.91,100.38,8637000,1753827232.0
2019-12-16,99.7,102.96,97.03,101.22,8274200,1673577568.0
2019-12-17,100.81,101.96,99.19,100.49,5214700,1061504288.0
2019-12-18,99.96,104.08,99.7,101.72,6168000,1272339184.0
2019-12-19,99.65,99.7,94.71,96.62,8604400,1692778896.0
2019-12-20,97.61,98.62,95.62,96.28,4844700,954184000.0
2019-12-23,90.51,92.13,87.96,89.65,11348300,2079560128.0
2019-12-24,91.66,98.58,89.91,96.32,8586300,1638218928.0
2019-12-25,98.17,106.29,97.62,106.29,8294600,1747207440.0
2019-12-26,106.89,108.19,101.32,103.95,7377500,1555413728.0
2019-12-27,103.78,104.8,98.37,98.68,7389100,1514537808.0
2019-12-30,98.68,103.32,95.62,102.44,6493700,1324806864.0
2019-12-31,102.58,103.86,99.22,101.17,5247800,1082163008.0
2020-01-02,102.25,111.36,101.79,108.64,9954700,2167567312.0
2020-01-03,110.92,111.13,106.16,109.09,7056400,1545268896.0
2020-01-06,106.59,113.88,106.59,111.94,6469700,1450349024.0
2020-01-07,110.41,112.39,103.27,105.2,9243900,1987585680.0
2020-01-08,105.02,107.35,103.98,105.56,5061000,1080656128.0
2020-01-09,106.53,112.91,104.63,111.84,8010700,1769473264.0
2020-01-10,110.41,123.36,110.41,121.64,8648500,2058410992.0
2020-01-13,121.65,131.78,118.68,130.21,9199600,2293768544.0
2020-01-14,127.35,129.86,123.97,126.22,7057600,1794191616.0
2020-01-15,124.24,129.69,123.31,127.34,5892000,1497958160.0
2020-01-16,127.0,130.42,124.19,125.31,4624900,1173776912.0
2020-01-17,126.56,127.59,123.7,125.72,4468600,1129924368.0
2020-01-20,126.42,137.54,126.42,137.45,7061400,1881473872.0
2020-01-21,130.05,138.36,128.78,135.12,9511900,2546471680.0
2020-01-22,133.54,145.64,130.83,144.39,6981800,1953000384.0
2020-01-23,139.49,152.25,130.59,141.02,10307600,2924347792.0
2020-02-03,126.59,128.27,126.59,126.59,4633900,1180697360.0
2020-02-04,126.64,139.07,126.59,138.93,8921900,2413598688.0
2020-02-05,139.58,146.38,137.36,140.25,9044000,2555335904.0
2020-02-06,135.54,141.58,135.41,141.09,7207100,2010430608.0
2020-02-07,139.91,149.06,138.12,146.88,7717800,2234333776.0
2020-02-10,147.55,147.61,136.94,140.31,8042400,2266772208.0
2020-02-11,138.73,144.24,138.73,140.97,5061900,1442405360.0
2020-02-12,138.08,147.42,137.96,145.44,6012900,1725910384.0
2020-02-13,147.95,160.33,147.66,158.86,11573100,3633693632.0
2020-02-14,156.33,162.45,150.5,155.52,7916000,2485757632.0
2020-02-17,154.29,161.33,154.29,158.88,5058300,1611570896.0
2020-02-18,159.33,163.8,157.61,163.51,5488900,1768996096.0
2020-02-19,162.46,178.49,160.47,170.68,7533100,2564606032.0
2020-02-20,170.62,188.09,169.6,188.09,7590400,2728007664.0
2020-02-21,187.14,199.64,185.41,197.9,8219000,3175535776.0
2020-02-24,199.95,204.67,191.19,201.74,8543800,3369827680.0
2020-02-25,196.64,215.1,195.62,214.07,11251500,4666930688.0
2020-02-26,210.92,215.0,192.32,193.07,10484400,4235850784.0
2020-02-27,198.17,199.7,174.19,177.8,15173700,5545046784.0
2020-02-28,172.36,192.91,163.73,181.86,16030300,5640634624.0
2020-03-02,186.94,190.51,170.62,176.4,13593400,4830110208.0
2020-03-03,178.27,187.86,172.66,175.36,12463800,4484585216.0
2020-03-04,170.11,172.16,157.49,160.82,17642900,5696808960.0
2020-03-05,161.94,165.0,153.68,162.91,15103500,4832094720.0
2020-03-06,158.39,163.98,157.3,160.86,7877000,2537137648.0
2020-03-09,157.1,157.35,145.73,147.62,11604800,3526189440.0
2020-03-10,151.27,157.35,148.17,157.15,13072400,4018060000.0
2020-03-11,156.07,156.64,145.88,146.34,11721100,3547165648.0
2020-03-12,143.7,151.68,142.93,149.8,10886100,3232645888.0
2020-03-13,142.14,158.98,142.04,155.12,14110400,4296163328.0
2020-03-16,153.22,153.22,139.27,139.27,12926800,3771996064.0
2020-03-17,143.58,144.6,132.35,141.08,8910800,2494452960.0
2020-03-18,142.1,145.31,134.25,136.22,9916900,2788225680.0
2020-03-19,136.94,138.98,130.1,137.45,9688100,2645706192.0
2020-03-20,139.82,140.51,126.23,136.33,10653300,2853217184.0
2020-03-23,129.8,130.31,122.36,122.36,11212800,2845233200.0
2020-03-24,125.72,126.11,114.66,121.18,12072700,2938344800.0
2020-03-25,125.72,129.21,122.16,124.85,11321000,2862070560.0
2020-03-26,122.99,128.05,121.79,122.3,8345100,2087182336.0
2020-03-27,125.46,128.37,123.17,124.22,9977000,2520455200.0
2020-03-30,121.13,128.06,117.48,125.51,11557200,2855059312.0
2020-03-31,127.25,127.66,120.11,120.11,10118800,2506584480.0
2020-04-01,117.55,125.26,117.04,120.25,9597400,2365877296.0
2020-04-02,120.39,132.62,120.32,132.62,15649300,3986157712.0
2020-04-03,130.65,132.35,127.25,128.16,10975900,2860226912.0
2020-04-07,134.39,135.41,130.46,131.59,9963400,2662565472.0
2020-04-08,131.08,135.38,129.86,133.7,7914600,2121391696.0
2020-04-09,135.41,136.25,128.98,130.39,6803600,1794420240.0
2020-04-10,130.31,130.31,121.64,122.62,7796300,1957418688.0
2020-04-13,120.59,122.95,115.0,117.15,6663600,1592254448.0
2020-04-14,119.05,122.66,117.38,121.8,7253700,1745426624.0
2020-04-15,122.56,132.0,120.67,126.8,10602300,2705496240.0
2020-04-16,125.8,129.8,123.19,128.29,6683200,1711725392.0
2020-04-17,131.87,138.98,131.87,133.88,14283700,3884732848.0
2020-04-20,133.88,135.65,128.58,132.91,8699500,2300516592.0
2020-04-21,130.28,131.08,123.78,127.77,8795600,2254278944.0
2020-04-22,124.7,127.39,124.19,127.24,5712500,1447441520.0
2020-04-23,127.66,128.68,124.94,125.05,5474100,1391420592.0
2020-04-24,124.7,126.99,121.55,122.19,4806100,1193345392.0
2020-04-27,122.17,123.12,117.86,122.15,5075100,1232359392.0
2020-04-28,122.87,129.18,119.85,128.93,9971900,2530240368.0
2020-04-29,130.8,130.8,124.7,125.49,7137300,1828996016.0
2020-04-30,129.29,138.38,128.01,138.38,12386100,3367841696.0
2020-05-06,142.04,152.55,139.55,152.55,12262400,3618222416.0
2020-05-07,158.78,162.38,153.97,158.26,17931600,4047632496.0
2020-05-08,157.55,160.1,152.55,154.69,18603600,4134251376.0
2020-05-11,156.12,158.74,152.82,154.24,13125000,2912914352.0
2020-05-12,154.69,154.69,146.37,152.47,15469200,3327076016.0
2020-05-13,149.84,154.33,149.19,153.26,10953600,2376469632.0
2020-05-14,152.19,153.97,150.07,150.21,10981500,2378616816.0
2020-05-15,151.26,165.54,150.26,161.12,24505400,5596530432.0
2020-05-18,162.49,167.53,150.4,151.12,26533400,5984450048.0
2020-05-19,152.62,155.4,148.47,155.34,20046500,4367127808.0
2020-05-20,153.12,157.53,150.37,151.59,14298800,3132218144.0
2020-05-21,152.54,158.12,149.6,150.4,15363700,3373253568.0
2020-05-22,148.97,151.84,141.12,143.26,15277300,3173795280.0
2020-05-25,140.86,144.32,136.46,138.97,11477700,2295538336.0
2020-05-26,139.9,144.52,139.9,141.79,9604100,1957352752.0
2020-05-27,140.97,141.62,135.33,136.12,10114800,1989721008.0
2020-05-28,136.12,138.89,133.37,137.18,9284500,1808160448.0
2020-05-29,135.4,137.18,133.45,134.97,7840900,1519276960.0
2020-06-01,137.55,146.44,136.83,144.19,14585300,2960344480.0
2020-06-02,144.76,145.95,142.67,145.12,8664300,1789178656.0
2020-06-03,145.12,150.04,141.85,145.12,11959800,2494046320.0
2020-06-04,145.4,146.83,143.26,143.73,5868700,1212822208.0
2020-06-05,152.54,158.42,151.12,158.42,23805000,5301265152.0
2020-06-08,158.42,160.62,155.87,156.48,16163100,3657879440.0
2020-06-09,157.54,161.05,155.48,158.96,11061900,2513571840.0
2020-06-10,158.08,166.74,157.14,164.18,13473300,3121742368.0
2020-06-11,164.67,165.76,157.92,159.62,14074400,3247670080.0
2020-06-12,154.68,163.54,153.47,161.14,14965900,3397943440.0
2020-06-15,153.97,155.37,150.41,150.55,16733800,3651692672.0
2020-06-16,152.75,153.62,149.77,152.2,9151600,1985914304.0
2020-06-17,151.83,152.26,148.58,150.54,7114600,1526523040.0
2020-06-18,149.9,156.12,149.33,154.91,11769700,2584407440.0
2020-06-19,155.47,162.62,153.28,158.47,12129200,2741262976.0
2020-06-22,160.97,169.4,160.83,165.72,15985800,3748986624.0
2020-06-23,166.12,167.97,161.69,166.32,12213700,2878675664.0
2020-06-24,166.84,173.26,165.4,171.17,13519200,3270036096.0
2020-06-29,168.9,170.04,161.26,163.82,14667300,3450274304.0
2020-06-30,164.61,167.29,163.62,165.34,11426300,2699172672.0
2020-07-01,165.04,171.42,161.97,166.2,12860200,3067773792.0
2020-07-02,166.12,169.6,163.12,167.08,12030900,2857048112.0
2020-07-03,167.04,167.46,161.35,164.27,14134900,3304280144.0
2020-07-06,164.26,181.01,164.22,181.01,21839200,5472891904.0
2020-07-07,186.9,198.26,186.9,186.92,22061700,6014457344.0
2020-07-08,186.83,189.69,181.04,188.62,17908100,4749422336.0
2020-07-09,187.54,198.14,186.12,194.62,17988900,4952219648.0
2020-07-10,191.21,197.54,189.69,192.4,14392200,3944837888.0
2020-07-13,191.13,194.87,185.32,192.54,18372000,4956273920.0
2020-07-14,192.18,207.54,191.76,203.19,23771400,6763309568.0
2020-07-15,202.47,203.12,187.41,189.69,21821300,5980219392.0
2020-07-16,187.54,189.68,170.4,170.4,20215100,5109736192.0
2020-07-17,168.18,171.87,161.12,163.19,16281200,3829262192.0
2020-07-20,166.12,168.44,157.33,168.39,12748800,2979272992.0
2020-07-21,166.83,170.33,165.19,169.19,10493500,2513253328.0
2020-07-22,168.99,174.9,166.9,170.07,9936400,2432731136.0
2020-07-23,167.32,169.69,162.59,168.18,10088700,2403956704.0
2020-07-24,166.34,171.69,157.57,157.97,11896900,2782247312.0
2020-07-27,159.57,162.89,153.97,157.32,9860300,2235266448.0
2020-07-28,159.69,160.39,157.16,157.55,6848700,1551022224.0
2020-07-29,159.47,164.27,157.84,163.94,10448000,2412115248.0
2020-07-30,166.83,167.52,160.04,160.87,8659500,2001940608.0
2020-07-31,159.69,164.94,158.89,162.19,10723200,2476065968.0
2020-08-03,164.05,164.67,158.27,162.94,15637000,3596482864.0
2020-08-04,163.26,167.06,161.18,163.9,12615500,2954594880.0
2020-08-05,173.25,173.26,165.62,165.62,13838200,3327229744.0
2020-08-06,163.62,164.69,160.41,161.22,9702800,2242546944.0
2020-08-07,160.37,161.83,151.03,154.61,11259700,2508567280.0
2020-08-10,152.54,154.26,148.97,152.57,9657600,2094251632.0
2020-08-11,154.69,157.54,150.4,150.87,7202100,1585720960.0
2020-08-12,150.83,151.83,143.68,147.9,10367400,2180287104.0
2020-08-13,149.42,149.83,146.12,147.28,5163100,1089570592.0
2020-08-14,147.27,148.74,145.73,148.33,4576500,965291760.0
2020-08-17,148.76,150.4,146.83,150.39,7856400,1668791152.0
2020-08-18,150.4,151.37,147.19,149.67,7369900,1572073360.0
2020-08-19,148.8,148.83,144.34,144.58,6126300,1282062272.0
2020-08-20,143.13,146.02,141.83,143.9,4906000,1008980000.0
2020-08-21,145.8,146.74,141.47,143.83,6558300,1345817936.0
2020-08-24,143.39,144.74,138.83,143.89,7073300,1441622208.0
2020-08-25,144.69,145.9,142.03,143.83,5930700,1220192848.0
2020-08-26,141.12,141.12,133.42,133.45,14780800,2886328416.0
2020-08-27,132.47,136.19,129.72,134.61,9302400,1777184528.0
2020-08-28,134.62,137.9,132.87,137.49,7461400,1448577488.0
2020-08-31,138.97,145.24,138.97,139.35,10461300,2124430976.0
2020-09-01,139.72,140.4,136.99,139.57,4855100,964651888.0
2020-09-02,139.65,139.8,137.22,137.49,4545200,897912912.0
2020-09-03,137.25,141.69,134.84,141.45,8250900,1641684464.0
2020-09-04,138.97,144.39,138.51,142.59,9936700,2026159488.0
2020-09-07,138.25,138.25,128.09,129.34,16487100,3141317424.0
2020-09-08,128.57,130.34,126.9,129.53,5769200,1067104032.0
2020-09-09,127.83,127.89,122.22,122.54,9039600,1615171408.0
2020-09-10,124.59,126.12,120.94,121.47,6165300,1095896816.0
2020-09-11,122.54,125.11,121.4,124.62,5966600,1059771856.0
2020-09-14,125.76,126.97,123.12,123.99,5601000,1003911968.0
2020-09-15,123.17,128.69,121.4,125.76,8126800,1456973744.0
2020-09-16,125.32,127.36,124.04,124.53,5178600,933625488.0
2020-09-17,124.33,127.69,121.83,125.94,7792900,1400727216.0
2020-09-18,125.44,127.78,124.54,127.4,6213000,1126338368.0
2020-09-21,128.26,128.89,124.77,124.92,5439100,988635056.0
2020-09-22,123.05,125.97,122.7,123.26,4028100,717891728.0
2020-09-23,123.97,127.54,123.89,127.33,7987300,1450973360.0
2020-09-24,125.76,127.19,124.99,125.69,4815900,871336928.0
2020-09-25,127.18,127.19,123.61,124.33,4015100,719132784.0
2020-09-28,123.26,123.62,120.76,121.12,5372300,938452448.0
2020-09-29,121.79,123.39,121.04,121.29,4411000,773652528.0
2020-09-30,121.83,122.19,120.44,120.48,3591100,625301280.0
2020-10-09,122.54,125.39,122.04,125.27,6551200,1166228160.0
2020-10-12,126.62,130.82,125.76,130.74,9343400,1722134640.0
2020-10-13,131.08,131.1,128.34,129.66,5857200,1087448368.0
2020-10-14,129.21,129.44,127.03,128.43,4608100,847378784.0
2020-10-15,128.75,133.89,128.69,129.38,8413000,1579401312.0
2020-10-16,130.4,131.12,126.83,127.92,4634800,852813360.0
2020-10-19,128.26,128.89,126.17,126.32,3395900,621516256.0
2020-10-20,126.12,126.79,123.84,126.62,3382100,608923440.0
2020-10-21,126.83,126.83,123.62,123.72,3720000,665005536.0
2020-10-22,123.69,126.47,122.28,125.63,3756300,674671952.0
2020-10-23,125.33,125.97,123.26,123.29,3064100,547104320.0
2020-10-26,121.83,123.97,121.19,121.82,2849800,500730688.0
2020-10-27,121.12,123.97,120.77,123.72,2764600,487614944.0
2020-10-28,124.43,126.67,121.87,126.22,4047500,725180720.0
2020-10-29,124.06,125.29,121.83,123.26,4330700,766954128.0
2020-10-30,126.12,135.9,126.12,135.9,23636400,4532121600.0
2020-11-02,137.54,145.17,133.97,143.69,22785400,4545932288.0
2020-11-03,143.97,144.96,139.84,142.04,13919000,2834822304.0
2020-11-04,142.54,145.97,141.14,143.26,10262900,2104717568.0
2020-11-05,146.24,146.87,141.6,144.54,9424900,1940653184.0
2020-11-06,145.4,148.4,141.12,148.37,12601700,2611087616.0
2020-11-09,151.12,163.52,151.12,157.61,21192000,4774863104.0
2020-11-10,155.4,156.46,150.44,151.43,11456000,2511785824.0
2020-11-11,148.97,150.32,140.49,141.12,12843100,2655407184.0
2020-11-12,144.19,144.29,140.34,142.12,5619100,1145081664.0
2020-11-13,140.42,146.33,139.94,144.79,7571200,1560513296.0
2020-11-16,143.44,144.68,138.07,140.04,8920000,1803586112.0
2020-11-17,139.69,151.01,135.4,150.14,15337200,3130975312.0
2020-11-18,147.54,150.95,145.97,147.4,12290200,2606856176.0
2020-11-19,146.12,152.74,145.92,148.26,10390400,2223630448.0
2020-11-20,147.84,149.39,144.44,145.12,7981000,1672798256.0
2020-11-23,144.69,150.04,144.1,147.27,9596000,2022031376.0
2020-11-24,148.26,150.4,146.12,147.26,9376200,1990913232.0
2020-11-25,146.83,147.46,142.9,143.83,7941800,1648425168.0
2020-11-26,143.83,145.08,140.75,140.94,5795800,1186318608.0
2020-11-27,140.41,143.26,138.89,142.25,5614000,1138876608.0
2020-11-30,143.33,147.96,140.44,144.39,10623200,2205689968.0
2020-12-01,144.32,145.74,142.95,144.74,6643400,1368525872.0
2020-12-02,146.32,152.37,146.26,150.47,18570100,3984964272.0
2020-12-03,150.38,152.19,147.57,148.96,9994200,2140040768.0
2020-12-04,150.41,152.18,148.98,151.47,8679700,1872580544.0
2020-12-07,156.85,157.76,149.32,149.69,12206100,2660244480.0
2020-12-08,148.97,151.03,147.92,149.33,5743400,1230886624.0
2020-12-09,148.83,149.89,144.46,144.87,7385000,1554380400.0
2020-12-10,144.4,148.26,142.62,146.76,8448400,1765943904.0
2020-12-11,147.21,147.21,139.76,140.04,15434600,3130747520.0
2020-12-14,140.54,143.8,139.34,143.68,8947400,1817387120.0
2020-12-15,143.69,145.09,141.12,143.19,6642300,1360052752.0
2020-12-16,142.4,144.14,141.12,141.84,4613200,938003648.0
2020-12-17,141.47,144.33,140.42,143.48,5058200,1031634560.0
2020-12-18,145.69,146.47,140.4,141.04,7788000,1589617280.0
2020-12-21,137.53,141.07,132.54,139.82,10445000,2055974880.0
2020-12-22,136.9,139.54,135.04,135.04,7842200,1536970560.0
2020-12-23,135.04,136.82,133.24,135.75,8486500,1639297344.0
2020-12-24,135.76,137.46,129.33,131.83,10030100,1906952608.0
2020-12-25,131.22,131.26,127.19,127.64,8794400,1622280032.0
2020-12-28,127.55,130.17,125.77,128.44,6546800,1203506816.0
2020-12-29,129.37,139.54,129.08,135.27,14399100,2802131696.0
2020-12-30,133.89,137.27,131.21,136.27,10116900,1943508032.0
2020-12-31,137.89,139.33,135.83,137.9,8293200,1637645760.0
2021-01-04,138.25,140.39,135.83,138.7,9019100,1783610464.0
2021-01-05,136.44,146.57,136.12,146.04,16550800,3378792592.0
2021-01-06,147.78,148.4,140.44,142.34,12854500,2635813360.0
2021-01-07,141.47,142.19,137.26,140.08,10361900,2067657216.0
2021-01-08,140.26,142.67,137.34,141.52,9413600,1889970592.0
2021-01-11,145.4,149.83,141.84,142.68,16017900,3348726000.0
2021-01-12,140.79,144.32,137.12,144.07,13198600,2668396592.0
2021-01-13,145.38,150.54,142.72,150.49,23391500,4946431232.0
2021-01-14,152.48,156.19,147.12,153.56,27717900,6045610752.0
2021-01-15,152.26,155.02,146.32,150.26,16542000,3559529152.0
2021-01-18,148.34,160.04,145.49,157.28,22001700,4857506304.0
2021-01-19,157.47,160.76,154.78,157.54,15415500,3472744784.0
2021-01-20,157.6,159.39,156.19,157.9,10927200,2461157392.0
2021-01-21,158.97,158.97,151.27,152.58,15088300,3322048576.0
2021-01-22,151.83,152.54,145.1,146.6,19050900,4023867856.0
2021-01-25,138.95,144.38,134.92,141.17,21974100,4405140224.0
2021-01-26,139.76,143.4,136.57,136.62,10448500,2083068864.0
2021-01-27,137.54,137.69,131.23,133.03,11304200,2170521520.0
2021-01-28,131.12,134.64,129.52,129.9,8024100,1509923808.0
2021-01-29,130.68,131.47,125.83,126.83,9653700,1777024368.0
2021-02-01,126.12,128.95,125.9,128.52,5808500,1065677648.0
2021-02-02,128.97,133.72,128.96,132.22,7430400,1402913760.0
2021-02-03,131.32,132.08,126.83,126.83,7853000,1456916864.0
2021-02-04,125.41,130.76,117.54,129.67,15769900,2791349776.0
2021-02-05,127.54,128.18,121.83,122.33,8797000,1583222208.0
2021-02-08,122.33,126.99,122.3,124.74,6265300,1125575344.0
2021-02-09,125.53,128.09,123.97,128.02,5991000,1090666208.0
2021-02-10,128.83,128.83,126.6,128.13,4857500,892208832.0
2021-02-18,130.83,135.03,129.65,131.88,9118500,1731918064.0
2021-02-19,131.69,137.24,130.44,136.77,10455500,2035806672.0
2021-02-22,134.69,136.4,131.12,131.12,8256500,1579426976.0
2021-02-23,129.69,129.9,125.89,127.69,5896900,1083769888.0
2021-02-24,128.26,139.69,127.9,135.64,17262600,3367385840.0
2021-02-25,136.74,139.58,134.31,137.12,10070000,1981982512.0
2021-02-26,134.27,140.04,132.06,134.33,10089300,1971334496.0
2021-03-01,136.83,142.89,135.04,141.69,12874700,2572147424.0
2021-03-02,142.92,144.24,140.06,143.02,12307500,2502063056.0
2021-03-03,141.82,141.82,136.19,138.97,9401600,1860299152.0
2021-03-04,137.65,140.19,134.34,135.41,6163400,1205115360.0
2021-03-05,133.26,137.89,132.63,135.96,5300600,1031591632.0
2021-03-08,136.12,136.47,126.12,126.12,8244700,1549282720.0
2021-03-09,124.54,126.1,118.98,120.7,9161400,1607165600.0
2021-03-10,122.19,122.96,118.9,119.02,5238500,905960688.0
2021-03-11,119.02,123.97,117.1,120.93,7035500,1219410464.0
2021-03-12,121.08,121.12,117.27,117.54,5711700,974135120.0
2021-03-15,116.83,116.83,105.47,106.38,13216600,2075104352.0
2021-03-16,107.54,109.04,101.85,107.92,9694900,1482431056.0
2021-03-17,107.92,118.29,106.49,117.46,11340900,1855048256.0
2021-03-18,118.25,118.6,114.84,115.97,5132200,857564688.0
2021-03-19,113.39,122.33,111.68,118.26,8688300,1476825136.0
2021-03-22,118.26,120.14,115.91,117.92,4054600,686148864.0
2021-03-23,118.73,121.54,116.53,116.97,4823700,822072592.0
2021-03-24,116.12,117.97,114.3,116.09,4166800,693001408.0
2021-03-25,114.69,120.71,114.33,118.07,4657600,794033712.0
2021-03-26,118.06,120.62,116.33,118.92,5597300,954949056.0
2021-03-29,119.77,123.04,118.76,119.94,6835200,1184436080.0
2021-03-30,119.69,120.76,116.97,117.62,5647800,960759472.0
2021-03-31,117.97,119.24,116.49,118.89,4251500,723183312.0
2021-04-01,119.33,123.0,118.89,121.85,6904500,1207182912.0
2021-04-02,123.89,128.81,123.89,127.19,9614000,1754913680.0
2021-04-06,128.69,128.97,125.4,125.44,4545700,826840064.0
2021-04-07,124.59,127.14,121.92,126.99,6206000,1112832784.0
2021-04-08,125.64,128.22,124.99,126.97,4139100,752163024.0
2021-04-09,126.97,129.13,126.4,126.83,4497200,822099312.0
2021-04-12,124.46,130.45,122.7,128.19,7521100,1379430768.0
2021-04-13,127.75,129.67,124.92,125.62,4962400,906183824.0
2021-04-14,124.69,129.32,124.58,127.34,4137200,757657840.0
2021-04-15,126.97,127.97,123.08,126.19,4509900,810582976.0
2021-04-16,126.21,127.17,121.1,121.12,6182300,1090649008.0
2021-04-19,116.47,120.76,110.76,118.69,14093400,2368471536.0
2021-04-20,118.26,122.26,117.58,119.54,7891800,1359401888.0
2021-04-21,118.73,120.27,117.37,118.52,4891800,833088000.0
2021-04-22,118.54,120.66,117.9,118.76,4527100,774390784.0
2021-04-23,119.69,122.09,118.97,121.88,5477200,950795376.0
2021-04-26,123.17,132.19,122.54,128.29,10276300,1891281040.0
2021-04-27,128.62,130.12,126.11,129.68,6159500,1134151600.0
2021-04-28,134.69,137.17,128.4,136.67,12841500,2475951088.0
2021-04-29,137.19,141.24,134.97,135.26,8282300,1627033008.0
2021-04-30,135.26,137.54,134.69,134.85,5517200,1074913936.0
2021-05-06,134.22,136.02,130.4,130.67,6457400,1227498304.0
2021-05-07,132.24,133.67,123.83,123.94,8579600,1576990544.0
2021-05-10,123.94,123.94,116.87,117.87,10043500,1728216752.0
2021-05-11,117.87,118.39,113.99,115.44,7371000,1224862880.0
2021-05-12,115.26,118.27,114.69,118.27,8231300,1376585424.0
2021-05-13,116.47,118.2,115.41,116.4,5733800,961077552.0
2021-05-14,117.54,120.04,113.55,119.61,8296000,1402684544.0
2021-05-17,120.4,123.09,119.66,121.19,7284800,1271455376.0
2021-05-18,119.73,120.57,118.35,120.37,4272600,734166672.0
2021-05-19,119.93,122.61,119.66,121.97,4972800,868351072.0
2021-05-20,121.83,121.85,118.47,121.09,7442400,1284579216.0
2021-05-21,121.1,125.23,118.33,119.03,8418400,1039716048.0
2021-05-24,116.26,117.56,112.28,116.95,14822500,1739150528.0
2021-05-25,117.7,128.38,117.7,127.58,22781300,2909162608.0
2021-05-26,129.13,129.13,126.27,126.83,10940000,1423317312.0
2021-05-27,127.48,133.79,127.22,131.11,18266200,2440215168.0
2021-05-28,130.54,134.3,128.23,130.73,15960300,2149748560.0
2021-05-31,133.33,138.14,131.02,132.5,16603600,2274628976.0
2021-06-01,132.5,135.89,128.44,133.31,14109200,1913235456.0
2021-06-02,136.83,139.23,134.95,135.56,18607200,2598105376.0
2021-06-03,135.05,137.08,129.95,135.23,14243200,1945049600.0
2021-06-04,135.21,141.12,134.24,139.85,18849900,2681689216.0
2021-06-07,142.97,144.11,139.48,141.12,20697600,2993133024.0
2021-06-08,142.11,142.21,136.64,137.42,12918800,1830388208.0
2021-06-09,136.64,139.89,136.18,137.92,9742600,1371762064.0
2021-06-10,137.62,139.33,136.73,138.83,10899800,1536079680.0
2021-06-11,139.43,140.03,137.23,138.23,11319700,1600760624.0
2021-06-15,138.23,142.48,134.23,135.1,15391900,2172712528.0
2021-06-16,136.6,140.79,132.21,132.5,17999100,2512973680.0
2021-06-17,133.58,146.03,133.56,146.03,25491500,3687783408.0
2021-06-18,150.23,157.21,149.85,155.23,37680800,5906923008.0
2021-06-21,155.23,159.11,152.13,156.11,21885500,3467787728.0
2021-06-22,157.22,164.23,153.62,162.49,25665000,4181929504.0
2021-06-23,160.32,176.73,159.26,170.38,32887600,5637711360.0
2021-06-24,168.73,172.12,165.38,170.17,18493500,3172958144.0
2021-06-25,169.23,171.73,162.24,168.23,18334100,3104244064.0
2021-06-28,168.23,180.13,168.1,175.81,19982300,3544923616.0
2021-06-29,176.23,177.23,170.13,171.98,14128100,2477956368.0
2021-06-30,174.53,185.66,174.24,185.13,22523600,4150653744.0
2021-07-01,184.18,188.97,180.4,181.91,17919100,3348386512.0
2021-07-02,177.76,181.89,174.03,175.52,20871300,3758178912.0
2021-07-05,179.09,189.78,177.23,188.51,23374100,4382840576.0
2021-07-06,187.23,187.23,170.23,176.03,28846300,5213186048.0
2021-07-07,171.63,181.57,168.22,180.13,21712300,3880827008.0
2021-07-08,180.23,192.87,179.78,188.42,22741300,4323217920.0
2021-07-09,187.23,191.22,180.88,186.23,15303100,2876226464.0
2021-07-12,190.43,192.93,183.59,189.23,20250100,3878642720.0
2021-07-13,187.23,189.63,172.23,175.92,25137400,4553826048.0
2021-07-14,175.83,178.81,171.23,172.13,14845000,2627656496.0
2021-07-15,172.24,173.03,164.23,171.06,16489000,2826148320.0
2021-07-16,171.18,177.55,164.11,164.78,18339000,3157184160.0
2021-07-19,162.23,170.1,161.23,168.41,12403000,2105297744.0
2021-07-20,167.1,171.9,164.23,170.03,11004800,1889720352.0
2021-07-21,171.23,183.16,169.29,181.27,23431600,4250964400.0
2021-07-22,181.21,190.11,177.61,186.92,18759100,3499809344.0
2021-07-23,186.21,197.73,185.23,193.24,20610100,4042972896.0
2021-07-26,193.46,201.73,188.98,197.79,24868600,4922162944.0
2021-07-27,202.23,217.85,201.3,202.85,40414900,8595105024.0
2021-07-28,199.11,209.24,187.21,199.12,28403200,5711972352.0
2021-07-29,204.73,217.23,199.23,212.14,26577600,5647293184.0
2021-07-30,209.33,232.36,207.43,227.28,27219500,6133918208.0
2021-08-02,225.23,225.93,206.22,217.23,26807900,5875047936.0
2021-08-03,212.23,212.23,195.23,195.23,21650600,4428622336.0
2021-08-04,194.23,202.22,189.24,198.58,31034900,6168513024.0
2021-08-05,196.23,203.23,192.24,195.79,18586300,3728151872.0
2021-08-06,199.6,203.97,188.24,193.23,19567600,3846655104.0
2021-08-09,189.24,189.24,177.73,186.97,20334200,3787248112.0
2021-08-10,186.98,188.38,175.24,180.12,23441300,4293110512.0
2021-08-11,180.53,185.2,178.74,183.24,16640200,3078351136.0
2021-08-12,181.74,191.73,181.12,185.5,16897100,3205513872.0
2021-08-13,179.73,181.22,168.71,169.64,33027100,5795320320.0
2021-08-16,169.23,176.86,165.06,171.73,26008400,4528396544.0
2021-08-17,171.74,172.77,160.46,160.95,25256200,4231440928.0
2021-08-18,164.69,165.23,160.23,164.03,14653400,2430719728.0
2021-08-19,164.03,167.93,161.23,164.25,15174500,2548541840.0
2021-08-20,165.23,168.41,160.38,165.32,15448000,2589019824.0
2021-08-23,167.13,168.33,161.96,162.98,18975500,3176950464.0
2021-08-24,164.01,176.68,163.18,175.81,25335400,4421556992.0
2021-08-25,175.81,175.91,163.73,168.58,24827400,4220490160.0
2021-08-26,166.23,173.62,164.3,165.23,16892300,2887304960.0
2021-08-27,165.13,173.73,163.89,172.73,17659600,3050992192.0
2021-08-30,180.23,180.43,165.91,167.29,26518400,4692891904.0
2021-08-31,150.28,156.22,150.28,150.28,32987900,5073385216.0
2021-09-01,148.88,152.22,143.04,150.88,32292900,4839068160.0
2021-09-02,148.73,151.43,143.11,143.72,24118000,3569001120.0
2021-09-03,145.23,148.67,143.33,145.1,15064800,2239744032.0
2021-09-06,145.11,152.43,143.59,149.79,15998100,2434399728.0
2021-09-07,149.85,154.76,149.85,153.23,11375900,1774500640.0
2021-09-08,153.3,156.26,152.23,153.23,9666400,1515737888.0
2021-09-09,153.23,154.23,149.79,151.48,9904200,1527027280.0
2021-09-10,152.23,159.81,150.91,157.13,17133300,2720060368.0
2021-09-13,157.13,158.23,149.23,152.53,14970700,2331084752.0
2021-09-14,151.31,156.33,150.03,151.87,10663000,1664649952.0
2021-09-15,151.22,152.69,147.73,148.78,11094400,1687494496.0
2021-09-16,148.63,150.67,144.53,145.13,14755500,2215395760.0
2021-09-17,146.42,149.33,146.38,148.48,8022300,1208581248.0
2021-09-22,145.59,149.03,145.23,146.52,7626800,1142412432.0
2021-09-23,146.23,151.22,143.69,147.84,12637200,1906747856.0
2021-09-24,147.23,150.53,145.23,147.43,9218300,1389500928.0
2021-09-27,149.77,150.11,142.23,142.42,15884400,2345043968.0
2021-09-28,140.23,154.48,140.08,150.14,19719200,3009071792.0
2021-09-29,149.23,149.23,141.53,144.27,17178900,2518179936.0
2021-09-30,144.22,146.14,141.63,142.22,12542600,1833616160.0
2021-10-08,145.17,153.13,143.71,146.93,16662900,2517616208.0
2021-10-11,146.23,149.63,144.23,144.58,12175400,1819111920.0
2021-10-12,143.23,145.58,138.23,139.38,14492700,2083616928.0
2021-10-13,140.19,143.12,137.97,142.49,8695200,1248980704.0
2021-10-14,142.23,145.22,141.43,143.35,7015600,1025986928.0
2021-10-15,143.23,153.09,142.23,152.77,24228900,3708057792.0
2021-10-18,148.23,149.43,145.26,146.54,22415000,3350360944.0
2021-10-19,145.43,147.53,143.57,145.68,11533700,1708137088.0
2021-10-20,144.94,147.89,143.67,144.07,10901400,1614413152.0
2021-10-21,142.34,146.03,142.07,143.92,9501900,1395579696.0
2021-10-22,145.23,152.92,144.29,151.63,21608300,3306882736.0
2021-10-25,153.59,154.0,147.4,149.83,13945100,2120103408.0
2021-10-26,149.18,157.91,148.76,155.24,20057900,3138040160.0
2021-10-27,155.26,155.3,150.73,154.79,15100500,2352151600.0
2021-10-28,169.23,169.23,158.83,161.53,41154200,6844366592.0
2021-10-29,163.13,174.18,161.54,166.74,31970400,5470248448.0
2021-11-01,166.23,171.66,164.19,168.32,21310200,3641497088.0
2021-11-02,169.23,172.11,166.25,169.23,20835600,3580353392.0
2021-11-03,170.38,171.73,165.16,166.03,17581000,2999012752.0
2021-11-04,167.23,168.83,162.73,164.23,15654800,2629732000.0
2021-11-05,166.43,167.54,162.93,164.54,13672500,2299709088.0
2021-11-08,162.23,163.22,156.77,159.22,16762300,2712244544.0
2021-11-09,159.43,163.85,156.83,161.53,16200400,2642450304.0
2021-11-10,160.23,163.76,157.32,163.43,12947300,2123112400.0
2021-11-11,162.03,166.41,158.36,161.79,19608400,3233436752.0
2021-11-12,159.67,162.03,158.7,160.0,13058300,2125818128.0
2021-11-15,160.24,166.21,160.23,164.01,19036100,3164767248.0
2021-11-16,162.73,164.34,160.25,160.41,12069000,1988307904.0
2021-11-17,160.14,160.7,156.17,159.15,14493000,2335467120.0
2021-11-18,158.44,160.22,155.81,155.82,10898800,1745678880.0
2021-11-19,155.88,157.53,154.26,156.53,11557100,1831289088.0
2021-11-22,156.23,163.11,154.89,162.69,20478500,3345633120.0
2021-11-23,162.23,163.83,158.98,159.39,14711500,2410820080.0
2021-11-24,158.82,160.86,153.23,153.25,19600300,3128062384.0
2021-11-25,153.24,154.24,150.08,153.56,14300500,2221856416.0
2021-11-26,153.57,154.23,148.02,149.22,14399400,2198586720.0
2021-11-29,146.94,150.11,146.45,147.46,10942500,1647653648.0
2021-11-30,149.0,150.57,146.89,147.83,10353700,1566124864.0
2021-12-01,150.73,162.89,150.73,162.89,22869400,3718123136.0
2021-12-02,167.23,169.35,163.9,167.02,36239200,6155421440.0
2021-12-03,168.21,178.64,167.94,173.72,30229600,5358911232.0
2021-12-06,177.95,178.08,169.85,169.85,18003800,3169669984.0
2021-12-07,174.16,175.39,166.92,168.23,14600100,2520935168.0
2021-12-08,172.23,182.9,172.23,177.78,26639600,4819074816.0
2021-12-09,177.23,178.72,174.36,177.34,13885800,2492093072.0
2021-12-10,176.24,176.24,171.53,172.11,15091900,2648828528.0
2021-12-13,172.11,173.53,170.37,171.63,10565700,1848873360.0
2021-12-14,170.73,173.37,169.23,169.78,9307700,1614716192.0
2021-12-15,170.33,171.73,167.53,167.7,7551300,1300010736.0
2021-12-16,169.72,173.82,167.66,168.15,13091300,2264072768.0
2021-12-17,167.38,168.73,164.23,164.37,11549500,1947388032.0
2021-12-20,163.23,167.73,160.24,160.71,10634000,1770738448.0
2021-12-21,162.92,166.93,162.23,163.46,10451900,1744251440.0
2021-12-22,165.21,172.23,165.21,168.31,15862200,2725391296.0
2021-12-23,168.2,170.37,166.71,168.74,8278900,1419611440.0
2021-12-24,169.53,173.53,168.78,171.12,9993800,1738559920.0
2021-12-27,171.7,172.11,163.57,164.93,11419000,1930929856.0
2021-12-28,166.23,168.98,163.78,168.25,10959400,1851440032.0
2021-12-29,167.23,168.03,160.03,162.23,12086000,1997595888.0
2021-12-30,162.17,178.31,161.61,173.7,22836400,3987206608.0
2021-12-31,175.49,175.49,169.4,173.08,11216100,1964312416.0
2022-01-04,173.79,176.13,168.24,173.11,10874200,1900824352.0
2022-01-05,172.0,172.0,155.52,155.53,25663500,4158864704.0
2022-01-06,152.23,165.03,151.83,160.19,16493500,2658078304.0
2022-01-07,158.24,161.21,153.86,154.23,14487900,2315062080.0
2022-01-10,152.81,155.23,148.56,153.73,9994800,1550603840.0
2022-01-11,153.27,153.7,148.23,149.42,9804900,1500381360.0
2022-01-12,150.77,152.82,148.58,152.2,10990100,1687304640.0
2022-01-13,152.03,156.83,149.64,152.37,10348500,1610197040.0
2022-01-14,150.23,157.23,149.78,154.63,10539700,1662107824.0
2022-01-17,154.77,160.28,153.23,158.94,10085300,1622283984.0
2022-01-18,158.42,161.08,157.31,158.6,8091700,1310081312.0
2022-01-19,156.81,158.73,153.91,155.13,7947400,1259309808.0
2022-01-20,155.11,161.03,153.83,156.03,7249000,1160450256.0
2022-01-21,153.71,155.75,150.02,150.23,8279700,1282094528.0
2022-01-24,149.73,153.05,149.41,152.73,6634700,1023591104.0
2022-01-25,157.33,158.23,143.33,145.64,18536600,2798801392.0
2022-01-26,145.64,151.43,144.83,147.15,11249500,1691318512.0
2022-01-27,146.24,149.11,141.23,143.84,11046900,1626213344.0
2022-01-28,144.23,145.56,136.11,136.33,14685300,2088351216.0
2022-02-07,140.18,147.04,138.53,141.06,12630400,1838419872.0
2022-02-08,141.34,141.97,134.38,138.19,9953800,1390997152.0
2022-02-09,138.13,141.66,135.53,140.5,8084300,1146504528.0
2022-02-10,141.53,144.17,139.63,142.27,8329500,1208828976.0
2022-02-11,140.73,143.11,137.92,138.53,6908900,987316080.0
2022-02-14,136.11,139.19,134.43,136.77,6783600,944504400.0
2022-02-15,138.26,142.89,137.64,142.54,10160200,1459088512.0
2022-02-16,144.26,146.26,142.43,143.03,7343300,1078131680.0
2022-02-17,143.03,149.53,141.57,146.54,9684800,1446048848.0
2022-02-18,145.13,145.73,142.79,143.22,6581200,964289248.0
2022-02-21,143.23,143.87,140.9,141.63,6608900,956090816.0
2022-02-22,140.23,144.82,138.23,143.41,8011300,1157006528.0
2022-02-23,143.44,152.23,143.43,151.13,13551000,2066271936.0
2022-02-24,150.18,153.95,146.5,148.96,13323700,2034439040.0
2022-02-25,151.73,154.31,149.62,151.93,10695200,1660370176.0
2022-02-28,151.48,153.2,150.01,150.54,7490300,1153496384.0
2022-03-01,150.65,152.2,148.78,150.37,6271600,959413376.0
2022-03-02,149.24,149.24,144.56,147.73,10810200,1613482928.0
2022-03-03,148.23,150.53,145.23,145.55,7545500,1128921632.0
2022-03-04,147.23,155.81,145.51,152.0,18876900,2927440256.0
2022-03-07,152.02,153.53,145.77,147.23,13065800,1967923696.0
2022-03-08,147.22,151.74,142.41,147.83,15014200,2261464448.0
2022-03-09,149.23,152.28,143.23,151.52,16821900,2559444576.0
2022-03-10,157.23,161.23,152.86,156.46,21170400,3375648336.0
2022-03-11,152.23,156.6,150.58,155.05,14173000,2203087904.0
2022-03-14,152.25,157.81,151.23,151.56,10675600,1684405792.0
2022-03-15,149.26,153.28,143.73,144.08,13974600,2109305968.0
2022-03-16,148.4,158.23,146.66,157.75,23541100,3641761264.0
2022-03-17,162.58,164.23,158.91,160.03,19759400,3251650640.0
2022-03-18,160.0,161.22,157.23,158.77,8773600,1418295264.0
2022-03-21,158.73,159.9,153.24,156.48,11067900,1764992400.0
2022-03-22,157.73,160.81,156.33,157.01,9067600,1461024160.0
2022-03-23,157.83,158.7,153.01,155.13,9688900,1525266560.0
2022-03-24,153.42,154.23,151.23,151.64,7320300,1134352816.0
2022-03-25,154.23,156.23,150.07,150.26,10659700,1662031648.0
2022-03-28,148.88,150.07,146.24,147.05,6947400,1043900912.0
2022-03-29,148.23,148.91,136.47,139.1,15271300,2198190208.0
2022-03-30,139.91,144.2,139.73,143.82,11053500,1597585552.0
2022-03-31,142.23,143.04,135.73,138.26,11716200,1659580544.0
2022-04-01,137.18,139.23,136.03,137.67,7551900,1058888896.0
2022-04-06,136.97,137.03,130.37,132.03,11834600,1598760240.0
2022-04-07,131.23,132.91,130.21,130.21,6225400,833468256.0
2022-04-08,130.65,133.72,128.53,131.6,7404200,991180000.0
2022-04-11,128.94,129.97,120.49,120.81,12958500,1644585296.0
2022-04-12,120.49,124.93,119.22,124.32,9355600,1168271392.0
2022-04-13,123.23,126.11,120.43,120.53,8997800,1131634912.0
2022-04-14,122.03,130.33,121.5,127.83,13045600,1681137792.0
2022-04-15,127.21,132.23,125.73,129.63,11916600,1577742848.0
2022-04-18,129.13,137.63,127.21,137.03,12101800,1657986944.0
2022-04-19,135.31,136.23,132.24,132.5,7347200,999754752.0
2022-04-20,133.73,134.6,130.45,130.73,7727400,1041590544.0
2022-04-21,128.69,133.23,128.45,129.95,7190200,959943776.0
2022-04-22,128.82,132.37,125.74,127.23,6865700,904036512.0
2022-04-25,123.58,125.23,119.84,120.23,10044400,1257193040.0
2022-04-26,120.51,121.88,112.24,113.19,11065100,1321642896.0
2022-04-27,110.23,122.53,109.73,122.23,12786400,1534475376.0
2022-04-28,121.23,121.23,113.23,115.79,14992000,1793834000.0
2022-04-29,117.73,123.95,116.79,122.04,13126700,1613894176.0
2022-05-05,121.93,125.17,120.83,122.2,9402400,1182749584.0
2022-05-06,118.21,119.23,116.34,116.53,7188700,863736544.0
2022-05-09,116.23,116.87,112.86,114.36,7019100,820889392.0
2022-05-10,111.23,120.21,110.73,119.63,12518900,1508492736.0
2022-05-11,118.83,130.41,118.23,126.58,17461300,2254486528.0
2022-05-12,124.23,127.26,123.92,125.83,7976300,1023735264.0
2022-05-13,126.23,128.03,123.23,123.64,7440300,945210144.0
2022-05-16,124.61,126.0,121.71,122.03,6213100,783316224.0
2022-05-17,121.7,128.61,121.7,126.95,10432800,1345011440.0
2022-05-18,127.3,132.39,126.6,132.07,13176700,1752416352.0
2022-05-19,129.08,136.91,128.26,134.84,13414300,1833025984.0
2022-05-20,136.23,142.17,135.77,139.48,12517200,1785204592.0
2022-05-23,141.23,146.46,140.51,145.52,15577500,2278086592.0
2022-05-24,144.23,145.73,138.27,138.58,11663200,1690164128.0
2022-05-25,139.38,141.7,136.63,138.42,7568700,1067641296.0
2022-05-26,138.42,139.42,134.62,137.03,7350500,1025328016.0
2022-05-27,138.63,141.22,135.5,136.19,7064600,995975968.0
2022-05-30,137.63,140.43,135.23,139.23,6349600,895867328.0
2022-05-31,138.81,142.09,134.41,140.87,9329900,1323629232.0
2022-06-01,140.53,142.92,139.22,141.08,5956100,855019104.0
2022-06-02,141.08,145.03,138.44,143.31,8689500,1255082896.0
2022-06-06,143.3,145.59,139.79,142.24,9415800,1358165408.0
2022-06-07,141.73,141.73,135.99,138.15,15655900,2188556736.0
2022-06-08,137.89,143.79,137.32,140.87,10307400,1469266064.0
2022-06-09,139.79,140.87,133.46,134.98,10955800,1510302800.0
2022-06-10,132.48,136.28,132.48,135.0,14504200,1973073920.0
2022-06-13,132.29,134.89,129.96,131.98,14423300,1925233008.0
2022-06-14,131.19,131.8,125.89,129.82,12579700,1633519024.0
2022-06-15,129.54,132.43,127.9,128.89,12390200,1636044448.0
2022-06-16,128.89,132.27,128.59,129.44,9340000,1235918400.0
2022-06-17,128.29,129.95,126.17,129.48,10836800,1405017344.0
2022-06-20,129.86,133.48,128.32,131.64,13886200,1842879616.0
2022-06-21,131.4,131.99,127.54,128.69,11829700,1545749216.0
2022-06-22,129.25,129.57,124.9,124.9,9890900,1269724992.0
2022-06-23,124.9,126.99,122.99,126.51,11901900,1508603888.0
2022-06-24,128.06,131.91,126.79,130.29,13638800,1793143376.0
2022-06-27,131.02,133.29,130.37,131.67,11413000,1524732736.0
2022-06-28,130.78,138.67,128.69,138.27,21992700,2980313904.0
2022-06-29,137.29,140.69,134.61,134.93,18689800,2613914688.0
2022-06-30,134.99,141.74,134.99,140.5,14721800,2072287952.0
2022-07-01,139.64,140.48,136.81,137.14,10875500,1523790416.0
2022-07-04,132.64,132.87,126.29,128.48,22647700,2938795312.0
2022-07-05,128.28,130.37,126.5,128.86,12020600,1560542064.0
2022-07-06,128.87,133.49,127.79,129.57,13432200,1779009696.0
2022-07-07,129.49,130.17,126.49,127.59,9966600,1291337312.0
2022-07-08,129.09,137.15,128.79,133.57,23295400,3159470512.0
2022-07-11,133.29,133.29,126.79,127.28,15702400,2042947696.0
2022-07-12,126.69,127.79,123.95,124.29,9029900,1144821351.0
2022-07-13,123.89,125.28,121.29,122.83,8474000,1055225225.0
2022-07-14,122.84,125.79,122.39,124.42,7280300,918811459.0
2022-07-15,126.46,128.08,124.48,124.59,11124700,1422776934.0
2022-07-18,124.59,125.29,119.28,121.21,14793300,1809109382.0
2022-07-19,120.29,121.62,118.14,120.26,11070800,1342880080.0
2022-07-20,121.15,125.45,120.82,123.0,12702800,1586131628.0
2022-07-21,122.0,128.37,120.51,124.97,16072500,2053518575.0
2022-07-22,124.99,125.62,120.95,121.48,10774000,1334921402.0
2022-07-25,120.66,121.47,118.29,118.92,7943100,961684780.0
2022-07-26,118.92,120.06,118.18,119.81,6043700,730094014.0
2022-07-27,118.49,119.27,116.29,116.91,10547300,1256206865.0
2022-07-28,118.14,120.61,117.29,117.64,12289600,1483591123.0
2022-07-29,118.3,118.79,116.3,116.56,8667400,1029630555.0
2022-08-01,115.6,118.11,112.49,117.57,9324400,1099082694.0
2022-08-02,115.29,118.59,113.19,115.98,10737700,1267674624.0
2022-08-03,117.42,123.05,115.98,120.54,19429500,2366871874.0
2022-08-04,121.16,123.79,120.69,122.87,13082700,1627733735.0
2022-08-05,122.62,130.3,120.77,128.37,21485800,2761756303.0
2022-08-08,129.67,129.97,123.83,126.01,17178400,2188264553.0
2022-08-09,124.77,127.11,122.79,127.09,11315300,1428753109.0
2022-08-10,125.14,128.68,124.04,124.24,10504400,1335281773.0
2022-08-11,124.87,128.53,123.97,126.76,10664300,1367611102.0
2022-08-12,125.29,127.25,124.83,124.99,7911700,1009522267.0
2022-08-15,124.29,125.67,122.79,123.08,8153500,1021289405.0
2022-08-16,123.16,124.7,120.65,121.79,8549600,1061626466.0
2022-08-17,121.29,122.25,120.03,121.54,6699400,822597680.0
2022-08-18,121.54,122.26,119.6,121.96,9002600,1106139083.0
2022-08-19,120.96,124.75,117.37,117.59,13536300,1652365432.0
2022-08-22,116.68,118.5,115.51,117.95,6705800,799048097.0
2022-08-23,117.95,118.39,116.32,116.5,5941900,704643028.0
2022-08-24,116.45,116.77,112.81,113.26,9734900,1129168944.0
2022-08-25,113.43,113.95,108.86,112.64,11379400,1285741191.0
2022-08-26,112.64,114.84,112.39,113.19,6726900,774594440.0
2022-08-29,112.29,114.73,111.43,112.78,6393200,733385117.0
2022-08-30,112.45,113.71,110.52,110.81,8226400,931226313.0
2022-08-31,110.5,115.29,109.84,114.26,10959300,1254810021.0
2022-09-01,114.3,115.19,111.17,111.24,6941500,794036070.0
2022-09-02,111.0,112.97,110.9,111.54,5178600,588769386.0
2022-09-05,110.89,111.11,107.8,109.51,6923500,770759367.0
2022-09-06,110.51,111.25,108.09,111.0,6717300,748141255.0
2022-09-07,111.07,116.25,111.06,114.92,12942100,1500256450.0
2022-09-08,114.78,115.02,113.4,113.59,5927200,685622496.0
2022-09-09,114.29,114.58,111.41,113.21,5513600,630681238.0
2022-09-13,114.78,115.08,112.43,112.48,5534800,637799514.0
2022-09-14,109.29,111.79,109.29,110.71,6837000,767092095.0
2022-09-15,110.84,111.22,106.21,106.89,9519500,1046581408.0
2022-09-16,106.56,108.68,104.5,104.5,8046900,870543997.0
2022-09-19,104.29,105.44,102.69,102.84,7402000,780370528.0
2022-09-20,103.79,104.37,102.4,103.73,5734500,602725075.0
2022-09-21,102.95,103.68,98.89,100.59,10895700,1112788372.0
2022-09-22,99.27,101.09,98.29,99.35,8152900,825856491.0
2022-09-23,98.87,99.59,95.8,96.53,9542000,942894637.0
2022-09-26,95.65,97.85,95.32,96.64,5929500,585268674.0
2022-09-27,96.53,98.41,96.14,98.2,6319700,626856134.0
2022-09-28,97.39,98.28,95.69,95.69,4856600,478380302.0
2022-09-29,96.48,97.59,94.17,94.53,6719800,654455293.0
2022-09-30,94.49,94.87,92.0,92.04,7421600,706419649.0
2022-10-10,89.29,90.14,83.39,83.79,19191100,1675837238.0
2022-10-11,83.78,84.16,80.9,81.67,18688500,1568821087.0
2022-10-12,81.69,81.91,77.82,81.72,26197300,2138870425.0
2022-10-13,81.28,83.37,80.45,80.59,17784200,1481343907.0
2022-10-14,82.12,85.16,81.49,84.72,20002000,1704341721.0
2022-10-17,83.21,85.53,82.89,85.06,16395000,1408654103.0
2022-10-18,85.29,85.54,83.53,83.69,11283000,968052826.0
2022-10-19,83.29,84.34,82.39,82.39,9620900,816787706.0
2022-10-20,81.59,87.72,81.15,85.76,25941500,2246506870.0
2022-10-21,84.75,85.17,82.75,83.47,14747700,1259724860.0
2022-10-24,83.47,88.58,82.29,83.79,21063900,1846017299.0
2022-10-25,83.29,84.99,81.86,82.09,13663100,1158775589.0
2022-10-26,82.3,86.28,81.71,84.89,15604400,1346064816.0
2022-10-27,85.14,87.08,83.89,85.1,14091400,1225325345.0
2022-10-28,84.3,86.37,80.99,81.28,15630200,1332987487.0
2022-10-31,77.79,83.11,75.79,80.56,20878200,1718403182.0
2022-11-01,81.19,84.29,78.79,84.15,18076900,1521221527.0
2022-11-02,84.15,86.79,83.39,85.54,15073400,1311143117.0
2022-11-03,84.29,89.07,83.97,88.54,19388100,1727584858.0
2022-11-04,88.48,90.54,86.99,89.26,18281300,1651350037.0
2022-11-07,89.09,90.09,87.8,88.4,13769600,1246350667.0
2022-11-08,88.63,89.06,86.75,87.24,10226000,910275043.0
2022-11-09,87.24,87.66,86.34,86.45,7272600,644505561.0
2022-11-10,86.03,87.63,84.59,85.06,10500100,918352385.0
2022-11-11,88.29,90.76,87.24,87.37,20855600,1883470748.0
2022-11-14,87.59,94.36,87.45,90.99,24510200,2282087690.0
2022-11-15,90.35,100.26,89.85,100.26,26487400,2590106970.0
2022-11-16,101.29,103.27,99.39,101.54,27499900,2826551875.0
2022-11-17,99.67,110.29,96.87,106.25,34501600,3592423874.0
2022-11-18,104.09,107.06,101.66,102.04,22965700,2436473524.0
2022-11-21,100.29,102.19,98.09,98.67,17129100,1728259359.0
2022-11-22,98.67,100.59,97.78,99.01,12983500,1310146235.0
2022-11-23,98.44,99.44,95.65,97.89,11669200,1157666299.0
2022-11-24,97.83,98.87,96.37,96.92,7988100,792180947.0
2022-11-25,96.92,99.29,96.5,98.67,9668100,965164420.0
2022-11-28,97.3,98.83,95.63,96.35,9515900,939065999.0
2022-11-29,95.79,101.79,95.79,100.39,13738600,1387847015.0
2022-11-30,99.63,100.65,98.64,99.08,7376600,746113431.0
2022-12-01,101.29,103.05,99.6,99.98,11462000,1180274583.0
2022-12-02,98.79,100.29,96.95,96.99,9845800,983652461.0
2022-12-05,96.99,98.59,96.59,98.28,7742400,768492145.0
2022-12-06,97.91,101.39,97.55,100.42,12951400,1320179248.0
2022-12-07,99.4,100.02,97.94,98.39,9092600,912528805.0
2022-12-08,98.38,98.38,96.31,96.77,8178600,807075444.0
2022-12-09,96.95,98.91,96.95,97.65,8058400,802768522.0
2022-12-12,97.7,107.59,97.34,104.99,31089800,3292262803.0
2022-12-13,104.19,107.06,102.15,106.11,18615200,1983582944.0
2022-12-14,110.79,111.29,102.59,102.79,25572800,2769143797.0
2022-12-15,102.77,106.29,102.32,104.53,14397000,1532944037.0
2022-12-16,103.22,103.92,100.82,101.91,10480200,1087588401.0
2022-12-19,100.93,102.59,98.37,98.87,7517900,764565555.0
2022-12-20,98.87,100.58,98.34,99.54,6782100,685838434.0
2022-12-21,98.87,101.02,98.87,99.51,6249400,636357209.0
2022-12-22,100.28,101.16,98.17,98.64,5675300,575379371.0
2022-12-23,96.79,96.9,91.46,92.99,13307200,1271277746.0
2022-12-26,93.17,100.95,93.17,99.5,13232800,1327789400.0
2022-12-27,100.29,103.09,98.46,102.2,9334700,959273649.0
2022-12-28,101.74,103.18,101.06,101.49,6062400,628243327.0
2022-12-29,101.19,102.79,100.1,101.46,5643300,582584948.0
2022-12-30,102.29,102.95,99.77,100.76,5424000,556499219.0
2023-01-03,100.75,101.65,98.49,101.49,6759800,690555464.0
2023-01-04,100.98,103.56,98.39,98.7,9459800,963508628.0
2023-01-05,100.13,101.11,98.71,100.95,9539000,969910292.0
2023-01-06,99.5,102.07,97.59,101.17,10950100,1117142437.0
2023-01-09,102.16,105.97,101.54,103.35,12596300,1328843278.0
2023-01-10,103.15,109.09,102.87,104.67,18222900,1963597460.0
2023-01-11,107.17,110.63,105.15,105.39,21554200,2373703304.0
2023-01-12,106.04,106.29,102.39,104.62,8915100,945936858.0
2023-01-13,105.68,107.95,104.89,106.72,9831000,1063517467.0
2023-01-16,105.0,114.17,104.1,113.31,21444600,2411500727.0
2023-01-17,112.9,118.4,112.42,118.3,19735700,2337752931.0
2023-01-18,117.29,117.96,114.84,114.98,11566100,1361227562.0
2023-01-19,115.19,118.09,114.3,117.12,12471100,1476986456.0
2023-01-20,116.49,121.77,116.29,120.92,11333000,1371002369.0
2023-01-30,123.55,123.79,118.35,119.54,11185100,1365190648.0
2023-01-31,119.17,119.69,111.79,112.84,21951500,2551368923.0
2023-02-01,112.29,114.27,111.69,113.29,11141900,1277778416.0
2023-02-02,114.2,117.58,113.4,115.38,12552500,1471289577.0
2023-02-03,114.29,118.19,113.86,115.81,9361600,1097847516.0
2023-02-06,114.29,115.3,111.99,112.68,11382000,1304225066.0
2023-02-07,112.59,113.28,110.8,111.78,8036100,910560842.0
2023-02-08,112.19,114.25,110.89,111.37,8641000,985129288.0
2023-02-09,110.69,116.89,109.4,116.37,13992500,1614758439.0
2023-02-10,116.39,117.88,114.01,114.84,8690000,1019678491.0
2023-02-13,113.7,116.06,112.64,115.34,9649800,1120971259.0
2023-02-14,115.29,117.32,112.59,114.15,10019600,1162198681.0
2023-02-15,114.29,115.5,111.29,115.06,10840100,1250492068.0
2023-02-16,114.79,117.72,110.87,111.62,13698000,1590040377.0
2023-02-17,111.29,112.55,106.97,107.03,14211300,1573273090.0
2023-02-20,107.02,108.5,105.55,107.81,11106000,1205588703.0
2023-02-21,107.8,109.18,105.99,107.14,8848800,963522353.0
2023-02-22,106.28,107.63,105.49,106.79,5864000,634304916.0
2023-02-23,106.49,107.29,106.0,106.82,4172400,451936831.0
2023-02-24,107.29,108.12,104.28,105.31,9177400,986091567.0
2023-02-27,104.24,104.91,102.1,102.31,14494100,1519508941.0
2023-02-28,103.31,103.69,101.25,103.18,8669100,902518822.0
2023-03-01,102.64,103.99,101.97,102.79,11124600,1162044422.0
2023-03-02,103.19,106.22,102.82,103.48,13109300,1386551913.0
2023-03-03,105.49,106.26,103.05,104.04,13671600,1454061020.0
2023-03-06,104.04,104.91,102.29,103.41,11295900,1189470413.0
2023-03-07,102.87,103.79,99.56,99.56,11915700,1226424692.0
2023-03-08,99.2,101.15,98.29,100.09,7824800,797066479.0
2023-03-09,100.29,101.85,99.94,100.48,10056700,1031589828.0
2023-03-10,99.29,101.39,98.4,99.32,9409200,957249412.0
2023-03-13,99.09,99.93,97.41,99.79,7620800,766150827.0
2023-03-14,99.29,103.65,97.8,103.33,18694700,1928328193.0
2023-03-15,103.79,104.87,102.79,103.25,11796000,1243233575.0
2023-03-16,102.28,105.05,102.09,103.57,11212500,1184180537.0
2023-03-17,104.84,105.29,103.0,103.46,12513000,1325091423.0
2023-03-20,103.29,107.17,102.09,106.11,15656400,1678782700.0
2023-03-21,105.79,107.2,104.91,105.8,9317800,1001611336.0
2023-03-22,105.69,105.74,103.68,104.34,9131500,970520652.0
2023-03-23,103.84,114.95,103.67,114.95,38890500,4387721321.0
2023-03-24,117.25,118.29,113.59,116.19,42201100,4963827855.0
2023-03-27,116.19,116.22,110.97,112.3,27206600,3114385556.0
2023-03-28,111.29,112.56,106.39,107.09,20580900,2278931476.0
2023-03-29,106.37,114.45,105.27,113.31,31685300,3571578417.0
2023-03-30,117.29,123.29,117.29,119.61,49695800,6068877798.0
2023-03-31,118.49,120.49,115.39,120.29,24708300,2967881106.0
2023-04-03,127.65,130.89,124.81,129.82,48475200,6293285636.0
2023-04-04,127.84,132.07,126.99,128.85,39845500,5232137982.0
2023-04-06,128.79,141.51,127.39,132.79,48016700,6570493936.0
2023-04-07,134.8,140.8,133.7,136.89,36141300,4995710323.0
2023-04-10,137.19,137.74,128.26,129.15,37168500,4991315340.0
2023-04-11,131.45,134.78,128.61,131.01,34584300,4616250058.0
2023-04-12,129.3,135.62,127.43,133.28,27773500,3729294001.0
2023-04-13,130.62,132.9,126.05,126.6,26799700,3488486935.0
2023-04-14,128.29,135.26,125.02,133.7,36509000,4836097909.0
2023-04-17,135.79,138.22,133.29,134.19,26075100,3570632630.0
2023-04-18,132.29,133.29,129.27,131.2,18207200,2414715123.0
2023-04-19,131.21,133.34,128.79,129.04,19339400,2562574821.0
2023-04-20,128.05,134.85,128.03,134.57,26966600,3620369437.0
2023-04-21,134.3,134.46,124.62,124.7,28992000,3782584549.0
2023-04-24,124.63,124.69,117.18,119.03,31261800,3799770423.0
2023-04-25,118.69,119.98,114.42,116.01,21673200,2563754683.0
2023-04-26,115.79,116.68,108.19,109.27,30207900,3406066849.0
2023-04-27,107.56,113.84,107.28,110.77,20937900,2370692090.0
2023-04-28,105.35,111.81,105.3,106.76,32220200,3520135924.0
2023-05-04,105.79,107.09,103.04,103.29,20116100,2129166694.0
2023-05-05,103.04,106.66,102.39,103.09,18276900,1938077839.0
2023-05-08,103.09,105.25,101.89,102.45,16802400,1759635986.0
2023-05-09,102.3,103.26,99.89,100.05,17982000,1851161969.0
2023-05-10,99.8,100.68,97.05,98.38,15926500,1596002932.0
2023-05-11,99.69,100.58,98.3,99.12,14189700,1434300834.0
2023-05-12,100.29,101.95,98.79,98.81,18057400,1841183567.0
2023-05-15,98.5,100.37,96.89,100.37,12430300,1246855836.0
2023-05-16,101.93,105.68,98.85,104.36,26246400,2746177187.0
2023-05-17,102.29,108.85,102.19,107.74,25175700,2738296611.0
2023-05-18,106.59,108.78,105.09,105.49,15694800,1701778340.0
2023-05-19,107.48,111.81,107.09,110.3,23723300,2647274563.0
2023-05-22,114.49,116.6,109.29,111.6,23405200,2676902321.0
2023-05-23,109.4,109.79,105.77,105.77,15628100,1711524047.0
2023-05-24,107.38,109.29,104.59,106.67,16724500,1819525004.0
2023-05-25,107.28,109.64,105.98,109.09,14003700,1535846361.0
2023-05-26,109.85,113.49,108.34,112.29,16098600,1824516381.0
2023-05-29,113.32,114.15,109.99,110.46,15188000,1729335775.0
2023-05-30,109.78,111.44,107.34,110.89,13691500,1523888431.0
2023-05-31,110.28,111.0,106.29,109.09,17489100,1927949121.0
2023-06-01,107.3,110.24,107.09,108.6,13238600,1458522442.0
2023-06-02,108.29,109.59,105.95,107.18,11697100,1272613092.0
2023-06-05,106.64,108.48,104.79,105.29,13806300,1492560150.0
2023-06-06,104.39,104.4,101.12,101.35,14308300,1494092411.0
2023-06-07,101.58,102.68,100.85,101.53,9766800,1009984398.0
2023-06-08,100.73,100.94,98.88,99.42,9524800,966389696.0
2023-06-09,99.75,101.6,98.47,101.54,15738000,1595823207.0
2023-06-12,100.7,102.24,99.64,101.19,14381700,1475562742.0
2023-06-13,101.32,111.48,100.9,110.23,35567300,3868438032.0
2023-06-14,110.07,111.79,109.09,110.49,19541300,2188052476.0
2023-06-15,111.09,111.49,108.39,109.2,13494500,1505287350.0
2023-06-16,108.4,110.79,107.5,110.17,14090300,1566155947.0
2023-06-19,109.17,113.72,108.59,112.37,18524000,2099551155.0
2023-06-20,111.41,113.28,110.65,112.27,12087800,1366130716.0
2023-06-21,111.51,111.56,106.71,106.71,17737600,1938277935.0
2023-06-26,104.37,106.21,103.02,104.76,11311900,1196289213.0
2023-06-27,104.76,107.29,104.02,104.75,9080100,966156639.0
2023-06-28,104.7,106.18,102.14,103.96,11449100,1205345963.0
2023-06-29,106.98,108.88,104.11,104.27,13843500,1485631379.0
2023-06-30,103.01,106.55,101.91,105.16,10106800,1069568138.0
2023-07-03,104.91,106.11,103.72,105.3,9493800,1006458164.0
2023-07-04,105.32,109.44,104.07,107.73,15131000,1635438227.0
2023-07-05,107.11,111.41,107.09,109.26,17081100,1894994849.0
2023-07-06,108.31,111.89,108.07,109.35,12448500,1385672048.0
2023-07-07,105.91,106.03,101.93,104.12,19398900,2042738616.0
2023-07-10,104.34,107.19,103.63,104.91,8868100,942251599.0
2023-07-11,105.46,115.07,105.46,114.24,31510900,3588437801.0
2023-07-12,114.21,115.11,111.79,112.12,18449000,2113443175.0
2023-07-13,112.32,118.81,111.76,117.16,25877900,3037019118.0
2023-07-14,118.04,122.21,116.19,116.25,25654000,3068059226.0
2023-07-17,115.22,118.62,115.08,117.27,15989200,1890946941.0
2023-07-18,116.95,118.79,114.37,114.64,14924300,1749943793.0
2023-07-19,113.91,115.61,112.64,113.51,9572400,1097008284.0
2023-07-20,113.93,114.37,110.79,111.28,9665500,1096183703.0
2023-07-21,111.03,113.31,109.99,111.18,9072100,1023684395.0
2023-07-24,111.11,111.69,109.1,109.84,7471100,831491871.0
2023-07-25,111.31,112.78,109.83,111.81,11945800,1343851635.0
2023-07-26,111.71,114.26,110.07,110.71,10334500,1167132970.0
2023-07-27,109.9,111.21,109.13,109.37,7985800,887691394.0
2023-07-28,110.3,113.79,109.73,113.14,17450600,1978700673.0
2023-07-31,111.92,114.88,111.5,113.69,14299100,1628869452.0
2023-08-01,113.7,114.21,111.96,113.32,8102900,925374815.0
2023-08-02,112.5,113.63,112.22,112.89,7405200,844572612.0
2023-08-03,112.23,114.41,111.19,113.02,8116300,925500426.0
2023-08-04,112.26,113.26,101.96,105.77,35252000,3773909734.0
2023-08-07,103.91,105.31,102.91,104.24,13421600,1409222073.0
2023-08-08,103.79,105.01,103.47,103.66,7939200,835440178.0
2023-08-09,103.63,104.09,102.51,102.97,6514700,678737457.0
2023-08-10,102.97,103.38,100.76,102.56,8718900,900075030.0
2023-08-11,102.57,102.79,100.54,100.96,7679200,786867929.0
2023-08-14,98.91,100.4,98.86,100.1,6519300,655888921.0
2023-08-15,100.71,101.14,93.79,96.66,20400000,1986676984.0
2023-08-16,95.7,96.51,93.41,93.41,11214500,1071940842.0
2023-08-17,92.89,95.11,92.41,94.38,7837600,744702503.0
2023-08-18,94.27,95.34,92.56,92.68,7561700,717629682.0
2023-08-21,92.71,93.36,90.26,90.42,10373300,959477924.0
2023-08-22,91.41,91.84,88.44,91.05,13147000,1201685251.0
2023-08-23,91.15,91.79,88.92,89.01,9146300,836510597.0
2023-08-24,89.35,91.39,88.99,90.42,9039100,827190818.0
2023-08-25,89.42,89.83,87.29,88.01,9342900,836388736.0
2023-08-28,94.42,94.42,88.01,88.4,13606300,1244018110.0
2023-08-29,88.31,92.16,87.94,91.18,12629000,1153857330.0
2023-08-30,91.41,94.36,91.21,92.91,13922400,1308947007.0
2023-08-31,92.13,93.67,91.51,92.89,9090200,853287579.0
2023-09-01,94.41,96.37,92.67,93.41,11498100,1096381394.0
2023-09-04,92.91,95.74,92.86,95.71,10862800,1035712346.0
2023-09-05,95.81,100.01,95.71,98.55,20339900,2020134022.0
2023-09-06,97.21,99.41,97.17,98.83,9823300,976284547.0
2023-09-07,98.83,99.88,97.17,97.21,11844600,1178752938.0
2023-09-08,95.92,97.66,95.61,96.26,7547600,737168756.0
2023-09-11,96.27,98.1,95.56,96.41,9004300,881288895.0
2023-09-12,96.43,97.39,95.81,96.7,6077100,594259211.0
2023-09-13,97.51,99.71,96.11,97.86,12955900,1282024637.0
2023-09-14,97.06,97.85,95.05,95.87,8919200,866682692.0
2023-09-15,96.21,101.61,94.72,98.91,17688900,1765325812.0
2023-09-18,98.11,99.41,97.61,98.42,8906500,887423175.0
2023-09-19,98.01,101.79,97.21,100.3,14155600,1431984619.0
2023-09-20,99.95,101.41,98.8,99.35,8271600,834398104.0
2023-09-21,98.91,100.21,98.08,99.43,6342700,635576667.0
2023-09-22,99.11,101.09,98.04,100.89,9604100,969494335.0
2023-09-25,100.35,100.79,98.71,98.86,6792500,681325231.0
2023-09-26,98.54,99.29,97.58,97.69,7180900,712947203.0
2023-09-27,97.89,99.35,97.58,97.79,5397000,536169975.0
2023-09-28,97.79,99.01,97.01,97.51,5810000,575050839.0
2023-10-09,97.51,102.79,97.21,101.6,12705400,1292782967.0
2023-10-10,100.91,103.96,100.91,102.76,10485600,1089398744.0
2023-10-11,103.11,105.46,101.97,103.91,10776700,1132834699.0
2023-10-12,102.91,104.36,101.16,103.21,9968500,1035944557.0
2023-10-13,102.71,103.51,101.41,102.09,8897500,918845104.0
2023-10-16,101.42,101.89,99.45,100.05,7954900,807862275.0
2023-10-17,100.05,101.76,99.32,101.11,7132900,726393683.0
2023-10-18,100.51,101.71,96.91,99.31,6982400,701935432.0
2023-10-19,98.22,102.06,98.11,98.37,7728000,780063461.0
2023-10-20,98.21,98.99,95.88,96.3,7345700,718585122.0
2023-10-23,95.91,96.65,92.54,93.61,7707700,731123431.0
2023-10-24,94.59,97.07,93.34,96.59,8435100,815753729.0
2023-10-25,94.69,95.71,90.92,95.36,12525700,1191152059.0
2023-10-26,95.02,95.34,92.3,93.29,6733400,637004226.0
2023-10-27,93.31,102.07,93.31,100.74,17379000,1729853762.0
2023-10-30,99.84,107.47,99.82,105.79,21671300,2302770074.0
2023-10-31,107.91,108.67,104.18,105.91,11344200,1211384106.0
2023-11-01,105.71,106.37,103.92,104.37,6439300,682487048.0
2023-11-02,104.46,105.61,103.32,103.44,6126400,646068196.0
2023-11-03,103.61,107.77,103.61,106.91,10967100,1177051978.0
2023-11-06,106.76,109.13,106.14,108.26,12234900,1335603987.0
2023-11-07,107.91,108.24,104.77,105.85,11852800,1267795087.0
2023-11-08,105.58,106.39,104.75,105.6,9362100,998660904.0
2023-11-09,105.31,105.96,103.4,104.01,8370400,882118992.0
2023-11-10,104.19,105.73,103.41,104.09,6555500,692217306.0
2023-11-13,104.68,105.41,102.46,103.02,9527900,995086410.0
2023-11-14,102.91,103.89,101.83,102.58,7471700,775785811.0
2023-11-15,104.17,106.81,102.92,105.9,14771600,1564211466.0
2023-11-16,104.81,105.12,102.87,103.6,7571100,794291731.0
2023-11-17,103.2,105.14,102.61,103.89,7934300,830047859.0
2023-11-20,103.89,103.9,98.79,98.97,18339900,1851434639.0
2023-11-21,99.01,99.39,96.52,96.81,13061200,1290294595.0
2023-11-22,96.16,96.66,94.51,94.6,12158800,1171232389.0
2023-11-23,94.54,95.7,93.79,95.6,10336600,990002963.0
2023-11-24,95.61,95.7,93.51,93.67,7550400,718974087.0
2023-11-27,93.04,94.21,92.41,93.95,8852000,837331347.0
2023-11-28,93.95,94.61,93.11,94.11,7690400,729712569.0
2023-11-29,95.41,95.9,93.26,93.55,9047300,864054137.0
2023-11-30,93.11,93.38,92.15,93.01,6992900,655847320.0
2023-12-01,93.06,94.29,91.2,94.06,10049000,941357724.0
2023-12-04,93.78,94.31,93.24,93.38,6928000,657265019.0
2023-12-05,92.91,92.92,88.82,88.97,12565300,1149399906.0
2023-12-06,88.18,90.91,88.11,90.23,9069600,826435065.0
2023-12-07,89.91,90.64,88.21,88.68,7863000,708309738.0
2023-12-08,88.76,91.24,88.24,90.82,13218700,1202827711.0
2023-12-11,89.96,92.36,88.71,91.81,10582000,967259689.0
2023-12-12,91.91,94.44,91.42,92.53,11180800,1047635011.0
2023-12-13,92.06,94.06,91.59,92.21,9656800,909793432.0
2023-12-14,93.32,95.38,92.75,94.02,13008500,1239790485.0
2023-12-15,94.27,94.67,92.42,93.05,8561600,808300898.0
2023-12-18,92.12,92.7,91.18,91.55,5833100,541790805.0
2023-12-19,91.29,93.91,91.15,92.79,7828800,732943158.0
2023-12-20,92.66,92.88,89.39,90.07,9380100,858566403.0
2023-12-21,89.7,91.76,89.31,90.6,6951800,636971986.0
2023-12-22,91.9,92.86,89.51,90.03,8227400,756366957.0
2023-12-25,89.41,90.64,88.9,89.83,5022400,455437362.0
2023-12-26,89.83,90.01,87.72,88.05,5959600,534503004.0
2023-12-27,88.16,90.91,88.16,89.74,10892900,989705787.0
2023-12-28,89.65,92.18,88.25,91.41,11209300,1025885183.0
2023-12-29,91.21,92.41,90.79,91.3,8548100,791516287.0
2024-01-02,91.31,91.31,88.76,88.89,8930600,806807192.0
2024-01-03,88.71,88.81,83.77,84.97,16606400,1437151317.0
2024-01-04,84.63,84.77,78.91,80.21,21178700,1743646404.0
2024-01-05,79.56,81.16,77.3,78.61,17185500,1378582749.0
2024-01-08,77.91,78.79,75.6,76.52,17052800,1322510374.0
2024-01-09,76.91,77.7,75.27,76.61,12295600,954690455.0
2024-01-10,76.04,76.79,74.76,75.49,9530800,731231861.0
2024-01-11,75.07,77.07,75.04,76.77,10206700,790932450.0
2024-01-12,76.28,76.58,75.24,75.51,7963500,612792878.0
2024-01-15,75.06,77.21,74.41,75.46,9691800,745421098.0
2024-01-16,75.31,75.83,73.67,75.39,11077800,839151229.0
2024-01-17,74.91,75.69,73.23,73.24,8126400,612752238.0
2024-01-18,72.78,75.09,71.72,74.84,13784600,1022013857.0
2024-01-19,74.46,75.4,73.91,74.19,8170000,618426414.0
2024-01-22,74.01,74.41,70.21,71.2,12616400,925619680.0
2024-01-23,71.21,72.91,70.91,72.14,9923700,726033489.0
2024-01-24,72.71,72.85,68.81,71.01,13124900,938844736.0
2024-01-25,70.78,73.21,70.27,73.07,11939200,875957045.0
2024-01-26,70.91,70.91,66.91,67.64,29918700,2087604605.0
2024-01-29,66.81,68.21,64.62,65.59,19437400,1300679030.0
2024-01-30,65.43,66.2,63.96,64.26,9885300,653193240.0
2024-01-31,63.91,64.72,61.32,61.41,14230700,904722906.0
2024-02-01,61.33,64.6,60.82,62.22,15342500,976815628.0
2024-02-02,62.61,62.98,56.91,59.09,18212000,1110422775.0
2024-02-05,58.9,58.91,54.11,56.83,18284000,1056038556.0
2024-02-06,56.54,60.91,55.91,60.87,17349000,1044459486.0
2024-02-07,61.06,62.48,60.29,61.21,17746500,1109051137.0
2024-02-08,61.69,67.44,61.66,67.44,21011000,1368076982.0
2024-02-19,67.46,67.9,63.68,65.86,26161100,1743868483.0
2024-02-20,65.1,70.93,63.34,69.06,30158200,2023748304.0
2024-02-21,66.41,70.51,66.26,68.18,34144700,2358792417.0
2024-02-22,66.91,71.95,66.71,71.45,30134300,2118870481.0
2024-02-23,71.46,72.22,69.9,70.89,26247600,1894461053.0
2024-02-26,70.91,71.73,69.71,70.27,18635300,1334933014.0
2024-02-27,69.83,73.54,69.17,73.1,23433500,1706122366.0
2024-02-28,73.21,74.51,68.72,68.81,24215000,1765600511.0
2024-02-29,68.21,72.21,68.02,72.18,22964000,1658850659.0
2024-03-01,72.28,75.57,72.07,74.67,24492800,1842714849.0
2024-03-04,75.09,75.57,73.06,73.84,19293800,1451842940.0
2024-03-05,73.01,74.6,72.7,73.17,16705700,1248841741.0
2024-03-06,72.91,73.16,70.99,71.74,14820000,1083264984.0
2024-03-07,71.88,73.11,69.41,69.43,15181500,1091534346.0
2024-03-08,69.94,71.39,69.38,70.51,12336300,882027977.0
2024-03-11,69.63,73.71,68.96,73.54,19419300,1422978191.0
2024-03-12,73.88,81.0,73.4,77.91,44915100,3587685995.0
2024-03-13,78.91,79.31,76.21,77.26,29531000,2326696335.0
2024-03-14,76.46,77.53,75.27,76.09,17770700,1376703473.0
2024-03-15,75.91,76.67,74.29,76.33,18226800,1399477744.0
2024-03-18,76.56,77.41,75.57,76.8,21306500,1651864398.0
2024-03-19,76.81,78.86,75.81,76.12,22380500,1751276788.0
2024-03-20,75.68,76.76,74.68,76.01,15425800,1185892418.0
2024-03-21,78.25,81.23,77.21,79.06,37843900,3034982247.0
2024-03-22,79.91,81.34,77.2,77.29,31645200,2545256353.0
2024-03-25,75.93,76.33,72.25,72.44,26722400,2010847786.0
2024-03-26,73.56,78.57,73.31,75.38,30206900,2336501554.0
2024-03-27,74.87,75.14,69.43,69.66,24253900,1765630591.0
2024-03-28,69.66,72.37,68.59,71.66,17020000,1229004595.0
2024-03-29,71.65,71.65,69.36,70.78,14497300,1032679532.0
2024-04-01,70.86,71.58,69.91,71.35,17933000,1290992530.0
2024-04-02,72.8,72.92,70.36,70.81,16482700,1198362020.0
2024-04-03,70.27,72.78,68.29,70.52,23837800,1708266231.0
2024-04-08,70.31,70.91,68.65,68.65,15821800,1114756057.0
2024-04-09,68.71,69.8,67.91,68.76,11952300,832951109.0
2024-04-10,68.91,69.17,65.12,65.33,17433100,1172212696.0
2024-04-11,65.51,71.24,65.51,69.09,33596900,2367461759.0
2024-04-12,68.71,75.15,68.51,72.76,35840100,2619554001.0
2024-04-15,71.91,72.69,70.98,72.11,20979200,1530326521.0
2024-04-16,71.59,71.59,67.71,67.78,18105100,1271934966.0
2024-04-17,69.41,74.67,68.71,74.67,34327500,2535055070.0
2024-04-18,75.42,76.31,74.34,74.91,27642000,2113715939.0
2024-04-19,74.21,74.41,71.56,73.0,22347200,1652996216.0
2024-04-22,69.26,75.08,68.0,74.87,36890300,2671405797.0
2024-04-23,74.61,75.21,72.99,73.41,19473400,1461172540.0
2024-04-24,74.16,77.23,74.16,76.81,29444400,2275319223.0
2024-04-25,76.02,78.18,75.92,76.02,21455000,1671923571.0
2024-04-26,76.01,78.59,75.84,77.61,25022700,1964902562.0
2024-04-29,77.61,79.88,77.38,77.66,28811500,2289676559.0
2024-04-30,77.62,79.51,77.13,77.66,17926000,1421342107.0
2024-05-06,78.93,81.84,78.93,80.85,24132000,1970276420.0
2024-05-07,80.89,85.9,80.7,82.94,27886900,2351539363.0
2024-05-08,82.91,82.91,80.43,80.9,18668100,1541193924.0
2024-05-09,80.42,82.41,80.35,81.5,16650100,1370066212.0
2024-05-10,81.71,84.41,80.8,81.4,23419800,1960286985.0
2024-05-13,79.91,86.48,79.68,85.23,27023900,2307420323.0
2024-05-14,85.53,86.11,84.01,85.53,18139600,1563708363.0
2024-05-15,85.62,85.7,81.95,82.33,17066800,1441566439.0
2024-05-16,82.91,83.41,79.91,80.46,18224700,1499444102.0
2024-05-17,80.56,81.91,79.71,81.78,13686000,1124546603.0
2024-05-20,81.76,82.3,80.43,81.59,12259000,1009544664.0
2024-05-21,81.41,83.24,81.01,81.83,10591200,883017694.0
2024-05-22,81.83,82.33,80.18,81.44,12437500,1022509708.0
2024-05-23,81.44,82.51,80.13,80.17,12084800,993871864.0
2024-05-24,80.0,80.79,77.22,77.51,18008900,1429462415.0
2024-05-27,77.75,80.43,75.92,80.39,18354400,1455332459.0
2024-05-28,80.3,84.07,79.93,80.6,22107700,1834289243.0
2024-05-29,79.93,80.89,78.91,79.35,10737000,866444264.0
2024-05-30,79.29,81.89,78.26,81.29,15428900,1261621233.0
2024-05-31,81.4,83.9,80.94,82.02,16715100,1398761718.0
2024-06-03,82.92,85.93,82.41,85.08,24898100,2133131052.0
2024-06-04,85.08,85.69,83.09,84.21,14370400,1222776721.0
2024-06-05,83.86,85.75,83.63,83.68,12739100,1092191124.0
2024-06-06,84.53,85.11,81.79,82.06,18498400,1569148055.0
2024-06-07,82.48,84.21,81.31,82.37,13729900,1150918961.0
2024-06-11,82.91,86.49,82.51,86.47,23333800,2010455927.0
2024-06-12,85.93,87.59,85.21,85.51,18921800,1650316530.0
2024-06-13,86.81,90.24,86.46,87.91,27153400,2428925639.0
2024-06-14,87.41,89.59,85.76,89.57,19235000,1710874947.0
2024-06-17,89.21,93.9,88.9,93.19,24311200,2257826153.0
2024-06-18,93.11,94.4,91.34,92.51,19500900,1828042733.0
2024-06-19,94.11,96.06,92.56,93.62,21226000,2019792992.0
2024-06-20,92.91,94.51,91.66,91.91,16626900,1565505641.0
2024-06-21,89.99,93.91,89.41,93.41,17103800,1594578285.0
2024-06-24,93.11,95.53,91.14,91.36,18387700,1736175184.0
2024-06-25,90.91,92.41,87.88,88.86,21070100,1905249378.0
2024-06-26,89.57,92.71,88.27,92.11,15530500,1419626130.0
2024-06-27,91.02,95.37,90.91,93.11,20637200,1948038099.0
2024-06-28,91.96,95.15,91.92,94.53,16069400,1525297994.0
2024-07-01,93.97,94.9,89.46,93.32,15848300,1481139844.0
2024-07-02,92.92,92.92,88.72,89.12,18359100,1674675780.0
2024-07-03,88.93,91.41,88.32,90.6,13030000,1186870184.0
2024-07-04,90.55,92.9,90.21,90.51,11445600,1060125266.0
2024-07-05,90.51,91.41,87.49,90.75,14475000,1308486281.0
2024-07-08,91.88,92.5,90.58,90.87,11883700,1100640215.0
2024-07-09,90.91,95.91,89.61,95.33,20846800,1977904903.0
2024-07-10,95.37,96.83,94.69,95.95,14493600,1402807290.0
2024-07-11,97.21,98.77,94.43,96.73,15758700,1542923820.0
2024-07-12,95.52,97.11,94.21,96.26,10475800,1013579973.0
2024-07-15,95.91,97.26,95.46,96.11,7949200,774942033.0
2024-07-16,95.61,97.51,94.23,96.9,14101200,1368233691.0
2024-07-17,96.91,97.1,94.82,94.91,10274700,997123548.0
2024-07-18,93.22,94.81,88.91,92.91,20597200,1909659454.0
2024-07-19,91.92,96.2,91.81,94.91,16018100,1534372054.0
2024-07-22,94.98,95.62,92.49,93.28,12213400,1161548450.0
2024-07-23,93.29,93.57,87.79,87.79,19479000,1768185451.0
2024-07-24,87.61,88.92,84.91,85.21,16962600,1485559032.0
2024-07-25,85.16,85.16,82.61,83.31,12745600,1079167304.0
2024-07-26,83.61,84.43,82.17,83.32,11913800,1003723828.0
2024-07-29,83.32,84.08,81.41,81.46,12616300,1051911946.0
2024-07-30,81.13,82.57,79.51,81.9,12352300,1016701498.0
2024-07-31,81.31,84.96,80.91,84.89,16043000,1360672120.0
2024-08-01,85.21,86.58,84.51,85.65,13555500,1175298644.0
2024-08-02,84.15,84.98,81.82,81.97,13156200,1107621780.0
2024-08-05,79.94,81.41,76.52,76.57,23258100,1850233637.0
2024-08-06,77.89,78.39,75.84,77.09,12730300,992610022.0
2024-08-07,76.96,77.31,75.57,75.86,9295100,719989191.0
2024-08-08,75.18,77.06,73.99,76.48,14485900,1109210252.0
2024-08-09,77.71,78.41,76.91,77.03,11723300,923033044.0
2024-08-12,76.68,77.56,76.46,77.1,6011600,469198577.0
2024-08-13,77.51,78.07,76.49,77.87,7007000,548706991.0
2024-08-14,77.91,78.22,77.02,77.14,6314500,495897621.0
2024-08-15,77.11,79.18,76.73,77.66,9914600,784248139.0
2024-08-16,77.99,79.0,77.57,77.81,8424200,667914709.0
2024-08-19,77.51,78.7,77.23,77.89,6817300,540520905.0
2024-08-20,78.38,78.71,77.26,78.14,8279700,654795342.0
2024-08-21,77.48,77.48,72.88,72.9,27929600,2103120340.0
2024-08-22,73.29,73.65,71.52,72.56,14704300,1081059651.0
2024-08-23,71.91,72.41,70.93,71.27,11164300,809998248.0
2024-08-26,71.53,71.79,69.93,70.19,10119800,724802509.0
2024-08-27,70.18,70.47,68.91,69.14,9216900,651705270.0
2024-08-28,69.14,69.65,68.56,68.86,7639100,535259947.0
2024-08-29,68.61,69.96,67.68,68.91,10725600,751710175.0
2024-08-30,68.91,71.84,68.79,71.29,17053800,1228736748.0
2024-09-02,71.29,71.29,67.43,67.45,15041000,1052578558.0
2024-09-03,68.12,69.58,67.83,68.93,9534200,666840931.0
2024-09-04,67.94,68.79,67.48,67.75,9824700,678479152.0
2024-09-05,67.91,68.96,67.73,68.3,7572900,524826632.0
2024-09-06,68.35,68.5,66.79,66.79,7428400,508285972.0
2024-09-09,66.28,67.7,66.17,66.55,6195000,420636149.0
2024-09-10,66.79,67.31,65.31,66.84,10247200,689828959.0
2024-09-11,66.51,67.0,65.91,66.55,7741000,522518802.0
2024-09-12,66.91,67.37,65.71,65.71,7182200,484822611.0
2024-09-13,65.71,65.99,64.21,64.21,10362900,684544456.0
2024-09-18,64.26,64.91,63.04,63.69,8693300,563239582.0
2024-09-19,64.21,65.26,63.35,64.42,10680600,699201568.0
2024-09-20,64.58,64.93,63.51,64.2,8135200,529724496.0
2024-09-23,64.2,65.37,63.75,64.04,7621600,499567401.0
2024-09-24,64.72,67.32,63.91,67.31,19155400,1283880187.0
2024-09-25,68.12,70.45,67.84,68.36,21660800,1521826413.0
2024-09-26,68.89,74.19,68.72,74.18,28859000,2092796266.0
2024-09-27,75.31,79.34,74.65,79.31,18296300,1414764100.0
2024-09-30,84.26,87.35,80.92,87.28,41920700,3630381977.0
2024-10-08,96.12,96.12,90.36,96.12,42265600,4075074495.0
2024-10-09,96.01,100.05,90.91,92.01,60829800,5876418657.0
2024-10-10,92.42,93.68,85.43,86.99,43040000,3846914156.0
2024-10-11,85.41,86.8,81.78,82.91,26759300,2266644290.0
2024-10-14,82.91,85.19,80.39,85.03,28720800,2414955669.0
2024-10-15,85.04,87.36,83.46,83.91,24654000,2135191116.0
2024-10-16,81.91,83.38,81.06,81.99,18382600,1527468761.0
2024-10-17,82.59,84.11,81.29,81.3,17252300,1442697188.0
2024-10-18,81.11,88.91,80.92,86.65,36143200,3121455836.0
2024-10-21,91.4,92.0,88.59,88.83,48779400,4453240633.0
2024-10-22,87.74,89.39,86.71,87.71,25415100,2253267966.0
2024-10-23,86.91,88.46,86.67,86.91,19867700,1758835742.0
2024-10-24,86.43,88.46,85.92,87.21,18743100,1655087392.0
2024-10-25,87.46,89.21,86.11,88.06,21559200,1912648548.0
2024-10-28,88.05,90.55,87.19,89.67,24488100,2206751271.0
2024-10-29,89.91,90.75,87.51,87.51,25767800,2322471705.0
2024-10-30,86.99,89.35,86.65,87.67,19984500,1773489789.0
2024-10-31,87.66,89.71,86.11,89.08,28035500,2507642759.0
2024-11-01,88.39,88.81,85.09,85.21,22223200,1949233179.0
2024-11-04,85.51,89.8,85.21,88.91,24716400,2213735056.0
2024-11-05,89.11,91.65,88.42,90.99,28777200,2639320195.0
2024-11-06,100.17,100.17,92.66,93.43,49902100,4827690101.0
2024-11-07,93.59,96.09,92.92,95.55,29854700,2859202698.0
2024-11-08,96.55,98.2,93.91,94.39,36673200,3553709672.0
2024-11-11,94.59,98.6,94.57,98.05,40235600,3953847048.0
2024-11-12,98.13,98.4,94.96,95.77,29664800,2892004148.0
2024-11-13,94.84,95.71,92.81,95.22,21244900,2025166520.0
2024-11-14,94.81,94.81,90.91,91.13,19403500,1823283592.0
2024-11-15,91.17,93.14,88.06,88.5,21198800,1949320157.0
2024-11-18,88.41,89.24,84.8,85.37,20314100,1784108783.0
2024-11-19,85.98,87.86,84.8,87.67,16317500,1428765436.0
2024-11-20,87.22,87.83,86.42,87.22,12418000,1094372334.0
2024-11-21,87.23,88.08,86.29,87.23,12234400,1082223380.0
2024-11-22,87.24,87.89,83.21,83.29,17145600,1485773973.0
2024-11-25,83.91,84.35,81.11,82.82,14196200,1186629344.0
2024-11-26,82.11,83.28,82.03,82.13,8780400,734044039.0
2024-11-27,81.93,83.91,80.81,83.91,13866900,1159540808.0
2024-11-28,84.2,85.36,83.41,84.15,14304800,1221395531.0
2024-11-29,83.72,86.23,82.82,84.69,16104600,1379694389.0
2024-12-02,82.91,84.21,82.34,83.69,23990200,2025447560.0
2024-12-03,83.97,84.02,81.92,82.63,16622400,1390260950.0
2024-12-04,84.73,86.51,84.27,84.78,31331600,2714996441.0
2024-12-05,84.79,85.06,83.46,83.99,15354900,1306526687.0
2024-12-06,83.96,85.11,83.22,84.89,15601800,1334326741.0
2024-12-09,84.02,84.69,81.71,82.23,21997000,1847368353.0
2024-12-10,84.79,85.15,82.24,82.6,22781100,1932260992.0
2024-12-11,82.21,83.91,81.99,83.12,13704500,1151881925.0
2024-12-12,83.13,83.97,82.29,83.44,15534900,1306927207.0
2024-12-13,82.91,91.89,82.73,91.89,80388100,7209836962.0
2024-12-16,90.49,98.91,90.0,95.57,89943500,8653349854.0
2024-12-17,94.11,95.91,92.07,92.59,39121500,3694036267.0
2024-12-18,92.21,101.96,92.21,101.96,57622700,5720391058.0
2024-12-19,105.41,112.27,103.91,111.06,104783600,11549024763.0
2024-12-20,109.61,113.51,108.46,112.11,66829300,7519032742.0
2024-12-23,115.57,115.91,106.16,106.16,59923400,6598914054.0
2024-12-24,106.91,107.9,101.73,106.91,56896200,6015827395.0
2024-12-25,107.91,112.91,106.87,108.67,49478900,5504074559.0
2024-12-26,107.41,114.79,106.9,113.91,48428400,5468721210.0
2024-12-27,113.9,116.41,110.4,110.87,40396900,4615567602.0
2024-12-30,112.12,114.67,109.2,112.73,32104000,3648667671.0
2024-12-31,112.91,112.99,105.71,105.71,36654400,3995555148.0
2025-01-02,105.16,106.11,100.67,101.9,30243100,3146583067.0
2025-01-03,102.51,105.51,99.0,102.01,34128900,3543095733.0
2025-01-06,102.55,103.71,97.54,98.45,31342000,3183655204.0
2025-01-07,99.35,105.24,98.56,104.11,33877100,3503531766.0
2025-01-08,103.07,114.63,102.71,113.56,62000500,6885517434.0
2025-01-09,112.23,124.2,112.02,121.81,63692100,7602732557.0
2025-01-10,118.91,122.77,118.79,119.41,35924500,4379028367.0
2025-01-13,117.91,120.81,114.94,116.76,31307700,3694225474.0
2025-01-14,116.9,128.55,113.42,128.55,50403000,6244303724.0
2025-01-15,128.7,136.71,127.12,131.77,53533600,7077664756.0
2025-01-16,130.98,132.79,124.08,127.11,39402400,5094807798.0
2025-01-17,127.81,136.67,127.35,133.7,41894500,5598345066.0
2025-01-20,133.71,133.79,129.91,131.91,27594100,3669606623.0
2025-01-21,132.94,138.71,127.03,131.01,44660100,5961717138.0
2025-01-22,128.91,138.21,127.51,135.12,40713300,5527481375.0
2025-01-23,135.91,139.91,128.56,129.38,39825500,5355847551.0
2025-01-24,128.7,130.59,126.36,129.41,33673500,4370248969.0
2025-01-27,128.25,130.36,125.4,126.31,22323000,2862587665.0
2025-02-05,132.89,137.62,132.16,134.26,35421400,4807238224.0
2025-02-06,132.01,142.31,131.91,139.54,36858200,5141324065.0
2025-02-07,138.41,142.46,134.38,137.47,35777900,4995411215.0
2025-02-10,137.41,137.41,132.82,133.54,26470500,3585109650.0
2025-02-11,133.51,135.29,130.9,132.91,20152200,2699171403.0
2025-02-12,132.41,134.35,129.9,133.89,25482700,3405837564.0
2025-02-13,133.79,133.79,125.91,126.59,36499500,4734748607.0
2025-02-14,126.18,127.35,123.95,126.23,26186200,3313432138.0
2025-02-17,126.21,127.71,124.72,126.4,27084400,3436539128.0
2025-02-18,126.31,126.37,121.59,122.38,28645200,3569947145.0
2025-02-19,122.37,127.35,121.91,126.42,34409400,4380302119.0
2025-02-20,126.41,128.92,123.91,127.3,23578700,3019593743.0
2025-02-21,127.32,139.11,126.51,136.96,49534100,6642724434.0
2025-02-24,137.71,146.47,135.96,141.91,39675400,5667611409.0
2025-02-25,137.91,140.66,134.27,135.91,35920900,4950144510.0
2025-02-26,135.91,136.41,130.22,135.68,27619500,3729755704.0
2025-02-27,134.91,137.4,129.42,132.65,27343200,3651461603.0
2025-02-28,130.9,139.68,130.02,130.74,44693900,6059986878.0
2025-03-03,133.91,133.91,125.3,128.49,27599600,3588491287.0
2025-03-04,125.77,136.55,122.92,133.41,35214000,4628851118.0
2025-03-05,134.31,136.79,131.91,134.79,24585400,3329534312.0
2025-03-06,134.81,138.74,134.12,136.64,27212300,3736796974.0
2025-03-07,135.25,135.26,130.11,133.59,28299200,3774105354.0
2025-03-10,131.12,132.92,129.55,131.43,17774300,2347086128.0
2025-03-11,128.02,129.71,126.21,127.09,21403800,2754189642.0
2025-03-12,128.3,130.1,126.06,127.39,19880800,2563066134.0
2025-03-13,126.46,127.1,121.91,123.19,21533500,2689986050.0
2025-03-14,122.87,129.35,122.71,128.8,24206600,3098398761.0
2025-03-17,128.19,129.02,126.41,126.94,12371800,1589504303.0
2025-03-18,127.69,131.11,126.93,128.82,19766300,2571153358.0
2025-03-19,127.91,130.89,127.02,129.86,18851400,2459087316.0
2025-03-20,129.22,131.8,127.04,127.31,15136500,1967455569.0
2025-03-21,125.91,127.04,122.09,122.52,16610600,2077608093.0
2025-03-24,122.72,124.11,120.76,124.03,15131100,1870799159.0
2025-03-25,123.27,123.71,117.87,118.22,20542700,2483652704.0
2025-03-26,118.22,119.05,115.49,115.87,19642500,2322061563.0
2025-03-27,115.46,119.2,115.46,116.54,14242500,1681630080.0
2025-03-28,115.91,117.13,115.56,115.92,8404100,986703564.0
2025-03-31,115.96,116.8,113.01,115.79,12308500,1424835912.0
2025-04-01,116.41,117.89,114.71,116.4,12079600,1419387604.0
2025-04-02,116.4,117.59,115.61,116.5,7960800,936354628.0
2025-04-03,114.56,117.21,113.81,114.66,9981800,1161711450.0
2025-04-07,103.91,110.9,103.09,103.11,25454200,2710485169.0
2025-04-08,104.77,105.57,99.79,102.39,26952000,2785586815.0
2025-04-09,100.9,106.41,97.78,103.87,27581000,2876581347.0
2025-04-10,107.9,109.43,105.59,106.81,21466900,2330520959.0
2025-04-11,106.6,115.71,105.01,111.23,32246500,3622818836.0
2025-04-14,113.23,113.4,109.29,110.64,18581800,2081709619.0
2025-04-15,109.91,110.65,107.71,108.91,12675000,1392226199.0
2025-04-16,109.02,109.51,105.91,108.1,12639300,1371122688.0
2025-04-17,107.84,109.92,107.19,108.11,11004400,1206101768.0
2025-04-18,107.79,107.79,106.3,107.21,6922500,747979189.0
2025-04-21,107.82,111.91,106.92,111.37,13940200,1547645158.0
2025-04-22,111.3,114.69,110.86,111.26,13886000,1579629783.0
2025-04-23,111.9,114.01,111.12,113.51,15109300,1721581495.0
2025-04-24,114.01,114.01,109.11,110.07,15513000,1737853796.0
2025-04-25,110.11,113.79,109.59,111.54,16191300,1831249073.0
2025-04-28,111.54,114.41,108.72,114.11,21757300,2463793318.0
2025-04-29,115.11,125.63,115.03,125.63,43808600,5303824252.0
2025-04-30,125.79,128.61,124.41,127.6,33476000,4279553584.0
2025-05-06,129.47,133.95,129.21,130.76,30198000,3995581194.0
2025-05-07,130.97,131.68,128.26,129.26,18104400,2363164062.0
2025-05-08,128.02,128.91,125.94,126.43,16185200,2072347893.0
2025-05-09,125.23,125.85,122.62,123.31,16554800,2066340193.0
2025-05-12,124.42,125.53,122.78,124.39,12913100,1619539412.0
2025-05-13,125.94,127.43,124.07,124.42,17563300,2231834166.0
2025-05-14,124.44,126.55,122.39,123.4,14648400,1828488646.0
2025-05-15,122.91,123.5,120.41,120.91,12437300,1528121770.0
2025-05-16,120.94,122.29,120.66,121.2,8363400,1023691553.0
2025-05-19,121.88,126.7,120.77,125.21,22365400,2808603602.0
2025-05-20,124.71,127.46,123.42,125.06,15810700,2000275092.0
2025-05-21,123.46,123.48,115.99,117.05,31614500,3768105532.0
2025-05-22,116.91,119.44,116.41,116.57,13129800,1558622820.0
2025-05-23,116.0,117.12,114.31,114.31,13880000,1619735729.0
2025-05-26,114.39,115.99,113.54,114.94,11203000,1298445994.0
2025-05-27,114.34,114.78,111.76,111.81,11410600,1298510725.0
2025-05-28,112.56,114.2,112.14,112.41,11295900,1287595696.0
2025-05-29,112.68,113.35,111.43,112.66,11502600,1308481622.0
2025-05-30,112.11,113.21,110.4,111.21,10283800,1159624664.0
2025-06-03,110.02,114.05,109.92,111.79,11756400,1331329201.0
2025-06-04,112.17,115.77,111.78,114.49,13663000,1577982343.0
2025-06-05,114.9,117.39,113.69,116.81,14671700,1714741225.0
2025-06-06,116.57,126.69,115.92,122.35,29191800,3598624287.0
2025-06-09,121.91,122.81,120.28,121.54,16133900,1976852391.0
2025-06-10,121.81,121.82,116.62,118.31,14136800,1691228022.0
2025-06-11,118.47,120.71,117.91,118.06,10358000,1243491407.0
2025-06-12,118.79,121.11,117.91,118.86,12892700,1553021803.0
2025-06-13,117.81,118.88,116.69,117.81,11264900,1337755681.0
2025-06-16,117.91,123.23,117.91,119.92,16911700,2069980284.0
2025-06-17,121.52,123.91,119.09,121.23,14441300,1768172711.0
2025-06-18,120.9,123.53,117.91,121.53,14672000,1789217731.0
2025-06-19,121.29,125.4,121.11,122.12,18264000,2267192170.0
2025-06-20,121.52,122.16,116.41,117.87,16593900,1984959227.0
2025-06-23,116.62,120.6,116.3,119.12,11257900,1353675321.0
2025-06-24,121.17,123.81,120.81,122.82,16750000,2074784448.0
2025-06-25,123.89,124.7,121.51,124.41,17473200,2170656894.0
2025-06-26,124.11,124.56,121.91,122.16,13130500,1629284432.0
2025-06-27,123.21,126.41,121.21,125.25,20986700,2643149187.0
2025-06-30,127.28,127.41,124.11,125.44,14143400,1784229847.0
2025-07-01,124.91,125.46,122.42,122.93,14287600,1781322637.0
2025-07-02,122.19,122.21,119.01,119.89,13068100,1586895318.0
2025-07-03,119.83,120.8,118.25,118.97,12859000,1541698795.0
2025-07-04,118.44,119.55,116.76,118.1,14182700,1683622173.0
2025-07-07,118.23,120.06,117.11,120.06,11458500,1370153527.0
2025-07-08,122.25,122.75,120.26,120.96,15187800,1854823191.0
2025-07-09,120.16,120.24,118.54,118.72,12605600,1512241902.0
2025-07-10,118.27,119.12,117.29,117.31,11158300,1322615181.0
2025-07-11,117.15,118.35,116.62,117.61,12977400,1537067954.0
2025-07-14,117.86,118.45,116.71,116.84,11279200,1331566268.0
2025-07-15,116.35,116.81,113.25,114.25,23620300,2718281579.0
2025-07-16,114.25,115.65,113.25,113.49,15874300,1826208291.0
2025-07-17,113.3,117.44,113.07,117.24,24127500,2805867152.0
2025-07-18,117.11,119.55,115.48,116.41,20323300,2391314587.0
2025-07-21,116.07,116.78,114.65,116.36,11594400,1350683002.0
2025-07-22,116.22,116.58,115.05,115.12,14392700,1672922189.0
2025-07-23,115.02,117.61,114.75,116.24,14911100,1741699657.0
2025-07-24,115.85,117.25,114.39,117.14,17225400,2011696442.0
2025-07-25,117.15,121.25,117.15,121.19,35693400,4286282667.0
2025-07-28,121.25,121.45,118.96,119.51,19101200,2302878681.0
2025-07-29,119.25,120.75,118.65,119.53,16994100,2042850877.0
2025-07-30,123.31,128.92,122.56,123.24,47298700,5957278630.0
2025-07-31,120.25,126.05,119.53,120.38,30874800,3788904668.0
2025-08-01,119.75,121.35,116.34,116.56,24781300,2946052922.0
2025-08-04,115.55,119.45,115.55,118.09,16078300,1902328181.0
2025-08-05,118.25,118.55,116.55,117.25,12485100,1471568918.0
2025-08-06,117.25,117.9,116.26,117.53,11448600,1349530061.0
2025-08-07,117.23,118.45,116.57,116.92,16994100,2007916589.0
2025-08-08,116.93,116.93,115.65,115.65,12151300,1418055203.0
2025-08-11,116.04,117.75,115.73,117.2,12798200,1508912168.0
2025-08-12,117.56,120.75,116.85,119.72,25275600,3025712891.0
2025-08-13,119.74,122.25,119.19,120.71,24098700,2925464097.0
2025-08-14,120.95,124.74,119.8,120.26,31400300,3865198490.0
2025-08-15,119.26,122.75,119.26,122.15,21150000,2590294402.0
2025-08-18,122.58,127.23,120.76,124.95,32849900,4106567032.0
2025-08-19,124.73,128.13,122.1,122.51,32317500,4046363006.0
2025-08-20,122.25,126.5,121.26,126.26,35989800,4494071401.0
2025-08-21,131.34,138.96,131.34,136.41,85897100,11832481427.0
2025-08-22,134.37,150.13,134.33,150.13,78079100,11210984976.0
2025-08-25,158.25,162.75,152.13,157.05,83619800,13172131297.0
2025-08-26,157.05,157.05,151.87,153.65,38225300,5917649650.0
2025-08-27,155.12,167.75,151.43,157.88,62381100,10014123480.0
2025-08-28,160.25,165.05,158.26,163.7,49432800,8027959133.0
2025-08-29,161.05,161.25,155.65,158.23,39800600,6325048099.0
2025-09-01,163.36,174.13,156.25,174.13,61279700,10223340506.0
2025-09-02,178.53,187.25,172.3,175.25,76285200,13736024580.0
2025-09-03,175.51,176.98,167.8,170.34,44127600,7587032736.0
2025-09-04,168.25,170.32,153.23,153.23,45498100,7284233850.0
2025-09-05,149.25,163.24,145.05,158.81,69948800,10700137153.0
2025-09-08,161.18,168.25,158.4,163.08,52371500,8602671849.0
2025-09-09,160.25,162.05,153.87,156.4,32732000,5191824525.0
2025-09-10,156.39,162.5,154.95,160.54,33465700,5358368655.0
2025-09-11,160.51,176.67,159.25,176.67,55442400,9422962073.0
2025-09-12,179.24,194.41,176.75,189.46,71035700,13432520618.0
2025-09-15,192.76,193.75,185.87,190.19,49548300,9469855424.0
2025-09-16,188.25,196.05,186.14,188.41,40856200,7810240314.0
2025-09-17,188.24,191.83,182.22,185.85,33924500,6358605811.0
2025-09-18,188.64,200.1,186.05,190.13,59041100,11381851203.0
2025-09-19,193.56,195.13,184.16,184.45,37191800,7051277593.0
2025-09-22,188.13,197.34,185.53,194.26,41197800,8002507023.0
2025-09-23,195.25,200.84,187.94,193.32,39994600,7780830608.0
2025-09-24,193.85,207.48,192.25,199.05,50702100,10165505184.0
2025-09-25,198.25,203.75,192.35,196.66,40427600,8001322068.0
2025-09-26,195.26,205.27,189.46,189.46,43520100,8650850074.0
2025-09-29,195.75,202.88,194.35,196.38,43487800,8628937828.0
2025-09-30,203.59,216.09,202.25,212.55,59786500,12672064936.0
2025-10-09,221.25,233.88,217.85,224.74,58539000,13293421697.0
2025-10-10,224.75,229.75,211.37,214.27,44303100,9636636022.0
2025-10-13,200.75,214.15,200.75,207.1,42481500,8843113207.0
2025-10-14,214.7,219.78,192.25,195.25,52201800,10762183994.0
2025-10-15,194.8,201.65,185.66,201.26,39044200,7587280731.0
2025-10-16,200.69,214.05,197.78,207.38,45866600,9577597463.0
2025-10-17,207.37,210.75,200.25,200.46,32935800,6777034048.0
2025-10-20,206.98,214.25,202.28,207.6,36724400,7696246687.0
2025-10-21,210.25,221.25,208.91,218.26,40511700,8794154720.0
2025-10-22,213.25,213.25,204.55,210.18,37183000,7766034297.0
2025-10-23,205.23,207.35,199.64,206.21,27405800,5585482986.0
2025-10-24,213.25,221.13,211.25,220.33,45061800,9805113356.0
2025-10-27,229.25,242.44,222.08,242.44,52091600,12070372380.0
2025-10-28,235.75,253.69,233.83,246.2,52729600,12909959810.0
2025-10-29,246.21,251.88,235.25,240.4,50374500,12221563111.0
2025-10-30,245.49,246.25,231.03,231.25,43365400,10345840392.0
2025-10-31,230.25,233.93,215.25,219.25,49242900,10882575346.0
2025-11-03,216.25,229.93,215.91,229.35,46261300,10367480649.0
2025-11-04,230.25,230.47,221.75,224.24,29336800,6624358513.0
2025-11-05,212.25,219.74,210.2,217.64,33513100,7203205727.0
2025-11-06,223.75,227.25,221.5,226.45,34334700,7753801390.0
2025-11-07,221.93,227.14,218.8,220.2,27898900,6232949914.0
2025-11-10,227.74,230.7,211.75,218.21,38583200,8553969468.0
2025-11-11,222.85,226.26,215.96,216.24,34192500,7601312659.0
2025-11-12,212.25,217.83,206.26,208.75,34952300,7391713965.0
2025-11-13,211.25,229.7,211.13,226.75,62663900,14161665405.0
2025-11-14,215.25,215.74,205.03,205.03,54863300,11531317142.0
2025-11-17,207.06,213.99,205.61,206.75,33506100,7029315417.0
2025-11-18,204.53,206.83,200.82,201.75,27437800,5596610403.0
2025-11-19,199.5,204.75,198.28,201.77,23881900,4835263416.0
2025-11-20,206.75,207.25,197.91,198.35,21760500,4376548543.0
2025-11-21,188.25,189.82,181.76,181.76,40441600,7512795790.0
2025-11-24,183.0,184.0,175.25,178.43,34049900,6102558863.0
2025-11-25,184.25,190.85,183.44,189.87,36402100,6845489696.0
2025-11-26,186.26,198.13,186.05,195.75,29768500,5796501768.0
2025-11-27,198.13,207.25,198.13,200.11,31973200,6535638163.0
2025-11-28,198.25,203.6,195.91,202.25,21565200,4334514870.0
2025-12-01,203.29,214.7,200.45,212.07,38267000,8001361362.0
2025-12-02,211.03,216.04,207.35,209.75,24924400,5283394789.0
2025-12-03,209.67,210.24,205.44,206.85,17070800,3550298440.0
2025-12-04,205.25,212.23,201.24,209.66,24700700,5130378877.0
2025-12-05,210.17,210.25,204.75,206.06,16981700,3517459255.0
2025-12-08,207.87,216.22,206.78,213.14,31130700,6624931659.0
2025-12-09,211.25,214.55,208.55,210.2,21058600,4464451196.0
2025-12-10,208.34,209.45,202.75,208.09,19181000,3972447948.0
2025-12-11,211.13,212.25,206.75,207.06,18824600,3953045790.0
2025-12-12,205.25,213.69,203.26,209.14,21503400,4488267448.0
2025-12-15,204.27,207.93,202.75,203.41,17506900,3589589515.0
2025-12-16,202.25,204.71,195.38,197.11,20482500,4078991501.0
2025-12-17,196.26,202.12,195.2,201.43,19050200,3802859059.0
2025-12-18,202.75,218.13,202.75,213.7,41852500,8887246199.0
2025-12-19,219.25,220.25,207.45,209.46,33239500,7034876943.0
2025-12-22,212.76,218.75,212.76,215.71,25370100,5485534765.0
2025-12-23,216.24,220.58,214.25,216.63,25429800,5543292842.0
2025-12-24,219.25,224.25,215.45,223.35,29841000,6590470884.0
2025-12-25,222.25,228.08,216.58,221.25,25940000,5752598105.0
2025-12-26,220.25,229.25,219.25,226.22,29663100,6722806560.0
2025-12-29,224.96,233.69,224.25,227.18,29601900,6772169788.0
2025-12-30,225.25,228.79,218.35,219.47,27161000,6063612930.0
2025-12-31,227.26,228.13,211.83,213.5,35457100,7741087427.0
2026-01-05,220.57,234.93,220.25,234.93,49928400,11560778680.0
2026-01-06,237.25,252.58,233.25,250.03,50753600,12310629498.0
2026-01-07,269.25,273.02,256.03,261.75,54516200,14443385679.0
2026-01-08,258.25,266.25,256.16,258.0,31410900,8210508185.0
2026-01-09,253.8,253.8,243.57,249.3,39523800,9873211263.0
2026-01-12,254.47,263.29,253.25,261.08,40381300,10435793484.0
2026-01-13,265.25,274.25,256.74,262.75,46151800,12238674369.0
2026-01-14,269.25,270.25,248.3,252.25,44732100,11546200174.0
2026-01-15,248.86,256.8,247.45,254.21,28389800,7180430118.0
2026-01-16,259.28,279.71,256.75,279.71,55336200,15020119557.0
2026-01-19,279.85,291.25,278.13,287.7,46323000,13241198626.0
2026-01-20,282.15,296.35,282.13,291.25,38978200,11377429957.0
2026-01-21,294.25,314.05,292.26,306.9,40465400,12395709223.0
2026-01-22,319.25,319.27,295.95,300.72,45061700,13710967282.0
2026-01-23,295.25,309.93,294.25,296.5,34938000,10491781699.0
2026-01-26,299.25,307.25,289.75,291.85,27267500,8059039738.0
2026-01-27,289.25,311.67,285.92,306.51,38004400,11465752144.0
2026-01-28,313.13,327.83,313.13,322.93,37718000,12160363682.0
2026-01-29,329.13,330.32,306.24,306.75,33424600,10593801175.0
2026-01-30,314.25,320.13,307.26,314.13,37619900,11864831688.0
2026-02-02,300.05,305.34,282.64,282.64,41628800,12094639949.0
2026-02-03,293.26,295.85,284.45,291.82,30221400,8812712425.0
2026-02-04,285.24,288.75,278.25,281.58,27095800,7646576014.0
2026-02-05,269.19,278.77,267.46,276.99,22905400,6300761896.0
2026-02-06,270.25,279.76,267.45,275.42,18626700,5136089771.0
2026-02-09,283.22,293.69,279.45,292.23,28305500,8148122681.0
2026-02-10,286.38,290.75,283.42,289.15,21596600,6225459477.0
2026-02-11,284.25,285.75,279.75,283.84,17341600,4922177744.0
2026-02-12,289.75,304.25,284.25,302.49,30067400,8842653413.0
2026-02-13,302.49,316.85,300.25,307.95,29925400,9335277999.0
2026-02-24,316.75,330.41,310.25,322.3,30254500,9709224737.0
2026-02-25,315.25,316.26,301.21,310.57,28572800,8846026250.0
2026-02-26,315.25,315.25,305.3,308.65,23105300,7169784208.0
2026-02-27,302.75,305.25,295.94,299.25,22096900,6629753921.0
2026-03-02,290.12,299.23,289.8,292.4,18513200,5453801345.0
2026-03-03,294.25,295.35,271.84,272.14,33329400,9356849949.0
2026-03-04,272.14,289.25,272.14,278.32,32691600,9250036179.0
2026-03-05,287.41,289.13,279.48,282.05,25530000,7288806325.0
2026-03-06,277.15,288.13,276.81,284.24,20857600,5931718814.0
2026-03-09,272.25,276.95,263.25,275.34,28354600,7649552153.0
2026-03-10,283.35,285.75,280.43,284.69,23353700,6640032786.0
2026-03-11,287.29,290.08,280.57,280.78,21649900,6176121565.0
2026-03-12,279.08,283.08,271.68,274.03,17232700,4768478191.0
2026-03-13,270.03,284.92,270.03,277.58,22613700,6301123525.0
2026-03-16,279.25,305.41,276.25,305.41,46273600,13600507644.0
2026-03-17,305.75,312.25,295.13,295.25,39000100,11825489341.0
2026-03-18,304.35,312.93,301.25,310.5,42051400,12995566647.0
2026-03-19,299.25,308.96,296.25,302.93,31214600,9443689781.0
2026-03-20,304.8,305.95,289.25,289.45,31253600,9259119964.0
2026-03-23,276.25,282.13,270.25,272.6,28214200,7806213396.0
2026-03-24,277.24,277.25,256.13,272.96,33691500,8936300507.0
2026-03-25,274.4,285.05,274.39,277.65,28376300,7947975811.0
2026-03-26,267.25,267.95,259.25,261.25,35077300,9217935594.0
2026-03-27,248.23,259.43,239.5,257.91,28977300,7291597265.0
2026-03-30,251.25,258.79,249.28,255.1,21469600,5470168275.0
2026-03-31,249.15,251.25,236.11,237.35,42762300,10377669656.0
2026-04-01,249.25,255.35,242.95,254.25,38795800,9693139251.0
2026-04-02,257.11,259.05,244.85,246.24,25297400,6367107416.0
2026-04-03,250.24,253.85,246.75,248.35,19747200,4948392995.0
2026-04-07,252.35,255.21,248.06,248.91,19847200,5011332740.0
2026-04-08,249.36,256.21,242.33,255.21,75332500,18866761510.0
2026-04-09,249.25,252.74,243.15,249.74,44468300,11053684068.0
2026-04-10,254.74,267.57,254.49,264.34,53476700,14080294764.0
2026-04-13,260.25,269.09,260.15,261.39,41242100,10896229970.0
2026-04-14,268.75,280.48,265.64,279.26,46620500,12861207284.0
2026-04-15,284.25,286.9,271.23,273.25,39697300,11071707520.0
2026-04-16,269.35,286.25,267.84,285.98,40933700,11431621262.0
2026-04-17,283.25,294.91,282.15,288.21,40632100,11768331454.0
2026-04-20,292.25,295.21,286.37,289.79,32564300,9489709816.0
2026-04-21,290.05,308.25,287.5,305.52,42583400,12827436178.0
2026-04-22,302.75,313.83,301.76,313.23,34166200,10559646646.0
2026-04-23,325.26,325.27,301.15,304.05,44199700,13709630158.0
2026-04-24,304.25,309.25,292.06,296.95,34910500,10436275525.0
2026-04-27,300.84,308.83,297.0,302.67,31635500,9594446068.0
2026-04-28,304.25,318.58,301.27,306.75,36794300,11421765607.0
2026-04-29,302.26,310.91,296.25,308.14,41920000,12787874125.0
2026-04-30,319.25,320.25,305.73,312.24,58796500,18516847870.0
2026-05-06,329.25,343.54,329.25,343.54,42342600,14465204492.0
2026-05-07,346.25,356.61,338.25,349.41,52387900,18174549786.0
2026-05-08,340.25,342.55,331.05,333.35,44083300,14821436654.0
2026-05-11,349.35,366.76,346.26,361.38,57507900,20673848905.0
2026-05-12,361.39,361.45,348.45,352.8,40559600,14360590982.0
2026-05-13,343.25,365.96,338.58,364.25,48498300,17127399574.0
2026-05-14,364.3,372.75,354.24,355.44,40836500,14829461848.0
2026-05-15,352.25,383.25,344.73,374.59,62436800,22792196753.0
2026-05-18,407.83,412.12,395.59,399.25,68798400,27876373984.0
2026-05-19,389.25,409.25,379.27,403.81,55310100,21805396340.0
2026-05-20,407.25,444.27,407.05,444.27,61012600,26523529101.0
2026-05-21,444.27,464.08,426.58,431.15,63239800,28199401936.0
2026-05-22,447.25,472.24,438.25,467.99,63796900,28932072443.0
2026-05-25,477.36,514.86,460.25,514.85,59361400,29387713836.0
2026-05-26,510.0,538.02,491.2,526.22,64338400,33017657438.0
2026-05-27,541.0,552.82,500.0,514.18,66726000,35341222581.0
2026-05-28,495.0,499.5,470.0,483.0,62379200,30240489779.0
2026-05-29,492.66,496.0,464.91,467.01,55812500,26715074211.0
2026-06-01,476.0,489.96,455.0,468.0,52158600,24676174086.0
2026-06-02,471.0,480.66,448.11,474.69,49019300,23013728744.0
2026-06-03,478.89,510.0,477.0,492.23,58193000,28838934890.0
2026-06-04,487.05,538.0,485.01,529.31,56335100,29302244793.0
2026-06-05,507.0,519.8,484.9,488.0,54713500,27565110091.0
2026-06-08,461.11,490.7,451.0,474.01,43447500,20573934017.0
2026-06-09,493.0,502.88,477.03,500.5,41968300,20592669384.0
2026-06-10,489.11,497.26,475.65,480.84,32997200,15988381630.0
2026-06-11,480.52,486.0,471.0,483.5,29699100,14211235696.0
2026-06-12,508.0,510.0,481.0,481.47,40708500,20201561530.0
2026-06-15,494.97,519.0,476.66,518.0,47578400,23934989159.0
2026-06-16,526.0,542.84,517.71,532.76,42778500,22673887613.0
2026-06-17,521.0,586.04,521.0,586.04,56800000,31598894526.0
2026-06-18,594.0,644.64,586.6,629.0,59157300,37016387910.0
2026-06-22,643.0,689.7,635.0,689.7,52583100,34699907688.0
2026-06-23,680.0,688.8,636.0,640.99,59291400,39089605510.0
2026-06-24,641.0,705.09,630.93,705.09,59821900,39944848281.0
2026-06-25,740.0,775.39,735.0,775.21,50867800,38432771374.0
2026-06-26,753.0,779.0,732.52,770.0,49392600,37418302893.0
2026-06-29,779.0,846.66,750.0,840.0,54120900,43149934642.0
2026-06-30,810.0,833.0,781.11,815.0,44964700,36399346133.0
2026-07-01,803.0,843.38,753.0,772.01,53970200,43202850798.0
2026-07-02,721.0,731.99,694.81,694.81,45243600,32120680671.0
2026-07-03,672.54,717.66,642.35,677.77,62352200,42673730269.0
2026-07-06,690.0,694.99,630.0,654.29,60150200,39768631633.0
2026-07-07,625.0,646.2,607.0,620.0,51565100,32272585837.0
2026-07-08,630.0,641.0,589.0,603.17,57510800,35494320004.0
2026-07-09,633.0,663.49,630.0,663.49,59092000,38185017353.0
2026-07-10,688.0,707.97,607.18,612.0,88745700,59381239201.0
2026-07-13,580.0,600.0,550.8,550.8,66310700,37737379039.0
2026-07-14,551.0,587.2,534.58,583.99,67949000,38337659763.0
2026-07-15,600.0,608.07,565.29,571.79,55370400,32494750794.0
2026-07-16,543.26,548.0,514.61,514.61,54554200,28806874371.0
2026-07-17,500.0,509.88,463.15,463.15,67208300,32122306066.0
2026-07-20,479.0,485.87,416.88,432.3,71262200,32260372799.0
2026-07-21,446.0,475.53,401.0,475.53,74390200,33087873791.0
2026-07-22,479.94,501.26,460.0,470.0,75906100,36826043198.0
2026-07-23,480.0,483.16,444.22,451.96,47134000,21669875950.0
2026-07-24,444.0,462.5,438.5,457.0,50554300,22860531230.0
2026-07-27,446.0,446.1,411.3,434.03,62878300,26910174775.0
2026-07-28,400.22,408.25,390.63,390.63,44389600,17604154679.0
2026-07-29,373.15,378.0,351.57,364.03,90389000,32439002787.0
2026-07-30,356.75,392.07,342.0,371.1,97123900,35483794588.0
2026-07-31,408.21,408.21,378.0,378.6,85692200,34043468918.0
2026-08-03,365.55,370.0,340.74,340.74,65700900,23032720718.0
2026-08-04,341.99,360.76,337.1,356.02,63223200,22165882066.0
2026-08-05,358.0,390.12,358.0,385.44,69469000,26179493914.0
2026-08-06,363.0,394.94,363.0,385.0,61861200,23396310414.0
2026-08-07,384.0,422.48,383.8,417.05,74751800,30521288583.0
2026-08-10,415.43,422.3,391.14,403.03,63600600,25597872113.0
2026-08-11,397.0,414.78,396.58,402.29,43650200,17721401026.0
2026-08-12,408.02,419.95,401.68,413.17,45611600,18748833166.0
2026-08-13,425.26,431.91,402.8,404.5,54443900,22901029235.0
2026-08-14,419.0,421.18,406.55,417.48,47500700,19698931498.0
2026-08-17,423.95,444.0,420.23,444.0,58882600,25709784052.0
2026-08-18,449.97,455.81,429.06,436.74,60757300,26794872150.0
2026-08-19,417.0,420.0,393.1,403.71,66280600,26918983040.0
2026-08-20,410.0,410.59,397.83,403.5,36176400,14629180703.0
2026-08-21,405.0,411.0,400.1,409.06,34076700,13868009484.0
2026-08-24,404.97,405.51,377.98,381.66,44862700,17362266488.0
2026-08-25,367.0,398.5,367.0,395.51,39649500,15343138130.0
2026-08-26,399.0,399.0,384.88,392.5,28462900,11159256743.0
2026-08-27,397.01,412.0,394.58,411.2,40743000,16542661247.0
2026-08-28,406.95,410.53,396.5,396.82,35252000,14208865489.0
2026-08-31,387.06,406.61,387.06,406.0,31722000,12671318470.0
2026-09-01,406.0,406.01,391.54,393.0,25655100,10164177782.0
2026-09-02,388.0,395.95,387.45,388.86,20951300,8192429911.0
2026-09-03,393.11,393.89,380.19,383.2,23856600,9199220238.0
2026-09-04,387.58,388.97,368.77,371.88,29969100,11312019774.0
2026-09-07,382.81,386.26,380.3,385.44,34965600,13412085197.0
2026-09-08,385.82,398.0,381.96,385.96,37469800,14605531473.0
2026-09-09,390.0,392.87,380.0,381.87,22904700,8816384418.0
2026-09-10,380.83,387.5,379.01,380.64,21520800,8242535193.0
2026-09-11,371.8,373.99,363.0,371.32,29230900,10785933990.0
2026-09-14,360.0,365.88,355.55,356.88,26436500,9497742790.0
2026-09-15,356.87,371.66,356.0,363.11,29318000,10693625915.0
2026-09-16,366.11,374.38,360.96,373.14,26870700,9915793006.0
2026-09-17,370.06,377.23,365.34,369.88,23486600,8714997155.0
2026-09-18,379.99,390.66,378.0,388.18,41051400,15787688481.0
2026-09-21,396.0,403.23,388.13,391.71,32898600,12984764755.0
2026-09-22,399.99,413.43,394.0,402.1,50915100,20578129157.0
2026-09-23,406.3,408.06,397.44,398.72,26195700,10521759467.0
