date,open,high,low,close,volume,amount
2017-04-17,1.14,1.48,1.14,1.48,3900,55452.0
2017-04-18,1.69,1.69,1.69,1.69,1000,15740.0
2017-04-19,1.92,1.92,1.92,1.92,3100,53037.0
2017-04-20,2.17,2.17,2.17,2.17,2400,45696.0
2017-04-21,2.45,2.45,2.45,2.45,4500,94230.0
2017-04-24,2.76,2.76,2.76,2.76,11400,262542.0
2017-04-25,3.09,3.09,3.09,3.09,9000,226982.0
2017-04-26,3.46,3.46,3.46,3.46,8600,239596.0
2017-04-27,3.87,3.87,3.87,3.87,71400,2188410.0
2017-04-28,4.31,4.31,4.31,4.31,51900,1749191.0
2017-05-02,4.81,4.81,4.81,4.81,30200,1120859.0
2017-05-03,5.35,5.35,5.35,5.35,79000,3223200.0
2017-05-04,5.94,5.94,5.64,5.94,11649200,515928320.0
2017-05-05,5.83,6.6,5.75,6.18,11521500,543760608.0
2017-05-08,6.45,6.66,5.9,5.96,7691700,364572176.0
2017-05-09,5.81,6.45,5.81,6.28,6227600,289263584.0
2017-05-10,6.28,6.96,6.17,6.47,8269900,399884160.0
2017-05-11,6.83,7.17,6.7,7.17,8961500,469279664.0
2017-05-12,6.91,7.31,6.7,7.31,8216500,426745248.0
2017-05-15,7.39,7.61,6.98,7.0,7375000,397421968.0
2017-05-16,6.6,6.83,6.33,6.79,7023900,346934800.0
2017-05-17,6.61,6.75,6.46,6.46,4967400,244934517.0
2017-05-18,6.33,6.59,6.01,6.1,4778800,225589542.0
2017-05-19,6.06,6.19,5.89,5.96,2875600,130773785.0
2017-05-22,5.91,6.02,5.45,5.52,4203600,182190035.0
2017-05-23,5.46,5.61,5.16,5.3,4215600,174691549.0
2017-05-24,5.26,5.65,5.24,5.56,3570200,148761745.0
2017-05-25,5.53,5.53,5.23,5.45,2309700,95001351.0
2017-05-26,5.54,5.71,5.51,5.56,2378000,101467842.0
2017-05-31,5.89,6.17,5.62,5.65,5480900,248233809.0
2017-06-01,5.45,5.64,5.03,5.03,3936800,158657565.0
2017-06-02,4.92,5.15,4.71,5.03,2820500,106766315.0
2017-06-05,5.17,5.27,5.07,5.1,2033100,80510770.0
2017-06-06,5.08,5.08,4.81,4.94,1518500,57867682.0
2017-06-07,4.97,5.23,4.95,5.21,2617900,103180790.0
2017-06-08,5.2,5.23,5.04,5.06,1904900,74911538.0
2017-06-09,5.03,5.08,4.91,5.08,1646400,63068664.0
2017-06-12,4.94,4.99,4.54,4.65,2690900,99266742.0
2017-06-13,4.62,4.82,4.58,4.78,1878300,68739548.0
2017-06-14,4.78,4.78,4.63,4.7,1309900,47627504.0
2017-06-15,4.7,5.01,4.66,4.95,2315600,87583412.0
2017-06-16,4.94,4.96,4.86,4.93,1019500,38566992.0
2017-06-19,4.97,5.1,4.93,4.95,1297000,49863055.0
2017-06-20,4.92,5.01,4.92,4.94,1115600,42457037.0
2017-06-21,4.92,4.99,4.85,4.87,1096900,41425772.0
2017-06-22,4.82,4.9,4.5,4.63,1514100,55462843.0
2017-06-23,4.72,4.72,4.46,4.58,1093700,38642390.0
2017-06-26,4.57,4.68,4.53,4.65,603700,21575323.0
2017-06-27,4.68,4.86,4.65,4.8,1444800,53423501.0
2017-06-28,4.76,4.78,4.67,4.69,676100,24630896.0
2017-06-29,4.72,4.76,4.69,4.7,436700,15936894.0
2017-06-30,4.7,4.92,4.67,4.81,1693800,63252735.0
2017-07-03,4.79,5.21,4.78,5.14,2513800,97487662.0
2017-07-04,5.11,5.27,5.08,5.18,1864400,73832831.0
2017-07-05,5.13,5.23,5.08,5.2,1539600,60932543.0
2017-07-06,5.22,5.44,5.17,5.33,2365000,95906976.0
2017-07-07,5.29,5.89,5.24,5.54,2265500,95682435.0
2017-07-10,5.42,5.46,5.05,5.06,2381700,94827085.0
2017-07-11,5.05,5.2,4.96,4.99,1021200,39774934.0
2017-07-12,4.99,5.14,4.81,5.11,1188000,45296099.0
2017-07-13,5.06,5.09,4.87,4.9,977600,37267097.0
2017-07-14,4.79,4.82,4.55,4.67,1801600,65050924.0
2017-07-17,4.54,4.58,4.14,4.14,1679200,55788792.0
2017-07-18,4.06,4.11,3.87,3.99,1620100,50696627.0
2017-07-19,3.96,3.98,3.77,3.96,1378000,42333229.0
2017-07-20,3.92,4.06,3.92,3.95,1117700,35239502.0
2017-07-21,3.95,4.02,3.87,3.91,741600,23107035.0
2017-07-24,3.77,4.01,3.77,3.97,802100,24631611.0
2017-07-25,3.99,4.09,3.94,4.03,799400,25365729.0
2017-07-26,4.03,4.06,3.82,3.99,859800,26999497.0
2017-07-27,3.98,4.22,3.9,4.21,1398100,45472475.0
2017-07-28,4.22,4.22,4.09,4.1,603800,19639325.0
2017-07-31,4.08,4.2,4.06,4.15,675700,22019703.0
2017-08-01,4.15,4.19,4.05,4.16,585100,18890425.0
2017-08-02,4.11,4.28,4.06,4.17,1196000,39395157.0
2017-08-03,4.18,4.39,4.18,4.23,1170600,39359715.0
2017-08-04,4.19,4.28,4.02,4.02,994800,32297083.0
2017-08-07,4.04,4.12,4.01,4.06,473900,15133515.0
2017-08-08,4.07,4.07,3.96,4.05,507300,16127155.0
2017-08-09,4.03,4.06,3.99,4.05,303000,9626961.0
2017-08-10,4.06,4.09,3.89,4.0,563500,17726361.0
2017-08-11,3.96,3.96,3.88,3.92,519000,16078702.0
2017-08-14,3.92,4.1,3.89,4.05,655600,20722853.0
2017-08-15,4.07,4.18,4.04,4.11,823000,26558810.0
2017-08-16,4.11,4.29,4.03,4.24,1097600,36272512.0
2017-08-17,4.25,4.28,4.15,4.21,830000,27379013.0
2017-08-18,4.19,4.19,4.09,4.1,469300,15254615.0
2017-08-21,4.12,4.22,4.06,4.21,1128200,36714514.0
2017-08-22,4.21,4.3,4.04,4.08,1641900,53646054.0
2017-08-23,4.05,4.13,3.93,4.11,1411200,44763686.0
2017-08-24,4.13,4.27,4.11,4.15,1767000,58144036.0
2017-08-25,4.12,4.47,4.12,4.42,2344400,78939144.0
2017-08-28,4.51,4.92,4.51,4.92,3027400,111461869.0
2017-08-29,5.01,5.2,4.76,4.91,4208600,160989157.0
2017-08-30,4.85,4.93,4.7,4.75,2284400,84737988.0
2017-08-31,4.77,5.28,4.77,5.28,4099800,161082650.0
2017-09-01,5.27,5.28,5.06,5.2,3709000,146387053.0
2017-09-04,5.17,5.55,5.17,5.29,3919600,160432350.0
2017-09-05,5.29,5.47,5.2,5.35,2041900,83256053.0
2017-09-06,5.26,5.44,5.2,5.36,1913600,77879586.0
2017-09-07,5.38,5.89,5.38,5.42,3120600,133383747.0
2017-09-08,5.43,5.66,5.33,5.55,2643800,110898923.0
2017-09-11,5.56,5.64,5.47,5.59,2027300,85811052.0
2017-09-12,5.67,5.71,5.35,5.39,2675000,112762505.0
2017-09-13,5.33,5.4,5.16,5.3,1765700,70946723.0
2017-09-14,5.24,5.4,5.16,5.22,1132100,45756856.0
2017-09-15,5.26,5.32,5.18,5.25,1018300,40782675.0
2017-09-18,5.25,5.46,5.18,5.4,1222500,49876895.0
2017-09-19,5.64,6.0,5.42,5.92,5192900,231286951.0
2017-09-20,5.96,6.57,5.74,6.57,6103500,285932224.0
2017-09-21,6.47,7.05,6.42,6.7,6254700,314327600.0
2017-09-22,6.69,6.9,6.37,6.77,4216000,210564630.0
2017-09-25,6.73,7.12,6.58,6.66,3001700,153042350.0
2017-09-26,6.48,6.56,6.0,6.1,3025700,140758780.0
2017-09-27,6.24,6.75,6.16,6.42,3894200,189290287.0
2017-09-28,6.47,6.76,6.25,6.63,2759400,136254744.0
2017-09-29,6.69,6.81,6.44,6.62,2641600,131459145.0
2017-10-09,6.9,7.17,6.69,6.9,2992900,154605127.0
2017-10-10,6.85,6.96,6.73,6.91,1886600,96403920.0
2017-10-11,6.86,6.93,6.18,6.31,2473300,120759779.0
2017-10-12,6.25,6.46,6.2,6.39,1117000,53343125.0
2017-10-13,6.35,6.58,6.33,6.49,890600,43303903.0
2017-10-16,6.58,6.83,6.34,6.36,1206500,59199405.0
2017-10-17,6.47,6.76,6.3,6.63,1769000,86828327.0
2017-10-18,6.63,7.05,6.55,6.76,2547700,129425407.0
2017-10-19,6.67,6.99,6.41,6.99,2718300,136449877.0
2017-10-20,6.86,7.63,6.76,7.48,3709100,196666811.0
2017-10-23,7.37,7.59,7.2,7.34,2594100,142414307.0
2017-10-24,7.34,7.5,7.12,7.45,2178400,118133633.0
2017-10-25,7.41,7.56,7.24,7.39,2076300,114028131.0
2017-10-26,7.28,7.41,7.12,7.34,1729500,93714583.0
2017-10-27,7.27,7.46,7.14,7.18,1736600,93725339.0
2017-10-30,7.04,7.4,6.83,7.11,2136600,114008726.0
2017-10-31,7.05,7.56,6.98,7.56,2238200,121984854.0
2017-11-01,7.53,8.27,7.52,7.99,3103700,181631527.0
2017-11-02,8.01,8.2,7.69,7.7,2336300,137164789.0
2017-11-03,7.71,8.07,7.59,7.92,2225800,129006359.0
2017-11-06,8.04,8.42,7.93,8.07,2547400,153153518.0
2017-11-07,8.15,8.94,7.96,8.94,4527100,286002064.0
2017-11-08,8.96,9.34,8.83,8.84,3669400,242601707.0
2017-11-09,8.94,9.47,8.74,9.47,3577700,239699843.0
2017-11-10,9.37,9.89,9.36,9.81,3702500,259175985.0
2017-11-13,9.81,10.29,9.6,10.05,3258100,234689842.0
2017-11-14,9.89,9.96,9.0,9.35,3918800,273511440.0
2017-11-15,9.31,9.4,8.73,8.97,2733400,180737968.0
2017-11-16,8.95,9.16,8.53,8.75,2380600,153802855.0
2017-11-17,8.72,9.0,8.16,8.23,2663500,169812896.0
2017-11-20,8.2,8.93,8.09,8.89,2478600,155502234.0
2017-11-21,9.02,9.08,8.62,8.9,2387600,155112209.0
2017-11-22,8.93,9.4,8.77,9.02,2897200,192322213.0
2017-11-23,9.02,9.05,8.15,8.15,2351600,147915017.0
2017-11-24,8.06,8.06,7.44,7.47,2909800,167595423.0
2017-11-27,7.4,7.65,7.16,7.24,1640400,90282914.0
2017-11-28,7.26,7.71,7.26,7.64,1584200,87770457.0
2017-11-29,7.51,7.64,7.12,7.25,1835000,100446637.0
2017-11-30,7.27,7.59,7.27,7.45,1572600,86795446.0
2017-12-01,7.36,7.8,7.34,7.65,1867600,105876682.0
2017-12-04,7.56,7.56,7.24,7.28,1366800,74730025.0
2017-12-05,7.3,7.41,6.51,6.61,2308700,117482589.0
2017-12-06,6.61,7.12,6.54,7.0,1718200,87339134.0
2017-12-07,6.95,7.42,6.95,7.39,2008700,107894827.0
2017-12-08,7.3,7.8,7.22,7.46,2373300,132909853.0
2017-12-11,7.38,7.67,7.38,7.6,1208700,67638901.0
2017-12-12,7.6,8.09,7.47,7.79,2955000,170829962.0
2017-12-13,7.71,7.88,7.59,7.78,1577200,90097618.0
2017-12-14,7.82,8.1,7.79,7.91,1953400,114254925.0
2017-12-15,7.82,8.07,7.5,7.6,1902600,109209392.0
2017-12-18,7.71,7.74,7.13,7.62,1640700,91101800.0
2017-12-19,7.65,7.77,7.57,7.66,956000,54287873.0
2017-12-20,7.66,7.71,7.35,7.42,1033000,57487332.0
2017-12-21,7.34,7.76,7.27,7.7,1390900,78470120.0
2017-12-22,7.71,8.13,7.68,8.12,1958600,115528151.0
2017-12-25,8.1,8.51,8.0,8.45,2559200,156299196.0
2017-12-26,8.34,8.47,8.16,8.41,2377200,145166405.0
2017-12-27,8.35,8.39,7.9,7.95,1867300,112403188.0
2017-12-28,7.83,8.23,7.83,7.95,1373300,81642157.0
2017-12-29,7.87,8.56,7.87,8.44,2217900,135695728.0
2018-01-02,8.44,8.56,8.28,8.37,1425300,87621269.0
2018-01-03,8.42,8.51,8.18,8.35,1346100,82491811.0
2018-01-04,8.22,8.51,8.21,8.24,1589100,97175947.0
2018-01-05,8.24,8.24,7.59,7.64,2431300,141526141.0
2018-01-08,7.59,7.59,7.11,7.3,2248900,121287754.0
2018-01-09,7.34,7.36,7.21,7.3,1021100,55209273.0
2018-01-10,7.3,7.38,7.15,7.23,1130400,61066688.0
2018-01-11,7.17,7.56,7.11,7.37,1267500,69562794.0
2018-01-12,7.27,7.41,7.18,7.19,896300,48357533.0
2018-01-15,7.09,7.12,6.54,6.56,1589800,79773623.0
2018-01-16,6.54,6.72,6.53,6.64,657000,32577327.0
2018-01-17,6.79,6.96,6.47,6.94,1113400,56434757.0
2018-01-18,6.83,7.03,6.73,6.76,841800,43086215.0
2018-01-19,6.68,6.89,6.68,6.75,533100,27091688.0
2018-01-22,6.69,7.11,6.26,6.93,1433100,72671824.0
2018-01-23,6.83,6.98,6.83,6.94,545100,28066884.0
2018-01-24,6.94,7.2,6.85,7.13,1236300,64994923.0
2018-01-25,7.11,7.34,6.98,7.04,1179700,62868706.0
2018-01-26,6.98,7.12,6.69,6.73,934300,48054026.0
2018-01-29,6.71,6.88,6.13,6.29,1446000,69443439.0
2018-01-30,6.24,6.39,6.23,6.29,542200,25651006.0
2018-01-31,5.68,6.05,5.6,5.6,1683600,73038827.0
2018-02-01,5.59,5.69,5.3,5.35,954200,39712132.0
2018-02-02,5.35,5.48,4.94,5.15,1376800,55415018.0
2018-02-05,5.01,5.2,4.88,5.07,1095100,42371196.0
2018-02-06,4.91,5.03,4.51,4.51,1543700,56562143.0
2018-02-07,4.71,4.87,4.35,4.73,1343900,48550371.0
2018-02-08,4.74,5.0,4.74,4.98,1355700,51276626.0
2018-02-09,4.84,5.54,4.74,5.54,2831300,116402244.0
2018-02-12,5.67,5.76,5.39,5.68,2786700,118576118.0
2018-02-13,5.59,5.83,5.42,5.47,2066800,88346113.0
2018-02-14,5.53,5.57,5.18,5.29,1286600,52202869.0
2018-02-22,5.3,5.58,5.23,5.41,1191100,49296340.0
2018-02-23,5.38,5.43,5.24,5.41,963500,39240907.0
2018-02-26,5.46,6.01,5.46,6.01,2291800,100908690.0
2018-02-27,6.12,6.43,6.01,6.14,2202600,102400506.0
2018-02-28,6.25,6.36,6.06,6.09,1645500,76723892.0
2018-03-01,5.95,6.47,5.94,6.29,1823300,85268508.0
2018-03-02,6.22,6.31,6.05,6.1,1270300,58856477.0
2018-03-05,6.12,6.44,6.05,6.38,1250700,58911829.0
2018-03-06,6.41,6.99,6.41,6.64,2852300,143978181.0
2018-03-07,6.69,6.97,6.47,6.84,1689200,85394218.0
2018-03-08,6.75,6.95,6.68,6.74,981200,49574035.0
2018-03-09,6.69,7.02,6.69,6.96,1369300,70561207.0
2018-03-12,6.96,7.34,6.96,7.2,1340000,71130783.0
2018-03-13,7.12,7.27,6.91,6.99,1299300,68733122.0
2018-03-14,6.94,7.01,6.69,6.73,1227300,63020709.0
2018-03-15,6.64,6.77,6.1,6.61,1938000,94464186.0
2018-03-16,6.61,6.67,6.41,6.49,1176900,57596517.0
2018-03-19,6.48,6.83,6.41,6.65,1612300,80462391.0
2018-03-20,6.62,7.06,6.62,7.06,1949300,100840098.0
2018-03-21,7.04,7.3,6.8,6.85,1643500,85936589.0
2018-03-22,6.83,7.03,6.8,6.92,1403800,72300325.0
2018-03-23,6.4,6.78,6.18,6.24,1717000,83263601.0
2018-03-26,6.08,6.91,6.08,6.87,2199900,109389698.0
2018-03-27,6.93,7.35,6.93,7.28,2892200,154237083.0
2018-03-28,7.14,7.63,7.13,7.3,2709800,149618161.0
2018-03-29,7.46,7.71,7.2,7.48,2153500,118623557.0
2018-03-30,7.49,8.05,7.49,8.03,2811900,162582922.0
2018-04-02,8.15,8.79,8.03,8.44,3159200,194823068.0
2018-04-03,8.15,8.38,7.96,8.23,1988000,119926361.0
2018-04-04,8.35,8.76,8.11,8.14,1859100,115198748.0
2018-04-09,8.14,8.47,7.74,8.31,1737300,105454307.0
2018-04-10,8.58,8.65,7.93,8.05,1916200,115661555.0
2018-04-11,8.22,8.73,8.22,8.28,2191500,135899213.0
2018-04-12,8.47,8.87,8.15,8.41,2636800,165232293.0
2018-04-13,8.45,8.52,8.1,8.26,2607100,158365497.0
2018-04-16,8.14,8.52,8.14,8.26,2264100,138867581.0
2018-04-17,8.42,9.15,8.29,8.57,3763700,239147052.0
2018-04-18,8.76,9.49,8.58,9.49,5830600,388693664.0
2018-04-19,9.21,10.03,9.17,9.24,5378200,377578560.0
2018-04-20,9.19,9.62,9.05,9.18,3219500,221109411.0
2018-04-23,9.31,9.47,8.2,8.39,3866100,248367126.0
2018-04-24,8.49,8.92,8.43,8.77,2832300,180713116.0
2018-04-25,9.16,9.7,9.04,9.37,4322300,295562864.0
2018-04-26,9.45,10.37,9.4,10.37,5462500,401643696.0
2018-04-27,10.33,10.39,9.27,9.44,4754000,337870192.0
2018-05-02,9.6,9.82,8.97,9.31,3456600,236691733.0
2018-05-03,9.17,9.83,8.84,9.6,3468200,236939420.0
2018-05-04,9.46,10.13,9.4,9.92,3698200,265746351.0
2018-05-07,9.9,10.09,9.66,10.06,2097100,150807195.0
2018-05-08,9.91,10.06,9.59,9.81,2172200,154430847.0
2018-05-09,9.75,10.24,9.68,9.89,2232900,162208943.0
2018-05-10,9.94,9.95,9.34,9.58,2305600,160979159.0
2018-05-11,9.46,9.67,9.27,9.34,1836000,126459217.0
2018-05-14,9.21,9.38,8.92,9.01,2053000,136765295.0
2018-05-15,9.04,9.41,9.03,9.4,1550400,104441384.0
2018-05-16,9.34,9.67,9.29,9.41,1506700,104315190.0
2018-05-17,9.41,9.67,9.32,9.53,1533900,106844141.0
2018-05-18,9.51,9.6,8.95,9.23,1718300,115671805.0
2018-05-21,9.28,9.87,9.17,9.77,2568800,180094548.0
2018-05-22,9.68,10.31,9.63,10.22,2633900,191221221.0
2018-05-23,10.14,10.52,10.04,10.19,2483500,185284562.0
2018-05-24,10.35,10.46,9.98,10.04,1791700,132407319.0
2018-05-25,10.0,10.11,9.57,9.58,2087300,147934327.0
2018-05-28,9.6,9.72,9.31,9.39,1835200,127154841.0
2018-05-29,9.46,9.6,9.36,9.39,1402400,96970492.0
2018-05-30,9.31,9.64,8.66,8.71,2517500,168271896.0
2018-05-31,8.76,8.9,8.41,8.76,2723500,173234316.0
2018-06-01,8.15,8.46,7.82,7.95,3924900,235148532.0
2018-06-04,7.93,8.24,7.87,7.96,1614800,95817842.0
2018-06-05,7.98,8.42,7.96,8.33,2269900,136708112.0
2018-06-06,8.29,8.39,8.14,8.21,1510700,91702944.0
2018-06-07,8.27,8.35,8.03,8.06,1113600,66928220.0
2018-06-08,7.99,8.22,7.78,8.19,1390600,82201563.0
2018-06-11,8.09,8.28,7.87,7.96,1160900,68643921.0
2018-06-12,7.96,8.15,7.6,8.07,1229700,71784293.0
2018-06-13,8.05,8.42,7.93,7.95,1960100,118282935.0
2018-06-14,7.95,8.41,7.88,8.31,2452700,148102185.0
2018-06-15,8.39,8.56,8.16,8.53,2870100,176455842.0
2018-06-19,8.36,8.84,7.65,8.07,3022300,185782089.0
2018-06-20,8.0,8.42,7.78,8.39,2290000,137291035.0
2018-06-21,8.23,8.33,7.49,7.49,5026000,152268487.0
2018-06-22,7.18,7.37,6.9,7.08,3204300,89130725.0
2018-06-25,7.17,7.31,6.84,6.84,2719100,75037457.0
2018-06-26,6.56,7.59,6.44,7.59,4771400,133585043.0
2018-06-27,7.77,8.4,7.74,8.4,7762400,246806859.0
2018-06-28,8.29,9.11,8.2,8.62,9912700,327781824.0
2018-06-29,8.51,9.54,8.39,9.49,9362200,321564384.0
2018-07-02,9.46,9.47,9.01,9.21,7591700,270166240.0
2018-07-03,9.17,10.17,9.06,9.64,8504200,311195200.0
2018-07-04,9.39,9.53,9.03,9.45,5224100,186756265.0
2018-07-05,9.37,9.63,9.14,9.32,4066300,146138095.0
2018-07-06,9.32,10.17,9.09,9.11,7279400,268402531.0
2018-07-09,9.39,10.08,9.14,10.08,5159100,190924692.0
2018-07-10,10.59,10.87,9.98,10.21,7626400,300793680.0
2018-07-11,10.12,10.97,9.94,10.97,8816300,350349776.0
2018-07-12,10.72,11.3,10.65,10.98,7048300,295141968.0
2018-07-13,10.92,11.44,10.74,11.28,4554100,192500075.0
2018-07-16,11.17,11.64,10.94,11.05,5513700,237076079.0
2018-07-17,10.82,11.16,10.67,11.14,3457300,143619524.0
2018-07-18,11.08,11.18,10.69,10.7,3101700,128290594.0
2018-07-19,10.71,10.97,10.61,10.69,2250900,92655968.0
2018-07-20,10.69,11.02,10.59,10.83,2415100,99501832.0
2018-07-23,10.78,11.42,10.75,11.11,4085200,172495704.0
2018-07-24,11.11,11.16,10.61,10.88,4315200,177451663.0
2018-07-25,10.84,11.1,10.74,10.89,3150800,130625105.0
2018-07-26,10.89,10.89,10.23,10.24,3434300,137513473.0
2018-07-27,10.22,11.1,10.05,10.85,5219300,210955230.0
2018-07-30,10.88,10.95,9.83,10.19,4243600,167879201.0
2018-07-31,10.11,10.43,10.0,10.22,2349900,91761741.0
2018-08-01,10.51,10.92,10.34,10.54,3972300,161133866.0
2018-08-02,10.54,11.14,10.28,11.04,5914100,243852144.0
2018-08-03,11.04,11.04,10.23,10.36,4469900,181399975.0
2018-08-06,10.06,10.91,9.95,10.21,2870100,113006660.0
2018-08-07,10.44,10.49,9.58,10.23,4106100,157279480.0
2018-08-08,10.17,10.19,9.15,9.15,4943800,182255838.0
2018-08-09,8.98,10.09,8.84,9.83,5716500,211167841.0
2018-08-10,9.93,10.78,9.93,10.53,5768200,228383604.0
2018-08-13,10.76,11.1,10.55,11.01,5367200,221776316.0
2018-08-14,11.16,11.19,10.72,10.81,3783300,157039313.0
2018-08-15,11.02,11.59,10.98,11.11,7289400,309793312.0
2018-08-16,10.98,10.98,10.28,10.47,4966200,200952890.0
2018-08-17,10.82,10.88,10.05,10.24,4313800,171529502.0
2018-08-20,10.22,10.73,9.95,10.69,3883000,152796862.0
2018-08-21,10.61,10.77,10.19,10.7,4182100,167371957.0
2018-08-22,10.72,10.91,10.52,10.75,3560600,145302329.0
2018-08-23,10.66,11.27,10.66,11.05,5351100,224533243.0
2018-08-24,11.05,11.52,10.96,11.13,4706000,201325046.0
2018-08-27,11.14,11.88,11.11,11.75,4721300,206297500.0
2018-08-28,11.63,11.94,11.56,11.78,4481100,199379413.0
2018-08-29,11.78,11.78,11.43,11.62,2585000,113396298.0
2018-08-30,11.61,11.63,11.19,11.33,2261700,97692775.0
2018-08-31,11.3,11.58,11.19,11.24,2397700,103447475.0
2018-09-03,11.08,11.6,10.86,11.6,3414500,145256739.0
2018-09-04,11.52,12.49,11.44,12.2,4988200,224659283.0
2018-09-05,12.15,12.44,11.92,11.97,3508100,161093493.0
2018-09-06,11.94,13.12,11.92,12.98,5465900,260681322.0
2018-09-07,12.84,13.13,11.62,11.94,7170200,333156768.0
2018-09-10,11.64,11.94,10.99,11.16,5198100,225780345.0
2018-09-11,11.26,11.41,10.94,11.24,3260200,138613756.0
2018-09-12,11.16,11.27,10.78,10.95,2991200,125290722.0
2018-09-13,11.11,11.22,9.8,10.46,6304100,250822536.0
2018-09-14,10.41,10.9,10.18,10.54,4223300,169866611.0
2018-09-17,10.37,10.64,10.0,10.22,2822500,110736818.0
2018-09-18,10.32,10.6,10.11,10.53,3143100,124681437.0
2018-09-19,10.47,11.21,10.4,10.97,4530700,186521961.0
2018-09-20,10.91,10.99,10.76,10.8,2043200,84430720.0
2018-09-21,10.89,11.0,10.45,10.75,2834200,115305956.0
2018-09-25,10.66,10.99,10.57,10.78,2565600,105887357.0
2018-09-26,10.78,10.98,10.53,10.73,2743300,111690775.0
2018-09-27,10.68,10.94,10.39,10.44,2889200,117734295.0
2018-09-28,10.47,10.53,9.86,10.31,4222800,163134248.0
2018-10-08,9.84,10.07,9.3,9.35,2808400,104091798.0
2018-10-09,9.37,9.56,8.87,8.95,3609800,126067187.0
2018-10-10,9.09,9.27,8.67,9.2,3262400,113724453.0
2018-10-11,8.72,9.16,8.37,8.61,3497100,118432373.0
2018-10-12,8.6,9.1,8.56,9.03,3674700,125168562.0
2018-10-15,8.87,9.01,8.09,8.12,5511700,182563481.0
2018-10-16,8.05,8.38,7.61,8.23,5137500,160735513.0
2018-10-17,8.31,8.44,7.61,8.17,5205700,162667500.0
2018-10-18,7.85,8.06,7.45,7.54,2946300,89555423.0
2018-10-19,7.47,7.93,7.29,7.92,5015600,150696484.0
2018-10-22,8.04,8.77,8.04,8.77,4913700,161227468.0
2018-10-23,8.82,9.05,8.51,8.59,4955600,167308757.0
2018-10-24,8.69,8.76,8.42,8.5,2939300,97146124.0
2018-10-25,8.01,8.31,7.64,8.19,4165600,128748823.0
2018-10-26,8.31,8.51,7.88,7.91,2943900,92916128.0
2018-10-29,7.73,8.52,7.73,8.07,3210500,101191206.0
2018-10-30,8.17,8.2,7.48,7.79,4283800,128459810.0
2018-10-31,7.9,8.15,7.7,7.94,3605900,110087406.0
2018-11-01,8.13,8.47,7.97,8.17,4701000,148964063.0
2018-11-02,8.41,8.99,8.41,8.96,6381300,213818367.0
2018-11-05,8.8,9.2,8.57,8.93,5071100,173830320.0
2018-11-06,8.72,8.92,8.48,8.85,3039800,101634931.0
2018-11-07,8.84,9.15,8.67,8.89,4257700,146594678.0
2018-11-08,9.0,9.06,8.56,8.65,2819200,95257726.0
2018-11-09,8.56,8.86,8.56,8.64,2012400,67588406.0
2018-11-12,8.68,9.02,8.59,9.0,2780400,94547155.0
2018-11-13,8.85,9.16,8.78,8.96,3650200,126210258.0
2018-11-14,8.86,9.5,8.86,9.26,4257000,151284963.0
2018-11-15,9.21,9.42,9.06,9.39,3028500,107963824.0
2018-11-16,9.52,9.64,9.31,9.4,2950400,107178771.0
2018-11-19,9.27,9.37,9.12,9.22,1992500,70498533.0
2018-11-20,9.11,9.28,8.93,9.05,1872400,65150694.0
2018-11-21,8.86,9.01,8.83,8.95,1414300,48471393.0
2018-11-22,8.95,9.21,8.95,9.03,1445600,50491202.0
2018-11-23,9.03,9.12,8.26,8.32,2532200,84295255.0
2018-11-26,8.35,8.35,7.77,7.93,2636300,81256209.0
2018-11-27,7.96,8.08,7.84,7.96,1268500,39216560.0
2018-11-28,7.98,8.47,7.8,8.33,2144300,68157847.0
2018-11-29,8.42,8.6,8.16,8.29,1988800,64669646.0
2018-11-30,8.12,8.47,7.95,8.38,1621200,51478199.0
2018-12-03,8.7,8.93,8.57,8.84,2867900,96881461.0
2018-12-04,8.68,8.83,8.62,8.75,1486700,49926754.0
2018-12-05,8.55,8.83,8.4,8.77,2217800,73835742.0
2018-12-06,8.64,8.89,8.48,8.53,1960800,65262933.0
2018-12-07,8.47,8.66,8.44,8.44,987900,32417802.0
2018-12-10,8.37,8.45,8.28,8.36,686200,22124705.0
2018-12-11,8.39,8.49,8.29,8.39,966700,31306012.0
2018-12-12,8.42,8.49,8.21,8.29,1094800,35080398.0
2018-12-13,9.18,9.18,8.56,8.96,4919900,168734985.0
2018-12-14,9.14,9.21,8.7,8.76,2447100,84093883.0
2018-12-17,8.56,8.89,8.56,8.63,1464500,49262731.0
2018-12-18,8.63,8.91,8.56,8.75,1755200,59278432.0
2018-12-19,8.7,8.93,8.67,8.81,1556100,52719627.0
2018-12-20,8.83,8.93,8.68,8.83,1115100,37924769.0
2018-12-21,8.82,8.86,8.39,8.4,1683400,55739247.0
2018-12-24,8.42,8.75,8.2,8.71,1765700,58053822.0
2018-12-25,8.57,8.57,8.05,8.33,3311400,105787376.0
2018-12-26,8.26,8.41,7.96,8.07,2779100,87243910.0
2018-12-27,8.18,8.23,7.73,7.74,2245700,69343579.0
2018-12-28,7.8,7.97,7.55,7.9,2309800,69788601.0
2019-01-02,7.9,7.91,7.68,7.72,1087200,32821067.0
2019-01-03,7.74,7.83,7.42,7.42,1238600,36715056.0
2019-01-04,7.23,7.76,7.2,7.64,1852600,54383310.0
2019-01-07,7.76,8.29,7.76,8.1,3028500,94935668.0
2019-01-08,8.06,8.25,8.02,8.06,1381200,43349797.0
2019-01-09,8.05,8.32,8.01,8.15,1811100,57212649.0
2019-01-10,8.02,8.23,8.01,8.01,1081500,33887124.0
2019-01-11,8.01,8.14,7.96,8.0,739200,22970168.0
2019-01-14,8.0,8.0,7.58,7.62,1906100,56953806.0
2019-01-15,7.7,7.7,7.52,7.67,1756700,52040992.0
2019-01-16,7.78,7.84,7.62,7.62,1610000,48149631.0
2019-01-17,7.59,7.6,7.09,7.23,3382500,95505568.0
2019-01-18,7.26,7.36,7.12,7.31,2293000,64624693.0
2019-01-21,7.31,7.5,7.2,7.38,3788600,108568724.0
2019-01-22,7.37,7.37,7.12,7.2,2148800,60546261.0
2019-01-23,7.2,7.3,6.92,7.24,3622000,100525275.0
2019-01-24,7.25,8.0,7.16,7.61,5946500,174979622.0
2019-01-25,7.53,7.74,7.4,7.42,3472000,102429264.0
2019-01-28,7.53,7.54,7.23,7.54,2979800,85816517.0
2019-01-29,7.45,7.51,7.04,7.2,2311400,64979408.0
2019-01-30,7.2,7.34,7.04,7.07,1664400,46707966.0
2019-01-31,7.04,7.2,6.31,6.31,5382000,138098040.0
2019-02-01,6.32,6.8,6.18,6.77,3924600,100126059.0
2019-02-11,6.79,7.5,6.79,7.5,5691500,162755943.0
2019-02-12,7.6,7.62,7.44,7.51,4036300,118216895.0
2019-02-13,7.66,7.93,7.55,7.72,4364900,130965795.0
2019-02-14,7.79,7.86,7.64,7.77,2727600,82163100.0
2019-02-15,7.78,7.85,7.65,7.68,2191100,65750272.0
2019-02-18,7.78,8.51,7.78,8.51,4480800,142692287.0
2019-02-19,8.75,9.07,8.19,8.41,6574000,218962437.0
2019-02-20,8.5,8.66,8.15,8.26,3924000,126171748.0
2019-02-21,8.27,8.78,8.25,8.28,4756700,155680795.0
2019-02-22,8.24,8.75,8.19,8.74,4056600,132716312.0
2019-02-25,8.84,9.55,8.84,9.52,6077100,215450569.0
2019-02-26,9.55,9.81,9.16,9.47,4969300,180402125.0
2019-02-27,9.34,9.49,9.2,9.29,2799700,100172463.0
2019-02-28,9.32,9.39,8.89,9.05,3636700,127334041.0
2019-03-01,9.23,9.25,8.52,8.81,4476100,151227942.0
2019-03-04,9.15,9.45,8.81,8.95,7042300,245777868.0
2019-03-05,8.76,9.9,8.75,9.9,8795500,320178832.0
2019-03-06,10.07,10.12,9.47,9.75,8170800,302222048.0
2019-03-07,9.64,10.04,9.47,9.85,5097700,191756728.0
2019-03-08,9.59,10.9,9.42,10.24,7998600,317822752.0
2019-03-11,10.51,10.93,9.95,10.54,6483800,259178241.0
2019-03-12,10.58,11.27,10.41,11.05,5815600,240843117.0
2019-03-13,11.02,11.73,10.45,10.78,5363700,229171213.0
2019-03-14,10.61,10.93,10.0,10.28,4173000,163084338.0
2019-03-15,10.26,10.57,10.13,10.36,3100800,121889283.0
2019-03-18,10.35,10.39,9.86,10.26,3779500,145353402.0
2019-03-19,10.17,10.76,10.13,10.36,2635600,105015669.0
2019-03-20,10.26,10.47,9.89,10.02,2636600,101213939.0
2019-03-21,9.95,10.29,9.9,10.07,2730300,105369538.0
2019-03-22,10.18,10.61,10.11,10.24,3390000,133385411.0
2019-03-25,9.97,10.46,9.92,10.21,2303700,90062917.0
2019-03-26,10.25,10.36,9.4,9.54,3123700,116848368.0
2019-03-27,9.72,9.93,9.24,9.39,3397200,123318040.0
2019-03-28,9.39,9.76,9.35,9.42,3344700,123039174.0
2019-03-29,9.53,9.85,9.43,9.76,3108200,115123307.0
2019-04-01,9.86,10.28,9.77,10.28,4121000,158781552.0
2019-04-02,10.46,10.97,10.35,10.97,5335500,215781548.0
2019-04-04,11.05,11.29,10.13,10.41,6687300,271464432.0
2019-04-08,10.31,10.41,9.58,9.72,4286200,162253095.0
2019-04-09,9.72,10.54,9.64,10.54,4231300,165253737.0
2019-04-10,10.37,10.37,9.94,10.11,3491900,135383845.0
2019-04-11,10.16,10.21,9.6,9.71,2980800,111270738.0
2019-04-12,9.65,9.72,9.32,9.47,2218000,80953814.0
2019-04-15,9.79,9.81,9.29,9.3,2138800,77845098.0
2019-04-16,9.28,9.6,8.73,9.55,4478700,156134873.0
2019-04-17,9.43,9.72,9.12,9.63,4174200,151110760.0
2019-04-18,9.49,9.73,9.46,9.53,3131000,114904011.0
2019-04-19,9.53,9.62,9.39,9.53,1852300,67490993.0
2019-04-22,9.53,9.81,9.43,9.59,2149100,79165635.0
2019-04-23,9.48,9.78,9.45,9.71,2321600,85704009.0
2019-04-24,9.68,10.22,9.62,10.19,3916200,149177691.0
2019-04-25,9.98,10.41,9.78,9.95,3109600,120133375.0
2019-04-26,9.97,9.97,9.06,9.1,3644500,131593846.0
2019-04-29,9.09,9.09,8.13,8.13,2977400,97531766.0
2019-04-30,8.1,8.39,8.09,8.18,1454100,46319440.0
2019-05-06,7.92,7.95,7.3,7.49,2455400,72839762.0
2019-05-07,7.59,7.77,7.42,7.56,1746200,51685154.0
2019-05-08,7.59,8.21,7.24,7.76,2282100,69232463.0
2019-05-09,7.8,8.28,7.8,7.9,2369500,74050052.0
2019-05-10,8.02,8.62,7.77,8.57,3606700,115238105.0
2019-05-13,8.42,8.59,8.08,8.1,2836300,90628017.0
2019-05-14,7.95,8.31,7.91,7.99,1482100,46726845.0
2019-05-15,8.08,8.22,8.03,8.14,1199200,37609999.0
2019-05-16,8.14,8.16,7.81,7.9,1495300,45925698.0
2019-05-17,8.01,8.24,7.9,7.92,2495100,77815693.0
2019-05-20,8.15,8.47,8.02,8.11,2987100,94444532.0
2019-05-21,8.06,8.21,7.82,8.13,2147500,66878368.0
2019-05-22,8.13,8.42,8.04,8.37,2493300,79656903.0
2019-05-23,8.44,8.44,7.98,8.13,2419100,76871617.0
2019-05-24,7.95,8.06,7.39,7.44,3088500,90816768.0
2019-05-27,7.54,8.07,7.37,7.99,3030900,91962586.0
2019-05-28,8.14,8.39,8.01,8.22,3267500,103578323.0
2019-05-29,8.45,8.53,8.13,8.3,2916700,93915650.0
2019-05-30,8.26,8.26,7.78,8.03,2659400,82656016.0
2019-05-31,8.12,8.28,7.89,8.08,2577400,80623459.0
2019-06-03,8.06,8.24,7.78,7.83,1974300,60733575.0
2019-06-04,7.74,7.95,7.55,7.75,1986000,59744754.0
2019-06-05,7.84,7.87,7.61,7.62,1766500,52907034.0
2019-06-06,7.56,7.67,7.34,7.39,1832300,53111615.0
2019-06-10,7.5,7.6,7.39,7.53,1757600,51353629.0
2019-06-11,7.47,8.34,7.47,8.34,4138700,128717134.0
2019-06-12,8.28,9.08,8.17,8.98,5746300,190756906.0
2019-06-13,8.8,8.95,8.48,8.55,4207700,140092457.0
2019-06-14,8.61,8.62,8.04,8.18,5262200,87969824.0
2019-06-17,8.61,8.91,8.24,8.41,7006300,120730377.0
2019-06-18,7.94,8.76,7.92,8.36,6156300,104035604.0
2019-06-19,8.92,9.25,8.72,9.25,5502400,100953185.0
2019-06-20,10.21,10.23,8.96,9.23,22892600,444123136.0
2019-06-21,8.86,9.65,8.86,9.61,17085800,323915728.0
2019-06-24,9.45,9.86,9.29,9.43,9009300,171909509.0
2019-06-25,9.37,9.79,9.34,9.73,10519400,203439695.0
2019-06-26,9.67,9.97,9.45,9.57,8550200,165435275.0
2019-06-27,9.54,10.58,9.5,9.92,22818000,463792624.0
2019-06-28,9.79,9.79,8.98,9.37,14652900,276443232.0
2019-07-01,9.49,10.36,9.44,10.36,13444100,271532080.0
2019-07-02,10.5,11.29,10.11,10.12,26897000,567929488.0
2019-07-03,9.45,9.79,9.32,9.38,13496800,258238862.0
2019-07-04,9.55,9.55,9.03,9.1,7932300,147110283.0
2019-07-05,9.14,9.38,9.08,9.29,6157700,115119695.0
2019-07-08,9.29,10.13,9.24,9.46,11585800,222394498.0
2019-07-09,9.39,10.45,9.36,10.12,17111400,342218192.0
2019-07-10,9.87,10.08,9.71,9.86,12849700,254645008.0
2019-07-11,9.89,9.93,9.44,9.51,8324300,160583727.0
2019-07-12,9.55,9.58,9.14,9.19,7448200,139107418.0
2019-07-15,8.66,8.66,8.22,8.54,13976900,237420198.0
2019-07-16,8.46,8.85,8.46,8.67,6846300,120371965.0
2019-07-17,8.7,9.01,8.54,8.72,7828400,138891222.0
2019-07-18,8.75,9.08,8.66,8.96,9846100,176912370.0
2019-07-19,8.97,9.65,8.84,9.63,13742000,255452694.0
2019-07-22,9.42,9.42,8.62,8.62,13869800,247614241.0
2019-07-23,8.51,8.79,8.49,8.63,6997600,122117725.0
2019-07-24,8.63,8.96,8.46,8.81,8269900,146613678.0
2019-07-25,8.89,9.02,8.68,8.75,6405300,114091912.0
2019-07-26,8.86,9.06,8.68,8.72,5857900,104448347.0
2019-07-29,8.71,8.78,8.38,8.78,8681700,150130410.0
2019-07-30,8.69,8.92,8.67,8.74,6076400,108020448.0
2019-07-31,8.69,8.79,8.41,8.43,5665700,98188140.0
2019-08-01,8.41,8.63,8.39,8.52,4361500,74997371.0
2019-08-02,8.25,8.38,8.13,8.27,5748800,96084697.0
2019-08-05,8.19,8.38,7.99,8.07,3888300,64771172.0
2019-08-06,7.87,8.16,7.6,8.11,6003900,96168997.0
2019-08-07,8.14,8.22,7.93,7.95,3723100,60936168.0
2019-08-08,7.96,8.69,7.96,8.58,9422100,160630616.0
2019-08-09,8.81,9.24,8.75,8.83,13585500,245025789.0
2019-08-12,9.03,9.65,8.87,9.56,14063800,262965092.0
2019-08-13,9.39,10.03,9.39,9.61,14483100,281577344.0
2019-08-14,9.93,10.15,9.74,9.89,11602500,230820413.0
2019-08-15,9.65,10.21,9.65,10.06,9990000,199136940.0
2019-08-16,10.06,11.12,9.97,11.12,21702400,469970464.0
2019-08-19,11.19,11.63,10.61,11.39,23483500,519218608.0
2019-08-20,11.18,11.37,10.86,11.05,13303500,292967696.0
2019-08-21,10.96,11.46,10.95,11.02,11430300,254689139.0
2019-08-22,11.15,11.53,11.02,11.47,11454400,257529203.0
2019-08-23,11.5,11.5,10.97,11.03,8845400,196131603.0
2019-08-26,10.84,12.19,10.84,12.19,23546000,557436672.0
2019-08-27,11.66,12.21,11.61,11.82,16530900,390496080.0
2019-08-28,11.82,11.82,11.02,11.03,13196700,296181872.0
2019-08-29,11.0,11.28,10.88,10.95,9087900,199938673.0
2019-08-30,10.98,11.36,10.55,10.96,11718900,258458251.0
2019-09-02,10.88,11.43,10.58,11.29,11172800,246923378.0
2019-09-03,11.47,12.47,11.47,12.47,14508800,348452688.0
2019-09-04,13.09,13.38,12.23,12.81,21901700,556769040.0
2019-09-05,12.81,13.95,12.61,13.23,18462400,489195056.0
2019-09-06,13.2,13.95,12.86,13.1,13502500,359244896.0
2019-09-09,13.47,13.72,13.15,13.57,10355400,275636080.0
2019-09-10,13.57,13.58,12.54,13.07,12736000,330966944.0
2019-09-11,13.49,13.75,12.44,12.56,16574300,426058016.0
2019-09-12,12.82,12.89,12.26,12.35,9855000,243411459.0
2019-09-16,12.47,12.69,11.95,12.45,11577700,284324096.0
2019-09-17,12.45,12.63,11.92,11.97,9603200,232144030.0
2019-09-18,12.03,12.09,11.63,11.87,7241500,170582149.0
2019-09-19,11.85,12.49,11.71,12.26,11762200,283949744.0
2019-09-20,12.23,12.8,12.14,12.39,12152800,300636640.0
2019-09-23,12.39,12.68,11.87,12.64,12863900,310568960.0
2019-09-24,12.81,13.49,12.45,13.12,19553600,506726064.0
2019-09-25,13.03,13.38,12.3,12.3,11807000,300249840.0
2019-09-26,12.15,12.39,11.02,11.02,14491100,331620448.0
2019-09-27,11.01,11.24,10.73,10.91,8875300,194577889.0
2019-09-30,10.85,10.95,10.43,10.49,8134000,173282163.0
2019-10-08,10.67,10.82,10.29,10.54,6336200,134725640.0
2019-10-09,10.42,10.71,10.24,10.68,5759500,121757702.0
2019-10-10,10.71,10.89,10.58,10.82,5645500,121358392.0
2019-10-11,10.92,10.94,10.41,10.64,6697500,142988275.0
2019-10-14,10.86,11.24,10.74,11.24,8484800,186526270.0
2019-10-15,10.66,10.66,10.06,10.06,11917900,245499288.0
2019-10-16,9.94,10.22,9.91,9.97,7522500,151755653.0
2019-10-17,10.07,10.08,9.84,9.97,3979200,79541092.0
2019-10-18,9.91,10.04,9.56,9.91,6824800,134636126.0
2019-10-21,9.91,9.95,9.44,9.62,7322900,141846199.0
2019-10-22,9.72,10.12,9.66,9.97,6654800,132191741.0
2019-10-23,10.01,10.11,9.79,9.81,4013300,79996859.0
2019-10-24,9.85,9.89,9.62,9.7,3461900,67786928.0
2019-10-25,9.69,10.09,9.54,9.99,5494900,108998207.0
2019-10-28,10.11,10.84,10.11,10.61,9125300,191608646.0
2019-10-29,10.64,10.84,10.39,10.43,7470200,158811827.0
2019-10-30,10.48,10.99,10.33,10.77,9106000,195868074.0
2019-10-31,10.61,10.97,10.56,10.64,6780000,145577212.0
2019-11-01,10.5,10.91,10.5,10.77,5520700,119032547.0
2019-11-04,10.77,11.09,10.66,10.99,6696600,146593946.0
2019-11-05,10.94,11.33,10.84,11.23,8537100,189076159.0
2019-11-06,11.23,11.32,10.76,11.04,7777100,170909562.0
2019-11-07,10.92,11.05,10.81,10.91,3736700,81458567.0
2019-11-08,10.92,11.03,10.61,10.61,5393400,116122013.0
2019-11-11,10.49,10.73,10.45,10.49,4180200,88419760.0
2019-11-12,10.53,10.54,10.12,10.44,6192100,128410789.0
2019-11-13,10.5,10.75,10.38,10.63,7096900,150565667.0
2019-11-14,10.5,10.92,10.26,10.77,8530400,181158366.0
2019-11-15,10.72,11.11,10.61,10.65,8120800,176485955.0
2019-11-18,10.43,10.58,10.16,10.54,7944500,164663662.0
2019-11-19,10.38,10.98,10.26,10.86,8914400,188721402.0
2019-11-20,10.81,11.01,10.68,10.97,11169400,242407195.0
2019-11-21,10.84,10.94,10.49,10.5,7161400,153482828.0
2019-11-22,10.55,10.74,10.15,10.2,6073300,126646596.0
2019-11-25,10.13,10.19,9.4,9.55,6866400,133827793.0
2019-11-26,9.53,9.71,9.4,9.56,4153800,79460463.0
2019-11-27,9.52,9.91,9.48,9.72,4309200,84335571.0
2019-11-28,9.63,9.9,9.58,9.68,3178700,62178099.0
2019-11-29,9.66,9.87,9.65,9.76,2888500,56609361.0
2019-12-02,9.77,10.19,9.73,10.06,5332000,106985961.0
2019-12-03,10.03,10.37,9.88,10.36,6385500,129609764.0
2019-12-04,10.25,10.91,10.25,10.65,9062000,191670099.0
2019-12-05,10.53,10.96,10.53,10.76,8850500,190168440.0
2019-12-06,10.68,11.43,10.68,11.23,12576400,278865424.0
2019-12-09,11.37,11.79,11.04,11.06,12947100,291617824.0
2019-12-10,11.17,11.46,10.98,11.41,10421100,233914820.0
2019-12-11,11.4,11.53,11.16,11.29,8976000,202901122.0
2019-12-12,11.33,11.94,11.27,11.58,14057400,324904016.0
2019-12-13,11.62,11.81,11.06,11.43,9589600,218637173.0
2019-12-16,11.55,11.82,11.45,11.82,9994700,231967070.0
2019-12-17,11.68,11.9,11.51,11.56,9533800,220631481.0
2019-12-18,11.62,11.77,11.45,11.61,7976700,184673047.0
2019-12-19,11.74,12.21,11.63,11.76,11176100,263423345.0
2019-12-20,11.61,11.78,11.19,11.19,9693400,221181958.0
2019-12-23,11.03,11.52,10.76,11.28,10145700,226594675.0
2019-12-24,11.43,11.92,11.15,11.84,11556200,266420144.0
2019-12-25,11.84,12.82,11.67,12.46,21028300,517384096.0
2019-12-26,12.55,12.85,12.39,12.73,15763700,394105552.0
2019-12-27,12.61,12.65,12.03,12.08,14651200,358412832.0
2019-12-30,11.87,12.16,11.46,12.14,8944500,210986102.0
2019-12-31,12.13,12.24,11.73,11.98,6396000,152220653.0
2020-01-02,12.08,12.55,11.94,12.36,8053800,196964967.0
2020-01-03,12.33,12.7,12.21,12.32,8230600,202961642.0
2020-01-06,11.99,12.66,11.87,12.46,7393400,181635206.0
2020-01-07,12.55,12.55,12.08,12.25,8260900,201061135.0
2020-01-08,12.26,12.26,11.86,11.86,6274200,149988698.0
2020-01-09,11.97,12.13,11.89,12.07,5419100,129581464.0
2020-01-10,12.15,12.44,12.02,12.23,8313600,202283162.0
2020-01-13,12.13,13.05,12.08,13.04,14770200,371801472.0
2020-01-14,12.97,13.12,12.59,12.65,11718500,296785008.0
2020-01-15,12.59,12.96,12.5,12.84,9764100,245972107.0
2020-01-16,12.83,13.79,12.74,13.41,14826700,392405136.0
2020-01-17,13.33,13.76,13.18,13.73,11522300,307795024.0
2020-01-20,13.59,15.15,13.55,14.8,22408800,649316720.0
2020-01-21,14.57,15.58,14.45,14.97,16146500,479446336.0
2020-01-22,14.61,16.52,14.45,16.28,16952800,520843600.0
2020-01-23,15.75,16.19,14.61,15.12,15831100,482418816.0
2020-02-03,13.55,13.8,13.55,13.55,12959000,347360000.0
2020-02-04,13.98,14.66,13.98,14.55,11697800,330549440.0
2020-02-05,14.45,15.4,14.29,15.09,11750200,347169488.0
2020-02-06,14.82,15.65,14.72,15.41,10769400,322413520.0
2020-02-07,15.24,15.76,15.08,15.58,11660500,352773632.0
2020-02-10,15.34,15.73,14.9,15.18,9415800,283040672.0
2020-02-11,15.18,15.39,14.81,14.83,8318700,246537062.0
2020-02-12,14.87,15.29,14.66,15.18,10378000,306503776.0
2020-02-13,15.09,16.63,15.03,15.71,14802800,460224016.0
2020-02-14,15.76,16.82,15.66,16.19,14059000,449361936.0
2020-02-17,16.45,16.69,16.08,16.54,10959900,352861744.0
2020-02-18,16.82,17.59,16.59,17.26,12223200,410052960.0
2020-02-19,16.82,18.39,16.82,17.64,13580600,466854528.0
2020-02-20,17.39,17.85,16.72,17.46,11059600,375029584.0
2020-02-21,17.21,17.81,17.21,17.64,10232900,350844352.0
2020-02-24,17.4,18.71,17.35,18.46,12161600,429493952.0
2020-02-25,17.66,18.87,17.08,18.66,13546800,482975328.0
2020-02-26,18.27,18.61,16.74,16.74,13180900,449392848.0
2020-02-27,16.76,16.94,15.05,15.49,11989100,373052208.0
2020-02-28,14.58,14.82,13.89,13.89,11406700,322702832.0
2020-03-02,14.31,14.64,13.89,14.33,9456500,266548960.0
2020-03-03,14.64,15.05,14.38,14.6,8102200,235006678.0
2020-03-04,14.28,14.53,13.63,14.29,7574600,211179728.0
2020-03-05,14.57,14.68,13.92,14.19,6283700,176003317.0
2020-03-06,13.95,14.37,13.94,14.11,4341100,121691863.0
2020-03-09,13.69,13.95,12.97,13.03,6718500,178562657.0
2020-03-10,13.03,13.71,12.92,13.69,7227900,191902121.0
2020-03-11,13.73,14.02,13.18,13.26,5413900,145610001.0
2020-03-12,13.04,13.43,12.93,13.04,3870600,100723414.0
2020-03-13,12.39,14.12,12.37,13.76,10527800,281704944.0
2020-03-16,14.18,14.61,13.88,14.01,12480100,350228272.0
2020-03-17,14.31,14.79,13.49,14.79,12560800,353630400.0
2020-03-18,15.08,15.43,14.49,14.59,13269600,393366016.0
2020-03-19,14.65,15.44,14.42,15.43,10809300,316969872.0
2020-03-20,15.32,15.66,14.88,15.03,8925100,267330701.0
2020-03-23,14.29,14.66,13.47,13.47,7496600,205519843.0
2020-03-24,13.77,13.78,12.11,12.79,8518800,217698486.0
2020-03-25,13.11,13.28,12.82,12.97,4762000,122958377.0
2020-03-26,13.11,13.21,12.55,12.63,4547600,116646320.0
2020-03-27,12.9,13.03,12.18,12.23,4642200,115198474.0
2020-03-30,11.87,11.97,11.13,11.41,6248100,142087266.0
2020-03-31,11.61,11.87,11.35,11.38,3893100,89660052.0
2020-04-01,11.34,11.79,11.19,11.48,3903900,90122203.0
2020-04-02,11.11,12.0,11.08,12.0,6943000,160897468.0
2020-04-03,11.95,12.05,11.39,11.56,5316000,123430698.0
2020-04-07,11.85,11.99,11.76,11.83,5060200,119265153.0
2020-04-08,11.79,12.13,11.64,11.99,5621200,133280539.0
2020-04-09,12.03,12.16,11.82,11.88,4127700,98050765.0
2020-04-10,11.96,12.01,11.38,11.43,4564700,105472196.0
2020-04-13,11.24,11.49,11.16,11.27,2748100,61711463.0
2020-04-14,11.35,11.6,11.35,11.58,3103200,70893299.0
2020-04-15,11.6,11.96,11.47,11.65,4939200,115611745.0
2020-04-16,11.51,11.9,11.33,11.78,4152800,96710040.0
2020-04-17,11.91,12.43,11.91,12.04,8015400,193911039.0
2020-04-20,12.14,12.37,12.05,12.25,4171300,101011802.0
2020-04-21,12.08,12.08,11.76,11.96,4728000,111716752.0
2020-04-22,11.84,12.48,11.77,12.38,6252700,151803308.0
2020-04-23,12.38,12.59,12.06,12.06,3819600,92480633.0
2020-04-24,12.04,12.23,11.5,11.58,4116200,96688892.0
2020-04-27,11.71,11.76,11.34,11.39,2866200,65806427.0
2020-04-28,11.32,12.2,11.09,11.95,6985200,163193109.0
2020-04-29,11.79,13.2,11.79,12.71,12972600,328792192.0
2020-04-30,12.89,13.42,12.66,13.36,12083400,314364048.0
2020-05-06,13.13,13.97,13.08,13.8,10367300,279002784.0
2020-05-07,13.68,13.95,13.3,13.37,7739300,206517551.0
2020-05-08,13.45,13.76,13.28,13.4,6924500,184518936.0
2020-05-11,13.5,13.83,13.36,13.59,7281200,195700773.0
2020-05-12,13.42,14.24,13.42,14.12,9883600,271081440.0
2020-05-13,14.21,14.81,13.98,14.23,10841000,308137936.0
2020-05-14,14.01,14.63,14.01,14.54,9774800,277902368.0
2020-05-15,14.69,14.97,14.36,14.47,10337300,298693808.0
2020-05-18,14.87,15.28,14.49,14.66,13433100,393879904.0
2020-05-19,14.92,15.26,14.51,15.23,12048200,353553664.0
2020-05-20,14.85,15.08,14.12,14.33,12658500,364522480.0
2020-05-21,14.42,14.42,13.51,13.53,8822000,241171583.0
2020-05-22,13.43,13.57,12.86,13.01,8239000,215179434.0
2020-05-25,13.04,13.27,12.71,13.01,5857800,150979684.0
2020-05-26,13.05,13.91,13.01,13.91,9128700,243108573.0
2020-05-27,13.83,14.16,13.67,13.94,7915300,217182491.0
2020-05-28,13.86,13.94,13.26,13.83,6644500,178978892.0
2020-05-29,13.71,14.32,13.69,13.95,6282100,174272560.0
2020-06-01,14.05,14.94,13.97,14.66,7836900,225567122.0
2020-06-02,14.87,15.14,14.45,15.01,8818500,257351278.0
2020-06-03,15.01,15.64,14.82,15.13,10080300,302448928.0
2020-06-04,15.02,15.65,14.87,15.22,7221000,217250603.0
2020-06-05,15.24,15.63,14.97,15.5,9134600,276772832.0
2020-06-08,15.66,15.73,14.89,15.08,7881700,237096713.0
2020-06-09,14.98,15.84,14.82,15.49,9700100,295498640.0
2020-06-10,15.36,15.47,15.03,15.1,4371400,130550321.0
2020-06-11,15.13,15.39,14.73,14.85,5514300,163593379.0
2020-06-12,14.44,14.97,14.39,14.61,5654100,163965544.0
2020-06-15,14.42,14.59,13.92,13.92,7544900,211828006.0
2020-06-16,14.12,14.33,14.03,14.19,4852400,135752114.0
2020-06-17,14.19,14.23,13.8,14.01,4006300,110730344.0
2020-06-18,13.96,14.31,13.95,14.2,4457000,124696965.0
2020-06-19,14.18,14.57,14.01,14.48,6955600,196847282.0
2020-06-22,14.55,15.27,14.55,15.23,9328700,275962000.0
2020-06-23,15.13,15.37,14.97,15.17,5863300,174514639.0
2020-06-24,15.2,15.55,15.04,15.39,7301300,219704009.0
2020-06-29,15.24,15.73,15.09,15.51,7800200,237058436.0
2020-06-30,15.58,15.73,15.36,15.65,6783100,207637575.0
2020-07-01,15.75,16.02,14.97,15.47,9069200,276556672.0
2020-07-02,15.34,15.87,15.24,15.63,8519500,261545890.0
2020-07-03,15.61,15.95,15.21,15.79,8699100,267746316.0
2020-07-06,16.05,17.11,15.87,16.96,12652400,412155648.0
2020-07-07,17.15,18.11,16.97,17.01,12043700,414413392.0
2020-07-08,17.31,17.81,16.72,17.55,9924200,337115040.0
2020-07-09,17.34,17.85,17.21,17.47,11759300,404503632.0
2020-07-10,17.34,17.91,16.86,17.78,12187800,418104304.0
2020-07-13,17.68,19.03,17.68,18.88,14113600,511728560.0
2020-07-14,18.7,18.7,17.18,17.65,12394100,435989888.0
2020-07-15,17.87,17.97,16.13,16.19,11243000,371329392.0
2020-07-16,16.33,16.52,15.29,15.49,8102400,254050461.0
2020-07-17,15.48,15.76,15.02,15.17,6989400,210059950.0
2020-07-20,15.36,15.88,14.88,15.88,5873900,178152891.0
2020-07-21,15.87,16.17,15.66,16.07,5463800,171504720.0
2020-07-22,16.16,16.54,16.02,16.13,5552700,177704549.0
2020-07-23,15.91,16.18,15.17,15.74,6939500,213620762.0
2020-07-24,15.72,15.85,14.51,14.67,6486000,193164876.0
2020-07-27,14.55,14.79,14.13,14.41,4413100,125558024.0
2020-07-28,14.49,14.71,14.21,14.52,3792300,108134107.0
2020-07-29,14.45,15.02,14.36,14.92,5421300,158331230.0
2020-07-30,15.01,15.17,14.59,14.72,4775800,139469413.0
2020-07-31,14.84,15.49,14.67,15.35,6242500,185620619.0
2020-08-03,15.69,16.34,15.43,16.19,8221300,259440992.0
2020-08-04,16.29,16.32,15.5,15.69,5442300,169453319.0
2020-08-05,16.65,16.75,15.81,16.03,6707600,212476562.0
2020-08-06,15.77,15.92,15.44,15.81,5770600,178113946.0
2020-08-07,15.66,15.84,14.89,15.3,4829900,145414825.0
2020-08-10,15.13,15.58,14.79,15.14,5111700,151984895.0
2020-08-11,15.24,15.26,14.56,14.59,3926600,115669613.0
2020-08-12,14.63,14.78,14.02,14.46,3593300,101510971.0
2020-08-13,14.62,14.62,14.38,14.47,2189900,62551894.0
2020-08-14,14.49,14.68,14.37,14.68,2440900,70074655.0
2020-08-17,14.71,15.05,14.55,14.99,3496300,102175273.0
2020-08-18,14.97,14.99,14.62,14.73,3353600,97584727.0
2020-08-19,14.66,14.67,14.08,14.15,3569100,100821746.0
2020-08-20,13.98,14.27,13.74,13.85,2483400,68419582.0
2020-08-21,13.92,14.13,13.67,13.97,2215200,60926358.0
2020-08-24,14.07,14.59,13.76,14.46,3635600,102629452.0
2020-08-25,14.44,14.82,14.29,14.74,3909300,112562692.0
2020-08-26,14.7,14.82,13.77,14.08,3819100,107169069.0
2020-08-27,13.65,14.53,13.49,14.41,3788000,104857580.0
2020-08-28,14.68,14.75,14.4,14.55,4329900,124601991.0
2020-08-31,14.9,15.74,14.85,15.06,7564300,227540081.0
2020-09-01,14.78,15.44,14.78,15.25,4808400,143537304.0
2020-09-02,15.05,15.64,14.97,15.52,5689400,171141432.0
2020-09-03,15.5,15.71,15.17,15.35,5476600,166426438.0
2020-09-04,15.02,15.96,15.02,15.84,7356100,227356093.0
2020-09-07,16.14,16.29,15.06,15.13,7742800,236975428.0
2020-09-08,15.12,15.21,14.21,14.61,5990400,173148911.0
2020-09-09,14.44,14.46,13.61,13.75,5857200,161706796.0
2020-09-10,13.97,14.16,13.69,13.85,4239200,116380176.0
2020-09-11,13.81,14.21,13.52,14.15,3067900,84848779.0
2020-09-14,14.26,14.7,14.18,14.66,4427600,126978997.0
2020-09-15,14.08,14.69,13.67,14.39,6522400,181535000.0
2020-09-16,14.21,14.5,13.89,13.96,3041900,84477740.0
2020-09-17,13.93,14.58,13.92,14.49,4202800,118654578.0
2020-09-18,14.39,14.6,14.31,14.5,3283000,93623925.0
2020-09-21,14.53,14.63,14.22,14.3,3043000,86749065.0
2020-09-22,14.19,14.29,13.84,13.87,2866700,79403083.0
2020-09-23,13.95,14.05,13.71,13.91,2763600,75750856.0
2020-09-24,13.76,13.92,13.48,13.6,2213900,59860489.0
2020-09-25,13.6,13.85,12.81,12.92,5896700,152788472.0
2020-09-28,12.99,13.38,12.68,12.81,4484600,115226319.0
2020-09-29,12.86,13.21,12.62,13.05,3364600,86645033.0
2020-09-30,12.97,13.24,12.97,13.13,2387400,61947435.0
2020-10-09,13.41,13.71,13.35,13.62,3430600,91873630.0
2020-10-12,13.62,14.21,13.58,14.18,4227600,116674647.0
2020-10-13,14.18,14.3,14.04,14.21,2660700,74254183.0
2020-10-14,14.23,14.28,14.03,14.09,2311200,64499113.0
2020-10-15,14.27,14.82,14.11,14.15,4877600,138653692.0
2020-10-16,14.09,14.34,13.97,14.24,2783100,77774867.0
2020-10-19,14.22,14.29,13.7,13.82,3274900,89984881.0
2020-10-20,13.84,14.18,13.54,14.16,3258000,89604028.0
2020-10-21,14.18,14.18,13.38,13.47,4397700,118654347.0
2020-10-22,13.47,13.5,13.28,13.32,2608700,69076743.0
2020-10-23,13.39,13.41,12.85,12.92,2527200,65655579.0
2020-10-26,12.81,12.93,12.64,12.84,2062400,52398822.0
2020-10-27,12.84,12.92,12.51,12.55,3493000,87466601.0
2020-10-28,12.54,12.76,12.11,12.28,3540700,86537202.0
2020-10-29,12.08,12.44,11.97,12.41,2512500,61216706.0
2020-10-30,12.65,12.83,12.13,12.34,5821300,144519778.0
2020-11-02,12.27,12.42,11.69,11.89,6554200,155827067.0
2020-11-03,11.93,12.58,11.89,12.28,5863300,142968724.0
2020-11-04,12.34,12.53,12.21,12.27,3384800,82945590.0
2020-11-05,12.44,12.59,12.14,12.42,5192700,127268506.0
2020-11-06,12.45,12.77,12.3,12.6,6739000,167124999.0
2020-11-09,12.79,13.8,12.79,13.39,13419300,353240432.0
2020-11-10,13.26,13.37,12.89,12.97,7597600,196801085.0
2020-11-11,12.91,12.96,12.3,12.31,5669600,141379037.0
2020-11-12,12.44,12.57,12.3,12.41,2901800,71486307.0
2020-11-13,12.33,12.59,12.18,12.54,2811400,69365362.0
2020-11-16,12.55,12.65,12.18,12.28,3299500,80625322.0
2020-11-17,12.21,12.27,11.75,12.15,4352300,103406212.0
2020-11-18,12.08,12.37,12.06,12.14,2633300,63761878.0
2020-11-19,12.06,12.38,11.93,12.23,2830400,68768383.0
2020-11-20,12.23,12.31,12.02,12.02,3165900,76150663.0
2020-11-23,12.01,12.02,11.77,11.9,3221500,76030817.0
2020-11-24,11.95,12.13,11.87,11.94,3775300,89973272.0
2020-11-25,11.92,12.05,11.76,11.81,2968500,70139490.0
2020-11-26,11.78,11.87,11.49,11.54,3514800,81380048.0
2020-11-27,11.55,11.7,11.5,11.66,2426800,56033747.0
2020-11-30,11.68,11.84,11.37,11.72,3702800,85767347.0
2020-12-01,11.74,11.83,11.61,11.76,2923200,68298255.0
2020-12-02,11.83,12.17,11.74,12.05,5123500,122275106.0
2020-12-03,12.05,12.22,11.82,11.86,4464800,106121376.0
2020-12-04,11.82,13.07,11.72,12.61,11028700,270454832.0
2020-12-07,13.08,15.18,12.91,13.92,27258500,756169456.0
2020-12-08,13.92,14.97,13.67,14.51,20387100,577279264.0
2020-12-09,14.29,14.78,14.01,14.12,14022500,398601744.0
2020-12-10,14.25,14.54,13.88,14.18,8419200,236973718.0
2020-12-11,14.18,14.42,13.87,13.99,7419100,206929865.0
2020-12-14,14.45,14.68,14.14,14.61,10198900,290654944.0
2020-12-15,14.5,15.16,14.5,14.84,9672200,283929328.0
2020-12-16,14.72,14.97,13.98,14.56,7560700,215084041.0
2020-12-17,14.24,14.65,14.17,14.27,4580000,129644087.0
2020-12-18,14.47,15.15,14.36,14.56,8157600,237246441.0
2020-12-21,15.17,15.84,15.04,15.24,14422300,437443008.0
2020-12-22,15.04,15.74,15.04,15.07,11209000,339890688.0
2020-12-23,15.05,15.97,14.73,15.89,14072600,426530288.0
2020-12-24,15.69,15.95,15.42,15.79,9017200,277287408.0
2020-12-25,15.39,15.52,14.84,15.16,9301600,277521920.0
2020-12-28,15.08,15.14,14.23,14.46,10124600,290843392.0
2020-12-29,14.46,14.92,13.97,14.36,8931500,256676377.0
2020-12-30,14.18,14.91,14.08,14.72,7132500,204641626.0
2020-12-31,14.74,15.7,14.71,15.31,10023800,301941664.0
2021-01-04,15.31,16.19,15.23,16.11,11057600,344674624.0
2021-01-05,16.03,17.73,15.77,17.32,14321000,478029408.0
2021-01-06,17.14,17.56,16.82,17.32,9766300,329781472.0
2021-01-07,17.24,17.64,16.91,17.15,8309600,280536512.0
2021-01-08,17.03,17.15,16.45,16.5,7545200,247339724.0
2021-01-11,16.81,17.57,16.5,17.26,10415500,351983744.0
2021-01-12,17.13,18.53,17.13,18.51,9510000,333879184.0
2021-01-13,18.34,19.79,18.16,19.18,11387200,424430256.0
2021-01-14,19.18,19.82,18.09,18.23,11998500,443522432.0
2021-01-15,18.38,18.96,17.87,18.82,9573200,346889216.0
2021-01-18,19.05,19.75,17.34,18.88,10372200,384171232.0
2021-01-19,18.97,19.34,18.24,18.37,7460500,271680608.0
2021-01-20,18.19,18.66,18.19,18.48,4638400,166969607.0
2021-01-21,18.37,18.65,17.77,17.87,6597300,233617373.0
2021-01-22,17.86,18.27,17.4,18.22,6304900,220488247.0
2021-01-25,18.13,20.18,18.05,19.99,11439900,435342624.0
2021-01-26,20.37,22.37,20.1,21.36,16893100,700021088.0
2021-01-27,21.41,22.34,21.34,21.39,13447200,569725552.0
2021-01-28,21.54,21.55,19.45,19.5,12509500,497271488.0
2021-01-29,20.15,20.21,18.17,18.36,9506500,353098224.0
2021-02-01,18.28,18.75,17.96,18.36,7653500,275692656.0
2021-02-02,18.36,18.7,17.87,18.45,5965100,213481327.0
2021-02-03,18.1,18.79,17.87,17.88,7194300,258004299.0
2021-02-04,17.97,19.21,17.28,18.76,8841700,313869984.0
2021-02-05,18.58,19.03,17.75,17.75,8327200,298994304.0
2021-02-08,17.81,18.67,17.63,18.13,4886600,174116987.0
2021-02-09,18.27,20.82,18.27,20.81,9462200,369560192.0
2021-02-10,20.5,21.01,20.11,20.85,5515700,221997467.0
2021-02-18,21.03,21.49,20.25,20.89,6448800,264123719.0
2021-02-19,21.29,21.29,19.45,19.99,6776200,265963886.0
2021-02-22,19.85,20.44,18.66,19.02,7841100,298711952.0
2021-02-23,18.66,19.32,18.33,18.95,4617000,170442432.0
2021-02-24,19.0,20.14,19.0,19.73,6410500,246260784.0
2021-02-25,19.67,19.94,18.44,19.01,4076900,152880781.0
2021-02-26,18.41,18.88,18.34,18.63,3018500,109946419.0
2021-03-01,18.91,19.01,18.16,18.66,5056200,182990269.0
2021-03-02,18.83,20.08,18.83,19.5,7339500,280128848.0
2021-03-03,19.44,19.59,18.61,18.77,5362600,198150948.0
2021-03-04,18.53,19.02,17.77,17.79,4981300,178459321.0
2021-03-05,17.44,18.57,17.44,18.36,5716100,201320294.0
2021-03-08,18.66,18.7,17.4,17.58,4247000,148415463.0
2021-03-09,17.48,17.86,16.15,16.16,4857600,159098023.0
2021-03-10,16.58,16.75,15.45,15.61,5628000,176231633.0
2021-03-11,15.7,16.55,15.39,16.38,4368600,138085534.0
2021-03-12,16.27,16.54,15.76,16.12,2482300,78274929.0
2021-03-15,15.87,16.14,15.61,15.75,2592000,80626170.0
2021-03-16,15.92,16.07,15.13,15.86,3014200,92483948.0
2021-03-17,15.88,16.29,15.66,15.94,3078100,96662163.0
2021-03-18,16.08,16.08,15.64,15.75,2780600,86659819.0
2021-03-19,15.53,15.95,15.26,15.52,2528400,77933056.0
2021-03-22,15.52,15.87,15.45,15.84,2558800,78998655.0
2021-03-23,15.92,16.28,15.5,15.57,3318300,103840828.0
2021-03-24,15.65,15.69,15.08,15.19,2556500,76786608.0
2021-03-25,15.19,15.46,15.11,15.23,1613900,48486369.0
2021-03-26,15.24,15.46,15.14,15.42,2237300,67622607.0
2021-03-29,15.4,15.65,15.27,15.44,2279700,69486310.0
2021-03-30,15.44,15.62,15.19,15.51,2448600,74480162.0
2021-03-31,15.53,15.53,15.04,15.29,2110200,63195680.0
2021-04-01,15.34,16.13,15.17,15.98,4422700,137325264.0
2021-04-02,15.95,17.34,15.95,17.05,6019000,199483250.0
2021-04-06,16.83,17.34,16.72,17.03,3577200,118481837.0
2021-04-07,16.87,17.05,16.29,16.85,3482500,113296736.0
2021-04-08,16.72,18.13,16.64,17.81,6187700,215105568.0
2021-04-09,17.87,18.1,17.61,17.91,2506300,87651999.0
2021-04-12,17.87,18.29,17.23,17.34,3387700,117736235.0
2021-04-13,17.61,18.05,17.02,17.91,3732600,128781442.0
2021-04-14,16.75,17.51,16.07,17.32,7460200,248560733.0
2021-04-15,17.15,17.52,16.81,17.45,3432400,115457067.0
2021-04-16,17.23,18.7,17.23,18.49,5295600,187847740.0
2021-04-19,18.5,18.86,18.25,18.67,3658300,132763585.0
2021-04-20,18.65,19.34,18.39,19.08,4119200,153635921.0
2021-04-21,19.06,19.6,18.87,19.34,3620100,136590044.0
2021-04-22,19.29,19.66,19.13,19.24,3161200,119789600.0
2021-04-23,19.53,20.27,19.37,20.18,4450500,172724254.0
2021-04-26,20.36,20.38,19.57,20.01,4938000,192786205.0
2021-04-27,20.45,20.45,19.82,20.18,3433100,135042898.0
2021-04-28,20.18,20.76,19.98,20.47,3652300,145974635.0
2021-04-29,20.39,20.82,18.93,19.05,6865800,262807374.0
2021-04-30,19.35,19.85,19.09,19.36,4343100,165663442.0
2021-05-06,19.28,19.52,18.71,18.96,3187700,118827914.0
2021-05-07,19.17,19.5,17.89,18.07,3326100,120628462.0
2021-05-10,18.16,18.26,17.26,17.39,3670400,127265763.0
2021-05-11,17.36,17.61,16.84,17.24,3019000,101595842.0
2021-05-12,17.09,17.27,16.52,17.22,3966900,132201955.0
2021-05-13,17.03,17.14,16.55,16.83,3108100,102877074.0
2021-05-14,16.85,17.36,16.65,17.17,3492300,117047240.0
2021-05-17,17.31,18.92,17.24,17.97,6761000,240994193.0
2021-05-18,18.02,18.23,17.34,18.23,4882100,169938335.0
2021-05-19,18.23,18.23,17.82,17.87,3209400,112779732.0
2021-05-20,17.78,18.06,17.5,17.79,2623200,91959534.0
2021-05-21,17.92,18.05,17.31,17.43,2777800,95515359.0
2021-05-24,17.62,17.64,17.02,17.51,2485000,84273896.0
2021-05-25,17.38,18.29,17.36,18.17,3927000,138309479.0
2021-05-26,18.17,18.34,17.82,17.91,2879500,101666483.0
2021-05-27,17.96,21.61,17.87,21.61,11807500,471373376.0
2021-05-28,22.08,22.08,20.31,21.76,14932200,620075616.0
2021-05-31,21.99,22.73,21.39,22.44,12152200,523544736.0
2021-06-01,22.48,23.66,22.2,23.09,9124700,409359888.0
2021-06-02,22.72,24.39,22.72,23.55,9176400,422723424.0
2021-06-03,23.25,23.6,22.47,23.03,6579700,296094032.0
2021-06-04,23.08,26.69,23.04,25.71,12665600,617855760.0
2021-06-07,26.35,28.55,26.35,26.76,12549600,663903296.0
2021-06-08,27.34,27.65,25.87,27.09,7623200,395870560.0
2021-06-09,27.05,28.39,26.89,28.13,8856500,478628592.0
2021-06-10,28.08,28.61,27.53,27.97,6654200,361227104.0
2021-06-11,27.88,28.21,26.03,26.27,10312500,533515024.0
2021-06-15,26.55,29.22,26.29,28.73,12509000,682415280.0
2021-06-16,28.98,30.1,27.53,28.14,8407300,467901680.0
2021-06-17,28.43,30.5,28.0,29.97,11287000,645064320.0
2021-06-18,29.93,30.78,29.29,29.98,9333600,540876112.0
2021-06-21,30.07,30.55,29.62,30.11,7053300,410014032.0
2021-06-22,30.17,30.28,28.65,29.75,5835400,333257776.0
2021-06-23,30.06,33.57,29.66,32.79,9910800,609933760.0
2021-06-24,32.14,32.71,30.69,30.86,9542900,577656000.0
2021-06-25,30.87,31.76,30.24,31.29,5296200,317913616.0
2021-06-28,31.4,32.75,31.4,32.35,7876100,488983504.0
2021-06-29,32.29,32.79,30.97,32.41,5924000,367403584.0
2021-06-30,33.09,37.57,32.45,35.35,13207500,899827328.0
2021-07-01,35.77,36.56,35.03,35.69,9564900,662919584.0
2021-07-02,35.13,35.96,34.18,35.25,8268300,559361216.0
2021-07-05,35.68,36.75,34.24,36.63,8627100,592761664.0
2021-07-06,36.69,37.82,35.24,37.61,7370100,516999392.0
2021-07-07,36.55,39.55,35.51,39.55,7844400,569678704.0
2021-07-08,39.18,43.92,39.03,43.61,8231800,665916464.0
2021-07-09,43.63,46.23,42.13,45.28,8531200,723809552.0
2021-07-12,44.45,46.01,43.13,44.67,7132900,612087744.0
2021-07-13,43.74,44.08,40.25,41.14,11228300,898673888.0
2021-07-14,40.76,42.08,40.57,40.78,6232000,494595584.0
2021-07-15,39.46,44.48,39.0,43.6,18334200,792843264.0
2021-07-16,42.5,44.73,41.84,42.89,13209500,575663232.0
2021-07-19,42.21,44.86,41.51,42.59,11544700,507386368.0
2021-07-20,42.02,43.88,41.0,43.63,11449700,493753040.0
2021-07-21,44.51,48.98,43.74,47.25,19437100,918733056.0
2021-07-22,47.53,49.5,46.5,48.87,20974100,1022639088.0
2021-07-23,48.3,49.12,46.87,47.46,12867700,619013456.0
2021-07-26,47.65,53.89,47.63,53.3,21025500,1088413824.0
2021-07-27,53.56,61.35,52.3,53.6,30492100,1730179008.0
2021-07-28,53.87,57.16,44.51,56.62,29688600,1628299776.0
2021-07-29,57.71,60.84,55.3,59.1,27738700,1614980096.0
2021-07-30,59.15,59.5,55.99,57.2,22289500,1293830912.0
2021-08-02,56.5,57.19,52.72,53.7,22948900,1263593632.0
2021-08-03,52.51,53.55,46.31,46.37,32636400,1622112176.0
2021-08-04,46.13,52.3,46.12,51.48,27389400,1371770672.0
2021-08-05,50.49,52.02,49.39,51.71,15878700,820354160.0
2021-08-06,53.0,53.0,49.0,50.1,13786700,707041312.0
2021-08-09,49.45,49.89,45.7,48.21,18024900,864610192.0
2021-08-10,48.11,49.06,45.0,46.56,17142000,810837632.0
2021-08-11,46.3,48.08,45.56,47.46,15149800,719548608.0
2021-08-12,47.45,51.72,46.91,50.58,21117700,1072938336.0
2021-08-13,51.73,53.75,47.82,48.64,17157500,870803520.0
2021-08-16,47.61,52.79,47.07,50.67,16830200,853261264.0
2021-08-17,50.06,50.64,46.98,47.51,13879400,677276496.0
2021-08-18,47.36,48.89,46.32,47.25,10759400,518202912.0
2021-08-19,47.45,49.5,46.31,47.77,15209500,738636368.0
2021-08-20,47.39,48.99,46.13,46.77,12799900,615476512.0
2021-08-23,46.3,49.62,44.38,49.28,22373400,1067744768.0
2021-08-24,49.0,54.8,48.01,52.9,25331100,1334464816.0
2021-08-25,53.75,54.45,49.07,49.97,23377900,1206172640.0
2021-08-26,50.3,50.34,46.56,46.74,19137200,925117328.0
2021-08-27,46.88,47.75,45.78,47.65,12257400,578385328.0
2021-08-30,47.66,48.3,44.66,46.17,16859900,791309728.0
2021-08-31,45.5,45.7,42.3,42.68,17812600,786569568.0
2021-09-01,42.71,43.05,39.89,40.86,16477400,684524272.0
2021-09-02,40.86,41.1,37.85,38.54,19759000,781887424.0
2021-09-03,38.5,39.55,37.51,39.1,16403300,644573136.0
2021-09-06,39.0,41.5,38.18,40.96,16714800,680764496.0
2021-09-07,40.51,41.8,40.09,40.97,10864600,451309808.0
2021-09-08,41.4,42.17,40.66,41.84,11160100,468084336.0
2021-09-09,42.1,42.66,41.3,42.18,9964700,422576992.0
2021-09-10,42.43,46.4,41.82,45.05,18432100,828941488.0
2021-09-13,44.5,46.07,43.18,43.51,13616900,607964320.0
2021-09-14,43.22,45.27,43.05,44.38,13384000,602963168.0
2021-09-15,44.07,47.7,43.1,46.17,19719100,921800336.0
2021-09-16,45.93,46.9,44.5,44.63,12653900,582936048.0
2021-09-17,44.1,45.69,43.2,43.79,8850300,397262640.0
2021-09-22,43.67,46.24,43.55,45.01,10603600,485175712.0
2021-09-23,45.02,49.0,44.4,47.09,17892100,857040000.0
2021-09-24,47.42,48.24,46.3,47.0,10315800,490450736.0
2021-09-27,46.5,48.51,41.51,44.52,20217300,914044688.0
2021-09-28,44.97,46.94,43.5,46.46,11219600,523154720.0
2021-09-29,45.72,47.78,45.29,45.37,12113600,573202672.0
2021-09-30,45.54,47.76,45.54,47.26,8441400,402018528.0
2021-10-08,48.3,49.15,46.35,47.08,8138300,390200080.0
2021-10-11,46.65,47.4,45.0,45.23,7528800,349428544.0
2021-10-12,45.04,45.9,41.36,41.45,14584400,627206272.0
2021-10-13,41.75,42.43,40.53,42.2,7674600,323344448.0
2021-10-14,42.07,42.35,41.24,41.27,4790700,202364927.0
2021-10-15,41.44,46.8,40.94,45.64,16740700,758870240.0
2021-10-18,44.6,47.08,44.6,45.94,8436600,389557392.0
2021-10-19,45.66,46.26,44.74,44.85,7314600,334979024.0
2021-10-20,45.0,45.38,43.0,43.12,8835000,390806592.0
2021-10-21,42.96,43.29,41.37,41.47,10107300,427704992.0
2021-10-22,42.01,45.75,41.55,44.1,16441900,732912896.0
2021-10-25,44.1,44.7,42.31,44.49,11245200,495324128.0
2021-10-26,44.46,45.65,43.63,44.39,7979700,359406768.0
2021-10-27,44.25,44.25,42.88,43.5,6220800,273430704.0
2021-10-28,43.49,44.17,43.05,43.4,6608200,291158912.0
2021-10-29,43.49,48.52,43.4,46.76,19466400,917478384.0
2021-11-01,46.97,47.66,45.3,45.52,10372900,484782528.0
2021-11-02,45.52,47.3,45.3,45.95,11224500,526298128.0
2021-11-03,46.49,47.6,45.51,47.05,10492500,493675968.0
2021-11-04,47.0,48.89,46.65,48.58,13467100,656426272.0
2021-11-05,48.6,50.24,48.15,49.07,12053000,595019216.0
2021-11-08,48.68,51.6,47.71,50.85,13257200,668672720.0
2021-11-09,51.0,54.1,51.0,53.9,16770500,895985360.0
2021-11-10,53.1,58.1,53.0,57.21,20033900,1130006464.0
2021-11-11,56.34,60.4,52.27,52.91,36281100,2052462368.0
2021-11-12,54.69,57.1,52.34,52.35,28204500,1556629968.0
2021-11-15,52.6,53.3,48.9,49.19,20403700,1038212928.0
2021-11-16,49.5,49.5,46.38,46.38,14573800,703275056.0
2021-11-17,47.32,48.9,46.88,48.75,13749300,668127328.0
2021-11-18,48.81,51.98,48.23,51.45,15355200,788337344.0
2021-11-19,50.92,52.69,50.55,52.18,10122700,528883120.0
2021-11-22,53.3,62.72,53.3,60.2,30833800,1848160944.0
2021-11-23,60.25,62.89,59.7,59.99,16279700,1000859440.0
2021-11-24,60.01,61.64,58.3,59.16,14850800,893096096.0
2021-11-25,60.41,60.57,57.5,57.75,9638400,567472368.0
2021-11-26,58.13,58.25,54.63,55.28,10988200,617931024.0
2021-11-29,55.28,56.19,54.49,55.45,11482900,640697264.0
2021-11-30,56.5,57.38,54.28,55.78,13350000,747911376.0
2021-12-01,55.66,56.17,53.65,55.1,9566200,527223008.0
2021-12-02,55.09,55.51,53.91,54.34,6158500,339138688.0
2021-12-03,54.5,57.87,54.5,56.95,13303800,759275264.0
2021-12-06,57.11,61.3,57.11,60.05,20610800,1237778336.0
2021-12-07,60.05,60.48,55.67,56.88,16999500,983229872.0
2021-12-08,57.0,59.5,56.88,59.04,11828800,699441680.0
2021-12-09,58.99,60.0,56.3,56.38,9381200,543659664.0
2021-12-10,56.62,59.8,55.0,58.5,13657200,796838480.0
2021-12-13,59.49,60.08,57.11,59.36,11513600,678892976.0
2021-12-14,59.36,59.66,57.8,59.05,8231200,488260240.0
2021-12-15,58.72,60.06,56.61,57.38,8993300,528121264.0
2021-12-16,57.07,58.72,56.71,58.41,6824300,397805120.0
2021-12-17,57.63,58.38,55.71,55.88,7804600,445953952.0
2021-12-20,55.5,56.79,52.8,53.25,8256800,452244832.0
2021-12-21,53.93,54.8,52.3,54.04,7876800,426914320.0
2021-12-22,54.43,55.3,53.5,54.58,5890300,323937248.0
2021-12-23,55.5,56.3,54.0,54.47,5953200,328837568.0
2021-12-24,54.5,55.5,52.6,54.08,4444900,241534461.0
2021-12-27,53.44,54.08,52.0,52.71,7024900,373224640.0
2021-12-28,53.31,55.68,52.51,55.61,8555900,470133648.0
2021-12-29,55.9,55.99,53.2,53.95,6343000,347851904.0
2021-12-30,54.52,57.15,53.71,55.23,7636800,426880640.0
2021-12-31,55.23,58.32,54.1,57.0,13268100,761456336.0
2022-01-04,57.0,57.3,49.01,49.98,21036700,1089383936.0
2022-01-05,49.99,49.99,46.15,47.5,13509400,648427888.0
2022-01-06,47.3,48.8,46.06,48.1,8751600,418148624.0
2022-01-07,47.9,50.98,47.3,49.25,13865100,691092416.0
2022-01-24,47.28,47.28,39.53,44.5,17277900,767825008.0
2022-01-25,44.11,46.0,42.49,42.78,12485100,552049120.0
2022-01-26,42.7,45.17,42.1,44.25,8012000,357030944.0
2022-01-27,44.82,45.21,43.1,43.2,4438400,196748917.0
2022-01-28,43.5,44.4,42.16,42.6,4444200,193588319.0
2022-02-07,43.4,44.74,42.5,43.59,5661400,248498566.0
2022-02-08,42.91,43.59,40.39,41.1,10745600,451593056.0
2022-02-09,41.0,41.67,39.31,41.47,9455300,387034720.0
2022-02-10,41.3,42.46,40.8,41.29,5285900,222363142.0
2022-02-11,41.22,42.03,39.71,40.2,5124000,211165154.0
2022-02-14,39.5,39.93,37.78,38.24,10155600,398993888.0
2022-02-15,38.43,40.27,38.28,40.12,7782000,311266704.0
2022-02-16,40.38,40.92,38.56,38.7,7655800,304903712.0
2022-02-17,39.1,39.56,37.92,39.13,8314200,327609840.0
2022-02-18,38.67,39.06,38.0,38.77,5975600,232982403.0
2022-02-21,38.9,40.08,38.62,38.78,6085900,240686687.0
2022-02-22,38.67,38.74,36.8,38.5,8315500,318797056.0
2022-02-23,38.42,43.38,38.22,42.76,18393300,774891664.0
2022-02-24,42.08,42.55,40.55,41.89,13054100,549452400.0
2022-02-25,43.25,43.83,41.75,42.68,8665200,373404912.0
2022-02-28,42.39,43.53,41.98,43.16,7835900,339890400.0
2022-03-01,43.48,43.5,41.85,42.53,6088900,261860510.0
2022-03-02,42.49,42.64,41.5,42.17,4873000,206900307.0
2022-03-03,42.65,42.78,40.35,40.4,6075500,252520100.0
2022-03-04,40.28,42.16,40.03,40.42,6855600,285708752.0
2022-03-07,39.96,40.38,39.0,39.29,5769900,231070466.0
2022-03-08,39.21,41.58,38.5,40.47,9654000,393468336.0
2022-03-09,40.43,42.1,38.78,40.29,8406800,344732448.0
2022-03-10,42.03,42.25,40.0,40.37,8387900,346896912.0
2022-03-11,38.99,39.89,38.48,39.64,6262100,248605012.0
2022-03-14,39.16,40.63,39.15,39.2,5712500,229801395.0
2022-03-15,39.19,40.79,37.92,38.7,7585000,303168640.0
2022-03-16,39.5,40.0,33.82,37.6,25610500,938147136.0
2022-03-17,37.97,41.18,37.93,40.26,19728700,802526752.0
2022-03-18,40.04,41.0,39.13,41.0,11077600,452064896.0
2022-03-21,41.27,41.49,39.61,40.05,7764300,318042528.0
2022-03-22,39.7,39.95,38.61,38.94,4944000,196296307.0
2022-03-23,39.45,39.68,38.38,38.7,4684200,185302850.0
2022-03-24,38.5,38.7,37.82,38.2,4675800,181155695.0
2022-03-25,38.68,39.36,36.75,36.96,6071000,232122885.0
2022-03-28,36.21,36.89,35.5,35.83,5610800,204856284.0
2022-03-29,35.84,36.35,34.65,35.43,5329100,191094242.0
2022-03-30,35.92,37.78,34.95,37.2,7701900,287366800.0
2022-03-31,36.69,37.07,36.09,36.11,4795200,177564646.0
2022-04-01,34.5,36.8,34.09,35.75,7902800,284908336.0
2022-04-06,35.75,35.88,33.52,33.91,11563800,401165168.0
2022-04-07,34.1,34.97,33.35,33.54,5910700,203391843.0
2022-04-08,33.45,34.1,32.7,33.37,5592400,189093775.0
2022-04-11,32.86,33.35,31.3,31.47,5305800,171733495.0
2022-04-12,31.5,32.18,31.3,31.7,5516200,177564137.0
2022-04-13,31.64,31.64,30.4,30.58,4211800,131811984.0
2022-04-14,30.66,33.25,30.01,32.57,10138900,327657568.0
2022-04-15,32.01,32.38,31.1,31.36,6107100,196825251.0
2022-04-18,30.99,33.37,30.6,32.83,7009200,231873837.0
2022-04-19,32.79,32.91,32.01,32.46,5760900,189400344.0
2022-04-20,32.89,33.0,32.11,32.52,5370600,177539395.0
2022-04-21,32.38,33.73,31.28,31.56,6656300,219000561.0
2022-04-22,31.47,31.82,30.1,30.2,5300400,165515729.0
2022-04-25,29.5,30.1,27.6,27.8,6771000,198444394.0
2022-04-26,28.33,28.85,27.19,27.63,5677500,161697434.0
2022-04-27,27.48,29.79,26.51,29.42,8278100,238823672.0
2022-04-28,29.33,30.79,28.88,30.79,9462200,289106064.0
2022-04-29,32.38,32.38,29.5,31.3,10756600,339416736.0
2022-05-05,31.0,32.48,30.69,31.91,5692200,184422408.0
2022-05-06,31.16,32.18,30.71,31.32,5144200,163998787.0
2022-05-09,31.3,32.86,30.84,31.95,6142900,200749143.0
2022-05-10,31.59,33.85,31.38,33.18,11516100,389009520.0
2022-05-11,33.3,35.33,33.0,34.6,10275200,359373520.0
2022-05-12,34.26,35.25,33.9,34.55,6028600,210881899.0
2022-05-13,34.55,35.15,34.2,34.5,4791900,167800542.0
2022-05-16,34.55,35.4,34.5,35.2,4604200,163443683.0
2022-05-17,35.02,36.75,34.79,36.55,5445200,199968322.0
2022-05-18,37.0,38.33,36.41,37.59,7656200,291728160.0
2022-05-19,36.68,38.1,36.6,37.7,4135400,157768905.0
2022-05-20,37.6,39.82,37.5,39.1,6550100,257517813.0
2022-05-23,39.12,39.72,38.15,39.5,5909200,233344431.0
2022-05-24,39.48,39.9,38.16,38.17,5178200,204409541.0
2022-05-25,38.42,38.81,37.13,37.66,7710000,294176848.0
2022-05-26,38.42,39.0,37.29,38.49,4517100,175008875.0
2022-05-27,38.69,40.18,38.52,39.1,4731200,188317020.0
2022-05-30,39.39,39.75,38.26,39.12,4425400,174603784.0
2022-05-31,39.29,40.25,38.2,39.9,5830100,231937104.0
2022-06-01,39.73,40.85,39.26,40.4,5359700,217700515.0
2022-06-02,40.4,44.3,40.02,43.46,13304600,577539984.0
2022-06-06,43.4,45.46,43.17,45.12,8956600,401081456.0
2022-06-07,44.5,45.2,43.52,43.94,5209000,232304492.0
2022-06-08,43.94,44.44,42.91,43.43,6159900,270915808.0
2022-06-09,43.17,43.65,42.07,42.88,5018600,216722888.0
2022-06-10,42.97,44.14,42.2,44.0,6446700,283288608.0
2022-06-13,43.68,44.35,43.34,43.61,4208400,186251708.0
2022-06-14,43.5,43.61,40.9,41.65,10151600,428493456.0
2022-06-15,41.7,43.65,41.7,42.93,6463700,281066528.0
2022-06-16,43.05,45.06,42.99,43.43,6656800,295993856.0
2022-06-17,43.14,44.0,42.66,43.45,3846000,168493112.0
2022-06-20,43.64,44.71,43.43,44.25,4221300,189045506.0
2022-06-21,44.2,44.69,43.3,43.88,4789000,213303016.0
2022-06-22,44.09,44.53,42.5,42.97,6624700,291421728.0
2022-06-23,42.74,43.36,42.53,43.25,5703300,248211447.0
2022-06-24,42.89,43.77,42.18,42.46,7101300,307075600.0
2022-06-27,42.53,44.17,42.5,43.75,7618200,334367712.0
2022-06-28,43.55,45.86,43.1,45.47,10118500,457186928.0
2022-06-29,45.47,47.21,44.54,44.82,9127000,424044592.0
2022-06-30,44.48,45.7,43.77,44.65,4846400,219056933.0
2022-07-01,44.21,45.35,43.86,43.96,4089400,184001435.0
2022-07-04,43.93,44.36,42.4,42.98,8376900,365335408.0
2022-07-05,43.0,43.5,41.5,42.17,6114800,261926848.0
2022-07-06,42.16,45.85,41.91,43.77,10663300,479220848.0
2022-07-07,44.51,45.26,43.0,45.0,7500100,337298656.0
2022-07-08,44.96,45.5,44.21,44.79,5804600,263326105.0
2022-07-11,44.83,44.94,43.01,43.75,5154500,227817923.0
2022-07-12,44.82,44.99,41.5,41.62,7235800,313630212.0
2022-07-13,41.62,42.61,40.78,42.27,4878700,205849940.0
2022-07-14,41.92,44.0,41.74,43.74,7535100,328791703.0
2022-07-15,43.07,45.65,42.42,43.45,8387500,372171879.0
2022-07-18,43.7,44.0,41.55,42.86,6231800,268256370.0
2022-07-19,42.63,43.75,41.7,42.69,4965300,214483073.0
2022-07-20,42.89,45.2,42.81,44.86,11254400,504317031.0
2022-07-21,44.32,48.6,44.31,47.6,19386500,927550186.0
2022-07-22,46.62,49.55,46.6,48.3,13691200,663500856.0
2022-07-25,48.04,49.9,47.46,48.61,11179100,549183367.0
2022-07-26,48.52,49.64,47.63,49.51,8465400,418500894.0
2022-07-27,48.81,49.88,48.28,49.09,6502100,321801784.0
2022-07-28,49.0,51.67,48.42,51.0,16465800,835715545.0
2022-07-29,50.6,52.62,49.26,50.0,11094300,571031682.0
2022-08-01,49.61,54.08,48.48,53.55,16096600,842763748.0
2022-08-02,52.89,56.9,52.6,53.73,22344600,1230508339.0
2022-08-03,53.81,55.96,49.98,52.0,30598500,1604215787.0
2022-08-04,51.6,52.68,49.66,50.79,19254500,990856964.0
2022-08-05,50.78,55.78,50.56,55.28,25873200,1397875834.0
2022-08-08,58.8,59.6,56.04,58.3,28838000,1685808244.0
2022-08-09,57.75,58.3,55.65,57.49,15284000,876236817.0
2022-08-10,56.72,63.1,56.72,61.2,20044800,1239313274.0
2022-08-11,61.27,63.18,59.9,62.07,13009700,811612085.0
2022-08-12,61.22,63.8,60.1,60.1,9315000,578606331.0
2022-08-15,59.31,61.86,59.0,60.34,9319800,564154556.0
2022-08-16,60.02,60.5,58.11,59.22,10165300,606430326.0
2022-08-17,59.26,60.0,58.26,59.18,7320500,435668591.0
2022-08-18,59.08,61.42,57.35,60.86,11766700,705951298.0
2022-08-19,59.66,60.6,56.8,56.94,9636200,564513431.0
2022-08-22,57.6,60.1,56.1,58.64,9977600,592178416.0
2022-08-23,58.6,59.04,56.75,57.1,5685100,328385861.0
2022-08-24,57.2,58.1,52.97,53.29,13648800,750424096.0
2022-08-25,53.3,55.53,52.84,54.91,10580900,578785362.0
2022-08-26,54.86,54.9,52.12,52.3,8095000,433133223.0
2022-08-29,52.31,55.9,52.31,55.58,10560000,585370670.0
2022-08-30,58.1,61.59,57.31,59.59,22320200,1341741443.0
2022-08-31,60.1,61.09,57.6,57.98,10443100,619922157.0
2022-09-01,57.96,61.5,57.96,61.05,11490100,701824700.0
2022-09-02,60.6,63.79,59.48,61.84,11644400,724915530.0
2022-09-05,61.38,67.6,60.93,66.33,11796800,773891957.0
2022-09-06,66.59,67.48,65.16,66.12,6771700,451146326.0
2022-09-07,66.45,70.4,65.76,65.9,12283900,836803908.0
2022-09-08,65.36,69.6,64.48,67.88,9755500,662220971.0
2022-09-09,66.72,67.59,64.58,66.44,8550100,566589334.0
2022-09-13,66.43,67.1,64.8,66.02,7111300,472768819.0
2022-09-14,65.74,68.12,64.8,66.43,6014400,401349637.0
2022-09-15,66.2,66.89,62.6,63.85,8310700,536453186.0
2022-09-16,63.24,65.04,63.24,64.23,6993800,453080210.0
2022-09-19,64.81,66.2,62.28,62.68,5383800,343774714.0
2022-09-20,62.88,63.09,59.6,60.47,10543900,647293050.0
2022-09-21,60.6,61.0,56.63,57.21,14884400,872414373.0
2022-09-22,57.57,59.7,55.91,59.27,11529200,677431244.0
2022-09-23,59.3,59.48,56.37,58.1,9694000,564359606.0
2022-09-26,57.13,60.15,56.32,58.58,12704800,750347552.0
2022-09-27,58.8,62.08,56.61,60.72,11676200,711814094.0
2022-09-28,60.8,60.9,58.27,59.07,5980400,357003035.0
2022-09-29,59.31,60.48,58.4,59.5,5441600,326638434.0
2022-09-30,59.6,60.07,56.51,56.62,6915000,401749772.0
2022-10-10,54.19,55.59,45.22,45.22,29475600,1458851792.0
2022-10-11,45.69,47.44,44.45,44.99,18146500,837422109.0
2022-10-12,45.28,48.55,43.11,48.39,21391400,995583606.0
2022-10-13,47.43,51.36,47.17,48.9,17156300,854717523.0
2022-10-14,49.67,50.52,47.23,48.1,13193200,644116414.0
2022-10-17,48.11,53.6,47.7,52.0,15166100,780572177.0
2022-10-18,52.6,54.55,51.11,53.57,10057500,539262270.0
2022-10-19,53.05,55.55,52.61,54.37,10211400,556394806.0
2022-10-20,53.86,60.86,53.72,58.6,13367100,773994739.0
2022-10-21,57.96,59.34,55.51,57.69,9749300,561624227.0
2022-10-24,57.1,61.16,56.6,59.7,9021000,542045241.0
2022-10-25,59.7,60.6,58.29,59.89,7189600,430587767.0
2022-10-26,59.95,62.58,59.13,61.54,7410700,457192522.0
2022-10-27,62.11,62.26,58.6,59.73,13996600,848918881.0
2022-10-28,54.82,63.68,54.6,60.98,18586100,1143423691.0
2022-10-31,60.99,61.8,58.1,59.68,15191500,914382588.0
2022-11-01,59.6,60.19,57.78,59.35,10067700,599136275.0
2022-11-02,59.36,61.05,58.6,59.72,6836400,411938463.0
2022-11-03,58.6,61.93,58.14,61.37,7469000,461377179.0
2022-11-04,61.37,61.8,59.6,60.05,11373900,692294048.0
2022-11-07,60.01,61.57,58.69,59.09,7828600,468564388.0
2022-11-08,59.3,60.63,58.02,58.8,6755100,403754532.0
2022-11-09,58.69,60.1,56.73,57.4,6922300,406794588.0
2022-11-10,57.48,57.53,52.42,53.0,23447000,1274618750.0
2022-11-11,56.6,57.26,53.05,53.61,17074800,940259339.0
2022-11-14,53.07,53.13,51.1,52.96,9325100,492241857.0
2022-11-15,52.6,55.55,52.24,54.22,9212900,504949954.0
2022-11-16,54.24,54.25,52.3,52.99,6447500,343805728.0
2022-11-17,52.6,53.43,50.78,53.25,8750800,457926106.0
2022-11-18,53.19,55.4,52.51,53.33,7793200,425093182.0
2022-11-21,53.4,55.08,52.5,54.72,6681800,362471321.0
2022-11-22,53.8,55.33,53.4,53.9,5843600,320027544.0
2022-11-23,53.6,54.65,52.63,53.59,4127500,222201111.0
2022-11-24,53.59,54.9,53.2,54.03,6037900,330596675.0
2022-11-25,53.48,57.84,53.44,56.32,13201200,749309511.0
2022-11-28,56.15,59.0,55.38,58.92,13899200,812892469.0
2022-11-29,58.59,58.62,56.32,57.55,11691100,674066870.0
2022-11-30,56.93,57.4,55.1,57.26,9647000,545843383.0
2022-12-01,56.88,59.41,55.21,57.6,10598000,616834909.0
2022-12-02,57.1,60.2,56.26,58.2,7420000,440794906.0
2022-12-05,58.56,58.56,52.5,53.68,12425900,679905165.0
2022-12-06,53.18,55.71,52.71,54.02,8267400,451831906.0
2022-12-07,54.12,54.18,52.65,53.2,9069400,485061415.0
2022-12-08,53.1,53.19,50.4,50.85,10474500,542055584.0
2022-12-09,50.6,53.77,49.98,52.37,17423600,917476473.0
2022-12-12,51.75,51.75,49.42,50.59,10944600,555907972.0
2022-12-13,50.6,50.6,47.7,48.91,13559400,664748432.0
2022-12-14,51.01,51.36,47.93,48.19,13725200,685442528.0
2022-12-15,48.19,50.54,47.58,49.29,9000900,448627518.0
2022-12-16,49.1,49.1,45.71,46.75,15392100,724934168.0
2022-12-19,46.3,47.87,46.1,46.81,8288500,391466154.0
2022-12-20,46.73,47.73,45.62,45.82,5297700,248332849.0
2022-12-21,45.83,46.19,44.52,45.18,5447600,248100390.0
2022-12-22,45.35,45.44,43.69,43.79,6181800,277186535.0
2022-12-23,43.6,44.34,42.94,43.51,4889800,214032233.0
2022-12-26,43.64,44.95,43.32,44.12,5473400,245278183.0
2022-12-27,44.04,45.6,42.61,45.12,11982400,533055719.0
2022-12-28,44.65,45.18,43.71,44.33,7074000,315206439.0
2022-12-29,44.3,44.75,43.48,43.95,6996500,311574164.0
2022-12-30,44.14,44.9,43.3,44.18,7405600,329187064.0
2023-01-03,44.12,45.49,43.2,45.13,11562800,519448421.0
2023-01-04,46.1,47.0,41.71,42.4,29262900,1280139552.0
2023-01-05,41.72,42.83,41.42,42.16,14707400,627473992.0
2023-01-06,42.0,42.36,40.48,41.53,17255400,720848405.0
2023-01-09,41.6,42.76,40.31,40.51,17791500,738305612.0
2023-01-10,40.66,41.49,40.49,40.85,10574200,437486727.0
2023-01-11,40.2,41.71,38.76,39.0,23033600,927042957.0
2023-01-12,39.06,39.49,38.4,39.15,12355600,487934349.0
2023-01-13,39.27,39.38,38.18,38.95,10712000,418190278.0
2023-01-16,38.85,41.78,38.71,40.45,20538600,839376286.0
2023-01-17,40.64,42.88,40.3,42.66,21114200,895156267.0
2023-01-18,42.61,43.2,42.08,42.09,10303300,441118379.0
2023-01-19,42.09,43.28,41.68,42.86,11748600,505009866.0
2023-01-20,44.6,45.0,43.21,43.78,19171800,848882716.0
2023-01-30,43.78,44.99,43.27,43.28,16606800,739148825.0
2023-01-31,43.1,43.69,42.28,42.8,15002700,646552576.0
2023-02-01,43.05,44.28,42.82,44.09,12836200,565429854.0
2023-02-02,44.5,46.48,44.01,45.21,22825400,1037792406.0
2023-02-03,44.75,45.3,43.43,44.55,15280700,680983248.0
2023-02-06,43.9,45.4,43.9,44.55,11343000,510272232.0
2023-02-07,44.59,44.7,43.2,43.76,10870300,479020536.0
2023-02-08,43.6,44.74,42.76,42.84,11223100,492413019.0
2023-02-09,42.65,46.18,42.39,46.02,23518800,1059724626.0
2023-02-10,46.0,46.68,44.71,45.4,17509800,804969210.0
2023-02-13,45.65,46.04,44.45,45.85,14017500,642639063.0
2023-02-14,46.02,48.37,46.02,47.53,23650000,1135586961.0
2023-02-15,47.36,50.42,47.1,50.18,22949700,1137019077.0
2023-02-16,49.79,51.28,49.19,49.55,20588400,1040446368.0
2023-02-17,49.28,49.6,46.3,46.52,17928900,857660008.0
2023-02-20,46.5,46.77,45.2,46.53,12778300,591883020.0
2023-02-21,46.42,47.0,45.18,45.69,10076400,464705874.0
2023-02-22,45.26,46.66,45.26,45.99,8032400,373128992.0
2023-02-23,45.66,46.19,45.11,45.59,7159800,329406945.0
2023-02-24,45.81,46.1,44.9,44.93,7117500,325636509.0
2023-02-27,44.56,44.77,43.7,43.82,8909800,397270916.0
2023-02-28,44.18,44.46,42.87,43.88,8506100,372577783.0
2023-03-01,43.55,43.63,42.92,43.3,9775600,426370882.0
2023-03-02,43.34,44.35,43.08,43.49,10571200,465698736.0
2023-03-03,44.25,47.83,44.25,47.82,29736400,1375228764.0
2023-03-06,47.6,51.11,46.5,49.35,31243200,1540773013.0
2023-03-07,50.1,50.24,48.15,48.35,18430000,906539179.0
2023-03-08,48.06,49.75,47.73,49.25,14853400,733229596.0
2023-03-09,48.96,52.35,48.96,50.37,24974700,1277157890.0
2023-03-10,49.5,51.28,48.41,49.94,20615600,1034730715.0
2023-03-13,49.58,50.14,48.48,49.0,17099400,846129597.0
2023-03-14,49.2,53.37,48.42,52.65,29121800,1491794993.0
2023-03-15,51.9,53.34,51.06,51.5,24774100,1298001562.0
2023-03-16,50.62,51.45,44.96,45.77,37483200,1806542972.0
2023-03-17,45.71,47.06,43.64,46.18,32873600,1500775021.0
2023-03-20,45.61,46.91,45.1,46.48,22391600,1038192730.0
2023-03-21,45.9,45.99,43.19,44.11,23745900,1060768522.0
2023-03-22,43.8,43.8,42.53,42.95,17135800,746126531.0
2023-03-23,42.6,45.25,42.53,44.92,20650300,917138530.0
2023-03-24,44.93,46.06,44.15,44.55,15417400,699829116.0
2023-03-27,44.18,46.0,43.6,45.49,15121300,687900146.0
2023-03-28,45.27,45.93,44.22,44.73,9473200,428005725.0
2023-03-29,44.66,51.1,44.19,49.54,30079600,1461955933.0
2023-03-30,49.3,49.82,47.16,47.93,20261900,985940006.0
2023-03-31,47.81,48.53,47.2,47.96,13502800,651850767.0
2023-04-03,48.51,49.8,48.11,49.58,20815200,1031315639.0
2023-04-04,49.5,51.1,48.49,49.56,21660900,1087759625.0
2023-04-06,48.58,54.6,48.4,52.15,28862300,1506792431.0
2023-04-07,52.19,55.77,52.19,55.77,34171900,1870582995.0
2023-04-10,55.6,57.03,52.09,52.5,25474400,1392316302.0
2023-04-11,52.93,55.26,52.93,53.91,21098300,1150968881.0
2023-04-12,53.9,58.28,52.86,57.5,31234600,1776459733.0
2023-04-13,56.76,57.7,54.43,56.21,20392800,1150865467.0
2023-04-14,56.98,60.53,54.7,58.87,29386600,1723909065.0
2023-04-17,59.09,59.77,56.35,57.31,20185100,1175283333.0
2023-04-18,56.0,56.52,54.06,54.6,23675800,1309789126.0
2023-04-19,54.61,55.12,53.04,53.59,24539300,1333533167.0
2023-04-20,53.2,57.02,52.85,56.3,26679900,1485245869.0
2023-04-21,55.28,55.42,51.61,51.62,22062500,1184061291.0
2023-04-24,52.01,53.2,49.83,50.46,18947200,977800911.0
2023-04-25,50.6,50.95,47.73,48.24,17792800,881787715.0
2023-04-26,48.24,48.72,45.66,46.1,18300000,865715791.0
2023-04-27,46.09,48.58,45.72,46.78,14609100,696963736.0
2023-04-28,42.98,49.53,42.95,47.8,31489200,1497933737.0
2023-05-04,47.08,47.51,45.05,45.71,13253400,612452444.0
2023-05-05,45.71,46.82,44.06,44.54,9751000,444477660.0
2023-05-08,44.36,45.01,43.35,43.71,9923100,440678183.0
2023-05-09,43.58,43.92,41.84,41.9,14157100,608409733.0
2023-05-10,41.6,42.29,39.79,40.95,14120200,580334222.0
2023-05-11,41.1,41.95,39.76,39.78,13330600,546907956.0
2023-05-12,39.9,40.88,39.16,39.29,9182600,369717883.0
2023-05-15,39.08,40.65,39.08,40.52,14121300,568863045.0
2023-05-16,40.52,42.5,40.15,42.06,19432000,816100161.0
2023-05-17,42.3,46.7,42.26,45.44,25731500,1178459067.0
2023-05-18,44.74,46.56,44.69,46.42,14175300,656279254.0
2023-05-19,46.2,47.48,45.5,46.48,11664100,547079674.0
2023-05-22,46.59,48.04,46.47,47.05,10622900,505055794.0
2023-05-23,47.05,47.06,45.3,45.48,10160600,470200338.0
2023-05-24,45.61,47.92,44.75,47.38,11575700,546176032.0
2023-05-25,47.1,47.88,46.34,47.6,7363800,349783497.0
2023-05-26,47.66,49.39,47.07,47.4,10564400,514221756.0
2023-05-29,47.6,48.35,46.5,47.53,9740400,466831578.0
2023-05-30,47.2,49.6,46.48,49.24,12037800,586425275.0
2023-05-31,49.22,51.44,48.7,50.11,9750100,493297726.0
2023-06-01,49.85,50.98,48.9,49.7,7087700,356392160.0
2023-06-02,49.6,51.39,49.46,50.08,6956900,354813944.0
2023-06-05,50.6,53.1,50.54,51.9,11727500,618413266.0
2023-06-06,51.39,51.61,50.08,50.08,8392000,428868308.0
2023-06-07,49.86,51.56,48.81,50.46,7651300,386229261.0
2023-06-08,50.28,50.86,48.48,49.88,8440200,424617036.0
2023-06-09,50.13,50.99,49.02,50.59,8296100,417791662.0
2023-06-12,50.31,51.09,48.85,49.15,9200200,459696070.0
2023-06-13,49.4,50.2,48.57,49.4,5590500,278890602.0
2023-06-14,49.41,50.75,48.79,50.72,7475600,376276388.0
2023-06-15,50.2,52.45,49.6,50.27,8349900,427953218.0
2023-06-16,50.22,53.03,49.6,52.65,11831200,618038347.0
2023-06-19,52.2,53.39,51.42,52.76,8166700,432669546.0
2023-06-20,52.5,52.77,50.03,51.24,8744700,450192232.0
2023-06-21,50.6,51.5,46.8,46.87,16781600,812258467.0
2023-06-26,46.29,48.19,45.9,46.88,7376700,349892676.0
2023-06-27,47.32,48.02,45.3,45.61,7557400,350817167.0
2023-06-28,45.65,47.35,44.6,46.43,9371400,437083898.0
2023-06-29,46.29,47.67,45.82,46.43,7974200,377313127.0
2023-06-30,46.39,48.3,46.05,47.19,7069600,338011633.0
2023-07-03,47.63,49.37,47.21,47.73,9732400,472669941.0
2023-07-04,47.7,47.9,46.1,46.9,7018400,331619825.0
2023-07-05,46.57,47.35,46.31,46.75,5004000,235922181.0
2023-07-06,46.64,47.56,46.3,46.37,4169900,196013487.0
2023-07-07,46.04,46.7,45.36,45.58,5629200,259885860.0
2023-07-10,45.76,45.86,43.96,44.49,9701300,434299835.0
2023-07-11,44.36,45.1,43.67,44.89,8306600,371070299.0
2023-07-12,44.31,44.98,42.68,42.7,11300100,494917597.0
2023-07-13,43.26,44.69,43.14,44.22,7533500,333322406.0
2023-07-14,44.69,44.93,43.85,43.94,5916000,263653687.0
2023-07-17,43.8,44.0,41.76,42.95,9743900,416968187.0
2023-07-18,43.05,44.28,42.82,43.34,6483100,284673114.0
2023-07-19,43.01,43.79,42.67,43.49,5617400,244800498.0
2023-07-20,43.43,43.69,42.18,42.42,5078000,218395887.0
2023-07-21,42.22,42.3,41.23,41.66,7160500,299823658.0
2023-07-24,41.9,41.9,40.91,41.15,4089300,169705480.0
2023-07-25,41.6,42.31,41.3,42.1,5263300,222354311.0
2023-07-26,42.3,43.31,41.93,42.38,5488700,235738575.0
2023-07-27,42.05,42.14,40.59,40.8,6595100,273167898.0
2023-07-28,41.1,41.28,40.34,41.04,5637900,232143941.0
2023-07-31,40.91,42.75,40.74,41.77,6871300,289359290.0
2023-08-01,41.58,42.69,41.4,42.04,5908400,250208240.0
2023-08-02,41.67,42.55,41.66,41.99,6149800,260707550.0
2023-08-03,41.69,41.94,40.95,41.16,6252900,260524900.0
2023-08-04,41.4,41.49,39.08,40.76,14095000,568784810.0
2023-08-07,40.6,41.0,40.01,40.23,4921600,200124893.0
2023-08-08,40.2,40.35,39.17,39.4,7486900,298511782.0
2023-08-09,39.29,39.55,38.58,39.09,6128000,241325643.0
2023-08-10,39.11,39.53,38.82,39.2,4847400,191452444.0
2023-08-11,39.28,39.29,37.92,38.03,8153800,315368329.0
2023-08-14,37.6,37.87,37.1,37.48,5181800,195448267.0
2023-08-15,37.61,37.77,35.86,36.2,9694100,355897151.0
2023-08-16,36.0,36.46,34.95,35.05,8698600,310778279.0
2023-08-17,35.12,36.26,34.61,35.75,9175400,329949549.0
2023-08-18,35.84,36.08,35.0,35.05,8914100,319332052.0
2023-08-21,34.99,35.32,34.4,34.45,5734200,201096922.0
2023-08-22,34.46,34.94,33.51,34.5,8536300,293526525.0
2023-08-23,34.51,34.51,33.08,33.15,6183900,209265064.0
2023-08-24,33.27,34.17,32.8,33.14,8753000,295025008.0
2023-08-25,33.04,33.1,31.75,32.06,7587100,248109825.0
2023-08-28,33.7,34.3,31.43,31.54,10234300,334542744.0
2023-08-29,31.79,35.6,31.41,35.31,19388400,663364653.0
2023-08-30,36.03,37.2,35.2,36.45,17387800,638194815.0
2023-08-31,36.14,37.4,35.87,37.07,11189100,414606792.0
2023-09-01,37.1,38.9,36.71,37.12,11421900,431010680.0
2023-09-04,37.23,38.08,36.72,37.64,9821400,369391659.0
2023-09-05,38.02,38.75,37.26,37.42,13121900,502240476.0
2023-09-06,37.26,38.5,37.18,38.14,15206900,581399043.0
2023-09-07,37.82,38.0,36.44,36.44,12137600,453237363.0
2023-09-08,36.7,37.65,35.75,37.1,11421300,423540689.0
2023-09-11,36.8,37.49,36.4,36.6,9109000,338151266.0
2023-09-12,36.5,36.97,35.36,35.53,12027500,434522814.0
2023-09-13,35.45,35.81,34.38,34.78,8049600,283344554.0
2023-09-14,34.83,34.84,33.98,34.38,6092300,210485012.0
2023-09-15,34.6,35.4,33.65,34.36,7271200,251838628.0
2023-09-18,34.09,34.57,33.62,33.77,5567800,190888062.0
2023-09-19,33.8,33.8,32.79,33.16,5915800,198029321.0
2023-09-20,33.16,33.35,32.75,32.78,5536900,184180709.0
2023-09-21,32.78,33.07,32.46,32.8,5334600,176278121.0
2023-09-22,32.73,36.05,32.46,36.05,15415200,535667875.0
2023-09-25,35.58,35.75,33.81,34.01,15973300,556645603.0
2023-09-26,34.15,34.16,33.2,33.35,8683900,293928770.0
2023-09-27,33.23,34.56,33.06,33.55,10478300,355722474.0
2023-09-28,33.64,34.23,32.56,33.23,12335100,415343743.0
2023-10-09,33.44,34.21,33.08,33.3,10433400,352860340.0
2023-10-10,33.65,34.29,33.15,33.67,10789000,366297984.0
2023-10-11,33.7,34.2,33.03,33.45,10633300,359326235.0
2023-10-12,33.52,34.6,32.87,34.0,17071600,579756711.0
2023-10-13,33.9,34.22,33.08,33.75,14209000,482711294.0
2023-10-16,33.59,33.69,32.37,32.9,11064400,366628832.0
2023-10-17,32.86,33.37,32.46,33.09,7378800,245155500.0
2023-10-18,33.05,34.18,32.0,32.06,10261500,340864529.0
2023-10-19,31.71,35.03,31.71,33.32,23796600,812295349.0
2023-10-20,33.01,33.38,32.04,32.11,11436400,375119561.0
2023-10-23,31.93,32.05,30.9,31.07,8159100,258238725.0
2023-10-24,31.65,37.34,31.32,35.87,45140200,1595436881.0
2023-10-25,36.7,38.2,35.97,37.56,41208800,1536034458.0
2023-10-26,37.5,37.79,36.59,37.59,18892900,707942413.0
2023-10-27,37.61,37.8,36.42,37.11,16146800,606610822.0
2023-10-30,37.0,41.28,36.9,40.66,39685200,1580957099.0
2023-10-31,41.2,41.83,40.18,40.52,15883600,652111494.0
2023-11-01,40.29,40.7,39.52,39.65,10704400,431203549.0
2023-11-02,39.64,40.01,37.67,37.89,16322300,632295799.0
2023-11-03,37.85,41.29,37.58,40.77,25581600,1017119619.0
2023-11-06,40.92,41.28,39.7,40.78,23520500,961204960.0
2023-11-07,40.7,42.7,40.0,41.36,18482000,770006173.0
2023-11-08,41.01,43.88,40.77,42.03,22769800,965840189.0
2023-11-09,41.81,43.13,41.21,41.7,16105800,681838078.0
2023-11-10,41.69,42.96,40.42,40.83,14364600,601075178.0
2023-11-13,41.28,41.87,39.4,39.75,21083800,851765907.0
2023-11-14,39.8,40.81,39.44,40.43,15422600,625202047.0
2023-11-15,40.7,40.7,38.5,39.1,18174300,718185389.0
2023-11-16,38.69,39.46,38.46,38.62,10846000,425773340.0
2023-11-17,38.7,39.64,38.51,39.58,11362800,447627948.0
2023-11-20,39.87,41.76,39.22,41.0,19279100,792057704.0
2023-11-21,40.7,40.7,38.48,38.77,16205100,643335975.0
2023-11-22,38.32,39.06,38.17,38.26,7951400,308626626.0
2023-11-23,37.86,38.56,37.51,37.94,9260700,354790502.0
2023-11-24,37.91,38.15,36.69,36.7,10439600,391099024.0
2023-11-27,36.43,37.64,36.36,37.23,7328900,274879985.0
2023-11-28,37.68,40.27,36.83,39.9,22387100,877083803.0
2023-11-29,39.5,40.82,39.4,39.76,13506300,548032520.0
2023-11-30,39.72,40.47,38.8,40.0,10870100,435796547.0
2023-12-01,40.28,42.5,40.0,41.82,17269500,717681513.0
2023-12-04,42.13,42.58,41.02,41.02,9780400,410674672.0
2023-12-05,40.82,41.38,40.32,40.36,7493000,307861876.0
2023-12-06,39.84,40.66,39.24,39.9,9167700,366737931.0
2023-12-07,39.78,40.14,39.0,39.26,5616800,223312524.0
2023-12-08,39.34,39.96,38.69,38.84,10156300,402542681.0
2023-12-11,38.36,41.21,38.13,41.19,15722200,636278851.0
2023-12-12,41.1,41.1,39.7,40.9,7531900,306667124.0
2023-12-13,40.7,41.2,40.13,40.47,5651200,231288831.0
2023-12-14,40.47,41.14,39.05,40.0,7216400,290257990.0
2023-12-15,40.0,40.14,39.3,39.76,3207800,128149280.0
2023-12-18,39.41,41.64,39.24,40.21,7576100,308092458.0
2023-12-19,40.24,42.28,40.11,41.5,9170100,381389662.0
2023-12-20,41.7,41.87,40.26,40.32,6906300,285158827.0
2023-12-21,40.31,40.57,38.84,39.88,6945900,277907095.0
2023-12-22,39.9,39.9,38.72,38.9,4757400,187522880.0
2023-12-25,38.99,39.66,37.93,38.36,6094300,236983964.0
2023-12-26,38.5,38.52,34.7,36.78,12325100,450009555.0
2023-12-27,36.8,37.6,36.43,36.95,6853600,255267818.0
2023-12-28,37.13,37.76,36.3,37.35,7170300,268739703.0
2023-12-29,37.14,38.06,37.13,37.69,5878700,223118218.0
2024-01-02,37.97,37.97,36.5,36.5,5651300,210042951.0
2024-01-03,36.34,36.89,35.8,36.86,4245600,156328724.0
2024-01-04,36.7,37.43,36.55,37.11,4076900,152551964.0
2024-01-05,37.11,38.5,36.0,36.18,6570100,246322784.0
2024-01-08,35.99,36.45,34.14,34.14,8401600,295707323.0
2024-01-09,34.5,35.5,34.2,34.35,5754500,202283183.0
2024-01-10,34.49,34.77,33.62,33.93,4587900,157879752.0
2024-01-11,33.81,35.5,33.81,34.7,5683700,198907607.0
2024-01-12,34.69,35.27,34.1,34.2,5249800,183189873.0
2024-01-15,34.2,35.13,33.6,33.65,5736600,198251610.0
2024-01-16,33.61,34.59,33.36,34.0,5818900,198510650.0
2024-01-17,33.97,34.2,31.94,31.94,9879400,326447933.0
2024-01-18,31.74,32.28,31.18,32.17,8345000,266123482.0
2024-01-19,32.21,32.9,31.21,31.22,7049200,227230399.0
2024-01-22,31.38,31.78,28.38,28.83,13199000,397469053.0
2024-01-23,28.71,29.95,28.21,29.57,9248000,274265470.0
2024-01-24,29.63,29.73,28.13,29.3,8286900,242106544.0
2024-01-25,29.38,30.01,28.94,29.69,12392500,370668116.0
2024-01-26,29.43,29.62,27.28,27.58,19099300,541137096.0
2024-01-29,27.75,28.18,26.2,26.3,14534800,394429990.0
2024-01-30,26.14,26.59,24.8,24.89,15559400,402325870.0
2024-01-31,25.1,25.7,23.66,23.7,16234700,400924577.0
2024-02-01,23.86,24.2,23.01,23.55,12812400,306884702.0
2024-02-02,23.57,23.76,21.22,22.29,15033400,344520866.0
2024-02-05,22.1,22.2,19.58,20.49,19678700,414194753.0
2024-02-06,20.34,22.7,20.1,22.55,17672300,385750894.0
2024-02-07,22.58,24.2,22.38,24.05,19561900,470516002.0
2024-02-08,24.35,27.12,24.06,25.6,19886800,521175344.0
2024-02-19,26.58,26.58,24.9,25.75,16409600,423138994.0
2024-02-20,25.3,25.66,24.79,25.45,13566600,344802558.0
2024-02-21,25.16,26.2,24.94,25.46,12689300,329736558.0
2024-02-22,25.23,26.5,25.23,26.26,14346500,375919572.0
2024-02-23,26.41,26.57,25.7,26.5,13993300,369837320.0
2024-02-26,26.8,28.66,26.76,27.74,20404900,570684282.0
2024-02-27,27.56,29.17,26.87,28.9,23041400,655479268.0
2024-02-28,28.8,29.44,26.73,26.76,18543800,529822713.0
2024-02-29,26.6,29.17,26.5,28.69,21815600,623010491.0
2024-03-01,28.76,29.74,28.5,29.17,17972400,529131636.0
2024-03-04,28.94,29.85,28.61,29.59,16512800,488163995.0
2024-03-05,29.05,29.46,28.01,28.34,17178800,496695186.0
2024-03-06,28.0,28.44,27.28,27.91,10171700,286058891.0
2024-03-07,28.3,28.99,27.7,27.7,10372900,296539055.0
2024-03-08,27.54,30.97,27.47,30.64,26508100,785255704.0
2024-03-11,29.7,30.02,28.79,29.98,22481600,666401236.0
2024-03-12,29.81,30.44,29.39,29.84,13910800,418976769.0
2024-03-13,30.1,30.83,29.58,30.26,18902700,575663075.0
2024-03-14,29.86,30.15,28.89,29.29,12744100,379759636.0
2024-03-15,29.31,29.67,28.79,29.56,9248800,272991585.0
2024-03-18,29.59,30.56,29.41,30.5,14068900,426236339.0
2024-03-19,30.45,32.87,30.26,31.64,25354900,814361113.0
2024-03-20,31.81,33.88,31.76,33.29,22946600,766860930.0
2024-03-21,33.7,33.98,32.62,33.1,16400300,550221575.0
2024-03-22,32.97,34.64,32.97,34.2,22560100,771202726.0
2024-03-25,35.38,35.53,32.7,32.8,20474700,697292871.0
2024-03-26,32.5,33.3,31.23,31.93,18604800,601569224.0
2024-03-27,31.56,31.95,30.28,30.3,11627100,362735692.0
2024-03-28,30.2,31.46,30.2,31.15,13911000,432675757.0
2024-03-29,30.85,33.56,30.68,33.3,27940300,921958172.0
2024-04-01,33.47,33.57,32.4,32.86,16444000,544226569.0
2024-04-02,32.64,32.8,31.52,31.78,13886000,448789033.0
2024-04-03,31.56,32.09,30.47,31.38,12005500,379332453.0
2024-04-08,30.98,31.55,30.58,30.6,8364000,261402803.0
2024-04-09,30.75,32.5,30.75,32.05,15605300,500416397.0
2024-04-10,31.31,31.67,28.41,29.0,23480900,700920679.0
2024-04-11,28.69,29.52,27.82,27.9,17599700,505364972.0
2024-04-12,27.9,28.5,27.4,27.49,13493600,380813186.0
2024-04-15,27.48,28.54,27.29,27.63,10613800,299956767.0
2024-04-16,27.2,27.63,25.9,26.1,14322600,383487717.0
2024-04-17,26.3,27.1,26.21,26.83,14889600,401643184.0
2024-04-18,26.4,27.47,25.77,26.84,11987400,324179154.0
2024-04-19,26.61,26.61,25.32,25.38,13111900,341680155.0
2024-04-22,25.05,25.87,24.62,25.57,9511500,244648608.0
2024-04-23,25.88,26.37,25.53,26.18,9627000,253758117.0
2024-04-24,26.42,28.1,26.36,27.87,14819600,409621819.0
2024-04-25,27.66,29.14,27.49,28.5,12719500,366348501.0
2024-04-26,28.4,29.35,28.38,28.99,12115200,354059910.0
2024-04-29,28.99,29.9,28.9,29.72,12488500,372180784.0
2024-04-30,29.78,29.88,28.88,29.05,8419000,248265864.0
2024-05-06,29.55,29.68,28.72,28.77,9153100,269237815.0
2024-05-07,28.77,29.58,28.5,28.96,7483300,219133705.0
2024-05-08,28.89,29.14,28.2,28.7,8587200,248261926.0
2024-05-09,28.68,30.3,28.52,29.98,15507100,466341998.0
2024-05-10,29.98,30.26,27.8,27.87,19172700,551888332.0
2024-05-13,27.46,28.34,26.7,27.06,13973000,387912514.0
2024-05-14,27.28,27.78,26.85,27.06,9022600,248330240.0
2024-05-15,27.0,27.85,26.56,26.99,9043900,249831218.0
2024-05-16,27.25,28.59,26.7,28.05,17951100,501630488.0
2024-05-17,28.4,31.14,28.26,30.85,36868500,1111919611.0
2024-05-20,30.7,30.9,29.48,29.95,20819000,629577790.0
2024-05-21,29.72,30.35,29.56,29.97,13138200,398471956.0
2024-05-22,30.03,30.36,29.7,30.17,9992200,303342528.0
2024-05-23,30.25,30.29,28.88,28.95,12679200,375192371.0
2024-05-24,28.59,29.0,28.16,28.16,11273900,323868979.0
2024-05-27,28.18,29.38,27.21,29.14,17087600,488392604.0
2024-05-28,28.9,30.21,28.33,28.96,18493200,545659036.0
2024-05-29,28.69,29.35,28.16,28.43,11277500,326736224.0
2024-05-30,28.11,29.35,27.84,28.89,11315500,328681169.0
2024-05-31,28.74,29.28,28.05,28.1,20162600,579821069.0
2024-06-03,28.18,29.18,27.92,28.26,14622400,421461801.0
2024-06-04,28.11,29.0,27.48,28.65,15199600,430638101.0
2024-06-05,28.88,31.15,28.88,29.8,30852100,944842099.0
2024-06-06,30.36,30.79,29.34,29.5,25230600,766119375.0
2024-06-07,29.58,30.58,28.91,29.98,26357200,791657387.0
2024-06-11,29.85,31.93,29.59,31.6,35253300,1106458184.0
2024-06-12,31.28,31.85,30.9,31.76,25407500,805261012.0
2024-06-13,32.2,32.51,31.16,31.22,26919900,865333259.0
2024-06-14,31.0,31.15,30.2,30.92,21045900,654004261.0
2024-06-17,30.49,32.05,30.45,31.72,20429600,648872536.0
2024-06-18,31.6,32.38,30.95,31.34,19419000,619791015.0
2024-06-19,31.54,31.85,30.53,31.45,19055100,600495757.0
2024-06-20,31.18,32.02,30.59,30.62,17840000,564283469.0
2024-06-21,30.29,30.98,29.82,30.63,11713900,360852054.0
2024-06-24,30.39,30.96,28.96,29.15,16623100,503075068.0
2024-06-25,29.23,29.26,27.7,27.97,16411000,470802170.0
2024-06-26,28.08,28.75,27.5,28.36,14819500,419469481.0
2024-06-27,28.0,28.21,27.25,27.31,13527400,377766313.0
2024-06-28,27.26,27.66,26.75,26.87,14352600,395664083.0
2024-07-01,26.75,27.48,26.6,27.23,9807400,268004232.0
2024-07-02,27.17,28.67,26.86,28.26,16743600,470855178.0
2024-07-03,28.12,28.65,27.61,28.1,11940500,339137819.0
2024-07-04,28.01,28.72,27.9,28.09,13145300,376504558.0
2024-07-05,27.95,28.5,27.57,28.0,10303900,291916821.0
2024-07-08,28.25,28.85,27.73,28.12,12932500,370513956.0
2024-07-09,27.99,30.25,27.91,30.13,25897800,773660826.0
2024-07-10,30.19,31.22,29.92,30.86,19333000,600627352.0
2024-07-11,31.19,31.96,30.5,31.9,23057700,727696695.0
2024-07-12,31.46,32.3,31.31,31.95,23096200,742816043.0
2024-07-15,32.13,32.36,31.59,31.81,15645000,502330645.0
2024-07-16,33.25,34.05,31.81,33.88,54145700,1791145266.0
2024-07-17,33.79,35.07,33.59,33.86,38169900,1321957498.0
2024-07-18,33.25,35.16,32.88,34.91,36141900,1238386736.0
2024-07-19,34.5,35.68,34.38,34.7,33080800,1163890918.0
2024-07-22,34.98,35.48,34.36,34.55,23320600,815723962.0
2024-07-23,34.4,34.47,32.48,32.64,29760300,1001704303.0
2024-07-24,32.64,33.0,31.58,31.8,19738200,640654673.0
2024-07-25,31.6,31.97,31.25,31.42,16408200,520620971.0
2024-07-26,31.48,31.88,30.7,31.62,18806800,594412519.0
2024-07-29,31.63,32.17,31.24,31.3,17510300,557863305.0
2024-07-30,31.01,31.74,30.79,31.42,14157600,444660831.0
2024-07-31,31.2,33.1,30.9,33.05,25527600,828109921.0
2024-08-01,32.9,34.06,32.67,33.3,27477100,919968692.0
2024-08-02,32.93,33.2,31.46,31.6,19915100,647247817.0
2024-08-05,31.06,31.68,30.31,30.31,18712800,581569637.0
2024-08-06,31.07,31.55,30.28,31.24,13299300,412386042.0
2024-08-07,31.0,31.59,30.89,30.93,10125500,318298047.0
2024-08-08,30.8,31.99,30.1,31.44,15808100,495513334.0
2024-08-09,31.95,32.33,31.45,31.55,15265700,490229414.0
2024-08-12,31.6,31.7,30.49,30.73,11658400,362564615.0
2024-08-13,30.73,31.14,30.39,30.94,8237700,254933535.0
2024-08-14,31.02,31.13,30.4,30.4,7646500,236901835.0
2024-08-15,30.11,31.24,30.0,30.4,8919300,275137739.0
2024-08-16,30.62,31.59,30.25,30.57,12493700,387695570.0
2024-08-19,30.59,31.12,30.03,30.43,9847800,303595954.0
2024-08-20,30.43,30.55,29.4,29.58,13089200,391597797.0
2024-08-21,29.4,30.08,29.25,29.61,8982800,267820328.0
2024-08-22,29.44,29.99,28.8,29.09,13047500,385413525.0
2024-08-23,28.82,29.2,28.36,28.7,11377800,329000134.0
2024-08-26,28.98,29.19,28.4,28.55,8370900,242415353.0
2024-08-27,28.4,28.94,28.08,28.55,8959600,257861570.0
2024-08-28,28.55,29.41,28.29,29.17,10887300,316911195.0
2024-08-29,28.86,30.1,28.77,29.32,14810200,438712739.0
2024-08-30,29.18,30.74,29.09,30.35,17794900,540706912.0
2024-09-02,30.11,30.44,28.73,28.74,14648300,435971578.0
2024-09-03,28.85,29.59,28.85,29.29,10224000,300832631.0
2024-09-04,28.88,29.87,28.66,29.21,11367700,335197695.0
2024-09-05,29.19,29.86,29.1,29.34,7817000,231783119.0
2024-09-06,29.33,29.59,28.5,28.58,7798000,227354016.0
2024-09-09,28.45,28.8,28.12,28.67,7409900,212341725.0
2024-09-10,28.68,29.09,28.17,28.88,9431500,271766005.0
2024-09-11,28.71,29.05,28.51,28.84,5679000,164803053.0
2024-09-12,29.01,29.35,28.39,28.42,6653500,192996745.0
2024-09-13,28.35,28.71,27.72,27.78,8127600,230933074.0
2024-09-18,28.05,28.24,27.69,27.98,6412700,180429689.0
2024-09-19,28.11,28.76,27.37,28.27,9717800,275053857.0
2024-09-20,28.19,28.34,27.48,27.79,7813800,218958647.0
2024-09-23,27.6,27.92,26.97,27.04,9420800,258939595.0
2024-09-24,27.25,28.65,26.93,28.64,15897300,446830534.0
2024-09-25,29.18,29.38,28.21,28.23,18452000,536491609.0
2024-09-26,28.21,29.84,28.03,29.84,19496200,566203083.0
2024-09-27,30.31,32.68,30.0,32.1,30507300,962340379.0
2024-09-30,33.41,37.75,33.1,37.71,38998200,1389028543.0
2024-10-08,45.29,45.29,42.39,45.29,53520100,2408970911.0
2024-10-09,44.36,48.48,41.2,42.8,67584400,3025165033.0
2024-10-10,43.59,43.8,38.96,40.2,43656500,1795263416.0
2024-10-11,39.31,40.4,37.12,37.75,29899900,1154803231.0
2024-10-14,38.01,40.04,37.38,40.03,34545300,1347487885.0
2024-10-15,39.8,42.69,39.2,40.1,38003200,1565272062.0
2024-10-16,38.8,41.04,38.63,41.04,28247600,1138738227.0
2024-10-17,41.83,42.13,39.82,39.96,29342600,1204823823.0
2024-10-18,39.83,44.95,39.6,43.15,55366100,2346762891.0
2024-10-21,43.79,46.41,42.59,42.81,60908700,2719390185.0
2024-10-22,42.25,44.95,42.25,44.73,48425500,2124772013.0
2024-10-23,43.92,44.16,43.01,44.02,35853300,1569987173.0
2024-10-24,45.8,48.48,44.21,44.4,89555200,4168336147.0
2024-10-25,43.6,46.45,42.41,44.76,63361100,2797008345.0
2024-10-28,44.78,44.78,43.32,43.85,38003200,1671033151.0
2024-10-29,43.8,44.49,41.94,41.97,42068500,1831283561.0
2024-10-30,41.71,43.06,41.31,42.36,29570000,1251184493.0
2024-10-31,42.37,44.52,41.57,43.76,43469400,1883426460.0
2024-11-01,43.7,43.7,40.45,40.6,36360300,1529846640.0
2024-11-04,40.33,42.43,40.3,41.8,23584000,984959923.0
2024-11-05,41.78,43.37,41.52,42.97,34664500,1486076000.0
2024-11-06,43.0,44.4,42.35,43.81,42216000,1841282286.0
2024-11-07,43.41,46.79,43.19,46.59,57347800,2616572336.0
2024-11-08,48.45,55.9,46.7,52.24,83802600,4223849475.0
2024-11-11,53.8,59.3,51.8,52.56,93904400,5201197553.0
2024-11-12,52.26,54.18,50.6,51.51,59912000,3137158232.0
2024-11-13,50.8,52.8,50.48,52.25,43697200,2276673226.0
2024-11-14,51.7,51.7,49.28,49.4,38752100,1952230868.0
2024-11-15,49.2,49.89,46.92,46.97,33509000,1624859738.0
2024-11-18,46.61,48.5,45.18,47.63,35533900,1676295206.0
2024-11-19,47.65,49.08,45.86,48.77,36152400,1726060383.0
2024-11-20,48.3,48.7,47.41,48.26,28765200,1387291048.0
2024-11-21,47.98,49.8,47.71,48.85,32436100,1596151225.0
2024-11-22,48.36,49.6,45.2,45.72,31908900,1523758684.0
2024-11-25,45.8,46.51,43.8,45.13,26158400,1182178939.0
2024-11-26,44.8,45.5,44.16,44.25,15786200,708986167.0
2024-11-27,43.48,45.25,42.63,45.23,23035200,1018809456.0
2024-11-28,45.2,46.38,44.49,44.99,21149800,963386604.0
2024-11-29,44.7,46.65,44.25,45.5,25053500,1143358923.0
2024-12-02,45.5,46.6,45.11,46.0,23194400,1068697824.0
2024-12-03,46.3,46.66,44.7,45.23,21272300,973778664.0
2024-12-04,46.22,47.06,45.21,45.5,24890300,1153982299.0
2024-12-05,44.67,45.71,44.49,45.08,15611900,707616185.0
2024-12-06,44.89,46.68,44.48,45.96,22943400,1052575726.0
2024-12-09,46.1,46.8,45.38,46.21,19317200,896528295.0
2024-12-10,48.25,48.59,46.26,46.31,25980300,1234641019.0
2024-12-11,45.92,47.0,45.89,46.33,18029500,839165337.0
2024-12-12,46.36,47.8,45.95,47.63,26468300,1255957986.0
2024-12-13,47.06,47.6,46.3,46.6,23878800,1120230662.0
2024-12-16,46.39,46.59,44.7,44.85,19386300,880339095.0
2024-12-17,44.72,45.13,44.16,44.35,12780800,572614381.0
2024-12-18,44.57,45.43,43.96,45.05,13833400,623427364.0
2024-12-19,44.5,45.95,44.31,45.59,14026900,636911486.0
2024-12-20,45.46,47.88,45.3,47.16,27069600,1276184509.0
2024-12-23,47.16,48.78,46.88,46.98,29077000,1394546369.0
2024-12-24,47.45,48.79,46.24,48.79,33280200,1598447990.0
2024-12-25,48.31,49.11,47.47,47.99,24374300,1180802210.0
2024-12-26,48.06,49.37,47.65,48.91,26658000,1304038674.0
2024-12-27,48.96,49.0,46.97,46.97,30634500,1479126562.0
2024-12-30,46.7,47.5,45.7,46.76,16847600,789850762.0
2024-12-31,46.77,47.0,43.81,43.93,22967200,1038810391.0
2025-01-02,42.28,42.3,38.8,39.45,41316600,1673412574.0
2025-01-03,39.31,39.35,37.86,37.98,20425900,792899763.0
2025-01-06,37.88,39.19,37.56,37.98,16575400,637819162.0
2025-01-07,38.18,39.18,38.01,39.0,16313700,633571965.0
2025-01-08,38.79,39.98,37.71,39.3,20488500,800778807.0
2025-01-09,39.1,40.0,38.9,39.53,15183200,605092148.0
2025-01-10,39.45,40.89,39.24,39.24,20606400,831076046.0
2025-01-13,38.81,40.29,38.62,40.05,17728200,707642594.0
2025-01-14,40.13,42.98,39.62,42.9,29263400,1221186018.0
2025-01-15,42.6,43.36,42.23,43.2,21942900,943285354.0
2025-01-16,43.06,45.07,43.05,43.91,25787800,1144340574.0
2025-01-17,43.5,45.79,43.32,44.61,26247700,1175675473.0
2025-01-20,45.28,45.36,44.31,44.68,18758700,842793153.0
2025-01-21,44.91,46.0,44.27,45.69,23115400,1048490792.0
2025-01-22,45.48,46.76,45.32,45.98,26242700,1214360543.0
2025-01-23,46.7,46.88,44.78,44.79,25927800,1192952946.0
2025-01-24,44.58,45.27,44.51,44.98,17870500,807934479.0
2025-01-27,45.17,45.3,44.03,44.03,14314700,640196289.0
2025-02-05,44.8,45.09,44.02,44.05,15792600,707692700.0
2025-02-06,44.17,46.78,43.85,46.63,29489300,1360603733.0
2025-02-07,46.63,47.7,45.88,46.62,35078600,1649066917.0
2025-02-10,46.8,46.9,45.73,46.04,26390000,1221569826.0
2025-02-11,45.98,45.98,44.56,45.1,21407300,966712686.0
2025-02-12,45.19,47.6,44.9,47.56,34189800,1591467659.0
2025-02-13,47.49,47.5,45.82,45.86,25493900,1189647631.0
2025-02-14,45.6,45.86,44.41,44.71,26150900,1178149986.0
2025-02-17,44.79,46.57,44.76,45.89,23361000,1072543817.0
2025-02-18,45.8,46.2,43.9,44.05,22728000,1029140351.0
2025-02-19,44.05,46.45,44.0,46.38,36036700,1659561025.0
2025-02-20,46.37,46.38,45.28,45.89,19612300,902456598.0
2025-02-21,45.86,47.32,45.85,46.92,35429400,1663304404.0
2025-02-24,46.65,47.49,46.05,46.66,29667300,1395710449.0
2025-02-25,46.05,48.54,45.81,47.68,43086900,2055785074.0
2025-02-26,47.67,48.28,46.48,47.9,32007700,1524383057.0
2025-02-27,47.9,48.9,46.3,47.27,29061400,1384705267.0
2025-02-28,46.81,47.3,43.67,43.89,28561500,1298444625.0
2025-03-03,43.93,44.48,43.02,43.46,18535900,815215112.0
2025-03-04,43.01,46.76,42.8,46.22,31426000,1431297466.0
2025-03-05,46.16,46.65,45.03,45.65,16670800,765154513.0
2025-03-06,46.0,47.39,46.0,46.65,25955600,1219902001.0
2025-03-07,46.3,47.09,45.61,46.09,20908000,971960230.0
2025-03-10,45.97,46.58,45.26,45.79,14301400,658116083.0
2025-03-11,45.05,45.78,44.83,45.38,12541500,569875435.0
2025-03-12,45.5,45.64,44.7,44.7,17686100,800985419.0
2025-03-13,44.8,44.86,43.0,43.73,18170600,797470767.0
2025-03-14,43.69,47.16,43.57,46.41,45785800,2116489979.0
2025-03-17,46.48,46.64,45.35,45.88,21810700,1004130288.0
2025-03-18,46.07,46.55,45.6,45.7,16848500,776887061.0
2025-03-19,45.71,45.78,44.6,44.9,15503000,700149514.0
2025-03-20,44.96,45.12,44.33,44.34,13382000,600956605.0
2025-03-21,44.18,44.5,43.15,43.3,18359400,806300067.0
2025-03-24,43.1,43.93,41.8,43.45,16841800,728865703.0
2025-03-25,43.24,43.66,41.81,42.18,12528500,536259474.0
2025-03-26,42.08,42.72,42.06,42.14,8958900,381260319.0
2025-03-27,41.81,43.2,41.6,41.99,12041900,511641017.0
2025-03-28,42.21,42.9,41.3,41.32,11168500,469088305.0
2025-03-31,41.1,41.79,40.7,41.48,10259500,424560914.0
2025-04-01,41.61,42.73,41.3,42.08,13252300,559647871.0
2025-04-02,41.91,42.3,41.71,41.95,7929200,334168006.0
2025-04-03,41.7,42.58,41.61,42.17,10849000,459795919.0
2025-04-07,40.3,41.4,35.49,36.78,26926800,1038938424.0
2025-04-08,37.52,38.8,36.59,37.53,19501600,735678501.0
2025-04-09,36.8,39.68,35.31,39.42,25902200,998144173.0
2025-04-10,40.09,41.12,39.72,39.77,20118700,816445676.0
2025-04-11,39.3,42.49,39.07,41.35,25816900,1067373075.0
2025-04-14,42.12,42.3,40.8,41.18,19050600,792386403.0
2025-04-15,41.21,41.25,40.42,40.65,9495500,387665106.0
2025-04-16,40.75,41.19,40.19,40.78,11004800,450375630.0
2025-04-17,40.49,41.27,40.26,40.26,9890600,405529621.0
2025-04-18,40.25,40.3,39.5,39.95,7341100,294256038.0
2025-04-21,39.95,40.49,39.73,40.48,7221000,292403623.0
2025-04-22,40.39,41.29,40.22,40.79,11956600,492008685.0
2025-04-23,41.02,41.76,40.55,41.37,12606200,520793627.0
2025-04-24,41.37,41.64,40.72,40.87,9171200,378259950.0
2025-04-25,40.97,42.3,40.8,42.06,15390500,644554572.0
2025-04-28,42.0,43.53,41.72,43.27,20611200,886060017.0
2025-04-29,42.48,42.51,41.55,41.81,20056700,844849663.0
2025-04-30,41.9,42.19,41.68,41.68,12850800,541651380.0
2025-05-06,42.05,42.72,42.04,42.72,15996900,681697212.0
2025-05-07,43.28,43.6,42.2,42.65,15878400,683395924.0
2025-05-08,42.6,42.8,42.4,42.66,10424700,446437355.0
2025-05-09,42.7,42.7,41.69,42.0,10209400,431574663.0
2025-05-12,42.3,42.79,41.98,42.56,12380200,528156335.0
2025-05-13,42.89,43.84,42.42,42.48,16305800,705336926.0
2025-05-14,42.5,43.68,42.49,43.01,17700600,768627448.0
2025-05-15,42.9,42.98,41.25,41.36,14200600,598263124.0
2025-05-16,41.6,41.97,41.37,41.55,7344300,307642565.0
2025-05-19,41.46,41.79,40.88,41.34,6949400,288034343.0
2025-05-20,41.39,41.68,41.27,41.37,6517700,271678724.0
2025-05-21,41.56,43.05,41.44,42.22,17310500,739505621.0
2025-05-22,42.22,44.65,42.15,43.58,33737900,1476559925.0
2025-05-23,43.18,43.78,42.65,42.83,17948800,775869711.0
2025-05-26,43.4,43.48,42.3,42.79,13271000,570156833.0
2025-05-27,42.6,42.79,41.73,42.02,10191300,429989016.0
2025-05-28,41.95,42.17,40.9,40.91,11477500,475666122.0
2025-05-29,40.9,41.65,40.83,41.56,10204600,424088324.0
2025-05-30,41.49,42.05,40.83,40.97,8436700,349456232.0
2025-06-03,40.54,42.22,40.5,41.51,11080900,464392696.0
2025-06-04,41.45,41.77,41.29,41.42,7334600,305714216.0
2025-06-05,41.61,42.46,41.27,42.13,11607300,488653921.0
2025-06-06,42.05,42.37,41.85,42.24,7818600,330831812.0
2025-06-09,42.23,42.44,41.99,42.22,8569200,363256725.0
2025-06-10,42.22,42.23,40.8,41.03,11367100,472694037.0
2025-06-11,41.1,41.49,41.0,41.07,6088300,252078688.0
2025-06-12,40.96,41.27,40.81,40.87,6133100,252512189.0
2025-06-13,40.78,41.18,40.07,40.83,9451200,386042632.0
2025-06-16,40.71,41.27,40.51,40.88,5510800,226918636.0
2025-06-17,40.88,41.43,40.85,41.09,6681800,275897217.0
2025-06-18,41.11,41.54,40.61,41.19,6808600,280909314.0
2025-06-19,41.17,41.55,40.5,40.63,9098500,375710763.0
2025-06-20,40.59,41.7,40.5,40.84,9795300,405496308.0
2025-06-23,40.75,42.75,40.4,42.26,21773800,923230724.0
2025-06-24,42.27,42.88,42.22,42.7,14950700,640241900.0
2025-06-25,41.82,43.96,41.69,43.77,26560600,1148170473.0
2025-06-26,45.96,46.45,44.44,44.59,42256600,1926400964.0
2025-06-27,44.8,45.18,44.2,44.21,21298100,953634349.0
2025-06-30,44.66,45.25,44.43,44.71,16077300,722796810.0
2025-07-01,44.6,45.25,44.48,44.81,16349100,736759591.0
2025-07-02,44.61,44.61,43.55,43.72,13834700,611364526.0
2025-07-03,43.75,44.44,43.68,44.35,10510600,465283508.0
2025-07-04,44.35,45.43,43.93,44.59,18091100,812390457.0
2025-07-07,45.05,45.43,44.51,44.67,13945700,628950953.0
2025-07-08,44.68,45.26,44.25,44.8,17547800,791389739.0
2025-07-09,44.7,44.76,43.62,43.8,18814200,833811682.0
2025-07-10,43.69,43.95,43.45,43.66,11891800,521771667.0
2025-07-11,43.6,44.38,42.92,44.17,15538900,684690448.0
2025-07-14,43.97,44.23,43.74,43.76,8654100,381564037.0
2025-07-15,43.76,44.51,43.7,44.0,13395000,593232007.0
2025-07-16,43.92,44.66,43.71,44.22,12147300,540063026.0
2025-07-17,44.11,44.77,43.82,44.69,13786000,613108076.0
2025-07-18,44.56,44.9,44.07,44.48,14773900,657149463.0
2025-07-21,44.49,44.55,44.1,44.28,11486000,510059221.0
2025-07-22,43.73,44.26,42.61,43.82,24759100,1081221757.0
2025-07-23,43.86,45.2,43.84,44.92,33687000,1512868585.0
2025-07-24,45.06,45.58,44.65,45.03,23371200,1055146707.0
2025-07-25,45.03,45.3,44.51,45.21,17508800,787759694.0
2025-07-28,45.48,45.59,44.79,44.99,15223700,688079626.0
2025-07-29,44.73,45.13,44.59,44.95,13459800,604779345.0
2025-07-30,44.8,45.05,43.93,44.24,15381000,686726002.0
2025-07-31,44.16,44.66,43.15,43.34,16492700,724854585.0
2025-08-01,43.4,44.18,43.02,43.58,13422000,587576382.0
2025-08-04,43.45,44.34,43.25,44.02,11331100,498523185.0
2025-08-05,43.95,44.05,43.75,43.94,9368600,412038134.0
2025-08-06,43.9,44.55,43.62,44.36,11492600,508332285.0
2025-08-07,44.45,45.11,44.16,44.58,20056400,897561605.0
2025-08-08,44.56,44.57,43.66,43.71,13210500,581673661.0
2025-08-11,43.7,44.28,43.6,43.94,11347000,500379170.0
2025-08-12,43.95,44.7,43.56,44.6,18983300,840350521.0
2025-08-13,44.57,45.36,44.38,45.23,25310600,1143703659.0
2025-08-14,45.41,46.08,44.55,44.74,26203300,1191210080.0
2025-08-15,44.54,45.72,44.52,45.54,22265500,1009254294.0
2025-08-18,45.88,51.8,45.54,49.45,58091400,2821194718.0
2025-08-19,49.5,49.54,48.14,48.32,30265600,1477792225.0
2025-08-20,48.08,49.39,47.23,49.35,32934700,1596265547.0
2025-08-21,49.4,49.79,48.41,48.66,26481300,1300777490.0
2025-08-22,48.66,51.78,48.58,51.05,51203800,2588069825.0
2025-08-25,51.9,54.29,50.53,51.21,53755800,2785849189.0
2025-08-26,50.64,51.91,50.11,50.84,33419700,1706433382.0
2025-08-27,51.03,61.03,50.63,59.49,126532100,7356357328.0
2025-08-28,59.91,62.4,58.33,61.22,95350400,5778191223.0
2025-08-29,60.7,61.45,58.07,59.65,64807800,3866722720.0
2025-09-01,60.44,64.45,57.74,62.4,78283700,4770825952.0
2025-09-02,63.33,63.41,58.41,58.81,54932400,3320491573.0
2025-09-03,59.38,61.33,58.45,59.26,45034200,2701118538.0
2025-09-04,59.65,60.2,53.26,54.06,56655600,3168632449.0
2025-09-05,54.61,57.3,53.85,56.96,38111600,2109174503.0
2025-09-08,57.76,58.76,56.5,58.4,35657700,2063681590.0
2025-09-09,58.08,58.1,55.1,55.61,26338100,1488526674.0
2025-09-10,55.81,57.38,55.5,56.35,22031900,1245073187.0
2025-09-11,55.93,59.75,55.51,59.0,38791800,2256436226.0
2025-09-12,60.71,62.66,59.45,61.09,47316300,2909551275.0
2025-09-15,62.11,62.27,58.64,59.76,33759100,2019753690.0
2025-09-16,59.9,61.05,59.28,59.62,26435000,1584695075.0
2025-09-17,59.91,65.0,59.7,64.65,48981200,3078968466.0
2025-09-18,66.65,68.78,63.56,64.79,56638200,3750239228.0
2025-09-19,65.77,67.03,63.7,63.89,34410600,2244184863.0
2025-09-22,63.91,67.7,63.9,66.79,38231800,2515256453.0
2025-09-23,80.17,80.17,77.78,80.17,53037400,4240697124.0
2025-09-24,86.92,96.22,86.12,96.22,123924500,11289732801.0
2025-09-25,97.63,99.4,92.3,94.49,111816900,10587162080.0
2025-09-26,94.03,96.56,90.01,95.5,110585300,10361598436.0
2025-09-29,94.9,106.89,94.45,104.02,111226200,11046704195.0
2025-09-30,103.9,107.56,97.91,99.52,94031700,9636292006.0
2025-10-09,101.1,102.49,94.9,95.44,81266600,8047662455.0
2025-10-10,94.41,98.66,93.41,94.65,64597600,6185127858.0
2025-10-13,91.91,95.41,90.86,92.16,58747400,5468588237.0
2025-10-14,93.4,93.86,83.5,83.83,78044100,6849536056.0
2025-10-15,83.93,85.27,83.02,84.68,49718200,4194761616.0
2025-10-16,83.9,87.35,83.34,84.9,47788000,4085074680.0
2025-10-17,84.9,85.41,82.34,82.73,36398900,3043133268.0
2025-10-20,84.5,84.91,81.4,81.95,37218800,3096288072.0
2025-10-21,82.3,85.17,80.92,84.77,49050100,4091350603.0
2025-10-22,83.3,87.17,82.41,85.2,47620700,4039817827.0
2025-10-23,83.63,84.15,81.42,83.33,30077900,2495328440.0
2025-10-24,84.7,88.7,83.93,88.52,64777200,5620148646.0
2025-10-27,90.38,92.79,89.01,90.71,69962700,6365268454.0
2025-10-28,89.04,91.4,87.37,88.05,51144900,4569079649.0
2025-10-29,86.75,92.42,86.75,92.42,55443000,4999820174.0
2025-10-30,92.2,93.68,87.9,87.9,53579500,4848077704.0
2025-10-31,89.66,89.68,83.22,83.5,43033800,3665868533.0
2025-11-03,82.55,83.4,78.78,82.32,46042400,3729955402.0
2025-11-04,81.9,82.9,80.5,81.21,24993300,2044940478.0
2025-11-05,78.9,80.88,78.62,79.78,25262500,2014213633.0
2025-11-06,80.91,84.07,79.81,83.16,39946400,3295832306.0
2025-11-07,81.92,84.36,81.5,82.84,25214700,2090585718.0
2025-11-10,82.52,84.0,80.4,82.06,26218800,2156140223.0
2025-11-11,83.2,84.34,79.49,79.66,28941200,2360187956.0
2025-11-12,78.77,80.66,77.72,79.5,21520400,1703236716.0
2025-11-13,79.52,80.9,78.9,80.2,19355100,1548644320.0
2025-11-14,79.1,81.08,77.71,78.51,19788400,1568707630.0
2025-11-17,78.9,79.56,76.25,76.9,22117600,1713977763.0
2025-11-18,76.5,80.78,76.4,79.0,34084500,2705338709.0
2025-11-19,78.37,80.33,77.83,78.35,18476900,1458256274.0
2025-11-20,79.3,79.82,77.16,77.25,14633100,1143772102.0
2025-11-21,75.51,76.87,73.5,73.5,21027300,1574227820.0
2025-11-24,73.9,75.25,72.83,73.52,20063700,1483106713.0
2025-11-25,74.68,77.24,74.5,75.63,21831200,1662733926.0
2025-11-26,74.99,78.06,74.78,76.9,23395400,1805161076.0
2025-11-27,77.5,78.7,75.69,75.81,20034400,1547766435.0
2025-11-28,76.13,77.4,75.3,77.01,17800700,1364627383.0
2025-12-01,74.9,80.88,74.78,79.31,34932400,2751319832.0
2025-12-02,78.92,80.02,78.01,78.58,18362900,1451891319.0
2025-12-03,78.72,85.25,78.72,81.71,53875700,4473998887.0
2025-12-04,82.4,88.71,81.4,87.4,63285000,5418902916.0
2025-12-05,85.9,86.92,83.98,85.53,42671700,3644598452.0
2025-12-08,84.9,88.12,84.59,87.72,42861500,3718811721.0
2025-12-09,86.5,88.88,84.91,87.02,34362000,2988577457.0
2025-12-10,86.0,90.4,86.0,89.9,43295600,3836906183.0
2025-12-11,90.5,90.95,88.43,89.08,32810500,2949323499.0
2025-12-12,89.94,94.9,88.14,93.4,52229800,4813074840.0
2025-12-15,92.93,93.3,87.2,88.7,38262500,3432739883.0
2025-12-16,89.4,89.8,85.9,87.46,31136100,2737642665.0
2025-12-17,87.28,90.29,86.08,89.88,27205400,2410676887.0
2025-12-18,88.87,90.31,87.75,88.39,18863500,1675820021.0
2025-12-19,88.9,89.89,86.7,87.15,19942200,1754810936.0
2025-12-22,87.54,95.13,87.53,94.47,40665600,3805751532.0
2025-12-23,94.27,98.1,94.19,96.99,35103100,3382305391.0
2025-12-24,96.99,99.79,94.81,98.69,32607800,3184808109.0
2025-12-25,99.8,109.56,98.91,106.15,54594800,5738468059.0
2025-12-26,107.42,108.02,103.99,104.93,32270300,3400652168.0
2025-12-29,106.62,108.75,104.9,105.91,28878600,3082067847.0
2025-12-30,106.54,111.9,104.58,105.6,38077200,4099787810.0
2025-12-31,109.92,110.9,100.69,101.21,33668900,3473376128.0
2026-01-05,101.92,106.86,101.9,105.9,36926500,3865610099.0
2026-01-06,107.8,117.67,105.6,111.23,43939000,4906848641.0
2026-01-07,114.9,129.75,112.7,125.8,60122800,7123268315.0
2026-01-08,124.89,127.7,122.4,123.55,35153100,4383991597.0
2026-01-09,120.89,125.4,118.0,123.5,36485900,4451707633.0
2026-01-12,125.0,130.7,123.2,128.56,46120000,5857833101.0
2026-01-13,127.28,128.79,121.9,122.71,33490300,4172951882.0
2026-01-14,123.73,133.4,121.61,128.95,41388700,5324948364.0
2026-01-15,126.97,137.59,126.34,137.2,40269000,5292998775.0
2026-01-16,137.3,143.23,134.61,138.4,50686000,7037189209.0
2026-01-19,138.9,141.89,134.55,138.15,29017100,4001522737.0
2026-01-20,137.06,140.31,133.91,136.4,25696600,3509766718.0
2026-01-21,136.6,144.78,134.9,138.5,33297300,4640068912.0
2026-01-22,139.8,139.9,131.4,134.66,33975400,4553862426.0
2026-01-23,132.8,140.8,129.7,140.0,33628700,4530789009.0
2026-01-26,137.02,137.56,128.91,130.07,32222800,4228243022.0
2026-01-27,129.36,133.12,127.5,130.94,28145900,3676352790.0
2026-01-28,131.49,133.73,128.86,132.59,25744500,3379244227.0
2026-01-29,132.2,135.82,125.35,125.52,39552300,5132580083.0
2026-01-30,124.34,128.64,121.32,127.43,32935000,4139684991.0
2026-02-02,124.43,125.39,119.9,120.51,31479500,3836420266.0
2026-02-03,125.9,129.7,123.6,129.05,31445600,3999797170.0
2026-02-04,127.41,132.12,127.13,129.54,20070400,2601551754.0
2026-02-05,126.9,129.4,123.91,128.15,19214000,2432567460.0
2026-02-06,126.15,129.48,124.92,125.93,15723200,2000628310.0
2026-02-09,128.9,131.23,126.71,130.84,21884700,2834856375.0
2026-02-10,128.4,130.61,126.02,128.1,20086200,2570741367.0
2026-02-11,127.9,130.4,126.68,128.8,14842400,1916258560.0
2026-02-12,129.96,132.4,127.9,129.1,17840300,2312141015.0
2026-02-13,127.88,133.89,127.41,130.49,21477700,2824150330.0
2026-02-24,132.18,134.72,127.13,131.95,20404700,2674438018.0
2026-02-25,134.88,142.4,127.92,139.88,35296800,4778626587.0
2026-02-26,139.74,151.0,133.78,148.1,38516200,5485692259.0
2026-02-27,143.8,146.34,140.6,144.4,24933000,3570892859.0
2026-03-02,140.5,147.02,140.02,140.1,22919600,3279567910.0
2026-03-03,141.2,141.4,128.48,128.8,24915800,3329332240.0
2026-03-04,126.49,131.78,126.49,129.0,16380900,2120541216.0
2026-03-05,132.9,134.75,129.11,130.75,18456300,2439822468.0
2026-03-06,131.48,132.08,128.01,128.85,12952200,1678860562.0
2026-03-09,122.42,127.4,120.2,126.8,21712800,2678318080.0
2026-03-10,129.9,133.66,129.25,132.55,17901200,2364679696.0
2026-03-11,132.04,134.18,127.7,128.87,17704200,2312495198.0
2026-03-12,128.91,129.4,123.15,124.49,17531800,2203819369.0
2026-03-13,123.49,128.0,122.41,124.1,14071100,1755792703.0
2026-03-16,123.88,124.34,118.62,123.48,17754200,2155423971.0
2026-03-17,124.36,126.8,121.11,121.5,15163000,1877445683.0
2026-03-18,123.9,128.75,122.9,128.55,21163200,2679710664.0
2026-03-19,125.9,126.75,123.6,124.25,14960100,1868534783.0
2026-03-20,125.82,128.4,123.45,123.52,17676000,2229806653.0
2026-03-23,120.99,123.25,114.89,116.9,18492300,2198318213.0
2026-03-24,118.9,121.4,116.45,120.82,14813100,1765495754.0
2026-03-25,123.78,126.96,121.91,124.04,16800100,2097916465.0
2026-03-26,123.5,124.79,120.34,120.79,10842500,1325936815.0
2026-03-27,118.81,124.38,117.89,122.99,11482900,1402868283.0
2026-03-30,121.14,126.78,119.7,125.39,16231800,2005092872.0
2026-03-31,125.01,125.5,120.8,120.95,12885000,1585190592.0
2026-04-01,123.9,127.79,122.9,124.38,15086400,1890043334.0
2026-04-02,123.9,124.26,114.45,115.7,21190900,2497061998.0
2026-04-03,117.02,117.4,114.6,114.9,10180200,1179998656.0
2026-04-07,116.4,121.9,115.4,118.88,14919600,1771605404.0
2026-04-08,124.9,130.97,123.25,130.41,25328800,3227026734.0
2026-04-09,128.7,136.06,127.91,134.1,22730700,3034237418.0
2026-04-10,135.97,140.8,135.0,137.95,19234400,2656317234.0
2026-04-13,136.86,138.9,134.91,135.19,14971700,2044839134.0
2026-04-14,137.08,142.2,135.9,139.72,22266200,3105437259.0
2026-04-15,140.9,147.9,139.2,141.11,22875400,3267359938.0
2026-04-16,141.12,154.41,141.12,153.99,30752400,4617869922.0
2026-04-17,153.6,153.6,148.65,150.6,21363000,3215622312.0
2026-04-20,150.89,155.45,150.4,151.7,18929300,2888571746.0
2026-04-21,151.34,151.34,146.31,148.2,15510700,2300590881.0
2026-04-22,147.9,152.81,147.16,152.2,18274300,2749154630.0
2026-04-23,153.42,159.57,151.83,155.51,20844800,3240245450.0
2026-04-24,157.4,161.2,154.56,157.9,18531100,2920757716.0
2026-04-27,160.73,178.9,158.48,174.92,43626600,7359775161.0
2026-04-28,176.36,187.9,173.89,179.21,39156600,7072236148.0
2026-04-29,178.74,180.48,171.83,174.2,27752200,4867648520.0
2026-04-30,176.19,177.19,167.22,174.1,32691600,5617993935.0
2026-05-06,177.6,183.4,175.26,176.1,34217300,6127315750.0
2026-05-07,177.68,187.49,173.35,185.7,30511300,5525587284.0
2026-05-08,179.91,187.4,179.37,181.91,21967000,4006336156.0
2026-05-11,185.9,218.31,183.88,218.31,47062400,9729833581.0
2026-05-12,219.89,219.9,208.9,212.98,30759800,6545371892.0
2026-05-13,210.02,227.9,202.71,227.9,40642700,8787811300.0
2026-05-14,224.9,226.14,208.2,208.77,38671500,8291834451.0
2026-05-15,212.94,219.21,194.88,209.4,43401200,8974817236.0
2026-05-18,210.9,213.9,203.21,209.07,28939200,6061852395.0
2026-05-19,208.39,227.58,203.05,223.95,38988600,8421963133.0
2026-05-20,229.72,249.67,227.97,241.46,38125300,9048867134.0
2026-05-21,243.9,257.92,233.9,234.67,42675400,10477285227.0
2026-05-22,237.61,241.67,229.4,235.92,34871000,8186842432.0
2026-05-25,235.9,258.58,225.93,247.9,38332300,9208390944.0
2026-05-26,243.44,247.83,228.9,235.0,31527100,7424947227.0
2026-05-27,233.9,235.9,219.06,220.1,34339700,7805080599.0
2026-05-28,221.3,222.9,213.92,218.93,27093200,5924919737.0
2026-05-29,222.4,223.5,207.58,210.69,28825300,6157272613.0
2026-06-01,208.9,218.5,203.13,203.54,26557000,5576107030.0
2026-06-02,204.9,212.2,199.63,207.52,23297300,4818477593.0
2026-06-03,208.11,222.49,205.9,214.15,31618700,6798802005.0
2026-06-04,214.0,227.86,211.0,223.35,27308900,6090663867.0
2026-06-05,218.36,218.51,205.6,206.73,30596300,6466971413.0
2026-06-08,190.0,206.0,190.0,200.4,22756100,4587365819.0
2026-06-09,207.22,213.99,203.2,212.73,21497100,4507630947.0
2026-06-10,212.5,232.85,210.79,226.74,36304200,8189959401.0
2026-06-11,229.0,234.27,225.01,232.84,29225400,6725441899.0
2026-06-12,247.1,253.38,223.12,223.12,37551000,8947298842.0
2026-06-15,230.0,232.5,220.18,231.45,23313500,5339289282.0
2026-06-16,231.5,243.49,229.5,240.4,23841500,5663077205.0
2026-06-17,236.0,265.0,236.0,264.01,31318800,7877377085.0
2026-06-18,263.0,271.21,261.56,264.1,22018100,5840972984.0
2026-06-22,267.0,268.95,254.72,268.49,24664000,6470814696.0
2026-06-23,269.98,294.97,268.78,279.4,45545100,12701921747.0
2026-06-24,275.26,314.63,272.68,307.35,40548100,11868736306.0
2026-06-25,310.01,316.5,298.9,309.99,32422900,9958511376.0
2026-06-26,311.0,332.0,310.95,314.9,35155400,11288282236.0
2026-06-29,318.0,338.0,311.03,337.9,35678700,11694486937.0
2026-06-30,331.0,345.43,324.0,341.42,28099700,9456545579.0
2026-07-01,349.91,363.58,325.0,333.67,32402600,11190942175.0
2026-07-02,316.99,329.99,297.99,301.46,39524700,12372749899.0
2026-07-03,300.0,313.21,286.0,302.71,34275000,10268910549.0
2026-07-06,307.46,313.5,289.99,304.0,26299400,7952964501.0
2026-07-07,298.0,311.88,295.66,304.33,20276700,6151253409.0
2026-07-08,305.02,332.18,287.59,317.22,31132800,9707940984.0
2026-07-09,325.0,375.18,310.49,374.0,39785000,13456200988.0
2026-07-10,379.6,395.0,349.18,352.31,38716200,14616432987.0
2026-07-13,352.13,358.88,320.15,325.24,35162500,11922819546.0
2026-07-14,332.0,341.5,312.01,335.62,33684500,11101954879.0
2026-07-15,344.0,344.02,303.0,304.44,34357500,10787215944.0
2026-07-16,303.05,309.97,288.0,293.13,25496200,7572872634.0
2026-07-17,291.89,297.0,273.57,278.76,33097000,9459544562.0
2026-07-20,288.99,296.66,253.01,265.0,36240800,9930692552.0
2026-07-21,275.0,318.0,259.0,318.0,41481700,12047998280.0
2026-07-22,313.47,329.78,308.0,309.05,37562000,11890881906.0
2026-07-23,309.28,313.0,286.0,291.24,28668600,8465943736.0
2026-07-24,285.42,310.28,282.39,303.5,29296800,8803806517.0
2026-07-27,301.88,312.14,284.01,304.7,28036200,8384316794.0
2026-07-28,294.0,302.29,274.0,276.4,27271800,7819032681.0
2026-07-29,279.0,286.0,249.0,271.0,34102500,9116829589.0
2026-07-30,270.01,278.0,243.95,245.5,34742600,8969833161.0
2026-07-31,277.62,283.54,259.18,259.64,34973000,9557081780.0
2026-08-03,255.06,257.98,226.38,227.42,35791300,8428104340.0
2026-08-04,228.59,249.98,224.25,245.82,29984700,7228112164.0
2026-08-05,244.03,280.0,243.76,272.0,30707000,8138201329.0
2026-08-06,262.0,288.96,261.06,278.53,26496500,7359189707.0
2026-08-07,280.01,286.47,271.33,283.21,22053000,6192469921.0
2026-08-10,284.16,293.88,278.0,288.08,22492700,6442589104.0
2026-08-11,283.05,289.66,278.88,281.04,16920300,4811629099.0
2026-08-12,285.26,291.66,280.0,287.11,15123000,4338211487.0
2026-08-13,293.0,301.14,281.0,281.69,22375900,6537531035.0
2026-08-14,287.01,290.99,278.0,283.05,15176800,4305511523.0
2026-08-17,280.51,303.7,280.51,302.57,20883700,6196593865.0
2026-08-18,303.7,305.18,293.58,301.03,18224600,5454995393.0
2026-08-19,289.51,299.14,270.0,273.0,26826300,7615182018.0
2026-08-20,277.64,285.14,272.0,275.74,14968600,4157797800.0
2026-08-21,274.05,284.58,270.02,279.42,12882700,3587691575.0
2026-08-24,283.01,285.5,264.38,271.1,17257200,4695429793.0
2026-08-25,268.18,269.14,253.0,263.62,18236900,4772992504.0
2026-08-26,262.68,279.5,261.08,276.2,16437400,4484104755.0
2026-08-27,276.0,286.0,274.05,284.8,14221300,4003913399.0
2026-08-28,283.81,286.99,274.58,277.11,15339500,4295581037.0
2026-08-31,272.13,279.4,265.38,279.03,13455200,3666451201.0
2026-09-01,281.85,291.9,274.19,284.27,28088100,8014843529.0
2026-09-02,277.0,280.8,265.3,272.6,19046900,5228130865.0
2026-09-03,277.0,281.88,265.0,269.63,15403800,4199916497.0
2026-09-04,272.15,278.0,251.01,254.23,20130600,5265220663.0
2026-09-07,259.0,272.9,257.08,270.5,17218400,4598300639.0
2026-09-08,271.5,275.88,263.7,267.46,13507600,3632234083.0
2026-09-09,269.89,272.5,261.56,263.11,10242300,2724909567.0
2026-09-10,261.36,272.89,258.77,268.5,10363400,2768971888.0
2026-09-11,264.11,264.46,250.0,257.7,16622700,4266537586.0
2026-09-14,258.0,259.0,249.21,253.57,10368300,2627200097.0
2026-09-15,252.99,270.5,251.1,267.25,16869000,4455560113.0
2026-09-16,268.19,276.66,263.18,269.51,21189800,5720179190.0
2026-09-17,267.97,275.95,264.11,267.15,14480400,3913144553.0
2026-09-18,272.11,282.89,268.0,279.73,23436000,6483239258.0
2026-09-21,286.0,292.78,277.11,282.53,20740800,5878322415.0
2026-09-22,287.99,291.49,271.26,272.85,19846700,5571039544.0
2026-09-23,277.0,277.05,270.88,271.18,9350700,2550935442.74
