date,open,close,high,low,volume,amount
2005-01-04,994.77,982.79,994.77,980.66,7412869.0,7285293524.509999
2005-01-05,981.58,992.56,997.32,979.88,7119109.0,7066142829.04
2005-01-06,993.33,983.17,993.79,980.33,6288029.0,6182201471.929999
2005-01-07,983.04,983.96,995.71,979.81,7298694.0,7181622948.240001
2005-01-10,983.76,993.88,993.96,979.79,5791698.0,5756252808.24
2005-01-11,994.19,997.14,999.55,991.09,5849080.0,5832351631.2
2005-01-12,996.65,996.75,996.98,989.26,5014525.0,4998227793.75
2005-01-13,996.08,996.88,999.47,992.7,6044066.0,6025208514.08
2005-01-14,996.62,988.31,1006.46,987.23,7297842.0,7212530227.0199995
2005-01-17,979.11,967.45,981.52,965.08,7288189.0,7050958448.05
2005-01-18,967.37,974.69,974.87,960.29,7311848.0,7126785127.120001
2005-01-19,974.33,967.21,974.33,965.26,6338091.0,6130264996.110001
2005-01-20,963.21,956.25,963.21,952.23,7727106.0,7389045112.5
2005-01-21,954.46,982.6,984.27,943.44,14450060.0,14198628956.0
2005-01-24,1001.85,998.13,1001.85,986.24,14359462.0,14332609806.06
2005-01-25,995.64,997.78,997.95,985.24,9862529.0,9840634185.619999
2005-01-26,995.78,989.93,999.47,988.48,7663290.0,7586120669.7
2005-01-27,987.34,974.63,987.7,973.77,6945365.0,6769161089.95
2005-01-28,974.63,969.21,975.62,965.21,5748807.0,5571801232.47
2005-01-31,965.79,954.88,965.79,953.14,6788706.0,6482399585.28
2005-02-01,953.33,955.95,965.48,952.74,7433067.0,7105640398.650001
2005-02-02,956.7,1006.91,1006.93,956.7,17057338.0,17175204205.58
2005-02-03,1005.56,993.22,1014.19,992.16,16974540.0,16859452618.800001
2005-02-04,992.25,1016.86,1021.03,989.94,15736215.0,16001527584.9
2005-02-16,1023.32,1023.58,1033.25,1018.49,12131293.0,12417348888.94
2005-02-17,1024.43,1020.61,1024.43,1010.48,8968298.0,9153134621.78
2005-02-18,1020.12,1006.06,1021.2,1005.63,8139939.0,8189267030.339999
2005-02-21,1006.69,1025.63,1025.66,1006.69,9886094.0,10139474589.220001
2005-02-22,1026.84,1046.74,1048.68,1024.53,17937842.0,18776256735.08
2005-02-23,1046.81,1043.94,1049.61,1036.62,18696930.0,19518473104.2
2005-02-24,1042.25,1045.46,1045.96,1034.73,14681789.0,15349223127.94
2005-02-25,1046.27,1046.76,1059.48,1045.98,18170004.0,19019633387.04
2005-02-28,1046.21,1039.99,1048.28,1035.04,12971046.0,13489758129.54
2005-03-01,1039.35,1035.93,1042.74,1031.17,9962090.0,10320027893.7
2005-03-02,1036.37,1021.32,1045.76,1021.0,14225136.0,14528415899.52
2005-03-03,1019.88,1027.71,1028.4,1014.75,9203086.0,9458103513.06
2005-03-04,1027.93,1023.67,1031.85,1022.18,8173641.0,8367111082.469999
2005-03-07,1024.48,1029.87,1031.34,1024.48,7932950.0,8169907216.499999
2005-03-08,1033.79,1048.99,1049.29,1032.85,14295794.0,14996144948.06
2005-03-09,1051.26,1046.54,1054.64,1041.98,15327488.0,16040829291.519999
2005-03-10,1046.69,1022.41,1046.69,1019.63,13295953.0,13593915306.73
2005-03-11,1021.08,1027.43,1028.12,1016.93,11476381.0,11791178130.83
2005-03-14,1027.17,1031.03,1041.57,1014.92,14466089.0,14914971741.67
2005-03-15,1030.86,1013.52,1030.94,1011.64,12007493.0,12169834305.36
2005-03-16,1011.85,1003.07,1012.2,995.97,10622783.0,10655394943.810001
2005-03-17,1001.97,992.86,1004.82,992.12,9969011.0,9897832261.460001
2005-03-18,991.89,978.67,996.4,975.7,9652060.0,9446181560.199999
2005-03-21,977.3,981.89,983.18,973.0,7252565.0,7121221047.849999
2005-03-22,981.71,964.02,982.14,959.56,11375717.0,10966418702.34
2005-03-23,962.82,959.01,975.36,955.99,10930054.0,10482031086.539999
2005-03-24,957.43,964.8,965.06,948.53,9260715.0,8934737832.0
2005-03-25,964.25,962.96,966.97,959.06,7107323.0,6844067756.08
2005-03-28,961.65,960.7,961.65,948.81,6669246.0,6407144632.200001
2005-03-29,960.42,955.19,968.12,954.74,7577379.0,7237836647.01
2005-03-30,952.71,937.03,952.71,936.37,8950164.0,8386572172.92
2005-03-31,934.85,942.2,942.37,928.34,7859446.0,7405170021.200001
2005-04-01,941.43,978.15,989.9,937.55,16347505.0,15990312015.75
2005-04-04,968.49,962.17,974.06,956.13,11435093.0,11002503431.81
2005-04-05,960.54,955.6,967.75,953.59,9534537.0,9111203557.2
2005-04-06,955.6,973.67,977.86,948.95,14282421.0,13906364855.07
2005-04-07,975.97,984.73,1000.27,974.31,20754212.0,20437295182.760002
2005-04-08,984.67,1003.45,1003.7,979.53,14762526.0,14813456714.7
2005-04-11,1003.88,995.42,1008.74,992.77,15936066.0,15863078817.72
2005-04-12,993.71,978.7,993.71,978.2,10226193.0,10008375089.1
2005-04-13,987.95,1000.9,1006.5,987.95,16071687.0,16086151518.3
2005-04-14,1004.64,986.98,1006.42,985.58,12945710.0,12777156855.800001
2005-04-15,982.61,974.08,982.61,971.93,10408955.0,10139154886.4
2005-04-18,970.91,963.77,970.91,958.65,8598400.0,8286879968.0
2005-04-19,962.92,965.89,968.87,957.91,9212623.0,8898380429.47
2005-04-20,964.15,950.87,964.15,946.2,8850705.0,8415869863.35
2005-04-21,948.86,943.98,955.55,938.6,9946145.0,9388961957.1
2005-04-22,942.91,939.1,947.91,934.96,10691884.0,10040748264.4
2005-04-25,935.99,930.07,935.99,920.16,11470478.0,10668347473.460001
2005-04-26,928.43,937.08,939.7,924.66,11690471.0,10954906564.68
2005-04-27,938.57,926.6,938.91,925.9,10780611.0,9989314152.6
2005-04-28,923.53,942.07,945.5,914.83,14343486.0,13512567856.02
2005-04-29,940.81,932.4,942.45,929.81,11235419.0,10475904675.6
2005-05-09,934.65,909.17,937.39,909.17,8529115.0,7754415484.549999
2005-05-10,905.54,913.08,913.39,892.31,10494331.0,9582163749.48
2005-05-11,911.84,901.85,917.22,900.44,9042047.0,8154570086.95
2005-05-12,899.97,885.82,900.06,883.51,10228720.0,9060804750.4
2005-05-13,883.51,887.54,898.51,875.58,11244906.0,9980303871.24
2005-05-16,885.39,875.27,885.39,869.33,8224288.0,7198472557.76
2005-05-17,873.08,881.46,888.28,868.21,8772273.0,7732407758.58
2005-05-18,881.14,883.2,890.4,871.82,7878610.0,6958388352.0
2005-05-19,882.84,884.17,888.02,871.29,8149583.0,7205616801.11
2005-05-20,883.51,882.76,891.02,879.18,7226676.0,6379420505.76
2005-05-23,880.28,863.34,880.28,862.1,7279795.0,6284938215.3
2005-05-24,861.2,868.46,871.77,855.59,9206929.0,7995849559.34
2005-05-25,867.66,868.45,876.31,861.66,7238556.0,6286323958.200001
2005-05-26,867.76,857.33,872.84,854.96,6622786.0,5677913121.38
2005-05-27,855.6,849.51,864.96,848.4,7749983.0,6583688058.33
2005-05-30,847.63,855.61,858.46,842.1,6971583.0,5964956130.63
2005-05-31,856.56,855.95,863.2,853.29,7047821.0,6032582384.950001
2005-06-01,855.21,837.53,857.66,836.04,7902302.0,6618414994.059999
2005-06-02,835.47,818.38,835.49,812.99,9508657.0,7781694715.66
2005-06-03,816.55,818.03,823.86,807.97,7936056.0,6491931889.679999
2005-06-06,816.73,839.0,839.15,807.78,9009185.0,7558706215.0
2005-06-07,841.58,837.28,858.09,835.18,13067068.0,10940794695.039999
2005-06-08,848.54,905.77,908.83,844.47,32907839.0,29806933331.03
2005-06-09,907.57,912.6,925.37,895.04,33141840.0,30245243184.0
2005-06-10,911.94,894.56,911.94,889.1,22391502.0,20030542029.12
2005-06-13,895.0,892.96,900.18,877.69,15628002.0,13955180665.92
2005-06-14,895.39,883.54,905.42,882.86,14343570.0,12673117837.8
2005-06-15,881.21,866.83,881.25,865.14,11454056.0,9928719362.48
2005-06-16,866.66,879.24,879.49,861.83,11049685.0,9715325039.4
2005-06-17,883.61,880.35,888.08,876.04,14963009.0,13172684973.15
2005-06-20,881.62,906.26,906.48,872.56,18992082.0,17211764233.32
2005-06-21,906.31,896.17,906.31,894.39,12774784.0,11448378177.279999
2005-06-22,894.77,900.65,901.24,891.93,10478134.0,9437131387.1
2005-06-23,900.06,893.57,904.9,892.83,9509308.0,8497232349.56
2005-06-24,892.06,898.3,898.67,888.4,8918739.0,8011703243.7
2005-06-27,904.21,916.04,920.65,904.21,16545402.0,15156250048.08
2005-06-28,913.48,903.72,913.48,901.21,10402219.0,9400693354.68
2005-06-29,906.75,898.9,907.57,898.08,10806746.0,9714183979.4
2005-06-30,897.1,878.69,897.1,876.88,10855472.0,9538594691.68
2005-07-01,875.94,859.49,875.94,858.37,10094596.97,8676205149.7453
2005-07-04,855.32,855.93,856.1,842.81,8840276.53,7566657890.322899
2005-07-05,853.68,849.68,856.74,845.36,7992688.38,6791227462.718399
2005-07-06,850.25,842.56,854.45,838.61,6898313.92,5812243376.4352
2005-07-07,841.75,844.73,848.02,839.28,5962464.91,5036672983.4243
2005-07-08,842.62,829.49,842.62,827.23,7221000.42,5989747638.3858
2005-07-11,837.86,824.1,850.66,822.52,8439005.54,6954584465.513999
2005-07-12,821.91,851.82,854.29,818.86,14989870.66,12768671625.6012
2005-07-13,850.47,846.23,851.95,841.86,9398842.17,7953582209.5191
2005-07-14,844.94,849.59,856.1,843.18,9361968.01,7953834401.6159
2005-07-15,849.87,841.0,854.6,837.78,8889563.39,7476122810.990001
2005-07-18,839.22,833.0,840.01,829.68,8500006.37,7080505306.209999
2005-07-19,831.5,835.61,840.14,829.28,7891817.79,6594481863.5019
2005-07-20,835.3,842.64,844.71,832.14,8526473.08,7184747276.1312
2005-07-21,842.75,843.99,843.99,835.76,8366100.97,7060905557.6703
2005-07-22,847.54,859.69,867.17,842.99,21630976.13,18595933869.1997
2005-07-25,858.33,856.86,860.95,854.28,11816079.69,10124726043.173399
2005-07-26,856.19,876.48,880.03,856.19,21826775.91,19130732549.5968
2005-07-27,876.94,894.01,894.03,876.04,20409537.28,18246330423.692802
2005-07-28,893.88,890.89,901.0,888.5,20622527.06,18372403132.4834
2005-07-29,889.41,888.16,892.29,883.38,13397405.98,11899040095.1968
2005-08-01,887.72,891.61,897.29,885.85,11808309.18,10528406547.9798
2005-08-02,892.13,903.6,903.65,888.4,14292547.43,12914745857.748
2005-08-03,905.18,909.57,919.28,903.76,25786298.07,23454443135.529903
2005-08-04,907.42,904.15,909.83,901.63,14519255.6,13127584950.74
2005-08-05,904.04,923.8,923.81,903.94,19123764.73,17666533857.574
2005-08-08,926.57,927.47,933.15,923.57,21608944.3,20041647569.921
2005-08-09,926.97,933.09,933.39,919.11,19532907.46,18225960621.851402
2005-08-10,933.26,940.37,940.37,926.28,21515762.51,20232777591.5287
2005-08-11,940.79,953.99,953.99,939.39,27073666.44,25828007047.0956
2005-08-12,954.72,938.32,959.27,933.99,29168144.35,27369053206.492004
2005-08-15,937.71,954.5,954.5,936.11,20430813.47,19501211457.114998
2005-08-16,955.27,945.06,959.34,939.92,23861817.91,22550849634.024597
2005-08-17,943.41,953.01,953.34,930.33,21457768.65,20449468101.136497
2005-08-18,954.16,920.67,956.84,919.12,31855326.58,29328243522.408596
2005-08-19,918.09,923.04,927.32,910.08,22242679.4,20530882793.376
2005-08-22,923.11,931.67,933.35,919.22,16031009.73,14935610835.1491
2005-08-23,931.81,923.41,931.81,915.03,15406488.15,14226505222.5915
2005-08-24,923.56,930.65,935.23,923.56,15959747.47,14852938982.9555
2005-08-25,930.98,930.12,933.2,920.61,16292057.02,15153568075.4424
2005-08-26,930.25,928.26,930.33,921.84,15429803.61,14322869499.018599
2005-08-29,928.34,917.37,928.34,913.77,15462260.94,14184614318.5278
2005-08-30,916.09,914.88,920.21,912.84,12438170.39,11379433326.4032
2005-08-31,915.12,927.92,928.21,911.51,14623629.86,13569558619.691198
2005-09-01,928.52,944.56,944.95,926.06,22306383.64,21069717730.998398
2005-09-02,945.98,947.87,947.92,941.31,18614437.97,17644067318.623898
2005-09-05,949.08,952.72,952.99,944.63,17843318.03,16999685953.541601
2005-09-06,953.41,936.61,956.3,934.97,21222255.35,19876976583.363503
2005-09-07,934.99,952.76,952.9,932.65,19608465.69,18682161770.8044
2005-09-08,954.27,955.28,958.87,947.71,22424393.35,21421574479.388
2005-09-09,955.11,949.07,959.9,946.02,16219310.01,15393260551.1907
2005-09-12,949.78,949.51,952.55,945.4,11672613.44,11083263187.4144
2005-09-13,949.58,963.77,963.92,948.13,16579430.68,15978757906.4636
2005-09-14,964.97,970.19,970.26,961.64,19958290.5,19363333860.195
2005-09-15,970.58,969.6,970.96,965.66,16377679.23,15879797781.408
2005-09-16,969.62,967.5,970.37,964.29,13978570.95,13524267394.125
2005-09-19,967.44,971.14,971.99,964.26,14737421.01,14312099039.6514
2005-09-20,971.38,961.92,971.65,957.12,18636604.34,17926922446.7328
2005-09-21,961.37,944.41,961.37,943.82,18541895.48,17511151510.2668
2005-09-22,942.73,923.27,942.73,914.23,18115524.76,16725520545.165201
2005-09-23,921.51,916.15,927.42,914.81,11547643.77,10579373839.8855
2005-09-26,915.84,918.49,919.65,913.61,8836240.97,8115998968.5353
2005-09-27,918.87,904.21,921.13,903.39,11086056.26,10024122930.8546
2005-09-28,903.33,903.72,910.33,901.38,8850309.8,7998201972.456001
2005-09-29,904.28,915.98,915.98,904.28,11938977.51,10935864619.6098
2005-09-30,916.59,917.39,918.66,913.45,9001432.63,8257824280.4357
2005-10-10,917.21,907.32,917.21,906.88,7158450.87,6495005643.368401
2005-10-11,906.63,919.72,919.8,904.05,7758294.92,7135459003.8224
2005-10-12,920.45,923.49,926.09,917.38,12208851.75,11274752502.6075
2005-10-13,923.43,916.5,926.01,916.28,10828903.79,9924690323.535
2005-10-14,916.34,904.83,917.89,902.81,10123940.49,9160445073.5667
2005-10-17,903.27,897.62,903.27,892.36,10552505.59,9472140067.6958
2005-10-18,897.37,902.37,903.0,895.62,11366316.72,10256623218.6264
2005-10-19,902.04,898.74,907.88,897.05,11033047.52,9915841128.1248
2005-10-20,898.89,899.92,900.13,889.57,12608724.63,11346843469.0296
2005-10-21,899.65,904.41,907.79,897.99,11364588.25,10278247259.182499
2005-10-24,905.13,906.65,908.45,900.23,9218982.23,8358390238.8295
2005-10-25,905.97,894.27,905.97,893.61,11213401.2,10027808291.123999
2005-10-26,892.62,875.82,892.62,873.9,12167122.96,10656209630.827202
2005-10-27,873.47,875.85,879.67,869.72,11908588.1,10430136887.385
2005-10-28,875.86,867.73,880.21,859.69,11973375.73,10389657322.1929
2005-10-31,866.62,876.28,878.41,866.15,10443651.3,9151562761.164
2005-11-01,875.96,872.87,875.96,862.69,10082745.41,8800925986.026701
2005-11-02,873.39,882.48,884.94,873.39,13104972.57,11564876193.5736
2005-11-03,882.19,874.58,885.68,872.11,12179182.41,10651669352.1378
2005-11-04,873.35,878.36,878.36,869.68,9567310.49,8403542841.9964
2005-11-07,877.62,877.28,877.62,870.08,7713259.16,6766687995.8848
2005-11-08,876.43,881.52,881.9,870.96,10128761.11,8928705493.687199
2005-11-09,881.51,879.25,884.94,878.68,11774405.11,10352645692.967499
2005-11-10,878.63,862.97,878.63,862.09,10853770.97,9366478733.980902
2005-11-11,861.22,864.79,867.33,857.79,9219719.7,7973121399.362999
2005-11-14,864.08,862.15,864.25,858.34,6271673.74,5407123514.941
2005-11-15,862.07,856.64,867.46,853.86,8252477.9,7069402668.2560005
2005-11-16,855.45,863.12,863.17,847.49,9066137.77,7825164832.042399
2005-11-17,863.08,862.66,865.79,859.0,8811636.79,7601446593.261399
2005-11-18,862.58,882.24,886.58,862.4,17597802.98,15525485701.075201
2005-11-21,882.79,883.87,886.11,880.3,10259963.06,9068473549.842201
2005-11-22,883.93,869.62,883.93,869.53,10597235.9,9215568283.358
2005-11-23,868.01,876.23,876.82,866.19,9916919.66,8689502513.6818
2005-11-24,875.83,881.49,885.75,874.88,14629007.65,12895323953.3985
2005-11-25,881.25,884.11,884.16,877.26,13003545.88,11496564947.9668
2005-11-28,883.24,880.17,886.74,877.64,9739734.92,8572622484.5364
2005-11-29,879.25,871.31,879.25,870.56,8414993.73,7332068186.8863
2005-11-30,870.45,873.83,873.93,866.98,8040737.45,7026237605.9335
2005-12-01,873.47,873.07,877.31,870.7,7069234.15,6171936259.340501
2005-12-02,872.93,869.94,875.83,866.37,8492020.59,7387548392.0646
2005-12-05,869.43,859.61,869.43,858.86,10286896.89,8842719435.6129
2005-12-06,858.11,866.08,867.19,855.72,10303513.65,8923667101.992
2005-12-07,865.72,873.84,874.0,865.02,9842954.99,8601167788.461601
2005-12-08,874.13,874.06,877.97,870.12,10259173.66,8967133329.2596
2005-12-09,873.69,887.36,887.57,871.26,12719525.75,11286798369.52
2005-12-12,887.06,888.52,890.69,884.26,10699279.87,9506524150.0924
2005-12-13,888.0,889.1,889.22,880.74,10547237.34,9377548718.994
2005-12-14,888.6,898.15,899.01,884.37,13868375.99,12455881895.418499
2005-12-15,898.38,896.43,904.01,895.17,16259781.56,14575755983.8308
2005-12-16,895.83,902.56,902.75,894.1,11452106.71,10336213432.1776
2005-12-19,902.05,902.91,904.47,898.79,9936326.45,8971608514.9695
2005-12-20,902.75,907.32,907.32,899.66,10294658.43,9340549486.7076
2005-12-21,907.05,903.14,910.93,902.11,10273975.32,9278838070.5048
2005-12-22,902.37,908.75,909.06,900.66,8947025.43,8130609359.5125
2005-12-23,908.96,915.89,915.89,908.51,11906998.09,10905500480.650099
2005-12-26,916.67,922.38,925.01,916.41,15342649.31,14151752870.5578
2005-12-27,922.44,919.36,922.44,916.01,12050358.24,11078617351.5264
2005-12-28,919.05,920.92,920.98,915.12,12131031.5,11171709528.98
2005-12-29,921.14,932.03,932.03,921.14,17254958.71,16082139166.4813
2005-12-30,933.45,923.45,934.0,921.83,15600250.63,14406051444.273502
2006-01-04,926.56,941.43,941.43,926.41,21126899.0,19889496525.57
2006-01-05,943.85,959.13,959.63,942.31,27311743.0,26195512063.59
2006-01-06,961.92,970.03,975.63,956.04,30286368.0,29378685551.04
2006-01-09,971.09,975.25,976.27,966.05,24329552.0,23727395588.0
2006-01-10,975.28,978.15,978.28,964.43,22735302.0,22238535651.3
2006-01-11,977.64,973.48,983.39,963.39,26524138.0,25820717860.24
2006-01-12,972.39,983.72,984.08,968.54,21896680.0,21540202049.600002
2006-01-13,985.04,978.81,988.11,973.69,22281861.0,21809708365.41
2006-01-16,977.89,961.44,977.89,960.88,20305215.0,19522245909.600002
2006-01-17,959.4,964.29,965.98,952.23,16037276.0,15464584874.039999
2006-01-18,964.16,983.62,984.67,963.08,20823518.0,20482428775.16
2006-01-19,985.23,991.22,992.27,978.28,26455609.0,26223328752.98
2006-01-20,991.57,993.34,994.5,987.06,26147062.0,25972922567.08
2006-01-23,993.74,996.16,997.33,989.34,22546019.0,22459442287.04
2006-01-24,997.79,999.09,1006.15,993.39,24197991.0,24175970828.190002
2006-01-25,998.84,1009.6,1009.65,989.51,21800758.0,22010045276.8
2006-02-06,1013.43,1033.23,1033.35,1012.81,25038771.0,25870809360.33
2006-02-07,1034.68,1029.94,1038.5,1019.94,32954787.0,33941453322.780003
2006-02-08,1028.44,1033.07,1033.4,1022.94,26986729.0,27879180128.03
2006-02-09,1033.19,1019.6,1033.19,1017.05,23839601.0,24306857179.600002
2006-02-10,1019.42,1032.34,1032.6,1018.48,22024453.0,22736723810.019997
2006-02-13,1034.38,1031.61,1034.64,1021.84,22157298.0,22857690189.78
2006-02-14,1032.65,1038.53,1038.81,1030.46,18556220.0,19271191156.6
2006-02-15,1040.33,1041.66,1048.34,1038.74,24784628.0,25817155602.480003
2006-02-16,1041.67,1020.12,1041.67,1019.21,26159892.0,26686229027.04
2006-02-17,1020.06,1020.37,1028.57,1015.99,21026875.0,21455192443.75
2006-02-20,1020.74,1021.64,1030.05,1020.02,18818883.0,19226123628.12
2006-02-21,1020.98,1038.82,1038.94,1014.66,23678039.0,24597220473.98
2006-02-22,1039.65,1037.89,1046.45,1036.38,25380704.0,26342378874.56
2006-02-23,1038.25,1041.37,1041.59,1029.25,19785037.0,20603543980.69
2006-02-24,1041.97,1049.44,1049.69,1041.97,19676104.0,20648890581.760002
2006-02-27,1055.95,1047.85,1057.22,1045.97,22872099.0,23966528937.149998
2006-02-28,1046.71,1053.01,1053.72,1033.66,19353267.0,20379183683.67
2006-03-01,1051.76,1056.62,1057.69,1049.64,19425730.0,20525614832.6
2006-03-02,1055.86,1038.67,1056.05,1034.68,24877861.0,25839887884.870003
2006-03-03,1037.99,1041.68,1043.42,1029.56,21200539.0,22084177465.52
2006-03-06,1041.75,1038.87,1044.42,1036.11,17870963.0,18565607331.809998
2006-03-07,1037.93,1014.97,1037.98,1013.14,19336516.0,19625983644.52
2006-03-08,1012.58,1009.27,1014.97,999.93,17463055.0,17624937519.85
2006-03-09,1006.97,1004.34,1010.91,1002.2,12735099.0,12790369329.66
2006-03-10,1004.75,1008.9,1011.76,1004.69,11887983.0,11993786048.699999
2006-03-13,1008.8,1019.86,1020.88,1008.51,11765911.0,11999581992.460001
2006-03-14,1020.47,1018.27,1021.65,1012.11,11348030.0,11555358508.1
2006-03-15,1018.15,1028.96,1028.97,1017.08,14842068.0,15271894289.28
2006-03-16,1028.96,1027.62,1029.81,1025.52,14784339.0,15192682443.179998
2006-03-17,1027.64,1024.02,1029.56,1021.08,15001924.0,15362270214.48
2006-03-20,1024.5,1037.66,1037.91,1019.65,15389912.0,15969496085.920002
2006-03-21,1037.95,1040.76,1047.05,1036.24,19077662.0,19855267503.12
2006-03-22,1041.14,1047.67,1047.94,1036.71,18640575.0,19529171210.25
2006-03-23,1047.35,1048.54,1049.33,1042.83,20467885.0,21461396137.899998
2006-03-24,1049.12,1042.6,1051.76,1041.23,20098237.0,20954421896.199997
2006-03-27,1042.63,1050.71,1050.71,1037.08,17134070.0,18002938689.7
2006-03-28,1050.07,1055.98,1056.52,1048.64,22273999.0,23520897464.02
2006-03-29,1058.74,1065.29,1074.04,1057.68,30526345.0,32519410065.05
2006-03-30,1065.84,1055.63,1067.99,1055.14,22012494.0,23237049041.22
2006-03-31,1053.85,1061.09,1061.47,1050.22,22276190.0,23637042447.1
2006-04-03,1061.96,1079.32,1079.37,1061.96,27729761.0,29929285642.519997
2006-04-04,1080.86,1089.37,1089.37,1076.2,31148757.0,33932521413.089996
2006-04-05,1091.18,1099.97,1100.56,1089.55,32936914.0,36229617292.58
2006-04-06,1102.54,1103.24,1109.68,1097.32,36167049.0,39900935138.76
2006-04-07,1102.94,1103.15,1105.1,1091.89,32570860.0,35930544209.0
2006-04-10,1104.32,1117.91,1118.08,1100.69,32067520.0,35848601283.200005
2006-04-11,1120.16,1123.31,1126.09,1112.01,35607520.0,39998283291.2
2006-04-12,1123.78,1117.07,1123.78,1116.15,30333845.0,33885028234.149998
2006-04-13,1116.84,1093.93,1122.39,1093.51,33824146.0,37001248033.78
2006-04-14,1091.69,1118.61,1118.67,1091.67,33527962.0,37504713572.82
2006-04-17,1120.19,1124.41,1129.15,1114.53,35704548.0,40146550816.68
2006-04-18,1127.51,1131.28,1135.45,1119.27,32317223.0,36559828035.44
2006-04-19,1135.61,1138.24,1140.41,1125.2,34322898.0,39067695419.52
2006-04-20,1139.64,1134.38,1142.54,1127.09,37885651.0,42976724781.380005
2006-04-21,1133.21,1149.16,1152.89,1127.65,40772910.0,46854597255.600006
2006-04-24,1156.91,1142.7,1160.58,1135.75,45936219.0,52491317451.3
2006-04-25,1139.5,1141.93,1149.54,1123.1,38611125.0,44091201971.25
2006-04-26,1142.9,1155.73,1162.02,1142.07,41824301.0,48337599394.73
2006-04-27,1157.38,1155.27,1159.9,1145.26,31980451.0,36946055626.77
2006-04-28,1143.59,1172.35,1173.88,1133.19,40801858.0,47834058226.299995
2006-05-08,1179.58,1218.44,1218.86,1179.58,44912821.0,54723577619.240005
2006-05-09,1226.31,1251.61,1252.76,1222.68,55993861.0,70082476366.20999
2006-05-10,1257.98,1265.93,1273.68,1243.47,55667043.0,70470579744.99
2006-05-11,1267.22,1255.04,1294.87,1254.35,61133725.0,76725270224.0
2006-05-12,1255.23,1296.26,1296.38,1252.68,54920331.0,71191028262.06
2006-05-15,1312.14,1352.16,1352.41,1301.8,73534005.0,99429740200.8
2006-05-16,1368.13,1331.13,1387.4,1322.14,79658170.0,106035379832.1
2006-05-17,1331.69,1335.52,1356.13,1306.87,61823287.0,82566236254.24
2006-05-18,1322.65,1331.2,1340.52,1301.11,52056363.0,69297430425.6
2006-05-19,1334.07,1366.1,1371.22,1329.32,67123869.0,91697917440.9
2006-05-22,1366.32,1373.67,1387.57,1360.35,66262172.0,91022357811.24
2006-05-23,1365.1,1317.65,1365.1,1316.55,56872388.0,74937902048.20001
2006-05-24,1325.68,1308.24,1351.31,1277.33,51176632.0,66951317047.68
2006-05-25,1304.69,1307.7,1316.48,1285.73,34046436.0,44522524357.200005
2006-05-26,1312.24,1331.02,1331.45,1309.46,36385665.0,48430047828.3
2006-05-29,1339.9,1366.29,1366.84,1330.63,44480011.0,60772594229.189995
2006-05-30,1375.3,1378.76,1384.68,1360.55,44761027.0,61714713586.52
2006-05-31,1377.45,1365.45,1386.94,1355.01,47335883.0,64634781442.35
2006-06-01,1364.18,1402.88,1403.27,1362.94,53493453.0,75044895344.64
2006-06-02,1406.62,1390.12,1411.78,1382.0,64109162.0,89119428279.43999
2006-06-05,1391.46,1403.16,1403.3,1362.72,55101819.0,77316668348.04001
2006-06-06,1400.27,1399.14,1413.11,1391.9,46835278.0,65529110860.920006
2006-06-07,1398.18,1320.23,1398.18,1319.7,52047647.0,68714864998.81
2006-06-08,1309.07,1325.98,1331.89,1286.9,45677509.0,60567463383.82
2006-06-09,1320.81,1294.19,1329.84,1293.05,37392623.0,48393158760.37
2006-06-12,1283.83,1297.67,1308.12,1275.4,25033331.0,32485002638.77
2006-06-13,1296.41,1298.28,1312.13,1284.62,27823031.0,36122084686.68
2006-06-14,1291.69,1283.88,1291.69,1269.52,28801661.0,36977876524.68
2006-06-15,1283.72,1285.39,1300.11,1280.5,23241302.0,29874137177.780003
2006-06-16,1290.0,1318.01,1318.02,1290.0,28408032.0,37442070256.32
2006-06-19,1306.26,1334.89,1341.99,1294.9,30726258.0,41016174541.62
2006-06-20,1333.62,1338.22,1341.24,1323.78,27797058.0,37198578956.76
2006-06-21,1336.84,1333.53,1347.0,1320.41,32445479.0,43267019610.87
2006-06-22,1331.93,1331.55,1341.73,1326.15,25953157.0,34557926203.35
2006-06-23,1329.11,1339.45,1340.27,1319.51,25651644.0,34359094555.800003
2006-06-26,1341.61,1363.41,1363.57,1341.61,29595920.0,40351373287.200005
2006-06-27,1365.04,1363.9,1368.41,1354.09,26454734.0,36081611702.600006
2006-06-28,1361.79,1362.89,1366.34,1353.63,25791657.0,35151191408.73
2006-06-29,1365.25,1395.12,1395.24,1365.25,42439201.0,59207778099.119995
2006-06-30,1402.6,1393.96,1408.79,1384.99,38396745.0,53523526660.200005
2006-07-03,1398.74,1420.33,1420.33,1393.92,38297385.0,54394924837.049995
2006-07-04,1423.08,1411.01,1426.1,1401.15,42749803.0,60320399531.03
2006-07-05,1409.9,1393.01,1409.9,1377.22,33446005.0,46590619425.05
2006-07-06,1391.64,1418.68,1418.76,1390.19,32480734.0,46079767711.12
2006-07-07,1423.72,1410.43,1426.4,1405.99,33556176.0,47328637315.68
2006-07-10,1410.5,1412.12,1413.58,1397.44,27607369.0,38984917912.28
2006-07-11,1414.14,1418.58,1418.82,1406.5,28537379.0,40482555101.82
2006-07-12,1419.07,1419.2,1430.94,1416.74,36293417.0,51507617406.4
2006-07-13,1415.88,1346.09,1418.14,1344.16,48970673.0,65918933218.57
2006-07-14,1333.74,1357.13,1367.74,1327.59,32659105.0,44322651168.65
2006-07-17,1354.14,1372.25,1372.25,1348.43,24205552.0,33216068732.0
2006-07-18,1370.9,1373.42,1373.59,1359.91,22724544.0,31210343220.480003
2006-07-19,1370.29,1336.64,1370.29,1330.28,25227647.0,33720282086.08
2006-07-20,1335.41,1345.19,1346.85,1329.18,18450621.0,24819590862.99
2006-07-21,1344.6,1356.03,1357.34,1344.57,20393648.0,27654398497.44
2006-07-24,1340.28,1358.12,1359.56,1327.9,19966190.0,27116481962.8
2006-07-25,1359.32,1374.17,1378.84,1359.32,22023509.0,30264045362.530003
2006-07-26,1377.78,1371.3,1380.8,1367.05,19633442.0,26923339014.6
2006-07-27,1370.75,1355.55,1379.25,1347.29,23818755.0,32287513340.25
2006-07-28,1354.92,1341.39,1359.74,1327.66,21557505.0,28917021631.95
2006-07-31,1338.04,1294.33,1338.04,1293.53,22181211.0,28709806833.629997
2006-08-01,1292.71,1282.06,1302.89,1278.54,17443887.0,22364109767.219997
2006-08-02,1281.89,1275.09,1288.61,1258.01,17813284.0,22713540295.559998
2006-08-03,1277.63,1271.74,1281.79,1261.69,12940473.0,16456917133.02
2006-08-04,1272.36,1241.91,1278.25,1239.38,16053628.0,19937161149.48
2006-08-07,1233.49,1224.1,1241.85,1221.99,15116519.0,18504130907.899998
2006-08-08,1225.04,1252.39,1252.39,1225.04,14250481.0,17847159899.59
2006-08-09,1254.37,1251.3,1258.21,1245.39,12859474.0,16091059816.199999
2006-08-10,1251.16,1271.47,1271.47,1251.08,17699006.0,22503755158.82
2006-08-11,1273.27,1275.65,1277.97,1265.52,15303227.0,19521561522.550003
2006-08-14,1275.14,1245.72,1279.31,1241.95,16444469.0,20485203922.68
2006-08-15,1243.16,1265.86,1265.86,1239.91,14319360.0,18126305049.6
2006-08-16,1266.82,1283.57,1283.57,1262.54,20802743.0,26701776832.51
2006-08-17,1280.28,1271.63,1280.28,1263.93,15457904.0,19656734463.52
2006-08-18,1270.23,1267.87,1280.83,1265.82,13964524.0,17705201043.879997
2006-08-21,1235.43,1270.56,1270.67,1229.17,15064766.0,19140689088.96
2006-08-22,1270.1,1285.27,1289.02,1269.1,17200942.0,22107854724.34
2006-08-23,1284.82,1285.68,1294.83,1282.84,19092875.0,24547327530.0
2006-08-24,1284.84,1292.4,1292.4,1274.56,15081306.0,19491079874.4
2006-08-25,1293.5,1295.44,1301.75,1292.45,18557937.0,24040693907.280003
2006-08-28,1298.46,1325.89,1325.89,1298.36,26183290.0,34716162378.100006
2006-08-29,1328.61,1330.16,1349.2,1327.0,31766376.0,42254362700.16
2006-08-30,1328.37,1334.67,1336.39,1319.82,21139949.0,28214855731.83
2006-08-31,1335.59,1338.69,1342.79,1331.29,23188274.0,31041910521.06
2006-09-01,1339.31,1318.1,1340.13,1314.57,25033688.0,32996904152.8
2006-09-04,1315.71,1337.24,1337.24,1315.61,21095340.0,28209532461.6
2006-09-05,1339.59,1340.68,1345.71,1334.72,26868110.0,36021537714.8
2006-09-06,1341.4,1346.37,1346.37,1331.85,23153112.0,31172655403.44
2006-09-07,1348.17,1328.38,1348.28,1323.98,21886449.0,29073521122.620003
2006-09-08,1327.56,1332.15,1334.73,1326.25,17230273.0,22953308176.95
2006-09-11,1331.89,1338.76,1338.76,1319.21,20947266.0,28043361830.16
2006-09-12,1338.81,1347.64,1350.53,1337.3,27301891.0,36793120387.240005
2006-09-13,1348.85,1338.39,1356.86,1337.46,32821191.0,43927553822.490005
2006-09-14,1338.35,1338.28,1345.59,1323.8,22217284.0,29732946831.52
2006-09-15,1338.41,1362.32,1362.4,1338.14,36057148.0,49121373863.36
2006-09-18,1367.65,1375.56,1375.58,1362.14,31454851.0,43268034841.56
2006-09-19,1377.72,1378.31,1385.62,1371.43,26648301.0,36729619751.31
2006-09-20,1376.12,1378.46,1381.81,1365.72,23445880.0,32319207744.8
2006-09-21,1378.46,1387.37,1390.62,1378.46,26094121.0,36202200651.77
2006-09-22,1389.87,1374.85,1393.53,1373.94,28265042.0,38860192993.7
2006-09-25,1372.81,1372.4,1383.77,1361.61,24584780.0,33740152072.000004
2006-09-26,1370.86,1357.65,1371.58,1351.18,19703278.0,26750155376.7
2006-09-27,1357.28,1371.12,1371.12,1355.39,17580323.0,24104732471.76
2006-09-28,1372.13,1387.0,1389.56,1369.4,21687792.0,30080967504.0
2006-09-29,1389.08,1403.27,1405.56,1389.04,27166742.0,38122274046.34
2006-10-09,1420.36,1436.07,1436.07,1418.21,39191862.0,56282257262.34
2006-10-10,1437.69,1437.25,1443.5,1426.97,38400486.0,55191098503.5
2006-10-11,1436.68,1435.91,1440.21,1421.81,31617987.0,45400583713.170006
2006-10-12,1436.2,1426.5,1438.8,1423.63,37956237.0,54144572080.5
2006-10-13,1424.3,1430.88,1436.1,1420.96,28295156.0,40486972817.28001
2006-10-16,1432.31,1418.52,1434.53,1415.49,28492186.0,40416735684.72
2006-10-17,1416.95,1414.45,1426.29,1410.67,24224403.0,34264206823.350002
2006-10-18,1413.91,1437.59,1437.59,1413.55,24290308.0,34919503877.72
2006-10-19,1438.84,1439.38,1445.62,1433.94,23820267.0,34286415914.460003
2006-10-20,1440.67,1440.18,1447.95,1436.65,26560143.0,38251386745.740005
2006-10-23,1439.54,1408.72,1444.92,1403.01,28950377.0,40782975087.44
2006-10-24,1408.58,1440.05,1440.05,1408.58,26189972.0,37714869178.6
2006-10-25,1443.11,1446.83,1459.73,1434.81,32204895.0,46595008232.85
2006-10-26,1447.09,1456.1,1457.37,1435.28,38466362.0,56010869708.2
2006-10-27,1455.98,1439.05,1460.46,1433.36,37379304.0,53790687421.2
2006-10-30,1436.66,1446.24,1446.24,1428.33,35320452.0,51081850500.48
2006-10-31,1447.06,1464.47,1464.48,1447.06,36952283.0,54115509885.01
2006-11-01,1465.67,1479.41,1479.41,1461.32,38926925.0,57588882114.25
2006-11-02,1480.55,1479.66,1480.55,1464.6,42373136.0,62697834413.76
2006-11-03,1481.58,1488.29,1497.47,1480.77,39372027.0,58596994063.83
2006-11-06,1477.44,1507.89,1507.97,1472.0,42033510.0,63381909393.9
2006-11-07,1512.65,1516.1,1516.8,1491.33,43038328.0,65250409080.799995
2006-11-08,1512.36,1498.17,1513.04,1497.01,28722405.0,43031045498.85
2006-11-09,1491.8,1524.71,1527.38,1489.2,34030133.0,51886084086.43
2006-11-10,1525.23,1504.06,1535.2,1493.2,53922867.0,81103227340.02
2006-11-13,1498.06,1475.78,1512.95,1465.63,41653301.0,61471108549.78
2006-11-14,1475.44,1493.78,1493.88,1453.26,36307885.0,54235992455.299995
2006-11-15,1494.11,1534.76,1534.85,1490.87,40589216.0,62294705148.159996
2006-11-16,1540.26,1533.29,1558.41,1531.29,57760948.0,88564283958.92
2006-11-17,1528.01,1562.08,1562.24,1521.55,44446191.0,69428506037.28
2006-11-20,1567.34,1593.16,1593.19,1567.34,53412359.0,85094433864.44
2006-11-21,1591.47,1612.25,1612.46,1568.95,48601842.0,78358319764.5
2006-11-22,1610.05,1624.03,1639.41,1600.38,57065495.0,92676075844.84999
2006-11-23,1623.71,1634.91,1642.81,1618.04,51360679.0,83970087703.89
2006-11-24,1629.89,1636.58,1640.75,1611.55,49712096.0,81357822071.68
2006-11-27,1632.66,1651.8,1651.8,1627.92,47267270.0,78076076586.0
2006-11-28,1649.68,1644.01,1656.19,1629.83,44762916.0,73590681533.16
2006-11-29,1617.69,1667.14,1672.91,1604.81,45578411.0,75985592114.54001
2006-11-30,1671.67,1714.36,1714.49,1671.67,60216088.0,103232052623.68
2006-12-01,1719.28,1729.22,1741.8,1715.79,58413581.0,101009932536.82
2006-12-04,1731.9,1780.74,1780.8,1731.9,71434333.0,127205974146.42
2006-12-05,1785.44,1794.23,1811.66,1777.43,67202576.0,120576877936.48
2006-12-06,1794.26,1779.41,1806.65,1717.72,81276700.0,144624572747.0
2006-12-07,1774.19,1775.71,1820.72,1770.57,80487502.0,142922462176.42
2006-12-08,1752.77,1711.58,1772.16,1710.0,66257746.0,113405432898.68
2006-12-11,1705.91,1789.92,1790.12,1705.91,51335975.0,91887288372.0
2006-12-12,1798.46,1802.79,1819.8,1772.11,57833543.0,104261732984.97
2006-12-13,1805.42,1803.86,1813.28,1779.56,48004458.0,86593321607.87999
2006-12-14,1807.08,1836.14,1836.19,1805.2,47206227.0,86677241643.78
2006-12-15,1842.88,1867.64,1867.78,1832.51,49414441.0,92288386589.24
2006-12-18,1875.01,1916.11,1918.29,1875.01,61892990.0,118593777068.9
2006-12-19,1924.8,1921.44,1936.75,1882.54,67788935.0,130252371266.40001
2006-12-20,1912.9,1936.55,1936.8,1893.42,56348502.0,109121691548.09999
2006-12-21,1935.78,1908.99,1945.47,1905.72,60225164.0,114969235824.36
2006-12-22,1896.48,1895.64,1918.49,1880.57,46230501.0,87636386915.64
2006-12-25,1898.82,1939.1,1957.47,1898.82,56251742.0,109077752912.2
2006-12-26,1941.8,1938.24,1959.98,1914.98,56967383.0,110416460425.92
2006-12-27,1940.41,1982.88,1983.11,1939.55,56005647.0,111052477323.36
2006-12-28,1988.02,1979.93,2010.37,1964.97,63192834.0,125117387821.62001
2006-12-29,1991.88,2041.05,2052.86,1991.88,73851947.0,150735516424.35
2007-01-04,2073.25,2067.09,2139.49,2054.24,106719707.0,220599239142.63
2007-01-05,2051.15,2072.88,2083.4,2030.76,92743447.0,192246036417.36002
2007-01-08,2072.0,2131.56,2131.74,2071.72,84767909.0,180687884108.04
2007-01-09,2137.49,2200.09,2201.36,2128.06,81577629.0,179478125786.61002
2007-01-10,2210.76,2255.97,2255.97,2194.77,84904979.0,191543085474.62997
2007-01-11,2257.01,2231.63,2289.95,2224.37,86276548.0,192537332813.24002
2007-01-12,2215.86,2173.75,2249.54,2159.77,76525720.0,166347783850.0
2007-01-15,2170.94,2287.34,2287.68,2170.94,66403097.0,151886459891.98
2007-01-16,2310.96,2353.87,2354.43,2297.24,76364254.0,179751526562.97998
2007-01-17,2360.41,2308.93,2393.22,2266.34,89015540.0,205530650772.19998
2007-01-18,2292.17,2317.1,2325.53,2240.21,78648606.0,182236684962.6
2007-01-19,2320.87,2396.09,2396.09,2320.87,83334022.0,199675816773.98
2007-01-22,2424.81,2491.31,2491.71,2424.81,93892993.0,233916552390.83
2007-01-23,2508.26,2508.13,2516.59,2415.11,102337616.0,256676044818.08002
2007-01-24,2508.52,2536.43,2556.1,2489.93,84433697.0,214160162081.71
2007-01-25,2512.46,2452.83,2529.43,2449.05,81055151.0,198814506027.33
2007-01-26,2415.75,2512.92,2524.24,2356.98,78654008.0,197651229783.36002
2007-01-29,2529.94,2576.92,2582.41,2521.5,85452085.0,220203186878.2
2007-01-30,2586.52,2551.88,2599.45,2531.78,78211528.0,199586434072.64
2007-01-31,2544.3,2385.34,2548.18,2367.67,80909137.0,192995800851.58002
2007-02-01,2350.6,2395.17,2410.42,2310.57,65078095.0,155873100801.15
2007-02-02,2397.06,2298.0,2403.62,2293.28,59377154.0,136448699892.0
2007-02-05,2282.77,2271.8,2304.32,2247.93,47587506.0,108109296130.8
2007-02-06,2271.37,2316.04,2316.7,2198.9,67010648.0,155199341193.91998
2007-02-07,2330.43,2369.79,2390.87,2330.43,70106390.0,166137421958.1
2007-02-08,2376.63,2410.6,2415.96,2354.7,62656540.0,151039855324.0
2007-02-09,2412.64,2397.25,2417.64,2376.02,55515532.0,133084609087.0
2007-02-12,2397.85,2485.39,2485.76,2396.79,54992320.0,136677362204.79999
2007-02-13,2498.35,2522.63,2526.23,2489.66,51528862.0,129988253147.06001
2007-02-14,2527.56,2588.35,2594.66,2520.53,62777279.0,162489570099.65
2007-02-15,2607.63,2668.63,2669.18,2607.63,71631329.0,191157513509.27002
2007-02-16,2692.67,2676.74,2717.57,2660.49,75908785.0,203188081160.9
2007-02-26,2679.26,2707.68,2710.3,2641.12,74531560.0,201807614380.8
2007-02-27,2717.81,2457.49,2719.52,2454.92,107736807.0,264762125834.42996
2007-02-28,2413.42,2544.57,2554.23,2413.33,82822571.0,210747829489.47
2007-03-01,2550.26,2473.54,2550.33,2439.5,82159655.0,203225193028.7
2007-03-02,2468.67,2508.73,2523.86,2455.82,57946805.0,145372888107.65
2007-03-05,2503.82,2475.61,2541.82,2409.72,68517488.0,169622578467.68002
2007-03-06,2467.74,2520.29,2539.45,2452.14,52633153.0,132650809174.37
2007-03-07,2532.98,2589.44,2594.46,2532.15,59720949.0,154643814178.56
2007-03-08,2597.72,2627.63,2628.45,2565.11,55386559.0,145535384025.17
2007-03-09,2632.8,2611.39,2643.81,2587.49,70411326.0,183871432603.13998
2007-03-12,2612.96,2616.17,2619.5,2563.37,62468921.0,163429317052.57
2007-03-13,2620.72,2640.17,2641.63,2605.23,65788908.0,173693901234.36002
2007-03-14,2609.93,2597.36,2625.12,2546.65,68952088.0,179093395287.68002
2007-03-15,2595.54,2645.55,2645.88,2595.54,63778489.0,168729181573.95
2007-03-16,2656.01,2604.23,2665.39,2576.32,75331850.0,196181463725.5
2007-03-19,2533.71,2659.41,2674.8,2523.3,73983566.0,196752635256.06
2007-03-20,2669.64,2672.77,2674.47,2645.25,61249726.0,163706430161.02
2007-03-21,2685.93,2702.6,2703.0,2666.89,64612957.0,174622977588.19998
2007-03-22,2720.46,2711.32,2740.28,2702.41,83308074.0,225874847197.68002
2007-03-23,2710.36,2716.27,2726.62,2653.79,73911919.0,200764728222.13
2007-03-26,2725.4,2764.03,2764.4,2713.93,76074773.0,210272954815.19
2007-03-27,2770.35,2784.02,2789.97,2753.02,80725127.0,224740368070.54
2007-03-28,2787.24,2797.65,2806.08,2689.11,112209970.0,313924222570.5
2007-03-29,2802.38,2783.3,2830.08,2782.93,106567239.0,296608596308.7
2007-03-30,2768.71,2781.78,2801.95,2753.15,62950706.0,175115014936.68002
2007-04-02,2793.96,2850.11,2850.15,2793.96,69247883.0,197364083817.13
2007-04-03,2861.9,2888.12,2888.33,2852.57,77014495.0,222427103299.4
2007-04-04,2893.38,2911.82,2924.68,2875.69,75506658.0,219861796897.56
2007-04-05,2909.5,2945.04,2950.66,2895.42,74138991.0,218342294054.63998
2007-04-06,2921.73,2972.01,2977.46,2911.05,79102328.0,235092909839.28003
2007-04-09,2988.38,3038.17,3043.06,2988.38,90901705.0,276174833079.85004
2007-04-10,3053.36,3081.57,3081.62,2993.11,100888342.0,310894488056.94
2007-04-11,3092.09,3121.32,3121.54,3059.28,101669935.0,317344401514.2
2007-04-12,3129.25,3176.44,3176.69,3114.91,92535186.0,293932466217.84
2007-04-13,3182.78,3169.23,3211.61,3154.11,100653116.0,318992874820.68
2007-04-16,3177.3,3256.0,3256.57,3177.29,87928940.0,286296628640.0
2007-04-17,3273.43,3283.6,3288.17,3182.95,105307105.0,345786409978.0
2007-04-18,3294.21,3304.5,3311.98,3244.93,101426707.0,335164553281.5
2007-04-19,3297.95,3150.3,3297.95,3065.28,115270009.0,363135109352.7
2007-04-20,3165.67,3289.28,3297.41,3165.67,94469869.0,310737850704.32
2007-04-23,3330.8,3431.32,3433.52,3330.8,109958991.0,377304484998.12
2007-04-24,3462.48,3445.2,3490.81,3418.3,114643006.0,394968084271.19995
2007-04-25,3432.02,3448.28,3467.83,3376.08,100580669.0,346830309299.32
2007-04-26,3465.11,3493.58,3493.91,3438.88,78997690.0,275984749830.2
2007-04-27,3499.94,3470.52,3503.89,3436.0,80698636.0,280066230210.72
2007-04-30,3487.36,3558.71,3568.68,3478.93,94302864.0,335596545145.44
2007-05-08,3643.81,3686.03,3699.37,3618.78,106788732.0,393626469813.96
2007-05-09,3699.3,3701.28,3717.34,3556.62,140648358.0,520578954498.24005
2007-05-10,3703.52,3724.51,3742.23,3671.81,115419922.0,429882653688.22003
2007-05-11,3696.29,3702.61,3715.37,3629.71,88961761.0,329390705896.21
2007-05-14,3648.27,3734.42,3769.16,3620.86,91098049.0,340198376146.58
2007-05-15,3739.05,3604.64,3751.64,3600.21,93578568.0,337317049355.51996
2007-05-16,3598.0,3700.29,3700.65,3557.2,86229268.0,319073298087.72
2007-05-17,3716.44,3778.61,3794.16,3705.27,90256478.0,341044030335.58
2007-05-18,3771.27,3776.63,3805.21,3746.24,82418898.0,311265682753.74
2007-05-21,3650.8,3831.44,3843.84,3643.08,98478650.0,377315038756.0
2007-05-22,3849.04,3870.49,3893.19,3849.04,109618184.0,424276084990.16
2007-05-23,3879.76,3938.95,3939.49,3853.91,98523171.0,388077844410.45
2007-05-24,3953.89,3919.75,3972.58,3858.51,113814264.0,446123461314.0
2007-05-25,3907.73,3985.25,3996.85,3888.31,95416615.0,380259064928.75
2007-05-28,4033.92,4072.58,4091.94,4027.36,114041851.0,464444561545.58
2007-05-29,4090.9,4168.29,4168.53,4079.87,113267227.0,472130649631.83
2007-05-30,3906.04,3886.46,4104.2,3849.7,132739140.0,515885358044.4
2007-05-31,3828.72,3927.95,3991.73,3683.56,126078248.0,495229054231.6
2007-06-01,3953.1,3803.95,4014.15,3780.03,119937939.0,456237923059.05
2007-06-04,3804.96,3511.43,3822.41,3503.94,90531019.0,317893336047.17
2007-06-05,3407.0,3634.63,3635.15,3246.73,113768038.0,413504723955.94
2007-06-06,3652.89,3677.58,3712.53,3550.74,95951510.0,352869354145.8
2007-06-07,3694.55,3802.3,3802.3,3684.46,94190581.0,358140846136.3
2007-06-08,3814.19,3837.87,3861.21,3769.15,89074742.0,341857280079.54
2007-06-11,3876.07,3931.86,3937.79,3870.23,90982277.0,357729575645.22003
2007-06-12,3953.96,4036.11,4036.36,3834.02,99389774.0,401148060739.14
2007-06-13,4071.74,4118.27,4146.52,4064.15,109452945.0,450756779805.15
2007-06-14,4103.52,4075.82,4132.0,4022.78,86609180.0,353003428027.60004
2007-06-15,4043.11,4099.38,4115.73,4025.1,68779600.0,281953716648.0
2007-06-18,4178.76,4227.57,4246.4,4177.19,87872913.0,371488890811.41
2007-06-19,4227.59,4253.0,4254.71,4186.18,81540471.0,346791623163.0
2007-06-20,4268.65,4157.6,4292.2,4138.33,86863015.0,361141671164.00006
2007-06-21,4140.69,4197.28,4208.87,4110.96,73739471.0,309505206838.88
2007-06-22,4203.13,4051.43,4220.92,3970.35,79552374.0,322300874594.82
2007-06-25,4066.45,3877.59,4105.99,3850.84,70031044.0,271551675903.96002
2007-06-26,3804.41,3928.21,3929.37,3752.93,58885114.0,231313093665.94
2007-06-27,3946.88,4040.48,4053.41,3912.2,65290520.0,263805040249.6
2007-06-28,4038.38,3858.52,4067.81,3857.85,66857980.0,257972852989.6
2007-06-29,3769.33,3764.08,3867.75,3718.16,58920870.0,221782868349.6
2007-07-02,3746.18,3757.66,3801.9,3644.19,49747310.0,186933476894.6
2007-07-03,3782.78,3832.23,3835.29,3744.01,46409126.0,177850444930.98
2007-07-04,3840.41,3743.58,3848.08,3727.56,38233716.0,143130974543.28
2007-07-05,3688.31,3537.44,3706.6,3535.04,43225527.0,152907708230.88
2007-07-06,3517.6,3710.28,3712.74,3475.27,51366512.0,190584142143.36002
2007-07-09,3743.87,3821.3,3840.99,3722.23,54073113.0,206629586706.90002
2007-07-10,3832.76,3775.62,3852.93,3764.25,51907868.0,195984384578.16
2007-07-11,3751.49,3789.87,3797.81,3732.29,33628907.0,127449185772.09
2007-07-12,3799.19,3816.92,3839.21,3780.03,31368119.0,119729600773.48
2007-07-13,3825.03,3820.12,3829.68,3773.93,26893242.0,102735411629.04
2007-07-16,3824.91,3697.97,3830.37,3697.22,29931857.0,110687109230.29
2007-07-17,3684.34,3789.65,3812.25,3650.25,32553850.0,123367697652.5
2007-07-18,3776.94,3807.57,3861.51,3756.7,45975823.0,175056164380.11002
2007-07-19,3796.92,3807.0,3836.39,3778.51,30258467.0,115193983869.0
2007-07-20,3808.08,3971.88,3971.89,3808.08,55271121.0,219530260077.48
2007-07-23,4009.06,4156.72,4157.39,4009.06,85276186.0,354469227869.92004
2007-07-24,4187.33,4161.35,4241.58,4143.59,76090735.0,316640180092.25
2007-07-25,4163.36,4255.46,4256.05,4163.35,64597766.0,274893209302.36
2007-07-26,4282.68,4303.19,4325.93,4244.08,65490243.0,281816958775.17
2007-07-27,4277.55,4307.14,4318.34,4225.03,65021109.0,280055019418.26
2007-07-30,4305.18,4410.3,4426.31,4303.73,75441583.0,332720013504.9
2007-07-31,4402.52,4460.56,4467.65,4359.59,71375042.0,318372657343.52
2007-08-01,4479.3,4290.48,4496.25,4271.06,79361665.0,340499636449.19995
2007-08-02,4311.6,4436.19,4449.4,4303.98,62887538.0,278981067200.22
2007-08-03,4472.89,4598.38,4599.25,4472.89,78190473.0,359549507233.74
2007-08-06,4642.78,4703.98,4704.19,4623.49,76164271.0,358275207498.57996
2007-08-07,4715.39,4724.55,4771.58,4634.87,83847133.0,396139972215.15
2007-08-08,4679.22,4668.09,4741.45,4579.4,88988001.0,415403997588.09
2007-08-09,4666.42,4777.29,4779.14,4666.2,72025786.0,344088067199.94
2007-08-10,4765.85,4726.68,4771.61,4631.04,74962881.0,354325550365.08
2007-08-13,4724.52,4721.19,4767.08,4663.2,85763167.0,404904206408.73
2007-08-14,4721.45,4795.57,4803.57,4704.15,61157911.0,293287043254.26996
2007-08-15,4804.68,4798.75,4836.59,4697.97,63466427.0,304559516566.25
2007-08-16,4772.36,4721.94,4772.97,4665.21,63594794.0,300290801580.36
2007-08-17,4694.2,4626.58,4774.99,4616.97,63652120.0,294491625349.6
2007-08-20,4749.2,4885.43,4885.84,4747.27,67812204.0,331291775787.72003
2007-08-21,4915.52,4972.71,4995.53,4909.84,74440593.0,370171481217.03
2007-08-22,4899.93,5051.69,5075.89,4887.14,74028925.0,373971180133.25
2007-08-23,5075.51,5135.93,5154.85,5028.12,68051882.0,349509702320.26
2007-08-24,5161.15,5217.58,5231.15,5158.03,73769875.0,384900224402.5
2007-08-27,5250.62,5243.15,5296.57,5191.28,82631454.0,433249108040.1
2007-08-28,5220.64,5251.77,5270.3,5136.61,75066789.0,394233510466.53
2007-08-29,5215.65,5171.82,5283.33,5138.34,72929456.0,377178019129.92
2007-08-30,5193.73,5241.23,5247.57,5176.0,67298490.0,352726864742.69995
2007-08-31,5255.09,5296.81,5307.42,5219.99,66780357.0,353722862761.17004
2007-09-03,5335.05,5419.17,5433.75,5335.05,82849166.0,448973714912.22003
2007-09-04,5421.25,5360.33,5429.21,5333.49,79914832.0,428369871414.56
2007-09-05,5357.55,5363.25,5389.33,5265.06,65364902.0,350568310651.5
2007-09-06,5389.49,5412.04,5448.84,5365.5,70608574.0,382136426830.96
2007-09-07,5382.91,5294.79,5402.71,5284.65,79298880.0,419870916835.2
2007-09-10,5226.74,5377.22,5380.46,5182.1,65095672.0,350033749391.84
2007-09-11,5384.56,5124.09,5414.0,5104.35,68806690.0,352571672162.10004
2007-09-12,5102.58,5202.86,5212.65,5059.46,61572253.0,320351812243.57996
2007-09-13,5230.65,5349.97,5351.58,5212.03,59746929.0,319644277742.13
2007-09-14,5362.46,5397.28,5405.85,5274.22,60295626.0,325432376297.27997
2007-09-17,5389.5,5498.91,5504.77,5387.68,69403132.0,381641576586.12
2007-09-18,5524.1,5476.84,5533.53,5405.18,71621810.0,392261193880.4
2007-09-19,5487.38,5419.27,5498.59,5385.42,55880065.0,302829159852.55005
2007-09-20,5436.64,5494.92,5501.4,5430.31,56712136.0,311628650349.12
2007-09-21,5508.5,5468.1,5516.11,5357.5,61106356.0,334135665243.60004
2007-09-24,5481.38,5513.9,5541.13,5400.68,54184817.0,298769662456.3
2007-09-25,5524.02,5454.62,5540.87,5423.52,45326230.0,247237360682.6
2007-09-26,5433.63,5361.02,5489.86,5338.31,39171156.0,209997350739.12003
2007-09-27,5364.53,5427.66,5429.05,5338.04,33759056.0,183232677888.96
2007-09-28,5479.85,5580.81,5590.85,5479.85,48514620.0,270750876442.2
2007-10-08,5703.28,5653.14,5715.91,5617.1,66449703.0,375649474017.42004
2007-10-09,5638.63,5675.93,5682.97,5582.77,53633490.0,304419934895.7
2007-10-10,5694.99,5685.76,5776.21,5653.79,63994455.0,363857112460.8
2007-10-11,5695.13,5760.08,5761.22,5650.1,65141101.0,375217953048.08
2007-10-12,5777.9,5737.22,5796.28,5485.56,78001064.0,447509264402.08
2007-10-15,5761.87,5821.45,5824.98,5690.07,70682111.0,411472375080.95
2007-10-16,5851.54,5877.2,5885.48,5815.61,64692049.0,380208110382.8
2007-10-17,5862.38,5824.12,5891.72,5797.61,48869768.0,284623393204.16
2007-10-18,5813.24,5615.75,5813.24,5593.99,48595630.0,272900909172.5
2007-10-19,5651.03,5614.06,5711.5,5563.78,38466457.0,215952997585.42
2007-10-22,5543.79,5472.68,5594.5,5465.85,35867499.0,196291344427.32
2007-10-23,5467.83,5540.09,5541.96,5373.05,41896800.0,232112042712.0
2007-10-24,5564.48,5588.01,5644.97,5553.33,44661238.0,249567444556.38
2007-10-25,5549.66,5333.79,5556.55,5312.85,50821706.0,271072307245.74
2007-10-26,5279.1,5394.81,5428.58,5266.37,35895965.0,193651910941.65002
2007-10-29,5428.68,5508.36,5509.35,5428.68,35233977.0,194081429547.72
2007-10-30,5529.96,5596.07,5597.27,5467.52,39193921.0,219331925490.47
2007-10-31,5663.76,5688.54,5691.87,5590.54,50329469.0,286301197585.26
2007-11-01,5701.49,5605.23,5702.21,5604.79,46612479.0,261273665665.16998
2007-11-02,5514.85,5472.93,5565.66,5448.99,43289500.0,236920403235.0
2007-11-05,5438.81,5360.31,5494.62,5333.38,33695018.0,180615741935.58002
2007-11-06,5331.31,5317.55,5406.11,5295.79,27057854.0,143881491537.7
2007-11-07,5348.56,5350.63,5388.64,5231.61,30061349.0,160847155799.87
2007-11-08,5321.86,5093.67,5321.86,5090.96,36054893.0,183651726827.31
2007-11-09,5042.76,5040.52,5129.11,4962.3,34583826.0,174320466629.52002
2007-11-12,4916.82,4978.25,5018.11,4795.43,38413922.0,191234107196.5
2007-11-13,5024.52,4939.24,5082.64,4866.16,36862079.0,182070655079.96
2007-11-14,5013.78,5145.89,5147.01,4924.82,35231542.0,181297639662.38
2007-11-15,5129.81,5081.11,5170.97,5069.52,31759464.0,161373330125.03998
2007-11-16,4999.84,5007.66,5021.71,4917.49,23310991.0,116733517191.06
2007-11-19,5017.4,4994.42,5033.95,4968.73,25548101.0,127597946596.42
2007-11-20,4962.64,5069.38,5099.52,4916.47,33562714.0,170142151097.32
2007-11-21,5087.25,4997.62,5135.25,4993.29,26803122.0,133951818569.64
2007-11-22,4902.63,4772.62,4949.34,4759.91,26507716.0,126511255535.92
2007-11-23,4733.37,4856.16,4857.05,4711.79,20146305.0,97833680488.8
2007-11-26,4931.6,4800.08,4954.18,4795.35,23622276.0,113388814582.08
2007-11-27,4759.01,4711.15,4806.83,4708.8,20886840.0,98401036266.0
2007-11-28,4724.47,4648.75,4760.66,4619.51,22482368.0,104514908240.0
2007-11-29,4708.38,4842.07,4847.58,4637.48,36872990.0,178541598689.3
2007-11-30,4841.08,4737.41,4841.08,4723.79,29383696.0,139202615267.36
2007-12-03,4714.92,4772.67,4809.27,4689.52,22255934.0,106220228523.78
2007-12-04,4786.64,4829.21,4886.58,4786.64,22643592.0,109350660922.32
2007-12-05,4829.95,4965.95,4970.17,4815.61,31769165.0,157764084931.75
2007-12-06,4986.25,4971.06,4999.93,4928.13,23711591.0,117871741556.46
2007-12-07,4979.84,5041.35,5041.78,4977.87,27198223.0,137115761521.05
2007-12-10,4961.67,5133.56,5138.69,4944.83,42780691.0,219617244089.96002
2007-12-11,5162.09,5140.0,5181.41,5068.03,40586457.0,208614388980.0
2007-12-12,5108.58,5077.39,5130.72,5033.72,39828251.0,202223563344.89
2007-12-13,5051.78,4884.3,5067.39,4881.34,36819590.0,179837923437.0
2007-12-14,4827.39,4977.65,4979.19,4800.24,30727925.0,152952855876.25
2007-12-17,4976.24,4857.29,4977.57,4855.17,37014522.0,179790267565.38
2007-12-18,4827.26,4829.91,4883.0,4799.0,22930076.0,110750203373.16
2007-12-19,4877.77,4946.29,4961.59,4865.35,32101858.0,158785099206.82
2007-12-20,4968.03,5037.19,5048.06,4935.4,31319917.0,157764372713.22998
2007-12-21,5016.46,5101.85,5103.77,5014.7,37251494.0,190051534663.90002
2007-12-24,5142.16,5207.13,5239.22,5129.6,50319967.0,262022609764.71
2007-12-25,5217.56,5216.81,5244.03,5180.59,38973705.0,203318413981.05002
2007-12-26,5231.97,5265.03,5273.14,5194.75,41468115.0,218330869518.44998
2007-12-27,5286.98,5367.53,5367.53,5260.1,52345018.0,280963454465.54
2007-12-28,5379.52,5338.27,5391.67,5323.82,45361415.0,242151480852.05002
2008-01-02,5349.76,5385.1,5404.93,5283.45,45668710.0,245930570221.00003
2008-01-03,5381.15,5422.03,5422.67,5315.95,64645878.0,350511889892.33997
2008-01-04,5430.63,5483.65,5499.09,5422.46,51746420.0,283759256033.0
2008-01-07,5480.44,5556.59,5569.15,5455.5,53485409.0,297196488795.31
2008-01-08,5575.95,5528.05,5630.62,5485.23,64899501.0,358767686503.05
2008-01-09,5507.12,5613.76,5614.68,5490.31,46796872.0,262706408158.72
2008-01-10,5631.65,5672.15,5707.67,5602.59,64229893.0,364321587579.94995
2008-01-11,5688.56,5699.15,5702.57,5629.64,56167079.0,320104608282.85
2008-01-14,5717.52,5731.76,5756.92,5679.29,49846010.0,285705366277.60004
2008-01-15,5743.43,5696.45,5754.11,5652.04,50886608.0,289873018141.6
2008-01-16,5642.57,5505.72,5642.57,5498.39,55774469.0,307078609462.68
2008-01-17,5445.8,5365.62,5533.65,5226.64,61936933.0,332330046443.46
2008-01-18,5358.18,5414.47,5419.57,5307.5,43913005.0,237765648182.35
2008-01-21,5424.64,5145.73,5434.35,5122.46,47833617.0,246138878005.40997
2008-01-22,5015.43,4753.87,5032.25,4708.39,60772692.0,288905477318.04
2008-01-23,4787.17,4975.11,4976.27,4751.5,55776385.0,277493650777.35
2008-01-24,5034.53,5027.21,5079.8,4926.37,56605987.0,284570183906.27
2008-01-25,5022.9,5077.43,5121.41,4966.52,47142108.0,239360753422.44
2008-01-28,5038.51,4731.88,5038.51,4711.28,41425283.0,196019468122.04
2008-01-29,4742.9,4762.08,4845.66,4688.73,29062256.0,138396788052.48
2008-01-30,4817.16,4710.65,4858.1,4606.14,34098976.0,160628341294.4
2008-01-31,4693.61,4620.4,4733.7,4614.28,30852580.0,142551260632.0
2008-02-01,4623.62,4571.94,4660.99,4414.12,35125528.0,160591806484.31998
2008-02-04,4695.55,4950.12,4951.25,4695.55,40953145.0,202722982127.4
2008-02-05,4942.88,4921.83,4995.57,4878.12,32796356.0,161418088851.48
2008-02-13,4858.81,4816.08,4883.24,4785.8,21475659.0,103428491796.72
2008-02-14,4858.85,4880.25,4913.32,4842.85,19837789.0,96813369767.25
2008-02-15,4846.02,4813.31,4846.02,4742.1,24262601.0,116783420019.31001
2008-02-18,4875.21,4910.99,4944.88,4845.31,30590078.0,150227567157.22
2008-02-19,4926.84,5020.75,5020.75,4885.69,36176965.0,181635497023.75
2008-02-20,5032.78,4908.72,5062.26,4901.66,39557722.0,194177781135.84
2008-02-21,4878.57,4876.03,4924.45,4796.1,33403616.0,162877033724.47998
2008-02-22,4850.88,4702.24,4850.88,4649.81,37918627.0,178302484624.47998
2008-02-25,4704.32,4519.78,4722.64,4510.69,33652001.0,152099641079.78
2008-02-26,4637.6,4515.53,4668.83,4394.59,33276390.0,150260537336.69998
2008-02-27,4543.1,4639.77,4660.41,4500.89,29592393.0,137301897269.61002
2008-02-28,4651.16,4622.06,4670.17,4582.82,25398171.0,117391870252.26001
2008-02-29,4616.24,4674.55,4683.16,4597.63,23350858.0,109154753263.90001
2008-03-03,4648.73,4790.74,4803.9,4611.7,39258411.0,188076839914.13998
2008-03-04,4813.4,4671.15,4836.66,4657.38,45129777.0,210807957833.55
2008-03-05,4650.52,4628.72,4689.97,4519.74,39417993.0,182454852558.96002
2008-03-06,4645.07,4685.03,4746.58,4592.62,44402268.0,208025957648.03998
2008-03-07,4641.75,4621.69,4693.21,4597.01,28690945.0,132600653597.04999
2008-03-10,4588.77,4431.59,4588.77,4406.23,31780355.0,140837503414.45
2008-03-11,4393.28,4441.18,4441.18,4315.18,26276592.0,116699074858.56001
2008-03-12,4534.81,4309.65,4553.34,4308.35,27145644.0,116988224664.59999
2008-03-13,4266.27,4198.96,4296.36,4121.27,34451307.0,144659660040.72
2008-03-14,4179.44,4157.87,4212.41,4092.79,23427885.0,97410100204.95
2008-03-17,4138.88,3965.28,4138.88,3958.29,28180961.0,111745401034.08
2008-03-18,3924.87,3763.95,3996.96,3700.35,34523751.0,129945672576.45
2008-03-19,3837.6,3888.86,3954.47,3776.3,37898477.0,147381871266.22
2008-03-20,3833.21,4001.83,4044.69,3658.04,46212944.0,184936345687.52
2008-03-21,3998.2,4037.83,4083.16,3958.97,42615163.0,172072783616.29
2008-03-24,4086.07,3857.09,4103.57,3857.09,35842438.0,138247509185.42
2008-03-25,3780.46,3905.77,3937.67,3747.02,32245863.0,125944924329.51
2008-03-26,3926.86,3914.37,4001.55,3888.02,28036763.0,109746263984.31
2008-03-27,3847.44,3748.92,3873.61,3745.88,32000668.0,119967944278.56
2008-03-28,3712.98,3918.16,3925.86,3661.38,42096777.0,164941907770.32
2008-03-31,3802.21,3790.53,3891.66,3780.12,29440841.0,111596391035.73001
2008-04-01,3776.27,3582.86,3815.16,3566.21,35303462.0,126487361861.32
2008-04-02,3621.39,3547.98,3698.53,3493.18,42765884.0,151732501114.32
2008-04-03,3518.22,3650.7,3665.65,3457.62,32989493.0,120434742095.09999
2008-04-07,3611.96,3845.82,3854.07,3578.38,40484982.0,155697953475.24002
2008-04-08,3852.01,3891.06,3935.33,3820.1,44067922.0,171470928577.32
2008-04-09,3857.27,3688.13,3911.7,3687.6,38997168.0,143826625215.84
2008-04-10,3641.66,3754.72,3754.72,3608.32,28804396.0,108152441749.12
2008-04-11,3794.3,3783.73,3825.29,3755.01,26328590.0,99620275840.7
2008-04-14,3699.14,3536.33,3710.79,3525.19,33427046.0,118209065581.18
2008-04-15,3513.07,3583.3,3583.86,3417.25,30656886.0,109852819603.8
2008-04-16,3573.66,3494.02,3583.81,3483.19,26528120.0,92689781842.4
2008-04-17,3493.24,3386.63,3559.1,3340.88,29530618.0,100009276837.34
2008-04-18,3356.56,3272.5,3390.55,3248.53,27888162.0,91264010145.0
2008-04-21,3516.43,3267.55,3516.43,3223.89,41362307.0,135153406237.85
2008-04-22,3207.88,3296.28,3301.55,3122.39,32537969.0,107254256455.32
2008-04-23,3267.36,3453.73,3467.43,3245.3,44272553.0,152905444472.69
2008-04-24,3739.32,3774.5,3781.48,3659.73,96574896.0,364521944952.0
2008-04-25,3781.91,3803.07,3915.84,3737.98,84814491.0,322555446287.37
2008-04-28,3740.95,3729.15,3791.77,3711.19,48831235.0,182099000000.25
2008-04-29,3704.93,3776.94,3797.53,3702.02,44540440.0,168226569453.6
2008-04-30,3793.85,3959.12,3970.58,3793.85,69909777.0,276781196316.24
2008-05-05,4015.21,4055.78,4061.47,3972.56,62534073.0,253624442591.94
2008-05-06,4021.07,4010.89,4075.58,3961.34,58459280.0,234473741559.19998
2008-05-07,3986.13,3821.32,4042.41,3821.11,54457706.0,208100321091.92
2008-05-08,3774.04,3925.04,3926.0,3761.28,44055668.0,172920259126.72
2008-05-09,3960.89,3878.92,3973.06,3806.52,53655929.0,208127056116.68
2008-05-12,3804.99,3904.92,3952.79,3766.58,45382660.0,177215656687.2
2008-05-13,3786.53,3851.69,3923.17,3778.72,50338012.0,193886417440.28
2008-05-14,3843.47,3975.78,3975.79,3843.47,50606901.0,201201904857.78
2008-05-15,4006.66,3948.09,4038.85,3948.06,50772975.0,200456274867.75
2008-05-16,3948.03,3936.12,3982.22,3882.9,39721752.0,156349582482.24
2008-05-19,3926.31,3914.07,3936.28,3865.5,29709581.0,116285379704.67
2008-05-20,3911.1,3710.82,3946.44,3698.55,39702629.0,147329309745.78
2008-05-21,3668.18,3783.05,3801.07,3591.57,43596162.0,164926460654.1
2008-05-22,3732.64,3711.44,3783.85,3704.16,40742717.0,151214149582.48
2008-05-23,3697.89,3675.15,3741.06,3629.01,33440431.0,122898599989.65001
2008-05-26,3643.01,3559.22,3643.01,3555.76,28180190.0,100299495851.79999
2008-05-27,3549.99,3576.2,3594.66,3533.47,24762693.0,88556342706.59999
2008-05-28,3583.28,3676.23,3698.0,3561.73,31034914.0,114091481894.22
2008-05-29,3666.2,3580.87,3677.02,3578.73,29422740.0,105359006983.8
2008-05-30,3585.61,3611.33,3620.23,3552.66,28590847.0,103250983496.51
2008-06-02,3600.23,3625.83,3650.48,3580.58,28253358.0,102441873037.14
2008-06-03,3624.57,3614.11,3641.43,3585.12,34735141.0,125536620439.51001
2008-06-04,3601.06,3546.92,3605.06,3513.64,29417653.0,104342061778.76001
2008-06-05,3529.98,3512.14,3542.24,3487.79,23989279.0,84253706347.06
2008-06-06,3519.12,3489.5,3532.3,3470.56,20944229.0,73084887095.5
2008-06-10,3344.45,3206.56,3352.32,3188.8,32949961.0,105656026944.16
2008-06-11,3155.94,3140.3,3181.82,3097.4,29409735.0,92355390820.5
2008-06-12,3123.64,3084.63,3148.74,3022.88,31454109.0,97024288244.67
2008-06-13,3087.34,2979.12,3108.99,2975.66,25319837.0,75430832803.44
2008-06-16,2981.09,2952.24,3012.99,2900.08,26813794.0,79160755198.56
2008-06-17,2950.4,2842.68,2977.89,2820.64,26463778.0,75228052445.04
2008-06-18,2820.24,2991.27,3007.18,2759.11,42560095.0,127308735370.65
2008-06-19,2967.4,2773.08,2967.4,2768.23,36319039.0,100715600670.12
2008-06-20,2795.47,2849.67,2946.94,2691.87,51675905.0,147259276201.35
2008-06-23,2798.43,2789.94,2845.48,2771.36,26631493.0,74300267580.42
2008-06-24,2775.69,2851.92,2865.9,2770.99,31792456.0,90669541115.52
2008-06-25,2844.92,2969.54,2973.17,2834.95,42425261.0,125983509549.94
2008-06-26,2964.52,2980.91,3010.28,2922.79,42599312.0,126984715133.92
2008-06-27,2886.18,2816.02,2899.84,2787.25,40886556.0,115137359427.12
2008-06-30,2782.84,2791.82,2834.27,2747.61,25295406.0,70620220378.92
2008-07-01,2799.2,2698.35,2809.38,2690.18,28851585.0,77851674384.75
2008-07-02,2702.63,2699.6,2745.94,2670.06,27916365.0,75363018954.0
2008-07-03,2654.48,2760.61,2807.68,2617.26,45660305.0,126050294586.05
2008-07-04,2751.21,2741.85,2783.85,2716.02,37905010.0,103929851668.5
2008-07-07,2747.61,2882.76,2890.99,2747.61,52732024.0,152013769506.24002
2008-07-08,2900.57,2901.84,2939.14,2841.07,54248078.0,157419242663.52002
2008-07-09,2927.0,3015.13,3015.27,2927.0,69356968.0,209120274925.84
2008-07-10,2970.98,2973.73,3056.91,2950.2,61649554.0,183329128216.42
2008-07-11,2962.86,2953.5,2988.2,2913.87,44287101.0,130801952803.5
2008-07-14,2927.24,2975.87,2996.59,2917.02,34575043.0,102890833212.41
2008-07-15,2987.06,2852.98,2997.67,2849.2,47292759.0,134925295571.82
2008-07-16,2818.76,2745.6,2824.88,2702.66,39403115.0,108185192544.0
2008-07-17,2790.26,2718.07,2812.99,2705.81,32687335.0,88846464643.45001
2008-07-18,2746.54,2815.46,2818.06,2690.07,40203402.0,113191070194.92
2008-07-21,2792.83,2911.05,2915.29,2780.28,45119577.0,131345344625.85
2008-07-22,2905.28,2904.74,2931.45,2890.25,38814976.0,112747413386.23999
2008-07-23,2923.05,2883.32,2941.97,2879.19,38821233.0,111934037533.56001
2008-07-24,2905.04,2977.36,2979.75,2902.98,48538665.0,144517079624.4
2008-07-25,2939.32,2939.2,2967.72,2916.68,40571081.0,119246521275.2
2008-07-28,2959.11,2960.85,2997.6,2946.49,39308640.0,116386986744.0
2008-07-29,2921.25,2905.63,2921.25,2881.05,36036275.0,104708081728.25
2008-07-30,2940.02,2884.38,2949.94,2866.03,29810800.0,85985675304.0
2008-07-31,2894.25,2805.21,2899.07,2804.7,27940966.0,78380277232.86
2008-08-01,2786.12,2840.79,2868.68,2748.75,34031491.0,96676319317.89
2008-08-04,2816.94,2773.15,2832.9,2767.53,22782324.0,63178801800.6
2008-08-05,2780.76,2703.08,2792.74,2695.37,30469235.0,82360779743.8
2008-08-06,2723.52,2721.69,2749.1,2679.66,27404022.0,74585252637.18001
2008-08-07,2717.66,2720.44,2747.88,2683.41,23370439.0,63577877073.16
2008-08-08,2719.38,2591.46,2719.38,2581.81,30894581.0,80062070878.26
2008-08-11,2579.8,2456.81,2580.72,2442.79,32120206.0,78913243302.86
2008-08-12,2431.38,2444.16,2474.32,2413.6,24191944.0,59128981847.03999
2008-08-13,2427.5,2444.67,2466.09,2369.58,27551711.0,67354841330.37
2008-08-14,2429.98,2443.51,2461.24,2410.49,20157236.0,49254407738.36
2008-08-15,2440.39,2447.62,2479.15,2412.95,20422261.0,49985934468.82
2008-08-18,2451.31,2313.4,2452.63,2312.95,23623106.0,54649693420.4
2008-08-19,2285.51,2348.47,2356.19,2273.89,19477106.0,45741399127.82
2008-08-20,2332.39,2532.94,2533.3,2312.18,45043415.0,114092267590.1
2008-08-21,2494.26,2443.98,2535.86,2438.86,37518040.0,91693339399.2
2008-08-22,2421.25,2404.93,2437.43,2362.63,26298241.0,63245428728.13
2008-08-25,2408.03,2400.55,2439.91,2373.76,18643190.0,44753909754.5
2008-08-26,2370.53,2331.53,2390.66,2306.94,23741937.0,55355038373.61001
2008-08-27,2322.54,2325.29,2367.72,2291.35,23862584.0,55487427949.36
2008-08-28,2325.26,2335.87,2363.56,2316.68,20400291.0,47652427738.17
2008-08-29,2347.4,2391.64,2418.05,2339.52,28877845.0,69065409215.8
2008-09-01,2372.64,2309.17,2372.64,2297.02,21152803.0,48845418103.51
2008-09-02,2292.69,2285.41,2309.21,2268.0,18440498.0,42144098534.18
2008-09-03,2279.6,2245.96,2296.03,2219.56,23749474.0,53340368625.04
2008-09-04,2238.65,2251.15,2270.41,2216.11,18984780.0,42737587497.0
2008-09-05,2193.04,2183.43,2221.09,2172.94,21654480.0,47281041266.399994
2008-09-08,2189.82,2126.52,2198.76,2119.12,22186554.0,47180150812.08
2008-09-09,2135.22,2139.15,2150.99,2111.4,17624298.0,37701017066.700005
2008-09-10,2124.97,2143.18,2181.25,2099.23,22057844.0,47273930103.92
2008-09-11,2135.45,2072.13,2142.0,2067.25,22176781.0,45953173213.53
2008-09-12,2071.06,2077.85,2102.98,2066.44,19197020.0,39888528007.0
2008-09-16,2050.32,2000.65,2050.32,1987.3,33563261.0,67148338119.65
2008-09-17,1981.25,1929.14,2003.91,1923.55,32862242.0,63395865531.880005
2008-09-18,1876.97,1895.99,1936.74,1804.77,47820263.0,90666740445.37
2008-09-19,2065.78,2073.11,2073.11,2046.22,36525404.0,75721180286.44
2008-09-22,2228.37,2207.61,2258.42,2130.31,101993873.0,225162693973.53
2008-09-23,2141.6,2123.48,2180.37,2118.92,78365617.0,166407820387.16
2008-09-24,2072.65,2138.85,2139.22,2050.97,45328180.0,96950177793.0
2008-09-25,2143.73,2223.53,2256.27,2139.62,74237912.0,165070224469.36002
2008-09-26,2234.46,2243.66,2257.16,2192.13,59429943.0,133340585911.37999
2008-10-06,2206.56,2128.7,2206.56,2128.27,45575264.0,97016064476.79999
2008-10-07,2043.92,2102.45,2136.12,2024.65,43065325.0,90542692546.24998
2008-10-08,2041.99,2022.88,2073.07,2000.52,36874700.0,74593093136.0
2008-10-09,2059.59,1995.3,2063.3,1993.01,33582311.0,67006785138.299995
2008-10-10,1913.27,1906.96,1938.22,1881.67,39151593.0,74660521787.28
2008-10-13,1889.75,1985.49,1985.63,1841.53,43538120.0,86444501878.8
2008-10-14,2054.41,1934.62,2060.49,1934.46,54331946.0,105111669370.51999
2008-10-15,1911.03,1914.36,1930.63,1892.02,31892398.0,61053531035.28
2008-10-16,1833.48,1820.9,1866.9,1818.93,40529648.0,73800436043.2
2008-10-17,1837.91,1833.26,1851.33,1805.67,28715420.0,52642830869.2
2008-10-20,1828.41,1896.73,1899.35,1802.1,33277152.0,63117772512.96
2008-10-21,1901.24,1881.41,1928.19,1880.52,38908395.0,73202643436.95
2008-10-22,1854.6,1833.32,1887.31,1832.45,32968572.0,60441942419.04
2008-10-23,1794.68,1834.78,1836.41,1779.13,35758654.0,65609263186.12
2008-10-24,1831.46,1781.6,1840.88,1769.11,32980668.0,58758358108.799995
2008-10-27,1746.67,1654.67,1746.67,1652.79,36441847.0,60299230975.490005
2008-10-28,1614.62,1705.82,1716.31,1607.67,46792804.0,79820100919.28
2008-10-29,1723.23,1658.22,1731.26,1657.65,38869488.0,64454162391.36
2008-10-30,1669.97,1697.66,1723.93,1646.35,41284292.0,70086691156.72
2008-10-31,1688.09,1663.66,1696.65,1655.09,28314534.0,47105757634.44
2008-11-03,1648.56,1653.54,1684.56,1643.42,25381097.0,41968659133.38
2008-11-04,1646.2,1627.76,1648.45,1606.73,26100165.0,42484804580.4
2008-11-05,1641.26,1691.42,1714.66,1641.26,42418210.0,71747008758.2
2008-11-06,1648.13,1649.78,1661.44,1638.34,30784179.0,50787122830.62
2008-11-07,1618.75,1677.83,1690.11,1612.74,31521590.0,52887869349.7
2008-11-10,1714.12,1801.67,1803.12,1714.12,63948859.0,115214740794.53
2008-11-11,1795.3,1781.36,1824.93,1778.33,66072851.0,117699533857.36
2008-11-12,1758.48,1801.82,1806.23,1754.29,44087960.0,79438568087.2
2008-11-13,1777.03,1874.08,1891.94,1765.64,83234552.0,155988209212.16
2008-11-14,1893.31,1943.65,1943.65,1874.93,91168717.0,177200076797.05002
2008-11-17,1934.74,1987.23,1987.23,1919.97,87836626.0,174551578285.98
2008-11-18,1974.38,1839.82,1994.82,1831.76,97278353.0,178974659416.46
2008-11-19,1831.6,1953.16,1959.52,1823.27,82117408.0,160388436609.28
2008-11-20,1916.7,1932.43,1976.95,1900.27,83187038.0,160753127842.34
2008-11-21,1872.27,1920.74,1968.89,1835.09,83049329.0,159516168183.46
2008-11-24,1913.99,1837.64,1923.93,1835.86,50561517.0,92913866099.88
2008-11-25,1870.06,1834.29,1883.1,1801.56,42814590.0,78534374291.09999
2008-11-26,1832.11,1843.5,1865.65,1815.02,45565635.0,84000248122.5
2008-11-27,1961.89,1870.47,1969.02,1870.05,88008322.0,164616926051.34
2008-11-28,1851.1,1829.92,1866.26,1815.45,51590660.0,94406780547.2
2008-12-01,1823.77,1864.21,1864.3,1799.84,48386333.0,90202285841.93001
2008-12-02,1821.54,1868.63,1891.13,1814.9,61350235.0,114640889628.05
2008-12-03,1884.6,1952.67,1952.67,1884.6,85019144.0,166014331914.48
2008-12-04,1980.44,1982.93,2046.47,1978.14,119183441.0,236332420662.13
2008-12-05,1969.74,2013.18,2014.2,1965.09,74366326.0,149712800176.68
2008-12-08,2040.47,2095.04,2095.47,2033.98,107607131.0,225441243730.24
2008-12-09,2104.12,2040.85,2107.6,2038.07,92509814.0,188798653901.9
2008-12-10,2028.51,2096.39,2096.39,2014.28,83271062.0,174568621666.18
2008-12-11,2087.43,2046.34,2107.29,2043.62,73556236.0,150521067976.24
2008-12-12,2027.07,1960.38,2038.19,1936.28,67387266.0,132104648521.08
2008-12-15,1991.55,1975.03,2006.23,1941.05,50451096.0,99642428132.88
2008-12-16,1957.0,1994.45,1994.96,1919.87,47924878.0,95583772927.1
2008-12-17,2002.03,2001.42,2030.39,1995.65,58685150.0,117453632913.0
2008-12-18,2001.05,2045.1,2045.94,1982.43,58429224.0,119493606002.4
2008-12-19,2037.37,2052.11,2075.38,2033.11,63311227.0,129921602038.97
2008-12-22,2050.77,2017.55,2055.37,1993.33,52949464.0,106828191093.2
2008-12-23,2019.23,1918.96,2019.23,1918.43,63590464.0,122027556797.44
2008-12-24,1893.23,1887.08,1912.78,1872.65,44201831.0,83412391243.48
2008-12-25,1891.53,1870.77,1902.71,1848.71,39916834.0,74675215542.18
2008-12-26,1868.34,1862.1,1881.08,1850.5,34560888.0,64355829544.799995
2008-12-29,1852.41,1854.76,1861.3,1816.06,35986873.0,66747012565.48
2008-12-30,1852.95,1833.44,1867.41,1824.53,37584627.0,68909158526.88
2008-12-31,1835.11,1817.72,1844.42,1813.73,35631355.0,64767826610.6
2009-01-05,1848.33,1882.96,1882.96,1837.84,48187020.0,90734231179.2
2009-01-06,1880.67,1942.8,1948.49,1873.01,70974097.0,137888475651.6
2009-01-07,1942.67,1931.18,1959.25,1930.87,59702167.0,115295630867.06
2009-01-08,1894.66,1887.99,1902.8,1873.65,53446490.0,100906438655.1
2009-01-09,1886.49,1918.37,1923.42,1886.49,47407216.0,90944580957.92
2009-01-12,1911.74,1920.69,1947.08,1905.62,54234156.0,104167001087.64
2009-01-13,1892.66,1876.19,1908.2,1874.97,49818137.0,93468290458.03
2009-01-14,1873.63,1955.24,1955.24,1873.63,59283231.0,115912944580.44
2009-01-15,1935.39,1954.87,1977.19,1930.3,78943648.0,154324569165.75998
2009-01-16,1965.44,1990.21,2026.65,1965.44,96538633.0,192132152782.93
2009-01-19,2010.58,2012.47,2052.19,1993.95,81948177.0,164918247767.19
2009-01-20,2006.53,2025.19,2025.19,1986.06,53259262.0,107860124809.78
2009-01-21,1993.67,2021.71,2047.11,1988.24,64117428.0,129626845361.88
2009-01-22,2034.29,2044.55,2048.48,2012.74,58861947.0,120346193738.84999
2009-01-23,2039.52,2032.68,2054.33,2025.19,57504109.0,116887452282.12001
2009-02-02,2052.44,2057.06,2059.34,2029.72,51453906.0,105843771876.36
2009-02-03,2056.79,2108.91,2108.94,2049.89,87640302.0,184825509290.81998
2009-02-04,2118.56,2166.41,2166.41,2117.02,100888428.0,218565699303.47998
2009-02-05,2164.55,2150.97,2211.18,2135.67,115100122.0,247576909418.33997
2009-02-06,2158.08,2237.28,2240.02,2158.08,106664904.0,238639256421.12003
2009-02-09,2271.59,2296.67,2307.91,2257.49,129523670.0,297473127178.9
2009-02-10,2288.07,2326.75,2327.1,2263.53,116294548.0,270588339559.0
2009-02-11,2287.23,2331.14,2381.19,2275.57,147576637.0,344021801576.18
2009-02-12,2335.4,2318.34,2344.66,2248.48,119826218.0,277797914238.12
2009-02-13,2321.56,2399.06,2402.44,2307.09,140409910.0,336851798684.6
2009-02-16,2421.19,2462.25,2462.39,2397.18,152346669.0,375115585745.25
2009-02-17,2460.57,2385.29,2470.62,2384.79,141014991.0,336361647882.39
2009-02-18,2331.66,2275.84,2369.05,2272.5,115422062.0,262682145582.08002
2009-02-19,2295.65,2298.41,2324.68,2259.59,90853928.0,208819576654.47998
2009-02-20,2300.81,2344.32,2344.77,2276.3,86632069.0,203093291998.08002
2009-02-23,2333.81,2410.48,2419.53,2307.92,109465403.0,263864164623.44
2009-02-24,2376.7,2301.85,2411.91,2294.52,127017555.0,292375358976.75
2009-02-25,2325.04,2304.25,2337.42,2226.44,107877528.0,248576793894.0
2009-02-26,2295.43,2190.19,2332.35,2167.15,102200385.0,223838261223.15
2009-02-27,2164.54,2140.49,2186.82,2117.06,87076415.0,186386195543.34998
2009-03-02,2123.37,2164.67,2177.29,2112.34,62746181.0,135824775625.27
2009-03-03,2109.84,2142.15,2168.22,2100.64,66167314.0,141740311685.1
2009-03-04,2150.24,2285.15,2290.94,2150.24,110750033.0,253080437909.95
2009-03-05,2314.08,2304.92,2340.37,2259.8,131987347.0,304220275847.24
2009-03-06,2260.76,2286.58,2313.2,2255.82,85965450.0,196566878661.0
2009-03-09,2302.01,2202.53,2333.98,2198.54,86555948.0,190642072148.44
2009-03-10,2175.31,2240.78,2241.24,2168.32,56660449.0,126963600910.22002
2009-03-11,2288.05,2220.38,2292.4,2212.88,70838676.0,157288779416.88
2009-03-12,2208.04,2215.7,2220.3,2156.6,55700111.0,123414735942.7
2009-03-13,2229.25,2205.42,2250.24,2200.97,54083094.0,119275937169.48001
2009-03-16,2197.25,2241.61,2247.11,2180.05,48773854.0,109331958864.94
2009-03-17,2244.11,2322.4,2329.3,2239.67,92980528.0,215937978227.2
2009-03-18,2335.42,2332.65,2370.56,2328.86,101870071.0,237627221118.15002
2009-03-19,2337.52,2382.56,2386.23,2331.26,97318766.0,231867799120.96
2009-03-20,2389.89,2379.84,2397.21,2343.27,109396738.0,260346732961.92
2009-03-23,2384.67,2439.4,2448.35,2375.52,116313049.0,283734051730.60004
2009-03-24,2477.57,2451.78,2483.83,2440.53,111993525.0,274583484724.50003
2009-03-25,2435.63,2401.33,2472.94,2401.05,95816660.0,230087420157.8
2009-03-26,2407.76,2479.79,2479.83,2379.95,113249452.0,280834858575.08
2009-03-27,2501.0,2498.93,2516.38,2481.69,135368546.0,338276520655.77997
2009-03-30,2501.31,2484.49,2508.14,2471.37,94151665.0,233918870175.84998
2009-03-31,2436.78,2507.79,2507.9,2423.57,95461752.0,239398027048.08
2009-04-01,2519.89,2548.22,2566.54,2519.89,126307625.0,321859616177.5
2009-04-02,2558.77,2576.4,2599.25,2558.26,135146806.0,348192230978.4
2009-04-03,2597.92,2570.5,2612.37,2555.62,123655216.0,317855732728.0
2009-04-07,2570.63,2576.95,2597.06,2543.65,86083257.0,221832249126.15
2009-04-08,2563.72,2479.35,2573.09,2479.35,99328094.0,246269109858.9
2009-04-09,2477.42,2517.67,2517.74,2457.42,74593703.0,187802328232.01
2009-04-10,2540.11,2595.53,2595.6,2530.62,104144408.0,270309935296.24002
2009-04-13,2621.98,2656.52,2668.28,2619.37,139014541.0,369294908457.32
2009-04-14,2651.2,2676.87,2682.91,2637.38,110491304.0,295770856938.48
2009-04-15,2662.73,2686.99,2690.64,2627.81,120665292.0,324226432951.07996
2009-04-16,2690.51,2687.11,2706.63,2643.32,123729613.0,332475080388.43
2009-04-17,2675.67,2650.69,2693.29,2628.63,101528808.0,269121396077.52002
2009-04-20,2643.73,2707.67,2708.45,2640.99,95903694.0,259675555132.98
2009-04-21,2670.28,2675.44,2697.72,2634.53,108185252.0,289443150610.88
2009-04-22,2687.86,2576.28,2713.3,2563.36,124046413.0,319578292883.64
2009-04-23,2555.53,2593.56,2604.16,2543.91,80887942.0,209787730853.52
2009-04-24,2605.7,2572.89,2609.87,2570.38,73360969.0,188749703530.41
2009-04-27,2566.92,2513.29,2576.52,2499.44,72039390.0,181055878493.1
2009-04-28,2490.53,2518.53,2531.54,2485.8,59264983.0,149260637634.99002
2009-04-29,2518.85,2605.37,2615.81,2514.14,81885006.0,213340738082.22
2009-04-30,2616.49,2622.93,2640.02,2604.45,85809348.0,225071913149.63998
2009-05-04,2635.13,2714.3,2715.19,2632.3,102916565.0,279346432379.5
2009-05-05,2733.11,2727.01,2751.25,2713.23,102313722.0,279010543031.22003
2009-05-06,2721.82,2764.98,2771.21,2713.54,105806650.0,292553271117.0
2009-05-07,2783.58,2767.08,2797.47,2731.8,122101161.0,337863680579.88
2009-05-08,2751.5,2789.22,2800.22,2733.33,106724988.0,297679471029.36
2009-05-11,2808.14,2725.32,2839.61,2725.27,125364452.0,341658248324.64
2009-05-12,2702.74,2788.56,2788.61,2699.95,88695942.0,247333956023.52
2009-05-13,2792.42,2814.0,2822.71,2775.57,107112856.0,301415576784.0
2009-05-14,2781.05,2792.6,2804.48,2757.54,82639329.0,230778590165.4
2009-05-15,2800.57,2796.12,2815.46,2773.32,64931431.0,181556072847.72
2009-05-18,2782.59,2810.57,2813.76,2740.92,74835786.0,210331215058.02002
2009-05-19,2836.34,2840.08,2849.63,2821.95,97703617.0,277486088569.36
2009-05-20,2843.54,2812.87,2849.64,2812.6,87939215.0,247361579697.05
2009-05-21,2795.83,2750.01,2808.29,2735.77,85535394.0,235223188853.94003
2009-05-22,2733.02,2740.68,2762.74,2719.12,61499012.0,168549112208.16
2009-05-25,2684.21,2752.72,2761.39,2675.28,74091671.0,203953624595.12
2009-05-26,2757.31,2719.76,2762.81,2718.55,72316012.0,196682196797.12003
2009-05-27,2734.42,2759.71,2768.57,2715.82,67976645.0,187595826972.95
2009-06-01,2798.93,2858.34,2864.47,2798.93,108564883.0,310315347674.22003
2009-06-02,2878.53,2865.1,2892.78,2855.06,108338397.0,310400341244.7
2009-06-03,2865.73,2939.39,2939.39,2864.71,112073310.0,329427166680.89996
2009-06-04,2924.27,2953.75,2961.04,2899.67,130127710.0,384364723412.5
2009-06-05,2966.06,2939.31,2975.18,2937.18,108476324.0,318845543896.44
2009-06-08,2937.64,2948.48,2978.23,2912.49,96116366.0,283397182823.68
2009-06-09,2948.95,2960.56,2960.9,2892.72,91989886.0,272341576896.16
2009-06-10,2972.42,2989.6,2995.7,2966.59,101790039.0,304311500594.39996
2009-06-11,2982.97,2961.63,3000.86,2951.27,87115997.0,258005350195.11002
2009-06-12,2955.57,2906.29,2976.86,2883.32,80067067.0,232698116151.43
2009-06-15,2911.42,2966.19,2967.1,2898.07,74352090.0,220542425837.1
2009-06-16,2936.51,2961.22,2979.41,2929.04,70179242.0,207816174995.24
2009-06-17,2957.58,3010.59,3017.41,2930.49,77293118.0,232697888119.62003
2009-06-18,3014.44,3057.43,3061.75,3014.44,96281316.0,294373383977.88
2009-06-19,3061.9,3080.0,3086.72,3047.27,102518069.0,315755652520.0
2009-06-22,3106.39,3082.56,3116.16,3072.53,103952583.0,320440074252.48
2009-06-23,3036.4,3083.9,3128.53,3028.45,111506734.0,343875616982.60004
2009-06-24,3079.5,3120.73,3121.21,3068.24,109424313.0,341483736308.49
2009-06-25,3125.66,3117.92,3141.17,3103.87,82806887.0,258185249115.04
2009-06-26,3126.23,3128.42,3137.08,3109.32,70500908.0,220556450605.36002
2009-06-29,3132.11,3179.97,3182.42,3122.16,84997075.0,270288148587.74997
2009-06-30,3191.64,3166.47,3195.72,3159.63,86782347.0,274793698305.09
2009-07-01,3153.54,3237.9,3238.79,3150.65,96950565.0,313916234413.5
2009-07-02,3248.2,3282.36,3285.09,3247.57,112989294.0,370871539053.84
2009-07-03,3254.93,3327.14,3327.67,3249.11,105732592.0,351787136146.88
2009-07-06,3333.1,3374.75,3378.05,3333.1,135264049.0,456482349362.75
2009-07-07,3368.33,3340.49,3393.22,3327.35,129600799.0,432930173051.50995
2009-07-08,3306.43,3352.27,3368.07,3261.32,113867592.0,381714912633.84
2009-07-09,3348.22,3396.3,3396.48,3334.68,113081523.0,384058776564.9
2009-07-10,3398.91,3398.31,3428.03,3375.97,106174912.0,360815265198.72
2009-07-13,3382.57,3361.01,3403.74,3358.52,99619651.0,334822643207.51
2009-07-14,3375.87,3454.75,3454.75,3375.87,107520425.0,371456188268.75
2009-07-15,3467.13,3493.3,3497.51,3467.13,133483002.0,466296170886.60004
2009-07-16,3516.78,3501.24,3543.02,3489.56,129313329.0,452757000027.95996
2009-07-17,3499.51,3519.81,3527.47,3482.87,106549704.0,375034713636.24
2009-07-20,3532.52,3591.12,3594.87,3515.53,136468539.0,490074899773.68
2009-07-21,3603.4,3539.83,3610.33,3533.16,130600961.0,462305199776.63
2009-07-22,3532.63,3606.92,3607.37,3532.38,115238546.0,415656216338.32
2009-07-23,3613.6,3651.97,3653.84,3596.36,116381609.0,425022144619.73
2009-07-24,3672.21,3667.56,3687.49,3591.88,127979352.0,469371952221.12
2009-07-27,3680.15,3743.63,3744.24,3669.51,138808040.0,519645942785.2
2009-07-28,3745.55,3755.82,3756.78,3705.04,146267885.0,549355847840.7
2009-07-29,3741.78,3558.51,3765.59,3453.64,167406126.0,595716373432.26
2009-07-30,3587.05,3634.82,3656.92,3511.29,134968879.0,490587580766.78
2009-07-31,3670.19,3734.62,3735.8,3635.55,132239834.0,493865528853.07996
2009-08-03,3754.22,3787.03,3789.94,3716.57,136415899.0,516611101989.97003
2009-08-04,3803.06,3786.62,3803.06,3712.43,141035739.0,534048750012.18
2009-08-05,3781.4,3740.94,3789.13,3691.98,133444453.0,499207692005.82
2009-08-06,3707.91,3663.12,3739.58,3602.58,118101525.0,432620058258.0
2009-08-07,3655.46,3555.1,3686.54,3539.7,100575751.0,357556852380.1
2009-08-10,3589.72,3544.54,3613.46,3485.36,84870681.0,300827523631.74
2009-08-11,3558.65,3556.38,3569.15,3509.72,64497197.0,229376541466.86002
2009-08-12,3546.5,3397.4,3546.5,3390.36,92535386.0,314379720396.4
2009-08-13,3398.89,3440.82,3448.86,3338.85,87081800.0,299632799076.0
2009-08-14,3437.95,3344.46,3454.95,3334.73,88248627.0,295144003056.42
2009-08-17,3283.44,3140.27,3319.8,3137.48,91723902.0,288037817733.54
2009-08-18,3110.71,3171.99,3186.81,3083.2,77343035.0,245331333589.65
2009-08-19,3178.28,3014.57,3183.01,2982.22,81604020.0,246001030571.40002
2009-08-20,3021.25,3144.39,3146.57,3021.25,79519216.0,250039427598.24
2009-08-21,3135.37,3203.62,3221.17,3113.7,86616805.0,277487328834.1
2009-08-24,3222.4,3229.6,3241.52,3178.86,80414068.0,259705274012.8
2009-08-25,3210.85,3109.83,3210.85,3019.12,97530139.0,303302152166.37
2009-08-26,3082.68,3172.39,3203.79,3065.46,82036404.0,260251467685.56
2009-08-27,3149.57,3156.3,3212.27,3116.89,80125201.0,252899171916.30002
2009-08-28,3152.04,3046.78,3168.19,3030.73,84017946.0,255984197513.88
2009-08-31,3003.54,2830.27,3003.54,2825.77,84517311.0,239206809803.97
2009-09-01,2804.58,2843.7,2901.28,2795.49,70535306.0,200581249672.19998
2009-09-02,2824.64,2890.93,2904.79,2813.62,60843386.0,175893969888.97998
2009-09-03,2898.45,3051.96,3059.99,2892.65,93157447.0,284312801946.12
2009-09-04,3055.35,3077.14,3099.39,3038.99,86984715.0,267664145915.09998
2009-09-07,3097.79,3104.21,3153.23,3078.13,82790740.0,256999843015.4
2009-09-08,3084.2,3170.97,3170.97,3047.3,83965634.0,266252506444.97998
2009-09-09,3188.31,3194.91,3207.39,3143.74,91191155.0,291347533021.05
2009-09-10,3179.19,3162.91,3204.12,3150.17,66566007.0,210542289200.37
2009-09-11,3152.81,3238.13,3253.45,3152.69,80689660.0,261283608735.80002
2009-09-14,3248.35,3293.39,3298.91,3240.53,87393883.0,287822140333.37
2009-09-15,3298.81,3302.64,3325.74,3264.95,87092177.0,287634107447.27997
2009-09-16,3290.39,3258.24,3296.94,3212.45,88244481.0,287521697773.44
2009-09-17,3274.58,3320.1,3329.12,3274.58,91333404.0,303236034620.39996
2009-09-18,3325.06,3199.69,3330.43,3170.96,100488404.0,321531741394.76
2009-09-21,3163.51,3208.6,3210.64,3090.61,72801974.0,233592413776.4
2009-09-22,3196.01,3131.03,3237.22,3131.02,73425101.0,229896193984.03003
2009-09-23,3130.14,3060.07,3159.17,3041.42,66013716.0,202006591920.12003
2009-09-24,3041.82,3080.93,3122.05,2989.24,65152102.0,200729065614.86
2009-09-25,3057.11,3058.53,3090.07,3028.41,45820492.0,140143349396.76
2009-09-28,3066.37,2972.64,3088.08,2959.74,41918352.0,124608169889.28
2009-09-29,2975.53,2972.29,2998.55,2923.93,45932352.0,136524270526.08
2009-09-30,2992.98,3004.8,3033.74,2988.29,42184524.0,126756057715.20001
2009-10-09,3078.75,3163.71,3164.03,3071.27,56871040.0,179923477958.4
2009-10-12,3181.58,3151.63,3193.59,3151.26,58961960.0,185826281994.80002
2009-10-13,3144.02,3198.52,3199.92,3140.5,50713704.0,162208796518.08
2009-10-14,3209.06,3227.4,3276.55,3204.31,80978120.0,261348784488.0
2009-10-15,3258.55,3239.64,3287.63,3227.09,60562010.0,196199110076.4
2009-10-16,3250.1,3241.71,3268.43,3188.43,55636255.0,180356604196.05
2009-10-19,3238.85,3329.16,3330.79,3231.81,77683143.0,258619612349.87997
2009-10-20,3355.36,3377.57,3379.63,3343.02,89426278.0,302043513784.46
2009-10-21,3375.03,3369.28,3414.66,3358.55,83488940.0,281297615763.2
2009-10-22,3364.15,3347.32,3381.15,3341.42,60936583.0,203974243007.56
2009-10-23,3354.98,3413.25,3436.39,3354.98,86725429.0,296015570534.25
2009-10-26,3421.7,3414.24,3432.9,3385.44,68442524.0,233679203141.75998
2009-10-27,3384.29,3314.72,3392.1,3314.32,74209551.0,245983882890.71997
2009-10-28,3303.77,3329.33,3337.17,3258.27,62594849.0,208398908621.16998
2009-10-29,3265.19,3247.05,3291.18,3239.0,61305354.0,199061549705.7
2009-10-30,3305.38,3280.37,3329.54,3276.32,60647062.0,198944802772.94
2009-11-02,3205.84,3392.8,3394.72,3198.31,81981158.0,278145672862.4
2009-11-03,3402.53,3435.43,3447.48,3397.25,83791098.0,287858451802.14
2009-11-04,3443.52,3453.89,3476.34,3415.22,86065273.0,297259985761.97
2009-11-05,3458.87,3464.32,3471.83,3432.26,80647784.0,279389731066.88
2009-11-06,3491.08,3483.02,3506.03,3474.36,92190315.0,321100710951.3
2009-11-09,3487.11,3495.79,3495.89,3452.61,78050904.0,272849569694.16
2009-11-10,3520.4,3503.78,3532.19,3501.5,84300987.0,295372112230.86005
2009-11-11,3500.59,3495.67,3514.83,3468.86,72626321.0,253877651530.07
2009-11-12,3506.95,3499.99,3529.06,3487.68,79962661.0,279868513873.38995
2009-11-13,3489.54,3518.72,3518.89,3445.36,91210171.0,320943052901.12
2009-11-16,3541.05,3625.8,3625.89,3541.05,123157323.0,446543821733.4
2009-11-17,3644.96,3628.35,3649.42,3619.99,97391368.0,353369970082.8
2009-11-18,3633.85,3630.23,3652.81,3612.79,89226283.0,323911929335.09
2009-11-19,3638.07,3642.44,3653.9,3604.61,94940095.0,345813599631.8
2009-11-20,3630.58,3631.01,3658.21,3597.31,94750751.0,344040924388.51
2009-11-23,3636.53,3665.51,3666.27,3628.2,93990941.0,344524734144.91003
2009-11-24,3680.75,3548.08,3698.13,3538.86,147566822.0,523578889801.76
2009-11-25,3541.51,3629.63,3630.3,3508.06,114602329.0,415964051408.27
2009-11-26,3635.79,3485.77,3646.61,3472.95,127882379.0,445768560246.83
2009-11-27,3440.34,3382.51,3480.93,3367.29,89294688.0,302040175106.88
2009-11-30,3415.08,3511.67,3511.76,3415.08,84415341.0,296438820529.47003
2009-12-01,3507.56,3560.83,3566.78,3485.52,101518639.0,361490615310.37
2009-12-02,3578.87,3597.33,3607.56,3570.29,98052033.0,352725519871.89
2009-12-03,3596.95,3590.88,3603.12,3551.48,89978572.0,323102254623.36
2009-12-04,3581.63,3643.49,3646.26,3530.06,134130901.0,488704596484.49
2009-12-07,3644.63,3668.83,3672.8,3633.45,91225546.0,334691019931.18
2009-12-08,3670.81,3624.02,3671.04,3590.94,82940864.0,300579349953.27997
2009-12-09,3579.28,3554.48,3603.7,3543.42,68521507.0,243558326201.36002
2009-12-10,3579.83,3577.24,3601.29,3544.9,57563738.0,205919306123.12
2009-12-11,3589.41,3575.02,3614.95,3568.51,54550912.0,195020601418.24
2009-12-14,3572.53,3612.75,3623.27,3495.64,83785021.0,302694334617.75
2009-12-15,3594.51,3583.34,3620.32,3578.28,69186493.0,247918727826.62
2009-12-16,3568.28,3560.72,3610.69,3550.67,56963912.0,202832540736.63998
2009-12-17,3571.05,3480.15,3582.44,3475.84,63286201.0,220245472410.15
2009-12-18,3450.04,3391.74,3453.35,3385.68,66111015.0,224231374016.09998
2009-12-21,3386.33,3396.62,3404.64,3354.65,48329805.0,164157982259.1
2009-12-22,3402.23,3305.54,3404.75,3296.76,53942685.0,178309702974.9
2009-12-23,3303.73,3336.48,3342.99,3296.29,48064504.0,160366256305.92
2009-12-24,3346.76,3438.82,3445.7,3339.3,64377823.0,221383745288.86002
2009-12-25,3434.33,3424.78,3441.96,3410.67,46914576.0,160672101593.28
2009-12-28,3432.82,3478.43,3489.57,3432.82,55375390.0,192619417837.69998
2009-12-29,3481.9,3500.74,3501.25,3451.18,55535765.0,194416273966.09998
2009-12-30,3503.82,3558.86,3561.44,3498.38,88429370.0,314707747718.2
2009-12-31,3561.37,3575.68,3579.52,3542.38,69241890.0,247586841235.19998
2010-01-04,3592.47,3535.23,3597.75,3535.23,66101080.0,233682521048.4
2010-01-05,3545.19,3564.04,3577.53,3497.66,85809641.0,305828992909.64
2010-01-06,3558.7,3541.73,3588.83,3541.17,78473125.0,277930621006.25
2010-01-07,3543.16,3471.46,3558.56,3452.77,80350037.0,278931939444.02
2010-01-08,3456.91,3480.13,3482.08,3426.7,60790253.0,211557983172.89
2010-01-11,3593.11,3482.05,3594.53,3465.32,89980172.0,313315457912.60004
2010-01-12,3477.84,3534.92,3535.41,3437.66,93743278.0,331374988267.76
2010-01-13,3448.29,3421.14,3490.11,3415.69,112457901.0,384734223427.14
2010-01-14,3433.47,3469.05,3470.32,3411.81,83353252.0,289156598850.60004
2010-01-15,3472.52,3482.74,3500.07,3448.66,72543102.0,252648763059.47998
2010-01-18,3471.78,3500.68,3501.26,3458.04,82854307.0,290046415428.76
2010-01-19,3506.81,3507.48,3528.39,3497.09,74883232.0,262651438575.36002
2010-01-20,3512.25,3394.43,3515.45,3387.82,92495146.0,313968298436.77997
2010-01-21,3397.04,3408.57,3425.18,3364.72,70595068.0,240628230932.76
2010-01-22,3364.45,3366.2,3390.8,3293.19,88933404.0,299367624544.8
2010-01-25,3340.01,3328.01,3372.43,3326.27,56849171.0,189194609579.71002
2010-01-26,3328.11,3242.8,3341.2,3222.14,61752231.0,200250134686.80002
2010-01-27,3243.04,3198.57,3255.12,3183.37,52691394.0,168537112106.58002
2010-01-28,3195.29,3206.57,3220.31,3168.46,46990716.0,150679020204.12
2010-01-29,3190.31,3204.16,3249.46,3176.92,50262613.0,161049454070.08
2010-02-01,3198.23,3152.71,3198.31,3116.44,57001380.0,179708820739.8
2010-02-02,3170.78,3146.19,3211.94,3143.09,50130033.0,157718608524.27
2010-02-03,3160.71,3230.72,3231.1,3094.57,64798894.0,209347082823.68
2010-02-04,3206.43,3218.8,3242.52,3190.44,58972726.0,189821410448.80002
2010-02-05,3147.72,3153.09,3177.42,3129.92,59105845.0,186366048811.05002
2010-02-08,3152.25,3150.99,3172.31,3133.81,37355951.0,117708228041.48999
2010-02-09,3147.76,3169.19,3178.95,3144.48,35953158.0,113942388802.02
2010-02-10,3195.14,3214.13,3214.46,3182.83,34219894.0,109987187902.22
2010-02-11,3216.69,3220.4,3238.35,3207.17,35791052.0,115261503860.8
2010-02-12,3232.88,3251.28,3253.2,3228.74,34058238.0,110732868044.64
2010-02-22,3248.95,3233.35,3261.95,3232.78,38283772.0,123784834196.2
2010-02-23,3225.39,3198.63,3225.39,3152.93,42742898.0,136718715829.74
2010-02-24,3177.08,3244.48,3244.82,3165.13,49989437.0,162189728557.76
2010-02-25,3252.15,3292.13,3294.14,3249.33,67586617.0,222503929424.21002
2010-02-26,3286.1,3281.67,3301.15,3273.69,52107288.0,170998923810.96
2010-03-01,3290.01,3324.42,3330.38,3287.56,60504520.0,201142436378.4
2010-03-02,3327.1,3311.24,3339.89,3299.69,57034374.0,188854500563.75998
2010-03-03,3313.02,3335.08,3335.65,3293.92,60622732.0,202181661038.56
2010-03-04,3338.67,3250.57,3345.91,3244.98,69346810.0,225416660181.7
2010-03-05,3253.16,3259.76,3276.4,3239.68,45629138.0,148740038886.88
2010-03-08,3268.4,3286.18,3293.93,3258.03,41540876.0,136510795893.68
2010-03-09,3285.62,3305.86,3322.51,3255.98,54199486.0,179175912787.96002
2010-03-10,3304.04,3279.69,3321.08,3267.76,46421079.0,152246748585.51
2010-03-11,3282.2,3276.71,3303.49,3251.7,47487754.0,155603598409.34
2010-03-12,3277.31,3233.13,3284.26,3232.12,39957344.0,129187287606.72
2010-03-15,3231.22,3183.18,3234.82,3171.8,37844304.0,120465231606.72
2010-03-16,3183.77,3203.97,3204.29,3169.1,30847780.0,98835361686.59999
2010-03-17,3214.22,3273.92,3274.0,3207.27,45800934.0,149948593841.28
2010-03-18,3277.88,3267.55,3295.37,3256.59,46948013.0,153404979878.15
2010-03-19,3270.98,3293.87,3296.41,3251.14,46062187.0,151722855893.69
2010-03-22,3297.82,3302.63,3313.92,3288.51,49439462.0,163280250385.06
2010-03-23,3305.55,3275.57,3309.12,3272.92,46539536.0,152443507935.52002
2010-03-24,3282.05,3276.67,3298.54,3271.03,44547966.0,145968983753.22
2010-03-25,3270.39,3229.13,3270.39,3222.82,44984285.0,145260104222.05002
2010-03-26,3226.8,3275.0,3285.39,3220.59,47444965.0,155382260375.0
2010-03-29,3295.76,3358.54,3363.61,3293.67,84724910.0,284551999231.4
2010-03-30,3361.35,3366.71,3372.26,3350.31,56436980.0,190006944935.8
2010-03-31,3369.19,3345.61,3369.9,3338.75,53124287.0,177733145830.07
2010-04-01,3349.88,3391.94,3392.48,3349.88,67772669.0,229880826887.86002
2010-04-02,3400.14,3407.35,3412.2,3391.81,69073452.0,235357426672.19998
2010-04-06,3422.85,3405.15,3436.29,3386.89,65191710.0,221987551306.5
2010-04-07,3403.09,3386.95,3404.58,3369.02,54011228.0,182933328674.59998
2010-04-08,3381.31,3346.74,3381.31,3336.16,62185322.0,208118104550.28
2010-04-09,3348.77,3379.17,3379.4,3342.47,51280567.0,173285753589.39
2010-04-12,3388.36,3351.48,3393.56,3330.3,74565150.0,249903608922.0
2010-04-13,3350.73,3391.72,3401.71,3324.05,79907695.0,271024527285.4
2010-04-14,3394.64,3403.71,3404.52,3377.44,60306131.0,205264581146.01
2010-04-15,3407.02,3394.57,3412.94,3365.88,61051685.0,207244218350.45
2010-04-16,3388.29,3356.33,3388.29,3348.78,47140368.0,158218631329.44
2010-04-19,3313.5,3176.42,3313.5,3175.44,88416300.0,280847303646.0
2010-04-20,3176.41,3173.37,3196.65,3130.96,64137859.0,203533157614.83
2010-04-21,3178.88,3236.68,3237.54,3164.76,66928331.0,216625590381.08
2010-04-22,3222.68,3201.54,3231.99,3177.73,71081688.0,227570867399.52
2010-04-23,3198.78,3190.0,3224.74,3172.58,61252679.0,195396046010.0
2010-04-26,3195.46,3172.0,3207.72,3168.37,50894199.0,161436399228.0
2010-04-27,3163.1,3108.41,3163.1,3060.85,65296574.0,202968523587.34
2010-04-28,3080.32,3097.35,3122.12,3062.09,45995406.0,142463870774.1
2010-04-29,3114.94,3060.06,3130.7,3059.8,48260971.0,147681466918.26
2010-04-30,3060.12,3067.37,3068.13,3014.07,54477881.0,167103817842.97
2010-05-04,3005.49,3019.45,3056.08,2994.92,41248610.0,124548115464.5
2010-05-05,2981.78,3036.39,3036.87,2943.36,59670441.0,181182730347.99
2010-05-06,3014.91,2896.86,3014.91,2895.39,58770413.0,170249658603.18
2010-05-07,2835.88,2836.79,2892.53,2817.15,61119399.0,173382899889.21
2010-05-10,2842.37,2858.23,2872.31,2798.52,50209173.0,143509364543.79
2010-05-11,2916.34,2800.82,2922.13,2790.7,58363490.0,163465630061.80002
2010-05-12,2781.71,2818.16,2832.15,2756.42,53002271.0,149368880041.36
2010-05-13,2818.58,2886.91,2886.97,2811.66,55145778.0,159200897965.97998
2010-05-14,2865.58,2868.02,2888.09,2849.24,42498719.0,121887176066.38
2010-05-17,2828.88,2714.72,2828.88,2712.44,52166847.0,141618382887.84
2010-05-18,2711.41,2771.35,2781.85,2686.97,54509671.0,151065376725.85
2010-05-19,2748.95,2762.17,2803.7,2723.3,45576221.0,125889270359.57
2010-05-20,2739.22,2726.02,2793.88,2721.07,42174803.0,114969356474.06
2010-05-21,2656.42,2768.79,2769.09,2647.6,54475383.0,150830895696.57
2010-05-24,2787.75,2873.47,2886.37,2787.75,74502338.0,214080233172.86
2010-05-25,2851.26,2813.94,2855.33,2798.02,55168327.0,155240362078.38
2010-05-26,2814.44,2813.94,2839.03,2797.63,39858564.0,112159607582.16
2010-05-27,2808.05,2859.98,2866.87,2771.59,53445209.0,152852228835.82
2010-05-28,2885.86,2850.3,2893.69,2835.07,51534989.0,146890179146.7
2010-05-31,2835.33,2773.26,2857.42,2772.79,46216854.0,128171352524.04001
2010-06-01,2755.28,2744.16,2782.29,2710.59,44851426.0,123079489172.15999
2010-06-02,2729.33,2757.53,2757.91,2700.08,39587020.0,109162395260.6
2010-06-03,2769.1,2736.08,2787.51,2735.7,39587258.0,108313904868.64
2010-06-04,2721.36,2744.39,2748.48,2713.1,32746291.0,89868593557.48999
2010-06-07,2692.83,2695.72,2716.4,2673.34,39541993.0,106594141369.95999
2010-06-08,2694.11,2699.34,2720.59,2672.06,35140182.0,94855298879.88
2010-06-09,2711.64,2782.13,2787.83,2687.33,60209533.0,167510748045.29
2010-06-10,2755.94,2750.02,2776.26,2746.11,42906334.0,117993276626.68
2010-06-11,2766.2,2758.87,2782.1,2755.95,40558585.0,111895863398.95
2010-06-17,2778.53,2742.73,2784.92,2742.64,32612356.0,89446887171.88
2010-06-18,2739.03,2696.17,2755.84,2686.61,41808344.0,112722402842.48
2010-06-21,2698.98,2780.66,2784.47,2686.32,55261482.0,153663392538.12
2010-06-22,2772.89,2783.72,2795.32,2766.44,39096052.0,108832461873.43999
2010-06-23,2768.7,2758.5,2788.22,2734.05,35600350.0,98203565475.0
2010-06-24,2753.71,2757.5,2783.51,2739.81,29220682.0,80576030615.0
2010-06-25,2744.12,2736.29,2759.45,2715.66,30671782.0,83926890368.78
2010-06-28,2734.51,2716.78,2751.46,2710.09,27710044.0,75282093338.32
2010-06-29,2717.47,2592.02,2724.23,2591.69,48758552.0,126383141955.04
2010-06-30,2572.91,2563.07,2575.82,2546.84,35698794.0,91498507937.58
2010-07-01,2557.92,2526.07,2574.1,2524.57,32857646.0,83000713831.22
2010-07-02,2523.03,2534.11,2542.12,2462.2,44914100.0,113817269951.0
2010-07-05,2507.35,2512.65,2529.43,2476.49,32178574.0,80853493961.1
2010-07-06,2504.87,2562.9,2563.41,2502.93,39714762.0,101784963529.8
2010-07-07,2561.11,2580.48,2580.61,2548.56,35720909.0,92177091256.32
2010-07-08,2591.51,2575.92,2602.23,2564.64,34056966.0,87728019858.72
2010-07-09,2578.55,2647.1,2662.16,2557.26,58493045.0,154836939419.5
2010-07-12,2647.42,2676.22,2689.81,2636.65,58462491.0,156458487664.02
2010-07-13,2649.66,2634.59,2649.66,2618.34,43228506.0,113889389622.54001
2010-07-14,2640.93,2653.61,2684.62,2640.54,46688860.0,123894025784.6
2010-07-15,2650.33,2608.52,2680.44,2607.79,40440459.0,105489746110.68
2010-07-16,2597.0,2616.13,2621.33,2573.79,35063302.0,91730156261.26001
2010-07-19,2592.09,2682.47,2691.94,2585.01,53868070.0,144499481732.9
2010-07-20,2685.46,2741.5,2746.24,2685.46,73128345.0,200481357817.5
2010-07-21,2744.7,2747.34,2766.21,2733.72,70757092.0,194393789135.28
2010-07-22,2738.03,2781.29,2783.14,2734.07,61064806.0,169838934279.74
2010-07-23,2787.52,2793.08,2806.98,2769.44,64518565.0,180205513530.19998
2010-07-26,2798.76,2811.05,2811.95,2775.78,53580026.0,150616132087.30002
2010-07-27,2803.75,2795.72,2812.21,2785.37,49799884.0,139226531696.47998
2010-07-28,2796.48,2863.72,2866.4,2784.16,79985954.0,229057376188.87997
2010-07-29,2866.77,2877.98,2888.6,2852.0,95965409.0,276186527793.82
2010-07-30,2871.48,2868.85,2876.14,2844.68,62575591.0,179519984240.35
2010-08-02,2868.28,2917.27,2922.61,2867.45,71743300.0,209294576791.0
2010-08-03,2925.25,2865.97,2929.61,2865.76,81748364.0,234288358773.08
2010-08-04,2858.35,2876.43,2876.6,2818.25,71318039.0,205141346920.77
2010-08-05,2874.66,2850.83,2877.31,2833.67,67157581.0,191454846642.22998
2010-08-06,2848.16,2897.66,2898.53,2821.03,74914895.0,217077894645.69998
2010-08-09,2894.1,2918.24,2922.62,2888.04,74726391.0,218069543271.84
2010-08-10,2920.4,2832.64,2925.3,2832.08,78435034.0,222178214709.75998
2010-08-11,2823.15,2850.21,2864.36,2823.15,54979133.0,156702074667.93
2010-08-12,2822.79,2816.39,2860.37,2810.1,59893227.0,168682685590.53
2010-08-13,2818.41,2855.55,2856.04,2799.22,58507721.0,167071722701.55002
2010-08-16,2851.22,2922.08,2927.69,2843.02,81068043.0,236887307089.44
2010-08-17,2927.26,2942.29,2949.73,2917.83,76452912.0,224946638448.48
2010-08-18,2945.98,2937.36,2962.75,2924.67,70747600.0,207811170336.0
2010-08-19,2940.77,2955.4,2975.19,2928.01,76924865.0,227343746021.0
2010-08-20,2943.33,2898.33,2951.96,2892.64,71663306.0,207703909678.97998
2010-08-23,2895.71,2896.19,2920.54,2886.66,48915517.0,141668631180.23
2010-08-24,2892.13,2911.83,2933.12,2866.8,61093796.0,177894748006.68
2010-08-25,2893.99,2843.02,2904.66,2842.25,63610621.0,180846267715.42
2010-08-26,2853.11,2850.09,2868.88,2836.13,48670442.0,138715140039.78
2010-08-27,2847.45,2858.57,2861.07,2833.42,40789582.0,116599875417.74
2010-08-30,2874.25,2915.01,2921.09,2872.92,65749882.0,191661563528.82
2010-08-31,2905.15,2903.19,2910.06,2889.81,65766104.0,190931495471.76
2010-09-01,2907.66,2884.04,2931.76,2859.17,76975578.0,222000645975.12
2010-09-02,2917.74,2921.39,2931.55,2903.03,70700851.0,206544759102.88998
2010-09-03,2926.94,2920.21,2929.55,2891.88,72641027.0,212127053455.67
2010-09-06,2935.89,2975.09,2980.42,2935.89,93855681.0,279229097986.29004
2010-09-07,2979.3,2983.11,2991.44,2959.9,73519361.0,219316340992.71002
2010-09-08,2970.0,2980.97,2982.72,2953.84,72872002.0,217229251801.93997
2010-09-09,2986.87,2926.46,2986.87,2922.2,81395554.0,238200832958.84
2010-09-10,2928.0,2932.55,2940.79,2890.03,65086704.0,190870013815.2
2010-09-13,2933.59,2962.32,2977.08,2925.42,67279900.0,199304593368.0
2010-09-14,2971.55,2965.01,2984.47,2954.51,70105903.0,207864703454.03003
2010-09-15,2965.54,2913.19,2965.54,2905.63,71619642.0,208641624877.98
2010-09-16,2908.32,2857.79,2917.85,2834.03,74074284.0,211688748072.36
2010-09-17,2864.72,2861.37,2877.08,2847.68,51938867.0,148616315867.79
2010-09-20,2865.04,2849.83,2872.22,2829.76,50283104.0,143298298272.32
2010-09-21,2859.43,2857.48,2869.38,2844.13,35751881.0,102160284919.88
2010-09-27,2869.93,2905.03,2905.53,2864.21,49071823.0,142555117969.69
2010-09-28,2900.54,2880.91,2900.54,2875.66,58660826.0,168996560231.66
2010-09-29,2877.27,2874.81,2908.73,2866.85,56782236.0,163238139875.16
2010-09-30,2859.06,2935.57,2935.6,2857.42,63000247.0,184941635085.79
2010-10-08,2965.65,3044.23,3055.84,2963.24,99994720.0,304406926465.6
2010-10-11,3069.19,3132.9,3154.2,3069.19,158734904.0,497300580741.60004
2010-10-12,3121.64,3172.73,3173.85,3106.22,127361705.0,404084302304.65
2010-10-13,3176.89,3217.58,3221.65,3165.58,144607773.0,465287078249.33997
2010-10-14,3245.13,3224.14,3286.02,3215.03,179611838.0,579093711369.32
2010-10-15,3204.72,3327.68,3327.68,3199.12,193414140.0,643620365395.2
2010-10-18,3345.8,3306.16,3390.01,3288.78,217882051.0,720352921734.1599
2010-10-19,3300.52,3375.67,3375.87,3280.0,130441791.0,440328440624.97003
2010-10-20,3304.22,3396.88,3439.23,3301.01,166528460.0,565677195204.8
2010-10-21,3404.72,3374.69,3418.09,3344.96,123883245.0,418067548069.05
2010-10-22,3365.6,3378.66,3408.49,3346.11,116361857.0,393147151771.62
2010-10-25,3386.85,3481.08,3481.35,3366.43,145433105.0,506264273153.39996
2010-10-26,3491.47,3466.08,3499.82,3436.46,142636999.0,494391249493.92
2010-10-27,3451.43,3403.87,3490.22,3398.1,123761570.0,421268295275.89996
2010-10-28,3390.43,3397.69,3420.89,3371.44,98349456.0,334160963156.64
2010-10-29,3400.26,3379.98,3404.6,3351.6,100458970.0,339549309420.6
2010-11-01,3390.41,3473.0,3473.0,3390.41,126269148.0,438532751004.0
2010-11-02,3484.23,3463.13,3522.18,3449.72,154911450.0,536478489838.5
2010-11-03,3462.74,3420.34,3474.71,3419.08,126359303.0,432191778423.02
2010-11-04,3426.46,3480.5,3480.93,3419.64,116799481.0,406520593620.5
2010-11-05,3538.99,3520.8,3554.47,3498.28,137688027.0,484772005461.60004
2010-11-08,3534.19,3548.57,3549.3,3506.38,126470759.0,448790341264.63
2010-11-09,3547.44,3523.95,3547.44,3498.62,122454533.0,431523651565.35
2010-11-10,3507.2,3499.11,3508.27,3470.97,120078578.0,420168153065.58
2010-11-11,3490.74,3509.98,3557.99,3484.89,138976233.0,487803798305.34
2010-11-12,3484.61,3291.83,3497.06,3284.35,160733850.0,529108509445.5
2010-11-15,3298.74,3314.89,3319.98,3241.76,102315724.0,339165370330.36
2010-11-16,3311.62,3169.54,3311.62,3155.48,108307072.0,343283596986.88
2010-11-17,3124.11,3103.91,3168.93,3087.51,83258080.0,258425587092.8
2010-11-18,3134.94,3147.96,3158.63,3097.39,65697292.0,206812447324.32
2010-11-19,3168.17,3178.85,3178.85,3076.21,83347654.0,264949689917.9
2010-11-22,3148.22,3171.94,3200.47,3137.75,83212776.0,263945932705.44
2010-11-23,3156.48,3107.18,3156.48,3061.62,77399591.0,240494461163.37997
2010-11-24,3088.99,3177.04,3177.41,3088.99,75332083.0,239333040974.32
2010-11-25,3197.97,3223.48,3227.05,3172.28,83442094.0,268973921167.12
2010-11-26,3214.13,3194.85,3224.52,3170.36,64467824.0,205965027506.4
2010-11-29,3183.54,3190.05,3206.76,3159.46,58994892.0,188196655224.6
2010-11-30,3187.53,3136.99,3205.78,3060.44,85762355.0,269035650011.44998
2010-12-01,3127.26,3136.02,3150.44,3111.65,48882668.0,153297024501.36
2010-12-02,3185.76,3155.06,3194.23,3154.32,61023908.0,192534091174.48
2010-12-03,3161.93,3158.16,3171.38,3134.42,50475354.0,159409243988.63998
2010-12-06,3168.88,3165.57,3185.33,3140.55,56362630.0,178419850649.1
2010-12-07,3152.73,3200.34,3214.69,3112.22,58483653.0,187167574042.02002
2010-12-08,3194.9,3171.88,3215.28,3166.77,59515663.0,188776541156.44
2010-12-09,3156.0,3123.37,3175.05,3122.2,66152965.0,206620186292.05
2010-12-10,3107.38,3161.98,3172.16,3101.08,57108105.0,180574685847.9
2010-12-13,3176.34,3261.06,3261.34,3173.56,95713739.0,312128245703.33997
2010-12-14,3270.2,3269.47,3279.37,3254.18,84104241.0,274976292822.26996
2010-12-15,3270.78,3247.64,3282.77,3242.52,72269785.0,234706244557.4
2010-12-16,3246.01,3230.67,3258.39,3224.12,56799625.0,183500844498.75
2010-12-17,3229.3,3225.66,3232.84,3212.58,44919147.0,144893895712.02
2010-12-20,3239.02,3178.66,3249.76,3118.0,74759693.0,237635645751.37997
2010-12-21,3184.7,3249.51,3251.55,3168.89,79852420.0,259481237314.2
2010-12-22,3253.82,3215.45,3263.45,3201.67,69936258.0,224876540786.09998
2010-12-23,3210.67,3188.61,3237.64,3183.15,61315847.0,195512322902.67
2010-12-24,3170.64,3162.96,3187.72,3139.45,55137767.0,174398551510.32
2010-12-27,3176.11,3099.71,3219.66,3092.26,70017107.0,217032726738.97
2010-12-28,3084.82,3044.93,3095.36,3041.33,56325749.0,171507962902.56998
2010-12-29,3049.93,3061.83,3062.56,3025.22,45192775.0,138372594278.25
2010-12-30,3063.05,3064.1,3079.91,3027.9,54281429.0,166323726598.9
2010-12-31,3069.05,3128.26,3129.45,3067.11,62566078.0,195722959164.28
2011-01-04,3155.56,3189.68,3194.36,3143.6,85410440.0,272431972259.19998
2011-01-05,3170.18,3175.66,3193.78,3158.87,79268810.0,251730789164.59998
2011-01-06,3177.84,3159.64,3198.05,3152.57,59681092.0,188570765526.88
2011-01-07,3156.36,3166.62,3209.9,3141.13,84093233.0,266291313482.46
2011-01-10,3162.09,3108.19,3182.78,3102.43,65494406.0,203569057785.14
2011-01-11,3096.25,3124.92,3131.29,3084.51,56985917.0,178076431751.64
2011-01-12,3135.18,3142.34,3153.43,3099.41,58498518.0,183822233052.12
2011-01-13,3153.99,3141.28,3157.04,3127.16,51936988.0,163148621664.64
2011-01-14,3129.67,3091.86,3129.67,3083.51,53351439.0,164955180186.54
2011-01-17,3067.43,2974.35,3078.88,2968.61,66807562.0,198709072034.69998
2011-01-18,2965.42,2977.65,2984.47,2947.6,42964564.0,127933433994.6
2011-01-19,2978.46,3044.85,3045.61,2967.24,56571942.0,172253077598.69998
2011-01-20,3037.86,2944.71,3037.86,2944.5,61046643.0,179764660108.53
2011-01-21,2935.23,2983.46,3030.26,2935.14,73102966.0,218099774942.36002
2011-01-24,2986.09,2954.23,2999.2,2943.92,65472545.0,193420956615.35
2011-01-25,2949.65,2938.65,2960.59,2919.16,48982689.0,143942979029.85
2011-01-26,2939.77,2978.43,2982.32,2939.36,43374979.0,129189338702.96999
2011-01-27,2953.59,3026.47,3037.16,2935.27,82585919.0,249943806275.93
2011-01-28,3020.12,3036.74,3047.27,3011.38,63013589.0,191355886259.86
2011-01-31,3035.42,3076.51,3076.55,3032.45,67105914.0,206452015480.14
2011-02-01,3083.49,3077.28,3087.23,3062.83,49862530.0,153440966318.40002
2011-02-09,3055.4,3040.95,3087.55,3031.75,60394145.0,183655575237.75
2011-02-10,3034.08,3104.16,3105.32,3024.35,66603662.0,206748423433.91998
2011-02-11,3100.27,3120.96,3133.5,3092.58,75975553.0,237116661890.88
2011-02-14,3123.25,3219.14,3227.43,3123.25,121302331.0,390489185815.33997
2011-02-15,3223.22,3217.67,3259.64,3215.62,109554438.0,352510028519.46
2011-02-16,3211.14,3248.53,3248.85,3195.47,91334283.0,296702158353.99
2011-02-17,3255.63,3245.91,3265.26,3218.91,88964695.0,288771393147.45
2011-02-18,3240.05,3211.88,3242.37,3203.12,75378684.0,242107287565.92
2011-02-21,3192.15,3257.91,3258.28,3189.85,79399776.0,258677324228.16
2011-02-22,3267.62,3163.58,3269.05,3161.83,107863741.0,341235573752.77997
2011-02-23,3152.44,3174.74,3182.19,3145.99,71324854.0,226437866987.96
2011-02-24,3170.24,3190.94,3195.69,3157.97,66486893.0,212155686349.42
2011-02-25,3190.87,3197.62,3213.79,3159.85,61619275.0,197035026125.5
2011-02-28,3200.68,3239.56,3241.6,3178.83,76630663.0,248249630628.28
2011-03-01,3241.71,3254.89,3273.51,3235.75,88566954.0,288275692905.06
2011-03-02,3237.12,3243.3,3257.42,3202.83,80910641.0,262417481955.30002
2011-03-03,3248.16,3221.72,3271.64,3221.04,101219997.0,326102488734.83997
2011-03-04,3223.51,3270.67,3273.66,3217.48,80013915.0,261699111373.05002
2011-03-07,3287.41,3334.51,3337.47,3287.41,118187197.0,394096390268.47003
2011-03-08,3335.71,3337.46,3342.71,3311.72,84878655.0,283279115916.3
2011-03-09,3344.1,3338.86,3355.49,3322.7,78026361.0,260519095688.46002
2011-03-10,3330.44,3280.26,3330.44,3279.33,78212642.0,256557801046.92
2011-03-11,3263.08,3247.38,3290.7,3240.18,67208335.0,218251002912.30002
2011-03-14,3238.91,3262.92,3263.91,3230.11,63689783.0,207814666746.36002
2011-03-15,3250.6,3203.96,3250.6,3147.96,96033979.0,307689027356.84
2011-03-16,3204.92,3248.2,3250.88,3202.93,78859520.0,256151492864.0
2011-03-17,3216.29,3197.1,3240.38,3185.08,85687114.0,273950272169.4
2011-03-18,3228.92,3215.69,3239.96,3205.14,61340161.0,197250942326.09
2011-03-21,3220.68,3207.11,3236.28,3194.15,59105037.0,189556355213.07
2011-03-22,3217.8,3222.96,3227.8,3175.93,57248684.0,184510218584.64
2011-03-23,3222.33,3264.93,3267.0,3216.65,72077585.0,235328269594.05
2011-03-24,3269.58,3251.36,3273.37,3250.02,61304244.0,199322166771.84
2011-03-25,3256.18,3294.48,3304.26,3254.68,86895979.0,286277064895.92
2011-03-28,3307.41,3290.57,3328.07,3286.86,97684300.0,321437027051.0
2011-03-29,3288.56,3257.98,3309.2,3256.34,105280164.0,343000668708.72003
2011-03-30,3256.72,3256.08,3274.98,3233.11,78336337.0,255069380178.96
2011-03-31,3257.16,3223.29,3264.96,3210.17,64503880.0,207914711365.2
2011-04-01,3227.56,3272.73,3272.77,3220.91,63094722.0,206491989531.06
2011-04-06,3269.19,3311.07,3315.3,3268.76,105823674.0,350389592271.18
2011-04-07,3313.47,3324.42,3330.8,3302.82,84681762.0,281517743228.04
2011-04-08,3321.54,3353.36,3353.89,3314.09,73929210.0,247911255645.6
2011-04-11,3363.37,3333.43,3380.53,3331.17,104420545.0,348078577319.35
2011-04-12,3324.75,3326.77,3350.16,3307.48,101938506.0,339125963605.62
2011-04-13,3311.32,3372.03,3372.03,3296.51,87036338.0,293489142826.14
2011-04-14,3374.32,3353.56,3378.7,3347.49,88972241.0,298373748527.96
2011-04-15,3345.13,3358.94,3378.11,3323.56,78514874.0,263726750873.56
2011-04-18,3346.15,3359.44,3372.9,3335.6,86582624.0,290869130370.56
2011-04-19,3334.91,3295.81,3334.91,3290.74,85106933.0,280496280850.73
2011-04-20,3300.42,3295.76,3311.73,3281.83,72343318.0,238426213731.68002
2011-04-21,3312.27,3317.37,3330.24,3301.94,73240424.0,242965585364.88
2011-04-22,3317.08,3299.94,3325.46,3291.64,67171455.0,221661771212.7
2011-04-25,3292.48,3249.57,3292.48,3247.69,74421829.0,241838942863.53
2011-04-26,3242.53,3230.96,3257.8,3216.21,59096417.0,190938159470.32
2011-04-27,3242.62,3209.5,3256.41,3189.04,62443567.0,200412628286.5
2011-04-28,3224.41,3161.78,3237.19,3160.41,65050235.0,205674532018.30002
2011-04-29,3161.16,3192.72,3193.6,3147.14,53683065.0,171394995286.8
2011-05-03,3192.85,3211.13,3212.05,3164.93,54998910.0,176608649868.30002
2011-05-04,3192.84,3129.03,3193.45,3120.96,66716340.0,208757429350.2
2011-05-05,3115.0,3126.12,3136.9,3105.85,52567747.0,164333085251.63998
2011-05-06,3093.81,3121.4,3141.68,3083.91,55352186.0,172776313380.4
2011-05-09,3126.26,3129.76,3149.94,3118.14,46027404.0,144054727943.04
2011-05-10,3135.15,3153.22,3153.3,3121.75,40932995.0,129070738493.9
2011-05-11,3153.65,3145.09,3164.65,3127.49,47688533.0,149984728252.97
2011-05-12,3123.16,3101.6,3142.4,3101.14,48799501.0,151356532301.6
2011-05-13,3105.3,3128.09,3128.44,3080.19,46895951.0,146694755363.59
2011-05-16,3120.44,3100.46,3137.6,3098.78,45194319.0,140123178286.74
2011-05-17,3097.07,3116.03,3136.23,3076.95,51203731.0,159552361907.93002
2011-05-18,3109.29,3139.38,3145.7,3106.55,39641768.0,124450573623.84001
2011-05-19,3148.35,3120.64,3154.94,3118.62,43110782.0,134533230740.48
2011-05-20,3120.58,3121.6,3133.43,3113.27,38468012.0,120081746259.2
2011-05-23,3115.31,3022.98,3115.31,3021.45,55902472.0,168992054806.56
2011-05-24,3013.72,3026.22,3029.75,2999.89,41608944.0,125917818511.68
2011-05-25,3020.32,2990.34,3030.99,2988.09,39289704.0,117489573459.36
2011-05-26,3011.47,2978.38,3021.2,2977.6,37003747.0,110211219989.86
2011-05-27,2980.72,2963.31,2996.61,2962.07,42770905.0,126743450495.55
2011-05-30,2956.58,2954.51,2982.58,2942.36,34671160.0,102436288931.6
2011-05-31,2958.61,3001.56,3001.73,2946.15,39689399.0,119130112462.44
2011-06-01,2996.09,3004.17,3006.56,2985.71,38419327.0,115418189593.59
2011-06-02,2970.63,2955.71,2984.49,2923.02,52617867.0,155523155670.57
2011-06-03,2951.58,2986.35,2993.9,2951.2,39076164.0,116695102361.4
2011-06-07,2977.68,3004.26,3006.57,2974.36,36852332.0,110713986934.32
2011-06-08,3003.58,3008.65,3012.81,2965.92,42908758.0,129097434756.7
2011-06-09,3000.4,2951.89,3004.06,2951.89,47496636.0,140204844842.04
2011-06-10,2947.93,2961.93,2964.08,2925.87,42201882.0,124999020352.26
2011-06-13,2940.39,2950.35,2957.52,2921.75,38351668.0,113150843683.8
2011-06-14,2947.66,2993.56,3000.53,2943.53,55982815.0,167587915671.4
2011-06-15,2984.96,2963.12,2999.15,2963.11,44390852.0,131535421378.23999
2011-06-16,2939.68,2917.58,2946.81,2915.4,41135482.0,120016059573.56
2011-06-17,2916.41,2892.16,2934.06,2891.01,41176530.0,119089113004.79999
2011-06-20,2888.94,2874.9,2896.08,2862.41,37991982.0,109223149051.8
2011-06-21,2883.35,2909.07,2909.57,2877.05,42038923.0,122294169731.61
2011-06-22,2913.67,2908.58,2921.03,2894.18,37318802.0,108544721121.16
2011-06-23,2899.01,2957.63,2966.54,2888.68,45941117.0,135876825872.71
2011-06-24,2946.61,3027.47,3047.94,2944.05,85459240.0,258725285322.8
2011-06-27,3028.5,3036.49,3056.02,3019.24,65615771.0,199241632483.78998
2011-06-28,3040.18,3041.73,3046.8,3014.0,55766254.0,169625887779.42
2011-06-29,3039.05,3000.17,3043.81,2999.95,53476848.0,160439635064.16
2011-06-30,3003.23,3044.09,3058.63,3003.23,62502549.0,190263384385.41
2011-07-01,3052.12,3049.75,3071.21,3034.07,56766653.0,173124099986.75
2011-07-04,3064.94,3121.98,3124.58,3064.94,80464031.0,251207095501.38
2011-07-05,3122.9,3122.5,3128.53,3105.09,67763335.0,211591013537.5
2011-07-06,3116.12,3113.71,3116.12,3084.83,61555807.0,191666931813.97
2011-07-07,3123.29,3101.68,3140.1,3101.1,71810360.0,222732757404.8
2011-07-08,3105.49,3109.18,3124.39,3093.37,51282593.0,159446812503.74
2011-07-11,3097.87,3113.21,3121.0,3086.26,47920660.0,149187077918.6
2011-07-12,3089.14,3056.91,3090.1,3054.8,57107984.0,174573967369.44
2011-07-13,3060.42,3106.25,3108.5,3060.42,54114367.0,168092752493.75
2011-07-14,3112.59,3115.75,3126.15,3092.47,60314935.0,187926258726.25
2011-07-15,3105.5,3128.89,3130.77,3097.34,61550322.0,192584187002.58
2011-07-18,3131.8,3122.6,3137.92,3113.67,60691311.0,189514687728.6
2011-07-19,3108.47,3095.13,3109.92,3088.38,53388709.0,165244994887.17
2011-07-20,3113.71,3091.57,3119.54,3071.85,44118331.0,136394908569.67001
2011-07-21,3092.27,3059.14,3099.28,3058.25,44084691.0,134861241625.73999
2011-07-22,3066.19,3067.99,3083.19,3059.6,37257255.0,114304885767.45
2011-07-25,3050.9,2968.29,3050.9,2958.88,67180996.0,199412678616.84
2011-07-26,2965.72,2977.77,2980.86,2957.61,43515457.0,129579022390.89
2011-07-27,2961.58,3000.05,3002.69,2951.52,48385612.0,145159255280.6
2011-07-28,2973.64,2981.0,2984.38,2956.71,48138984.0,143502311304.0
2011-07-29,2981.02,2972.08,2995.97,2948.08,46298253.0,137602111776.24
2011-08-01,2969.11,2977.72,2991.05,2958.83,33886949.0,100905845776.28
2011-08-02,2958.85,2956.38,2958.85,2919.01,38978357.0,115234835067.66
2011-08-03,2930.19,2954.87,2969.13,2927.1,38668362.0,114259982822.94
2011-08-04,2962.91,2960.31,2983.01,2951.84,32985719.0,97647953812.89
2011-08-05,2881.74,2897.42,2916.41,2868.16,49316854.0,142891639116.68
2011-08-08,2864.51,2793.9,2888.77,2747.97,71517766.0,199813486427.4
2011-08-09,2720.95,2798.19,2812.77,2697.06,69842676.0,195433077556.44
2011-08-10,2845.35,2824.12,2858.55,2820.12,58659312.0,165660936205.44
2011-08-11,2779.72,2866.92,2867.31,2777.76,58997689.0,169141654547.88
2011-08-12,2881.55,2875.37,2894.22,2868.87,57197406.0,164463705290.22
2011-08-15,2883.17,2917.88,2917.88,2870.19,59875476.0,174709453910.88
2011-08-16,2920.83,2897.58,2932.14,2888.33,50962681.0,147668445211.98
2011-08-17,2893.85,2886.01,2910.84,2881.63,39178179.0,113068616375.79001
2011-08-18,2887.1,2834.25,2890.0,2832.27,40768883.0,115549206642.75
2011-08-19,2789.35,2807.66,2814.1,2782.56,43259650.0,121458388919.0
2011-08-22,2809.33,2777.79,2829.69,2768.42,34209685.0,95027320896.15
2011-08-23,2788.7,2821.0,2821.0,2777.29,32620514.0,92022469994.0
2011-08-24,2834.58,2810.02,2845.47,2804.82,35301565.0,99198103681.3
2011-08-25,2818.7,2903.84,2904.44,2815.91,72216845.0,209706163184.80002
2011-08-26,2889.38,2901.22,2907.4,2876.83,45604102.0,132307532804.43999
2011-08-29,2875.78,2852.81,2875.78,2847.48,44267850.0,126287765158.5
2011-08-30,2875.14,2841.74,2901.73,2838.33,43137872.0,122586616377.27998
2011-08-31,2843.99,2846.78,2855.3,2823.77,32107899.0,91404124715.22
2011-09-01,2852.39,2834.53,2869.25,2825.96,30118702.0,85372364380.06001
2011-09-02,2828.84,2803.85,2836.62,2790.77,29317116.0,82200795696.59999
2011-09-05,2780.83,2743.82,2780.83,2743.38,32005660.0,87817770021.20001
2011-09-06,2727.75,2723.3,2745.36,2711.07,29713982.0,80920087180.6
2011-09-07,2738.79,2779.09,2779.21,2730.05,33265381.0,92447487683.29001
2011-09-08,2788.83,2756.11,2789.11,2755.8,26838735.0,73970505920.85
2011-09-09,2770.15,2751.1,2796.35,2739.62,27073503.0,74481914103.3
2011-09-13,2712.44,2720.28,2726.19,2698.66,26713764.0,72668917933.92
2011-09-14,2729.26,2733.11,2736.91,2677.13,30424780.0,83154270465.8
2011-09-15,2734.55,2729.05,2754.19,2728.91,31171925.0,85069741921.25
2011-09-16,2744.22,2733.99,2755.89,2729.0,27555932.0,75337642528.68
2011-09-19,2718.32,2679.27,2718.32,2678.79,29090941.0,77942485493.06999
2011-09-20,2675.04,2689.85,2702.28,2664.1,25598681.0,68856612087.84999
2011-09-21,2691.7,2771.01,2778.35,2677.35,56194171.0,155714609782.71002
2011-09-22,2745.15,2685.69,2754.92,2684.94,47102660.0,126503142935.40001
2011-09-23,2644.29,2669.48,2681.23,2631.43,42592224.0,113699090123.52
2011-09-26,2645.25,2610.92,2679.56,2603.11,39175124.0,102283114754.08
2011-09-27,2634.93,2637.88,2652.56,2613.42,35021974.0,92383764775.12001
2011-09-28,2654.83,2610.59,2660.1,2602.63,34169555.0,89202698587.45001
2011-09-29,2593.56,2588.19,2615.14,2577.29,37093593.0,96005266466.67
2011-09-30,2595.58,2581.35,2607.57,2572.19,32050822.0,82734389369.7
2011-10-10,2588.35,2557.08,2595.32,2552.28,28325122.0,72429602963.76
2011-10-11,2625.16,2551.99,2635.69,2526.65,45029848.0,114915721797.51999
2011-10-12,2537.4,2644.76,2647.01,2523.34,65945680.0,174410496636.80002
2011-10-13,2636.86,2662.6,2672.91,2629.41,60426201.0,160890802782.6
2011-10-14,2655.36,2653.78,2665.44,2629.88,38336948.0,101737825863.44
2011-10-17,2658.95,2666.95,2687.1,2653.38,36158315.0,96432418189.25
2011-10-18,2646.84,2592.21,2651.73,2589.21,39373448.0,102064245640.08
2011-10-19,2599.92,2583.08,2617.41,2580.66,31116166.0,80375546071.28
2011-10-20,2566.6,2520.53,2570.1,2500.49,39842462.0,100424120744.86
2011-10-21,2522.26,2507.88,2538.12,2504.69,29843503.0,74843924303.64
2011-10-24,2517.06,2576.67,2581.13,2501.96,46345801.0,119417835062.67
2011-10-25,2572.71,2625.43,2633.97,2560.05,57967375.0,152189285346.25
2011-10-26,2613.27,2651.65,2679.66,2611.01,73098240.0,193830948096.0
2011-10-27,2658.43,2657.48,2672.84,2647.3,48820391.0,129739212674.68001
2011-10-28,2694.54,2709.02,2729.14,2689.38,71643105.0,194082604307.1
2011-10-31,2704.53,2695.31,2709.32,2680.99,50407112.0,135862793044.72
2011-11-01,2672.51,2697.53,2726.09,2669.05,55206651.0,148921597272.03
2011-11-02,2658.55,2742.39,2742.94,2653.72,64361584.0,176504564345.75998
2011-11-03,2752.63,2744.3,2781.04,2743.2,84820760.0,232773611668.00003
2011-11-04,2770.57,2763.75,2781.99,2748.98,61958218.0,171237024997.5
2011-11-07,2750.99,2736.25,2769.3,2733.17,45375056.0,124157496980.0
2011-11-08,2745.06,2727.71,2756.09,2723.69,47884252.0,130614353022.92
2011-11-09,2739.15,2751.65,2755.81,2710.05,46877960.0,128991738634.0
2011-11-10,2720.84,2699.59,2729.57,2698.31,51173702.0,138148014182.18
2011-11-11,2705.24,2695.0,2713.91,2685.1,36636696.0,98735895720.0
2011-11-14,2717.54,2750.2,2751.88,2714.86,46390943.0,127584371438.59999
2011-11-15,2746.77,2744.68,2754.0,2732.91,41759864.0,114617463523.51999
2011-11-16,2745.86,2670.12,2746.29,2659.15,55949239.0,149391182038.68
2011-11-17,2671.95,2662.02,2687.83,2660.65,35247652.0,93829954577.04
2011-11-18,2643.67,2606.5,2646.21,2601.18,42414718.0,110553962467.0
2011-11-21,2608.56,2609.69,2613.26,2587.74,27971896.0,72997977272.24
2011-11-22,2592.23,2609.48,2611.15,2580.78,29069078.0,75855177659.44
2011-11-23,2613.29,2584.01,2617.09,2578.16,28531412.0,73725453922.12001
2011-11-24,2565.69,2588.92,2604.24,2557.7,30319601.0,78495021420.92
2011-11-25,2585.14,2569.97,2598.39,2563.65,23913766.0,61457661207.02
2011-11-28,2578.34,2573.32,2589.35,2562.49,25666936.0,66049239747.520004
2011-11-29,2595.09,2608.57,2609.19,2580.29,30025878.0,78324604574.46
2011-11-30,2600.1,2521.52,2601.9,2507.18,42352645.0,106793041420.4
2011-12-01,2596.15,2583.61,2630.66,2577.72,63520252.0,164111558269.72
2011-12-02,2570.56,2557.31,2575.69,2543.53,32183703.0,82303705518.93
2011-12-05,2561.2,2521.39,2561.2,2517.18,32063388.0,80844305869.31999
2011-12-06,2515.04,2516.34,2525.67,2499.57,26297581.0,66173654973.54
2011-12-07,2517.34,2528.23,2534.53,2509.78,23261839.0,58811279214.97
2011-12-08,2525.04,2525.0,2549.1,2494.69,27777744.0,70138803600.0
2011-12-09,2506.62,2503.46,2525.16,2496.97,24029059.0,60155788044.14
2011-12-12,2497.92,2477.69,2502.05,2476.12,21901249.0,54264505634.81
2011-12-13,2467.02,2421.93,2472.66,2418.67,35717534.0,86505367120.62
2011-12-14,2415.94,2397.48,2433.55,2392.3,25320109.0,60704454925.32
2011-12-15,2382.44,2340.79,2384.47,2340.45,36750834.0,86025984718.86
2011-12-16,2339.98,2390.13,2390.38,2332.14,36302339.0,86767309514.07
2011-12-19,2370.42,2384.41,2387.89,2321.66,37909752.0,90392391766.31999
2011-12-20,2376.71,2377.07,2412.57,2373.86,32402327.0,77022599441.89
2011-12-21,2397.27,2339.11,2404.77,2337.69,31209525.0,73002512022.75
2011-12-22,2325.27,2341.34,2358.47,2294.61,36683858.0,85889384089.72
2011-12-23,2337.38,2359.16,2382.71,2331.96,33161904.0,78234237440.64
2011-12-26,2345.55,2335.7,2369.82,2334.79,28224087.0,65923000005.899994
2011-12-27,2332.83,2305.03,2346.38,2302.41,29277314.0,67485087089.420006
2011-12-28,2295.87,2307.93,2309.65,2267.11,32882020.0,75889400418.59999
2011-12-29,2297.29,2311.36,2323.49,2293.87,30887700.0,71392594272.0
2011-12-30,2318.67,2345.74,2349.03,2318.67,35865243.0,84130535114.81999
2012-01-04,2361.5,2298.75,2365.99,2298.3,34344567.0,78949573391.25
2012-01-05,2290.78,2276.39,2316.66,2272.15,43016480.0,97922284907.2
2012-01-06,2274.35,2290.6,2291.89,2254.57,35198992.0,80626811075.2
2012-01-09,2291.18,2368.57,2368.89,2271.72,54727341.0,129625538072.37001
2012-01-10,2365.77,2447.35,2449.96,2361.28,81154989.0,198614662329.15
2012-01-11,2444.76,2435.61,2453.15,2423.32,58705674.0,142984126651.14
2012-01-12,2426.82,2435.22,2464.38,2423.32,47121275.0,114750671305.49998
2012-01-13,2438.41,2394.33,2445.79,2374.54,45513997.0,108975528437.01
2012-01-16,2376.95,2345.65,2394.5,2345.63,30527145.0,71605997669.25
2012-01-17,2347.57,2460.6,2462.43,2329.25,64205648.0,157984417468.8
2012-01-18,2464.92,2422.19,2485.5,2414.53,63892358.0,154759430624.02
2012-01-19,2423.86,2468.35,2480.21,2414.99,55615726.0,137279077272.09999
2012-01-20,2476.73,2504.09,2510.34,2462.59,54529783.0,136547484312.47
2012-01-30,2508.88,2460.72,2508.88,2460.4,43517148.0,107083516426.56
2012-01-31,2462.34,2464.26,2472.84,2447.77,30701501.0,75656480854.26001
2012-02-01,2458.23,2428.99,2481.66,2423.45,35015374.0,85051993292.26
2012-02-02,2437.47,2486.24,2486.24,2429.71,42066985.0,104588620786.4
2012-02-03,2478.34,2506.09,2514.65,2470.28,49949240.0,125177290871.6
2012-02-06,2511.17,2504.32,2520.76,2488.71,45079905.0,112894507689.6
2012-02-07,2489.03,2457.95,2489.03,2441.7,39679164.0,97529401153.79999
2012-02-08,2456.42,2528.24,2534.16,2451.0,56186456.0,142052845517.44
2012-02-09,2525.59,2529.23,2546.02,2513.13,59299751.0,149982709221.73
2012-02-10,2521.68,2533.62,2560.03,2521.16,61575877.0,156009873484.74
2012-02-13,2504.41,2531.98,2553.45,2496.3,51913973.0,131445141356.54001
2012-02-14,2528.97,2522.11,2533.26,2506.54,40430101.0,101969162033.11
2012-02-15,2515.83,2549.61,2562.07,2511.29,58090370.0,148107788255.7
2012-02-16,2544.64,2536.07,2559.35,2519.04,54395431.0,137950620696.17
2012-02-17,2551.81,2537.09,2558.35,2522.86,38994716.0,98933104016.44
2012-02-20,2571.91,2540.71,2574.75,2539.9,56153329.0,142669324523.59
2012-02-21,2544.84,2562.45,2562.91,2520.79,47894808.0,122728050759.59999
2012-02-22,2564.31,2597.48,2598.86,2560.34,76376656.0,198386836426.88
2012-02-23,2595.78,2606.26,2614.54,2590.52,70377126.0,183421088408.76
2012-02-24,2607.34,2648.02,2648.02,2602.78,85999708.0,227728946778.16
2012-02-27,2658.12,2656.57,2693.84,2656.57,101514034.0,269679137303.38
2012-02-28,2652.34,2662.46,2671.83,2641.46,77592536.0,206587023398.56
2012-02-29,2655.86,2634.14,2666.65,2631.78,59120206.0,155730899432.84
2012-03-01,2622.74,2633.35,2647.78,2621.86,42148441.0,110991597107.34999
2012-03-02,2637.96,2679.93,2679.93,2637.96,64122034.0,171842562577.62
2012-03-05,2687.74,2662.7,2694.61,2660.96,71395458.0,190104686016.59998
2012-03-06,2654.8,2621.05,2657.96,2615.6,62447148.0,163677097265.40002
2012-03-07,2596.48,2603.0,2628.59,2594.13,56948733.0,148237551999.0
2012-03-08,2612.4,2635.79,2645.95,2612.4,57549413.0,151688167291.27
2012-03-09,2644.1,2664.3,2664.41,2631.41,55258921.0,147226343220.30002
2012-03-12,2663.24,2654.4,2666.43,2636.42,62327216.0,165441362150.4
2012-03-13,2653.68,2681.07,2681.33,2649.17,58404469.0,156586469701.83002
2012-03-14,2694.48,2605.11,2705.75,2595.34,108426540.0,282463063619.4
2012-03-15,2602.66,2585.55,2618.25,2575.44,72565960.0,187622917878.0
2012-03-16,2591.8,2623.52,2624.32,2577.25,58091259.0,152403579811.68
2012-03-19,2617.66,2630.01,2631.04,2598.63,57646625.0,151611200216.25
2012-03-20,2622.66,2584.45,2622.66,2584.02,58114065.0,150192895289.25
2012-03-21,2597.38,2587.79,2613.27,2569.08,58002544.0,150098403337.76
2012-03-22,2586.94,2583.75,2599.24,2570.45,44926777.0,116079560073.75
2012-03-23,2575.33,2552.94,2578.83,2544.52,43329256.0,110616990812.64
2012-03-26,2551.43,2555.44,2562.93,2540.7,31816211.0,81304418237.84
2012-03-27,2565.55,2547.14,2571.9,2544.37,35944604.0,91555938632.56
2012-03-28,2538.46,2474.9,2540.42,2471.03,50005790.0,123759329671.0
2012-03-29,2463.69,2443.12,2476.48,2429.73,46131304.0,112704311428.48
2012-03-30,2447.94,2454.9,2461.98,2438.49,37027086.0,90897793421.40001
2012-04-05,2449.21,2512.83,2517.39,2441.27,54331687.0,136526293044.20999
2012-04-06,2509.45,2519.83,2525.53,2502.7,42368576.0,106761608862.08
2012-04-09,2510.53,2495.15,2518.38,2491.59,35370986.0,88255915717.90001
2012-04-10,2490.28,2519.79,2519.81,2459.35,41335905.0,104157800059.95
2012-04-11,2494.52,2520.04,2541.13,2489.33,42510310.0,107127681612.4
2012-04-12,2522.83,2570.44,2570.84,2516.57,56488409.0,145200066029.96
2012-04-13,2575.05,2580.45,2593.79,2570.03,53092643.0,137002910629.34999
2012-04-16,2564.23,2574.04,2586.2,2559.78,40839700.0,105123021388.0
2012-04-17,2572.36,2541.88,2578.76,2541.53,37815467.0,96122379257.96
2012-04-18,2550.91,2599.91,2602.11,2546.0,58688408.0,152584578843.28
2012-04-19,2598.33,2596.06,2606.86,2585.3,46448109.0,120582077850.54
2012-04-20,2591.51,2626.84,2627.38,2589.35,61446379.0,161409806212.36002
2012-04-23,2624.75,2606.04,2632.09,2599.11,58664938.0,152883175025.52
2012-04-24,2594.8,2604.87,2640.29,2559.46,71139558.0,185309300447.46
2012-04-25,2598.23,2625.99,2631.44,2593.33,62468053.0,164040482497.47
2012-04-26,2632.72,2631.49,2643.77,2617.09,58965667.0,155167563053.83
2012-04-27,2630.55,2626.16,2637.92,2623.6,48233586.0,126669114209.76
2012-05-02,2660.67,2683.49,2697.95,2643.53,80148654.0,215078111522.46
2012-05-03,2679.52,2691.52,2693.88,2675.81,59361090.0,159771560956.8
2012-05-04,2689.62,2715.88,2716.03,2677.14,63218086.0,171692735405.68
2012-05-07,2699.45,2717.78,2717.78,2694.32,68547314.0,186296519042.92
2012-05-08,2717.41,2709.12,2717.83,2683.56,63110840.0,170974838860.8
2012-05-09,2685.19,2657.51,2685.19,2655.32,58400283.0,155199336075.33002
2012-05-10,2657.87,2657.21,2667.68,2649.38,46962576.0,124789426572.96
2012-05-11,2652.31,2636.92,2666.57,2636.52,41006143.0,108129918599.56
2012-05-14,2653.81,2615.53,2656.28,2613.35,52082484.0,136223299376.52
2012-05-15,2597.64,2617.37,2618.18,2591.6,45767271.0,119789882097.26999
2012-05-16,2610.16,2574.65,2612.63,2574.08,43280274.0,111431557454.1
2012-05-17,2577.96,2613.94,2619.59,2571.2,43728389.0,114303385142.66
2012-05-18,2595.55,2573.98,2603.19,2567.3,43422124.0,111767678733.52
2012-05-21,2572.37,2587.23,2604.22,2563.97,38602090.0,99872485310.7
2012-05-22,2598.17,2627.52,2627.6,2597.6,42773529.0,112388302918.08
2012-05-23,2621.79,2616.87,2635.78,2598.29,43719531.0,114408329087.97
2012-05-24,2613.1,2595.26,2630.41,2588.21,42844066.0,111191490727.16
2012-05-25,2595.26,2573.1,2602.17,2565.65,39273004.0,101053366592.4
2012-05-28,2562.6,2614.69,2614.85,2545.34,56339275.0,147309738949.75
2012-05-29,2615.15,2650.85,2658.25,2612.56,72135637.0,191220753341.44998
2012-05-30,2646.37,2642.26,2655.16,2636.52,51855436.0,137015544325.36002
2012-05-31,2623.16,2632.04,2645.59,2617.23,44107469.0,116092622706.76
2012-06-01,2633.6,2633.0,2653.86,2623.29,44191056.0,116355050448.0
2012-06-04,2598.73,2559.03,2608.32,2558.92,52478502.0,134294060973.06001
2012-06-05,2565.19,2558.84,2573.89,2548.76,37779910.0,96672744904.40001
2012-06-06,2564.23,2557.4,2573.74,2547.33,33857694.0,86587666635.6
2012-06-07,2579.43,2542.18,2584.04,2536.26,34841186.0,88572566225.48
2012-06-08,2558.84,2524.33,2559.13,2520.41,43856426.0,110708091844.58
2012-06-11,2529.6,2558.26,2565.43,2523.77,40098260.0,102581774627.6
2012-06-12,2543.76,2540.18,2553.92,2529.95,37936676.0,96365985641.68
2012-06-13,2546.79,2580.64,2581.12,2539.63,45014568.0,116166394763.51999
2012-06-14,2573.33,2560.42,2584.71,2558.56,40247934.0,103051615172.28
2012-06-15,2565.19,2568.05,2580.17,2538.57,42786078.0,109876787607.90001
2012-06-18,2576.63,2581.21,2593.22,2572.99,35693628.0,92132749529.88
2012-06-19,2577.36,2558.62,2577.36,2556.1,32700553.0,83668288916.86
2012-06-20,2563.64,2552.61,2570.66,2549.44,29850639.0,76197039617.79001
2012-06-21,2547.05,2512.19,2547.05,2502.42,35396732.0,88923316163.08
2012-06-25,2501.16,2456.52,2501.16,2455.01,40106735.0,98522996662.2
2012-06-26,2442.56,2454.92,2465.12,2434.64,31734008.0,77904450919.36
2012-06-27,2452.67,2447.2,2470.76,2444.34,30007553.0,73434483701.59999
2012-06-28,2451.66,2425.73,2459.19,2425.24,30543113.0,74089345497.49
2012-06-29,2418.86,2461.61,2462.81,2417.49,37994941.0,93528726715.01001
2012-07-02,2473.54,2465.24,2473.97,2452.99,40510078.0,99867064688.71999
2012-07-03,2464.85,2468.72,2490.55,2457.45,38693354.0,95523056886.87999
2012-07-04,2474.53,2464.92,2481.34,2456.0,34452142.0,84921773858.64
2012-07-05,2450.3,2430.37,2450.3,2420.0,34726145.0,84397381023.65
2012-07-06,2435.06,2472.61,2477.23,2420.36,49610605.0,122667678029.05
2012-07-09,2455.89,2416.04,2470.21,2414.95,49223302.0,118925466564.08
2012-07-10,2411.0,2406.71,2426.53,2402.37,35549984.0,85558501992.64
2012-07-11,2402.18,2425.57,2427.79,2402.15,37624312.0,91260402457.84001
2012-07-12,2420.04,2449.18,2460.56,2404.58,56717691.0,138911834443.38
2012-07-13,2441.01,2450.63,2467.99,2438.98,36725256.0,90000014111.28
2012-07-16,2452.6,2399.73,2452.6,2399.61,42771870.0,102640939595.1
2012-07-17,2391.9,2414.2,2421.93,2391.28,33424329.0,80693015071.79999
2012-07-18,2412.06,2414.34,2420.78,2373.65,41751788.0,100803011839.92001
2012-07-19,2407.44,2424.32,2444.06,2401.29,46949052.0,113819525744.64001
2012-07-20,2415.71,2398.46,2423.8,2392.18,37619754.0,90229475178.84
2012-07-23,2379.89,2365.43,2379.89,2357.51,32390369.0,76617150543.67
2012-07-24,2353.22,2375.99,2392.35,2352.8,30310079.0,72016444603.20999
2012-07-25,2368.38,2360.08,2381.04,2357.47,24896501.0,58757734080.08
2012-07-26,2360.13,2347.49,2374.87,2344.7,31314094.0,73509522524.06
2012-07-27,2353.94,2349.11,2364.98,2341.29,31090525.0,73035063182.75
2012-07-30,2350.78,2335.79,2367.03,2334.0,30484851.0,71206210117.29
2012-07-31,2336.88,2332.92,2350.07,2329.5,32099723.0,74886085781.16
2012-08-01,2332.13,2358.65,2371.12,2331.95,31420848.0,74110783135.2
2012-08-02,2354.07,2334.88,2358.56,2325.61,31516159.0,73586449325.92
2012-08-03,2340.25,2353.74,2354.16,2329.93,29769785.0,70070333745.9
2012-08-06,2350.12,2385.61,2388.36,2348.12,41820665.0,99767796630.65001
2012-08-07,2383.26,2388.87,2390.78,2379.45,38285489.0,91459056107.43
2012-08-08,2390.96,2389.79,2405.18,2382.83,37810451.0,90359037695.29
2012-08-09,2388.43,2411.7,2412.14,2378.85,35658951.0,85998692126.7
2012-08-10,2409.94,2399.75,2413.42,2395.91,34702995.0,83278512251.25
2012-08-13,2394.5,2351.93,2394.5,2350.81,44783546.0,105327765343.78
2012-08-14,2352.66,2357.02,2357.85,2324.91,39850066.0,93927402563.31999
2012-08-15,2350.02,2331.62,2350.02,2330.15,30580176.0,71301349965.12
2012-08-16,2327.91,2319.67,2335.4,2317.06,25902905.0,60086191641.35
2012-08-17,2318.43,2313.48,2322.89,2295.16,26065717.0,60302514965.16
2012-08-20,2294.9,2301.79,2307.41,2279.95,27402033.0,63073725539.07
2012-08-21,2301.93,2313.7,2327.38,2296.55,34895100.0,80736792870.0
2012-08-22,2315.14,2295.59,2317.37,2285.75,31708412.0,72789513503.08
2012-08-23,2298.18,2302.2,2311.65,2285.37,31335342.0,72140224352.4
2012-08-24,2295.68,2275.68,2299.3,2274.57,31869591.0,72524990846.87999
2012-08-27,2268.49,2228.2,2268.49,2228.15,37386191.0,83303910786.2
2012-08-28,2226.9,2238.41,2250.6,2222.0,33773615.0,75599197552.15
2012-08-29,2230.2,2214.81,2240.11,2214.43,29010648.0,64253073296.88
2012-08-30,2204.51,2211.37,2223.2,2188.72,35491310.0,78484418194.7
2012-08-31,2205.57,2204.87,2218.87,2203.12,25964986.0,57249418681.82
2012-09-03,2201.12,2228.37,2236.56,2197.71,38548592.0,85900525955.04
2012-09-04,2231.72,2204.41,2234.88,2199.51,34852688.0,76829613954.08
2012-09-05,2199.74,2199.88,2209.54,2186.96,34751824.0,76449842581.12001
2012-09-06,2204.44,2217.82,2218.68,2199.86,31695884.0,70295765452.88
2012-09-07,2233.91,2317.18,2341.52,2233.91,94529764.0,219042478545.52
2012-09-10,2320.56,2326.67,2334.5,2313.57,65330554.0,152002640075.18
2012-09-11,2316.53,2311.89,2316.53,2294.82,46260719.0,106949693648.90999
2012-09-12,2325.93,2320.07,2337.2,2298.3,49622518.0,115127715336.26001
2012-09-13,2316.68,2298.46,2325.53,2298.37,42049849.0,96649895932.54001
2012-09-14,2324.01,2315.54,2332.42,2298.83,61571814.0,142571998189.56
2012-09-17,2312.05,2258.71,2314.99,2258.18,48984734.0,110642308533.14
2012-09-18,2249.43,2235.24,2253.14,2228.04,33228696.0,74274110447.04
2012-09-19,2237.22,2246.24,2249.24,2229.49,34349706.0,77157683605.43999
2012-09-20,2236.19,2195.95,2236.19,2194.22,42545779.0,93428403395.04999
2012-09-21,2190.33,2199.06,2217.47,2186.53,38120593.0,83829471242.58
2012-09-24,2183.97,2215.52,2225.8,2172.88,37501686.0,83085735366.72
2012-09-25,2209.98,2210.15,2225.33,2202.38,27877019.0,61612393542.850006
2012-09-26,2208.91,2184.89,2216.82,2181.08,27454626.0,59985337801.14
2012-09-27,2186.0,2251.72,2266.3,2185.77,53016900.0,119379214067.99998
2012-09-28,2235.06,2293.11,2297.03,2234.32,57875825.0,132715633065.75
2012-10-08,2291.96,2270.05,2305.18,2258.11,35534424.0,80664919201.20001
2012-10-09,2281.75,2320.16,2327.73,2281.75,52548887.0,121921825661.92
2012-10-10,2314.59,2324.12,2325.75,2304.61,42686238.0,99207939460.56
2012-10-11,2315.9,2302.53,2321.35,2300.93,41300655.0,95095997157.15001
2012-10-12,2311.28,2304.53,2332.15,2287.01,36874145.0,84977573376.85
2012-10-15,2306.01,2294.86,2307.88,2278.46,28651746.0,65751745825.560005
2012-10-16,2293.24,2298.16,2315.45,2287.59,32059679.0,73678271890.64
2012-10-17,2307.36,2300.8,2312.17,2280.82,33349409.0,76730320227.20001
2012-10-18,2307.49,2336.08,2341.12,2305.88,50615100.0,118240922808.0
2012-10-19,2335.11,2332.47,2342.53,2328.73,35927732.0,83800357058.04
2012-10-22,2320.47,2341.59,2347.9,2315.9,34368286.0,80476434814.74
2012-10-23,2340.89,2312.08,2344.04,2309.25,37221272.0,86058558565.76
2012-10-24,2303.4,2307.78,2321.43,2302.17,37542445.0,86639703722.1
2012-10-25,2306.73,2291.24,2322.92,2288.6,44351531.0,101620001888.43999
2012-10-26,2291.31,2247.91,2293.18,2237.06,40900519.0,91940685665.29
2012-10-29,2241.8,2235.85,2248.14,2227.65,27581325.0,61667705501.25
2012-10-30,2236.32,2239.88,2257.95,2231.78,34083125.0,76342110025.0
2012-10-31,2241.43,2254.82,2256.1,2233.68,37169795.0,83811197161.90001
2012-11-01,2256.61,2297.88,2305.63,2256.41,50761729.0,116644361834.52
2012-11-02,2297.9,2306.77,2309.67,2284.72,39833288.0,91886233759.76
2012-11-05,2302.74,2301.88,2318.23,2290.14,39510372.0,90948135099.36
2012-11-06,2301.98,2292.21,2304.05,2260.51,39280627.0,90039446015.67
2012-11-07,2288.76,2287.5,2300.89,2277.02,33067403.0,75641684362.5
2012-11-08,2269.58,2245.41,2275.4,2245.4,35426475.0,79546961229.75
2012-11-09,2241.76,2240.92,2252.2,2235.23,30506968.0,68363674730.560005
2012-11-12,2242.96,2251.85,2254.7,2232.74,34721685.0,78188026367.25
2012-11-13,2250.84,2212.44,2250.84,2208.72,34083704.0,75408150077.76
2012-11-14,2213.09,2223.11,2225.12,2206.0,26758790.0,59487733636.9
2012-11-15,2210.75,2193.62,2220.99,2193.52,28319151.0,62121456016.619995
2012-11-16,2189.51,2177.24,2191.61,2162.98,30247786.0,65856689590.63999
2012-11-19,2175.18,2174.99,2176.49,2149.54,26978666.0,58678328763.34
2012-11-20,2180.21,2164.88,2184.33,2163.53,23948916.0,51846529270.08
2012-11-21,2165.41,2194.9,2195.46,2151.38,30508482.0,66963067141.8
2012-11-22,2181.18,2177.55,2185.58,2169.66,22912351.0,49892789920.05
2012-11-23,2184.41,2192.68,2202.47,2179.73,28667493.0,62858638551.24
2012-11-26,2187.24,2175.6,2191.36,2172.1,24742696.0,53830209417.6
2012-11-27,2168.59,2150.64,2173.46,2150.22,31946746.0,68705949817.439995
2012-11-28,2142.5,2129.16,2144.8,2126.03,30009339.0,63894684225.24
2012-11-29,2128.8,2115.68,2140.88,2114.48,29670625.0,62773547899.99999
2012-11-30,2114.24,2139.66,2142.86,2109.96,36406911.0,77898411190.26
2012-12-03,2136.7,2108.85,2152.61,2108.15,40186762.0,84747853043.7
2012-12-04,2104.93,2131.47,2135.66,2102.14,36225915.0,77214451045.04999
2012-12-05,2128.39,2207.88,2219.09,2126.79,82487103.0,182121624971.64
2012-12-06,2205.61,2203.6,2216.98,2191.23,48574689.0,107039184680.4
2012-12-07,2203.89,2246.76,2250.53,2198.11,76169748.0,171135143016.48
2012-12-10,2254.92,2271.05,2276.28,2250.44,73375475.0,166639372498.75
2012-12-11,2263.21,2258.5,2274.99,2254.3,51468703.0,116242065725.5
2012-12-12,2257.73,2267.77,2273.21,2247.95,45006454.0,102064286187.58
2012-12-13,2260.6,2242.64,2266.72,2242.56,41942100.0,94061031144.0
2012-12-14,2245.64,2355.87,2357.11,2245.64,110892562.0,261248460038.94
2012-12-17,2359.2,2366.7,2380.0,2358.66,94088195.0,222678531106.49997
2012-12-18,2361.1,2368.12,2398.63,2347.08,85784849.0,203148816613.88
2012-12-19,2362.8,2371.11,2387.14,2358.03,63292530.0,150073550808.30002
2012-12-20,2361.32,2384.82,2391.92,2346.55,65655462.0,156576458886.84
2012-12-21,2386.38,2372.0,2414.22,2365.03,68714158.0,162989982776.0
2012-12-24,2368.01,2381.22,2396.73,2367.04,53087004.0,126411835664.87999
2012-12-25,2373.88,2448.4,2459.3,2365.41,95502350.0,233827953740.0
2012-12-26,2445.99,2457.62,2458.01,2441.64,71591828.0,175945508329.36
2012-12-27,2464.78,2444.59,2479.79,2443.68,73255067.0,179078604237.53
2012-12-28,2448.08,2480.05,2481.59,2444.38,67166321.0,166575834396.05002
2012-12-31,2485.56,2522.95,2522.95,2485.56,82002293.0,206887685124.34998
2013-01-04,2551.81,2524.41,2558.53,2498.89,97988182.0,247362346522.62
2013-01-07,2518.05,2535.99,2545.97,2511.6,75167993.0,190625278568.06998
2013-01-08,2534.65,2525.33,2540.51,2502.49,71837100.0,181412383743.0
2013-01-09,2518.1,2526.13,2534.24,2504.3,70231170.0,177413065472.1
2013-01-10,2525.59,2530.57,2553.35,2513.73,71085862.0,179887749801.34003
2013-01-11,2533.5,2483.23,2539.79,2473.7,74239176.0,184352949018.48
2013-01-14,2474.18,2577.73,2583.63,2474.0,93554091.0,241157186993.43
2013-01-15,2579.13,2595.86,2605.41,2576.92,98620805.0,256005802867.30002
2013-01-16,2591.37,2577.09,2600.09,2540.52,93536084.0,241050906715.56003
2013-01-17,2570.71,2552.76,2575.06,2539.67,69915239.0,178476825509.64
2013-01-18,2568.69,2595.44,2607.45,2553.45,77940303.0,202289380018.32
2013-01-21,2605.65,2610.9,2611.2,2582.65,84133742.0,219664786987.80002
2013-01-22,2610.39,2596.9,2620.02,2578.18,105766275.0,274664439547.5
2013-01-23,2588.2,2607.46,2611.41,2576.36,75739444.0,197487570652.24
2013-01-24,2606.43,2582.75,2663.4,2564.21,111277172.0,287401115983.0
2013-01-25,2580.88,2571.67,2591.51,2567.11,58487359.0,150410186519.53
2013-01-28,2577.27,2651.86,2651.97,2577.27,91274790.0,242047964609.40002
2013-01-29,2655.38,2675.87,2685.53,2646.15,101040229.0,270370517574.22998
2013-01-30,2678.43,2688.71,2689.68,2662.06,99874990.0,268534884362.9
2013-01-31,2690.95,2686.88,2696.88,2671.33,96740101.0,259929042574.88
2013-02-01,2677.19,2743.32,2744.32,2671.27,103879515.0,284974751089.8
2013-02-04,2753.69,2748.03,2768.5,2731.08,127939179.0,351580702067.37
2013-02-05,2727.93,2771.68,2779.95,2725.36,116130819.0,321877468405.92
2013-02-06,2771.91,2775.84,2787.46,2765.74,82779271.0,229782011612.64
2013-02-07,2771.53,2759.87,2775.97,2722.87,89978142.0,248327974761.53998
2013-02-08,2755.65,2771.73,2791.3,2747.95,77429644.0,214614067164.12
2013-02-18,2784.06,2737.47,2787.74,2731.51,76438227.0,209247353265.68997
2013-02-19,2735.04,2685.61,2740.74,2674.34,80626431.0,216531149357.91
2013-02-20,2686.09,2702.64,2703.1,2665.23,70019377.0,189237169055.28
2013-02-21,2675.74,2610.55,2675.74,2584.76,100657984.0,262772700131.2
2013-02-22,2607.65,2596.6,2618.48,2591.15,60204852.0,156327918703.19998
2013-02-25,2607.15,2604.96,2628.7,2590.79,53161942.0,138484732432.32
2013-02-26,2587.38,2567.6,2631.09,2564.67,80003065.0,205415869694.0
2013-02-27,2576.05,2594.68,2615.25,2569.38,63226743.0,164053165527.24
2013-02-28,2611.94,2673.33,2673.71,2594.0,86922595.0,232372780891.35
2013-03-01,2671.84,2668.84,2680.85,2627.0,73343753.0,195742741756.52002
2013-03-04,2619.42,2545.72,2619.57,2528.69,110619103.0,281605262889.16
2013-03-05,2547.89,2622.81,2623.17,2541.77,89661152.0,235164166077.12
2013-03-06,2634.87,2650.2,2658.14,2620.43,95829652.0,253967743730.4
2013-03-07,2639.78,2619.48,2658.97,2592.87,94082666.0,246447661933.68
2013-03-08,2622.68,2606.93,2632.62,2601.96,59429557.0,154928695030.00998
2013-03-11,2600.28,2592.37,2611.65,2574.17,50946436.0,132072012293.31999
2013-03-12,2590.39,2555.62,2619.51,2530.25,71935141.0,183838885042.41998
2013-03-13,2551.73,2527.49,2556.77,2515.06,56430460.0,142627423345.4
2013-03-14,2517.75,2534.27,2546.7,2514.46,47605756.0,120645839258.12
2013-03-15,2533.72,2539.87,2600.09,2504.46,81372185.0,206674771515.94998
2013-03-18,2526.08,2502.49,2544.62,2499.83,59812778.0,149680878817.22
2013-03-19,2507.4,2525.1,2532.07,2491.85,54536476.0,137710055547.6
2013-03-20,2526.97,2610.17,2610.17,2526.83,90700622.0,236744042525.74002
2013-03-21,2611.58,2614.99,2626.54,2598.51,69552756.0,181879761412.43997
2013-03-22,2612.26,2618.31,2625.53,2603.34,55647141.0,145701465751.71
2013-03-25,2628.41,2613.1,2641.61,2607.61,56261402.0,147016669566.19998
2013-03-26,2601.96,2575.05,2607.36,2554.97,63962961.0,164707822723.05002
2013-03-27,2575.73,2583.53,2611.94,2566.35,56906517.0,147019693865.01
2013-03-28,2535.99,2499.3,2535.99,2495.08,87578405.0,218884707616.50003
2013-03-29,2502.78,2495.08,2509.11,2482.49,52402137.0,130747523985.95999
2013-04-01,2486.43,2493.19,2507.83,2483.73,47346022.0,118042628590.18001
2013-04-02,2495.84,2486.39,2524.46,2475.0,55684152.0,138452518691.28
2013-04-03,2493.88,2483.55,2507.14,2474.93,45564221.0,113161021064.55
2013-04-08,2443.24,2472.3,2473.31,2429.5,53296772.0,131765609415.6
2013-04-09,2477.29,2489.43,2505.29,2477.29,52389824.0,130420799560.31999
2013-04-10,2487.98,2485.31,2495.57,2466.19,47504913.0,118064435328.03
2013-04-11,2502.5,2477.88,2508.59,2476.4,42989958.0,106523957129.04001
2013-04-12,2476.32,2462.11,2489.12,2460.18,39917278.0,98280729336.58
2013-04-15,2453.97,2436.82,2461.67,2430.15,46539734.0,113408954605.88
2013-04-16,2419.51,2459.59,2461.05,2416.62,55280613.0,135967642928.67001
2013-04-17,2457.88,2458.47,2465.2,2437.35,44692164.0,109874344429.07999
2013-04-18,2440.71,2464.85,2478.41,2434.73,42860707.0,105645213648.95
2013-04-19,2469.95,2533.83,2542.45,2469.32,75520876.0,191357061235.08
2013-04-22,2525.11,2530.67,2539.05,2518.26,62511883.0,158196946951.61002
2013-04-23,2532.2,2449.47,2532.2,2448.2,60653982.0,148570109289.53998
2013-04-24,2452.78,2495.58,2511.2,2446.59,63050916.0,157348604951.28
2013-04-25,2486.86,2467.88,2505.48,2456.57,60557927.0,149449696884.76
2013-04-26,2477.72,2447.31,2488.59,2439.8,47123378.0,115325514213.18
2013-05-02,2434.6,2449.64,2453.75,2423.08,47016088.0,115172489808.31999
2013-05-03,2457.54,2492.91,2521.12,2457.54,62330091.0,155383307154.81
2013-05-06,2502.98,2525.98,2533.86,2500.46,60418780.0,152616629904.4
2013-05-07,2519.36,2529.94,2539.3,2507.76,54490643.0,137858057351.42
2013-05-08,2542.27,2542.8,2562.01,2531.25,59554294.0,151434658783.2
2013-05-09,2542.37,2527.79,2543.3,2507.79,60240145.0,152274436129.55
2013-05-10,2519.52,2540.84,2546.98,2515.16,48816728.0,124035495171.52
2013-05-13,2542.41,2530.77,2547.6,2516.73,54092147.0,136894782863.19
2013-05-14,2526.0,2493.34,2526.15,2479.87,54880064.0,136834658773.76001
2013-05-15,2493.97,2506.93,2507.43,2491.93,44189660.0,110780384343.79999
2013-05-16,2501.12,2552.71,2553.06,2487.76,70796182.0,180722121753.22
2013-05-17,2550.45,2592.05,2598.71,2547.78,81850801.0,212161368732.05002
2013-05-20,2597.15,2609.61,2627.62,2590.05,86337803.0,225307994086.83002
2013-05-21,2607.39,2614.85,2617.4,2594.25,71505994.0,186977448410.9
2013-05-22,2613.41,2618.03,2630.07,2603.75,74191817.0,194236402660.51
2013-05-23,2604.93,2582.85,2624.08,2579.35,84825370.0,219091206904.5
2013-05-24,2591.42,2597.23,2608.35,2572.88,60739669.0,157754890516.87
2013-05-27,2593.52,2599.59,2611.97,2589.74,64195080.0,166880888017.2
2013-05-28,2600.63,2644.36,2644.36,2585.9,84196112.0,222644830728.32
2013-05-29,2648.93,2642.56,2661.23,2640.88,79277709.0,209496102695.04
2013-05-30,2633.96,2634.32,2647.44,2623.58,70146368.0,184787980149.76
2013-05-31,2638.71,2606.43,2645.56,2604.75,62528533.0,162976244267.19
2013-06-03,2605.97,2602.62,2625.94,2596.05,59774468.0,155570225906.16
2013-06-04,2600.5,2565.67,2600.5,2556.06,66315750.0,170144330302.5
2013-06-05,2565.33,2560.54,2570.03,2545.19,45637193.0,116855858164.22
2013-06-06,2552.82,2527.85,2557.68,2525.31,52496529.0,132703350832.65
2013-06-07,2526.91,2484.16,2538.89,2475.69,61030894.0,151610505639.03998
2013-06-13,2448.72,2399.94,2448.72,2375.2,69730066.0,167347974596.04
2013-06-14,2404.42,2416.77,2420.36,2396.49,55964534.0,135253406835.18
2013-06-17,2422.76,2403.84,2427.53,2394.39,50395711.0,121143225930.24
2013-06-18,2413.09,2418.75,2424.2,2393.32,48630379.0,117624729206.25
2013-06-19,2408.28,2400.76,2408.28,2366.35,54346260.0,130472327157.6
2013-06-20,2386.1,2321.47,2386.1,2320.23,55201020.0,128147511899.4
2013-06-21,2283.15,2317.39,2332.84,2269.56,58705798.0,136044229227.21999
2013-06-24,2308.07,2171.21,2308.07,2164.33,86597259.0,188020834713.39
2013-06-25,2146.05,2165.42,2169.21,2023.17,107554882.0,232901492580.44
2013-06-26,2170.33,2168.3,2181.02,2131.86,79256426.0,171851708495.80002
2013-06-27,2172.85,2160.74,2200.21,2153.18,75406753.0,162934387477.21997
2013-06-28,2149.03,2200.64,2227.46,2139.37,79451327.0,174843768249.28
2013-07-01,2187.09,2213.32,2213.97,2166.35,57726227.0,127766612743.64001
2013-07-02,2211.8,2221.98,2226.11,2191.8,61838850.0,137404687923.0
2013-07-03,2211.04,2203.83,2211.04,2169.14,65836022.0,145091400364.26
2013-07-04,2187.18,2221.98,2245.91,2176.08,72581145.0,161273852567.1
2013-07-05,2227.35,2226.85,2252.03,2225.05,61821775.0,137667819658.75
2013-07-08,2194.42,2163.62,2205.21,2162.19,54782493.0,118528497504.65999
2013-07-09,2160.7,2162.67,2174.79,2149.79,41494433.0,89738765416.11
2013-07-10,2163.1,2224.06,2224.14,2157.47,61149781.0,136000781930.86
2013-07-11,2232.16,2326.69,2351.22,2232.16,125793192.0,292681761894.48
2013-07-12,2319.02,2275.37,2331.99,2274.07,89733082.0,204175962790.34
2013-07-15,2289.76,2307.3,2336.04,2274.67,74757884.0,172488865753.2
2013-07-16,2300.83,2317.85,2317.85,2281.94,65624157.0,152106952302.44998
2013-07-17,2311.44,2282.84,2326.93,2281.61,67655248.0,154446106344.32
2013-07-18,2272.95,2245.33,2282.44,2241.93,57144292.0,128307793156.36
2013-07-19,2248.13,2190.48,2257.92,2188.75,70535282.0,154506124515.36002
2013-07-22,2170.09,2202.19,2203.06,2159.81,53283495.0,117340379854.05
2013-07-23,2211.59,2265.85,2276.74,2206.76,74809731.0,169507628986.35
2013-07-24,2253.38,2249.15,2265.58,2217.19,69592307.0,156523537289.05002
2013-07-25,2255.22,2237.68,2268.84,2227.85,65774316.0,147181871426.87997
2013-07-26,2226.43,2224.01,2238.42,2209.81,48941098.0,108845491362.98001
2013-07-29,2205.08,2175.97,2205.08,2169.02,54600925.0,118809974772.24998
2013-07-30,2184.01,2189.39,2221.59,2162.98,55193623.0,120840366259.96999
2013-07-31,2211.75,2193.02,2235.38,2187.21,48327055.0,105982198156.1
2013-08-01,2206.0,2245.36,2245.56,2200.63,62603997.0,140568510703.92
2013-08-02,2263.5,2247.26,2274.71,2244.25,60890893.0,136837668203.18001
2013-08-05,2249.98,2278.33,2278.33,2243.22,55342151.0,126087682887.83
2013-08-06,2270.67,2293.64,2302.48,2256.72,73746895.0,169148828247.8
2013-08-07,2292.38,2280.62,2313.88,2276.86,73048695.0,166596314790.9
2013-08-08,2277.25,2276.78,2297.63,2267.07,53098430.0,120893443455.40001
2013-08-09,2288.51,2286.01,2301.59,2258.33,64600017.0,147676284862.17
2013-08-12,2296.22,2352.79,2352.89,2293.18,97863216.0,230251595972.63998
2013-08-13,2352.88,2359.07,2360.83,2340.73,78393636.0,184936074878.52002
2013-08-14,2362.62,2349.08,2386.6,2340.83,75942128.0,178394134042.24
2013-08-15,2348.84,2321.58,2362.09,2319.78,61951853.0,143826182887.74
2013-08-16,2314.26,2304.14,2423.08,2295.02,120369563.0,277348324890.82
2013-08-19,2286.2,2331.43,2340.19,2284.08,72483224.0,168989562930.31998
2013-08-20,2325.86,2312.47,2353.41,2303.67,73086345.0,169009980222.15
2013-08-21,2320.58,2308.59,2321.64,2291.05,55007384.0,126989496628.56001
2013-08-22,2302.67,2303.93,2329.14,2297.02,55338104.0,127495117948.71999
2013-08-23,2314.87,2286.93,2321.04,2251.92,68967133.0,157723005471.69
2013-08-26,2294.76,2335.62,2336.38,2288.5,70371043.0,164360015451.66
2013-08-27,2332.8,2340.88,2345.11,2322.46,65990333.0,154475450713.04
2013-08-28,2326.1,2328.06,2345.36,2307.04,89256174.0,207793728442.44
2013-08-29,2338.56,2318.31,2342.32,2308.15,66085415.0,153206478448.65
2013-08-30,2315.91,2313.91,2334.41,2303.61,87654515.0,202824658803.65
2013-09-02,2319.96,2320.34,2329.87,2297.45,79510249.0,184490811164.66
2013-09-03,2326.23,2354.5,2354.86,2321.3,80554005.0,189664404772.5
2013-09-04,2352.54,2350.7,2360.66,2345.44,78725763.0,185060651084.09998
2013-09-05,2350.93,2341.74,2351.22,2336.75,62951383.0,147415771626.41998
2013-09-06,2336.77,2357.78,2361.18,2335.93,73340116.0,172919858702.48
2013-09-09,2374.26,2440.61,2449.25,2372.69,149889640.0,365822154280.4
2013-09-10,2446.45,2474.89,2475.2,2435.83,154855992.0,383251546040.88
2013-09-11,2483.79,2482.89,2504.47,2471.62,166914974.0,414431519794.86
2013-09-12,2480.47,2507.46,2527.38,2469.72,145173175.0,364015929385.5
2013-09-13,2502.54,2488.9,2515.78,2481.45,110775049.0,275708019456.10004
2013-09-16,2501.08,2478.39,2503.69,2467.13,105383282.0,261180872275.97998
2013-09-17,2480.81,2427.32,2481.71,2426.46,99459982.0,241421203508.24002
2013-09-18,2426.04,2432.51,2439.63,2407.24,71040759.0,172807356675.09003
2013-09-23,2441.52,2472.29,2473.16,2439.99,80128352.0,198100523366.08
2013-09-24,2470.72,2443.89,2470.75,2420.09,97853013.0,239141999940.56998
2013-09-25,2440.84,2429.03,2455.04,2423.28,90518418.0,219871952874.54
2013-09-26,2422.63,2384.44,2422.63,2382.53,86236770.0,205626403858.80002
2013-09-27,2382.22,2394.97,2402.2,2379.86,65971508.0,157999782514.75998
2013-09-30,2406.21,2409.04,2415.08,2397.22,59513992.0,143371587287.68
2013-10-08,2406.42,2441.81,2446.7,2392.57,84785506.0,207030096405.86
2013-10-09,2432.94,2453.58,2453.75,2424.77,76277645.0,187153304219.1
2013-10-10,2455.64,2429.32,2455.98,2422.02,90329706.0,219439761379.92
2013-10-11,2442.36,2468.51,2471.17,2439.63,93388261.0,230529856161.11002
2013-10-14,2472.27,2472.54,2483.13,2462.55,100081301.0,247455019974.54
2013-10-15,2475.32,2467.52,2479.13,2449.42,89173496.0,220037384849.92
2013-10-16,2459.08,2421.37,2459.08,2409.72,88979834.0,215453100652.58
2013-10-17,2432.65,2413.33,2440.92,2407.78,71222474.0,171883333178.41998
2013-10-18,2415.12,2426.05,2435.71,2410.6,60291630.0,146270508961.5
2013-10-21,2431.92,2471.32,2472.78,2423.56,84909795.0,209839274579.40002
2013-10-22,2470.25,2445.89,2470.25,2439.86,90703029.0,221849631600.81
2013-10-23,2451.56,2418.49,2474.37,2412.48,91545355.0,221401525613.94998
2013-10-24,2412.24,2400.51,2422.94,2395.47,64560821.0,154978896418.71002
2013-10-25,2400.52,2368.56,2413.33,2353.99,77070182.0,182545350277.91998
2013-10-28,2372.57,2365.95,2377.25,2351.86,62876152.0,148761831824.4
2013-10-29,2369.22,2372.05,2408.62,2327.9,106737833.0,253187476767.65002
2013-10-30,2371.85,2407.47,2407.85,2365.51,92178126.0,221916073001.21997
2013-10-31,2398.4,2373.72,2398.4,2370.23,82736964.0,196394386186.08
2013-11-01,2373.96,2384.96,2395.0,2365.15,63055762.0,150385470139.52
2013-11-04,2397.21,2380.45,2404.9,2376.36,51798461.0,123303646487.45
2013-11-05,2366.88,2383.77,2385.69,2343.8,62084488.0,147995139959.76
2013-11-06,2371.32,2353.57,2383.54,2352.79,63776663.0,150102840736.91
2013-11-07,2351.87,2340.55,2356.67,2328.25,54821747.0,128313039940.85
2013-11-08,2329.08,2307.95,2342.67,2306.04,53788508.0,124141187038.59999
2013-11-11,2305.94,2315.89,2325.23,2295.0,45739457.0,105927551071.73
2013-11-12,2319.36,2340.0,2342.53,2316.6,52687545.0,123288855300.0
2013-11-13,2325.36,2288.12,2325.56,2287.55,59848831.0,136941307187.71999
2013-11-14,2291.27,2304.5,2305.7,2279.01,57310356.0,132071715402.0
2013-11-15,2306.55,2350.73,2377.21,2306.55,86391771.0,203083727842.83
2013-11-18,2367.88,2428.9,2429.57,2361.04,110034633.0,267263120093.7
2013-11-19,2427.93,2412.16,2427.93,2405.08,78648296.0,189712273679.36
2013-11-20,2428.77,2424.85,2435.43,2406.42,72291801.0,175296773654.85
2013-11-21,2412.45,2409.99,2415.38,2382.88,87706677.0,211372214503.22998
2013-11-22,2415.29,2397.96,2419.0,2393.58,75000675.0,179848618623.0
2013-11-25,2385.78,2388.63,2418.85,2380.69,66144734.0,157995295974.42
2013-11-26,2387.83,2387.42,2399.02,2380.41,59185864.0,141301515430.88
2013-11-27,2386.36,2414.48,2422.81,2383.78,75294088.0,181796069594.24
2013-11-28,2419.15,2439.53,2460.56,2417.24,90660406.0,221168780249.18002
2013-11-29,2442.68,2438.94,2446.4,2432.39,61803746.0,150735628269.24
2013-12-02,2423.97,2418.79,2464.86,2397.01,119655123.0,289420614961.17
2013-12-03,2410.69,2442.78,2448.33,2406.66,74455752.0,181879021870.56003
2013-12-04,2439.82,2475.14,2486.64,2434.69,102650235.0,254073702657.9
2013-12-05,2476.45,2468.2,2481.75,2460.58,77708932.0,191801185962.4
2013-12-06,2463.04,2452.29,2470.81,2445.62,66114089.0,162130919313.81
2013-12-09,2460.03,2450.87,2468.95,2445.94,57164884.0,140103699249.08
2013-12-10,2456.23,2453.32,2466.66,2444.53,66941424.0,164228734327.68002
2013-12-11,2440.5,2412.76,2440.5,2400.74,68075144.0,164248984437.44
2013-12-12,2406.77,2410.01,2423.31,2402.77,50147719.0,120856504267.19002
2013-12-13,2388.66,2406.64,2416.26,2386.25,51501196.0,123944838341.43999
2013-12-16,2408.68,2367.92,2412.73,2367.43,64581674.0,152924237498.08002
2013-12-17,2369.25,2356.38,2373.29,2351.18,48483891.0,114246471074.58
2013-12-18,2356.7,2357.23,2368.58,2350.45,40015207.0,94325046396.61
2013-12-19,2366.21,2332.41,2370.99,2331.19,48095680.0,112178844988.79999
2013-12-20,2335.05,2278.14,2338.88,2278.1,65204207.0,148544312134.97998
2013-12-23,2283.8,2284.6,2295.76,2259.58,45580285.0,104132719111.0
2013-12-24,2291.13,2288.25,2312.83,2270.25,45599168.0,104342296176.0
2013-12-25,2291.75,2305.11,2305.61,2281.6,44005326.0,101437117015.86
2013-12-26,2299.97,2265.33,2301.49,2263.92,51497563.0,116658974390.79
2013-12-27,2268.53,2303.48,2315.18,2264.39,53389157.0,122980855366.36
2013-12-30,2313.38,2299.46,2316.62,2295.64,48414308.0,111326764673.68001
2013-12-31,2289.01,2330.03,2333.07,2287.12,56631070.0,131952092032.1
2014-01-02,2323.43,2321.98,2325.99,2310.65,45194291.0,104940239816.18001
2014-01-03,2311.97,2290.78,2314.84,2280.89,59782645.0,136948887513.1
2014-01-06,2286.37,2238.64,2286.37,2229.33,66300403.0,148422734171.91998
2014-01-07,2222.31,2238.0,2246.79,2218.65,43753103.0,97919444514.0
2014-01-08,2240.64,2241.91,2262.58,2228.42,51348854.0,115119509271.14
2014-01-09,2236.97,2222.22,2258.89,2220.8,55987041.0,124415522251.01999
2014-01-10,2216.52,2204.85,2224.49,2200.22,54169293.0,119435165671.04999
2014-01-13,2207.0,2193.68,2222.07,2183.6,50122772.0,109953322480.95999
2014-01-14,2192.84,2212.85,2214.12,2179.91,54049947.0,119604425218.95
2014-01-15,2210.02,2208.94,2215.9,2193.8,48962395.0,108154992811.3
2014-01-16,2209.45,2211.84,2227.26,2201.56,52298902.0,115676803399.68001
2014-01-17,2203.82,2178.49,2205.97,2175.88,50273155.0,109519565435.94998
2014-01-20,2173.65,2165.99,2182.46,2156.46,40560154.0,87852887962.45999
2014-01-21,2168.42,2187.41,2197.92,2168.42,40306247.0,88166287750.26999
2014-01-22,2190.43,2243.8,2244.13,2187.53,70641375.0,158505117225.0
2014-01-23,2242.25,2231.89,2248.92,2228.06,56345951.0,125757964577.39
2014-01-24,2225.76,2245.68,2257.36,2222.89,61167670.0,137363013165.59999
2014-01-27,2233.01,2215.92,2233.23,2211.8,70344246.0,155877221596.32
2014-01-28,2220.78,2219.86,2233.26,2205.97,53269130.0,118250010921.8
2014-01-29,2225.71,2227.78,2233.06,2219.93,50222717.0,111885164478.26001
2014-01-30,2223.16,2202.45,2223.16,2200.22,43632304.0,96097967944.79999
2014-02-07,2187.34,2212.48,2212.5,2177.12,50459315.0,111640225251.2
2014-02-10,2221.54,2267.53,2270.19,2221.54,83065716.0,188354003001.48
2014-02-11,2267.74,2285.56,2296.52,2262.6,99229829.0,226795727969.24
2014-02-12,2286.19,2291.25,2294.32,2276.44,76592161.0,175491788891.25
2014-02-13,2288.45,2279.55,2307.47,2278.26,96217789.0,219333260914.95
2014-02-14,2278.4,2295.58,2295.85,2274.43,67082997.0,153994386253.26
2014-02-17,2308.79,2311.65,2315.58,2293.55,87831666.0,203036070708.9
2014-02-18,2310.31,2282.44,2310.31,2276.11,87049743.0,198685815412.92
2014-02-19,2280.93,2308.66,2317.42,2274.15,99352561.0,229371283478.25998
2014-02-20,2314.09,2287.44,2331.7,2286.2,106439533.0,243474045365.52002
2014-02-21,2284.03,2264.29,2287.87,2250.65,76368993.0,172921547159.97
2014-02-24,2246.72,2214.51,2246.72,2194.16,89215939.0,197569589074.89
2014-02-25,2216.51,2157.91,2225.21,2150.1,93237551.0,201198243678.40997
2014-02-26,2147.74,2163.41,2164.7,2137.08,77993297.0,168731478662.77
2014-02-27,2170.81,2154.11,2180.06,2150.14,90104296.0,194094565056.56
2014-02-28,2149.45,2178.97,2180.47,2133.55,76668057.0,167057396161.28998
2014-03-03,2173.91,2190.37,2194.22,2167.91,82072314.0,179768734416.18
2014-03-04,2183.86,2184.27,2188.6,2161.59,73069250.0,159602970697.5
2014-03-05,2187.35,2163.98,2189.09,2159.6,61332015.0,132721253819.7
2014-03-06,2159.4,2173.63,2181.43,2136.45,69093767.0,150184284764.21002
2014-03-07,2170.04,2168.36,2189.39,2161.44,64265177.0,139350039199.72
2014-03-10,2149.68,2097.79,2149.68,2095.07,71416407.0,149816624440.53
2014-03-11,2092.61,2108.66,2118.79,2088.73,57621243.0,121503610264.37999
2014-03-12,2102.8,2114.13,2130.59,2090.76,70069747.0,148136554225.11002
2014-03-13,2119.55,2140.33,2149.44,2115.99,69226028.0,148166544509.24
2014-03-14,2129.87,2122.84,2140.38,2109.58,58617737.0,124436076813.08
2014-03-17,2132.79,2143.04,2143.2,2118.95,52409445.0,112315537012.8
2014-03-18,2146.12,2138.13,2152.46,2134.92,55354132.0,118354330253.16
2014-03-19,2131.28,2120.87,2131.28,2101.28,59303905.0,125775872997.34999
2014-03-20,2116.19,2086.97,2134.79,2086.5,67631285.0,141144462856.44998
2014-03-21,2079.87,2158.8,2163.23,2077.76,104024807.0,224568753351.6
2014-03-24,2161.9,2176.55,2186.73,2150.87,104491984.0,227432027775.2
2014-03-25,2170.78,2174.44,2191.49,2164.67,86877510.0,188909932844.4
2014-03-26,2181.23,2171.05,2186.08,2165.22,58276176.0,126520491904.8
2014-03-27,2168.34,2155.71,2186.89,2146.92,71275132.0,153648514803.72
2014-03-28,2154.51,2151.97,2172.67,2144.58,70086073.0,150823126513.81
2014-03-31,2156.05,2146.3,2165.25,2134.42,55457488.0,119028406494.40001
2014-04-01,2143.72,2163.12,2170.1,2141.15,48866403.0,105703893657.36
2014-04-02,2166.07,2180.73,2182.68,2164.01,65039257.0,141833058917.61002
2014-04-03,2188.64,2165.01,2196.14,2160.75,71536032.0,154876224640.32
2014-04-04,2157.98,2185.47,2186.15,2155.28,47945888.0,104784299847.35999
2014-04-08,2179.92,2237.32,2243.97,2178.91,97219117.0,217510274846.44
2014-04-09,2239.79,2238.62,2246.79,2228.99,66357268.0,148548707290.16
2014-04-10,2241.45,2273.76,2290.74,2229.51,114545405.0,260448760072.80002
2014-04-11,2269.56,2270.67,2281.11,2261.13,90615897.0,205758798840.99002
2014-04-14,2267.94,2268.61,2275.83,2255.46,62264998.0,141254997112.78
2014-04-15,2261.41,2229.46,2261.47,2225.69,68218130.0,152089592109.8
2014-04-16,2223.47,2232.53,2245.31,2221.15,51678010.0,115372707665.3
2014-04-17,2238.78,2224.8,2241.62,2221.95,48333628.0,107532655574.40001
2014-04-18,2215.88,2224.48,2228.77,2203.05,50757995.0,112910144717.6
2014-04-21,2209.94,2187.25,2231.71,2186.75,56278280.0,123094667930.0
2014-04-22,2184.02,2196.79,2196.85,2165.08,57094694.0,125425052832.26
2014-04-23,2191.23,2194.67,2205.59,2187.39,47763531.0,104825188579.77
2014-04-24,2192.77,2190.47,2209.45,2186.76,45058911.0,98700192778.17
2014-04-25,2195.81,2167.83,2201.71,2167.64,60245383.0,130601748628.89
2014-04-28,2165.77,2134.97,2171.39,2132.7,60485187.0,129134059689.38998
2014-04-29,2134.41,2158.47,2159.38,2131.78,48204931.0,104048897415.56999
2014-04-30,2158.76,2158.66,2164.18,2153.12,45334624.0,97862039443.84
2014-05-05,2152.59,2156.47,2161.7,2131.23,49344073.0,106409013102.31
2014-05-06,2151.39,2157.33,2173.62,2150.11,48086519.0,103738490034.26999
2014-05-07,2151.47,2137.32,2153.72,2136.99,44607470.0,95340437780.40001
2014-05-08,2132.04,2135.5,2168.21,2128.32,48332452.0,103213951246.0
2014-05-09,2138.84,2133.91,2141.56,2120.6,49181135.0,104948115787.84999
2014-05-12,2150.31,2180.05,2184.33,2139.48,83472560.0,181974354428.0
2014-05-13,2180.06,2174.85,2185.05,2167.77,64912518.0,141174989772.3
2014-05-14,2175.09,2172.37,2184.22,2169.0,48514206.0,105390805688.22
2014-05-15,2169.28,2144.08,2171.45,2142.34,46734032.0,100201503330.56
2014-05-16,2143.93,2145.95,2150.5,2132.19,42253197.0,90673248102.15
2014-05-19,2139.36,2115.14,2139.36,2105.71,42893607.0,90725983909.98
2014-05-20,2124.71,2115.77,2131.57,2110.72,37299683.0,78917550300.91
2014-05-21,2106.76,2135.91,2136.1,2096.51,38946042.0,83185240568.22
2014-05-22,2134.09,2130.87,2160.91,2128.86,46252736.0,98558567560.31999
2014-05-23,2130.77,2148.41,2148.58,2128.66,37623105.0,80829855013.04999
2014-05-26,2161.89,2155.98,2165.42,2147.45,39550656.0,85270423322.88
2014-05-27,2154.4,2147.28,2160.03,2145.75,35897171.0,77081277344.88
2014-05-28,2147.47,2169.35,2171.17,2142.01,50056260.0,108589547631.0
2014-05-29,2171.26,2155.16,2178.09,2154.93,44891556.0,96748485828.95999
2014-05-30,2156.38,2156.46,2166.91,2146.22,43923863.0,94720053604.98
2014-06-03,2157.64,2149.92,2169.0,2149.29,41982954.0,90259992463.68001
2014-06-04,2149.41,2128.27,2149.45,2117.31,41817249.0,88998396529.23
2014-06-05,2126.61,2150.6,2150.93,2123.52,36477424.0,78448348054.4
2014-06-06,2149.21,2134.72,2149.78,2123.98,35738058.0,76290747173.76
2014-06-09,2128.23,2134.28,2153.9,2126.67,39311060.0,83900809136.8
2014-06-10,2138.67,2161.27,2161.53,2132.45,50507902.0,109161213355.54
2014-06-11,2156.15,2160.77,2163.61,2152.08,42563718.0,91970404942.86
2014-06-12,2156.76,2153.41,2160.99,2148.41,43025843.0,92652280574.62999
2014-06-13,2150.99,2176.24,2183.65,2150.57,59252876.0,128948478866.23999
2014-06-16,2176.44,2191.86,2196.34,2174.28,63296875.0,138737888437.5
2014-06-17,2185.68,2169.67,2185.68,2168.45,49933665.0,108339574940.55
2014-06-18,2169.25,2160.24,2172.55,2158.5,49463897.0,106853888855.27998
2014-06-19,2161.43,2126.91,2166.41,2119.5,53162645.0,113072161276.95
2014-06-20,2124.96,2136.73,2137.03,2120.81,42393719.0,90583931198.87
2014-06-23,2137.93,2134.11,2147.23,2132.45,41179258.0,87881066290.38
2014-06-24,2131.69,2144.82,2145.21,2130.29,40164356.0,86145314035.92001
2014-06-25,2141.73,2133.37,2141.73,2126.03,37666100.0,80355727757.0
2014-06-26,2135.16,2149.08,2151.11,2134.89,44351166.0,95314203827.28
2014-06-27,2146.37,2150.26,2159.53,2138.93,52722896.0,113367934352.96
2014-06-30,2152.31,2165.12,2168.22,2152.31,54304188.0,117575083522.56
2014-07-01,2169.2,2164.56,2171.15,2157.13,53323100.0,115421049336.0
2014-07-02,2164.0,2170.87,2171.51,2155.61,59685501.0,129569463555.87
2014-07-03,2169.0,2180.19,2184.96,2164.84,63690690.0,138857805431.1
2014-07-04,2180.45,2178.7,2183.8,2174.07,52851106.0,115146704642.2
2014-07-07,2178.55,2176.29,2186.2,2171.08,50242334.0,109341889060.86
2014-07-08,2174.83,2180.47,2180.78,2163.36,50743599.0,110644895311.52998
2014-07-09,2178.14,2148.71,2178.51,2148.26,62022046.0,133267390460.66
2014-07-10,2146.6,2142.85,2151.77,2139.52,55732497.0,119426381196.45
2014-07-11,2136.32,2148.01,2154.74,2134.79,61374274.0,131832554294.74002
2014-07-14,2149.54,2171.76,2171.9,2145.28,66158863.0,143681172308.88
2014-07-15,2170.09,2174.98,2176.27,2165.21,71815694.0,156197698136.12
2014-07-16,2172.82,2170.87,2183.25,2166.77,81560230.0,177056656500.1
2014-07-17,2166.83,2157.07,2166.93,2147.08,59453568.0,128245507925.76001
2014-07-18,2147.66,2164.14,2176.33,2145.45,65473295.0,141693376641.3
2014-07-21,2164.22,2166.29,2171.94,2158.96,54172260.0,117352825115.4
2014-07-22,2162.44,2192.7,2197.59,2162.24,78542583.0,172220321744.09998
2014-07-23,2191.39,2197.83,2210.28,2190.55,84213872.0,185087774297.75998
2014-07-24,2199.83,2237.01,2239.81,2199.83,119435534.0,267178483913.34003
2014-07-25,2243.07,2260.45,2260.89,2239.07,98972838.0,223723151657.09998
2014-07-28,2272.38,2323.9,2331.47,2272.38,179869333.0,417998342958.7
2014-07-29,2326.04,2331.37,2342.77,2316.22,134269641.0,313032212938.17
2014-07-30,2324.69,2322.01,2339.04,2316.06,123022832.0,285660246132.32
2014-07-31,2321.97,2350.25,2350.55,2316.59,110987769.0,260849004092.25
2014-08-01,2341.23,2329.4,2371.5,2328.97,126317390.0,294243728266.0
2014-08-04,2336.63,2375.62,2375.62,2332.14,116713754.0,277267528277.48
2014-08-05,2376.8,2369.35,2380.77,2353.79,111861789.0,265039729767.15
2014-08-06,2358.21,2363.22,2371.67,2334.33,116341829.0,274941337129.38
2014-08-07,2363.61,2327.46,2369.2,2326.27,116729210.0,271682567106.6
2014-08-08,2329.18,2331.13,2339.27,2319.29,86739694.0,202201502874.22
2014-08-11,2338.01,2365.35,2367.0,2337.01,91601171.0,216668829824.85
2014-08-12,2361.17,2357.05,2361.17,2344.72,91822608.0,216430478186.40002
2014-08-13,2358.46,2358.9,2370.51,2335.69,110447789.0,260535289472.1
2014-08-14,2357.2,2335.95,2363.18,2334.08,97969493.0,228851837173.34998
2014-08-15,2337.99,2360.64,2366.9,2333.12,93592546.0,220938307789.44
2014-08-18,2366.27,2374.56,2379.8,2361.2,104509554.0,248164206546.24
2014-08-19,2378.89,2374.77,2379.47,2358.97,115850020.0,275117151995.4
2014-08-20,2371.65,2366.14,2375.48,2360.84,101288088.0,239661796540.31998
2014-08-21,2365.73,2354.24,2367.46,2333.3,100690211.0,237048922344.63998
2014-08-22,2352.32,2365.36,2368.46,2350.99,89823938.0,212465949987.68002
2014-08-25,2367.02,2342.86,2367.61,2338.46,97373717.0,228132986610.62003
2014-08-26,2339.6,2324.09,2350.39,2317.18,93844222.0,218102417907.98
2014-08-27,2323.79,2327.6,2336.74,2322.89,67676221.0,157523171999.6
2014-08-28,2328.06,2311.28,2336.36,2309.64,70490655.0,162923641088.40002
2014-08-29,2317.3,2338.29,2338.77,2313.26,63211423.0,147806638286.66998
2014-09-01,2340.93,2355.32,2355.55,2338.53,77320870.0,182115391528.40002
2014-09-02,2359.86,2386.46,2387.66,2349.95,114436733.0,273098685835.18
2014-09-03,2389.69,2408.84,2414.26,2389.68,129734204.0,312508939963.36005
2014-09-04,2411.93,2426.22,2427.3,2404.08,111272298.0,269971074853.55997
2014-09-05,2433.17,2449.26,2450.63,2427.99,133551764.0,327102993494.64
2014-09-09,2452.23,2445.22,2454.89,2437.08,118194344.0,289011173835.68
2014-09-10,2435.59,2432.43,2437.08,2422.65,109175517.0,265561802816.30997
2014-09-11,2430.68,2423.45,2461.47,2417.27,132982583.0,322276640771.35
2014-09-12,2418.75,2438.36,2438.36,2412.62,109160170.0,266171792121.2
2014-09-15,2433.0,2437.19,2439.25,2418.96,122247159.0,297939553443.21
2014-09-16,2440.34,2388.76,2442.92,2386.98,186742791.0,446083709429.16003
2014-09-17,2395.36,2401.33,2405.37,2379.09,125269028.0,300812275007.24
2014-09-18,2396.38,2408.66,2414.95,2389.62,115926376.0,279227224816.16
2014-09-19,2409.31,2425.21,2430.15,2402.31,101813577.0,246919305076.17
2014-09-22,2419.33,2378.92,2419.33,2374.11,102240870.0,243222850460.4
2014-09-23,2379.52,2399.46,2402.48,2379.52,84033341.0,201634640395.86002
2014-09-24,2391.42,2441.86,2443.98,2387.07,142713530.0,348486460365.8
2014-09-25,2453.42,2436.97,2462.67,2429.59,138661891.0,337914868510.26996
2014-09-26,2430.81,2437.2,2439.65,2420.5,100299494.0,244449926776.8
2014-09-29,2443.91,2447.8,2453.67,2435.61,123401727.0,302062747350.60004
2014-09-30,2452.17,2450.99,2454.89,2444.2,115804229.0,283835007236.70996
2014-10-08,2460.87,2478.38,2478.38,2445.27,121953604.0,302247373081.52
2014-10-09,2480.2,2481.96,2488.11,2461.11,137923920.0,342321652483.2
2014-10-10,2472.1,2466.79,2482.14,2457.68,147634307.0,364182832164.52997
2014-10-13,2457.41,2454.95,2460.39,2430.55,131593362.0,323055124041.89996
2014-10-14,2451.09,2446.56,2467.9,2436.34,127393705.0,311676342904.8
2014-10-15,2444.54,2463.87,2465.5,2431.19,135801882.0,334598183003.33997
2014-10-16,2448.97,2444.4,2480.3,2441.82,158166603.0,386622444373.2
2014-10-17,2443.22,2441.73,2456.11,2410.4,132759988.0,324164045499.24
2014-10-20,2448.45,2454.71,2456.62,2441.9,91435401.0,224447393188.71
2014-10-21,2453.41,2433.39,2459.25,2432.55,96241912.0,234194106241.68
2014-10-22,2434.89,2418.64,2447.47,2417.56,88656193.0,214427414637.52
2014-10-23,2415.44,2395.94,2424.66,2392.53,103491839.0,247960236733.66
2014-10-24,2397.85,2390.71,2404.99,2385.73,74974869.0,179243169066.99
2014-10-27,2377.54,2368.83,2377.54,2361.68,73862447.0,174967580327.01
2014-10-28,2373.16,2416.65,2416.77,2373.16,101523055.0,245345690865.75
2014-10-29,2423.81,2451.38,2461.27,2415.7,158584062.0,388749797905.56
2014-10-30,2450.36,2468.93,2474.38,2443.76,189626353.0,468174191712.29
2014-10-31,2473.5,2508.33,2512.19,2466.5,239172412.0,599923336191.96
2014-11-03,2515.82,2512.55,2524.17,2502.06,205801228.0,517085875411.4
2014-11-04,2511.04,2513.17,2517.46,2498.61,218247005.0,548491825555.85004
2014-11-05,2516.87,2503.45,2519.4,2499.23,190491862.0,476886851923.89996
2014-11-06,2505.17,2506.07,2510.99,2482.98,149651117.0,375036174780.19
2014-11-07,2508.76,2502.15,2541.55,2489.42,208760911.0,522351113458.65
2014-11-10,2529.83,2565.73,2565.73,2514.71,226599735.0,581393738081.55
2014-11-11,2578.44,2558.61,2602.37,2532.57,323711656.0,828251880158.16
2014-11-12,2545.4,2594.32,2594.32,2539.6,184686261.0,479135260637.52
2014-11-13,2597.39,2579.75,2607.52,2567.46,219815615.0,567069332796.25
2014-11-14,2569.21,2581.09,2581.93,2557.67,165049965.0,426008814161.85004
2014-11-17,2613.51,2567.1,2614.09,2565.94,158478095.0,406829117674.5
2014-11-18,2565.27,2541.42,2570.21,2534.93,142941356.0,363274020965.52
2014-11-19,2538.23,2537.22,2550.5,2531.32,122146974.0,309913745372.27997
2014-11-20,2528.78,2537.1,2545.47,2522.84,106149864.0,269312819954.4
2014-11-21,2537.54,2583.46,2585.36,2530.03,151028139.0,390175155980.94
2014-11-24,2614.16,2649.26,2667.67,2602.94,279839720.0,741368176607.2001
2014-11-25,2650.09,2685.56,2686.06,2643.84,222611699.0,597837074366.44
2014-11-26,2695.26,2723.02,2723.36,2690.31,243962485.0,664314725904.7
2014-11-27,2737.03,2754.49,2754.49,2718.7,265464730.0,731219944137.7
2014-11-28,2753.93,2808.82,2809.54,2740.37,375323662.0,1054216608298.8401
2014-12-01,2825.61,2819.81,2855.33,2808.65,365487417.0,1030605073330.77
2014-12-02,2807.34,2923.94,2944.51,2804.29,361465322.0,1056902913608.68
2014-12-03,2936.12,2967.55,3028.23,2912.25,466156685.0,1383343270571.75
2014-12-04,2975.4,3104.35,3104.89,2968.88,426812928.0,1324976713036.8
2014-12-05,3143.97,3124.89,3195.8,3011.94,524881260.0,1640196200561.4
2014-12-08,3108.27,3252.88,3270.88,3075.7,484462344.0,1575897869550.72
2014-12-09,3233.1,3106.91,3387.83,3074.52,632874567.0,1966284320957.97
2014-12-10,3120.21,3221.55,3229.05,3058.19,425018708.0,1369219018757.4001
2014-12-11,3185.16,3183.01,3254.42,3158.44,367091691.0,1168456523369.9102
2014-12-12,3182.92,3193.23,3239.45,3167.93,301065325.0,961370827749.75
2014-12-15,3176.83,3217.23,3226.22,3143.3,290193834.0,933620308559.82
2014-12-16,3221.36,3303.4,3303.4,3207.69,358123847.0,1183026316179.8
2014-12-17,3325.82,3360.6,3368.19,3275.74,448140770.0,1506021871662.0
2014-12-18,3359.09,3345.93,3393.71,3322.23,355970207.0,1191051394707.51
2014-12-19,3345.63,3383.17,3397.18,3280.92,411211590.0,1391198714940.3
2014-12-22,3396.25,3394.48,3455.21,3357.66,549801671.0,1866290776176.08
2014-12-23,3358.8,3324.92,3431.78,3316.91,369736093.0,1229342930337.56
2014-12-24,3332.15,3230.39,3340.36,3188.5,317449587.0,1025485971348.9299
2014-12-25,3254.48,3335.42,3335.78,3226.32,309799547.0,1033311605054.74
2014-12-26,3343.64,3445.84,3453.34,3335.01,384614124.0,1325318733044.1602
2014-12-29,3502.18,3455.46,3524.28,3405.84,425015037.0,1468622459752.02
2014-12-30,3450.81,3457.55,3491.83,3422.17,328233873.0,1134885027591.1501
2014-12-31,3462.39,3533.71,3542.34,3452.5,345934760.0,1222433120759.6
2015-01-05,3566.09,3641.54,3669.04,3551.51,451198098.0,1643055921790.92
2015-01-06,3608.43,3641.06,3683.23,3587.23,420962185.0,1532748573316.1
2015-01-07,3620.92,3643.79,3671.19,3601.7,320191232.0,1166709609249.28
2015-01-08,3650.07,3559.26,3659.95,3552.1,295003045.0,1049992537946.7001
2015-01-09,3547.57,3546.72,3689.75,3536.4,349982672.0,1241290542435.8398
2015-01-12,3531.51,3513.58,3560.53,3461.32,266567175.0,936605094736.5
2015-01-13,3506.45,3514.04,3550.16,3494.77,187153965.0,657666519168.6
2015-01-14,3522.91,3502.42,3547.24,3471.56,196012510.0,686518135274.2001
2015-01-15,3501.72,3604.12,3604.12,3482.27,237812338.0,857104203632.5599
2015-01-16,3616.25,3635.15,3662.16,3601.26,282681614.0,1027590069132.1
2015-01-19,3414.01,3355.16,3497.25,3330.98,329505275.0,1105542918469.0
2015-01-20,3336.79,3396.22,3419.2,3325.68,297843232.0,1011541141383.0399
2015-01-21,3420.49,3548.89,3557.79,3409.43,337928210.0,1199270045186.9
2015-01-22,3551.05,3567.61,3576.76,3520.05,268853599.0,959164788328.39
2015-01-23,3582.09,3571.73,3627.81,3548.63,280172172.0,1000699351897.56
2015-01-26,3580.12,3607.99,3611.62,3559.38,239766203.0,865074062761.97
2015-01-27,3614.04,3574.93,3616.26,3510.02,287669179.0,1028397178082.47
2015-01-28,3547.24,3525.32,3583.31,3512.39,216220214.0,762245444818.48
2015-01-29,3474.92,3481.8,3505.58,3453.9,211618860.0,736814546748.0
2015-01-30,3496.89,3434.39,3514.22,3431.94,196479157.0,674786052009.23
2015-02-02,3360.19,3353.96,3407.26,3347.09,195183699.0,654638319098.04
2015-02-03,3388.6,3437.45,3441.71,3360.72,192846096.0,662898812695.2
2015-02-04,3446.14,3401.77,3476.82,3399.56,191304349.0,650773395297.73
2015-02-05,3487.95,3366.95,3487.95,3366.86,250430609.0,843187338972.5499
2015-02-06,3352.33,3312.42,3374.05,3285.94,192664186.0,638184702990.12
2015-02-09,3305.73,3345.92,3376.53,3298.6,172353820.0,576682093414.4
2015-02-10,3345.08,3406.94,3407.18,3339.55,159309088.0,542756504270.72003
2015-02-11,3415.98,3434.12,3445.66,3412.14,144613772.0,496621046700.64
2015-02-12,3435.36,3442.87,3453.58,3405.63,156081691.0,537368971493.17
2015-02-13,3458.83,3469.83,3509.5,3452.08,201089971.0,697748014074.9299
2015-02-16,3473.29,3499.48,3504.48,3466.61,165641343.0,579658567001.64
2015-02-17,3511.54,3522.32,3536.82,3511.09,165328313.0,582339223446.16
2015-02-25,3529.55,3478.73,3529.55,3463.96,165539351.0,575866706504.23
2015-02-26,3473.71,3566.29,3569.33,3456.87,229328438.0,817851715155.02
2015-02-27,3565.23,3572.84,3594.81,3560.46,222786438.0,795980297143.92
2015-03-02,3603.45,3601.26,3608.69,3566.53,248176125.0,893746751917.5
2015-03-03,3579.31,3507.9,3579.31,3504.2,261866489.0,918601456763.1
2015-03-04,3514.67,3530.82,3540.91,3497.17,199663981.0,704977577394.42
2015-03-05,3513.25,3496.34,3517.08,3467.68,217508805.0,760484735273.7001
2015-03-06,3501.18,3478.52,3516.24,3472.39,181518054.0,631414181200.08
2015-03-09,3449.7,3537.75,3546.71,3417.49,233940411.0,827622689015.25
2015-03-10,3523.64,3520.61,3551.21,3511.99,194267657.0,683940655910.77
2015-03-11,3524.58,3524.65,3568.92,3512.22,188947825.0,665974951386.25
2015-03-12,3557.69,3592.84,3603.34,3536.53,265664625.0,954490491285.0
2015-03-13,3604.67,3617.66,3641.39,3594.74,246864768.0,893072796602.88
2015-03-16,3641.77,3705.67,3705.74,3621.12,275438307.0,1020683471100.6901
2015-03-17,3733.96,3757.12,3762.58,3716.81,371625666.0,1396242222241.92
2015-03-18,3769.09,3846.05,3846.05,3763.85,415190011.0,1596841541806.55
2015-03-19,3851.25,3839.74,3859.13,3809.71,391547630.0,1503441096816.2
2015-03-20,3852.49,3892.57,3916.86,3832.42,401817552.0,1564102948388.6401
2015-03-23,3923.08,3972.06,3972.3,3922.21,391119922.0,1553551797379.32
2015-03-24,3980.07,3973.05,3989.86,3883.78,468581312.0,1861696981641.6
2015-03-25,3961.58,3940.41,3980.72,3913.99,379968851.0,1497233060168.91
2015-03-26,3921.75,3950.0,3992.0,3892.88,346756315.0,1369687444250.0
2015-03-27,3957.54,3971.7,3993.03,3932.87,298756064.0,1186569459388.8
2015-03-30,3999.02,4088.18,4101.65,3999.02,428297020.0,1750955311223.5999
2015-03-31,4138.88,4051.2,4166.02,4037.77,436065635.0,1766589100512.0
2015-04-01,4057.5,4123.9,4139.5,4046.94,329512853.0,1358878054486.7
2015-04-02,4149.95,4124.78,4156.84,4068.65,339070487.0,1398591163367.8599
2015-04-03,4104.67,4170.54,4170.56,4092.38,321303766.0,1340010208253.64
2015-04-07,4213.89,4260.04,4260.47,4197.02,415362654.0,1769461520546.16
2015-04-08,4277.45,4295.8,4304.78,4204.83,458676715.0,1970383432297.0
2015-04-09,4316.96,4262.14,4332.17,4212.61,439699902.0,1874062540310.28
2015-04-10,4249.38,4344.42,4351.69,4231.2,348190170.0,1512684338351.4001
2015-04-13,4394.05,4421.07,4432.02,4361.59,434153036.0,1919420962868.5198
2015-04-14,4432.13,4438.18,4474.35,4385.91,434432126.0,1928087972970.6802
2015-04-15,4439.31,4380.51,4476.0,4379.61,472154131.0,2068275892386.81
2015-04-16,4355.49,4513.55,4513.77,4335.63,422603748.0,1907443146785.4001
2015-04-17,4578.68,4596.14,4630.27,4553.9,552802663.0,2540758431520.8203
2015-04-20,4615.03,4521.92,4671.17,4492.6,686439075.0,3104022582024.0
2015-04-21,4520.46,4619.16,4620.06,4504.56,490314991.0,2264843393827.56
2015-04-22,4637.06,4739.81,4740.93,4632.59,516213792.0,2446755293459.52
2015-04-23,4764.48,4740.89,4782.04,4693.97,497430954.0,2358265435509.06
2015-04-24,4682.63,4702.64,4730.43,4618.32,480152936.0,2257986402951.04
2015-04-27,4753.87,4807.59,4810.48,4735.31,513076548.0,2466661681399.3203
2015-04-28,4811.32,4741.86,4839.08,4703.57,608638545.0,2886078770993.6997
2015-04-29,4722.9,4774.33,4797.93,4695.79,395056980.0,1886132391323.4
2015-04-30,4788.41,4749.89,4818.73,4749.48,399727444.0,1898661388981.1602
2015-05-04,4757.64,4787.74,4795.92,4699.4,377843853.0,1809018128762.22
2015-05-05,4785.19,4596.84,4785.19,4572.98,460419626.0,2116475353581.84
2015-05-06,4626.23,4553.33,4700.91,4511.76,376073702.0,1712387669527.66
2015-05-07,4520.82,4470.09,4546.34,4467.46,297759203.0,1331010435738.27
2015-05-08,4515.55,4558.4,4559.06,4445.59,302407967.0,1378496476772.7998
2015-05-11,4582.09,4690.53,4690.95,4535.15,373838420.0,1753500324162.5999
2015-05-12,4692.12,4747.42,4748.0,4660.02,377053891.0,1790033183211.22
2015-05-13,4746.71,4718.44,4758.0,4678.85,370730424.0,1749269261818.5598
2015-05-14,4717.96,4700.78,4735.28,4670.17,337725152.0,1587571640018.5598
2015-05-15,4690.75,4617.47,4690.75,4592.05,328431166.0,1516521056070.02
2015-05-18,4582.06,4575.14,4623.38,4565.06,269180489.0,1231538422443.4602
2015-05-19,4577.64,4731.22,4740.0,4577.64,314785952.0,1489321591821.4402
2015-05-20,4751.57,4754.92,4843.1,4745.21,363180748.0,1726895402280.16
2015-05-21,4768.69,4840.98,4841.62,4746.03,305054537.0,1476762912526.2598
2015-05-22,4895.92,4951.34,4951.99,4870.6,455846718.0,2257052088702.12
2015-05-25,4949.11,5099.5,5099.84,4949.11,465736590.0,2375023740705.0
2015-05-26,5140.8,5198.92,5199.29,5063.15,487949359.0,2536809681492.2803
2015-05-27,5216.17,5181.43,5226.84,5126.86,470798730.0,2439410663583.9
2015-05-28,5174.1,4834.01,5213.18,4831.33,571829047.0,2764227331488.47
2015-05-29,4839.53,4840.83,4924.3,4665.52,427878859.0,2071288817012.97
2015-06-01,4862.76,5076.18,5079.32,4835.77,417503741.0,2119324139989.3801
2015-06-02,5091.27,5161.87,5162.56,5047.08,412973196.0,2131713951236.52
2015-06-03,5176.6,5143.59,5186.97,5059.5,414258270.0,2130774694989.3
2015-06-04,5156.01,5181.42,5194.23,4863.46,482767268.0,2501419977760.56
2015-06-05,5254.9,5230.55,5288.34,5104.18,545961196.0,2855677333737.8003
2015-06-08,5259.41,5353.75,5370.61,5202.6,637313237.0,3412015742588.75
2015-06-09,5379.47,5317.46,5380.43,5251.21,570427263.0,3033224153911.98
2015-06-10,5254.3,5309.11,5374.83,5209.68,442165676.0,2347506212108.36
2015-06-11,5305.14,5306.59,5329.29,5248.16,392338755.0,2081980913895.45
2015-06-12,5329.28,5335.12,5351.65,5283.09,430131386.0,2294802560076.32
2015-06-15,5354.01,5221.17,5362.45,5207.31,475745703.0,2483949192132.5103
2015-06-16,5165.02,5064.82,5204.3,5015.27,411675638.0,2085063004855.16
2015-06-17,5072.31,5138.83,5158.37,4949.29,397124187.0,2040753685881.21
2015-06-18,5107.69,4930.55,5121.22,4926.43,364395814.0,1796671780717.7
2015-06-19,4847.06,4637.05,4910.45,4634.69,358104744.0,1660549603165.2
2015-06-23,4641.42,4786.09,4786.96,4455.33,365087944.0,1747343757898.96
2015-06-24,4811.6,4880.13,4883.73,4744.31,434638723.0,2121093471273.99
2015-06-25,4906.24,4706.52,4919.26,4667.22,446135982.0,2099747922002.6401
2015-06-26,4573.87,4336.19,4650.19,4278.67,446639790.0,1936714991000.0999
2015-06-29,4446.84,4191.55,4451.17,4000.93,525662482.0,2203340576427.1
2015-06-30,4161.07,4473.0,4475.77,4016.01,527045280.0,2357473537440.0
2015-07-01,4408.98,4253.02,4526.13,4235.7,431721411.0,1836119795411.2202
2015-07-02,4287.73,4108.0,4312.19,4000.06,457062194.0,1877611492952.0
2015-07-03,4017.2,3885.92,4164.63,3785.9,429300850.0,1668228759032.0
2015-07-06,4218.27,3998.54,4218.27,3832.47,648094530.0,2591431901986.2
2015-07-07,3877.85,3928.0,3960.64,3743.62,679385007.0,2668624307496.0
2015-07-08,3651.06,3663.04,3762.62,3612.25,581467097.0,2129937234994.88
2015-07-09,3621.68,3897.63,3930.26,3537.83,503870610.0,1963901205654.3
2015-07-10,3916.27,4106.56,4179.11,3887.55,500701802.0,2056161992021.12
2015-07-13,4132.23,4211.81,4278.16,4072.43,502092186.0,2114716889916.6602
2015-07-14,4178.63,4112.15,4258.51,4062.5,454422009.0,1868651464309.3499
2015-07-15,4068.88,3966.76,4114.24,3899.51,421956367.0,1673799638360.9202
2015-07-16,3949.64,3997.36,4067.02,3856.32,330531345.0,1321252777249.2
2015-07-17,4023.76,4151.5,4190.19,4000.23,331107131.0,1374591254346.5
2015-07-20,4157.06,4160.61,4221.69,4106.39,352673472.0,1467336774337.92
2015-07-21,4109.76,4166.01,4201.48,4081.7,318374945.0,1326353204619.45
2015-07-22,4148.56,4157.16,4187.43,4094.71,318945997.0,1325909540888.52
2015-07-23,4158.93,4250.81,4262.06,4148.82,354471759.0,1506792097874.79
2015-07-24,4255.2,4176.28,4299.65,4154.62,392045373.0,1637291250352.44
2015-07-27,4097.8,3818.73,4156.31,3817.17,365054511.0,1394044612791.03
2015-07-28,3690.97,3811.09,3883.45,3627.42,383527216.0,1461656737625.44
2015-07-29,3839.96,3930.38,3934.0,3769.19,276972845.0,1088608530531.1
2015-07-30,3915.78,3815.41,3968.53,3802.88,271548665.0,1036069491927.6499
2015-07-31,3777.16,3816.7,3863.62,3757.99,222376767.0,848745406608.8999
2015-08-03,3766.07,3829.24,3829.24,3742.58,245805030.0,941246453077.2
2015-08-04,3827.37,3948.16,3948.45,3801.03,220236556.0,869529160936.96
2015-08-05,3937.62,3866.9,3962.28,3858.66,200484269.0,775252619796.1
2015-08-06,3802.93,3831.85,3888.69,3793.24,147278694.0,564349863603.9
2015-08-07,3866.43,3906.95,3926.65,3857.91,183349153.0,716335973313.35
2015-08-10,3947.47,4084.36,4101.73,3932.84,306780540.0,1253002166354.4001
2015-08-11,4083.59,4066.67,4110.13,4042.0,322034191.0,1309606783513.97
2015-08-12,4025.67,4016.13,4078.03,4015.35,255146196.0,1024700292141.48
2015-08-13,4010.01,4075.46,4075.7,3967.82,242836979.0,989672394435.34
2015-08-14,4097.92,4073.54,4113.16,4056.73,253392996.0,1032206504925.84
2015-08-17,4058.11,4077.87,4081.77,4009.99,256939638.0,1047766441611.0599
2015-08-18,4084.31,3825.41,4103.05,3816.55,319881070.0,1223676243988.7
2015-08-19,3748.27,3886.14,3898.74,3668.19,269049839.0,1045565341331.46
2015-08-20,3848.4,3761.45,3880.82,3761.45,212167965.0,798059191949.25
2015-08-21,3714.29,3589.54,3757.78,3578.17,217986403.0,782470913024.62
2015-08-24,3454.6,3275.53,3468.15,3266.55,255436652.0,836690416725.56
2015-08-25,3070.01,3042.93,3200.11,3019.56,276081306.0,840096088466.58
2015-08-26,3062.57,3025.69,3192.93,2952.01,308270623.0,932731341304.87
2015-08-27,3092.81,3205.64,3206.72,3028.4,267294930.0,856851319405.2
2015-08-28,3246.24,3342.29,3353.24,3223.62,299498426.0,1001010594235.54
2015-08-31,3307.4,3366.54,3368.28,3205.54,280250403.0,943474191715.62
2015-09-01,3296.53,3362.08,3370.5,3190.58,352458528.0,1184993767818.24
2015-09-02,3220.85,3365.83,3387.02,3213.64,347789412.0,1170600036591.96
2015-09-07,3347.29,3250.49,3422.22,3240.24,204224431.0,663829470721.19
2015-09-08,3221.79,3334.02,3340.22,3170.81,154599631.0,515438261746.62
2015-09-09,3344.82,3399.31,3426.65,3330.29,220467421.0,749437108879.51
2015-09-10,3349.28,3357.56,3398.32,3337.31,144882971.0,486453268110.76
2015-09-11,3349.88,3347.19,3383.13,3315.48,108547508.0,363329133302.52
2015-09-14,3367.64,3281.13,3373.92,3187.57,205457251.0,674131949973.63
2015-09-15,3208.74,3152.23,3240.08,3131.98,143555641.0,452520398229.43
2015-09-16,3149.16,3309.25,3345.92,3131.37,159709994.0,528520297644.5
2015-09-17,3287.66,3237.0,3354.91,3237.0,169401881.0,548353888797.0
2015-09-18,3254.44,3251.27,3280.88,3227.83,106903481.0,347572080670.87
2015-09-21,3222.6,3308.25,3312.55,3211.93,122788668.0,406215610911.0
2015-09-22,3312.37,3339.03,3371.41,3303.18,146221985.0,488239594574.55005
2015-09-23,3290.07,3263.03,3315.94,3253.33,123171439.0,401912100600.17004
2015-09-24,3278.9,3285.0,3300.86,3255.9,102011238.0,335106916830.0
2015-09-25,3272.67,3231.95,3290.86,3201.91,121419278.0,392421035532.1
2015-09-28,3226.61,3242.75,3246.55,3186.51,74219468.0,240675179857.0
2015-09-29,3197.22,3178.85,3208.42,3159.04,87150633.0,277038789712.05
2015-09-30,3195.9,3202.95,3223.91,3186.77,78559349.0,251621666879.55
2015-10-08,3324.98,3296.48,3337.33,3294.61,132081768.0,435404906576.64
2015-10-09,3302.36,3340.12,3352.38,3293.97,124352500.0,415352272300.0
2015-10-12,3351.14,3447.69,3486.63,3347.25,221400468.0,763320179518.92
2015-10-13,3422.48,3445.04,3452.05,3413.97,145433786.0,501025210121.44
2015-10-14,3431.14,3406.11,3458.7,3403.23,152173938.0,518321171961.18
2015-10-15,3403.39,3486.81,3486.81,3402.32,171158299.0,596796468536.19
2015-10-16,3508.52,3534.07,3537.54,3487.1,208964709.0,738495909135.63
2015-10-19,3548.95,3534.18,3572.99,3502.5,207606744.0,733719602509.9199
2015-10-20,3527.88,3577.7,3577.8,3510.44,179025108.0,640498128891.6
2015-10-21,3580.84,3473.25,3601.24,3417.41,282076050.0,979720640662.5
2015-10-22,3453.2,3524.53,3530.77,3442.31,184305580.0,649590545877.4
2015-10-23,3536.84,3571.24,3581.84,3515.82,198294478.0,708157171612.72
2015-10-26,3614.7,3589.26,3620.76,3561.19,204248863.0,733102274011.38
2015-10-27,3569.45,3592.88,3601.05,3486.1,192056140.0,690034664283.2001
2015-10-28,3575.8,3524.92,3598.17,3517.21,170977098.0,602680592282.16
2015-10-29,3539.98,3533.31,3561.81,3507.97,127010446.0,448767278956.26
2015-10-30,3530.22,3534.08,3574.47,3497.57,139141914.0,491738655429.12
2015-11-02,3489.23,3475.96,3543.45,3474.71,130002568.0,451883726265.28
2015-11-03,3484.72,3465.49,3501.7,3452.62,101401876.0,351407187259.24
2015-11-04,3477.16,3628.54,3628.54,3477.16,205423865.0,745388711107.1
2015-11-05,3630.78,3705.97,3781.41,3627.3,398046568.0,1475148639610.96
2015-11-06,3698.34,3793.37,3801.71,3694.66,298753076.0,1133280955906.1199
2015-11-09,3796.38,3840.35,3891.77,3796.38,356804823.0,1370255402008.05
2015-11-10,3806.67,3833.24,3876.49,3798.82,286519603.0,1098298403003.72
2015-11-11,3828.45,3833.65,3843.11,3781.41,232234296.0,890305008860.4
2015-11-12,3841.74,3795.32,3843.9,3771.27,217537647.0,825624982412.04
2015-11-13,3756.2,3746.24,3793.71,3727.58,203489891.0,762321969259.84
2015-11-16,3682.73,3764.13,3764.41,3680.07,161690901.0,608625571181.13
2015-11-17,3790.43,3758.39,3852.77,3750.16,248533071.0,934084208715.69
2015-11-18,3760.46,3715.58,3771.85,3706.31,185689495.0,689944173832.1
2015-11-19,3725.62,3774.97,3775.23,3714.67,154631989.0,583731119515.33
2015-11-20,3778.88,3774.38,3793.54,3757.03,186951689.0,705626715927.8201
2015-11-23,3774.44,3753.34,3802.85,3743.41,175626812.0,659187138552.0801
2015-11-24,3745.76,3753.89,3754.17,3702.74,143383283.0,538245072220.87
2015-11-25,3747.76,3781.61,3781.86,3735.72,151944941.0,574596508335.01
2015-11-26,3795.25,3759.43,3805.84,3756.82,173525468.0,652356850163.24
2015-11-27,3739.1,3556.99,3742.74,3534.39,208939358.0,743195207012.4199
2015-11-30,3554.89,3566.41,3587.97,3455.07,173201163.0,617706359734.83
2015-12-01,3562.32,3591.7,3617.31,3536.12,136536554.0,490398341001.8
2015-12-02,3587.76,3721.95,3725.85,3573.4,213538865.0,794780978586.75
2015-12-03,3709.55,3749.3,3758.45,3693.14,197762126.0,741469539011.8
2015-12-04,3719.73,3677.59,3726.12,3667.29,151199522.0,556049850111.98
2015-12-07,3681.58,3687.61,3699.34,3658.58,113883150.0,419956642771.5
2015-12-08,3668.84,3623.02,3668.84,3619.44,125781083.0,455707379330.66
2015-12-09,3613.42,3635.94,3655.16,3611.49,113325422.0,412044434866.68
2015-12-10,3634.37,3623.08,3678.32,3615.99,120215625.0,435550826625.0
2015-12-11,3605.37,3608.06,3630.74,3578.15,110322481.0,398050130796.86
2015-12-14,3573.88,3711.32,3712.5,3571.0,151769119.0,563263766727.0801
2015-12-15,3707.73,3694.39,3717.36,3679.23,126481710.0,467272764606.89996
2015-12-16,3703.95,3685.44,3713.09,3677.45,111342723.0,410346925053.12
2015-12-17,3712.78,3755.89,3768.84,3709.85,177924075.0,668263254051.75
2015-12-18,3754.96,3767.91,3810.22,3750.93,173465980.0,653604200701.7999
2015-12-21,3762.1,3865.96,3877.82,3759.99,217435275.0,840596075739.0
2015-12-22,3872.1,3876.73,3880.47,3841.59,180303661.0,698988611708.53
2015-12-23,3877.87,3866.38,3926.69,3862.96,207017147.0,800406956817.86
2015-12-24,3858.13,3829.4,3867.68,3787.08,147181397.0,563616441671.8
2015-12-25,3832.09,3838.2,3848.02,3813.2,119624013.0,459140886696.6
2015-12-28,3847.53,3727.63,3853.39,3727.63,153988440.0,574011928597.2001
2015-12-29,3723.05,3761.87,3762.05,3710.48,101885555.0,383280212787.85
2015-12-30,3762.91,3765.18,3765.66,3726.28,105629955.0,397715793966.89996
2015-12-31,3760.9,3731.0,3772.62,3727.32,101873556.0,380090237436.0
2016-01-04,3725.86,3469.07,3726.24,3468.95,115370674.0,400228944053.18
2016-01-05,3382.18,3478.78,3518.22,3377.28,162116984.0,563969321599.52
2016-01-06,3482.41,3539.81,3543.74,3468.47,145966144.0,516692416192.64
2016-01-07,3481.15,3294.38,3481.15,3284.74,44102641.0,145290858457.58002
2016-01-08,3371.87,3361.56,3418.85,3237.93,185959451.0,625113852103.5599
2016-01-11,3303.12,3192.45,3342.48,3192.45,174638387.0,557524318578.15
2016-01-12,3214.82,3215.71,3242.25,3174.55,128225796.0,412336974455.16003
2016-01-13,3240.48,3155.88,3257.3,3155.88,120666494.0,380808975084.72003
2016-01-14,3076.64,3221.57,3226.66,3072.04,134537671.0,433422524763.47003
2016-01-15,3200.89,3118.73,3216.8,3101.05,124601779.0,388599306220.67
2016-01-18,3068.23,3130.73,3165.62,3066.73,101128386.0,316605671901.78
2016-01-19,3132.7,3223.13,3227.91,3119.22,127653893.0,411445092145.09
2016-01-20,3204.22,3174.38,3225.95,3154.43,130650504.0,414734346887.52
2016-01-21,3136.38,3081.35,3202.54,3081.35,111189733.0,342614483779.55
2016-01-22,3114.9,3113.46,3132.17,3053.96,89951087.0,280059111331.02
2016-01-25,3129.03,3128.89,3149.33,3105.1,81540061.0,255129881462.28998
2016-01-26,3099.6,2940.51,3106.53,2934.65,126933921.0,373250464039.71
2016-01-27,2953.18,2930.35,2963.54,2839.29,132229366.0,387478322658.1
2016-01-28,2909.33,2853.76,2941.89,2841.84,99222756.0,283157932162.56
2016-01-29,2855.6,2946.09,2965.31,2854.37,113304259.0,333804544397.31
2016-02-01,2939.04,2901.05,2944.52,2869.56,86795342.0,251797626909.1
2016-02-02,2901.53,2961.33,2972.43,2901.51,88601963.0,262379651090.79
2016-02-03,2931.29,2948.64,2954.71,2909.9,77389000.0,228192300960.0
2016-02-04,2960.33,2984.76,2999.21,2960.21,91779724.0,273940449006.24002
2016-02-05,2982.06,2963.79,2988.36,2962.85,76850808.0,227769656242.32
2016-02-15,2888.43,2946.71,2961.49,2886.02,72919434.0,214872425362.14
2016-02-16,2962.19,3037.04,3042.09,2962.19,112579643.0,341908878976.72
2016-02-17,3034.09,3063.32,3065.78,3027.05,128291607.0,392998245555.24005
2016-02-18,3079.53,3053.7,3093.51,3049.84,124401464.0,379884750616.8
2016-02-19,3047.94,3051.59,3065.97,3032.63,87338012.0,266519804039.08002
2016-02-22,3083.93,3118.87,3128.21,3071.33,140946968.0,439595270086.16
2016-02-23,3117.2,3089.36,3119.22,3061.43,112567391.0,347761195059.76
2016-02-24,3077.61,3109.55,3109.55,3055.25,111782650.0,347593739307.5
2016-02-25,3104.41,2918.75,3104.44,2905.46,157829752.0,460665588650.0
2016-02-26,2942.1,2948.03,2964.39,2902.95,106949729.0,315291009583.87
2016-02-29,2939.58,2877.47,2939.87,2821.21,129341020.0,372174904819.39996
2016-03-01,2881.34,2930.69,2950.44,2863.32,116045918.0,340094611423.42
2016-03-02,2933.92,3051.33,3054.72,2933.12,175972347.0,536949701571.51
2016-03-03,3050.39,3058.42,3078.44,3040.25,173105744.0,529430069564.48004
2016-03-04,3047.54,3093.89,3101.66,3032.42,219172534.0,678095711217.26
2016-03-07,3109.0,3104.84,3130.9,3083.58,132462037.0,411273430959.08
2016-03-08,3100.15,3107.67,3109.25,3001.83,136235742.0,423375728341.14
2016-03-09,3045.92,3071.91,3072.92,3020.13,111466245.0,342414272677.95
2016-03-10,3056.21,3013.15,3074.16,3012.69,76072197.0,229216940390.55002
2016-03-11,2990.21,3018.28,3026.44,2982.17,73333564.0,221341229549.92
2016-03-14,3039.57,3065.69,3106.8,3034.0,117108655.0,359018832546.95
2016-03-15,3061.34,3074.78,3077.08,3028.58,98311941.0,302287589947.98004
2016-03-16,3068.87,3090.03,3100.35,3064.52,124736448.0,385439366413.44
2016-03-17,3096.81,3124.2,3147.84,3077.57,121661777.0,380095723703.39996
2016-03-18,3136.22,3171.96,3197.67,3130.1,197302564.0,625835840905.4401
2016-03-21,3203.29,3249.44,3267.78,3198.36,233269464.0,757995127100.16
2016-03-22,3231.61,3225.79,3249.68,3218.73,161020897.0,519419599333.63
2016-03-23,3217.73,3236.09,3242.25,3202.98,125679286.0,406709480631.74
2016-03-24,3211.5,3181.85,3221.91,3181.81,133131122.0,423603260535.7
2016-03-25,3176.81,3197.82,3204.44,3174.32,97395330.0,311452734180.60004
2016-03-28,3206.95,3169.73,3229.62,3161.88,103441933.0,327882998288.09
2016-03-29,3171.31,3135.41,3178.07,3122.76,97294747.0,305058922691.26996
2016-03-30,3161.29,3216.28,3216.68,3161.29,117802512.0,378885863295.36005
2016-03-31,3229.2,3218.09,3241.93,3208.66,121552074.0,391165513818.66003
2016-04-01,3213.67,3221.89,3222.61,3165.86,118122139.0,380576538422.70996
2016-04-05,3211.3,3264.49,3271.93,3205.21,146047772.0,476771491216.27997
2016-04-06,3250.52,3257.53,3267.64,3236.2,120196305.0,391543069426.65
2016-04-07,3266.29,3209.29,3270.82,3208.64,112409467.0,360754578348.43
2016-04-08,3189.85,3185.73,3197.77,3163.3,101005625.0,321776649731.25
2016-04-11,3213.51,3230.1,3251.57,3213.51,125212709.0,404449571340.89996
2016-04-12,3227.37,3218.45,3232.26,3198.9,92869437.0,298895639512.64996
2016-04-13,3237.86,3261.38,3296.52,3237.86,195613866.0,637971150295.0801
2016-04-14,3277.1,3275.83,3286.07,3252.05,113157327.0,370684166506.41
2016-04-15,3279.86,3272.21,3282.98,3261.73,99807529.0,326591194469.09
2016-04-18,3252.67,3228.45,3252.67,3221.66,97090069.0,313450433263.05
2016-04-19,3243.97,3238.3,3250.73,3221.58,80871440.0,261885984152.0
2016-04-20,3244.14,3181.03,3248.42,3107.37,162207858.0,515988062533.74005
2016-04-21,3160.8,3160.6,3198.56,3150.94,104752651.0,331081228750.6
2016-04-22,3142.56,3174.9,3175.38,3137.99,77078492.0,244716504250.80002
2016-04-25,3164.74,3162.03,3172.27,3137.11,67519351.0,213498213442.53
2016-04-26,3159.77,3179.16,3181.1,3150.4,59020734.0,187636356703.44
2016-04-27,3181.93,3165.92,3188.83,3162.69,60004147.0,189968329070.24
2016-04-28,3169.33,3160.58,3174.77,3135.64,69870660.0,220831810582.8
2016-04-29,3153.54,3156.75,3171.29,3149.4,58029776.0,183185495388.0
2016-05-03,3159.82,3213.54,3218.49,3151.4,98164835.0,315456623865.9
2016-05-04,3203.47,3209.46,3222.88,3198.29,90862408.0,291619263979.68
2016-05-05,3204.17,3213.92,3217.28,3196.57,74733681.0,240188072039.52002
2016-05-06,3213.14,3130.35,3216.89,3130.15,108680240.0,340207189284.0
2016-05-09,3115.43,3065.62,3115.43,3055.01,99230477.0,304202934900.74
2016-05-10,3055.21,3069.11,3084.72,3055.18,68849935.0,211308024007.85
2016-05-11,3080.64,3082.81,3102.88,3063.09,81794258.0,252156156504.97998
2016-05-12,3059.38,3090.14,3095.35,3035.02,78765726.0,243397120541.63998
2016-05-13,3081.68,3074.94,3103.1,3064.69,62629755.0,192582738839.7
2016-05-16,3064.53,3095.31,3095.56,3053.66,59461856.0,184052877495.36
2016-05-17,3095.52,3086.02,3105.2,3073.46,65278125.0,201449599312.5
2016-05-18,3071.53,3068.04,3072.61,3039.46,82715369.0,253774060706.76
2016-05-19,3060.34,3062.5,3086.98,3058.15,60444166.0,185110258375.0
2016-05-20,3047.78,3078.22,3078.53,3041.52,56080842.0,172629169461.24
2016-05-23,3078.51,3087.22,3098.48,3076.5,59697216.0,184298439179.52
2016-05-24,3083.24,3063.56,3083.26,3052.59,58734385.0,179936312510.6
2016-05-25,3079.75,3059.23,3089.1,3054.87,56652803.0,173313954521.69
2016-05-26,3056.6,3064.21,3072.52,3027.44,60392981.0,185056776310.01
2016-05-27,3059.73,3062.5,3073.76,3052.18,60468750.0,185185546875.0
2016-05-30,3056.31,3066.71,3075.26,3037.66,63098579.0,193505043205.09
2016-05-31,3068.6,3169.56,3170.93,3068.6,138863111.0,440134962101.16
2016-06-01,3172.96,3160.55,3181.79,3159.82,113148482.0,357611434785.10004
2016-06-02,3158.03,3167.1,3168.82,3151.07,86003427.0,272381453651.69998
2016-06-03,3172.95,3189.33,3201.75,3162.09,101491783.0,323690788275.39
2016-06-06,3192.78,3178.79,3197.22,3168.55,76693751.0,243793328741.29
2016-06-07,3182.44,3177.05,3186.62,3168.18,68928314.0,218988699993.7
2016-06-08,3171.81,3163.99,3174.97,3148.35,76291775.0,241386413182.24997
2016-06-13,3134.05,3066.34,3145.61,3065.77,92975947.0,285095865323.98004
2016-06-14,3058.44,3075.98,3078.75,3055.66,66279457.0,203874284142.86002
2016-06-15,3043.96,3116.37,3128.67,3042.23,87393257.0,272349724317.09
2016-06-16,3104.36,3094.67,3112.48,3089.48,82974703.0,256779324133.01
2016-06-17,3096.09,3110.36,3131.05,3096.09,85402985.0,265634028424.6
2016-06-20,3114.91,3112.67,3118.73,3089.71,63587141.0,197925786176.47
2016-06-21,3124.9,3106.32,3155.49,3097.94,87965345.0,273248510480.40002
2016-06-22,3100.45,3133.96,3134.06,3096.99,66487113.0,208367952657.48
2016-06-23,3129.72,3117.32,3129.72,3102.48,67751738.0,211203847902.16
2016-06-24,3110.65,3077.16,3130.54,3033.97,104792208.0,322462390769.27997
2016-06-27,3065.13,3120.54,3120.64,3064.97,83267259.0,259838812399.86
2016-06-28,3107.4,3136.4,3139.43,3099.7,92024637.0,288626071486.8
2016-06-29,3142.48,3151.39,3158.08,3139.13,103723668.0,326873730098.51996
2016-06-30,3152.83,3153.92,3163.72,3148.2,79692617.0,251344138608.64
2016-07-01,3156.93,3154.2,3170.26,3148.29,71746283.0,226302125838.59998
2016-07-04,3136.39,3204.7,3210.6,3134.02,133310529.0,427220252286.3
2016-07-05,3199.16,3207.38,3216.7,3198.0,130226895.0,417687138485.10004
2016-07-06,3197.63,3216.8,3217.52,3183.45,124897458.0,401770142894.4
2016-07-07,3206.55,3209.95,3220.54,3190.12,118595202.0,380684668659.89996
2016-07-08,3199.75,3192.28,3204.93,3183.96,89734855.0,286458782919.4
2016-07-11,3199.04,3203.33,3235.96,3197.63,138529511.0,443755738471.63
2016-07-12,3201.91,3273.18,3273.47,3200.3,172534217.0,564735548400.0599
2016-07-13,3274.02,3282.87,3300.99,3271.78,175196090.0,575145987978.2999
2016-07-14,3277.48,3276.76,3281.95,3259.07,107525798.0,352336233854.48004
2016-07-15,3278.84,3276.28,3285.03,3265.29,102665026.0,336359371383.28
2016-07-18,3269.71,3262.02,3281.64,3251.77,110312518.0,359841639966.36
2016-07-19,3260.43,3248.23,3264.73,3226.2,88886861.0,288724968506.03
2016-07-20,3246.86,3237.61,3254.51,3232.26,72701255.0,235378310200.55002
2016-07-21,3238.34,3252.52,3271.37,3238.3,86004825.0,279732413409.0
2016-07-22,3251.24,3225.16,3253.77,3220.89,86029128.0,277457702460.48
2016-07-25,3220.17,3230.89,3243.79,3218.14,70203185.0,226818768384.65
2016-07-26,3228.23,3269.59,3269.75,3228.01,81051089.0,265003830083.51
2016-07-27,3270.08,3218.24,3276.51,3157.41,160188665.0,515525569249.6
2016-07-28,3204.46,3221.14,3235.78,3195.27,112779964.0,363280053238.95996
2016-07-29,3217.19,3203.93,3225.42,3198.68,88044837.0,282089494609.41
2016-08-01,3196.43,3176.81,3199.98,3156.75,87003497.0,276393579304.57
2016-08-02,3173.76,3189.05,3189.05,3165.54,62167639.0,198255709152.95
2016-08-03,3179.68,3193.51,3197.16,3173.54,72864102.0,232692238378.02002
2016-08-04,3190.55,3201.29,3201.55,3170.42,73504373.0,235308814241.16998
2016-08-05,3201.35,3205.11,3224.87,3192.86,77196366.0,247422844630.26
2016-08-08,3199.57,3234.18,3234.48,3187.25,86676051.0,280325950623.18
2016-08-09,3232.6,3256.98,3257.33,3229.17,91065259.0,296597727257.82
2016-08-10,3255.18,3243.34,3261.86,3242.75,90430372.0,293296442722.48004
2016-08-11,3239.56,3233.36,3274.03,3232.61,101041213.0,326702616465.68
2016-08-12,3231.81,3294.23,3294.23,3231.14,116254044.0,382967559366.12
2016-08-15,3303.47,3393.42,3417.91,3302.38,220543421.0,748396455689.8201
2016-08-16,3403.38,3378.25,3418.69,3372.02,196389740.0,663453639155.0
2016-08-17,3377.77,3373.05,3394.39,3356.92,138847688.0,468340194008.4
2016-08-18,3369.95,3364.49,3394.79,3349.69,142380169.0,479036654798.81
2016-08-19,3358.55,3365.02,3374.04,3341.19,119961508.0,403672873650.16
2016-08-22,3364.68,3336.79,3372.83,3335.47,107951008.0,360209843984.32
2016-08-23,3332.62,3341.83,3359.65,3324.96,92924516.0,310537935304.27997
2016-08-24,3341.93,3329.86,3348.13,3323.73,81191429.0,270356091769.94
2016-08-25,3314.08,3308.97,3315.08,3279.81,100589153.0,332846489602.41
2016-08-26,3312.5,3307.09,3328.95,3301.74,81530691.0,269629332899.19
2016-08-29,3306.58,3307.78,3315.08,3297.07,77036333.0,254819241570.74002
2016-08-30,3310.32,3311.99,3325.12,3304.6,75725987.0,250803711684.12997
2016-08-31,3310.57,3327.79,3333.97,3304.66,79570805.0,264794929170.95
2016-09-01,3326.74,3301.58,3329.35,3301.21,84947219.0,280460039306.02
2016-09-02,3298.72,3314.11,3320.43,3295.76,82791803.0,274381142240.33002
2016-09-05,3321.01,3319.68,3338.42,3314.63,78292477.0,259905970047.36
2016-09-06,3322.02,3342.63,3347.95,3300.13,98283998.0,328527040234.74
2016-09-07,3344.07,3340.82,3357.36,3337.75,102940106.0,343904364926.92004
2016-09-08,3338.01,3339.56,3343.4,3328.23,71916158.0,240168324610.48
2016-09-09,3339.37,3318.04,3344.95,3318.04,82657036.0,274259351729.44
2016-09-12,3271.87,3262.6,3276.72,3234.57,122917682.0,401031229293.2
2016-09-13,3265.34,3260.33,3269.22,3246.39,67180288.0,219029908375.04
2016-09-14,3245.74,3238.73,3255.0,3231.34,70432697.0,228112488754.81
2016-09-19,3242.74,3263.12,3264.9,3242.74,58831082.0,191972880295.84
2016-09-20,3264.66,3257.4,3265.04,3252.39,52784206.0,171939272624.4
2016-09-21,3257.71,3266.64,3270.9,3254.32,59142979.0,193198820920.56
2016-09-22,3281.47,3291.12,3303.2,3277.98,75753542.0,249313997147.03998
2016-09-23,3292.28,3275.67,3293.92,3275.02,57993986.0,189969160120.62
2016-09-26,3267.69,3220.28,3267.69,3220.28,70452186.0,226875765532.08002
2016-09-27,3214.87,3240.75,3240.78,3214.44,58460550.0,189456027412.5
2016-09-28,3243.65,3230.89,3243.65,3228.0,44727498.0,144509626013.22
2016-09-29,3234.86,3244.39,3257.77,3234.8,55452556.0,179909718160.84
2016-09-30,3240.18,3253.28,3260.94,3239.04,44978022.0,146326099412.16
2016-10-10,3265.36,3293.87,3294.64,3258.96,80519260.0,265219974936.19998
2016-10-11,3296.87,3306.56,3308.0,3292.88,87713163.0,290028836249.27997
2016-10-12,3299.14,3300.01,3302.56,3289.75,68669781.0,226610963997.81003
2016-10-13,3299.16,3302.65,3307.41,3292.4,81224198.0,268255097524.7
2016-10-14,3298.73,3305.85,3306.69,3285.73,82316271.0,272125244485.35
2016-10-17,3305.96,3277.88,3309.01,3271.54,86113509.0,282269748880.92
2016-10-18,3272.68,3321.33,3321.33,3272.68,102860714.0,341634375229.62
2016-10-19,3323.3,3316.24,3332.52,3309.83,101167725.0,335496456354.0
2016-10-20,3317.18,3318.6,3324.9,3312.17,79238871.0,262962117300.6
2016-10-21,3315.72,3327.74,3341.56,3309.18,109785176.0,365336521582.24
2016-10-24,3332.51,3367.58,3382.83,3330.97,153014345.0,515288047935.1
2016-10-25,3367.48,3367.45,3373.91,3356.59,111191693.0,374432466592.85
2016-10-26,3365.2,3354.8,3367.83,3349.57,98024786.0,328853552072.8
2016-10-27,3351.46,3345.7,3352.35,3335.13,77629851.0,259726192490.69998
2016-10-28,3347.14,3340.13,3370.75,3337.29,93133309.0,311077359390.17
2016-10-31,3332.41,3336.28,3340.47,3317.33,71352863.0,238053129769.64
2016-11-01,3338.71,3359.05,3359.39,3334.46,74938199.0,251721157350.95
2016-11-02,3350.71,3333.35,3356.4,3331.38,91197104.0,303991866618.39996
2016-11-03,3326.9,3365.09,3379.99,3324.84,126223504.0,424753451075.36005
2016-11-04,3362.21,3354.17,3377.64,3348.43,104069655.0,349067314711.35004
2016-11-07,3353.44,3356.59,3362.74,3342.31,99877988.0,335249455740.92004
2016-11-08,3367.7,3371.12,3383.92,3361.13,103148282.0,347725236415.83997
2016-11-09,3370.6,3353.05,3373.1,3322.08,139110059.0,466442983329.95
2016-11-10,3374.91,3390.61,3403.02,3374.91,134705535.0,456733934026.35004
2016-11-11,3387.95,3417.22,3422.67,3382.89,198781496.0,679280103761.12
2016-11-14,3409.22,3430.25,3452.62,3408.14,213247105.0,731490881926.25
2016-11-15,3428.87,3429.87,3434.92,3415.99,134566320.0,461544983978.39996
2016-11-16,3432.43,3429.59,3435.64,3419.24,129808511.0,445189971240.49
2016-11-17,3423.47,3436.53,3437.67,3412.88,121561731.0,417750535433.43005
2016-11-18,3437.49,3417.46,3443.12,3413.27,115951205.0,396258605039.3
2016-11-21,3412.65,3441.11,3463.14,3412.08,146434529.0,503897322087.19
2016-11-22,3443.22,3468.36,3469.22,3443.22,168523446.0,584499979168.56
2016-11-23,3473.9,3474.73,3492.96,3465.76,162388504.0,564256206503.92
2016-11-24,3468.81,3488.74,3508.16,3467.01,145746301.0,508470950150.74
2016-11-25,3490.04,3521.3,3521.3,3463.95,153621506.0,540947409077.80005
2016-11-28,3538.68,3535.08,3553.36,3528.32,207375483.0,733088922443.64
2016-11-29,3525.9,3564.04,3583.72,3521.38,236918356.0,844386497518.24
2016-11-30,3557.64,3538.0,3567.07,3527.02,178560178.0,631745909764.0
2016-12-01,3543.96,3565.04,3575.97,3543.25,180170761.0,642315969795.44
2016-12-02,3559.77,3528.95,3562.55,3516.79,196355480.0,692928671146.0
2016-12-05,3473.69,3469.41,3496.88,3457.34,180852355.0,627450968960.5499
2016-12-06,3466.24,3459.15,3477.59,3456.81,115529090.0,399632451673.5
2016-12-07,3458.37,3475.75,3475.75,3445.76,114345103.0,397434991752.25
2016-12-08,3481.81,3470.14,3484.34,3466.51,117383922.0,407338643089.07996
2016-12-09,3464.87,3493.7,3507.93,3461.76,150303308.0,525114667159.6
2016-12-12,3489.27,3409.18,3495.8,3400.79,187467751.0,639111307354.1799
2016-12-13,3394.21,3405.04,3416.21,3370.6,121105097.0,412367699488.88
2016-12-14,3399.41,3378.95,3412.28,3378.27,124007744.0,419015966588.8
2016-12-15,3363.86,3340.43,3378.04,3327.14,114960660.0,384018037483.8
2016-12-16,3335.36,3346.03,3356.29,3330.49,90775422.0,303737285274.66003
2016-12-19,3342.35,3328.98,3344.86,3325.0,81640678.0,271780184248.44
2016-12-20,3328.3,3309.06,3329.1,3289.27,87569592.0,289773034103.52
2016-12-21,3313.75,3338.54,3342.48,3313.75,108254995.0,361413631007.3
2016-12-22,3335.12,3335.67,3340.36,3322.72,92277249.0,307806451171.83
2016-12-23,3333.4,3307.6,3334.89,3300.88,97444713.0,322308132718.8
2016-12-26,3293.22,3322.4,3322.42,3267.05,89793982.0,298331525796.8
2016-12-27,3319.21,3316.39,3330.23,3315.83,75486359.0,250342206124.00998
2016-12-28,3315.75,3301.89,3320.55,3293.17,69000437.0,227831852925.93
2016-12-29,3297.04,3297.76,3312.11,3288.1,70087923.0,231133148952.48
2016-12-30,3302.6,3310.08,3313.55,3295.75,71744116.0,237478763489.28
2017-01-03,3313.95,3342.23,3345.26,3313.95,86567896.0,289329819048.08
2017-01-04,3340.56,3368.31,3369.57,3338.15,90050827.0,303319101092.37
2017-01-05,3368.34,3367.79,3373.41,3361.46,88336357.0,297498299741.02997
2017-01-06,3366.85,3347.67,3368.87,3346.89,87459114.0,292784252164.38
2017-01-09,3345.75,3363.9,3366.22,3344.35,83707942.0,281585146093.8
2017-01-10,3361.64,3358.27,3370.51,3354.09,83819160.0,281487370453.2
2017-01-11,3355.8,3334.5,3366.63,3334.3,91071438.0,303677710011.0
2017-01-12,3332.69,3317.62,3343.13,3315.96,81239135.0,269520579058.69998
2017-01-13,3317.96,3319.91,3338.17,3309.37,84180589.0,279471979226.99
2017-01-16,3314.15,3319.45,3322.78,3264.21,157779135.0,523739949675.75
2017-01-17,3305.6,3326.36,3327.38,3292.2,69453328.0,231026772126.08002
2017-01-18,3323.34,3339.37,3350.96,3320.41,70623227.0,235837085546.99
2017-01-19,3330.95,3329.29,3346.5,3324.68,66159808.0,220265187176.32
2017-01-20,3326.98,3354.89,3358.41,3326.37,65300462.0,219075866959.18
2017-01-23,3359.05,3364.08,3378.74,3355.85,75557498.0,254181467871.84
2017-01-24,3363.14,3364.45,3371.32,3355.9,66194226.0,222707163665.69998
2017-01-25,3361.66,3375.9,3376.44,3357.22,58376931.0,197074681362.9
2017-01-26,3378.26,3387.96,3395.88,3378.26,65316647.0,221290187370.12
2017-02-03,3390.93,3364.49,3392.48,3362.57,55188861.0,185682370945.88998
2017-02-06,3368.11,3373.21,3381.33,3358.75,68521360.0,231136936765.6
2017-02-07,3371.77,3365.68,3376.71,3354.63,63754462.0,214577117664.16
2017-02-08,3361.78,3383.29,3383.69,3347.43,75402879.0,255109806491.91
2017-02-09,3381.9,3396.29,3406.59,3379.79,97558515.0,331337008909.35
2017-02-10,3398.32,3413.49,3422.33,3398.03,123768720.0,422483288032.8
2017-02-13,3416.92,3436.27,3439.54,3416.87,120144538.0,412849071593.26
2017-02-14,3438.51,3435.8,3440.67,3424.4,94809465.0,325746359847.0
2017-02-15,3435.39,3421.71,3448.03,3417.08,127643338.0,436758486067.98
2017-02-16,3421.83,3440.93,3440.93,3418.35,108276962.0,372573446854.66
2017-02-17,3443.62,3421.44,3457.56,3419.61,114600036.0,392097147171.84
2017-02-20,3421.64,3471.39,3472.6,3421.64,132628862.0,460406505258.18
2017-02-21,3475.06,3482.82,3490.09,3472.02,114842009.0,399974045785.38
2017-02-22,3483.2,3489.76,3489.95,3473.52,102815994.0,358803143221.44
2017-02-23,3487.57,3473.32,3492.96,3460.12,99536330.0,345721525715.60004
2017-02-24,3468.96,3473.85,3473.85,3455.25,95535133.0,331874721772.05
2017-02-27,3471.13,3446.22,3472.84,3441.39,98672160.0,340045971235.19995
2017-02-28,3445.03,3452.81,3460.91,3441.36,75215260.0,259704001880.6
2017-03-01,3452.21,3458.44,3472.7,3449.11,103260354.0,357119738687.76
2017-03-02,3463.48,3435.1,3468.47,3434.0,89898077.0,308808884302.7
2017-03-03,3424.66,3427.86,3428.88,3412.83,80994652.0,277638327804.72003
2017-03-06,3427.25,3446.48,3449.03,3425.9,83070882.0,286302133395.36
2017-03-07,3446.16,3453.96,3454.04,3440.06,80334720.0,277472909491.2
2017-03-08,3452.2,3448.73,3457.04,3441.26,79587690.0,274476454133.7
2017-03-09,3442.9,3426.94,3443.05,3414.68,84570381.0,289817621464.14
2017-03-10,3423.98,3427.89,3436.24,3423.94,70016199.0,240007828390.11
2017-03-13,3425.67,3458.1,3458.1,3412.69,91684124.0,317052869204.39996
2017-03-14,3456.66,3456.69,3465.39,3448.9,77077963.0,266434623922.47
2017-03-15,3452.21,3463.64,3463.92,3445.27,79104954.0,273991082872.56
2017-03-16,3472.27,3481.51,3492.13,3472.27,106333913.0,370202581448.63
2017-03-17,3485.31,3445.81,3488.5,3441.47,103755560.0,357521946203.6
2017-03-20,3449.05,3449.61,3454.06,3429.83,88734322.0,306098804514.42
2017-03-21,3449.77,3466.35,3466.7,3445.64,87707855.0,304026123179.25
2017-03-22,3450.75,3450.05,3464.33,3433.5,104935894.0,362034081094.7
2017-03-23,3452.41,3461.98,3470.82,3435.69,94318062.0,326527244282.76
2017-03-24,3464.2,3489.6,3499.32,3461.11,125645833.0,438453698836.8
2017-03-27,3488.76,3478.04,3505.98,3474.52,107015377.0,372203761821.08
2017-03-28,3480.25,3469.81,3482.29,3461.47,84194820.0,292140028384.2
2017-03-29,3472.97,3465.19,3483.06,3455.55,104851706.0,363331083114.14
2017-03-30,3461.62,3436.76,3467.3,3422.37,116376922.0,399959550452.72003
2017-03-31,3434.82,3456.05,3456.31,3430.82,91577491.0,316496387770.55
2017-04-05,3476.42,3503.89,3504.54,3475.15,143399017.0,502454381676.13
2017-04-06,3507.99,3514.05,3517.78,3495.72,136767004.0,480606090406.2
2017-04-07,3514.45,3517.46,3526.81,3506.39,140293204.0,493475733341.84
2017-04-10,3519.46,3505.14,3522.8,3502.08,141887380.0,497335131133.2
2017-04-11,3503.83,3517.33,3520.13,3466.14,165945832.0,583686253268.5599
2017-04-12,3514.57,3509.44,3523.1,3498.0,181824537.0,638102303129.28
2017-04-13,3500.28,3514.57,3518.44,3496.57,129981813.0,456830180515.41003
2017-04-14,3516.81,3486.5,3517.47,3476.95,135474078.0,472330372947.0
2017-04-17,3475.74,3479.94,3480.57,3453.68,117164961.0,407727034382.34
2017-04-18,3474.89,3462.74,3489.08,3462.63,110927823.0,384114209815.01996
2017-04-19,3452.99,3445.88,3459.35,3418.51,121349264.0,418155001832.32
2017-04-20,3444.52,3461.55,3465.61,3440.72,114184208.0,395254345202.4
2017-04-21,3461.39,3466.79,3475.56,3449.54,104419110.0,361999126356.9
2017-04-24,3458.23,3431.26,3458.23,3403.98,114660791.0,393430985726.66003
2017-04-25,3427.73,3440.97,3449.67,3422.65,94072148.0,323699439103.56
2017-04-26,3440.25,3445.18,3466.57,3439.15,111940029.0,385653549110.22
2017-04-27,3435.1,3446.72,3449.27,3399.54,123298425.0,424975147416.0
2017-04-28,3439.57,3439.75,3439.9,3417.24,101632351.0,349589879352.25
2017-05-02,3427.92,3426.58,3436.31,3418.67,92797462.0,317977927339.96
2017-05-03,3421.76,3413.13,3432.22,3403.08,91669624.0,312880343763.12
2017-05-04,3404.94,3404.39,3421.4,3391.28,103482075.0,352293341309.25
2017-05-05,3393.48,3382.55,3395.45,3366.56,109895333.0,371726458639.15
2017-05-08,3369.11,3358.81,3374.16,3339.57,123749287.0,415650342668.47
2017-05-09,3342.6,3352.53,3358.05,3327.59,76771668.0,257379320120.04
2017-05-10,3350.65,3337.7,3369.43,3336.0,92082628.0,307344187475.6
2017-05-11,3322.95,3356.65,3359.6,3312.89,109252890.0,366723713218.5
2017-05-12,3350.94,3385.38,3387.27,3349.17,93386466.0,316148674267.08
2017-05-15,3391.59,3399.19,3406.58,3391.59,82977611.0,282056665535.09
2017-05-16,3390.93,3428.65,3428.85,3373.55,105242416.0,360839409618.4
2017-05-17,3423.19,3409.97,3433.97,3408.15,99736837.0,340099622064.88995
2017-05-18,3387.67,3398.11,3409.93,3383.94,85759589.0,291420516976.79004
2017-05-19,3395.23,3403.85,3405.94,3392.38,71473525.0,243285158071.25
2017-05-22,3400.59,3411.24,3424.18,3391.17,92539559.0,315674645243.16
2017-05-23,3405.03,3424.19,3434.77,3401.53,116911033.0,400325590088.27
2017-05-24,3409.72,3424.17,3424.17,3383.89,83553161.0,286100227301.37
2017-05-25,3414.4,3485.66,3490.42,3413.22,130721631.0,455651160311.45996
2017-05-26,3479.62,3480.43,3498.31,3473.04,103241153.0,359323606135.79
2017-05-31,3495.07,3492.88,3515.08,3474.92,104829744.0,366157716222.72003
2017-06-01,3485.22,3497.74,3499.81,3476.43,103127724.0,360713965343.75995
2017-06-02,3491.59,3486.51,3498.12,3470.2,82668010.0,288222843545.10004
2017-06-05,3480.17,3468.75,3484.12,3462.31,79738152.0,276591714750.0
2017-06-06,3464.38,3492.88,3492.88,3460.45,64089388.0,223856541557.44
2017-06-07,3493.88,3533.87,3537.09,3491.13,104419968.0,369006592316.16
2017-06-08,3531.24,3560.98,3562.27,3528.18,90224905.0,321289082206.9
2017-06-09,3561.24,3576.17,3590.89,3560.63,101188265.0,361866437645.05
2017-06-12,3570.22,3574.39,3603.69,3565.9,90381167.0,323057539513.13
2017-06-13,3569.16,3582.27,3584.41,3559.21,75177138.0,269304806143.26
2017-06-14,3571.25,3535.3,3571.25,3530.27,83810783.0,296296261139.9
2017-06-15,3530.75,3528.79,3542.28,3508.95,82632535.0,291592863182.65
2017-06-16,3522.97,3518.76,3536.14,3514.39,76452707.0,269018727283.32
2017-06-19,3520.06,3553.67,3554.91,3520.06,79797141.0,283572706057.47003
2017-06-20,3560.79,3546.49,3563.7,3539.51,80509559.0,285526345897.91
2017-06-21,3567.13,3587.96,3587.99,3545.57,87859824.0,315237534119.04
2017-06-22,3583.56,3590.34,3635.53,3581.34,135526987.0,486587962505.58
2017-06-23,3583.44,3622.88,3623.24,3569.32,105129134.0,380870236985.92
2017-06-26,3627.02,3668.09,3671.94,3627.02,134637995.0,493864283079.55005
2017-06-27,3665.58,3674.72,3676.53,3648.76,97558702.0,358500913413.44
2017-06-28,3664.16,3646.17,3672.19,3644.03,97920858.0,357036094813.86
2017-06-29,3649.25,3668.83,3669.13,3644.73,85589498.0,314013317947.33997
2017-06-30,3654.73,3666.8,3669.76,3646.23,81510028.0,298880970670.4
2017-07-03,3667.23,3650.85,3667.6,3633.78,88820860.0,324271636731.0
2017-07-04,3646.83,3619.98,3646.85,3611.69,95071413.0,344156613631.74
2017-07-05,3611.9,3659.68,3660.73,3610.46,88232425.0,322902441124.0
2017-07-06,3654.56,3660.1,3666.77,3629.56,102379245.0,374718274624.5
2017-07-07,3647.64,3655.93,3657.11,3631.87,103735497.0,379249715547.20996
2017-07-10,3647.94,3653.69,3667.85,3641.53,120591910.0,440605455647.9
2017-07-11,3646.88,3670.81,3701.21,3645.99,118760826.0,435948427689.06
2017-07-12,3672.63,3658.82,3691.58,3640.59,122287792.0,447429019125.44
2017-07-13,3656.35,3686.92,3690.48,3652.57,125669549.0,463333573599.08
2017-07-14,3682.62,3703.09,3703.09,3672.74,105514005.0,390727856775.45
2017-07-17,3700.62,3663.56,3716.47,3621.37,178821600.0,655123660896.0
2017-07-18,3648.49,3667.18,3667.54,3622.04,124622056.0,457011511322.07996
2017-07-19,3660.87,3729.75,3731.05,3658.2,182477787.0,680596526063.25
2017-07-20,3725.14,3747.88,3750.19,3723.07,142410039.0,533735736967.32
2017-07-21,3738.18,3728.6,3751.69,3722.07,117941226.0,439755655263.6
2017-07-24,3724.38,3743.47,3755.19,3719.85,134868722.0,504877014745.33997
2017-07-25,3742.64,3719.56,3752.16,3713.28,121672059.0,452566523774.04
2017-07-26,3722.88,3705.39,3738.53,3684.18,136325210.0,505138069881.89996
2017-07-27,3700.86,3712.19,3716.69,3672.5,145002904.0,538278330199.76
2017-07-28,3703.49,3721.89,3725.54,3696.78,111411392.0,414660945770.88
2017-07-31,3722.43,3737.87,3746.52,3713.66,148429039.0,554808452006.9299
2017-08-01,3738.74,3770.38,3770.4,3737.1,152546539.0,575158419714.8201
2017-08-02,3768.19,3760.85,3784.35,3759.28,172293383.0,647969569455.5499
2017-08-03,3755.11,3727.83,3766.35,3718.44,146153944.0,544837057061.52
2017-08-04,3724.72,3707.58,3738.73,3707.0,157470060.0,583832845054.8
2017-08-07,3701.22,3726.79,3730.78,3689.96,124231530.0,462984823688.7
2017-08-08,3724.33,3732.21,3737.33,3718.81,137241928.0,512215696100.88
2017-08-09,3728.03,3731.04,3739.0,3713.57,124679989.0,465186026158.56
2017-08-10,3724.96,3715.92,3746.86,3688.18,130085128.0,483385928837.76
2017-08-11,3687.93,3647.35,3700.49,3645.09,150387421.0,548515559984.35
2017-08-14,3651.38,3694.68,3698.37,3651.38,115308451.0,426027827740.68
2017-08-15,3695.78,3706.06,3719.29,3692.28,106444857.0,394491026733.42
2017-08-16,3701.13,3701.42,3707.14,3679.73,104134141.0,385444192180.22003
2017-08-17,3707.07,3721.28,3722.62,3704.41,108656251.0,404340333721.28
2017-08-18,3707.19,3724.67,3733.49,3700.41,96561705.0,359660485762.35004
2017-08-21,3731.84,3740.99,3744.26,3728.62,100313073.0,375270202962.26996
2017-08-22,3745.75,3752.3,3758.29,3734.56,100292856.0,376328883568.8
2017-08-23,3747.61,3756.09,3772.46,3741.72,104961573.0,394245114729.57
2017-08-24,3755.89,3734.65,3765.71,3729.09,89947372.0,335921952839.8
2017-08-25,3736.29,3795.75,3795.97,3736.29,129940900.0,493223171175.0
2017-08-28,3805.66,3842.71,3866.94,3805.66,185576325.0,713115999840.75
2017-08-29,3839.18,3834.54,3847.93,3825.76,128227070.0,491691828997.8
2017-08-30,3834.27,3834.3,3854.71,3827.86,141352857.0,541989259595.10004
2017-08-31,3835.84,3822.09,3840.2,3800.89,132944935.0,508127506614.15
2017-09-01,3825.34,3830.54,3843.62,3818.16,158645511.0,607697975705.94
2017-09-04,3828.54,3845.62,3847.09,3813.55,149566320.0,575175231518.4
2017-09-05,3845.55,3857.05,3865.29,3841.95,124964155.0,481992994042.75
2017-09-06,3846.75,3849.45,3858.25,3831.38,131398723.0,505812814252.35
2017-09-07,3851.69,3829.87,3858.16,3828.84,123884181.0,474460308286.47
2017-09-08,3830.07,3825.99,3843.02,3813.98,106036504.0,405694603938.95996
2017-09-11,3828.34,3825.65,3850.74,3817.51,123883997.0,473936813123.05
2017-09-12,3832.24,3837.93,3849.39,3822.0,144190242.0,553392055479.0599
2017-09-13,3835.55,3842.61,3847.78,3822.94,95410785.0,366626436548.85004
2017-09-14,3843.57,3829.96,3854.49,3820.09,115358583.0,441818758546.68
2017-09-15,3826.14,3831.3,3843.3,3818.52,122427006.0,469054588087.80005
2017-09-18,3832.96,3843.14,3862.36,3832.96,117934405.0,453238429231.7
2017-09-19,3849.88,3832.12,3857.3,3820.29,112432987.0,430856698142.44
2017-09-20,3830.15,3842.44,3850.94,3827.89,101129542.0,388584197362.48
2017-09-21,3843.26,3837.82,3860.8,3837.38,111098192.0,426374863221.44
2017-09-22,3826.46,3837.73,3842.25,3816.82,100619802.0,386151632729.46
2017-09-25,3829.22,3817.79,3835.39,3811.12,103948976.0,396855361083.04
2017-09-26,3810.33,3820.78,3821.69,3808.38,81869407.0,312804992877.46
2017-09-27,3818.96,3821.2,3832.57,3818.81,85655811.0,327307984993.2
2017-09-28,3821.59,3822.54,3827.33,3813.75,93544069.0,357575945515.26
2017-09-29,3825.2,3836.5,3852.22,3825.2,93306028.0,357968576422.0
2017-10-09,3910.12,3882.21,3918.84,3876.03,135535851.0,526178636110.71
2017-10-10,3883.0,3889.86,3900.74,3855.47,112532586.0,437736004977.96
2017-10-11,3886.82,3902.69,3913.07,3885.5,104418151.0,407511673726.19
2017-10-12,3902.02,3912.95,3917.44,3897.55,94340921.0,369151306826.95
2017-10-13,3912.98,3921.0,3927.17,3908.89,90142068.0,353447048628.0
2017-10-16,3926.28,3913.45,3947.42,3913.32,121355033.0,474916853893.85
2017-10-17,3910.79,3913.07,3924.61,3900.48,82241227.0,321815678136.89
2017-10-18,3914.82,3944.16,3944.41,3914.82,100969841.0,398241208078.56
2017-10-19,3940.58,3931.25,3944.03,3923.65,106527252.0,418785259425.0
2017-10-20,3918.53,3926.85,3928.96,3910.2,72980180.0,286582219833.0
2017-10-23,3930.89,3930.8,3936.27,3920.66,81484980.0,320301159384.0
2017-10-24,3926.23,3959.4,3959.5,3922.03,93058154.0,368454454947.60004
2017-10-25,3958.17,3976.95,3978.09,3954.0,88205458.0,350788696193.1
2017-10-26,3980.05,3993.58,4013.6,3973.55,129895465.0,518747931114.7
2017-10-27,3992.55,4021.97,4024.46,3991.35,126672846.0,509474386426.62
2017-10-30,4022.16,4009.72,4033.34,3960.27,157387603.0,631080219501.1599
2017-10-31,3995.39,4006.72,4009.28,3983.26,109178779.0,437448797394.88
2017-11-01,4007.91,3996.62,4032.46,3991.32,130417380.0,521228709255.6
2017-11-02,3994.09,3997.13,3999.23,3971.38,126100579.0,504040407338.27
2017-11-03,3992.35,3992.7,3999.34,3963.03,129404439.0,516673103595.3
2017-11-06,3989.18,4020.89,4021.64,3975.41,122081159.0,490874911411.51
2017-11-07,4022.4,4054.25,4064.22,4021.36,152116663.0,616718980967.75
2017-11-08,4051.49,4048.01,4089.15,4040.58,150827719.0,610552114789.1901
2017-11-09,4043.07,4075.9,4076.61,4038.4,121056335.0,493413515826.5
2017-11-10,4070.28,4111.91,4116.71,4067.66,141817165.0,583139418935.15
2017-11-13,4115.55,4128.07,4137.65,4115.55,151446309.0,625180964793.63
2017-11-14,4129.27,4099.35,4133.55,4086.89,143236936.0,587178333591.6001
2017-11-15,4084.21,4073.67,4102.81,4055.72,120635696.0,491430015724.32
2017-11-16,4063.49,4105.01,4107.62,4062.27,121384414.0,498284233314.14
2017-11-17,4094.08,4120.85,4122.38,4081.37,191784119.0,790313586781.15
2017-11-20,4093.73,4143.83,4144.51,4060.96,137447258.0,569558071118.14
2017-11-21,4131.85,4217.7,4220.26,4129.98,180350821.0,760665657731.7
2017-11-22,4228.37,4227.57,4260.64,4191.15,186477003.0,788344583572.71
2017-11-23,4213.38,4102.4,4214.19,4086.9,178147228.0,730831188147.2
2017-11-24,4089.47,4104.2,4116.59,4057.49,130858040.0,537067567768.0
2017-11-27,4088.93,4049.95,4088.93,4037.15,143455268.0,580986662636.6
2017-11-28,4034.21,4055.82,4056.48,4010.3,102058095.0,413929262862.9
2017-11-29,4061.35,4053.75,4069.24,4004.69,124553642.0,504909326257.5
2017-11-30,4034.01,4006.1,4052.8,3988.0,107983345.0,432592078404.5
2017-12-01,4003.56,3998.14,4027.11,3984.38,97386913.0,389366512341.82
2017-12-04,3989.05,4018.86,4032.99,3982.32,102647219.0,412524802550.34
2017-12-05,4007.94,4040.17,4045.93,4006.54,154087076.0,622537981842.92
2017-12-06,4027.12,4015.82,4031.75,3964.81,109286205.0,438873727763.10004
2017-12-07,4003.58,3971.06,4017.95,3955.99,90254045.0,358404227937.7
2017-12-08,3962.83,4003.38,4014.14,3955.44,89282861.0,357433220070.18
2017-12-11,4006.88,4069.5,4069.5,4005.27,97148946.0,395347635747.0
2017-12-12,4068.51,4016.02,4070.15,4015.45,84338718.0,338705978262.36
2017-12-13,4013.83,4050.09,4052.69,4004.74,77546131.0,314068809701.79004
2017-12-14,4050.9,4026.15,4057.62,4013.85,80768862.0,325187553741.3
2017-12-15,4018.73,3980.86,4020.27,3974.93,89044389.0,354473246394.54004
2017-12-18,3983.3,3985.29,4008.07,3967.93,77853375.0,310268276853.75
2017-12-19,3985.82,4035.33,4035.63,3985.82,77528985.0,312855039040.05
2017-12-20,4036.02,4030.49,4044.85,4015.63,90604503.0,365180543296.47
2017-12-21,4023.08,4067.85,4080.78,4014.65,96836089.0,393914684638.64996
2017-12-22,4064.91,4054.6,4076.8,4048.49,73473684.0,297906399146.39996
2017-12-25,4057.42,4041.54,4086.93,4026.45,91926962.0,371526494001.48
2017-12-26,4040.62,4053.62,4056.86,4015.3,91118790.0,369360949519.8
2017-12-27,4045.28,3991.21,4047.74,3986.74,105153577.0,419690008058.17
2017-12-28,3993.0,4018.9,4036.7,3980.24,118542886.0,476412004545.4
2017-12-29,4022.88,4030.86,4043.14,4012.88,90486683.0,364739151037.38
2018-01-02,4045.21,4087.4,4087.78,4045.21,146935435.0,600583897019.0
2018-01-03,4091.46,4111.39,4140.05,4088.73,151852218.0,624323690563.02
2018-01-04,4114.12,4128.81,4137.64,4105.89,134543794.0,555505762105.14
2018-01-05,4133.34,4138.75,4151.28,4123.28,149009872.0,616714607740.0
2018-01-08,4140.85,4160.16,4166.32,4127.31,173877666.0,723358910986.5599
2018-01-09,4157.54,4189.3,4191.28,4153.5,139034294.0,582456367854.2001
2018-01-10,4187.2,4207.81,4211.05,4175.14,151121666.0,635891257411.4601
2018-01-11,4197.11,4205.59,4211.8,4181.96,121578539.0,511309487833.01
2018-01-12,4205.14,4225.0,4227.39,4199.02,111354794.0,470474004650.0
2018-01-15,4229.84,4225.24,4262.93,4216.36,170907897.0,722126882720.2799
2018-01-16,4215.62,4258.47,4260.21,4213.13,161494963.0,687721455086.61
2018-01-17,4261.78,4248.12,4283.34,4230.54,214311032.0,910418981259.84
2018-01-18,4259.38,4271.42,4292.64,4246.68,172032846.0,734824539061.3201
2018-01-19,4281.94,4285.4,4316.57,4269.62,209490570.0,897750888677.9999
2018-01-22,4276.48,4336.6,4338.48,4275.9,174643195.0,757357679437.0001
2018-01-23,4346.89,4382.61,4383.57,4346.79,201867585.0,884706896696.85
2018-01-24,4389.45,4389.89,4397.82,4349.09,219818889.0,964980742632.2101
2018-01-25,4381.98,4365.08,4392.2,4336.24,195374950.0,852827286746.0
2018-01-26,4352.22,4381.3,4403.34,4351.49,177227237.0,776485693468.1
2018-01-29,4387.06,4302.02,4395.91,4287.11,191100354.0,822117544915.0801
2018-01-30,4286.68,4256.1,4308.51,4251.57,139034730.0,591745714353.0
2018-01-31,4234.11,4275.9,4287.86,4232.77,145210164.0,620904140247.6
2018-02-01,4276.34,4245.9,4287.39,4214.29,190002934.0,806733457470.6
2018-02-02,4213.94,4271.23,4271.76,4181.78,146066827.0,623885013487.21
2018-02-05,4204.46,4274.15,4274.15,4200.14,161347799.0,689624695095.85
2018-02-06,4182.33,4148.89,4211.52,4131.56,214910450.0,891639816900.5001
2018-02-07,4205.74,4050.5,4212.57,4048.42,203127493.0,822767910396.5
2018-02-08,4022.88,4012.05,4071.67,3974.68,159269985.0,638999143319.25
2018-02-09,3896.17,3840.65,3911.29,3759.15,206349828.0,792517466908.2001
2018-02-12,3846.27,3890.1,3907.84,3828.07,116182637.0,451962076193.7
2018-02-13,3925.6,3935.63,3986.98,3925.6,112565885.0,443017673982.55
2018-02-14,3945.09,3966.96,3971.4,3923.13,71081338.0,281976824592.48
2018-02-22,4020.97,4052.73,4058.79,4009.92,105811571.0,428825728138.83
2018-02-23,4061.75,4071.09,4085.2,4035.23,99458746.0,404905506253.14
2018-02-26,4093.4,4118.42,4128.74,4048.98,137881001.0,567851872138.42
2018-02-27,4120.87,4058.98,4120.87,4051.81,125934470.0,511165495040.6
2018-02-28,4016.79,4023.64,4051.71,3991.71,109343593.0,439959254538.51996
2018-03-01,3994.87,4049.09,4061.03,3986.89,110199852.0,446209118734.68
2018-03-02,4014.95,4016.46,4044.42,4006.94,96165000.0,386242875900.0
2018-03-05,4021.66,4018.1,4042.83,3995.87,87952548.0,353402133118.8
2018-03-06,4034.99,4066.56,4067.55,3998.93,138762444.0,564285804272.64
2018-03-07,4063.5,4036.65,4089.7,4027.94,106952426.0,431729510412.9
2018-03-08,4038.95,4077.6,4078.23,4029.71,91155810.0,371696930856.0
2018-03-09,4088.07,4108.87,4110.67,4076.45,113701808.0,467185947836.95996
2018-03-12,4130.71,4127.67,4139.53,4112.77,140906739.0,581616519368.13
2018-03-13,4124.33,4091.25,4130.28,4087.56,111766430.0,457264406737.5
2018-03-14,4076.06,4073.34,4089.09,4066.49,99013409.0,403315279416.06
2018-03-15,4058.71,4096.16,4098.99,4058.71,88161156.0,361122200760.95996
2018-03-16,4096.89,4056.42,4110.04,4055.82,84896188.0,344374594926.96
2018-03-19,4054.62,4074.25,4074.52,4033.52,81502882.0,332063116988.5
2018-03-20,4045.74,4077.7,4080.19,4040.31,80605280.0,328684150256.0
2018-03-21,4097.02,4061.05,4110.12,4046.24,97609488.0,396397011242.4
2018-03-22,4062.07,4020.35,4072.38,4003.72,89095259.0,358194124520.64996
2018-03-23,3896.74,3904.94,3928.51,3834.94,180080449.0,703203348518.06
2018-03-26,3862.69,3879.89,3883.9,3829.92,115139128.0,446727151335.92
2018-03-27,3927.49,3913.27,3936.78,3881.87,113700711.0,444941581334.97
2018-03-28,3865.05,3842.72,3907.28,3835.88,101494908.0,390016512869.76
2018-03-29,3854.59,3894.05,3913.96,3794.26,116629066.0,454159414457.30005
2018-03-30,3893.75,3898.5,3915.35,3879.21,97512270.0,380151584595.0
2018-04-02,3897.01,3886.92,3937.02,3882.89,111242666.0,432391343328.72003
2018-04-03,3850.15,3862.48,3878.15,3839.93,95137369.0,367466185015.12
2018-04-04,3873.63,3854.86,3898.61,3852.5,88730609.0,342044075409.74
2018-04-09,3851.95,3852.93,3870.67,3827.41,84105462.0,324052457703.66
2018-04-10,3860.72,3927.17,3927.42,3851.8,106173722.0,416962255826.74
2018-04-11,3934.17,3938.34,3958.71,3924.96,111933021.0,440830293925.14
2018-04-12,3935.67,3898.64,3937.78,3896.18,82699490.0,322415539693.6
2018-04-13,3920.74,3871.14,3929.95,3866.19,71544203.0,276957626001.42
2018-04-16,3862.47,3808.86,3869.16,3789.61,99217770.0,377906595442.2
2018-04-17,3812.87,3748.64,3822.63,3745.44,90610790.0,339667231825.6
2018-04-18,3785.31,3766.28,3789.66,3708.11,106676706.0,401774344273.68
2018-04-19,3774.78,3811.84,3824.03,3767.8,99054060.0,377578228070.4
2018-04-20,3801.21,3760.85,3815.44,3750.1,99282925.0,373388188486.25
2018-04-23,3754.69,3766.33,3787.4,3735.18,90356291.0,340311609482.02997
2018-04-24,3769.88,3843.49,3854.43,3769.88,114219525.0,439001602142.25
2018-04-25,3824.59,3828.7,3838.69,3817.03,78172612.0,299299479564.39996
2018-04-26,3823.39,3755.49,3828.71,3744.89,87150641.0,327293360769.08997
2018-04-27,3771.04,3756.88,3776.98,3714.64,89531726.0,336359950774.88
2018-05-02,3769.93,3763.65,3787.3,3744.55,83301035.0,313515940377.75
2018-05-03,3756.17,3793.0,3797.53,3732.37,93961118.0,356394520574.0
2018-05-04,3784.32,3774.6,3801.52,3770.94,71554288.0,270088815484.8
2018-05-07,3782.54,3834.19,3834.59,3776.03,87286195.0,334671856007.05
2018-05-08,3834.61,3878.68,3892.07,3833.73,94215157.0,365430445152.76
2018-05-09,3876.13,3871.62,3878.94,3855.74,66712966.0,258287253424.91998
2018-05-10,3882.84,3893.06,3894.49,3867.31,70667809.0,275114020505.54
2018-05-11,3902.15,3872.84,3903.34,3871.95,73356604.0,284098390235.36
2018-05-14,3886.87,3909.29,3919.3,3886.87,81975999.0,320467953130.71
2018-05-15,3920.14,3924.1,3924.34,3892.92,76049555.0,298426058775.5
2018-05-16,3909.82,3892.84,3923.34,3889.19,71913646.0,279948317694.64
2018-05-17,3895.49,3864.05,3899.51,3858.85,59030123.0,228095346778.15002
2018-05-18,3860.16,3903.06,3903.06,3841.9,72613956.0,283416627105.36
2018-05-21,3925.54,3921.24,3937.46,3913.6,92641737.0,363270484793.88
2018-05-22,3918.82,3906.21,3918.82,3881.17,75368778.0,294406274311.38
2018-05-23,3898.27,3854.58,3898.27,3854.58,83722319.0,322714376371.02
2018-05-24,3853.29,3827.22,3859.1,3823.92,68345022.0,261571435098.84
2018-05-25,3823.74,3816.5,3841.12,3804.14,70836386.0,270347067169.0
2018-05-28,3816.26,3833.26,3846.55,3799.32,71521132.0,274159094450.32
2018-05-29,3824.19,3804.01,3841.78,3800.67,81552662.0,310227141774.62
2018-05-30,3755.18,3723.37,3767.89,3722.07,87913285.0,327333687970.45
2018-05-31,3749.3,3802.38,3804.79,3742.53,92666894.0,352354744407.72003
2018-06-01,3789.67,3770.59,3802.54,3753.84,77821813.0,293434149879.67
2018-06-04,3785.19,3807.58,3813.41,3776.62,76624341.0,291753308304.77997
2018-06-05,3811.29,3845.32,3845.56,3800.93,78687360.0,302578079155.2
2018-06-06,3839.68,3837.35,3848.33,3830.9,73117237.0,280576429401.95
2018-06-07,3846.94,3831.01,3859.85,3827.69,80256147.0,307462101718.47003
2018-06-08,3819.45,3779.62,3819.46,3759.27,83337335.0,314983458112.7
2018-06-11,3770.21,3779.98,3792.55,3756.51,68709834.0,259721798323.32
2018-06-12,3783.19,3825.95,3830.47,3765.26,73206244.0,280083429231.8
2018-06-13,3814.62,3788.34,3817.45,3782.07,66377970.0,251462318869.80002
2018-06-14,3774.64,3773.37,3808.16,3759.25,68471322.0,258367632295.13998
2018-06-15,3763.04,3753.43,3780.34,3737.43,85488893.0,320876575652.99
2018-06-19,3702.67,3621.12,3712.82,3583.02,160706542.0,581937673367.04
2018-06-20,3602.55,3635.44,3649.34,3578.17,86718098.0,315258442193.12
2018-06-21,3633.56,3592.97,3673.56,3589.49,93908552.0,337410610079.44
2018-06-22,3567.89,3608.9,3609.08,3542.46,75117864.0,271092859389.6
2018-06-25,3625.8,3560.48,3631.03,3559.03,79877078.0,284400738677.44
2018-06-26,3521.59,3531.11,3541.78,3478.21,84985269.0,300092333218.59
2018-06-27,3525.13,3459.26,3537.66,3441.78,81491817.0,281901382875.42004
2018-06-28,3434.94,3423.53,3477.06,3416.95,75918051.0,259907725140.03003
2018-06-29,3431.96,3510.98,3512.38,3425.22,77257031.0,271247890700.38
2018-07-02,3504.46,3407.96,3506.9,3383.5,84351449.0,287466364134.04
2018-07-03,3410.48,3409.28,3422.04,3319.29,95278693.0,324831742471.04004
2018-07-04,3398.78,3363.75,3418.33,3359.09,75157997.0,252812712408.75
2018-07-05,3365.55,3342.44,3398.49,3330.71,81587981.0,272702931213.64
2018-07-06,3347.06,3365.12,3396.25,3295.73,86097579.0,289728685044.48
2018-07-09,3378.91,3459.18,3459.32,3378.91,76601545.0,264978532433.09998
2018-07-10,3464.91,3467.52,3474.14,3437.27,69548823.0,241161934728.96
2018-07-11,3398.93,3407.53,3427.57,3375.14,72040950.0,245481698353.5
2018-07-12,3403.33,3481.06,3499.1,3403.33,96353564.0,335412537497.83997
2018-07-13,3488.5,3492.69,3499.76,3474.91,72955897.0,254812331892.93
2018-07-16,3488.97,3472.09,3506.24,3459.73,68281999.0,237081245907.91
2018-07-17,3466.42,3449.38,3467.19,3420.97,61983076.0,213803182692.88
2018-07-18,3456.61,3431.32,3479.26,3430.16,66530330.0,228286851935.6
2018-07-19,3444.8,3428.34,3466.51,3417.96,68477716.0,234764892871.44
2018-07-20,3426.46,3492.89,3505.93,3398.95,101984727.0,356221433091.02997
2018-07-23,3471.86,3525.75,3527.53,3464.65,119036627.0,419693387645.25
2018-07-24,3530.66,3581.71,3596.51,3530.66,156912435.0,562014837563.85
2018-07-25,3589.51,3577.75,3589.98,3566.31,96758501.0,346177726952.75
2018-07-26,3583.32,3536.25,3593.92,3528.64,90349641.0,319498917986.25
2018-07-27,3533.77,3521.23,3545.41,3512.7,70178104.0,247113245147.92
2018-07-30,3520.85,3515.08,3550.9,3489.55,82116995.0,288647806784.6
2018-07-31,3510.47,3517.66,3528.15,3493.15,67980817.0,239133400728.22
2018-08-01,3530.03,3447.39,3543.61,3446.78,90348617.0,311466918759.63
2018-08-02,3434.35,3370.96,3434.35,3322.1,101308727.0,341507666367.92
2018-08-03,3366.66,3315.28,3381.34,3315.2,70796910.0,234711579784.80002
2018-08-06,3312.82,3273.27,3344.25,3257.69,77975083.0,255233499931.41
2018-08-07,3284.98,3368.87,3368.96,3263.5,91783916.0,309208081094.92
2018-08-08,3362.15,3314.51,3368.16,3311.77,79284865.0,262790477891.15002
2018-08-09,3303.48,3397.53,3408.39,3299.62,91957572.0,312428609597.16003
2018-08-10,3398.41,3405.02,3424.04,3380.57,68967299.0,234835032440.98
2018-08-13,3369.98,3390.34,3396.19,3336.7,76191532.0,258315198600.88
2018-08-14,3386.48,3372.91,3391.73,3356.61,60651446.0,204571868727.86
2018-08-15,3371.96,3291.98,3372.14,3288.71,68174055.0,224427625578.9
2018-08-16,3251.86,3276.73,3315.2,3231.56,76547366.0,250825050593.18
2018-08-17,3305.9,3229.62,3311.57,3224.1,67395413.0,217661573733.06
2018-08-20,3238.22,3267.25,3267.25,3209.01,70904228.0,231661838933.0
2018-08-21,3271.84,3326.65,3331.71,3270.03,75205583.0,250182652686.95
2018-08-22,3328.97,3307.95,3328.97,3299.39,50787057.0,168001045203.15
2018-08-23,3308.46,3320.03,3336.11,3285.81,61112334.0,202894782250.02002
2018-08-24,3308.48,3325.33,3353.04,3291.87,63765897.0,212042650271.01
2018-08-27,3339.39,3406.57,3406.57,3339.26,94270082.0,321137633238.74
2018-08-28,3408.15,3400.17,3416.59,3388.81,75445363.0,256527059911.71
2018-08-29,3393.05,3386.57,3398.71,3377.12,67020404.0,226969289574.28
2018-08-30,3385.81,3351.09,3402.56,3349.47,68385290.0,229165261466.1
2018-08-31,3333.38,3334.5,3356.58,3310.87,76205630.0,254107673235.0
2018-09-03,3320.69,3321.82,3325.61,3291.78,66429855.0,220668020936.1
2018-09-04,3324.19,3363.9,3370.96,3307.96,67088807.0,225680037867.30002
2018-09-05,3349.7,3298.14,3354.2,3298.14,64301888.0,212076628888.31998
2018-09-06,3286.66,3262.88,3311.5,3253.76,62300288.0,203278363709.44
2018-09-07,3273.89,3277.64,3316.62,3253.73,63947408.0,209596582357.12
2018-09-10,3271.38,3230.07,3277.88,3227.85,63817051.0,206133541923.57
2018-09-11,3229.71,3224.21,3245.62,3209.11,58491305.0,188588250494.05
2018-09-12,3216.99,3202.02,3225.6,3194.98,54627899.0,174919625155.98
2018-09-13,3239.69,3236.57,3249.59,3191.4,67290327.0,217789853658.39
2018-09-14,3242.83,3242.09,3254.1,3227.94,60130640.0,194948946637.6
2018-09-17,3224.93,3204.92,3230.79,3200.51,52259547.0,167487667371.24
2018-09-18,3193.64,3269.43,3270.11,3193.64,70425035.0,230249722180.05
2018-09-19,3262.0,3312.48,3335.99,3258.31,89170666.0,295376047711.68
2018-09-20,3314.88,3310.13,3332.31,3303.07,64561057.0,213705491607.41
2018-09-21,3320.7,3410.49,3410.49,3307.77,108416005.0,369751700892.44995
2018-09-25,3375.97,3379.8,3394.38,3367.03,69054693.0,233391051401.40002
2018-09-26,3388.56,3417.24,3448.26,3383.24,93173343.0,318395674633.32
2018-09-27,3415.95,3403.59,3423.71,3394.73,69765241.0,237452276615.19
2018-09-28,3409.96,3438.87,3444.99,3404.7,84377756.0,290164133775.72
2018-10-08,3361.56,3290.9,3364.46,3285.25,97888989.0,322142873900.10004
2018-10-09,3290.17,3288.69,3309.8,3276.13,66723274.0,219432163971.06
2018-10-10,3295.43,3281.6,3315.73,3256.58,64492828.0,211639664364.8
2018-10-11,3179.54,3124.11,3209.52,3099.04,120941342.0,377834055955.62
2018-10-12,3123.37,3170.73,3184.12,3094.97,98611151.0,312669334810.23
2018-10-15,3173.85,3126.45,3183.13,3120.23,69605023.0,217616624158.34998
2018-10-16,3128.58,3100.97,3166.09,3089.37,68887721.0,213618756189.37
2018-10-17,3140.68,3118.25,3149.13,3062.55,76837138.0,239597405568.5
2018-10-18,3097.79,3044.39,3097.79,3043.38,73771968.0,224590641659.52
2018-10-19,3017.75,3134.95,3137.75,3009.5,98839688.0,309857479895.6
2018-10-22,3159.56,3270.27,3297.38,3159.56,145862045.0,477008269902.15
2018-10-23,3273.13,3183.43,3276.02,3163.57,121013241.0,385237181796.63
2018-10-24,3169.46,3188.2,3245.4,3164.29,110909744.0,353602445820.8
2018-10-25,3107.84,3194.31,3197.32,3099.89,106951817.0,341637258561.27
2018-10-26,3204.28,3173.64,3218.1,3151.92,101299354.0,321487681828.56
2018-10-29,3157.49,3076.89,3158.81,3062.58,91839789.0,282580928376.20996
2018-10-30,3061.93,3110.26,3146.63,3050.77,116070101.0,361008192336.26
2018-10-31,3116.66,3153.82,3168.92,3106.03,111207455.0,350728295728.10004
2018-11-01,3185.2,3177.03,3217.8,3173.1,132653379.0,421443764684.37006
2018-11-02,3258.61,3290.25,3290.25,3222.44,153466104.0,504941848686.0
2018-11-05,3269.47,3262.84,3279.88,3230.36,109706683.0,357955353559.72003
2018-11-06,3254.98,3243.15,3254.98,3213.9,83869138.0,272000194904.7
2018-11-07,3243.88,3221.91,3270.5,3218.42,91615528.0,295176985818.48
2018-11-08,3251.73,3212.77,3253.57,3207.71,76414540.0,245502341675.8
2018-11-09,3193.3,3167.44,3193.3,3166.31,84282762.0,266960591669.28
2018-11-12,3160.25,3205.14,3206.51,3152.44,88062391.0,282252291889.74
2018-11-13,3164.92,3237.38,3254.77,3161.1,126493464.0,409507410484.32
2018-11-14,3233.64,3204.94,3239.24,3200.23,113808659.0,364749923575.46
2018-11-15,3201.28,3242.37,3242.38,3198.78,98558810.0,319564128779.7
2018-11-16,3242.88,3257.67,3282.39,3223.72,126876835.0,413322859074.45
2018-11-19,3258.79,3294.6,3294.6,3251.07,115956595.0,382030597887.0
2018-11-20,3268.08,3218.41,3278.78,3213.68,109361154.0,351969031645.13995
2018-11-21,3187.1,3226.49,3230.26,3185.24,84119726.0,271411454741.74
2018-11-22,3232.97,3214.43,3235.45,3199.7,65098291.0,209253899539.12997
2018-11-23,3208.59,3143.48,3212.2,3139.39,84638255.0,266058661827.4
2018-11-26,3148.67,3141.24,3169.44,3131.64,59379140.0,186524129733.59998
2018-11-27,3152.77,3137.24,3162.01,3126.29,55407832.0,173827666863.68
2018-11-28,3137.75,3178.93,3179.41,3126.62,74881955.0,238044493208.15
2018-11-29,3198.83,3137.65,3204.86,3137.65,80498466.0,252576011844.9
2018-11-30,3136.2,3172.69,3175.15,3132.42,70921044.0,225010487088.36002
2018-12-03,3260.69,3260.95,3273.64,3228.36,121487157.0,396163544619.14996
2018-12-04,3256.23,3267.71,3267.94,3243.7,79415039.0,259505317090.69
2018-12-05,3224.26,3252.0,3266.9,3219.98,76153052.0,247649725104.0
2018-12-06,3218.11,3181.67,3223.52,3179.89,76328771.0,242852960827.57
2018-12-07,3187.49,3181.56,3193.82,3176.71,53361924.0,169774162921.44
2018-12-10,3153.52,3144.76,3170.15,3134.38,63437273.0,199494998639.48
2018-12-11,3148.23,3159.82,3161.96,3143.61,53223877.0,168177871022.14
2018-12-12,3181.57,3170.61,3182.21,3160.28,53309914.0,169024946427.54
2018-12-13,3178.89,3219.69,3234.08,3169.42,90442755.0,291197633845.95
2018-12-14,3207.35,3165.91,3210.72,3165.91,84301250.0,266890170387.5
2018-12-17,3158.28,3161.2,3167.51,3134.37,66497007.0,210210338528.4
2018-12-18,3139.95,3128.43,3165.0,3114.47,63820319.0,199657400569.16998
2018-12-19,3133.74,3091.13,3137.01,3086.76,55522299.0,171626644107.87
2018-12-20,3083.54,3067.42,3097.72,3044.29,69749463.0,213950897795.46
2018-12-21,3055.33,3029.4,3057.4,3007.61,76758101.0,232530991169.4
2018-12-24,3015.5,3038.2,3040.35,3007.33,57299615.0,174087690293.0
2018-12-25,3006.88,3017.28,3030.14,2964.88,78689425.0,237428028264.00003
2018-12-26,3012.87,3002.03,3029.06,2996.48,55647032.0,167054059474.96002
2018-12-27,3042.95,2990.51,3047.23,2990.51,80541785.0,240861013460.35
2018-12-28,2994.79,3010.65,3024.35,2984.82,71053779.0,213918059746.35
2019-01-02,3017.07,2969.54,3018.78,2958.49,68663021.0,203897587380.34
2019-01-03,2963.02,2964.84,3000.44,2953.25,70867103.0,210109621658.52002
2019-01-04,2940.19,3035.87,3036.81,2935.83,103318972.0,313662967525.64
2019-01-07,3055.15,3054.3,3061.75,3035.91,101164359.0,308986301693.7
2019-01-08,3049.87,3047.7,3055.51,3038.53,86170585.0,262622091904.49997
2019-01-09,3065.23,3078.48,3117.96,3062.85,107364350.0,330519004188.0
2019-01-10,3077.48,3072.69,3092.54,3062.57,85271756.0,262013671943.64
2019-01-11,3082.26,3094.78,3102.83,3071.03,71786424.0,222163189266.72
2019-01-14,3092.5,3067.78,3097.41,3064.38,66121702.0,202846834961.56003
2019-01-15,3071.52,3127.99,3129.37,3064.67,88772962.0,277680937406.38
2019-01-16,3126.13,3128.65,3135.01,3117.29,80214341.0,250962597969.65
2019-01-17,3132.63,3111.42,3141.71,3110.06,80174871.0,249457697126.82
2019-01-18,3124.5,3168.17,3171.69,3120.35,103963834.0,329375099963.78
2019-01-21,3170.88,3185.64,3199.21,3170.88,93915022.0,299179450684.08
2019-01-22,3181.95,3143.32,3181.95,3135.34,72990528.0,229432586472.96002
2019-01-23,3136.1,3141.05,3157.63,3131.87,59870478.0,188056164921.90002
2019-01-24,3146.6,3158.78,3165.63,3125.3,72934636.0,230384469504.08002
2019-01-25,3165.18,3184.47,3203.17,3164.41,83967729.0,267392713968.62997
2019-01-28,3203.12,3183.78,3228.87,3174.72,82622431.0,263051643369.18002
2019-01-29,3177.26,3193.97,3200.99,3148.23,77658334.0,248038389045.97998
2019-01-30,3181.66,3168.48,3202.9,3167.89,63746517.0,201979564184.16
2019-01-31,3182.7,3201.63,3216.07,3178.01,86247839.0,276133668777.57
2019-02-01,3225.73,3247.4,3247.5,3207.72,82019641.0,266350582183.4
2019-02-11,3239.81,3306.47,3307.06,3239.81,98818434.0,326740187467.98
2019-02-12,3306.35,3330.34,3335.36,3298.63,122232462.0,407075657497.08
2019-02-13,3337.78,3397.03,3405.58,3329.14,163828332.0,556529758653.9601
2019-02-14,3392.85,3402.14,3415.4,3381.98,151127290.0,514156198400.6
2019-02-15,3391.24,3338.7,3395.03,3335.87,143668603.0,479666364836.1
2019-02-18,3366.42,3445.74,3445.74,3366.42,182886089.0,630177912310.86
2019-02-19,3454.72,3439.61,3480.79,3419.07,179083785.0,615978377723.85
2019-02-20,3449.93,3451.93,3463.77,3421.5,147390311.0,508781036250.23
2019-02-21,3450.14,3442.71,3500.25,3431.63,180143287.0,620181095587.77
2019-02-22,3439.38,3520.12,3520.12,3417.98,187237974.0,659100137036.88
2019-02-25,3575.85,3729.48,3729.48,3574.69,342557122.0,1277559935356.56
2019-02-26,3734.71,3684.69,3762.11,3679.27,358038698.0,1319261610133.62
2019-02-27,3682.81,3678.39,3737.63,3638.33,286236007.0,1052887665788.73
2019-02-28,3675.26,3669.37,3695.46,3650.05,184810220.0,678137076961.4
2019-03-01,3699.22,3749.71,3749.71,3668.77,204711004.0,767606898808.84
2019-03-04,3783.04,3794.1,3886.58,3764.78,323490126.0,1227353887056.5999
2019-03-05,3785.38,3816.01,3816.16,3770.79,230853166.0,880937989987.66
2019-03-06,3822.86,3848.09,3855.16,3787.52,318077371.0,1223990350571.3901
2019-03-07,3841.15,3808.85,3845.18,3778.8,329846548.0,1256336024349.8
2019-03-08,3721.4,3657.58,3774.54,3656.19,317990077.0,1163074145833.66
2019-03-11,3663.98,3729.95,3731.91,3650.81,230912865.0,861293440806.75
2019-03-12,3758.32,3755.35,3804.72,3723.68,274926382.0,1032444788643.7
2019-03-13,3758.71,3724.19,3763.09,3708.81,233682248.0,870277091179.12
2019-03-14,3710.29,3698.49,3747.82,3673.85,190817237.0,705735642872.13
2019-03-15,3713.94,3745.0,3782.24,3713.94,175174544.0,656028667280.0
2019-03-18,3753.64,3851.75,3851.75,3733.68,216928060.0,835552655105.0
2019-03-19,3856.59,3833.96,3868.34,3815.22,181727110.0,696734470655.6
2019-03-20,3825.34,3835.44,3855.15,3790.51,175632090.0,673626343269.6
2019-03-21,3840.28,3836.89,3864.07,3823.47,196310310.0,753221065335.9
2019-03-22,3838.13,3833.8,3845.58,3786.59,171356993.0,656948439763.4
2019-03-25,3776.44,3742.83,3807.18,3741.61,198586329.0,743274869771.07
2019-03-26,3766.53,3700.44,3770.84,3687.55,173046579.0,640348482794.76
2019-03-27,3724.41,3743.39,3750.26,3703.45,138758454.0,519427009119.06
2019-03-28,3731.06,3728.4,3755.72,3710.08,133272129.0,496891805763.60004
2019-03-29,3739.77,3872.34,3876.38,3739.77,215639103.0,835027924111.02
2019-04-01,3901.17,3973.93,3982.91,3901.17,271382704.0,1078455868906.72
2019-04-02,3986.34,3971.29,3988.1,3956.51,226000341.0,897512894209.89
2019-04-03,3947.87,4022.16,4026.5,3939.78,231917368.0,932808760874.88
2019-04-04,4039.74,4062.23,4072.11,4021.71,260410939.0,1057849128733.97
2019-04-08,4097.1,4057.23,4122.6,4017.49,267505576.0,1085331648114.48
2019-04-09,4063.81,4075.43,4084.24,4038.28,182956808.0,745627664027.44
2019-04-10,4062.44,4085.85,4115.38,4035.47,194687613.0,795464383576.0499
2019-04-11,4083.46,3997.58,4097.13,3990.24,169049641.0,675789463868.78
2019-04-12,3986.78,3988.62,4006.93,3961.46,135862118.0,541902361097.16
2019-04-15,4056.49,3975.52,4085.39,3974.23,182645571.0,726111120421.92
2019-04-16,3958.1,4085.79,4085.79,3943.49,202041966.0,825501044263.14
2019-04-17,4080.72,4087.24,4106.62,4057.5,180367117.0,737203695287.08
2019-04-18,4085.11,4072.08,4094.05,4056.24,146562123.0,596812689825.84
2019-04-19,4076.3,4120.61,4120.64,4046.2,150794910.0,621367014095.1
2019-04-22,4125.97,4025.61,4126.09,4015.47,189353745.0,762264329409.4501
2019-04-23,4021.63,4019.01,4061.09,4005.28,155611650.0,625404777466.5
2019-04-24,4033.63,4030.09,4044.34,3967.81,145498695.0,586372835732.55
2019-04-25,4013.6,3941.82,4022.56,3938.33,159722071.0,629595653909.22
2019-04-26,3921.89,3889.27,3943.83,3887.25,142008068.0,552307718630.36
2019-04-29,3896.58,3900.33,3953.23,3875.45,153870927.0,600147392705.91
2019-04-30,3887.18,3913.21,3923.11,3885.15,116233376.0,454845609296.96
2019-05-06,3775.08,3684.62,3791.61,3647.14,197472882.0,727612530474.84
2019-05-07,3702.27,3720.67,3738.18,3671.83,132847654.0,494282280808.18
2019-05-08,3648.55,3667.46,3722.93,3642.5,112867355.0,413936509768.3
2019-05-09,3637.35,3599.7,3656.9,3584.82,101037394.0,363704307181.8
2019-05-10,3643.06,3730.45,3732.92,3589.29,148003847.0,552120951041.15
2019-05-13,3675.76,3668.73,3702.9,3658.0,103391860.0,379316818537.8
2019-05-14,3630.44,3645.15,3683.26,3630.44,102313460.0,372947908719.0
2019-05-15,3674.99,3727.09,3741.04,3674.99,110161769.0,410582827622.21
2019-05-16,3720.04,3743.96,3745.14,3707.9,116258274.0,435266327525.04
2019-05-17,3744.88,3648.76,3745.36,3637.58,128453245.0,468695062226.2
2019-05-20,3635.74,3617.79,3644.5,3583.83,108963477.0,394206977455.83
2019-05-21,3619.44,3666.78,3690.09,3610.68,111022920.0,407096622597.60004
2019-05-22,3663.15,3649.38,3679.27,3634.75,98346128.0,358902392600.64
2019-05-23,3629.53,3583.96,3631.47,3578.11,99897781.0,358029651192.76
2019-05-24,3584.9,3593.91,3623.39,3580.79,80934048.0,290869684447.68
2019-05-27,3592.6,3637.2,3648.03,3556.26,108830871.0,395839644001.19995
2019-05-28,3633.02,3672.26,3683.23,3627.79,117886240.0,432908923702.4
2019-05-29,3642.54,3663.91,3693.23,3637.35,93355441.0,342045933834.31
2019-05-30,3648.85,3641.18,3650.97,3612.62,94202561.0,343008481061.98
2019-05-31,3641.0,3629.79,3668.18,3627.54,89222267.0,323858092533.93
2019-06-03,3640.61,3632.01,3672.81,3613.13,100723180.0,365827596991.80005
2019-06-04,3632.56,3598.47,3636.13,3584.46,87097094.0,313416279846.18
2019-06-05,3627.79,3597.11,3634.45,3593.95,88642020.0,318855096562.2
2019-06-06,3601.04,3564.68,3601.04,3557.02,85534403.0,304902775686.04
2019-06-10,3578.01,3610.74,3623.73,3568.28,92375061.0,333542327755.13995
2019-06-11,3617.52,3719.28,3723.14,3617.52,143482806.0,533652730699.68005
2019-06-12,3706.86,3691.1,3711.88,3683.94,119178853.0,439901064308.3
2019-06-13,3689.58,3685.39,3697.59,3654.27,96331718.0,355019950200.01996
2019-06-14,3690.48,3654.88,3709.65,3650.91,101817004.0,372128931579.52
2019-06-17,3654.44,3654.82,3683.77,3645.5,72976678.0,266716622287.96002
2019-06-18,3661.13,3667.62,3675.65,3638.78,70692266.0,259272368626.91998
2019-06-19,3761.34,3715.94,3771.35,3715.13,125595715.0,466706141197.10004
2019-06-20,3718.94,3828.52,3845.79,3717.19,168872073.0,646530108921.96
2019-06-21,3832.73,3833.94,3856.09,3817.31,153635155.0,589027966160.7
2019-06-24,3836.31,3841.27,3853.55,3819.77,100084621.0,384452052108.67
2019-06-25,3837.43,3801.31,3838.06,3755.01,124075912.0,471651005044.72
2019-06-26,3779.51,3794.33,3809.76,3771.72,81820283.0,310453154395.39
2019-06-27,3807.54,3834.82,3854.08,3805.83,105316358.0,403869275985.56
2019-06-28,3832.06,3825.59,3835.23,3803.05,84766139.0,324280493697.01
2019-07-01,3899.33,3935.81,3936.67,3886.91,158370340.0,623315567875.4
2019-07-02,3931.05,3937.17,3942.43,3918.94,131863496.0,519169000546.32
2019-07-03,3927.44,3893.53,3927.44,3878.84,111992603.0,436046559558.59
2019-07-04,3895.2,3873.1,3906.89,3854.69,99342256.0,384762491713.6
2019-07-05,3875.37,3893.2,3900.31,3857.93,74006527.0,288122210916.39996
2019-07-08,3875.75,3802.79,3875.75,3775.03,109539086.0,416554140849.94
2019-07-09,3798.1,3793.13,3811.1,3774.76,74842732.0,283888212031.16003
2019-07-10,3807.95,3786.74,3810.4,3774.23,72833948.0,275803224249.51996
2019-07-11,3806.19,3785.22,3830.74,3774.41,75311965.0,285072356157.3
2019-07-12,3783.07,3808.73,3820.24,3774.52,75465967.0,287429492491.91
2019-07-15,3792.64,3824.19,3844.87,3745.86,101205222.0,387027997920.18
2019-07-16,3819.25,3806.85,3828.33,3799.87,80730952.0,307330624621.2
2019-07-17,3800.11,3804.64,3820.27,3787.9,95183885.0,362140416226.39996
2019-07-18,3793.19,3768.4,3793.39,3768.0,87496445.0,329721603338.0
2019-07-19,3787.51,3807.96,3828.15,3787.51,88086149.0,335428531946.04
2019-07-22,3813.5,3781.68,3816.54,3765.44,92101377.0,348297935373.36
2019-07-23,3783.54,3789.91,3792.96,3768.76,71313346.0,270271163138.86
2019-07-24,3803.59,3819.83,3840.06,3803.57,90940684.0,347377952963.72
2019-07-25,3821.39,3851.07,3851.07,3812.95,93740417.0,361000907696.19
2019-07-26,3835.23,3858.57,3863.59,3832.52,83259300.0,321261837201.0
2019-07-29,3857.94,3854.27,3862.75,3842.43,84814370.0,326897481859.9
2019-07-30,3861.57,3870.32,3890.73,3861.57,94123955.0,364289825515.60004
2019-07-31,3856.75,3835.36,3856.75,3830.09,82151155.0,315079253840.8
2019-08-01,3819.32,3803.47,3831.26,3791.55,84114180.0,319925760204.6
2019-08-02,3729.13,3747.44,3754.53,3720.06,108335897.0,405982273853.68
2019-08-05,3724.41,3675.69,3739.5,3675.69,101325981.0,372442895101.89
2019-08-06,3609.11,3636.33,3649.9,3575.86,129833871.0,472118800133.43
2019-08-07,3654.63,3621.43,3659.08,3621.43,84238716.0,305064613283.88
2019-08-08,3651.36,3669.29,3675.46,3646.94,88457707.0,324576979718.02997
2019-08-09,3686.75,3633.53,3689.18,3628.12,85295580.0,309924048797.4
2019-08-12,3647.87,3699.1,3699.1,3643.32,82083056.0,303633432449.6
2019-08-13,3675.59,3665.75,3686.43,3658.01,76500302.0,280430982056.5
2019-08-14,3712.07,3682.4,3717.56,3680.61,91202590.0,335844417416.0
2019-08-15,3618.01,3694.0,3694.3,3612.11,88598832.0,327284085408.0
2019-08-16,3697.94,3710.54,3738.1,3687.08,88319169.0,327711809341.26
2019-08-19,3736.03,3791.09,3791.09,3720.69,139327013.0,528201245714.17004
2019-08-20,3786.03,3787.73,3799.9,3778.73,108602088.0,411355386780.24
2019-08-21,3778.31,3781.76,3792.6,3775.45,82299880.0,311238394188.8
2019-08-22,3793.86,3793.51,3797.33,3771.2,85807792.0,325512717029.92004
2019-08-23,3796.88,3820.86,3829.36,3788.03,87954583.0,336062148001.38
2019-08-26,3756.36,3765.91,3778.87,3753.16,93859269.0,353465559719.79
2019-08-27,3791.46,3816.95,3848.24,3790.87,124731478.0,476093814952.1
2019-08-28,3818.81,3802.58,3822.59,3790.14,88750812.0,337482062694.96
2019-08-29,3805.49,3790.19,3808.6,3774.4,84083387.0,318692012573.53
2019-08-30,3816.68,3799.59,3828.97,3778.92,96695150.0,367401924988.5
2019-09-02,3803.69,3848.32,3855.78,3799.82,110289349.0,424428707543.68
2019-09-03,3852.58,3853.61,3856.68,3833.76,97714631.0,376554079167.91003
2019-09-04,3848.65,3886.0,3886.0,3846.42,126628615.0,492078797890.0
2019-09-05,3909.21,3925.32,3970.0,3909.21,181656231.0,713058836668.92
2019-09-06,3946.69,3948.51,3948.54,3922.34,121882376.0,481253780459.76
2019-09-09,3980.96,3972.95,3985.24,3954.88,146809754.0,583267812154.2999
2019-09-10,3976.87,3959.26,3976.92,3938.74,130889386.0,518225110414.36005
2019-09-11,3969.68,3930.1,3971.22,3922.95,131594875.0,517181018237.5
2019-09-12,3944.69,3972.38,3975.93,3933.44,110241273.0,437920228039.74
2019-09-16,3981.36,3957.72,3982.2,3943.37,110259805.0,436377435444.6
2019-09-17,3947.16,3891.22,3947.16,3879.49,113694317.0,442409600196.74
2019-09-18,3902.99,3910.08,3923.15,3902.51,82056152.0,320846118812.16
2019-09-19,3923.96,3924.38,3924.38,3897.07,85984238.0,337434823922.44
2019-09-20,3933.46,3935.65,3942.22,3921.41,103455955.0,407166429295.75
2019-09-23,3925.19,3890.66,3925.19,3868.21,94036225.0,365862979158.5
2019-09-24,3895.87,3901.08,3927.01,3886.14,87783230.0,342449402888.39996
2019-09-25,3887.55,3870.98,3889.84,3867.23,89520835.0,346533361868.3
2019-09-26,3884.7,3841.14,3890.75,3840.25,102698301.0,394478551903.14
2019-09-27,3843.46,3852.65,3859.5,3832.25,74003947.0,285111306409.55
2019-09-30,3842.07,3814.53,3857.23,3813.55,65931313.0,251496971377.89
2019-10-08,3818.59,3837.68,3861.64,3818.59,76657860.0,294188336164.8
2019-10-09,3822.61,3843.24,3845.34,3805.07,75854512.0,291527094698.88
2019-10-10,3838.49,3874.64,3877.14,3829.43,79222694.0,306959419080.16
2019-10-11,3885.52,3911.73,3922.37,3868.84,93412577.0,365404779828.21
2019-10-14,3944.86,3953.24,3983.81,3934.73,122393611.0,483851318749.63995
2019-10-15,3953.16,3936.25,3953.16,3928.15,85273949.0,335659581751.25
2019-10-16,3939.28,3922.69,3964.05,3919.02,83229707.0,326484339351.83
2019-10-17,3929.39,3925.22,3935.81,3913.92,64863745.0,254604469148.9
2019-10-18,3935.42,3869.38,3940.54,3864.97,82321140.0,318531772693.2
2019-10-21,3865.34,3880.84,3884.74,3856.04,74182918.0,287892035491.12
2019-10-22,3896.31,3895.88,3897.44,3870.55,68918566.0,268498462908.08002
2019-10-23,3892.68,3871.08,3901.42,3862.2,70198625.0,271744493265.0
2019-10-24,3877.92,3870.67,3890.2,3852.58,71334575.0,276112599415.25
2019-10-25,3871.77,3896.79,3899.72,3849.03,77453620.0,301820491879.8
2019-10-28,3904.98,3926.59,3927.8,3897.82,97406020.0,382473504071.8
2019-10-29,3929.71,3910.23,3932.37,3910.23,82257075.0,321644082377.25
2019-10-30,3904.72,3891.23,3908.1,3883.45,77872923.0,303021454165.29
2019-10-31,3906.86,3886.75,3907.15,3878.88,86714539.0,337037734458.25
2019-11-01,3883.81,3952.39,3956.08,3876.42,100689612.0,397964615572.68
2019-11-04,3964.01,3978.12,3985.36,3964.01,104193855.0,414495658452.6
2019-11-05,3982.12,4002.81,4030.64,3970.87,112911880.0,451964802382.8
2019-11-06,4006.33,3984.88,4007.5,3973.78,97312952.0,387780436165.76
2019-11-07,3984.55,3991.88,4005.38,3975.55,87254898.0,348311082228.24
2019-11-08,4017.67,3973.01,4022.04,3971.57,97106948.0,385806875473.48004
2019-11-11,3948.62,3902.98,3948.62,3897.55,94155621.0,367487505650.58
2019-11-12,3905.96,3903.69,3914.88,3877.74,76543069.0,298800413024.61
2019-11-13,3905.28,3899.98,3908.42,3882.43,76749078.0,299319869218.44
2019-11-14,3905.93,3905.86,3916.95,3895.14,87008446.0,339842808893.56
2019-11-15,3908.49,3877.09,3915.11,3877.09,83730917.0,324632300991.53
2019-11-18,3874.44,3907.93,3913.1,3868.32,76645993.0,299527175424.49
2019-11-19,3904.1,3947.04,3947.04,3902.38,82161025.0,324292852116.0
2019-11-20,3940.13,3907.86,3943.23,3901.99,76815333.0,300183567217.38
2019-11-21,3894.54,3889.6,3901.83,3875.97,69130538.0,268890140604.8
2019-11-22,3894.17,3849.99,3918.84,3833.5,91042639.0,350513249723.61
2019-11-25,3850.97,3878.21,3878.25,3839.42,106066289.0,411347342662.69
2019-11-26,3893.43,3891.65,3899.11,3869.59,111513537.0,433971656266.05
2019-11-27,3883.43,3875.62,3889.98,3862.7,76437305.0,296241948004.1
2019-11-28,3877.9,3862.3,3887.69,3852.01,65230119.0,251938288613.7
2019-11-29,3857.19,3828.67,3861.66,3804.83,74144331.0,283874175769.77
2019-12-02,3835.51,3836.06,3854.75,3829.31,77412173.0,296957740358.38
2019-12-03,3829.21,3851.09,3851.12,3811.63,73611240.0,283483510251.60004
2019-12-04,3841.66,3849.82,3852.99,3831.07,79683385.0,306766689240.7
2019-12-05,3863.61,3879.36,3883.4,3859.82,89051193.0,345461636076.48004
2019-12-06,3885.06,3902.39,3902.39,3878.7,78648887.0,306918630139.93
2019-12-09,3909.53,3895.45,3911.97,3885.25,95353806.0,371445983582.7
2019-12-10,3886.44,3900.38,3900.96,3882.09,86262928.0,336458199112.64
2019-12-11,3907.16,3902.75,3909.39,3890.34,99765480.0,389359727070.0
2019-12-12,3908.45,3891.02,3908.45,3886.12,84708330.0,329601806196.6
2019-12-13,3928.0,3968.22,3969.46,3925.28,148571349.0,589563798528.78
2019-12-16,3970.71,3987.55,3987.59,3953.51,148486670.0,592098020958.5
2019-12-17,3987.74,4041.8,4067.14,3984.52,201162937.0,813060358766.6
2019-12-18,4039.72,4032.78,4057.64,4025.34,151351764.0,610368366823.92
2019-12-19,4034.62,4027.15,4038.54,4014.9,117900558.0,474803232149.7
2019-12-20,4032.15,4017.25,4046.73,4014.93,121267662.0,487162515169.5
2019-12-23,4014.69,3967.1,4032.17,3964.38,122816246.0,487224329506.6
2019-12-24,3971.56,3992.96,3994.51,3963.67,95989045.0,383280417123.2
2019-12-25,3988.66,3990.87,4000.56,3976.36,94938890.0,378888767934.3
2019-12-26,3993.67,4025.99,4025.99,3993.54,108860640.0,438271848033.6
2019-12-27,4029.25,4022.03,4066.8,4019.72,150926411.0,607030552834.3301
2019-12-30,4015.52,4081.63,4083.69,4001.5,155971488.0,636617904565.4401
2019-12-31,4077.75,4096.58,4098.14,4069.01,123264258.0,504961894037.64
2020-01-02,4121.35,4152.24,4172.66,4121.35,182116772.0,756192545369.2799
2020-01-03,4161.22,4144.96,4164.3,4131.86,142826244.0,592009068330.24
2020-01-06,4120.52,4129.3,4170.64,4102.38,175309953.0,723907388922.9
2020-01-07,4137.4,4160.23,4161.25,4135.1,139489031.0,580306451437.1299
2020-01-08,4139.63,4112.32,4149.81,4101.98,167585850.0,689166642672.0
2020-01-09,4145.53,4164.37,4165.66,4143.59,136886324.0,570045301075.88
2020-01-10,4177.58,4163.19,4180.98,4148.48,113031719.0,470572522223.6099
2020-01-13,4166.93,4203.99,4203.99,4148.6,119691982.0,503183895408.18
2020-01-14,4215.16,4189.89,4223.51,4188.08,129320783.0,541839855483.87006
2020-01-15,4186.88,4166.73,4193.87,4150.88,104633136.0,435978026765.27997
2020-01-16,4174.82,4149.04,4175.29,4142.18,100267642.0,416014457363.68
2020-01-17,4162.19,4154.85,4177.03,4141.65,98725682.0,410190399857.7
2020-01-20,4170.74,4185.83,4185.96,4149.49,122409147.0,512383879787.01
2020-01-21,4165.02,4114.31,4165.02,4113.33,130527507.0,537030627325.17004
2020-01-22,4093.8,4131.93,4141.18,4046.49,126758763.0,523758335602.59
2020-01-23,4093.32,4003.9,4103.52,3972.39,160357603.0,642055806651.7001
2020-02-03,3639.91,3688.36,3732.16,3639.91,157559647.0,581136699608.92
2020-02-04,3652.0,3785.64,3786.86,3652.0,213933328.0,809874563809.9199
2020-02-05,3801.1,3828.53,3866.01,3781.61,174925524.0,669707616399.7201
2020-02-06,3841.75,3899.78,3914.92,3806.96,176462235.0,688163894808.3
2020-02-07,3879.55,3899.87,3899.88,3849.71,151731759.0,591734134971.33
2020-02-10,3872.37,3916.01,3920.17,3861.01,148406969.0,581163174673.6901
2020-02-11,3926.42,3952.46,3970.52,3915.71,143441674.0,566947478818.04
2020-02-12,3945.67,3984.43,3984.43,3940.67,126710321.0,504868404302.02997
2020-02-13,3985.88,3959.92,3999.55,3950.14,145001843.0,574195698132.56
2020-02-14,3954.23,3987.73,4001.56,3954.02,143239803.0,571201659617.1901
2020-02-17,3999.65,4077.42,4077.45,3999.65,182778969.0,745266623779.98
2020-02-18,4069.83,4057.51,4076.39,4027.79,163236220.0,662332595012.2001
2020-02-19,4049.59,4051.31,4085.17,4042.85,169046441.0,684859536887.71
2020-02-20,4062.9,4144.66,4148.53,4055.81,212232624.0,879632067387.84
2020-02-21,4134.87,4149.49,4184.44,4130.17,217213604.0,901325677661.96
2020-02-24,4131.84,4132.84,4149.01,4097.18,212869303.0,879754770210.52
2020-02-25,4066.3,4123.85,4126.71,4020.91,244167831.0,1006911509869.3501
2020-02-26,4070.1,4073.02,4132.78,4061.13,261094061.0,1063441332334.22
2020-02-27,4084.08,4084.88,4110.53,4067.44,181290981.0,740551902467.28
2020-02-28,3988.73,3940.05,4031.15,3928.07,230275093.0,907295380174.65
2020-03-02,3968.84,4069.67,4092.54,3968.84,219313559.0,892533811655.53
2020-03-03,4125.14,4091.36,4147.65,4067.91,219369777.0,897520730826.72
2020-03-04,4078.5,4115.05,4115.26,4060.73,182424730.0,750686885186.5
2020-03-05,4150.21,4206.73,4215.85,4127.04,231823115.0,975217252563.95
2020-03-06,4158.2,4138.51,4181.31,4135.39,172475717.0,713792479561.67
2020-03-09,4063.08,3997.13,4063.08,3995.13,208102035.0,831810887159.55
2020-03-10,3975.23,4082.73,4093.0,3954.75,197416402.0,805997866937.46
2020-03-11,4090.93,4028.43,4091.27,4028.4,161656111.0,651220327235.73
2020-03-12,3976.11,3950.91,3987.43,3926.27,157060458.0,620531734116.78
2020-03-13,3771.01,3895.31,3937.18,3765.15,188296722.0,733474104173.82
2020-03-16,3899.86,3727.84,3899.86,3720.51,185968260.0,693259918358.4
2020-03-17,3739.78,3709.68,3786.89,3618.31,166246129.0,616719939828.72
2020-03-18,3729.69,3636.26,3775.85,3636.26,155037547.0,563756830654.2201
2020-03-19,3623.79,3589.09,3647.99,3503.19,180807407.0,648934056389.63
2020-03-20,3629.51,3653.22,3663.95,3588.78,139603000.0,510000471660.0
2020-03-23,3542.68,3530.31,3585.8,3523.79,137108790.0,484036532424.89996
2020-03-24,3598.65,3625.11,3627.76,3545.45,143103021.0,518764192457.31
2020-03-25,3711.48,3722.52,3732.65,3685.99,153495958.0,571391773574.16
2020-03-26,3692.61,3698.05,3736.25,3681.27,112310665.0,415330454703.25
2020-03-27,3746.39,3710.06,3758.78,3709.92,124060995.0,460273735109.7
2020-03-30,3657.46,3674.11,3690.64,3637.59,126876673.0,466158853036.03
2020-03-31,3708.14,3686.16,3716.07,3676.2,111453025.0,410833682634.0
2020-04-01,3682.3,3675.08,3731.78,3670.97,119352620.0,438630426709.6
2020-04-02,3656.32,3734.53,3734.53,3652.32,115168209.0,430099131556.77
2020-04-03,3721.48,3713.22,3738.83,3698.98,99825083.0,370672494697.26
2020-04-07,3779.91,3798.02,3803.63,3772.21,142778030.0,542273813500.6
2020-04-08,3776.42,3780.34,3793.0,3767.29,111389513.0,421090231574.42004
2020-04-09,3798.49,3792.81,3801.72,3785.31,100485032.0,381120634219.92
2020-04-10,3794.84,3769.18,3824.74,3758.96,102444956.0,386133479256.07996
2020-04-13,3751.71,3753.26,3769.88,3740.19,79053343.0,296707750148.18
2020-04-14,3777.83,3825.7,3825.76,3764.98,110637585.0,423266208934.5
2020-04-15,3820.85,3797.36,3829.8,3793.44,108461984.0,411869199562.24
2020-04-16,3777.8,3802.38,3807.36,3774.56,95947965.0,364830623156.7
2020-04-17,3831.92,3839.49,3863.45,3821.42,132004301.0,506829193646.49
2020-04-20,3845.46,3853.46,3853.8,3831.55,100013115.0,385396538127.9
2020-04-21,3838.23,3808.05,3838.23,3780.0,102921888.0,391931695598.4
2020-04-22,3789.13,3839.38,3839.38,3782.21,85899464.0,329800684092.32
2020-04-23,3851.91,3829.75,3857.47,3826.56,95508450.0,365773486387.5
2020-04-24,3826.31,3796.97,3827.21,3787.07,94844135.0,360120335270.94995
2020-04-27,3808.02,3822.77,3842.87,3793.77,95462735.0,364932079475.95
2020-04-28,3835.35,3849.15,3859.68,3768.2,122093476.0,469956103145.4
2020-04-29,3837.51,3867.03,3880.74,3833.72,95854590.0,370672575167.7
2020-04-30,3880.41,3912.58,3921.7,3880.41,132917125.0,520048884932.5
2020-05-06,3867.26,3936.25,3937.69,3865.99,139855675.0,550506900718.75
2020-05-07,3937.59,3924.89,3941.48,3915.9,105514646.0,414133378938.94
2020-05-08,3943.0,3963.62,3979.66,3935.98,116943341.0,463518965254.42
2020-05-11,3974.76,3960.18,3998.1,3944.5,122673803.0,485810341164.54
2020-05-12,3961.34,3960.24,3970.11,3930.21,98250554.0,389095773972.95996
2020-05-13,3946.64,3968.25,3972.53,3932.57,88190669.0,349962622259.25
2020-05-14,3952.2,3925.22,3952.2,3924.05,88530004.0,347499742300.88
2020-05-15,3941.13,3912.82,3945.2,3907.4,92618382.0,362399057457.24
2020-05-18,3914.66,3922.91,3946.43,3898.4,112801762.0,442511160167.42
2020-05-19,3963.78,3956.25,3966.85,3944.07,94015291.0,371947995018.75
2020-05-20,3955.71,3935.22,3955.71,3923.92,100791150.0,396635349303.0
2020-05-21,3950.6,3913.79,3951.74,3907.58,94861033.0,371266162345.07
2020-05-22,3907.58,3824.06,3907.58,3818.15,103378360.0,395325051341.6
2020-05-25,3828.32,3829.32,3835.63,3800.18,79033326.0,302643895918.32
2020-05-26,3850.0,3872.77,3874.75,3844.48,77448076.0,299938585290.52
2020-05-27,3873.7,3845.61,3873.7,3838.42,83711831.0,321923054411.91003
2020-05-28,3848.49,3856.63,3885.42,3818.43,93064054.0,358913622578.02
2020-05-29,3838.38,3867.02,3872.3,3830.42,93813832.0,362779964620.64
2020-06-01,3901.73,3971.34,3976.32,3901.73,136456652.0,541915760353.68
2020-06-02,3969.95,3983.57,3991.78,3958.98,144303060.0,574841340724.2001
2020-06-03,4001.17,3983.65,4018.68,3982.93,136597483.0,544156563152.95
2020-06-04,3998.16,3982.19,3999.81,3968.57,104277737.0,415253761504.03
2020-06-05,3988.22,4001.25,4001.25,3967.93,102443942.0,409903822927.5
2020-06-08,4023.61,4021.95,4050.22,4016.1,137925813.0,554730723595.35
2020-06-09,4027.56,4047.03,4052.16,4016.34,115304479.0,466640685647.37
2020-06-10,4046.23,4039.71,4046.23,4024.42,112265728.0,453520984058.88
2020-06-11,4031.74,3995.88,4043.01,3979.75,127308941.0,508711251163.08
2020-06-12,3931.62,4003.08,4011.06,3927.25,134166649.0,537079829278.92
2020-06-15,3982.97,3954.99,4007.14,3954.99,131297860.0,519281723321.39996
2020-06-16,3995.58,4014.57,4014.57,3987.86,111051539.0,445824176923.23004
2020-06-17,4018.61,4017.59,4018.61,3992.13,105605799.0,424280802004.41003
2020-06-18,4009.78,4044.38,4047.56,4000.9,138148761.0,558726086013.18
2020-06-19,4047.05,4098.71,4109.36,4043.49,152946990.0,626885357382.9
2020-06-22,4097.51,4102.05,4126.94,4088.78,155829465.0,639220256903.25
2020-06-23,4098.04,4121.79,4124.73,4080.75,129229510.0,532656902022.9
2020-06-24,4128.1,4138.99,4144.68,4123.36,121712465.0,503766675510.35
2020-06-29,4127.93,4109.72,4137.37,4092.54,130865854.0,537822017500.88
2020-06-30,4130.0,4163.96,4174.42,4129.78,125933521.0,524382144103.16003
2020-07-01,4172.64,4247.78,4247.78,4163.5,169990456.0,722082059187.6799
2020-07-02,4239.41,4335.84,4340.1,4238.12,252939368.0,1096704629349.12
2020-07-03,4353.19,4419.6,4419.6,4348.45,290485539.0,1283829888164.4001
2020-07-06,4465.81,4670.09,4678.11,4465.81,405821025.0,1895220710642.25
2020-07-07,4739.61,4698.13,4796.32,4688.06,406008553.0,1907480963105.8901
2020-07-08,4692.86,4774.0,4803.36,4670.65,348074847.0,1661709319578.0
2020-07-09,4770.08,4840.77,4854.12,4757.29,351046893.0,1699337268227.61
2020-07-10,4796.09,4753.13,4821.37,4734.47,316949651.0,1506502894657.6301
2020-07-13,4742.37,4852.96,4878.08,4741.87,321645446.0,1560932483620.16
2020-07-14,4836.17,4806.69,4860.44,4729.93,297241985.0,1428750076879.65
2020-07-15,4821.52,4744.47,4837.48,4723.36,272389006.0,1292341467296.82
2020-07-16,4741.53,4516.25,4772.56,4513.65,284657133.0,1285582776911.25
2020-07-17,4524.77,4544.7,4601.37,4485.82,207375563.0,942459721166.1
2020-07-20,4597.2,4680.3,4681.94,4534.23,246068914.0,1151676338194.2
2020-07-21,4697.5,4691.04,4714.29,4661.44,200415659.0,940157872995.36
2020-07-22,4682.66,4714.45,4790.45,4675.35,224199211.0,1056975970298.95
2020-07-23,4668.74,4712.44,4731.4,4607.66,234314569.0,1104193347538.3599
2020-07-24,4679.03,4505.59,4691.7,4479.39,243905203.0,1098936843584.77
2020-07-27,4535.01,4528.45,4558.12,4482.44,171420551.0,776269394175.95
2020-07-28,4567.67,4568.26,4590.25,4537.69,162768498.0,743568818673.48
2020-07-29,4559.16,4679.01,4680.56,4548.85,186695305.0,873549199048.05
2020-07-30,4689.76,4656.15,4704.63,4649.77,166967566.0,777426032430.8999
2020-07-31,4652.18,4695.05,4741.81,4621.96,184839026.0,867828469021.3
2020-08-03,4735.9,4771.31,4771.37,4720.02,214776239.0,1024764016903.0901
2020-08-04,4778.49,4775.8,4807.08,4747.77,239974985.0,1146072533363.0
2020-08-05,4761.76,4777.11,4786.7,4711.27,196700548.0,939660154856.2799
2020-08-06,4779.24,4762.76,4791.86,4691.16,227854406.0,1085215850720.56
2020-08-07,4742.29,4707.93,4749.02,4637.84,213518216.0,1005228814652.88
2020-08-10,4681.76,4724.87,4757.66,4646.29,203788832.0,962875738651.84
2020-08-11,4730.38,4681.78,4791.53,4674.86,205546511.0,962323544269.58
2020-08-12,4668.89,4647.64,4681.62,4566.27,202887239.0,942946847465.9601
2020-08-13,4666.49,4635.71,4671.77,4626.1,152550092.0,707177986985.32
2020-08-14,4627.61,4704.63,4708.07,4617.63,147292921.0,692958694924.23
2020-08-17,4727.12,4815.23,4838.09,4721.36,268001556.0,1290489132497.88
2020-08-18,4816.57,4812.76,4825.39,4788.83,189139854.0,910284723737.04
2020-08-19,4804.67,4740.68,4809.05,4738.01,192442948.0,912310434724.64
2020-08-20,4708.13,4679.15,4721.44,4662.8,158368639.0,741030617176.85
2020-08-21,4717.79,4718.84,4739.48,4684.81,142657864.0,673179634957.76
2020-08-24,4746.4,4755.85,4769.47,4716.61,151143512.0,718815871545.2001
2020-08-25,4769.21,4761.95,4802.41,4746.31,141701351.0,674774748394.45
2020-08-26,4761.72,4706.13,4786.42,4689.88,151305180.0,712061846753.4
2020-08-27,4718.06,4731.35,4731.94,4679.36,119042850.0,563233388347.5
2020-08-28,4727.29,4844.27,4850.49,4719.35,159399765.0,772175499596.55
2020-08-31,4870.93,4816.22,4901.21,4816.21,202567029.0,975607376410.38
2020-09-01,4803.39,4842.12,4842.13,4791.78,138395402.0,670127143932.24
2020-09-02,4859.08,4843.89,4863.55,4797.52,157989524.0,765283875408.3601
2020-09-03,4841.5,4817.1,4877.01,4800.06,145671201.0,701712742337.1001
2020-09-04,4737.24,4770.22,4778.2,4726.56,120032796.0,572582844135.12
2020-09-07,4759.52,4669.37,4789.3,4655.56,148607791.0,693904761061.67
2020-09-08,4683.83,4694.39,4707.9,4639.05,139199227.0,653455459236.53
2020-09-09,4634.25,4584.59,4645.2,4558.03,162277107.0,743974001981.13
2020-09-10,4632.1,4581.98,4647.75,4572.21,150652878.0,690288473938.44
2020-09-11,4572.26,4627.28,4630.88,4563.11,115302424.0,533536600526.72
2020-09-14,4652.05,4651.05,4666.99,4625.99,107235179.0,498756179287.95
2020-09-15,4649.45,4688.48,4691.5,4630.54,101915925.0,477830776043.99994
2020-09-16,4683.01,4657.36,4690.68,4638.46,108753641.0,506504857447.75995
2020-09-17,4642.05,4632.71,4664.95,4601.64,105983631.0,490991427170.01
2020-09-18,4636.64,4737.09,4737.8,4631.7,160426475.0,759954650457.75
2020-09-21,4750.75,4691.43,4752.98,4688.72,124535827.0,584251114862.61
2020-09-22,4654.22,4635.76,4706.21,4622.11,119672947.0,554775060784.72
2020-09-23,4639.66,4652.33,4665.96,4623.55,95826528.0,445816631010.24
2020-09-24,4623.95,4563.07,4631.95,4562.21,112593683.0,513772857086.81
2020-09-25,4582.48,4570.02,4599.54,4554.72,93015155.0,425081118653.10004
2020-09-28,4582.65,4581.91,4613.63,4571.15,85048389.0,389684064042.99
2020-09-29,4608.29,4591.8,4616.68,4586.35,85993858.0,394866597164.4
2020-09-30,4607.58,4587.4,4634.72,4563.41,89081200.0,408651096879.99994
2020-10-09,4663.61,4681.14,4695.4,4655.09,111337512.0,521186480923.68005
2020-10-12,4705.19,4823.16,4823.27,4704.16,155784558.0,751373848763.28
2020-10-13,4812.9,4839.2,4845.92,4795.37,116516338.0,563845862849.6
2020-10-14,4830.46,4807.1,4830.46,4795.91,111906923.0,537947769553.30005
2020-10-15,4810.78,4798.74,4833.89,4796.26,109964962.0,527693261747.88
2020-10-16,4798.92,4791.68,4825.55,4765.97,116716102.0,559266211631.36
2020-10-19,4823.49,4755.49,4849.61,4747.34,129246361.0,614629777271.89
2020-10-20,4751.37,4793.47,4793.47,4739.46,98048156.0,469990894341.32
2020-10-21,4801.63,4792.83,4801.63,4758.86,103805703.0,497523087509.49
2020-10-22,4780.6,4777.98,4791.81,4725.5,101350891.0,484252530180.17993
2020-10-23,4775.47,4718.49,4802.46,4717.1,106825184.0,504053562452.16
2020-10-26,4684.05,4691.24,4713.39,4639.3,108343275.0,508264305411.0
2020-10-27,4680.14,4699.28,4708.46,4671.85,92656304.0,435417916261.12
2020-10-28,4703.0,4737.27,4753.31,4685.6,108463402.0,513820420392.54004
2020-10-29,4683.61,4772.92,4803.03,4679.25,117117250.0,558991264870.0
2020-10-30,4776.47,4695.33,4778.51,4683.47,139802303.0,656417947344.99
2020-11-02,4702.75,4720.83,4738.02,4695.44,142867693.0,674454091145.19
2020-11-03,4743.17,4777.56,4793.4,4734.17,136055408.0,650012875044.4801
2020-11-04,4781.45,4813.66,4825.46,4770.56,114661806.0,551942949069.96
2020-11-05,4861.34,4885.11,4885.11,4838.0,139244594.0,680225158595.34
2020-11-06,4897.63,4885.72,4897.63,4845.43,153639034.0,750637301194.48
2020-11-09,4918.86,4981.35,4997.8,4918.86,197131984.0,981983408498.4
2020-11-10,4995.41,4953.88,4995.41,4928.93,176267214.0,873206626090.3201
2020-11-11,4937.76,4904.9,4957.58,4901.71,164470515.0,806711429023.5
2020-11-12,4916.77,4908.46,4926.34,4891.51,118114619.0,579760882776.74
2020-11-13,4886.98,4856.85,4886.98,4825.76,133693079.0,649327230741.15
2020-11-16,4880.96,4904.17,4904.17,4848.62,148770980.0,729598176986.6
2020-11-17,4903.12,4894.79,4909.29,4865.39,151487464.0,741499323912.5599
2020-11-18,4889.67,4891.67,4911.09,4870.72,164216616.0,803293493988.72
2020-11-19,4880.92,4927.99,4939.79,4870.2,133681378.0,658780493970.22
2020-11-20,4928.22,4943.29,4947.43,4922.59,129400341.0,639663411661.89
2020-11-23,4954.6,5005.03,5029.65,4940.45,205915187.0,1030611688390.61
2020-11-24,4997.05,4974.29,5001.06,4960.98,156637911.0,779162394308.19
2020-11-25,4992.75,4910.7,5004.77,4910.7,170340527.0,836491225938.9
2020-11-26,4908.32,4919.59,4925.29,4867.82,137202338.0,674979250001.42
2020-11-27,4930.59,4980.77,4980.77,4917.35,162952922.0,811631025309.9401
2020-11-30,4994.11,4960.25,5055.19,4960.25,262638950.0,1302754851737.5
2020-12-01,4963.13,5067.1,5072.55,4963.13,204065638.0,1034020994309.8
2020-12-02,5072.98,5067.14,5090.61,5043.31,195435476.0,990298917858.64
2020-12-03,5065.45,5057.06,5072.3,5033.79,177865748.0,899477759580.8801
2020-12-04,5049.52,5065.92,5072.39,5017.85,144347167.0,731251200248.64
2020-12-07,5065.73,5022.23,5067.87,5014.61,139896217.0,702590977903.9099
2020-12-08,5029.11,5009.88,5043.06,4998.92,123073029.0,616581106526.52
2020-12-09,5022.38,4942.7,5033.64,4942.52,138916965.0,686624882905.5
2020-12-10,4931.29,4940.52,4962.74,4919.77,125914270.0,622081969220.4
2020-12-11,4957.82,4889.63,4957.82,4849.35,159357697.0,779200175982.11
2020-12-14,4903.63,4934.84,4937.26,4887.66,120801552.0,596136330871.68
2020-12-15,4931.6,4945.1,4954.19,4904.79,118342633.0,585216154448.3
2020-12-16,4957.3,4953.87,4968.86,4938.19,106778968.0,528969126206.16
2020-12-17,4960.73,5017.48,5021.62,4950.37,133385479.0,669258973172.9199
2020-12-18,5014.32,4999.97,5027.44,4979.0,128049618.0,640244248511.4601
2020-12-21,4995.76,5046.84,5048.51,4970.0,140811782.0,710654533868.88
2020-12-22,5034.98,4964.77,5055.13,4960.95,162344970.0,806005436706.9
2020-12-23,4977.3,5007.12,5028.45,4968.15,140292819.0,702462979871.28
2020-12-24,5006.0,5000.02,5033.04,4979.24,114418667.0,572095623373.3401
2020-12-25,4985.77,5042.01,5042.1,4973.68,121006979.0,610118398187.79
2020-12-28,5042.94,5064.41,5089.34,5037.86,136914407.0,693390691954.87
2020-12-29,5071.45,5042.94,5077.42,5034.31,141198662.0,712056380546.2799
2020-12-30,5037.98,5113.71,5113.71,5036.63,148626448.0,760032553402.08
2020-12-31,5122.48,5211.29,5215.62,5122.48,171602509.0,894270439126.61
2021-01-04,5212.93,5267.72,5284.43,5190.94,211711382.0,1115236281189.04
2021-01-05,5245.84,5368.5,5368.5,5234.38,224931159.0,1207542927091.5
2021-01-06,5386.51,5417.67,5433.47,5341.43,193773444.0,1049800574355.48
2021-01-07,5428.39,5513.66,5513.66,5413.35,219872080.0,1212299892612.8
2021-01-08,5526.29,5495.43,5547.47,5442.69,204324956.0,1122853492951.08
2021-01-11,5504.24,5441.16,5555.69,5412.5,231835983.0,1261456677260.28
2021-01-12,5419.5,5596.35,5596.35,5417.63,224220186.0,1254814637921.1
2021-01-13,5609.26,5577.97,5644.72,5535.14,261569886.0,1459028977011.4202
2021-01-14,5556.21,5470.46,5568.02,5458.68,243683380.0,1333060182954.8
2021-01-15,5471.39,5458.08,5500.63,5390.27,238637435.0,1302502211224.8
2021-01-18,5438.16,5518.52,5541.46,5410.77,207051869.0,1142619880113.8801
2021-01-19,5525.97,5437.52,5532.48,5415.72,211043425.0,1147552844306.0
2021-01-20,5439.91,5476.43,5496.05,5426.54,170913260.0,935994504461.8
2021-01-21,5492.96,5564.97,5593.11,5490.56,209950197.0,1168366547799.09
2021-01-22,5562.38,5569.78,5573.66,5513.88,199300020.0,1110057265395.5999
2021-01-25,5564.12,5625.92,5655.48,5543.27,197047019.0,1108570765132.48
2021-01-26,5600.9,5512.97,5600.9,5506.0,171904590.0,947704847532.3
2021-01-27,5505.77,5528.0,5534.99,5449.64,160190841.0,885534969048.0
2021-01-28,5450.37,5377.14,5462.24,5360.38,170485585.0,916724858526.9
2021-01-29,5413.97,5351.96,5430.2,5288.1,182178784.0,975013564816.64
2021-02-01,5356.85,5417.65,5422.3,5342.05,166313706.0,901029449310.8999
2021-02-02,5429.7,5501.09,5503.21,5411.52,165210565.0,908838187015.85
2021-02-03,5499.3,5485.2,5532.89,5473.12,188054317.0,1031515539608.4
2021-02-04,5453.98,5473.95,5510.05,5411.57,180575654.0,988462101213.2999
2021-02-05,5494.7,5483.41,5550.77,5477.65,189699598.0,1040200672669.1799
2021-02-08,5506.14,5564.56,5576.49,5479.85,164033775.0,912775783014.0001
2021-02-09,5584.17,5686.25,5686.25,5555.05,164887260.0,937590182175.0
2021-02-10,5709.68,5807.72,5823.42,5707.33,170169786.0,988298469547.92
2021-02-18,5922.07,5768.38,5930.91,5747.66,218848686.0,1262402383348.68
2021-02-19,5734.02,5778.84,5787.89,5667.32,214475780.0,1239421216495.2
2021-02-22,5785.51,5597.33,5785.51,5597.33,282124382.0,1579143267100.06
2021-02-23,5542.68,5579.67,5644.75,5541.11,233807727.0,1304569960110.09
2021-02-24,5591.48,5437.57,5598.83,5379.73,225428610.0,1225783846877.7
2021-02-25,5494.47,5469.56,5527.63,5444.16,230736028.0,1262024549307.6802
2021-02-26,5343.9,5336.76,5416.32,5318.86,212264543.0,1132804922500.68
2021-03-01,5389.25,5418.78,5421.56,5345.94,177463523.0,961635789161.94
2021-03-02,5453.28,5349.63,5454.97,5305.05,196511115.0,1051261756137.4501
2021-03-03,5327.35,5452.21,5452.4,5316.48,194709054.0,1061594651309.34
2021-03-04,5388.48,5280.71,5392.37,5254.78,212775211.0,1123604184479.81
2021-03-05,5191.97,5262.8,5307.82,5174.25,202627956.0,1066390406836.8
2021-03-08,5299.79,5080.02,5326.26,5079.8,230231635.0,1169581310432.7002
2021-03-09,5066.15,4971.0,5094.31,4917.91,230711004.0,1146864400884.0
2021-03-10,5047.06,5003.61,5055.28,4981.62,169928490.0,850255891848.8999
2021-03-11,5024.56,5128.22,5138.41,5020.58,189600766.0,972314440216.52
2021-03-12,5153.67,5146.38,5153.67,5086.82,201020589.0,1034528338817.8201
2021-03-15,5116.12,5035.54,5120.88,4992.4,204153084.0,1028021020605.36
2021-03-16,5054.41,5079.36,5084.31,5009.95,161390054.0,819758184685.44
2021-03-17,5062.77,5100.86,5123.55,5020.13,149162376.0,760856397243.36
2021-03-18,5114.59,5141.77,5160.46,5111.13,142901518.0,734766738206.8601
2021-03-19,5068.53,5007.09,5089.92,4980.76,164174849.0,822038244679.41
2021-03-22,5008.4,5057.15,5071.34,4996.54,167402632.0,846580220418.7999
2021-03-23,5057.06,5009.25,5064.02,4966.53,158013967.0,791531464194.75
2021-03-24,4985.4,4928.69,5024.33,4919.89,159385982.0,785564095623.58
2021-03-25,4904.07,4926.35,4950.76,4883.66,132945189.0,654934531830.15
2021-03-26,4953.95,5037.99,5050.83,4953.95,145926697.0,735177240219.0299
2021-03-29,5052.26,5046.88,5086.65,5010.39,143388215.0,723663114519.2001
2021-03-30,5043.1,5094.73,5106.04,5032.79,138618560.0,706224136188.7999
2021-03-31,5085.95,5048.36,5085.95,5015.61,141335743.0,713513711531.48
2021-04-01,5059.94,5110.78,5115.43,5056.87,120324890.0,614954041314.2
2021-04-02,5129.85,5161.56,5169.83,5116.35,127002254.0,655529754156.24
2021-04-06,5178.64,5140.34,5181.15,5125.33,109834210.0,564585183031.4
2021-04-07,5141.66,5103.74,5141.66,5065.19,145763748.0,743940271217.52
2021-04-08,5078.26,5112.21,5129.13,5062.07,141771047.0,724763364183.87
2021-04-09,5100.04,5035.34,5100.04,5022.09,128416509.0,646620784428.06
2021-04-12,5026.98,4947.75,5045.6,4933.01,152644314.0,755245904593.5
2021-04-13,4949.81,4939.64,4994.54,4924.2,132919358.0,656573777551.12
2021-04-14,4945.69,4980.63,4987.12,4940.27,120860838.0,601963115567.9401
2021-04-15,4969.91,4948.97,4969.91,4900.3,108829384.0,538593356534.48004
2021-04-16,4966.9,4966.18,4979.17,4917.96,111239924.0,552437485770.3201
2021-04-19,4966.41,5087.02,5088.21,4940.75,154769824.0,787317190084.4801
2021-04-20,5065.78,5083.37,5119.86,5058.92,136541700.0,694091981529.0
2021-04-21,5055.24,5098.75,5110.56,5047.99,124637277.0,635494316103.75
2021-04-22,5114.28,5089.24,5119.22,5067.14,121167645.0,616651225639.7999
2021-04-23,5088.83,5135.45,5149.98,5086.49,122056991.0,626817574430.95
2021-04-26,5156.59,5077.24,5181.11,5072.96,151381967.0,768602578131.08
2021-04-27,5076.64,5090.52,5095.98,5042.61,123961837.0,631030210485.2401
2021-04-28,5073.97,5119.24,5119.45,5059.26,120620318.0,617484356718.32
2021-04-29,5128.28,5164.17,5170.59,5113.65,140092480.0,723461382441.6
2021-04-30,5156.36,5123.49,5163.25,5094.93,160121621.0,820381523977.2899
2021-05-06,5098.8,5061.12,5132.9,5037.41,158822630.0,803820389145.6
2021-05-07,5073.46,4996.05,5093.75,4996.04,172258321.0,860611184632.05
2021-05-10,5001.44,4992.42,5019.39,4953.7,170820585.0,852808104965.7001
2021-05-11,4956.08,5023.06,5033.49,4925.92,151526497.0,761126686020.8201
2021-05-12,5003.82,5044.55,5051.17,4995.4,126619086.0,638736310281.3
2021-05-13,4992.35,4992.97,5022.08,4975.45,132279406.0,660467105775.8201
2021-05-14,5007.63,5110.59,5112.98,4981.29,159426180.0,814761841246.2001
2021-05-17,5115.31,5184.99,5206.69,5115.31,153889634.0,797916213393.6599
2021-05-18,5190.93,5187.6,5201.67,5156.79,118404261.0,614233944363.6001
2021-05-19,5173.17,5172.27,5193.56,5151.64,118729983.0,614103529171.41
2021-05-20,5167.05,5186.41,5201.59,5152.04,138454775.0,718083229607.75
2021-05-21,5199.13,5134.15,5216.16,5123.12,124768485.0,640580117262.75
2021-05-24,5138.81,5155.59,5155.59,5092.39,126742336.0,653431520058.24
2021-05-25,5165.04,5318.48,5324.36,5161.52,182996839.0,973265028284.72
2021-05-26,5326.12,5320.59,5344.28,5308.74,169607096.0,902409818906.64
2021-05-27,5311.37,5338.23,5378.48,5286.05,148462855.0,792528866446.6499
2021-05-28,5338.73,5321.09,5360.28,5288.65,164605806.0,875882308248.54
2021-05-31,5318.08,5331.57,5331.63,5281.69,144603269.0,770962450902.33
2021-06-01,5320.47,5341.68,5343.75,5269.26,143831474.0,768301708036.3201
2021-06-02,5348.34,5289.97,5352.64,5266.79,137754319.0,728716214880.43
2021-06-03,5285.71,5255.29,5314.37,5255.07,141968878.0,746087624864.62
2021-06-04,5228.28,5282.28,5334.49,5221.23,144732087.0,764515408518.36
2021-06-07,5284.89,5277.63,5286.84,5242.95,127704971.0,673979586098.73
2021-06-08,5276.97,5232.12,5319.04,5201.14,130559532.0,683103138567.84
2021-06-09,5224.95,5236.45,5253.36,5215.35,121820321.0,637906019900.45
2021-06-10,5236.47,5271.47,5299.53,5229.52,138991967.0,732691984281.49
2021-06-11,5275.75,5224.7,5276.1,5213.6,180807173.0,944663236773.1
2021-06-15,5218.56,5166.56,5225.5,5137.41,142880058.0,738198392460.4801
2021-06-16,5163.25,5080.49,5164.52,5076.02,125147985.0,635813086312.65
2021-06-17,5074.38,5101.89,5123.37,5073.82,120452518.0,614535497059.02
2021-06-18,5104.93,5102.47,5128.03,5064.92,148585805.0,758154612438.3501
2021-06-21,5088.09,5090.39,5123.78,5058.57,132184516.0,672870738401.24
2021-06-22,5106.07,5122.16,5125.82,5086.28,130416753.0,668015475546.48
2021-06-23,5127.19,5147.39,5171.03,5109.76,136356058.0,701877809388.62
2021-06-24,5156.56,5155.97,5160.43,5120.58,126685625.0,653187281931.25
2021-06-25,5159.8,5239.97,5251.61,5157.48,154931061.0,811834111708.17
2021-06-28,5253.61,5251.76,5260.64,5226.22,133193783.0,699501781808.0801
2021-06-29,5248.52,5190.54,5248.52,5182.68,125162997.0,649663542448.38
2021-06-30,5189.38,5224.04,5231.43,5186.63,103752671.0,542008103410.83997
2021-07-01,5241.2,5229.66,5252.26,5190.88,127240620.0,665425180789.2
2021-07-02,5186.66,5081.12,5186.66,5074.36,130426424.0,662712311514.88
2021-07-05,5073.78,5085.79,5098.23,5048.0,131211589.0,667314587220.3099
2021-07-06,5089.78,5083.1,5092.21,5028.51,140655220.0,714964548782.0
2021-07-07,5052.42,5140.49,5152.77,5045.41,148549060.0,763614957439.4
2021-07-08,5149.31,5088.26,5151.22,5078.93,173901008.0,884853542966.0801
2021-07-09,5063.15,5069.44,5081.41,5006.41,160653226.0,814421890013.44
2021-07-12,5108.38,5132.71,5159.41,5070.32,206212039.0,1058426594695.6901
2021-07-13,5128.61,5142.1,5154.05,5114.94,166482209.0,856068166898.9
2021-07-14,5130.75,5083.09,5130.75,5075.13,188352720.0,957413827504.8
2021-07-15,5073.26,5151.46,5153.81,5067.68,181077103.0,932811453020.38
2021-07-16,5140.9,5094.77,5140.9,5090.63,169955982.0,865886638414.14
2021-07-19,5083.73,5113.49,5120.82,5047.62,153199589.0,783384566355.61
2021-07-20,5080.22,5108.99,5114.0,5067.86,129300044.0,660592631795.5599
2021-07-21,5122.78,5144.04,5160.54,5122.3,167976469.0,864077675594.76
2021-07-22,5150.39,5151.75,5171.21,5137.88,185556864.0,955942574112.0
2021-07-23,5145.43,5089.23,5145.43,5080.0,216536847.0,1102005817857.8098
2021-07-26,5067.31,4925.3,5067.31,4859.6,228111710.0,1123518605263.0
2021-07-27,4924.28,4751.31,4940.86,4749.03,236631225.0,1124308305654.75
2021-07-28,4714.29,4760.48,4785.66,4663.9,192634393.0,917032175188.6399
2021-07-29,4845.76,4850.27,4857.97,4800.01,173322054.0,840658758854.5801
2021-07-30,4825.7,4811.17,4825.7,4761.04,182349776.0,877315771797.92
2021-08-02,4794.82,4933.74,4938.82,4761.46,227194918.0,1120920654733.32
2021-08-03,4909.23,4934.46,4957.03,4890.85,203533360.0,1004327223585.6
2021-08-04,4927.74,4978.85,4979.29,4919.66,175466461.0,873621189349.8501
2021-08-05,4946.17,4948.67,4997.14,4921.94,167381829.0,828317435717.43
2021-08-06,4943.04,4921.56,4944.35,4891.8,154179688.0,758804585273.28
2021-08-09,4890.26,4985.56,5002.89,4884.04,182436871.0,909549966582.7601
2021-08-10,4977.82,5043.15,5043.76,4941.24,167051902.0,842467799571.2999
2021-08-11,5037.08,5015.34,5059.79,5009.98,182266074.0,914126331575.16
2021-08-12,4998.07,4973.35,5016.26,4962.98,168223733.0,836635502515.55
2021-08-13,4958.76,4945.98,4993.74,4921.28,158314321.0,783019465379.58
2021-08-16,4935.92,4941.07,4973.38,4931.37,161953373.0,800222952729.11
2021-08-17,4935.0,4837.4,4967.56,4823.39,187573472.0,907367913452.7999
2021-08-18,4838.47,4894.24,4909.54,4818.9,197474378.0,966486999782.72
2021-08-19,4886.56,4862.14,4893.47,4839.57,201711719.0,980750617418.66
2021-08-20,4817.49,4769.27,4835.15,4720.83,177635810.0,847193139558.7001
2021-08-23,4777.73,4835.88,4843.82,4764.01,167579093.0,810392384256.84
2021-08-24,4844.59,4888.39,4906.2,4842.75,197883163.0,967330075177.5701
2021-08-25,4890.52,4898.16,4899.77,4865.76,189448016.0,927946694050.5599
2021-08-26,4892.2,4801.61,4892.2,4798.7,197617387.0,948881621593.07
2021-08-27,4794.97,4827.04,4863.47,4793.59,183310211.0,884845720905.44
2021-08-30,4847.03,4813.27,4849.16,4787.2,219635757.0,1057166200095.3901
2021-08-31,4803.09,4805.61,4821.76,4740.75,235118658.0,1129888574071.38
2021-09-01,4804.69,4869.46,4906.4,4763.3,326721080.0,1590955230216.8
2021-09-02,4865.82,4869.41,4892.71,4845.62,267858013.0,1304310487082.33
2021-09-03,4875.07,4843.06,4886.55,4828.7,268091896.0,1298385137841.76
2021-09-06,4841.06,4933.73,4944.45,4837.79,240507245.0,1186597809873.8499
2021-09-07,4932.98,4992.83,5005.96,4915.61,244178519.0,1219141835018.77
2021-09-08,4986.8,4972.13,5013.98,4955.89,264615315.0,1315701746170.95
2021-09-09,4952.49,4970.01,4970.15,4929.95,256530217.0,1274957743792.1702
2021-09-10,4967.98,5013.52,5042.8,4962.37,288304352.0,1445419634839.04
2021-09-13,5006.77,4991.66,5029.72,4964.96,249915298.0,1247492196414.68
2021-09-14,4989.84,4917.16,5000.98,4907.32,245590402.0,1207607301098.32
2021-09-15,4903.85,4867.32,4903.85,4843.12,187984730.0,914981836023.6
2021-09-16,4866.79,4807.7,4879.53,4806.14,216752099.0,1042079066362.2999
2021-09-17,4797.11,4855.94,4857.96,4786.09,201958127.0,980696547224.3799
2021-09-22,4770.73,4821.77,4830.85,4765.23,191220376.0,922020672385.5201
2021-09-23,4848.22,4853.2,4877.34,4837.56,228151064.0,1107262743804.8
2021-09-24,4845.64,4849.43,4897.06,4838.54,207693290.0,1007194071324.7001
2021-09-27,4870.85,4877.37,4922.56,4852.2,215967030.0,1053351113111.1
2021-09-28,4869.08,4883.83,4901.31,4846.63,176890880.0,863904986470.4
2021-09-29,4846.02,4833.93,4868.07,4799.88,188171366.0,909607211248.38
2021-09-30,4843.95,4866.38,4876.07,4843.95,146113896.0,711045741216.48
2021-10-08,4915.73,4929.94,4937.09,4891.63,168968077.0,833002481525.3799
2021-10-11,4941.29,4936.19,4983.73,4930.71,163511624.0,807124443272.5599
2021-10-12,4920.66,4883.84,4925.49,4840.77,168079337.0,820872589214.0801
2021-10-13,4880.14,4940.11,4953.38,4869.83,131142813.0,647859921929.4299
2021-10-14,4934.26,4913.61,4953.92,4903.25,119557013.0,587456534646.9299
2021-10-15,4896.56,4932.11,4939.82,4881.01,142822001.0,704413819352.11
2021-10-18,4922.51,4874.78,4922.51,4844.94,141245199.0,688539271181.22
2021-10-19,4869.39,4922.72,4928.14,4868.81,135266493.0,665879070420.9601
2021-10-20,4926.77,4910.18,4944.02,4898.37,141533183.0,694953404502.9401
2021-10-21,4914.74,4928.02,4946.18,4893.85,148898154.0,733773080875.0801
2021-10-22,4934.87,4959.73,4989.89,4934.87,143926228.0,713835230798.44
2021-10-25,4940.9,4979.52,4981.65,4930.11,141861490.0,706402126684.8
2021-10-26,4983.24,4963.1,5002.57,4953.48,140888943.0,699245913003.3
2021-10-27,4949.23,4898.16,4949.23,4884.94,147111593.0,720576120368.88
2021-10-28,4882.59,4864.14,4898.66,4846.28,156649472.0,761964962734.0801
2021-10-29,4861.27,4908.77,4908.77,4855.76,159887353.0,784850241785.81
2021-11-01,4878.13,4890.69,4908.21,4858.25,171583974.0,839164025802.0599
2021-11-02,4886.19,4839.85,4911.23,4797.9,185437688.0,897490594266.8
2021-11-03,4835.81,4821.11,4858.71,4804.37,142763820.0,688280080240.2
2021-11-04,4841.09,4868.74,4873.94,4834.74,132592970.0,645560696757.7999
2021-11-05,4858.9,4842.35,4889.68,4841.74,147789359.0,715647802553.65
2021-11-08,4841.15,4848.18,4866.08,4827.69,137398264.0,666131515559.52
2021-11-09,4858.25,4846.74,4870.79,4818.54,118375526.0,573735396885.24
2021-11-10,4832.8,4821.19,4832.8,4754.0,135118179.0,651430413413.0099
2021-11-11,4814.77,4898.65,4898.65,4809.11,160484863.0,786159174134.95
2021-11-12,4902.93,4888.38,4909.08,4875.35,132662969.0,648507004400.22
2021-11-15,4894.41,4882.38,4906.33,4863.4,121823149.0,594786906214.62
2021-11-16,4880.9,4883.32,4915.37,4876.5,127254406.0,621423985907.9199
2021-11-17,4883.25,4885.75,4891.52,4864.52,108459223.0,529904648772.25
2021-11-18,4871.42,4837.62,4871.42,4830.41,114480565.0,553813470855.2999
2021-11-19,4832.06,4890.06,4892.81,4829.57,127198312.0,622007377578.7201
2021-11-22,4895.39,4912.4,4919.0,4893.27,138092836.0,678367247566.3999
2021-11-23,4905.76,4913.35,4927.52,4896.88,154304411.0,758151577786.8501
2021-11-24,4914.03,4916.66,4935.49,4899.61,137150673.0,674323227912.1799
2021-11-25,4917.61,4896.44,4921.33,4891.73,115984031.0,567908848749.6399
2021-11-26,4886.95,4860.13,4886.95,4850.81,120368974.0,585008861606.62
2021-11-29,4820.01,4851.42,4858.53,4818.71,133626862.0,648280030844.04
2021-11-30,4857.18,4832.03,4871.25,4810.22,129630596.0,626378928789.88
2021-12-01,4831.89,4843.85,4844.52,4823.93,123086789.0,596213942897.65
2021-12-02,4839.91,4856.16,4866.85,4830.32,148088521.0,719141552139.36
2021-12-03,4856.98,4901.02,4901.02,4853.35,144059626.0,706039108218.52
2021-12-06,4909.43,4892.62,4943.9,4888.69,173615683.0,849435562959.46
2021-12-07,4930.83,4922.1,4934.1,4895.22,179053460.0,881319035466.0001
2021-12-08,4934.41,4995.93,4995.93,4915.79,157490559.0,786811808424.87
2021-12-09,5000.69,5078.69,5114.5,4999.41,220568776.0,1120200436983.44
2021-12-10,5046.27,5055.12,5060.06,5035.81,193695154.0,979152246888.48
2021-12-13,5090.02,5083.8,5143.84,5079.73,211801596.0,1076756953744.8
2021-12-14,5066.35,5049.7,5075.21,5038.86,159107790.0,803446607163.0
2021-12-15,5036.28,5005.9,5060.37,5003.78,150529752.0,753536885536.7999
2021-12-16,5006.61,5034.73,5034.73,4987.22,144053867.0,725272325800.9099
2021-12-17,5021.34,4954.76,5022.11,4954.76,149005399.0,738285990749.24
2021-12-20,4934.97,4880.42,4971.67,4872.68,169675690.0,828088630989.8
2021-12-21,4876.51,4913.49,4917.8,4872.95,143339898.0,704299155424.02
2021-12-22,4924.58,4914.45,4936.67,4903.17,133256740.0,654883585893.0
2021-12-23,4924.29,4948.74,4948.74,4906.75,139555406.0,690623419888.44
2021-12-24,4953.06,4921.34,4964.91,4905.98,142673323.0,702143931412.8201
2021-12-27,4918.15,4919.32,4939.69,4894.16,124100952.0,610492295192.64
2021-12-28,4923.69,4955.96,4959.15,4913.6,130457757.0,646543425381.72
2021-12-29,4958.65,4883.48,4958.65,4883.48,113587002.0,554699852526.96
2021-12-30,4882.16,4921.51,4940.18,4878.65,121617178.0,598540157698.78
2021-12-31,4937.46,4940.37,4950.36,4923.14,121313737.0,599334746862.69
2022-01-04,4957.98,4917.77,4961.45,4874.53,151534776.0,745213175369.52
2022-01-05,4907.93,4868.12,4916.28,4851.98,178816100.0,870498232732.0
2022-01-06,4842.16,4818.23,4857.56,4786.43,157665826.0,759670212807.98
2022-01-07,4824.32,4822.37,4856.65,4818.19,187139413.0,902455491068.8099
2022-01-10,4812.23,4844.04,4844.39,4780.82,156211696.0,756695703891.84
2022-01-11,4840.01,4797.77,4850.88,4791.89,146928004.0,704926769751.0801
2022-01-12,4818.89,4845.58,4852.73,4810.92,143200204.0,693888044498.32
2022-01-13,4853.03,4765.92,4853.06,4765.24,142519653.0,679237264625.76
2022-01-14,4743.91,4726.73,4764.05,4723.94,146863126.0,694182343557.98
2022-01-17,4728.76,4767.28,4775.24,4726.71,115295691.0,549646841790.48
2022-01-18,4766.78,4813.35,4826.3,4747.92,150870802.0,726193974806.7001
2022-01-19,4815.81,4780.38,4828.75,4755.93,133927360.0,640223673196.8
2022-01-20,4778.26,4823.51,4845.0,4777.57,164971315.0,795740787615.65
2022-01-21,4808.77,4779.31,4818.31,4762.56,138952585.0,664097479016.3501
2022-01-24,4753.94,4786.74,4801.1,4746.45,114463880.0,547908832951.19995
2022-01-25,4761.95,4678.45,4781.39,4678.25,133667586.0,625357117721.7
2022-01-26,4697.1,4712.31,4718.99,4648.13,107070842.0,504550999465.02
2022-01-27,4708.1,4619.88,4708.44,4616.03,121263804.0,560224222823.52
2022-01-28,4641.81,4563.77,4660.52,4559.83,126480112.0,577226140742.2401
2022-02-07,4638.58,4634.09,4672.65,4615.01,144849720.0,671246638954.8
2022-02-08,4626.44,4608.77,4626.44,4522.47,155830708.0,718187892109.16
2022-02-09,4608.15,4652.06,4659.46,4595.28,148335547.0,690065864776.8201
2022-02-10,4657.21,4639.86,4657.21,4608.09,151576666.0,703294509506.76
2022-02-11,4617.87,4601.4,4662.6,4595.88,155974584.0,717701450817.6
2022-02-14,4579.42,4551.69,4593.63,4530.06,143673894.0,653959026580.86
2022-02-15,4553.81,4600.1,4601.45,4550.54,115025600.0,529129262560.00006
2022-02-16,4619.85,4617.99,4643.1,4607.22,107258955.0,495320781600.44995
2022-02-17,4616.9,4629.17,4650.16,4606.95,110014643.0,509276484936.31
2022-02-18,4604.57,4651.24,4651.34,4598.1,104550228.0,486288202482.72
2022-02-21,4646.05,4634.31,4646.67,4613.3,112516512.0,521436396726.72003
2022-02-22,4601.92,4574.15,4602.07,4550.8,123317237.0,564071539623.5499
2022-02-23,4582.01,4623.05,4625.3,4579.29,122952916.0,568417478313.8
2022-02-24,4592.07,4529.32,4610.88,4488.48,184403058.0,835220458660.5599
2022-02-25,4564.63,4573.42,4611.86,4561.9,149722583.0,684744255543.86
2022-02-28,4563.74,4581.65,4581.65,4530.68,135406978.0,620387380753.7
2022-03-01,4597.86,4619.69,4623.43,4583.92,123139220.0,568865023241.7999
2022-03-02,4594.02,4578.6,4594.02,4558.44,113298325.0,518747710845.00006
2022-03-03,4595.02,4551.63,4599.4,4544.43,138285877.0,629426146329.51
2022-03-04,4513.36,4496.43,4539.39,4481.49,127266806.0,572246284502.5801
2022-03-07,4462.52,4352.78,4462.52,4338.3,162197706.0,706010930722.6799
2022-03-08,4361.64,4265.39,4383.65,4252.54,167863277.0,716002343083.03
2022-03-09,4280.98,4226.35,4304.48,4068.19,194232900.0,820896216915.0001
2022-03-10,4326.2,4292.84,4335.67,4288.51,145266383.0,623605339597.72
2022-03-11,4231.2,4306.52,4316.04,4176.45,152399921.0,656313307784.92
2022-03-14,4248.15,4174.76,4280.36,4174.76,130187236.0,543500465363.36005
2022-03-15,4125.49,3983.81,4163.42,3983.81,202524699.0,806819921123.19
2022-03-16,4053.1,4156.08,4168.59,3942.86,196021982.0,814683038950.5599
2022-03-17,4237.67,4237.7,4302.74,4217.8,179407344.0,760274501668.7999
2022-03-18,4218.47,4265.9,4283.37,4194.94,149458305.0,637574183299.5
2022-03-21,4280.14,4258.75,4287.82,4223.02,127036360.0,541016098150.0
2022-03-22,4252.57,4255.29,4283.33,4236.69,126382470.0,537794060766.3
2022-03-23,4269.61,4276.52,4287.58,4241.96,117089078.0,500733783848.56006
2022-03-24,4249.53,4251.31,4273.96,4216.85,108918272.0,463045338936.32007
2022-03-25,4249.07,4174.57,4254.84,4173.93,108808046.0,454226804590.22
2022-03-28,4128.84,4148.47,4174.12,4091.3,118449021.0,491382210147.87006
2022-03-29,4155.42,4134.14,4177.21,4124.72,100266972.0,414517699624.08
2022-03-30,4162.17,4254.1,4254.1,4160.73,138346024.0,588537820698.4
2022-03-31,4234.72,4222.6,4247.36,4214.54,134029185.0,565951636581.0
2022-04-01,4198.82,4276.16,4290.67,4190.08,133803053.0,572163263116.48
2022-04-06,4258.83,4263.84,4277.52,4236.73,159062195.0,678215749528.8
2022-04-07,4240.02,4209.1,4278.11,4205.74,134880353.0,567724893812.3
2022-04-08,4213.21,4230.77,4237.81,4175.53,142843793.0,604339234110.6101
2022-04-11,4203.79,4100.07,4203.79,4089.09,148197071.0,607618364894.97
2022-04-12,4102.97,4179.97,4179.97,4075.8,144285684.0,603109830549.48
2022-04-13,4154.41,4139.74,4194.04,4139.74,125097489.0,517871079112.86
2022-04-14,4172.64,4191.57,4217.06,4155.55,124791316.0,523071536406.11993
2022-04-15,4162.37,4188.75,4211.32,4152.97,124762263.0,522597929141.25
2022-04-18,4152.93,4166.38,4171.74,4119.99,117504610.0,489568857011.8
2022-04-19,4161.93,4134.9,4186.94,4115.42,110217471.0,455738220837.89996
2022-04-20,4130.54,4070.79,4136.17,4060.5,117331658.0,477632540069.82
2022-04-21,4048.73,3995.83,4086.44,3978.37,132783828.0,530581603437.24
2022-04-22,3967.2,4013.25,4037.08,3953.72,122101811.0,490025092995.75
2022-04-25,3933.45,3814.91,3958.21,3814.91,168364502.0,642295422324.82
2022-04-26,3822.49,3784.12,3871.85,3773.9,157577611.0,596292589337.32
2022-04-27,3758.08,3895.54,3895.73,3757.09,172734046.0,672892385554.84
2022-04-28,3883.42,3921.11,3943.43,3873.58,153056586.0,600151709930.46
2022-04-29,3939.62,4016.24,4017.43,3898.57,179458377.0,720747912042.48
2022-05-05,3995.35,4010.21,4039.7,3988.93,154170716.0,618256947010.36
2022-05-06,3928.85,3908.82,3947.24,3902.05,123005551.0,480806557859.82
2022-05-09,3883.95,3877.44,3914.11,3854.94,92936694.0,360356454783.36
2022-05-10,3820.63,3919.87,3932.68,3808.57,136416918.0,534736584360.66
2022-05-11,3917.93,3976.42,4033.3,3916.52,165632256.0,658623415403.52
2022-05-12,3949.95,3958.74,3985.93,3935.59,113376066.0,448826367516.83997
2022-05-13,3983.82,3988.6,4003.85,3957.14,109968357.0,438619788730.2
2022-05-16,4015.0,3956.54,4018.03,3947.75,112425294.0,444815172722.76
2022-05-17,3961.76,4005.89,4005.89,3955.1,109661454.0,439291721964.06
2022-05-18,4015.01,3991.91,4017.34,3964.75,108074233.0,431422611455.02997
2022-05-19,3938.3,3999.6,3999.6,3933.75,116293420.0,465127162632.0
2022-05-20,4020.82,4077.6,4077.6,4020.82,147069173.0,599689259824.7999
2022-05-23,4080.97,4053.98,4080.97,4029.08,130477810.0,528954432183.8
2022-05-24,4052.87,3959.15,4055.78,3959.15,145554336.0,576271449374.4
2022-05-25,3959.77,3983.18,3983.62,3946.81,107734015.0,429123973867.7
2022-05-26,3987.68,3993.04,4015.75,3938.24,126263689.0,504175960724.56
2022-05-27,4022.71,4001.3,4051.14,3983.38,112769337.0,451223948138.10004
2022-05-30,4020.86,4029.02,4040.82,4003.38,111152241.0,447834602033.82
2022-05-31,4031.76,4091.52,4096.2,4020.38,135415513.0,554055279749.76
2022-06-01,4086.62,4083.18,4094.9,4058.85,114850879.0,468956812115.22
2022-06-02,4064.0,4089.57,4091.15,4057.91,113893638.0,465776005155.66003
2022-06-06,4090.53,4166.09,4166.62,4063.91,167871011.0,699365740216.99
2022-06-07,4165.69,4179.13,4198.09,4155.17,142992881.0,597585838773.53
2022-06-08,4187.15,4219.81,4224.81,4158.03,157374057.0,664088619469.17
2022-06-09,4211.72,4175.67,4227.45,4160.88,168449154.0,703388078883.18
2022-06-10,4145.65,4238.99,4241.35,4140.22,184796214.0,783349303183.86
2022-06-13,4194.46,4189.35,4218.23,4156.71,168475622.0,705803347025.7001
2022-06-14,4143.22,4222.31,4224.09,4102.93,171385904.0,723644416318.2401
2022-06-15,4228.29,4278.22,4348.42,4228.29,257046590.0,1099701862269.8
2022-06-16,4282.08,4250.06,4302.92,4241.08,184074416.0,782327312464.9601
2022-06-17,4219.23,4309.04,4318.77,4218.68,158649098.0,683625309245.92
2022-06-20,4322.83,4330.43,4368.36,4297.89,165666382.0,717406670604.26
2022-06-21,4327.92,4325.57,4357.34,4287.14,164667615.0,712281295415.5499
2022-06-22,4331.9,4270.62,4333.18,4269.25,158565854.0,677174507409.48
2022-06-23,4277.96,4343.88,4343.88,4260.9,170882360.0,742292465956.8
2022-06-24,4354.55,4394.77,4400.69,4346.12,168972199.0,742593950999.2301
2022-06-27,4414.33,4444.26,4472.69,4414.33,177385676.0,788348064419.76
2022-06-28,4442.58,4490.52,4497.89,4407.35,174756489.0,784747508984.28
2022-06-29,4472.73,4421.36,4503.13,4414.0,187276688.0,828017657255.6799
2022-06-30,4418.07,4485.01,4515.0,4418.07,156666289.0,702649872827.89
2022-07-01,4489.52,4466.72,4500.99,4449.29,144779599.0,646689930445.28
2022-07-04,4447.22,4496.03,4496.03,4427.82,146345651.0,657974437265.5299
2022-07-05,4505.46,4489.54,4530.32,4439.45,154962415.0,695709960639.1
2022-07-06,4475.48,4423.97,4484.36,4393.42,149800235.0,662711745632.9501
2022-07-07,4425.28,4443.47,4457.34,4391.19,132660906.0,589474755983.8201
2022-07-08,4468.06,4428.78,4479.49,4426.89,123195739.0,545606824968.42
2022-07-11,4406.15,4354.62,4406.15,4330.58,134448578.0,585472466730.36
2022-07-12,4352.65,4313.62,4370.34,4296.62,130187838.0,561580861753.5599
2022-07-13,4313.36,4321.46,4341.47,4284.94,131113179.0,566600358521.34
2022-07-14,4308.82,4322.07,4352.1,4292.76,145250926.0,627784669736.82
2022-07-15,4299.47,4248.53,4344.86,4248.53,150214453.0,638190610004.09
2022-07-18,4262.15,4292.59,4300.78,4217.51,122601192.0,526276650767.28
2022-07-19,4288.44,4269.34,4288.44,4238.82,103805730.0,443181955318.2
2022-07-20,4291.28,4283.8,4303.37,4269.97,94490144.0,404776878867.2
2022-07-21,4270.36,4236.06,4283.15,4236.05,117156344.0,496281302564.6401
2022-07-22,4251.79,4238.23,4275.47,4207.31,103840624.0,440100447855.51996
2022-07-25,4233.93,4212.64,4234.84,4201.92,83636664.0,352331156232.96
2022-07-26,4220.09,4245.98,4259.99,4214.53,85823274.0,364403904938.51996
2022-07-27,4236.15,4225.04,4242.1,4217.28,78904940.0,333376527697.6
2022-07-28,4242.27,4225.67,4267.92,4223.03,107531930.0,454394450643.10004
2022-07-29,4226.42,4170.1,4243.51,4160.87,114179286.0,476139040548.60004
2022-08-01,4160.65,4188.68,4196.57,4129.45,107749029.0,451326202791.72003
2022-08-02,4144.38,4107.02,4144.38,4071.43,142224425.0,584118557963.5001
2022-08-03,4114.83,4066.98,4150.98,4058.18,116666124.0,474478792985.52
2022-08-04,4089.44,4101.54,4108.16,4064.66,89532644.0,367221720671.76
2022-08-05,4109.63,4156.91,4159.49,4097.86,102571004.0,426378432237.64
2022-08-08,4142.11,4148.07,4155.73,4135.08,90208138.0,374189670993.66
2022-08-09,4143.67,4156.29,4161.81,4131.43,84136959.0,349697601322.11
2022-08-10,4149.21,4109.74,4160.79,4092.55,85565839.0,351653351171.86
2022-08-11,4130.74,4193.54,4193.81,4116.06,121385051.0,509033066770.54
2022-08-12,4185.42,4191.15,4202.47,4175.05,106808295.0,447649585589.24994
2022-08-15,4180.0,4185.68,4219.92,4174.3,105898495.0,443257212551.60004
2022-08-16,4190.53,4177.84,4208.8,4170.52,93906139.0,392324823759.76
2022-08-17,4182.57,4216.96,4222.79,4155.17,112864659.0,475945752416.64
2022-08-18,4205.79,4180.1,4211.91,4173.54,101052650.0,422410182265.00006
2022-08-19,4174.55,4151.07,4185.66,4151.07,117402978.0,487347979886.45996
2022-08-22,4135.16,4181.4,4183.65,4134.2,112442720.0,470167989407.99994
2022-08-23,4175.53,4161.08,4187.39,4147.41,103153512.0,429230015712.96
2022-08-24,4168.58,4082.42,4174.16,4079.09,119069679.0,486092438943.18
2022-08-25,4093.29,4116.24,4119.62,4058.75,111320745.0,458222903398.8
2022-08-26,4127.81,4107.55,4139.79,4102.68,99000493.0,406649475022.15
2022-08-29,4063.88,4089.52,4092.95,4059.6,94354432.0,385864336752.64
2022-08-30,4088.53,4075.79,4093.14,4048.52,93301662.0,380277980962.98
2022-08-31,4057.14,4078.84,4112.85,4046.62,132449765.0,540241399472.60004
2022-09-01,4066.19,4043.74,4090.89,4041.13,97387071.0,393807994485.54
2022-09-02,4054.84,4023.61,4056.18,4004.91,86789278.0,349206206853.58
2022-09-05,4010.41,4015.43,4017.0,3982.74,93767109.0,376515262491.87
2022-09-06,4024.47,4052.28,4054.0,4009.58,113506265.0,459959167534.2
2022-09-07,4032.72,4054.98,4067.54,4028.37,107678059.0,436632375683.82
2022-09-08,4059.17,4037.68,4067.76,4036.02,100886049.0,407345582326.32
2022-09-09,4050.59,4093.79,4099.01,4042.25,118427114.0,484815735022.06
2022-09-13,4112.01,4111.11,4128.11,4097.14,111789737.0,459579905678.06995
2022-09-14,4058.04,4065.36,4089.06,4047.92,90793681.0,369108998990.16003
2022-09-15,4078.65,4027.12,4088.81,3998.86,123951196.0,499166340435.51996
2022-09-16,4013.58,3932.68,4019.41,3932.68,137193655.0,539538743145.39996
2022-09-19,3928.42,3928.0,3953.65,3910.31,97719575.0,383842490600.0
2022-09-20,3945.65,3932.84,3957.55,3921.69,84824134.0,333599747160.56
2022-09-21,3921.32,3903.73,3924.39,3884.23,86458391.0,337510214698.43
2022-09-22,3875.18,3869.34,3900.27,3860.23,80946919.0,313211151563.46
2022-09-23,3865.1,3856.02,3888.4,3829.69,94342462.0,363786420321.24
2022-09-26,3829.6,3836.68,3893.32,3827.95,104526031.0,401032932617.07996
2022-09-27,3844.07,3892.3,3893.03,3827.93,88860160.0,345870400768.0
2022-09-28,3879.44,3828.71,3879.44,3828.05,86592213.0,331536471835.23
2022-09-29,3864.32,3827.14,3873.18,3808.65,85654142.0,327810393013.88
2022-09-30,3833.35,3804.89,3848.6,3801.28,78559966.0,298912029033.74
2022-10-10,3806.56,3720.94,3807.46,3715.71,102647595.0,381945542139.3
2022-10-11,3732.02,3727.69,3739.81,3706.06,83944625.0,312919539166.25
2022-10-12,3722.87,3784.31,3784.31,3661.53,108089319.0,409043490784.89
2022-10-13,3756.42,3752.67,3783.6,3749.64,99018915.0,371585311753.05
2022-10-14,3783.32,3842.47,3863.23,3780.84,116242293.0,446657523583.70996
2022-10-17,3822.24,3846.41,3849.62,3809.12,104192019.0,400765223801.79
2022-10-18,3865.83,3838.27,3870.22,3831.17,88346907.0,339099282730.89
2022-10-19,3827.47,3776.53,3840.49,3776.53,81574844.0,308069845611.32
2022-10-20,3746.58,3754.93,3804.25,3726.79,90290895.0,339035990362.35
2022-10-21,3753.89,3742.89,3768.69,3724.69,98750038.0,369610529729.82
2022-10-24,3727.92,3633.37,3762.16,3619.99,130056864.0,472544707951.68
2022-10-25,3621.94,3627.45,3670.73,3594.7,110953882.0,402479659260.89996
2022-10-26,3633.31,3656.9,3700.88,3633.31,121301548.0,443587630881.2
2022-10-27,3667.66,3631.14,3685.08,3631.06,117998675.0,428469708739.5
2022-10-28,3605.16,3541.33,3618.86,3533.5,118772162.0,420611420455.45996
2022-10-31,3504.51,3508.7,3553.39,3495.95,138465655.0,485834443698.5
2022-11-01,3519.82,3634.17,3634.17,3517.62,149286698.0,542533239270.66003
2022-11-02,3620.37,3677.81,3703.47,3610.8,141592919.0,520751853427.39
2022-11-03,3645.06,3647.9,3670.16,3628.5,110566035.0,403333839076.5
2022-11-04,3646.77,3767.17,3782.88,3646.77,149734949.0,564077007824.33
2022-11-07,3754.52,3775.3,3792.79,3746.37,129826371.0,490133498436.30005
2022-11-08,3773.66,3749.33,3779.12,3723.34,99016451.0,371245350227.83
2022-11-09,3750.78,3714.27,3760.41,3711.27,89434525.0,332183973171.75
2022-11-10,3685.83,3685.69,3701.53,3665.06,103509302.0,381503199288.38
2022-11-11,3787.76,3788.44,3828.9,3747.09,189685586.0,718612461425.84
2022-11-14,3818.14,3794.02,3848.41,3781.78,169665048.0,643712585412.96
2022-11-15,3788.93,3865.97,3871.64,3775.5,151515650.0,585754957430.5
2022-11-16,3860.81,3834.39,3877.68,3829.31,120610964.0,462469474251.95996
2022-11-17,3821.27,3818.66,3821.74,3776.57,105940632.0,404551253793.12
2022-11-18,3823.82,3801.57,3840.3,3801.57,115078777.0,437480026279.89
2022-11-21,3769.63,3769.13,3769.87,3734.0,95866966.0,361335057559.58
2022-11-22,3766.08,3769.57,3809.86,3751.04,144486334.0,544651350056.38
2022-11-23,3760.22,3773.53,3791.18,3753.21,144527911.0,545380407995.83
2022-11-24,3791.54,3756.81,3804.9,3751.38,101073447.0,379713736424.07
2022-11-25,3751.28,3775.78,3790.57,3743.41,142929711.0,539671144199.58
2022-11-28,3701.9,3733.24,3736.08,3672.13,127825748.0,477204195463.51996
2022-11-29,3766.57,3848.42,3854.77,3766.57,178701392.0,687718011000.64
2022-11-30,3836.56,3853.04,3867.66,3833.83,157511400.0,606897724656.0
2022-12-01,3921.3,3894.77,3944.56,3893.87,169964585.0,661972966720.45
2022-12-02,3886.4,3870.95,3898.11,3865.88,116786350.0,452074121532.5
2022-12-05,3907.64,3946.88,3947.48,3900.67,201747221.0,796272071620.48
2022-12-06,3929.01,3968.2,3988.9,3923.0,155108323.0,615500847328.6
2022-12-07,3956.67,3958.44,3999.59,3944.18,143001356.0,566062287644.64
2022-12-08,3953.2,3959.18,3971.49,3941.3,115199986.0,456097480571.48
2022-12-09,3961.99,3998.24,4003.32,3944.44,153774954.0,614829172080.96
2022-12-12,3976.17,3953.44,3983.43,3950.32,125935368.0,497877921265.92
2022-12-13,3953.55,3945.68,3964.4,3939.98,100994100.0,398490400488.0
2022-12-14,3952.79,3954.89,3972.74,3935.77,98528006.0,389667425649.33997
2022-12-15,3954.67,3951.99,3963.5,3926.5,88864725.0,351192504552.75
2022-12-16,3931.23,3954.23,3960.47,3929.49,93178567.0,368449484988.41
2022-12-19,3952.77,3893.22,3966.57,3878.44,106919075.0,416259481171.5
2022-12-20,3881.23,3829.02,3881.27,3811.48,83096822.0,318179393374.44
2022-12-21,3839.0,3830.54,3853.73,3821.4,64839215.0,248369206626.1
2022-12-22,3859.2,3836.03,3882.13,3821.34,83705173.0,321095554783.19
2022-12-23,3811.62,3828.22,3848.34,3805.95,65278148.0,249899111736.56
2022-12-26,3830.57,3843.49,3856.81,3827.52,73005712.0,280596724014.88
2022-12-27,3860.91,3887.85,3891.85,3856.58,77515350.0,301368053497.5
2022-12-28,3874.91,3871.26,3884.72,3854.94,84424656.0,326829793786.56
2022-12-29,3854.24,3856.7,3868.29,3838.48,79394815.0,306201983010.5
2022-12-30,3873.94,3871.63,3887.55,3868.76,78773272.0,304980963073.36
2023-01-03,3864.84,3887.9,3893.99,3831.25,115051875.0,447310184812.5
2023-01-04,3886.25,3892.95,3905.9,3873.65,110660743.0,430796739461.85
2023-01-05,3913.49,3968.58,3974.88,3912.26,116502395.0,462349074749.1
2023-01-06,3969.55,3980.89,4000.41,3966.47,110953038.0,441691839443.82
2023-01-09,3998.53,4013.12,4023.09,3990.71,117054425.0,469753454056.0
2023-01-10,4014.71,4017.47,4030.46,4002.23,101751141.0,408782156433.26996
2023-01-11,4019.88,4010.03,4043.4,4008.02,99997889.0,400994534826.67004
2023-01-12,4021.75,4017.87,4030.29,4003.51,90552627.0,363828683444.49
2023-01-13,4032.29,4074.38,4074.38,4027.89,95871896.0,390618535624.48
2023-01-16,4077.88,4137.96,4177.1,4076.64,151395455.0,626468336971.8
2023-01-17,4138.84,4137.24,4148.58,4118.16,95479040.0,395019703449.6
2023-01-18,4140.1,4130.31,4151.46,4125.77,84200645.0,347774766049.95
2023-01-19,4125.58,4156.01,4156.01,4105.98,94608398.0,393193448171.98004
2023-01-20,4166.84,4181.53,4189.83,4161.67,123553809.0,516643958947.76996
2023-01-30,4267.62,4201.35,4268.15,4197.86,164607064.0,691571888336.4
2023-01-31,4200.58,4156.86,4212.73,4153.05,124550835.0,517740383978.1
2023-02-01,4170.13,4195.93,4195.93,4137.77,141008954.0,591663700357.2201
2023-02-02,4207.41,4181.15,4207.41,4170.56,133823736.0,559537113776.3999
2023-02-03,4162.03,4141.63,4162.03,4103.17,117041221.0,484741432130.23004
2023-02-06,4103.83,4086.88,4105.94,4065.22,110192717.0,450344411252.96
2023-02-07,4098.31,4094.23,4107.34,4077.96,91360072.0,374049147584.56
2023-02-08,4099.86,4076.14,4111.47,4072.65,84786099.0,345600009577.86
2023-02-09,4067.56,4130.86,4130.86,4064.75,102289961.0,422545508296.45996
2023-02-10,4124.1,4106.31,4125.29,4092.35,96716733.0,397148887885.23004
2023-02-13,4098.88,4143.57,4146.45,4092.27,128892577.0,534075415279.88995
2023-02-14,4151.25,4145.29,4152.05,4125.26,102499890.0,424891769018.1
2023-02-15,4146.85,4123.69,4153.72,4115.97,121664508.0,501706714994.51996
2023-02-16,4125.41,4093.49,4167.9,4068.86,159310585.0,652136286591.65
2023-02-17,4086.22,4034.51,4104.64,4032.93,116142589.0,468578436746.39
2023-02-20,4039.96,4133.49,4134.86,4035.48,161794481.0,668775869268.69
2023-02-21,4130.06,4144.35,4151.8,4116.27,145776173.0,604147482572.55
2023-02-22,4118.97,4106.95,4134.88,4101.86,104290295.0,428315027050.25
2023-02-23,4106.21,4103.65,4132.39,4088.21,103564906.0,424994126506.89996
2023-02-24,4100.99,4061.05,4102.61,4048.24,100989425.0,410123104396.25
2023-02-27,4040.46,4043.84,4067.03,4034.52,93787630.0,379262169699.2
2023-02-28,4058.13,4069.46,4074.26,4026.45,110323591.0,448957440630.86
2023-03-01,4068.73,4126.94,4135.48,4061.22,156015794.0,643867820890.36
2023-03-02,4119.99,4117.74,4137.25,4113.83,148217637.0,610321692580.38
2023-03-03,4126.02,4130.55,4135.21,4100.38,160331741.0,662258272787.55
2023-03-06,4131.15,4109.01,4132.84,4088.45,162971807.0,669652784681.0701
2023-03-07,4103.64,4048.85,4124.96,4046.57,195912068.0,793218576521.7999
2023-03-08,4030.74,4034.11,4037.29,4011.52,117936493.0,475768785776.23004
2023-03-09,4035.84,4019.85,4043.85,4000.89,116539629.0,468471827635.64996
2023-03-10,3991.8,3967.14,4004.36,3966.43,123855409.0,491351747260.26
2023-03-13,3962.64,4008.69,4008.69,3962.64,143561370.0,575493028305.3
2023-03-14,3999.88,3984.7,4001.94,3946.94,150544174.0,599873370137.7999
2023-03-15,4011.84,3986.9,4018.75,3986.9,142026007.0,566243487308.3
2023-03-16,3958.2,3939.15,3981.32,3936.48,152515644.0,600781999062.6
2023-03-17,3971.16,3958.82,4004.22,3945.25,177433818.0,702428547374.76
2023-03-20,3962.66,3939.08,3979.55,3935.02,205264970.0,808555138027.6
2023-03-21,3948.16,3982.38,3982.7,3948.16,145090679.0,577806218236.02
2023-03-22,3993.78,3999.44,4016.45,3986.71,149228970.0,596832311776.8
2023-03-23,3985.99,4039.09,4039.09,3984.0,158887421.0,641760593286.89
2023-03-24,4035.16,4027.05,4037.84,4017.0,159442330.0,642082235026.5
2023-03-27,4023.3,4012.48,4023.3,3987.03,168482279.0,676031774841.92
2023-03-28,4015.7,3999.51,4023.78,3994.6,131895117.0,527515839392.67004
2023-03-29,4013.59,4006.14,4017.76,3992.67,133743510.0,535795225151.39996
2023-03-30,4009.56,4038.53,4040.5,3983.9,149901037.0,605379834955.61
2023-03-31,4045.45,4050.93,4063.57,4039.96,138842546.0,562441434867.78
2023-04-03,4059.62,4090.57,4094.94,4059.06,182124313.0,744992251028.41
2023-04-04,4089.29,4103.11,4103.16,4080.07,197146631.0,808914313122.4099
2023-04-06,4084.13,4096.64,4098.83,4078.4,150703374.0,617377470063.3601
2023-04-07,4096.9,4123.28,4131.31,4092.18,128676738.0,530570220260.63995
2023-04-10,4132.01,4104.81,4132.3,4099.05,152453002.0,625790607139.6201
2023-04-11,4108.51,4100.15,4116.12,4083.49,153901333.0,631018550499.95
2023-04-12,4102.4,4097.29,4108.25,4090.28,165965278.0,680007873896.62
2023-04-13,4081.39,4068.98,4088.88,4059.57,156444295.0,636568707469.1
2023-04-14,4078.97,4092.0,4098.22,4075.2,150695682.0,616646730744.0
2023-04-17,4090.07,4149.38,4149.38,4089.51,188773095.0,783291304931.1
2023-04-18,4139.31,4162.03,4169.67,4138.46,170184130.0,708311454583.8999
2023-04-19,4159.39,4124.56,4159.39,4118.63,162554592.0,670466167979.52
2023-04-20,4122.95,4113.02,4125.82,4094.0,162706677.0,669215816634.54
2023-04-21,4114.26,4032.57,4114.26,4031.91,180802435.0,729098475307.9501
2023-04-24,4031.3,3982.64,4033.64,3967.91,170099217.0,677443945592.88
2023-04-25,3985.11,3962.67,3991.69,3925.44,172555409.0,683780142582.03
2023-04-26,3950.26,3959.23,3975.66,3934.66,162702006.0,644174663215.38
2023-04-27,3948.03,3988.42,3999.13,3942.82,153828195.0,613531449501.9
2023-04-28,3993.26,4029.09,4030.45,3993.26,179508488.0,723255853915.92
2023-05-04,4013.47,4030.25,4035.78,4001.13,227582846.0,917215765091.5
2023-05-05,4031.09,4016.88,4047.6,3998.39,206626924.0,829995558477.12
2023-05-08,4028.11,4062.66,4070.77,4018.96,255583085.0,1038347176106.1
2023-05-09,4065.44,4027.88,4092.85,4026.39,279306048.0,1125011244618.24
2023-05-10,4017.94,3996.87,4019.06,3984.63,207552709.0,829561196020.83
2023-05-11,4005.78,3990.66,4018.06,3988.48,144804619.0,577866000858.54
2023-05-12,3987.77,3937.76,3999.38,3937.53,144421728.0,568698103649.28
2023-05-15,3938.83,3998.89,3998.89,3923.03,176257362.0,704833802328.1799
2023-05-16,4002.52,3978.21,4005.02,3966.99,136833271.0,544351487024.91003
2023-05-17,3971.7,3960.17,3982.6,3945.71,118448185.0,469074948791.45
2023-05-18,3965.52,3956.07,3982.72,3939.55,136533947.0,540137851708.29004
2023-05-19,3946.22,3944.54,3967.28,3928.32,120212479.0,474182931914.66
2023-05-22,3941.0,3969.33,3985.4,3935.8,109116605.0,433119813724.64996
2023-05-23,3968.23,3913.19,3971.94,3913.19,118685077.0,464437256465.63
2023-05-24,3903.78,3859.09,3903.78,3859.09,137258265.0,529691997878.85004
2023-05-25,3851.41,3850.5,3861.38,3817.84,124150770.0,478042539885.0
2023-05-26,3848.42,3850.95,3859.63,3815.57,100326439.0,386352100267.05
2023-05-29,3862.08,3833.94,3866.72,3819.18,131859967.0,505543201879.98
2023-05-30,3827.79,3837.75,3844.01,3789.27,137619629.0,528149731194.75
2023-05-31,3827.16,3798.54,3827.16,3781.4,126387368.0,480087472842.72
2023-06-01,3788.59,3806.87,3832.21,3786.73,134561881.0,512259587922.47
2023-06-02,3821.62,3861.83,3865.28,3821.62,125015110.0,482787102251.3
2023-06-05,3860.56,3844.25,3860.56,3832.46,116163989.0,446563414713.25
2023-06-06,3840.46,3808.16,3867.85,3802.84,125781258.0,478995155465.27997
2023-06-07,3815.48,3789.34,3823.11,3780.1,98862432.0,374623368074.88
2023-06-08,3791.08,3820.19,3834.39,3777.78,118700934.0,453460121057.46
2023-06-09,3822.41,3836.7,3836.7,3811.22,134319863.0,515345018372.1
2023-06-12,3827.33,3844.43,3859.72,3813.86,126758543.0,487314345465.49
2023-06-13,3838.13,3864.91,3867.3,3833.46,110924946.0,428714933044.86
2023-06-14,3872.72,3864.02,3891.67,3862.06,124955759.0,482831551891.18
2023-06-15,3871.77,3925.5,3925.5,3871.77,128369938.0,503916191619.0
2023-06-16,3932.21,3963.35,3968.01,3928.54,139760076.0,553918097214.6
2023-06-19,3957.03,3930.91,3957.03,3922.47,134905848.0,530302746961.68
2023-06-20,3926.09,3924.24,3937.49,3918.47,122520318.0,480799132708.31995
2023-06-21,3909.1,3864.03,3920.13,3864.03,118346575.0,457294716197.25
2023-06-26,3833.44,3809.7,3841.29,3801.05,133990419.0,510463299264.3
2023-06-27,3811.69,3845.43,3851.9,3806.32,116992681.0,449887165297.82996
2023-06-28,3836.61,3840.8,3846.85,3808.16,107021541.0,411048334672.80005
2023-06-29,3836.73,3821.84,3840.71,3817.38,98289274.0,375645878944.16003
2023-06-30,3816.33,3842.45,3860.03,3813.55,101268429.0,389118875011.05
2023-07-03,3853.29,3892.88,3897.33,3853.29,133158051.0,518368313576.88
2023-07-04,3888.03,3899.01,3899.98,3878.4,109494527.0,426920255718.27
2023-07-05,3895.19,3868.81,3899.52,3864.13,97636384.0,377736618783.04
2023-07-06,3857.03,3842.75,3876.89,3836.46,100121842.0,384743208345.5
2023-07-07,3831.6,3825.7,3844.84,3819.08,100906920.0,386039603844.0
2023-07-10,3841.56,3844.33,3865.46,3831.92,92033441.0,353806918239.52997
2023-07-11,3853.8,3869.49,3870.65,3844.52,86510716.0,334752350454.83997
2023-07-12,3864.6,3843.44,3874.04,3838.56,111522024.0,428628207922.56
2023-07-13,3855.66,3898.42,3901.1,3855.66,120300232.0,468980830433.44
2023-07-14,3904.6,3899.1,3908.49,3893.79,122364846.0,477112771038.6
2023-07-17,3881.62,3867.17,3881.62,3852.26,98340144.0,380298054672.48
2023-07-18,3871.04,3854.94,3871.04,3844.51,91438615.0,352490374508.1
2023-07-19,3848.48,3850.87,3860.01,3830.41,79585700.0,306474184559.0
2023-07-20,3857.77,3823.69,3875.62,3818.71,92042076.0,351940365580.44
2023-07-21,3816.98,3821.91,3849.51,3808.8,79507563.0,303870750105.33
2023-07-24,3803.35,3805.22,3828.79,3798.8,75483545.0,287231495104.89996
2023-07-25,3866.64,3915.12,3915.81,3866.64,163066320.0,638424210758.4
2023-07-26,3908.17,3907.01,3912.98,3893.4,107881717.0,421494947136.17004
2023-07-27,3914.23,3902.35,3935.36,3894.69,110667109.0,431861792806.14996
2023-07-28,3889.79,3992.74,4000.92,3886.55,179735481.0,717637044407.94
2023-07-31,4018.89,4014.63,4064.36,4002.08,199606830.0,801347567922.9
2023-08-01,4009.18,3998.0,4031.7,3983.03,142286859.0,568862862282.0
2023-08-02,3985.7,3969.9,4008.33,3958.51,125855690.0,499634503731.0
2023-08-03,3962.13,4004.98,4005.0,3962.13,129006640.0,516669013067.2
2023-08-04,4033.72,4020.58,4058.24,4011.62,178267189.0,716737494749.62
2023-08-07,4002.97,3990.15,4002.97,3977.02,121310662.0,484047737979.3
2023-08-08,3980.04,3979.73,4002.29,3963.46,109871699.0,437259696661.27
2023-08-09,3967.36,3967.57,3982.11,3961.84,94640269.0,375491892076.33
2023-08-10,3962.86,3975.72,3976.46,3945.39,97176849.0,386347942106.27997
2023-08-11,3977.98,3884.25,3977.98,3884.25,126082931.0,489737624736.75
2023-08-14,3840.89,3855.91,3859.47,3814.07,115966336.0,447155754645.76
2023-08-15,3858.37,3846.54,3865.28,3811.68,103097111.0,396567161345.94
2023-08-16,3830.83,3818.33,3852.42,3817.63,94616946.0,361278723420.18
2023-08-17,3801.2,3831.1,3836.15,3782.5,98415493.0,377039595232.3
2023-08-18,3832.46,3784.0,3844.2,3784.0,95549638.0,361559830192.0
2023-08-21,3773.23,3729.56,3782.11,3729.56,98708369.0,368138784687.64
2023-08-22,3748.07,3758.23,3770.06,3704.68,120318327.0,452183946081.21
2023-08-23,3751.77,3696.63,3756.17,3695.03,97081638.0,358874895479.94
2023-08-24,3711.54,3723.43,3748.86,3701.57,119614521.0,445376295927.02997
2023-08-25,3703.51,3709.15,3734.22,3695.84,105182610.0,390138077881.5
2023-08-28,3911.55,3752.62,3911.55,3740.53,197990379.0,742982656042.98
2023-08-29,3743.05,3790.11,3810.38,3742.08,152486146.0,577939266816.06
2023-08-30,3803.12,3788.51,3813.7,3780.24,129671661.0,491262384415.11005
2023-08-31,3786.93,3765.27,3794.0,3762.0,118961646.0,447922716834.42
2023-09-01,3778.91,3791.49,3808.53,3778.91,105319045.0,399316105927.05
2023-09-04,3812.99,3848.95,3854.26,3804.59,142385201.0,548033519388.94995
2023-09-05,3839.58,3820.32,3839.58,3814.33,104052333.0,397513208806.56
2023-09-06,3808.1,3812.03,3817.52,3790.89,93442393.0,356205205387.79004
2023-09-07,3802.23,3758.47,3802.23,3756.85,95103903.0,357445166308.41
2023-09-08,3747.65,3739.99,3753.26,3724.99,71638166.0,267926024458.34
2023-09-11,3740.58,3767.54,3788.32,3734.72,105358016.0,396940539600.64
2023-09-12,3764.33,3760.6,3775.09,3755.42,79385378.0,298536652506.8
2023-09-13,3759.61,3736.65,3768.82,3719.11,81576901.0,304824327121.65
2023-09-14,3736.94,3733.51,3748.82,3717.31,100386075.0,374792414873.25
2023-09-15,3740.79,3708.78,3749.02,3699.38,109395689.0,405724543449.42004
2023-09-18,3698.93,3727.71,3737.53,3691.11,86727741.0,323295867403.11
2023-09-19,3723.42,3720.5,3724.07,3702.69,83199038.0,309542020879.0
2023-09-20,3715.96,3705.69,3718.52,3705.13,75448209.0,279587673609.21
2023-09-21,3698.31,3672.44,3708.46,3672.44,83031005.0,304926384002.2
2023-09-22,3672.64,3738.93,3740.42,3664.77,110231166.0,412146613492.38
2023-09-25,3738.06,3714.6,3738.06,3711.2,92596479.0,343958880893.39996
2023-09-26,3711.71,3692.89,3723.85,3692.62,78044525.0,288209845927.25
2023-09-27,3694.96,3700.5,3731.14,3694.39,91629210.0,339073891605.0
2023-09-28,3711.21,3689.52,3716.06,3685.3,85221719.0,314427236684.88
2023-10-09,3678.93,3684.73,3694.17,3642.0,102148058.0,376388013754.34
2023-10-10,3696.25,3657.13,3701.26,3655.59,99163730.0,362654651894.9
2023-10-11,3674.75,3667.55,3689.53,3658.36,102091587.0,374425999901.85004
2023-10-12,3697.93,3702.38,3711.5,3682.84,114363225.0,423416116975.5
2023-10-13,3677.96,3663.41,3678.19,3652.31,98287987.0,360069194455.67
2023-10-16,3664.04,3626.6,3664.04,3615.77,91853118.0,333114517738.8
2023-10-17,3635.3,3639.4,3645.57,3619.13,90745188.0,330258037207.2
2023-10-18,3631.07,3610.58,3632.06,3608.98,94545879.0,341365459799.82
2023-10-19,3588.52,3533.54,3588.52,3532.31,111737520.0,394828996420.8
2023-10-20,3518.35,3510.59,3535.66,3501.73,98518605.0,345858429526.95
2023-10-23,3500.2,3474.24,3505.35,3450.65,96561652.0,335478353844.48
2023-10-24,3481.76,3487.13,3495.0,3453.1,115547289.0,402928417890.57
2023-10-25,3524.3,3504.46,3531.83,3500.92,128009617.0,448604582391.82
2023-10-26,3484.78,3514.14,3515.57,3478.05,105143566.0,369489211023.24
2023-10-27,3501.17,3562.39,3576.59,3494.55,120225108.0,428288722488.12
2023-10-30,3554.11,3583.77,3592.72,3554.02,144010426.0,516100244386.02
2023-10-31,3581.68,3572.51,3581.68,3554.58,112587267.0,402219137230.17004
2023-11-01,3605.76,3571.03,3606.41,3564.64,97645538.0,348695145564.14
2023-11-02,3580.07,3554.19,3597.17,3553.74,90359643.0,321155339554.17
2023-11-03,3558.53,3584.14,3596.1,3558.53,97542101.0,349604545878.14
2023-11-06,3608.32,3632.61,3635.79,3600.63,152982463.0,555725624918.43
2023-11-07,3623.78,3619.76,3628.46,3606.3,110288591.0,399218230158.16003
2023-11-08,3610.64,3611.07,3627.05,3591.82,110594230.0,399363506126.10004
2023-11-09,3603.11,3612.83,3624.41,3601.37,111872057.0,404174723691.31
2023-11-10,3596.07,3586.49,3599.45,3576.1,102107034.0,366205856370.66
2023-11-13,3593.91,3579.41,3599.39,3562.77,96707649.0,346156325907.08997
2023-11-14,3581.1,3582.06,3600.15,3568.88,100884158.0,361373107005.48
2023-11-15,3616.88,3607.25,3620.6,3596.92,104929218.0,378505921630.5
2023-11-16,3600.98,3572.36,3605.29,3572.36,87464780.0,312455681480.8
2023-11-17,3561.31,3568.07,3573.68,3547.03,87319207.0,311561042920.49
2023-11-20,3569.73,3576.32,3586.97,3545.1,91080445.0,325732817062.4
2023-11-21,3587.88,3581.07,3615.06,3575.68,108594314.0,388883840035.98004
2023-11-22,3569.44,3544.42,3574.38,3544.42,84784381.0,300511455704.02
2023-11-23,3541.44,3561.52,3562.07,3529.94,84800167.0,302017490773.84
2023-11-24,3560.65,3538.01,3560.65,3534.0,85018403.0,300795959998.03
2023-11-27,3534.44,3511.94,3534.44,3492.86,99102314.0,348041380629.16003
2023-11-28,3510.66,3518.52,3521.05,3501.11,89335789.0,314329760312.27997
2023-11-29,3518.88,3488.31,3519.2,3482.24,98841412.0,344789485893.72
2023-11-30,3485.52,3496.2,3505.13,3481.45,101350820.0,354342736884.0
2023-12-01,3494.22,3482.88,3494.22,3452.17,108530941.0,378000243790.08
2023-12-04,3481.04,3460.14,3488.13,3459.61,97156826.0,336176219915.64
2023-12-05,3450.09,3394.26,3450.09,3393.81,100472007.0,341028114479.82
2023-12-06,3387.88,3399.6,3420.28,3382.95,105805519.0,359696442392.39996
2023-12-07,3394.31,3391.28,3404.41,3369.77,97713248.0,331372983677.44
2023-12-08,3391.86,3399.46,3409.38,3383.45,129522054.0,440305041690.84
2023-12-11,3378.05,3419.45,3426.61,3346.89,139626249.0,477444977143.05
2023-12-12,3410.0,3426.8,3427.55,3406.1,105590013.0,361835856548.4
2023-12-13,3418.64,3369.61,3418.64,3369.61,95285367.0,321074525496.87
2023-12-14,3387.38,3351.96,3399.14,3350.76,83655135.0,280408666314.6
2023-12-15,3365.94,3341.55,3388.5,3339.52,97787783.0,326762766283.65
2023-12-18,3329.19,3329.37,3352.35,3314.91,90526826.0,301397298679.62
2023-12-19,3325.66,3334.04,3345.78,3313.19,83808118.0,279419617736.72
2023-12-20,3334.33,3297.5,3338.54,3297.37,92412868.0,304731432230.0
2023-12-21,3285.6,3330.87,3339.36,3283.99,102546198.0,341568054532.26
2023-12-22,3329.47,3337.23,3359.06,3315.9,105220133.0,351143784451.59
2023-12-25,3330.33,3347.45,3348.88,3330.33,74542693.0,249527937682.84998
2023-12-26,3345.4,3324.79,3345.42,3315.94,74732935.0,248471314958.65
2023-12-27,3326.93,3336.36,3341.27,3309.67,94403928.0,314965489222.08
2023-12-28,3335.56,3414.54,3423.4,3331.21,148064851.0,505573356333.54
2023-12-29,3411.11,3431.11,3432.54,3409.58,114928932.0,394333807874.52
2024-01-02,3426.27,3386.35,3426.27,3386.35,116180726.0,393428601490.1
2024-01-03,3379.75,3378.3,3392.85,3362.66,105613851.0,356795272833.30005
2024-01-04,3375.02,3347.05,3375.02,3323.86,106721013.0,357200566561.65
2024-01-05,3341.31,3329.11,3372.54,3313.55,126400574.0,420801414909.14
2024-01-08,3322.61,3286.06,3333.52,3283.34,117429485.0,385880333479.1
2024-01-09,3286.71,3292.5,3304.6,3273.84,109330465.0,359970556012.5
2024-01-10,3281.67,3277.13,3312.92,3268.25,94199366.0,308703568299.58
2024-01-11,3275.31,3295.67,3311.11,3266.79,108789735.0,358535065947.45
2024-01-12,3284.36,3284.17,3310.47,3279.7,96853555.0,318083539724.35004
2024-01-15,3270.1,3280.92,3306.92,3261.27,88851530.0,291514761807.60004
2024-01-16,3272.57,3300.88,3300.88,3260.44,113276665.0,373912677965.2
2024-01-17,3291.14,3229.08,3291.14,3229.08,108769728.0,351226153290.24
2024-01-18,3214.28,3274.73,3279.25,3171.63,174909168.0,572780299724.64
2024-01-19,3261.24,3269.78,3286.94,3251.81,118501408.0,387473533850.24005
2024-01-22,3262.47,3218.9,3281.42,3193.18,148705628.0,478668545969.2
2024-01-23,3208.43,3231.93,3249.53,3188.13,122012000.0,394334243160.0
2024-01-24,3245.96,3277.11,3281.49,3190.47,154371954.0,505893874172.94
2024-01-25,3274.34,3342.92,3344.24,3269.79,196833614.0,657999024912.88
2024-01-26,3326.65,3333.82,3351.97,3315.13,180664005.0,602301273149.1
2024-01-29,3335.39,3303.96,3351.37,3303.96,184164795.0,608473116088.2
2024-01-30,3283.9,3245.04,3300.2,3244.97,143649350.0,466147886724.0
2024-01-31,3231.54,3215.35,3252.15,3201.93,153143469.0,492409853049.14996
2024-02-01,3202.26,3217.71,3251.76,3191.9,145516792.0,468230836786.32
2024-02-02,3219.87,3179.63,3235.41,3108.35,173758089.0,552486432527.0701
2024-02-05,3164.25,3200.42,3233.85,3111.52,203042970.0,649822782047.4
2024-02-06,3185.25,3311.69,3314.51,3182.82,202713099.0,671322942827.31
2024-02-07,3314.03,3343.63,3343.63,3289.67,216647933.0,724390528216.79
2024-02-08,3351.41,3364.93,3367.21,3336.98,189977578.0,639261251539.5399
2024-02-19,3393.19,3403.81,3403.81,3364.14,183319800.0,623985768438.0
2024-02-20,3395.19,3410.85,3415.89,3380.1,140734581.0,480024545603.85
2024-02-21,3390.36,3456.87,3500.13,3383.69,188879362.0,652931400116.94
2024-02-22,3450.35,3486.67,3486.68,3448.41,141020784.0,491692936949.28
2024-02-23,3491.34,3489.74,3507.56,3472.97,144821273.0,505388589239.01996
2024-02-26,3485.54,3453.36,3492.61,3445.39,151248331.0,522314936342.16003
2024-02-27,3440.05,3494.79,3494.79,3437.44,139528246.0,487621918838.33997
2024-02-28,3499.83,3450.26,3521.66,3450.26,189837548.0,654988898362.48
2024-02-29,3437.9,3516.08,3516.08,3437.9,155944532.0,548313450074.56
2024-03-01,3515.06,3537.8,3544.36,3503.46,162709570.0,575633916746.0
2024-03-04,3538.37,3540.87,3548.69,3519.76,163244613.0,578027952833.3099
2024-03-05,3524.96,3565.51,3570.69,3519.08,166422389.0,593380692203.39
2024-03-06,3556.53,3551.05,3577.39,3545.1,143076613.0,508072206593.65
2024-03-07,3548.1,3529.72,3569.92,3522.9,148110510.0,522788629357.19995
2024-03-08,3529.55,3544.91,3548.51,3511.58,125792664.0,445923672540.24
2024-03-11,3545.94,3589.26,3589.26,3542.28,148202825.0,531938471659.50006
2024-03-12,3592.58,3597.49,3605.7,3574.21,180685560.0,650014495244.3999
2024-03-13,3594.42,3572.36,3594.42,3563.37,144590590.0,516529640092.4
2024-03-14,3571.79,3562.22,3597.46,3545.61,140962722.0,502140227562.83997
2024-03-15,3554.91,3569.99,3572.81,3533.68,138316044.0,493786893919.56
2024-03-18,3577.06,3603.53,3604.05,3573.4,160379438.0,577932116216.14
2024-03-19,3593.34,3577.63,3610.74,3577.19,145571786.0,520801988747.18
2024-03-20,3568.72,3585.38,3589.55,3568.43,129528966.0,464410564117.08
2024-03-21,3593.07,3581.09,3601.11,3575.03,130743377.0,468203799940.93
2024-03-22,3571.27,3545.0,3575.72,3522.84,139227358.0,493560984110.0
2024-03-25,3536.71,3525.76,3564.96,3525.76,137015724.0,483084559050.24005
2024-03-26,3526.68,3543.75,3547.65,3518.6,126209535.0,447255039656.25
2024-03-27,3538.72,3502.79,3542.96,3502.79,128626763.0,450552539168.77
2024-03-28,3498.48,3520.96,3551.21,3489.39,143334717.0,504675805168.32
2024-03-29,3516.88,3537.48,3538.24,3516.88,128643290.0,455073065509.2
2024-04-01,3551.58,3595.65,3600.92,3551.58,162776561.0,585287541559.65
2024-04-02,3593.22,3580.68,3596.19,3568.75,141272972.0,505853305380.95996
2024-04-03,3578.68,3567.8,3582.43,3558.87,135592331.0,483766318541.80005
2024-04-08,3553.56,3536.41,3567.82,3535.77,155304283.0,549219619444.02997
2024-04-09,3533.38,3533.49,3543.71,3518.86,129670942.0,458190976847.57996
2024-04-10,3528.97,3504.71,3531.23,3490.05,128790274.0,451372561190.54
2024-04-11,3485.03,3504.24,3520.59,3484.93,126534395.0,443406888334.8
2024-04-12,3505.75,3475.84,3516.7,3470.06,128921116.0,448109171837.44
2024-04-15,3473.5,3549.08,3552.41,3473.5,183941250.0,652822211550.0
2024-04-16,3533.36,3511.11,3545.5,3503.62,176153065.0,618492788052.15
2024-04-17,3509.13,3565.4,3565.94,3498.03,168466398.0,600650095429.2001
2024-04-18,3550.56,3569.8,3602.79,3547.6,178574105.0,637473840029.0
2024-04-19,3550.61,3541.66,3560.95,3529.32,147281505.0,521621014998.3
2024-04-22,3536.18,3530.9,3558.16,3528.02,150579042.0,531679539397.8
2024-04-23,3525.67,3506.22,3533.76,3499.98,143113504.0,501787429994.87994
2024-04-24,3514.01,3521.62,3524.54,3495.65,121739851.0,428721494078.62
2024-04-25,3510.64,3530.28,3543.97,3505.2,115187722.0,406644911222.16003
2024-04-26,3531.96,3584.27,3588.4,3531.96,197216133.0,706875869027.91
2024-04-29,3584.54,3623.91,3645.82,3578.76,222721381.0,807122239819.71
2024-04-30,3619.26,3604.39,3630.71,3604.39,191296899.0,689508629786.61
2024-05-06,3654.05,3657.88,3668.26,3645.74,208018007.0,760904907445.16
2024-05-07,3657.0,3659.01,3665.68,3648.38,164834286.0,603130300816.86
2024-05-08,3650.75,3630.22,3650.94,3628.7,130035336.0,472056877453.92
2024-05-09,3630.41,3664.56,3669.76,3630.41,146559017.0,537074311337.52
2024-05-10,3669.09,3666.28,3674.61,3641.76,150720536.0,552583686726.0801
2024-05-13,3646.35,3664.69,3673.62,3634.6,157267455.0,576336469663.95
2024-05-14,3668.23,3657.05,3675.78,3646.71,133406490.0,487874204254.5
2024-05-15,3651.05,3626.06,3656.53,3624.0,123522764.0,447900953629.83997
2024-05-16,3636.6,3640.36,3657.48,3626.33,154630503.0,562910697901.0801
2024-05-17,3638.56,3677.97,3677.97,3627.45,164570417.0,605285056613.49
2024-05-20,3682.06,3690.96,3703.03,3677.44,184609423.0,681385995916.08
2024-05-21,3682.29,3676.16,3684.61,3665.15,130678283.0,480394276833.27997
2024-05-22,3675.65,3684.45,3691.88,3667.09,151914605.0,559721766392.25
2024-05-23,3672.84,3641.79,3674.37,3633.51,142572990.0,519220889252.1
2024-05-24,3630.83,3601.48,3650.87,3599.67,124791177.0,449432928141.96
2024-05-27,3606.65,3635.71,3638.15,3603.71,131272644.0,477269264517.24
2024-05-28,3633.25,3609.17,3638.97,3605.92,123532238.0,445848847422.46
2024-05-29,3609.07,3613.52,3633.2,3602.82,115906321.0,418829809059.92
2024-05-30,3607.05,3594.31,3624.04,3586.75,122602995.0,440673170958.45
2024-05-31,3599.82,3579.92,3614.64,3579.92,112462019.0,402605031058.48
2024-06-03,3577.38,3588.75,3600.6,3567.87,141054591.0,506209663451.25
2024-06-04,3583.81,3615.67,3622.5,3580.28,124545096.0,450313967254.32
2024-06-05,3610.36,3594.79,3623.32,3594.11,110906766.0,398686533349.14
2024-06-06,3602.16,3592.25,3625.01,3584.17,137893517.0,495347986443.25
2024-06-07,3594.63,3574.11,3603.07,3552.09,131103026.0,468576636256.86005
2024-06-11,3555.82,3542.88,3565.31,3525.89,134522306.0,476596387481.28
2024-06-12,3539.09,3544.12,3551.17,3531.57,122813729.0,435266593223.48
2024-06-13,3548.22,3526.13,3551.08,3520.18,123245462.0,434579520922.06
2024-06-14,3514.8,3541.53,3547.15,3503.52,171516942.0,607432395601.26
2024-06-17,3521.44,3536.2,3540.79,3520.74,137433438.0,485992123455.6
2024-06-18,3533.49,3545.59,3551.71,3532.78,123671838.0,438489632094.42004
2024-06-19,3543.36,3528.75,3543.36,3524.84,106642797.0,376315769913.75
2024-06-20,3525.17,3503.28,3533.99,3500.13,111617396.0,391026991058.88
2024-06-21,3496.34,3495.62,3505.51,3473.83,109186615.0,381674915126.3
2024-06-24,3473.64,3476.81,3505.78,3471.22,117990184.0,410229451633.04
2024-06-25,3475.16,3457.9,3483.22,3440.65,118448118.0,409581747232.2
2024-06-26,3451.54,3480.26,3487.4,3442.3,105898861.0,368555569983.86005
2024-06-27,3467.29,3454.12,3471.14,3452.58,114918101.0,396940911026.12
2024-06-28,3443.67,3461.66,3484.68,3443.67,135409153.0,468740448573.98
2024-07-01,3458.26,3478.18,3479.95,3443.81,121829770.0,423745869418.6
2024-07-02,3472.45,3471.79,3488.32,3464.52,121650121.0,422343673586.58997
2024-07-03,3471.56,3463.41,3478.7,3454.99,103857108.0,359699746418.27997
2024-07-04,3468.3,3445.81,3483.31,3444.93,104429909.0,359845624731.29
2024-07-05,3443.36,3431.06,3451.04,3399.67,116609659.0,400094736608.54
2024-07-08,3420.8,3401.76,3428.04,3395.91,115528218.0,392999270863.68005
2024-07-09,3396.8,3439.81,3448.93,3384.81,131629443.0,452780274325.83
2024-07-10,3425.88,3428.97,3447.51,3423.65,127203456.0,436176834520.31995
2024-07-11,3451.04,3468.17,3473.98,3438.12,145892466.0,505979873807.22003
2024-07-12,3459.96,3472.4,3479.1,3457.36,130874589.0,454448922843.60004
2024-07-15,3462.61,3476.25,3481.46,3460.79,118517083.0,411995009778.75
2024-07-16,3466.85,3498.28,3500.29,3464.37,120659017.0,422099025990.76
2024-07-17,3494.21,3501.58,3514.48,3486.22,131802062.0,461515464257.95996
2024-07-18,3483.3,3520.93,3522.8,3475.72,123768199.0,435779164905.07
2024-07-19,3500.81,3539.02,3545.34,3493.07,132447975.0,468736032484.5
2024-07-22,3538.4,3514.92,3540.19,3494.01,132126337.0,464413504448.04004
2024-07-23,3509.79,3439.88,3509.79,3439.88,128897660.0,443392482680.8
2024-07-24,3432.35,3418.17,3451.42,3408.41,127036263.0,434231543098.71
2024-07-25,3404.61,3399.27,3415.86,3383.8,131022242.0,445379976563.34
2024-07-26,3403.71,3409.29,3420.82,3388.66,124195558.0,423418673933.82
2024-07-29,3404.37,3390.74,3408.5,3388.84,109787786.0,372261837501.63995
2024-07-30,3380.69,3369.38,3380.69,3352.8,104952164.0,353623722338.32
2024-07-31,3364.03,3442.08,3445.0,3364.03,171959177.0,591897243968.16
2024-08-01,3443.14,3419.27,3448.34,3419.19,136323464.0,466126730751.27997
2024-08-02,3393.92,3384.39,3419.1,3380.96,116615255.0,394671502869.45
2024-08-05,3362.11,3343.32,3409.03,3343.32,142812516.0,477467940993.12
2024-08-06,3367.35,3342.98,3376.8,3318.63,119340279.0,398952165891.42
2024-08-07,3338.59,3341.49,3362.38,3329.97,95084377.0,317723494901.73
2024-08-08,3332.43,3342.94,3364.79,3320.84,92495695.0,309207558643.3
2024-08-09,3358.13,3331.63,3366.67,3331.63,91511626.0,304882878530.38
2024-08-12,3327.56,3325.86,3338.08,3319.89,79938754.0,265865104378.44
2024-08-13,3328.01,3334.39,3335.01,3310.19,84489679.0,281721540760.81
2024-08-14,3332.79,3309.24,3332.79,3309.1,78742407.0,260577522940.68
2024-08-15,3301.45,3341.95,3356.76,3297.97,104766399.0,350124067138.05
2024-08-16,3342.03,3345.63,3356.91,3335.62,96519083.0,322917139657.29004
2024-08-19,3344.26,3356.97,3375.96,3343.71,105571110.0,354399049136.69995
2024-08-20,3361.64,3332.7,3362.33,3321.64,101668331.0,338830046723.69995
2024-08-21,3322.91,3321.64,3339.44,3307.99,89954751.0,298797299111.64
2024-08-22,3322.87,3313.14,3327.7,3305.25,100366504.0,332528279062.56
2024-08-23,3305.93,3327.19,3336.24,3305.64,89525774.0,297869259995.06
2024-08-26,3330.72,3324.22,3336.53,3311.57,93990772.0,312446004097.83997
2024-08-27,3315.69,3305.33,3320.57,3299.56,95808157.0,316677575576.81
2024-08-28,3298.91,3286.5,3305.35,3274.59,92696650.0,304647540225.0
2024-08-29,3273.54,3277.68,3290.79,3269.53,130702333.0,428400422827.44
2024-08-30,3273.75,3321.43,3351.63,3273.65,188695443.0,626738705243.49
2024-09-02,3307.54,3265.01,3307.76,3264.76,147612353.0,481955808668.53
2024-09-03,3261.74,3273.43,3281.59,3261.19,122897306.0,402295728379.57996
2024-09-04,3253.9,3252.16,3272.99,3249.98,104832482.0,340932004661.12
2024-09-05,3252.96,3257.76,3266.88,3247.17,97109450.0,316359281832.0
2024-09-06,3261.15,3231.35,3274.81,3231.07,88400417.0,285652687472.95
2024-09-09,3214.8,3192.95,3222.93,3180.93,108673069.0,346987675663.55
2024-09-10,3193.46,3195.76,3205.1,3171.79,97290078.0,310915739669.28
2024-09-11,3187.05,3186.13,3197.34,3174.03,102482110.0,326521325134.3
2024-09-12,3189.43,3172.47,3201.55,3171.88,92868657.0,294623028272.79
2024-09-13,3174.03,3159.25,3188.91,3159.25,88336677.0,279077646812.25
2024-09-18,3158.82,3171.01,3179.9,3145.79,84722814.0,268656890422.14
2024-09-19,3178.4,3196.04,3213.84,3149.79,125439272.0,400908930882.88
2024-09-20,3192.43,3201.05,3207.99,3173.22,118064098.0,377929080902.9
2024-09-23,3200.87,3212.76,3230.16,3198.02,95344855.0,306320136349.80005
2024-09-24,3244.65,3351.91,3351.97,3222.49,204072217.0,684031704884.47
2024-09-25,3403.7,3401.53,3465.49,3393.44,241564255.0,821688060310.15
2024-09-26,3399.32,3545.32,3545.32,3391.68,243134010.0,861987868333.2001
2024-09-27,3617.92,3703.68,3708.5,3596.58,265487774.0,983281758808.32
2024-09-30,3846.65,4017.85,4038.7,3796.5,510217707.0,2049978214069.95
2024-10-08,4450.37,4256.1,4450.37,4094.35,589867894.0,2510536743653.4004
2024-10-09,4168.84,3955.98,4197.6,3942.51,482269295.0,1907847685634.1
2024-10-10,3979.61,3997.79,4098.5,3912.77,395053099.0,1579339328651.21
2024-10-11,3969.76,3887.17,3978.24,3847.12,274096505.0,1065459711340.85
2024-10-14,3915.22,3961.34,3979.54,3868.78,307578993.0,1218424968130.62
2024-10-15,3942.53,3855.99,3967.87,3855.99,242486448.0,935025318623.5199
2024-10-16,3806.14,3831.59,3877.75,3805.09,218866407.0,838606336397.13
2024-10-17,3853.84,3788.22,3882.07,3787.75,212313820.0,804291459200.3999
2024-10-18,3780.31,3925.23,3998.21,3765.16,312958834.0,1228435403981.82
2024-10-21,3946.9,3935.2,3979.26,3896.17,291185634.0,1145873706916.8
2024-10-22,3923.74,3957.78,3965.91,3917.52,223433396.0,884300226020.88
2024-10-23,3955.32,3973.21,4012.18,3939.1,245873949.0,976908832906.29
2024-10-24,3950.9,3928.83,3957.98,3914.09,174724062.0,686461136507.46
2024-10-25,3931.32,3956.42,3992.89,3921.94,210694885.0,833597456911.7001
2024-10-28,3953.11,3964.16,3964.16,3917.2,216160415.0,856894470726.4
2024-10-29,3970.01,3924.65,3991.31,3921.58,217293984.0,852802834305.6
2024-10-30,3904.16,3889.45,3926.06,3864.31,219436626.0,853487784995.7
2024-10-31,3888.42,3891.04,3923.9,3859.11,300636718.0,1169789495206.72
2024-11-01,3882.46,3890.02,3933.22,3879.96,307986481.0,1198073570819.6199
2024-11-04,3897.71,3944.76,3944.76,3891.21,229239060.0,904293074325.6001
2024-11-05,3937.62,4044.57,4046.7,3925.41,316862794.0,1281573750728.58
2024-11-06,4051.29,4024.28,4091.7,4002.5,335807938.0,1351385168734.6401
2024-11-07,3987.27,4145.7,4146.15,3984.67,341436414.0,1415492941519.8
2024-11-08,4192.08,4104.05,4200.91,4094.16,332350385.0,1363982597559.25
2024-11-11,4066.93,4131.13,4132.51,4048.04,289594227.0,1196351398986.51
2024-11-12,4133.35,4085.74,4181.71,4060.79,297778086.0,1216643837093.64
2024-11-13,4059.59,4110.89,4121.07,4059.59,240484099.0,988603677738.1101
2024-11-14,4101.22,4039.62,4118.17,4034.94,230152784.0,929729789302.08
2024-11-15,4025.65,3968.83,4049.07,3968.83,247399463.0,981886410738.29
2024-11-18,3982.1,3950.38,4034.06,3931.19,306777946.0,1211889462319.48
2024-11-19,3954.6,3976.89,3979.15,3896.75,242946465.0,966171367193.85
2024-11-20,3966.12,3985.77,4001.08,3958.34,184599372.0,735770638936.44
2024-11-21,3979.46,3989.3,3999.57,3966.07,166125927.0,662726160581.1
2024-11-22,3984.24,3865.7,3990.26,3865.7,216285809.0,836096051851.2999
2024-11-25,3875.61,3848.09,3889.71,3812.32,190702953.0,733842126409.77
2024-11-26,3836.26,3840.18,3875.23,3833.28,149892441.0,575613954079.38
2024-11-27,3829.34,3907.04,3907.16,3817.91,174136096.0,680356692515.84
2024-11-28,3904.25,3872.55,3908.39,3866.01,150117291.0,581336715262.05
2024-11-29,3869.89,3916.58,3962.7,3869.89,187656713.0,734972529001.54
2024-12-02,3909.7,3947.63,3955.13,3902.17,197289784.0,778827070011.92
2024-12-03,3946.7,3951.89,3963.95,3922.84,182496867.0,721207543728.63
2024-12-04,3948.13,3930.56,3957.37,3917.75,174626318.0,686379220478.08
2024-12-05,3916.56,3921.59,3936.34,3910.08,138534038.0,543273698080.42004
2024-12-06,3923.9,3973.14,3995.12,3923.9,192057907.0,763072952617.98
2024-12-09,3970.66,3966.57,3995.51,3948.42,175959958.0,697957490604.06
2024-12-10,4094.05,3995.64,4098.38,3988.97,253463795.0,1012750077853.7999
2024-12-11,3988.02,3988.83,4005.33,3977.35,177252846.0,707031469710.1799
2024-12-12,3987.15,4028.5,4031.74,3981.35,181621777.0,731663328644.5
2024-12-13,4000.99,3933.18,4000.99,3931.74,230353079.0,906020123261.22
2024-12-16,3930.78,3911.84,3938.76,3901.65,178511251.0,698307452111.84
2024-12-17,3908.13,3922.03,3955.95,3908.13,160939090.0,631207939152.7001
2024-12-18,3934.54,3941.89,3956.14,3933.97,157738321.0,621787110166.69
2024-12-19,3911.89,3945.46,3954.35,3899.75,161081040.0,635538800078.4
2024-12-20,3937.47,3927.74,3958.63,3923.26,154986496.0,608746659799.0399
2024-12-23,3928.15,3933.57,3965.85,3928.15,190067362.0,747643273142.3401
2024-12-24,3934.94,3983.69,3985.86,3934.73,161494589.0,643344379253.41
2024-12-25,3987.96,3985.63,4007.76,3969.48,159390747.0,635272542965.61
2024-12-26,3981.73,3987.48,3991.53,3965.55,143425286.0,571905459419.28
2024-12-27,3987.02,3981.03,4007.13,3970.94,169268666.0,673863637405.98
2024-12-30,3976.7,3999.05,4005.78,3976.7,164612485.0,658293558139.25
2024-12-31,3995.87,3934.91,4004.35,3934.91,183928397.0,723741688639.27
2025-01-02,3931.82,3820.4,3934.2,3796.34,217898724.0,832460285169.6
2025-01-03,3825.24,3775.16,3835.94,3767.67,175342676.0,661946656728.16
2025-01-06,3775.99,3768.97,3788.85,3743.07,150946670.0,568913470829.9
2025-01-07,3760.87,3796.11,3797.6,3749.06,146455779.0,555962247219.6901
2025-01-08,3781.26,3789.22,3810.74,3731.19,169166968.0,641010858484.96
2025-01-09,3780.73,3779.88,3795.26,3768.68,129794002.0,490605752279.76
2025-01-10,3778.89,3732.48,3786.81,3732.48,137523171.0,513302485294.08
2025-01-13,3704.44,3722.51,3737.89,3704.11,136446199.0,507922340239.49005
2025-01-14,3728.56,3820.54,3826.64,3718.88,170664657.0,652031148654.78
2025-01-15,3810.04,3796.03,3816.83,3790.17,141475520.0,537045318185.60004
2025-01-16,3812.19,3800.38,3842.95,3776.29,144505871.0,549177222030.98004
2025-01-17,3788.37,3812.34,3831.64,3780.21,126621961.0,482725966798.74
2025-01-20,3835.3,3829.68,3858.67,3821.98,139581277.0,534551624901.36
2025-01-21,3850.36,3832.61,3850.91,3817.12,141218406.0,541235075019.66003
2025-01-22,3823.94,3797.02,3823.94,3783.14,137255062.0,521160215515.24
2025-01-23,3829.05,3803.74,3864.26,3801.85,180569551.0,686839623920.74
2025-01-24,3793.85,3832.86,3847.6,3793.48,148971722.0,570987754384.92
2025-01-27,3836.96,3817.08,3852.0,3817.08,146670772.0,559854070385.76
2025-02-05,3844.7,3795.08,3844.7,3785.16,157168308.0,596466302324.64
2025-02-06,3789.61,3842.83,3843.49,3788.32,167288176.0,642860021378.08
2025-02-07,3844.06,3892.7,3919.35,3833.87,221857707.0,863625496038.8999
2025-02-10,3898.1,3901.06,3906.37,3878.83,188903040.0,736922093222.4
2025-02-11,3905.16,3883.14,3905.16,3872.91,166574909.0,646833692134.26
2025-02-12,3875.96,3919.86,3920.72,3867.35,164228540.0,643752884804.4
2025-02-13,3913.9,3905.14,3939.2,3904.98,172485874.0,673581485992.36
2025-02-14,3900.83,3939.01,3942.04,3900.83,172976452.0,681355974192.52
2025-02-17,3954.41,3947.4,3955.9,3921.7,213588246.0,843118242260.4
2025-02-18,3942.58,3912.78,3965.42,3901.87,209425101.0,819434346690.78
2025-02-19,3906.22,3940.16,3943.67,3904.15,182829517.0,720377549702.72
2025-02-20,3934.65,3928.9,3940.68,3916.18,163895236.0,643927992720.4
2025-02-21,3938.05,3978.44,3981.05,3927.79,227400330.0,904698568885.2001
2025-02-24,3972.48,3969.72,3995.95,3949.23,220810618.0,876556326486.96
2025-02-25,3933.64,3925.65,3955.43,3915.65,178108580.0,699191947077.0
2025-02-26,3931.84,3959.94,3960.33,3925.37,191062501.0,756596040209.9401
2025-02-27,3961.06,3968.12,3973.93,3933.46,202887963.0,805083783739.5599
2025-02-28,3950.19,3890.05,3972.48,3886.4,198104147.0,770635037037.35
2025-03-03,3899.7,3888.47,3930.0,3872.59,177623166.0,690682352296.02
2025-03-04,3865.99,3885.22,3890.42,3855.73,149850967.0,582203974007.74
2025-03-05,3887.8,3902.57,3906.42,3877.02,158652751.0,619153466470.0701
2025-03-06,3923.38,3956.24,3964.49,3917.08,193960915.0,767355930359.6
2025-03-07,3944.91,3944.01,3967.07,3935.05,166732375.0,657594154323.75
2025-03-10,3945.58,3928.8,3949.14,3905.13,152765232.0,600184043481.6
2025-03-11,3890.43,3941.42,3941.42,3889.43,144754402.0,570537895130.84
2025-03-12,3946.86,3927.23,3953.61,3921.47,156732190.0,615523358533.7
2025-03-13,3925.74,3911.58,3939.29,3897.38,156536443.0,612304819709.94
2025-03-14,3919.62,4006.56,4014.16,3919.62,216139003.0,865973883859.6799
2025-03-17,4020.64,3996.79,4021.73,3992.26,162202911.0,648290972655.69
2025-03-18,4011.78,4007.72,4016.87,3995.96,140208496.0,561916393589.12
2025-03-19,4004.83,4010.17,4025.3,3989.51,144419428.0,579146457582.76
2025-03-20,4011.06,3974.99,4012.04,3969.93,133754670.0,531673475703.3
2025-03-21,3966.51,3914.7,3983.15,3904.77,165905294.0,649469454421.7999
2025-03-24,3916.11,3934.85,3938.18,3907.2,152234674.0,599020606988.9
2025-03-25,3937.9,3932.3,3946.36,3921.53,140475399.0,552391411487.7001
2025-03-26,3930.21,3919.36,3942.03,3916.86,131164187.0,514079667960.32
2025-03-27,3911.38,3932.41,3952.99,3903.65,126793738.0,498604963248.57996
2025-03-28,3930.78,3915.17,3934.23,3907.38,126356214.0,494706058366.38
2025-03-31,3905.98,3887.31,3928.45,3872.4,166798523.0,648397566443.13
2025-04-01,3892.78,3887.68,3905.26,3882.4,140380274.0,545753583624.32
2025-04-02,3884.42,3884.39,3900.49,3877.16,113043175.0,439103778538.25
2025-04-03,3843.42,3861.5,3883.7,3843.42,142599789.0,550649085223.5
2025-04-07,3675.2,3589.44,3707.78,3514.12,312578586.0,1121982079731.84
2025-04-08,3597.99,3650.76,3650.76,3583.87,280197312.0,1022933138757.1201
2025-04-09,3606.1,3686.79,3686.79,3587.34,262305708.0,967066061197.32
2025-04-10,3749.13,3735.12,3756.14,3708.82,227252227.0,848814338112.24
2025-04-11,3730.31,3750.52,3762.37,3708.46,168759691.0,632936596289.32
2025-04-14,3772.04,3759.14,3776.63,3754.03,164462403.0,618237197613.4199
2025-04-15,3756.48,3761.23,3764.49,3737.85,134006040.0,504027537829.2
2025-04-16,3757.88,3772.82,3775.17,3721.6,156359006.0,589914385016.92
2025-04-17,3755.09,3772.22,3779.13,3749.5,122371002.0,461610341164.44
2025-04-18,3760.04,3772.52,3782.04,3754.41,102948509.0,388375309172.68
2025-04-21,3768.14,3784.88,3790.18,3763.14,121355730.0,459316875362.4
2025-04-22,3780.11,3783.95,3799.23,3778.08,125688257.0,475598080075.14996
2025-04-23,3803.43,3786.88,3807.95,3780.52,131986870.0,499818438265.60004
2025-04-24,3787.46,3784.36,3807.26,3775.21,117164560.0,443392874281.60004
2025-04-25,3792.08,3786.99,3801.58,3780.78,124591133.0,471825374759.67
2025-04-28,3786.39,3781.62,3792.01,3772.8,125145091.0,473251179027.42
2025-04-29,3776.0,3775.08,3785.32,3768.03,111514694.0,420976891025.52
2025-04-30,3775.83,3770.57,3787.56,3768.76,143681658.0,541761749205.06
2025-05-06,3794.38,3808.54,3809.09,3782.78,158520459.0,603731508919.86
2025-05-07,3861.58,3831.63,3863.68,3814.99,161172299.0,617552616017.37
2025-05-08,3820.55,3852.9,3867.33,3816.26,124959833.0,481457740565.7
2025-05-09,3848.62,3846.16,3853.66,3836.53,119389526.0,459191219320.16
2025-05-12,3866.53,3890.61,3890.73,3859.03,153332460.0,596556802200.6
2025-05-13,3915.59,3896.26,3915.59,3890.69,147320299.0,573998188181.74
2025-05-14,3894.84,3943.21,3960.52,3890.65,172033779.0,678365317690.59
2025-05-15,3934.03,3907.2,3936.47,3904.91,138081749.0,539513009692.8
2025-05-16,3898.67,3889.09,3903.85,3874.86,118405345.0,460489043186.05
2025-05-19,3882.57,3877.15,3885.59,3866.57,98643414.0,382455312590.10004
2025-05-20,3883.1,3898.17,3911.47,3881.74,104885234.0,408860472621.78
2025-05-21,3899.44,3916.38,3928.63,3899.44,109791343.0,429984619898.34
2025-05-22,3912.6,3913.87,3923.02,3903.09,107597052.0,421120873911.24
2025-05-23,3910.37,3882.27,3931.55,3882.27,120277419.0,466949415461.13
2025-05-26,3875.79,3860.11,3884.54,3849.04,109601207.0,423072715152.77
2025-05-27,3857.63,3839.4,3865.43,3834.85,98572425.0,378458968545.0
2025-05-28,3843.07,3836.24,3849.74,3833.96,89031026.0,341544383182.24
2025-05-29,3838.01,3858.7,3869.79,3831.46,108471886.0,418560466508.19995
2025-05-30,3850.49,3840.23,3858.61,3829.25,111672228.0,428847040132.44
2025-06-03,3833.46,3852.01,3863.3,3832.72,131403090.0,506166016710.9
2025-06-04,3855.49,3868.74,3875.86,3855.49,116803873.0,451883815630.01996
2025-06-05,3872.64,3877.56,3883.13,3861.27,122878184.0,476467531151.04
2025-06-06,3878.1,3873.98,3889.46,3869.39,110987971.0,429965179894.58
2025-06-09,3877.8,3885.25,3894.65,3871.99,136306293.0,529584024878.25
2025-06-10,3887.55,3865.47,3897.46,3850.47,145563859.0,562672730048.73
2025-06-11,3870.67,3894.63,3911.61,3870.67,142414772.0,554652843474.36
2025-06-12,3885.52,3892.2,3900.04,3870.38,133998697.0,521549728463.39996
2025-06-13,3881.49,3864.18,3889.16,3853.82,172539536.0,666723824220.48
2025-06-16,3853.62,3873.8,3876.17,3853.62,137341835.0,532034800423.0
2025-06-17,3875.18,3870.38,3880.42,3860.41,122342526.0,473512065779.88
2025-06-18,3871.65,3874.97,3881.35,3854.66,127528621.0,494169580516.37
2025-06-19,3870.05,3843.09,3872.94,3834.95,130280658.0,500680293953.22003
2025-06-20,3839.78,3846.64,3856.48,3839.78,118151020.0,454484439572.8
2025-06-23,3831.17,3857.9,3867.59,3827.08,133800892.0,516190461246.8
2025-06-24,3862.39,3904.03,3914.16,3862.39,163656188.0,638918667637.64
2025-06-25,3907.07,3960.07,3963.04,3902.18,187213671.0,741379242116.97
2025-06-26,3953.16,3946.02,3964.48,3945.26,165316263.0,652341280123.26
2025-06-27,3949.79,3921.76,3969.26,3918.2,194557913.0,763009440886.88
2025-06-30,3920.31,3936.08,3940.36,3911.6,145170236.0,571401662514.88
2025-07-01,3935.91,3942.76,3946.25,3924.72,128959362.0,508455814119.12006
2025-07-02,3943.32,3943.68,3952.14,3929.7,147063062.0,579969656348.16
2025-07-03,3949.4,3968.07,3971.62,3945.14,141004006.0,559513766088.42
2025-07-04,3967.46,3982.2,4013.85,3958.38,157197133.0,625990423032.6
2025-07-07,3977.29,3965.17,3979.75,3956.57,131135273.0,519973650441.41003
2025-07-08,3965.43,3998.45,4002.27,3965.43,156402895.0,625369155512.75
2025-07-09,3997.5,3991.4,4016.74,3987.43,173293796.0,691684857354.4
2025-07-10,3993.42,4010.02,4032.98,3992.52,209778904.0,841217600618.08
2025-07-11,4011.47,4014.81,4065.94,4010.11,262052773.0,1052092093568.13
2025-07-14,4021.21,4017.67,4034.92,4017.67,207917175.0,835342596482.25
2025-07-15,4023.99,4019.06,4042.66,3994.26,191042931.0,767813002264.86
2025-07-16,4019.39,4007.2,4027.86,3993.92,151027308.0,605196628617.6
2025-07-17,4005.07,4034.49,4034.59,4005.07,161249041.0,650557643424.09
2025-07-18,4039.87,4058.55,4064.64,4039.32,186211063.0,755746909738.65
2025-07-21,4069.77,4085.61,4086.12,4063.44,223268476.0,912187918230.36
2025-07-22,4087.34,4118.96,4119.2,4068.34,257596985.0,1061031677335.6
2025-07-23,4129.15,4119.77,4155.68,4113.91,300506154.0,1238016238064.58
2025-07-24,4116.83,4149.04,4152.43,4111.88,319632392.0,1326167579703.68
2025-07-25,4145.32,4127.16,4150.5,4117.8,273594963.0,1129170187495.08
2025-07-28,4128.2,4135.82,4146.12,4112.97,222759815.0,921294498073.2999
2025-07-29,4132.68,4152.02,4153.33,4117.58,230807880.0,958318933917.6001
2025-07-30,4148.94,4151.24,4185.21,4127.43,249853048.0,1037199966979.5199
2025-07-31,4141.56,4075.59,4141.82,4063.67,267087406.0,1088538761019.54
2025-08-01,4069.93,4054.93,4085.35,4040.46,196221826.0,795665768902.1799
2025-08-04,4037.94,4070.7,4070.7,4037.94,162275902.0,660576514271.4
2025-08-05,4080.39,4103.45,4106.3,4075.58,178851999.0,733910235296.5499
2025-08-06,4100.43,4113.49,4116.71,4098.35,176676155.0,726755596830.95
2025-08-07,4120.28,4114.67,4129.74,4094.82,198641902.0,817345874902.34
2025-08-08,4109.27,4104.97,4122.21,4097.42,173171201.0,710862584968.9701
2025-08-11,4110.29,4122.51,4134.25,4103.6,190443716.0,785106123647.16
2025-08-12,4123.58,4143.83,4153.29,4121.22,177287823.0,734650599582.09
2025-08-13,4150.5,4176.58,4186.75,4147.2,213934999.0,893516638123.42
2025-08-14,4179.97,4173.31,4220.31,4165.94,221103595.0,922733844049.4501
2025-08-15,4162.42,4202.35,4214.73,4157.5,261327566.0,1098189896980.1001
2025-08-18,4218.25,4239.41,4272.96,4203.42,301479102.0,1278093519809.82
2025-08-19,4241.77,4223.37,4264.23,4215.21,250818771.0,1059300472878.27
2025-08-20,4208.4,4271.4,4272.15,4190.56,246481773.0,1052822245192.2
2025-08-21,4284.37,4288.07,4308.45,4273.65,259030014.0,1110738832132.98
2025-08-22,4287.36,4378.0,4378.39,4287.36,290434897.0,1271523979066.0
2025-08-25,4416.29,4469.22,4472.65,4404.78,358090006.0,1600383016615.32
2025-08-26,4453.35,4452.59,4476.8,4435.53,270621395.0,1204966117163.05
2025-08-27,4458.84,4386.13,4494.91,4386.13,333133898.0,1461168584034.74
2025-08-28,4378.04,4463.78,4464.8,4364.17,296834536.0,1325004065106.0798
2025-08-29,4455.8,4496.76,4516.84,4452.36,351938947.0,1582584979311.72
2025-09-01,4516.88,4523.71,4528.13,4487.53,320366708.0,1449246080646.68
2025-09-02,4521.98,4490.45,4548.89,4454.42,303932566.0,1364793990994.7
2025-09-03,4501.34,4459.83,4510.73,4427.52,254320217.0,1134224933383.1099
2025-09-04,4461.25,4365.21,4465.5,4327.51,307934609.0,1344199234552.89
2025-09-05,4365.61,4460.32,4466.56,4350.3,249625657.0,1113410310430.24
2025-09-08,4467.17,4467.57,4482.76,4438.07,267638382.0,1195693206271.74
2025-09-09,4448.74,4436.26,4472.09,4412.69,221375460.0,982079098179.6001
2025-09-10,4438.3,4445.36,4466.63,4414.59,203597646.0,905064831622.5599
2025-09-11,4438.84,4548.03,4548.03,4427.92,253264051.0,1151852501869.53
2025-09-12,4544.59,4522.0,4564.67,4517.79,266442003.0,1204850737566.0
2025-09-15,4534.89,4533.06,4566.91,4522.5,231885678.0,1051151691514.68
2025-09-16,4539.92,4523.34,4552.42,4494.79,249269206.0,1127529370268.04
2025-09-17,4517.29,4551.02,4556.03,4503.8,235716472.0,1072750378401.4401
2025-09-18,4546.03,4498.11,4573.83,4454.99,309859826.0,1393783581928.8599
2025-09-19,4499.09,4501.92,4533.09,4491.84,225044000.0,1013130084480.0
2025-09-22,4512.03,4522.61,4523.87,4487.13,196459956.0,888511761605.1599
2025-09-23,4536.76,4519.78,4560.73,4459.73,252827062.0,1142722698286.3599
2025-09-24,4495.27,4566.07,4567.49,4494.11,220482608.0,1006739021910.5599
2025-09-25,4563.98,4593.49,4613.95,4558.84,229823333.0,1055691181902.1699
2025-09-26,4576.91,4550.05,4597.85,4550.05,208482114.0,948604042805.7001
2025-09-29,4555.03,4620.05,4647.57,4541.43,274358877.0,1267551729683.85
2025-09-30,4629.9,4640.69,4647.5,4616.22,247980359.0,1150799972207.71
2025-10-09,4662.11,4709.48,4726.34,4651.99,347678696.0,1637385865238.0798
2025-10-10,4679.5,4616.83,4692.59,4600.96,319020899.0,1472865257130.17
2025-10-13,4490.87,4593.98,4601.81,4490.87,315010354.0,1447151266068.92
2025-10-14,4634.05,4539.06,4641.45,4520.93,372954030.0,1692860719411.8
2025-10-15,4544.24,4606.29,4608.82,4526.83,284771855.0,1311741747967.95
2025-10-16,4588.92,4618.42,4645.1,4586.28,248235518.0,1146455881041.56
2025-10-17,4610.7,4514.23,4618.56,4509.33,256905617.0,1159731043429.91
2025-10-20,4558.24,4538.22,4570.44,4520.5,218420405.0,991239850379.1001
2025-10-21,4556.12,4607.87,4615.46,4547.93,215711175.0,993969051947.25
2025-10-22,4576.03,4592.57,4603.49,4567.24,185333960.0,851159184677.2
2025-10-23,4578.7,4606.34,4611.34,4541.69,200463917.0,923404959433.78
2025-10-24,4622.79,4660.68,4660.68,4622.79,208814483.0,973217484628.4401
2025-10-27,4699.38,4716.02,4720.43,4687.69,262200674.0,1236543622597.4802
2025-10-28,4697.73,4691.97,4734.32,4679.23,220906645.0,1036487351140.65
2025-10-29,4701.04,4747.84,4747.84,4697.27,246211324.0,1168971972540.1602
2025-10-30,4735.98,4709.91,4761.83,4706.45,273289118.0,1287167149759.38
2025-10-31,4702.49,4640.67,4706.14,4640.67,281464740.0,1306184974975.8
2025-11-03,4636.73,4653.4,4653.4,4595.73,239869809.0,1116210169200.5999
2025-11-04,4649.35,4618.7,4665.32,4595.07,233224032.0,1077191836598.3999
2025-11-05,4562.11,4627.26,4642.61,4558.76,203045871.0,939546037043.4601
2025-11-06,4642.01,4693.4,4698.09,4642.01,224241008.0,1052452746947.2
2025-11-07,4673.76,4678.79,4701.37,4666.04,212497377.0,994230602533.83
2025-11-10,4688.12,4695.05,4695.18,4654.21,236026764.0,1108157458318.2
2025-11-11,4706.34,4652.17,4707.13,4648.49,186638858.0,868275696021.86
2025-11-12,4643.56,4645.91,4669.61,4620.99,209460592.0,973135058978.72
2025-11-13,4643.79,4702.07,4703.49,4643.79,207367474.0,975056378471.1799
2025-11-14,4663.32,4628.14,4684.26,4628.02,192092676.0,889031797502.64
2025-11-17,4616.81,4598.05,4624.9,4580.26,188955466.0,868826680441.3
2025-11-18,4584.79,4568.19,4606.62,4552.8,177713185.0,811827594585.1499
2025-11-19,4568.04,4588.29,4607.86,4568.04,172924974.0,793429928954.46
2025-11-20,4619.54,4564.95,4620.65,4560.18,194562593.0,888168508915.35
2025-11-21,4513.39,4453.61,4527.04,4453.18,222851013.0,992491500006.9299
2025-11-24,4473.16,4448.05,4478.81,4421.81,185833729.0,826597718278.4501
2025-11-25,4475.84,4490.4,4510.77,4467.35,169571929.0,761445789981.6
2025-11-26,4490.2,4517.63,4538.14,4485.7,156200368.0,705655468487.84
2025-11-27,4520.01,4515.4,4559.22,4509.86,150311772.0,678717775288.7999
2025-11-28,4511.5,4526.66,4531.72,4492.43,142902096.0,646869201879.36
2025-12-01,4539.19,4576.49,4576.97,4531.29,200382317.0,917047669927.33
2025-12-02,4571.91,4554.33,4575.49,4539.43,148493132.0,676286725861.5599
2025-12-03,4554.59,4531.05,4569.82,4523.5,169762790.0,769203689629.5
2025-12-04,4533.6,4546.57,4557.42,4514.19,147198110.0,669246510982.7
2025-12-05,4547.91,4584.54,4593.83,4535.02,196799968.0,902237325294.72
2025-12-08,4593.14,4621.75,4640.63,4592.74,199620990.0,922598310532.5
2025-12-09,4611.38,4598.22,4628.7,4584.25,184160344.0,846809776987.68
2025-12-10,4586.25,4591.83,4598.54,4549.08,169111106.0,776529449863.98
2025-12-11,4597.19,4552.18,4610.28,4547.14,168419405.0,766675447052.9
2025-12-12,4558.74,4580.95,4583.68,4530.78,212826520.0,974947646794.0
2025-12-15,4550.0,4552.06,4595.05,4548.44,167589967.0,762879585182.02
2025-12-16,4542.42,4497.55,4553.08,4484.27,165165201.0,742838749757.55
2025-12-17,4499.77,4579.88,4594.66,4498.93,178424830.0,817164310420.4
2025-12-18,4553.98,4552.79,4571.97,4544.14,151681328.0,690573233305.12
2025-12-19,4561.37,4568.18,4591.09,4546.85,154876220.0,707502450679.6001
2025-12-22,4587.67,4611.62,4615.87,4587.67,165252856.0,762083375786.72
2025-12-23,4616.03,4620.73,4644.53,4607.8,169256412.0,782088180620.7599
2025-12-24,4623.68,4634.06,4639.43,4602.14,153711241.0,712307113468.4601
2025-12-25,4629.32,4642.54,4651.15,4621.92,139434186.0,647328785872.44
2025-12-26,4639.79,4657.24,4676.13,4635.11,175396565.0,816863898380.6
2025-12-29,4658.27,4639.37,4672.04,4629.06,200397133.0,929716446926.21
2025-12-30,4617.32,4651.28,4664.33,4616.63,180374974.0,838974509066.72
2025-12-31,4656.48,4629.94,4667.05,4622.1,170760224.0,790609591506.5599
2026-01-05,4661.62,4717.75,4721.64,4661.62,234144839.0,1104636814192.25
2026-01-06,4719.21,4790.69,4790.69,4718.01,296970686.0,1422694495713.3398
2026-01-07,4796.93,4776.67,4802.6,4751.07,259095564.0,1237614007691.8801
2026-01-08,4761.01,4737.65,4765.49,4717.01,238804957.0,1131374304531.0498
2026-01-09,4725.96,4758.92,4771.43,4719.13,254688038.0,1212039997798.96
2026-01-12,4769.65,4789.92,4795.93,4737.57,294833165.0,1412227273696.8
2026-01-13,4798.05,4761.03,4836.95,4745.52,301449497.0,1435210098701.91
2026-01-14,4767.7,4741.93,4818.1,4720.25,364951023.0,1730572204494.3901
2026-01-15,4721.8,4751.43,4769.55,4720.94,254003636.0,1206880496199.48
2026-01-16,4778.43,4731.87,4792.55,4715.36,325278929.0,1539177605767.23
2026-01-19,4720.19,4734.46,4761.63,4715.09,267612492.0,1267000638874.32
2026-01-20,4736.91,4718.88,4748.23,4684.97,282719579.0,1334119766951.52
2026-01-21,4714.55,4723.07,4758.28,4714.24,266353332.0,1258005431769.24
2026-01-22,4741.75,4723.71,4757.76,4700.45,274199932.0,1295240960787.72
2026-01-23,4729.59,4702.5,4734.79,4684.62,314635445.0,1479573180112.5
2026-01-26,4715.38,4706.96,4754.18,4693.16,363004481.0,1708647571887.76
2026-01-27,4705.17,4705.69,4736.99,4675.64,301475697.0,1418651172615.93
2026-01-28,4725.6,4717.99,4739.63,4697.91,382255602.0,1803478107679.98
2026-01-29,4733.09,4753.87,4770.96,4696.05,415513055.0,1975295046772.8499
2026-01-30,4723.08,4706.34,4738.87,4645.47,319786531.0,1505024142306.54
2026-02-02,4674.28,4605.98,4716.61,4601.76,304773500.0,1403780645529.9998
2026-02-03,4648.36,4660.11,4662.13,4578.21,265549405.0,1237489437734.5498
2026-02-04,4647.97,4698.68,4701.48,4641.84,264881032.0,1244591207437.76
2026-02-05,4664.75,4670.42,4687.02,4639.43,237856351.0,1110889058837.42
2026-02-06,4622.97,4643.6,4678.26,4606.64,202716477.0,941334232597.2001
2026-02-09,4693.67,4719.06,4719.96,4679.9,207251938.0,978034330538.28
2026-02-10,4718.26,4724.3,4732.09,4713.87,187000958.0,883448625879.4
2026-02-11,4715.67,4713.82,4723.7,4703.69,173391681.0,817337173731.4199
2026-02-12,4720.01,4719.58,4726.04,4707.74,197841439.0,933728498675.62
2026-02-13,4693.41,4660.41,4703.63,4658.4,189167756.0,881599301739.96
2026-02-24,4727.3,4707.54,4727.37,4698.35,218488890.0,1028545189230.6
2026-02-25,4713.58,4735.89,4766.56,4713.34,284268354.0,1346263655025.06
2026-02-26,4741.39,4726.87,4742.15,4706.69,234847644.0,1110094282994.28
2026-02-27,4698.3,4710.65,4721.01,4692.89,261420865.0,1231462197712.25
2026-03-02,4681.01,4728.67,4735.41,4667.28,349260752.0,1651538840159.84
2026-03-03,4737.32,4655.9,4744.6,4651.4,370624272.0,1725589548004.7998
2026-03-04,4609.19,4602.62,4639.42,4575.82,303035666.0,1394758017044.92
2026-03-05,4651.94,4647.69,4671.53,4630.3,259317825.0,1205228862074.25
2026-03-06,4621.49,4660.44,4671.71,4612.79,238527926.0,1111645087447.44
2026-03-09,4600.25,4615.46,4625.98,4548.97,322787617.0,1489813334758.82
2026-03-10,4648.79,4674.76,4677.6,4648.79,263903748.0,1233686685000.48
2026-03-11,4681.03,4704.5,4711.87,4674.71,270175443.0,1271040371593.5
2026-03-12,4700.72,4687.56,4704.38,4654.31,302986816.0,1420268879208.9602
2026-03-13,4669.06,4669.14,4707.42,4659.5,310772009.0,1451038018102.26
2026-03-16,4669.22,4671.56,4673.69,4621.81,296215070.0,1383786472409.2002
2026-03-17,4685.57,4637.44,4720.86,4637.37,263021913.0,1219748340222.72
2026-03-18,4648.75,4658.33,4662.29,4604.52,234690705.0,1093266751822.65
2026-03-19,4611.44,4583.25,4634.55,4570.39,254130449.0,1164743380379.25
2026-03-20,4602.82,4567.02,4628.71,4563.07,257873703.0,1177714359075.06
2026-03-23,4499.1,4418.0,4514.72,4397.57,328081945.0,1449466033010.0
2026-03-24,4458.91,4474.72,4474.83,4394.29,255532517.0,1143436464470.24
2026-03-25,4506.62,4537.47,4542.18,4502.03,262639279.0,1191717849284.1301
2026-03-26,4525.33,4477.53,4541.05,4468.96,213736788.0,957012880373.6399
2026-03-27,4431.5,4502.57,4519.89,4431.42,192400388.0,866296214997.1599
2026-03-30,4461.74,4491.95,4496.41,4447.14,209293092.0,940134104609.3999
2026-03-31,4491.92,4450.05,4523.17,4450.05,224541585.0,999221280329.25
2026-04-01,4517.27,4526.07,4532.11,4492.05,216483196.0,979818098919.72
2026-04-02,4514.44,4478.91,4519.69,4459.61,190992161.0,855436699824.51
2026-04-03,4492.85,4440.79,4494.46,4437.6,168321705.0,747481344346.95
2026-04-07,4445.86,4440.62,4458.93,4420.69,162638787.0,722217050327.94
2026-04-08,4517.34,4595.56,4595.56,4513.77,253339213.0,1164235553694.28
2026-04-09,4562.67,4566.22,4579.2,4552.42,184939783.0,844475735930.26
2026-04-10,4594.95,4636.57,4655.1,4590.11,208678605.0,967552959584.85
2026-04-13,4615.13,4646.15,4653.4,4615.13,196712277.0,913954745783.5499
2026-04-14,4676.12,4701.28,4701.28,4654.85,204700332.0,962353576824.96
2026-04-15,4726.64,4685.25,4731.27,4672.56,201688500.0,944961044625.0
2026-04-16,4694.43,4736.61,4739.22,4689.41,192057600.0,909701948735.9999
2026-04-17,4729.0,4728.67,4738.32,4714.47,182915336.0,864946261883.12
2026-04-20,4727.17,4757.44,4763.04,4720.69,221633494.0,1054408049695.3599
2026-04-21,4750.51,4768.0,4776.83,4722.01,205614058.0,980367828544.0
2026-04-22,4751.28,4799.63,4801.45,4750.35,204481830.0,981437125722.9
2026-04-23,4816.03,4786.33,4823.47,4759.86,232865736.0,1114572258188.88
2026-04-24,4771.73,4769.37,4786.44,4735.61,193798314.0,924295864842.1799
2026-04-27,4776.34,4770.95,4795.17,4762.64,192796550.0,919822700222.5
2026-04-28,4757.08,4758.21,4778.19,4743.44,216724233.0,1031219412702.93
2026-04-29,4737.58,4810.35,4813.61,4737.11,233298110.0,1122245563438.5
2026-04-30,4820.97,4807.31,4829.27,4797.54,250633370.0,1204872305934.7002
2026-05-06,4857.65,4877.09,4892.8,4834.28,274443880.0,1338487502709.2
2026-05-07,4895.8,4900.51,4901.86,4866.87,257833972.0,1263517958125.72
2026-05-08,4871.12,4871.91,4887.21,4849.99,251720996.0,1226362037622.3599
2026-05-11,4902.28,4951.84,4960.4,4889.57,305734801.0,1513949816983.84
2026-05-12,4965.02,4948.05,4971.3,4926.79,273812001.0,1354835471548.05
2026-05-13,4919.42,4998.34,5001.12,4919.42,268454537.0,1341827050468.58
2026-05-14,5027.64,4914.6,5030.52,4913.6,280695379.0,1379505509633.4001
2026-05-15,4911.62,4859.59,4935.62,4832.69,276967769.0,1345949800554.71
2026-05-18,4836.33,4833.52,4868.6,4806.15,239077587.0,1155586298316.24
2026-05-19,4818.71,4852.88,4854.52,4773.53,232280852.0,1127231101053.76
2026-05-20,4829.61,4850.7,4866.21,4825.64,220023206.0,1067266565344.2
2026-05-21,4886.24,4783.1,4937.93,4780.71,287342507.0,1374387945231.7002
2026-05-22,4818.84,4845.1,4851.35,4785.35,286940435.0,1390255101618.5
2026-05-25,4873.2,4921.6,4922.44,4857.13,264743236.0,1302960310297.6
2026-05-26,4900.12,4947.85,4952.74,4892.68,302799476.0,1498206387326.6
2026-05-27,4940.95,4908.17,4974.21,4891.34,301709175.0,1480839921459.75
2026-05-28,4889.27,4914.21,4922.33,4843.23,267432731.0,1314220601007.51
2026-05-29,4937.51,4892.12,4954.07,4878.79,332518610.0,1626720942353.2
2026-06-01,4897.9,4844.26,4918.79,4836.69,296134051.0,1434550337897.26
2026-06-02,4860.61,4914.56,4930.28,4832.0,281731662.0,1384587156798.7202
2026-06-03,4921.34,4938.81,4991.85,4904.9,304035947.0,1501575775403.07
2026-06-04,4897.32,4904.75,4938.78,4889.75,264808910.0,1298821501322.5
2026-06-05,4886.96,4816.92,4924.34,4798.91,301929336.0,1454369457165.12
2026-06-08,4703.77,4713.64,4779.86,4677.57,299647565.0,1412430748286.6
2026-06-09,4743.45,4801.81,4802.5,4715.39,258391601.0,1240747373597.81
2026-06-10,4753.12,4748.59,4786.52,4718.99,259297109.0,1231295658826.31
2026-06-11,4730.07,4722.41,4766.17,4685.5,247177059.0,1167271415192.19
2026-06-12,4784.64,4777.32,4809.86,4757.56,335922063.0,1604807190011.16
2026-06-15,4829.29,4891.71,4892.55,4803.18,331316076.0,1620702162129.96
2026-06-16,4894.88,4884.23,4908.28,4866.06,282584743.0,1380208879302.89
2026-06-17,4859.7,4931.39,4933.93,4859.7,276053950.0,1361329688490.5
2026-06-18,4916.04,4941.6,4976.89,4916.04,334459902.0,1652767051723.2002
2026-06-22,4949.35,5059.66,5061.51,4928.46,375100124.0,1897879093397.8398
2026-06-23,5048.03,4919.39,5064.27,4892.09,342719336.0,1685970074325.04
2026-06-24,4900.38,4943.02,4953.23,4892.27,312249025.0,1543453175555.5002
2026-06-25,4950.98,5020.1,5032.0,4944.88,346664289.0,1740289397208.9001
2026-06-26,4981.83,4868.22,4981.98,4845.19,341179238.0,1660935590016.36
2026-06-29,4866.04,4926.92,4928.6,4827.15,323216134.0,1592460034927.28
2026-06-30,4914.49,4979.43,4987.56,4914.49,306150226.0,1524453619851.1802
2026-07-01,4972.69,4958.98,5017.38,4925.63,342934747.0,1700606551678.0598
2026-07-02,4865.17,4812.3,4896.99,4800.48,343243758.0,1651791936623.4001
2026-07-03,4809.5,4842.17,4890.97,4809.5,301067568.0,1457820345742.56
2026-07-06,4868.54,4842.0,4878.32,4789.8,294050543.0,1423792729206.0
2026-07-07,4813.87,4792.26,4839.51,4756.73,246305999.0,1180362386767.74
2026-07-08,4804.48,4755.53,4830.05,4751.4,243928749.0,1160010483731.97
2026-07-09,4774.4,4876.31,4882.85,4734.87,281627705.0,1373303994168.55
2026-07-10,4887.54,4780.79,4906.49,4780.75,304130286.0,1453983030005.94
2026-07-13,4745.44,4695.38,4775.24,4670.25,278634853.0,1308296516079.1401
2026-07-14,4691.12,4796.5,4796.5,4649.04,283250986.0,1358613354349.0
2026-07-15,4797.94,4786.78,4826.86,4772.04,278692669.0,1334040494115.8198
2026-07-16,4711.53,4698.43,4771.06,4673.35,251560977.0,1181941641166.11
2026-07-17,4661.62,4529.1,4663.53,4492.09,302629886.0,1370641016682.6
2026-07-20,4575.67,4598.32,4628.8,4521.18,333116058.0,1531774231822.5598
2026-07-21,4630.85,4739.23,4739.23,4566.28,345403590.0,1636947055835.7
2026-07-22,4710.66,4717.24,4772.08,4692.83,285556357.0,1347037869494.68
2026-07-23,4735.17,4728.0,4737.51,4698.87,247331675.0,1169384159400.0
2026-07-24,4685.41,4649.19,4704.08,4642.94,221261212.0,1028685414218.2799
2026-07-27,4656.03,4702.43,4702.52,4615.53,204786941.0,962996254966.63
2026-07-28,4623.8,4569.52,4646.49,4552.23,215705045.0,985668517228.4001
2026-07-29,4582.09,4600.26,4626.71,4516.32,248082357.0,1141243343612.82
2026-07-30,4566.05,4549.72,4596.21,4478.21,274651130.0,1249585739183.6
2026-07-31,4623.85,4588.2,4635.59,4588.2,279243698.0,1281225935163.5999
2026-08-03,4561.82,4543.18,4572.59,4529.19,232042584.0,1054211226777.1201
2026-08-04,4566.94,4600.93,4613.69,4555.25,242073611.0,1113763739058.23
2026-08-05,4550.19,4658.15,4679.86,4550.19,276921919.0,1289943836989.8499
2026-08-06,4621.8,4651.31,4675.65,4611.07,247510730.0,1151249133556.3
2026-08-07,4656.1,4694.44,4706.73,4649.58,239072020.0,1122309253568.7998
2026-08-10,4698.82,4702.02,4714.46,4659.47,213075996.0,1001887594711.92
2026-08-11,4689.45,4663.79,4715.88,4660.47,209699098.0,977992556261.42
2026-08-12,4660.47,4690.92,4700.43,4657.69,184939148.0,867534748136.16
2026-08-13,4716.97,4663.95,4727.23,4661.88,215499615.0,1005079429379.25
2026-08-14,4672.98,4665.88,4676.71,4637.13,178430696.0,832536215852.48
2026-08-17,4672.28,4741.1,4742.4,4662.72,190569286.0,903508041854.6001
2026-08-18,4734.07,4725.81,4744.01,4687.53,204245514.0,965225492516.3401
2026-08-19,4660.06,4588.7,4674.38,4568.07,244070090.0,1119964421983.0
2026-08-20,4613.3,4592.75,4631.13,4569.23,200874189.0,922564931529.75
2026-08-21,4585.44,4618.9,4629.0,4579.26,171075891.0,790182432939.8999
2026-08-24,4620.95,4563.13,4621.39,4527.49,206616872.0,942819647129.36
2026-08-25,4542.24,4552.03,4573.38,4523.02,171510168.0,780719430041.0399
2026-08-26,4549.43,4590.79,4612.04,4542.84,184578169.0,847359612463.51
2026-08-27,4594.48,4630.28,4631.35,4584.99,202017250.0,935396432330.0
2026-08-28,4615.84,4609.18,4643.34,4608.46,180989495.0,834213160564.1001
2026-08-31,4561.99,4625.09,4625.09,4557.35,237447640.0,1098216705287.6
2026-09-01,4618.73,4611.44,4640.08,4604.77,214869581.0,990858180606.6399
2026-09-02,4581.51,4547.96,4583.27,4534.39,186991888.0,850431626948.48
2026-09-03,4570.91,4552.58,4585.99,4536.92,182244060.0,829680662674.7999
2026-09-04,4575.32,4548.05,4602.2,4530.76,196997428.0,895954152415.4
2026-09-07,4567.89,4575.02,4580.7,4545.41,183218470.0,838228164619.4
2026-09-08,4575.99,4558.74,4587.73,4546.31,173566694.0,791245430605.5599
2026-09-09,4578.51,4572.6,4581.9,4548.36,158004433.0,722491070335.8
2026-09-10,4550.19,4548.39,4569.83,4533.66,146922552.0,668261066291.28
2026-09-11,4514.3,4510.16,4520.17,4461.57,204230027.0,921110098574.32
2026-09-14,4474.95,4480.08,4504.49,4473.27,149488418.0,669720071713.44
2026-09-15,4473.81,4450.04,4496.96,4444.63,142718095.0,635101231473.8
2026-09-16,4449.88,4480.27,4483.36,4417.6,163494523.0,732499606561.2101
2026-09-17,4463.62,4460.16,4495.83,4453.92,170025642.0,758341567422.72
2026-09-18,4492.32,4507.39,4523.09,4480.59,189924166.0,856062286586.7401
2026-09-21,4524.34,4539.57,4540.55,4512.15,186361542.0,846001265216.94
2026-09-22,4569.87,4544.59,4583.38,4537.04,177863876.0,808318392230.84
2026-09-23,4547.61,4517.28,4547.69,4513.45,157143829.0,709862675865.12
2026-09-24,4499.86,4439.14,4500.2,4439.14,151965787.0,674597403703.18
