date,open,high,low,close,volume,amount,outstanding_share,turnover
2021-08-23,102.39,120.55,100.46,117.43,5826865.0,2688304666.0,7739251.0,0.752897793339433
2021-08-24,117.16,124.18,112.96,117.89,2825012.0,1383009612.0,7739251.0,0.3650239538684041
2021-08-25,114.74,129.75,114.41,126.45,2272433.0,1145797486.0,7739251.0,0.29362440887367525
2021-08-26,125.63,127.81,118.34,122.48,1540903.0,780738696.0,7739251.0,0.1991023420741878
2021-08-27,121.06,122.86,118.81,119.84,853435.0,424042508.0,7739251.0,0.11027359107489859
2021-08-30,121.03,124.65,114.25,115.47,1434978.0,704640930.0,7739251.0,0.1854156170926618
2021-08-31,112.32,115.71,106.51,107.23,1386735.0,636128707.0,7739251.0,0.17918206813553406
2021-09-01,106.09,108.88,102.39,104.14,788880.0,343587413.0,7739251.0,0.10193234461577742
2021-09-02,104.11,107.78,103.14,107.71,662265.0,288874528.0,7739251.0,0.08557223431569799
2021-09-03,106.52,112.8,104.6,110.62,775782.0,348868110.0,7739251.0,0.10023993277902474
2021-09-06,110.62,113.77,104.89,105.3,991415.0,442234204.0,7739251.0,0.12810218973386442
2021-09-07,105.4,106.16,102.52,104.2,500606.0,215263962.0,7739251.0,0.06468403725373424
2021-09-08,104.33,105.97,103.87,104.48,338309.0,146516765.0,7739251.0,0.04371340327377934
2021-09-09,103.69,103.69,94.04,94.16,984961.0,394348570.0,7739251.0,0.1272682589051576
2021-09-10,93.44,99.19,90.79,96.1,1187542.0,469104475.0,7739251.0,0.15344404775087409
2021-09-13,94.45,94.65,89.29,89.54,734548.0,275182638.0,7739251.0,0.09491202701656788
2021-09-14,89.56,90.77,88.03,88.35,632478.0,233279662.0,7739251.0,0.0817234122526844
2021-09-15,88.35,88.82,85.59,86.36,647468.0,232148421.0,7739251.0,0.08366029219106604
2021-09-16,87.08,88.35,84.8,85.98,524293.0,187385937.0,7739251.0,0.0677446693484938
2021-09-17,86.54,87.53,84.96,85.69,480587.0,170747817.0,7739251.0,0.062097352831688754
2021-09-22,84.0,86.18,83.51,84.04,417547.0,146312246.0,7739251.0,0.05395186174992903
2021-09-23,84.06,86.14,83.63,85.06,438793.0,154564980.0,7739251.0,0.05669708864591677
2021-09-24,84.96,85.82,80.39,80.56,639161.0,218725622.0,7739251.0,0.08258693250806828
2021-09-27,80.97,81.58,76.98,78.53,668988.0,218193525.0,7739251.0,0.08644092302989011
2021-09-28,79.4,81.87,77.71,79.43,423884.0,140448010.0,7739251.0,0.054770674836621784
2021-09-29,79.16,79.16,75.79,76.44,583935.0,185661671.0,7739251.0,0.07545109985449497
2021-09-30,77.03,77.61,76.25,76.61,293441.0,93336512.0,7739251.0,0.037915943028595404
2021-10-08,77.17,80.53,76.98,78.54,416530.0,135469967.0,7739251.0,0.05382045368472996
2021-10-11,79.64,79.83,76.98,78.77,388610.0,125880576.0,7739251.0,0.05021286943659018
2021-10-12,77.44,83.89,76.71,82.79,676062.0,223144596.0,7739251.0,0.08735496497012436
2021-10-13,81.84,84.48,80.68,84.24,477021.0,163179300.0,7739251.0,0.061636584728935656
2021-10-14,83.78,89.46,83.75,88.37,721935.0,261165379.0,7739251.0,0.09328228274286492
2021-10-15,88.6,90.22,86.13,88.77,560762.0,204515986.0,7739251.0,0.07245688245542108
2021-10-18,87.87,88.37,83.57,84.17,513759.0,180739723.0,7739251.0,0.06638355572134823
2021-10-19,84.0,84.84,81.12,81.68,598998.0,204342150.0,7739251.0,0.0773974122302016
2021-10-20,81.81,82.56,77.81,79.37,856342.0,281131918.0,7739251.0,0.1106492088187862
2021-10-21,79.14,79.64,78.43,79.22,369941.0,120727694.0,7739251.0,0.047800620499322224
2021-10-22,79.16,81.57,79.16,79.42,485311.0,161343943.0,7739251.0,0.06270774781693991
2021-10-25,80.38,81.21,76.25,81.06,472184.0,152749106.0,7739251.0,0.06101158884755127
2021-10-26,80.37,84.48,80.37,84.08,575313.0,196878527.0,7739251.0,0.07433703855838246
2021-10-27,83.75,83.95,77.94,78.77,442204.0,148026675.0,7739251.0,0.057137828970788
2021-10-28,80.85,88.51,80.61,87.55,1182178.0,420909680.0,7739251.0,0.15275095742469136
2021-10-29,86.42,92.47,86.41,89.86,913247.0,338949763.0,7739251.0,0.1180019875308347
2021-11-01,98.76,100.46,93.2,96.58,1669410.0,665798236.0,7739251.0,0.21570692047589618
2021-11-02,96.18,99.12,94.53,95.13,1040424.0,415796306.0,7739251.0,0.13443471467716966
2021-11-03,94.97,97.77,94.17,95.9,597021.0,236676139.0,7739251.0,0.07714196115360518
2021-11-04,95.86,96.72,93.99,96.34,557877.0,219942851.0,7739251.0,0.07208410736387798
2021-11-05,97.31,100.82,94.78,94.89,634650.0,256150460.0,7739251.0,0.08200405956597091
2021-11-08,93.91,96.32,91.43,96.1,511566.0,196903996.0,7739251.0,0.06610019496718739
2021-11-09,95.37,101.15,94.89,101.11,636075.0,261369171.0,7739251.0,0.08218818591101387
2021-11-10,101.13,101.66,98.52,101.1,419441.0,173840960.0,7739251.0,0.0541965882744984
2021-11-11,100.21,103.6,99.49,101.01,496374.0,208340591.0,7739251.0,0.06413721431182423
2021-11-12,100.09,102.39,99.03,101.55,296637.0,123674885.0,7739251.0,0.03832890288737244
2021-11-15,102.36,102.36,95.15,96.1,582607.0,235049550.0,7739251.0,0.07527950702206196
2021-11-16,95.85,97.67,94.01,94.41,393044.0,155901945.0,7739251.0,0.05078579309548172
2021-11-17,95.13,100.15,94.41,100.02,475229.0,192868425.0,7739251.0,0.06140503777432726
2021-11-18,99.93,102.35,99.05,100.03,346820.0,144312305.0,7739251.0,0.04481312209669902
2021-11-19,99.52,106.02,99.51,105.78,598026.0,257166828.0,7739251.0,0.07727181868116179
2021-11-22,105.28,108.4,104.84,106.52,578683.0,255403768.0,7739251.0,0.07477248121297526
2021-11-23,106.51,108.2,104.57,105.54,331881.0,145659637.0,7739251.0,0.042882831943297874
2021-11-24,105.54,111.01,104.81,105.4,648921.0,288403253.0,7739251.0,0.08384803645727475
2021-11-25,104.56,108.28,104.09,105.3,360924.0,157887595.0,7739251.0,0.04663552067247851
2021-11-26,105.05,106.16,102.94,104.81,313294.0,135134104.0,7739251.0,0.040481178346586766
2021-11-29,103.38,107.23,103.02,106.86,322375.0,140952857.0,7739251.0,0.04165454770752364
2021-11-30,107.28,108.64,104.72,105.63,332746.0,146500076.0,7739251.0,0.0429945998650257
2021-12-01,105.61,110.93,104.89,106.03,437376.0,194872901.0,7739251.0,0.056513995992635464
2021-12-02,106.39,106.39,102.39,102.64,397531.0,169937965.0,7739251.0,0.051365564962294157
2021-12-03,103.29,106.22,102.53,102.88,298226.0,128424964.0,7739251.0,0.0385342199135291
2021-12-06,102.88,102.88,97.77,99.04,405514.0,166543541.0,7739251.0,0.052397060128945294
2021-12-07,99.73,99.96,94.16,94.87,398612.0,157969142.0,7739251.0,0.05150524256158639
2021-12-08,96.07,97.26,94.7,96.03,292780.0,116263011.0,7739251.0,0.03783053424678952
2021-12-09,96.05,97.63,95.72,96.83,257461.0,102699891.0,7739251.0,0.03326691433059866
2021-12-10,96.29,98.52,95.3,95.62,300036.0,119845819.0,7739251.0,0.0387680926746012
2021-12-13,95.52,96.21,94.6,94.89,254198.0,100114762.0,7739251.0,0.03284529730331785
2021-12-14,94.91,95.72,94.57,95.13,166128.0,65212974.0,7739251.0,0.021465643122312483
2021-12-15,94.4,95.37,91.01,91.26,469048.0,178826174.0,7739251.0,0.06060638167698657
2021-12-16,91.96,91.98,90.36,91.02,199650.0,75104818.0,7739251.0,0.02579707002654391
2021-12-17,91.2,91.42,87.87,88.65,324890.0,119386050.0,7739251.0,0.04197951455509067
2021-12-20,88.08,89.44,86.42,86.66,194988.0,70619565.0,7739251.0,0.0251946861524455
2021-12-21,86.65,87.53,85.39,86.54,157536.0,56195886.0,7739251.0,0.020355458170306144
2021-12-22,86.78,89.29,86.22,88.09,285652.0,103978351.0,7739251.0,0.036909514887164145
2021-12-23,88.24,88.24,85.93,86.19,210100.0,75472780.0,7739251.0,0.027147329890192216
2021-12-24,86.27,86.27,83.93,84.57,215435.0,75460818.0,7739251.0,0.02783667308373898
2021-12-27,84.24,85.68,83.27,83.51,167381.0,58300789.0,7739251.0,0.021627545094480075
2021-12-28,83.64,85.61,83.64,85.27,179251.0,62782854.0,7739251.0,0.0231612852458203
2021-12-29,84.72,85.2,82.59,83.95,255319.0,88056008.0,7739251.0,0.032990143361418305
2021-12-30,83.75,86.9,83.75,86.18,316126.0,112123207.0,7739251.0,0.04084710523020897
2021-12-31,85.93,86.59,85.1,85.84,245057.0,86835791.0,7739251.0,0.031664175254168654
2022-01-04,85.83,86.54,81.82,82.73,340160.0,117521094.0,7739251.0,0.043952573705129866
2022-01-05,82.15,83.24,80.37,80.96,305129.0,102210646.0,7739251.0,0.03942616669235821
2022-01-06,80.73,81.64,79.33,80.9,271473.0,90243236.0,7739251.0,0.035077425451119235
2022-01-07,80.82,82.28,80.72,81.33,210292.0,70725554.0,7739251.0,0.027172138492471687
2022-01-10,81.09,81.82,78.94,81.6,185533.0,61771801.0,7739251.0,0.02397299170165175
2022-01-11,81.6,82.03,79.4,79.5,238557.0,79132610.0,7739251.0,0.030824300697832388
2022-01-12,80.1,82.07,80.05,81.94,278782.0,93482468.0,7739251.0,0.036021832086851814
2022-01-13,81.58,81.88,79.91,80.43,257189.0,85796870.0,7739251.0,0.03323176881070274
2022-01-14,79.88,85.53,79.66,84.27,462193.0,159674735.0,7739251.0,0.05972063704872733
2022-01-17,84.23,86.15,83.58,85.31,344798.0,121274129.0,7739251.0,0.04455185650394334
2022-01-18,85.34,89.24,84.96,86.26,467073.0,168111542.0,7739251.0,0.06035118902333055
2022-01-19,85.25,86.22,84.36,85.26,238830.0,84043637.0,7739251.0,0.03085957542919851
2022-01-20,84.48,88.4,84.48,85.44,289695.0,103364512.0,7739251.0,0.037431916861205304
2022-01-21,86.53,86.53,78.21,78.7,531882.0,177319003.0,7739251.0,0.06872525519588395
2022-01-24,78.43,78.89,76.25,78.43,249703.0,79923249.0,7739251.0,0.03226449174474377
2022-01-25,77.55,79.35,75.81,76.0,205815.0,65675190.0,7739251.0,0.02659365874036131
2022-01-26,77.19,77.41,74.34,75.34,193462.0,60451440.0,7739251.0,0.024997509448911787
2022-01-27,76.25,78.45,75.28,75.75,317671.0,101017421.0,7739251.0,0.04104673695167659
2022-01-28,75.77,77.26,72.36,72.87,341331.0,103913208.0,7739251.0,0.0441038803367406
2022-02-07,74.2,74.41,72.14,72.86,161671.0,48540357.0,7739251.0,0.020889747599606216
2022-02-08,72.59,72.6,68.77,70.32,301243.0,86999399.0,7739251.0,0.038924050919139336
2022-02-09,70.2,72.28,69.93,71.94,203231.0,59824455.0,7739251.0,0.026259776301350093
2022-02-10,71.94,72.4,69.47,70.61,243703.0,71085331.0,7739251.0,0.0314892229235103
2022-02-11,70.61,70.61,68.77,69.13,214566.0,61410974.0,7739251.0,0.027724388316130333
2022-02-14,68.75,69.2,67.05,69.17,167696.0,47390837.0,7739251.0,0.021668246707594832
2022-02-15,69.16,70.65,68.6,70.12,239994.0,69302444.0,7739251.0,0.031009977580517805
2022-02-16,70.93,71.16,69.42,70.17,137796.0,39865206.0,7739251.0,0.01780482374844801
2022-02-17,69.54,72.27,69.52,70.94,255717.0,75073834.0,7739251.0,0.03304156952656013
2022-02-18,70.32,70.68,68.83,69.48,207332.0,59537681.0,7739251.0,0.02678967254066317
2022-02-21,69.68,70.92,69.14,70.39,186048.0,53954462.0,7739251.0,0.024039535608807623
2022-02-22,70.32,70.32,67.29,67.73,271851.0,76512757.0,7739251.0,0.035126267386856945
2022-02-23,68.86,78.76,67.78,78.18,1095735.0,342238306.0,8087454.0,0.13548577834260325
2022-02-24,76.73,77.43,72.99,74.31,769169.0,239594237.0,8087454.0,0.09510644511857502
2022-02-25,75.45,76.73,74.8,75.18,371482.0,116220095.0,8087454.0,0.04593312060878491
2022-02-28,74.74,76.98,74.74,75.86,319119.0,100130956.0,8087454.0,0.039458524277232364
2022-03-01,75.55,78.07,74.56,77.31,453107.0,142881900.0,8087454.0,0.056025913717716355
2022-03-02,76.69,77.16,75.05,76.07,247722.0,77551311.0,8087454.0,0.030630406058569235
2022-03-03,76.23,76.64,74.34,74.36,204088.0,63245452.0,8087454.0,0.025235135804172734
2022-03-04,74.29,76.33,73.67,74.68,258250.0,80386619.0,8087454.0,0.03193217544112152
2022-03-07,73.98,74.44,70.59,70.97,305742.0,90755093.0,8087454.0,0.03780448086628994
2022-03-08,70.93,73.75,69.19,70.97,367340.0,108131426.0,8087454.0,0.04542096931865084
2022-03-09,71.35,73.75,69.84,73.51,406777.0,121001972.0,8087454.0,0.05029728762599454
2022-03-10,75.77,76.49,72.96,73.1,526730.0,162973072.0,8087454.0,0.06512927306912658
2022-03-11,72.12,73.54,70.43,73.47,307758.0,91944163.0,8087454.0,0.038053755854438244
2022-03-14,72.62,73.78,69.35,69.73,320460.0,93987908.0,8087454.0,0.03962433665774173
2022-03-15,68.51,71.02,67.54,68.75,272187.0,77824955.0,8087454.0,0.03365546190432737
2022-03-16,69.44,70.19,64.71,69.2,556829.0,154975477.0,8087454.0,0.06885096347997775
2022-03-17,71.41,71.52,69.11,69.24,419587.0,122175501.0,8087454.0,0.05188122244652025
2022-03-18,68.91,68.91,66.81,67.72,242445.0,67621225.0,8087454.0,0.02997791393929412
2022-03-21,69.39,75.96,69.23,74.55,748588.0,228076105.0,8087454.0,0.09256163929958675
2022-03-22,73.92,75.49,73.85,74.56,344018.0,106116491.0,8087454.0,0.04253724348849465
2022-03-23,74.41,75.02,73.85,74.53,231779.0,71180221.0,8087454.0,0.028659081090291208
2022-03-24,73.8,74.47,73.08,73.66,236252.0,71859051.0,8087454.0,0.02921215997024527
2022-03-25,74.31,76.13,72.26,72.62,311582.0,95625056.0,8087454.0,0.038526586982751305
2022-03-28,71.93,72.47,69.96,70.1,255503.0,74810474.0,8087454.0,0.031592513540107926
2022-03-29,70.1,70.93,69.04,69.47,196469.0,56766159.0,8087454.0,0.024293059348467393
2022-03-30,70.02,71.02,69.31,70.8,224650.0,65320721.0,8087454.0,0.02777759230531636
2022-03-31,70.2,71.38,68.99,70.83,205048.0,59646209.0,8087454.0,0.025353838179481454
2022-04-01,70.22,78.08,69.27,75.79,587383.0,182698644.0,8087454.0,0.07262891387079295
2022-04-06,74.94,76.22,73.24,74.04,290866.0,89707638.0,8087454.0,0.03596508864223524
2022-04-07,72.89,77.94,72.89,76.56,434724.0,135988252.0,8087454.0,0.053752886878862004
2022-04-08,76.56,80.56,75.29,78.5,523817.0,169182147.0,8087454.0,0.06476908554904919
2022-04-11,78.48,78.48,75.67,75.67,377484.0,119779715.0,8087454.0,0.046675257751079634
2022-04-12,75.31,78.42,74.16,78.06,370086.0,117268500.0,8087454.0,0.04576050757135682
2022-04-13,77.64,79.39,73.51,73.7,398828.0,126844994.0,8087454.0,0.04931440722877682
2022-04-14,73.85,74.75,64.63,68.0,936257.0,263284503.0,8087454.0,0.11576659354105755
2022-04-15,65.84,65.84,62.53,62.62,539087.0,142571374.0,8087454.0,0.06665719520630349
2022-04-18,60.52,64.12,60.52,63.13,252039.0,65307256.0,8087454.0,0.03116419580253563
2022-04-19,62.53,63.46,61.0,61.24,255645.0,65283035.0,8087454.0,0.03161007159978901
2022-04-20,61.24,62.16,59.35,59.35,270576.0,67806524.0,8087454.0,0.03345626448076242
2022-04-21,59.06,60.0,55.97,55.97,414579.0,98762822.0,8087454.0,0.051261991721993104
2022-04-22,56.04,56.16,52.83,54.46,469658.0,105154915.0,8087454.0,0.05807241685702324
2022-04-25,53.25,55.27,51.56,51.6,384188.0,85011054.0,8087454.0,0.047504196005318855
2022-04-26,52.53,52.77,43.83,44.29,953349.0,185891714.0,8087454.0,0.1178799904147832
2022-04-27,43.29,48.24,42.36,48.03,862932.0,161073429.0,8087454.0,0.10670008138531607
2022-04-28,47.21,47.44,45.27,46.14,374283.0,71730808.0,8087454.0,0.04627945951840962
2022-04-29,46.96,48.55,45.78,47.83,432599.0,84839893.0,8087454.0,0.053490134225183845
2022-05-05,47.37,50.82,47.37,48.9,444435.0,90438033.0,8087454.0,0.05495363559409426
2022-05-06,47.93,49.33,47.2,48.1,233561.0,46528206.0,8087454.0,0.02887942237445802
2022-05-09,47.63,48.51,47.25,47.38,157522.0,31114850.0,8087454.0,0.01947732871185419
2022-05-10,46.48,49.72,46.45,48.96,254780.0,51282713.0,8087454.0,0.03150311581370355
2022-05-11,49.27,52.36,48.73,50.84,359674.0,76217311.0,8087454.0,0.04447308139248767
2022-05-12,50.01,51.56,49.76,51.05,246688.0,51854848.0,8087454.0,0.030502553708497138
2022-05-13,51.06,54.22,50.16,53.8,316627.0,67768187.0,8087454.0,0.03915039269466015
2022-05-16,53.79,53.95,51.72,52.24,291324.0,63402140.0,8087454.0,0.036021719567122114
2022-05-17,52.17,53.45,51.12,52.39,228708.0,49591957.0,8087454.0,0.02827935713761092
2022-05-18,52.52,52.9,51.56,52.01,138310.0,29900475.0,8087454.0,0.01710179742598845
2022-05-19,51.75,53.98,51.1,53.97,355797.0,77489652.0,8087454.0,0.04399369690387111
2022-05-20,53.95,54.91,53.11,54.39,222475.0,49495787.0,8087454.0,0.02750865723625754
2022-05-23,54.32,55.54,53.85,55.29,143184.0,32410466.0,8087454.0,0.017704459277295425
2022-05-24,55.16,55.38,52.35,52.38,242358.0,53677282.0,8087454.0,0.02996715653653177
2022-05-25,52.72,54.37,51.36,51.92,171912.0,26736782.0,8087454.0,0.02125662785840884
2022-05-26,51.7,51.91,48.3,49.05,438853.0,63639192.0,11433456.000000002,0.038383232506426744
2022-05-27,49.21,50.37,48.51,48.51,200973.0,29135539.0,11433456.000000002,0.017577624823150582
2022-05-30,48.6,49.32,47.12,48.98,213202.0,30267845.0,11433456.000000002,0.01864720518450414
2022-05-31,48.97,53.4,48.03,52.69,547042.0,82469607.0,11433456.000000002,0.047845725736820076
2022-06-01,52.45,54.59,51.7,53.7,492700.0,77271466.0,11433456.000000002,0.04309283212355039
2022-06-02,53.28,57.82,53.06,57.45,715261.0,117527029.0,11433456.000000002,0.06255859995437948
2022-06-06,57.41,60.5,56.84,58.61,764323.0,131920745.0,11433456.000000002,0.06684969094209134
2022-06-07,57.83,59.37,57.23,58.06,433356.0,73855528.0,11433456.000000002,0.03790245049265943
2022-06-08,58.51,59.12,56.19,57.15,332094.0,56093873.0,11433456.000000002,0.029045810820455334
2022-06-09,57.15,57.41,54.45,54.98,295175.0,48160801.0,11433456.000000002,0.025816778408908028
2022-06-10,54.98,56.32,54.54,55.79,220523.0,36111430.0,11433456.000000002,0.019287519014373252
2022-06-13,55.28,56.53,54.69,55.49,235481.0,38470260.0,11433456.000000002,0.02059578486155017
2022-06-14,55.36,55.36,51.36,52.69,391139.0,60657490.0,11433456.000000002,0.03421004112842171
2022-06-15,52.58,54.76,52.58,52.9,309548.0,48753764.0,11433456.000000002,0.02707387862427598
2022-06-16,54.08,55.45,52.66,54.09,361581.0,57854949.0,11433456.000000002,0.03162482105148259
2022-06-17,53.57,55.34,53.07,54.07,258514.0,41155057.0,11433456.000000002,0.022610311352927754
2022-06-20,54.76,55.76,53.75,54.7,301175.0,48597820.0,11433456.000000002,0.026341554119769205
2022-06-21,54.62,55.14,52.92,53.57,264826.0,42018010.0,11433456.000000002,0.023162375400753714
2022-06-22,53.57,53.98,51.22,51.47,280834.0,43259303.0,11433456.000000002,0.024562476997331335
2022-06-23,51.49,54.42,51.49,54.05,370094.0,57605496.0,11433456.000000002,0.03236939032257612
2022-06-24,54.08,56.43,54.08,55.27,348598.0,56456059.0,11433456.000000002,0.03048929387579748
2022-06-27,54.94,56.47,54.74,55.16,322449.0,52471960.0,11433456.000000002,0.02820223386524599
2022-06-28,55.16,56.46,52.94,56.12,423206.0,68488743.0,11433456.000000002,0.037014704915119274
2022-06-29,56.12,57.62,54.85,54.85,557632.0,91991379.0,11433456.000000002,0.04877195486649005
2022-06-30,55.11,56.42,54.57,55.49,348724.0,57042887.0,11396135.999999998,0.030600196417452378
2022-07-01,56.13,56.46,53.8,54.16,289541.0,46592364.0,11396135.999999998,0.025406944950463917
2022-07-04,53.95,53.95,49.56,51.7,419713.0,63413217.0,11396135.999999998,0.03682941305719764
2022-07-05,51.7,53.02,50.38,50.86,286672.0,43262721.0,11396135.999999998,0.025155192953120256
2022-07-06,50.86,53.06,49.93,51.61,293586.0,44859342.0,11396135.999999998,0.025761889819496717
2022-07-07,51.61,52.03,50.04,50.67,229079.0,34137043.0,11396135.999999998,0.020101462460609457
2022-07-08,50.79,51.87,50.42,50.68,207409.0,31116467.0,11396135.999999998,0.01819994075184782
2022-07-11,50.24,50.68,49.01,49.24,236914.0,34415623.0,11396135.999999998,0.020788976193334304
2022-07-12,49.15,49.72,46.46,46.49,377521.0,52675632.0,11396135.999999998,0.03312710553822805
2022-07-13,46.12,46.6,45.23,45.35,280480.0,37628162.0,11396135.999999998,0.02461185089402233
2022-07-14,45.05,47.37,45.02,46.32,215749.0,29460301.0,11396135.999999998,0.018931767750051422
2022-07-15,46.69,48.3,45.4,46.91,259220.0,35930031.0,11396135.999999998,0.02274630629188701
2022-07-18,46.93,47.16,46.0,46.7,155993.0,21347267.0,11396135.999999998,0.013688236082826672
2022-07-19,46.93,47.44,46.11,46.92,159635.0,21973297.0,11396135.999999998,0.014007818088517022
2022-07-20,47.26,48.97,46.96,48.27,318898.0,45156427.0,11396135.999999998,0.027982993533948706
2022-07-21,48.28,49.63,47.93,48.73,284138.0,40973495.0,11396135.999999998,0.02493283688436151
2022-07-22,49.19,49.66,46.6,46.83,269679.0,37618252.0,11396135.999999998,0.023664073507020277
2022-07-25,46.6,47.24,45.81,46.93,210585.0,28697934.0,11396135.999999998,0.018478631704640945
2022-07-26,46.95,48.22,46.04,48.13,277245.0,38645514.0,11396135.999999998,0.024327982747836638
2022-07-27,47.79,48.03,46.77,47.49,172214.0,24055885.0,11396135.999999998,0.015111613269620513
2022-07-28,48.17,52.33,47.62,50.87,768020.0,114842917.0,11396135.999999998,0.06739301812473983
2022-07-29,50.99,52.72,50.04,51.5,664345.0,101097949.0,11396135.999999998,0.05829563634551221
2022-08-01,50.68,52.98,49.84,52.04,491629.0,74775234.0,11396135.999999998,0.04313997305753459
2022-08-02,51.5,52.91,50.38,51.7,453288.0,69085604.0,11396135.999999998,0.039775587093730726
2022-08-03,52.05,54.29,50.69,52.86,656729.0,101804466.0,11396135.999999998,0.057627339652668245
2022-08-04,53.43,55.73,52.72,54.89,703063.0,112472021.0,11396135.999999998,0.06169310369760418
2022-08-05,54.81,59.52,54.81,59.17,1053101.0,178972589.0,11396135.999999998,0.09240860235434187
2022-08-08,59.17,59.17,55.46,57.14,639730.0,107005257.0,11396135.999999998,0.056135693712324956
2022-08-09,56.81,59.49,56.33,59.46,680049.0,116164340.0,11396135.999999998,0.059673647278340666
2022-08-10,59.17,62.74,58.36,61.03,790556.0,142653337.0,11396135.999999998,0.0693705305026195
2022-08-11,61.37,64.97,61.37,64.65,830994.0,155297086.0,11396135.999999998,0.07291892620446089
2022-08-12,63.37,65.16,61.5,61.64,678081.0,126214855.0,11396135.999999998,0.05950095716653435
2022-08-15,61.23,61.81,58.46,59.04,628915.0,109982539.0,11396135.999999998,0.05518668783875518
2022-08-16,58.66,58.66,55.98,56.13,712602.0,119463951.0,11396135.999999998,0.06253014179542962
2022-08-17,56.47,57.76,55.51,56.25,366899.0,60810805.0,11396135.999999998,0.0321950352294848
2022-08-18,55.9,59.11,54.85,58.74,564264.0,95659264.0,11396135.999999998,0.04951362461802843
2022-08-19,58.68,61.16,56.71,56.77,491811.0,84364991.0,11396135.999999998,0.043155943382915056
2022-08-22,56.37,57.82,55.79,55.96,353805.0,58888244.0,11396135.999999998,0.03104604929249704
2022-08-23,55.88,57.42,55.51,55.65,260606.0,43058437.0,27522965.0,0.009468674614090452
2022-08-24,56.06,56.06,51.7,52.14,526117.0,82048066.0,27522965.0,0.019115564038976178
2022-08-25,52.72,52.91,50.0,51.51,293970.0,44029139.0,27522965.0,0.010680898660445921
2022-08-26,52.95,53.57,50.24,50.27,363595.0,55686802.0,27851565.0,0.013054742166194252
2022-08-29,49.77,51.81,47.97,50.51,400119.0,59863968.0,27851565.0,0.014366122693643965
2022-08-30,50.49,51.99,49.54,49.55,298565.0,44345723.0,27851565.0,0.010719864395411892
2022-08-31,49.46,50.19,47.99,48.51,423028.0,60449948.0,27851565.0,0.01518866175024635
2022-09-01,48.92,50.14,48.6,49.05,363236.0,52702706.0,27851565.0,0.01304185240578043
2022-09-02,49.02,50.6,48.88,50.34,431359.0,63559291.0,27851565.0,0.015487783182022267
2022-09-05,50.34,51.53,48.64,51.02,377407.0,56258883.0,27851565.0,0.013550656848187884
2022-09-06,51.02,52.01,50.36,51.36,377138.0,57157268.0,27851565.0,0.013540998504033794
2022-09-07,51.36,56.39,50.79,55.79,756932.0,120426358.0,27851565.0,0.02717735969235481
2022-09-08,55.45,55.94,53.95,54.83,407718.0,65752256.0,27851565.0,0.014638961939840723
2022-09-09,54.28,54.85,52.5,53.91,370013.0,57999058.0,27851565.0,0.013285178050138296
2022-09-13,52.04,53.0,49.39,49.47,588280.0,87702550.0,27851565.0,0.021121972858616743
2022-09-14,48.36,50.31,48.2,50.18,279513.0,40614960.0,27851565.0,0.010035809477851603
2022-09-15,50.18,50.18,48.35,48.87,247991.0,35832464.0,27851565.0,0.008904023885192807
2022-09-16,48.75,50.85,48.53,49.32,277298.0,40661161.0,27851565.0,0.009956280733237073
2022-09-19,49.91,49.91,47.51,47.56,224642.0,31895179.0,27851565.0,0.00806568679354284
2022-09-20,47.87,48.6,46.98,47.74,143399.0,20222348.0,27851565.0,0.005148687335882203
2022-09-21,47.45,48.03,46.47,47.4,153029.0,21218571.0,27851565.0,0.005494448875673593
2022-09-22,47.28,47.94,46.77,47.32,88967.0,12421143.0,27851565.0,0.003194326781995913
2022-09-23,46.96,47.52,45.9,46.18,173514.0,23691504.0,27851565.0,0.006229955121013846
2022-09-26,46.26,46.83,45.72,45.81,113337.0,15357759.0,27851565.0,0.004069322495881291
2022-09-27,45.82,46.4,45.2,45.87,259025.0,34756438.0,27851565.0,0.009300195518636027
2022-09-28,45.65,45.65,42.43,42.58,264530.0,34006068.0,27851565.0,0.009497850479856339
2022-09-29,42.92,43.11,41.86,42.34,184886.0,22864708.0,27851565.0,0.006638262517743617
2022-09-30,41.95,42.24,40.91,40.91,126464.0,15405500.0,27851565.0,0.004540642509675848
2022-10-10,40.86,40.86,38.94,38.97,145314.0,16843746.0,27851565.0,0.005217444692964291
2022-10-11,39.18,39.81,38.36,38.84,105902.0,12153607.0,27851565.0,0.003802371608202268
2022-10-12,37.82,40.11,37.81,40.06,316601.0,36725194.0,27851565.0,0.01136744021386231
2022-10-13,39.23,40.49,39.23,40.1,190489.0,22443465.0,27851565.0,0.006839436132224526
2022-10-14,40.71,42.24,40.09,42.14,259073.0,31440838.0,27851565.0,0.009301918940641217
2022-10-17,41.76,43.4,41.76,42.92,177406.0,22240670.0,27851565.0,0.006369695921934728
2022-10-18,43.18,43.18,41.96,42.73,146842.0,18294992.0,27851565.0,0.00527230696012953
2022-10-19,42.58,42.99,42.06,42.06,123481.0,15381203.0,27851565.0,0.004433539012978265
2022-10-20,41.64,45.27,41.3,43.69,347234.0,44021891.0,27851565.0,0.012467306594799969
2022-10-21,43.69,44.8,42.82,43.74,251978.0,32160013.0,27851565.0,0.009047175625498963
2022-10-24,43.91,45.62,42.6,43.42,187763.0,24274032.0,27851565.0,0.0067415601241797365
2022-10-25,43.42,44.13,41.6,42.56,213351.0,26560551.0,27851565.0,0.007660287671446829
2022-10-26,42.55,44.18,41.63,44.07,247789.0,31598640.0,27851565.0,0.008896771150920963
2022-10-27,44.07,44.24,42.58,42.76,196607.0,25058982.0,27851565.0,0.007059100628636129
2022-10-28,40.54,42.58,39.57,41.15,304343.0,37029552.0,27851565.0,0.010927321319286726
2022-10-31,41.17,43.64,41.11,42.24,340273.0,42674557.0,27851565.0,0.012217374499422205
2022-11-01,42.03,42.71,41.43,42.25,288942.0,35652929.0,27851565.0,0.010374354187996258
2022-11-02,42.34,44.45,42.14,43.91,397904.0,50917806.0,27851565.0,0.014286593949029435
2022-11-03,43.47,46.9,43.32,46.2,507137.0,67202116.0,27851565.0,0.01820856386346692
2022-11-04,46.07,48.35,45.66,47.38,575343.0,79167131.0,27851565.0,0.020657474723592733
2022-11-07,47.39,47.99,45.8,46.04,359108.0,48922584.0,27851565.0,0.012893638113334027
2022-11-08,45.61,46.27,44.84,45.39,212621.0,28199747.0,27851565.0,0.007634077295117886
2022-11-09,45.22,45.81,44.66,45.14,153093.0,20315543.0,27851565.0,0.005496746771680514
2022-11-10,44.86,45.59,43.95,43.98,200979.0,26293528.0,27851565.0,0.007216075649608918
2022-11-11,45.63,46.19,43.92,43.95,432068.0,57287888.0,27851565.0,0.015513239561223939
2022-11-14,43.61,45.2,43.44,44.04,234291.0,30458387.0,27851565.0,0.008412130521211286
2022-11-15,44.06,49.26,43.61,48.72,1016520.0,141060673.0,27851565.0,0.03649776951492672
2022-11-16,49.42,51.45,48.74,50.14,926195.0,136469667.0,27851565.0,0.03325468425203395
2022-11-17,49.74,56.61,48.21,54.7,1564478.0,240865887.0,27851565.0,0.05617199607993303
2022-11-18,54.64,54.67,52.03,52.4,787623.0,122830761.0,27851565.0,0.028279308541548743
2022-11-21,51.8,52.8,50.59,51.8,437685.0,66313212.0,27851565.0,0.015714915840456364
2022-11-22,51.78,55.12,50.97,52.42,723567.0,112964547.0,27851565.0,0.02597940187562171
2022-11-23,51.41,53.01,50.23,50.48,447196.0,67199023.0,27851565.0,0.016056404729859884
2022-11-24,51.15,51.15,48.94,49.03,371248.0,54126965.0,27851565.0,0.013329520262146849
2022-11-25,48.82,50.35,48.14,48.38,280926.0,40390156.0,27851565.0,0.010086542713129407
2022-11-28,47.69,48.71,46.75,47.18,243729.0,34033957.0,27851565.0,0.008750998372981914
2022-11-29,47.01,49.25,47.01,49.02,300615.0,42947770.0,27851565.0,0.010793468876883578
2022-11-30,49.03,49.5,48.07,48.7,224832.0,32083259.0,27851565.0,0.008072508672313386
2022-12-01,49.44,51.13,48.46,49.09,376729.0,54989064.0,27851565.0,0.013526313512364566
2022-12-02,48.99,49.53,48.12,48.22,239785.0,34199341.0,27851565.0,0.008609390531555409
2022-12-05,48.91,48.91,47.9,48.89,270096.0,38528576.0,27851565.0,0.009697695623208246
2022-12-06,48.72,50.76,48.22,49.95,429761.0,63228633.0,27851565.0,0.01543040759109946
2022-12-07,49.67,50.15,48.72,49.84,316017.0,45882865.0,27851565.0,0.011346471912799154
2022-12-08,50.76,50.76,47.66,47.87,493352.0,70652588.0,27851565.0,0.017713618606351206
2022-12-09,47.99,49.06,47.12,47.64,382402.0,53920795.0,27851565.0,0.013730000450603045
2022-12-12,47.64,54.5,46.74,53.78,1502509.0,228892226.0,27851565.0,0.05394702236660669
2022-12-13,53.3,54.51,52.46,53.49,630421.0,98797089.0,27851565.0,0.02263502966529888
2022-12-14,54.84,56.5,53.18,54.0,1024624.0,165524994.0,27851565.0,0.036788740596803086
2022-12-15,54.06,57.8,52.88,55.67,728818.0,120271851.0,27851565.0,0.026167937062064557
2022-12-16,55.61,55.67,53.56,54.7,485495.0,77551021.0,27851565.0,0.017431515966876546
2022-12-19,54.51,55.18,52.45,52.7,320006.0,50290655.0,27851565.0,0.011489695462355527
2022-12-20,52.7,53.81,51.81,52.45,230937.0,35821109.0,27851565.0,0.008291706408598583
2022-12-21,51.94,53.42,51.23,51.73,264701.0,40566324.0,27851565.0,0.00950399017074983
2022-12-22,51.47,52.4,51.12,51.38,258771.0,39136371.0,27851565.0,0.00929107574385856
2022-12-23,50.74,51.1,47.75,48.11,329719.0,47310676.0,27851565.0,0.011838437086030893
2022-12-26,48.12,52.74,48.12,51.43,404846.0,60609435.0,27851565.0,0.014535843856530145
2022-12-27,51.44,53.81,51.11,53.25,275329.0,42509128.0,27851565.0,0.009885584526399144
2022-12-28,53.83,54.74,52.59,53.43,238894.0,37660617.0,27851565.0,0.008577399510584055
2022-12-29,53.14,54.47,52.54,52.66,162121.0,25381476.0,27851565.0,0.005820893727156804
2022-12-30,53.62,54.1,51.76,51.76,141999.0,22023737.0,27851565.0,0.005098420860730806
2023-01-03,51.74,56.18,51.74,55.73,521783.0,83944822.0,27956465.0,0.018664126526726464
2023-01-04,56.71,56.71,54.74,55.41,323352.0,52935512.0,27956465.0,0.011566269197482586
2023-01-05,55.39,59.81,55.19,57.19,877206.0,147859384.0,27956465.0,0.03137757223597475
2023-01-06,56.62,57.91,55.53,55.87,412527.0,67957407.0,27956465.0,0.01475605016585609
2023-01-09,55.87,57.37,54.51,55.7,399705.0,65451377.0,27956465.0,0.014297408488519561
2023-01-10,55.74,59.96,55.21,59.01,720101.0,124027637.0,27956465.0,0.02575794185709817
2023-01-11,58.94,61.2,56.55,56.78,367502.0,63045858.0,27956465.0,0.013145510349752731
2023-01-12,56.5,58.6,56.5,57.64,279355.0,47422271.0,27956465.0,0.009992500840145562
2023-01-13,57.64,59.96,57.62,59.5,346594.0,60313396.0,27956465.0,0.012397633248695784
2023-01-16,59.28,64.73,58.85,63.84,714212.0,131969539.0,27956465.0,0.025547292907025263
2023-01-17,63.71,67.12,63.1,67.12,717750.0,139300707.0,27956465.0,0.025673846818616015
2023-01-18,67.41,67.41,63.64,64.1,551375.0,104763825.0,27956465.0,0.019722629452614986
2023-01-19,64.72,67.09,63.33,66.51,694301.0,133984465.0,27956465.0,0.024835078397787418
2023-01-20,66.51,66.97,64.39,66.56,314500.0,60444430.0,27956465.0,0.011249634029195037
2023-01-30,65.95,66.77,63.36,64.71,372653.0,70772367.0,27956465.0,0.013329761112501169
2023-01-31,61.32,63.01,58.45,59.24,1193534.0,208870268.0,27956465.0,0.04269259364515506
2023-02-01,58.94,61.32,58.27,60.98,600347.0,106394936.0,27956465.0,0.02147435307003228
2023-02-02,61.35,62.46,58.5,59.01,866289.0,152118654.0,27956465.0,0.030987072221040822
2023-02-03,58.37,61.66,58.37,60.62,732933.0,128926416.0,27956465.0,0.026216941233449937
2023-02-06,60.26,62.85,59.64,62.78,493902.0,89048477.0,27956465.0,0.01766682590234495
2023-02-07,63.31,63.31,56.99,58.15,796765.0,137723726.0,27956465.0,0.028500205587509007
2023-02-08,57.79,59.5,57.44,57.72,328312.0,56036383.0,27956465.0,0.011743687909040002
2023-02-09,56.66,59.22,56.66,59.04,431149.0,73977272.0,27956465.0,0.015422157272029922
2023-02-10,59.03,60.96,58.61,59.01,509724.0,89830558.0,27956465.0,0.0182327772842525
2023-02-13,59.11,61.29,57.95,61.12,499699.0,88673377.0,27956465.0,0.01787418402147768
2023-02-14,60.98,62.51,58.35,58.77,550222.0,96448634.0,27956465.0,0.01968138675615819
2023-02-15,58.97,59.54,56.95,58.56,518953.0,88173339.0,27956465.0,0.01856289770541447
2023-02-16,58.55,59.13,55.12,56.0,445401.0,74512900.0,27956465.0,0.015931949908545306
2023-02-17,55.71,56.45,52.46,52.68,720510.0,112983129.0,27956465.0,0.025772571746821352
2023-02-20,52.63,57.16,51.8,56.62,731993.0,116995473.0,27956465.0,0.026183317526017685
2023-02-21,56.98,57.39,53.98,54.6,445396.0,72055633.0,27956465.0,0.015931771059037685
2023-02-22,53.5,55.77,53.5,54.59,303327.0,48893182.0,27956465.0,0.010849976919471042
2023-02-23,55.13,55.13,53.84,54.22,145813.0,23263089.0,27956465.0,0.005215716650871274
2023-02-24,54.51,55.52,53.19,53.38,252688.0,40122431.0,27956465.0,0.009038624876213784
2023-02-27,53.1,53.71,51.85,52.5,190922.0,29431694.0,27956465.0,0.006829261138702622
2023-02-28,52.06,53.06,51.79,52.63,148267.0,22782350.0,27956465.0,0.0053034959892103665
2023-03-01,52.28,52.96,50.56,50.98,541603.0,81430146.0,27956465.0,0.019373085974925656
2023-03-02,50.26,51.44,49.39,49.98,387871.0,56990219.0,27956465.0,0.013874107473888418
2023-03-03,50.25,51.58,49.75,50.82,529520.0,79045504.0,27956465.0,0.01894087825481512
2023-03-06,50.42,51.59,49.96,50.82,416030.0,61971445.0,27956465.0,0.014881352130893515
2023-03-07,50.11,50.75,48.03,48.38,463195.0,66884054.0,27956465.0,0.016568439536257536
2023-03-08,47.85,49.32,47.85,48.51,282936.0,40377319.0,27956465.0,0.010120592857501833
2023-03-09,48.55,49.85,48.23,49.15,467402.0,67384041.0,27956465.0,0.016718923511967625
2023-03-10,48.89,49.44,48.06,48.07,308955.0,44070069.0,27956465.0,0.01105128992524627
2023-03-13,48.04,48.98,47.65,48.34,228652.0,32322854.0,27956465.0,0.00817885952319079
2023-03-14,47.73,49.12,46.93,48.89,483514.0,68430021.0,27956465.0,0.017295248165317037
2023-03-15,49.06,51.27,49.06,49.48,973700.0,143635101.0,27956465.0,0.03482915311360002
2023-03-16,49.01,50.41,49.01,49.81,519871.0,75772173.0,27956465.0,0.018595734475013205
2023-03-17,49.99,53.09,49.99,52.4,796215.0,121264282.0,27956465.0,0.028480532141670987
2023-03-20,52.33,55.12,50.7,54.33,1177105.0,182785327.0,29445581.000000004,0.03997560788493186
2023-03-21,54.21,56.21,52.8,53.4,667382.0,106555329.0,29445581.000000004,0.02266492890732908
2023-03-22,53.61,54.16,52.53,53.11,449105.0,70017985.0,29445581.000000004,0.01525203391300039
2023-03-23,52.47,56.3,52.46,56.13,1037605.0,167461792.0,29445581.000000004,0.03523805490542027
2023-03-24,55.51,57.74,54.37,55.67,894628.0,147460507.0,29445581.000000004,0.030382419691430095
2023-03-27,56.21,56.55,52.63,53.2,1011924.0,160353031.0,29445581.000000004,0.03436590366479778
2023-03-28,53.2,53.2,50.08,50.92,783620.0,118141172.0,29445581.000000004,0.026612482192149643
2023-03-29,50.91,53.76,50.28,52.93,819417.0,125980188.0,29445581.000000004,0.027828182435931555
2023-03-30,56.21,63.51,56.21,63.51,3721102.0,676846819.0,29445581.000000004,0.12637217109079965
2023-03-31,62.68,62.68,57.56,60.38,2724995.0,476328543.0,29445581.000000004,0.09254342782368599
2023-04-03,63.71,65.75,62.68,63.29,2935831.0,553709581.0,29445581.000000004,0.0997036193648208
2023-04-04,63.21,65.57,61.55,64.05,1814440.0,340966319.0,29445581.000000004,0.06162011202971338
2023-04-06,62.0,67.24,61.85,63.03,2248969.0,430983066.0,29445581.000000004,0.076377131088023
2023-04-07,63.89,65.41,62.0,64.43,1336917.0,250304205.0,29445581.000000004,0.04540297574702295
2023-04-10,63.82,70.9,62.13,65.61,2011311.0,393214867.0,29445581.000000004,0.06830603885859816
2023-04-11,65.75,74.58,65.75,71.54,3050430.0,631667356.0,29445581.000000004,0.10359551064725127
2023-04-12,69.16,69.65,66.6,68.14,2354953.0,471446191.0,29445581.000000004,0.07997644875813453
2023-04-13,68.13,68.13,63.36,63.8,1715859.0,328550046.0,29445581.000000004,0.05827220729657193
2023-04-14,64.37,68.07,61.04,68.07,2516465.0,479407047.0,29445581.000000004,0.08546155024076448
2023-04-17,68.82,72.9,68.13,69.25,2054472.0,423709688.0,29445581.000000004,0.06977182756217307
2023-04-18,66.16,71.05,66.09,67.11,1569107.0,314101452.0,29445581.000000004,0.05328836948403225
2023-04-19,67.95,68.47,63.78,64.22,1458491.0,282138988.0,29445581.000000004,0.04953174467842899
2023-04-20,64.73,66.02,63.13,65.65,1351180.0,258074312.0,29445581.000000004,0.04588736082334391
2023-04-21,65.65,65.65,57.54,57.95,2281416.0,405672668.0,29445581.000000004,0.07747906213839013
2023-04-24,56.86,59.32,55.33,56.11,1486231.0,248010047.0,29445581.000000004,0.05047382152181001
2023-04-25,56.1,57.3,53.59,54.77,1209159.0,195884409.0,29445581.000000004,0.04106419228066853
2023-04-26,54.25,54.63,50.12,52.58,1660851.0,253605556.0,29445581.000000004,0.056404083179747745
2023-04-27,52.35,54.83,51.15,51.55,889412.0,138474548.0,29445581.000000004,0.030205279359235598
2023-04-28,51.1,53.48,51.1,52.85,969783.0,150185020.0,29445581.000000004,0.03293475513354618
2023-05-04,52.46,52.85,50.61,50.99,551914.0,83239660.0,29445581.000000004,0.01874352555651729
2023-05-05,50.76,51.72,49.51,51.29,869582.0,129169564.0,29445581.000000004,0.02953183365612653
2023-05-08,50.43,52.59,49.4,51.44,1549053.0,233108699.0,29445581.000000004,0.05260731652739336
2023-05-09,50.76,51.27,49.4,50.41,913855.0,134518610.0,29445581.000000004,0.0310353869397245
2023-05-10,50.41,51.6,48.55,51.58,886885.0,130840330.0,29445581.000000004,0.03011946003035226
2023-05-11,51.44,54.44,51.25,53.79,1341767.0,207416451.0,29445581.000000004,0.04556768637032497
2023-05-12,53.42,55.39,51.82,53.42,1581419.0,249848085.0,29445581.000000004,0.05370649674054656
2023-05-15,52.12,53.49,52.12,52.75,578363.0,89664667.0,29445581.000000004,0.019641758809242037
2023-05-16,53.83,56.53,53.49,55.14,1445135.0,233757598.0,29445581.000000004,0.049078162186713174
2023-05-17,54.79,59.57,54.7,57.15,1460976.0,247715957.0,29445581.000000004,0.04961613764727549
2023-05-18,56.67,58.6,55.63,58.29,836526.0,140640928.0,29445581.000000004,0.0284092203852252
2023-05-19,58.64,63.91,58.64,61.45,1588126.0,286453765.0,29445581.000000004,0.05393427285404896
2023-05-22,63.02,63.36,58.97,59.74,1142875.0,204133603.0,29445581.000000004,0.03881312445490547
2023-05-23,58.84,60.81,58.25,58.33,738693.0,128507551.0,29445581.000000004,0.025086718445120844
2023-05-24,58.59,60.81,57.23,58.92,855900.0,148370719.0,29445581.000000004,0.029067179893648553
2023-05-25,60.09,60.56,57.72,58.89,827155.0,143216420.0,29445581.000000004,0.0280909722922431
2023-05-26,59.62,63.36,58.86,60.47,1333443.0,240031273.0,29445581.000000004,0.04528499539540415
2023-05-29,61.57,63.8,59.96,61.93,1104216.0,201885745.0,29445581.000000004,0.037500227962898744
2023-05-30,61.78,62.6,60.67,62.51,628807.0,113955484.0,29445581.000000004,0.021354885135396035
2023-05-31,61.93,65.55,59.88,62.0,1444209.0,261806322.0,29445581.000000004,0.04904671434399613
2023-06-01,61.14,63.02,59.62,61.33,836852.0,149090913.0,29445581.000000004,0.02842029165598736
2023-06-02,61.33,61.67,58.6,59.47,855630.0,149712948.0,29445581.000000004,0.029058010436268853
2023-06-05,59.8,60.54,58.25,58.32,627628.0,108816334.0,29445581.000000004,0.021314845171504677
2023-06-06,58.94,58.94,55.93,56.26,740253.0,124302776.0,29445581.000000004,0.025139697532203555
2023-06-07,56.23,57.54,55.33,56.18,595368.0,98689568.0,29445581.000000004,0.020219264819396836
2023-06-08,56.84,56.84,54.6,55.05,650452.0,105456005.0,29445581.000000004,0.02208996996866864
2023-06-09,55.6,58.15,53.69,57.23,1208022.0,197458358.0,29445581.000000004,0.041025578676814015
2023-06-12,57.4,57.81,55.21,55.67,875230.0,145225255.0,29445581.000000004,0.02972364512012855
2023-06-13,55.92,60.37,54.78,60.06,1574433.0,268521119.0,29445581.000000004,0.053469245521085146
2023-06-14,60.3,60.7,58.49,60.49,2032365.0,238009437.0,43816092.0,0.0463839860478657
2023-06-15,59.75,61.37,57.32,58.38,1949908.0,226377920.0,43816092.0,0.04450209753987188
2023-06-16,57.74,59.8,56.85,59.59,1375548.0,158874416.0,43816092.0,0.031393671530541796
2023-06-19,58.84,62.69,58.58,61.54,2326877.0,279535535.0,43816092.0,0.05310553483409702
2023-06-20,60.96,61.88,59.73,60.96,1380035.0,165353802.0,43816092.0,0.031496076829489954
2023-06-21,60.2,61.1,56.02,56.14,1820755.0,207346007.0,43816092.0,0.041554481855661615
2023-06-26,55.54,56.05,53.85,53.92,1199496.0,129254740.0,43816092.0,0.027375695669070624
2023-06-27,54.65,54.72,52.82,53.28,784974.0,83075320.0,43816092.0,0.01791519882695152
2023-06-28,53.27,53.74,50.78,52.03,974550.0,99602930.0,43816092.0,0.022241828413177515
2023-06-29,53.33,55.89,52.5,53.8,1525236.0,163103365.0,43816092.0,0.034809950645529955
2023-06-30,53.51,55.54,52.65,54.18,952573.0,101799259.0,43554805.0,0.021870675347989733
2023-07-03,54.27,55.58,53.58,54.53,885815.0,95015579.0,43554805.0,0.020337939751997512
2023-07-04,54.93,58.99,53.68,58.99,2157812.0,240957020.0,43554805.0,0.04954245576349154
2023-07-05,58.23,63.4,57.72,60.87,3584405.0,431946389.0,43554805.0,0.08229643089895593
2023-07-06,59.03,63.12,59.03,62.46,2482814.0,303132174.0,43554805.0,0.0570043649604217
2023-07-07,62.39,62.83,59.8,61.35,1332986.0,160464043.0,43554805.0,0.030604797794410974
2023-07-10,62.27,63.84,60.87,61.47,1205118.0,148179262.0,43554805.0,0.02766900230640454
2023-07-11,61.88,68.09,61.69,65.33,2416067.0,312051533.0,43554805.0,0.05547188191980196
2023-07-12,65.32,66.42,63.34,63.6,1444297.0,184444495.0,43554805.0,0.03316045152767875
2023-07-13,64.42,68.75,63.94,67.51,2542711.0,336924075.0,43554805.0,0.05837957488272534
2023-07-14,67.82,68.48,65.42,65.66,1868731.0,244346354.0,43554805.0,0.042905277615179316
2023-07-17,65.43,67.41,64.42,65.29,908777.0,117526845.0,43554805.0,0.020865137612256557
2023-07-18,66.58,66.64,62.9,63.51,2109086.0,266735156.0,43554805.0,0.0484237273017294
2023-07-19,62.9,63.79,61.48,61.76,1442611.0,176848907.0,43554805.0,0.0331217416769516
2023-07-20,62.13,62.21,58.99,59.26,1260895.0,149580103.0,43554805.0,0.02894961876192535
2023-07-21,58.83,61.37,58.74,60.1,1116141.0,132645218.0,43554805.0,0.025626127817585224
2023-07-24,60.15,61.67,58.31,58.46,669070.0,78386547.0,43554805.0,0.015361565733103386
2023-07-25,59.26,60.42,57.57,59.05,1268201.0,147600813.0,43554805.0,0.029117361448409654
2023-07-26,58.75,60.13,57.94,58.23,792825.0,91786311.0,43554805.0,0.018202928471382204
2023-07-27,57.94,58.73,56.43,56.76,1052967.0,118921152.0,43554805.0,0.024175679353862334
2023-07-28,57.31,58.75,55.79,56.37,1285492.0,144380691.0,43554805.0,0.029514355534366415
2023-07-31,56.31,56.31,54.27,54.74,1738735.0,188555602.0,43554805.0,0.039920624142387964
2023-08-01,54.14,56.8,53.83,56.35,1945697.0,213140574.0,43554805.0,0.04467238459683151
2023-08-02,55.79,57.82,55.34,56.73,1229255.0,137636878.0,43554805.0,0.028223177672360145
2023-08-03,56.19,58.69,56.16,57.46,1364347.0,155306341.0,43554805.0,0.03132483316134695
2023-08-04,56.29,57.3,53.09,54.25,2054103.0,221915451.0,43554805.0,0.047161340752185664
2023-08-07,54.32,54.63,53.55,54.22,757802.0,80745783.0,43554805.0,0.017398815124990228
2023-08-08,53.97,55.08,53.33,53.77,626044.0,66713470.0,43554805.0,0.0143737068734437
2023-08-09,53.26,54.26,52.98,54.16,603872.0,64097520.0,43554805.0,0.013864647080844467
2023-08-10,53.51,54.05,52.6,53.56,590682.0,62061536.0,43554805.0,0.013561810229663523
2023-08-11,53.26,53.51,51.48,51.81,961565.0,99053364.0,43554805.0,0.022077127885201185
2023-08-14,51.74,51.81,50.16,51.39,741033.0,74333533.0,43554805.0,0.017013805939436532
2023-08-15,51.62,52.75,50.22,50.72,618396.0,62381264.0,43554805.0,0.014198112010833248
2023-08-16,50.28,50.98,49.22,49.31,564115.0,55522258.0,43554805.0,0.012951843085969505
2023-08-17,49.2,50.19,48.35,49.24,687859.0,66626173.0,43554805.0,0.015792953268875844
2023-08-18,49.94,52.24,49.36,50.24,1959848.0,196905328.0,43554805.0,0.04499728560373534
2023-08-21,49.23,50.93,48.87,48.98,632832.0,61822656.0,43554805.0,0.0145295564978422
2023-08-22,49.2,50.16,47.16,48.77,792188.0,75574135.0,43554805.0,0.01818830321935777
2023-08-23,48.69,48.83,47.16,47.28,672081.0,63451815.0,43816094.99999999,0.015338678629394064
2023-08-24,47.37,49.96,46.67,48.49,1103940.0,105478778.0,43816094.99999999,0.02519485134400955
2023-08-25,47.87,48.43,45.84,46.46,820159.0,75581785.0,43816094.99999999,0.018718213021950043
2023-08-28,50.15,50.22,44.13,44.64,1097449.0,100082117.0,43816094.99999999,0.025046709434056142
2023-08-29,44.53,48.14,44.21,46.96,1848723.0,168730938.0,43816094.99999999,0.0421927832683401
2023-08-30,47.06,49.9,47.05,48.69,1420920.0,136268531.0,43816094.99999999,0.032429179277614774
2023-08-31,48.75,50.09,47.71,49.57,1324910.0,128902746.0,43816094.99999999,0.030237975337601405
2023-09-01,50.62,52.96,49.14,49.2,1674096.0,167700896.0,43816094.99999999,0.0382073299777171
2023-09-04,49.2,51.22,48.26,50.42,1056975.0,102555445.0,43816094.99999999,0.024122984944231114
2023-09-05,50.44,53.12,50.44,51.18,2001692.0,204446707.0,43816094.99999999,0.045683943308959876
2023-09-06,50.85,52.23,50.15,51.98,1237487.0,124995466.0,43816094.99999999,0.028242749610616832
2023-09-07,51.86,53.38,50.57,51.23,1301054.0,132625207.0,43816094.99999999,0.02969351787282733
2023-09-08,50.57,51.74,50.56,50.82,673884.0,67806392.0,43816094.99999999,0.015379827892010917
2023-09-11,50.98,51.73,50.27,51.04,776125.0,78029082.0,43816094.99999999,0.017713239849420633
2023-09-12,51.24,51.24,49.71,49.89,1023984.0,101314607.0,43816094.99999999,0.023370042446731052
2023-09-13,50.66,51.16,48.95,49.75,1225061.0,120479957.0,43816094.99999999,0.027959155191716656
2023-09-14,49.71,50.21,48.31,48.95,923769.0,89188285.0,43816094.99999999,0.021082869205939055
2023-09-15,49.07,52.46,47.68,51.48,2085928.0,208003025.0,43816094.99999999,0.04760643320679308
2023-09-18,51.18,51.18,49.56,49.72,1222722.0,121001348.0,43816094.99999999,0.027905772981366782
2023-09-19,49.8,55.03,48.97,53.0,2595729.0,268430512.0,43816094.99999999,0.05924144997403352
2023-09-20,52.68,53.97,51.74,51.9,1994729.0,206812228.0,43816094.99999999,0.045525029101749034
2023-09-21,51.53,52.55,50.47,51.75,1366817.0,138475864.0,43816094.99999999,0.031194404704481316
2023-09-22,51.51,52.97,50.02,52.41,1711734.0,173828605.0,43816094.99999999,0.03906632939334279
2023-09-25,52.41,52.7,50.72,51.06,1113027.0,112547152.0,43816094.99999999,0.025402240888878852
2023-09-26,51.03,51.23,49.03,49.2,1199390.0,117928417.0,43816094.99999999,0.027373274592361555
2023-09-27,48.78,50.56,48.44,49.55,814325.0,79734153.0,43816094.99999999,0.018585065602035055
2023-09-28,49.54,50.17,47.21,48.79,1185381.0,113669722.0,43816094.99999999,0.027053551896854346
2023-10-09,48.78,51.58,48.3,50.39,1255731.0,124524106.0,43816094.99999999,0.028659126286813105
2023-10-10,49.95,52.69,49.92,51.46,1643776.0,166186655.0,43816094.99999999,0.037515346814909
2023-10-11,52.25,52.39,50.72,51.86,1089576.0,111247675.0,43816094.99999999,0.024867026602895585
2023-10-12,52.07,53.52,51.74,53.04,1288697.0,133689998.0,43816094.99999999,0.02941149821772114
2023-10-13,52.71,55.68,52.24,55.14,1830910.0,196767858.0,43816094.99999999,0.04178624316019034
2023-10-16,54.54,56.56,53.57,54.22,1770343.0,191619474.0,43816094.99999999,0.04040394288902287
2023-10-17,53.94,55.22,52.83,54.58,1009700.0,107319911.0,43816094.99999999,0.023044043518711563
2023-10-18,54.27,54.76,52.1,52.48,794527.0,82991460.0,43816094.99999999,0.018133222506478502
2023-10-19,52.15,54.27,52.14,52.49,842241.0,88309734.0,43816094.99999999,0.019222183081354014
2023-10-20,52.07,52.76,49.8,50.23,829965.0,83342796.0,43816094.99999999,0.018942012062005985
2023-10-23,49.2,49.91,47.48,47.68,768325.0,73086441.0,43816094.99999999,0.017535223072708786
2023-10-24,47.81,48.89,46.2,47.81,976904.0,91225618.0,43816094.99999999,0.022295551440629297
2023-10-25,47.5,49.44,47.17,48.69,891219.0,85203495.0,43816094.99999999,0.020339991503122316
2023-10-26,48.96,51.17,47.98,48.62,1090364.0,106763820.0,43816094.99999999,0.024885010861876215
2023-10-27,48.47,53.94,48.47,53.09,1953827.0,199086004.0,43816094.99999999,0.044591536511868535
2023-10-30,52.23,55.71,51.93,54.74,1593866.0,171400114.0,43816094.99999999,0.036376267670590004
2023-10-31,54.73,56.04,53.69,55.08,1284748.0,138848229.0,43816094.99999999,0.029321371518844848
2023-11-01,55.48,55.48,53.66,54.17,717694.0,76925249.0,43816094.99999999,0.016379688787875782
2023-11-02,54.39,55.18,52.47,52.68,1008516.0,106146056.0,43816094.99999999,0.023017021484913254
2023-11-03,52.84,55.5,52.4,54.96,1447474.0,154248730.0,43816094.99999999,0.0330352122890002
2023-11-06,56.3,57.62,54.96,56.91,1513994.0,168516226.0,43816094.99999999,0.034553375877060706
2023-11-07,56.63,58.33,56.05,57.83,1429680.0,161885886.0,43816094.99999999,0.032629105811460384
2023-11-08,57.48,60.76,57.41,59.4,1788810.0,210353567.0,43816094.99999999,0.04082540901922
2023-11-09,59.35,60.15,57.12,57.56,1374126.0,158249352.0,43816094.99999999,0.031361215553325786
2023-11-10,57.88,60.04,57.32,57.73,1472954.0,170066735.0,43816094.99999999,0.033616733759592225
2023-11-13,59.03,59.5,56.75,57.66,905961.0,102845172.0,43816094.99999999,0.020676443211107703
2023-11-14,56.97,59.05,56.72,57.8,1070760.0,122139453.0,43816094.99999999,0.02443759536307378
2023-11-15,58.67,60.26,58.2,59.19,1589082.0,185474298.0,43816094.99999999,0.036267084047540074
2023-11-16,59.09,61.37,58.35,59.95,1534369.0,181197426.0,43816094.99999999,0.0350183876495612
2023-11-17,59.17,59.5,57.65,58.73,973660.0,112296681.0,43816094.99999999,0.022221514719648113
2023-11-20,58.61,58.69,56.56,56.71,1190213.0,133833320.0,43816094.99999999,0.027163831007760965
2023-11-21,56.43,57.11,55.29,55.85,895884.0,98932936.0,43816094.99999999,0.020446459229194205
2023-11-22,55.79,56.2,53.96,54.29,1111226.0,120461463.0,43816094.99999999,0.02536113727158936
2023-11-23,54.53,55.25,53.8,55.25,706321.0,76109046.0,43816094.99999999,0.016120126633831704
2023-11-24,54.86,54.88,53.26,53.89,712210.0,75811576.0,43816094.99999999,0.016254529300249145
2023-11-27,54.28,54.78,53.0,54.51,769724.0,81944472.0,43816094.99999999,0.017567151979198514
2023-11-28,54.27,55.78,54.08,54.93,710351.0,76993612.0,43816094.99999999,0.016212101968466158
2023-11-29,54.87,56.2,53.8,54.54,746306.0,80681520.0,43816094.99999999,0.01703269084111672
2023-11-30,54.07,54.27,52.07,53.32,1020406.0,106607273.0,43816094.99999999,0.023288382956080413
2023-12-01,53.32,54.53,52.5,54.37,833579.0,88045144.0,43816094.99999999,0.01902449316854914
2023-12-04,54.57,55.19,53.48,54.27,664310.0,71298673.0,43816094.99999999,0.015161323709928969
2023-12-05,54.27,54.28,50.72,51.09,1176276.0,120981310.0,43816094.99999999,0.026845751544038787
2023-12-06,51.07,51.9,50.73,51.45,850326.0,86040960.0,43816094.99999999,0.019406704317214946
2023-12-07,51.22,52.04,50.76,51.45,575808.0,58384413.0,43816094.99999999,0.013141472328832593
2023-12-08,51.51,53.2,51.51,52.53,815911.0,84315352.0,43816094.99999999,0.018621262346633128
2023-12-11,52.53,53.77,51.74,53.56,803907.0,83838990.0,43816094.99999999,0.018347299091806334
2023-12-12,53.65,54.48,52.91,53.16,803695.0,84871417.0,43816094.99999999,0.018342460687105964
2023-12-13,53.51,53.56,52.24,52.54,697172.0,72737727.0,43816094.99999999,0.01591132208381418
2023-12-14,52.79,54.26,52.04,52.96,869982.0,91196620.0,43816094.99999999,0.019855306594528794
2023-12-15,53.06,53.44,51.74,52.06,830899.0,85583397.0,43816094.99999999,0.018963328429884043
2023-12-18,51.79,51.79,48.63,48.95,1312762.0,128769956.0,43816094.99999999,0.029960725619204546
2023-12-19,48.55,49.8,48.55,49.33,859996.0,83390868.0,43816094.99999999,0.01962739947501027
2023-12-20,49.36,50.21,48.95,49.42,637763.0,62404131.0,43816094.99999999,0.014555450457189307
2023-12-21,48.74,51.45,48.7,50.54,1006337.0,99331960.0,43816094.99999999,0.022967290900752342
2023-12-22,50.98,51.33,48.9,49.44,716706.0,70620402.0,43816094.99999999,0.01635713999615895
2023-12-25,49.02,49.73,48.39,48.99,375926.0,36346071.0,43816094.99999999,0.008579632666945789
2023-12-26,49.01,49.14,47.11,47.68,491982.0,46302287.0,43816094.99999999,0.0112283397231086
2023-12-27,47.66,49.07,47.5,48.52,580157.0,55321982.0,43816094.99999999,0.013240728093181286
2023-12-28,48.67,50.1,47.97,49.18,702724.0,68021026.0,43816094.99999999,0.016038033512571125
2023-12-29,49.19,50.87,48.81,49.7,1019339.0,100327029.0,43816094.99999999,0.02326403117393278
2024-01-02,49.65,50.3,46.66,47.57,1326431.0,124823976.0,43816094.99999999,0.030272688609060214
2024-01-03,47.26,47.67,46.24,46.76,824446.0,76064941.0,43816094.99999999,0.018816053781150515
2024-01-04,46.55,46.81,45.59,45.94,625711.0,56824225.0,43816094.99999999,0.014280391714505824
2024-01-05,45.9,46.36,45.06,45.08,683579.0,61645279.0,43816094.99999999,0.01560109361639827
2024-01-08,45.45,45.45,43.75,43.78,554363.0,48343093.0,43816094.99999999,0.012652040306193423
2024-01-09,44.38,44.57,42.45,42.81,909511.0,77576922.0,43816094.99999999,0.020757463667175274
2024-01-10,42.52,43.62,41.7,43.01,694728.0,58658001.0,43816094.99999999,0.015855543493777803
2024-01-11,42.76,43.55,42.29,42.92,956682.0,80990432.0,43816094.99999999,0.021834031535671997
2024-01-12,42.9,42.96,41.59,41.65,749836.0,62232963.0,43816094.99999999,0.017113254843910672
2024-01-15,41.19,42.8,41.15,42.58,780287.0,64908876.0,43816094.99999999,0.01780822777566098
2024-01-16,42.55,42.55,40.7,41.59,795801.0,64954317.0,43816094.99999999,0.018162298580008104
2024-01-17,41.56,41.86,40.07,40.07,578451.0,46402118.0,43816094.99999999,0.013201792628941491
2024-01-18,39.86,40.42,38.58,40.18,847953.0,65988080.0,43816094.99999999,0.019352546136299918
2024-01-19,40.47,40.73,39.25,39.46,681512.0,53627693.0,43816094.99999999,0.01555391917056963
2024-01-22,38.93,39.44,36.27,36.57,1089992.0,81080454.0,43816094.99999999,0.024876520830986883
2024-01-23,36.57,37.53,36.1,37.23,750468.0,54556506.0,43816094.99999999,0.017127678767357067
2024-01-24,37.46,37.46,34.75,35.95,1124149.0,78785252.0,43816094.99999999,0.025656074554339
2024-01-25,36.24,37.9,34.91,37.55,1000128.0,72240195.0,43816094.99999999,0.022825584981956977
2024-01-26,37.03,37.05,35.51,35.58,952127.0,67928303.0,43816094.99999999,0.021730074302605016
2024-01-29,36.08,36.52,33.51,33.73,1401655.0,95571008.0,43816094.99999999,0.031989500661800195
2024-01-30,35.45,36.98,34.04,35.61,2894835.0,205294102.0,43816094.99999999,0.06606784561700445
2024-01-31,35.25,36.5,33.98,33.98,1736767.0,120152839.0,43816094.99999999,0.03963764913326941
2024-02-01,34.03,38.3,33.57,36.77,2252373.0,160929858.0,43816094.99999999,0.051405151463178096
2024-02-02,37.03,38.33,34.72,36.01,2602452.0,188535476.0,43816094.99999999,0.059394886741960924
2024-02-05,35.33,35.33,30.43,31.96,2839708.0,184762883.0,43816094.99999999,0.06480970063626164
2024-02-06,30.69,35.96,29.67,35.02,2307034.0,149835216.0,43816094.99999999,0.052652661082645554
2024-02-07,34.9,36.52,32.49,33.32,2416197.0,164578852.0,43816094.99999999,0.05514405151805519
2024-02-08,33.22,37.29,33.22,36.12,2136800.0,148343794.0,43816094.99999999,0.04876746775357321
2024-02-19,36.57,39.3,36.22,38.67,2333832.0,172918855.0,43816094.99999999,0.05326426282396915
2024-02-20,38.42,42.03,37.33,40.43,1951864.0,150573382.0,43816094.99999999,0.04454673562306272
2024-02-21,39.06,41.04,38.6,39.17,1576960.0,123182209.0,43816094.99999999,0.03599042771839892
2024-02-22,39.16,41.24,38.75,40.85,1491431.0,116966355.0,43816094.99999999,0.03403842811642617
2024-02-23,40.48,42.86,39.99,42.25,1419157.0,116088547.0,43816094.99999999,0.03238894292154516
2024-02-26,41.87,44.42,41.69,44.04,1838047.0,157729570.0,43816094.99999999,0.04194912851088168
2024-02-27,43.91,44.38,41.9,44.21,2300149.0,194802134.0,43816094.99999999,0.05249552704320183
2024-02-28,43.39,43.84,39.0,39.01,2579179.0,211941141.0,43816094.99999999,0.05886373489011288
2024-02-29,38.8,41.85,38.8,41.51,1668658.0,134423533.0,43816094.99999999,0.03808322033261979
2024-03-01,41.59,43.0,41.58,42.24,1453117.0,121404419.0,43816094.99999999,0.03316400058015212
2024-03-04,42.24,42.76,40.58,42.38,1373199.0,113970098.0,43816094.99999999,0.031340058944093495
2024-03-05,42.24,42.7,41.08,41.36,1302003.0,107852338.0,43816094.99999999,0.029715176580660606
2024-03-06,41.34,42.1,40.13,41.49,963274.0,78392310.0,43816094.99999999,0.02198447853465719
2024-03-07,42.03,42.81,40.46,40.58,680010.0,55788831.0,43816094.99999999,0.015519639529720759
2024-03-08,40.68,43.39,40.5,42.65,1669991.0,139392407.0,43816094.99999999,0.03811364294330657
2024-03-11,42.16,43.61,41.2,43.35,1357584.0,113896080.0,43816094.99999999,0.03098368305071459
2024-03-12,43.26,46.35,42.92,45.02,2105896.0,187973733.0,43816094.99999999,0.04806215615517541
2024-03-13,44.99,45.95,44.54,44.84,938487.0,83521001.0,43816094.99999999,0.0214187731699961
2024-03-14,44.72,47.57,43.82,46.44,1580404.0,143992247.0,43816094.99999999,0.0360690289721163
2024-03-15,46.44,47.26,45.31,46.65,1073141.0,97823952.0,43816094.99999999,0.024491936125298253
2024-03-18,47.34,49.2,46.05,49.19,1506324.0,142561822.0,43816094.99999999,0.03437832604662739
2024-03-19,48.7,50.35,47.87,47.87,1206976.0,117054400.0,43816094.99999999,0.027546407319045667
2024-03-20,47.87,49.12,47.65,48.89,847088.0,80861503.0,43816094.99999999,0.019332804532215846
2024-03-21,50.72,51.05,48.74,50.06,1340630.0,131885624.0,43816094.99999999,0.030596747610666816
2024-03-22,49.79,52.2,49.2,49.45,1359699.0,135501310.0,43816094.99999999,0.031031952984399917
2024-03-25,48.74,48.74,46.31,46.36,1394791.0,129871380.0,43816094.99999999,0.03183284589829377
2024-03-26,46.94,48.54,46.07,46.82,975631.0,90662192.0,43816094.99999999,0.022266498189763378
2024-03-27,46.57,47.48,44.82,44.83,1463301.0,131997314.0,43816094.99999999,0.03339642658707948
2024-03-28,44.8,46.15,44.38,45.13,1156186.0,103189306.0,43816094.99999999,0.02638724423068738
2024-03-29,44.83,46.09,44.13,46.01,778708.0,69438426.0,43816094.99999999,0.01777219078970867
2024-04-01,46.01,47.04,45.66,46.12,712046.0,65017784.0,43816094.99999999,0.01625078638340546
2024-04-02,47.17,47.63,44.82,45.05,843211.0,76628075.0,43816094.99999999,0.019244321065124588
2024-04-03,45.05,50.02,44.69,48.19,1884210.0,177051080.0,43816094.99999999,0.043002691134387955
2024-04-08,47.91,48.06,45.85,46.56,1192306.0,110026517.0,43816094.99999999,0.02721159884284531
2024-04-09,47.17,47.17,44.76,45.91,1232488.0,110830618.0,43816094.99999999,0.028128659114875484
2024-04-10,46.06,46.41,43.01,43.97,1348418.0,116452158.0,43816094.99999999,0.03077449051541449
2024-04-11,44.13,46.06,44.0,44.03,994168.0,88022944.0,43816094.99999999,0.02268956190641818
2024-04-12,44.42,47.34,44.19,46.11,1523234.0,137575731.0,43816094.99999999,0.0347642572894732
2024-04-15,45.59,46.66,44.15,45.35,1207321.0,107639026.0,43816094.99999999,0.027554281138015613
2024-04-16,45.09,45.34,42.1,42.21,1367714.0,116438282.0,43816094.99999999,0.03121487663380318
2024-04-17,43.52,46.92,42.73,46.92,1700469.0,151753001.0,43816094.99999999,0.038809232086976266
2024-04-18,46.07,47.36,45.76,46.03,1053145.0,96275215.0,43816094.99999999,0.02403557414233286
2024-04-19,45.65,45.9,43.87,45.54,1258951.0,111009985.0,43816094.99999999,0.028732615263865943
2024-04-22,44.38,47.98,43.04,47.53,1325598.0,120534890.0,43816094.99999999,0.030253677330213936
2024-04-23,47.22,50.0,47.22,49.65,1535934.0,147481235.0,43816094.99999999,0.035054105118221976
2024-04-24,49.78,51.74,48.64,49.25,1674121.0,165022293.0,43816094.99999999,0.03820790054430912
2024-04-25,48.69,50.46,48.29,49.09,1029148.0,100380565.0,43816094.99999999,0.023487898681979764
2024-04-26,48.86,50.81,48.72,50.68,1605434.0,158582705.0,43816094.99999999,0.03664028024405188
2024-04-29,52.24,58.55,52.15,55.33,2509892.0,271089430.0,43816094.99999999,0.05728242099164703
2024-04-30,55.31,56.44,54.5,55.12,1251035.0,136955749.0,43816094.99999999,0.028551951058167102
2024-05-06,56.25,60.05,55.8,59.85,1800126.0,207148827.0,43816094.99999999,0.04108367028143426
2024-05-07,60.26,60.26,57.83,59.52,1373582.0,159615520.0,43816094.99999999,0.03134880002428332
2024-05-08,57.81,61.12,56.96,59.36,2416317.0,284756857.0,43816094.99999999,0.05514679023769691
2024-05-09,60.13,60.13,57.46,57.91,1513093.0,173604596.0,43816094.99999999,0.03453281265708412
2024-05-10,57.68,58.68,57.15,57.32,695122.0,79075020.0,43816094.99999999,0.01586453562326812
2024-05-13,56.9,62.33,56.22,60.1,1629059.0,193132393.0,43816094.99999999,0.03717946567351564
2024-05-14,60.4,64.91,60.16,62.29,1644008.0,202197440.0,43816094.99999999,0.03752064167288299
2024-05-15,60.87,62.39,59.61,60.0,780409.0,93232774.0,43816094.99999999,0.01781101214063006
2024-05-16,60.82,61.37,58.71,60.0,1153983.0,135599880.0,43816094.99999999,0.026336965902598125
2024-05-17,59.49,59.69,58.25,59.28,740618.0,86093674.0,43816094.99999999,0.01690287553009916
2024-05-20,59.5,61.07,58.24,60.03,889129.0,105094458.0,43816094.99999999,0.020292292136029014
2024-05-21,59.89,62.13,59.51,60.94,943211.0,113412693.0,43816094.99999999,0.021526587433225167
2024-05-22,60.63,60.76,57.82,58.94,1440946.0,166957967.0,43816094.99999999,0.03288622594049059
2024-05-23,58.94,59.59,57.82,58.38,600447.0,69302076.0,43816094.99999999,0.013703799939268894
2024-05-24,58.79,58.79,55.79,56.05,1410077.0,157249877.0,43816094.99999999,0.03218171313532163
2024-05-27,56.2,57.55,54.58,57.42,1337443.0,147430427.0,43816094.99999999,0.03052401178151545
2024-05-28,56.92,59.75,56.92,57.56,1003107.0,115218270.0,43816094.99999999,0.022893573697062693
2024-05-29,57.3,58.27,56.05,56.66,937643.0,105160121.0,43816094.99999999,0.02139951084184933
2024-05-30,56.28,57.84,55.81,57.15,791073.0,89159489.0,43816094.99999999,0.018054393026124306
2024-05-31,57.78,58.48,56.86,57.61,949959.0,108071843.0,43816094.99999999,0.021680594767744595
2024-06-03,57.51,62.64,57.21,61.38,2020145.0,242924530.0,43816094.99999999,0.046105089921865475
2024-06-04,61.01,62.18,60.16,61.25,1317639.0,158639814.0,43816094.99999999,0.030072031749976812
2024-06-05,60.47,61.61,58.13,59.6,1438708.0,168914026.0,43816094.99999999,0.0328351488191725
2024-06-06,60.22,60.22,57.46,58.1,1309654.0,108140092.0,61230869.0,0.021388786757215547
2024-06-07,58.51,59.56,56.93,57.53,1010076.0,82634445.0,61230869.0,0.01649618920156106
2024-06-11,57.82,61.47,57.46,61.26,1771877.0,149812182.0,61230869.0,0.028937642547584946
2024-06-12,60.88,63.06,60.29,61.15,1173852.0,102172862.0,61230869.0,0.019170918511706898
2024-06-13,61.64,66.25,61.16,64.37,2422144.0,220240217.0,61230869.0,0.03955756368572852
2024-06-14,63.9,64.87,63.13,64.68,1440800.0,130232388.0,61230869.0,0.023530614925618646
2024-06-17,64.75,65.96,64.13,65.19,1866621.0,171368064.0,61230869.0,0.03048496665954553
2024-06-18,65.2,65.82,63.84,64.52,1130089.0,102854816.0,61230869.0,0.018456197314462415
2024-06-19,68.09,70.84,66.1,67.32,5054852.0,482200414.0,61230869.0,0.0825539810646816
2024-06-20,67.05,70.79,66.82,69.45,4843880.0,473311911.0,61230869.0,0.07910846406573128
2024-06-21,69.08,70.58,67.54,70.15,2467523.0,240683656.0,61230869.0,0.04029867679976908
2024-06-24,69.97,71.8,68.1,68.24,2038471.0,200744073.0,61230869.0,0.03329155756388171
2024-06-25,68.52,69.36,66.88,67.25,1576435.0,150548444.0,61230869.0,0.02574575578863661
2024-06-26,68.37,69.65,65.83,69.23,1754977.0,167227425.0,61230869.0,0.02866163797218034
2024-06-27,68.03,70.23,66.84,67.53,1797922.0,173253921.0,61230869.0,0.02936299989470997
2024-06-28,66.67,70.58,66.4,68.93,1897275.0,183808322.0,61230869.0,0.030985596497087115
2024-07-01,68.1,70.21,63.98,66.54,2992817.0,277557487.0,61230869.0,0.0488775849318748
2024-07-02,66.79,66.79,63.26,63.59,2702293.0,244700041.0,61230869.0,0.04413285396945779
2024-07-03,64.09,64.91,62.71,64.55,1658919.0,149869546.0,61230869.0,0.027092854096191252
2024-07-04,64.55,65.56,63.49,63.91,1833615.0,166708504.0,61230869.0,0.029945924824290832
2024-07-05,63.13,65.16,61.83,64.23,1387843.0,124073018.0,61230869.0,0.022665740706701385
2024-07-08,64.08,66.93,63.36,63.77,2211418.0,203249149.0,61230869.0,0.03611606426817166
2024-07-09,63.96,66.46,62.78,66.11,1928750.0,177197557.0,61230869.0,0.03149963460423859
2024-07-10,65.98,67.48,65.71,66.11,1520319.0,142908183.0,61230869.0,0.024829289945239877
2024-07-11,67.03,67.3,64.66,65.95,1759794.0,163906458.0,61230869.0,0.028740307441986492
2024-07-12,65.28,65.94,63.49,65.69,1170200.0,106628396.0,61230869.0,0.019111275392808814
2024-07-15,65.88,67.28,65.03,66.06,1294217.0,121147905.0,61230869.0,0.021136675358959873
2024-07-16,65.67,67.94,64.87,67.4,1647931.0,154341964.0,61230869.0,0.026913402127283218
2024-07-17,67.37,67.37,63.29,63.32,1756588.0,160679958.0,61230869.0,0.028687948230818022
2024-07-18,61.0,64.27,60.08,63.83,2285545.0,200396840.0,61230869.0,0.037326679129770314
2024-07-19,64.16,64.2,60.71,61.67,3398703.0,297066428.0,61230869.0,0.05550636558824602
2024-07-22,61.43,61.93,58.96,59.96,2603085.0,220703931.0,61230869.0,0.04251262545367435
2024-07-23,59.96,59.96,55.68,55.68,2894789.0,233355521.0,61230869.0,0.04727662774147465
2024-07-24,55.61,56.71,53.47,53.47,2935539.0,226039899.0,61230869.0,0.04794214173246504
2024-07-25,53.13,53.56,52.21,52.39,1890452.0,140527105.0,61230869.0,0.030874165774129384
2024-07-26,52.59,53.06,51.36,52.09,1622166.0,119454557.0,61230869.0,0.0264926176370288
2024-07-29,52.1,52.46,49.73,50.36,2205187.0,158332549.0,61230869.0,0.036014301871168934
2024-07-30,50.63,51.41,49.19,50.42,1741127.0,123762969.0,61230869.0,0.028435444873402008
2024-07-31,50.34,54.55,49.74,53.85,2617331.0,194739606.0,61230869.0,0.04274528587859826
2024-08-01,54.31,55.46,53.63,54.41,2453943.0,188612434.0,61230869.0,0.04007689324154456
2024-08-02,53.45,53.69,50.83,51.02,2267140.0,165874059.0,61230869.0,0.03702609544868619
2024-08-05,50.41,50.78,47.04,47.15,2579534.0,176921437.0,61230869.0,0.04212799919596111
2024-08-06,48.15,49.35,47.72,49.23,2190233.0,149810753.0,61230869.0,0.035770078651015065
2024-08-07,48.72,50.08,48.49,49.25,1416181.0,98311618.0,61230869.0,0.023128546485270362
2024-08-08,49.12,50.48,48.28,49.73,1589138.0,110654840.0,61230869.0,0.025953216505877126
2024-08-09,51.07,51.42,49.16,49.16,1458376.0,102493083.0,61230869.0,0.023817659684039434
2024-08-12,48.8,49.62,48.19,48.45,845950.0,58021020.0,61230869.0,0.013815743820326966
2024-08-13,48.62,49.2,48.34,49.04,634527.0,43576479.0,61230869.0,0.010362861255488633
2024-08-14,49.06,49.43,48.34,48.34,767484.0,52677473.0,61230869.0,0.012534266008865562
2024-08-15,48.29,49.29,47.75,48.19,925971.0,63261216.0,61230869.0,0.01512261731905193
2024-08-16,48.19,50.04,47.67,48.82,1431702.0,99131834.0,61230869.0,0.02338202974058722
2024-08-19,48.31,49.26,47.68,47.78,980895.0,66732849.0,61230869.0,0.016019615857485216
2024-08-20,47.85,48.16,46.59,47.07,823744.0,55081193.0,61230869.0,0.013453083607224324
2024-08-21,47.06,47.71,46.34,46.6,1026476.0,68045382.0,61230869.0,0.016764027961125295
2024-08-22,46.59,47.09,45.46,46.24,891981.0,58179632.0,61230869.0,0.014567505158223379
2024-08-23,46.19,46.78,45.4,46.31,1157928.0,75164586.0,105609735.0,0.010964216509017848
2024-08-26,46.82,46.82,45.58,45.79,962999.0,62462596.0,105609735.0,0.009118468103342936
2024-08-27,45.76,46.07,44.83,45.04,891909.0,57018726.0,105609735.0,0.008445329400741323
2024-08-28,45.47,45.88,44.38,45.63,1341006.0,85286170.0,105609735.0,0.012697749880728325
2024-08-29,45.28,46.66,44.53,46.19,1479036.0,95398043.0,105609735.0,0.014004731666072261
2024-08-30,45.95,48.72,45.72,48.41,2562216.0,172612478.0,105609735.0,0.02426117251406795
2024-09-02,47.68,48.4,44.77,44.98,2490363.0,161138945.0,105609735.0,0.02358080909870667
2024-09-03,44.77,46.32,44.76,45.51,1276898.0,82215774.0,105609735.0,0.01209072250773094
2024-09-04,45.07,45.9,44.6,45.18,972869.0,62071753.0,105609735.0,0.0092119253968396
2024-09-05,45.19,46.48,45.18,45.61,912346.0,58836720.0,105609735.0,0.008638843758106201
2024-09-06,45.61,45.91,43.38,43.51,1325825.0,82438120.0,105609735.0,0.012554003662635836
2024-09-09,43.23,44.19,42.56,43.45,992801.0,60749299.0,105609735.0,0.009400657998052927
2024-09-10,43.46,44.46,42.99,44.13,924792.0,56880855.0,105609735.0,0.008756692742387811
2024-09-11,43.4,44.24,43.28,43.67,783027.0,48164357.0,105609735.0,0.0074143448991705165
2024-09-12,43.85,44.29,43.14,43.24,711377.0,43657182.0,105609735.0,0.006735903655093917
2024-09-13,43.28,43.48,42.42,42.75,1011720.0,61081005.0,105609735.0,0.009579798680490961
2024-09-18,42.9,42.9,40.86,41.87,1333393.0,78169062.0,105609735.0,0.012625663723140675
2024-09-19,42.03,42.48,41.09,41.42,1426309.0,83842613.0,105609735.0,0.013505468979729946
2024-09-20,41.57,41.94,40.43,40.67,1314180.0,75778697.0,105609735.0,0.01244373920642827
2024-09-23,40.28,41.52,39.97,40.4,1934615.0,110572503.0,105609735.0,0.01831852906363225
2024-09-24,40.43,42.31,39.98,42.26,2077019.0,121172673.0,105609735.0,0.019666927485425468
2024-09-25,42.56,43.86,42.21,42.25,2676849.0,162300439.0,105609735.0,0.02534661222282207
2024-09-26,42.77,45.42,42.42,45.42,3413774.0,210586637.0,105609735.0,0.032324425395064194
2024-09-27,45.54,50.71,45.47,49.44,2293288.0,152634235.0,105609735.0,0.021714740596593677
2024-09-30,53.2,58.16,50.71,58.16,5740151.0,437815022.0,105609735.0,0.05435247991106123
2024-10-08,69.79,69.79,61.19,69.79,9424424.0,893191784.0,105609735.0,0.08923821274620185
2024-10-09,66.81,69.72,61.0,62.17,8432575.0,778349763.0,105609735.0,0.0798465690686564
2024-10-10,62.3,63.84,56.8,57.24,5321460.0,445118130.0,105609735.0,0.05038796849551796
2024-10-11,55.76,57.59,53.41,54.23,3356445.0,262098146.0,105609735.0,0.03178158718038635
2024-10-14,54.63,58.51,53.7,58.32,4107574.0,324852938.0,105609735.0,0.03889389552961192
2024-10-15,57.41,59.94,56.4,56.63,3953419.0,323442541.0,105609735.0,0.03743422895626052
2024-10-16,55.25,56.32,54.63,55.5,2327869.0,182003694.0,105609735.0,0.022042182001498253
2024-10-17,56.04,57.88,56.04,56.54,2788949.0,224045947.0,105609735.0,0.026408067400225936
2024-10-18,56.59,63.81,55.97,61.0,4985902.0,420207811.0,105609735.0,0.04721062883076072
2024-10-21,62.13,65.61,61.57,62.55,6613966.0,593306440.0,105609735.0,0.06262648040921606
2024-10-22,62.42,62.77,60.15,61.53,4223082.0,365524288.0,105609735.0,0.03998762045942072
2024-10-23,61.0,62.27,59.27,59.85,4489513.0,384155411.0,105609735.0,0.042510408723210984
2024-10-24,58.73,60.93,58.66,59.75,2948785.0,248580260.0,105609735.0,0.027921526363076283
2024-10-25,60.71,64.47,59.59,63.9,5823527.0,512368265.0,105609735.0,0.05514195258609445
2024-10-28,64.05,64.05,60.72,62.09,5314282.0,462683628.0,105609735.0,0.050320001276397484
2024-10-29,62.47,62.55,59.61,59.89,4126978.0,353546043.0,105609735.0,0.03907762859172026
2024-10-30,59.6,60.71,58.31,59.47,2983020.0,249396842.0,105609735.0,0.02824569155485524
2024-10-31,59.4,61.49,57.94,60.46,3713594.0,314423971.0,105609735.0,0.03516336822547656
2024-11-01,59.57,60.06,56.51,56.73,4260906.0,346885117.0,105609735.0,0.04034576926075991
2024-11-04,56.65,58.63,56.52,57.58,2729155.0,221344569.0,105609735.0,0.025841888534234084
2024-11-05,57.35,60.61,57.16,60.47,4726715.0,394646197.0,105609735.0,0.044756432728479054
2024-11-06,60.92,61.71,59.59,60.16,3790060.0,324415556.0,105609735.0,0.03588741132623806
2024-11-07,60.33,61.49,59.77,61.4,3221927.0,275353829.0,105609735.0,0.030507859905149842
2024-11-08,62.91,63.6,61.44,61.49,5024601.0,440750806.0,105609735.0,0.047577062853154585
2024-11-11,61.63,65.24,61.63,64.85,5554991.0,499616566.0,105609735.0,0.052599232447652675
2024-11-12,65.21,69.28,63.92,65.83,7852727.0,732523842.0,105609735.0,0.07435609037367626
2024-11-13,65.32,65.32,63.06,64.75,4157021.0,375084623.0,105609735.0,0.03936210047302931
2024-11-14,64.34,64.55,61.43,61.64,3299675.0,292618003.0,105609735.0,0.031244042038359437
2024-11-15,61.64,62.1,58.93,59.04,3345712.0,285344954.0,105609735.0,0.03167995829172377
2024-11-18,59.22,59.57,56.87,57.34,2535311.0,207061972.0,105609735.0,0.02400641380266696
2024-11-19,57.58,59.52,56.55,59.23,2574006.0,209884349.0,105609735.0,0.024372809949764575
2024-11-20,58.99,59.22,57.99,58.86,2769787.0,228251040.0,105609735.0,0.02622662579354072
2024-11-21,58.79,60.59,58.01,59.64,3106683.0,259997884.0,105609735.0,0.029416634744893547
2024-11-22,59.71,59.95,56.17,56.23,2994651.0,245298750.0,105609735.0,0.02835582344752593
2024-11-25,56.49,56.96,54.11,55.38,2879752.0,223534408.0,105609735.0,0.02726786503157119
2024-11-26,54.92,55.82,53.47,53.57,2772394.0,212662604.0,105609735.0,0.0262513110178716
2024-11-27,53.6,55.37,52.0,55.31,3341787.0,253092358.0,105609735.0,0.03164279315727854
2024-11-28,55.29,61.55,54.6,60.41,7139788.0,589161331.0,105609735.0,0.06760539641539674
2024-11-29,61.04,65.08,60.97,63.15,8780312.0,779573520.0,105609735.0,0.08313922954167056
2024-12-02,63.13,69.79,62.69,67.28,9322701.0,884022593.0,105609735.0,0.08827501555609434
2024-12-03,65.96,67.93,64.93,65.2,4372262.0,406807535.0,105609735.0,0.041400179633061286
2024-12-04,66.65,67.76,63.81,64.19,3421862.0,316564414.0,105609735.0,0.03240100924408152
2024-12-05,64.19,65.12,63.27,63.7,2529388.0,228026423.0,105609735.0,0.0239503299577449
2024-12-06,63.96,64.85,62.47,63.97,3439132.0,307568057.0,105609735.0,0.03256453583564053
2024-12-09,63.62,68.87,63.26,67.39,5952014.0,559028285.0,105609735.0,0.05635857338341015
2024-12-10,70.39,70.73,66.82,68.38,5935755.0,577823745.0,105609735.0,0.05620461977297832
2024-12-11,68.25,78.2,67.75,74.23,9428748.0,971061097.0,105609735.0,0.08927915594144802
2024-12-12,73.85,78.1,73.15,75.92,6808155.0,726688908.0,105609735.0,0.06446522188508474
2024-12-13,75.16,91.11,73.58,87.78,13806346.0,1616918256.0,105609735.0,0.1307298612197067
2024-12-16,85.31,86.9,79.53,80.09,9150966.0,1067851066.0,105609735.0,0.08664888705572454
2024-12-17,79.71,80.32,74.12,75.99,6835813.0,732506568.0,105609735.0,0.06472711062100478
2024-12-18,76.12,88.41,73.93,85.57,10106170.0,1156984985.0,105609735.0,0.09569354567550047
2024-12-19,83.17,92.65,82.32,87.33,9659711.0,1204032062.0,105609735.0,0.09146610395339028
2024-12-20,85.68,94.78,83.96,88.22,8857100.0,1111238849.0,105609735.0,0.08386632160378019
2024-12-23,86.81,88.22,80.69,81.29,7904286.0,927671250.0,105609735.0,0.0748442934735136
2024-12-24,81.75,82.22,78.5,81.29,5451414.0,615922561.0,105609735.0,0.05161848005773331
2024-12-25,80.47,83.53,77.49,78.77,6394187.0,715568964.0,105609735.0,0.06054543172558856
2024-12-26,78.43,82.85,77.5,81.4,8340164.0,943209181.0,105609735.0,0.07897154556821868
2024-12-27,80.62,81.4,76.99,77.18,7217003.0,803012261.0,105609735.0,0.06833653166538103
2024-12-30,76.36,78.33,75.35,77.39,3896504.0,423195161.0,105609735.0,0.036895310834744545
2024-12-31,77.01,77.4,71.87,71.98,5426236.0,563976937.0,105609735.0,0.051380074005488226
2025-01-02,72.65,73.34,70.16,71.22,4897181.0,494176502.0,105609735.0,0.04637054529111355
2025-01-03,72.16,73.53,69.1,69.8,5996093.0,605397906.0,105609735.0,0.056775949679260154
2025-01-06,69.79,70.65,65.76,66.55,5742068.0,547422851.0,105609735.0,0.054370631646789
2025-01-07,67.25,72.21,66.92,72.15,6572935.0,645341032.0,105609735.0,0.0622379650891085
2025-01-08,70.08,77.49,70.07,75.36,8706807.0,906143743.0,105609735.0,0.08244322362895806
2025-01-09,74.86,77.69,74.61,75.15,6043446.0,645753991.0,105609735.0,0.05722432690509071
2025-01-10,74.12,79.39,73.93,74.41,5315213.0,573551738.0,105609735.0,0.05032881675159965
2025-01-13,72.73,74.62,71.1,73.64,3798255.0,390534905.0,105609735.0,0.035965008339430074
2025-01-14,73.86,79.78,72.97,79.78,6379836.0,691717004.0,105609735.0,0.06040954463146792
2025-01-15,79.39,82.8,77.96,80.66,6049305.0,682337937.0,105609735.0,0.05727980474527277
2025-01-16,81.03,81.61,75.36,76.49,6188200.0,677774947.0,105609735.0,0.05859497706343075
2025-01-17,75.64,81.24,74.79,79.06,5660682.0,620953454.0,105609735.0,0.05360000193164011
2025-01-20,79.61,80.03,76.92,78.34,4428235.0,488207301.0,105609735.0,0.04193017812231041
2025-01-21,79.02,85.92,77.91,84.6,8020194.0,925081767.0,105609735.0,0.07594180593294737
2025-01-22,83.17,87.87,82.75,85.68,6309848.0,757783030.0,105609735.0,0.05974684057298316
2025-01-23,86.59,87.08,82.46,82.54,6368752.0,759497650.0,105609735.0,0.06030459218555941
2025-01-24,81.75,87.52,81.62,87.52,6621606.0,796819863.0,105609735.0,0.0626988222250534
2025-01-27,85.23,85.52,76.85,76.98,8013047.0,899614398.0,105609735.0,0.07587413224737284
2025-02-05,79.34,81.74,76.67,78.31,5322827.0,590162033.0,105609735.0,0.050400912378011364
2025-02-06,77.45,83.16,77.15,81.01,6135586.0,697116591.0,105609735.0,0.058096784354207495
2025-02-07,80.33,84.72,79.18,82.38,7294350.0,842021731.0,105609735.0,0.06906891680014157
2025-02-10,82.45,83.75,80.93,82.24,5477705.0,633048062.0,105609735.0,0.05186742491115994
2025-02-11,81.75,81.75,76.53,77.1,6956349.0,767870770.0,105609735.0,0.06586844479819971
2025-02-12,75.85,78.8,74.86,78.57,5019799.0,545883181.0,105609735.0,0.047531593560006566
2025-02-13,77.84,78.05,73.88,74.54,5495774.0,581607340.0,105609735.0,0.052038517093144866
2025-02-14,73.93,75.92,73.29,75.11,4176228.0,439701753.0,105609735.0,0.03954396817679734
2025-02-17,75.18,78.15,73.93,77.44,5694794.0,612542711.0,105609735.0,0.05392300245805938
2025-02-18,76.83,77.52,74.05,74.64,4278937.0,454888542.0,105609735.0,0.040516501627430465
2025-02-19,75.01,79.12,74.64,78.58,5994937.0,655167699.0,105609735.0,0.05676500371864393
2025-02-20,79.62,82.03,78.2,80.39,6124215.0,693116905.0,105609735.0,0.057989114355793056
2025-02-21,80.01,82.93,79.26,81.79,6692473.0,765622775.0,105609735.0,0.06336984937988908
2025-02-24,82.82,89.36,82.82,88.15,10634927.0,1290213886.0,105609735.0,0.10070025268030453
2025-02-25,85.55,91.55,85.55,88.09,9386530.0,1165825416.0,105609735.0,0.08887940112717828
2025-02-26,88.15,91.04,85.31,90.99,8138515.0,1018957532.0,105609735.0,0.07706216666484392
2025-02-27,91.57,94.55,85.51,88.58,9346319.0,1178836894.0,105609735.0,0.08849865024280196
2025-02-28,88.15,90.0,83.17,84.5,8044886.0,972523671.0,105609735.0,0.0761756101366981
2025-03-03,84.57,85.95,79.71,80.27,6584719.0,754195847.0,105609735.0,0.06234954571186075
2025-03-04,78.34,85.2,77.98,82.83,6474642.0,740818849.0,105609735.0,0.06130724596553528
2025-03-05,82.33,83.51,80.08,82.07,4324085.0,496390629.0,105609735.0,0.040944000096203255
2025-03-06,82.84,84.6,82.11,82.67,5272414.0,617596838.0,105609735.0,0.049923560550549625
2025-03-07,82.58,86.73,80.09,84.52,7112838.0,839658592.0,105609735.0,0.06735021160691294
2025-03-10,83.89,84.24,81.8,83.17,4149589.0,484056890.0,105609735.0,0.03929172817259697
2025-03-11,81.04,83.01,80.39,81.75,3448816.0,395582825.0,105609735.0,0.03265623192786157
2025-03-12,82.46,84.01,81.49,81.84,4198980.0,486939410.0,105609735.0,0.039759402861866855
2025-03-13,81.97,81.97,74.65,75.25,6591334.0,717644008.0,105609735.0,0.06241218198303405
2025-03-14,74.57,77.44,74.57,77.24,3385910.0,362205916.0,105609735.0,0.03206058608138729
2025-03-17,77.49,79.26,75.82,78.86,3084557.0,339497192.0,105609735.0,0.029207127543687143
2025-03-18,79.98,85.2,79.26,84.98,8352358.0,981633414.0,105609735.0,0.07908700840883655
2025-03-19,84.38,88.62,83.17,85.04,5724139.0,682900560.0,105609735.0,0.05420086510017282
2025-03-20,84.6,85.31,82.46,83.18,4118997.0,485538486.0,105609735.0,0.03900205790687762
2025-03-21,82.8,83.89,78.33,78.56,4987771.0,562418729.0,105609735.0,0.0472283260629335
2025-03-24,78.29,82.46,78.26,80.43,4749692.0,536405831.0,105609735.0,0.04497399789896263
2025-03-25,80.43,80.43,76.56,76.71,3747282.0,409839818.0,105609735.0,0.03548235397049335
2025-03-26,76.89,80.72,76.89,77.61,4278876.0,476400007.0,105609735.0,0.04051592402916265
2025-03-27,77.57,81.33,77.47,78.75,4009943.0,448591448.0,105609735.0,0.03796944476756806
2025-03-28,78.54,79.82,76.72,77.32,3456753.0,378570905.0,105609735.0,0.03273138598444547
2025-03-31,77.85,78.81,74.57,77.97,4682604.0,505322421.0,105609735.0,0.04433875343025906
2025-04-01,78.28,78.65,75.75,76.07,3345789.0,362837988.0,105609735.0,0.03168068739117658
2025-04-02,75.79,76.74,74.98,75.26,2376948.0,253130451.0,105609735.0,0.022506902417660644
2025-04-03,73.93,76.28,72.52,73.09,3468853.0,360723505.0,105609735.0,0.03284595875560146
2025-04-07,65.4,69.14,59.91,61.89,5605688.0,507585783.0,105609735.0,0.053079273421148154
2025-04-08,63.27,64.95,61.51,63.38,3807155.0,338918111.0,105609735.0,0.03604928087358613
2025-04-09,62.2,66.11,59.02,65.59,3932856.0,353620048.0,105609735.0,0.03723952152706377
2025-04-10,68.08,68.81,66.2,66.32,3665948.0,349932148.0,105609735.0,0.0347122166341957
2025-04-11,65.44,72.21,65.39,71.19,4922695.0,481956980.0,105609735.0,0.04661213286824363
2025-04-14,72.6,73.2,71.09,71.4,3299255.0,334613326.0,105609735.0,0.031240065132253195
2025-04-15,71.22,72.08,69.82,70.27,1922340.0,190582608.0,105609735.0,0.018202299248265323
2025-04-16,70.26,70.73,67.53,68.74,2437295.0,236098974.0,105609735.0,0.023078317543359046
2025-04-17,68.04,70.87,68.04,69.01,2348948.0,231124494.0,105609735.0,0.02224177534391124
2025-04-18,68.28,69.45,68.28,69.16,1355716.0,131363575.0,105609735.0,0.012837036282687387
2025-04-21,69.02,71.02,68.25,70.83,2160433.0,212495465.0,105609735.0,0.020456759975773068
2025-04-22,70.76,70.95,69.58,70.02,1649025.0,163117250.0,105609735.0,0.015614327599628955
2025-04-23,71.04,71.8,70.21,71.09,2074097.0,207290899.0,105609735.0,0.019639259581514905
2025-04-24,71.8,72.43,69.38,70.18,1987982.0,198220959.0,105609735.0,0.01882385179737455
2025-04-25,70.21,71.69,69.36,70.41,1834032.0,181966571.0,105609735.0,0.017366126332955954
2025-04-28,70.38,70.59,69.46,69.59,1413568.0,139143398.0,105609735.0,0.013384826692349906
2025-04-29,62.79,63.72,59.96,61.92,8025502.0,687059319.0,105609735.0,0.07599206645107101
2025-04-30,61.85,65.12,61.24,65.11,4602351.0,410133065.0,105609735.0,0.043578851892772955
2025-05-06,65.32,66.83,65.03,66.18,3724080.0,346249527.0,105609735.0,0.03526265831459571
2025-05-07,67.35,67.56,63.68,64.16,3537366.0,323527345.0,105609735.0,0.033494696298594064
2025-05-08,63.74,64.68,63.54,64.26,2230955.0,201474149.0,105609735.0,0.021124520386307192
2025-05-09,64.26,64.26,61.76,61.86,2657725.0,232867686.0,105609735.0,0.02516553043145123
2025-05-12,62.58,63.23,62.22,63.18,2055121.0,181513224.0,105609735.0,0.01945957917610531
2025-05-13,64.34,64.96,62.71,62.75,2262212.0,202662237.0,105609735.0,0.021420487420028087
2025-05-14,62.75,64.18,62.63,63.24,2775950.0,247855892.0,105609735.0,0.026284982156237775
2025-05-15,63.24,63.24,61.19,61.19,1941992.0,168591701.0,105609735.0,0.018388380578741155
2025-05-16,60.94,61.83,60.65,61.02,1219691.0,105273029.0,105609735.0,0.01154903948958872
2025-05-19,61.09,62.13,60.5,61.72,1676761.0,145101972.0,105609735.0,0.015876954903825864
2025-05-20,61.41,62.05,61.14,61.58,1136204.0,98446001.0,105609735.0,0.01075851577508456
2025-05-21,61.18,61.57,59.42,59.76,2414783.0,203620678.0,105609735.0,0.02286515537606453
2025-05-22,59.42,60.81,58.63,58.68,2015700.0,169155383.0,105609735.0,0.019086308662738336
2025-05-23,58.65,58.92,57.21,57.21,2340541.0,190455087.0,105609735.0,0.022162170940017982
2025-05-26,57.07,58.05,57.07,57.61,1560767.0,126299057.0,105609735.0,0.014778628125522709
2025-05-27,58.01,58.01,56.82,57.11,1259970.0,101519392.0,105609735.0,0.0119304342540013
2025-05-28,57.13,57.75,56.63,57.08,1099562.0,88400522.0,105609735.0,0.010411559123787216
2025-05-29,57.06,58.09,57.06,58.08,1498755.0,121924837.0,105609735.0,0.014191447407760278
2025-05-30,57.98,58.18,56.48,56.64,2341266.0,133788815.0,147741965.0,0.015846993777292727
2025-06-03,56.08,57.43,55.86,56.73,1725004.0,98151307.0,147741965.0,0.011675788933767058
2025-06-04,56.74,57.95,56.67,57.53,1808436.0,103699709.0,147741965.0,0.012240503231427847
2025-06-05,57.58,59.86,57.05,59.36,3253289.0,190422487.0,147741965.0,0.022020073985072556
2025-06-06,59.09,61.65,58.78,60.57,4201299.0,253592825.0,147741965.0,0.028436734275193918
2025-06-09,60.48,60.87,60.08,60.53,2212244.0,133762243.0,147741965.0,0.014973700938660184
2025-06-10,60.92,60.98,59.02,59.78,2634492.0,158024408.0,147741965.0,0.017831710848031566
2025-06-11,59.57,60.56,59.53,59.53,1645660.0,98748224.0,147741965.0,0.01113874449957397
2025-06-12,59.16,59.86,58.64,58.95,1923123.0,113954487.0,147741965.0,0.013016768796868243
2025-06-13,58.55,59.04,57.11,57.68,2342856.0,135431324.0,147741965.0,0.015857755783876302
2025-06-16,57.28,58.84,56.99,58.38,1336427.0,77882829.0,147741965.0,0.00904568312733623
2025-06-17,58.75,62.86,58.75,61.13,5030119.0,306290810.0,147741965.0,0.034046650185003295
2025-06-18,61.57,63.07,60.74,62.87,5217985.0,323885253.0,147741965.0,0.03531823202703443
2025-06-19,63.11,64.03,61.75,62.0,4598556.0,289494989.0,147741965.0,0.031125591161590412
2025-06-20,62.0,62.93,61.19,61.37,2499260.0,154950932.0,147741965.0,0.01691638526670469
2025-06-23,60.78,63.33,60.5,62.37,2521667.0,157066931.0,147741965.0,0.017068048336841873
2025-06-24,62.68,63.86,62.5,63.48,3089136.0,195371001.0,147741965.0,0.020908994949403847
2025-06-25,63.78,64.18,63.21,64.08,3119121.0,199033644.0,147741965.0,0.021111950149031795
2025-06-26,64.07,64.14,63.05,63.22,2589537.0,164415987.0,147741965.0,0.01752743034113564
2025-06-27,63.54,64.53,62.93,63.06,3308035.0,211033439.0,147741965.0,0.02239062543942745
2025-06-30,63.2,63.66,62.43,63.18,2698806.0,170115213.0,147741965.0,0.01826702386150069
2025-07-01,63.16,64.48,62.51,63.83,3290039.0,209877327.0,148049102.0,0.022222620438454264
2025-07-02,63.5,63.85,62.17,62.69,2468020.0,154658029.0,148049102.0,0.016670280107474074
2025-07-03,62.49,63.86,62.49,63.28,2236729.0,141499486.0,148049102.0,0.015108021391443495
2025-07-04,62.91,63.82,61.81,62.11,2659838.0,165883517.0,148049102.0,0.017965917820967264
2025-07-07,62.1,63.07,61.68,62.4,1671734.0,104160840.0,148049102.0,0.01129175373181257
2025-07-08,62.43,63.75,62.41,63.18,2519130.0,159323263.0,148049102.0,0.017015503410483367
2025-07-09,63.31,63.43,61.98,62.13,2004010.0,125357969.0,148049102.0,0.01353611722683735
2025-07-10,62.0,62.37,61.38,61.61,1594612.0,98445007.0,148049102.0,0.010770831963573814
2025-07-11,61.57,62.76,60.9,62.33,1909565.0,118689405.0,148049102.0,0.012898186981235455
2025-07-14,62.21,63.07,61.97,62.59,1567189.0,98016932.0,148049102.0,0.010585602876537542
2025-07-15,62.33,62.67,61.34,61.9,1947225.0,120512701.0,148049102.0,0.013152562046610725
2025-07-16,61.78,63.63,61.78,62.63,2453707.0,154265026.0,148049102.0,0.01657360272269669
2025-07-17,62.68,63.34,61.58,63.08,1991756.0,125273749.0,148049102.0,0.013453347390111154
2025-07-18,63.08,63.73,62.08,62.75,2593749.0,162699150.0,148049102.0,0.017519518625651643
2025-07-21,62.19,63.48,62.19,63.19,2382927.0,150352571.0,148049102.0,0.016095518093720014
2025-07-22,63.19,63.54,62.51,62.78,2692118.0,169833627.0,148049102.0,0.018183953591288923
2025-07-23,62.78,63.06,61.95,62.21,2528000.0,158204333.0,148049102.0,0.01707541596571116
2025-07-24,62.37,64.36,62.04,64.2,4010761.0,254376537.0,148049102.0,0.027090748581507777
2025-07-25,64.2,65.65,63.86,65.65,4256001.0,276056837.0,148049102.0,0.02874722603856118
2025-07-28,64.8,64.86,61.98,63.43,6339230.0,400489839.0,148049102.0,0.04281842925328922
2025-07-29,63.38,64.53,62.79,63.94,4014400.0,254891388.0,148049102.0,0.027115328264537532
2025-07-30,65.37,69.66,64.98,67.91,10784275.0,733326932.0,148049102.0,0.07284255597848881
2025-07-31,66.98,71.98,66.98,69.87,9016770.0,633546337.0,148049102.0,0.06090391551311132
2025-08-01,69.78,69.78,67.37,67.67,4330443.0,295579568.0,148049102.0,0.029250045704431224
2025-08-04,67.38,69.45,66.88,68.16,3860549.0,263658734.0,148049102.0,0.026076139252773044
2025-08-05,68.34,68.7,66.98,67.18,3600338.0,242703518.0,148049102.0,0.02431853993953979
2025-08-06,67.48,69.44,66.86,68.78,4315541.0,293485565.0,148049102.0,0.02914938990984221
2025-08-07,68.78,70.98,68.24,70.73,5834130.0,408545347.0,148049102.0,0.039406723318051604
2025-08-08,69.99,70.18,68.1,68.23,3136940.0,216243147.0,148049102.0,0.021188510822578308
2025-08-11,68.18,69.1,67.78,68.06,3136819.0,214515918.0,148049102.0,0.021187693526165393
2025-08-12,68.26,68.69,66.98,68.52,3990432.0,270850073.0,148049102.0,0.026953436029622118
2025-08-13,68.98,69.66,67.92,68.76,3524812.0,241937051.0,148049102.0,0.02380839837853255
2025-08-14,68.76,70.28,66.78,66.79,5265033.0,361614441.0,148049102.0,0.035562748634571255
2025-08-15,66.48,68.77,66.48,68.06,3612103.0,244803520.0,148049102.0,0.024398006818035275
2025-08-18,68.07,73.88,67.88,73.66,10151794.0,720463238.0,148049102.0,0.0685704530649568
2025-08-19,73.15,73.98,71.83,72.27,5136214.0,373572402.0,148049102.0,0.034692638662543185
2025-08-20,71.99,73.47,70.33,72.98,4800055.0,344755357.0,148049102.0,0.0324220473826312
2025-08-21,73.45,78.7,73.02,76.83,10258668.0,786506147.0,148049102.0,0.0692923351875515
2025-08-22,75.88,80.15,75.88,79.31,8033540.0,633727637.0,148049102.0,0.05426267293401077
2025-08-25,79.68,81.26,76.4,77.57,6417703.0,501141859.0,148049102.0,0.04334847637238624
2025-08-26,76.98,77.97,75.78,75.98,4319092.0,331756487.0,148049102.0,0.029173375195480755
2025-08-27,75.98,81.86,75.78,77.47,8375091.0,662952293.0,148049102.0,0.05656968456316608
2025-08-28,77.38,80.42,76.38,80.15,6738300.0,530963783.0,148049102.0,0.04551395387727512
2025-08-29,82.32,82.32,75.73,75.99,7640098.0,591121014.0,148049102.0,0.05160516272499917
2025-09-01,78.49,79.45,75.75,78.27,6122397.0,476202221.0,148049102.0,0.041353827326828366
2025-09-02,77.58,78.42,73.57,74.44,6195382.0,467874032.0,148049102.0,0.04184680566316437
2025-09-03,74.43,76.62,73.78,74.16,4104779.0,307923643.0,148049102.0,0.027725794648859135
2025-09-04,74.16,74.52,70.14,71.31,5006473.0,360904321.0,148049102.0,0.03381630102693902
2025-09-05,71.51,76.48,70.54,76.14,6316536.0,467926612.0,148049102.0,0.04266514227151476
2025-09-08,75.71,76.38,74.87,76.32,3633821.0,274918074.0,148049102.0,0.024544701392379943
2025-09-09,75.98,77.48,74.39,75.02,3862887.0,291586179.0,148049102.0,0.026091931310735002
2025-09-10,74.98,79.18,74.98,76.48,4926908.0,379802672.0,148049102.0,0.03327887797657834
2025-09-11,76.55,78.97,75.17,78.22,5306519.0,412432958.0,148049102.0,0.035842966477432604
2025-09-12,78.77,89.86,78.18,86.67,15464234.0,1319207321.0,148049102.0,0.10445341303049578
2025-09-15,89.85,89.85,84.5,87.97,10828784.0,948406854.0,148049102.0,0.07314319272264144
2025-09-16,97.97,105.57,97.85,105.57,21170088.0,2205214871.0,148049102.0,0.14299369407860374
2025-09-17,104.96,114.41,102.97,105.08,24213826.0,2613107881.0,148049102.0,0.163552670518731
2025-09-18,105.97,107.59,97.97,102.28,22270465.0,2309031983.0,148049102.0,0.15042620792120712
2025-09-19,104.13,112.85,103.15,105.47,16424526.0,1765191687.0,148049102.0,0.11093972052596442
2025-09-22,106.97,112.57,106.31,108.7,16211310.0,1771314091.0,148049102.0,0.10949954968318551
2025-09-23,107.97,110.27,102.5,106.47,14900411.0,1579685135.0,148049102.0,0.10064506166339326
2025-09-24,106.97,110.46,103.45,108.97,16223881.0,1748265827.0,148049102.0,0.10958446070142323
2025-09-25,107.17,107.92,103.27,104.72,9784962.0,1027845485.0,148049102.0,0.06609268052162856
2025-09-26,103.69,106.95,98.97,98.97,10580544.0,1085189715.0,148049102.0,0.07146645171816036
2025-09-29,100.86,104.81,100.54,101.77,8959888.0,918700542.0,148049102.0,0.0605197051448512
2025-09-30,105.27,116.49,105.18,112.25,17065113.0,1885605477.0,148049102.0,0.11526657554464599
2025-10-09,117.97,123.26,112.27,119.19,15831760.0,1862201555.0,148049102.0,0.10693587320779561
2025-10-10,114.97,115.97,107.47,108.97,12718307.0,1398584865.0,148049102.0,0.08590600569802848
2025-10-13,103.97,108.29,102.06,106.3,9094939.0,960719452.0,148049102.0,0.06143190925940233
2025-10-14,109.97,112.77,100.56,100.97,9663271.0,1032511485.0,148049102.0,0.06527071673828863
2025-10-15,100.95,110.25,97.15,109.67,10454037.0,1087011369.0,148049102.0,0.07061195818668323
2025-10-16,108.41,119.6,107.97,114.27,15239955.0,1741403454.0,148049102.0,0.10293851697931947
2025-10-17,114.97,118.85,111.97,112.57,10606616.0,1220643713.0,148049102.0,0.07164255545433838
2025-10-20,115.97,118.74,109.69,113.27,9451126.0,1076480803.0,148049102.0,0.0638377799819414
2025-10-21,113.97,123.83,113.47,117.76,13609975.0,1631033978.0,148049102.0,0.09192879130060512
2025-10-22,114.23,116.66,112.13,113.97,8065331.0,921187870.0,148049102.0,0.05447740574610172
2025-10-23,111.97,119.72,109.99,119.03,8543095.0,973260611.0,148049102.0,0.05770447023717847
2025-10-24,124.95,142.83,121.15,142.83,15900448.0,2148812026.0,148049102.0,0.1073998273896994
2025-10-27,157.95,159.39,148.96,151.86,22830984.0,3508482310.0,148049102.0,0.15421224236807596
2025-10-28,138.96,149.56,138.96,145.94,16573808.0,2400899812.0,148049102.0,0.11194804815499658
2025-10-29,147.44,151.96,140.45,142.96,13627493.0,1991136223.0,148049102.0,0.09204711690855105
2025-10-30,146.96,150.76,135.96,136.31,14575626.0,2094472507.0,148049102.0,0.09845129624629537
2025-10-31,134.96,136.16,126.12,128.04,14422064.0,1871189228.0,148049102.0,0.09741405928959974
2025-11-03,128.05,148.46,126.98,146.1,18207540.0,2530032568.0,148049102.0,0.12298311677702713
2025-11-04,148.96,150.92,141.1,143.86,10784541.0,1561698658.0,148049102.0,0.07284435267969407
2025-11-05,136.98,145.07,135.64,142.63,10689202.0,1492540654.0,148049102.0,0.07220038389695872
2025-11-06,148.46,152.76,134.06,144.66,16891797.0,2400776353.0,148049102.0,0.11409590988265501
2025-11-07,143.96,155.96,142.32,152.56,15266939.0,2281884903.0,148049102.0,0.10312078083391549
2025-11-10,162.95,174.62,155.46,173.1,16327830.0,2691164082.0,148049102.0,0.11028658586527597
2025-11-11,168.05,173.51,155.95,156.96,15217265.0,2525487717.0,148049102.0,0.10278525701560824
2025-11-12,158.13,169.95,158.13,163.39,13604411.0,2229878296.0,148049102.0,0.09189120917464261
2025-11-13,159.95,177.95,156.9,166.96,13279397.0,2234207718.0,148049102.0,0.0896958969734244
2025-11-14,154.96,157.65,147.15,149.96,11655554.0,1767340247.0,148049102.0,0.07872762375823124
2025-11-17,152.97,165.95,152.97,157.45,11071045.0,1770258487.0,148049102.0,0.07477954847709917
2025-11-18,163.95,167.15,149.06,150.83,14422561.0,2259450373.0,148049102.0,0.09741741628395692
2025-11-19,146.96,154.84,142.96,146.99,12299152.0,1831958100.0,148049102.0,0.08307481662401438
2025-11-20,151.96,152.46,136.76,140.09,10642842.0,1493070172.0,148049102.0,0.07188724454404323
2025-11-21,125.2,129.34,119.97,121.94,13374869.0,1654841744.0,148049102.0,0.09034076410676237
2025-11-24,123.97,126.57,120.93,124.45,7533484.0,933670772.0,148049102.0,0.05088503677651486
2025-12-09,134.96,145.95,131.21,136.38,13825667.0,1927866001.0,148049102.0,0.09338568632452765
2025-12-10,132.97,136.37,126.84,130.17,8986689.0,1165194645.0,148049102.0,0.06070073292305413
2025-12-11,133.97,134.84,128.02,128.02,6780091.0,881605933.0,148049102.0,0.045796231847458284
2025-12-12,127.96,129.96,123.76,127.04,6523986.0,826173271.0,148049102.0,0.044066366576137696
2025-12-15,122.23,124.96,120.98,122.02,4359124.0,532829525.0,148049102.0,0.029443771972355495
2025-12-16,121.4,124.21,120.15,120.54,4735653.0,577039079.0,148049102.0,0.03198704305548574
2025-12-17,121.85,129.59,121.17,126.96,6682618.0,840847275.0,148049102.0,0.04513784892798607
2025-12-18,128.04,132.96,125.46,128.26,7943044.0,1026098405.0,148049102.0,0.05365141627133949
2025-12-19,131.95,132.92,122.51,123.96,7325404.0,922876342.0,148049102.0,0.04947955712693212
2025-12-22,126.96,131.64,124.65,125.7,7506969.0,960791151.0,148049102.0,0.05070594078983336
2025-12-23,125.53,128.31,121.98,123.35,6476651.0,804606516.0,148049102.0,0.043746641570308206
2025-12-24,123.82,131.24,123.65,128.01,8536226.0,1090115829.0,148049102.0,0.057658073468084936
2025-12-25,126.96,132.76,126.21,129.33,7589037.0,984662427.0,148049102.0,0.05126027039326453
2025-12-26,128.04,136.46,128.04,132.25,8846945.0,1178253538.0,148049102.0,0.05975682986581033
2025-12-29,131.96,134.86,126.84,128.07,7621775.0,992084386.0,148049102.0,0.05148139973182681
2025-12-30,127.16,132.42,125.96,127.56,7385981.0,950681135.0,148049102.0,0.04988872543110731
2025-12-31,130.08,132.86,122.61,127.17,8096634.0,1033311227.0,148049102.0,0.054688842354477775
2026-01-05,131.96,152.61,131.91,152.61,16879426.0,2423266014.0,148049102.0,0.11401234976757914
2026-01-06,152.61,172.95,151.96,163.46,15793746.0,2542770179.0,148049102.0,0.10667910704382388
2026-01-07,196.15,196.15,180.13,182.95,21360747.0,4016294805.0,148049102.0,0.14428150330827402
2026-01-08,184.72,196.93,182.84,188.95,17819810.0,3374261922.0,148049102.0,0.1203641883623178
2026-01-09,182.95,185.53,172.62,177.72,15847429.0,2830052237.0,148049102.0,0.1070417097160103
2026-01-12,183.11,189.85,176.25,180.15,13947513.0,2538332129.0,148049102.0,0.09420869705781802
2026-01-13,177.03,181.95,169.15,172.2,11125701.0,1938090407.0,148049102.0,0.07514872329316796
2026-01-14,178.85,179.94,167.38,172.15,11501696.0,2008186111.0,148049102.0,0.07768838746485608
2026-01-15,167.32,180.75,167.32,179.23,9856830.0,1737119434.0,148049102.0,0.06657811406380566
2026-01-16,182.95,198.1,175.95,189.83,12463833.0,2342114934.0,148049102.0,0.08418715704199273
2026-01-19,189.95,208.54,189.95,203.49,11231194.0,2257907773.0,148049102.0,0.07586127742943014
2026-01-20,197.94,221.94,197.44,215.6,11422930.0,2451447186.0,148049102.0,0.07715636127262697
2026-01-21,219.64,231.93,215.69,220.74,9421299.0,2104481950.0,148049102.0,0.06363631303889976
2026-01-22,232.93,246.96,224.19,233.43,12187104.0,2844751085.0,148049102.0,0.08231798663662276
2026-01-23,224.34,229.78,217.94,225.28,11497680.0,2557098946.0,148049102.0,0.07766126132936625
2026-01-26,221.94,227.73,214.42,222.16,6835583.0,1510178957.0,148049102.0,0.04617105343874359
2026-01-27,227.93,262.92,227.74,254.93,12117383.0,2972851133.0,148049102.0,0.08184705503988805
2026-01-28,256.62,301.5,256.62,292.24,11070225.0,3177147713.0,148049102.0,0.0747740097741356
2026-01-29,297.91,305.9,277.92,279.02,9537240.0,2749208325.0,148049102.0,0.06441943835633666
2026-01-30,289.92,314.85,287.92,305.91,10819065.0,3272751390.0,148049102.0,0.07307754558349162
2026-02-02,278.2,288.91,266.1,266.1,9910842.0,2726779840.0,148049102.0,0.06694293897169333
2026-02-03,284.99,291.58,269.31,288.03,8950374.0,2509300975.0,148049102.0,0.06045544268144227
2026-02-04,274.3,282.81,266.12,282.81,6584356.0,1814335766.0,148049102.0,0.04447413669554037
2026-02-05,254.93,278.5,253.26,272.17,5518365.0,1499908827.0,148049102.0,0.03727388363355287
2026-02-06,269.45,281.92,262.8,275.42,5548662.0,1520930266.0,148049102.0,0.03747852519902485
2026-02-09,284.92,286.36,256.93,270.92,7810741.0,2082399148.0,148049102.0,0.052757773566232104
2026-02-10,266.58,272.26,258.78,261.38,5890838.0,1550565309.0,148049102.0,0.03978975840056092
2026-02-11,260.71,263.22,250.93,257.19,5284809.0,1356028703.0,148049102.0,0.03569632593921441
2026-02-12,264.91,274.79,253.59,274.79,7814977.0,2045264039.0,148049102.0,0.05278638569519996
2026-02-13,267.92,289.5,263.12,272.12,8825914.0,2451782519.0,148049102.0,0.0596147756438266
2026-02-24,269.92,282.6,261.93,271.92,6465964.0,1770376236.0,148049102.0,0.04367445605985506
2026-02-25,259.93,264.92,245.46,252.68,7575586.0,1908502075.0,148049102.0,0.05116941540111469
2026-02-26,258.93,262.69,251.96,256.93,5336338.0,1372065134.0,148049102.0,0.03604437938434777
2026-02-27,254.93,263.9,249.03,259.43,3928885.0,1020046303.0,148049102.0,0.02653771584511198
2026-03-02,257.3,267.92,255.19,256.93,3997988.0,1042494446.0,148049102.0,0.027004473151076593
2026-03-03,257.99,259.78,225.94,227.26,8075638.0,1915961583.0,148049102.0,0.05454702454054736
2026-03-04,238.81,248.12,233.27,241.32,7856482.0,1902514088.0,148049102.0,0.05306673187386168
2026-03-05,249.93,253.72,241.52,246.77,6471194.0,1604242453.0,148049102.0,0.043709782177537286
2026-03-06,245.67,254.51,241.77,253.23,5950284.0,1487579573.0,148049102.0,0.04019128734735588
2026-03-09,236.93,252.63,233.51,250.93,5077013.0,1222815246.0,148049102.0,0.034292764572121485
2026-03-10,257.93,267.86,248.95,259.53,6222695.0,1611743011.0,148049102.0,0.04203129175346163
2026-03-11,261.93,263.92,253.93,254.38,4586354.0,1183180146.0,148049102.0,0.030978600599684825
2026-03-12,254.38,262.72,250.93,255.93,4426871.0,1134953719.0,148049102.0,0.029901370154882805
2026-03-13,248.88,267.92,243.93,243.93,8381641.0,2131301586.0,148049102.0,0.056613926641716474
2026-03-16,248.81,272.52,243.93,264.14,7462220.0,1922146011.0,148049102.0,0.05040368296188652
2026-03-17,259.93,263.89,251.03,260.39,5535751.0,1422622160.0,148049102.0,0.037391317645411995
2026-03-18,272.92,284.92,267.58,278.1,8217607.0,2272198509.0,148049102.0,0.05550595639546669
2026-03-19,268.01,305.9,256.37,292.92,11668592.0,3261004817.0,148049102.0,0.07881568913535186
2026-03-20,292.43,298.84,273.55,279.93,7881479.0,2241236675.0,148049102.0,0.05323557450554479
2026-03-23,265.96,293.92,265.96,273.03,7011618.0,1953670675.0,148049102.0,0.04736008462921984
2026-03-24,267.06,271.82,237.93,263.0,8465121.0,2125138113.0,148049102.0,0.05717779362147026
2026-03-25,257.93,270.42,248.43,255.94,7698886.0,1994994988.0,148049102.0,0.05200224720039166
2026-03-26,240.13,252.43,238.13,241.93,6011590.0,1463914098.0,148049102.0,0.040605379693555994
2026-03-27,232.49,245.81,229.4,240.1,4640460.0,1102791012.0,148049102.0,0.03134406043205855
2026-03-30,235.41,245.48,234.49,239.03,3704865.0,888579738.0,148049102.0,0.025024569213530252
2026-03-31,237.6,239.34,222.17,225.13,6429873.0,1467639309.0,148049102.0,0.04343067882978446
2026-04-01,238.93,240.93,223.32,238.22,6688525.0,1558629808.0,148049102.0,0.04517774785287114
2026-04-02,235.1,244.26,221.33,224.04,6266460.0,1434127524.0,148049102.0,0.042326903137852194
2026-04-03,226.84,229.18,218.72,218.72,3446515.0,770851533.0,148049102.0,0.023279540054217958
2026-04-07,224.94,231.77,224.55,225.89,4194932.0,956710184.0,148049102.0,0.028334734512607852
2026-04-08,237.93,240.61,228.93,239.79,7022225.0,1645484615.0,148049102.0,0.047431729778408246
2026-04-09,234.93,246.53,232.93,242.72,5420178.0,1308641688.0,148049102.0,0.036610677989792874
2026-04-10,249.88,261.03,247.84,254.18,6740218.0,1716611787.0,148049102.0,0.045526909038597206
2026-04-13,249.01,259.88,248.93,252.71,5076471.0,1287504907.0,148049102.0,0.03428910362455289
2026-04-14,257.26,276.92,255.93,270.95,7181412.0,1925703104.0,148049102.0,0.04850696088653074
2026-04-15,273.02,275.78,262.42,265.37,5125162.0,1380732619.0,148049102.0,0.034617987753819676
2026-04-16,264.89,271.78,258.3,265.1,5055573.0,1346538051.0,148049102.0,0.03414794775317178
2026-04-17,260.96,269.92,257.93,264.42,4787710.0,1265314874.0,148049102.0,0.03233866288496637
2026-04-20,265.45,273.42,261.55,271.32,4540706.0,1225261560.0,148049102.0,0.030670270462025497
2026-04-21,269.92,279.92,258.68,275.02,5290460.0,1436495483.0,148049102.0,0.035734495708052316
2026-04-22,273.65,277.62,264.92,273.42,6753885.0,1836131149.0,148049102.0,0.045619223006161835
2026-04-23,280.93,282.42,260.54,266.05,5042546.0,1355016835.0,148049102.0,0.034059956675725055
2026-04-24,264.31,270.46,254.93,261.51,4261028.0,1114645848.0,148049102.0,0.028781180989534135
2026-04-27,263.23,265.92,255.93,262.34,3965583.0,1037538014.0,148049102.0,0.02678559306627878
2026-04-28,265.01,284.51,260.28,275.78,7500051.0,2063107890.0,148049102.0,0.05065921304946517
2026-04-29,276.13,278.8,248.91,267.62,10996732.0,2900052167.0,148049102.0,0.07427760014376852
2026-04-30,271.92,282.95,259.95,271.01,9266984.0,2507847249.0,148049102.0,0.06259398993179979
2026-05-06,289.89,323.46,288.92,318.43,10813002.0,3376909838.0,148049102.0,0.0730365929541403
2026-05-07,317.91,321.5,308.79,318.91,6834135.0,2162879350.0,148049102.0,0.046161272899851835
2026-05-08,314.91,325.57,312.21,317.41,5621070.0,1786417305.0,148049102.0,0.03796760617973893
2026-05-11,348.67,380.89,342.8,380.89,10438470.0,3888487861.0,148049102.0,0.07050681063908108
2026-05-12,388.12,408.06,376.89,398.74,12037409.0,4746038463.0,148049102.0,0.08130686939256139
2026-05-13,392.13,444.1,391.53,440.87,11812537.0,4889262705.0,148049102.0,0.07978796791351021
2026-05-14,430.35,435.75,417.18,421.65,9289902.0,3946872779.0,148049102.0,0.06274878992511553
2026-05-15,421.65,423.76,393.01,404.38,9190297.0,3720192127.0,148049102.0,0.062076006377938045
2026-05-18,400.34,429.28,400.34,412.88,7569152.0,3150481446.0,148049102.0,0.05112595684639816
2026-05-19,405.62,424.3,392.24,423.65,7030343.0,2893730142.0,148049102.0,0.04748656293774751
2026-05-20,423.65,431.88,415.42,424.88,5938603.0,2507904026.0,148049102.0,0.040112387848188366
2026-05-21,429.3,432.76,384.75,387.21,8553569.0,3519145781.0,148049102.0,0.057775217035764256
2026-05-22,397.89,411.88,391.21,407.2,7318327.0,2939908793.0,148049102.0,0.04943175541855026
2026-05-25,409.23,432.8,395.79,419.87,7505154.0,3136886448.0,148049102.0,0.05069368134363963
2026-05-26,415.68,419.33,392.16,402.04,6651077.0,2676633950.0,148049102.0,0.044924804744847426
2026-05-27,431.0,444.0,412.0,415.5,10009989.0,4279173761.0,148049102.0,0.06761262895063018
2026-05-28,416.75,423.45,396.0,398.1,6554117.0,2638013974.0,148049102.0,0.044269886891985334
2026-05-29,406.2,419.78,379.79,386.1,6457246.0,2568727497.0,148049102.0,0.04361557019103027
2026-06-01,389.0,396.25,369.07,373.04,5770673.0,2204565786.0,148049102.0,0.03897810200834585
2026-06-02,378.0,381.84,355.7,372.03,6383513.0,2355081018.0,148049102.0,0.043117539476868964
2026-06-03,372.03,389.49,366.36,374.0,6430972.0,2441872655.0,148049102.0,0.04343810204265879
2026-06-04,363.99,435.99,363.99,427.35,9531528.0,3887218981.0,148049102.0,0.0643808565620344
2026-06-05,404.0,421.0,393.0,396.0,6340989.0,2580958603.0,148049102.0,0.042830310446597644
2026-06-08,370.38,389.96,360.08,373.0,6011188.0,2254545668.0,148049102.0,0.04060266437820069
2026-06-09,385.0,416.17,378.78,409.02,6798326.0,2685485797.0,148049102.0,0.04591940044323943
2026-06-10,410.26,413.51,376.27,383.34,6488199.0,2542933667.0,148049102.0,0.0438246427188731
2026-06-11,386.38,402.52,375.01,387.58,5951866.0,2301142586.0,148049102.0,0.04020197299136607
2026-06-12,408.3,422.0,390.59,390.59,10635304.0,4338733972.0,148049102.0,0.07183632900387332
2026-06-15,406.5,464.68,388.01,457.0,10108361.0,4292043918.0,148049102.0,0.06827708417981489
2026-06-16,466.01,493.0,460.0,483.5,8852840.0,4229436268.0,148049102.0,0.05979664773650569
2026-06-17,470.11,580.2,467.0,580.2,10765917.0,5586810806.0,148703553.0,0.07239851895132593
2026-06-18,570.2,615.68,565.88,590.0,10089922.0,5966151967.0,148703553.0,0.06785259529071239
2026-06-22,600.0,680.0,592.04,670.31,8835928.0,5611267471.0,148703553.0,0.05941975038081303
2026-06-23,650.0,718.77,636.26,703.0,9590883.0,6458398663.0,148703553.0,0.06449666337158737
2026-06-24,675.0,753.3,649.0,740.0,8770480.0,6088262350.0,148703553.0,0.05897962639803233
2026-06-25,764.44,815.56,733.33,754.15,9576749.0,7351663800.0,148703553.0,0.06440161520552236
2026-06-26,727.0,794.15,719.71,727.01,8867158.0,6650674096.0,148703553.0,0.05962976553761294
2026-06-29,740.0,776.0,700.0,737.2,8383179.0,6160506858.0,148703553.0,0.0563751089390581
2026-06-30,721.5,788.98,702.1,766.6,7525844.0,5648975515.0,148703553.0,0.05060971206249524
2026-07-01,770.53,909.8,758.01,870.0,9720350.0,8213384045.0,148703553.0,0.06536730161383568
2026-07-02,768.0,844.0,731.0,784.57,8480624.0,6700991266.0,148703553.0,0.05703040599171157
2026-07-03,768.0,866.01,735.5,815.88,10066911.0,8254569114.0,148703553.0,0.0676978511737376
2026-07-06,848.0,851.88,723.16,759.99,9700200.0,7518414762.0,148703553.0,0.06523179711785367
2026-07-07,702.0,757.01,680.0,710.0,9355822.0,6735136780.0,148703553.0,0.06291592777208221
2026-07-08,722.01,761.0,693.41,694.0,8219640.0,5978615161.0,148703553.0,0.05527534369000585
2026-07-09,742.56,805.55,707.88,762.07,11394907.0,8557491386.0,148703553.0,0.0766283439105184
2026-07-10,762.0,784.48,701.0,703.0,8111102.0,6015481348.0,148703553.0,0.054545448554278994
2026-07-13,677.77,719.34,586.2,603.0,13848656.0,8796885117.0,148703553.0,0.09312928790612017
2026-07-14,626.52,650.32,585.0,645.0,9779280.0,6110088584.0,148703553.0,0.06576359342268036
2026-07-15,666.0,671.0,576.22,578.0,9300850.0,5670969071.0,148703553.0,0.0625462526776344
2026-07-16,557.44,583.0,510.0,526.0,9010284.0,4912288862.0,148703553.0,0.060592257671207087
2026-07-17,515.53,524.98,422.0,428.0,11471693.0,5303585966.0,148703553.0,0.07714471354964868
2026-07-20,460.53,466.68,376.66,400.0,12056936.0,5113855500.0,148703553.0,0.08108034916959919
2026-07-21,413.0,479.9,373.66,470.02,15578010.0,6698168784.0,148703553.0,0.10475882845919626
2026-07-22,472.0,499.22,432.11,435.0,15668810.0,7376823027.0,148703553.0,0.10536943928972564
2026-07-23,450.0,458.88,403.15,407.4,10949142.0,4608593347.0,148703553.0,0.07363066839431873
2026-07-24,413.81,422.37,383.8,389.64,10492941.0,4194936057.0,148703553.0,0.07056281298134147
2026-07-27,384.02,398.46,348.0,371.78,13311848.0,4873586775.0,148703553.0,0.08951936743569268
2026-07-28,335.29,349.01,304.22,309.99,14651643.0,4770252559.0,148703553.0,0.09852920595649789
2026-07-29,308.0,338.68,285.0,338.5,20800620.0,6508743950.0,148703553.0,0.13987977812473654
2026-07-30,328.01,368.98,312.02,353.12,25009411.0,8546732870.0,148703553.0,0.1681830090502276
2026-07-31,423.74,423.74,353.18,354.9,28395650.0,11155271220.0,148703553.0,0.1909547514308552
2026-08-03,342.54,345.5,312.0,312.9,19080693.0,6172475104.0,148703553.0,0.1283136321564556
2026-08-04,316.21,337.69,305.6,335.76,16448565.0,5366242063.0,148703553.0,0.11061312704478554
2026-08-05,340.0,385.82,339.76,373.88,18841316.0,6859333233.0,148703553.0,0.12670387236813366
2026-08-06,350.01,381.0,347.77,374.8,15796243.0,5733379544.0,148703553.0,0.106226399311387
2026-08-07,378.92,408.0,377.39,393.63,18298378.0,7153816806.0,148703553.0,0.12305272894185655
2026-08-10,392.93,397.58,353.38,374.5,17372113.0,6420812171.0,148703553.0,0.11682379236762419
2026-08-11,365.0,388.89,360.07,384.5,14989125.0,5667623525.0,148703553.0,0.10079870115813575
2026-08-12,395.88,415.0,385.23,394.6,14628427.0,5821171209.0,148703553.0,0.09837308325780218
2026-08-13,410.0,423.5,383.4,383.4,16108097.0,6564441333.0,148703553.0,0.1083235516235446
2026-08-14,400.0,412.01,396.65,411.0,14803906.0,5987774230.0,148703553.0,0.09955314248611127
2026-08-17,420.0,469.88,418.0,466.0,16873940.0,7560973428.0,148703553.0,0.1134736841156714
2026-08-18,470.18,489.28,460.97,466.81,16744370.0,7938800070.0,148703553.0,0.11260235322016818
2026-08-19,448.15,455.0,419.0,447.2,17370411.0,7612575891.0,148703553.0,0.11681234677694621
2026-08-20,450.0,480.36,431.19,480.36,17779089.0,8093737821.0,148703553.0,0.11956062004786126
2026-08-21,470.0,481.86,454.71,463.65,12566234.0,5894942391.0,148703553.0,0.0845052706978696
2026-08-24,451.0,451.0,403.66,411.0,13436999.0,5641883563.0,148703553.0,0.0903609814891242
2026-08-25,385.05,418.8,385.05,410.0,10707043.0,4276684969.0,148703553.0,0.07200260373065867
2026-08-26,407.58,407.58,381.24,397.18,10612866.0,4190155013.0,148703553.0,0.07136928328807315
2026-08-27,405.0,433.0,399.0,429.89,11896082.0,4976139431.0,148703553.0,0.07999863997869641
2026-08-28,415.44,422.3,400.88,401.18,11703105.0,4811645487.0,148703553.0,0.07870091039452164
2026-08-31,385.1,415.0,384.03,415.0,8854451.0,3550161876.0,148703553.0,0.059544313645283245
2026-09-01,412.0,416.97,397.0,398.5,6143513.0,2473493342.0,148703553.0,0.041313827921784764
2026-09-02,391.12,399.28,387.6,388.5,5267176.0,2066627349.0,148703553.0,0.03542064660687697
2026-09-03,394.0,394.0,377.0,385.9,6992857.0,2689651169.0,148703553.0,0.04702548701038771
2026-09-04,390.0,391.93,363.63,367.26,9293560.0,3480625060.0,148703553.0,0.06249722896668111
2026-09-07,389.0,398.06,385.0,397.29,10587422.0,4159996013.0,148703553.0,0.07119817775974728
2026-09-08,397.87,419.93,392.52,401.3,10460353.0,4237459775.0,148703553.0,0.07034366556123915
2026-09-09,407.03,411.85,391.0,393.39,7304829.0,2921883124.0,148703553.0,0.04912343284763344
2026-09-10,389.0,406.98,389.0,398.95,6352617.0,2543510983.0,148703553.0,0.04272000817626732
2026-09-11,387.62,392.99,375.0,388.0,7522429.0,2891211831.0,148703553.0,0.050586746908461565
2026-09-14,371.0,381.49,368.62,373.8,5569524.0,2084152576.0,148703553.0,0.037453873075917694
2026-09-15,375.0,395.48,375.0,386.0,8198297.0,3176238794.0,148703553.0,0.05513181652088703
2026-09-16,393.71,405.49,384.0,398.84,7973212.0,3154288163.0,148703553.0,0.053618167415273525
2026-09-17,393.0,403.48,389.51,390.7,6214713.0,2453372471.0,148703553.0,0.04179263289021749
2026-09-18,405.61,440.48,398.27,430.0,15328486.0,6422846177.0,148703553.0,0.10308083223808379
2026-09-21,438.67,442.29,423.61,428.2,10835455.0,4675168549.0,148703553.0,0.07286614732063598
2026-09-22,439.0,453.0,424.0,428.4,12926680.0,5642978157.0,148703553.0,0.08692919395140478
2026-09-23,437.0,443.0,428.52,431.0,7874940.0,3426601944.0,148703553.0,0.05295730896221424
2026-09-24,425.48,428.88,408.66,408.7,7677062.0,3187113635.0,148703553.0,0.05162662118772643
