date,open,close,high,low,volume,turnover,amount
2017-06-15,4.07,5.18,5.18,4.07,15401.0,0.0003,102300.0
2017-06-16,5.85,5.85,5.85,5.85,5176.0,0.0001,38000.0
2017-06-19,6.59,6.59,6.59,6.59,4800.0,0.0001,38800.0
2017-06-20,7.4,7.4,7.4,7.4,3108.0,0.0001,27700.0
2017-06-21,8.29,8.29,8.29,8.29,8926.0,0.0002,87400.0
2017-06-22,9.27,9.27,9.27,9.27,34704.0,0.0006,373800.0
2017-06-23,10.35,10.35,10.35,10.35,44678.0,0.0008,529400.0
2017-06-26,11.54,11.54,11.54,11.54,50054.0,0.0009,652700.0
2017-06-27,12.84,12.84,12.84,12.84,115256.0,0.0021,1652800.0
2017-06-28,14.27,14.27,14.27,14.27,152002.0,0.0028000000000000004,2397100.0
2017-06-29,15.85,15.85,15.85,15.85,127151.0,0.0023,2206100.0
2017-06-30,17.59,17.59,17.59,17.59,239792.99999999997,0.0044,4577600.0
2017-07-03,19.5,19.5,19.5,19.5,338828.0,0.0062,7115400.0
2017-07-04,21.6,21.6,21.6,21.6,603481.0,0.011000000000000001,13940400.0
2017-07-05,23.91,23.91,23.91,23.91,1145052.0,0.0209,29095800.0
2017-07-06,26.45,26.45,26.45,26.45,464172.99999999994,0.0085,12973599.999999998
2017-07-07,29.25,29.25,29.25,29.25,7850392.0,0.1435,241399600.0
2017-07-10,30.9,27.98,30.9,27.6,31974187.0,0.5846,982818200.0000001
2017-07-11,27.49,25.9,28.27,25.4,20952947.0,0.3831,587487600.0
2017-07-12,26.2,27.34,27.83,25.42,18265817.0,0.33399999999999996,514732400.0
2017-07-13,26.87,25.0,27.07,24.82,14243996.0,0.2605,387852100.0
2017-07-14,24.61,24.66,25.7,24.51,7751291.0,0.1417,205630000.0
2017-07-17,23.4,22.04,23.93,22.04,12052517.0,0.22039999999999998,292309000.0
2017-07-18,21.85,22.01,22.72,21.53,8370486.0,0.1531,198751800.0
2017-07-19,21.5,23.3,24.36,20.85,16384288.0,0.29960000000000003,406959700.0
2017-07-20,24.12,25.78,25.78,24.1,23256961.0,0.4253,625855300.0
2017-07-21,24.52,23.59,24.99,23.59,17937480.0,0.32799999999999996,463717300.00000006
2017-07-24,23.6,26.1,26.1,23.02,15034723.000000002,0.2749,392725600.0
2017-07-25,26.17,26.99,28.78,25.42,25462093.0,0.4656,723331700.0
2017-07-26,27.3,29.36,29.78,26.61,22149725.0,0.405,664867300.0
2017-07-27,28.8,32.05,32.45,27.71,24748535.0,0.4525,782964400.0
2017-07-28,31.58,30.4,32.18,29.85,18157383.0,0.332,590481600.0
2017-07-31,30.21,30.26,31.48,29.91,13339403.0,0.2439,428858800.0
2017-08-01,29.28,27.58,29.28,27.08,17179174.0,0.3141,509125199.99999994
2017-08-02,27.5,28.15,28.63,27.32,11649540.0,0.213,344094200.0
2017-08-03,27.65,26.9,28.78,26.8,10129568.0,0.1852,296121200.0
2017-08-04,26.59,25.65,27.21,25.55,9470689.0,0.1732,263921100.0
2017-08-07,25.71,26.88,27.07,25.7,8136832.000000001,0.14880000000000002,228948400.0
2017-08-08,26.5,28.51,29.29,26.0,13849025.0,0.2532,406204700.0
2017-08-09,28.5,28.26,29.82,27.85,10702149.0,0.1957,325396100.0
2017-08-10,28.26,29.06,29.66,27.52,12105757.0,0.2214,365887400.0
2017-08-11,28.5,28.5,29.92,28.28,9087858.0,0.16620000000000001,277349100.0
2017-08-14,28.41,28.55,29.65,28.0,9338328.0,0.17079999999999998,284224700.0
2017-08-15,28.22,30.22,30.22,28.18,11315756.0,0.2069,345458200.0
2017-08-16,29.7,29.94,30.99,29.41,11697807.0,0.2139,370327699.99999994
2017-08-17,29.46,28.63,30.19,28.5,9949538.0,0.1819,306418300.0
2017-08-18,28.07,28.22,28.79,27.95,6271948.0,0.11470000000000001,186817800.0
2017-08-21,28.93,29.7,29.97,28.69,9021691.0,0.165,278983400.0
2017-08-22,29.4,29.06,29.82,28.81,7173430.0,0.13119999999999998,220577800.0
2017-08-23,28.67,32.12,32.12,28.66,11570025.0,0.2116,371390800.0
2017-08-24,32.45,31.77,35.14,31.51,19863819.0,0.3632,685477000.0
2017-08-25,31.14,32.78,33.89,30.39,14473093.0,0.2646,486824800.00000006
2017-08-28,32.4,34.07,34.99,31.83,14087060.999999998,0.2576,492889900.0
2017-08-29,33.5,32.48,34.93,32.19,12600076.0,0.2304,443597000.0
2017-08-30,31.5,31.4,32.74,31.25,8549806.0,0.1563,284533400.0
2017-08-31,31.66,32.51,32.67,31.66,7357575.999999999,0.13449999999999998,248315900.0
2017-09-01,33.0,32.25,33.46,31.07,10719581.0,0.196,359294300.0
2017-09-04,31.83,34.5,35.63,31.48,14404862.0,0.2634,511966400.0
2017-09-05,34.0,35.87,37.0,33.57,14486882.0,0.26489999999999997,537861000.0
2017-09-06,35.18,35.49,36.63,34.86,10542753.0,0.1928,391552800.0
2017-09-07,35.5,35.45,37.78,35.35,13084344.0,0.23920000000000002,496755199.99999994
2017-09-08,35.13,34.3,35.3,34.0,9855721.0,0.1802,353971600.00000006
2017-09-11,34.11,34.58,35.0,34.0,5537626.0,0.1013,200161000.0
2017-09-12,34.55,34.96,35.1,34.02,7133816.0,0.1304,257219400.0
2017-09-13,34.53,35.38,36.1,34.53,5896933.0,0.10779999999999999,217569300.0
2017-09-14,35.1,33.79,35.46,33.5,7742110.000000001,0.1416,278015100.0
2017-09-15,33.55,32.5,34.07,32.23,5923957.0,0.10830000000000001,204651600.0
2017-09-18,32.28,32.88,33.07,32.28,3042988.0,0.0556,104540400.00000001
2017-09-19,33.47,33.07,33.99,32.5,4333677.0,0.07919999999999999,151171600.0
2017-09-20,33.55,36.53,36.53,33.53,12093956.0,0.2211,446897900.0
2017-09-21,39.5,40.33,40.33,38.48,9596896.0,0.17550000000000002,396226100.0
2017-09-22,41.5,44.51,44.51,40.5,16889340.0,0.30879999999999996,743072000.0
2017-09-25,47.48,46.4,49.11,45.71,22052466.0,0.4032,1074714700.0
2017-09-26,44.71,44.5,45.0,42.5,16572035.999999998,0.303,751780399.9999999
2017-09-27,44.61,44.56,46.46,43.87,13749349.0,0.2514,642672100.0
2017-09-28,42.51,47.23,48.47,42.26,17773433.0,0.325,839291799.9999999
2017-09-29,45.9,45.91,47.45,45.01,11776181.0,0.21530000000000002,561188500.0
2017-10-09,46.5,48.68,50.39,44.24,14643032.999999998,0.2677,719721700.0
2017-10-10,47.95,49.94,52.0,47.0,12391812.0,0.2266,628217900.0
2017-10-11,48.7,47.6,53.99,47.46,15283548.000000002,0.27949999999999997,801762200.0
2017-10-12,46.51,48.38,50.0,46.51,9634761.0,0.17620000000000002,480702100.0
2017-10-13,48.63,47.13,49.06,46.86,6814161.0,0.1246,334400400.0
2017-10-16,45.98,44.11,47.18,43.96,8594846.0,0.1572,401776200.0
2017-10-17,44.59,45.61,46.0,43.8,5549794.0,0.1015,259627400.00000003
2017-10-18,45.6,49.8,50.32,45.5,14971643.0,0.2738,762405300.0
2017-10-19,49.5,49.77,50.55,47.88,9826155.0,0.1797,500759900.0
2017-10-20,49.6,48.35,50.2,47.5,7747466.0,0.1417,386648600.0
2017-10-23,48.01,51.08,52.0,48.0,9649338.0,0.1764,502910400.0
2017-10-24,50.22,51.62,53.14,49.94,8993707.0,0.16440000000000002,476416400.0
2017-10-25,51.3,51.49,52.06,50.6,5912205.0,0.1081,311356200.0
2017-10-26,51.95,54.9,56.5,51.85,11039930.0,0.20190000000000002,617959200.0
2017-10-27,54.64,53.48,57.38,52.9,12956191.0,0.2369,730152300.0
2017-10-30,52.39,54.69,56.26,51.51,10013215.0,0.18309999999999998,555500400.0
2017-10-31,54.3,60.31,60.31,53.9,12603477.0,0.2305,742089200.0
2017-11-01,61.5,62.48,64.09,59.0,14053475.0,0.257,884883800.0
2017-11-02,61.5,61.31,65.67,61.3,13241314.000000002,0.2421,856152500.0
2017-11-03,60.78,63.15,63.7,60.5,10587472.0,0.1936,673714800.0
2017-11-06,65.3,69.62,69.62,64.0,11751360.0,0.21489999999999998,807861200.0
2017-11-07,70.34,70.29,72.15,67.6,12750003.0,0.23309999999999997,906956300.0
2017-11-08,68.5,69.48,72.3,68.3,9851514.0,0.1801,706890800.0
2017-11-09,68.5,68.54,70.54,67.53,8416336.0,0.1539,592411200.0
2017-11-10,68.62,71.43,73.5,68.62,10357028.0,0.1894,758688000.0
2017-11-13,72.3,78.72,78.72,71.3,10793755.0,0.1974,833744800.0
2017-11-14,78.18,81.02,86.68,77.71,17853493.0,0.3264,1494777300.0
2017-11-23,75.5,72.77,79.77,72.77,11873062.0,0.21710000000000002,919256100.0
2017-11-24,68.6,65.35,72.75,65.34,14352996.0,0.26239999999999997,998568700.0
2017-11-27,64.81,66.53,68.28,63.14,10187644.0,0.1863,688102400.0
2017-11-28,66.1,69.76,70.47,65.4,10798314.0,0.1974,747298500.0
2017-11-29,68.5,62.67,68.95,62.63,12669133.0,0.23170000000000002,836585800.0
2017-11-30,60.8,61.09,64.0,59.71,10112648.0,0.18489999999999998,638684700.0
2017-12-01,61.1,61.45,63.39,60.09,8190611.0,0.14980000000000002,521225199.99999994
2017-12-04,60.0,55.16,60.45,55.16,10569214.0,0.19329999999999997,614090800.0
2017-12-05,53.7,54.6,55.68,52.51,9210143.0,0.1684,510200400.0
2017-12-06,54.59,58.45,59.89,53.6,13310341.0,0.2434,773164900.0
2017-12-07,57.5,57.8,59.7,56.74,11179037.0,0.20440000000000003,668444100.0
2017-12-08,57.25,60.07,62.18,57.2,11573771.0,0.2116,715709000.0
2017-12-11,59.16,60.34,60.82,59.16,7667524.000000001,0.1402,471018200.0
2017-12-12,59.8,60.57,62.09,59.26,8444475.0,0.15439999999999998,527286300.0
2017-12-13,60.23,61.42,62.09,60.23,6535871.0,0.1195,410059200.0
2017-12-14,61.2,67.71,67.71,61.1,13935300.0,0.2548,924975200.0
2017-12-15,68.7,67.23,69.64,65.16,13710516.0,0.2507,949142899.9999999
2017-12-18,66.05,61.44,67.0,61.13,9787513.0,0.179,634896000.0
2017-12-19,61.63,65.98,67.7,61.63,11033267.0,0.20170000000000002,739979299.9999999
2017-12-20,64.91,68.46,69.6,63.0,13224190.0,0.2418,895702100.0000001
2017-12-21,67.49,68.5,71.47,67.01,12837995.0,0.2347,912467400.0
2017-12-22,68.55,70.3,71.0,68.5,9566432.0,0.17489999999999997,681856200.0
2017-12-25,69.56,70.5,71.9,68.65,8160044.0,0.1492,586930600.0
2017-12-26,70.21,71.04,71.99,67.5,10100130.0,0.18469999999999998,724647899.9999999
2017-12-27,70.37,66.18,70.9,65.3,9322632.0,0.1705,650349000.0
2017-12-28,65.6,65.7,69.05,64.5,7283734.0,0.1332,499781000.0
2017-12-29,66.28,67.67,69.49,66.26,8063161.0,0.1474,560333400.0
2018-01-02,68.8,67.71,69.05,66.0,5723544.0,0.1047,394899000.0
2018-01-03,67.74,67.3,68.18,66.0,5874653.0,0.1074,401966700.0
2018-01-04,67.25,70.2,71.16,67.25,10599954.0,0.1938,752060800.0
2018-01-05,69.5,67.37,69.59,67.0,8088378.0,0.1479,562948900.0
2018-01-08,66.5,66.76,67.83,65.18,5410050.0,0.0989,366179200.0
2018-01-09,66.4,66.88,67.99,66.36,4327717.0,0.0791,297114900.0
2018-01-10,66.48,64.42,66.87,63.98,5796826.0,0.106,386474500.0
2018-01-11,64.1,65.06,66.89,62.83,5524664.0,0.10099999999999999,367588700.0
2018-01-12,63.5,63.53,66.1,63.05,4361707.0,0.07980000000000001,287553000.0
2018-01-15,62.81,57.52,64.37,57.1,7630248.0,0.13949999999999999,469020800.0
2018-01-16,57.38,58.1,58.95,57.1,5057850.0,0.0925,300988700.0
2018-01-17,57.9,59.91,61.0,57.5,6524407.0,0.1193,399547000.0
2018-01-18,59.19,58.29,60.05,57.98,3641650.0,0.0666,219323400.0
2018-01-19,58.42,57.72,59.75,57.6,3202155.0,0.058600000000000006,192260099.99999997
2018-01-22,57.09,55.99,57.2,52.05,4800454.0,0.08779999999999999,271942000.0
2018-01-23,56.17,56.38,56.82,54.6,3416386.0,0.0625,196315000.0
2018-01-24,56.0,58.4,59.16,55.21,5819890.0,0.10640000000000001,344139800.00000006
2018-01-25,58.01,57.05,59.48,56.91,4162800.0,0.0761,249334800.0
2018-01-26,56.22,55.02,57.77,54.98,3369308.0,0.0616,193394400.0
2018-01-29,54.8,52.34,55.47,50.75,4410347.0,0.0806,240034199.99999997
2018-01-30,52.34,52.51,53.01,51.69,2562853.0,0.046900000000000004,138153100.0
2018-01-31,51.5,47.11,52.19,47.11,6365966.0,0.1164,319357000.0
2018-02-01,46.91,47.31,47.79,44.4,5143564.0,0.094,246573100.0
2018-02-02,47.01,47.35,48.85,45.7,4341724.0,0.0794,213624500.0
2018-02-05,45.74,42.47,46.0,42.47,5759724.0,0.10529999999999999,264688900.0
2018-02-06,39.61,38.43,41.99,38.24,6440907.0,0.11779999999999999,266460800.00000003
2018-02-07,40.07,39.67,40.74,37.56,6397611.0,0.11699999999999999,262585000.0
2018-02-08,39.07,41.44,42.88,39.07,6532925.0,0.1195,279951200.0
2018-02-09,38.75,41.35,43.36,38.75,6861642.0,0.1255,295103500.0
2018-02-12,42.3,42.93,43.48,41.51,5302374.0,0.09699999999999999,234738100.0
2018-02-13,43.1,42.08,43.5,42.0,4052173.0000000005,0.0741,179189000.0
2018-02-14,42.08,41.36,42.87,41.2,2669900.0,0.048799999999999996,116036600.0
2018-02-22,41.89,44.45,45.3,41.89,4883700.0,0.08929999999999999,221858700.0
2018-02-23,44.71,44.29,44.72,43.5,3889099.0,0.0711,177152599.99999997
2018-02-26,44.85,48.87,48.87,44.84,6447290.0,0.11789999999999999,313610000.0
2018-02-27,50.5,50.86,52.38,50.0,9633510.0,0.1761,508526000.0
2018-02-28,49.5,50.63,52.06,49.28,6258900.0,0.1144,327904300.0
2018-03-01,50.02,54.48,55.46,50.01,8021185.000000001,0.1467,437264000.0
2018-03-02,53.3,53.66,55.38,52.61,6012864.0,0.1099,333431000.0
2018-03-05,53.67,58.39,58.98,53.67,8665738.0,0.1585,505488900.0
2018-03-06,58.5,58.94,63.5,57.13,13156029.0,0.24059999999999998,808718000.0
2018-03-07,59.1,62.79,63.0,57.75,11584523.0,0.2118,726360700.0000001
2018-03-08,61.5,63.49,63.5,60.68,8993799.0,0.16449999999999998,572563300.0
2018-03-09,63.4,64.95,66.99,62.9,10514982.0,0.1923,704655800.0
2018-03-12,65.91,65.35,66.69,63.18,9927184.0,0.1815,659856000.0
2018-03-13,64.62,61.93,65.8,61.89,8274041.0,0.15130000000000002,542849900.0
2018-03-14,61.79,62.3,64.49,61.79,7960258.0,0.1456,513726800.0
2018-03-15,62.5,63.2,63.2,59.8,9067193.0,0.16579999999999998,569352000.0
2018-03-16,63.68,61.35,64.8,61.3,6918183.0,0.1265,446123000.0
2018-03-19,61.05,63.82,65.8,60.73,9103515.0,0.16649999999999998,592564700.0
2018-03-20,63.1,63.7,64.28,62.7,6437951.0,0.1177,418525100.0
2018-03-21,63.8,61.28,65.03,61.0,8171147.0,0.1494,527137000.0
2018-03-22,61.81,61.65,63.1,61.0,6134761.0,0.11220000000000001,389938000.0
2018-03-23,58.5,59.41,63.5,57.8,9800699.0,0.17920000000000003,610231900.0
2018-03-26,59.5,65.5,65.5,59.5,14412747.0,0.2635,941071900.0
2018-03-27,67.1,68.71,68.88,65.55,15500442.000000002,0.2834,1066039000.0
2018-03-28,67.06,67.11,68.46,66.35,9228997.0,0.16879999999999998,635436300.0
2018-03-29,67.66,68.0,71.5,67.66,10444126.0,0.191,739670600.0
2018-03-30,69.0,74.95,74.95,69.0,12258383.0,0.2241,895311000.0
2018-04-02,77.1,76.51,82.25,74.8,15000429.999999998,0.2743,1186519000.0
2018-04-03,74.56,74.01,76.31,71.5,11379220.0,0.20809999999999998,856164500.0
2018-04-04,74.5,73.4,76.18,71.88,9539158.0,0.1744,722546000.0
2018-04-09,73.52,73.9,75.18,70.0,8237257.000000001,0.1506,613866800.0
2018-04-10,73.39,70.8,74.49,68.66,8811473.0,0.1611,639296200.0
2018-04-11,71.5,69.19,72.65,68.97,7344592.0,0.1343,530509800.00000006
2018-04-12,69.88,69.5,70.99,68.51,6660350.999999999,0.12179999999999999,474274100.00000006
2018-04-13,70.15,73.95,74.7,69.2,11892361.0,0.2175,878811900.0
2018-04-16,72.5,74.21,74.96,71.16,8356012.0,0.1528,623508300.0
2018-04-17,74.98,73.49,77.84,71.48,10319802.0,0.1887,791094600.0000001
2018-04-18,75.05,79.3,80.99,73.5,15729876.999999998,0.2876,1248851500.0
2018-04-19,77.49,76.14,79.95,76.02,12347433.0,0.22579999999999997,978841200.0
2018-04-20,75.84,75.3,77.8,74.52,8913962.0,0.163,695045000.0
2018-04-23,74.5,67.62,74.88,67.62,11578560.0,0.21170000000000003,832481300.0
2018-04-24,67.3,67.99,70.48,64.16,10148708.0,0.1856,700217899.9999999
2018-04-25,67.5,67.3,69.65,66.5,6603237.0,0.1207,460643100.0
2018-04-26,67.8,68.52,70.48,67.41,7272353.0,0.133,514369300.0
2018-04-27,69.38,64.93,69.84,64.01,7063148.0,0.1291,475589900.0
2018-05-02,65.48,66.04,66.68,64.51,4287874.0,0.0784,287520300.0
2018-05-03,65.67,68.24,68.48,63.47,5982798.0,0.1094,405531600.00000006
2018-05-04,67.7,68.23,70.7,67.32,6194962.0,0.1133,436399800.00000006
2018-05-07,67.52,68.57,69.02,67.52,4110900.0,0.07519999999999999,287661100.0
2018-05-08,68.7,67.15,69.34,65.69,4992602.0,0.0913,343825800.0
2018-05-09,67.2,69.46,71.51,66.53,7921512.0,0.1448,563831800.0
2018-05-10,69.0,68.37,69.0,67.01,4764692.0,0.08710000000000001,331578100.0
2018-05-11,68.43,67.58,69.1,67.0,3877241.0000000005,0.0709,269484400.0
2018-05-14,66.5,65.8,67.8,65.69,4210806.0,0.077,286008100.0
2018-05-15,65.8,66.58,66.58,64.0,4823594.0,0.0882,323367600.0
2018-05-16,65.7,64.9,66.58,64.82,3667781.0,0.06709999999999999,246222200.0
2018-05-17,64.5,64.88,65.7,64.2,2648975.0,0.0484,176507500.0
2018-05-18,65.05,62.12,65.36,60.36,5729151.0,0.1048,367372900.0
2018-05-21,62.5,63.84,64.45,62.03,4734220.0,0.0866,308748700.0
2018-05-22,63.57,65.73,66.38,62.9,5962562.0,0.109,393848800.0
2018-05-23,65.39,65.43,67.38,64.5,6046674.0,0.1106,407100199.99999994
2018-05-24,65.0,63.42,65.68,63.38,3934847.0,0.0719,260253500.0
2018-05-25,63.02,61.51,63.89,61.5,3741826.0,0.0684,238781699.99999997
2018-05-28,61.5,58.59,61.5,58.51,4146673.0000000005,0.0758,253102300.0
2018-05-29,58.59,58.73,59.9,58.59,2693167.0,0.0492,163341600.0
2018-05-30,58.55,57.56,60.49,56.51,4294993.0,0.0785,259795400.0
2018-05-31,58.2,56.3,58.7,55.82,3787505.0000000005,0.0693,221041300.0
2018-06-01,57.0,56.47,58.5,56.13,3849772.0,0.0704,226722599.99999997
2018-06-04,56.44,57.42,59.5,54.53,4389701.0,0.0803,257795900.0
2018-06-05,56.91,59.2,59.22,56.88,4249944.0,0.07769999999999999,254368500.0
2018-06-06,59.34,58.11,59.34,57.84,3103045.0,0.0567,185737000.0
2018-06-07,58.44,58.19,59.1,57.97,2544614.0,0.04650000000000001,152477600.0
2018-06-08,58.55,56.45,58.55,54.59,3019451.0,0.0552,174406600.0
2018-06-11,56.15,54.11,56.36,53.67,3322528.0,0.0608,187293600.0
2018-06-12,53.24,52.25,54.46,49.96,4891344.0,0.0894,261858200.0
2018-06-13,52.22,52.66,54.65,50.69,4418435.0,0.0808,242079000.0
2018-06-14,50.57,51.95,53.55,50.57,3811907.0,0.0697,205013300.00000003
2018-06-15,52.44,56.86,57.29,52.44,10119247.0,0.185,572493500.0
2018-06-19,53.56,55.11,58.06,51.89,8502787.0,0.09539999999999998,482536800.0
2018-06-20,54.66,59.03,60.36,54.66,9295689.0,0.1043,546976000.0
2018-06-21,54.67,52.98,57.16,52.98,9826498.0,0.11019999999999999,553340800.0
2018-06-22,51.58,49.42,51.58,48.57,7356344.0,0.0825,378399900.0
2018-06-25,49.86,49.38,51.08,48.06,5351197.0,0.06,274746600.0
2018-06-26,48.06,50.55,51.33,47.56,5662950.0,0.0635,292919800.0
2018-06-27,49.86,50.86,52.36,49.86,7078196.000000001,0.0794,373356300.0
2018-06-28,50.24,49.26,51.9,49.07,4636620.0,0.052000000000000005,241869400.0
2018-06-29,50.16,53.69,54.33,49.76,9110550.0,0.10220000000000001,489669500.0
2018-07-02,53.56,53.52,55.06,52.6,7423600.0,0.0833,410139900.0
2018-07-03,53.52,58.29,59.02,53.06,11419074.0,0.1281,662000399.9999999
2018-07-04,57.46,58.63,60.11,56.77,11002439.0,0.1234,656748800.0
2018-07-05,57.39,55.76,58.54,55.11,7956972.0,0.08929999999999999,463129900.0
2018-07-06,56.0,55.57,59.06,55.38,9213276.0,0.10339999999999999,541730000.0
2018-07-09,55.76,56.77,57.44,55.17,5860003.0,0.06570000000000001,339439200.0
2018-07-10,57.11,57.26,57.91,55.94,5870268.0,0.0659,343022100.0
2018-07-11,55.56,54.98,56.44,52.86,7125846.000000001,0.0799,402433600.0
2018-07-12,55.55,57.12,58.56,55.06,8396028.0,0.0942,492117800.0
2018-07-13,56.71,57.22,57.86,55.96,5934996.0,0.0666,346920400.0
2018-07-16,57.47,56.34,57.56,55.73,5080415.0,0.057,295502000.0
2018-07-17,56.21,56.81,57.63,55.78,4618797.0,0.0518,268737500.0
2018-07-18,56.18,54.59,57.51,54.49,5454323.0,0.061200000000000004,313655900.0
2018-07-19,54.17,51.94,54.95,51.35,6497659.0,0.0729,351727100.0
2018-07-20,52.16,52.44,52.94,51.06,3861403.0,0.0433,206876300.0
2018-07-23,52.41,53.29,54.45,52.08,4392424.0,0.0493,240761600.0
2018-07-24,54.06,52.98,54.06,52.13,3919483.9999999995,0.044000000000000004,213638700.0
2018-07-25,52.55,53.03,54.29,52.36,4972766.0,0.0558,273465700.0
2018-07-26,52.86,50.49,52.95,50.37,5116202.0,0.0574,269944500.0
2018-07-27,49.52,50.44,51.25,49.46,2720222.0,0.0305,141447400.0
2018-07-30,50.76,49.16,51.09,48.5,3092446.0,0.0347,157411600.0
2018-07-31,49.16,49.16,49.86,48.67,1931361.0,0.0217,97805200.0
2018-08-01,48.76,49.58,50.89,48.76,3885976.9999999995,0.0436,200239199.99999997
2018-08-02,49.16,52.4,53.06,48.35,9021514.0,0.1012,474912400.0
2018-08-03,51.56,50.21,52.08,50.19,5464714.0,0.0613,286921000.0
2018-08-06,49.06,51.04,51.31,48.56,4716367.0,0.0529,244035500.0
2018-08-07,51.26,51.96,52.04,50.56,5793982.0,0.065,307704200.0
2018-08-08,51.69,49.37,52.44,49.35,5253050.0,0.058899999999999994,273199300.0
2018-08-09,48.81,52.15,53.06,48.81,8531345.0,0.09570000000000001,454577800.0
2018-08-10,52.06,53.14,53.38,51.44,7472894.0,0.08380000000000001,403431600.00000006
2018-08-13,52.11,54.31,54.43,52.11,7226347.0,0.08109999999999999,395577000.0
2018-08-14,53.59,52.56,54.03,52.18,5392800.0,0.0605,293547400.0
2018-08-15,52.94,51.6,53.26,51.59,4114842.0,0.0462,221377599.99999997
2018-08-16,50.64,50.5,52.38,49.99,3675060.0,0.0412,193388800.0
2018-08-17,51.32,49.16,51.53,48.87,4368026.0,0.049,224410500.0
2018-08-20,49.74,51.14,51.22,49.07,4680747.0,0.0525,242834900.00000003
2018-08-21,51.56,51.56,52.06,51.06,4668781.0,0.0524,247719500.0
2018-08-22,51.56,50.05,51.56,49.91,3483350.0,0.0391,181543700.0
2018-08-23,49.94,51.07,52.15,49.94,4002119.0,0.0449,210958200.0
2018-08-24,51.0,50.48,51.15,50.21,2422853.0,0.027200000000000002,126159400.0
2018-08-27,50.74,51.98,52.56,50.59,5231445.0,0.0587,278258500.0
2018-08-28,52.06,51.93,52.49,51.61,3558618.0,0.039900000000000005,190102900.0
2018-08-29,51.76,50.48,51.79,50.46,3635818.0,0.0408,190474400.0
2018-08-30,50.49,50.19,51.4,50.16,2707643.0,0.0304,140990800.0
2018-08-31,50.19,47.74,50.43,47.56,5524117.0,0.062,278207600.0
2018-09-03,47.75,45.99,48.26,42.82,5127040.0,0.0575,239639800.0
2018-09-04,45.77,46.22,46.51,45.12,3238871.0,0.0363,153432900.0
2018-09-05,45.86,44.94,46.45,44.84,2812971.0,0.0316,132755800.0
2018-09-06,44.68,46.05,46.78,44.36,4282901.0,0.048,203184300.0
2018-09-07,45.56,44.62,46.66,43.57,4129694.9999999995,0.0463,192447900.0
2018-09-10,44.57,42.28,44.65,41.36,4867900.0,0.0546,215097900.0
2018-09-11,42.44,42.18,42.81,41.56,2318214.0,0.026000000000000002,101159100.0
2018-09-12,42.16,42.62,43.41,42.04,2764457.0,0.031,122160000.0
2018-09-13,43.26,42.72,43.55,41.82,2809683.0,0.0315,123911900.0
2018-09-14,43.33,42.87,43.74,42.66,3547150.0,0.0398,158144600.0
2018-09-17,41.16,40.99,41.72,39.9,2696078.0,0.0302,114692600.0
2018-09-18,40.97,41.72,41.86,40.74,2564303.0,0.0288,110068400.0
2018-09-19,41.56,43.36,44.14,41.46,4993693.0,0.055999999999999994,223426800.0
2018-09-20,42.94,42.46,43.55,42.38,2771276.0,0.0311,122897099.99999999
2018-09-21,42.59,43.08,43.14,41.79,2905942.0,0.0326,128075900.0
2018-09-25,43.27,43.72,44.31,42.97,3082679.0,0.0346,139346900.0
2018-09-26,43.73,44.93,46.26,43.06,4762714.0,0.053399999999999996,219181500.0
2018-09-27,44.66,44.89,46.03,44.26,4627267.0,0.0519,216230800.00000003
2018-09-28,44.51,45.24,45.42,43.87,3196675.0,0.0359,147934500.0
2018-10-08,43.39,42.46,44.04,42.46,2976705.0,0.0334,133412300.0
2018-10-09,42.58,43.08,43.52,42.46,1978477.0,0.0222,87973400.0
2018-10-10,43.06,43.7,44.14,42.12,2785083.0,0.031200000000000002,125087600.0
2018-10-11,40.56,40.01,42.56,39.27,3690711.0,0.0414,156948800.0
2018-10-12,40.01,40.78,41.91,39.26,3552478.0,0.039900000000000005,149752200.0
2018-10-15,40.27,40.76,41.79,40.16,2248699.0,0.0252,95924200.0
2018-10-16,41.01,39.42,41.53,39.37,2894079.0,0.0325,120443700.00000001
2018-10-17,39.86,40.39,40.56,37.96,4123615.0,0.0463,169258000.0
2018-10-18,39.94,40.13,40.95,39.24,3424836.0,0.0384,142697200.0
2018-10-19,39.36,41.34,41.44,39.13,4150385.0,0.0466,175009800.0
2018-10-22,41.76,43.86,44.86,41.56,5035313.0,0.0565,224777100.0
2018-10-23,43.86,43.46,44.69,42.81,4041829.0,0.0453,182435500.0
2018-10-24,43.56,42.87,44.04,42.58,3154867.0,0.0354,140734800.0
2018-10-25,40.68,40.85,41.33,39.36,3569444.0,0.04,149833700.0
2018-10-26,41.54,40.28,41.91,40.18,2453036.0,0.0275,103986600.0
2018-10-29,39.56,39.95,40.96,39.56,1749200.0,0.0196,72939800.0
2018-10-30,39.86,39.72,40.41,38.43,2630517.0,0.029500000000000002,107356600.0
2018-10-31,39.94,40.52,40.96,39.76,2539914.0,0.0285,106316800.0
2018-11-01,41.08,40.8,41.86,40.68,3448226.0,0.0387,147026000.0
2018-11-02,41.76,42.54,42.86,41.41,4657258.0,0.052199999999999996,202473400.0
2018-11-05,42.86,42.32,43.75,41.76,4053258.9999999995,0.0455,179211500.0
2018-11-06,41.86,42.16,42.38,41.37,2364722.0,0.0265,102262300.0
2018-11-07,42.13,42.36,43.3,42.08,3296203.0,0.037000000000000005,145395200.0
2018-11-08,43.03,41.18,43.06,41.18,2580803.0,0.028999999999999998,112045300.0
2018-11-09,41.16,40.89,41.7,40.82,1849004.0,0.0207,78984000.0
2018-11-12,40.96,42.02,42.14,40.91,2739097.0,0.030699999999999998,118076100.0
2018-11-13,41.72,42.29,42.55,41.06,4562736.0,0.0512,197178400.0
2018-11-14,42.28,42.95,43.71,42.08,5184672.0,0.0582,229920400.0
2018-11-15,42.56,43.37,43.54,42.26,4642674.0,0.0521,206488000.0
2018-11-16,43.36,45.46,45.56,43.17,7413239.999999999,0.0832,340211900.0
2018-11-19,45.07,44.42,45.14,44.09,3921521.0,0.044000000000000004,179883700.0
2018-11-20,44.03,43.1,45.01,43.07,3802330.0000000005,0.042699999999999995,172336600.0
2018-11-21,42.46,42.94,43.23,42.06,2340524.0,0.0263,103041100.0
2018-11-22,43.35,42.35,43.43,42.24,2046720.0,0.023,90420600.0
2018-11-23,42.45,40.57,42.52,40.49,3032614.0,0.034,129716100.0
2018-11-26,40.56,40.64,41.01,40.07,1508600.0,0.0169,63393200.0
2018-11-27,41.24,40.5,41.36,40.41,1442001.0,0.016200000000000003,60939100.0
2018-11-28,40.4,40.99,41.27,40.08,1952299.0000000002,0.0219,82400400.00000001
2018-11-29,41.76,42.14,44.44,41.76,5784285.0,0.0649,257674100.0
2018-11-30,41.56,43.08,43.27,41.44,3635643.0,0.0408,160186400.0
2018-12-03,44.71,45.06,45.42,43.89,6525532.0,0.0732,300532900.0
2018-12-04,45.06,44.56,45.93,44.32,5178663.0,0.0581,240587500.0
2018-12-05,43.82,45.73,48.06,43.56,7110673.0,0.07980000000000001,336085100.0
2018-12-06,45.11,45.46,47.06,44.56,5533299.0,0.0621,262816400.0
2018-12-07,45.22,45.48,46.7,45.22,4579654.0,0.051399999999999994,217649800.0
2018-12-10,44.96,45.49,46.44,44.64,3620003.0,0.0406,170988600.0
2018-12-11,45.82,44.85,46.46,44.66,4317414.0,0.0484,202610000.0
2018-12-12,45.41,45.02,46.34,44.78,4198165.0,0.0471,196511300.0
2018-12-13,44.86,44.76,45.48,43.91,4003582.0,0.0449,185064300.0
2018-12-14,44.95,43.36,45.2,43.3,3365118.0,0.0377,153164000.0
2018-12-17,43.36,43.26,43.81,42.56,2101448.0,0.0236,93791200.00000001
2018-12-18,43.19,42.91,43.63,42.48,2332913.0,0.0262,103699300.0
2018-12-19,42.83,41.51,43.4,41.46,2795404.0,0.031400000000000004,121778799.99999999
2018-12-20,41.41,41.84,42.16,41.34,2178005.0,0.024399999999999998,94091000.0
2018-12-21,41.45,42.06,42.12,41.45,1940745.0,0.0218,84026200.00000001
2018-12-24,41.76,42.72,42.8,41.75,2502275.0,0.0281,110037600.0
2018-12-25,42.06,42.22,42.48,40.62,3003702.0,0.0337,129386800.0
2018-12-26,42.08,40.27,42.26,40.27,3410628.0,0.0383,145242900.0
2018-12-27,41.01,39.59,41.16,39.58,2648374.0,0.0297,110736299.99999999
2018-12-28,39.84,39.88,40.2,39.29,1787516.0,0.020099999999999996,73712100.0
2019-01-02,39.91,40.37,40.71,39.91,1585612.0,0.0178,66340600.00000001
2019-01-03,40.38,39.67,40.64,39.42,1659411.0,0.018600000000000002,68719300.0
2019-01-04,38.91,39.38,39.41,37.66,3661469.0,0.041100000000000005,146729700.0
2019-01-07,39.75,40.94,42.11,38.61,3730394.0,0.0418,157149900.0
2019-01-08,40.59,40.04,40.73,39.88,2162901.0,0.024300000000000002,90156299.99999999
2019-01-09,40.26,40.41,41.43,39.51,3746923.0000000005,0.042,157298900.0
2019-01-10,40.26,39.95,40.77,39.91,1689091.0,0.0189,70518400.0
2019-01-11,40.13,39.52,40.25,39.24,1916533.0000000002,0.0215,78775900.0
2019-01-14,38.22,35.44,38.22,35.42,6610600.999999999,0.0742,249615800.00000003
2019-01-15,35.34,35.67,35.83,33.64,3612048.0000000005,0.0405,131285200.0
2019-01-16,35.5,35.91,36.42,35.27,2628079.0,0.029500000000000002,98396900.0
2019-01-17,35.86,35.17,35.86,35.07,1859359.0,0.0209,68514500.0
2019-01-18,35.54,34.96,35.55,34.36,2222213.0,0.024900000000000002,80824500.0
2019-01-21,34.64,35.88,36.01,34.64,2717478.0,0.0305,100434800.0
2019-01-22,35.61,35.47,36.11,35.27,1789883.0000000002,0.020099999999999996,66367600.0
2019-01-23,35.29,35.11,35.42,34.76,1342900.0,0.0151,49116500.0
2019-01-24,35.11,36.44,37.55,35.11,4789645.0,0.0537,181156600.0
2019-01-25,36.07,35.76,36.94,35.69,3488475.0,0.0391,131936000.0
2019-01-28,35.98,34.85,36.37,34.81,2817859.0,0.0316,104179300.0
2019-01-29,35.36,33.91,35.36,32.76,2922123.0,0.032799999999999996,103249700.0
2019-01-30,34.03,33.67,34.3,33.62,1400003.0,0.015700000000000002,49553500.0
2019-01-31,33.36,32.8,34.07,32.59,2516289.0,0.0282,87128500.0
2019-02-01,32.66,34.16,34.19,32.66,2135179.0,0.024,75288600.0
2019-02-11,34.99,35.74,36.16,34.46,3477522.0,0.039,127554200.0
2019-02-12,35.54,36.48,37.34,35.29,4561847.0,0.0512,172418800.0
2019-02-13,36.92,38.38,39.27,36.61,7184772.0,0.0806,286583900.0
2019-02-14,38.47,38.1,38.95,37.78,4749981.0,0.0533,188738500.0
2019-02-15,38.18,37.67,38.54,37.61,3541808.9999999995,0.0397,139917600.0
2019-02-18,38.22,39.45,39.46,38.05,5466669.0,0.0613,220431000.0
2019-02-19,39.61,38.64,39.66,38.26,4860865.0,0.0545,195756500.0
2019-02-20,38.35,38.05,38.49,37.46,3177306.0,0.0356,125226600.0
2019-02-21,38.14,38.43,39.44,37.58,5166989.0,0.057999999999999996,207359000.0
2019-02-22,38.28,39.18,39.21,38.05,4315287.0,0.0484,173207400.00000003
2019-02-25,40.15,41.65,42.36,39.6,7977939.999999999,0.0895,337526400.0
2019-02-26,41.83,41.71,44.18,40.44,9331347.0,0.1047,405345300.0
2019-02-27,41.43,42.82,44.13,41.42,8608898.0,0.0966,380682200.0
2019-02-28,42.06,42.31,43.26,41.74,4818646.0,0.0541,211270800.00000003
2019-03-01,42.41,41.92,42.85,41.28,3945462.0000000005,0.0443,170417300.0
2019-03-04,42.64,42.31,43.68,42.24,7118909.0,0.0799,316353700.0
2019-03-05,42.26,44.78,45.22,41.72,9354544.0,0.10490000000000001,420722300.00000006
2019-03-06,44.78,44.21,45.26,43.25,8525347.0,0.0956,387069800.00000006
2019-03-07,44.06,44.05,44.87,43.41,7123708.0,0.0799,324382500.0
2019-03-08,43.56,47.26,48.6,42.69,20080645.0,0.2253,984068100.0
2019-03-11,49.11,47.43,49.56,45.64,12544962.0,0.1407,610573800.0
2019-03-12,47.53,48.0,48.73,46.56,9899746.0,0.11109999999999999,486440300.0
2019-03-13,47.56,45.31,47.97,44.67,7458381.0,0.0837,358490700.0
2019-03-14,43.96,42.35,44.25,41.86,7348552.0,0.0824,325301100.0
2019-03-15,42.56,41.97,42.99,41.57,4799329.0,0.0538,209481300.0
2019-03-18,42.02,42.83,42.83,41.63,3817687.9999999995,0.042800000000000005,167193200.0
2019-03-19,43.12,43.12,44.54,42.84,4778846.0,0.0536,215153400.0
2019-03-20,43.36,42.54,43.86,41.96,3578396.0,0.0401,158280500.0
2019-03-21,42.54,43.41,43.96,42.17,5099071.0,0.0572,228273900.0
2019-03-22,43.52,43.22,43.52,42.57,3184983.0,0.035699999999999996,141701700.0
2019-03-25,47.55,45.41,47.55,45.32,13146689.000000002,0.1475,627675000.0
2019-03-26,45.36,42.59,45.36,42.38,7669948.0,0.086,346974800.00000006
2019-03-27,42.76,43.12,43.52,41.26,5530201.0,0.062,243436000.0
2019-03-28,42.56,42.53,44.21,42.11,4884602.0,0.0548,218373000.0
2019-03-29,42.62,43.54,43.65,41.81,4308257.0,0.0483,191409700.0
2019-04-01,43.59,44.63,44.9,43.56,5996327.0,0.0673,275071300.0
2019-04-02,45.14,44.93,45.56,44.34,6324777.0,0.071,293246700.0
2019-04-03,44.56,44.61,44.8,44.17,3750861.0,0.0421,172100700.0
2019-04-04,44.94,44.87,45.53,44.71,4702241.0,0.0527,219009199.99999997
2019-04-08,45.0,42.92,45.43,42.56,5355517.0,0.0601,242359500.0
2019-04-09,42.89,42.69,43.46,42.36,3618474.0,0.0406,160127600.0
2019-04-10,41.76,42.39,42.91,41.69,2629194.0,0.029500000000000002,114982300.0
2019-04-11,42.67,42.54,43.44,42.46,3583924.0,0.04019999999999999,158995200.0
2019-04-12,42.17,42.77,43.2,42.17,2433679.0,0.0273,107545300.0
2019-04-15,43.17,42.84,43.68,42.76,3601207.0,0.0404,161080400.0
2019-04-16,42.58,43.71,43.75,42.17,3557247.0,0.039900000000000005,158208000.0
2019-04-17,43.72,43.47,44.41,43.34,3496491.0000000005,0.0392,158057700.0
2019-04-18,43.37,42.44,43.52,42.41,2918374.0,0.0327,129316000.0
2019-04-19,42.44,42.56,42.79,42.07,2083607.0,0.023399999999999997,91339000.0
2019-04-22,42.56,42.06,42.84,41.99,2254400.0,0.0253,98723700.00000001
2019-04-23,42.06,41.45,42.36,41.44,2272344.0,0.0255,98297400.0
2019-04-24,41.45,42.36,42.42,40.0,3843544.0,0.0431,164342000.0
2019-04-25,41.57,40.51,41.99,40.36,2370135.0,0.026600000000000002,101188900.0
2019-04-26,40.16,39.57,40.78,39.52,2464761.0,0.0276,102708100.0
2019-04-29,39.46,36.61,40.01,36.46,4077541.0000000005,0.045700000000000005,159903300.0
2019-04-30,37.06,37.05,37.34,36.26,1919264.0,0.0215,73482700.0
2019-05-06,36.26,33.76,36.29,33.2,3111601.0,0.0349,111781700.0
2019-05-07,33.86,34.18,34.48,33.34,2004584.9999999998,0.0225,70976300.0
2019-05-08,33.56,35.63,36.87,33.07,4394150.0,0.0493,162047100.0
2019-05-09,35.61,35.55,36.8,35.36,2728733.0,0.030600000000000002,102392500.0
2019-05-10,36.29,37.91,38.63,34.71,5237000.0,0.0587,200589900.00000003
2019-05-13,37.26,37.31,37.86,36.78,2971123.0,0.0333,114933799.99999999
2019-05-14,36.86,36.31,37.51,36.31,2462938.0,0.0276,94007200.0
2019-05-15,36.64,36.45,36.95,36.13,1888559.9999999998,0.0212,71569600.0
2019-05-16,36.45,36.47,36.66,36.02,1817450.9999999998,0.0204,68807300.0
2019-05-17,37.55,36.87,39.01,36.57,5567451.0,0.0625,218630000.0
2019-05-20,38.56,38.74,39.42,37.37,6581306.0,0.0738,263547400.00000003
2019-05-21,37.67,38.46,39.03,37.67,4221949.0,0.047400000000000005,167653500.0
2019-05-22,38.26,38.84,39.36,38.08,4980843.0,0.0559,200329900.00000003
2019-05-23,38.86,39.06,40.31,37.66,6674992.0,0.07490000000000001,271413700.0
2019-05-24,38.04,36.77,38.49,36.56,4532500.0,0.0508,176492900.0
2019-05-27,36.73,40.06,40.59,36.64,8877257.0,0.09960000000000001,361156200.0
2019-05-28,39.74,39.63,40.55,39.16,6650945.0,0.0746,273895600.0
2019-05-29,39.26,39.89,41.11,39.23,6892769.0,0.07730000000000001,286738400.0
2019-05-30,40.56,39.16,40.59,38.06,5835126.0,0.0655,237870099.99999997
2019-05-31,38.57,39.44,40.04,38.57,4852786.0,0.054400000000000004,197983100.0
2019-06-03,39.46,38.11,39.76,37.84,3406110.0,0.0382,136356900.0
2019-06-04,38.19,37.68,38.78,37.31,2954390.0,0.0331,116570000.0
2019-06-05,38.36,37.24,38.36,37.24,1974856.0000000002,0.0222,77569600.0
2019-06-06,37.29,36.11,37.42,35.74,2755080.0,0.030899999999999997,104656100.0
2019-06-10,36.31,36.49,36.92,36.21,1683904.0,0.0189,64015300.0
2019-06-11,36.49,37.46,37.81,35.71,2878041.0,0.0323,110729500.0
2019-06-12,37.22,38.77,39.91,37.22,5605478.0,0.0629,225426100.0
2019-06-13,38.77,38.52,39.36,38.23,2778049.0,0.031200000000000002,111267300.0
2019-06-14,38.41,36.98,38.88,36.63,2932252.0,0.0329,114733700.00000001
2019-06-17,37.11,36.21,37.29,36.14,2136261.0,0.024,80937400.0
2019-06-18,36.21,36.49,36.59,35.76,1405003.0,0.0158,52854200.0
2019-06-19,37.6,36.99,37.76,36.91,2554709.0,0.0287,98876900.0
2019-06-20,37.26,37.5,37.5,36.64,2370095.0,0.026600000000000002,91428799.99999999
2019-06-21,38.11,37.86,38.45,37.51,2793635.0,0.0313,110100600.0
2019-06-24,37.61,37.68,38.11,37.43,1799996.0,0.0202,70440800.0
2019-06-25,37.79,36.86,37.79,36.36,1924407.0,0.0216,73596100.0
2019-06-26,36.81,36.95,37.25,36.52,1233317.0,0.0138,47341400.0
2019-06-27,37.09,37.26,37.6,36.98,1717602.0,0.019299999999999998,66490700.0
2019-06-28,37.26,36.53,37.39,36.24,1661893.0,0.018600000000000002,63081200.0
2019-07-01,37.29,38.0,38.28,37.27,3532540.0,0.039599999999999996,138497800.0
2019-07-02,38.4,37.59,38.4,37.41,2433977.0,0.0273,95229300.0
2019-07-03,37.46,36.85,37.46,36.66,1891186.0,0.0212,72412400.0
2019-07-04,36.81,36.35,37.27,36.18,2146750.0,0.0241,81259000.0
2019-07-05,36.3,36.45,36.82,36.29,1311800.0,0.0147,49818900.0
2019-07-08,36.5,34.58,36.56,34.41,2961857.0,0.0332,108445400.00000001
2019-07-09,34.7,35.39,35.51,34.6,1892875.9999999998,0.0212,69170200.0
2019-07-10,35.88,35.43,36.35,35.21,1834952.0,0.0206,68142100.0
2019-07-11,35.65,34.89,35.83,34.89,1499528.0,0.0168,55095200.00000001
2019-07-12,34.91,35.31,35.55,34.73,1318450.0,0.0148,48333100.00000001
2019-07-15,34.42,35.31,35.71,33.41,2498496.0,0.027999999999999997,90278900.0
2019-07-16,35.11,37.0,37.61,35.09,5566100.0,0.062400000000000004,212419000.0
2019-07-17,38.61,37.67,40.54,37.63,7511598.0,0.0843,299356500.0
2019-07-18,36.94,36.41,37.71,36.41,4222798.0,0.047400000000000005,161778300.0
2019-07-19,36.29,37.27,37.47,36.29,3678593.0,0.041299999999999996,140851800.0
2019-07-22,36.29,36.32,38.11,35.16,5673449.0,0.0636,216072800.0
2019-07-23,35.91,36.4,37.39,35.62,3277949.0,0.0368,124679500.0
2019-07-24,36.51,37.69,37.91,36.46,5597515.0,0.06280000000000001,217154700.0
2019-07-25,37.26,37.53,38.09,37.16,4451300.0,0.0499,173420000.0
2019-07-26,37.36,37.03,37.43,36.75,2684092.0,0.0301,103035200.0
2019-07-29,37.03,37.0,37.76,36.81,2318862.0,0.026000000000000002,89611100.0
2019-07-30,36.91,37.58,37.88,36.77,3401389.0,0.0382,132041600.0
2019-07-31,37.59,37.06,37.76,36.93,2756262.0,0.030899999999999997,106706600.0
2019-08-01,36.76,36.77,37.26,36.51,2237600.0,0.025099999999999997,85502000.0
2019-08-02,35.96,36.67,37.11,35.79,3244142.0,0.0364,123343799.99999999
2019-08-05,36.62,36.88,37.66,36.27,3036454.0,0.0341,117033700.00000001
2019-08-19,37.61,40.71,40.71,37.41,11000704.0,0.1234,451515600.0
2019-08-20,41.6,39.89,41.6,39.71,10227354.0,0.11470000000000001,429672500.0
2019-08-21,39.77,39.55,40.29,39.16,5428727.0,0.057800000000000004,222450900.0
2019-08-22,39.55,39.61,40.53,39.45,4831602.0,0.051500000000000004,199134800.0
2019-08-23,39.29,38.99,39.79,38.72,3524003.0,0.0375,142738100.0
2019-08-26,38.2,38.69,38.99,38.18,2743700.0,0.0292,109743000.0
2019-08-27,38.81,38.87,39.49,38.73,3756751.0,0.04,152176200.0
2019-08-28,38.91,38.55,39.05,38.49,2189745.0,0.0233,87829000.0
2019-08-29,38.72,38.73,39.18,38.26,2517586.0,0.0268,101409700.0
2019-08-30,39.01,39.13,40.09,38.76,5768636.0,0.061500000000000006,235756300.0
2019-09-02,39.06,39.85,39.93,38.71,4483600.0,0.0478,183326500.0
2019-09-03,39.84,40.28,40.59,39.53,6624503.0,0.0706,274985900.0
2019-09-04,40.27,41.93,42.3,39.96,9577941.0,0.10210000000000001,406283300.0
2019-09-05,41.99,41.33,42.91,41.31,10214681.0,0.10880000000000001,445679400.0
2019-09-06,41.31,42.09,42.79,41.23,7633234.0,0.08130000000000001,332109600.0
2019-09-09,42.14,43.61,43.83,41.81,8957242.0,0.09539999999999998,397433300.0
2019-09-10,43.61,42.73,44.1,42.46,6755971.000000001,0.07200000000000001,299807900.0
2019-09-11,42.73,42.02,43.08,41.7,5235165.0,0.0558,228873900.0
2019-09-12,42.51,42.23,42.8,41.94,3463480.0000000005,0.0369,151461200.0
2019-09-16,42.41,43.13,43.59,42.01,5259092.0,0.055999999999999994,233514000.0
2019-09-17,43.11,40.86,43.11,40.79,5005800.0,0.0533,215476600.0
2019-09-18,41.2,40.8,41.47,40.69,2477327.0,0.0264,105056299.99999999
2019-09-19,40.99,42.3,43.38,40.74,5131178.0,0.0547,223510400.0
2019-09-20,42.19,44.26,44.47,41.91,10939859.0,0.1166,490150600.0
2019-09-23,44.11,45.29,45.41,43.49,10673721.0,0.1137,490429000.0
2019-09-24,44.72,45.37,47.21,44.72,11857145.0,0.1263,564944300.0
2019-09-25,45.6,44.94,46.54,44.44,8861663.0,0.0944,414927600.0
2019-09-26,45.0,42.92,45.91,42.71,8238250.0,0.08779999999999999,373963900.0
2019-09-27,43.28,43.06,44.1,42.88,6596207.000000001,0.0703,295923100.0
2019-09-30,43.53,40.89,43.53,40.86,5967116.0,0.0636,257914900.00000003
2019-10-08,40.74,39.59,41.5,39.31,4563134.0,0.048600000000000004,190224199.99999997
2019-10-09,39.49,40.26,40.38,38.72,3474033.0,0.037000000000000005,142686200.0
2019-10-10,40.41,40.34,40.41,39.91,3298055.0000000005,0.0351,137157100.0
2019-10-11,40.07,39.41,40.33,39.1,3425697.0,0.0365,140469600.0
2019-10-14,39.66,40.11,40.32,39.66,3040126.0,0.032400000000000005,126083200.0
2019-10-15,39.61,37.91,39.79,37.8,4927987.0,0.0525,196622900.0
2019-10-16,38.15,37.58,38.27,37.39,2648016.0,0.0282,103877099.99999999
2019-10-17,37.58,37.31,37.81,37.16,1975354.0,0.021,76785800.0
2019-10-18,37.55,37.72,38.08,37.03,2518323.0,0.0268,98361600.0
2019-10-21,37.96,38.03,38.11,37.17,1766412.0,0.018799999999999997,69142600.0
2019-10-22,38.19,38.3,38.44,37.91,1795899.0000000002,0.0191,71154700.0
2019-10-23,38.39,37.49,38.39,37.34,1778580.0,0.019,69825300.0
2019-10-24,37.46,36.93,37.77,36.71,1870739.0,0.0199,71890100.0
2019-10-25,36.79,37.08,37.24,36.38,1834541.0,0.0195,70060900.0
2019-10-28,37.21,38.79,39.0,37.21,4332760.0,0.0462,172839100.0
2019-10-29,38.71,37.68,38.71,37.67,2892893.0,0.0308,114442400.0
2019-10-30,37.76,38.42,38.98,37.21,3707676.0,0.0395,147638000.0
2019-10-31,38.46,38.23,38.96,38.16,2985807.0,0.0318,119279100.0
2019-11-01,37.8,38.31,38.53,37.8,2291735.0,0.024399999999999998,90997400.0
2019-11-04,38.61,38.54,39.21,38.41,2882400.0,0.030699999999999998,115805000.0
2019-11-05,38.71,38.51,38.91,38.07,2386466.0,0.0254,95072099.99999999
2019-11-06,38.52,37.63,38.71,37.29,2937426.0,0.0313,115448200.0
2019-11-07,37.45,37.78,38.0,37.45,1833100.0,0.0195,71684100.0
2019-11-08,38.02,38.05,38.55,37.64,2476781.0,0.0264,98108000.0
2019-11-11,37.61,36.6,37.61,36.4,2831211.0,0.0302,108485400.00000001
2019-11-12,36.6,35.68,36.77,35.41,2518315.0,0.0268,93677600.0
2019-11-13,35.67,35.92,36.18,35.23,1778274.0000000002,0.0189,66029799.99999999
2019-11-14,36.0,36.58,36.79,35.72,2325428.0,0.0248,87816900.0
2019-11-15,36.44,36.42,37.13,36.34,2053950.0,0.0219,78358000.0
2019-11-18,36.41,36.78,37.06,36.24,1448480.0,0.0154,55202700.00000001
2019-11-19,36.76,37.15,37.2,36.21,2026280.0,0.0216,77530500.0
2019-11-20,37.31,36.61,37.36,36.5,1681275.0,0.0179,64331200.0
2019-11-21,36.61,36.41,36.79,36.29,1133802.0,0.0121,42919900.0
2019-11-22,36.6,35.83,37.03,35.52,2052802.0,0.0219,77070600.0
2019-11-25,35.84,35.24,35.99,34.98,1649802.0,0.0176,60461400.0
2019-11-26,35.27,35.04,35.7,35.02,1348200.0,0.0144,49415200.00000001
2019-11-27,35.04,35.58,35.69,34.72,1736850.0,0.018500000000000003,63859799.99999999
2019-11-28,35.57,35.3,35.78,35.23,1248311.0,0.013300000000000001,45988000.0
2019-11-29,35.4,35.56,35.7,35.21,1260266.0,0.0134,46504000.0
2019-12-02,35.61,36.74,37.41,35.44,3443243.0,0.036699999999999997,131048799.99999999
2019-12-03,36.49,37.06,37.2,36.35,2390100.0,0.0255,91436400.0
2019-12-04,36.95,37.74,38.05,36.51,3908000.0,0.0416,152446800.0
2019-12-05,37.82,37.75,38.14,37.49,3916879.0,0.0417,153509600.0
2019-12-06,37.8,38.07,38.48,37.59,3307321.0,0.0352,130319599.99999999
2019-12-09,38.27,38.31,38.86,37.98,2968531.0,0.0316,118318000.0
2019-12-10,38.56,38.62,38.71,37.81,2951523.0,0.031400000000000004,117292400.0
2019-12-11,38.79,38.21,39.41,38.0,3439000.0,0.0366,137517200.0
2019-12-12,38.41,40.61,41.27,38.33,8808675.0,0.09390000000000001,367608100.0
2019-12-13,40.51,40.69,41.11,39.82,7124998.0,0.0759,298715600.0
2019-12-16,40.6,42.14,42.2,40.12,7430458.0,0.07919999999999999,316242700.0
2019-12-17,41.85,41.4,41.86,41.06,6298936.0,0.06709999999999999,269577300.0
2019-12-18,41.47,40.61,41.81,40.49,5171547.0,0.055099999999999996,219340000.0
2019-12-19,40.91,40.73,41.1,40.33,3242260.0,0.0345,136520900.0
2019-12-20,40.65,39.6,40.91,39.56,3543144.0,0.0378,147221700.0
2019-12-23,39.6,39.46,40.46,39.31,3080370.0,0.032799999999999996,127236500.0
2019-12-24,39.52,41.4,41.41,39.52,6293715.0,0.06709999999999999,265263100.0
2019-12-25,41.77,42.91,44.06,41.43,10263767.0,0.1094,456578000.0
2019-12-26,42.9,43.24,43.89,42.62,7051560.000000001,0.0751,314643600.0
2019-12-27,42.84,42.26,43.39,41.72,6902594.0,0.0735,302439100.0
2019-12-30,42.01,41.73,42.7,40.42,5065740.0,0.054000000000000006,217690200.0
2019-12-31,41.51,41.51,42.27,41.04,3514223.0000000005,0.0374,151100300.0
2020-01-02,41.6,42.51,42.81,41.6,4197387.0,0.0447,183646800.0
2020-01-03,42.81,41.67,42.91,41.42,4671241.0,0.049800000000000004,202954500.0
2020-01-06,40.57,41.41,41.94,39.98,4753294.0,0.0506,202351800.0
2020-01-07,42.46,42.31,43.98,42.08,6163515.0,0.06570000000000001,271919400.0
2020-01-08,42.46,42.72,43.84,42.29,7757936.0,0.0827,344278700.0
2020-01-09,42.78,42.53,43.26,42.02,4957671.0,0.0528,217582300.0
2020-01-10,42.4,41.54,42.41,41.39,4698441.0,0.0501,202993400.0
2020-01-13,41.74,43.47,43.47,41.24,7562205.0,0.0806,333390199.99999994
2020-01-14,43.61,43.62,44.7,43.03,8669329.0,0.0924,391873700.0
2020-01-15,43.51,46.41,47.61,43.21,12984694.0,0.1384,605843100.0
2020-01-16,45.41,47.4,47.45,44.92,12904960.0,0.1375,613308100.0
2020-01-17,47.11,46.62,48.09,46.05,8504459.0,0.0906,411731800.0
2020-01-20,45.9,51.42,51.42,45.64,12285962.0,0.1309,626466400.0
2020-01-21,51.38,51.93,52.81,50.12,13087485.0,0.1394,692454299.9999999
2020-01-22,51.91,54.32,56.07,50.11,12407664.0,0.1322,674352700.0
2020-01-23,52.59,51.35,55.29,50.42,12556815.0,0.1338,680894800.0
2020-02-03,46.08,46.08,46.08,46.08,1055000.0,0.011200000000000002,50080900.0
2020-02-04,41.37,47.88,48.06,41.37,14030035.0,0.1495,665367899.9999999
2020-02-05,47.31,47.52,49.71,46.63,11725807.0,0.1249,582293600.0
2020-02-06,46.67,48.97,48.97,46.24,10094088.0,0.1076,498082600.0
2020-02-07,48.66,51.18,51.87,48.29,11484343.0,0.12240000000000001,592557000.0
2020-02-10,50.64,50.52,52.49,49.91,9561612.0,0.10189999999999999,501437600.0
2020-02-11,50.49,49.56,51.89,49.45,9720962.0,0.1036,505551700.0
2020-02-12,48.63,51.63,52.09,48.56,11520329.0,0.12279999999999999,598074700.0
2020-02-13,51.72,53.37,56.44,51.63,15539037.0,0.1656,860702100.0000001
2020-02-14,53.51,53.29,56.36,52.01,17725815.0,0.1889,989909400.0
2020-02-17,53.25,54.31,54.47,52.06,13707210.999999998,0.1461,749425200.0
2020-02-18,53.61,58.42,59.29,53.34,19509461.0,0.2079,1122988900.0
2020-02-19,57.41,58.18,62.21,56.72,19241516.0,0.205,1168939000.0
2020-02-20,59.31,60.46,60.96,56.91,16702001.0,0.17800000000000002,1017428500.0
2020-02-21,59.59,60.49,62.49,59.36,15771707.0,0.168,979126700.0
2020-02-24,60.15,65.41,66.68,59.64,20699221.0,0.2206,1346300500.0
2020-02-25,63.61,66.66,67.27,60.11,20110600.0,0.2143,1335517100.0
2020-02-26,65.52,59.86,66.23,59.86,16130493.0,0.17190000000000003,1031674900.0
2020-02-27,60.46,56.65,60.6,55.12,13459482.999999998,0.1434,791381100.0
2020-02-28,52.81,53.0,55.86,52.77,12037444.0,0.1283,667527200.0
2020-03-02,54.73,54.94,55.79,53.41,10401907.0,0.1108,584243500.0
2020-03-03,56.05,54.46,58.11,54.01,11108470.0,0.1184,639069200.0
2020-03-04,53.31,53.1,54.38,51.21,10047003.0,0.10710000000000001,546245600.0
2020-03-05,54.61,52.8,55.06,51.43,9195432.0,0.098,497574400.0
2020-03-06,51.62,52.01,53.26,51.62,5419338.0,0.057699999999999994,291525700.0
2020-03-09,53.22,54.3,56.56,52.86,15488329.0,0.165,871059800.0
2020-03-10,55.28,59.87,59.87,55.11,24293286.0,0.2588,1460179400.0
2020-03-11,58.08,56.76,59.57,56.57,18820833.0,0.2005,1118067100.0
2020-03-12,54.46,58.82,58.97,53.41,14885999.0,0.1586,867215500.0
2020-03-13,57.11,61.99,63.96,57.08,21836802.0,0.2327,1369919100.0
2020-03-16,62.38,60.48,64.84,60.18,21035512.0,0.2241,1346246500.0
2020-03-17,61.94,59.55,62.71,57.11,15724750.0,0.1675,967069700.0
2020-03-18,61.21,60.61,63.21,60.41,17626656.0,0.18780000000000002,1110569500.0
2020-03-19,59.61,65.11,65.84,59.11,20120775.0,0.2144,1305956700.0
2020-03-20,65.11,61.71,66.31,60.61,18433603.0,0.19640000000000002,1190418600.0
2020-03-23,58.61,55.4,59.99,55.4,11159838.0,0.1189,645515800.0
2020-03-24,55.71,53.17,56.6,49.8,14792504.999999998,0.1576,804774500.0
2020-03-25,53.96,53.31,54.8,52.39,9524210.0,0.1015,523116200.0
2020-03-26,52.6,52.64,54.46,52.21,8230316.0,0.0877,451635300.0
2020-03-27,53.15,49.98,53.6,49.41,9531582.0,0.1016,503289600.0
2020-03-30,49.16,46.69,49.17,46.21,9207840.0,0.0981,446631800.0
2020-03-31,47.68,46.57,48.92,46.44,6783766.0,0.0723,333062800.0
2020-04-01,47.11,46.51,48.36,46.44,7002139.999999999,0.0746,341558800.0
2020-04-02,46.45,49.02,49.11,46.11,9421442.0,0.10039999999999999,462888900.0
2020-04-03,49.37,50.51,51.26,48.21,12098614.0,0.12890000000000001,618422900.0
2020-04-07,51.61,51.31,52.0,50.94,8010985.000000001,0.08539999999999999,422468600.0
2020-04-08,50.69,51.93,52.72,50.52,8097746.000000001,0.0863,430288100.0
2020-04-09,51.93,50.81,51.93,50.11,6587106.0,0.0702,345105300.0
2020-04-10,51.01,48.37,51.66,48.19,8191719.0,0.0873,417111000.0
2020-04-13,47.61,50.18,50.82,47.11,8436747.0,0.08990000000000001,431235000.0
2020-04-14,50.64,51.08,51.21,49.61,6514930.0,0.0694,338232699.99999994
2020-04-15,50.88,49.31,51.51,49.29,7891839.0,0.08410000000000001,409897500.0
2020-04-16,48.76,50.22,50.91,48.61,6605262.0,0.0704,339256800.0
2020-04-17,50.71,49.9,52.08,49.76,9039488.0,0.09630000000000001,473657100.0
2020-04-20,50.01,49.94,50.55,49.26,5452826.0,0.0581,278847500.0
2020-04-21,49.44,49.12,49.51,48.29,5501928.0,0.058600000000000006,275999000.0
2020-04-22,49.05,49.53,50.1,48.51,4924240.0,0.0525,250961100.0
2020-04-23,49.54,47.97,49.58,47.71,5342130.0,0.056900000000000006,266072000.0
2020-04-24,48.01,46.88,48.56,46.51,4531941.0,0.0483,220906000.0
2020-04-27,46.52,46.84,47.45,46.41,3779394.0,0.0403,182910000.0
2020-04-28,47.3,49.12,49.41,45.84,9120124.0,0.09720000000000001,453916600.00000006
2020-04-29,48.66,49.34,50.51,48.41,6268373.0,0.0668,320144200.0
2020-04-30,50.16,51.16,52.1,49.71,10725376.0,0.1143,562741200.0
2020-05-06,50.76,54.47,54.81,50.71,13746609.0,0.1465,749569700.0
2020-05-07,55.03,53.97,55.82,53.79,11866527.0,0.1264,664527500.0
2020-05-08,54.8,54.8,56.1,54.28,10905072.0,0.1162,617243800.0
2020-05-11,55.21,55.51,57.83,54.24,12277149.0,0.1308,703175600.0
2020-05-12,55.89,55.66,56.08,54.02,9426755.0,0.10039999999999999,534071300.0
2020-05-13,55.51,55.41,56.03,54.91,6743825.999999999,0.0719,383712100.0
2020-05-14,55.11,55.75,57.39,54.86,11259779.0,0.12,650335600.0
2020-05-15,55.78,56.34,57.41,55.53,11200035.0,0.1193,648676800.0
2020-05-18,57.56,55.21,58.32,54.69,12653127.0,0.1348,733596200.0
2020-05-19,56.08,58.73,59.18,55.96,17628780.0,0.18780000000000002,1048169400.0
2020-05-20,57.62,56.69,58.7,56.41,13013785.0,0.1387,765388700.0
2020-05-21,57.19,54.09,57.49,53.61,11040357.0,0.1176,624937300.0
2020-05-22,53.91,53.03,54.59,52.57,7407113.0,0.0789,407482500.0
2020-05-25,53.01,54.63,54.83,53.01,7708571.000000001,0.0821,426774500.0
2020-05-26,54.36,55.28,55.36,53.78,8535797.0,0.091,478998300.0
2020-05-27,54.7,54.55,55.1,52.91,8187881.0,0.0872,454485400.0
2020-05-28,54.31,52.56,54.46,51.01,8848824.0,0.0943,477942800.0
2020-06-01,51.06,53.53,53.88,50.0,11846720.0,0.12619999999999998,635893500.0
2020-06-02,54.41,54.61,55.5,53.61,11110381.0,0.1184,621514900.0
2020-06-03,54.61,56.54,58.91,54.07,17826864.0,0.18989999999999999,1037320500.0
2020-06-04,56.36,57.02,58.01,55.55,11818924.0,0.1259,688005100.0
2020-06-05,56.62,56.52,57.48,55.71,8877379.0,0.0946,515142800.0
2020-06-08,58.08,53.7,58.09,53.63,12531703.0,0.1278,714831900.0
2020-06-09,52.95,53.36,54.29,52.95,6899246.000000001,0.0704,378962100.0
2020-06-10,53.34,52.01,53.34,51.92,6234989.0,0.0636,334963700.0
2020-06-11,52.17,52.36,53.25,52.04,6385731.0,0.06509999999999999,345458900.0
2020-06-12,51.59,52.65,53.41,51.26,6439600.0,0.06570000000000001,348143900.0
2020-06-15,52.32,52.73,54.41,52.12,7251978.0,0.049800000000000004,397603200.0
2020-06-16,54.41,53.76,54.41,53.17,5447289.0,0.0374,299525300.0
2020-06-17,53.81,52.4,53.81,51.93,6386199.0,0.043899999999999995,344045600.0
2020-06-18,52.21,53.69,53.87,52.09,7553094.0,0.0519,413792200.0
2020-06-19,53.71,54.37,54.46,53.34,6994300.0,0.048,387474500.0
2020-06-22,54.51,56.53,56.89,54.51,10780241.0,0.07400000000000001,618986100.0
2020-06-23,55.87,56.31,56.8,55.82,6776364.0,0.04650000000000001,390662900.0
2020-06-24,56.49,57.05,58.45,56.29,10601006.0,0.0728,622174200.0
2020-06-29,57.04,57.37,59.01,56.81,9214961.0,0.0633,544169400.0
2020-06-30,57.78,58.29,58.85,57.6,10578408.0,0.0726,630433200.0
2020-07-01,58.33,59.01,59.09,56.51,12113666.0,0.0832,719781900.0
2020-07-02,58.66,59.8,60.01,58.2,11852011.0,0.0814,717729200.0
2020-07-03,60.49,60.38,61.49,58.81,13374585.999999998,0.09179999999999999,826749299.9999999
2020-07-06,63.16,66.56,66.56,63.16,11085422.0,0.0761,740694800.0
2020-07-07,69.99,69.11,73.36,68.81,24245201.0,0.16649999999999998,1762880600.0
2020-07-08,67.44,69.61,71.1,67.31,16634801.999999998,0.1142,1176300400.0
2020-07-09,69.61,70.33,71.57,69.11,13707929.0,0.0941,982653200.0000001
2020-07-10,69.97,71.42,73.71,68.93,17083842.0,0.1173,1248915100.0
2020-07-13,72.37,73.61,73.96,71.51,13303860.999999998,0.0907,984810800.0
2020-07-14,74.41,69.29,74.41,67.7,17460462.0,0.11900000000000001,1248164200.0
2020-07-15,72.01,70.5,74.1,69.67,19005367.0,0.1295,1396339500.0
2020-07-16,67.6,63.31,69.1,63.31,15968498.000000002,0.10880000000000001,1065324400.0
2020-07-17,63.17,61.57,63.62,60.27,9657809.0,0.0658,612355600.0
2020-07-20,62.43,63.77,63.85,60.97,8165239.999999999,0.0557,521599100.00000006
2020-07-21,63.78,63.03,64.65,62.43,7011334.0,0.0478,454218500.0
2020-07-22,62.59,63.16,64.46,62.25,7359481.0,0.050199999999999995,477593600.0
2020-07-23,61.74,62.19,62.75,59.69,9674270.0,0.0659,607380200.0
2020-07-24,62.24,58.37,63.29,58.0,9372465.0,0.0639,580848900.0
2020-07-27,59.35,58.83,59.91,57.77,5460846.0,0.037200000000000004,329547000.0
2020-07-28,59.67,59.27,60.47,58.31,4717298.0,0.0322,285974900.0
2020-07-29,59.01,61.1,61.27,58.85,7700963.0,0.0525,475581200.0
2020-07-30,60.98,60.04,61.2,59.77,5847545.0,0.039900000000000005,360238500.0
2020-07-31,60.37,62.02,63.13,60.36,7891848.0,0.0538,497463399.99999994
2020-08-03,63.17,64.6,65.0,62.47,10253735.0,0.0699,670268800.0
2020-08-04,64.27,63.59,64.45,62.7,6877752.0,0.046900000000000004,445643300.0
2020-08-05,67.57,64.58,67.87,64.55,10694355.0,0.07339999999999999,717424200.0
2020-08-06,63.75,65.17,65.17,62.55,7934020.0,0.0545,516166600.00000006
2020-08-07,65.13,62.59,65.13,61.75,7349261.0,0.050499999999999996,473506000.0
2020-08-10,62.17,62.37,63.12,61.3,4967123.0,0.0341,315455300.0
2020-08-11,62.67,62.9,66.44,62.39,9303257.0,0.0687,609463300.0
2020-08-12,63.5,60.83,63.5,59.17,7869802.0,0.0581,488140000.0
2020-08-13,60.92,60.67,61.65,60.35,4066521.0,0.03,253120200.0
2020-08-14,60.55,61.21,61.37,59.79,3751694.9999999995,0.0277,233120000.0
2020-08-17,61.32,62.55,62.62,60.79,5026092.0,0.0371,317688900.0
2020-08-18,62.57,62.31,63.2,61.79,3961656.0,0.0292,252829600.0
2020-08-19,62.25,59.66,62.25,59.66,5248369.0,0.0387,324971300.0
2020-08-20,58.19,58.56,60.13,58.19,3655097.0,0.027000000000000003,220187400.00000003
2020-08-21,59.17,58.87,59.93,58.02,3312925.0,0.0245,199622300.0
2020-08-24,59.12,60.26,61.09,57.66,4554530.0,0.0336,278204500.0
2020-08-25,60.26,60.37,60.96,59.54,3788119.9999999995,0.027999999999999997,233888700.0
2020-08-26,60.27,57.47,60.27,57.47,5011544.0,0.037000000000000005,300158000.0
2020-08-27,57.67,59.9,60.35,57.25,5344961.0,0.0394,323600200.0
2020-08-28,59.58,60.18,60.46,59.03,4140483.0,0.030600000000000002,253543200.0
2020-08-31,60.57,60.14,61.2,60.1,3905853.0,0.0288,242088300.00000003
2020-09-01,59.67,60.5,60.67,58.71,2887177.0,0.0213,177019000.0
2020-09-02,60.97,60.76,61.06,59.88,3608612.0000000005,0.026600000000000002,223590099.99999997
2020-09-03,61.07,60.71,61.96,59.89,5287492.0,0.039,329369800.00000006
2020-09-04,59.67,63.22,63.55,59.23,10022917.0,0.07400000000000001,640700400.0
2020-09-07,63.67,62.17,64.8,61.93,9109711.0,0.0672,590971300.0
2020-09-08,62.6,59.42,62.97,58.68,7509687.0,0.0554,465702600.0
2020-09-09,58.67,53.83,58.68,52.78,9595783.0,0.0708,545101200.0
2020-09-10,54.68,52.58,55.44,52.1,4742959.0,0.035,259874500.0
2020-09-11,52.42,53.64,53.77,51.67,3271441.0,0.0241,177733700.0
2020-09-14,54.13,55.12,55.97,53.75,4330538.0,0.032,243838600.0
2020-09-15,55.4,56.17,57.42,54.17,5224153.0,0.038599999999999995,299205600.0
2020-09-16,55.67,55.0,56.56,54.63,3611023.0000000005,0.026699999999999998,205030600.0
2020-09-17,54.67,56.24,57.12,54.47,4584888.0,0.0338,263655600.0
2020-09-18,55.98,56.92,57.15,55.79,3810869.9999999995,0.0281,220838900.0
2020-09-21,57.08,56.18,57.25,55.87,2807032.0,0.0207,162415000.0
2020-09-22,55.35,55.05,56.15,54.67,2779519.0,0.020499999999999997,158140000.0
2020-09-23,55.55,56.43,57.44,55.27,4112300.0,0.0304,237370600.0
2020-09-24,55.37,55.65,57.39,55.37,3807423.0000000005,0.0281,219719400.0
2020-09-25,56.05,55.6,56.57,55.07,2292068.0,0.0169,130633400.0
2020-09-28,55.36,53.45,55.81,53.04,3533723.0000000005,0.026099999999999998,195725800.00000003
2020-09-29,53.95,55.36,56.66,53.85,4322312.0,0.0319,245693100.0
2020-09-30,55.37,54.68,55.75,54.65,2411423.0,0.0178,135995600.0
2020-10-09,55.85,56.6,56.82,55.37,3581201.9999999995,0.0264,205873900.0
2020-10-12,56.79,58.86,58.97,56.66,4823389.0,0.0356,286753600.0
2020-10-13,60.57,60.43,61.43,59.75,6871773.0,0.0507,425681000.0
2020-10-14,60.64,60.83,61.35,60.03,5547638.0,0.0409,344749900.0
2020-10-15,61.16,59.7,61.86,59.7,4789506.0,0.0353,297911600.0
2020-10-16,61.11,60.47,61.47,60.04,3788667.0,0.027999999999999997,234967400.00000003
2020-10-19,60.56,59.69,61.26,59.51,3054999.0,0.0225,188033000.0
2020-10-20,59.91,60.42,60.43,59.36,2485665.0,0.0183,152565000.0
2020-10-21,60.37,58.38,60.41,57.94,3568753.0,0.0263,215070099.99999997
2020-10-22,58.17,58.3,59.17,57.56,2237728.0,0.0165,133759500.0
2020-10-23,58.81,55.75,59.12,55.67,3520169.0,0.026000000000000002,204894100.0
2020-10-26,55.69,56.05,56.31,54.87,2125334.0,0.015700000000000002,121148500.0
2020-10-27,55.75,57.08,57.37,55.66,2607423.0,0.0192,151886000.0
2020-10-28,57.05,57.3,57.57,56.17,2765294.0,0.0204,161331500.0
2020-10-29,56.67,57.81,58.16,56.39,3740473.0000000005,0.0274,220299700.0
2020-10-30,57.67,58.35,60.35,57.56,6017313.0,0.0441,361985800.0
2020-11-02,58.17,59.52,59.95,57.72,6660044.0,0.048799999999999996,401554900.0
2020-11-03,58.33,57.49,58.33,54.67,9875099.0,0.0723,571893500.0
2020-11-04,56.84,55.99,57.41,55.87,5085636.0,0.0373,294319200.0
2020-11-05,56.68,54.75,57.02,53.43,7969558.0,0.0584,448873600.0
2020-11-06,54.72,54.39,55.22,53.67,4780378.0,0.035,266517599.99999997
2020-11-09,54.83,60.44,61.07,54.83,12786137.0,0.09369999999999999,764203900.0
2020-11-10,60.05,61.95,63.95,59.05,13167857.0,0.0965,831462300.0
2020-11-11,62.0,59.29,62.1,58.18,8464894.0,0.062,516802200.0
2020-11-12,60.22,59.45,60.59,58.67,4984031.0,0.0365,302908100.0
2020-11-13,58.59,58.74,59.86,57.47,4876935.0,0.035699999999999996,292749200.0
2020-11-16,55.17,51.92,55.17,50.93,13837014.000000002,0.1014,747335900.0
2020-11-17,51.27,51.14,51.92,49.69,6880592.0,0.0504,357574300.0
2020-11-18,50.67,50.83,51.83,50.54,4080179.0,0.029900000000000003,213803500.0
2020-11-19,50.82,51.26,52.0,50.42,3888651.0,0.0285,204729700.0
2020-11-20,51.07,51.53,51.66,50.92,2653168.0,0.0194,139584700.0
2020-11-23,51.5,50.9,51.55,50.58,3129308.0,0.0229,163646700.0
2020-11-24,50.68,51.3,52.02,50.67,3839490.0,0.0281,202504100.0
2020-11-25,51.34,50.85,51.83,50.77,2832375.0,0.0207,148764000.0
2020-11-26,51.11,49.83,51.45,49.58,3453933.9999999995,0.0253,178448000.0
2020-11-27,49.9,50.48,50.62,48.62,3548323.0000000005,0.026000000000000002,181675000.0
2020-11-30,50.25,50.55,51.5,49.67,3550208.0,0.026000000000000002,184435099.99999997
2020-12-01,50.56,50.57,50.76,50.08,2701404.0,0.019799999999999998,139937900.0
2020-12-02,50.77,51.27,51.53,50.51,4014033.9999999995,0.0294,210521400.0
2020-12-03,51.47,52.05,52.62,51.19,5003978.0,0.036699999999999997,266825400.0
2020-12-04,51.67,52.66,53.33,51.67,4911148.0,0.036000000000000004,265030200.0
2020-12-07,53.56,52.48,54.52,52.44,4608768.0,0.0338,252077800.0
2020-12-08,52.67,52.26,53.02,51.8,3252917.0,0.023799999999999998,174693400.0
2020-12-09,52.17,50.67,52.56,50.67,3017628.0,0.022099999999999998,159372100.0
2020-12-10,50.97,50.3,51.14,49.87,2606757.0,0.0191,135144000.0
2020-12-11,50.67,49.63,50.67,48.73,2889527.0,0.0212,147191300.0
2020-12-14,49.67,49.8,50.39,49.33,2620273.0,0.0192,134118600.0
2020-12-15,49.82,49.52,50.06,49.02,2307538.0,0.0169,117235000.0
2020-12-16,49.37,47.85,49.69,47.79,3347179.0,0.0245,167183400.0
2020-12-17,47.91,49.85,50.05,47.15,4748643.0,0.0348,237693200.0
2020-12-18,50.42,49.36,50.94,49.22,3286651.9999999995,0.0241,168365900.0
2020-12-21,49.02,52.52,52.63,48.67,6799894.0,0.049800000000000004,358767600.0
2020-12-22,52.17,50.82,52.83,50.78,4022633.9999999995,0.029500000000000002,212842100.0
2020-12-23,50.67,51.11,52.08,49.93,3999926.0,0.029300000000000003,208924300.0
2020-12-24,51.18,49.06,51.26,48.87,3464941.0000000005,0.0254,177495099.99999997
2020-12-25,49.2,48.27,49.59,48.17,3869858.9999999995,0.028300000000000002,193594900.00000003
2020-12-28,48.77,45.35,48.77,45.35,6219050.0,0.045599999999999995,298423500.0
2020-12-29,45.57,45.85,47.05,44.98,4187544.9999999995,0.030699999999999998,198675500.0
2020-12-30,46.07,46.31,46.84,45.37,3277082.0,0.024,155387900.0
2020-12-31,46.47,48.18,48.45,46.47,3932725.0,0.0288,192981800.0
2021-01-04,48.43,49.09,49.54,48.03,3893242.0,0.0285,195739600.0
2021-01-05,49.12,49.56,49.97,48.23,4787174.0,0.0351,241508700.0
2021-01-06,49.67,48.79,50.07,48.48,3988821.0,0.0292,200244600.0
2021-01-07,48.7,47.02,48.75,46.53,4327705.0,0.0317,210186100.0
2021-01-08,47.04,47.32,48.37,46.37,3579192.0,0.0262,174530300.0
2021-01-11,45.17,45.48,46.97,44.07,5365387.0,0.0393,253317200.0
2021-01-12,45.55,46.57,46.66,44.87,3788919.0,0.0278,179047300.0
2021-01-13,46.66,45.91,47.07,45.27,4195365.0,0.030699999999999998,197968600.0
2021-01-14,45.95,49.21,50.03,45.51,9666075.0,0.0708,479315500.0
2021-01-15,49.67,49.54,52.37,48.33,11058599.0,0.081,572475000.0
2021-01-18,48.2,50.46,51.08,48.16,7717458.0,0.0565,396323000.0
2021-01-19,50.68,49.17,51.05,48.87,6032258.0,0.044199999999999996,307373400.0
2021-01-20,49.35,49.81,50.15,48.55,4549354.0,0.0333,231204900.00000003
2021-01-21,49.42,49.29,50.37,48.93,5864088.0,0.043,299416700.0
2021-01-22,49.07,48.99,49.57,47.95,4431124.0,0.0327,221288700.0
2021-01-25,47.67,47.67,48.33,46.84,4686069.0,0.0346,229414400.0
2021-01-26,47.72,47.28,50.0,47.25,6164457.0,0.0455,308186100.0
2021-01-27,47.86,47.94,49.63,47.3,4586011.0,0.0268,227849500.0
2021-01-28,47.27,44.97,47.27,44.87,5064213.0,0.0296,239988900.0
2021-01-29,45.62,44.56,45.8,43.87,3825669.9999999995,0.022400000000000003,176609400.0
2021-02-01,44.57,44.42,45.09,43.97,2724374.0,0.0159,125164200.0
2021-02-02,44.52,43.55,44.83,43.48,3717058.0,0.0217,168667200.0
2021-02-03,43.37,41.47,43.64,41.25,5811749.0,0.034,251067900.0
2021-02-04,41.57,40.5,41.6,39.28,4213184.0,0.0246,175174199.99999997
2021-02-05,40.54,39.02,40.93,38.95,3082335.0,0.018000000000000002,126589900.0
2021-02-08,39.21,39.33,40.17,38.98,2624413.0,0.015300000000000001,107496700.0
2021-02-09,39.27,40.9,41.14,39.27,3438051.0,0.020099999999999996,143522800.0
2021-02-10,40.89,41.25,41.33,40.27,2879330.0,0.0168,121674700.0
2021-02-18,42.01,41.89,43.16,41.82,3776312.0000000005,0.022099999999999998,165045099.99999997
2021-02-19,41.91,43.07,43.09,41.49,3263850.0,0.0191,143484400.0
2021-02-22,42.72,43.06,44.24,42.72,4584383.0,0.0268,205575000.0
2021-02-23,42.57,42.56,43.17,41.6,2865489.0,0.0167,125534200.0
2021-02-24,44.07,43.58,45.12,43.27,6794739.999999999,0.0397,310313500.0
2021-02-25,43.29,42.17,43.37,42.11,4087515.0,0.0239,179191800.0
2021-02-26,41.35,41.6,42.44,41.17,2413522.0,0.0141,104089900.0
2021-03-01,41.78,43.24,43.27,41.78,3225555.0,0.018799999999999997,141928400.0
2021-03-02,43.59,43.44,44.15,42.86,3121220.0,0.0182,139308500.0
2021-03-03,43.2,43.42,43.53,42.8,2004668.9999999998,0.011699999999999999,89081700.0
2021-03-04,43.15,42.67,44.2,42.67,3286500.0,0.0192,146856500.0
2021-03-05,41.67,42.43,43.11,41.47,2405918.0,0.013999999999999999,105398900.0
2021-03-08,42.78,41.63,43.58,41.58,3191923.0,0.018600000000000002,140154900.0
2021-03-09,41.27,40.52,41.62,39.68,2805549.0,0.016399999999999998,117803700.00000001
2021-03-10,40.72,38.92,41.01,38.79,3439204.0,0.020099999999999996,140237400.0
2021-03-11,38.96,39.93,40.59,38.25,3537021.0,0.0207,144189100.0
2021-03-12,39.93,38.63,39.96,38.37,3477317.0,0.0203,139618400.0
2021-03-15,38.47,38.97,39.12,37.9,2610679.0,0.0152,103764100.0
2021-03-16,38.96,38.87,39.05,38.44,1583694.0,0.0092,63480100.0
2021-03-17,38.87,39.58,39.77,38.6,2199557.0,0.0128,89750300.0
2021-03-18,39.32,39.04,39.67,38.73,1919446.0,0.011200000000000002,77634600.0
2021-03-19,38.39,39.08,39.4,38.27,1760556.0000000002,0.0103,71099400.0
2021-03-22,39.15,39.55,39.64,38.53,2037100.0,0.011899999999999999,82812900.00000001
2021-03-23,39.85,41.0,42.4,39.85,5358075.0,0.0313,228495500.0
2021-03-24,40.17,40.04,40.77,39.93,2742514.0,0.016,113952600.0
2021-03-25,39.87,39.82,40.24,39.47,2056898.0,0.012,84784400.0
2021-03-26,39.83,40.19,40.4,39.57,2287909.0,0.0134,94576900.0
2021-03-29,40.19,39.85,40.94,39.84,2360108.0,0.0138,98440200.0
2021-03-30,39.78,39.5,40.3,39.23,2064699.0000000002,0.0121,84539599.99999999
2021-03-31,39.67,39.39,39.77,39.0,1478233.0,0.0086,60065800.0
2021-04-01,39.87,40.42,40.65,39.2,3109130.0,0.0182,128973600.0
2021-04-02,41.11,44.5,46.1,41.11,11315741.0,0.0661,502082100.0
2021-04-06,45.12,44.22,45.12,43.83,6260828.0,0.0366,286067900.0
2021-04-07,44.17,43.81,44.51,43.33,4088591.0000000005,0.0239,184517900.0
2021-04-08,43.64,43.51,44.41,43.29,4102071.0,0.024,184917100.0
2021-04-09,43.27,43.81,44.22,43.07,3699437.9999999995,0.0216,166332800.0
2021-04-12,43.68,42.16,43.99,41.87,4204530.0,0.0308,185956699.99999997
2021-04-13,42.42,41.97,42.85,41.68,2702068.0,0.019799999999999998,117584599.99999999
2021-04-14,42.05,42.72,42.76,41.77,2726743.0,0.02,119046400.0
2021-04-15,42.49,43.75,43.77,42.01,4505435.0,0.033,199220200.0
2021-04-16,42.45,40.64,42.47,39.52,8558567.0,0.0596,358995300.0
2021-04-19,40.28,41.36,42.28,40.02,5591453.0,0.038900000000000004,237656800.0
2021-04-20,41.12,39.97,41.33,39.93,4202740.0,0.029300000000000003,176079000.0
2021-04-21,39.68,39.97,40.33,39.67,2582055.0,0.018000000000000002,106705400.00000001
2021-04-22,40.06,40.03,40.52,39.81,3600437.9999999995,0.025099999999999997,149205300.0
2021-04-23,40.03,39.61,40.03,39.27,2635557.0,0.0183,107941600.0
2021-04-26,39.54,39.78,40.59,39.54,3541187.0000000005,0.024700000000000003,146691100.0
2021-04-27,39.67,38.68,39.68,38.47,3398655.0000000005,0.023700000000000002,136536300.0
2021-04-28,38.47,39.21,39.37,38.27,2074343.0,0.0144,83490800.0
2021-04-29,39.17,39.43,40.07,39.16,2429603.0,0.0169,99554700.0
2021-04-30,39.47,39.16,39.65,38.36,2611627.0,0.0182,105100400.00000001
2021-05-06,39.16,39.23,39.45,38.77,2124301.0,0.0148,85918300.0
2021-05-07,39.02,38.73,39.4,38.72,2035206.0000000002,0.014199999999999999,82284300.0
2021-05-10,38.57,38.26,38.81,38.17,1910306.0000000002,0.013300000000000001,76027100.0
2021-05-11,38.27,39.3,39.32,38.27,2677290.0,0.018600000000000002,107642200.0
2021-05-12,39.05,39.67,39.92,39.0,2440305.0,0.017,99454599.99999999
2021-05-13,39.29,39.55,40.57,39.09,2914368.0,0.0203,120410100.0
2021-05-14,39.88,39.7,40.03,39.23,2360825.0,0.016399999999999998,96639700.0
2021-05-17,39.8,39.5,40.16,39.49,2238619.0,0.015600000000000001,92010800.0
2021-05-18,39.53,38.8,39.66,38.54,2510219.0,0.0175,100812600.0
2021-05-19,38.67,38.92,39.31,38.58,1782761.0,0.0124,71917000.0
2021-05-20,38.92,39.94,40.21,38.68,2932661.0,0.0204,119799400.0
2021-05-21,40.17,39.23,40.42,39.22,1956693.0,0.013600000000000001,80129300.0
2021-05-24,39.37,39.85,39.92,38.85,2156342.0,0.015,87981299.99999999
2021-05-25,40.3,40.06,40.35,39.67,3094325.0,0.0215,127799700.0
2021-05-26,40.0,39.95,40.25,39.77,2178678.0,0.0152,90046100.0
2021-05-27,39.94,41.74,42.81,39.83,7879831.0,0.0548,338704400.0
2021-05-28,41.33,41.51,41.73,41.01,4070694.0,0.028300000000000002,173726000.0
2021-05-31,41.67,42.16,42.53,41.51,4005372.0,0.0279,173189199.99999997
2021-06-01,41.81,42.74,43.33,41.49,5453072.0,0.0379,239650600.0
2021-06-02,42.67,41.29,42.71,41.26,4421940.0,0.0308,190377400.00000003
2021-06-03,41.43,41.63,42.68,41.16,4138747.0,0.0288,178033100.0
2021-06-04,41.34,42.38,42.6,41.34,4080737.9999999995,0.028399999999999998,177117100.0
2021-06-07,43.61,42.98,44.25,42.81,6270341.0,0.0436,280297300.0
2021-06-08,42.96,43.19,44.07,42.93,5837153.0,0.0406,260965300.0
2021-06-09,42.93,42.64,43.96,42.29,4180206.0,0.0291,184282400.00000003
2021-06-10,42.65,43.57,43.62,42.32,4358052.0,0.030299999999999997,192492700.0
2021-06-11,43.61,41.52,43.81,41.27,6123663.0,0.0426,265115600.0
2021-06-15,41.52,41.66,42.54,41.37,3834551.0,0.026699999999999998,165326400.0
2021-06-16,41.83,43.38,45.3,41.83,10882031.0,0.0801,491414800.00000006
2021-06-17,43.51,46.23,46.81,42.93,14467457.0,0.1065,675159100.0
2021-06-18,45.91,45.97,46.07,44.93,8260623.0,0.0608,386523700.0
2021-06-21,45.69,46.85,48.31,45.22,10732044.0,0.079,516381700.0
2021-06-22,47.01,46.62,47.55,45.61,6960047.0,0.0512,330640199.99999994
2021-06-23,48.31,49.64,52.81,48.31,16325853.0,0.1202,845482300.0
2021-06-24,49.82,48.32,51.21,48.21,12303439.0,0.0906,623914900.0
2021-06-25,48.34,48.69,50.59,47.91,9504977.0,0.07,477775600.0
2021-06-28,48.09,47.43,49.1,46.99,10923501.0,0.08039999999999999,538662200.0
2021-06-29,47.5,46.18,47.88,45.41,8251739.999999999,0.0608,391914100.00000006
2021-06-30,46.45,48.68,49.72,46.45,11509046.0,0.08470000000000001,568259500.0
2021-07-01,48.56,46.75,48.56,46.49,7411007.000000001,0.0546,360973200.0
2021-07-02,46.5,46.56,47.56,45.89,5551591.0,0.0409,266856300.0
2021-07-05,47.06,48.11,48.41,45.97,7770974.000000001,0.0572,377968600.0
2021-07-06,48.1,47.41,49.45,46.29,10155949.0,0.0748,500650500.0
2021-07-07,46.81,48.25,48.6,46.12,7078475.0,0.0521,345937500.0
2021-07-08,48.3,49.79,50.01,47.87,12065194.0,0.0888,610802000.0
2021-07-09,48.99,50.29,50.59,48.51,8836975.0,0.06509999999999999,448864200.0
2021-07-12,50.35,49.6,50.62,49.33,7536689.999999999,0.0555,384696700.0
2021-07-13,49.63,47.75,49.8,47.31,7911183.0,0.0583,390536500.0
2021-07-14,47.31,46.37,48.21,46.32,5892203.0,0.0434,283854400.0
2021-07-15,46.31,46.63,47.25,45.72,4753224.0,0.035,226023800.0
2021-07-16,46.59,44.41,46.97,44.11,7320656.0,0.053899999999999997,342078600.0
2021-07-19,44.41,44.65,45.08,44.01,3448086.0,0.0254,157797500.0
2021-07-20,44.31,45.18,45.47,44.11,3450108.0,0.0254,159157800.0
2021-07-21,45.02,46.22,46.81,44.91,5733110.0,0.042199999999999994,271070300.0
2021-07-22,45.95,48.23,48.8,45.69,9515597.0,0.0701,465418700.0
2021-07-23,48.71,48.37,49.47,47.67,9430112.0,0.0694,470085100.0
2021-07-26,48.59,49.33,49.97,47.31,9195041.0,0.0677,461186000.0
2021-07-27,49.9,51.67,55.91,49.88,25639336.0,0.1888,1386778500.0
2021-07-28,50.75,49.34,51.81,46.87,14234254.0,0.1048,725561900.0
2021-07-29,50.56,52.64,53.73,50.41,16930742.0,0.1247,904997899.9999999
2021-07-30,52.53,53.85,55.31,52.41,15553707.999999998,0.11449999999999999,860030399.9999999
2021-08-02,55.41,55.07,57.31,53.31,15510823.000000002,0.1142,875513500.0
2021-08-03,53.81,50.44,54.03,49.92,15025050.0,0.1106,796060100.0
2021-08-04,50.78,52.56,53.46,50.61,10034923.0,0.0739,537650900.0
2021-08-05,52.8,50.91,53.01,50.61,7817622.0,0.0576,412224200.0
2021-08-06,51.59,51.57,52.76,50.41,7379148.0,0.054299999999999994,387956700.0
2021-08-09,50.94,51.06,51.57,49.62,6673321.000000001,0.049100000000000005,345266300.0
2021-08-10,52.79,51.69,53.26,50.19,8940026.0,0.0652,472467200.0
2021-08-11,51.49,51.58,52.09,50.6,7494782.000000001,0.0546,394936000.0
2021-08-12,50.81,52.76,53.26,50.41,10781679.0,0.0786,579209600.0
2021-08-13,52.81,49.69,52.81,49.52,11234707.0,0.0819,582815400.0
2021-08-16,49.31,50.87,51.79,48.31,7406314.0,0.054000000000000006,381599200.0
2021-08-17,50.36,47.55,50.66,47.39,7256839.999999999,0.0529,361722800.0
2021-08-18,47.53,47.91,48.21,47.22,4482560.0,0.0327,219412599.99999997
2021-08-19,47.51,47.5,48.29,47.31,5829496.0,0.0425,285727000.0
2021-08-20,47.66,47.31,47.73,45.88,5454437.0,0.0398,263201600.0
2021-08-23,47.42,49.73,50.04,47.42,7287044.0,0.04769999999999999,367962900.0
2021-08-24,49.81,49.8,50.66,49.12,5426349.0,0.0355,277337200.0
2021-08-25,49.71,49.67,51.11,48.81,4316113.0,0.028300000000000002,220431100.0
2021-08-26,49.66,48.57,50.3,48.55,4309559.0,0.0282,217782500.0
2021-08-27,48.58,52.05,52.56,48.11,13738897.0,0.09,717046600.0
2021-08-30,51.69,51.81,54.06,50.91,9242986.0,0.0605,497707400.0
2021-08-31,52.31,49.52,52.33,48.7,9396491.0,0.0616,480838000.0
2021-09-01,49.79,47.76,49.79,46.66,7122488.0,0.0467,347887699.99999994
2021-09-02,47.36,46.63,47.59,46.53,4712848.0,0.030899999999999997,226410900.0
2021-09-03,46.21,46.71,47.39,45.58,5939588.0,0.038900000000000004,283536700.0
2021-09-06,46.68,47.36,47.76,45.84,4255736.0,0.0279,205470500.0
2021-09-07,47.19,47.65,47.77,46.93,3295032.0,0.0216,160165200.0
2021-09-08,47.65,48.09,48.6,47.2,3817310.0,0.025,187477900.0
2021-09-09,47.98,46.31,47.98,46.24,4822508.0,0.0316,230921699.99999997
2021-09-10,46.61,47.31,47.79,45.97,4559385.0,0.029900000000000003,219471200.0
2021-09-13,46.6,45.0,47.01,44.89,5948024.0,0.039,278301100.0
2021-09-14,45.1,45.07,45.97,45.03,3483256.0,0.022799999999999997,162527600.0
2021-09-15,45.01,45.17,45.76,44.51,2536434.0,0.0166,117677900.00000001
2021-09-16,45.17,43.83,45.66,43.81,3216482.0,0.021099999999999997,147318100.0
2021-09-17,44.11,43.54,44.31,41.71,4771047.0,0.0313,210529800.0
2021-09-22,42.81,43.51,43.97,42.6,2192655.0,0.0144,97887600.0
2021-09-23,43.61,43.76,44.51,43.54,2284747.0,0.015,103251800.0
2021-09-24,43.61,42.76,43.99,42.72,2291288.0,0.015,101771500.0
2021-09-27,42.76,42.63,43.78,42.47,1848831.0000000002,0.0121,81998000.0
2021-09-28,42.81,42.31,43.32,42.02,1799202.0,0.0118,78863300.0
2021-09-29,41.91,40.47,42.41,40.41,3225192.0,0.021099999999999997,136816800.0
2021-09-30,40.81,41.16,41.4,40.71,1808340.0000000002,0.0118,76638100.0
2021-10-08,41.78,41.83,42.71,41.61,2319947.0,0.0152,100517900.00000001
2021-10-11,42.02,42.43,42.79,41.88,2056124.0000000002,0.013500000000000002,89599800.0
2021-10-12,42.32,41.8,42.52,41.61,1753937.0,0.0115,75731500.0
2021-10-13,41.81,42.69,42.79,41.71,1620316.0,0.0106,70596400.0
2021-10-14,42.61,42.45,43.04,42.21,1763952.0,0.0116,76994900.0
2021-10-15,42.33,43.11,43.43,42.01,2570661.0,0.0168,113655700.0
2021-10-18,42.9,42.05,42.9,41.73,2154225.0,0.0141,93273300.0
2021-10-19,41.81,42.13,42.49,41.81,1442398.0,0.009399999999999999,62571800.0
2021-10-20,42.11,42.0,42.31,41.82,1320570.0,0.0087,57114799.99999999
2021-10-21,41.99,41.27,42.14,41.21,1683056.0000000002,0.011000000000000001,71959900.0
2021-10-22,41.4,42.24,42.8,41.25,3029849.0,0.019799999999999998,132052300.0
2021-10-25,42.08,42.97,43.24,41.71,2349933.0,0.0154,102695500.0
2021-10-26,42.82,43.22,43.41,42.53,2492824.0,0.0163,110217900.00000001
2021-10-27,43.19,42.19,43.19,42.08,2002186.0,0.0131,87336100.0
2021-10-28,41.01,38.13,41.08,37.96,6950559.0,0.0452,278455300.0
2021-10-29,38.13,38.88,39.26,37.96,3148704.0,0.020499999999999997,126137300.0
2021-11-01,38.88,41.03,41.47,38.84,4124154.0,0.0268,172434900.00000003
2021-11-02,41.44,41.01,42.69,40.69,3697876.9999999995,0.024,158008300.0
2021-11-03,41.31,40.76,41.69,40.19,2255266.0,0.0147,94689300.0
2021-11-04,41.09,41.31,41.97,41.09,2789854.0,0.0181,119090200.0
2021-11-05,41.81,41.42,42.44,41.33,2411163.0,0.015700000000000002,103543300.0
2021-11-08,41.3,40.81,41.31,40.11,2449574.0,0.0159,102283400.0
2021-11-09,40.98,41.7,41.77,40.57,3246474.0,0.021099999999999997,138098800.0
2021-11-10,41.51,42.54,42.77,41.42,3995612.9999999995,0.026000000000000002,173803500.0
2021-11-11,42.71,43.54,44.21,42.32,5682266.0,0.0369,253174900.00000003
2021-11-12,43.34,43.61,44.11,43.02,3190061.0,0.0207,142936300.0
2021-11-15,43.69,43.73,44.3,43.22,3552681.0,0.0231,159802000.0
2021-11-16,43.81,42.83,44.01,42.74,3391969.9999999995,0.022000000000000002,151085300.0
2021-11-17,42.84,43.14,43.51,42.83,2364814.0,0.0154,104817700.0
2021-11-18,43.41,43.59,45.31,43.14,7508539.999999999,0.048799999999999996,341226000.0
2021-11-19,43.14,43.39,44.11,42.84,4221456.0,0.0274,187684199.99999997
2021-11-22,41.91,44.26,44.6,41.79,7257391.0,0.0472,324189800.0
2021-11-23,44.26,44.71,45.26,44.05,5500531.0,0.0358,251922500.0
2021-11-24,44.41,44.94,45.89,44.19,5282368.0,0.034300000000000004,244642400.00000003
2021-11-25,45.26,46.28,46.51,44.57,7179092.999999999,0.0467,338345700.0
2021-11-26,45.86,45.54,46.15,45.09,4571470.0,0.0297,213468700.0
2021-11-29,44.91,45.13,45.62,44.52,4896435.0,0.0318,226001100.0
2021-11-30,45.38,44.83,45.96,44.49,4152249.0,0.027000000000000003,192752000.0
2021-12-01,44.65,45.45,46.51,44.65,4750434.0,0.030899999999999997,222982200.0
2021-12-02,45.45,44.14,45.59,44.03,3827598.0000000005,0.024900000000000002,175068600.0
2021-12-03,44.1,45.56,46.51,44.09,5464787.0,0.0355,255114500.0
2021-12-06,45.61,43.73,45.81,43.51,4340840.0,0.0282,197809900.00000003
2021-12-07,43.97,42.37,44.31,42.04,3838600.0,0.025,168375400.0
2021-12-08,42.39,44.32,45.34,42.39,6948084.0,0.0452,316329300.0
2021-12-09,44.09,44.76,45.76,44.08,4727800.0,0.030699999999999998,218015800.00000003
2021-12-10,44.49,43.82,44.97,43.63,4948734.0,0.0322,224002100.0
2021-12-13,43.83,43.31,44.01,43.03,2917517.0,0.019,130019200.0
2021-12-14,43.09,44.56,44.6,42.65,4162173.0000000005,0.0271,187530000.0
2021-12-15,44.5,43.65,44.73,43.32,3077113.0,0.02,138582400.0
2021-12-16,43.91,43.96,44.81,43.79,3003388.0,0.0195,136469400.0
2021-12-17,44.11,42.42,44.11,42.41,3848899.0,0.025,169336600.0
2021-12-20,42.88,43.51,46.01,42.71,8452793.0,0.054900000000000004,389491700.0
2021-12-21,42.81,42.84,43.82,42.62,3814337.0000000005,0.0248,168561500.0
2021-12-22,42.83,45.49,46.81,42.68,15096525.0,0.098,705942000.0
2021-12-23,45.83,44.83,46.1,44.59,6771967.999999999,0.044000000000000004,313826300.0
2021-12-24,44.93,48.72,49.43,44.93,17740034.0,0.1152,867456100.0
2021-12-27,48.65,48.21,51.6,47.68,13895643.0,0.0902,701106900.0
2021-12-28,48.97,47.41,50.21,46.91,9113736.0,0.0592,447916100.0
2021-12-29,47.41,48.87,50.04,47.22,11650565.0,0.0756,584643100.0
2021-12-30,48.81,51.4,52.36,48.46,12540365.0,0.0814,654244300.0
2021-12-31,52.06,51.39,53.16,50.31,9856514.0,0.064,519268700.0
2022-01-04,50.8,50.29,51.98,49.4,7330167.999999999,0.047599999999999996,378633399.99999994
2022-01-05,50.21,52.02,53.81,49.5,14193850.0,0.09210000000000002,761358400.0
2022-01-06,51.61,54.56,56.01,51.61,13617223.000000002,0.08839999999999999,763074700.0
2022-01-07,54.69,53.67,54.98,53.32,6886486.0,0.0447,380311300.0
2022-01-10,53.81,52.71,54.51,50.96,7963931.0,0.051699999999999996,426764500.0
2022-01-11,52.71,52.06,53.31,51.78,4821554.0,0.0313,258808700.0
2022-01-12,52.12,53.8,54.11,52.12,5891984.0,0.0382,321689500.0
2022-01-13,53.36,51.41,53.81,51.11,6140720.0,0.039900000000000005,326587600.0
2022-01-14,51.73,53.74,55.31,50.4,8256025.0,0.0536,446613900.0
2022-01-17,53.74,54.02,55.01,53.09,5281401.0,0.034300000000000004,291012900.0
2022-01-18,54.05,52.42,54.92,52.27,4643706.0,0.0301,253267900.0
2022-01-19,51.81,51.42,52.78,50.73,3473604.0,0.0225,182630700.0
2022-01-20,51.08,48.51,51.61,48.11,7486974.000000001,0.048600000000000004,377603800.0
2022-01-21,48.71,47.91,49.19,47.57,4702312.0,0.0305,232993800.0
2022-01-24,47.92,52.53,53.25,47.92,8560625.0,0.0556,448672500.0
2022-01-25,52.74,51.13,53.71,51.13,5034813.0,0.0327,268181600.0
2022-01-26,51.4,51.13,51.99,49.53,4287105.0,0.0278,222451500.0
2022-01-27,50.59,48.81,51.15,47.43,6193571.0,0.04019999999999999,309417500.0
2022-01-28,48.64,50.4,51.99,48.64,5662661.0,0.0368,293640900.0
2022-02-07,51.31,50.93,52.39,50.67,4428523.0,0.0287,233057900.0
2022-02-08,51.01,49.24,51.31,48.41,4259859.0,0.0276,214212900.0
2022-02-09,49.23,52.38,52.47,48.4,5211698.0,0.0338,272537600.0
2022-02-10,52.38,51.99,53.01,50.93,4154723.0000000005,0.027000000000000003,220496600.0
2022-02-11,51.56,49.77,51.69,49.15,4993623.0,0.032400000000000005,255183900.0
2022-02-14,48.81,51.52,52.6,48.41,5406360.0,0.0351,283695500.0
2022-02-15,51.59,52.21,53.41,51.38,4458029.0,0.0288,238732400.00000003
2022-02-16,52.59,52.58,53.09,50.71,4430053.0,0.0286,236453200.0
2022-02-17,52.31,51.71,53.26,51.49,3288767.0,0.0212,175348500.0
2022-02-18,50.65,50.81,52.67,50.49,2794794.0,0.018000000000000002,146761700.0
2022-02-21,51.02,50.0,51.3,49.69,3032895.0,0.0196,155714300.0
2022-02-22,49.69,50.54,51.08,48.44,4967348.0,0.0321,253029100.0
2022-02-23,50.31,60.89,60.89,50.22,15699740.0,0.1013,923522100.0000001
2022-02-24,63.82,61.81,65.23,58.31,25253574.0,0.1629,1579598200.0
2022-02-25,61.79,58.41,63.14,58.31,15801500.0,0.102,975416900.0
2022-02-28,58.41,59.43,59.52,56.61,12308522.0,0.0794,732870800.0
2022-03-01,58.71,59.09,60.66,58.34,9434517.0,0.060899999999999996,570956400.0
2022-03-02,58.31,59.08,59.34,57.39,8042150.0,0.0519,478243900.0
2022-03-03,59.31,55.17,59.47,55.11,13223276.0,0.08529999999999999,762718100.0
2022-03-04,54.04,57.07,57.92,53.82,11352831.0,0.0732,656930800.0
2022-03-07,56.36,55.44,57.29,54.56,6354027.0,0.040999999999999995,360393100.0
2022-03-08,56.01,60.81,66.36,55.44,20774355.0,0.134,1280191800.0
2022-03-09,61.56,62.6,63.88,59.67,19114164.0,0.1233,1206158000.0
2022-03-10,64.51,60.79,65.0,60.41,16128031.0,0.1041,1017172000.0
2022-03-11,59.32,61.12,62.31,58.91,11506035.0,0.0742,717439500.0
2022-03-14,59.53,58.98,61.66,58.01,8936305.0,0.057699999999999994,546060500.0
2022-03-15,58.8,61.06,64.81,58.51,15782092.000000002,0.1018,999116600.0
2022-03-16,62.31,63.01,64.49,58.37,17705772.0,0.10710000000000001,1111147100.0
2022-03-17,63.21,62.11,65.99,61.61,18130268.0,0.1097,1174342600.0
2022-03-18,61.11,62.31,64.99,60.76,10584173.0,0.064,677419600.0000001
2022-03-21,61.38,62.31,62.56,59.72,11981178.0,0.071,747137200.0
2022-03-22,61.11,56.65,61.69,54.73,17646414.0,0.10460000000000001,1043672800.0
2022-03-23,56.31,57.79,57.81,56.01,8062505.0,0.0478,470060700.0
2022-03-24,57.01,55.69,57.71,55.46,7095089.0,0.0421,408341500.0
2022-03-25,56.66,55.01,57.36,54.79,5194639.0,0.0308,296858000.0
2022-03-28,54.01,55.1,55.47,53.46,4988487.0,0.0296,278850300.0
2022-03-29,55.3,54.51,56.69,52.69,7261792.0,0.043,404173500.0
2022-03-30,54.5,55.48,56.49,54.41,6594581.0,0.0391,373438200.0
2022-03-31,54.83,54.77,56.28,54.01,5122796.0,0.0304,287914400.0
2022-04-01,54.22,55.96,57.22,54.16,6927100.0,0.0418,396944600.0
2022-04-06,55.41,51.77,55.7,50.83,8430000.0,0.0509,447442400.0
2022-04-07,51.65,50.71,51.91,50.3,5393400.0,0.0326,280630600.0
2022-04-08,50.43,51.3,51.69,49.21,4750100.0,0.0287,246140300.0
2022-04-11,50.61,48.52,50.72,48.41,4408800.0,0.026600000000000002,223068200.0
2022-04-12,48.98,50.3,50.61,47.81,4345100.0,0.0262,219510900.0
2022-04-13,49.81,48.81,49.99,48.51,3856900.0,0.0233,194499000.0
2022-04-14,48.91,50.44,51.38,47.24,6894300.0,0.0416,348972100.0
2022-04-15,49.41,50.81,51.24,48.81,4818400.0,0.0291,247280000.0
2022-04-18,50.26,53.31,53.86,49.91,5804600.0,0.035,313219200.0
2022-04-19,53.01,52.59,54.44,52.25,3832600.0,0.0231,208686699.99999997
2022-04-20,52.86,52.6,53.47,52.02,2217600.0,0.0134,119204100.0
2022-04-21,52.01,50.81,54.14,50.44,3840400.0,0.0232,205162800.0
2022-04-22,50.31,48.39,51.6,48.09,3631900.0,0.0219,184176300.0
2022-04-25,47.65,43.13,47.86,42.41,6501100.0,0.0393,298690900.0
2022-04-26,45.81,42.69,45.81,42.56,5084100.0,0.030699999999999998,230753400.0
2022-04-27,41.65,46.06,46.39,41.63,5737200.0,0.0346,262412000.0
2022-04-28,45.81,45.93,47.34,44.97,3982300.0,0.024,188681600.0
2022-04-29,46.51,47.71,48.53,45.5,3725300.0,0.0225,180420400.0
2022-05-05,48.14,50.1,50.61,47.4,4094100.0,0.024700000000000003,206491000.0
2022-05-06,48.91,49.34,50.49,48.34,2500100.0,0.0151,126887300.0
2022-05-09,49.06,50.19,50.4,48.49,1842200.0,0.0111,93883200.0
2022-05-10,48.84,53.76,54.04,48.84,5195800.0,0.031400000000000004,280712300.0
2022-05-11,54.12,53.5,55.57,53.45,5227600.0,0.0316,291692000.0
2022-05-12,53.39,54.16,54.91,53.19,2953300.0,0.0178,163531100.0
2022-05-13,54.06,53.26,54.66,52.92,2862100.0,0.0173,156678900.0
2022-05-16,53.77,52.81,53.78,51.94,2541900.0,0.015300000000000001,136992300.0
2022-05-17,52.81,54.82,55.11,52.5,3655200.0,0.022099999999999998,203493500.0
2022-05-18,54.96,54.61,55.95,54.27,3176700.0,0.0192,178664700.0
2022-05-19,53.63,55.94,56.31,53.11,4170200.0,0.0252,236755800.00000003
2022-05-20,56.05,55.75,57.31,55.36,3948800.0,0.023799999999999998,226313200.0
2022-05-23,55.82,55.6,56.68,55.31,2296500.0,0.0139,130737500.0
2022-05-24,55.48,53.61,56.83,53.59,3761300.0,0.0227,212360800.00000003
2022-05-25,53.71,53.44,55.01,52.76,3001100.0,0.0181,164368900.0
2022-05-26,53.49,52.76,53.79,51.33,3511900.0,0.0212,189089300.0
2022-05-27,53.15,52.22,54.22,51.66,2717100.0,0.016399999999999998,146624300.0
2022-05-30,52.35,53.41,53.52,51.41,2572400.0,0.0155,138953800.0
2022-05-31,53.4,54.26,54.26,52.11,3128500.0,0.0189,170908400.0
2022-06-01,53.81,53.94,55.41,53.01,3772300.0,0.022799999999999997,208342200.0
2022-06-02,54.49,56.08,57.3,53.81,6616200.0,0.039900000000000005,378563399.99999994
2022-06-06,56.69,58.38,58.7,56.08,5779800.0,0.0349,341124500.0
2022-06-07,58.01,58.29,59.91,57.71,5614200.0,0.0339,336519200.0
2022-06-08,58.26,57.31,58.46,55.99,3754800.0,0.0227,218859100.0
2022-06-09,57.31,53.96,57.46,53.61,5070700.0,0.030600000000000002,284426300.0
2022-06-10,53.61,55.49,55.87,53.47,5433900.0,0.032799999999999996,303960400.0
2022-06-13,54.85,55.25,55.74,53.66,2945200.0,0.0176,164402599.99999997
2022-06-14,54.81,53.17,54.81,51.72,4437400.0,0.0265,240189100.0
2022-06-15,53.39,54.5,55.82,53.39,3453200.0,0.0206,193880600.0
2022-06-16,54.54,58.92,60.36,54.54,11680200.0,0.0697,695985800.0
2022-06-17,58.92,58.78,59.09,57.44,8249000.0,0.0492,492745400.0
2022-06-20,58.56,58.16,59.17,58.01,4269200.0,0.0255,255397500.0
2022-06-21,58.18,58.88,59.42,57.19,5717100.0,0.0341,340679100.00000006
2022-06-22,59.31,57.2,59.57,57.03,4132900.0,0.024700000000000003,243811900.0
2022-06-23,57.17,57.91,58.55,56.83,3350800.0,0.02,197510300.0
2022-06-24,58.06,59.78,60.77,57.81,5948300.0,0.0355,361275100.0
2022-06-27,59.52,60.21,60.36,58.91,4720100.0,0.0282,287694900.0
2022-06-28,59.8,61.28,62.31,58.75,5078200.0,0.030299999999999997,312863700.0
2022-06-29,60.91,59.21,61.64,59.11,4902800.0,0.0292,300546500.0
2022-06-30,59.05,59.81,60.8,58.22,4060100.0,0.0242,246714100.0
2022-07-01,59.81,58.35,60.31,58.11,3199100.0,0.0191,191897000.0
2022-07-04,58.53,55.76,58.53,54.9,7867000.0,0.046900000000000004,447432500.0
2022-07-05,56.0,55.43,56.31,54.31,4515400.0,0.0268,253923100.0
2022-07-06,55.43,58.79,59.87,55.17,7944100.0,0.0471,472655100.0
2022-07-07,59.31,61.36,62.48,58.81,10158600.0,0.0602,632664600.0
2022-07-08,61.46,59.72,61.7,59.45,3721600.0,0.022000000000000002,229426900.0
2022-07-11,59.27,58.39,59.91,57.48,3491300.0,0.0207,207626200.0
2022-07-12,59.15,57.09,60.35,57.03,3008100.0,0.0178,178122599.99999997
2022-07-13,57.45,56.62,57.73,55.73,2879200.0,0.0171,165801100.0
2022-07-14,56.41,57.87,59.2,55.92,3600400.0,0.0213,211401200.0
2022-07-15,60.37,66.81,69.66,60.37,18736300.0,0.111,1270120700.0
2022-07-18,67.24,64.81,67.68,63.51,12097200.0,0.0717,797407899.9999999
2022-07-19,64.61,64.83,65.61,63.69,8025900.0,0.0475,527540600.0
2022-07-20,64.91,65.31,66.58,64.87,7271200.0,0.0431,484661200.0
2022-07-21,65.42,69.86,71.13,65.03,11411000.0,0.0676,800769000.0
2022-07-22,68.41,69.51,71.41,68.41,6548500.0,0.0388,464671700.0
2022-07-25,70.0,70.72,73.11,68.51,6939500.0,0.041100000000000005,500879700.0
2022-07-26,71.66,73.57,75.41,69.41,8254400.0,0.0489,603744700.0
2022-07-27,72.79,71.8,74.41,71.39,5418200.0,0.0321,398775500.0
2022-07-28,72.51,72.15,74.02,71.01,5646300.0,0.0334,414377300.00000006
2022-07-29,71.91,72.97,73.76,70.46,5517000.0,0.0327,405293000.0
2022-08-01,72.18,74.96,76.09,69.81,6745200.0,0.04,504388900.0
2022-08-02,73.44,77.41,80.92,73.33,11196200.0,0.0663,887562800.0
2022-08-03,78.12,75.51,84.79,75.41,13145200.0,0.0779,1050133600.0
2022-08-04,76.92,80.4,81.66,74.94,10885500.0,0.0645,868731200.0
2022-08-05,81.26,85.82,87.79,78.42,12885200.0,0.07629999999999999,1077006500.0
2022-08-08,84.19,84.96,89.57,81.42,12807100.0,0.0759,1095264600.0
2022-08-09,83.57,97.39,99.71,82.27,10777600.0,0.0638,969517800.0
2022-08-10,93.25,95.91,106.91,92.77,12293000.0,0.0728,1216156100.0
2022-08-11,95.91,96.91,101.84,94.95,9742800.0,0.057699999999999994,963264100.0
2022-08-12,95.02,90.08,98.89,89.81,12194700.0,0.0722,1155012100.0
2022-08-15,91.63,92.12,92.68,89.72,8409200.0,0.049800000000000004,776918200.0000001
2022-08-16,91.31,90.13,92.86,88.67,9071500.0,0.0537,830249000.0
2022-08-17,90.16,91.25,92.41,89.6,7341900.0,0.0435,674353400.0
2022-08-18,90.41,92.33,94.39,87.41,9389600.0,0.0556,867927800.0
2022-08-19,91.9,88.88,92.9,88.37,6431900.0,0.0381,585389500.0
2022-08-22,88.03,91.27,92.41,88.03,5847600.0,0.0346,539326000.0
2022-08-23,91.58,92.69,93.29,89.24,5866600.0,0.0348,540154100.0
2022-08-24,91.47,86.51,91.89,86.47,7203600.0,0.042699999999999995,642368600.0
2022-08-25,86.91,86.11,88.79,83.92,4990400.0,0.0296,436617699.99999994
2022-08-26,86.38,86.38,87.79,85.79,3720800.0,0.022000000000000002,327317900.0
2022-08-29,84.91,87.01,89.4,82.91,4171400.0,0.024700000000000003,370590600.0
2022-08-30,86.9,91.66,93.24,86.67,7215100.0,0.042699999999999995,666276500.0
2022-08-31,91.0,93.3,95.8,87.01,8761300.0,0.0519,812480200.0
2022-09-01,92.91,87.7,94.67,87.04,6489100.0,0.0384,594122000.0
2022-09-02,87.63,94.41,95.39,85.91,8380400.0,0.0496,782366400.0
2022-09-05,93.72,97.84,102.1,92.68,8249200.0,0.0489,815734500.0
2022-09-06,97.38,99.69,101.31,95.94,5359600.0,0.0317,534509700.0
2022-09-07,98.91,106.99,108.9,98.07,7671500.0,0.0454,821286100.0
2022-09-08,105.94,106.9,110.39,104.55,5439100.0,0.0322,588335900.0
2022-09-09,106.95,103.91,107.49,101.6,4931000.0,0.0292,518112699.99999994
2022-09-13,104.4,103.91,108.81,102.61,4678500.0,0.0277,495016000.0
2022-09-14,102.61,103.88,106.35,100.41,5964700.0,0.0353,621949400.0
2022-09-15,103.88,96.41,103.91,94.57,7882900.0,0.0467,780699000.0
2022-09-16,95.91,97.46,100.08,95.73,6630200.0,0.0393,655975100.0
2022-09-19,97.91,95.95,100.71,94.79,4106800.0,0.024300000000000002,404275400.0
2022-09-20,96.91,96.35,98.57,91.91,4382100.0,0.026000000000000002,424706600.00000006
2022-09-21,95.51,92.8,95.57,92.13,4609400.0,0.0273,435300199.99999994
2022-09-22,92.35,94.93,97.06,91.17,4284800.0,0.0254,410645899.99999994
2022-09-23,95.92,91.87,96.42,90.57,4003900.0,0.0236,375444000.0
2022-09-26,92.45,92.71,94.51,90.03,5327500.0,0.031400000000000004,500561300.0
2022-09-27,93.38,101.69,103.91,91.57,8586000.0,0.0506,870581500.0
2022-09-28,101.91,96.84,102.07,96.31,5196000.0,0.030600000000000002,517365400.0
2022-09-29,98.91,97.6,99.41,94.81,4632000.0,0.0273,456836900.0
2022-09-30,97.4,91.09,97.6,91.09,4938300.0,0.0291,464751900.0
2022-10-10,90.28,84.12,90.65,79.21,10342700.0,0.061,876704600.0000001
2022-10-11,84.14,84.86,85.91,81.91,5499200.0,0.032400000000000005,470806900.0
2022-10-12,84.81,89.41,90.19,83.01,5367800.0,0.0316,470761200.0
2022-10-13,88.11,87.55,90.91,86.93,4390700.0,0.0259,394241000.0
2022-10-14,87.11,79.0,87.11,74.36,19383300.0,0.1142,1529435900.0
2022-10-17,76.9,80.88,81.49,76.13,9959600.0,0.0587,798970700.0000001
2022-10-18,80.49,81.33,83.29,79.41,6375000.0,0.037599999999999995,525297100.0
2022-10-19,81.28,82.29,85.2,80.82,5509800.0,0.0325,464433100.0
2022-10-20,81.29,88.88,91.79,81.28,9405100.0,0.0554,832679500.0
2022-10-21,87.06,86.41,87.49,83.93,5260800.0,0.031,457640600.0
2022-10-24,86.91,91.35,93.29,86.36,7000200.0,0.041299999999999996,642078900.0
2022-10-25,91.92,91.2,93.01,88.12,5660900.0,0.0334,519388100.0
2022-10-26,90.79,91.06,93.65,89.12,5967700.0,0.0352,552897200.0
2022-10-27,91.13,88.75,92.88,88.36,5115500.0,0.0308,465489800.00000006
2022-10-28,87.46,88.88,93.49,87.46,6339900.0,0.0382,584478600.0
2022-10-31,88.6,87.01,91.21,86.19,5165700.0,0.0311,460759500.0
2022-11-01,85.51,86.35,86.9,83.71,5729500.0,0.0345,493609000.0
2022-11-02,85.71,86.09,88.91,85.11,4962800.0,0.029900000000000003,437080400.0
2022-11-03,85.68,89.03,90.05,85.07,5099000.0,0.030699999999999998,457968300.0
2022-11-04,89.05,87.6,89.05,83.77,7881500.0,0.0475,685322200.0
2022-11-07,86.01,84.58,87.99,83.5,6448600.0,0.0388,553937600.0
2022-11-08,84.08,84.71,85.59,82.92,3716000.0,0.022400000000000003,315992700.0
2022-11-09,84.23,82.81,85.79,82.56,4327200.0,0.026099999999999998,367709600.0
2022-11-10,82.41,81.6,83.02,78.29,7068500.0,0.0426,577550300.0
2022-11-11,83.91,81.4,84.79,81.36,4887000.0,0.0294,411780800.0
2022-11-14,80.12,78.74,81.77,78.01,4597400.0,0.0277,370168200.0
2022-11-15,78.51,82.61,83.36,78.5,6307800.0,0.038,522812900.0
2022-11-16,82.47,78.51,82.47,77.81,6505900.0,0.0392,523823700.0
2022-11-17,77.81,80.85,81.06,76.69,5132100.0,0.030899999999999997,410791200.0
2022-11-18,80.81,80.57,83.11,80.09,3727400.0,0.022400000000000003,307044500.0
2022-11-21,79.69,82.25,83.21,79.11,4259300.0,0.0256,353306400.0
2022-11-22,82.21,80.93,82.49,79.81,2969000.0,0.0179,243621800.0
2022-11-23,80.93,80.73,81.69,78.79,2844800.0,0.0171,231594700.0
2022-11-24,80.51,79.63,81.25,79.41,2179200.0,0.0131,176770200.0
2022-11-25,79.33,79.96,81.64,78.61,3104200.0,0.0187,253184000.0
2022-11-28,79.41,78.3,79.71,77.58,2979900.0,0.0179,236815900.0
2022-11-29,78.42,77.08,78.51,75.29,3874300.0,0.0233,301613200.0
2022-11-30,76.86,76.29,77.38,74.7,3788200.0,0.022799999999999997,291776400.0
2022-12-01,76.31,78.97,81.07,76.31,5835100.0,0.0351,468354800.00000006
2022-12-02,77.91,76.28,80.01,76.0,4337200.0,0.026099999999999998,342104400.0
2022-12-05,75.91,72.85,76.08,71.99,8336000.0,0.050199999999999995,619284200.0
2022-12-06,72.26,74.71,75.97,72.12,7058300.0,0.0425,532328200.0
2022-12-07,74.19,72.9,74.99,72.79,3728800.0,0.0225,277940200.0
2022-12-08,72.9,71.96,73.19,71.6,3863100.0,0.0233,282774700.0
2022-12-09,71.82,72.66,74.9,71.41,5119800.0,0.0308,380803700.0
2022-12-12,72.66,74.56,75.15,71.89,5347200.0,0.0322,400757600.0
2022-12-13,74.07,70.27,74.4,70.15,6256200.0,0.0377,454427900.0
2022-12-14,72.79,70.94,73.69,70.68,7131000.0,0.0429,525454300.0
2022-12-15,69.91,72.27,73.43,68.99,5708700.0,0.0344,417237100.0
2022-12-16,71.82,71.21,72.25,69.61,4862100.0,0.029300000000000003,348770000.0
2022-12-19,71.12,71.41,73.08,70.18,4659500.0,0.0281,339528000.0
2022-12-20,71.51,70.88,73.28,70.65,3965800.0,0.0239,288200300.0
2022-12-21,70.68,69.55,71.41,68.57,3957500.0,0.023799999999999998,278929000.0
2022-12-22,69.59,67.81,70.4,67.67,3332500.0,0.020099999999999996,232707900.0
2022-12-23,67.55,66.77,68.7,66.33,3208800.0,0.019299999999999998,219537800.0
2022-12-26,65.72,68.56,68.78,65.71,3362300.0,0.0202,232734700.0
2022-12-27,68.57,69.25,70.06,67.89,2969900.0,0.0179,208475400.0
2022-12-28,68.6,69.71,70.77,68.6,3767600.0,0.0227,266607300.0
2022-12-29,68.94,68.76,70.24,68.64,2929400.0,0.0176,206188700.0
2022-12-30,69.09,68.11,69.71,67.79,2835800.0,0.0161,197126600.0
2023-01-03,68.12,72.12,72.62,67.61,5775500.0,0.0329,414790600.0
2023-01-04,72.14,68.39,74.78,67.82,9669000.0,0.055,690125500.0
2023-01-05,68.46,69.05,69.4,66.81,6438300.0,0.036699999999999997,446260600.0
2023-01-06,68.71,70.26,71.15,68.02,5934200.0,0.0338,422280400.0
2023-01-09,70.46,72.29,73.31,69.92,6223600.0,0.0354,454543900.0
2023-01-10,72.06,72.73,74.06,71.61,6623600.0,0.0377,491120199.99999994
2023-01-11,72.91,73.47,76.13,72.84,10053100.0,0.0572,763210000.0
2023-01-12,73.47,71.9,73.91,71.67,4440900.0,0.0253,325593200.0
2023-01-13,72.31,71.44,72.31,70.5,3227300.0,0.0184,233745500.0
2023-01-16,70.61,71.94,72.9,70.51,4193500.0,0.0239,306063500.0
2023-01-17,71.85,74.54,74.81,71.61,6223300.0,0.0354,466521400.0
2023-01-18,74.84,74.04,75.41,73.78,3480900.0,0.019799999999999998,263305400.0
2023-01-19,74.3,75.24,75.91,73.21,3594300.0,0.020499999999999997,272668400.0
2023-01-20,74.91,75.05,75.47,74.52,3186500.0,0.0181,242462000.0
2023-01-30,75.84,72.99,76.03,72.87,7070600.0,0.0403,528653300.0
2023-01-31,73.27,70.51,73.76,69.63,8270100.0,0.0471,598116300.0
2023-02-01,70.5,73.71,73.79,70.42,8204400.0,0.0467,604748000.0
2023-02-02,73.91,74.79,77.44,73.01,11158600.0,0.0635,849228500.0
2023-02-03,74.51,77.37,77.42,74.04,10135900.0,0.057699999999999994,783532000.0
2023-02-06,76.18,75.1,76.91,74.62,7322600.0,0.0417,561106000.0
2023-02-07,74.91,74.45,75.41,73.74,4960100.0,0.0282,374131100.0
2023-02-08,74.22,73.69,75.91,73.41,4569200.0,0.026000000000000002,344436900.0
2023-02-09,73.33,78.24,78.33,72.0,11961600.0,0.0681,928141200.0
2023-02-10,78.41,76.8,78.79,76.03,7183700.0,0.0409,561141700.0
2023-02-13,76.69,78.22,78.88,76.09,6913200.0,0.0394,545828800.0
2023-02-14,78.38,77.64,80.36,77.24,6121600.0,0.0348,485934000.0
2023-02-15,77.18,79.22,79.41,76.21,6755200.0,0.0384,534202400.0
2023-02-16,78.9,79.6,82.86,78.02,12189400.0,0.0694,996555300.0
2023-02-17,79.6,74.81,79.7,74.56,9584500.0,0.0545,744128000.0
2023-02-20,74.12,76.14,76.41,73.35,6055400.0,0.0345,459280000.0
2023-02-21,75.79,76.21,76.85,75.54,3524400.0,0.020099999999999996,271985800.0
2023-02-22,75.41,75.77,76.66,74.93,3193700.0,0.0182,245689800.0
2023-02-23,75.77,76.31,77.11,75.44,4044200.0,0.023,313968100.0
2023-02-24,76.89,78.18,78.8,75.93,5710400.0,0.0325,449428800.0
2023-02-27,77.47,77.46,78.48,76.35,4099600.0,0.0233,322178300.0
2023-02-28,77.53,76.91,78.71,76.42,3870500.0,0.022000000000000002,304021400.0
2023-03-01,76.71,77.13,77.13,75.54,4096100.0,0.0233,317067200.0
2023-03-02,76.92,75.46,78.12,75.46,4337100.0,0.024700000000000003,338224100.00000006
2023-03-03,76.83,77.06,77.79,75.58,5423300.0,0.030899999999999997,422786400.0
2023-03-06,77.06,78.83,79.71,75.02,8062200.0,0.045899999999999996,636373200.0
2023-03-07,78.83,75.16,80.39,74.91,7064400.0,0.04019999999999999,552584600.0
2023-03-08,74.91,75.56,76.63,74.07,5349800.0,0.0304,409293000.0
2023-03-09,75.29,77.18,78.57,75.11,6732000.0,0.0383,527668800.0
2023-03-10,76.73,77.49,79.41,74.59,9308700.0,0.053,728287600.0
2023-03-13,76.99,76.21,77.91,75.19,5898400.0,0.0336,455091400.0
2023-03-14,75.64,78.43,78.89,75.14,8221000.0,0.046799999999999994,644186400.0
2023-03-15,78.89,78.91,81.99,77.85,9830100.0,0.0559,795387100.0000001
2023-03-16,78.41,78.15,79.88,77.04,6114200.0,0.0348,486679200.0
2023-03-17,79.31,80.21,80.89,78.23,8306200.0,0.0473,672489400.0
2023-03-20,80.11,80.57,81.56,78.72,8769400.0,0.0499,714047800.0
2023-03-21,80.54,79.06,80.6,77.93,7592200.0,0.0432,609221700.0
2023-03-22,78.71,77.06,78.95,76.13,8150600.0,0.0464,639551800.0
2023-03-23,76.41,78.14,78.38,76.31,6300400.0,0.0359,495912500.0
2023-03-24,78.37,75.3,78.41,75.24,7939500.0,0.0452,614845600.0
2023-03-27,74.41,74.51,76.41,74.12,5474500.0,0.031200000000000002,417785199.99999994
2023-03-28,74.16,68.71,74.4,68.5,11896500.0,0.0677,852526500.0
2023-03-29,68.41,69.81,70.86,68.23,6329200.0,0.036000000000000004,448862600.0
2023-03-30,69.82,69.49,71.3,69.26,5091100.0,0.028999999999999998,362167400.0
2023-03-31,69.17,69.11,70.19,68.82,4983800.0,0.028399999999999998,350564500.0
2023-04-03,69.56,71.4,71.48,69.09,7614300.0,0.0433,545351400.0
2023-04-04,71.71,74.52,76.6,70.77,13389700.0,0.0762,1004403200.0000001
2023-04-06,74.51,80.08,81.78,74.12,20516800.0,0.1168,1653680100.0
2023-04-07,80.41,80.91,82.25,78.94,15253400.0,0.0868,1246963400.0
2023-04-10,81.91,77.46,82.23,77.09,14327000.0,0.0737,1146856800.0
2023-04-11,77.99,78.81,80.11,77.21,9651300.0,0.0496,769421300.0
2023-04-12,78.83,82.71,84.76,76.92,17349800.0,0.0892,1432102100.0
2023-04-13,81.85,80.36,82.91,80.1,10122900.0,0.0521,834544400.0
2023-04-14,80.95,86.18,87.37,79.16,20353100.0,0.1047,1730805600.0
2023-04-17,86.96,84.39,87.48,83.51,14634600.0,0.0753,1264632600.0
2023-04-18,83.91,81.07,83.92,80.71,12167900.0,0.0626,1006819000.0
2023-04-19,80.61,81.43,83.79,80.57,11078300.0,0.057,921316600.0
2023-04-20,81.21,82.62,84.2,81.11,11866300.0,0.0574,994924100.0
2023-04-21,82.24,77.42,82.61,77.24,12975300.0,0.06280000000000001,1041974200.0
2023-04-24,76.81,72.94,77.16,72.38,12194700.0,0.058600000000000006,914003500.0
2023-04-25,72.99,71.17,74.38,70.09,8092300.0,0.038900000000000004,592434200.0
2023-04-26,71.07,70.78,71.99,68.21,10205600.0,0.049100000000000005,726460200.0
2023-04-27,70.06,70.6,71.86,69.8,7357100.0,0.0354,529876500.0
2023-04-28,71.91,72.44,72.82,70.67,9488300.0,0.045599999999999995,692660500.0
2023-05-04,71.56,70.64,71.96,69.49,6063600.0,0.0291,434751000.0
2023-05-05,70.17,69.68,71.61,69.31,4571000.0,0.022000000000000002,326374200.0
2023-05-08,69.01,69.78,70.35,68.51,3856400.0,0.018500000000000003,272709500.0
2023-05-09,69.2,65.97,69.27,65.93,8907600.0,0.042800000000000005,606665700.0
2023-05-10,65.42,61.84,65.7,61.17,11300400.0,0.054299999999999994,717073800.0
2023-05-11,62.85,61.41,63.23,61.36,5998300.0,0.0288,378746500.0
2023-05-12,61.17,61.86,62.88,60.78,6401000.0,0.0308,402576400.0
2023-05-15,61.51,63.84,63.9,60.71,7015800.0,0.0337,445418300.0
2023-05-16,63.66,64.12,65.1,63.42,5602200.0,0.0269,366884700.0
2023-05-17,63.72,64.96,65.51,63.41,4816100.0,0.0232,317538900.0
2023-05-18,64.59,66.47,67.3,64.11,6848700.0,0.0329,457655199.99999994
2023-05-19,66.64,66.64,67.11,65.19,5116300.0,0.0246,344966400.0
2023-05-22,66.66,67.01,67.41,65.29,5124800.0,0.0246,346359900.0
2023-05-23,66.63,66.53,68.19,65.91,4640900.0,0.0223,316400100.0
2023-05-24,66.66,67.8,68.55,66.31,4956100.0,0.023799999999999998,340745899.99999994
2023-05-25,67.56,67.51,68.38,65.75,5965800.0,0.0287,405094700.0
2023-05-26,67.81,66.99,68.08,66.38,4864500.0,0.023399999999999997,333025199.99999994
2023-05-29,67.21,67.73,68.19,66.19,5147100.0,0.024700000000000003,353855500.0
2023-05-30,67.71,67.56,68.05,66.82,4167200.0,0.02,285363300.0
2023-05-31,67.21,67.65,67.88,65.77,6149800.0,0.0296,417770199.99999994
2023-06-01,67.31,67.03,67.31,66.22,3682800.0,0.0177,249986300.0
2023-06-02,67.01,69.51,70.47,66.59,6905700.0,0.0332,483803100.0
2023-06-05,69.91,70.03,72.54,69.91,6099900.0,0.029300000000000003,440259100.00000006
2023-06-06,69.88,68.3,70.01,68.18,3836000.0,0.0184,268601800.0
2023-06-07,68.27,67.67,69.22,67.21,2971000.0,0.0143,205221000.0
2023-06-08,67.7,67.75,67.94,66.76,3452900.0,0.0166,236522300.0
2023-06-09,67.76,68.59,70.29,67.4,6592100.0,0.0317,460500199.99999994
2023-06-12,69.2,68.66,69.78,68.27,3126200.0,0.015,219184500.0
2023-06-13,68.61,71.63,71.83,67.78,6727100.0,0.0323,482723800.0
2023-06-14,71.6,72.14,72.7,70.82,5637900.0,0.0271,410941500.0
2023-06-15,72.14,71.26,72.5,70.9,3274900.0,0.015700000000000002,237193800.0
2023-06-16,71.12,70.78,71.91,70.32,3561300.0,0.0171,255308400.0
2023-06-19,70.34,70.23,71.1,69.81,3093100.0,0.0149,220588600.0
2023-06-20,70.26,70.31,70.68,69.71,2997600.0,0.0144,213176300.0
2023-06-21,70.07,65.91,70.22,65.82,7347100.0,0.0353,499379100.00000006
2023-06-26,65.24,65.79,67.11,64.91,3153500.0,0.0152,210380400.0
2023-06-27,65.64,65.93,66.81,65.03,2741700.0,0.0132,183009600.0
2023-06-28,65.93,63.95,66.29,63.33,5233700.0,0.0252,341963900.0
2023-06-29,63.93,64.32,64.73,63.41,2899300.0,0.013999999999999999,188608200.0
2023-06-30,64.32,67.07,67.45,63.94,4329400.0,0.0209,290367800.0
2023-07-03,67.91,71.05,72.24,67.61,8472100.0,0.0408,603217500.0
2023-07-04,71.04,70.67,71.96,70.31,5055900.0,0.024399999999999998,363607500.0
2023-07-05,70.38,68.63,70.74,68.21,3756000.0,0.0181,263799300.0
2023-07-06,68.63,68.16,69.69,67.96,2505100.0,0.0121,174236900.0
2023-07-07,67.97,66.83,67.97,66.36,3027000.0,0.0146,205392700.0
2023-07-10,66.79,66.01,67.25,65.61,2358900.0,0.011399999999999999,158712300.0
2023-07-11,65.96,66.99,67.26,65.91,2276500.0,0.011000000000000001,154285400.0
2023-07-12,66.9,65.61,67.37,65.49,2835200.0,0.0137,189862200.0
2023-07-13,65.91,66.51,67.61,65.66,2877700.0,0.0139,194607900.0
2023-07-14,66.54,65.86,67.66,65.69,3048200.0,0.0147,204665099.99999997
2023-07-17,65.07,64.69,65.08,63.77,3203500.0,0.0154,208757100.0
2023-07-18,64.69,65.08,66.45,64.66,2847700.0,0.0137,189487700.0
2023-07-19,64.77,64.01,65.64,63.91,2117100.0,0.0102,138143900.0
2023-07-20,64.02,63.22,64.38,63.11,2227000.0,0.010700000000000001,143863500.0
2023-07-21,63.22,63.34,63.67,62.31,1931700.0,0.009300000000000001,123536299.99999999
2023-07-24,63.11,62.1,63.11,61.73,2729400.0,0.0131,172268800.0
2023-07-25,62.79,64.2,64.55,62.5,3112600.0,0.015,200748900.0
2023-07-26,64.01,64.46,64.58,63.46,2532100.0,0.012199999999999999,164762100.0
2023-07-27,64.83,63.33,64.85,62.99,2138800.0,0.0103,138551200.0
2023-07-28,62.91,62.37,63.62,62.07,3182000.0,0.015300000000000001,202040600.0
2023-07-31,62.57,63.31,63.91,62.05,2463200.0,0.011899999999999999,157622100.0
2023-08-01,63.71,63.3,63.86,63.16,1637300.0,0.0079,105390800.0
2023-08-02,62.81,64.05,64.4,62.8,2440900.0,0.0118,158154000.0
2023-08-03,63.68,63.41,64.3,63.14,1667500.0,0.008,107456000.0
2023-08-04,63.5,63.21,63.9,62.55,1921900.0,0.009300000000000001,123141900.0
2023-08-07,63.12,63.29,63.62,62.81,1395600.0,0.0067,89376200.00000001
2023-08-08,63.02,62.9,63.37,62.55,1283100.0,0.0062,81876100.0
2023-08-09,62.7,62.46,63.04,61.87,1552600.0,0.0075,97998300.0
2023-08-10,62.46,62.33,62.93,62.11,1027300.0,0.0049,65117700.00000001
2023-08-11,62.21,59.57,62.41,58.9,4249100.0,0.0204,259511800.0
2023-08-14,58.91,59.45,59.61,58.74,1635800.0,0.0079,98317600.0
2023-08-15,59.48,57.91,59.99,56.71,3643300.0,0.0175,214123700.0
2023-08-16,57.5,57.58,58.01,56.41,2553500.0,0.0123,148434400.0
2023-08-17,57.27,57.65,58.06,56.85,1938500.0,0.009300000000000001,113356299.99999999
2023-08-18,57.64,56.72,58.58,56.71,1682200.0,0.008100000000000001,98521800.0
2023-08-21,56.42,55.74,56.95,55.74,2250000.0,0.0108,128689000.0
2023-08-22,56.16,56.34,56.66,54.69,2814700.0,0.013500000000000002,159394000.0
2023-08-23,56.29,55.23,56.55,55.12,1561200.0,0.0075,88523100.0
2023-08-24,55.61,55.78,56.61,55.03,1953800.0,0.009399999999999999,110954200.0
2023-08-25,55.61,53.78,55.61,53.31,2781200.0,0.0134,153397900.0
2023-08-28,56.61,53.11,57.43,52.72,4602700.0,0.022099999999999998,257221500.0
2023-08-29,53.11,56.35,56.9,52.98,5067800.0,0.024399999999999998,285719200.0
2023-08-30,56.79,56.97,58.33,56.66,4197600.0,0.0202,244666300.0
2023-08-31,56.79,58.89,60.49,56.56,8741500.0,0.042,524092200.0
2023-09-01,58.86,58.0,59.71,57.86,3957500.0,0.019,235414600.0
2023-09-04,58.74,58.36,59.01,57.52,3036300.0,0.0146,178860200.0
2023-09-05,58.71,58.45,59.43,57.98,4086600.0,0.0197,243934000.0
2023-09-06,58.49,64.78,65.57,58.44,14227200.0,0.0684,901889299.9999999
2023-09-07,64.49,61.88,64.75,61.71,9242100.0,0.0444,590228000.0
2023-09-08,61.68,64.51,66.77,61.21,11874800.0,0.0571,782805500.0
2023-09-11,64.15,64.48,65.21,63.06,8544200.0,0.041100000000000005,555507900.0
2023-09-12,64.58,63.81,64.88,63.31,5106300.0,0.0246,331595400.0
2023-09-13,63.21,63.99,64.76,63.11,4780500.0,0.023,310166800.0
2023-09-14,63.96,63.76,64.08,62.68,3604800.0,0.0173,231205000.0
2023-09-15,63.76,65.72,67.77,63.31,8769900.0,0.042199999999999994,585484800.0
2023-09-18,65.0,63.76,65.59,62.88,5974700.0,0.0287,386857400.0
2023-09-19,63.16,64.12,65.31,61.86,5474000.0,0.0263,353107100.0
2023-09-20,63.63,63.19,64.72,63.19,2807700.0,0.013500000000000002,181782300.0
2023-09-21,62.76,62.42,63.81,62.16,2423200.0,0.011699999999999999,154283100.0
2023-09-22,62.1,62.98,63.02,61.47,4401100.0,0.0212,277774000.0
2023-09-25,62.41,62.01,62.41,60.83,4210800.0,0.0202,263488300.00000003
2023-09-26,61.81,61.09,61.81,60.41,3134500.0,0.0151,194405400.0
2023-09-27,60.66,60.87,62.3,60.66,2362100.0,0.011399999999999999,147182700.0
2023-09-28,60.88,61.2,62.49,60.01,3744000.0,0.018000000000000002,232498800.0
2023-10-09,61.21,61.76,63.1,61.21,3828600.0,0.0184,240863100.0
2023-10-10,61.71,61.96,62.71,61.6,2655300.0,0.0128,167240000.0
2023-10-11,62.61,62.63,62.91,61.41,3591900.0,0.0173,226981300.0
2023-10-12,62.63,63.99,63.99,61.73,4877300.0,0.0235,311148500.0
2023-10-13,63.99,65.74,66.58,63.34,6600100.0,0.0317,438416600.00000006
2023-10-16,65.32,62.53,65.67,61.91,4961000.0,0.0239,317791200.0
2023-10-17,62.53,64.2,64.96,62.0,4046400.0,0.0195,261335000.0
2023-10-18,63.52,62.8,65.22,62.8,4237500.0,0.0204,275612400.0
2023-10-19,61.91,62.09,64.5,61.71,3827700.0,0.0184,244571800.0
2023-10-20,61.72,59.77,62.48,59.14,4070900.0,0.0196,249059400.0
2023-10-23,58.85,57.57,58.85,55.41,4623100.0,0.0222,267342800.0
2023-10-24,57.73,59.7,60.27,56.81,4557900.0,0.0219,271990200.0
2023-10-25,59.74,58.8,60.34,58.03,3598500.0,0.0173,214598100.0
2023-10-26,58.55,57.91,58.71,57.11,2803400.0,0.013500000000000002,164472900.0
2023-10-27,57.81,59.63,60.21,57.11,4325700.0,0.0208,257622700.0
2023-10-30,59.11,61.85,62.29,58.82,4865100.0,0.023399999999999997,301783300.0
2023-10-31,61.92,61.11,62.61,60.55,3001200.0,0.0144,186384400.0
2023-11-01,60.8,60.92,61.81,60.63,2077800.0,0.01,128877500.0
2023-11-02,61.37,59.32,61.99,59.31,2814900.0,0.013500000000000002,172023900.0
2023-11-03,59.34,61.71,62.39,59.17,5214600.0,0.025099999999999997,322374400.0
2023-11-06,62.61,63.34,63.79,62.11,4669900.0,0.0225,298726800.0
2023-11-07,62.96,63.07,64.26,62.74,3002600.0,0.0144,192589700.0
2023-11-08,63.16,63.98,64.99,62.56,4540200.0,0.0218,294011000.0
2023-11-09,64.61,64.06,65.77,63.99,4834200.0,0.0232,317608700.0
2023-11-10,64.11,63.02,65.12,62.86,3754000.0,0.0181,242837500.0
2023-11-13,63.55,63.32,64.44,62.91,2278900.0,0.011000000000000001,146299600.0
2023-11-14,63.11,63.44,64.23,62.91,3082300.0,0.0148,198610700.0
2023-11-15,64.12,62.58,64.21,62.46,3740200.0,0.018000000000000002,239047300.0
2023-11-16,62.38,61.53,62.99,61.5,3011800.0,0.014499999999999999,189126500.0
2023-11-17,61.51,62.51,63.26,61.51,2768800.0,0.013300000000000001,175334400.0
2023-11-20,62.91,63.14,64.48,62.53,3686300.0,0.0177,236781500.0
2023-11-21,63.1,62.11,63.47,62.01,2595700.0,0.0125,165242599.99999997
2023-11-22,62.08,61.27,62.36,61.08,1887800.0,0.0091,117975300.0
2023-11-23,61.06,61.59,61.74,60.43,1773400.0,0.0085,110048000.0
2023-11-24,61.6,59.91,61.6,59.77,2053000.0,0.009899999999999999,125560400.00000001
2023-11-27,59.81,61.22,61.57,59.36,2969700.0,0.0143,182873200.0
2023-11-28,61.12,61.06,61.59,60.57,1464100.0,0.006999999999999999,90618300.0
2023-11-29,61.06,60.66,61.69,60.59,1394700.0,0.0067,86443900.0
2023-11-30,60.71,59.3,60.71,58.93,1889700.0,0.0091,114281000.0
2023-12-01,59.3,60.19,60.39,59.05,1640300.0,0.0079,99472000.0
2023-12-04,60.34,59.86,60.79,59.81,1332500.0,0.0064,81375500.0
2023-12-05,59.65,58.58,59.67,58.56,1390000.0,0.0067,83368400.0
2023-12-06,58.55,58.7,59.15,58.49,1168400.0,0.005600000000000001,69669500.0
2023-12-07,58.51,58.31,59.01,57.91,1191300.0,0.005699999999999999,70561500.0
2023-12-08,58.29,57.81,58.99,57.33,2792500.0,0.0134,164584800.0
2023-12-11,57.46,59.1,59.31,56.9,2386900.0,0.0115,140782700.0
2023-12-12,59.11,59.16,59.41,58.68,1642700.0,0.0079,98554900.0
2023-12-13,59.1,58.87,60.14,58.79,1953300.0,0.009399999999999999,117929700.0
2023-12-14,58.99,58.36,59.5,58.36,1266700.0,0.0060999999999999995,75642300.0
2023-12-15,58.39,57.85,58.76,57.6,1250200.0,0.006,73793200.0
2023-12-18,57.89,55.95,57.89,55.41,2249900.0,0.0108,129076200.00000001
2023-12-19,56.1,56.18,56.99,55.61,1313200.0,0.0063,74902800.0
2023-12-20,56.5,55.77,56.5,55.67,1249000.0,0.006,70977000.0
2023-12-21,55.8,55.37,56.29,54.95,1835100.0,0.0088,103427200.0
2023-12-22,55.61,54.59,55.62,54.41,2014600.0,0.0097,112296900.0
2023-12-25,54.67,54.71,55.37,54.11,951900.0,0.0046,52958500.0
2023-12-26,54.71,53.74,54.91,53.31,1426900.0,0.0069,78040500.0
2023-12-27,53.86,54.18,55.0,53.54,2105800.0,0.0101,116233000.0
2023-12-28,54.32,55.68,55.87,53.81,2305800.0,0.0111,129414400.0
2023-12-29,55.89,57.69,58.11,55.62,4269300.0,0.020499999999999997,248624000.0
2024-01-02,57.92,57.29,58.35,57.09,2396500.0,0.0115,140488000.0
2024-01-03,56.96,55.91,57.28,55.42,1935700.0,0.009300000000000001,110613400.0
2024-01-04,55.92,55.03,56.2,54.58,1770800.0,0.0085,99161000.0
2024-01-05,55.04,51.67,55.36,50.31,5237500.0,0.0252,279543100.0
2024-01-08,51.61,49.33,51.61,49.19,3397900.0,0.0163,173637100.0
2024-01-09,49.99,49.61,50.9,49.11,2886600.0,0.0139,146922900.0
2024-01-10,49.57,49.29,50.3,48.06,1991300.0,0.0096,99954500.0
2024-01-11,49.24,50.45,51.0,49.18,2141800.0,0.0103,109361100.0
2024-01-12,50.26,50.23,50.78,50.03,1266400.0,0.0060999999999999995,64860100.0
2024-01-15,50.01,49.8,50.91,49.45,1585000.0,0.0076,80820600.0
2024-01-16,49.79,49.14,49.9,48.6,1779900.0,0.0086,89074400.0
2024-01-17,49.17,46.88,49.23,46.88,2351700.0,0.0113,114634599.99999999
2024-01-18,46.9,47.61,47.64,45.58,3329300.0,0.016,157447800.0
2024-01-19,47.61,47.03,48.34,47.0,1690200.0,0.008100000000000001,81756300.0
2024-01-22,47.09,44.11,47.41,43.62,2840400.0,0.0137,131453900.0
2024-01-23,44.12,45.17,45.4,43.69,2990700.0,0.0144,136578900.0
2024-01-24,45.44,44.78,45.5,43.16,3020800.0,0.014499999999999999,136220400.0
2024-01-25,44.77,46.21,46.29,44.01,2593100.0,0.0125,120417000.0
2024-01-26,46.05,44.06,46.05,43.79,4114000.0,0.019799999999999998,187549300.0
2024-01-29,44.06,42.95,44.76,42.62,2784500.0,0.0134,123207300.0
2024-01-30,42.95,40.54,42.95,40.41,5095600.0,0.0245,215005000.0
2024-01-31,40.34,38.49,40.73,38.47,3820900.0,0.0184,154229200.0
2024-02-01,38.83,38.65,39.72,38.05,4122600.0,0.019799999999999998,163747700.0
2024-02-02,38.65,36.97,39.09,35.7,5354000.0,0.025699999999999997,204696300.0
2024-02-05,36.69,34.11,36.92,32.55,7321600.0,0.0352,258671600.0
2024-02-06,33.88,37.06,37.07,33.71,6939500.0,0.0334,254003600.0
2024-02-07,37.11,40.37,40.88,37.11,7399700.0,0.0356,301524800.0
2024-02-08,41.11,41.78,43.22,40.55,6567000.0,0.0316,283594800.0
2024-02-19,42.71,42.01,42.86,41.11,5111000.0,0.0246,218437599.99999997
2024-02-20,41.42,41.57,41.89,40.95,3851100.0,0.018500000000000003,162720800.0
2024-02-21,41.31,42.14,43.7,41.02,5071900.0,0.024399999999999998,220086100.0
2024-02-22,42.02,43.61,43.98,42.02,5459300.0,0.0263,240934300.0
2024-02-23,44.03,44.15,44.44,43.01,4934700.0,0.023700000000000002,219872700.0
2024-02-26,44.16,45.04,45.77,43.88,5145600.0,0.024700000000000003,234903600.0
2024-02-27,44.55,46.48,46.48,44.54,5721600.0,0.0275,265744400.0
2024-02-28,46.47,43.41,47.47,43.41,7248000.0,0.0349,337563600.0
2024-02-29,43.15,46.18,46.5,43.15,7407100.0,0.0356,344441400.0
2024-03-01,46.31,47.69,47.99,45.96,7459400.0,0.0359,358960899.99999994
2024-03-04,47.46,47.66,47.85,46.39,6264100.0,0.0301,301861700.0
2024-03-05,47.09,46.62,47.52,46.22,4399300.0,0.0212,209667599.99999997
2024-03-06,46.36,45.92,46.75,45.21,3642500.0,0.0175,170611300.0
2024-03-07,46.61,45.48,47.41,45.48,4105100.0,0.0197,194474700.0
2024-03-08,45.28,46.25,46.41,45.14,3416900.0,0.016399999999999998,159727200.0
2024-03-11,45.77,47.6,47.61,45.48,5193100.0,0.025,247815400.0
2024-03-12,47.44,49.11,50.91,47.21,7679300.0,0.0369,386637900.0
2024-03-13,49.05,48.52,49.6,48.43,4568700.0,0.0219,227562100.0
2024-03-14,48.23,47.64,48.71,47.14,3672800.0,0.0176,179067100.0
2024-03-15,48.01,47.99,48.08,47.02,3068300.0,0.0147,148765600.0
2024-03-18,48.0,48.87,48.96,47.71,3736700.0,0.0179,184349600.0
2024-03-19,48.83,48.53,49.18,48.31,3346900.0,0.0161,166370099.99999997
2024-03-20,48.56,48.92,49.18,48.13,3323000.0,0.0159,164758700.0
2024-03-21,48.9,48.58,49.77,48.53,3585000.0,0.0172,179156600.0
2024-03-22,48.53,48.41,49.31,48.06,3768800.0,0.0181,187056800.0
2024-03-25,48.16,46.22,48.36,46.11,4378500.0,0.021,211024800.0
2024-03-26,46.32,45.73,47.21,45.27,3437200.0,0.0165,161505600.0
2024-03-27,45.71,43.47,46.24,43.43,4299800.0,0.0206,194595300.0
2024-03-28,43.46,43.71,44.58,43.12,3895400.0,0.0187,174111900.0
2024-03-29,43.71,43.73,43.89,42.4,3652600.0,0.0175,160596800.0
2024-04-01,43.99,44.63,44.99,43.99,2935800.0,0.0141,133373500.0
2024-04-02,44.46,43.89,44.52,43.26,2468800.0,0.0118,110337500.0
2024-04-03,44.26,43.09,44.36,43.01,2564100.0,0.0123,113753300.0
2024-04-08,43.05,41.6,43.07,41.52,2635900.0,0.0126,113889100.0
2024-04-09,41.64,42.81,42.87,41.64,2471100.0,0.011899999999999999,106838300.0
2024-04-10,43.13,41.41,43.24,41.12,2482500.0,0.011899999999999999,105983300.0
2024-04-11,41.29,41.38,42.06,41.13,2112400.0,0.0101,89777000.0
2024-04-12,44.1,42.54,46.06,42.53,8599100.0,0.0412,387665199.99999994
2024-04-15,42.11,42.8,43.91,41.77,5790400.0,0.0278,253232700.0
2024-04-16,41.93,40.49,42.36,40.49,5160100.0,0.024700000000000003,217756500.0
2024-04-17,40.71,41.79,41.99,40.71,4573900.0,0.0219,193981200.0
2024-04-18,41.22,41.9,42.6,40.61,4884100.0,0.023399999999999997,208415600.0
2024-04-19,41.16,40.31,41.61,40.01,3721200.0,0.0178,154716800.0
2024-04-22,39.98,40.61,41.1,39.37,2746500.0,0.0132,113434200.0
2024-04-23,40.77,40.47,41.39,39.97,2384000.0,0.011399999999999999,98849000.0
2024-04-24,40.62,40.85,40.96,40.22,2610300.0,0.0125,108442900.00000001
2024-04-25,42.06,45.69,47.26,42.0,13356800.0,0.064,608475400.0
2024-04-26,45.28,46.18,46.46,44.92,8961500.0,0.043,419375700.0
2024-04-29,45.82,47.91,48.11,45.82,8949500.0,0.0429,430053399.99999994
2024-04-30,47.89,47.16,47.89,47.11,4336200.0,0.0208,209360700.0
2024-05-06,47.92,47.76,48.1,47.25,4689800.0,0.0225,227848600.0
2024-05-07,47.44,46.64,47.79,46.34,5829200.0,0.027999999999999997,278787800.0
2024-05-08,46.47,45.7,46.6,45.59,3495900.0,0.0168,163652500.0
2024-05-09,45.55,47.3,47.61,45.55,6318500.0,0.030299999999999997,302828600.0
2024-05-10,47.25,46.28,47.31,46.06,4235700.0,0.0202,200609900.00000003
2024-05-13,45.56,45.05,46.08,44.91,3900100.0,0.018600000000000002,180304400.0
2024-05-14,45.25,45.38,45.86,44.97,2913800.0,0.0139,134704200.0
2024-05-15,45.26,44.98,46.17,44.91,3522100.0,0.0168,163695500.0
2024-05-16,45.11,44.81,45.43,44.47,3588000.0,0.0171,164285800.00000003
2024-05-17,44.84,45.84,45.86,44.72,4703600.0,0.0225,217432700.0
2024-05-20,45.57,45.4,46.07,44.91,4748000.0,0.0227,219904900.00000003
2024-05-21,45.4,46.26,46.74,44.71,5886500.0,0.0281,275148500.0
2024-05-22,46.37,45.71,46.39,45.11,5431600.0,0.0259,252344400.0
2024-05-23,45.72,44.01,45.72,43.91,5820300.0,0.0278,264079600.0
2024-05-24,43.91,43.82,44.59,43.77,3042300.0,0.014499999999999999,136920700.0
2024-05-27,43.53,45.35,45.41,42.47,6711700.0,0.0321,300446500.0
2024-05-28,45.28,44.78,46.61,44.77,7349800.0,0.0351,342234400.0
2024-05-29,44.52,44.73,45.58,44.36,3944800.0,0.018799999999999997,181077800.0
2024-05-30,44.32,45.87,46.13,44.11,5746700.0,0.0274,266189300.0
2024-05-31,45.61,45.71,46.23,45.49,4475800.0,0.021400000000000002,209128300.00000003
2024-06-03,45.29,46.35,47.06,45.29,6620700.0,0.0316,312662800.0
2024-06-04,45.93,45.56,46.19,44.79,5208400.0,0.024900000000000002,240487900.0
2024-06-05,45.22,46.46,47.08,45.15,7655500.0,0.0366,362823600.0
2024-06-06,46.93,48.97,49.31,46.85,16919800.0,0.0808,827648800.0
2024-06-07,49.81,48.17,50.1,47.89,12273600.0,0.058600000000000006,607727000.0
2024-06-11,48.01,51.72,52.57,47.83,16964900.0,0.081,867892000.0
2024-06-12,51.16,51.69,51.76,50.23,11972600.0,0.0572,616949000.0
2024-06-13,51.51,49.92,53.61,49.82,14642100.0,0.0699,767515600.0
2024-06-14,49.51,49.26,49.96,48.81,9151300.0,0.0437,456498000.0
2024-06-17,48.99,50.73,50.81,48.97,10760200.0,0.051399999999999994,547682700.0
2024-06-18,50.11,50.25,51.03,50.01,8191900.0,0.0391,419083900.0
2024-06-19,50.46,51.2,51.67,49.87,9628400.0,0.046,496543600.0
2024-06-20,50.62,51.01,52.8,50.61,10704100.0,0.051100000000000007,561916800.0
2024-06-21,50.11,50.0,50.34,48.63,6905600.0,0.033,347648500.0
2024-06-24,49.08,48.88,50.97,48.61,7130200.0,0.0341,360963100.0
2024-06-25,49.02,46.76,49.19,46.26,7881100.0,0.037599999999999995,378361900.0
2024-06-26,46.76,47.88,47.97,45.91,4993900.0,0.0239,238586100.0
2024-06-27,47.36,46.34,48.0,46.31,4808200.0,0.023,229416000.0
2024-06-28,46.34,46.87,47.9,46.26,5622300.0,0.0269,269316500.0
2024-07-01,47.3,46.09,47.3,45.11,5607400.0,0.0268,261840200.0
2024-07-02,46.01,45.54,46.21,45.35,3677200.0,0.0176,170374000.0
2024-07-03,45.43,45.83,46.5,44.53,5001400.0,0.0239,231292500.0
2024-07-04,45.93,46.85,47.86,45.59,8189000.0,0.0391,389781500.0
2024-07-05,46.63,46.11,46.63,45.06,6132100.0,0.029300000000000003,285141000.0
2024-07-08,45.91,47.02,49.7,45.91,10223200.0,0.048799999999999996,496355100.0
2024-07-09,46.63,49.2,49.2,46.62,12014100.0,0.0574,586450100.0
2024-07-10,48.73,49.72,49.96,48.5,9773700.0,0.0467,489097300.00000006
2024-07-11,50.91,49.74,50.95,49.11,8016200.0,0.0383,405229300.0
2024-07-12,49.31,51.21,51.61,49.19,8191900.0,0.0391,419663800.0
2024-07-15,50.81,50.39,51.67,49.68,6968000.0,0.0333,356661800.0
2024-07-16,49.91,51.03,51.04,49.12,7549900.0,0.0361,383821300.0
2024-07-17,53.17,52.26,54.61,52.21,18499200.0,0.08839999999999999,998395100.0
2024-07-18,51.4,53.95,54.5,51.03,15619000.0,0.0746,832739400.0
2024-07-19,53.51,54.44,55.1,53.23,12922600.0,0.0617,710784900.0
2024-07-22,54.46,54.13,55.21,53.61,8306300.0,0.0397,457164600.0
2024-07-23,53.61,51.61,53.84,51.57,7765700.0,0.0371,413620700.0
2024-07-24,51.31,50.47,52.11,50.06,6086200.0,0.0291,315065600.0
2024-07-25,50.06,49.93,50.58,49.63,4468000.0,0.0213,226648700.0
2024-07-26,49.81,50.19,50.61,49.19,5000900.0,0.0239,253415200.0
2024-07-29,49.89,49.55,50.84,48.88,5981200.0,0.0286,301161600.0
2024-07-30,49.19,49.83,50.09,48.79,4566000.0,0.0218,229401200.0
2024-07-31,49.73,51.94,51.99,49.6,8304700.0,0.0397,429516700.0
2024-08-01,51.91,53.48,54.11,51.72,9140500.0,0.0437,491315600.0
2024-08-02,52.81,52.31,54.09,52.11,5846100.0,0.0279,313709500.0
2024-08-05,52.02,49.17,52.65,49.17,6118400.0,0.0292,314407100.0
2024-08-06,50.11,49.77,50.31,49.11,4227000.0,0.0192,212551100.0
2024-08-07,49.67,49.53,49.89,49.14,2879300.0,0.0131,144585800.0
2024-08-08,49.29,50.41,51.3,49.06,5623600.0,0.0255,287838400.0
2024-08-09,51.42,49.41,51.9,49.31,5052800.0,0.0229,259825600.0
2024-08-12,48.31,48.45,49.47,48.14,3406800.0,0.0154,168283100.0
2024-08-13,48.37,49.31,49.49,48.37,2596200.0,0.0118,128954599.99999999
2024-08-14,49.61,49.09,49.69,49.09,2138700.0,0.0097,106952400.0
2024-08-15,48.96,50.12,50.81,48.81,3494500.0,0.0158,176992100.0
2024-08-16,50.1,49.17,50.36,49.08,2949800.0,0.0134,148787700.0
2024-08-19,48.85,48.88,49.6,48.73,1983200.0,0.009000000000000001,98844400.0
2024-08-20,49.12,47.89,49.31,47.51,3194200.0,0.014499999999999999,156154700.0
2024-08-21,47.9,47.81,48.47,47.65,2272800.0,0.0103,110752500.0
2024-08-22,47.97,47.16,48.26,46.96,2480900.0,0.0113,119787300.0
2024-08-23,47.11,47.09,47.52,46.41,2570400.0,0.011699999999999999,122469700.0
2024-08-26,47.21,47.33,48.01,47.11,1841900.0,0.0084,88653300.0
2024-08-27,47.35,46.63,47.43,46.58,1924200.0,0.0087,91618200.0
2024-08-28,46.51,47.36,47.46,46.45,1821000.0,0.0083,87086900.0
2024-08-29,46.71,48.53,48.7,46.71,3081500.0,0.013999999999999999,150590900.0
2024-08-30,48.39,50.01,50.45,48.39,4270100.0,0.0194,215339900.00000003
2024-09-02,49.85,48.34,50.11,48.31,3074100.0,0.0139,153674800.0
2024-09-03,48.4,48.91,49.26,48.4,2249300.0,0.0102,111420300.0
2024-09-04,48.35,49.0,49.19,48.16,1903000.0,0.0086,94128200.0
2024-09-05,49.11,48.99,49.55,48.7,1670200.0,0.0076,83167700.0
2024-09-06,49.11,47.37,49.24,47.34,2591400.0,0.0118,126336900.0
2024-09-09,47.31,48.11,48.15,47.11,2117900.0,0.0096,102718400.0
2024-09-10,48.19,49.43,49.76,47.71,3230800.0,0.0147,159514100.0
2024-09-11,49.21,49.46,49.56,49.07,1882000.0,0.0085,94151900.0
2024-09-12,49.64,48.48,49.93,48.45,2272200.0,0.0103,113120000.0
2024-09-13,48.21,48.36,49.11,48.21,2119100.0,0.0096,104531000.0
2024-09-18,48.42,48.1,49.25,47.88,2134500.0,0.0097,104751500.0
2024-09-19,48.51,44.65,48.56,44.21,10241600.0,0.0464,471208800.0
2024-09-20,44.61,43.23,44.61,42.97,7928900.0,0.036000000000000004,348987900.0
2024-09-23,43.81,43.31,44.47,43.31,4206700.0,0.0191,187380600.0
2024-09-24,43.59,44.78,44.79,42.66,6101900.0,0.0277,271836800.0
2024-09-25,44.83,44.82,45.89,44.55,6353000.0,0.0288,291766500.0
2024-09-26,44.81,46.59,46.59,44.56,5322900.0,0.0241,246565900.0
2024-09-27,47.01,50.49,51.31,47.01,9457000.0,0.0429,472586000.0
2024-09-30,53.23,59.09,59.81,51.97,16348500.0,0.0741,924961799.9999999
2024-10-08,71.05,71.05,71.05,66.04,20993100.0,0.09519999999999999,1491298800.0
2024-10-09,70.31,68.91,74.31,67.31,28579300.0,0.12960000000000002,2058010799.9999998
2024-10-10,68.81,63.81,70.29,63.41,16775100.0,0.0761,1115531200.0
2024-10-11,62.84,58.97,64.81,57.9,13518200.0,0.0613,824685300.0
2024-10-14,59.33,61.57,61.58,57.09,12980000.0,0.058899999999999994,782394800.0
2024-10-15,61.25,60.91,63.56,60.38,10092600.0,0.0458,632815900.0
2024-10-16,59.24,60.12,61.44,58.84,6912800.0,0.0313,421827000.0
2024-10-17,61.09,59.4,61.34,59.37,7304400.0,0.0331,447201600.00000006
2024-10-18,60.09,65.06,67.46,59.52,18773800.0,0.0851,1199998400.0
2024-10-21,65.76,66.7,69.89,65.76,19769000.0,0.0897,1348386300.0
2024-10-22,64.31,63.99,65.87,63.16,16117100.0,0.0731,1045528000.0
2024-10-23,63.31,64.55,65.41,63.11,10256400.0,0.04650000000000001,667988600.0
2024-10-24,64.96,68.61,71.11,64.96,24009300.0,0.10890000000000001,1645102100.0
2024-10-25,67.96,68.16,68.91,66.31,15250900.0,0.0692,1041604000.0
2024-10-28,67.31,66.8,67.79,65.74,10030000.0,0.0455,674499600.0000001
2024-10-29,66.8,65.41,68.42,65.32,11995300.0,0.054400000000000004,810245300.0
2024-10-30,65.01,64.57,65.91,63.67,8836500.0,0.0401,578079400.0
2024-10-31,64.57,66.94,67.31,64.23,11952200.0,0.0542,797793300.0
2024-11-01,66.31,63.5,66.78,63.5,11097000.0,0.050300000000000004,729956900.0
2024-11-04,63.11,66.31,67.09,62.86,8921900.0,0.0405,590136300.0
2024-11-05,67.57,69.56,72.05,66.89,18082500.0,0.08199999999999999,1278595200.0
2024-11-06,69.42,68.73,70.96,68.01,14182400.0,0.0643,990177400.0
2024-11-07,68.77,70.0,71.43,68.75,11715300.0,0.053099999999999994,828371600.0
2024-11-08,71.31,74.51,75.91,70.01,22490000.0,0.102,1664559900.0
2024-11-11,76.31,86.53,88.3,76.31,29742100.0,0.1349,2523478000.0
2024-11-12,83.31,80.63,83.31,79.5,21208400.0,0.0962,1743487800.0
2024-11-13,80.14,81.66,82.23,78.91,13670600.0,0.062,1113448800.0
2024-11-14,80.89,76.92,80.9,76.78,11751300.0,0.0533,931094900.0
2024-11-15,76.67,74.32,78.11,73.82,12792100.0,0.057999999999999996,977919700.0
2024-11-18,73.81,72.75,74.75,70.79,9704600.0,0.044000000000000004,710576100.0
2024-11-19,73.53,73.53,74.54,70.37,11010500.0,0.0499,807693700.0
2024-11-20,73.31,73.66,74.31,72.16,10179500.0,0.0462,752047300.0
2024-11-21,73.31,75.05,76.11,72.81,11740700.0,0.053200000000000004,885001100.0
2024-11-22,75.09,70.21,77.08,69.86,12501300.0,0.0567,924256799.9999999
2024-11-25,69.5,72.11,72.11,68.17,9778700.0,0.0443,692269400.0
2024-11-26,71.77,70.66,72.45,70.46,4622400.0,0.021,332923200.0
2024-11-27,70.6,72.31,72.31,68.19,7485800.0,0.0339,532396800.0
2024-11-28,72.18,71.26,73.15,70.81,6331400.0,0.0287,459720800.0
2024-11-29,71.4,74.77,75.35,70.83,10857500.0,0.0492,804997500.0
2024-12-02,74.31,76.07,76.47,73.49,11137900.0,0.050499999999999996,839106700.0
2024-12-03,76.81,75.51,81.11,74.57,15623900.0,0.0709,1232648500.0
2024-12-04,77.12,73.81,78.89,73.8,10184700.0,0.0462,787409000.0
2024-12-05,72.41,73.5,74.55,72.33,6582000.0,0.0298,488473800.0
2024-12-06,73.87,75.59,76.28,72.06,8807300.0,0.039900000000000005,661387400.0
2024-12-09,75.07,72.89,75.5,72.24,7223600.0,0.032799999999999996,536003200.0
2024-12-10,75.76,74.26,76.8,73.91,8926000.0,0.0405,678905300.0
2024-12-11,74.11,74.43,77.57,73.72,7940300.0,0.036000000000000004,605508700.0
2024-12-12,74.41,74.89,75.57,73.65,5835200.0,0.0265,438972300.00000006
2024-12-13,74.47,73.11,74.61,73.11,5787700.0,0.0262,430288300.0
2024-12-16,73.41,70.96,73.6,70.31,6464000.0,0.029300000000000003,467733900.0
2024-12-17,70.96,70.33,71.99,70.13,4254300.0,0.019299999999999998,304950600.0
2024-12-18,70.76,71.79,72.25,69.97,5893800.0,0.026699999999999998,424588700.0
2024-12-19,70.86,72.33,72.76,70.41,5015700.0,0.0227,363062000.0
2024-12-20,72.11,74.32,75.81,72.03,9147900.0,0.0415,682084400.0
2024-12-23,75.86,72.81,76.06,72.59,6925200.0,0.031400000000000004,516755100.0
2024-12-24,73.32,73.66,73.86,71.02,5845700.0,0.0265,429043500.0
2024-12-25,73.51,71.86,74.03,71.27,5175400.0,0.0235,378090500.0
2024-12-26,71.54,73.16,73.63,71.32,5077800.0,0.023,373944500.0
2024-12-27,72.91,72.31,74.6,72.02,6655800.0,0.0302,493301400.0
2024-12-30,71.73,72.06,73.11,70.83,4292900.0,0.0195,312250000.0
2024-12-31,72.59,68.76,72.61,68.76,5993600.0,0.027200000000000002,424452699.99999994
2025-01-02,66.57,64.66,67.56,64.13,7653800.0,0.0347,510838399.99999994
2025-01-03,65.13,63.08,65.74,62.91,6053300.0,0.0275,394058900.0
2025-01-06,63.07,63.21,64.43,62.61,4111100.0,0.018600000000000002,263932200.0
2025-01-07,63.26,65.82,66.11,63.26,5736900.0,0.026000000000000002,377285600.0
2025-01-08,65.31,65.25,66.47,63.32,6031300.0,0.0274,396766800.0
2025-01-09,65.22,65.53,66.86,64.91,4233100.0,0.0192,282762800.0
2025-01-10,66.01,66.0,68.61,65.33,7362900.0,0.0334,498933700.0
2025-01-13,65.44,66.36,67.41,65.12,4140500.0,0.018799999999999997,276919100.0
2025-01-14,66.74,68.76,69.01,65.82,6792700.0,0.0308,467079000.0
2025-01-15,68.3,68.44,68.74,67.55,3576700.0,0.016200000000000003,246294700.0
2025-01-16,68.81,67.44,69.61,66.98,4915400.0,0.0223,338441700.0
2025-01-17,67.1,68.95,69.28,66.77,6067300.0,0.0275,418294600.0
2025-01-20,70.19,69.33,70.41,68.56,4674100.0,0.0212,328508300.0
2025-01-21,69.91,71.61,71.81,69.65,6180600.0,0.027999999999999997,443318800.0
2025-01-22,71.18,71.23,72.18,70.72,4773600.0,0.0216,344113100.0
2025-01-23,71.72,69.97,72.91,69.97,5349200.0,0.024300000000000002,385936300.0
2025-01-24,69.71,70.3,70.71,69.34,4017600.0,0.0182,284543400.0
2025-01-27,70.32,69.6,70.77,69.31,3983300.0,0.0181,281579200.0
2025-02-05,70.79,69.84,71.2,69.75,4250700.0,0.019299999999999998,301668000.0
2025-02-06,69.56,71.59,72.31,69.11,5925000.0,0.0269,426099800.00000006
2025-02-07,71.52,71.43,73.14,70.64,8032200.0,0.0364,583154500.0
2025-02-10,71.43,70.57,71.6,69.61,7112700.0,0.0323,505871600.00000006
2025-02-11,70.58,68.75,70.59,68.63,6060400.0,0.0275,422023399.99999994
2025-02-12,68.76,71.02,71.02,68.76,6773200.0,0.030699999999999998,478407000.0
2025-02-13,70.82,68.31,70.89,68.19,7130300.0,0.0323,497601500.0
2025-02-14,68.0,67.47,68.31,67.11,5550500.0,0.0252,378567400.0
2025-02-17,67.76,67.88,68.47,66.46,6980200.0,0.0317,475490199.99999994
2025-02-18,67.81,68.88,71.59,67.41,13363500.0,0.060599999999999994,940067600.0
2025-02-19,68.89,71.78,71.81,68.89,12254500.0,0.0556,879080600.0
2025-02-20,71.68,71.27,71.71,70.43,7270400.0,0.033,522392500.0
2025-02-21,71.08,73.86,74.06,71.06,11743000.0,0.0533,863208800.0
2025-02-24,74.52,75.8,77.19,73.37,12429900.0,0.0564,948479900.0
2025-02-25,74.63,74.96,77.08,73.79,8908300.0,0.0404,675691100.0
2025-02-26,74.98,78.19,78.81,74.97,13828200.0,0.06269999999999999,1081710900.0
2025-02-27,78.31,79.35,79.52,76.76,11962100.0,0.0542,943421200.0
2025-02-28,78.41,73.95,79.11,73.52,10141800.0,0.046,776482000.0
2025-03-03,74.49,73.61,75.81,72.58,6764300.0,0.030699999999999998,507684500.0
2025-03-04,72.81,75.68,77.14,72.7,8891400.0,0.0403,678841900.0
2025-03-05,75.42,75.12,76.42,74.16,5872100.0,0.026600000000000002,446073100.0
2025-03-06,75.81,76.22,77.21,75.25,8519600.0,0.038599999999999995,655383700.0
2025-03-07,75.69,74.49,76.04,73.91,6245900.0,0.028300000000000002,472324900.0
2025-03-10,74.88,75.12,77.19,74.82,6168500.0,0.027999999999999997,472995000.0
2025-03-11,74.11,74.76,75.89,73.8,4395000.0,0.0199,330838000.0
2025-03-12,75.01,73.61,75.6,73.59,5176200.0,0.0235,387201800.0
2025-03-13,73.75,71.38,73.75,70.81,6461800.0,0.029300000000000003,467748800.0
2025-03-14,71.26,72.31,72.77,71.11,4644200.0,0.021099999999999997,338324300.0
2025-03-17,72.41,72.19,73.03,71.79,3526700.0,0.016,257658400.0
2025-03-18,72.41,72.46,73.71,72.31,3604200.0,0.0163,264876400.0
2025-03-19,72.17,70.39,72.77,70.28,5567400.0,0.0252,399863600.0
2025-03-20,70.41,70.21,70.78,69.96,3472200.0,0.015700000000000002,246399100.0
2025-03-21,70.02,69.51,70.24,68.92,4271400.0,0.0194,299914900.0
2025-03-24,69.53,70.43,71.31,68.85,5199900.0,0.0236,367697800.0
2025-03-25,70.47,69.67,70.56,69.15,2980200.0,0.013500000000000002,209623400.0
2025-03-26,69.6,69.2,70.09,69.2,2404700.0,0.0109,168873500.0
2025-03-27,69.13,72.18,73.26,69.01,8410500.0,0.0381,607530200.0
2025-03-28,73.86,72.45,76.07,72.11,11235000.0,0.051,840720600.0
2025-03-31,72.39,74.26,75.19,71.83,9612900.0,0.0436,716385600.0
2025-04-01,73.18,74.11,75.06,73.01,7652700.0,0.0347,572842300.0
2025-04-02,74.12,73.32,75.54,72.93,5070100.0,0.023,376711600.00000006
2025-04-03,72.36,72.77,74.11,70.6,7449400.0,0.0338,542712800.0
2025-04-07,69.43,66.11,71.81,62.89,11013700.0,0.0499,755027000.0
2025-04-08,67.31,66.59,69.54,65.11,7613900.0,0.0345,517669100.00000006
2025-04-09,65.11,68.02,69.63,63.89,7979400.0,0.0362,545485800.0
2025-04-10,69.98,69.64,71.59,68.82,7365400.0,0.0334,522758700.0
2025-04-11,69.06,71.85,73.51,68.59,11619200.0,0.0527,840483600.0
2025-04-14,73.46,72.3,73.51,71.19,7154600.0,0.032400000000000005,520259800.00000006
2025-04-15,74.47,75.38,76.07,73.57,12418400.0,0.056299999999999996,939317500.0
2025-04-16,73.32,70.96,73.91,70.19,10933100.0,0.0496,793601600.0
2025-04-17,70.19,70.51,72.46,70.01,5178000.0,0.0235,373126700.0
2025-04-18,70.81,69.1,71.11,68.93,5275500.0,0.0239,369925300.0
2025-04-21,69.31,69.73,69.79,69.01,4748400.0,0.0215,332678800.0
2025-04-22,69.35,69.56,70.29,68.84,5570400.0,0.0253,391641500.0
2025-04-23,69.81,74.06,75.01,69.28,13173200.0,0.059699999999999996,963461799.9999999
2025-04-24,73.31,72.49,73.41,71.61,9882200.0,0.044800000000000006,721016300.0
2025-04-25,72.48,72.45,73.0,70.51,8278900.0,0.0375,601975000.0
2025-04-28,72.03,72.73,73.59,71.96,6646700.0,0.0301,489679800.00000006
2025-04-29,72.7,72.3,73.19,71.98,4983900.0,0.0226,364525199.99999994
2025-04-30,72.55,73.71,74.09,71.95,7487600.0,0.034,555332900.0
2025-05-06,74.0,76.96,77.08,73.98,12978300.0,0.058899999999999994,993544700.0
2025-05-07,77.58,76.04,78.46,75.36,11305800.0,0.0513,876254800.0
2025-05-08,75.83,77.16,79.31,75.67,12205500.0,0.0553,957621400.0
2025-05-09,77.08,75.48,77.59,75.19,7794300.0,0.0353,598427800.0
2025-05-12,76.21,75.6,76.49,74.96,7493300.0,0.034,571598300.0
2025-05-13,76.31,74.27,76.36,74.19,6591800.0,0.029900000000000003,497794300.0
2025-05-14,74.47,74.36,75.29,74.11,5405200.0,0.0245,407251200.0
2025-05-15,74.18,74.09,75.57,73.82,5741800.0,0.026000000000000002,431478800.0
2025-05-16,73.89,75.05,76.3,73.53,7422800.0,0.0336,563021500.0
2025-05-19,74.92,75.15,75.56,73.87,5529700.0,0.025,417468399.99999994
2025-05-20,75.15,74.4,75.15,74.12,4040600.0,0.0183,303617300.0
2025-05-21,74.23,74.6,74.85,72.84,5007800.0,0.0227,374378800.0
2025-05-22,74.19,73.33,75.07,73.04,4389300.0,0.0199,328936000.0
2025-05-23,73.33,71.81,73.71,71.73,5428600.0,0.0246,398467900.0
2025-05-26,71.93,72.88,73.6,71.91,4548300.0,0.0206,335133500.0
2025-05-27,72.71,72.92,73.81,72.38,3018100.0,0.0137,222950300.0
2025-05-28,72.81,71.21,73.1,71.04,4117600.0,0.018600000000000002,298337300.0
2025-05-29,71.31,72.18,72.51,71.22,2935800.0,0.013300000000000001,213277000.0
2025-05-30,71.74,70.89,72.78,70.3,4807800.0,0.0217,347205700.0
2025-06-03,70.57,72.54,73.3,70.36,5445400.0,0.0246,398754500.0
2025-06-04,72.45,72.6,72.91,72.34,2275800.0,0.0103,166758000.0
2025-06-05,72.61,73.6,73.71,72.43,4246400.0,0.0192,313584000.0
2025-06-06,73.81,73.93,75.15,73.36,5298600.0,0.024,396399800.00000006
2025-06-09,73.8,74.36,74.81,73.01,4524400.0,0.020499999999999997,337129500.0
2025-06-10,74.48,72.57,74.48,71.95,4794800.0,0.0217,352960600.0
2025-06-11,72.56,72.12,73.41,72.1,4010600.0,0.0181,293951900.0
2025-06-12,72.11,71.8,72.7,71.56,3978400.0,0.018000000000000002,289772700.0
2025-06-13,71.54,71.1,72.67,71.03,5206300.0,0.0236,376745100.0
2025-06-16,70.82,70.65,71.67,70.42,4339000.0,0.0196,311033100.0
2025-06-17,71.11,70.86,71.11,70.19,3102400.0,0.013999999999999999,221018800.0
2025-06-18,70.74,71.3,71.84,70.52,3925300.0,0.0178,280905500.0
2025-06-19,71.19,70.62,71.98,70.56,4463700.0,0.0202,319342500.0
2025-06-20,70.79,70.71,71.87,70.65,4485700.0,0.0203,321548500.0
2025-06-23,70.24,71.61,71.84,69.5,5873800.0,0.026600000000000002,419990700.0
2025-06-24,71.81,72.58,72.81,71.12,5646800.0,0.0255,410415500.0
2025-06-25,72.92,74.0,74.3,72.73,7176000.0,0.0325,530337699.99999994
2025-06-26,73.84,72.72,74.17,72.72,5308700.0,0.024,391832300.00000006
2025-06-27,73.18,72.81,73.7,72.67,4396000.0,0.0199,323166300.0
2025-06-30,73.2,73.72,74.11,73.03,6043900.0,0.0273,447414400.0
2025-07-01,73.81,74.39,75.12,73.6,6784000.0,0.030699999999999998,507751500.0
2025-07-02,74.42,73.24,74.43,72.92,5068000.0,0.0229,374310700.0
2025-07-03,73.37,73.22,73.48,72.62,3563600.0,0.0161,261423400.0
2025-07-04,72.99,71.75,73.17,71.59,5735600.0,0.0259,416228399.99999994
2025-07-07,71.72,71.52,72.17,71.37,3105400.0,0.013999999999999999,223657599.99999997
2025-07-08,71.61,73.57,74.06,71.61,7723100.0,0.0349,569065300.0
2025-07-09,73.42,72.85,73.9,72.61,4523200.0,0.020499999999999997,332768900.0
2025-07-10,72.63,72.6,73.07,72.07,3269400.0,0.0148,238348500.0
2025-07-11,70.62,69.49,70.98,67.62,13699800.0,0.062,953896600.0
2025-07-14,69.49,69.53,69.74,69.01,5768000.0,0.026099999999999998,402614200.0
2025-07-15,69.53,69.32,69.87,69.08,6552000.0,0.0296,457174600.0
2025-07-16,68.62,68.18,68.62,67.32,10427900.0,0.0472,712567300.0
2025-07-17,68.03,68.82,68.83,67.82,6527300.0,0.029500000000000002,449058399.99999994
2025-07-18,68.83,69.11,69.25,68.37,6229700.0,0.0282,430743300.0
2025-07-21,68.88,68.94,69.2,68.64,5805800.0,0.0263,402449500.0
2025-07-22,68.92,68.97,69.36,68.65,6109000.0,0.0276,424028000.0
2025-07-23,68.86,68.93,69.5,68.65,6199400.0,0.027999999999999997,430709200.0
2025-07-24,69.01,70.36,70.61,68.73,9412100.0,0.0426,659804700.0
2025-07-25,70.29,70.6,70.78,69.67,6606500.0,0.029900000000000003,466436100.0
2025-07-28,70.62,70.99,71.82,69.85,8023600.0,0.0363,572833900.0
2025-07-29,70.62,71.05,71.41,70.38,6301100.0,0.0285,449128300.0
2025-07-30,71.05,69.84,71.58,69.52,7877800.0,0.0356,557890200.0
2025-07-31,69.85,68.92,70.46,68.7,7172900.0,0.032400000000000005,501301400.0
2025-08-01,68.84,68.55,69.18,68.15,5546800.0,0.025099999999999997,382770000.0
2025-08-04,68.14,68.7,68.98,67.88,4826700.0,0.0218,332394500.0
2025-08-05,68.76,69.4,69.91,68.57,5506600.0,0.024900000000000002,382936400.0
2025-08-06,69.31,69.89,69.95,68.92,5438300.0,0.0246,380098200.0
2025-08-07,69.89,69.59,70.46,69.32,7094400.0,0.0321,498583600.0
2025-08-08,69.52,68.46,69.57,68.33,6825800.0,0.030899999999999997,471280100.0
2025-08-11,68.45,69.37,69.67,68.43,5662800.0,0.0256,393330400.0
2025-08-12,69.29,70.04,70.42,68.93,7478900.0,0.0338,524466100.0
2025-08-13,70.0,71.89,73.38,69.96,15117600.0,0.0684,1094172700.0
2025-08-14,73.31,72.32,75.01,71.93,17412800.0,0.0787,1281740900.0
2025-08-15,71.74,73.42,73.54,71.72,12278800.0,0.0555,898963000.0
2025-08-18,74.12,78.43,79.62,73.47,24399500.0,0.1103,1886579900.0
2025-08-19,78.12,76.48,78.12,76.28,13072000.0,0.0591,1010398300.0
2025-08-20,76.32,81.04,81.8,76.22,20277000.0,0.0917,1607571700.0000002
2025-08-21,81.05,80.03,81.5,79.2,14595200.0,0.066,1176843500.0
2025-08-22,80.92,81.65,82.77,80.13,17912800.0,0.081,1463149700.0
2025-08-25,82.42,80.35,83.42,78.66,20796500.0,0.094,1685694700.0
2025-08-26,79.39,78.72,79.97,78.24,15180700.0,0.06860000000000001,1205932600.0
2025-08-27,78.83,79.57,83.82,78.39,21832500.0,0.0987,1774286600.0
2025-08-28,79.52,81.94,81.95,79.19,17973600.0,0.08130000000000001,1461182400.0
2025-08-29,82.54,80.61,82.72,79.44,14252200.0,0.0644,1153285100.0
2025-09-01,81.46,80.89,82.38,79.5,13143500.0,0.0594,1065982500.0
2025-09-02,80.63,77.17,81.58,76.62,15996900.0,0.0723,1257987400.0
2025-09-03,77.7,77.03,79.9,76.7,12033700.0,0.054400000000000004,945393900.0
2025-09-04,76.92,73.31,77.58,72.13,14755400.0,0.0667,1106697100.0
2025-09-05,73.54,75.15,75.37,73.27,8485600.0,0.0384,633897200.0
2025-09-08,75.32,75.15,75.71,74.09,8018100.0,0.0363,603817700.0
2025-09-09,74.78,73.41,75.09,73.01,6466000.0,0.0292,480897300.00000006
2025-09-10,73.46,73.32,74.83,73.19,6138200.0,0.0278,455533399.99999994
2025-09-11,73.32,75.61,75.72,72.52,10669000.0,0.0482,801906300.0
2025-09-12,75.67,78.68,81.24,75.25,19296500.0,0.0873,1532910300.0
2025-09-15,79.77,77.33,80.3,77.22,11054300.0,0.05,865735000.0
2025-09-16,77.36,77.32,77.82,76.29,8806700.0,0.0398,681732600.0
2025-09-17,77.32,80.0,80.5,76.83,15189000.0,0.0687,1206937500.0
2025-09-18,80.01,79.78,82.8,78.63,19241500.0,0.087,1564174300.0
2025-09-19,79.82,78.99,81.87,78.73,12949500.0,0.058600000000000006,1044189900.0
2025-09-22,80.55,80.8,81.5,79.65,14093200.0,0.0637,1139730200.0
2025-09-23,81.82,81.97,82.02,78.32,15331700.0,0.0693,1235561000.0
2025-09-24,82.89,98.44,98.44,82.4,40396300.0,0.1827,3759598700.0
2025-09-25,99.62,99.72,102.85,95.84,45887800.0,0.2075,4557816200.0
2025-09-26,99.37,104.66,107.39,97.53,39958000.0,0.1807,4122757600.0
2025-09-29,104.12,106.72,109.91,101.3,35429000.0,0.1602,3724328300.0
2025-09-30,107.08,101.52,107.08,100.12,32522300.0,0.1471,3377051800.0
2025-10-09,105.14,101.45,107.02,100.42,30602200.0,0.1384,3188293100.0
2025-10-10,98.65,99.6,101.0,95.88,24342400.0,0.1101,2388452100.0
2025-10-13,98.65,114.14,114.14,98.62,45246800.0,0.2046,4911016700.0
2025-10-14,112.51,105.52,112.51,103.32,36499900.0,0.165,3926785400.0
2025-10-15,102.82,100.9,103.32,98.61,21455300.0,0.09699999999999999,2162603200.0
2025-10-16,99.62,101.0,104.62,98.15,17881800.0,0.0809,1821874900.0
2025-10-17,99.21,94.16,99.32,93.47,19624700.0,0.08869999999999999,1888599400.0
2025-10-20,96.2,92.03,96.32,91.24,15518200.0,0.0702,1456924600.0
2025-10-21,92.88,92.9,94.04,91.82,13823800.0,0.0625,1291609600.0
2025-10-22,91.62,92.07,93.22,91.13,9613500.0,0.0435,889394700.0
2025-10-23,91.32,91.83,92.19,89.71,9075300.0,0.040999999999999995,826390800.0
2025-10-24,93.39,95.66,96.62,92.52,19252400.0,0.08710000000000001,1839378599.9999998
2025-10-27,97.23,100.27,101.13,95.31,23024900.0,0.1041,2262970700.0
2025-10-28,99.27,97.02,99.27,96.52,15828000.0,0.0716,1554825400.0
2025-10-29,96.86,97.8,98.59,95.37,14468500.0,0.0654,1407761400.0000002
2025-10-30,97.7,95.42,98.6,95.34,12353800.0,0.0559,1196469400.0
2025-10-31,94.9,93.62,96.2,92.97,9938200.0,0.0449,940761799.9999999
2025-11-03,92.27,91.34,92.5,88.82,12344700.0,0.0558,1122612500.0
2025-11-04,91.01,90.17,92.02,89.71,7390900.0,0.0334,674807200.0
2025-11-05,88.53,89.63,90.12,87.89,7772100.0,0.0351,695651500.0
2025-11-06,90.52,92.03,92.35,90.31,10476600.0,0.047400000000000005,962035300.0
2025-11-07,90.63,90.02,91.57,89.87,7641600.0,0.0346,694911100.0
2025-11-10,90.52,91.01,92.8,90.22,9672100.0,0.0437,886602899.9999999
2025-11-11,92.58,90.55,93.61,90.3,10816600.0,0.0489,999070900.0
2025-11-12,90.82,90.56,92.15,87.39,8919500.0,0.0403,806591700.0
2025-11-13,90.38,91.17,91.95,89.52,9338300.0,0.042199999999999994,854187899.9999999
2025-11-14,89.62,87.13,90.38,87.13,10319800.0,0.0467,916855600.0
2025-11-17,87.64,86.5,89.21,85.93,7074300.0,0.032,618371600.0
2025-11-18,86.14,87.34,88.82,85.7,7605800.0,0.0344,667819700.0
2025-11-19,86.67,86.93,88.8,86.2,6403200.0,0.028999999999999998,562407200.0
2025-11-20,88.15,85.42,88.5,85.42,5895900.0,0.026699999999999998,512667500.0
2025-11-21,83.67,81.18,85.32,81.08,9886700.0,0.0447,823335700.0000001
2025-11-24,81.87,82.92,83.27,81.34,5858900.0,0.0265,484577600.0
2025-11-25,83.31,83.98,85.62,83.0,7501100.0,0.0339,636216000.0
2025-11-26,83.58,84.08,84.87,82.95,5369600.0,0.024300000000000002,453946900.0
2025-11-27,84.16,83.48,86.19,83.28,6759700.0,0.030600000000000002,575255300.0
2025-11-28,83.21,84.91,85.61,83.01,6915000.0,0.0313,587952500.0
2025-12-01,85.58,87.88,88.32,84.98,9405300.0,0.0425,820213000.0
2025-12-02,87.12,85.94,87.55,85.77,5959900.0,0.0269,517501200.0
2025-12-03,86.2,85.92,87.16,85.37,5033500.0,0.022799999999999997,435264400.0
2025-12-04,85.02,86.9,87.57,84.82,5929200.0,0.0268,513646300.0
2025-12-05,86.91,86.94,87.5,84.95,5974000.0,0.027000000000000003,517678700.0
2025-12-08,86.94,88.4,89.02,86.63,7916200.0,0.0358,700982899.9999999
2025-12-09,87.62,87.32,88.7,86.95,6546900.0,0.0296,577168600.0
2025-12-10,86.72,88.35,88.85,86.21,6238900.0,0.0282,549013300.0
2025-12-11,88.12,86.85,88.88,86.82,5381200.0,0.024300000000000002,474553500.0
2025-12-12,86.72,88.67,89.45,86.2,8635700.0,0.039,762398300.0
2025-12-15,87.63,89.88,90.91,87.63,11396300.0,0.051500000000000004,1028482300.0
2025-12-16,89.63,89.63,91.1,87.62,9722100.0,0.044000000000000004,873454700.0
2025-12-17,88.62,91.49,91.77,87.13,11994700.0,0.0542,1084129600.0
2025-12-18,90.66,91.02,93.42,90.63,11279000.0,0.051,1044656300.0
2025-12-19,91.61,89.45,91.92,89.22,7857300.0,0.0355,712472400.0
2025-12-22,88.63,92.33,93.32,88.63,10010100.0,0.0453,920921100.0
2025-12-23,91.87,95.27,95.28,91.63,14213300.0,0.0643,1338907600.0
2025-12-24,95.32,96.38,97.4,94.42,12710400.0,0.0575,1223661000.0
2025-12-25,96.38,95.87,99.52,94.95,12827600.0,0.057999999999999996,1245680700.0
2025-12-26,96.12,94.28,96.42,93.62,9630400.0,0.0435,916261200.0
2025-12-29,93.88,93.14,94.88,92.76,7559900.0,0.0342,710986000.0
2025-12-30,92.97,92.63,94.42,92.52,7142900.0,0.0323,668317400.0
2025-12-31,93.62,91.62,94.12,91.62,6812100.0,0.0308,632995300.0
2026-01-05,92.54,99.92,102.62,92.5,17633700.0,0.0797,1703717200.0
2026-01-06,98.51,106.67,110.62,98.43,30927800.0,0.1398,3291880900.0000005
2026-01-07,108.82,110.42,111.39,105.78,24473600.0,0.1107,2673441800.0
2026-01-08,109.62,111.9,117.12,108.9,19084200.0,0.0863,2157102300.0
2026-01-09,109.9,113.13,113.88,109.23,15376400.0,0.0695,1723406400.0000002
2026-01-12,112.02,114.85,116.22,109.83,15154400.0,0.06849999999999999,1733256700.0000002
2026-01-13,113.68,114.7,118.28,113.24,14019300.0,0.0634,1618993800.0
2026-01-14,115.06,119.95,121.62,113.97,20631500.0,0.0933,2460223200.0
2026-01-15,118.75,128.24,128.29,117.95,19376300.0,0.0876,2437815600.0
2026-01-16,126.96,128.73,130.98,124.59,20117200.0,0.091,2572067200.0
2026-01-19,130.51,126.43,131.61,125.88,13858500.0,0.06269999999999999,1779217800.0
2026-01-20,125.99,127.27,129.12,123.9,13095400.0,0.0592,1663364000.0
2026-01-21,125.62,123.41,129.02,122.32,17131100.0,0.0775,2135520100.0
2026-01-22,125.52,123.3,126.59,121.7,10524200.0,0.047599999999999996,1301884700.0
2026-01-23,123.21,121.65,123.21,116.62,15716200.0,0.0711,1885990600.0
2026-01-26,121.12,117.62,121.12,116.72,10053200.0,0.0455,1192018800.0
2026-01-27,117.78,119.02,119.95,116.02,11809700.0,0.053399999999999996,1400190300.0
2026-01-28,119.5,118.17,120.54,116.63,9929900.0,0.0449,1175560000.0
2026-01-29,118.6,113.1,119.32,113.09,11747300.0,0.053099999999999994,1359209000.0
2026-02-06,113.2,123.23,129.23,109.95,42595400.0,0.19260000000000002,5149266300.0
2026-02-09,124.62,129.0,136.45,124.62,31532500.0,0.1426,4147784000.0
2026-02-10,127.71,131.82,132.94,124.48,22109800.0,0.1,2843828900.0
2026-02-11,129.42,130.31,132.97,125.62,14724600.0,0.0666,1924029800.0
2026-02-12,132.26,143.92,145.86,131.14,24284900.0,0.10980000000000001,3397237900.0
2026-02-13,140.82,144.67,147.5,139.82,16925400.0,0.0765,2448510000.0
2026-02-24,143.68,142.62,144.62,136.63,16318600.0,0.0738,2309145500.0
2026-02-25,145.48,158.92,164.18,144.45,24183100.0,0.1093,3731082100.0
2026-02-26,158.96,162.62,163.42,155.62,20594600.0,0.0931,3295464699.9999995
2026-02-27,158.62,161.63,163.28,156.65,13675000.0,0.061799999999999994,2199364900.0
2026-03-02,155.95,157.46,161.62,155.94,15276400.0,0.0691,2420086400.0
2026-03-03,156.66,154.2,167.43,153.9,20156500.0,0.0911,3216148300.0
2026-03-04,149.62,149.63,155.59,148.13,14614800.0,0.0661,2213173900.0
2026-03-05,155.63,151.12,156.12,148.88,13746100.0,0.0622,2088881099.9999998
2026-03-06,150.1,147.99,151.55,146.4,10132100.0,0.0458,1510502800.0
2026-03-09,144.51,151.13,152.61,141.57,14014200.0,0.0634,2065018000.0
2026-03-10,153.47,153.8,154.35,150.15,12525300.0,0.056600000000000004,1920151300.0
2026-03-11,152.62,148.88,154.22,147.82,11398500.0,0.051500000000000004,1709080700.0
2026-03-12,149.62,147.14,152.5,142.69,10454700.0,0.0473,1536381099.9999998
2026-03-13,144.72,144.52,150.02,143.62,7904600.0,0.035699999999999996,1158305700.0
2026-03-16,145.37,142.32,146.52,138.12,9277400.0,0.04190000000000001,1309875500.0
2026-03-17,143.23,135.74,143.72,135.62,8150600.0,0.0369,1129964500.0
2026-03-18,137.51,137.04,138.22,134.43,6670700.0,0.0302,911063900.0
2026-03-19,135.75,136.27,139.57,133.17,9416400.0,0.0426,1286130000.0
2026-03-20,137.0,132.76,139.56,132.62,8595400.0,0.038900000000000004,1175156800.0
2026-03-23,130.39,125.33,132.51,124.33,8183100.0,0.037000000000000005,1050779600.0000001
2026-03-24,127.86,130.47,130.96,125.1,8960500.0,0.0405,1150581600.0
2026-03-25,133.14,136.97,141.49,133.08,12455500.0,0.056299999999999996,1729216500.0
2026-03-26,136.93,133.22,136.97,132.28,5486300.0,0.0248,739653900.0
2026-03-27,131.11,145.64,147.6,130.47,16192500.0,0.0732,2298871500.0
2026-03-30,144.46,146.11,146.11,141.12,10871300.0,0.0492,1568346600.0
2026-03-31,144.42,138.84,144.92,138.22,8950600.0,0.0405,1262457500.0
2026-04-01,143.5,139.89,144.22,138.62,8234600.0,0.037200000000000004,1162410400.0
2026-04-02,139.15,135.12,139.52,133.02,7310700.0,0.0331,993083200.0000001
2026-04-03,135.92,148.76,151.07,134.94,17088000.0,0.07730000000000001,2486660300.0
2026-04-07,149.61,149.13,152.9,147.66,8502500.0,0.0384,1274670000.0
2026-04-08,150.16,159.23,160.27,149.22,15959400.0,0.0722,2502923800.0
2026-04-09,155.62,156.59,159.62,154.98,9102000.0,0.0412,1433609700.0
2026-04-10,158.6,156.12,164.42,156.12,12455500.0,0.056299999999999996,1993283500.0
2026-04-13,154.86,155.64,158.34,154.46,9373300.0,0.0424,1465250100.0
2026-04-14,157.62,161.54,164.12,156.3,10644600.0,0.0481,1708595500.0
2026-04-15,161.55,153.97,161.55,153.03,9664700.0,0.0437,1517364800.0
2026-04-16,154.31,153.67,154.97,149.74,7525800.0,0.034,1154861300.0
2026-04-17,151.38,159.04,161.35,149.31,12999700.0,0.0588,2045460600.0
2026-04-20,158.46,156.58,158.47,152.9,9159800.0,0.0414,1426685200.0
2026-04-21,156.62,156.84,159.56,152.75,8459500.0,0.0383,1323625000.0
2026-04-22,156.19,160.28,160.3,154.83,11425500.0,0.051699999999999996,1814553800.0
2026-04-23,160.42,155.57,162.62,151.97,12495700.0,0.0565,1949984900.0
2026-04-24,154.82,155.83,158.12,153.49,7938100.0,0.0359,1238065500.0
2026-04-27,159.62,167.37,171.58,159.62,17499400.0,0.0791,2926930100.0
2026-04-28,167.42,178.99,179.62,164.66,18963900.0,0.0858,3317275300.0000005
2026-04-29,167.62,175.01,175.38,161.91,19776000.0,0.0894,3333671200.0
2026-04-30,171.62,179.33,190.73,168.62,14951700.0,0.0676,2646512199.9999995
2026-05-06,184.62,181.63,195.22,180.63,16289400.0,0.0737,3055031700.0
2026-05-07,182.93,186.17,186.22,176.9,12630800.0,0.0571,2305292300.0
2026-05-08,180.22,173.05,181.42,171.62,16939000.0,0.0766,2982263100.0
2026-05-11,176.52,184.62,184.62,173.63,17430100.0,0.0788,3148505400.0
2026-05-12,182.62,181.39,182.9,177.39,12100600.0,0.0547,2177606300.0
2026-05-13,176.66,185.87,186.89,173.71,13960100.0,0.06309999999999999,2515239700.0
2026-05-14,186.62,179.62,194.62,179.62,14617900.0,0.0661,2738766900.0
2026-05-15,181.29,189.48,197.61,180.73,20575700.0,0.0931,3881658900.0
2026-05-18,189.54,200.88,202.12,185.9,18894500.0,0.0855,3732169400.0
2026-05-19,198.62,213.55,216.11,195.62,19800900.0,0.08960000000000001,4101653200.0
2026-05-20,209.5,213.3,217.62,204.86,15756500.0,0.0713,3324368900.0
2026-05-21,216.12,190.64,221.84,188.52,23499700.0,0.1063,4864849800.0
2026-05-22,192.99,196.6,201.87,184.0,17228200.0,0.0779,3326538700.0
2026-05-25,197.9,207.99,209.38,189.68,17088300.0,0.07730000000000001,3445613600.0
2026-05-26,205.63,197.09,205.63,188.25,18503500.0,0.0837,3609431700.0
2026-05-27,195.0,183.4,197.99,182.24,16411800.0,0.0742,3116623300.0
2026-05-28,182.18,203.05,204.97,181.67,25207900.0,0.114,4956263900.0
2026-05-29,204.0,190.2,204.14,187.74,18206700.0,0.0823,3527764300.0
2026-06-01,189.25,188.06,198.6,186.55,13523600.0,0.061200000000000004,2593346700.0
2026-06-02,188.6,209.22,215.88,188.6,25881600.0,0.11699999999999999,5361965699.999999
2026-06-03,209.16,208.0,214.44,204.27,18171300.0,0.08220000000000001,3796265600.0
2026-06-04,205.0,210.53,213.46,205.0,13371100.0,0.0605,2811072400.0
2026-06-05,205.55,201.19,215.96,198.2,15040000.0,0.068,3099130600.0
2026-06-08,195.0,193.57,205.8,191.0,13982000.0,0.0632,2747500900.0000005
2026-06-09,199.0,224.88,226.5,195.22,23255100.0,0.1052,4958217800.0
2026-06-10,224.85,243.67,249.88,220.0,27864400.0,0.126,6509198700.0
2026-06-11,255.13,292.4,292.4,255.13,21600100.0,0.0977,6027696500.0
2026-06-12,337.21,274.08,338.88,271.93,48024300.0,0.21719999999999998,14147876600.0
2026-06-15,284.0,293.6,298.0,265.6,33123600.0,0.14980000000000002,9406398900.0
2026-06-16,293.0,299.61,308.8,288.18,33066900.0,0.1495,9821713300.0
2026-06-17,288.0,301.57,304.4,285.01,31445600.0,0.1422,9224904800.0
2026-06-18,301.58,311.2,325.68,300.6,25625400.0,0.1159,8016166000.0
2026-06-22,323.0,308.75,326.53,299.19,28532300.0,0.129,8852208100.0
2026-06-23,300.1,292.83,308.53,289.0,22525300.0,0.10189999999999999,6686822400.0
2026-06-24,291.72,304.04,308.62,285.0,20783500.0,0.094,6210300200.0
2026-06-25,314.0,330.0,337.7,304.1,25585400.0,0.1157,8290035100.0
2026-06-26,326.7,354.78,366.65,324.48,27249300.0,0.1232,9501036600.0
2026-06-29,369.1,382.48,388.99,339.02,30275800.0,0.1369,11136706399.999998
2026-06-30,372.0,368.6,374.97,345.8,25856000.0,0.11689999999999999,9386736800.0
2026-07-01,369.0,394.33,418.99,369.0,25396800.0,0.1149,9977395700.0
2026-07-02,370.11,342.47,375.0,340.51,24656600.0,0.1115,8738362500.0
2026-07-03,348.4,332.19,351.0,320.88,20795700.0,0.094,6948126899.999999
2026-07-06,338.83,326.86,342.79,311.0,17330100.0,0.0784,5683938400.0
2026-07-07,326.0,329.0,336.99,316.24,13804700.0,0.062400000000000004,4551551300.0
2026-07-08,329.12,333.86,347.6,307.0,19119000.0,0.08650000000000001,6304369399.999999
2026-07-09,339.46,364.48,366.88,328.55,23926500.0,0.1082,8294559500.0
2026-07-10,369.0,340.44,385.0,340.44,22397000.0,0.1013,8158757300.0
2026-07-13,332.08,318.34,346.8,315.19,17692500.0,0.08,5866048000.0
2026-07-14,324.0,311.39,324.99,291.18,22049700.0,0.09970000000000001,6798386500.0
2026-07-15,316.0,282.14,316.98,280.0,19520500.0,0.0883,5732728800.0
2026-07-16,253.75,240.0,264.48,233.42,33466200.0,0.1514,8390678400.0
2026-07-17,239.67,218.04,241.41,216.5,25054800.0,0.1133,5685012900.0
2026-07-20,225.0,199.0,229.0,190.1,23414500.0,0.1059,4868920300.0
2026-07-21,205.02,236.76,237.78,183.83,29449300.0,0.1332,6249489399.999999
2026-07-22,236.0,235.08,248.93,231.0,26471300.0,0.1197,6380093300.0
2026-07-23,239.79,227.79,240.99,223.39,16112300.0,0.0729,3711550300.0000005
2026-07-24,226.93,229.47,236.58,217.8,16813300.0,0.076,3865146800.0
2026-07-27,229.47,240.85,241.5,219.01,20069400.0,0.0908,4686247900.0
2026-07-28,234.14,223.02,240.44,220.5,17492800.0,0.0791,4044000600.0
2026-07-29,223.38,219.66,225.88,205.88,18823000.0,0.0851,4065558900.0
2026-07-30,217.11,197.06,220.88,193.2,18470400.0,0.08349999999999999,3769329200.0
2026-07-31,220.8,203.42,223.23,203.22,19091700.0,0.0863,4093869000.0
2026-08-03,202.47,185.01,203.1,184.2,17205500.0,0.07780000000000001,3289699300.0
2026-08-04,188.02,200.08,202.68,185.25,17087400.0,0.07730000000000001,3332396100.0
2026-08-05,200.0,222.4,229.33,198.51,23107500.0,0.1045,4994867600.0
2026-08-06,215.0,238.62,240.0,215.0,24155400.0,0.1092,5614238100.000001
2026-08-07,245.94,252.54,255.25,240.0,22280000.0,0.1008,5544704500.0
2026-08-10,253.0,261.68,264.0,251.0,22428900.0,0.1014,5782895300.0
2026-08-11,256.0,253.99,261.0,250.01,16130500.0,0.073,4118218200.0
2026-08-12,257.88,264.05,268.74,257.8,15317900.0,0.0693,4059505500.0
2026-08-13,268.89,251.02,269.84,250.88,17836000.0,0.08070000000000001,4654199200.0
2026-08-14,256.07,255.9,257.5,248.8,11977400.0,0.0542,3040087100.0
2026-08-17,256.8,269.82,272.9,256.8,15460300.0,0.0699,4136536200.0
2026-08-18,270.15,278.28,279.78,268.0,17422800.0,0.0788,4778094100.0
2026-08-19,264.68,252.57,272.0,249.0,19542700.0,0.08839999999999999,5074098700.0
2026-08-20,258.51,249.05,259.98,245.96,14228600.0,0.0643,3579846900.0
2026-08-21,247.0,246.7,253.36,243.56,10347100.0,0.046799999999999994,2559848900.0
2026-08-24,248.11,250.4,255.88,240.6,18276000.0,0.0825,4534385500.0
2026-08-25,233.01,235.5,238.98,224.0,19578700.0,0.08839999999999999,4538650700.0
2026-08-26,234.0,235.86,242.0,231.0,11906300.0,0.0538,2811542100.0
2026-08-27,240.58,248.18,248.69,234.0,13406300.0,0.0605,3257090700.0
2026-08-28,247.1,239.82,249.27,239.27,11225800.0,0.0507,2738863200.0
2026-08-31,237.0,244.08,245.9,232.51,12183000.0,0.055,2911783800.0
2026-09-01,243.0,228.82,243.6,228.4,11520500.0,0.052000000000000005,2672335600.0
2026-09-02,223.66,225.44,228.3,221.0,7766300.0,0.0351,1742616600.0
2026-09-03,229.0,227.5,230.05,223.77,6430100.0,0.028999999999999998,1457966400.0000002
2026-09-04,229.88,220.18,231.42,217.58,8577100.0,0.0387,1918778400.0
2026-09-07,224.1,239.25,240.6,222.39,13687600.0,0.061799999999999994,3186395000.0
2026-09-08,239.5,234.7,242.5,233.6,8523700.0,0.0385,2026030900.0
2026-09-09,237.01,231.01,240.57,229.04,7628700.0,0.0344,1785034700.0
2026-09-10,228.88,233.7,238.0,228.0,7514900.0,0.0339,1756664100.0
2026-09-11,230.0,230.46,232.0,220.2,8586400.0,0.0388,1947012200.0
2026-09-14,225.0,237.1,239.35,222.22,9584100.0,0.0433,2227582800.0
2026-09-15,234.83,244.71,248.71,234.0,14349700.0,0.06480000000000001,3495850000.0
2026-09-16,246.01,252.83,256.0,242.0,15548500.0,0.0702,3900011000.0
2026-09-17,250.78,249.39,254.73,246.0,10535500.0,0.047599999999999996,2641678700.0
2026-09-18,254.56,260.44,261.44,249.0,13900300.0,0.06280000000000001,3568505800.0
2026-09-21,262.0,257.06,262.7,255.88,9344000.0,0.042199999999999994,2414860800.0
2026-09-22,262.0,249.61,262.5,248.51,10352800.0,0.046799999999999994,2637902700.0
2026-09-23,252.69,251.99,255.3,250.1,5155900.0,0.0233,1300414700.0
2026-09-24,251.19,243.62,251.4,243.21,5056900.0,0.022799999999999997,1247941300.0
