date,open,close,high,low,volume,turnover,amount
2010-02-11,1.96,2.06,2.19,1.96,8391819.0,0.6993,279074100.0
2010-02-12,2.1,2.18,2.23,2.1,4148691.0000000005,0.3457,142093600.0
2010-02-22,2.12,2.13,2.16,2.07,2458421.0,0.20489999999999997,82458500.0
2010-02-23,2.13,2.23,2.26,2.1,2756743.0,0.2297,95595800.0
2010-02-24,2.2,2.31,2.33,2.2,2368128.0,0.1973,84107600.0
2010-02-25,2.31,2.47,2.6,2.31,2686703.0,0.22390000000000002,101405300.0
2010-02-26,2.47,2.45,2.54,2.43,1757914.0,0.1465,67010900.0
2010-03-01,2.45,2.5,2.55,2.4,1031933.0,0.086,39342400.0
2010-03-02,2.5,2.51,2.61,2.49,877750.0,0.0731,34141100.0
2010-03-03,2.52,2.58,2.6,2.47,1049445.0,0.0875,40581600.0
2010-03-04,2.56,2.65,2.84,2.55,1627287.0,0.1356,66441800.0
2010-03-05,2.65,2.71,2.75,2.59,970812.0000000001,0.0809,38988500.0
2010-03-08,2.69,2.96,3.0,2.69,1343439.0,0.11199999999999999,57827400.0
2010-03-09,2.96,3.32,3.32,2.9,2144640.0,0.1787,99434800.0
2010-03-10,3.32,3.54,3.62,3.21,2290927.0,0.1909,112808400.0
2010-03-11,3.54,3.96,3.96,3.47,2049859.0,0.17079999999999998,110209500.0
2010-03-12,4.0,3.66,4.37,3.63,4112794.9999999995,0.3427,231645500.0
2010-03-15,3.73,3.55,3.75,3.47,2718547.0,0.22649999999999998,139799300.0
2010-03-16,3.51,3.43,3.61,3.35,2401104.0,0.20010000000000003,119935700.0
2010-03-17,3.44,3.51,3.58,3.36,2261494.0,0.1885,113575300.0
2010-03-18,3.45,3.45,3.51,3.35,1673299.0000000002,0.1394,82891600.0
2010-03-19,3.44,3.35,3.54,3.31,1764316.9999999998,0.147,86972200.0
2010-03-22,3.35,3.46,3.48,3.32,1475976.0,0.12300000000000001,72540300.0
2010-03-23,3.41,3.47,3.58,3.37,1678949.0000000002,0.1399,84428799.99999999
2010-03-24,3.46,3.81,3.85,3.43,2509437.0,0.2091,131059400.0
2010-03-25,3.75,3.93,4.12,3.72,2490456.0,0.2075,138352600.0
2010-03-26,3.71,3.57,3.71,3.47,2341329.0,0.19510000000000002,120363600.0
2010-03-29,3.5,3.46,3.53,3.34,1739357.0,0.1449,86141800.0
2010-03-30,3.38,3.57,3.61,3.38,1216786.0,0.1014,61969600.0
2010-03-31,3.57,3.68,3.85,3.55,1374985.0,0.11460000000000001,72922500.0
2010-04-01,3.68,3.58,3.82,3.58,1370078.0,0.1142,72761500.0
2010-04-02,3.51,3.47,3.54,3.42,1017618.0,0.0848,51012900.0
2010-04-06,3.47,3.71,3.71,3.46,1177747.0,0.0981,61228100.00000001
2010-04-07,3.72,3.79,3.79,3.64,1206729.0,0.10060000000000001,64267900.0
2010-04-08,3.82,4.08,4.11,3.73,2440436.0,0.2034,136252500.0
2010-04-09,4.04,4.11,4.24,4.03,1722631.0000000002,0.1436,100068300.0
2010-04-12,4.1,4.26,4.28,3.96,1719934.9999999998,0.1433,99806700.0
2010-04-13,4.21,3.77,4.23,3.77,1707618.0,0.1423,93945100.0
2010-04-14,3.69,3.77,3.8,3.63,876748.0,0.0731,46689399.99999999
2010-04-15,3.76,3.84,3.87,3.63,1274063.0,0.10619999999999999,68333600.0
2010-04-16,3.78,4.29,4.29,3.75,1898925.0,0.1582,111911200.00000001
2010-04-19,4.35,4.28,4.54,4.14,1781550.0,0.1485,108489100.0
2010-04-20,4.24,4.25,4.27,3.83,1051881.0,0.0877,60678300.0
2010-04-21,4.27,4.58,4.74,4.27,1479830.0,0.1233,93755900.0
2010-04-23,4.7,4.59,4.99,4.57,1089282.0,0.0908,71663000.0
2010-04-26,4.53,4.9,4.94,4.19,1277078.0,0.10640000000000001,80913900.0
2010-04-27,4.56,4.67,4.98,4.41,1084668.0,0.0904,70881900.0
2010-04-28,4.59,4.14,4.59,4.14,1290371.0,0.1075,77208900.0
2010-04-29,4.08,3.8,4.27,3.79,927870.0000000001,0.07730000000000001,53071000.0
2010-04-30,3.74,3.63,3.85,3.48,1036079.0000000001,0.0863,54192600.0
2010-05-04,3.62,3.59,3.78,3.47,765963.0,0.0638,40306700.0
2010-05-05,3.59,4.01,4.01,3.59,1117655.0,0.0931,60213700.0
2010-05-06,3.92,3.73,4.1,3.72,964874.0,0.08039999999999999,53579000.0
2010-05-07,3.56,3.77,3.9,3.55,763805.0,0.0637,41114100.0
2010-05-10,3.64,3.47,3.83,3.34,864262.0000000001,0.07200000000000001,43903500.0
2010-05-11,3.49,3.28,3.66,3.25,2223530.0,0.1482,109639300.0
2010-05-12,3.22,3.17,3.31,3.05,1166052.0,0.07769999999999999,54868300.0
2010-05-13,3.21,3.22,3.26,3.01,1163270.0,0.0776,53684600.0
2010-05-14,3.22,3.27,3.29,3.13,955085.0,0.0637,44505800.0
2010-05-17,3.22,2.88,3.24,2.88,818389.0,0.0546,36883100.0
2010-05-18,2.83,2.83,2.89,2.66,1587724.0,0.1058,64868000.0
2010-05-19,2.77,3.05,3.15,2.73,1831506.0000000002,0.12210000000000001,78981800.0
2010-05-20,3.0,2.99,3.16,2.94,1388529.0,0.0926,61802299.99999999
2010-05-21,2.92,3.35,3.35,2.83,1470625.0,0.098,67361100.0
2010-05-24,3.33,3.46,3.53,3.28,1661618.0,0.1108,81767600.0
2010-05-25,3.38,3.46,3.58,3.33,1091696.0,0.0728,54262700.00000001
2010-05-26,3.44,3.37,3.52,3.33,991345.0000000001,0.0661,48312100.0
2010-05-27,3.39,3.65,3.73,3.3,1172892.0,0.0782,59548900.0
2010-05-28,3.69,3.67,3.74,3.55,716693.0,0.0478,36989100.0
2010-05-31,3.67,3.54,3.86,3.54,840783.0,0.056100000000000004,44236100.0
2010-06-01,3.48,3.35,3.58,3.27,1191487.0,0.0794,58156600.0
2010-06-02,3.35,3.51,3.53,3.29,922623.0,0.061500000000000006,45026899.99999999
2010-06-03,3.55,3.52,3.7,3.49,944075.0,0.0629,48299900.0
2010-06-04,3.49,3.78,3.93,3.46,996625.0,0.0664,51844500.0
2010-06-07,3.68,3.96,4.11,3.68,1690370.0,0.1127,93393500.0
2010-06-08,3.94,4.02,4.08,3.85,783766.0,0.052300000000000006,43798100.00000001
2010-06-09,4.04,4.17,4.32,4.0,1464575.0,0.09759999999999999,85152800.0
2010-06-10,4.17,4.25,4.29,4.13,911320.0000000001,0.0608,53612400.0
2010-06-11,4.25,4.18,4.52,4.13,927091.0,0.061799999999999994,55010600.00000001
2010-06-17,4.14,3.89,4.14,3.87,1000804.0000000001,0.0667,56129500.0
2010-06-18,3.86,3.53,3.86,3.53,1002223.0,0.0668,52492100.0
2010-06-21,3.45,3.81,3.82,3.42,768154.0,0.0512,39991700.0
2010-06-22,3.77,3.77,3.89,3.77,532128.0,0.0355,28710600.0
2010-06-23,3.71,3.88,3.99,3.69,728583.0,0.048600000000000004,39550900.0
2010-06-24,3.83,3.91,3.95,3.79,493179.0,0.0329,27009800.0
2010-06-25,3.9,3.61,3.9,3.55,1030241.0,0.0687,53588600.0
2010-06-28,3.6,3.64,3.68,3.49,642891.0,0.0429,32840400.0
2010-06-29,3.64,3.21,3.65,3.21,817341.0,0.0545,39685000.0
2010-06-30,3.15,3.24,3.24,3.0,751170.0,0.0501,34296400.0
2010-07-01,3.28,3.0,3.28,2.92,600573.0,0.04,27082100.0
2010-07-02,3.0,3.08,3.11,2.82,585326.0,0.039,25531700.0
2010-07-05,2.98,3.02,3.08,2.88,601869.0,0.0401,26552500.0
2010-07-06,3.02,3.16,3.24,2.96,601023.0,0.0401,27613800.0
2010-07-07,3.19,3.21,3.21,3.13,451951.0,0.0301,20843700.0
2010-07-08,3.22,3.34,3.45,3.22,801551.0,0.053399999999999996,38296900.0
2010-07-09,3.39,3.4,3.47,3.3,539352.0,0.036000000000000004,26263900.0
2010-07-12,3.37,3.2,3.44,3.18,904089.0,0.0603,43459600.0
2010-07-13,3.2,3.31,3.35,3.12,520735.00000000006,0.0347,24285600.0
2010-07-14,3.3,3.18,3.36,3.16,474997.0,0.0317,22276800.0
2010-07-15,3.18,3.07,3.18,3.05,415142.0,0.0277,18887200.0
2010-07-16,3.03,3.0,3.06,2.95,469252.00000000006,0.0313,20658100.0
2010-07-19,2.92,3.15,3.17,2.92,399687.0,0.026600000000000002,18107100.0
2010-07-20,3.15,3.26,3.3,3.12,458483.0,0.030600000000000002,21416400.0
2010-07-21,3.27,3.22,3.35,3.19,722490.0,0.0482,34325600.0
2010-07-22,3.22,3.26,3.29,3.2,325475.0,0.0217,15297900.0
2010-07-23,3.26,3.32,3.38,3.26,512318.0,0.0342,24547100.0
2010-07-26,3.3,3.33,3.4,3.26,477017.0,0.0318,22828400.0
2010-07-27,3.33,3.2,3.33,3.18,636839.0,0.0425,30039300.0
2010-07-28,3.21,3.27,3.28,3.2,775953.0,0.051699999999999996,36423800.0
2010-07-29,3.27,3.24,3.31,3.19,619544.0,0.041299999999999996,29211300.0
2010-07-30,3.2,3.63,3.63,3.18,2223753.0,0.1483,111094800.0
2010-08-02,3.62,3.65,3.7,3.56,1337198.0,0.0891,69071300.0
2010-08-03,3.66,3.53,3.68,3.49,872991.0,0.0582,44821899.99999999
2010-08-04,3.51,3.81,3.93,3.43,1227233.0,0.0818,63308600.0
2010-08-05,3.75,3.9,3.95,3.75,997237.9999999999,0.0665,54096700.0
2010-08-06,3.87,3.91,4.0,3.84,916342.0,0.0611,50482500.0
2010-08-09,3.9,3.94,3.96,3.84,566857.0,0.0378,31177199.999999996
2010-08-10,3.91,3.69,3.94,3.67,1223824.0,0.0816,65838500.0
2010-08-11,3.65,3.7,3.78,3.64,520309.0,0.0347,27310600.0
2010-08-12,3.63,3.56,3.68,3.55,587021.0,0.0391,30212800.000000004
2010-08-13,3.53,3.81,3.85,3.53,645285.0,0.043,34150000.0
2010-08-16,3.8,3.95,3.99,3.76,740050.0,0.0493,40767200.0
2010-08-17,3.93,3.93,4.04,3.83,498404.0,0.0332,27749200.0
2010-08-18,3.98,3.92,4.0,3.82,609777.0,0.0407,33434899.999999996
2010-08-19,3.91,4.08,4.15,3.89,861199.0,0.0574,48913400.0
2010-08-20,3.93,4.04,4.14,3.93,1041308.0,0.0694,59031600.0
2010-08-23,4.07,4.11,4.28,4.07,701335.0,0.046799999999999994,40897400.0
2010-08-24,4.11,4.01,4.17,4.0,745346.0,0.049699999999999994,42503800.0
2010-08-25,3.97,3.95,4.06,3.93,390780.0,0.026099999999999998,21864000.0
2010-08-26,4.01,4.01,4.05,3.92,306785.0,0.020499999999999997,17196200.0
2010-08-27,4.03,4.03,4.04,3.93,408510.0,0.027200000000000002,22830300.000000004
2010-08-30,4.03,4.19,4.23,4.03,660293.0,0.044000000000000004,38479000.0
2010-08-31,4.15,4.27,4.31,4.08,751984.0,0.0501,44111500.0
2010-09-01,4.23,4.17,4.38,4.12,1151468.0,0.0768,68341300.0
2010-09-02,4.18,4.21,4.32,4.18,479668.99999999994,0.032,28348400.0
2010-09-03,4.19,4.29,4.4,4.18,567479.0,0.0378,33737000.0
2010-09-06,4.31,3.97,4.32,3.93,1152466.0,0.0768,65216400.0
2010-09-07,4.0,4.0,4.0,3.89,635645.0,0.0424,35195500.0
2010-09-08,3.96,3.95,3.96,3.85,762149.0,0.0508,41878700.0
2010-09-09,3.95,3.87,4.02,3.86,750505.0,0.05,41486400.0
2010-09-10,3.83,3.93,3.94,3.79,531183.0,0.0354,28954000.0
2010-09-13,3.91,3.94,3.97,3.85,620966.0,0.0414,34072600.0
2010-09-14,3.98,3.93,3.98,3.91,298408.0,0.0199,16501800.0
2010-09-15,3.95,3.74,3.97,3.71,702797.0,0.046900000000000004,38050800.0
2010-09-16,3.75,3.66,3.79,3.54,992669.0,0.0662,50983300.0
2010-09-17,3.66,3.68,3.74,3.63,354531.0,0.0236,18525300.0
2010-09-20,3.66,3.62,3.71,3.54,485705.0,0.032400000000000005,25079500.0
2010-09-21,3.62,3.62,3.63,3.45,328306.0,0.0219,16745200.0
2010-09-27,3.62,3.68,3.7,3.58,197920.0,0.0132,10285300.0
2010-09-28,3.72,3.7,3.74,3.66,265085.0,0.0177,13907700.0
2010-09-29,3.7,3.67,3.72,3.62,190286.0,0.0127,9961200.0
2010-09-30,3.66,3.71,3.72,3.63,247067.99999999997,0.0165,12857900.0
2010-10-08,3.69,3.8,3.84,3.64,489124.0,0.0326,26079000.0
2010-10-11,3.8,3.82,3.94,3.77,694558.0,0.0463,37887200.0
2010-10-12,3.77,3.77,3.85,3.73,361736.0,0.0241,19458100.0
2010-10-13,3.77,3.64,3.8,3.49,632151.0,0.0421,32482100.0
2010-10-14,3.64,3.68,3.81,3.62,556329.0,0.0371,29497500.0
2010-10-15,3.65,3.79,3.86,3.65,518007.0,0.0345,27567500.0
2010-10-18,3.77,3.91,3.96,3.69,854279.9999999999,0.057,46325600.00000001
2010-10-19,3.91,4.1,4.31,3.9,1171056.0,0.0781,67592700.0
2010-10-20,4.07,4.12,4.28,3.97,1146624.0,0.0764,65741700.0
2010-10-21,4.07,4.07,4.12,4.02,256894.0,0.0171,14644900.0
2010-10-22,4.11,4.18,4.23,4.1,419635.00000000006,0.027999999999999997,24485700.0
2010-10-25,4.23,4.42,4.48,4.18,549943.0,0.036699999999999997,33342199.999999996
2010-10-26,4.32,4.17,4.35,4.07,723191.0,0.0482,42031300.0
2010-10-27,4.15,4.14,4.3,4.07,471635.00000000006,0.031400000000000004,27533600.0
2010-10-28,4.05,4.14,4.16,4.05,196290.0,0.0131,11272000.0
2010-10-29,4.09,4.4,4.41,4.09,881816.0,0.0588,52885300.0
2010-11-01,4.44,4.6,4.73,4.44,737643.0,0.0492,47034900.0
2010-11-02,4.6,4.38,4.72,4.36,454284.0,0.030299999999999997,28573300.0
2010-11-03,4.28,4.48,4.48,4.24,353001.0,0.0235,21411700.0
2010-11-04,4.36,4.48,4.52,4.36,304250.0,0.0203,18851900.0
2010-11-05,4.48,4.53,4.68,4.48,470389.00000000006,0.031400000000000004,29793900.0
2010-11-08,4.53,4.52,4.66,4.48,268503.0,0.0179,16898300.0
2010-11-09,4.48,4.61,4.63,4.44,270700.0,0.018000000000000002,16880200.0
2010-11-10,4.57,4.71,4.8,4.52,263396.0,0.0176,17063700.0
2010-11-11,4.61,4.69,4.86,4.61,256131.0,0.0171,16760700.0
2010-11-12,4.69,4.43,4.97,4.32,582986.0,0.038900000000000004,37715300.0
2010-11-15,4.45,4.8,4.81,4.45,390705.0,0.026000000000000002,25160500.0
2010-11-16,4.82,4.92,5.13,4.77,983420.9999999999,0.06559999999999999,65983700.0
2010-11-17,4.82,4.96,5.22,4.79,1263200.0,0.0842,87165800.0
2010-11-18,4.87,5.09,5.14,4.84,432888.0,0.028900000000000002,29416500.0
2010-11-19,5.16,5.51,5.53,5.11,682359.0,0.0455,49233200.0
2010-11-22,5.54,5.68,5.84,5.43,699789.0,0.0467,52788900.0
2010-11-23,5.59,5.8,5.8,5.43,494099.0,0.0329,37116400.0
2010-11-24,5.78,5.75,6.0,5.73,521943.99999999994,0.0348,41030300.0
2010-11-25,5.68,5.47,5.78,5.44,687041.0,0.0458,51793300.0
2010-11-26,5.47,5.63,5.67,5.43,341859.0,0.022799999999999997,25724100.0
2010-11-29,5.63,5.55,5.65,5.52,283166.0,0.0189,21298000.0
2010-11-30,5.59,5.36,5.59,4.93,712122.0,0.0475,50365000.0
2010-12-01,5.12,5.41,5.5,5.09,593772.0,0.039599999999999996,42575800.0
2010-12-02,5.43,5.3,5.51,5.18,382839.0,0.0255,27444600.0
2010-12-03,5.18,5.06,5.28,5.03,278708.0,0.018600000000000002,19455100.0
2010-12-06,5.06,4.98,5.19,4.92,263980.0,0.0176,18206100.0
2010-12-07,4.98,5.14,5.26,4.92,400302.0,0.026699999999999998,27960400.0
2010-12-08,5.13,5.22,5.33,5.07,373083.0,0.024900000000000002,26586500.0
2010-12-09,5.21,5.11,5.3,5.06,197197.0,0.0131,13919900.0
2010-12-10,5.08,5.31,5.37,5.06,461106.00000000006,0.030699999999999998,33094100.0
2010-12-13,5.4,5.5,5.55,5.3,240519.0,0.016,17838500.0
2010-12-14,5.5,5.57,5.71,5.5,265276.0,0.0177,20116100.0
2010-12-15,5.57,5.43,5.57,5.39,201111.0,0.0134,14822000.0
2010-12-16,5.43,5.31,5.49,5.29,224426.00000000003,0.015,16417600.0
2010-12-17,5.31,5.13,5.31,5.1,713445.0,0.047599999999999996,50044300.0
2010-12-20,5.14,4.75,5.22,4.56,2120361.0,0.1414,138339100.0
2010-12-21,4.66,4.78,4.82,4.66,633169.0,0.042199999999999994,41191800.0
2010-12-23,4.71,4.57,4.72,4.57,671761.0,0.044800000000000006,42897800.0
2010-12-24,4.51,4.43,4.56,4.37,938387.9999999999,0.0626,57734600.0
2010-12-27,4.48,4.37,4.56,4.36,349195.0,0.0233,21511500.0
2010-12-28,4.34,4.38,4.4,4.31,229605.00000000003,0.015300000000000001,13877700.0
2010-12-29,4.36,4.47,4.5,4.36,232913.0,0.0155,14337400.0
2010-12-30,4.47,4.58,4.59,4.41,338534.0,0.0226,21168000.0
2010-12-31,4.58,4.73,4.73,4.55,395678.0,0.0264,25283000.0
2011-01-04,4.72,4.62,4.72,4.53,618930.0,0.041299999999999996,39233000.0
2011-01-05,4.61,4.43,4.61,4.4,590305.0,0.0394,36647400.0
2011-01-06,4.43,4.39,4.53,4.34,352734.0,0.0235,21654800.0
2011-01-07,4.39,4.31,4.43,4.29,527701.0,0.0352,31859699.999999996
2011-01-10,4.28,4.14,4.28,4.12,572875.0,0.0382,33593900.0
2011-01-11,4.15,3.95,4.21,3.91,525703.0,0.035,29712700.0
2011-01-12,3.96,4.07,4.07,3.95,393465.0,0.0262,22076700.0
2011-01-13,4.08,4.3,4.31,4.07,741945.0,0.0495,43783500.0
2011-01-14,4.28,3.93,4.28,3.91,622021.0,0.0415,35386000.0
2011-01-17,3.89,3.75,3.97,3.7,409576.0,0.0273,22129500.0
2011-01-18,3.75,3.89,3.94,3.7,318215.0,0.0212,17358700.0
2011-01-19,3.91,3.89,3.98,3.83,397950.0,0.0265,21794400.0
2011-01-20,3.89,3.66,3.89,3.64,484903.0,0.0323,25680600.0
2011-01-21,3.63,3.44,3.66,3.41,817414.0,0.0545,40943000.0
2011-01-24,3.49,3.52,3.66,3.46,952946.9999999999,0.0635,48457299.99999999
2011-01-25,3.52,3.39,3.57,3.29,578614.0,0.038599999999999995,27943600.0
2011-01-26,3.39,3.44,3.49,3.37,362595.0,0.0242,17876100.0
2011-01-27,3.41,3.49,3.52,3.34,301400.0,0.020099999999999996,14877400.0
2011-01-28,3.5,3.47,3.5,3.39,440772.99999999994,0.0294,21694200.0
2011-01-31,3.47,3.53,3.55,3.44,775961.0,0.051699999999999996,38871100.0
2011-02-01,3.54,3.47,3.54,3.4,497106.00000000006,0.0331,24488800.0
2011-02-09,3.41,3.44,3.53,3.41,287688.0,0.0192,14321400.000000002
2011-02-10,3.45,3.64,3.67,3.39,898178.0000000001,0.0599,45442200.0
2011-02-11,3.66,3.63,3.7,3.6,782661.0,0.027000000000000003,40706000.0
2011-02-14,3.68,3.75,3.78,3.65,929070.0000000001,0.0321,48638400.0
2011-02-15,3.75,3.71,3.78,3.69,794647.0,0.0274,41926300.0
2011-02-16,3.68,3.78,3.8,3.68,668579.0,0.0231,35392900.0
2011-02-17,3.82,3.76,3.82,3.72,614039.0,0.0212,32685000.0
2011-02-18,3.74,3.68,3.75,3.66,598533.0,0.0207,31308200.0
2011-02-21,3.66,3.75,3.76,3.64,669471.0,0.0231,35154800.0
2011-02-22,3.75,3.78,3.9,3.7,905853.0000000001,0.0313,48633800.0
2011-02-23,3.76,3.95,3.95,3.71,1054944.0,0.0364,57799900.0
2011-02-24,3.96,3.91,4.03,3.81,743845.0,0.025699999999999997,40969000.0
2011-02-25,3.89,3.82,3.91,3.78,706160.0,0.024399999999999998,38132900.0
2011-02-28,3.84,3.75,3.85,3.7,467863.0,0.0161,24756200.0
2011-03-01,3.75,3.72,3.77,3.7,550242.0,0.019,29097000.0
2011-03-02,3.72,3.73,3.74,3.64,473347.99999999994,0.0163,24775800.0
2011-03-03,3.7,3.59,3.74,3.59,356446.0,0.0123,18609300.0
2011-03-04,3.58,3.63,3.64,3.55,206634.0,0.0070999999999999995,10578599.999999998
2011-03-07,3.62,3.65,3.7,3.6,341715.0,0.0118,17666700.0
2011-03-08,3.67,3.65,3.67,3.58,276196.0,0.0095,14265400.0
2011-03-09,3.66,3.75,3.78,3.63,557583.0,0.0192,29445100.000000004
2011-03-10,3.76,3.86,3.91,3.74,1212769.0,0.04190000000000001,66094700.0
2011-03-11,3.83,3.94,3.99,3.83,1140803.0,0.0394,63265100.0
2011-03-14,4.23,4.15,4.26,4.08,1657246.0,0.0572,96312099.99999999
2011-03-15,4.14,4.33,4.34,3.99,1140757.0,0.0394,65848700.0
2011-03-16,4.33,4.34,4.42,4.24,1199406.0,0.0414,72001900.0
2011-03-17,4.35,4.25,4.35,4.14,619445.0,0.021400000000000002,36649100.0
2011-03-18,4.24,4.23,4.31,4.12,547194.0,0.0189,32030800.0
2011-03-21,4.25,4.06,4.25,4.06,298109.0,0.0103,17126400.0
2011-03-22,4.07,4.18,4.19,3.95,415999.0,0.0144,23651600.0
2011-03-23,4.15,4.09,4.17,4.05,224596.99999999997,0.0078000000000000005,12875300.0
2011-03-24,4.09,4.06,4.13,4.05,198858.0,0.0069,11357700.0
2011-03-25,4.08,4.01,4.08,3.98,379698.0,0.0131,21306200.0
2011-03-28,4.01,3.84,4.01,3.8,607870.0,0.021,33295100.000000004
2011-03-29,3.84,3.7,3.84,3.59,587649.0,0.0203,30689000.0
2011-03-30,3.7,3.76,3.82,3.67,351017.0,0.0121,18596800.0
2011-03-31,3.76,3.67,3.8,3.63,257921.99999999997,0.0089,13456400.000000002
2011-04-01,3.64,3.72,3.76,3.64,130829.0,0.0045000000000000005,6882200.0
2011-04-06,3.72,3.72,3.74,3.66,346041.0,0.011899999999999999,18145300.0
2011-04-07,3.72,3.81,3.83,3.72,241713.0,0.0083,12982300.0
2011-04-08,3.81,3.94,3.98,3.76,414543.99999999994,0.0143,22780800.0
2011-04-11,3.94,3.81,3.95,3.81,475421.0,0.016399999999999998,25807399.999999996
2011-04-12,3.74,3.58,3.78,3.49,983343.0,0.0339,50702600.0
2011-04-13,3.57,3.66,3.67,3.51,297413.0,0.0103,15328800.000000002
2011-04-14,3.69,3.61,3.69,3.56,284030.0,0.0098,14660300.0
2011-04-15,3.58,3.64,3.66,3.58,120483.99999999999,0.0042,6211500.0
2011-04-18,3.66,3.89,3.89,3.66,721583.0,0.024900000000000002,38476600.0
2011-04-19,3.88,4.06,4.06,3.8,871603.0000000001,0.0301,48554500.0
2011-04-20,4.07,3.97,4.09,3.92,279956.0,0.0097,15693800.000000002
2011-04-21,3.97,3.82,4.03,3.75,348791.0,0.012,19245700.0
2011-04-22,3.87,3.77,3.88,3.7,364489.0,0.0126,19383400.0
2011-04-25,3.7,3.64,3.8,3.62,363430.0,0.0125,18967800.0
2011-04-26,3.64,3.44,3.64,3.36,839498.0,0.028999999999999998,41292200.0
2011-04-27,3.44,3.39,3.48,3.35,326604.0,0.0113,15901400.000000002
2011-04-28,3.47,3.24,3.49,3.24,629696.0,0.0217,29875200.0
2011-04-29,3.24,3.28,3.29,3.21,246264.0,0.0085,11561199.999999998
2011-05-03,3.33,3.25,3.33,3.25,338736.0,0.011699999999999999,15972900.0
2011-05-04,3.25,3.15,3.26,3.15,313558.0,0.0108,14579300.0
2011-05-05,3.12,3.19,3.2,3.12,191021.0,0.0066,8794600.0
2011-05-06,3.17,3.34,3.34,3.1,363009.0,0.0125,16979600.0
2011-05-09,3.34,3.27,3.38,3.25,322194.0,0.0111,15332200.0
2011-05-10,3.27,3.21,3.29,3.18,252559.0,0.0087,11742200.0
2011-05-11,3.22,3.15,3.22,3.13,198853.0,0.0069,9138600.0
2011-05-12,3.13,3.18,3.2,3.1,160404.0,0.0055000000000000005,7389700.0
2011-05-13,3.18,3.22,3.23,3.17,140638.0,0.0049,6522200.0
2011-05-16,3.23,3.28,3.34,3.23,517282.0,0.0179,24673000.0
2011-05-17,3.33,3.23,3.36,3.21,116366.00000000001,0.004,5473500.0
2011-05-18,3.17,3.24,3.28,3.17,128446.0,0.0044,6034200.0
2011-05-19,3.29,3.25,3.29,3.21,60570.00000000001,0.0021,2843700.0
2011-05-20,3.23,3.28,3.29,3.18,339336.0,0.011699999999999999,16017200.0
2011-05-23,3.27,3.2,3.28,3.19,292086.0,0.0101,13625900.0
2011-05-24,3.09,3.35,3.57,3.08,463445.0,0.016,22444600.0
2011-05-25,3.34,3.27,3.35,3.18,249331.0,0.0086,11763400.0
2011-05-26,3.25,3.31,3.35,3.25,188301.0,0.006500000000000001,8962400.0
2011-05-27,3.31,3.35,3.37,3.15,643872.0,0.0222,30304699.999999996
2011-05-31,3.35,3.4,3.45,3.33,500627.00000000006,0.0173,24317500.0
2011-06-01,3.41,3.58,3.61,3.41,714024.0,0.0246,36097800.0
2011-06-02,3.56,3.56,3.61,3.44,547495.0,0.0189,27542600.000000004
2011-06-03,3.51,3.61,3.63,3.51,459352.00000000006,0.0159,23500600.0
2011-06-07,3.54,3.58,3.63,3.45,352371.0,0.012199999999999999,17872100.0
2011-06-08,3.51,3.55,3.56,3.46,353098.0,0.012199999999999999,17760100.0
2011-06-09,3.51,3.56,3.57,3.48,146387.0,0.0051,7351900.000000001
2011-06-10,3.5,3.49,3.53,3.38,387338.0,0.0134,19091000.0
2011-06-13,3.48,3.45,3.54,3.4,247292.0,0.0085,12227000.0
2011-06-14,3.45,3.49,3.53,3.45,240491.0,0.0083,12000400.0
2011-06-15,3.5,3.45,3.5,3.4,175093.0,0.006,8660000.0
2011-06-16,3.37,3.4,3.49,3.37,150658.0,0.0034999999999999996,4861900.0
2011-06-17,3.38,3.19,3.4,3.19,384735.0,0.0089,12051700.0
2011-06-20,3.17,3.2,3.26,3.13,275446.0,0.0063,8432100.0
2011-06-21,3.24,3.26,3.3,3.2,479195.0,0.011000000000000001,14814600.0
2011-06-22,3.2,3.22,3.27,3.2,113500.0,0.0026,3508500.0
2011-06-23,3.25,3.24,3.25,3.16,311949.0,0.0072,9626100.0
2011-06-24,3.25,3.38,3.43,3.22,497464.00000000006,0.011399999999999999,15729400.0
2011-06-27,3.39,3.41,3.46,3.38,161661.0,0.0037,5227900.0
2011-06-28,3.4,3.33,3.41,3.27,478497.99999999994,0.011000000000000001,15096700.0
2011-06-29,3.28,3.26,3.33,3.25,199777.0,0.0046,6256400.0
2011-06-30,3.22,3.29,3.31,3.21,219867.0,0.0051,6871500.0
2011-07-01,3.25,3.35,3.39,3.25,344143.0,0.0079,10876500.0
2011-07-04,3.4,3.39,3.41,3.33,501837.0,0.0115,16102000.0
2011-07-05,3.39,3.55,3.59,3.38,629576.0,0.014499999999999999,20953100.0
2011-07-06,3.55,3.66,3.66,3.52,572175.0,0.0132,19405700.0
2011-07-07,3.62,3.79,3.82,3.62,610526.0,0.013999999999999999,21352900.0
2011-07-08,3.78,3.68,3.9,3.65,786191.0,0.0181,27884100.0
2011-07-11,3.62,3.72,3.72,3.57,231714.0,0.0053,7884700.0
2011-07-12,3.62,3.58,3.73,3.58,231402.0,0.0053,7963700.0
2011-07-13,3.59,3.63,3.66,3.59,313950.0,0.0072,10699800.0
2011-07-14,3.64,3.69,3.69,3.61,321064.0,0.0074,10996900.0
2011-07-15,3.68,3.8,3.81,3.68,549979.0,0.0127,19295400.0
2011-07-18,3.81,3.78,3.84,3.77,494620.0,0.011399999999999999,17554400.0
2011-07-19,3.78,3.71,3.88,3.68,629219.0,0.014499999999999999,22068300.0
2011-07-20,3.71,3.76,3.83,3.68,428191.0,0.009899999999999999,14973000.0
2011-07-21,3.79,3.71,3.79,3.68,135409.0,0.0031,4726200.0
2011-07-22,3.71,3.93,3.95,3.71,958454.0000000001,0.022000000000000002,34635700.0
2011-07-25,3.93,3.78,3.98,3.74,775816.0,0.0178,27926100.0
2011-07-26,3.8,4.06,4.06,3.76,1560886.0,0.0359,57666400.0
2011-07-27,4.07,4.13,4.17,3.97,1463212.0,0.0337,55161899.99999999
2011-07-28,4.09,4.04,4.09,3.95,599091.0,0.0138,22448300.0
2011-07-29,4.04,4.14,4.26,4.03,751914.0,0.0173,28926100.0
2011-08-01,4.09,4.18,4.23,4.02,491616.0,0.0113,18853500.0
2011-08-02,4.2,4.21,4.23,4.14,492610.99999999994,0.0113,18987400.0
2011-08-03,4.19,4.26,4.33,4.16,1265053.0,0.0291,49673900.0
2011-08-04,4.27,4.24,4.32,4.2,425014.99999999994,0.0098,16615200.0
2011-08-05,4.11,4.25,4.28,4.03,853437.9999999999,0.0196,33249300.0
2011-08-08,4.14,4.1,4.22,3.9,1674778.0,0.0385,62847299.99999999
2011-08-09,3.99,4.07,4.15,3.77,1080672.0,0.024900000000000002,39556400.0
2011-08-10,4.1,4.01,4.14,3.92,1033817.0,0.023799999999999998,38327300.0
2011-08-11,3.84,4.09,4.15,3.84,588859.0,0.013500000000000002,22129400.0
2011-08-12,4.09,4.18,4.28,4.09,610594.0,0.013999999999999999,23652500.0
2011-08-15,4.18,4.38,4.44,4.18,830081.0,0.0191,33202399.999999996
2011-08-16,4.38,4.31,4.43,4.31,473203.0,0.0109,19006300.0
2011-08-17,4.27,4.4,4.44,4.27,446318.0,0.0103,17889500.0
2011-08-18,4.44,4.24,4.44,4.22,323374.0,0.0074,12788400.0
2011-08-19,4.11,4.28,4.31,4.11,568416.0,0.0131,21823000.0
2011-08-22,4.28,4.27,4.33,4.23,254700.0,0.0059,10055500.0
2011-08-23,4.47,4.31,4.47,4.28,460489.00000000006,0.0106,18427500.0
2011-08-24,4.3,4.23,4.36,4.13,868998.0,0.02,33812900.0
2011-08-25,4.25,4.23,4.25,4.14,495231.00000000006,0.011399999999999999,19099000.0
2011-08-26,4.23,4.23,4.28,4.19,224367.0,0.0052,8726800.0
2011-08-29,4.47,4.23,4.47,4.18,459034.0,0.0106,18130500.0
2011-08-30,4.2,4.08,4.26,4.07,512800.0,0.0118,19700300.0
2011-08-31,4.03,3.99,4.06,3.96,489979.0,0.0113,18138600.0
2011-09-01,4.01,4.02,4.05,3.95,208817.99999999997,0.0048,7726799.999999999
2011-09-02,4.04,3.99,4.04,3.93,181225.0,0.0042,6680200.0
2011-09-05,3.93,3.83,3.97,3.83,243065.0,0.005600000000000001,8795200.0
2011-09-06,3.81,3.86,3.94,3.8,297877.0,0.0069,10765000.0
2011-09-07,3.96,3.9,3.96,3.86,216915.0,0.005,7881000.0
2011-09-08,3.92,3.99,4.1,3.9,453926.0,0.0104,16856800.0
2011-09-09,3.96,3.91,4.0,3.86,335001.0,0.0077,12158599.999999998
2011-09-13,3.9,3.8,3.9,3.74,199533.0,0.0046,7048400.0
2011-09-14,3.81,3.85,3.85,3.79,118424.0,0.0027,4217100.0
2011-09-15,3.84,3.84,3.89,3.83,92243.0,0.0021,3314000.0
2011-09-16,3.89,3.85,3.89,3.79,132600.0,0.0031,4749900.0
2011-09-19,3.84,3.77,3.85,3.77,116800.0,0.0027,4149500.0
2011-09-20,3.74,3.78,3.81,3.73,152576.0,0.0034999999999999996,5396700.0
2011-09-21,3.75,3.87,3.89,3.75,359605.0,0.0083,12815700.0
2011-09-22,3.83,3.77,3.85,3.77,176682.0,0.0040999999999999995,6291300.0
2011-09-23,3.74,3.63,3.74,3.59,282698.0,0.006500000000000001,9694500.0
2011-09-26,3.68,3.52,3.68,3.45,220100.0,0.0051,7394100.0
2011-09-27,3.6,3.5,3.6,3.47,430706.00000000006,0.009899999999999999,14246000.0
2011-09-28,3.44,3.47,3.6,3.44,76600.0,0.0018,2522000.0
2011-09-29,3.47,3.47,3.55,3.43,396958.0,0.0091,13186400.000000002
2011-09-30,3.48,3.52,3.55,3.4,201705.0,0.0046,6593700.0
2011-10-10,3.54,3.51,3.54,3.48,50565.0,0.0012,1673899.9999999998
2011-10-11,3.68,3.51,3.68,3.44,120020.0,0.0028000000000000004,3959300.0
2011-10-12,3.45,3.67,3.72,3.44,272721.0,0.0063,9284100.0
2011-10-13,3.63,3.76,3.77,3.63,393319.0,0.009000000000000001,13723000.0
2011-10-14,3.74,3.82,3.91,3.68,314071.0,0.0072,11251000.0
2011-10-17,3.84,3.84,3.89,3.79,375849.0,0.0086,13463100.0
2011-10-18,3.79,3.75,3.85,3.75,123052.0,0.0028000000000000004,4377400.0
2011-10-19,3.7,3.74,3.78,3.7,55675.0,0.0013,1953000.0
2011-10-20,3.7,3.66,3.74,3.53,163900.0,0.0038,5572800.0
2011-10-21,3.66,3.59,3.66,3.55,92350.0,0.0021,3106400.0
2011-10-24,3.53,3.63,3.63,3.53,435455.0,0.01,14673599.999999998
2011-10-25,3.62,3.74,3.79,3.62,375035.0,0.0086,13060800.0
2011-10-26,3.74,3.73,3.84,3.73,209125.0,0.0048,7411700.0
2011-10-27,3.73,3.78,3.83,3.73,149485.0,0.0034000000000000002,5283099.999999999
2011-10-28,3.83,3.86,4.17,3.79,411399.0,0.0095,14869500.0
2011-10-31,3.88,3.91,3.96,3.86,491397.99999999994,0.0113,17836400.0
2011-11-01,3.87,3.83,3.9,3.82,337089.0,0.0078000000000000005,12100000.0
2011-11-02,3.79,3.88,3.9,3.69,505860.99999999994,0.0116,17835900.0
2011-11-03,3.85,3.95,4.02,3.81,759630.0,0.0175,27858300.0
2011-11-04,3.91,3.94,4.01,3.91,193387.0,0.0044,7125900.0
2011-11-07,3.9,3.87,3.93,3.87,177375.0,0.0040999999999999995,6426500.0
2011-11-08,3.94,3.84,3.94,3.83,135684.0,0.0031,4868200.0
2011-11-09,3.84,3.86,3.92,3.83,238300.0,0.0055000000000000005,8580400.0
2011-11-10,3.86,3.94,3.96,3.8,481351.0,0.0111,17397100.0
2011-11-11,3.96,3.93,3.96,3.89,421025.0,0.0097,15389700.0
2011-11-14,3.93,4.1,4.12,3.93,778854.0,0.0179,29319500.0
2011-11-15,4.1,4.18,4.2,4.03,871565.0,0.020099999999999996,33294300.0
2011-11-16,4.18,4.1,4.18,4.05,369442.0,0.0085,13994100.0
2011-11-17,4.01,4.13,4.13,4.01,553270.0,0.0127,20993500.0
2011-11-18,4.12,3.94,4.13,3.86,749702.0,0.0172,27404000.0
2011-11-21,3.91,3.89,3.92,3.82,140534.0,0.0032,5056800.0
2011-11-22,3.89,3.9,3.91,3.82,146041.0,0.0034000000000000002,5260300.0
2011-11-23,3.96,3.89,3.97,3.88,81377.0,0.0019,2958800.0
2011-11-24,3.85,3.9,3.93,3.85,185822.0,0.0043,6734200.0
2011-11-25,3.93,3.91,3.93,3.85,301766.0,0.0069,10964400.0
2011-11-28,3.91,3.86,3.94,3.82,363010.0,0.0084,13089300.0
2011-11-29,3.9,3.86,3.9,3.81,370017.0,0.0085,13237900.0
2011-11-30,3.85,3.75,3.87,3.69,362052.0,0.0083,12727000.0
2011-12-01,3.83,3.8,3.86,3.74,371837.0,0.0086,13206700.0
2011-12-02,3.76,3.65,3.76,3.54,435614.99999999994,0.01,14840600.0
2011-12-05,3.65,3.59,3.68,3.57,319495.0,0.0074,10821700.0
2011-12-06,3.64,3.56,3.64,3.51,267530.0,0.0062,8991000.0
2011-12-07,3.59,3.62,3.62,3.55,228267.0,0.0053,7739900.0
2011-12-08,3.73,3.66,3.73,3.59,156209.0,0.0036,5349200.0
2011-12-09,3.63,3.62,3.67,3.58,163130.0,0.0038,5555400.0
2011-12-12,3.6,3.56,3.62,3.53,130952.0,0.003,4411700.0
2011-12-13,3.53,3.4,3.53,3.33,484343.0,0.0111,15601099.999999998
2011-12-14,3.36,3.2,3.42,3.0,627580.0,0.0144,19339300.0
2011-12-15,3.17,3.04,3.19,3.02,326071.0,0.0075,9661300.0
2011-12-16,3.05,3.05,3.05,2.88,430650.0,0.009899999999999999,12412800.0
2011-12-19,3.05,2.99,3.05,2.89,375902.0,0.0086,10715100.0
2011-12-20,3.03,2.95,3.04,2.94,330288.0,0.0076,9510700.0
2011-12-21,3.0,2.94,3.03,2.93,317840.0,0.0073,9159700.0
2011-12-22,2.93,2.91,2.95,2.8,532253.0,0.012199999999999999,14818200.0
2011-12-23,2.91,2.92,2.97,2.84,191751.0,0.0044,5387500.0
2011-12-26,2.94,2.9,2.94,2.82,130959.99999999999,0.003,3699600.0
2011-12-27,2.9,2.75,2.9,2.73,332245.0,0.0076,9012500.0
2011-12-28,2.73,2.78,2.8,2.68,351289.0,0.008100000000000001,9518400.0
2011-12-29,2.75,2.75,2.86,2.71,664460.0,0.015300000000000001,18011900.0
2011-12-30,2.79,2.75,2.79,2.71,638929.0,0.0147,17147200.0
2012-01-04,2.78,2.75,2.79,2.74,153412.0,0.0034999999999999996,4168399.9999999995
2012-01-05,2.74,2.62,2.74,2.56,342809.0,0.0079,8980100.0
2012-01-06,2.59,2.56,2.65,2.47,367881.0,0.0085,9287900.0
2012-01-09,2.56,2.72,2.74,2.53,423467.0,0.0097,11131300.000000002
2012-01-10,2.76,2.92,2.93,2.66,654327.0,0.0151,18197700.0
2012-01-11,2.92,2.91,2.93,2.85,467602.00000000006,0.0108,13210700.0
2012-01-12,2.91,2.84,2.91,2.84,211300.0,0.0049,5908600.0
2012-01-13,2.8,2.61,2.88,2.52,457864.99999999994,0.0105,12032300.0
2012-01-16,2.35,2.39,2.57,2.35,404424.0,0.009300000000000001,10077400.0
2012-01-17,2.4,2.6,2.62,2.4,669070.0,0.0154,16675200.0
2012-01-18,2.6,2.48,2.6,2.45,368986.0,0.0085,9179800.0
2012-01-19,2.41,2.55,2.6,2.37,739783.0,0.017,18065000.0
2012-01-20,2.56,2.54,2.59,2.45,151821.0,0.0034999999999999996,3830600.0
2012-01-30,2.53,2.6,2.63,2.51,244436.0,0.005600000000000001,6269100.0
2012-01-31,2.63,2.66,2.69,2.56,189172.0,0.0044,4894600.0
2012-02-01,2.68,2.7,2.77,2.63,425430.0,0.0098,11425400.0
2012-02-02,2.67,2.7,2.71,2.63,225330.00000000003,0.0052,5906300.0
2012-02-03,2.66,2.72,2.76,2.63,243761.0,0.005600000000000001,6466900.000000001
2012-02-06,2.71,2.72,2.78,2.71,230821.99999999997,0.0053,6210300.0
2012-02-07,2.69,2.58,2.69,2.57,384722.0,0.0089,9932100.0
2012-02-08,2.58,2.73,2.73,2.57,482012.0,0.0111,12629300.0
2012-02-09,2.73,2.75,2.87,2.73,452757.0,0.0104,12339200.0
2012-02-10,2.77,2.81,2.81,2.64,391990.0,0.009000000000000001,10582400.0
2012-02-13,2.77,2.91,2.94,2.73,498301.0,0.0115,13817500.0
2012-02-14,2.91,2.87,2.93,2.84,204201.0,0.004699999999999999,5706799.999999999
2012-02-15,2.85,2.93,2.93,2.83,355271.0,0.008199999999999999,9931400.0
2012-02-16,2.92,2.86,2.97,2.85,348708.0,0.008,9840700.0
2012-02-17,2.88,2.84,2.98,2.8,281550.0,0.006500000000000001,7811000.0
2012-02-20,2.87,2.81,2.88,2.75,340883.0,0.0078000000000000005,9407600.0
2012-02-21,2.78,2.9,2.93,2.74,441543.0,0.0102,12181199.999999998
2012-02-22,2.93,3.01,3.02,2.9,583837.0,0.0134,16732800.0
2012-02-23,3.0,3.12,3.14,2.98,732328.0,0.0168,21593800.0
2012-02-24,3.11,3.09,3.15,3.07,473114.00000000006,0.0109,14153500.0
2012-02-27,3.08,3.09,3.19,3.06,503168.0,0.0116,15069600.0
2012-02-28,3.04,3.0,3.1,2.97,533674.0,0.0123,15483599.999999998
2012-02-29,3.0,3.05,3.05,2.97,411693.0,0.0095,11953699.999999998
2012-03-01,3.01,3.06,3.08,3.01,161560.0,0.0037,4746800.0
2012-03-02,3.1,3.1,3.11,3.04,90374.0,0.0021,2678399.9999999995
2012-03-05,3.12,3.06,3.12,3.04,221821.0,0.0051,6557200.0
2012-03-06,3.06,3.02,3.06,2.95,231802.0,0.0053,6712000.0
2012-03-07,2.93,3.03,3.08,2.89,189068.0,0.0044,5515100.0
2012-03-08,2.99,3.12,3.16,2.99,241461.0,0.005600000000000001,7187000.0
2012-03-09,3.14,3.17,3.18,3.11,240541.0,0.0055000000000000005,7277400.0
2012-03-12,3.2,3.33,3.36,3.2,449306.00000000006,0.0103,14149000.0
2012-03-13,3.3,3.63,3.73,3.3,1303840.0,0.03,44610500.0
2012-03-14,3.74,3.49,3.74,3.45,801222.0,0.0184,27287700.0
2012-03-15,3.5,3.53,3.7,3.46,585577.0,0.013500000000000002,19736100.0
2012-03-16,3.51,3.47,3.6,3.43,489812.0,0.0113,16115500.0
2012-03-19,3.47,3.5,3.54,3.41,262596.0,0.006,8604600.0
2012-03-20,3.5,3.41,3.53,3.39,162337.0,0.0037,5263700.0
2012-03-21,3.41,3.33,3.44,3.23,341828.0,0.0079,10819500.0
2012-03-22,3.23,3.29,3.32,3.23,207605.00000000003,0.0048,6464299.999999999
2012-03-23,3.25,3.22,3.28,3.19,155700.0,0.0036,4798300.0
2012-03-26,3.21,3.25,3.29,3.17,155664.0,0.0036,4827000.0
2012-03-27,3.26,3.22,3.3,3.2,127664.00000000001,0.0029,3943200.0
2012-03-28,3.19,3.07,3.22,3.02,435672.99999999994,0.01,12903400.0
2012-03-29,3.0,3.06,3.12,2.94,208719.99999999997,0.0048,6125500.0
2012-03-30,3.02,3.01,3.04,2.96,119379.0,0.0027,3452300.0
2012-04-05,2.97,3.01,3.05,2.97,354435.0,0.008199999999999999,10338000.0
2012-04-06,3.04,2.99,3.05,2.96,496350.0,0.011399999999999999,14417700.0
2012-04-09,3.0,2.88,3.03,2.88,426700.0,0.0098,12313000.0
2012-04-10,2.85,2.83,2.92,2.71,413654.0,0.0095,11299100.0
2012-04-11,2.82,2.77,2.82,2.72,522008.0,0.012,14140700.0
2012-04-12,2.86,2.88,2.92,2.77,319927.0,0.0074,8906600.0
2012-04-13,2.93,3.02,3.12,2.9,464916.0,0.010700000000000001,13573400.0
2012-04-16,3.02,2.95,3.02,2.95,196497.0,0.0045000000000000005,5666200.0
2012-04-17,2.95,2.92,2.99,2.89,135189.0,0.0031,3861700.0
2012-04-18,2.93,3.02,3.06,2.92,139930.0,0.0032,4050700.0
2012-04-19,3.02,3.0,3.05,2.99,170470.0,0.0039000000000000003,4951700.0
2012-04-20,3.0,3.05,3.09,2.98,130996.0,0.003,3820299.9999999995
2012-04-23,3.0,2.93,3.0,2.83,292036.0,0.0067,8293600.0
2012-04-24,2.88,2.78,2.92,2.77,269332.0,0.0062,7412500.0
2012-04-25,2.78,2.79,2.83,2.77,119805.0,0.0028000000000000004,3273000.0
2012-04-26,2.77,2.8,2.82,2.77,127085.99999999999,0.0029,3477900.0
2012-04-27,2.8,2.81,2.82,2.79,149062.0,0.0034000000000000002,4084600.0
2012-05-02,2.86,2.9,2.94,2.81,244898.99999999997,0.005600000000000001,6880100.0
2012-05-03,2.93,2.88,2.93,2.85,171968.0,0.004,4805400.0
2012-05-04,2.87,2.95,2.96,2.87,125618.0,0.0029,3574300.0
2012-05-07,2.94,3.01,3.01,2.91,224905.00000000003,0.0052,6466000.0
2012-05-08,3.02,3.1,3.12,2.98,593499.0,0.0137,17622400.0
2012-05-09,3.09,3.06,3.09,3.03,168103.0,0.0039000000000000003,4940000.0
2012-05-10,3.06,3.11,3.12,3.04,203508.0,0.004699999999999999,6020900.0
2012-05-11,3.07,3.15,3.28,3.06,329641.0,0.0076,10067600.0
2012-05-14,3.2,3.12,3.2,3.09,176602.0,0.0040999999999999995,5306300.0
2012-05-15,3.08,3.06,3.11,3.04,218179.0,0.005,6423300.0
2012-05-16,3.06,3.06,3.09,3.03,189280.0,0.0044,5591200.0
2012-05-17,3.05,3.1,3.12,3.01,99540.0,0.0023,2940400.0
2012-05-18,3.04,3.04,3.11,2.99,102648.0,0.0024,3024900.0
2012-05-21,3.04,2.95,3.07,2.95,230700.0,0.0053,6690900.0
2012-05-22,3.01,2.97,3.01,2.92,194086.0,0.0045000000000000005,5555100.0
2012-05-23,2.97,3.03,3.03,2.96,88874.0,0.002,2569700.0000000005
2012-05-24,3.04,3.17,3.2,3.02,534940.0,0.0123,16116400.000000002
2012-05-25,3.19,3.15,3.19,3.13,374290.0,0.0086,11317900.0
2012-05-28,3.18,3.16,3.19,3.1,274851.0,0.0063,8310700.000000001
2012-05-29,3.16,3.23,3.31,3.1,401566.0,0.0092,12322100.0
2012-05-30,3.24,3.26,3.34,3.17,222798.0,0.0051,6990000.0
2012-05-31,3.35,3.47,3.57,3.3,857523.0,0.0197,28181800.0
2012-06-01,3.43,3.41,3.49,3.36,493270.0,0.0113,15977400.0
2012-06-04,3.37,3.35,3.45,3.32,386300.0,0.0089,12411700.0
2012-06-05,3.37,3.31,3.4,3.26,232994.0,0.0054,7347900.0
2012-06-06,3.31,3.28,3.35,3.24,186526.0,0.0043,5869100.0
2012-06-07,3.32,3.27,3.35,3.22,142812.0,0.0033,4468700.0
2012-06-08,3.32,3.28,3.34,3.2,217600.0,0.005,6793099.999999999
2012-06-11,3.32,3.37,3.38,3.25,172088.0,0.004,5450700.000000001
2012-06-12,3.34,3.36,3.43,3.32,241827.0,0.005600000000000001,7724400.000000001
2012-06-13,3.38,3.49,3.52,3.35,239041.0,0.0055000000000000005,7829400.000000001
2012-06-14,3.51,3.44,3.55,3.43,204881.0,0.004699999999999999,6713099.999999999
2012-06-15,3.44,3.39,3.49,3.36,258171.0,0.0059,8325800.0
2012-06-18,3.44,3.63,3.63,3.44,594077.0,0.0137,20048000.0
2012-06-19,3.63,3.64,3.73,3.57,480339.99999999994,0.0111,16465900.0
2012-06-20,3.7,3.59,3.7,3.59,271740.0,0.0063,9236600.0
2012-06-21,3.6,3.68,3.72,3.48,645687.0,0.009899999999999999,14433500.0
2012-06-25,3.65,3.6,3.78,3.54,634376.0,0.0097,14355000.0
2012-06-26,3.6,3.52,3.63,3.42,508325.0,0.0078000000000000005,11074900.0
2012-06-27,3.59,3.52,3.59,3.49,354661.0,0.0054,7760800.0
2012-06-28,3.52,3.47,3.52,3.4,351480.0,0.0054,7555700.000000001
2012-06-29,3.47,3.63,3.64,3.43,294279.0,0.0045000000000000005,6480900.0
2012-07-02,3.64,3.65,3.72,3.58,381954.0,0.0059,8609800.0
2012-07-03,3.68,3.65,3.72,3.63,694973.0,0.010700000000000001,15768699.999999998
2012-07-04,3.65,3.58,3.71,3.58,305136.0,0.004699999999999999,6890300.0
2012-07-05,3.63,3.45,3.63,3.45,234217.0,0.0036,5103100.0
2012-07-06,3.42,3.5,3.53,3.36,431042.0,0.0066,9263900.0
2012-07-09,3.49,3.45,3.49,3.38,352596.0,0.0054,7517800.0
2012-07-10,3.51,3.33,3.51,3.33,194777.0,0.003,4129000.0
2012-07-11,3.33,3.39,3.4,3.29,163805.0,0.0025,3426700.0
2012-07-12,3.44,3.45,3.52,3.4,265580.0,0.0040999999999999995,5729600.0
2012-07-13,3.39,3.33,3.45,3.32,530719.0,0.008100000000000001,11147700.0
2012-07-16,3.32,3.06,3.34,2.99,518825.0,0.008,10384700.0
2012-07-17,3.06,3.0,3.06,2.97,267723.0,0.0040999999999999995,5127400.0
2012-07-18,3.04,3.03,3.06,2.97,299357.0,0.0046,5755100.0
2012-07-19,3.07,3.1,3.17,3.03,335600.0,0.0051,6550000.0
2012-07-20,3.1,3.06,3.11,3.05,216371.0,0.0033,4195100.0
2012-07-23,3.01,3.06,3.13,3.0,162580.0,0.0025,3166900.0
2012-07-24,3.07,3.08,3.1,3.02,107936.99999999999,0.0017000000000000001,2099400.0
2012-07-25,3.08,3.22,3.26,3.08,356070.0,0.0055000000000000005,7198300.0
2012-07-26,3.17,3.16,3.24,3.15,180760.0,0.0028000000000000004,3639100.0000000005
2012-07-27,3.17,3.12,3.17,3.09,149958.0,0.0023,2964700.0000000005
2012-07-30,3.11,3.14,3.23,3.11,198160.0,0.003,3969300.0
2012-07-31,3.1,3.13,3.23,3.08,160119.0,0.0025,3170200.0
2012-08-01,3.07,3.17,3.2,3.07,175329.0,0.0027,3490299.9999999995
2012-08-02,3.2,3.16,3.2,3.13,164207.0,0.0025,3272000.0
2012-08-03,3.2,3.16,3.2,3.13,360505.0,0.0055000000000000005,7190200.0
2012-08-06,3.2,3.38,3.39,3.15,823470.0000000001,0.0126,17002400.0
2012-08-07,3.38,3.47,3.54,3.36,675762.0,0.0104,14673500.0
2012-08-08,3.44,3.5,3.51,3.42,355657.0,0.0055000000000000005,7697900.0
2012-08-09,3.49,3.57,3.57,3.47,424964.99999999994,0.006500000000000001,9268600.0
2012-08-10,3.6,3.77,3.88,3.5,1001400.0,0.0154,22950300.000000004
2012-08-13,3.74,3.75,3.87,3.68,1075154.0,0.0165,24940500.0
2012-08-14,3.75,3.7,3.76,3.6,1131037.0,0.0173,25682199.999999996
2012-08-15,3.74,3.73,3.89,3.67,842334.0,0.0129,19725500.0
2012-08-16,3.74,3.61,3.77,3.6,652082.0,0.01,14795000.0
2012-08-17,3.67,3.78,3.84,3.67,1413854.0,0.0217,32823300.0
2012-08-20,3.78,3.93,4.02,3.71,1138829.0,0.0175,27234300.0
2012-08-21,4.01,3.95,4.01,3.9,802346.0,0.0123,19371900.0
2012-08-22,3.95,4.04,4.1,3.95,880918.0,0.013500000000000002,21718400.0
2012-08-23,4.06,4.03,4.06,3.97,495113.0,0.0076,12122000.0
2012-08-24,4.01,4.21,4.3,4.01,1538603.0,0.0236,39375800.0
2012-08-27,4.25,4.26,4.37,4.14,1455888.0,0.0223,37612700.0
2012-08-28,4.24,4.1,4.26,4.05,1407760.0,0.0216,35707100.0
2012-08-29,4.12,4.05,4.15,4.02,1302545.0,0.02,32516700.0
2012-08-30,4.07,3.92,4.07,3.84,2006003.0,0.0308,48299100.0
2012-08-31,3.91,3.95,4.0,3.85,859796.9999999999,0.0132,20674899.999999996
2012-09-03,3.91,4.13,4.16,3.91,1206078.0,0.018500000000000003,30006000.0
2012-09-04,4.13,4.12,4.15,4.05,557232.0,0.0085,13903000.0
2012-09-05,4.07,4.1,4.19,3.95,1040677.0,0.016,25934000.0
2012-09-06,4.13,4.13,4.14,4.04,572834.0,0.0088,14270700.0
2012-09-07,4.12,4.25,4.27,4.12,1008728.0000000001,0.0155,25787500.0
2012-09-10,4.31,4.52,4.56,4.25,1313700.0,0.020099999999999996,35171400.0
2012-09-11,4.54,4.42,4.57,4.38,1319823.0,0.0202,35545100.0
2012-09-12,4.4,4.41,4.52,4.4,590341.0,0.0091,15890900.0
2012-09-13,4.41,4.21,4.41,4.15,2462568.0,0.0378,63135200.00000001
2012-09-14,4.24,4.25,4.3,4.17,710102.0,0.0109,18286800.0
2012-09-17,4.25,4.15,4.29,4.12,371625.0,0.005699999999999999,9520200.0
2012-09-18,4.11,4.13,4.19,4.1,229946.0,0.0034999999999999996,5798800.0
2012-09-19,4.21,4.26,4.27,4.1,613042.0,0.009399999999999999,15604900.0
2012-09-20,4.25,4.25,4.34,4.22,953962.9999999999,0.0146,24794899.999999996
2012-09-21,4.3,4.09,4.32,4.06,1250709.0,0.0192,31655400.0
2012-09-24,3.96,4.15,4.21,3.92,887518.0,0.013600000000000001,22023800.0
2012-09-25,4.15,4.06,4.15,4.01,583044.0,0.0089,14460400.0
2012-09-26,4.09,3.85,4.09,3.79,575222.0,0.0088,13878100.0
2012-09-27,3.78,3.82,3.93,3.76,896017.0,0.0137,21314400.0
2012-09-28,3.82,4.08,4.09,3.78,1308682.0,0.020099999999999996,31609400.0
2012-10-08,4.08,4.1,4.13,4.04,494543.99999999994,0.0076,12315000.0
2012-10-09,4.1,4.26,4.26,4.1,593684.0,0.0091,15173500.0
2012-10-10,4.24,4.45,4.52,4.24,1460892.0,0.022400000000000003,39233600.0
2012-10-11,4.4,4.45,4.56,4.37,926659.0,0.014199999999999999,25012800.000000004
2012-10-12,4.47,4.36,4.5,4.29,529200.0,0.008100000000000001,14059800.0
2012-10-15,4.39,4.21,4.39,4.06,804076.0,0.0123,20522399.999999996
2012-10-16,4.2,4.42,4.47,4.13,817887.0,0.0125,21697399.999999996
2012-10-17,4.42,4.45,4.5,4.42,500825.0,0.0077,13497300.0
2012-10-18,4.45,4.46,4.48,4.4,780204.0,0.012,20944899.999999996
2012-10-19,4.41,4.39,4.47,4.32,332450.0,0.0051,8822400.0
2012-10-22,4.28,4.34,4.42,4.28,487726.0,0.0075,12812300.0
2012-10-23,4.29,4.47,4.5,4.29,789184.0,0.0121,21071300.0
2012-10-24,4.41,4.69,4.77,4.4,1392893.0,0.021400000000000002,38850400.0
2012-10-25,4.67,4.61,4.8,4.59,632015.0,0.0097,17833500.0
2012-10-26,4.57,4.54,4.68,4.49,420714.00000000006,0.006500000000000001,11594500.0
2012-10-29,4.55,4.6,4.65,4.51,423400.0,0.006500000000000001,11745900.0
2012-10-30,4.65,4.57,4.65,4.53,277004.0,0.0042,7645100.0
2012-10-31,4.59,4.56,4.65,4.47,484730.0,0.0074,13282600.0
2012-11-01,4.56,4.61,4.61,4.5,683557.0,0.0105,18798300.0
2012-11-02,4.6,4.58,4.65,4.5,384077.0,0.0059,10587600.0
2012-11-05,4.57,4.21,4.6,4.08,2269040.0,0.0348,58034900.0
2012-11-06,4.12,4.28,4.34,4.11,887594.0,0.013600000000000001,22987100.0
2012-11-07,4.38,4.29,4.38,4.23,295522.0,0.0045000000000000005,7726300.0
2012-11-08,4.29,4.23,4.29,4.19,212642.99999999997,0.0033,5465800.0
2012-11-09,4.0,4.24,4.26,4.0,284314.0,0.0044,7323099.999999999
2012-11-12,4.21,4.25,4.31,4.18,86042.0,0.0013,2213300.0
2012-11-13,4.25,4.19,4.29,4.15,137863.0,0.0021,3515200.0
2012-11-14,4.19,4.1,4.19,4.09,96801.0,0.0015,2432700.0
2012-11-15,4.05,3.98,4.1,3.93,226736.0,0.0034999999999999996,5557800.0
2012-11-16,3.96,4.03,4.05,3.89,173849.0,0.0027,4265400.0
2012-11-19,3.99,4.04,4.04,3.95,125532.0,0.0019,3074400.0
2012-11-20,4.02,4.07,4.1,4.01,190251.0,0.0029,4739000.0
2012-11-21,4.08,4.13,4.19,3.96,199199.0,0.0031,4930400.0
2012-11-22,4.1,4.03,4.15,4.02,86748.0,0.0013,2161200.0
2012-11-23,4.02,4.06,4.09,4.02,120251.0,0.0018,2986500.0
2012-11-26,4.0,3.97,4.06,3.97,116500.0,0.0018,2851100.0
2012-11-27,3.93,3.91,4.06,3.88,297465.0,0.0046,7232300.0
2012-11-28,3.85,3.8,3.88,3.69,421214.99999999994,0.006500000000000001,9844600.0
2012-11-29,3.78,3.8,3.85,3.73,276681.0,0.0042,6470300.0
2012-11-30,3.8,3.81,3.95,3.78,614940.0,0.009399999999999999,14526600.0
2012-12-03,3.82,3.8,3.9,3.65,641222.0,0.0098,15113599.999999998
2012-12-04,3.8,3.78,3.82,3.71,358744.0,0.0055000000000000005,8297900.0
2012-12-05,3.78,4.0,4.0,3.75,805450.0,0.0124,19217900.0
2012-12-06,3.99,3.96,4.01,3.92,202810.0,0.0031,4933800.0
2012-12-07,3.91,4.04,4.04,3.91,238413.0,0.0037,5843500.0
2012-12-10,4.05,4.08,4.13,3.99,448947.0,0.0069,11085000.0
2012-12-11,4.05,4.08,4.11,4.04,208538.0,0.0032,5204400.000000001
2012-12-12,4.06,4.12,4.15,4.01,304140.0,0.004699999999999999,7562200.0
2012-12-13,4.07,4.1,4.13,4.02,231650.0,0.0036,5761700.0
2012-12-14,4.14,4.21,4.22,4.04,985921.9999999999,0.0151,24883500.0
2012-12-17,4.27,4.12,4.27,4.12,717194.0,0.011000000000000001,18106500.0
2012-12-18,4.18,4.09,4.18,4.01,303190.0,0.004699999999999999,7557800.0
2012-12-19,4.01,4.09,4.1,3.99,380086.0,0.0058,9419800.0
2012-12-20,4.1,4.02,4.1,3.94,371438.0,0.005699999999999999,9086500.0
2012-12-21,4.0,4.06,4.09,3.96,552947.0,0.0085,13593000.0
2012-12-24,4.05,4.1,4.12,4.02,326337.0,0.005,8080900.0
2012-12-25,4.12,4.32,4.34,4.1,630707.0,0.0097,16287300.0
2012-12-26,4.32,4.32,4.34,4.26,236400.0,0.0036,6159000.0
2012-12-27,4.34,4.25,4.39,4.22,497309.0,0.0076,12926600.0
2012-12-28,4.3,4.3,4.32,4.15,365568.0,0.005600000000000001,9467300.0
2012-12-31,4.26,4.43,4.46,4.2,1129468.0,0.0173,29630600.0
2013-01-04,4.47,4.32,4.52,4.25,626308.0,0.0096,16399300.0
2013-01-07,4.36,4.31,4.36,4.27,418454.0,0.0064,10921800.0
2013-01-08,4.31,4.5,4.55,4.28,833756.0,0.0128,22291600.0
2013-01-09,4.51,4.52,4.68,4.45,712991.0,0.0109,19715900.0
2013-01-10,4.52,4.55,4.6,4.49,395046.0,0.0060999999999999995,10847100.0
2013-01-11,4.55,4.45,4.62,4.29,607599.0,0.009300000000000001,16609100.0
2013-01-14,4.45,4.7,4.72,4.42,589700.0,0.009000000000000001,16420000.0
2013-01-15,4.62,4.78,4.86,4.62,1338144.0,0.020499999999999997,38000100.0
2013-01-16,4.82,4.79,4.97,4.77,905012.0000000001,0.0139,26420700.0
2013-01-17,4.75,4.8,4.84,4.73,877604.0000000001,0.013500000000000002,25187800.000000004
2013-01-18,4.8,4.9,4.93,4.8,564261.0,0.0087,16470600.0
2013-01-21,4.9,5.04,5.12,4.9,721553.0,0.0111,21662300.0
2013-01-22,5.03,4.84,5.06,4.77,1042111.0,0.016,30879200.0
2013-01-23,4.87,4.72,4.87,4.65,890740.0,0.0137,25519400.0
2013-01-24,4.75,4.73,4.84,4.6,866468.0,0.013300000000000001,24489699.999999996
2013-01-25,4.73,4.79,4.79,4.7,392235.0,0.006,11148100.0
2013-01-28,4.82,4.95,4.96,4.82,928125.0,0.014199999999999999,27265300.000000004
2013-01-29,4.99,4.98,5.11,4.9,835370.0000000001,0.0128,24860000.0
2013-01-30,5.02,4.87,5.06,4.82,687875.0,0.0106,20158500.0
2013-01-31,4.88,4.88,4.94,4.81,430118.0,0.0066,12518900.000000002
2013-02-01,4.84,4.84,4.9,4.78,514374.0,0.0079,14914100.0
2013-02-04,4.84,5.04,5.04,4.84,1376720.0,0.021099999999999997,40814700.0
2013-02-05,5.04,5.21,5.36,4.95,1979429.0,0.0304,61015700.0
2013-02-06,4.93,5.14,5.21,4.93,2580223.0,0.039599999999999996,78286500.0
2013-02-07,5.14,5.32,5.43,5.06,2446068.0,0.0375,76637000.0
2013-02-08,5.32,5.38,5.42,5.26,1554626.0,0.023799999999999998,49386500.0
2013-02-18,5.36,5.55,5.58,5.32,1401756.0,0.0215,45462100.0
2013-02-19,5.54,5.41,5.55,5.29,1415512.0,0.0163,45373700.0
2013-02-20,5.4,5.54,5.57,5.35,1494262.0,0.0172,48141200.0
2013-02-21,5.49,5.3,5.53,5.3,1222536.0,0.0141,39010000.0
2013-02-22,5.3,5.43,5.56,5.3,1377145.0,0.0158,44599200.0
2013-02-25,5.34,5.46,5.53,5.34,613389.0,0.0070999999999999995,19678300.0
2013-02-26,5.45,5.36,5.45,5.12,3261855.0,0.0375,102253700.00000001
2013-02-27,5.32,5.37,5.43,5.21,1081199.0,0.0124,34301000.0
2013-02-28,5.39,5.41,5.42,5.29,1129832.0,0.013000000000000001,35922400.0
2013-03-01,5.4,5.62,5.71,5.4,3199548.0,0.0368,106030700.0
2013-03-04,5.46,5.63,5.86,5.46,1744568.0,0.020099999999999996,58416000.0
2013-03-05,5.58,5.84,5.84,5.58,2546441.0,0.029300000000000003,86182000.0
2013-03-06,5.94,6.07,6.08,5.87,3378607.0,0.038900000000000004,118408100.0
2013-03-07,6.06,5.79,6.06,5.64,2546475.0,0.029300000000000003,87379400.0
2013-03-08,5.77,5.58,5.85,5.47,2024612.0,0.0233,66997500.0
2013-03-11,5.57,5.73,5.74,5.41,2256021.0,0.026000000000000002,74273500.0
2013-03-12,5.71,5.48,5.75,5.13,3914142.0,0.0225,62832500.0
2013-03-13,5.41,5.52,5.59,5.29,1721053.0,0.009899999999999999,27560300.000000004
2013-03-14,5.46,5.61,5.67,5.34,2418947.0,0.0139,39257000.0
2013-03-15,5.63,5.67,5.86,5.53,3060681.0,0.0176,51229700.0
2013-03-18,5.56,5.62,5.7,5.45,5043512.0,0.028999999999999998,81899600.0
2013-03-19,5.55,5.51,5.65,5.38,2933430.0,0.0169,47336500.0
2013-03-20,5.43,5.73,5.78,5.43,2943569.0,0.0169,48248500.0
2013-03-21,5.71,5.67,5.82,5.61,3413483.9999999995,0.0196,57004100.0
2013-03-22,5.81,5.66,5.81,5.44,12797350.0,0.0736,208481800.0
2013-03-25,5.6,6.04,6.18,5.55,8455351.0,0.048600000000000004,146502800.0
2013-03-26,5.95,6.09,6.35,5.94,8646719.0,0.049699999999999994,154976200.0
2013-03-27,6.07,5.97,6.24,5.85,5933732.0,0.0341,103552900.00000001
2013-03-28,5.9,5.92,6.05,5.74,6529837.0,0.037599999999999995,113527000.0
2013-03-29,5.92,5.82,5.99,5.72,4342719.0,0.025,73924300.0
2013-04-01,5.82,5.77,5.88,5.62,3657219.0,0.021,61453300.0
2013-04-02,5.71,5.45,5.85,5.38,4243589.0,0.024399999999999998,69956400.0
2013-04-03,5.43,5.43,5.48,5.32,2913806.0,0.0168,45979600.0
2013-04-08,5.28,5.43,5.56,5.27,2629472.0,0.0151,41974700.0
2013-04-09,5.44,5.49,5.52,5.4,2361456.0,0.013600000000000001,37835900.0
2013-04-10,5.51,5.41,5.57,5.39,2122377.0,0.012199999999999999,34027800.0
2013-04-11,5.47,5.47,5.63,5.44,1742406.0000000002,0.01,28290500.0
2013-04-12,5.47,5.55,5.63,5.46,1874662.0,0.0108,30486200.0
2013-04-15,5.54,5.49,5.62,5.47,1145558.0,0.0066,18547800.0
2013-04-16,5.49,5.54,5.54,5.4,1434788.0,0.0083,22962600.000000004
2013-04-17,5.54,5.57,5.62,5.5,1353973.0,0.0078000000000000005,22089300.0
2013-04-18,5.54,5.83,5.83,5.54,3561435.0,0.020499999999999997,59614300.0
2013-04-19,5.82,6.07,6.09,5.8,3596136.0,0.0207,62705400.0
2013-04-22,6.04,6.04,6.06,5.89,3681011.0,0.0212,64057800.0
2013-04-23,6.06,5.9,6.08,5.9,3269611.0,0.018799999999999997,56853500.0
2013-04-24,5.89,6.04,6.06,5.87,2777130.0,0.016,48230100.0
2013-04-25,5.92,5.5,5.92,5.46,6822962.0,0.0392,113902099.99999999
2013-04-26,5.48,5.45,5.55,5.38,5377106.0,0.030899999999999997,86067700.0
2013-05-31,6.04,6.04,6.04,6.04,426380.0,0.0025,7504299.999999999
2013-06-03,6.37,6.06,6.44,5.82,13268376.0,0.07629999999999999,239025000.0
2013-06-04,5.93,6.38,6.55,5.75,13032750.0,0.075,233289900.00000003
2013-06-05,6.33,6.28,6.62,6.17,5909115.0,0.034,109629300.0
2013-06-06,6.2,6.34,6.51,6.15,4900826.0,0.0282,90816800.0
2013-06-07,6.31,6.25,6.47,6.11,3474203.0,0.02,63376000.0
2013-06-13,6.22,6.0,6.22,5.86,2935499.0,0.0169,51571400.0
2013-06-14,6.02,6.02,6.18,5.96,3679149.0,0.0212,65253600.0
2013-06-17,6.04,6.34,6.51,6.04,5755366.0,0.0331,104471700.0
2013-06-18,6.34,6.19,6.37,6.05,3266483.0,0.018799999999999997,58717100.0
2013-06-19,6.17,6.6,6.67,6.1,5072653.0,0.0292,94563400.0
2013-06-20,6.51,6.26,6.6,6.17,4008197.0,0.0231,73970000.0
2013-06-21,6.08,6.38,6.54,5.9,3676643.0,0.021099999999999997,67465200.0
2013-06-24,6.37,5.84,6.51,5.82,3808942.0,0.0219,68937800.0
2013-06-25,5.74,5.87,6.0,5.21,5955993.0,0.034300000000000004,98711299.99999999
2013-06-26,5.82,6.02,6.04,5.78,3646100.0,0.021,63051899.99999999
2013-06-27,6.03,5.93,6.27,5.85,4376927.0,0.0252,77656300.0
2013-06-28,5.78,5.89,5.95,5.63,3353862.0000000005,0.019299999999999998,56798600.0
2013-07-01,5.89,6.0,6.03,5.72,2161687.0,0.0124,37453700.0
2013-07-02,6.01,6.11,6.14,5.94,3622304.0,0.0208,63942800.0
2013-07-03,6.1,6.02,6.1,5.82,3559579.0,0.020499999999999997,62039300.0
2013-07-04,5.93,5.99,6.07,5.85,1919054.0,0.011000000000000001,33429300.0
2013-07-05,5.93,5.7,6.02,5.7,3813144.0,0.0219,65044799.99999999
2013-07-08,5.6,5.63,5.88,5.49,2399514.0,0.0138,40203800.0
2013-07-09,5.58,5.77,5.83,5.58,1288659.0,0.0074,21616800.0
2013-07-10,5.72,5.88,5.92,5.72,1351330.0,0.0078000000000000005,23003000.0
2013-07-11,5.84,5.9,5.95,5.82,1874220.0,0.0108,32219899.999999996
2013-07-12,5.91,5.96,6.13,5.87,2811027.0,0.016200000000000003,49250000.0
2013-07-15,5.85,6.15,6.15,5.85,5650634.0,0.0325,99111600.0
2013-07-16,6.22,6.41,6.48,6.19,6752669.0,0.0388,125277600.0
2013-07-17,6.45,6.39,6.6,6.27,4800625.0,0.0276,89899000.0
2013-07-18,6.3,6.3,6.42,6.22,1844664.0,0.0106,33752700.0
2013-07-19,6.25,6.08,6.48,6.05,2377960.0,0.0137,43218200.0
2013-07-22,6.07,5.94,6.14,5.74,3911208.0,0.0225,67337400.0
2013-07-23,5.93,6.32,6.32,5.85,3581548.0000000005,0.0206,63850600.00000001
2013-07-24,6.34,6.5,6.56,6.2,4986957.0,0.0287,92885000.0
2013-07-25,6.47,6.16,6.65,6.15,3215874.0,0.018500000000000003,59245600.00000001
2013-07-26,6.13,5.95,6.33,5.78,4343224.0,0.025,75140000.0
2013-07-29,5.95,5.86,6.04,5.82,1932306.0000000002,0.0111,33403300.0
2013-07-30,5.86,5.78,6.0,5.67,2518379.0,0.014499999999999999,42554799.99999999
2013-07-31,5.82,5.89,6.02,5.76,2250809.0,0.0129,38838000.0
2013-08-01,5.85,6.06,6.07,5.82,1991915.0000000002,0.0115,34709800.0
2013-08-02,6.07,5.88,6.13,5.87,2869672.0,0.0165,50216700.0
2013-08-05,5.88,6.01,6.01,5.77,2349523.0,0.013500000000000002,40294100.0
2013-08-06,6.02,6.29,6.34,6.02,4588012.0,0.0264,82729900.0
2013-08-07,6.25,6.04,6.28,6.0,2903030.0,0.0167,51558600.0
2013-08-08,6.04,6.14,6.18,6.01,2271385.0,0.0131,40425300.0
2013-08-09,6.17,5.96,6.26,5.82,2605083.0,0.015,45668300.0
2013-08-12,5.96,5.85,6.04,5.77,2843843.0,0.016399999999999998,48683000.0
2013-08-13,5.82,5.89,5.93,5.77,1747868.9999999998,0.0101,29888900.0
2013-08-14,5.9,5.85,5.92,5.8,1759284.0,0.0101,30028000.0
2013-08-15,5.82,5.8,5.88,5.75,1592552.0,0.0092,27114500.0
2013-08-16,5.74,5.77,5.93,5.73,1940954.0,0.011200000000000002,33131300.0
2013-08-19,5.77,6.03,6.04,5.75,3519847.0,0.0202,60757200.0
2013-08-20,6.01,6.18,6.48,6.0,7713216.0,0.0444,139710100.0
2013-08-21,6.15,6.61,6.62,6.1,8465308.0,0.0487,158784200.0
2013-08-30,6.67,6.3,7.06,6.19,9211255.0,0.0527,177032400.00000003
2013-09-02,6.34,6.54,6.68,6.31,4032848.0000000005,0.0231,76194500.0
2013-09-03,6.39,6.59,6.63,6.3,4246702.0,0.024300000000000002,79488500.0
2013-09-04,6.56,6.25,6.56,6.21,3129771.0,0.0179,57982500.0
2013-09-05,6.25,6.23,6.35,6.1,2861764.0,0.016399999999999998,51608900.0
2013-09-06,6.19,6.62,6.71,6.19,5348004.0,0.030600000000000002,101880300.0
2013-09-09,6.62,6.48,7.18,6.48,7892550.0,0.0452,156329500.0
2013-09-10,6.56,6.52,6.7,6.31,4124468.0,0.0236,77643100.0
2013-09-11,6.51,6.35,6.51,6.25,3385701.9999999995,0.0194,62178500.0
2013-09-12,6.36,6.29,6.5,6.24,3043410.0,0.0174,56062100.0
2013-09-13,6.3,6.36,6.44,6.12,3820097.0,0.0219,69510500.0
2013-09-16,6.36,6.41,6.45,6.28,1838690.0000000002,0.0105,34009100.0
2013-09-17,6.39,6.23,6.45,6.22,1920798.0,0.011000000000000001,35235500.0
2013-09-18,6.19,6.23,6.27,6.15,1590493.0,0.0091,28784800.0
2013-09-23,6.23,6.42,6.43,6.21,1937187.0,0.011000000000000001,35514400.0
2013-09-24,6.38,6.54,6.67,6.34,4246208.0,0.0241,80478700.0
2013-09-25,6.48,6.3,6.66,6.26,3279816.0000000005,0.018600000000000002,60631500.0
2013-09-26,6.3,6.04,6.43,6.0,2881144.0,0.016399999999999998,51781400.0
2013-09-27,6.16,6.49,6.52,6.16,4373675.0,0.0248,81477500.0
2013-09-30,6.48,6.8,6.88,6.38,4144696.0,0.0235,81298000.0
2013-10-08,6.8,7.08,7.27,6.63,4115347.0,0.023399999999999997,83079700.0
2013-10-09,7.04,7.06,7.2,6.95,3621714.0,0.0206,74081500.0
2013-10-10,7.0,7.37,7.52,7.0,4027935.0,0.0229,84768000.0
2013-10-11,7.37,7.65,7.77,7.17,4343591.0,0.024700000000000003,94347700.0
2013-10-14,7.66,7.55,7.81,7.48,2712049.0,0.0154,58863100.00000001
2013-10-15,7.38,7.06,7.48,7.02,6316629.0,0.0359,130531500.0
2013-10-16,7.04,6.98,7.2,6.84,5358584.0,0.0304,108215500.0
2013-10-17,7.05,6.76,7.11,6.7,5148355.0,0.0292,101889000.0
2013-10-18,6.82,7.17,7.18,6.76,3701978.0,0.021,75366900.0
2013-10-21,7.17,7.36,7.5,7.08,3931311.0,0.0223,83258799.99999999
2013-10-22,7.39,7.02,7.41,6.99,3933949.0,0.0223,81312300.0
2013-10-23,7.02,6.93,7.06,6.63,3365493.0,0.0191,66323800.0
2013-10-24,6.92,6.7,6.92,6.68,2053009.0,0.011699999999999999,40397700.0
2013-10-25,6.65,6.74,6.84,6.41,2825026.0,0.016,53801300.0
2013-10-28,6.6,6.65,6.81,6.52,1848558.0000000002,0.0105,35561000.0
2013-10-29,6.58,6.34,6.72,6.23,2777667.0,0.0158,51744500.0
2013-10-30,6.34,6.49,6.55,6.3,1474131.0,0.0084,27449000.0
2013-10-31,6.52,6.23,6.63,6.19,2023827.0,0.0115,37332100.0
2013-11-01,6.23,6.1,6.29,5.96,2422904.0,0.0138,42804799.99999999
2013-11-04,6.08,6.06,6.24,6.01,2691370.0,0.015300000000000001,47787900.0
2013-11-05,6.06,6.55,6.56,5.89,4087662.0000000005,0.0232,73751100.0
2013-11-06,6.52,6.27,6.58,6.24,2108965.0,0.012,39446100.0
2013-11-07,6.19,6.27,6.33,6.04,2461141.0,0.013999999999999999,44166100.0
2013-11-08,6.18,6.41,6.41,6.13,2038366.9999999998,0.0116,37289100.0
2013-11-11,6.39,6.35,6.5,6.23,1055121.0,0.006,19505800.0
2013-11-12,6.35,6.42,6.5,6.35,1471321.0,0.0084,27501300.0
2013-11-13,6.48,6.24,6.48,6.24,1499470.0,0.0085,27366000.0
2013-11-14,6.25,6.42,6.45,6.12,2037086.0,0.0116,37136500.0
2013-11-15,6.4,6.57,6.62,6.37,2171065.0,0.0123,41065500.0
2013-11-18,6.69,6.68,6.69,6.56,2897834.0,0.0165,55614700.0
2013-11-19,6.68,6.65,6.85,6.58,2231800.0,0.0127,43298000.0
2013-11-20,6.67,6.56,6.74,6.48,1817209.9999999998,0.0103,34616700.0
2013-11-21,6.57,6.52,6.57,6.37,1543926.0,0.0088,29025600.0
2013-11-22,6.52,6.62,6.62,6.49,1023556.0,0.0058,19431300.0
2013-11-25,6.6,6.48,6.62,6.48,1269821.0,0.0072,24062100.0
2013-11-26,6.48,6.63,6.78,6.48,3665629.0,0.0208,70633600.0
2013-11-27,6.63,6.74,6.79,6.56,2310069.0,0.0131,44813700.0
2013-11-28,6.74,6.65,6.81,6.59,2498042.0,0.014199999999999999,48502800.0
2013-11-29,6.65,6.66,6.69,6.58,1909150.9999999998,0.0108,36707000.0
2013-12-02,6.18,5.95,6.46,5.95,8282223.0,0.047,146797700.0
2013-12-03,5.82,5.82,5.87,5.34,4976089.0,0.028300000000000002,82638799.99999999
2013-12-04,5.79,5.57,5.87,5.57,5252107.0,0.0298,88349000.0
2013-12-05,5.63,5.77,6.07,5.63,5445218.0,0.030899999999999997,92946600.0
2013-12-06,5.78,6.03,6.1,5.74,3307247.0,0.018799999999999997,57344700.0
2013-12-09,6.03,5.97,6.18,5.85,2627525.0,0.0149,45769399.99999999
2013-12-10,5.94,6.0,6.08,5.89,2592786.0,0.0147,45188100.00000001
2013-12-11,5.97,6.06,6.17,5.94,3422490.0,0.0194,60538700.0
2013-12-12,6.07,6.06,6.12,5.97,1566206.0,0.0089,27651600.0
2013-12-13,6.01,6.12,6.2,6.0,1692313.0,0.0096,30241200.0
2013-12-16,6.08,6.38,6.42,6.08,4016793.0,0.022799999999999997,73955900.0
2013-12-17,6.25,6.37,6.41,6.25,2192946.0,0.0125,40506800.0
2013-12-18,6.28,6.19,6.48,6.19,1945707.0,0.0111,35624900.0
2013-12-19,6.3,6.3,6.41,6.21,2771356.0,0.015700000000000002,50980600.00000001
2013-12-20,6.28,6.16,6.35,6.03,1652128.0,0.009399999999999999,29661800.0
2013-12-23,6.16,6.08,6.16,5.92,860820.9999999999,0.0049,15124100.0
2013-12-24,6.08,6.31,6.36,6.07,2103666.0,0.011899999999999999,38026000.0
2013-12-25,6.4,6.56,6.59,6.29,3929692.0,0.0223,74286300.0
2013-12-26,6.44,6.57,6.77,6.42,3588499.0,0.0204,69146900.0
2013-12-27,6.49,6.69,6.73,6.48,2614968.0,0.0149,50307200.0
2013-12-30,6.69,6.76,6.96,6.69,4468426.0,0.0254,87920600.0
2013-12-31,6.76,6.82,6.95,6.75,4414358.0,0.025099999999999997,87386400.0
2014-01-02,6.79,6.96,6.97,6.66,4779220.0,0.027200000000000002,94111200.00000001
2014-01-03,6.98,6.71,6.98,6.54,8294930.0,0.0472,159806000.0
2014-01-06,6.71,6.52,6.71,6.42,2697487.0,0.015300000000000001,51068000.0
2014-01-07,6.52,6.52,6.62,6.49,1384347.0,0.0079,26211800.0
2014-01-08,6.7,6.67,6.82,6.58,3465850.0,0.0197,67234900.0
2014-01-09,6.6,6.4,6.74,6.28,3512419.0,0.02,66217900.0
2014-01-10,6.22,6.13,6.4,6.13,2229910.0,0.0127,40304500.0
2014-01-13,6.11,6.12,6.21,6.03,1425473.0,0.008100000000000001,25484400.0
2014-01-14,6.13,6.34,6.36,6.07,1168372.0,0.0066,21071900.0
2014-01-15,6.34,6.45,6.52,6.28,1573783.0,0.009000000000000001,29330900.0
2014-01-16,6.45,6.09,6.47,6.08,4152322.0,0.0236,75010700.0
2014-01-17,6.08,6.03,6.18,6.0,1965956.0000000002,0.011200000000000002,34902800.0
2014-01-20,6.02,5.89,6.14,5.88,2131037.0,0.0121,37024600.0
2014-01-21,5.87,5.95,6.04,5.82,3267691.0,0.018600000000000002,56351600.0
2014-01-22,5.95,6.03,6.11,5.88,2685367.0,0.015300000000000001,47082299.99999999
2014-01-23,6.04,6.14,6.22,5.98,3378151.0,0.0192,60067800.0
2014-01-24,6.07,6.19,6.26,5.97,3252541.0,0.018500000000000003,58069100.0
2014-01-27,6.19,6.02,6.23,6.02,3229415.0,0.0184,57214000.0
2014-01-28,5.97,5.59,6.08,5.59,7949787.0,0.0452,133839599.99999999
2014-01-29,5.7,5.78,5.8,5.54,5370905.0,0.0305,89651400.0
2014-01-30,5.77,5.83,5.85,5.68,1479313.0,0.0084,24850400.0
2014-02-07,5.81,5.88,5.89,5.71,2468665.0,0.013999999999999999,41835600.00000001
2014-02-10,5.93,5.94,5.95,5.87,5405552.0,0.030699999999999998,93165800.0
2014-02-11,5.97,6.05,6.19,5.92,4331297.0,0.0246,76538900.0
2014-02-12,6.08,6.06,6.1,5.97,3503582.0,0.0199,61711700.0
2014-02-13,6.08,6.26,6.4,6.08,7026170.0,0.04,128135200.0
2014-02-14,6.33,6.5,6.53,6.3,7500080.0,0.042699999999999995,139592000.0
2014-02-17,6.92,7.2,7.2,6.74,17068508.0,0.0971,348327400.0
2014-02-18,7.38,7.26,7.78,7.21,16911078.0,0.0962,361797100.0
2014-02-19,7.25,7.07,7.43,7.02,8162431.0,0.0464,168538000.0
2014-02-20,7.08,7.09,7.37,6.95,8787295.0,0.05,180529600.0
2014-02-21,7.07,6.97,7.21,6.9,5971476.0,0.034,121793900.0
2014-02-24,6.95,6.98,7.07,6.74,5736418.0,0.0326,114285700.0
2014-02-25,7.02,6.49,7.14,6.38,7923402.0,0.0451,155769100.0
2014-02-26,6.4,6.25,6.49,6.05,6730596.000000001,0.0383,121536600.0
2014-02-27,6.37,6.07,6.42,6.04,5284180.0,0.0301,95526400.0
2014-02-28,6.06,6.13,6.18,5.76,5415599.0,0.0308,94409800.0
2014-03-03,6.13,6.21,6.27,6.07,5120190.0,0.0291,92323400.0
2014-03-04,6.08,6.11,6.19,6.0,4004687.9999999995,0.022799999999999997,71019500.0
2014-03-05,6.12,6.29,6.43,6.12,4857587.0,0.0276,88763100.0
2014-03-06,6.3,6.55,6.55,6.19,5800975.0,0.033,107541800.0
2014-03-07,6.56,6.41,6.58,6.35,3410886.0,0.0194,63749500.0
2014-03-10,6.19,6.11,6.31,6.1,3946675.0,0.022400000000000003,71158600.0
2014-03-11,6.11,6.15,6.29,6.07,2441605.0,0.0139,43798800.0
2014-03-12,6.19,6.36,6.46,6.12,4763380.0,0.0271,87634500.0
2014-03-13,6.4,6.4,6.48,6.26,2952147.0,0.0168,54410200.00000001
2014-03-14,6.37,6.27,6.44,6.2,2572916.0,0.0146,47209500.0
2014-03-17,6.27,6.46,6.46,6.22,3437474.0,0.0196,63258100.00000001
2014-03-18,6.44,6.61,6.74,6.41,4883131.0,0.0278,93388300.0
2014-03-19,6.58,6.52,6.72,6.47,4370059.0,0.024900000000000002,83358200.0
2014-03-20,6.43,6.13,6.59,6.13,6671789.0,0.0253,81633500.0
2014-03-21,5.97,6.24,6.29,5.9,6072491.0,0.023,71204800.0
2014-03-24,6.23,6.18,6.23,5.96,5949464.0,0.0226,70190800.0
2014-03-25,6.14,6.06,6.15,5.93,3516689.0,0.013300000000000001,41207400.0
2014-03-26,6.06,6.27,6.37,6.06,4646855.0,0.0176,56119300.0
2014-03-27,6.27,5.97,6.31,5.96,3850862.9999999995,0.0146,45182100.0
2014-03-28,5.95,5.76,6.02,5.64,4825245.0,0.0183,54099900.0
2014-03-31,5.72,5.68,5.85,5.65,1995809.0,0.0076,22268400.0
2014-04-01,5.68,5.83,5.88,5.68,2464229.0,0.009300000000000001,27850100.000000004
2014-04-02,5.82,5.72,5.9,5.7,3058381.0,0.0116,34260700.0
2014-04-03,5.72,5.67,5.82,5.6,3214674.0,0.012199999999999999,35722000.0
2014-04-04,5.67,5.74,5.77,5.57,3918860.0,0.0149,43227600.0
2014-04-08,5.63,5.75,5.77,5.6,3580337.0000000005,0.013600000000000001,39613100.0
2014-04-09,5.76,5.79,5.9,5.74,4685448.0,0.0178,52844300.0
2014-04-10,5.81,6.04,6.26,5.74,8923775.0,0.0338,104155400.00000001
2014-04-11,5.96,5.86,5.96,5.76,6311883.0,0.0239,71773300.0
2014-04-14,5.86,5.89,5.92,5.81,4190792.0,0.0159,47719500.0
2014-04-15,5.92,6.0,6.07,5.83,6617225.0,0.025099999999999997,76176600.0
2014-04-16,5.93,5.85,6.0,5.76,4255056.0,0.0161,48468900.0
2014-04-17,5.85,5.86,5.91,5.82,1935782.0,0.0073,22042100.0
2014-04-18,5.84,5.92,6.0,5.82,4090251.0,0.0155,47037800.0
2014-04-21,5.86,6.08,6.22,5.86,9097769.0,0.0345,107954599.99999999
2014-04-22,6.03,6.01,6.15,5.87,5069112.0,0.0192,58921200.0
2014-04-23,6.03,6.04,6.17,5.96,3680950.0,0.013999999999999999,43148400.0
2014-04-24,6.03,6.18,6.2,6.0,5643560.0,0.021400000000000002,66716899.99999999
2014-04-25,6.17,5.67,6.17,5.6,8376774.000000001,0.0318,94926700.0
2014-04-28,5.67,5.08,5.67,5.07,8186225.0,0.031,85083500.0
2014-04-29,5.08,5.3,5.36,5.05,5031247.0,0.0191,51439200.0
2014-04-30,5.31,5.29,5.36,5.21,2683503.0,0.0102,27792100.0
2014-05-05,5.26,5.35,5.45,5.23,3258918.0,0.0124,34021900.0
2014-05-06,5.35,5.42,5.54,5.31,3825781.0,0.014499999999999999,40635700.0
2014-05-07,5.42,5.26,5.46,5.26,3214344.0,0.012199999999999999,33706400.0
2014-05-08,5.23,5.18,5.37,5.1,3161611.0,0.012,32444500.0
2014-05-09,5.21,5.23,5.25,5.13,2221749.0,0.0084,22597300.0
2014-05-12,5.29,5.32,5.38,5.18,4540330.0,0.0172,46931700.0
2014-05-13,5.37,5.21,5.39,5.2,2769592.0,0.0105,28588300.0
2014-05-14,5.23,5.22,5.26,5.16,2188467.0,0.0083,22333000.0
2014-05-15,5.2,5.21,5.33,5.2,2995541.0,0.011399999999999999,30763800.0
2014-05-16,5.21,5.11,5.26,5.05,3590204.0,0.013600000000000001,36019200.0
2014-05-19,5.09,4.96,5.13,4.91,4160071.0,0.0158,40995800.0
2014-05-20,5.04,5.05,5.14,4.96,4412887.0,0.0167,43818500.0
2014-05-21,5.04,5.13,5.2,5.01,3790257.0,0.0144,38076500.0
2014-05-22,5.14,5.27,5.41,5.14,7004403.0,0.026600000000000002,72703100.0
2014-05-23,5.27,5.45,5.48,5.25,5587293.0,0.0212,58639399.99999999
2014-05-26,5.46,5.53,5.65,5.46,6274078.0,0.023799999999999998,67970700.0
2014-05-27,5.53,5.47,5.56,5.4,4073335.0,0.0154,43443700.0
2014-05-28,5.5,5.53,5.56,5.37,4628821.0,0.0176,49423700.0
2014-05-29,5.53,5.37,5.58,5.37,2804190.0,0.0106,29769899.999999996
2014-05-30,5.29,5.38,5.44,5.27,2601247.0,0.009899999999999999,27201300.0
2014-06-03,5.39,5.46,5.58,5.35,3838266.0000000005,0.0146,41186200.0
2014-06-04,5.42,5.37,5.48,5.32,2250784.0,0.0085,23731000.0
2014-06-05,5.41,5.48,5.52,5.37,3649592.0,0.0138,38973000.0
2014-06-06,5.48,5.6,5.6,5.43,5182688.0,0.0197,55853500.0
2014-06-09,5.6,5.53,5.6,5.46,3871691.0000000005,0.0147,41846700.0
2014-06-10,5.5,5.61,5.63,5.46,3754910.0,0.014199999999999999,40688700.0
2014-06-11,5.64,5.61,5.64,5.51,2899739.0,0.011000000000000001,31529000.0
2014-06-12,5.58,5.48,5.61,5.48,2750557.0,0.0104,29643300.0
2014-06-13,5.48,5.51,5.56,5.41,3707628.0,0.0141,39799400.0
2014-06-16,5.55,5.81,5.88,5.5,8275632.000000001,0.031400000000000004,92743900.0
2014-06-17,5.75,5.77,5.86,5.72,4635241.0,0.0176,52124500.0
2014-06-18,5.78,5.81,5.87,5.71,4000707.0,0.0152,45100100.0
2014-06-19,5.76,5.76,5.96,5.43,6434242.0,0.024399999999999998,72122000.0
2014-06-20,5.62,5.87,5.9,5.56,5211137.0,0.019799999999999998,58322500.0
2014-06-23,5.83,6.02,6.07,5.83,5147074.0,0.0195,59605800.0
2014-06-24,6.04,5.97,6.13,5.96,4783051.0,0.0181,55951300.0
2014-06-25,5.93,6.02,6.03,5.82,4258610.0,0.0161,48845600.00000001
2014-06-26,6.02,6.13,6.17,5.98,4732268.0,0.0179,55985900.0
2014-06-27,6.18,6.13,6.2,6.07,4419226.0,0.0168,52379600.0
2014-06-30,6.13,6.26,6.28,5.99,5850059.0,0.0209,69636300.0
2014-07-01,6.37,6.41,6.6,6.28,11676200.0,0.0418,144729900.0
2014-07-02,6.41,6.43,6.54,6.33,7437350.999999999,0.026600000000000002,91923900.0
2014-07-03,6.42,6.81,7.0,6.4,13982203.0,0.05,180157900.0
2014-07-04,6.79,7.13,7.25,6.66,16697197.0,0.059699999999999996,222841800.0
2014-07-07,7.15,7.12,7.24,6.93,12270966.0,0.043899999999999995,166104600.0
2014-07-08,7.01,6.92,7.08,6.68,12466058.0,0.0446,164789700.0
2014-07-09,6.87,6.76,7.03,6.75,8053473.0,0.0288,106172600.0
2014-07-10,6.71,6.73,6.95,6.65,5543529.0,0.019799999999999998,72278500.0
2014-07-11,6.74,6.75,6.91,6.65,5998020.0,0.021400000000000002,78161600.0
2014-07-14,6.7,6.7,6.81,6.53,7339619.0,0.0262,94058500.0
2014-07-15,6.65,6.77,6.77,6.53,5154894.0,0.0184,65978700.0
2014-07-16,6.76,6.68,6.81,6.61,4316563.0,0.0154,55782400.0
2014-07-17,6.7,6.36,6.7,6.35,6757781.0,0.0242,84320100.0
2014-07-18,6.33,6.42,6.61,6.29,5073694.0,0.0181,63373500.0
2014-07-21,6.42,6.51,6.53,6.33,3370462.0000000005,0.0121,41997000.0
2014-07-22,6.51,6.56,6.63,6.4,3928919.0,0.013999999999999999,49472000.0
2014-07-23,6.5,6.21,6.56,6.16,6393721.0,0.0229,78227700.0
2014-07-24,6.16,6.22,6.34,6.04,4722113.0,0.0169,56465600.00000001
2014-07-25,6.27,6.28,6.35,6.17,2516180.0,0.009000000000000001,30584800.0
2014-07-28,6.32,6.43,6.5,6.27,3619710.0,0.0129,44653200.0
2014-07-29,6.44,6.42,6.55,6.38,4829447.0,0.0173,60122400.0
2014-07-30,6.4,6.62,6.63,6.39,5932104.0,0.0212,74606900.0
2014-07-31,6.65,6.55,6.69,6.51,3878153.0,0.0139,49140800.0
2014-08-01,6.54,6.35,6.58,6.3,6434749.0,0.023,79607500.0
2014-08-04,6.26,6.36,6.44,6.21,5007003.0,0.0179,60919200.0
2014-08-05,6.32,6.42,6.48,6.15,7122761.0,0.0255,86901900.0
2014-08-06,6.42,6.41,6.42,6.31,3671571.0,0.0131,45182600.0
2014-08-07,6.42,6.72,6.91,6.36,11838245.0,0.042300000000000004,151890500.0
2014-08-08,6.72,6.76,6.85,6.67,5468631.0,0.0196,71082700.0
2014-08-11,6.79,6.86,6.93,6.71,5171663.0,0.018500000000000003,67922000.0
2014-08-12,6.82,6.95,7.07,6.81,5867760.0,0.021,78625000.0
2014-08-13,6.89,6.9,7.02,6.71,7012534.0,0.025099999999999997,92605200.0
2014-08-14,6.97,6.85,6.97,6.85,4236789.0,0.0151,56091400.0
2014-08-15,6.83,6.91,6.91,6.7,4275814.0,0.015300000000000001,55971100.0
2014-08-18,6.91,7.13,7.15,6.91,5829128.0,0.0208,78951500.0
2014-08-19,7.07,6.92,7.13,6.85,6034561.0,0.0216,80806100.0
2014-08-20,6.97,6.9,7.03,6.86,3519783.9999999995,0.0126,46750400.0
2014-08-21,6.92,6.92,7.02,6.86,3780154.0,0.013500000000000002,50258900.0
2014-08-22,6.92,6.88,6.98,6.76,4472373.0,0.016,58958100.00000001
2014-08-25,6.78,6.84,6.96,6.78,3041429.0,0.0109,40171400.0
2014-08-26,6.85,6.65,6.91,6.61,5041290.0,0.018000000000000002,65131100.0
2014-08-27,6.58,6.96,6.96,6.58,5932202.0,0.021099999999999997,77427400.0
2014-08-28,6.96,6.79,7.0,6.76,3559744.0,0.0127,46997299.99999999
2014-08-29,6.76,6.98,6.98,6.75,4051960.0,0.0144,53671100.0
2014-09-01,7.02,7.15,7.2,7.01,7447914.0,0.0265,101524400.0
2014-09-02,7.22,7.16,7.23,7.04,7060431.0,0.0252,96489900.0
2014-09-03,7.16,7.32,7.42,7.07,8475089.0,0.0302,117042200.0
2014-09-04,7.3,7.21,7.3,7.15,7013822.0,0.025,96653900.0
2014-09-05,7.21,7.25,7.41,7.19,6144548.0,0.0218,85842300.0
2014-09-09,7.31,7.21,7.37,7.12,4108436.0,0.0146,56635900.0
2014-09-10,7.12,7.03,7.13,6.99,8997260.0,0.0319,121629000.0
2014-09-11,7.03,6.96,7.11,6.93,6464639.0,0.023,87099000.0
2014-09-12,6.91,7.26,7.29,6.91,8962187.0,0.0318,122701299.99999999
2014-09-15,7.37,7.27,7.41,7.21,10889370.0,0.0387,151904300.0
2014-09-16,7.24,6.87,7.32,6.77,9142915.0,0.0325,125412500.0
2014-09-17,6.87,6.93,6.95,6.73,5406117.0,0.0192,71130400.0
2014-09-18,6.92,6.93,7.05,6.87,3359644.9999999995,0.011899999999999999,44668100.00000001
2014-09-19,6.85,6.96,7.0,6.82,3775340.0,0.0134,50060200.00000001
2014-09-22,6.94,7.43,7.53,6.88,20389953.0,0.0724,285712600.0
2014-09-23,7.38,7.5,7.53,7.27,11810631.0,0.04190000000000001,167735900.0
2014-09-24,7.5,7.7,7.79,7.44,12099455.0,0.043,177065300.0
2014-09-25,7.85,7.76,7.91,7.6,11302016.0,0.0401,166726400.0
2014-09-26,7.68,7.8,7.9,7.53,8005180.0,0.028399999999999998,118096600.0
2014-09-29,7.8,7.7,7.87,7.65,6206053.0,0.022000000000000002,91499300.0
2014-09-30,7.71,7.66,7.72,7.52,5962713.0,0.0212,86561100.0
2014-10-08,7.57,7.67,7.67,7.42,11137537.0,0.0395,160024400.0
2014-10-09,7.62,7.44,7.62,7.35,11647627.0,0.0414,166482599.99999997
2014-10-10,7.37,7.43,7.5,7.35,7207225.999999999,0.0256,102106200.00000001
2014-10-13,7.41,7.54,7.55,7.25,7739864.999999999,0.0275,109423100.0
2014-10-14,7.53,7.42,7.55,7.37,5754743.0,0.0204,81969100.0
2014-10-15,7.4,7.45,7.51,7.31,6334593.0,0.0225,89573200.0
2014-10-16,7.39,7.27,7.53,7.21,6584817.999999999,0.023399999999999997,93248700.00000001
2014-10-17,7.22,7.02,7.31,6.91,8241327.0,0.029300000000000003,111544599.99999999
2014-10-20,7.04,7.25,7.25,7.04,5686196.0,0.0202,78281800.0
2014-10-21,7.28,7.14,7.28,7.1,3781208.9999999995,0.0134,52075300.0
2014-10-22,7.15,6.98,7.18,6.96,4102012.0000000005,0.0146,55656800.0
2014-10-23,6.92,6.77,7.01,6.71,5751064.0,0.0204,75292500.0
2014-10-24,6.77,6.92,7.03,6.76,6426897.0,0.022799999999999997,85668000.0
2014-10-27,6.93,7.12,7.23,6.82,5213519.0,0.018500000000000003,70945700.0
2014-10-28,7.12,7.22,7.28,7.12,5713243.0,0.0203,79023100.0
2014-10-29,7.23,7.31,7.48,7.23,9717046.0,0.0345,137107300.0
2014-10-30,7.3,7.2,7.37,7.18,5135775.0,0.018000000000000002,71327900.0
2014-10-31,7.22,7.42,7.44,7.1,6411984.0,0.022400000000000003,89148700.00000001
2014-11-03,7.42,7.35,7.43,7.28,5129197.0,0.0179,72190500.0
2014-11-04,7.35,7.38,7.55,7.3,6904860.000000001,0.0241,98137200.0
2014-11-05,7.3,7.46,7.51,7.3,5432111.0,0.019,77270700.0
2014-11-06,7.46,7.43,7.5,7.33,3950435.0,0.0138,56076800.0
2014-11-07,7.45,7.45,7.62,7.42,12462510.0,0.0435,179443200.0
2014-11-10,7.46,7.79,7.81,7.45,12358129.0,0.0431,180678100.0
2014-11-11,7.8,7.48,7.91,7.32,10086928.0,0.0352,146733700.0
2014-11-12,7.37,7.67,7.71,7.37,6993183.0,0.024399999999999998,101448700.00000001
2014-11-13,7.65,8.12,8.31,7.59,16404770.000000002,0.0559,251007400.00000003
2014-11-14,8.0,8.26,8.26,7.76,11443326.0,0.039,175932400.00000003
2014-12-01,7.87,8.48,8.67,7.53,15860212.0,0.0541,251181699.99999997
2014-12-02,8.48,8.49,8.7,8.08,12263645.0,0.0418,194915500.0
2014-12-03,8.4,9.04,9.35,8.1,15434578.0,0.0526,253067599.99999997
2014-12-04,9.06,9.02,9.24,8.93,8207114.0,0.027999999999999997,140671600.0
2014-12-05,9.0,8.85,9.0,8.43,7865587.0,0.0268,130591700.0
2014-12-08,8.85,8.42,8.85,8.29,10721050.0,0.0366,171546200.0
2014-12-09,8.42,7.75,8.46,7.57,11832917.0,0.0403,177968400.0
2014-12-10,7.71,7.87,8.29,7.71,13167282.999999998,0.0449,200254199.99999997
2014-12-11,7.79,7.96,8.08,7.58,9226693.0,0.0315,137637500.0
2014-12-12,7.9,8.26,8.51,7.82,13832570.000000002,0.0472,217126800.0
2014-12-15,8.35,8.7,8.78,8.27,8423553.0,0.0287,136773800.0
2014-12-16,8.67,8.58,8.67,8.35,6180745.0,0.021099999999999997,99821500.0
2014-12-17,8.58,8.57,8.67,8.4,5645760.0,0.0192,91415300.0
2014-12-18,8.48,8.15,8.59,8.13,6709347.0,0.0229,106446600.0
2014-12-19,8.12,7.9,8.22,7.76,8181514.0,0.0279,123269100.0
2014-12-22,7.81,7.6,7.85,7.11,11314058.0,0.038599999999999995,160255900.0
2014-12-23,7.36,7.48,7.68,7.31,4817069.0,0.016399999999999998,68994300.0
2014-12-24,7.48,7.56,7.61,7.48,2990327.0,0.0102,42998600.0
2014-12-25,7.56,7.77,7.81,7.48,4397000.0,0.015,64741400.0
2014-12-26,7.71,7.76,7.95,7.53,5501022.0,0.018799999999999997,80993600.0
2014-12-29,7.66,7.37,7.66,7.28,7070405.0,0.0241,100123400.0
2014-12-30,7.36,7.01,7.36,6.85,7229160.000000001,0.0246,97424300.0
2014-12-31,6.98,6.84,7.14,6.77,5963680.0,0.0203,78523300.0
2015-01-05,6.92,7.02,7.19,6.79,5184142.0,0.0177,69552900.0
2015-01-06,7.0,7.33,7.37,6.87,7733066.0,0.0264,105859300.0
2015-01-07,7.31,7.23,7.43,7.18,4238289.0,0.0144,59026600.0
2015-01-08,7.21,7.27,7.39,7.12,3731494.9999999995,0.0127,52143800.0
2015-01-09,7.21,7.32,7.55,7.2,6660486.0,0.0227,94544100.0
2015-01-12,7.26,7.43,7.52,7.24,5224301.0,0.0178,74009900.0
2015-01-13,7.44,7.77,7.83,7.35,6383316.0,0.0218,92634200.0
2015-01-14,7.77,7.63,7.86,7.48,6550420.0,0.0223,96100300.0
2015-01-15,7.6,7.43,7.65,7.3,6951472.0,0.023700000000000002,98654100.0
2015-01-16,7.42,7.7,7.76,7.37,5272152.0,0.018000000000000002,76837500.0
2015-01-19,7.48,7.71,7.98,7.43,7389972.0,0.0252,109659700.0
2015-01-20,7.75,8.03,8.12,7.65,6640556.0,0.0226,100722400.0
2015-01-21,8.03,8.35,8.42,8.01,10409049.0,0.0355,163042300.0
2015-01-22,8.35,8.4,8.48,8.27,5589628.0,0.0191,88845000.0
2015-01-23,8.32,8.49,8.57,8.27,5872249.0,0.02,93817099.99999999
2015-01-26,8.55,8.55,8.71,8.36,4051062.9999999995,0.0138,65637600.0
2015-01-27,8.51,8.68,8.76,8.43,4533883.0,0.0155,74273100.0
2015-01-28,8.6,8.31,8.76,8.31,6552879.0,0.0223,104614300.0
2015-01-29,8.25,8.1,8.4,8.0,3418046.0,0.011699999999999999,53191500.0
2015-01-30,8.12,8.46,8.63,8.07,4701331.0,0.016,75052600.0
2015-02-02,8.46,8.48,8.65,8.32,3731914.0,0.0127,60063900.0
2015-02-03,8.48,8.85,8.86,8.36,5537512.0,0.0189,91193000.0
2015-02-04,8.96,8.82,8.98,8.76,3244721.0,0.0111,54335800.0
2015-02-05,8.97,8.81,8.97,8.65,3154529.0,0.0108,52735700.0
2015-02-06,8.72,9.18,9.37,8.72,9789615.0,0.0334,170142100.0
2015-02-09,9.18,9.34,9.42,9.06,4616054.0,0.015700000000000002,80466100.0
2015-02-10,9.33,9.05,9.33,8.92,3426179.0,0.011699999999999999,58830000.0
2015-02-11,9.09,9.03,9.27,8.97,3383917.0,0.0115,58055100.0
2015-02-12,9.03,9.07,9.21,8.91,2868170.0,0.0098,49031400.0
2015-02-13,9.18,9.15,9.47,9.04,4217530.0,0.0144,73875400.0
2015-02-16,9.1,9.26,9.31,8.91,4830653.0,0.0165,83419599.99999999
2015-02-17,9.18,9.18,9.26,8.99,2659187.0,0.0091,45946600.0
2015-02-25,9.18,8.76,9.26,8.75,4953571.0,0.0169,83566299.99999999
2015-02-26,8.72,8.8,8.93,8.55,4516841.0,0.0154,74717800.0
2015-02-27,8.88,9.01,9.1,8.8,4023939.0,0.0137,68272800.0
2015-03-02,9.07,9.15,9.18,8.76,6832013.0,0.0233,116053300.0
2015-03-03,9.05,9.31,9.53,8.96,6725935.000000001,0.0229,118047500.0
2015-03-04,9.32,10.28,10.28,9.32,9469879.0,0.0323,180024000.0
2015-03-05,10.14,10.78,10.83,10.04,12821780.0,0.0437,253534900.00000003
2015-03-06,10.7,10.31,11.41,10.04,14463448.000000002,0.0493,291638400.0
2015-03-09,10.32,10.37,10.67,10.03,8149513.0,0.0278,158525100.0
2015-03-10,10.34,11.21,11.45,10.32,12359316.0,0.0421,253066800.0
2015-03-11,11.14,11.24,11.48,10.9,9826540.0,0.0335,205700400.0
2015-03-12,11.2,11.29,11.63,10.81,7040408.0,0.024,147288200.0
2015-03-13,11.47,11.01,11.47,10.64,7746680.0,0.0264,158931400.0
2015-03-16,11.21,11.24,11.41,10.82,7996995.0,0.0273,166225600.0
2015-03-17,11.27,11.66,11.68,11.04,9859945.0,0.0336,210636800.0
2015-03-18,11.66,11.57,11.75,11.42,7364082.000000001,0.025099999999999997,159638300.0
2015-03-19,11.57,11.62,12.13,11.54,7452383.0,0.0254,164532300.0
2015-03-20,11.66,11.56,11.88,11.42,4890155.0,0.0167,106389400.0
2015-03-23,11.56,11.56,11.74,11.26,7078864.999999999,0.0241,152665700.0
2015-03-24,11.52,12.29,12.42,11.29,10509105.0,0.0358,231329400.0
2015-03-25,12.08,12.18,12.37,11.9,6132137.0,0.0209,138597500.0
2015-03-26,12.22,12.82,13.45,12.05,13574148.000000002,0.0463,326297900.0
2015-03-27,12.61,12.68,13.31,12.47,7608478.999999999,0.0259,182306000.0
2015-03-30,12.86,12.27,13.1,12.15,7289770.0,0.024900000000000002,169830400.0
2015-03-31,12.27,12.15,12.46,12.02,6847697.0,0.0233,156211600.0
2015-04-03,12.71,13.29,13.41,12.38,10238387.0,0.0349,249307200.0
2015-04-07,13.36,13.47,13.65,13.01,8648644.0,0.029500000000000002,215863200.0
2015-04-08,13.55,12.57,13.56,12.52,9254480.0,0.0316,222471699.99999997
2015-04-09,12.48,12.13,12.92,11.27,12355277.0,0.0421,275598600.0
2015-04-10,12.14,12.57,12.68,11.82,5658780.0,0.019299999999999998,131235100.0
2015-04-13,12.46,12.6,12.87,12.26,5719300.0,0.0195,133284500.0
2015-04-14,12.6,12.26,12.76,12.2,6858178.0,0.023399999999999997,159296300.0
2015-04-15,12.27,11.65,12.37,11.32,9129264.0,0.0311,199569700.0
2015-04-16,11.29,11.53,12.03,11.28,6394352.0,0.0218,139022300.0
2015-04-17,11.55,11.61,11.97,11.49,6469720.0,0.022099999999999998,141086300.0
2015-04-20,11.6,11.89,12.56,11.45,9261906.0,0.0316,207102700.0
2015-04-21,11.93,12.4,12.46,11.93,9085945.0,0.031,207440900.0
2015-04-22,12.56,12.85,13.01,12.56,7495934.0,0.0256,178623800.0
2015-04-23,12.85,12.96,13.56,12.78,8278528.999999999,0.0282,203442300.0
2015-04-24,12.85,13.32,13.51,12.63,7978328.999999999,0.027200000000000002,196214100.0
2015-04-27,13.33,13.5,13.67,13.13,8424451.0,0.0287,210582000.0
2015-04-28,13.41,12.65,13.42,12.51,7716108.0,0.0263,183898400.0
2015-04-29,12.4,12.71,12.87,12.23,6043765.0,0.0206,142568300.0
2015-04-30,12.76,12.97,13.29,12.76,8387132.000000001,0.0286,203721400.0
2015-05-04,12.9,12.85,13.18,12.68,5328498.0,0.0182,127600700.0
2015-05-05,12.9,12.47,13.13,12.23,5354796.0,0.0183,125845700.0
2015-05-06,12.65,12.46,12.9,12.29,5117088.0,0.0174,120596100.0
2015-05-07,12.25,11.55,12.68,11.51,9013690.0,0.030699999999999998,199011400.0
2015-05-08,11.85,12.06,12.07,11.62,4737736.0,0.016200000000000003,105011600.0
2015-05-11,12.12,12.8,12.85,11.82,10774192.0,0.036699999999999997,250942599.99999997
2015-05-12,12.85,12.8,12.9,12.52,7710175.0,0.0263,182522100.0
2015-05-13,12.6,13.07,13.62,12.42,13959074.0,0.047599999999999996,341867900.0
2015-05-14,13.16,14.42,14.42,13.1,17713356.0,0.0604,460824200.0
2015-05-15,14.48,15.0,15.53,14.01,13924157.999999998,0.0475,376929200.0
2015-05-18,14.9,15.61,15.79,14.89,10164163.0,0.0347,288984400.0
2015-05-19,15.37,15.29,16.43,15.12,8200138.0,0.027999999999999997,233980800.00000003
2015-05-20,15.29,15.2,16.2,15.12,7959048.0,0.0271,231203200.0
2015-05-21,15.19,15.35,15.62,15.03,6975792.999999999,0.023799999999999998,197555200.0
2015-05-22,15.69,15.03,16.1,14.32,10261930.0,0.035,285454400.0
2015-05-25,14.83,16.58,16.58,14.58,8543937.0,0.0291,252725800.00000003
2015-05-26,17.28,16.96,17.28,16.56,9998775.0,0.0341,311921200.0
2015-05-27,16.96,16.97,17.82,16.05,8879638.0,0.030299999999999997,275993400.0
2015-05-28,16.79,15.85,17.73,15.85,10020718.0,0.0342,313339900.0
2015-05-29,15.96,16.5,17.17,15.12,9164344.0,0.031200000000000002,275291300.0
2015-06-01,16.68,17.9,18.18,16.68,7726046.000000001,0.0263,251102900.0
2015-06-02,18.12,18.67,18.73,17.57,9735795.0,0.0332,327980500.0
2015-06-03,18.77,19.28,19.46,17.36,11073314.0,0.0378,378268100.0
2015-06-04,19.34,18.22,19.38,17.56,9275346.0,0.0316,313426600.0
2015-06-05,18.46,20.09,20.09,18.46,10494130.0,0.0358,385312300.00000006
2015-06-08,20.04,19.43,20.32,18.85,12258343.0,0.0418,440373800.0
2015-06-09,19.57,18.9,19.85,18.29,10291486.0,0.0351,359475300.0
2015-06-10,18.88,19.51,19.76,18.35,9937345.0,0.0339,350969600.0
2015-06-11,19.52,20.4,20.69,19.38,10416551.0,0.0355,384617600.0
2015-06-12,20.73,20.22,21.15,20.18,7255641.0,0.024700000000000003,273975200.0
2015-06-15,20.51,19.12,20.51,19.05,6516715.0,0.0222,236660099.99999997
2015-06-16,18.46,17.99,19.01,17.35,6079484.0,0.0207,204911400.0
2015-06-17,18.18,19.45,19.72,17.46,8431756.0,0.0287,287580400.0
2015-06-18,19.45,18.18,19.68,18.18,6323552.0,0.0216,221641500.0
2015-06-19,17.9,17.52,18.29,16.96,7837578.0,0.026699999999999998,253920800.00000003
2015-06-23,17.79,17.46,18.01,15.79,6441712.0,0.022000000000000002,203686500.0
2015-06-24,17.46,17.57,18.09,17.23,5427273.0,0.018500000000000003,175955099.99999997
2015-06-25,17.57,16.07,17.73,15.78,6600842.0,0.0225,205395500.0
2015-06-26,15.68,14.42,16.07,14.42,4811165.0,0.016399999999999998,133620200.0
2015-06-29,14.57,12.96,14.71,12.93,12522324.0,0.042699999999999995,310186700.0
2015-06-30,12.07,14.3,14.3,11.62,14357282.0,0.0489,343898000.0
2015-07-01,14.2,13.88,15.68,13.21,12440421.0,0.0424,339189900.0
2015-07-02,13.73,13.14,14.88,12.57,11811291.0,0.04019999999999999,303368500.0
2015-07-03,12.21,12.79,14.26,11.78,14493916.0,0.049400000000000006,341032400.0
2015-07-06,14.11,12.12,14.11,11.47,12194652.0,0.0415,290485100.0
2015-07-14,13.38,13.38,13.38,13.38,4420357.0,0.0151,109890100.0
2015-07-15,13.96,12.0,13.96,12.0,18544316.0,0.06309999999999999,424794500.0
2015-07-16,11.35,11.37,12.12,10.75,19669785.0,0.067,410179500.0
2015-07-17,11.4,12.34,12.53,11.13,13636337.0,0.0464,306378400.0
2015-07-20,12.41,13.21,13.62,12.41,14108781.0,0.048,343444900.0
2015-07-21,13.01,13.16,13.46,12.62,9082832.0,0.030899999999999997,220370700.0
2015-07-22,13.19,13.11,13.65,12.72,9678138.0,0.033,237462100.0
2015-07-23,13.29,13.68,13.73,12.9,9703817.0,0.033,243327200.0
2015-07-24,13.57,13.77,14.56,13.47,12394038.0,0.042199999999999994,322643700.0
2015-07-27,13.18,12.35,13.57,12.35,12817462.0,0.0436,310437900.0
2015-07-28,11.07,11.07,12.22,11.07,18953726.0,0.0645,397623600.0
2015-07-29,11.47,11.43,11.56,10.26,15334341.0,0.052199999999999996,309676200.0
2015-07-30,11.17,10.25,11.43,10.25,12000198.0,0.0409,247020600.0
2015-07-31,10.12,9.96,10.3,9.57,11720378.0,0.039900000000000005,219290900.0
2015-08-03,9.98,9.04,9.98,8.92,11394841.0,0.0388,197570900.0
2015-08-04,9.04,9.92,9.96,8.94,13197535.0,0.0449,234333500.0
2015-08-05,10.03,10.24,10.62,9.92,14956497.0,0.0509,288338300.0
2015-08-06,9.83,10.33,10.57,9.76,7549410.000000001,0.025699999999999997,144510400.0
2015-08-07,10.33,10.68,10.73,10.33,9839777.0,0.0335,195136300.0
2015-08-10,10.89,11.62,11.79,10.73,11518819.0,0.0392,241871500.0
2015-08-11,11.66,11.56,11.91,11.46,8314663.0,0.028300000000000002,181650400.0
2015-08-12,11.26,10.8,11.67,10.79,7618198.0,0.0259,159772200.0
2015-08-13,10.76,11.1,11.17,10.4,10920696.0,0.037200000000000004,219179000.0
2015-08-14,11.1,11.21,11.51,11.08,9123093.0,0.0311,191917200.0
2015-08-17,11.12,10.96,11.12,10.52,9249543.0,0.0315,187075700.0
2015-08-18,10.97,9.91,11.37,9.82,13105383.0,0.0446,265723700.0
2015-08-19,9.57,10.21,10.22,9.07,9543860.0,0.0325,175725400.0
2015-08-20,9.96,10.35,10.52,9.85,8930315.0,0.0304,171188900.0
2015-08-21,9.85,9.3,10.29,9.27,13877740.0,0.0471,248537500.0
2015-08-24,8.68,8.32,8.85,8.32,4599151.0,0.015600000000000001,73369800.0
2015-08-25,7.45,7.45,7.67,7.45,10233492.0,0.0347,145566000.0
2015-08-26,7.45,6.66,7.62,6.66,28833850.0,0.09789999999999999,379653399.99999994
2015-08-27,6.9,7.2,7.22,6.68,16301985.999999998,0.0554,216330500.0
2015-08-28,7.4,7.76,7.81,7.25,13987719.0,0.0475,199207300.0
2015-08-31,7.76,7.35,7.76,7.13,9775650.0,0.0332,137217900.0
2015-09-01,7.29,6.72,7.29,6.67,10718036.0,0.0364,143710300.0
2015-09-02,6.23,6.23,7.06,6.13,9449112.0,0.0321,119328300.0
2015-09-07,6.52,6.62,6.79,6.37,6426607.0,0.0218,81115500.0
2015-09-08,6.51,7.22,7.25,6.42,7891334.0,0.0268,103937099.99999999
2015-09-09,7.26,7.57,7.62,7.22,19407396.0,0.0658,275040200.0
2015-09-10,7.37,7.44,7.73,7.31,9850832.0,0.0334,141180200.0
2015-09-11,7.51,7.45,7.59,7.27,6650367.999999999,0.0226,94131900.0
2015-09-14,7.51,6.66,7.58,6.66,7456671.000000001,0.0253,100044500.0
2015-09-15,6.3,6.32,6.79,6.23,7097172.0,0.0241,88228100.0
2015-09-16,6.43,7.0,7.0,6.43,7707866.0,0.0262,98865400.00000001
2015-09-17,7.01,7.16,7.42,7.0,12003782.0,0.0407,165879800.0
2015-09-18,7.23,7.45,7.59,7.02,7833605.0,0.026600000000000002,109020300.0
2015-09-21,7.35,8.0,8.2,7.21,9813696.0,0.0333,146691100.0
2015-09-22,7.92,7.88,8.21,7.69,9633376.0,0.0327,145186100.0
2015-09-23,7.63,7.9,8.01,7.63,7068852.0,0.024,105674200.0
2015-09-24,7.91,7.96,8.18,7.83,7398242.0,0.025099999999999997,112172700.0
2015-09-25,7.85,7.58,7.99,7.39,6051996.0,0.020499999999999997,88683799.99999999
2015-09-28,7.62,8.13,8.21,7.35,9731160.0,0.033,146766600.0
2015-09-29,7.97,7.75,8.1,7.72,8229325.0,0.0279,122861900.0
2015-09-30,7.83,7.58,7.88,7.51,5567407.0,0.0189,80859300.0
2015-10-08,7.92,8.15,8.28,7.82,9751249.0,0.0331,149635000.0
2015-10-09,8.23,9.01,9.01,8.1,13417492.000000002,0.0455,221092500.0
2015-10-12,8.9,9.23,9.47,8.76,11144395.0,0.0378,193343800.0
2015-10-13,9.08,9.35,9.55,9.06,6618686.0,0.0225,116447600.0
2015-10-14,9.35,9.06,9.36,8.88,5922016.0,0.020099999999999996,101604100.0
2015-10-15,8.93,9.4,9.44,8.86,6987991.0,0.023700000000000002,120595900.0
2015-10-16,9.36,9.53,9.67,9.32,7534991.0,0.0256,134699900.0
2015-10-19,9.53,9.06,9.54,8.83,13721272.0,0.0466,236277500.0
2015-10-20,9.06,9.3,9.33,8.96,9785027.0,0.0332,168979900.00000003
2015-10-21,9.37,8.54,9.38,8.47,12377849.0,0.042,207916200.0
2015-10-22,8.57,8.92,9.07,8.57,10951851.0,0.037200000000000004,183169700.0
2015-10-23,9.07,9.24,9.32,8.92,6987889.0,0.023700000000000002,120649400.0
2015-10-26,9.38,9.37,9.71,9.19,12581760.0,0.042699999999999995,223135000.0
2015-10-27,9.36,9.4,9.46,8.73,8547045.0,0.028999999999999998,146384200.0
2015-10-28,9.29,9.21,9.75,9.1,8865032.0,0.0301,158794500.0
2015-10-29,9.29,9.71,9.84,9.18,13896366.0,0.0472,248117900.0
2015-10-30,9.63,10.4,10.72,9.63,18941800.0,0.0635,366031100.0
2015-11-02,10.01,10.79,11.24,9.82,16698416.0,0.055999999999999994,334766100.0
2015-11-03,10.87,10.81,11.15,10.35,12896388.0,0.0432,259923400.0
2015-11-04,10.83,11.37,11.5,10.63,14859846.0,0.049800000000000004,307987800.0
2015-11-05,11.29,10.68,11.36,10.35,22044681.0,0.0739,445603300.0
2015-11-06,10.57,11.14,11.29,10.57,13137332.0,0.044000000000000004,270156100.0
2015-11-09,10.93,11.83,11.88,10.68,14004082.999999998,0.046900000000000004,294731500.0
2015-11-10,11.62,11.37,11.76,11.11,12437359.0,0.0417,265297100.0
2015-11-11,11.37,11.28,11.45,10.96,9067701.0,0.0304,189052400.00000003
2015-11-12,11.33,11.55,11.66,11.04,11406193.0,0.0382,241033500.0
2015-11-13,11.66,11.98,12.56,11.13,20894744.0,0.07,468703200.0
2015-11-16,11.43,12.42,12.56,11.37,12084807.0,0.0405,271052100.0
2015-11-17,12.46,12.89,13.17,12.23,14316863.0,0.048,337388399.99999994
2015-11-18,12.71,12.02,12.89,11.79,7752761.0,0.026000000000000002,179214700.0
2015-11-19,12.07,12.36,12.44,11.82,7224770.0,0.0242,162737500.0
2015-11-20,12.87,13.27,13.64,12.62,16289582.999999998,0.0546,400507300.00000006
2016-03-14,11.9,11.9,11.9,11.9,618100.0,0.0021,13715600.0
2016-03-15,10.66,10.66,10.66,10.66,803200.0,0.0027,16039900.0
2016-03-16,9.68,9.57,10.29,9.55,41246491.0,0.1389,753615500.0
2016-03-17,9.83,10.13,10.22,9.65,24457671.0,0.0824,454400899.99999994
2016-03-18,10.0,10.51,10.92,9.78,20130154.0,0.0678,388836600.00000006
2016-03-21,10.56,10.65,10.96,10.47,17778465.0,0.0599,356432800.0
2016-03-22,11.1,10.83,11.42,10.78,16702867.000000002,0.0562,343895500.0
2016-03-23,10.62,11.15,11.2,10.39,11964024.0,0.0403,240754100.0
2016-03-24,10.89,10.73,11.36,10.66,14172878.0,0.04769999999999999,291224700.0
2016-03-25,10.68,11.21,11.21,10.68,11950398.0,0.0395,245924199.99999997
2016-03-28,11.27,11.03,11.65,10.99,13318295.000000002,0.0441,281658400.0
2016-03-29,11.0,10.93,11.23,10.78,8288939.999999999,0.0274,169971300.0
2016-03-30,11.06,11.27,11.38,10.92,10186816.0,0.0337,211943000.0
2016-03-31,11.28,11.07,11.32,10.96,8614028.0,0.0285,178813200.0
2016-04-01,10.96,10.63,11.07,10.46,7589952.0,0.025099999999999997,151976000.0
2016-04-05,10.57,10.95,11.01,10.57,8650684.0,0.0286,174951800.0
2016-04-06,10.85,11.34,11.5,10.85,14378518.0,0.047599999999999996,303066800.0
2016-04-07,11.15,10.85,11.34,10.85,9247232.0,0.030600000000000002,191960400.0
2016-04-08,10.75,10.65,10.84,10.23,9535341.0,0.0316,187810200.0
2016-04-11,10.66,10.82,11.01,10.66,5885617.0,0.0195,119491299.99999999
2016-04-12,10.79,10.46,10.86,10.4,4472173.0,0.0148,88636500.0
2016-04-13,10.54,10.72,10.85,10.54,4882243.0,0.016200000000000003,98362099.99999999
2016-04-14,10.76,10.83,10.87,10.63,4066850.0,0.013500000000000002,81790200.0
2016-04-22,9.9,10.87,10.9,9.9,5616279.0,0.018600000000000002,111095800.0
2016-04-25,10.8,10.35,10.85,10.16,3168140.0,0.0105,61919600.0
2016-04-26,10.25,10.46,10.49,10.22,3062116.0,0.0101,59248300.0
2016-04-27,10.4,10.45,10.61,10.35,2919718.0,0.0097,57388200.0
2016-04-28,10.62,10.68,10.82,10.46,4952269.0,0.016399999999999998,98933500.0
2016-04-29,10.68,11.12,11.18,10.68,7067484.0,0.023399999999999997,145379900.0
2016-05-03,11.1,11.53,11.63,10.99,11107782.0,0.0368,237733300.00000003
2016-05-04,11.65,11.37,11.74,11.32,8064416.0,0.026699999999999998,171989400.0
2016-05-05,11.43,11.43,11.45,11.18,3825715.0,0.0127,80674700.0
2016-05-06,11.42,10.78,11.49,10.66,6347543.0,0.021,130515800.0
2016-05-09,10.68,10.29,10.71,10.15,5004008.0,0.0166,96553900.0
2016-05-10,10.2,10.31,10.47,10.17,2366550.0,0.0078000000000000005,45536100.0
2016-05-11,10.41,10.16,10.43,9.98,2786858.0,0.0092,53164600.0
2016-05-12,10.1,10.35,10.35,9.87,2305135.0,0.0076,43733200.0
2016-05-13,10.36,10.37,10.5,10.25,1640021.0,0.0054,31792000.0
2016-05-16,10.32,10.51,10.53,9.98,2866377.0,0.0095,55157600.0
2016-05-17,10.52,10.41,10.6,10.18,2523256.0,0.0084,49156400.0
2016-05-18,10.33,9.53,10.33,9.35,5149284.0,0.017,94528600.0
2016-05-19,9.5,9.42,9.76,9.38,3075513.0,0.0102,55182200.0
2016-05-20,9.2,9.4,9.51,9.1,3980049.0,0.0132,69189500.0
2016-05-23,9.37,9.85,10.13,9.37,5138620.0,0.017,94725200.0
2016-05-24,9.82,9.76,9.88,9.61,2357954.0,0.0078000000000000005,43032299.99999999
2016-05-25,9.86,9.81,10.08,9.73,2791476.0,0.0092,52013700.0
2016-05-26,9.9,9.72,9.9,9.38,2460217.0,0.008100000000000001,44263200.0
2016-05-27,9.73,9.91,10.2,9.72,3641096.0,0.012,68369200.0
2016-05-30,9.99,10.11,10.2,9.61,2935354.0,0.0097,54874600.0
2016-05-31,10.15,10.62,10.71,10.1,5649839.0,0.0187,110715400.00000001
2016-06-01,10.71,11.12,11.37,10.71,10399975.0,0.0344,216701900.0
2016-06-02,11.07,11.26,11.47,10.82,8920928.0,0.029500000000000002,186746600.0
2016-06-03,11.23,11.7,12.2,11.15,13256525.0,0.0438,291313400.0
2016-06-06,11.65,11.7,11.99,11.53,7799024.000000001,0.0258,170605600.0
2016-06-07,11.7,11.81,11.88,11.57,4325478.0,0.0143,94256500.0
2016-06-08,11.49,11.58,11.74,11.35,4043936.0,0.0134,86673799.99999999
2016-06-13,11.32,10.98,11.65,10.98,4772655.0,0.0158,100714700.0
2016-06-14,10.99,10.99,11.34,10.82,5651230.0,0.0187,116879599.99999999
2016-06-15,10.98,12.13,12.13,10.88,10288245.0,0.034,227053700.0
2016-06-16,12.14,12.57,12.99,12.13,12444891.0,0.041100000000000005,293157800.0
2016-06-17,13.1,12.92,13.73,12.7,12479577.0,0.0412,305884800.0
2016-06-20,12.85,13.53,13.97,12.57,11861276.0,0.0392,293730700.0
2016-06-21,13.63,13.7,14.04,13.37,11309410.0,0.0374,288135900.0
2016-06-22,13.48,13.53,13.7,13.25,7324991.0,0.0242,182851000.0
2016-06-23,13.53,13.08,13.6,12.92,6681528.0,0.022099999999999998,163892900.0
2016-06-24,12.98,13.6,13.93,12.47,11300648.0,0.0373,278082400.0
2016-06-27,13.48,14.0,14.34,13.37,9257161.0,0.030600000000000002,240753100.0
2016-06-28,14.07,13.86,14.31,13.68,7290586.0,0.0241,187990900.0
2016-06-29,13.79,13.75,13.91,13.53,7388875.999999999,0.024399999999999998,187586100.0
2016-06-30,13.83,13.5,13.83,13.33,6884516.0,0.022799999999999997,172230000.0
2016-07-01,13.57,13.32,13.58,13.09,3858008.0,0.0128,95189300.0
2016-07-04,13.4,13.57,13.92,13.26,7472635.000000001,0.024700000000000003,188999600.0
2016-07-05,13.53,13.37,13.58,13.18,4697262.0,0.0155,116538900.0
2016-07-06,13.45,13.4,13.59,13.26,4149518.0,0.0137,103368799.99999999
2016-07-07,13.35,13.75,13.83,13.15,8014463.0,0.0265,200423000.0
2016-07-08,13.76,13.72,13.93,13.5,4049604.0,0.0134,102675900.0
2016-07-11,13.78,13.35,13.79,13.16,3936042.0,0.013000000000000001,98360200.0
2016-07-12,13.22,13.03,13.4,12.65,7166228.0,0.023700000000000002,172171800.0
2016-07-13,13.26,13.03,13.34,12.93,4564135.0,0.0151,110820000.0
2016-07-14,13.04,13.12,13.18,12.93,3381778.0,0.011200000000000002,81904300.0
2016-07-15,13.05,12.87,13.18,12.8,3952360.0,0.0131,95012099.99999999
2016-07-18,12.86,12.61,12.92,12.54,3331804.0,0.011000000000000001,78571800.0
2016-07-19,12.61,12.78,12.79,12.41,2369168.0,0.0078000000000000005,55468900.0
2016-07-20,12.78,13.16,13.31,12.72,5675982.0,0.018799999999999997,138039500.0
2016-07-21,13.21,13.11,13.29,13.04,2434816.0,0.008,59251200.0
2016-07-22,13.19,12.73,13.2,12.68,4009021.0,0.0132,95716000.0
2016-07-25,12.61,12.91,13.1,12.61,2384370.0,0.0079,57044000.0
2016-07-26,13.0,13.03,13.08,12.76,3106176.0,0.0103,74629000.0
2016-07-27,13.03,12.33,13.07,12.12,6230884.0,0.0206,145052200.0
2016-07-28,12.37,12.26,12.52,12.05,2680904.0,0.0089,61025400.0
2016-07-29,12.26,12.17,12.4,12.1,2770933.0,0.0092,62895500.0
2016-08-01,12.02,12.32,12.46,11.94,2619056.0,0.0087,59742400.0
2016-08-02,12.28,12.45,12.45,12.27,1563759.0,0.0052,36025600.0
2016-08-03,12.46,12.58,12.73,12.4,2577546.0,0.0085,60447299.99999999
2016-08-04,12.57,12.87,12.91,12.49,2431817.0,0.008,57598200.0
2016-08-05,12.87,12.85,12.93,12.68,2468782.0,0.008199999999999999,58708600.0
2016-08-08,12.85,12.95,12.97,12.72,3416511.0,0.0113,81343100.0
2016-08-09,13.02,13.29,13.38,12.96,4522896.0,0.0149,111232400.0
2016-08-10,13.29,13.14,13.37,13.02,2966987.0,0.0098,72556200.0
2016-08-11,13.05,13.13,13.16,12.83,3124610.0,0.0103,75370800.0
2016-08-12,13.1,13.21,13.22,12.82,2739645.0,0.0091,66368400.0
2016-08-15,13.18,13.3,13.35,12.93,4749585.0,0.015700000000000002,116017700.0
2016-08-16,13.3,13.33,13.56,13.21,3495039.0,0.0116,86703400.0
2016-08-17,13.26,13.23,13.41,13.12,2780398.0,0.0092,68121700.0
2016-08-18,13.14,12.84,13.23,12.82,3926549.0,0.013000000000000001,94438700.00000001
2016-08-19,12.88,13.09,13.09,12.77,2367623.0,0.0078000000000000005,56934100.0
2016-08-22,13.14,12.9,13.25,12.86,2206076.0,0.0073,53208000.0
2016-08-23,12.89,12.64,12.95,12.61,3493919.9999999995,0.0115,82687099.99999999
2016-08-24,12.68,12.9,13.0,12.54,2090998.0,0.0069,49682900.0
2016-08-25,13.07,12.93,13.09,12.71,2192661.0,0.0072,52667800.0
2016-08-26,12.95,13.21,13.36,12.85,4052665.0,0.0134,99251299.99999999
2016-08-29,13.18,13.26,13.55,13.12,4775682.0,0.0158,118728200.0
2016-08-30,13.27,13.37,13.43,13.16,2345353.0,0.0078000000000000005,57935100.0
2016-08-31,13.43,13.27,13.47,13.11,1967243.0,0.006500000000000001,48438300.0
2016-09-01,13.3,13.53,13.67,13.21,4203171.0,0.0139,105167900.00000001
2016-09-02,13.54,13.32,13.72,13.21,3849683.0,0.0127,96434500.0
2016-09-05,13.32,13.12,13.37,13.11,2104939.0,0.006999999999999999,51576800.0
2016-09-06,13.12,13.43,13.53,12.94,2894568.0,0.0096,71136200.0
2016-09-07,13.43,13.42,13.6,13.37,1936218.9999999998,0.0064,48317299.99999999
2016-09-08,13.42,13.3,13.48,13.21,1632908.0,0.0054,40413600.0
2016-09-09,13.3,14.03,14.3,13.21,8054271.000000001,0.026600000000000002,208812400.00000003
2016-09-12,13.82,13.45,13.94,13.3,5505905.0,0.0182,138936600.0
2016-09-13,13.47,13.48,13.6,13.31,2593298.0,0.0086,64674799.99999999
2016-09-14,13.4,12.93,13.48,12.9,3994768.0,0.0132,97293300.0
2016-09-19,12.93,12.98,13.17,12.86,2796394.0,0.0092,67442000.0
2016-09-20,12.98,12.93,13.03,12.82,1977133.0000000002,0.006500000000000001,47347200.0
2016-09-21,12.93,13.04,13.15,12.93,1537955.0,0.0051,37279000.0
2016-09-22,13.05,12.96,13.12,12.93,2424864.0,0.008,58596000.0
2016-09-23,13.08,13.01,13.11,12.96,1157964.0,0.0038,28042600.000000004
2016-09-26,13.03,12.6,13.03,12.6,1956795.0,0.006500000000000001,46508900.0
2016-09-27,12.59,12.85,12.97,12.54,1717711.0,0.005699999999999999,40498600.0
2016-09-28,13.07,13.12,13.59,13.03,4242467.0,0.013999999999999999,105001900.0
2016-09-29,13.07,13.21,13.46,13.05,2549968.0,0.0084,62890800.0
2016-09-30,13.13,13.17,13.25,13.04,1575807.0,0.0052,38421100.0
2016-10-10,13.22,13.58,13.67,13.22,4740209.0,0.015700000000000002,119081700.0
2016-10-11,13.62,13.61,13.69,13.48,2266472.0,0.0075,57044700.0
2016-10-12,13.61,13.65,13.68,13.46,1923306.0000000002,0.0064,48301000.0
2016-10-13,13.65,13.67,13.68,13.49,1833105.0,0.0060999999999999995,46154600.0
2016-10-14,13.67,13.53,13.67,13.43,2064373.0,0.0068000000000000005,51660700.0
2016-10-17,13.6,13.47,13.65,13.44,2489318.0,0.008199999999999999,62682900.0
2016-10-18,13.41,13.83,14.01,13.38,3359324.0,0.0111,85656700.0
2016-10-19,13.91,13.87,14.01,13.77,3257995.0,0.0108,84000300.0
2016-10-20,13.87,13.59,13.92,13.58,2555804.0,0.0084,65028300.0
2016-10-21,13.51,13.67,13.75,13.49,1696031.0000000002,0.005600000000000001,42826200.0
2016-10-24,13.7,13.78,13.9,13.48,2924076.0,0.0097,74556800.0
2016-10-25,13.78,13.65,13.84,13.54,2970825.0,0.0098,75094100.0
2016-10-26,13.65,13.5,13.68,13.48,2003375.9999999998,0.0066,50359300.0
2016-10-27,13.55,13.67,13.9,13.51,3083684.0,0.0102,78598400.0
2016-10-28,13.67,13.74,13.92,13.63,3239204.0,0.010700000000000001,82697900.00000001
2016-10-31,13.71,13.3,13.73,13.15,3503268.0,0.0116,86891000.0
2016-11-01,13.32,13.37,13.42,13.21,2133620.0,0.0070999999999999995,52699700.0
2016-11-02,13.37,13.38,13.62,13.25,2441001.0,0.008100000000000001,60978400.0
2016-11-03,13.37,13.31,13.46,13.27,1468515.0,0.0048,36387800.0
2016-11-04,13.4,13.14,13.4,13.03,2407988.0,0.0079,58734200.0
2016-11-07,13.05,12.98,13.14,12.91,2495024.0,0.008199999999999999,60093100.00000001
2016-11-08,13.04,13.06,13.1,12.97,1337090.0,0.0044,32359300.0
2016-11-09,13.06,12.88,13.08,12.66,2134274.0,0.006999999999999999,51081400.0
2016-11-10,13.12,13.13,13.22,12.98,1967355.0,0.006500000000000001,47861100.0
2016-11-11,13.14,12.93,13.26,12.82,3127745.0,0.0103,75455700.0
2016-11-14,12.98,13.08,13.1,12.85,3318398.0000000005,0.011000000000000001,80005500.0
2016-11-15,13.04,13.01,13.12,12.85,2576424.0,0.0085,61932700.00000001
2016-11-16,13.03,13.27,13.36,12.98,3757693.0,0.0124,92243500.0
2016-11-17,13.28,13.06,13.33,12.97,1941550.9999999998,0.0064,47004100.0
2016-11-18,13.01,12.96,13.1,12.93,1421151.0,0.004699999999999999,34212300.0
2016-11-21,12.87,13.04,13.18,12.83,2404707.0,0.0079,57963500.0
2016-11-22,13.0,13.04,13.08,12.95,2099324.0,0.0069,50770300.0
2016-11-23,13.04,12.76,13.1,12.71,3918914.0,0.0129,93551100.0
2016-11-24,12.71,12.76,12.87,12.64,2660173.0,0.0088,62998400.0
2016-11-25,12.68,12.9,12.92,12.68,2172073.0,0.0072,51835500.0
2016-11-28,12.89,12.76,13.04,12.74,2577340.0,0.0085,61561600.0
2016-11-29,12.76,12.62,12.83,12.61,2160771.0,0.0070999999999999995,51121300.0
2016-11-30,12.54,12.47,12.71,12.43,2702759.0,0.0089,63082600.0
2016-12-01,12.56,12.58,12.8,12.48,2655071.0,0.0088,62397900.0
2016-12-02,12.63,12.67,12.68,12.5,1721293.0,0.005699999999999999,40235100.0
2016-12-05,12.58,12.55,12.75,12.5,1404061.0,0.0046,32887500.0
2016-12-06,12.57,12.69,12.7,12.55,1414602.0,0.004699999999999999,33168700.0
2016-12-07,12.68,12.82,12.88,12.58,1931066.0,0.0064,45819700.0
2016-12-08,12.89,12.52,12.89,12.5,1985537.0,0.0066,46569600.0
2016-12-09,12.56,12.23,12.61,12.16,2461153.0,0.008100000000000001,56622100.0
2016-12-12,12.21,11.76,12.28,11.63,5079303.0,0.0168,112237600.0
2016-12-13,11.73,11.98,12.12,11.62,3035021.0,0.01,66927900.0
2016-12-14,11.98,11.62,12.07,11.36,3292951.9999999995,0.0109,71640500.0
2016-12-15,11.53,11.37,11.67,11.15,4439382.0,0.0147,94266100.0
2016-12-16,11.38,11.84,11.94,11.27,4868235.0,0.0161,105255300.0
2016-12-19,11.84,11.77,12.02,11.64,2262454.0,0.0075,49813000.0
2016-12-20,11.7,11.81,11.81,11.6,1364960.0,0.0045000000000000005,29706500.0
2016-12-21,11.82,11.78,11.98,11.64,2124664.0,0.006999999999999999,46606400.0
2016-12-22,11.82,11.65,11.82,11.45,2690177.0,0.0089,58082000.0
2016-12-23,11.64,11.62,11.68,11.45,1803016.9999999998,0.006,38803200.0
2016-12-26,11.59,11.43,11.59,11.15,1917089.0,0.0063,40607800.0
2016-12-27,11.4,11.29,11.52,11.21,2359666.0,0.0078000000000000005,49967400.0
2016-12-28,11.18,11.37,11.41,11.15,1772700.0,0.0059,37496300.0
2016-12-29,11.43,11.6,11.68,11.36,2951256.0,0.0096,63793500.0
2016-12-30,11.6,11.73,11.87,11.55,2592993.0,0.0085,56648000.0
2017-01-03,11.87,11.67,11.91,11.61,2264442.0,0.0074,49561600.0
2017-01-04,11.71,11.66,11.77,11.55,2483616.0,0.008100000000000001,53814799.99999999
2017-01-05,11.65,11.66,11.84,11.61,3879346.0,0.0127,84604400.0
2017-01-06,11.68,11.37,11.73,11.33,3571481.0,0.011699999999999999,76047600.0
2017-01-09,11.63,11.48,11.63,11.31,3945419.9999999995,0.0129,83902200.0
2017-01-10,11.52,11.49,11.52,11.38,2708888.0,0.0088,57892200.0
2017-01-18,10.98,10.98,11.27,10.52,6571799.000000001,0.0215,133415300.0
2017-01-19,10.77,10.9,11.01,10.77,1201550.0,0.0039000000000000003,24456900.0
2017-01-20,10.91,11.18,11.21,10.9,1489165.0,0.0049,30859800.0
2017-01-23,11.25,11.13,11.27,11.05,1433000.0,0.004699999999999999,29717300.0
2017-01-24,11.13,11.08,11.13,11.06,823358.0,0.0023,17034100.0
2017-01-25,11.04,11.16,11.26,11.03,971084.0,0.0028000000000000004,20182600.0
2017-01-26,11.21,11.36,11.36,11.17,1125629.0,0.0032,23608400.0
2017-02-03,11.34,11.26,11.34,11.18,699439.0,0.002,14628500.0
2017-02-06,11.17,11.26,11.26,11.08,3477887.0000000005,0.009899999999999999,72530400.0
2017-02-07,11.31,11.21,11.37,11.15,1782674.0000000002,0.0051,37297600.0
2017-02-08,11.18,11.15,11.2,10.96,1184833.0,0.0034000000000000002,24526500.0
2017-02-09,11.15,11.22,11.4,11.12,2151530.0,0.0060999999999999995,45214700.0
2017-02-10,11.38,11.43,11.51,11.38,2863877.0,0.008100000000000001,61036100.0
2017-02-13,11.4,11.48,11.6,11.28,1985852.0,0.005600000000000001,42523000.0
2017-02-14,11.46,11.51,11.62,11.41,1727170.0,0.0049,37028700.0
2017-02-15,11.53,11.59,11.71,11.48,2590163.0,0.0073,56059600.0
2017-02-16,11.55,11.48,11.67,11.44,1266817.0,0.0036,27211900.0
2017-02-17,11.44,11.3,11.51,11.27,1404400.0,0.004,29775300.000000004
2017-02-20,11.29,11.37,11.4,11.25,1494800.0,0.0042,31539400.0
2017-02-21,11.4,11.46,11.5,11.26,2146813.0,0.0060999999999999995,45613100.00000001
2017-02-22,11.46,11.43,11.52,11.35,2294884.0,0.006500000000000001,48813000.0
2017-02-23,11.47,11.55,11.58,11.46,1643213.0,0.0046,35261100.0
2017-02-24,11.68,11.72,11.74,11.47,2406371.0,0.0068000000000000005,52169600.0
2017-02-27,11.73,11.6,11.73,11.56,1811364.0,0.0051,39178300.0
2017-02-28,11.65,11.48,11.65,11.47,1101389.0,0.0031,23638500.0
2017-03-01,11.52,11.61,11.66,11.48,1372339.0,0.0039000000000000003,29629699.999999996
2017-03-02,11.62,11.58,11.65,11.45,1686133.0000000002,0.0048,36241800.0
2017-03-03,11.55,11.76,12.32,11.48,3364672.0,0.0095,73924400.0
2017-03-06,11.83,11.82,11.92,11.71,2597820.0,0.0073,57261400.0
2017-03-07,11.85,12.07,12.24,11.85,5004965.0,0.0141,112629700.0
2017-03-08,12.1,12.16,12.25,11.97,3140166.0,0.0089,70750800.0
2017-03-09,12.12,12.18,12.18,11.98,1977156.0000000002,0.005600000000000001,44339700.0
2017-03-10,12.17,12.38,12.4,12.02,3131828.0,0.0088,71319400.0
2017-03-13,12.31,12.42,12.43,12.18,3120594.0,0.0088,71608600.0
2017-03-14,12.37,12.38,12.45,12.27,2907052.0,0.008199999999999999,66722100.0
2017-03-15,12.38,12.31,12.38,12.16,2168033.0,0.0060999999999999995,49333800.0
2017-03-16,12.31,12.32,12.4,12.22,2238283.0,0.0063,51196400.0
2017-03-17,12.36,12.03,12.36,11.98,2030563.0,0.005699999999999999,46079399.99999999
2017-03-20,12.05,12.12,12.13,11.92,1618542.0,0.0046,36143500.0
2017-03-21,12.07,12.11,12.11,11.93,1935439.0,0.0055000000000000005,43305300.0
2017-03-22,12.02,12.05,12.12,12.0,1127699.0,0.0032,25280400.0
2017-03-23,12.1,11.94,12.22,11.88,2232485.0,0.0063,50165000.0
2017-03-24,11.98,11.98,12.01,11.85,2928892.0,0.0083,64954399.99999999
2017-03-27,11.99,11.91,12.03,11.86,1946741.9999999998,0.0055000000000000005,43189900.0
2017-03-28,11.92,11.84,11.96,11.76,1786330.0,0.005,39385500.0
2017-03-29,11.84,11.68,11.84,11.68,1645664.0,0.0046,35985600.0
2017-03-30,11.67,11.34,11.68,11.19,2881737.0,0.008100000000000001,61168700.0
2017-03-31,11.36,11.05,11.48,10.98,3771141.0000000005,0.0106,78345200.0
2017-04-05,11.0,11.01,11.2,10.96,9219420.0,0.026000000000000002,189820099.99999997
2017-04-06,11.15,11.19,11.51,11.06,6090773.0,0.0172,127966600.0
2017-04-07,11.2,11.43,11.45,11.19,4406261.0,0.0124,93148900.0
2017-04-10,11.38,11.16,11.45,11.15,4431848.0,0.0125,93367600.0
2017-04-11,11.17,11.46,11.46,11.17,3648961.0,0.0103,77427200.0
2017-04-12,11.54,11.31,11.7,11.29,2915118.0,0.008199999999999999,62488200.0
2017-04-13,11.31,11.29,11.44,11.26,1750470.0,0.0049,36994300.0
2017-04-14,11.32,10.96,11.37,10.89,3853680.0000000005,0.0109,79656800.0
2017-04-17,10.93,11.0,11.15,10.85,2473026.0,0.006999999999999999,50741800.0
2017-04-18,11.0,11.01,11.13,10.91,1437013.0,0.0040999999999999995,29605700.0
2017-04-19,10.96,11.1,11.15,10.65,2916183.0,0.008199999999999999,59179700.0
2017-04-20,11.04,11.12,11.22,10.79,3882911.0,0.011000000000000001,79509200.0
2017-04-21,11.17,11.11,11.31,11.1,1963124.0000000002,0.0055000000000000005,40980700.0
2017-04-24,11.21,11.1,11.21,10.91,1597818.0,0.0045000000000000005,33034699.999999996
2017-04-25,11.07,11.16,11.25,11.07,1765783.0000000002,0.005,36775300.0
2017-04-26,11.16,11.11,11.23,11.1,1596872.0,0.0045000000000000005,33256800.0
2017-04-27,11.07,11.2,11.22,10.71,2333280.0,0.0066,47904100.0
2017-04-28,11.17,11.32,11.4,11.11,3833212.0000000005,0.0108,80755300.0
2017-05-02,11.4,11.16,11.4,11.15,1689654.0,0.0048,35378700.0
2017-05-03,11.12,10.94,11.15,10.85,2726858.0,0.0077,55754399.99999999
2017-05-04,10.92,10.82,10.98,10.8,2134823.0,0.006,43328100.00000001
2017-05-05,10.83,10.81,10.87,10.72,1411100.0,0.004,28413600.0
2017-05-08,10.76,10.57,10.81,10.57,2516086.0,0.0070999999999999995,50064399.99999999
2017-05-09,10.52,10.58,10.64,10.34,1828727.0,0.0052,35862900.0
2017-05-10,10.58,10.38,10.76,10.3,1912481.0000000002,0.0054,37720900.0
2017-05-11,10.32,10.18,10.32,9.77,4280304.0,0.0121,80658600.0
2017-05-12,10.21,10.22,10.32,9.99,2766104.0,0.0078000000000000005,52734700.0
2017-05-15,10.23,10.27,10.32,10.21,1236418.0,0.0034999999999999996,23739500.0
2017-05-16,10.33,10.66,10.68,10.15,2430450.0,0.0069,47422600.0
2017-05-17,10.68,10.6,10.83,10.56,2883070.0,0.008100000000000001,57717900.0
2017-05-18,10.62,10.6,10.65,10.43,1197600.0,0.0034000000000000002,23623500.0
2017-05-19,10.62,10.63,10.71,10.35,3104645.0,0.0049,33736000.0
2017-05-22,10.62,10.2,10.63,9.9,4424886.0,0.0069,47161700.0
2017-05-23,10.12,9.73,10.19,9.63,7865857.000000001,0.0123,80525700.0
2017-05-24,9.68,9.72,9.85,9.6,5264058.0,0.0083,52869399.99999999
2017-05-25,9.72,9.91,9.92,9.56,3978744.0,0.0062,40081100.0
2017-05-26,9.86,9.71,9.93,9.63,3603908.9999999995,0.005699999999999999,36432800.0
2017-05-31,9.88,9.67,9.91,9.62,3440133.0,0.0054,34655300.0
2017-06-01,9.66,9.05,9.69,9.04,9265558.0,0.014499999999999999,88909599.99999999
2017-06-02,8.97,9.16,9.31,8.81,4107086.0,0.0064,38556300.0
2017-06-05,9.13,9.56,9.73,9.13,7843580.0,0.0123,77554500.0
2017-06-06,9.56,9.64,9.75,9.46,3092497.0,0.0048,30949400.0
2017-06-07,9.63,9.94,9.94,9.58,3517062.0000000005,0.0055000000000000005,35857800.0
2017-06-08,9.92,9.86,10.0,9.8,2736641.0,0.0043,28024800.0
2017-06-09,9.83,9.76,9.92,9.73,3215947.0,0.005,32662100.0
2017-06-12,9.66,9.68,9.87,9.65,2130223.0,0.0033,21514200.0
2017-06-13,9.95,9.9,9.95,9.65,3739110.0,0.0059,37993300.0
2017-06-14,9.9,9.84,9.91,9.7,4424860.0,0.0069,44747700.00000001
2017-06-15,9.85,10.16,10.26,9.77,6660013.0,0.0104,69605300.0
2017-06-16,10.29,10.12,10.29,10.02,3624093.0,0.005699999999999999,38060000.0
2017-06-19,10.06,10.03,10.13,9.88,3665537.9999999995,0.005699999999999999,37933400.0
2017-06-20,10.05,10.07,10.15,10.0,3172943.0,0.005,33039100.0
2017-06-21,10.07,9.89,10.07,9.86,2767250.0,0.0043,28421400.0
2017-06-22,9.83,9.82,10.01,9.8,3040711.0,0.0048,31138300.0
2017-06-23,9.8,9.97,9.99,9.75,2385111.0,0.0037,24388400.0
2017-06-26,9.96,10.05,10.07,9.81,2720120.0,0.0043,28051300.0
2017-06-27,9.97,9.94,10.18,9.89,3083515.0,0.0048,31991700.0
2017-06-28,9.89,9.82,9.97,9.74,2720867.0,0.0043,27723700.0
2017-06-29,9.82,9.81,9.9,9.77,2851887.0,0.0045000000000000005,29028400.0
2017-06-30,9.8,9.82,9.88,9.68,2600262.0,0.0040999999999999995,26324000.0
2017-07-03,9.79,9.93,9.95,9.73,2177425.0,0.0034000000000000002,22238000.0
2017-07-04,10.0,9.73,10.0,9.71,3749660.0,0.0059,38050100.0
2017-07-05,9.73,9.77,9.82,9.68,3310247.0,0.0052,33453800.0
2017-07-06,9.78,9.8,9.82,9.71,2554047.0,0.004,25823900.0
2017-07-07,9.85,9.76,9.91,9.67,4306180.0,0.0068000000000000005,43530900.0
2017-07-10,9.77,9.61,9.78,9.52,6210635.0,0.0095,61976899.99999999
2017-07-11,9.61,9.3,9.61,9.24,5595031.0,0.0085,54600400.0
2017-07-12,9.25,9.19,9.32,9.08,5203666.0,0.0079,49445800.0
2017-07-13,9.2,9.08,9.24,9.06,4651840.0,0.0070999999999999995,44070100.0
2017-07-14,9.07,9.4,9.4,8.95,9643883.0,0.0147,91297000.0
2017-07-17,9.35,9.07,9.36,8.86,9722682.0,0.0148,91345800.0
2017-07-18,8.93,8.86,9.04,8.7,6741839.999999999,0.0103,62019399.99999999
2017-07-19,8.83,8.9,8.91,8.71,4666002.0,0.0070999999999999995,42754300.0
2017-07-20,8.9,9.28,9.35,8.8,10432246.0,0.0159,98928700.00000001
2017-07-21,9.24,9.18,9.3,9.07,5658508.0,0.0086,53855300.0
2017-07-24,9.14,9.06,9.16,8.92,5934906.0,0.0091,55608900.0
2017-07-25,9.07,9.22,9.22,8.96,4831052.0,0.0074,45646300.0
2017-07-26,9.18,9.37,9.57,9.18,8929603.0,0.013600000000000001,87396700.0
2017-07-27,9.36,9.95,10.0,9.35,16293554.0,0.024900000000000002,165479100.0
2017-07-28,9.9,9.9,10.14,9.83,7691824.000000001,0.011699999999999999,79378500.0
2017-07-31,9.91,10.1,10.17,9.81,10479108.0,0.016,108306200.00000001
2017-08-01,10.07,9.94,10.15,9.88,5661763.0,0.0086,58634799.99999999
2017-08-02,9.9,9.98,10.02,9.84,5612179.0,0.0086,57644399.99999999
2017-08-03,9.99,10.03,10.2,9.87,5663460.0,0.0086,58789200.0
2017-08-04,9.97,9.88,10.05,9.73,5892260.0,0.009000000000000001,60216899.99999999
2017-08-07,9.94,9.96,10.07,9.85,3117276.0,0.0048,32091000.0
2017-08-08,9.9,10.29,10.32,9.88,8102035.000000001,0.0124,85096500.0
2017-08-09,10.31,10.26,10.56,10.17,7709817.0,0.0118,82887400.0
2017-08-10,10.19,10.3,10.4,10.04,5883999.0,0.009000000000000001,62066600.0
2017-08-11,10.15,10.02,10.28,9.99,6058611.0,0.0092,63612400.0
2017-08-14,9.8,10.3,10.33,9.8,7369428.999999999,0.011200000000000002,77167200.0
2017-08-15,10.35,10.12,10.35,10.1,4539983.0,0.0069,48002800.0
2017-08-16,10.18,10.09,10.27,10.07,9634632.0,0.0147,101421600.0
2017-08-17,10.13,10.45,10.49,10.05,8803298.0,0.0134,93517900.00000001
2017-08-18,10.35,10.36,10.43,10.26,7044162.0,0.0108,75226600.0
2017-08-21,10.36,9.95,10.43,9.63,24160707.0,0.0369,247731300.0
2017-08-22,9.86,9.68,9.95,9.65,13001237.0,0.019799999999999998,131519599.99999999
2017-08-23,9.72,9.51,9.76,9.47,7329280.0,0.011200000000000002,72854800.0
2017-08-24,9.46,9.37,9.54,9.33,6312200.0,0.0096,61550700.0
2017-08-25,9.35,9.38,9.51,9.33,8974869.0,0.0137,87442600.0
2017-08-28,9.37,9.59,9.63,9.36,10257217.0,0.015700000000000002,101014800.0
2017-08-29,9.58,9.35,9.58,9.32,8196556.0,0.0125,79941600.0
2017-08-30,9.33,9.35,9.46,9.32,6115407.0,0.009300000000000001,59506500.0
2017-08-31,9.38,9.41,9.47,9.28,7649560.000000001,0.011699999999999999,74385900.0
2017-09-01,9.37,9.43,9.5,9.37,6150244.0,0.009399999999999999,60158200.0
2017-09-04,9.43,9.67,9.78,9.36,11404157.0,0.0174,113206700.0
2017-09-05,9.63,9.71,9.83,9.6,9161416.0,0.013999999999999999,92266200.00000001
2017-09-06,9.65,9.82,9.85,9.61,7265985.000000001,0.0111,73493800.0
2017-09-07,9.85,9.88,10.1,9.8,9988812.0,0.0152,102624200.0
2017-09-08,9.89,9.73,9.95,9.61,7154356.0,0.0109,72237800.0
2017-09-11,9.7,9.69,9.77,9.63,6353306.0,0.0097,63755900.0
2017-09-12,9.72,9.82,9.95,9.66,7830364.0,0.012,79508200.0
2017-09-13,9.77,9.78,9.85,9.66,5507712.0,0.0084,55606000.0
2017-09-14,9.79,9.71,9.81,9.65,4715361.0,0.0072,47436899.99999999
2017-09-15,9.69,9.63,9.7,9.56,3419576.9999999995,0.0052,34036800.0
2017-09-18,9.61,9.79,9.81,9.57,3532258.0,0.0054,35660900.0
2017-09-19,9.8,9.63,9.85,9.6,4071544.0,0.0062,40942700.0
2017-09-20,9.64,10.05,10.12,9.62,14438014.000000002,0.022000000000000002,148249500.0
2017-09-21,9.98,10.04,10.29,9.92,15548635.999999998,0.023700000000000002,162180100.0
2017-09-22,10.0,10.15,10.15,9.87,8891254.0,0.013600000000000001,92259900.0
2017-09-25,10.11,9.66,10.2,9.6,12830833.0,0.0196,132136299.99999999
2017-09-26,9.62,9.46,9.71,9.33,8226562.0,0.0126,81311100.0
2017-09-27,9.47,9.4,9.53,9.4,5383220.0,0.008199999999999999,52775800.0
2017-09-28,9.41,9.24,9.49,9.21,9847541.0,0.015,95436800.0
2017-09-29,9.25,9.15,9.3,9.07,10493300.0,0.016,99890700.0
2017-10-09,9.27,9.43,9.48,9.21,10738904.0,0.016399999999999998,104176400.0
2017-10-10,9.43,9.54,9.58,9.27,10327089.0,0.0158,100560500.0
2017-10-11,9.46,9.58,9.63,9.44,6255200.0,0.0095,61964600.0
2017-10-12,9.6,9.51,9.61,9.46,6954047.0,0.0106,68790800.0
2017-10-13,9.48,9.43,9.51,9.37,5417983.0,0.0083,52984500.0
2017-10-16,9.44,9.12,9.45,9.02,8577088.0,0.0131,81871200.0
2017-10-17,9.08,9.04,9.12,8.86,5057660.0,0.0077,47352400.0
2017-10-18,9.02,8.99,9.11,8.98,3262840.0,0.005,30683100.0
2017-10-19,8.99,8.83,9.05,8.75,5437780.0,0.0083,50221100.0
2017-10-20,8.87,8.95,8.99,8.76,3730658.0,0.005699999999999999,34480900.0
2017-10-23,8.95,8.92,9.0,8.85,5085510.0,0.0078000000000000005,47068100.00000001
2017-10-24,8.9,8.95,8.98,8.86,4226654.0,0.006500000000000001,39199200.0
2017-10-25,8.98,9.24,9.28,8.98,8514192.0,0.013000000000000001,81292100.0
2017-10-26,9.15,9.31,9.33,9.07,6152260.0,0.009399999999999999,58923800.0
2017-10-27,9.31,9.27,9.38,9.24,4962780.0,0.0076,47932100.0
2017-10-30,9.37,9.29,9.39,9.1,5948083.0,0.0091,57147400.0
2017-10-31,9.29,9.24,9.32,9.15,3758376.9999999995,0.005699999999999999,35910800.0
2017-11-01,9.19,9.28,9.4,9.15,6787556.0,0.0104,65354799.99999999
2017-11-02,9.21,9.45,9.57,9.21,8283380.0,0.0126,81342500.0
2017-11-03,9.45,9.71,10.03,9.35,18316506.0,0.027999999999999997,185616100.0
2017-11-06,9.76,10.15,10.29,9.76,20420768.0,0.031200000000000002,213365400.0
2017-11-07,10.16,10.05,10.19,9.95,9131993.0,0.0139,94954300.0
2017-11-08,10.0,9.97,10.11,9.81,7705522.0,0.011699999999999999,79509100.0
2017-11-09,9.97,10.16,10.22,9.9,8742611.0,0.013300000000000001,91315800.0
2017-11-10,10.29,11.21,11.21,10.2,31252615.000000004,0.0475,357011800.0
2017-11-13,11.21,10.83,11.32,10.76,27599628.999999996,0.04190000000000001,314281600.0
2017-11-14,10.99,10.98,11.32,10.86,21591384.0,0.0325,247923400.0
2017-11-15,10.87,11.17,11.76,10.87,22185476.0,0.0333,260192400.00000003
2017-11-16,11.17,11.3,11.73,11.15,19499119.0,0.029300000000000003,229878200.0
2017-11-17,11.35,11.09,11.68,10.95,15398399.0,0.0231,178820900.0
2017-11-20,10.95,11.43,11.44,10.66,9090291.0,0.0137,103645000.0
2017-11-21,11.55,11.75,12.08,11.26,22127593.0,0.0333,265190800.00000003
2017-11-22,11.65,11.49,11.74,11.31,12432959.0,0.0187,147166000.0
2017-11-23,11.37,10.68,11.47,10.65,14252614.000000002,0.021400000000000002,160877800.0
2017-11-24,10.65,10.8,11.08,10.6,12075932.0,0.0182,135473800.0
2017-11-27,10.71,10.1,11.13,10.07,15507359.0,0.0233,170948100.0
2017-11-28,10.24,10.68,10.8,10.2,16207094.0,0.024399999999999998,175963200.0
2017-11-29,10.9,11.15,11.31,10.73,19834514.0,0.0298,225745200.0
2017-11-30,11.05,10.87,11.3,10.75,12036712.0,0.0181,137084200.0
2017-12-01,10.89,11.7,11.99,10.89,40990893.0,0.0616,491987400.0
2017-12-04,11.75,11.8,12.04,11.45,26531096.999999996,0.039900000000000005,322327900.0
2017-12-05,11.65,11.35,11.77,11.0,21500193.0,0.0323,252376600.0
2017-12-06,11.25,11.93,11.93,11.11,22809140.0,0.034300000000000004,271072800.0
2017-12-07,11.75,11.85,12.33,11.7,25876999.0,0.038900000000000004,320179900.0
2017-12-08,11.75,12.05,12.16,11.48,16543642.000000002,0.024900000000000002,203150700.0
2017-12-11,11.92,11.92,12.12,11.68,21008107.0,0.0316,255690900.0
2017-12-12,11.88,12.45,12.73,11.7,36125159.0,0.054299999999999994,455164900.0
2017-12-13,12.26,12.55,12.58,12.25,20142488.0,0.030299999999999997,256909100.0
2017-12-14,12.5,12.5,12.99,12.36,23005868.0,0.0346,298467600.0
2017-12-15,12.47,12.15,12.5,12.08,19875343.0,0.029900000000000003,250513900.0
2017-12-18,12.05,11.74,12.21,11.6,14306041.0,0.0215,173942700.0
2017-12-19,11.65,11.79,11.97,11.65,10577333.0,0.0159,128945900.0
2017-12-20,12.15,11.8,12.38,11.69,26118354.0,0.0393,324775600.0
2017-12-21,12.0,12.35,12.45,11.75,26544390.999999996,0.039900000000000005,332742100.0
2017-12-22,12.23,12.05,12.3,12.02,17519439.0,0.0263,218879500.0
2017-12-25,11.99,11.32,12.1,11.26,21660476.0,0.0326,258892300.0
2017-12-26,11.31,11.24,11.37,10.93,14956403.0,0.0225,171873200.0
2017-12-27,11.15,11.05,11.3,11.0,10348269.0,0.015600000000000001,118708000.0
2017-12-28,10.95,11.05,11.2,10.91,8172014.0,0.0123,93405800.0
2017-12-29,11.01,11.06,11.3,10.7,14320887.0,0.0215,162628800.0
2018-01-02,11.06,11.33,11.38,10.97,13131357.0,0.0197,152043100.0
2018-01-03,11.4,11.23,11.4,11.07,11156847.0,0.0168,129192400.0
2018-01-04,11.23,11.6,11.71,11.13,20713933.0,0.0311,245462700.0
2018-01-05,11.5,11.47,11.88,11.47,13455646.0,0.0202,161374200.0
2018-01-08,11.45,11.32,11.52,10.99,18693576.0,0.0281,215208100.0
2018-01-09,11.33,11.87,11.9,11.17,17691762.0,0.026600000000000002,210268900.0
2018-01-10,11.75,12.2,12.34,11.75,21212033.0,0.0319,264430600.0
2018-01-11,12.18,12.21,12.28,11.97,9418732.0,0.014199999999999999,117483300.0
2018-01-12,12.13,11.65,12.2,11.65,12836292.0,0.019299999999999998,158022600.0
2018-01-15,11.68,11.66,11.89,11.48,12430004.0,0.0187,150025600.0
2018-01-16,11.49,11.41,11.78,11.15,14706301.999999998,0.022099999999999998,172283600.0
2018-01-17,11.53,11.14,11.63,10.67,16167414.000000002,0.024300000000000002,185190700.0
2018-01-18,10.95,10.8,11.14,10.67,13017816.0,0.0196,145826500.0
2018-01-19,10.8,10.6,10.88,10.54,11345639.0,0.0171,125783500.0
2018-01-22,10.46,10.77,10.9,10.35,8791605.0,0.0132,96790500.0
2018-01-23,10.8,10.61,10.83,10.46,10862093.0,0.0163,118676000.0
2018-01-24,10.61,11.04,11.1,10.55,13115925.0,0.0197,147363600.0
2018-01-25,11.09,10.81,11.18,10.77,10171526.0,0.015300000000000001,115241200.00000001
2018-01-26,10.81,10.67,10.9,10.55,8136792.0,0.012199999999999999,89637300.0
2018-01-29,10.63,10.74,10.84,10.55,7690812.0,0.0116,85001800.0
2018-01-30,10.8,10.76,10.99,10.7,5455686.0,0.008199999999999999,61137000.0
2018-01-31,10.72,10.4,10.75,10.4,7141575.0,0.010700000000000001,77989500.0
2018-02-01,10.28,9.52,10.35,9.45,16518882.999999998,0.0248,168289199.99999997
2018-02-02,9.52,9.78,9.95,9.17,8099399.000000001,0.012199999999999999,81100600.0
2018-02-05,9.6,9.54,9.98,9.51,7080916.0,0.0106,71070200.0
2018-02-06,9.27,9.2,9.4,9.06,11838770.0,0.0178,113570400.00000001
2018-02-07,9.34,8.84,9.48,8.25,17859527.0,0.0269,162424800.0
2018-02-08,8.75,9.11,9.23,8.58,8089928.999999999,0.012199999999999999,75678500.0
2018-02-09,8.77,9.01,9.21,8.68,9473905.0,0.014199999999999999,89013200.0
2018-02-12,9.18,9.22,9.35,9.04,6614500.0,0.009899999999999999,63292800.0
2018-02-13,9.33,9.15,9.4,9.15,5424281.0,0.008199999999999999,52283100.00000001
2018-02-14,9.14,9.15,9.24,8.97,2383320.0,0.0036,22554000.0
2018-02-22,9.26,9.76,9.91,9.17,10063558.0,0.0151,101103700.00000001
2018-02-23,9.75,9.55,9.86,9.43,6597725.0,0.009899999999999999,65397100.0
2018-02-26,9.65,9.92,10.01,9.49,9568080.0,0.0144,97614400.0
2018-02-27,9.94,9.87,10.22,9.84,9056247.0,0.013600000000000001,93846000.0
2018-02-28,9.79,10.01,10.17,9.73,9972816.0,0.015,103630000.0
2018-03-01,9.85,10.37,10.41,9.85,10388148.0,0.015600000000000001,109408600.0
2018-03-02,10.39,10.12,10.6,10.0,10270153.0,0.0154,109225800.0
2018-03-05,10.14,10.2,10.26,9.97,6210976.0,0.009300000000000001,65031700.0
2018-03-06,10.29,10.28,10.47,10.05,9701330.0,0.0146,103081000.0
2018-03-07,10.23,10.1,10.4,10.02,6633145.0,0.01,69876200.0
2018-03-08,10.01,10.18,10.19,9.95,4846473.0,0.0073,50537299.99999999
2018-03-09,10.24,10.65,10.78,10.11,14731001.999999998,0.0222,160077500.0
2018-03-12,10.65,11.09,11.27,10.65,14483915.0,0.0218,164759199.99999997
2018-03-13,11.01,10.86,11.09,10.85,7627916.0,0.0115,86202800.0
2018-03-14,10.8,10.76,11.15,10.75,7440653.0,0.011200000000000002,83711299.99999999
2018-03-15,10.79,10.97,10.97,10.51,9826180.0,0.0148,108854000.0
2018-03-16,11.01,10.58,11.01,10.58,8123394.0,0.012199999999999999,90244900.0
2018-03-19,10.59,10.7,10.79,10.41,8563415.0,0.0129,93989700.0
2018-03-20,10.61,10.53,10.7,10.39,6711239.999999999,0.0101,72999500.0
2018-03-21,10.6,10.26,10.71,10.21,10903780.0,0.016399999999999998,117590200.0
2018-03-22,10.23,9.76,10.35,9.75,17080518.0,0.025699999999999997,175419600.0
2018-03-23,9.45,8.91,9.57,8.75,16745623.000000002,0.0252,159372100.0
2018-03-26,8.71,9.25,9.4,8.71,13368271.0,0.020099999999999996,127037700.0
2018-03-27,9.38,9.68,9.69,9.25,15149107.0,0.022799999999999997,149053700.0
2018-03-28,9.5,9.43,9.61,9.37,8124481.0,0.012199999999999999,79869800.0
2018-03-29,9.49,9.54,9.77,9.42,8154814.999999999,0.0123,80890000.0
2018-03-30,9.64,10.17,10.27,9.56,16513892.000000002,0.0248,170587500.0
2018-04-02,10.16,10.65,10.98,10.15,29139152.0,0.0438,321426400.0
2018-04-03,10.55,10.61,10.89,10.4,22535872.0,0.0339,247326000.0
2018-04-04,10.62,10.35,10.75,10.31,13582343.0,0.0204,147305300.0
2018-04-09,10.44,10.48,10.78,10.3,14355406.0,0.0216,156372600.0
2018-04-10,9.65,9.4,9.85,9.4,29109002.0,0.0438,285191400.0
2018-04-11,9.35,9.38,9.51,9.33,17956233.0,0.027000000000000003,175114900.00000003
2018-04-12,9.35,9.35,9.44,9.05,18000772.0,0.0271,172757300.0
2018-04-13,9.32,9.89,9.91,9.3,20607576.0,0.031,204977599.99999997
2018-04-16,9.82,10.42,10.46,9.63,22496046.0,0.0338,232704500.0
2018-04-17,10.37,10.04,10.55,9.9,15466199.0,0.0233,163887900.0
2018-04-18,10.12,10.79,10.88,9.95,27604403.999999996,0.0415,298975400.0
2018-04-19,10.63,10.52,10.83,10.46,20069664.0,0.0302,220748500.0
2018-04-20,10.54,10.31,10.9,10.2,24080201.0,0.0361,264242700.0
2018-04-23,10.63,9.98,10.79,9.88,31295181.0,0.046900000000000004,332891100.0
2018-04-24,10.01,11.01,11.01,9.73,38693853.0,0.0579,423924200.0
2018-04-25,10.87,10.93,11.11,10.64,31532576.0,0.0472,354675700.0
2018-04-26,10.88,10.87,11.21,10.78,24832671.0,0.037200000000000004,281036800.0
2018-04-27,11.07,10.77,11.15,10.56,18478067.0,0.0277,206891000.0
2018-05-02,10.75,10.55,10.92,10.25,17119330.0,0.0256,186206600.0
2018-05-03,10.42,11.24,11.45,10.32,27087326.0,0.0406,305973200.0
2018-05-04,11.13,11.22,11.54,10.96,29257263.0,0.0438,338503000.0
2018-05-07,11.12,11.41,11.48,11.12,18484342.0,0.0277,215715700.0
2018-05-08,11.34,11.31,11.43,11.12,13347845.000000002,0.02,154803500.0
2018-05-09,11.38,11.66,11.77,11.3,24656287.0,0.0369,294892000.0
2018-05-10,11.57,11.45,11.88,11.36,17291211.0,0.0259,206334199.99999997
2018-05-11,11.36,11.37,11.55,11.2,11503476.0,0.0172,134638400.0
2018-05-14,11.3,11.09,11.5,10.92,10512817.0,0.015700000000000002,121064900.0
2018-05-15,11.08,11.49,11.5,11.03,10907581.0,0.0163,126602000.0
2018-05-16,11.4,11.17,11.52,11.07,10052906.0,0.0151,117576400.0
2018-05-17,11.17,11.35,11.43,11.11,8215784.0,0.0123,95466800.0
2018-05-18,11.27,11.15,11.37,11.06,7488162.0,0.011200000000000002,86462900.00000001
2018-05-21,11.24,11.54,11.68,11.15,16710313.0,0.025,198508600.0
2018-05-22,11.52,11.68,11.8,11.44,13670823.000000002,0.020499999999999997,164011800.0
2018-05-23,11.71,11.65,11.77,11.5,12724553.0,0.0191,152572600.0
2018-05-24,11.63,11.16,11.63,11.16,12308652.0,0.0184,144175100.0
2018-05-25,11.15,10.65,11.15,10.54,15006768.0,0.0225,167421800.0
2018-05-28,10.73,10.57,10.79,10.45,7709884.0,0.0115,84752000.0
2018-05-29,10.57,10.52,10.81,10.45,5661740.0,0.0085,62233200.0
2018-05-30,10.35,10.09,10.73,10.09,8369720.0,0.0125,89816400.0
2018-05-31,10.2,10.15,10.35,9.85,9133659.0,0.0137,95316400.0
2018-06-01,10.01,9.85,10.21,9.75,6695362.0,0.01,69071800.0
2018-06-04,9.9,9.92,10.2,9.89,7739320.0,0.0116,80273100.0
2018-06-05,10.01,10.1,10.2,9.93,6505840.0,0.0097,67787100.0
2018-06-06,10.07,10.01,10.2,9.97,5137548.0,0.0077,53581500.0
2018-06-07,10.06,9.78,10.12,9.6,8029757.000000001,0.012,81502400.0
2018-06-08,9.8,9.62,9.81,9.51,6874671.000000001,0.0103,68489400.0
2018-06-11,9.63,9.41,9.67,9.17,8659000.0,0.013000000000000001,84223200.0
2018-06-12,9.36,9.47,9.5,9.29,6808710.000000001,0.0102,66422299.99999999
2018-06-13,9.44,9.56,9.89,9.4,7217811.0,0.0108,72186200.0
2018-06-14,9.49,9.41,9.72,9.41,5878090.0,0.0088,58034700.0
2018-06-15,9.41,9.06,9.48,8.81,9855604.0,0.0148,92608500.0
2018-06-19,8.84,8.51,9.11,8.27,12362543.0,0.018500000000000003,111241299.99999999
2018-06-20,8.35,8.42,8.62,8.14,12356284.0,0.018500000000000003,107370600.0
2018-06-21,8.38,8.15,8.6,8.11,14432384.0,0.0216,126204000.0
2018-06-22,8.14,8.22,8.4,8.04,7990383.0,0.012,68137800.0
2018-06-25,8.27,8.1,8.36,8.09,4090000.0,0.0060999999999999995,34996500.0
2018-06-26,8.01,8.26,8.39,7.82,7848164.0,0.0118,66740900.0
2018-06-27,8.22,8.3,8.59,8.2,10689308.0,0.016,93689100.0
2018-06-28,8.28,8.04,8.48,7.96,6350674.0,0.0095,54506700.0
2018-06-29,8.1,8.38,8.39,7.88,11347512.0,0.017,97056700.0
2018-07-02,8.28,7.87,8.38,7.83,9599121.0,0.0144,81271200.0
2018-07-03,7.94,8.16,8.21,7.78,13844262.0,0.0202,115924300.0
2018-07-04,8.14,8.12,8.35,7.97,10714417.0,0.015700000000000002,91239300.0
2018-07-05,7.97,7.62,8.14,7.6,9890356.0,0.014499999999999999,81057100.0
2018-07-06,7.52,7.48,7.92,7.21,17737520.0,0.0259,140661900.0
2018-07-09,7.51,8.08,8.11,7.51,14731585.999999998,0.0215,121085800.0
2018-07-10,8.09,7.99,8.1,7.91,7484700.0,0.0109,62274600.0
2018-07-11,7.79,7.76,8.0,7.59,10215918.0,0.0149,82856200.00000001
2018-07-12,7.83,8.01,8.08,7.83,9697023.0,0.014199999999999999,80855400.0
2018-07-13,8.34,8.04,8.42,8.01,14794240.0,0.0216,125898600.0
2018-07-16,8.01,8.15,8.35,8.01,12340430.0,0.018000000000000002,105512600.0
2018-07-17,8.16,8.24,8.25,8.03,7805852.0,0.011399999999999999,66073700.0
2018-07-18,8.24,8.16,8.38,8.14,7740332.000000001,0.0113,66276899.99999999
2018-07-19,8.14,8.3,8.31,8.1,7841706.0,0.0115,67034799.99999999
2018-07-20,8.26,8.59,8.64,8.2,11021071.0,0.0161,97405800.0
2018-07-23,8.59,8.97,9.23,8.54,14945403.0,0.0218,139232100.0
2018-07-24,8.98,9.02,9.16,8.87,8213780.0,0.012,76884600.0
2018-07-25,9.06,8.81,9.11,8.78,10023999.0,0.0147,92597300.0
2018-07-26,8.76,8.73,9.01,8.62,9422487.0,0.0138,86103100.0
2018-07-27,8.66,8.83,8.94,8.66,6108418.0,0.0089,55974500.0
2018-07-30,8.84,8.48,8.87,8.37,8212613.0,0.012,73476600.0
2018-07-31,8.51,8.62,8.82,8.48,7601686.0,0.0111,68217800.0
2018-08-01,8.61,8.49,8.93,8.46,7290417.0,0.010700000000000001,65667000.0
2018-08-02,8.5,8.29,8.55,7.99,7658092.0,0.011200000000000002,66442500.0
2018-08-03,8.29,8.01,8.4,8.01,5210142.0,0.0076,44394200.0
2018-08-06,8.01,7.94,8.26,7.86,5888730.0,0.0086,49368500.0
2018-08-07,7.96,8.24,8.24,7.87,7317878.0,0.010700000000000001,61639200.0
2018-08-08,8.18,7.81,8.22,7.7,7975503.999999999,0.011699999999999999,65949100.0
2018-08-09,7.67,8.11,8.23,7.62,13064874.0,0.0191,109608799.99999999
2018-08-10,8.08,8.23,8.34,8.07,7736150.0,0.0113,65963700.0
2018-08-13,8.15,8.57,8.59,7.96,7675684.0,0.011200000000000002,65962500.0
2018-08-14,8.47,8.31,8.51,8.2,6610223.0,0.0097,57138400.0
2018-08-15,8.28,8.32,8.37,8.04,8153416.0,0.011899999999999999,69727300.0
2018-08-16,8.16,8.22,8.35,8.04,6129718.0,0.009000000000000001,52523700.0
2018-08-17,8.31,7.81,8.34,7.78,9131635.0,0.013300000000000001,75848700.0
2018-08-20,7.8,7.76,7.89,7.37,10574053.0,0.0155,83990300.0
2018-08-21,7.76,7.79,7.9,7.64,4401530.0,0.0064,35751700.0
2018-08-22,7.79,7.6,7.86,7.58,3305294.9999999995,0.0048,26660700.0
2018-08-23,7.6,7.71,7.78,7.56,4536600.0,0.0066,36503600.0
2018-08-24,7.67,7.65,7.75,7.61,2666895.0,0.0039000000000000003,21379200.0
2018-08-27,7.67,7.82,7.88,7.64,5301202.0,0.0077,43093800.0
2018-08-28,7.81,7.74,7.85,7.66,3921340.0,0.005699999999999999,31755800.0
2018-08-29,7.73,7.63,7.77,7.59,2831459.0,0.0040999999999999995,22646600.0
2018-08-30,7.61,7.39,7.66,7.34,6386796.0,0.009300000000000001,49736000.0
2018-08-31,7.44,7.34,7.48,7.23,3984816.0000000005,0.0058,30583900.0
2018-09-03,7.38,7.25,7.38,7.13,3782557.0,0.0055000000000000005,28549600.0
2018-09-04,7.29,7.34,7.41,7.1,4408654.0,0.0064,33448500.0
2018-09-05,7.32,7.14,7.36,7.14,4429891.0,0.006500000000000001,33543900.0
2018-09-06,7.13,7.13,7.24,7.07,3443500.0,0.005,25799300.0
2018-09-07,7.14,7.15,7.24,6.96,5837591.0,0.0085,43532200.0
2018-09-10,7.13,6.83,7.16,6.82,6418172.0,0.009399999999999999,46794100.0
2018-09-11,6.83,6.99,7.06,6.63,11405744.0,0.0167,81587000.0
2018-09-12,6.91,6.89,7.02,6.86,4979157.0,0.0073,36180600.0
2018-09-13,6.96,6.82,7.01,6.71,9510320.0,0.0139,68037400.0
2018-09-14,6.84,6.77,6.87,6.75,3711060.0,0.0054,26502300.0
2018-09-17,6.65,6.62,6.81,6.51,4754962.0,0.006999999999999999,33196700.0
2018-09-18,6.59,6.67,6.71,6.52,5337800.0,0.0078000000000000005,37276900.0
2018-09-19,6.68,6.79,6.92,6.63,7195495.0,0.0105,51250500.0
2018-09-20,6.86,6.8,6.86,6.75,4478440.0,0.006500000000000001,31975400.0
2018-09-21,6.85,6.84,6.9,6.76,3723897.0,0.0054,26738700.0
2018-09-25,6.81,6.79,6.88,6.67,4620417.0,0.0068000000000000005,32897700.0
2018-09-26,6.79,6.82,6.9,6.77,4155523.0000000005,0.0060999999999999995,29805100.000000004
2018-09-27,6.82,6.63,6.82,6.46,7681589.0,0.011200000000000002,53584399.99999999
2018-09-28,6.63,6.65,6.67,6.59,3052405.0,0.0045000000000000005,21307100.0
2018-10-08,6.59,6.36,6.62,6.28,5795496.0,0.0085,39571200.0
2018-10-09,6.36,6.24,6.44,6.11,6729991.0,0.0098,44625500.0
2018-10-10,6.33,6.21,6.38,6.12,8203833.0,0.012,53950500.0
2018-10-11,5.91,5.97,6.13,5.56,17183965.0,0.025099999999999997,106628799.99999999
2018-10-12,5.86,5.76,5.92,5.46,9414347.0,0.0138,56906400.0
2018-10-15,5.73,5.44,5.86,5.44,7518967.0,0.011000000000000001,44808600.0
2018-10-16,5.43,5.11,5.53,5.07,9870628.0,0.0144,55635200.00000001
2018-10-17,5.11,5.07,5.25,4.84,10812298.0,0.0158,58245200.00000001
2018-10-18,5.06,5.15,5.51,4.97,14568349.0,0.0213,81203400.0
2018-10-19,4.98,5.43,5.49,4.98,13678106.0,0.02,77517900.0
2018-10-22,5.42,5.69,5.81,5.42,13278485.0,0.0194,79413500.0
2018-10-23,5.7,5.42,5.7,5.31,18679787.0,0.0273,108509700.0
2018-10-24,5.36,5.36,5.52,5.33,7918925.999999999,0.0116,45612100.0
2018-10-25,5.16,5.44,5.47,5.11,7115370.0,0.0104,39804200.0
2018-10-26,5.51,5.38,5.58,5.33,6090480.0,0.0089,35236100.0
2018-10-29,5.35,5.4,5.54,5.33,5931095.0,0.0087,34290600.0
2018-10-30,5.36,5.43,5.51,5.22,6796728.999999999,0.009899999999999999,38688600.0
2018-10-31,5.45,5.58,5.62,5.36,8900838.0,0.013000000000000001,52232600.0
2018-11-01,5.59,5.62,5.82,5.56,9529107.0,0.0139,57615600.00000001
2018-11-02,5.81,6.11,6.22,5.71,16655514.000000002,0.024300000000000002,105041400.0
2018-11-05,6.09,6.19,6.24,5.89,12173232.0,0.0178,77853000.0
2018-11-06,6.15,6.19,6.45,6.06,11388504.0,0.0166,75231000.0
2018-11-07,6.2,6.15,6.33,6.12,7189980.0,0.0105,47157200.0
2018-11-08,6.2,6.05,6.34,6.05,6652600.0,0.0097,43028600.0
2018-11-09,6.06,6.07,6.17,6.0,4604000.0,0.0067,29659100.0
2018-11-12,6.01,6.43,6.47,6.0,11172623.0,0.0163,74231900.0
2018-11-13,6.45,6.46,6.6,6.34,9977760.0,0.014499999999999999,67833700.0
2018-11-14,6.45,6.36,6.51,6.31,6172874.0,0.009000000000000001,41608400.0
2018-11-15,6.41,6.46,6.48,6.27,6888184.0,0.01,46312900.0
2018-11-16,6.47,6.54,6.57,6.43,8709978.0,0.0127,59515600.00000001
2018-11-19,6.56,6.41,6.56,6.36,6898098.0,0.01,46690600.00000001
2018-11-20,6.4,6.29,6.57,6.27,7538394.0,0.011000000000000001,51044600.0
2018-11-21,6.14,6.36,6.41,6.06,5337894.0,0.0078000000000000005,35462100.0
2018-11-22,6.38,6.24,6.4,6.24,4132543.0,0.006,27495800.0
2018-11-23,6.26,5.74,6.32,5.74,9067193.0,0.0132,56963800.0
2018-11-26,6.21,5.92,6.26,5.81,9723329.0,0.0141,61507600.0
2018-11-27,6.07,6.04,6.07,5.91,7013762.0,0.0102,44547500.0
2018-11-28,6.0,6.2,6.22,5.81,8196485.000000001,0.011899999999999999,52269900.0
2018-11-29,6.23,5.92,6.23,5.91,5820208.0,0.0085,37214300.0
2018-11-30,5.9,6.36,6.42,5.83,14649400.0,0.0213,96044000.0
2018-12-03,6.38,6.81,7.03,6.38,23619540.0,0.0344,166949300.0
2018-12-04,6.74,6.81,7.22,6.67,17955999.0,0.026099999999999998,129480400.00000001
2018-12-05,6.66,6.62,6.75,6.6,9927222.0,0.0144,69510600.0
2018-12-06,6.66,6.52,6.73,6.49,7106323.0,0.0103,49285700.0
2018-12-07,6.56,6.58,6.68,6.53,5414315.0,0.0079,37538100.0
2018-12-10,6.5,6.46,6.59,6.43,4704683.0,0.0068000000000000005,32199600.0
2018-12-11,6.48,6.58,6.75,6.47,6904958.0,0.01,47996800.0
2018-12-12,6.62,6.55,6.68,6.48,4377834.0,0.0064,30307900.0
2018-12-13,6.55,6.72,6.76,6.49,7899636.0,0.0115,55137200.0
2018-12-14,6.65,6.54,6.7,6.46,6489121.0,0.009399999999999999,44711500.0
2018-12-17,6.51,6.48,6.52,6.36,4189246.0,0.0060999999999999995,28394600.0
2018-12-18,6.41,6.41,6.51,6.28,3987357.0,0.0058,26869100.0
2018-12-19,6.44,6.17,6.45,6.11,4908835.0,0.0070999999999999995,32454400.0
2018-12-20,6.17,6.31,6.33,6.12,5880377.0,0.0086,38796300.0
2018-12-21,6.29,6.16,6.41,6.11,6318282.0,0.0092,41432200.0
2018-12-24,6.26,6.2,6.28,6.06,5011893.0,0.0073,32724300.0
2018-12-25,6.14,6.33,6.4,5.91,8527531.0,0.0124,55499300.0
2018-12-26,6.33,6.3,6.72,6.27,9395492.0,0.0137,63424700.0
2018-12-27,6.43,6.17,6.43,6.15,4770882.0,0.006999999999999999,31536800.0
2018-12-28,6.18,6.03,6.21,6.01,3964491.0000000005,0.0058,25528700.0
2019-01-02,6.43,6.01,6.43,5.97,13620642.000000002,0.019799999999999998,89273700.00000001
2019-01-03,6.08,5.66,6.08,5.65,8379767.0,0.012199999999999999,51476000.0
2019-01-04,5.64,5.98,6.04,5.57,7038542.999999999,0.0102,43204600.0
2019-01-07,6.01,6.09,6.19,5.96,5846791.0,0.0085,37671900.0
2019-01-08,6.08,6.11,6.14,6.02,2954141.0,0.0043,18969300.0
2019-01-09,6.12,6.19,6.38,6.1,7468400.0,0.0109,49027000.0
2019-01-10,6.18,6.04,6.51,6.02,6377597.0,0.009300000000000001,41547200.0
2019-01-11,6.14,6.08,6.14,5.96,3983400.0,0.0058,25454300.0
2019-01-14,6.08,5.96,6.18,5.91,3661862.0000000005,0.0053,23196900.0
2019-01-15,5.94,6.21,6.21,5.91,5407038.0,0.0079,34916200.0
2019-01-16,6.21,6.14,6.22,6.11,3398919.9999999995,0.0049,22121500.0
2019-01-17,6.17,6.28,6.29,6.04,11589735.0,0.0169,75568300.0
2019-01-18,6.24,6.32,6.37,6.18,5005402.0,0.0073,33162300.0
2019-01-21,6.32,6.31,6.37,6.28,3487042.0,0.0051,23196200.0
2019-01-22,6.31,6.13,6.36,6.08,5090771.0,0.0074,33182000.0
2019-01-23,6.09,6.07,6.19,5.99,2993364.0,0.0044,19175200.0
2019-01-24,6.08,6.26,6.36,6.04,6901217.0,0.01,45504300.0
2019-01-25,6.25,6.44,6.55,6.21,10600799.0,0.0154,71618400.0
2019-01-28,6.46,6.2,6.46,6.15,7937060.000000001,0.0115,52494900.0
2019-01-29,6.13,6.17,6.28,5.88,6902628.999999999,0.01,44483600.0
2019-01-30,6.13,6.35,6.71,6.1,10294914.0,0.015,69317700.0
2019-01-31,6.28,6.25,6.37,6.06,7383223.0,0.010700000000000001,48379300.0
2019-02-01,6.29,6.47,6.48,6.27,7191121.000000001,0.0105,48526300.0
2019-02-11,6.47,6.73,6.75,6.41,8333500.0,0.0121,58129700.0
2019-02-12,6.73,7.1,7.11,6.61,18437779.0,0.0268,133986299.99999999
2019-02-13,7.59,7.84,7.84,7.24,42922168.0,0.062400000000000004,343895400.0
2019-02-14,8.06,7.55,8.13,7.36,44137276.0,0.0642,353479800.00000006
2019-02-15,7.47,7.66,7.92,7.45,32127128.999999996,0.0467,257365400.0
2019-02-18,7.77,8.06,8.06,7.51,34240790.0,0.049800000000000004,279386700.0
2019-02-19,7.97,7.98,8.31,7.79,27912121.000000004,0.0406,233774400.0
2019-02-20,7.83,7.76,7.89,7.6,20497713.0,0.0298,165532500.0
2019-02-21,7.75,7.6,7.84,7.59,17070404.0,0.0248,137197600.0
2019-02-22,7.56,7.67,7.73,7.44,19083490.0,0.0278,151326700.0
2019-02-25,7.76,8.2,8.29,7.75,31724076.0,0.0462,264740099.99999997
2019-02-26,8.26,8.29,8.9,8.16,29797738.0,0.0434,264389500.0
2019-02-27,8.48,8.33,8.54,8.11,16427654.999999998,0.0239,141877400.0
2019-02-28,8.44,8.54,8.71,8.31,14724893.0,0.021400000000000002,130761800.0
2019-03-01,8.64,8.61,8.64,8.39,10809959.0,0.015700000000000002,95849500.0
2019-03-04,8.66,8.56,9.0,8.56,22274324.0,0.032400000000000005,203233800.0
2019-03-05,8.52,9.05,9.13,8.33,21656750.0,0.0315,198199100.0
2019-03-06,9.16,9.48,9.79,9.1,31905586.0,0.0464,311029700.0
2019-03-07,9.36,9.08,9.55,8.87,30874494.0,0.0449,292456900.0
2019-03-08,8.92,8.88,9.52,8.59,25285025.0,0.0368,239560000.0
2019-03-11,9.02,9.44,9.46,8.89,16272849.0,0.023700000000000002,155155000.0
2019-03-12,9.39,9.45,9.84,9.29,22147764.0,0.0322,219181800.0
2019-03-13,9.51,9.22,9.64,8.98,15247331.0,0.0222,147136000.0
2019-03-14,9.0,8.87,9.19,8.66,14578781.0,0.0212,134134700.0
2019-03-15,8.91,9.1,9.31,8.91,13557846.0,0.0197,128377900.00000001
2019-03-18,9.16,9.29,9.31,8.99,8912946.0,0.013000000000000001,85275000.0
2019-03-19,9.29,9.3,9.37,9.16,8410007.0,0.012199999999999999,80755800.0
2019-03-20,9.38,9.39,9.46,9.0,9592667.0,0.013999999999999999,91597000.0
2019-03-21,9.36,9.74,9.83,9.29,17624961.0,0.0256,176668000.0
2019-03-22,9.81,9.86,9.94,9.6,11461053.0,0.0167,116021299.99999999
2019-03-25,9.66,9.66,9.79,9.51,9423196.0,0.0137,94235800.0
2019-03-26,9.76,9.53,9.88,9.53,9481162.0,0.0138,95063100.0
2019-03-27,9.62,9.52,9.65,9.13,11848552.0,0.0172,115117700.0
2019-03-28,9.47,9.45,9.67,9.36,5438933.0,0.0079,53565100.0
2019-03-29,9.43,9.66,9.72,9.4,10243911.0,0.0149,101563799.99999999
2019-04-01,9.75,9.77,9.82,9.63,18597005.0,0.0271,187094400.0
2019-04-02,9.79,10.26,10.71,9.74,27704239.0,0.0403,294158700.0
2019-04-03,10.21,10.39,10.48,10.16,11570633.0,0.0168,123498700.00000001
2019-04-04,10.54,10.26,10.56,10.16,11507959.0,0.0167,122138000.0
2019-04-08,10.41,10.21,10.63,9.86,16712701.999999998,0.024300000000000002,176614100.0
2019-04-09,10.15,9.97,10.46,9.86,9745837.0,0.014199999999999999,100636600.0
2019-04-10,9.82,9.8,9.94,9.53,12419144.0,0.0181,125141900.0
2019-04-11,9.82,9.44,9.83,9.42,13135256.0,0.0191,130377900.00000001
2019-04-12,9.49,9.5,9.58,9.24,9133556.0,0.013300000000000001,88840400.00000001
2019-04-15,9.56,9.23,9.71,9.2,9588920.0,0.013999999999999999,94644800.0
2019-04-16,9.27,9.7,9.74,9.27,19133722.0,0.0278,189665600.0
2019-04-17,9.57,9.53,9.66,9.39,13273779.999999998,0.019299999999999998,131193100.0
2019-04-18,9.48,9.36,9.58,9.3,7149799.000000001,0.0104,69766100.0
2019-04-19,9.58,9.36,9.58,9.26,6789960.000000001,0.009899999999999999,66014399.99999999
2019-04-22,9.38,9.27,9.4,9.17,6627419.0,0.0096,63710800.0
2019-04-23,9.26,8.93,9.3,8.83,7791474.000000001,0.0113,73135100.0
2019-04-24,9.03,9.14,9.23,8.87,6208483.0,0.009000000000000001,58275200.00000001
2019-04-25,9.15,8.74,9.2,8.74,8073380.0,0.011699999999999999,74908400.0
2019-04-26,8.66,8.61,8.81,8.56,4918730.0,0.0072,44364399.99999999
2019-04-29,8.57,8.47,8.75,8.34,10057703.0,0.0146,88973100.0
2019-04-30,8.45,8.77,9.01,8.45,6019500.0,0.0088,54814300.0
2019-05-06,8.5,7.86,8.5,7.86,11251260.0,0.016399999999999998,94270700.0
2019-05-07,7.94,7.77,7.94,7.56,7828441.0,0.011399999999999999,63368900.0
2019-05-08,7.56,7.83,7.97,7.51,4981616.0,0.0072,40524200.0
2019-05-09,7.8,7.75,7.9,7.7,3297772.0,0.0048,26840200.0
2019-05-10,7.81,8.14,8.21,7.71,8711377.0,0.0127,72409700.0
2019-05-13,8.04,8.0,8.15,7.95,5827330.0,0.0085,48761400.0
2019-05-14,7.91,7.83,8.01,7.82,5195890.0,0.0076,42942200.0
2019-05-15,7.93,7.96,8.0,7.85,5188500.0,0.0075,42957600.0
2019-05-16,7.99,8.11,8.14,7.87,6102440.0,0.0089,50958500.0
2019-05-17,8.16,7.91,8.16,7.69,7540960.000000001,0.011000000000000001,62600100.0
2019-05-20,7.99,8.3,8.33,7.76,12190440.0,0.0177,102700800.0
2019-05-21,8.2,8.26,8.29,8.05,8760697.0,0.0127,74639400.0
2019-05-22,8.22,8.27,8.38,8.16,6496539.0,0.0095,55948400.0
2019-05-23,8.41,8.19,8.61,8.11,10855963.0,0.0158,94303600.0
2019-05-24,8.01,7.92,8.22,7.78,6792127.0,0.009899999999999999,56121100.0
2019-05-27,7.39,7.68,7.83,7.18,15765319.0,0.0229,123664900.0
2019-05-28,7.63,7.85,8.17,7.57,19438441.0,0.0282,158843700.0
2019-05-29,7.79,8.34,8.54,7.79,22860675.0,0.0332,195053000.0
2019-05-30,9.21,9.21,9.21,9.09,51629990.0,0.075,492984500.0
2019-05-31,9.0,9.16,9.51,8.86,54501314.0,0.0791,519192300.00000006
2019-06-03,9.06,8.24,9.14,8.21,42302851.0,0.061399999999999996,379677400.0
2019-06-04,7.96,7.68,8.26,7.59,29574252.0,0.0429,242797500.0
2019-06-05,7.76,7.6,7.89,7.54,14029348.000000002,0.0204,112466200.00000001
2019-06-06,7.56,7.46,7.64,7.37,9109774.0,0.0132,71231600.0
2019-06-10,7.41,7.47,7.57,7.21,9697255.0,0.0141,74995200.0
2019-06-11,7.38,7.74,7.77,7.25,14704960.0,0.021400000000000002,115998400.0
2019-06-12,7.63,7.55,7.71,7.48,10640460.0,0.0155,84042500.0
2019-06-13,7.53,7.44,7.57,7.38,7716660.000000001,0.011200000000000002,59945100.0
2019-06-14,7.49,7.28,7.49,6.88,18826560.0,0.0273,141022100.0
2019-06-17,7.19,7.18,7.26,7.03,6593407.000000001,0.0096,49226300.0
2019-06-18,7.17,7.02,7.17,6.92,7800205.0,0.0113,57020700.0
2019-06-19,7.17,7.27,7.34,7.11,7531922.0,0.0109,56731800.0
2019-06-24,7.81,7.55,7.81,7.48,17745003.0,0.0258,141293100.0
2019-06-25,7.6,7.82,7.95,7.45,16273912.0,0.0236,131598000.0
2019-06-26,7.71,7.64,7.79,7.59,7464802.0,0.0108,59672700.00000001
2019-06-27,7.65,7.68,7.82,7.61,6576060.000000001,0.0096,52786500.0
2019-06-28,7.66,7.63,7.74,7.46,4561508.0,0.0066,36058200.0
2019-07-01,7.76,7.88,7.99,7.68,11675222.0,0.017,95512900.00000001
2019-07-02,7.98,8.08,8.35,7.92,18734101.0,0.027200000000000002,158942100.0
2019-07-03,7.99,7.92,8.15,7.84,8549840.0,0.0121,70791200.0
2019-07-04,7.89,7.86,7.93,7.78,4145736.0,0.0058,33844900.0
2019-07-05,7.85,7.91,7.96,7.81,4452824.0,0.0063,36537200.0
2019-07-08,7.83,7.61,8.0,7.53,8520116.0,0.012,68580000.0
2019-07-09,7.55,7.72,7.83,7.55,5706228.0,0.008,45967500.0
2019-07-10,7.78,7.68,8.04,7.49,11572776.0,0.0163,94100700.0
2019-07-11,7.66,7.81,7.91,7.58,9670594.0,0.013600000000000001,78279300.0
2019-07-12,7.84,7.99,8.11,7.81,13230756.0,0.0187,109674599.99999999
2019-07-15,7.98,8.14,8.2,7.8,17628138.0,0.0248,147318600.0
2019-07-16,8.05,8.18,8.22,7.93,11658380.0,0.016399999999999998,97634800.0
2019-07-17,8.13,8.3,8.56,8.13,17510870.0,0.024700000000000003,152111300.0
2019-07-18,8.2,8.08,8.26,7.99,11176843.0,0.0158,94316100.0
2019-07-19,8.09,8.06,8.23,8.0,9614569.0,0.013600000000000001,80998900.0
2019-07-22,8.11,8.31,8.76,7.68,28120198.0,0.039599999999999996,244368300.00000003
2019-07-23,8.21,8.37,8.5,8.1,17881888.0,0.0252,153782300.0
2019-07-24,8.33,8.58,8.66,8.28,20676536.0,0.0291,182163900.0
2019-07-25,8.52,8.52,8.63,8.4,13012160.0,0.0183,114738000.0
2019-07-26,8.49,8.3,8.54,8.23,12136034.0,0.0171,105475100.0
2019-07-29,8.33,8.35,8.44,8.23,7582969.0,0.010700000000000001,65753800.0
2019-07-30,8.31,8.25,8.39,8.21,9777613.0,0.0138,84153700.00000001
2019-07-31,8.3,8.27,8.34,8.17,6923128.999999999,0.0098,59447900.0
2019-08-01,8.2,8.35,8.51,8.2,10256729.0,0.014499999999999999,89097000.0
2019-08-02,8.16,8.02,8.23,7.91,13364400.0,0.018799999999999997,111660500.0
2019-08-05,7.99,7.78,8.11,7.77,9139230.0,0.0129,75199200.0
2019-08-06,7.53,7.56,7.65,7.28,11351360.0,0.016,88889000.0
2019-08-07,7.56,7.47,7.65,7.39,7442610.000000001,0.0105,58097100.0
2019-08-08,7.46,7.6,7.72,7.38,10367256.0,0.0146,82037700.0
2019-08-09,7.61,7.28,7.63,7.24,9670580.0,0.013600000000000001,74677000.0
2019-08-12,7.28,7.46,7.46,7.18,4506706.0,0.0064,34536500.0
2019-08-13,7.37,7.23,7.46,7.14,7229731.0,0.0102,54983300.0
2019-08-14,7.32,7.54,7.7,7.32,13904774.0,0.0196,109366900.0
2019-08-15,7.35,7.62,7.64,7.33,8935096.0,0.0126,69765900.0
2019-08-16,7.53,7.63,7.78,7.53,8293205.0,0.011699999999999999,66373400.0
2019-08-19,7.9,8.17,8.2,7.71,19697316.0,0.0278,163944900.00000003
2019-08-20,8.3,8.44,8.74,8.29,26004675.0,0.036699999999999997,230173000.0
2019-08-21,8.48,8.54,8.62,8.39,16886720.0,0.023799999999999998,148798700.0
2019-08-22,8.91,8.77,9.15,8.61,38513790.0,0.054299999999999994,353718100.0
2019-08-23,8.74,8.99,9.08,8.67,24406458.0,0.0344,226536300.0
2019-08-26,8.91,9.69,9.88,8.89,35461207.0,0.05,347400400.0
2019-08-27,9.77,9.7,9.84,9.54,25866193.0,0.0365,258779600.0
2019-08-28,9.74,9.68,9.8,9.48,13187072.0,0.018600000000000002,131154900.0
2019-08-29,9.68,9.66,9.74,9.54,11730891.0,0.0165,116795700.0
2019-08-30,9.7,9.49,10.08,9.32,24927003.0,0.0351,249777900.0
2019-09-02,9.48,9.7,9.81,9.4,16017229.999999998,0.0226,160193700.0
2019-09-03,9.76,9.63,9.82,9.57,14937160.999999998,0.021099999999999997,149221900.0
2019-09-04,9.72,9.75,9.93,9.59,16963465.0,0.0239,170762200.0
2019-09-05,9.78,10.06,10.26,9.71,36591322.0,0.0516,378710899.99999994
2019-09-06,9.98,9.99,10.53,9.86,26481146.999999996,0.0373,278016900.0
2019-09-09,10.16,10.68,10.96,10.01,43688929.0,0.0616,475756700.0
2019-09-10,10.76,10.42,10.85,10.27,24873744.0,0.0351,270256800.0
2019-09-11,10.44,10.15,10.58,9.94,31660365.000000004,0.0446,334839800.00000006
2019-09-12,10.31,10.14,10.31,9.92,17986122.0,0.0254,187228100.0
2019-09-16,10.18,9.89,10.18,9.83,15393644.0,0.0217,158083100.0
2019-09-17,9.94,9.59,9.99,9.43,21154949.0,0.0298,210709700.0
2019-09-18,9.49,9.47,9.65,9.36,12477265.0,0.0176,122469900.0
2019-09-19,9.55,9.72,9.85,9.42,20016492.0,0.0282,200226000.0
2019-09-20,9.86,9.66,9.86,9.52,15006557.0,0.0212,149294900.0
2019-09-23,9.58,9.44,9.63,9.28,12106654.0,0.0171,117409700.0
2019-09-24,9.46,9.94,10.21,9.41,29827634.000000004,0.042,306523000.0
2019-09-25,9.93,9.5,10.02,9.44,17745313.0,0.025,176706500.0
2019-09-26,9.49,8.96,9.56,8.62,30444446.000000004,0.0429,284490600.0
2019-09-30,9.15,8.83,9.22,8.68,9460007.0,0.013300000000000001,87334200.0
2019-10-08,8.83,8.81,9.08,8.77,10575186.0,0.0149,97477400.0
2019-10-09,8.76,9.01,9.04,8.66,8301445.0,0.011699999999999999,76128900.0
2019-10-10,8.96,9.08,9.13,8.93,9341305.0,0.0132,87502200.0
2019-10-11,9.06,8.99,9.15,8.88,9331873.0,0.0132,87223200.0
2019-10-14,9.0,9.26,9.32,9.0,11351282.0,0.016,107929599.99999999
2019-10-15,9.04,8.93,9.08,8.46,19983667.0,0.0282,182189900.00000003
2019-10-16,8.9,9.06,9.23,8.89,10474046.0,0.0148,98364400.0
2019-10-17,9.05,9.02,9.11,8.88,6230956.0,0.0088,57938300.0
2019-10-18,8.99,8.84,9.1,8.79,5559797.0,0.0078000000000000005,51499100.0
2019-10-21,8.91,8.71,8.94,8.58,9728274.0,0.0137,87955900.0
2019-10-22,8.81,8.79,8.93,8.69,7243830.0,0.0102,65960000.0
2019-10-23,8.81,8.64,8.9,8.58,5926113.0,0.0084,53377700.00000001
2019-10-24,8.7,8.63,8.7,8.46,4844869.0,0.0068000000000000005,43128100.00000001
2019-10-25,8.61,8.56,8.63,8.4,6508076.0,0.0092,57539300.0
2019-10-28,8.63,9.13,9.26,8.63,18810365.0,0.0265,175719900.00000003
2019-10-29,9.13,9.02,9.18,9.01,6550343.0,0.0092,61551100.0
2019-10-30,9.01,8.95,9.2,8.84,8760726.0,0.0123,81628100.0
2019-10-31,9.05,8.77,9.07,8.73,7648299.000000001,0.0108,70163100.0
2019-11-01,8.69,8.69,8.84,8.66,6086644.0,0.0086,55186000.0
2019-11-04,8.77,8.75,8.8,8.61,7627864.999999999,0.0108,68661200.0
2019-11-05,8.7,8.88,8.9,8.64,8053292.0,0.011399999999999999,73206400.0
2019-11-06,8.93,8.98,9.17,8.84,10588368.0,0.0149,98990900.0
2019-11-07,8.96,9.09,9.14,8.95,5855805.0,0.0083,54904799.99999999
2019-11-08,9.17,8.95,9.24,8.94,7148139.999999999,0.0101,67029399.99999999
2019-11-11,8.92,8.67,8.92,8.58,7623035.000000001,0.010700000000000001,68663700.0
2019-11-12,8.67,8.63,8.71,8.53,4650180.0,0.0066,41568300.0
2019-11-13,8.59,8.56,8.74,8.43,5469189.0,0.0077,48683900.0
2019-11-14,8.56,8.66,8.73,8.5,5753113.0,0.008100000000000001,51583400.0
2019-11-15,8.68,8.56,8.73,8.54,6786255.0,0.0096,60661200.0
2019-11-18,8.48,8.32,8.65,8.29,7451519.0,0.0105,65104900.0
2019-11-19,8.32,8.23,8.45,8.14,16470223.000000002,0.0232,141314100.0
2019-11-20,8.23,8.11,8.26,8.01,11162014.0,0.015700000000000002,94307800.0
2019-11-21,8.13,7.9,8.13,7.77,7959782.000000001,0.011200000000000002,65782600.0
2019-11-22,7.92,7.74,7.96,7.64,9656095.0,0.013600000000000001,78185700.0
2019-11-25,7.79,7.69,7.83,7.57,6735449.000000001,0.0095,53688300.0
2019-11-26,7.7,7.66,7.75,7.65,5410211.0,0.0076,43314799.99999999
2019-11-27,7.64,7.74,7.82,7.42,13682210.0,0.019299999999999998,108798500.0
2019-11-28,7.7,7.65,7.74,7.6,5674885.0,0.008,45285100.0
2019-11-29,7.69,7.7,7.93,7.58,10186992.0,0.0144,82104200.0
2019-12-02,7.69,7.75,7.89,7.6,8054087.0,0.011399999999999999,65238800.0
2019-12-03,7.73,8.08,8.1,7.68,16661294.0,0.0235,137778500.0
2019-12-04,7.96,8.05,8.32,7.94,15454591.0,0.0218,130188100.0
2019-12-05,8.0,8.28,8.29,7.96,15358149.0,0.0216,130230900.0
2019-12-06,8.28,8.33,8.4,8.18,10535210.0,0.0149,90808100.0
2019-12-09,8.38,8.34,8.52,8.33,12314314.0,0.0174,107458700.00000001
2019-12-10,8.33,8.52,8.53,8.29,11045495.0,0.015600000000000001,96722000.0
2019-12-11,8.48,8.43,8.6,8.4,8124609.0,0.0115,71505200.0
2019-12-12,8.47,8.53,8.84,8.38,14550857.999999998,0.020499999999999997,129885900.0
2019-12-13,8.57,8.65,8.71,8.48,11686776.0,0.0165,104130800.0
2019-12-16,8.68,9.03,9.09,8.65,18245127.0,0.025699999999999997,168439199.99999997
2019-12-17,9.0,9.09,9.2,8.97,14095474.0,0.0199,132662500.0
2019-12-18,9.16,9.03,9.26,8.94,13000614.0,0.0183,122037300.0
2019-12-19,8.98,9.03,9.07,8.88,10292540.0,0.014499999999999999,95601100.0
2019-12-20,8.98,8.86,9.06,8.8,9974638.0,0.0141,91831600.0
2019-12-23,8.8,8.63,8.91,8.58,11056489.0,0.015600000000000001,100036700.0
2019-12-24,8.6,8.94,8.95,8.55,11050896.0,0.015600000000000001,100742600.0
2019-12-25,9.06,9.48,9.87,8.97,57327324.0,0.0808,570901600.0
2019-12-26,9.44,9.35,9.51,9.16,31648890.999999996,0.0446,305624800.0
2019-12-27,9.07,8.77,9.14,8.75,38130332.0,0.0537,352538700.0
2019-12-30,8.66,8.94,9.0,8.63,22085291.0,0.0311,203037100.0
2019-12-31,9.0,9.58,9.63,8.95,42233923.0,0.059500000000000004,407556200.0
2020-01-02,9.5,9.55,9.72,9.25,28371077.0,0.04,278157400.0
2020-01-03,9.77,9.52,9.87,9.39,21704312.0,0.030600000000000002,214723100.0
2020-01-06,9.44,9.55,9.79,9.43,19114709.0,0.0269,189839900.00000003
2020-01-07,9.56,9.63,9.72,9.46,16295390.0,0.023,161072400.0
2020-01-08,9.48,9.32,9.57,9.25,18589588.0,0.0262,180994900.00000003
2020-01-09,9.43,9.53,9.53,9.29,14607118.0,0.0206,142035000.0
2020-01-10,9.5,9.34,9.55,9.3,10215979.0,0.0144,99219000.0
2020-01-13,9.34,9.67,9.69,9.27,20619232.0,0.0291,203775700.0
2020-01-14,9.7,9.55,9.88,9.49,20531979.0,0.028900000000000002,205281400.0
2020-01-15,9.27,9.91,10.06,9.23,50781887.0,0.0716,510413700.0
2020-01-16,9.72,10.2,10.4,9.63,45738753.0,0.0645,473494100.00000006
2020-01-17,10.13,10.18,10.54,10.06,34276091.0,0.0483,364094800.00000006
2020-01-20,10.02,10.52,10.56,9.98,26668093.0,0.037599999999999995,284460700.0
2020-01-21,10.34,10.36,10.56,10.16,21177424.0,0.029900000000000003,226436600.0
2020-01-22,10.24,10.69,10.73,10.01,25184574.0,0.0355,272536900.0
2020-01-23,10.23,9.59,10.52,9.59,41237678.0,0.0581,424478700.0
2020-02-03,8.6,8.6,8.6,8.6,3092200.0,0.0044,27582399.999999996
2020-02-04,7.89,8.13,8.55,7.72,44653584.0,0.0629,374377500.0
2020-02-05,8.11,8.35,8.52,8.1,24702774.0,0.0348,214780500.0
2020-02-06,8.29,8.92,9.03,8.27,24504808.0,0.0345,222428300.00000003
2020-02-07,9.08,9.1,9.15,8.68,19885223.0,0.027999999999999997,183671699.99999997
2020-02-10,8.93,9.09,9.28,8.91,15081776.999999998,0.0213,142013500.0
2020-02-11,9.04,8.86,9.16,8.86,12375980.0,0.0174,114651100.0
2020-02-12,8.95,9.05,9.09,8.72,19283290.0,0.027200000000000002,177893200.0
2020-02-13,8.98,9.13,9.41,8.88,27752381.0,0.0391,263741800.0
2020-02-14,9.21,9.76,9.93,9.08,37604281.0,0.053,372679400.0
2020-02-17,9.76,9.97,10.0,9.7,23834156.0,0.0336,242670000.0
2020-02-18,9.94,10.81,11.0,9.82,60995530.00000001,0.086,666816600.0
2020-02-19,10.86,11.38,11.86,10.68,76379702.0,0.10769999999999999,887515900.0
2020-02-20,11.39,11.62,11.78,11.08,51903058.0,0.0732,611789800.0
2020-02-21,11.52,12.29,12.42,11.42,62485404.0,0.08810000000000001,755723200.0000001
2020-02-24,12.1,12.26,12.6,11.96,53347940.0,0.07519999999999999,670853600.0
2020-02-25,11.88,12.19,12.62,11.56,54198226.0,0.0764,674887000.0
2020-02-26,12.48,11.67,12.64,11.4,57179019.99999999,0.0806,706796900.0
2020-02-27,11.58,11.68,11.88,11.18,43169278.0,0.060899999999999996,513951600.00000006
2020-02-28,11.19,10.48,11.38,10.48,41536614.0,0.058499999999999996,467460199.99999994
2020-03-02,10.82,11.3,11.51,10.76,44356452.0,0.0625,511563500.0
2020-03-03,11.83,12.46,12.46,11.83,69968536.0,0.0986,884121400.0
2020-03-04,12.46,12.2,12.87,11.95,60584251.0,0.08539999999999999,767259400.0
2020-03-05,12.68,11.46,12.8,11.42,54213365.0,0.0764,661905500.0
2020-03-06,11.27,12.64,12.64,11.18,60666893.99999999,0.0855,772387600.0
2020-03-09,12.66,11.92,12.97,11.81,69475316.0,0.09789999999999999,878687400.0
2020-03-10,11.92,13.14,13.14,11.56,73368656.0,0.10339999999999999,944712899.9999999
2020-03-11,13.39,12.48,14.03,12.4,86414976.0,0.12179999999999999,1177748900.0
2020-03-12,12.08,12.16,12.74,11.66,47938358.0,0.0676,601643900.0
2020-03-13,11.37,13.41,13.41,11.37,90924770.0,0.1282,1197552500.0
2020-03-16,13.77,13.16,14.66,13.16,106232836.00000001,0.1497,1514020500.0
2020-03-17,13.8,13.64,14.0,12.89,74808767.0,0.1054,1031437500.0
2020-03-18,13.8,14.31,15.04,13.58,111890583.0,0.1577,1644396400.0000002
2020-03-19,14.58,15.01,15.58,13.93,94173703.0,0.13269999999999998,1415108700.0
2020-03-20,14.98,14.64,15.67,14.25,79183155.0,0.1116,1210025400.0
2020-03-23,14.11,13.14,14.34,13.14,55613355.00000001,0.0784,767280800.0
2020-03-24,13.47,13.76,14.49,11.99,112377559.00000001,0.15839999999999999,1539173100.0
2020-03-25,13.38,13.01,13.66,12.91,70016124.0,0.0987,952976600.0
2020-03-26,12.8,12.26,13.34,12.23,58512966.0,0.0825,768105900.0
2020-03-27,12.48,11.56,12.5,11.51,52100973.0,0.07339999999999999,635572300.0
2020-03-30,11.41,10.87,11.52,10.66,51150511.0,0.0721,576726200.0
2020-03-31,11.1,10.58,11.28,10.47,42483546.0,0.0599,475721400.0
2020-04-01,10.6,10.54,10.99,10.38,42402912.0,0.059800000000000006,468276400.0
2020-04-02,10.45,11.05,11.14,10.39,47227911.0,0.0666,524364400.0
2020-04-03,10.98,10.79,11.11,10.63,36644897.0,0.051699999999999996,410108600.0
2020-04-07,11.06,11.23,11.4,11.0,39301486.0,0.0554,452425199.99999994
2020-04-08,11.12,11.5,11.79,11.06,43075845.0,0.060700000000000004,505328200.0
2020-04-09,11.64,11.47,11.78,11.31,27088357.0,0.0382,320312500.0
2020-04-10,11.48,11.17,11.52,10.76,30022828.999999996,0.042300000000000004,344779800.00000006
2020-04-13,10.86,11.31,11.63,10.86,23407192.0,0.033,271369100.0
2020-04-14,11.39,11.52,11.53,11.12,20199409.0,0.0285,236109000.0
2020-04-15,11.52,11.3,11.64,11.21,26578715.999999996,0.0375,312548400.0
2020-04-16,11.15,11.06,11.44,10.98,25939470.0,0.0366,297146700.0
2020-04-17,11.27,11.33,11.61,11.09,39484678.0,0.0557,462404100.00000006
2020-04-20,11.32,11.4,11.54,11.17,19962799.0,0.0281,233530600.0
2020-04-21,11.29,11.09,11.35,10.81,26624101.0,0.0375,303085800.0
2020-04-22,11.05,11.44,11.55,10.9,31606778.000000004,0.0446,369988900.0
2020-04-23,11.52,11.14,11.54,11.08,19326401.0,0.027200000000000002,224056699.99999997
2020-04-24,11.15,10.78,11.28,10.62,20328342.0,0.0287,227642700.0
2020-04-27,10.79,10.54,10.8,10.46,18328294.0,0.0258,200403300.00000003
2020-04-28,10.68,10.74,11.03,9.99,31832521.000000004,0.0449,348181300.0
2020-04-29,10.75,11.5,11.85,10.71,41264221.0,0.0582,481911800.0
2020-04-30,11.93,12.26,12.53,11.66,49123333.0,0.0692,608447600.0
2020-05-06,12.02,12.78,13.09,11.99,47874974.0,0.0675,619117700.0
2020-05-07,12.74,12.53,12.97,12.43,32361440.000000004,0.045599999999999995,421011900.0
2020-05-08,12.71,12.57,12.88,12.39,32402258.0,0.045700000000000005,419700800.0
2020-05-11,12.61,12.65,13.22,12.5,38433553.0,0.0542,504120400.0
2020-05-12,12.69,12.88,12.99,12.47,32073709.000000004,0.0452,419222200.0
2020-05-13,12.9,12.89,13.16,12.69,26537189.0,0.0374,351478000.0
2020-05-14,12.74,12.66,13.03,12.63,27250765.999999996,0.0384,357429900.0
2020-05-15,12.76,12.94,13.13,12.61,40900138.0,0.057699999999999994,539488800.0
2020-05-18,13.35,12.51,13.48,12.38,44859243.0,0.0632,592333100.0
2020-05-19,12.63,13.08,13.08,12.54,40053103.0,0.0565,528480600.0
2020-05-20,12.86,12.68,13.12,12.61,33007601.0,0.04650000000000001,434827300.00000006
2020-05-21,12.76,12.21,12.76,12.18,26075054.0,0.0368,332260700.0
2020-05-22,12.18,11.9,12.55,11.74,28913571.999999996,0.0403,358441300.0
2020-05-25,11.87,11.43,11.98,11.28,25867997.0,0.036000000000000004,308291800.0
2020-05-26,11.56,11.58,11.68,11.38,20373670.0,0.028399999999999998,241352300.0
2020-05-27,11.59,11.64,11.92,11.3,25336400.0,0.0353,301974600.0
2020-05-28,11.32,11.51,11.57,11.21,20874895.0,0.0291,244373400.0
2020-05-29,11.35,11.55,11.82,11.34,17261667.0,0.0241,206101800.0
2020-06-01,11.61,12.22,12.25,11.54,25670764.0,0.0358,315459200.0
2020-06-02,12.15,12.54,12.56,12.08,30246902.0,0.0421,382117100.0
2020-06-03,12.62,12.98,13.18,12.35,44379160.0,0.061799999999999994,583527500.0
2020-06-04,13.09,12.78,13.09,12.77,31379675.0,0.0437,415278900.0
2020-06-05,12.97,12.73,13.14,12.64,26462471.999999996,0.0369,347966000.0
2020-06-08,12.98,13.15,13.73,12.85,43968542.0,0.0613,597642300.0
2020-06-09,13.1,13.01,13.36,12.83,23375595.0,0.0326,311580700.0
2020-06-10,13.0,12.7,13.0,12.49,21591717.0,0.0301,279758700.0
2020-06-11,12.69,12.48,12.98,12.42,26228728.000000004,0.0365,340145800.0
2020-06-12,12.2,12.51,12.61,12.14,21229010.0,0.0296,268546300.0
2020-06-15,12.47,12.56,12.98,12.28,29571102.0,0.0412,383151700.0
2020-06-16,12.67,12.77,12.91,12.49,21398167.0,0.0298,278370800.0
2020-06-17,12.87,13.53,13.78,12.4,40319356.0,0.0562,539254700.0
2020-06-18,13.39,13.92,14.13,13.33,44318190.0,0.061799999999999994,624585800.0
2020-06-19,13.98,13.91,14.16,13.82,26883753.000000004,0.0375,384521900.0
2020-06-22,14.15,14.74,15.1,14.03,43627111.0,0.0608,656397400.0
2020-06-23,14.9,14.62,14.95,14.53,20831702.0,0.028999999999999998,311835100.0
2020-06-24,14.7,15.81,16.11,14.69,51244973.0,0.07139999999999999,807925700.0000001
2020-06-29,15.68,15.78,16.48,15.61,39760207.0,0.0554,646135100.0
2020-06-30,16.38,16.28,16.55,15.6,35846106.0,0.0499,587842400.0
2020-07-01,16.19,16.76,17.06,15.84,39766343.0,0.0554,670018100.0
2020-07-02,16.76,16.91,16.98,16.32,34545456.0,0.0481,586976200.0
2020-07-03,16.68,15.71,16.68,15.38,53662709.0,0.0748,870537600.0
2020-07-06,15.38,16.26,16.78,15.25,53956129.0,0.07519999999999999,884972800.0
2020-07-07,16.19,16.69,17.67,15.99,49849397.0,0.0695,856397400.0
2020-07-08,16.73,17.37,17.84,16.51,39992586.0,0.0558,705467400.0
2020-07-09,17.24,17.16,17.82,16.99,45608466.0,0.0636,804351900.0
2020-07-10,17.03,18.91,18.91,16.96,42601162.0,0.0592,801286799.9999999
2020-07-13,20.32,20.83,20.83,19.36,56455538.0,0.0785,1155254500.0
2020-07-14,20.83,20.08,21.47,19.4,56385351.0,0.0784,1164003700.0
2020-07-15,20.48,18.63,20.68,18.48,54760397.0,0.0761,1071984700.0
2020-07-16,18.58,17.38,19.18,17.27,40489555.0,0.056299999999999996,748947600.0
2020-07-17,17.38,17.42,18.04,16.89,29641424.0,0.0412,528086300.0
2020-07-20,17.77,18.4,18.66,17.63,31783093.0,0.044199999999999996,587077200.0
2020-07-21,18.51,17.98,18.93,17.91,19551984.0,0.0287,362874200.0
2020-07-22,18.61,18.54,18.88,18.08,28237009.000000004,0.0415,532732699.99999994
2020-07-23,18.14,18.14,18.77,17.61,24189901.0,0.0356,444972200.0
2020-07-24,18.32,17.74,19.94,17.48,48741861.0,0.0717,920907500.0
2020-07-27,18.09,17.89,18.2,17.36,22085197.0,0.0325,400630400.0
2020-07-28,17.79,17.94,18.93,17.53,24031875.0,0.0353,444137200.0
2020-07-29,17.71,19.31,19.42,17.28,31348576.0,0.0461,594422700.0
2020-07-30,19.43,18.66,19.51,18.4,26654224.0,0.0392,507019200.0
2020-07-31,18.67,18.86,19.18,18.24,25301734.0,0.037200000000000004,482195100.0
2020-08-03,19.24,20.78,20.78,19.19,47954814.0,0.0705,982550200.0
2020-08-04,20.39,20.61,21.09,19.93,29178313.0,0.0429,608114700.0
2020-08-05,21.6,20.18,21.76,20.06,34011815.0,0.05,715240500.0
2020-08-06,19.9,20.04,20.36,19.57,24066627.0,0.0354,486346500.0
2020-08-07,19.8,19.27,20.04,18.63,27273149.0,0.0401,534370199.99999994
2020-08-10,19.13,18.93,19.47,18.58,16138404.0,0.023700000000000002,311006200.0
2020-08-11,18.93,17.91,19.15,17.78,22550233.0,0.0332,424467600.0
2020-08-12,17.98,17.36,18.28,16.68,19714727.0,0.028999999999999998,348297300.00000006
2020-08-13,17.62,18.19,18.68,17.19,20827809.0,0.030600000000000002,381192500.0
2020-08-14,18.07,18.39,18.56,17.86,11189722.0,0.0165,207444800.0
2020-08-17,18.35,18.19,18.4,17.85,15310701.999999998,0.0225,282143100.0
2020-08-18,18.25,18.05,18.53,17.98,13533092.000000002,0.0199,250674100.0
2020-08-19,17.93,16.98,18.04,16.91,21970608.0,0.0323,385319400.0
2020-08-20,17.02,16.92,17.25,16.57,11146635.0,0.016399999999999998,191989300.0
2020-08-21,17.09,17.41,17.76,16.91,12995053.0,0.0191,229571400.0
2020-08-24,17.67,18.21,18.36,17.28,21603728.0,0.0318,392635300.0
2020-08-25,18.14,18.41,19.09,18.06,18864165.0,0.0277,356340300.0
2020-08-26,18.5,17.16,18.57,17.0,21483766.0,0.0316,384662100.0
2020-08-27,17.3,18.4,18.82,17.06,22906299.0,0.0337,421239600.0
2020-08-28,18.19,18.28,18.33,17.63,14956441.0,0.022000000000000002,273918200.0
2020-08-31,18.13,17.88,18.5,17.88,15274298.000000002,0.0225,281278000.0
2020-09-01,17.85,18.03,18.17,17.52,10054405.0,0.0148,182756300.0
2020-09-02,18.24,18.13,18.48,17.98,13125847.0,0.019299999999999998,242730300.0
2020-09-03,18.0,17.61,18.25,17.48,13604513.0,0.02,245939100.0
2020-09-04,17.18,17.9,18.14,17.11,15356809.0,0.0226,278324300.0
2020-09-07,17.92,17.81,18.94,17.5,30903225.0,0.0454,571650200.0
2020-09-08,17.9,17.69,18.07,17.35,15407385.999999998,0.0227,277736800.0
2020-09-09,17.61,15.92,17.68,14.72,40070934.0,0.058899999999999994,656497899.9999999
2020-09-10,15.7,15.3,16.04,15.15,20325152.0,0.029900000000000003,322052000.0
2020-09-11,15.5,16.08,16.14,15.18,14793489.000000002,0.0218,237981000.0
2020-09-14,16.33,16.11,16.49,15.88,14597934.0,0.0215,240713100.0
2020-09-15,16.25,16.31,16.76,15.6,17518315.0,0.0258,289133200.0
2020-09-16,16.33,16.16,16.62,16.01,9734768.0,0.0143,161182700.0
2020-09-17,16.0,16.25,16.59,15.9,15600501.999999998,0.0229,258782900.0
2020-09-18,16.27,16.31,16.42,16.08,11272180.0,0.0166,186701100.0
2020-09-21,16.31,16.06,16.5,15.95,9890250.0,0.014499999999999999,162617200.0
2020-09-22,15.99,15.77,16.18,15.66,9078115.0,0.013300000000000001,147441000.0
2020-09-23,15.87,16.18,16.23,15.77,11795677.0,0.0173,192905800.00000003
2020-09-24,15.96,15.5,15.96,15.45,12912470.0,0.019,205895300.0
2020-09-25,15.58,15.45,15.69,15.25,7482912.0,0.011000000000000001,117924700.0
2020-09-28,15.63,15.29,15.64,14.99,11189615.0,0.0165,174809700.0
2020-09-29,15.5,15.58,15.8,15.24,9686864.0,0.014199999999999999,153853000.0
2020-09-30,15.84,15.4,16.05,15.3,13297657.999999998,0.0196,210852100.0
2020-10-09,15.8,16.25,16.39,15.71,15397950.0,0.0226,252427500.0
2020-10-12,16.45,17.09,17.1,16.26,15898103.0,0.023399999999999997,271431900.0
2020-10-13,17.09,16.76,17.2,16.68,15037192.000000002,0.022099999999999998,258607100.0
2020-10-14,16.87,16.55,16.9,16.42,15653332.999999998,0.023,265723300.00000003
2020-10-15,16.58,16.36,16.68,16.25,8149169.0,0.012,136565200.0
2020-10-16,16.39,16.05,16.56,15.88,12420172.0,0.0183,203557400.00000003
2020-10-19,16.14,15.74,16.26,15.61,8716453.0,0.0128,141052000.0
2020-10-20,15.9,16.06,16.1,15.47,8113847.0,0.011899999999999999,130518799.99999999
2020-10-21,16.1,15.65,16.2,15.53,8317386.0,0.012199999999999999,133320700.0
2020-10-22,15.55,15.58,15.73,15.24,8527999.0,0.0125,134470500.0
2020-10-23,15.55,15.08,15.75,14.95,9380820.0,0.0138,145886600.0
2020-10-26,14.88,14.57,14.99,14.38,11533783.0,0.017,171760099.99999997
2020-10-27,14.56,15.0,15.16,14.46,13050439.0,0.0192,197667800.0
2020-10-28,14.7,14.48,15.05,14.31,15413864.000000002,0.0227,228563500.0
2020-10-29,14.3,14.48,14.69,14.26,9044717.0,0.013300000000000001,134059400.0
2020-10-30,14.43,14.48,15.06,14.26,15887006.0,0.023399999999999997,237737000.0
2020-11-02,14.6,14.57,14.76,14.3,11411754.0,0.0168,168630600.0
2020-11-03,14.7,14.84,15.18,14.34,14345849.0,0.021099999999999997,218193700.0
2020-11-04,14.93,14.7,15.1,14.57,10764398.0,0.0158,162246700.0
2020-11-05,14.97,14.71,14.97,14.34,14037649.0,0.0206,209175900.0
2020-11-06,14.63,14.24,14.71,14.0,13751638.0,0.0202,200485000.0
2020-11-09,14.42,15.64,16.04,14.36,34620798.0,0.0509,543213200.0
2020-11-10,15.5,15.78,16.0,15.18,22934724.0,0.0337,364734700.0
2020-11-11,15.76,15.11,16.0,15.06,16039279.999999998,0.0236,252660900.0
2020-11-12,15.29,14.63,15.34,14.49,13564948.000000002,0.0199,204186100.0
2020-11-13,14.45,15.19,15.75,14.33,22056937.0,0.032400000000000005,343816600.00000006
2020-11-16,15.33,15.47,15.5,15.01,13174862.0,0.0194,204974199.99999997
2020-11-17,15.48,15.4,15.57,14.9,15415101.0,0.0227,238677599.99999997
2020-11-18,15.25,15.28,15.53,15.06,11910279.0,0.0175,185335500.0
2020-11-19,15.2,15.86,15.99,15.15,21913785.0,0.0322,351449500.0
2020-11-20,15.87,15.4,15.89,15.3,14965301.0,0.022000000000000002,236143800.0
2020-11-23,15.33,15.16,15.36,14.88,12783174.0,0.018799999999999997,197052100.0
2020-11-24,15.06,15.26,15.3,14.9,12817645.0,0.018799999999999997,197126800.0
2020-11-25,15.23,16.38,16.98,15.14,37618772.0,0.0553,620776500.0
2020-11-26,16.3,16.09,16.75,16.0,17194034.0,0.0253,283767400.0
2020-11-27,16.5,16.62,17.09,16.37,28098784.000000004,0.041299999999999996,477067200.0
2020-11-30,16.26,16.24,16.65,16.05,20668456.0,0.0304,343461800.0
2020-12-01,16.33,16.38,16.58,15.91,15458493.0,0.0227,255050500.0
2020-12-02,16.33,17.0,17.07,16.24,24147050.0,0.0355,411546700.0
2020-12-03,16.96,16.72,17.4,16.63,16561684.0,0.024399999999999998,284282100.0
2020-12-04,16.47,16.4,16.8,16.38,10849472.0,0.016,182727100.0
2020-12-07,16.7,16.1,16.79,15.98,11531934.0,0.017,191915300.0
2020-12-08,16.11,15.92,16.3,15.86,8989239.0,0.0132,147136400.0
2020-12-09,16.08,15.52,16.17,15.44,11634399.0,0.0171,187306100.0
2020-12-10,15.42,15.83,16.12,15.41,13490032.999999998,0.019799999999999998,218472000.0
2020-12-11,16.0,15.3,16.0,14.95,21020442.0,0.030899999999999997,327386100.0
2020-12-14,15.54,16.36,16.58,15.31,26710536.0,0.0393,437627500.0
2020-12-15,16.42,16.64,16.9,16.3,27341108.0,0.04019999999999999,461169900.0
2020-12-16,16.68,16.63,16.83,16.4,15274738.0,0.0225,258477900.0
2020-12-17,16.97,17.15,17.16,16.63,21473445.0,0.0313,369524300.0
2020-12-18,17.29,17.04,17.98,17.04,28385148.0,0.041299999999999996,505745300.0
2020-12-21,17.49,18.42,18.68,17.3,31231375.0,0.0455,579468200.0
2020-12-22,18.36,18.34,19.08,18.2,29299130.0,0.0426,552642500.0
2020-12-23,18.29,18.91,18.95,18.03,29694414.0,0.0432,560485100.0
2020-12-24,18.8,18.51,18.93,18.22,20523307.0,0.029900000000000003,387146300.0
2020-12-25,18.3,18.29,18.64,18.0,16209860.999999998,0.0236,301081700.0
2020-12-28,18.25,18.11,18.57,17.88,17187638.0,0.025,317711700.0
2020-12-29,18.1,18.27,18.75,17.95,20692222.0,0.0301,386040700.0
2020-12-30,18.2,18.11,18.43,17.62,17658262.0,0.025699999999999997,324092100.0
2020-12-31,18.18,18.61,18.65,18.1,18666461.0,0.027200000000000002,349509700.0
2021-01-04,18.45,18.71,19.05,18.16,24129025.0,0.0351,457310100.0
2021-01-05,18.55,19.0,19.18,18.4,24692706.0,0.0359,472896400.0
2021-01-06,19.32,18.11,19.9,18.08,27794968.0,0.0405,531941900.0
2021-01-07,18.19,17.44,18.35,16.91,34806359.0,0.0507,622041900.0
2021-01-08,17.37,17.5,17.88,17.11,17609576.0,0.0256,314923400.0
2021-01-11,17.46,17.64,18.17,17.46,19743684.0,0.0287,358187300.00000006
2021-01-12,17.7,17.91,18.06,17.4,18322374.0,0.026699999999999998,330199000.0
2021-01-13,18.27,19.2,19.63,18.08,35372537.0,0.051500000000000004,678104000.0
2021-01-14,19.35,20.61,21.56,19.19,52875910.0,0.077,1094660200.0
2021-01-15,20.81,20.85,21.25,19.95,35088059.0,0.051100000000000007,733187700.0
2021-01-18,21.05,23.0,23.1,20.4,52264183.0,0.0761,1166533800.0
2021-01-19,22.52,22.86,23.34,22.3,33736854.0,0.049100000000000005,776461500.0
2021-01-20,22.36,22.76,23.43,22.36,28130439.0,0.0409,651065100.0
2021-01-21,22.96,23.14,23.92,22.95,33228689.0,0.0484,786060300.0
2021-01-22,22.95,22.71,23.32,21.97,41021567.0,0.059699999999999996,936757899.9999999
2021-01-25,22.21,23.08,24.11,21.92,54733980.00000001,0.0797,1278507000.0
2021-01-26,23.21,22.53,24.47,22.45,37741349.0,0.054900000000000004,890744700.0
2021-01-27,22.77,22.49,23.32,22.21,31118862.0,0.0453,714325800.0
2021-01-28,22.03,21.65,22.82,21.39,34817393.0,0.0507,779017100.0000001
2021-01-29,21.97,21.7,22.25,21.11,28129643.0,0.0409,620274400.0
2021-02-01,21.71,21.79,22.06,21.45,22995944.0,0.0335,506829200.0
2021-02-02,21.75,21.74,21.97,21.35,20114632.0,0.029300000000000003,440910700.0
2021-02-03,21.82,20.85,21.88,20.5,27994028.999999996,0.0407,604238100.0
2021-02-04,20.57,20.84,21.18,20.13,30118283.0,0.0438,628689200.0
2021-02-05,20.7,19.56,20.8,19.3,30988861.0,0.0451,628338800.0
2021-02-08,19.88,19.76,20.24,19.6,16105475.0,0.023399999999999997,325463900.0
2021-02-09,19.6,20.38,20.61,19.55,16997013.0,0.024700000000000003,349017400.0
2021-02-10,20.3,20.13,20.42,19.84,17276683.0,0.025099999999999997,352574100.00000006
2021-02-18,20.61,20.75,21.45,20.39,23372154.0,0.034,496110800.0
2021-02-19,20.7,20.57,20.88,20.0,17641889.0,0.025699999999999997,365404200.0
2021-02-22,20.5,19.82,21.04,19.75,22680891.0,0.033,470285000.0
2021-02-23,19.7,19.54,19.87,19.01,17409097.0,0.0253,345118399.99999994
2021-02-24,19.26,18.98,19.87,18.98,20889725.0,0.0304,412039900.0
2021-02-25,19.33,18.49,19.4,18.4,17598027.0,0.0256,335177699.99999994
2021-02-26,18.05,17.92,18.47,17.8,15032145.000000002,0.0219,275980200.0
2021-03-01,18.39,18.59,18.76,18.2,14216971.0,0.0207,267541200.0
2021-03-02,19.02,18.74,19.43,18.63,18087304.0,0.0263,348995899.99999994
2021-03-03,18.74,18.99,19.01,18.5,10845357.0,0.0158,206692100.0
2021-03-04,18.95,18.46,19.16,18.44,13356426.999999998,0.0194,254632900.0
2021-03-05,18.1,19.2,19.38,18.1,16530674.0,0.0241,319095800.0
2021-03-08,19.41,18.42,19.42,18.41,14544407.0,0.0212,278086900.0
2021-03-09,18.3,17.35,18.6,17.2,20186263.0,0.0294,365798100.0
2021-03-10,17.65,17.11,17.84,16.89,11585485.0,0.0169,203987100.0
2021-03-11,17.06,17.73,18.1,16.97,13743887.0,0.02,245830300.0
2021-03-12,17.7,17.76,17.94,17.52,9521581.0,0.0139,171577599.99999997
2021-03-15,17.54,17.35,17.87,17.32,9338977.0,0.013600000000000001,167022599.99999997
2021-03-16,17.49,17.1,17.64,16.94,8858564.0,0.0129,154863600.0
2021-03-17,17.01,17.08,17.49,17.01,7983105.0,0.0116,140070600.0
2021-03-18,17.22,17.52,17.82,16.95,11299446.0,0.016399999999999998,199868400.0
2021-03-19,17.25,17.0,17.42,16.99,9809855.0,0.0143,171256900.0
2021-03-22,17.0,16.63,17.18,16.53,11493188.0,0.0167,196066800.0
2021-03-23,16.8,16.74,17.3,16.62,10056530.0,0.0146,173392200.0
2021-03-24,16.55,15.91,16.6,15.75,18823577.0,0.0274,308111400.0
2021-03-25,15.92,15.96,16.28,15.86,8831626.0,0.0129,144597600.0
2021-03-26,16.05,16.45,16.65,15.97,10514368.0,0.015300000000000001,174702400.00000003
2021-03-29,16.7,16.35,16.73,16.29,8666671.0,0.0126,145416700.0
2021-03-30,16.2,16.09,16.43,16.08,8194833.0,0.011899999999999999,135187900.0
2021-03-31,16.25,15.95,16.35,15.92,7915603.999999999,0.0115,129687000.0
2021-04-01,16.05,16.58,16.75,16.0,14651667.000000002,0.0213,245615700.0
2021-04-02,16.58,17.62,17.75,16.58,19878397.0,0.028900000000000002,348458600.0
2021-04-06,17.53,17.12,17.79,17.06,10969962.0,0.016,193289300.0
2021-04-07,17.04,17.11,17.27,16.8,10084765.0,0.0147,174738500.0
2021-04-08,17.15,15.98,17.35,15.05,35829795.0,0.052199999999999996,585571800.0
2021-04-09,15.69,15.88,16.29,15.59,20849441.0,0.030299999999999997,335159800.00000006
2021-04-12,15.8,14.92,15.86,14.91,19895503.0,0.028999999999999998,310358800.0
2021-04-13,14.97,14.8,15.12,14.68,10541401.0,0.015300000000000001,160093800.0
2021-04-14,14.97,15.04,15.22,14.72,7308837.0,0.0106,112057000.0
2021-04-15,15.2,14.9,15.2,14.74,6695386.0,0.0097,101792900.00000001
2021-04-16,14.79,14.98,15.09,14.79,7287619.0,0.0106,110974400.0
2021-04-19,14.86,15.34,15.43,14.86,10081229.0,0.0147,157117400.0
2021-04-20,15.42,15.37,15.94,15.35,10852496.0,0.0158,172272100.0
2021-04-21,15.23,15.7,15.86,15.23,10160263.0,0.0148,162119500.0
2021-04-22,15.88,15.61,16.08,15.59,11392067.0,0.0166,183609100.0
2021-04-23,15.68,15.62,15.78,15.45,7689273.0,0.011200000000000002,122298600.0
2021-04-26,15.57,15.41,15.8,15.36,10213998.0,0.0149,162023300.0
2021-04-27,15.51,15.4,15.55,15.13,6565328.999999999,0.0096,102701900.0
2021-04-28,15.45,16.01,16.06,15.31,12084675.0,0.0176,194084199.99999997
2021-04-29,16.01,15.82,16.31,15.81,10113526.0,0.0147,165406300.0
2021-04-30,15.87,15.98,16.23,15.81,8176881.0,0.011899999999999999,133409300.0
2021-05-06,15.9,16.2,16.4,15.84,9543922.0,0.0139,157170500.0
2021-05-07,16.2,15.5,16.45,15.45,12310574.0,0.0179,199411500.0
2021-05-10,15.48,15.33,15.65,15.01,8154506.0,0.011899999999999999,127800000.0
2021-05-11,15.19,15.22,15.34,14.82,7763300.999999999,0.0113,119613200.0
2021-05-12,15.29,15.36,15.37,15.02,6618867.0,0.0096,102743400.0
2021-05-13,15.1,15.46,16.0,15.03,9627336.0,0.013999999999999999,152497500.0
2021-05-14,15.54,15.84,15.87,15.25,8319949.000000001,0.0121,132323200.0
2021-05-17,15.77,15.73,16.07,15.61,8060689.0,0.011699999999999999,129857200.0
2021-05-18,15.61,16.41,16.47,15.52,15245490.0,0.0222,252230500.0
2021-05-19,16.3,16.63,16.76,16.21,13436307.999999998,0.0196,226237300.0
2021-05-20,16.7,17.3,17.43,16.7,18699965.0,0.027200000000000002,327818300.0
2021-05-21,17.29,16.95,17.48,16.91,11424611.0,0.0166,199012500.0
2021-05-24,16.9,16.88,16.92,16.52,10962502.0,0.016,186422700.0
2021-05-25,16.79,16.99,17.2,16.71,12306269.0,0.0179,212651100.0
2021-05-26,16.9,16.68,17.18,16.68,10706486.0,0.015600000000000001,183395200.0
2021-05-27,16.68,17.67,17.84,16.6,23439996.0,0.0341,415765600.0
2021-05-28,17.7,17.69,18.05,17.55,17777622.0,0.0259,320915800.0
2021-05-31,17.87,17.69,18.03,17.5,13585741.0,0.019799999999999998,245774500.0
2021-06-01,17.69,18.69,18.97,17.58,29413182.0,0.042800000000000005,550044000.0
2021-06-02,18.65,18.2,18.7,18.0,17649931.0,0.025699999999999997,329199400.0
2021-06-03,18.3,18.05,18.64,18.03,14395717.000000002,0.021,268024500.0
2021-06-04,18.13,18.15,18.46,18.04,11897967.0,0.0173,220611600.0
2021-06-07,18.65,18.37,19.31,18.21,27690717.0,0.0403,528503300.0
2021-06-08,18.2,17.56,18.5,17.3,19612468.0,0.0285,357143100.0
2021-06-09,17.57,17.02,17.84,16.74,25062636.0,0.0365,437314200.0
2021-06-10,17.02,17.4,17.74,16.91,24351371.0,0.0354,428386200.0
2021-06-11,17.4,16.4,17.4,16.26,29045226.0,0.042300000000000004,492972900.0
2021-06-15,16.41,16.6,16.66,16.16,16343595.000000002,0.023799999999999998,274232300.0
2021-06-16,16.62,16.05,16.94,15.96,15449047.0,0.0225,257574199.99999997
2021-06-17,16.06,17.22,17.51,16.02,27745281.0,0.0401,477250000.0
2021-06-18,17.22,17.07,17.62,16.88,19139175.0,0.0276,333908399.99999994
2021-06-21,16.98,17.71,17.95,16.98,21318322.0,0.0308,381711100.0
2021-06-22,17.64,17.55,18.0,17.13,17694739.0,0.0255,314245000.0
2021-06-23,17.56,18.12,18.46,17.49,29746695.0,0.0429,544877900.0
2021-06-24,17.99,17.63,18.14,17.4,21845663.0,0.0315,393166000.0
2021-06-25,17.63,17.76,18.03,17.2,20202232.0,0.0292,362490100.0
2021-06-28,19.33,18.35,19.73,18.18,41062516.0,0.0593,781090800.0
2021-06-29,18.2,17.28,18.53,17.23,33387509.000000004,0.0482,597767900.0
2021-06-30,17.21,17.98,18.28,17.21,29302125.0,0.042300000000000004,532869600.0
2021-07-01,18.02,17.43,18.12,17.38,18277975.0,0.0264,327333200.0
2021-07-02,17.32,16.94,17.58,16.88,16490225.0,0.023799999999999998,288841800.0
2021-07-05,17.11,17.49,17.56,16.99,14318576.999999998,0.0207,251610700.0
2021-07-06,17.48,16.98,17.54,16.7,16698818.0,0.0241,289695900.0
2021-07-07,16.8,17.07,17.17,16.65,15684759.0,0.0222,269372500.0
2021-07-08,17.01,18.63,18.97,17.01,46810169.0,0.0662,872503800.0
2021-07-09,18.83,18.96,19.06,18.13,35616102.0,0.0499,672648800.0
2021-07-12,18.92,19.29,19.73,18.75,32448734.000000004,0.0454,633955100.0
2021-07-13,19.26,19.17,20.28,18.83,29756103.999999996,0.0417,586919000.0
2021-07-14,19.03,18.59,19.26,18.54,27406274.0,0.0384,524418300.0
2021-07-15,18.54,18.41,18.99,18.03,20223023.0,0.028300000000000002,377597100.0
2021-07-16,18.33,18.23,18.91,18.13,19469600.0,0.0273,364121800.0
2021-07-19,17.88,17.97,18.22,17.56,16542759.0,0.0231,300247000.0
2021-07-20,17.7,18.06,18.1,17.62,14145629.999999998,0.019799999999999998,256467800.0
2021-07-21,18.23,18.58,18.78,17.93,23229863.0,0.0325,434812000.0
2021-07-22,18.73,21.53,22.34,18.59,73021378.0,0.102,1532249200.0000002
2021-07-23,21.58,22.23,22.73,21.33,56583657.99999999,0.0791,1257718800.0
2021-07-26,22.19,22.05,22.67,21.13,39270832.0,0.054900000000000004,871184700.0
2021-07-27,22.31,22.28,24.18,21.96,66395040.0,0.0928,1547738900.0000002
2021-07-28,22.25,21.63,23.06,20.83,61702310.0,0.0862,1370590300.0
2021-07-29,22.27,22.84,23.1,21.33,59852931.99999999,0.0836,1353741000.0
2021-07-30,22.69,23.27,23.97,22.45,53409435.0,0.0746,1261907500.0
2021-08-02,23.09,25.31,26.64,23.09,80582015.0,0.11259999999999999,2028470799.9999998
2021-08-03,25.33,24.85,26.08,24.31,65429114.0,0.09140000000000001,1662250799.9999998
2021-08-04,24.75,24.87,25.11,23.72,47130648.0,0.0658,1168902800.0
2021-08-05,24.64,23.96,24.77,23.49,37396955.0,0.052199999999999996,907826600.0
2021-08-06,24.31,22.64,24.66,22.43,47902072.0,0.0669,1128666300.0
2021-08-09,24.03,23.98,25.18,23.13,55052328.0,0.07690000000000001,1342236000.0
2021-08-10,24.27,23.56,24.57,23.26,35642929.0,0.049800000000000004,855417400.0
2021-08-11,23.57,22.52,23.71,22.31,37176186.0,0.0519,854423100.0
2021-08-12,22.37,22.83,23.37,22.34,25946841.0,0.0363,599565600.0
2021-08-13,22.58,22.7,23.4,22.28,22294066.0,0.0311,513152800.0
2021-08-16,22.39,22.4,23.0,21.56,24539450.0,0.034300000000000004,553262700.0
2021-08-17,22.34,21.69,22.5,21.41,19470653.0,0.027200000000000002,432331700.0
2021-08-18,21.78,21.87,22.07,21.13,17812817.0,0.024900000000000002,391283000.0
2021-08-19,21.7,21.23,22.3,20.88,27614078.000000004,0.038599999999999995,601307500.0
2021-08-20,21.85,21.66,22.52,21.28,27037437.0,0.0378,599826800.0
2021-08-23,21.71,22.34,22.59,21.53,24062138.0,0.0336,539040400.0
2021-08-24,22.23,24.0,24.73,21.58,47975489.0,0.067,1132441400.0
2021-08-25,23.59,24.33,24.33,23.53,26496902.0,0.037000000000000005,643730100.0
2021-08-26,24.62,22.81,24.68,22.65,32035809.000000004,0.044800000000000006,757308200.0000001
2021-08-27,22.67,22.32,23.11,21.84,17776032.0,0.0248,402982000.0
2021-08-30,21.63,21.45,22.39,21.13,26025986.0,0.0364,571079900.0
2021-08-31,21.81,20.94,21.81,20.51,21359592.0,0.0298,453065000.0
2021-09-01,20.96,20.83,21.37,20.65,17723906.0,0.0248,376398399.99999994
2021-09-02,20.73,20.8,21.15,20.25,14005179.999999998,0.0196,293598700.0
2021-09-03,20.75,20.63,21.32,19.72,24688100.0,0.0345,514826000.0
2021-09-06,20.68,21.14,21.22,20.31,14078618.0,0.0197,297385500.0
2021-09-07,21.05,20.73,21.27,20.59,12782755.0,0.0179,269160300.0
2021-09-08,20.76,21.06,21.53,20.67,16325179.999999998,0.022799999999999997,348156700.0
2021-09-09,20.93,21.23,21.37,20.24,18106543.0,0.0253,380610800.0
2021-09-10,21.12,22.11,22.29,21.06,28131242.0,0.0393,620153400.0
2021-09-13,22.03,21.74,22.52,21.44,17424210.0,0.024300000000000002,385941900.0
2021-09-14,21.78,21.02,21.95,20.93,15556257.0,0.0217,338142900.0
2021-09-15,20.96,20.82,21.15,20.43,9744328.0,0.013600000000000001,205286699.99999997
2021-09-16,21.07,19.95,21.08,19.79,16004629.999999998,0.022400000000000003,327926900.0
2021-09-17,19.91,19.31,20.13,18.97,15244637.0,0.0213,299721900.0
2021-09-22,19.2,19.35,19.55,19.06,7731248.0,0.0108,151194300.0
2021-09-23,20.14,20.61,20.95,19.69,20210446.0,0.0282,416886900.0
2021-09-24,20.25,19.83,20.72,19.83,11597106.0,0.016200000000000003,236528900.0
2021-09-27,20.07,19.62,20.47,19.51,11515012.0,0.0161,232737200.0
2021-09-28,19.66,19.6,20.03,19.43,8933516.0,0.0125,178634400.0
2021-09-29,19.44,18.82,19.53,18.49,12666124.0,0.0177,242737800.0
2021-09-30,18.74,18.66,18.95,18.54,9501277.0,0.013300000000000001,180780600.0
2021-10-08,18.83,19.0,19.66,18.65,7960157.000000001,0.0111,154797300.0
2021-10-11,19.0,19.13,19.43,18.87,4923552.0,0.0069,95864100.0
2021-10-12,19.13,18.46,19.14,18.03,10190888.0,0.014199999999999999,190767300.0
2021-10-13,18.46,18.56,18.63,18.16,4212593.0,0.0059,78884100.0
2021-10-14,18.38,18.89,18.99,18.33,6155760.0,0.0086,116536800.0
2021-10-15,18.77,19.01,19.28,18.59,10764625.0,0.015,207305300.0
2021-10-18,18.84,19.18,19.23,18.54,7347969.0,0.0103,140934800.0
2021-10-19,19.23,19.04,19.32,18.91,6644100.0,0.009300000000000001,128688300.0
2021-10-20,18.93,19.01,19.05,18.55,8896798.0,0.0124,169909900.00000003
2021-10-21,19.04,18.39,19.04,17.99,13768212.0,0.0192,257267200.0
2021-10-22,18.41,18.22,19.08,18.15,12620197.0,0.0176,238506200.0
2021-10-25,18.1,19.03,19.17,17.92,13051249.0,0.0182,246814300.0
2021-10-26,18.84,19.19,19.48,18.84,11363012.0,0.0159,221348800.0
2021-10-27,19.63,19.06,19.63,18.53,10794298.0,0.0151,207427100.0
2021-10-28,19.06,18.52,19.41,18.43,12860494.0,0.0179,246476000.0
2021-10-29,18.62,19.78,19.93,18.56,22690308.0,0.0316,448595600.0
2021-11-01,19.63,20.2,20.38,19.62,15648256.0,0.0218,317952000.0
2021-11-02,20.23,20.12,20.58,19.83,12399612.0,0.0173,254821500.0
2021-11-03,20.53,21.78,22.33,20.38,33878390.0,0.0472,737970300.0
2021-11-04,22.02,22.35,22.63,21.63,26517111.0,0.037000000000000005,597776500.0
2021-11-05,22.74,21.94,22.91,21.84,17843520.0,0.024900000000000002,401164200.0
2021-11-08,22.0,21.72,22.2,21.38,11256703.0,0.015700000000000002,246597500.0
2021-11-09,21.8,22.47,22.64,21.58,18149735.0,0.0253,407748200.0
2021-11-10,22.55,23.71,24.06,22.4,28459671.999999996,0.0397,670163400.0
2021-11-11,23.57,23.69,24.62,23.3,27443940.000000004,0.0383,662437899.9999999
2021-11-12,23.39,23.69,24.28,23.25,18465251.0,0.025699999999999997,441692200.0
2021-11-15,23.69,23.9,24.52,23.49,20378927.0,0.028399999999999998,493741400.0
2021-11-16,23.54,23.03,23.9,22.98,18319570.0,0.0255,432975300.0
2021-11-17,23.36,23.69,24.23,23.1,18157734.0,0.0253,434857000.0
2021-11-18,23.82,24.04,24.88,23.65,20555128.0,0.0287,504215700.0
2021-11-19,24.12,24.63,24.83,24.01,16456863.0,0.0229,406993200.0
2021-11-22,24.98,24.91,25.28,24.63,18643490.0,0.026000000000000002,470285199.99999994
2021-11-23,25.58,24.0,25.79,23.65,36920654.0,0.051500000000000004,911917000.0
2021-11-24,24.24,25.13,25.73,24.22,32678686.0,0.045599999999999995,830236300.0
2021-11-25,25.12,25.36,26.66,24.84,30490142.0,0.0425,793759500.0
2021-11-26,25.36,24.95,25.47,24.13,29263011.0,0.0408,729094700.0
2021-11-29,25.56,26.74,27.73,25.54,49440627.0,0.0689,1343582900.0
2021-11-30,26.76,26.21,27.02,26.11,22839113.0,0.0318,609184100.0
2021-12-01,26.12,25.77,26.54,25.47,15123643.0,0.021099999999999997,394835500.0
2021-12-02,26.43,26.2,26.88,25.94,21387316.0,0.0298,570493000.0
2021-12-03,26.2,25.82,26.23,25.33,16081979.0,0.022400000000000003,418626900.0
2021-12-06,25.66,25.32,26.49,25.07,17157926.0,0.0239,442758700.0
2021-12-07,25.36,24.12,25.42,23.82,23696210.0,0.033,581703300.0
2021-12-08,24.46,24.48,24.76,23.91,15520664.000000002,0.0216,381900700.0
2021-12-09,24.48,24.11,24.48,23.78,11759243.0,0.016399999999999998,286407600.0
2021-12-10,24.13,24.09,24.85,23.99,11897505.0,0.0166,292075100.0
2021-12-13,24.23,23.5,24.43,23.32,22402947.0,0.031200000000000002,536800400.0
2021-12-14,23.5,23.76,23.88,23.4,18324681.0,0.0255,438350199.99999994
2021-12-15,23.98,24.53,25.18,23.9,22115196.0,0.0308,551645600.0
2021-12-16,24.44,24.01,25.03,23.95,15022700.0,0.0209,369872300.00000006
2021-12-17,23.89,23.02,24.19,22.85,18446036.0,0.025699999999999997,432264400.0
2021-12-20,23.02,22.99,23.55,22.89,11252363.0,0.015700000000000002,264209900.00000003
2021-12-21,22.91,23.44,23.58,22.82,9033189.0,0.0126,213462300.0
2021-12-22,23.37,24.11,24.63,23.21,16196120.000000002,0.0226,395893399.99999994
2021-12-23,24.32,24.21,24.43,23.74,9850787.0,0.0137,239572900.0
2021-12-24,24.23,23.49,24.42,23.33,7733182.000000001,0.0108,185603900.0
2021-12-27,23.71,23.62,23.98,23.12,7249464.999999999,0.0101,172853200.0
2021-12-28,23.58,24.15,24.28,23.43,9816769.0,0.0137,237784199.99999997
2021-12-29,24.03,24.13,24.88,23.95,9914834.0,0.0138,245018000.0
2021-12-30,24.59,23.87,24.59,23.73,9975906.0,0.0139,243014700.0
2021-12-31,23.75,24.07,24.16,23.56,8921859.0,0.0124,215903200.0
2022-01-04,24.22,23.6,24.41,23.53,9506360.0,0.013300000000000001,229033800.0
2022-01-05,23.73,22.29,23.87,21.77,28954862.0,0.0404,657251100.0
2022-01-06,22.29,22.18,22.92,21.94,10662539.0,0.0149,241026300.0
2022-01-07,22.28,21.73,22.37,21.63,9336997.0,0.013000000000000001,207131100.0
2022-01-10,21.61,22.73,23.01,21.54,13835795.000000002,0.019299999999999998,315222200.0
2022-01-11,22.91,21.47,22.92,21.31,14003135.0,0.0195,309390400.0
2022-01-12,21.44,22.05,22.17,21.44,10186902.0,0.014199999999999999,224802300.0
2022-01-13,22.04,21.78,22.27,21.35,9115306.0,0.0127,201209800.0
2022-01-14,21.65,22.33,22.9,21.63,11003319.0,0.015300000000000001,249959100.0
2022-01-17,22.28,23.26,23.57,22.13,16261403.0,0.0227,380958900.0
2022-01-18,23.18,23.61,24.0,23.05,12204459.0,0.017,291859000.0
2022-01-19,23.23,22.01,23.42,21.83,17860824.0,0.024900000000000002,403796900.0
2022-01-20,21.98,21.37,22.13,21.23,11895183.0,0.0166,259217800.0
2022-01-21,21.33,21.17,21.59,20.78,9331667.0,0.013000000000000001,199821500.0
2022-01-24,21.41,21.05,21.58,20.81,8492043.0,0.0118,181299700.0
2022-01-25,20.94,20.75,21.43,20.45,11954933.0,0.0167,253896600.0
2022-01-26,20.91,21.09,21.28,20.5,7329684.0,0.0102,155846400.0
2022-01-27,21.16,20.58,21.47,20.58,6648339.999999999,0.009300000000000001,140295900.0
2022-01-28,20.77,20.54,20.88,20.38,7125225.999999999,0.009899999999999999,149131100.0
2022-02-07,20.81,20.37,21.11,20.27,6474465.0,0.009000000000000001,134986800.0
2022-02-08,20.42,20.38,20.59,19.49,12590081.0,0.0176,254694400.0
2022-02-09,20.47,20.92,21.05,20.1,6473203.0,0.009000000000000001,135526000.0
2022-02-10,20.98,20.27,21.01,20.11,10305210.0,0.0144,212746500.0
2022-02-11,20.37,19.58,20.37,19.32,16122732.999999998,0.0225,319559200.0
2022-02-14,19.34,19.18,19.97,19.01,9247433.0,0.0129,182064300.0
2022-02-15,19.27,20.24,20.31,19.2,12141236.0,0.0169,245710000.0
2022-02-16,20.4,19.77,20.43,19.68,6443300.0,0.009000000000000001,129887700.0
2022-02-17,19.72,20.01,20.24,19.66,7347086.0,0.0102,148849700.0
2022-02-18,19.95,19.82,20.13,19.69,6536208.0,0.0091,131259000.0
2022-02-21,19.92,20.27,20.3,19.76,7361278.0,0.0103,149809700.0
2022-02-22,20.13,20.41,20.46,19.63,8981789.0,0.0125,183036500.0
2022-02-23,20.38,21.22,21.7,20.23,16822965.0,0.0235,362004800.00000006
2022-02-24,21.0,21.01,21.61,20.51,14717429.0,0.020499999999999997,313942100.0
2022-02-25,21.44,21.16,21.86,20.94,12071666.0,0.0168,261056900.0
2022-02-28,20.97,21.43,21.48,20.73,8927677.0,0.0124,190837000.0
2022-03-01,21.53,21.19,21.58,20.87,7240596.000000001,0.0101,154897900.0
2022-03-02,20.99,21.11,21.28,20.86,6308368.0,0.0088,134438000.0
2022-03-03,21.13,20.81,21.22,20.68,5767447.0,0.008,121651500.0
2022-03-04,20.61,20.79,21.18,20.46,8197725.0,0.011399999999999999,172892800.0
2022-03-07,20.77,19.88,20.77,19.62,13719126.999999998,0.0191,277377400.0
2022-03-08,19.81,20.05,20.7,19.39,13298346.0,0.018500000000000003,271482500.0
2022-03-09,20.36,20.07,20.73,19.2,13628079.0,0.019,277109700.0
2022-03-10,20.93,21.13,21.65,20.57,33845040.0,0.0472,727654299.9999999
2022-03-11,20.87,20.7,20.93,19.73,20677650.0,0.0288,426801900.0
2022-03-14,20.32,20.2,20.78,20.16,8257344.0,0.0115,171082500.0
2022-03-15,19.91,19.51,20.33,19.33,16389922.0,0.022799999999999997,328692000.0
2022-03-16,19.88,20.03,20.28,18.53,19777352.0,0.0276,389932900.0
2022-03-17,20.42,20.65,21.52,20.33,21998672.0,0.030699999999999998,467779500.0
2022-03-18,20.68,20.76,20.98,20.45,7647239.999999999,0.010700000000000001,160420500.0
2022-03-21,20.88,20.53,20.88,20.36,8986404.0,0.0125,187458000.0
2022-03-22,20.69,20.01,20.78,19.89,11090330.0,0.0155,227218200.0
2022-03-23,20.15,20.37,20.63,19.67,11006711.0,0.015300000000000001,223803300.00000003
2022-03-24,20.23,20.28,20.46,19.71,7861800.0,0.011000000000000001,160333100.0
2022-03-25,20.43,19.88,20.85,19.79,8855326.0,0.0123,181256400.0
2022-03-28,19.67,19.83,20.09,19.29,6894112.0,0.0096,137190900.0
2022-03-29,19.82,19.62,20.02,19.41,4829813.0,0.0067,95990300.0
2022-03-30,19.53,20.14,20.24,19.53,9289412.0,0.013000000000000001,188363200.0
2022-03-31,20.02,19.66,20.18,19.4,8592777.0,0.012,171150099.99999997
2022-04-01,19.53,19.89,20.06,19.29,7831900.0,0.0109,157001200.0
2022-04-06,19.68,19.75,19.84,19.53,3864500.0,0.0054,77061700.0
2022-04-07,19.68,19.47,19.88,19.45,4276700.0,0.006,85049400.0
2022-04-08,19.53,19.57,19.76,18.81,10652500.0,0.0149,208318600.0
2022-04-11,19.43,18.38,19.43,18.31,12085900.0,0.0168,228442000.0
2022-04-12,18.23,18.42,18.53,17.53,9888100.0,0.0138,181046400.0
2022-04-13,18.33,17.91,18.33,17.35,9562300.0,0.013300000000000001,172113400.0
2022-04-14,17.75,17.98,18.46,17.71,6558800.0,0.0091,120021600.0
2022-04-15,17.63,17.9,18.53,17.6,9374300.0,0.0131,172321500.0
2022-04-18,17.75,18.03,18.09,17.15,8568100.0,0.011899999999999999,154474900.0
2022-04-19,18.22,17.98,18.28,17.84,6774300.0,0.009399999999999999,124303500.0
2022-04-20,17.98,17.23,18.03,17.13,12187700.0,0.017,215431200.0
2022-04-21,17.23,16.7,17.79,16.63,9978200.0,0.0139,172970099.99999997
2022-04-22,16.76,16.1,16.76,15.71,14581800.0,0.0203,239795000.0
2022-04-25,16.14,15.14,16.17,14.98,14305900.0,0.0199,225383600.0
2022-04-26,15.18,15.14,15.57,14.78,13703600.0,0.0191,213444100.0
2022-04-27,15.13,16.07,16.36,14.72,14705200.0,0.020499999999999997,232249199.99999997
2022-04-28,15.94,15.74,16.3,15.46,8918700.0,0.0124,143204400.0
2022-04-29,15.95,16.25,16.38,15.64,12443200.0,0.0173,202969700.0
2022-05-05,16.28,16.48,16.83,16.03,9185900.0,0.0128,154222300.0
2022-05-06,16.03,16.49,16.85,15.9,8126300.0,0.0113,135742000.0
2022-05-09,16.52,16.57,16.89,16.31,4950200.0,0.0069,83734500.0
2022-05-10,16.56,17.49,17.67,16.38,11898000.0,0.0166,208499100.0
2022-05-11,17.49,17.75,18.05,17.23,13125300.0,0.0183,237300900.0
2022-05-12,17.52,17.87,18.03,17.48,7996300.0,0.0111,144288800.0
2022-05-13,17.87,17.63,18.07,17.46,9463100.0,0.0132,169313200.0
2022-05-16,17.58,17.42,17.82,17.21,7377700.0,0.0103,130431900.0
2022-05-17,17.66,17.99,18.21,17.11,11068400.0,0.0154,199949600.0
2022-05-18,17.92,18.27,18.46,17.8,7529000.0,0.0105,139274500.0
2022-05-19,18.12,19.0,19.43,17.98,11219000.0,0.015600000000000001,213995600.0
2022-05-20,19.04,19.11,19.39,18.94,5272800.0,0.0074,102091100.0
2022-05-23,19.38,19.07,19.38,18.74,6757900.0,0.009399999999999999,129908100.0
2022-05-24,18.93,18.07,19.11,17.94,9071000.0,0.0126,170722800.0
2022-05-25,18.07,18.25,18.52,17.91,7146100.0,0.01,132492800.0
2022-05-26,18.24,18.2,18.32,17.67,9056900.0,0.0126,165458000.0
2022-05-27,18.31,18.13,18.81,17.95,5701800.0,0.0079,106176800.0
2022-05-30,18.27,18.37,18.46,17.89,4952300.0,0.0069,91550000.0
2022-05-31,18.47,18.74,18.76,18.03,6836100.0,0.009399999999999999,128282200.0
2022-06-01,18.7,18.81,18.92,18.46,5758100.0,0.0079,109167900.00000001
2022-06-02,18.68,19.42,19.53,18.62,11884100.0,0.0163,231653400.0
2022-06-06,19.27,19.39,19.63,19.24,8614800.0,0.0118,169965300.0
2022-06-07,19.39,19.59,19.66,19.01,7381200.0,0.0101,145401200.0
2022-06-08,19.45,19.46,19.85,18.95,7811800.0,0.010700000000000001,153628800.0
2022-06-09,19.46,18.81,19.46,18.62,6784100.0,0.009300000000000001,130384800.0
2022-06-10,18.72,19.11,19.22,18.53,5131400.0,0.006999999999999999,99067700.0
2022-06-13,19.12,19.09,19.53,18.87,6293800.0,0.0086,122346100.0
2022-06-14,18.96,18.48,18.96,17.84,12687100.0,0.0174,236010800.00000003
2022-06-15,18.5,18.39,19.01,18.26,8583800.0,0.0118,161321400.0
2022-06-16,18.39,18.62,18.87,18.3,7143400.0,0.0098,134937500.0
2022-06-17,18.62,18.7,18.83,18.29,4997300.0,0.0068000000000000005,94106400.0
2022-06-20,18.81,18.7,18.97,18.4,5488800.0,0.0075,104044599.99999999
2022-06-21,18.54,18.66,19.02,18.4,8038000.0,0.011000000000000001,152380900.0
2022-06-22,18.68,18.69,19.26,18.46,13617900.0,0.018600000000000002,260939400.0
2022-06-23,18.53,19.13,19.18,18.53,10377400.0,0.014199999999999999,199823500.0
2022-06-24,19.21,19.67,19.95,19.06,10635100.0,0.0146,210896800.0
2022-06-27,19.96,19.8,20.29,19.7,9755200.0,0.0134,196610000.0
2022-06-28,19.98,20.47,20.55,19.74,14241200.0,0.0195,291885900.0
2022-06-29,20.36,19.94,20.85,19.88,10110500.0,0.0138,207443400.0
2022-06-30,20.02,20.92,21.43,20.02,16902600.0,0.0231,356381100.0
2022-07-01,20.92,20.34,21.23,20.25,10394300.0,0.014199999999999999,216425300.0
2022-07-04,20.26,20.11,20.37,19.69,8600300.0,0.0118,174417000.0
2022-07-05,20.14,20.05,20.63,19.85,9018100.0,0.0123,183439800.0
2022-07-06,20.03,20.25,20.61,19.87,9794500.0,0.0134,200920800.00000003
2022-07-07,21.35,21.51,22.23,20.9,27519300.0,0.0377,599671000.0
2022-07-08,21.76,21.26,21.98,20.88,19043500.0,0.0259,409447800.0
2022-07-11,21.26,20.45,21.33,20.1,14944500.0,0.0204,310434500.0
2022-07-12,20.46,20.35,20.7,20.03,10463600.0,0.0143,215625900.0
2022-07-13,20.13,20.44,20.67,20.05,8713600.0,0.011899999999999999,179895099.99999997
2022-07-14,20.35,20.6,21.01,20.19,10205800.0,0.0139,214022900.0
2022-07-15,20.58,20.85,21.2,20.45,8851000.0,0.0121,187718700.0
2022-07-18,20.86,20.31,20.99,20.19,10987600.0,0.015,227618800.0
2022-07-19,20.4,20.09,20.7,19.97,7635800.0,0.0104,156497100.0
2022-07-20,20.29,19.9,20.6,19.75,10443300.0,0.014199999999999999,212316900.0
2022-07-21,19.83,20.71,20.82,19.63,17205700.0,0.023399999999999997,357706600.00000006
2022-07-22,20.57,20.03,20.9,19.82,11168600.0,0.0152,227650099.99999997
2022-07-25,19.96,19.45,20.07,19.28,8115900.0,0.0111,160935800.0
2022-07-26,19.46,19.8,19.9,19.27,6811200.0,0.009300000000000001,135288500.0
2022-07-27,19.81,19.59,19.88,19.45,6096000.0,0.0083,121196900.0
2022-07-28,19.75,20.26,20.59,19.65,15716600.0,0.021400000000000002,319341900.0
2022-07-29,20.2,20.73,21.21,20.09,18218200.0,0.0248,384606600.00000006
2022-08-01,20.8,21.14,21.21,20.05,13563300.0,0.018500000000000003,283805400.0
2022-08-02,20.89,21.25,22.01,20.59,22873900.0,0.0311,495081000.0
2022-08-03,21.4,21.83,22.71,21.02,23926800.0,0.0326,529107400.0
2022-08-04,21.95,22.33,22.75,21.87,24685400.0,0.0336,557996500.0
2022-08-05,22.23,24.21,24.25,22.23,33057000.0,0.045,787676500.0
2022-08-08,24.15,23.95,24.85,23.13,33087100.0,0.045,798016000.0
2022-08-09,23.55,23.81,23.96,22.97,20631100.0,0.0281,487426800.0
2022-08-10,23.65,24.4,25.46,23.46,28491300.0,0.0388,710432300.0
2022-08-11,24.49,24.5,24.84,24.21,14005100.0,0.0191,346700400.0
2022-08-12,24.49,23.82,24.84,23.73,17743400.0,0.0241,434727000.0
2022-08-15,23.75,23.88,24.25,23.62,11985400.0,0.0163,289812800.0
2022-08-16,23.75,23.94,24.23,23.3,10468100.0,0.014199999999999999,252578700.0
2022-08-17,23.66,24.15,24.21,23.65,8915100.0,0.0121,216486300.0
2022-08-18,24.14,24.44,24.62,23.61,14840400.0,0.0202,362151400.0
2022-08-19,24.65,24.02,25.34,23.9,22267900.0,0.030299999999999997,549317200.0
2022-08-22,24.14,24.9,25.14,23.8,17983700.0,0.0245,448796100.0
2022-08-23,24.92,25.15,25.22,24.65,11204100.0,0.0152,282525300.0
2022-08-24,25.2,23.52,25.2,23.34,25012200.0,0.034,602922300.0
2022-08-25,23.65,23.28,23.9,22.98,14245200.0,0.0194,336018100.0
2022-08-26,23.46,22.83,23.64,22.74,9448800.0,0.0129,220407000.0
2022-08-29,22.66,23.01,23.37,22.45,8037300.0,0.0109,186594199.99999997
2022-08-30,22.95,23.23,23.85,22.83,10623200.0,0.014499999999999999,250122599.99999997
2022-08-31,22.93,22.46,23.43,22.35,9784900.0,0.013300000000000001,224727400.00000003
2022-09-01,22.43,22.41,23.14,22.27,6517900.0,0.0089,148146400.0
2022-09-02,22.45,23.68,24.4,22.26,20488000.0,0.0279,490479800.00000006
2022-09-05,23.58,24.55,24.99,23.44,17573300.0,0.0239,435465199.99999994
2022-09-06,24.48,24.85,25.6,24.37,17748000.0,0.0241,450043600.0
2022-09-07,25.04,26.26,26.85,24.98,30242600.0,0.041100000000000005,802223300.0
2022-09-08,26.2,26.26,26.75,25.95,14942800.0,0.0203,397787500.0
2022-09-09,26.26,25.63,26.35,25.13,17751500.0,0.0241,456343800.0
2022-09-13,25.65,25.47,26.32,25.25,9938800.0,0.013500000000000002,257063500.0
2022-09-14,25.25,25.43,25.93,24.9,10874100.0,0.0148,279678700.0
2022-09-15,25.45,24.91,26.04,24.46,13505600.0,0.0184,341225100.0
2022-09-16,24.9,25.78,26.73,24.77,20603700.0,0.027999999999999997,540231600.0
2022-09-19,25.85,25.42,26.61,25.15,11348900.0,0.0154,294913600.0
2022-09-20,25.6,25.24,26.03,24.75,9461000.0,0.0129,242860000.0
2022-09-21,25.25,24.76,25.39,24.57,11229500.0,0.015300000000000001,281700600.0
2022-09-22,24.84,24.53,25.41,24.23,11781000.0,0.016,293696200.0
2022-09-23,24.39,24.13,24.59,23.48,11736600.0,0.016,284101600.0
2022-09-26,23.89,24.45,24.84,23.89,8775600.0,0.011899999999999999,216947400.00000003
2022-09-27,24.36,24.75,25.42,24.29,12149300.0,0.0165,305170400.0
2022-09-28,24.46,23.75,24.81,23.75,9022800.0,0.0123,219274800.0
2022-09-29,24.0,23.77,24.14,23.55,6949500.0,0.009399999999999999,167307300.0
2022-09-30,23.75,23.25,23.9,22.97,7907500.0,0.0108,186611200.0
2022-10-10,22.88,20.05,23.26,19.53,47174500.0,0.0641,981957800.0
2022-10-11,20.12,18.94,20.24,18.52,32946600.0,0.044800000000000006,633088200.0
2022-10-12,18.95,19.85,20.13,18.04,27839100.0,0.0378,534631800.0
2022-10-13,19.45,18.43,19.8,18.14,33198100.0,0.0451,631935000.0
2022-10-14,18.5,18.47,18.8,17.3,33680700.0,0.0458,620444400.0
2022-10-17,18.39,19.22,19.4,18.17,28163800.0,0.0383,540366400.0
2022-10-18,19.33,19.19,19.38,18.95,15826400.0,0.0215,307186700.0
2022-10-19,19.0,18.95,19.46,18.82,10844700.0,0.0147,210093500.0
2022-10-20,18.83,20.28,20.79,18.55,32546600.0,0.044199999999999996,656412200.0
2022-10-21,19.93,19.55,20.07,18.92,22523200.0,0.030600000000000002,442201400.0
2022-10-24,19.74,20.48,20.8,19.55,25744200.0,0.035,532824200.0
2022-10-25,20.51,20.07,20.67,19.7,17305700.0,0.0235,351104800.00000006
2022-10-26,19.99,20.57,20.9,19.94,16106900.0,0.0219,334648700.0
2022-10-27,20.38,21.08,21.5,20.22,22678200.0,0.0308,477688600.0
2022-10-28,20.75,20.9,21.63,20.72,16696200.0,0.0227,358550800.0
2022-10-31,20.67,20.79,21.55,20.52,13271000.0,0.018000000000000002,281273600.0
2022-11-01,20.81,20.46,20.81,20.05,13203600.0,0.0179,272868000.0
2022-11-02,20.46,20.94,21.03,20.34,11703300.0,0.0159,246467200.0
2022-11-03,20.65,21.94,22.11,20.55,16234800.0,0.022000000000000002,356188300.0
2022-11-04,22.09,21.96,22.39,21.73,11596700.0,0.015700000000000002,258350000.0
2022-11-07,21.74,21.45,21.86,21.35,11430400.0,0.0155,249215600.0
2022-11-08,21.99,21.66,22.41,21.19,11609200.0,0.0158,254130700.0
2022-11-09,21.51,21.33,21.63,21.11,6740100.0,0.0091,145453700.0
2022-11-10,21.13,20.35,21.27,20.25,14691100.0,0.0199,305625700.0
2022-11-11,21.1,20.77,21.11,20.45,11042300.0,0.015,232333600.0
2022-11-14,20.71,20.47,21.11,20.35,9582700.0,0.013000000000000001,200865700.0
2022-11-15,20.47,21.28,21.89,20.34,13270100.0,0.018000000000000002,285602300.0
2022-11-16,21.55,20.7,21.57,20.58,8721400.0,0.0118,185354000.0
2022-11-17,20.64,21.02,21.14,19.76,14477200.0,0.0197,300031300.0
2022-11-18,21.02,21.48,22.72,21.01,25492000.0,0.0346,567186700.0
2022-11-21,21.52,21.47,21.91,21.13,7778900.0,0.0106,168416900.0
2022-11-22,21.74,21.24,22.04,20.99,11592300.0,0.015700000000000002,251851200.0
2022-11-23,21.09,22.83,23.05,20.71,27552900.0,0.0374,612437100.0
2022-11-24,22.44,22.23,22.83,22.05,19632400.0,0.026699999999999998,444022900.0
2022-11-25,22.1,22.02,22.93,22.02,9335300.0,0.0127,210828600.0
2022-11-28,21.55,21.7,22.23,21.26,11017900.0,0.015,241489500.0
2022-11-29,21.45,21.76,22.09,21.45,7249600.0,0.0098,159628000.0
2022-11-30,21.72,21.53,21.83,21.14,8429100.0,0.011399999999999999,182867800.0
2022-12-01,21.97,22.42,22.79,21.67,13246200.0,0.018000000000000002,300051900.0
2022-12-02,22.43,22.65,22.83,22.16,7328000.0,0.009899999999999999,167058600.0
2022-12-05,22.75,22.51,23.02,22.31,6514300.0,0.0088,148492000.0
2022-12-06,22.52,22.68,23.03,22.25,10024700.0,0.013600000000000001,229869800.0
2022-12-07,22.68,22.68,22.85,22.5,4920300.0,0.0067,112765700.0
2022-12-08,22.75,22.47,22.95,22.18,7667500.0,0.0104,175023800.0
2022-12-09,22.29,23.43,23.7,22.23,17496700.0,0.023700000000000002,411912800.0
2022-12-12,23.55,23.2,23.57,23.0,8044100.0,0.0109,189007400.00000003
2022-12-13,23.24,22.38,23.51,22.35,6994900.0,0.0095,160564100.0
2022-12-14,23.22,21.86,23.34,21.7,13917400.0,0.0189,314474800.0
2022-12-15,21.64,21.94,22.34,21.46,7991700.0,0.0108,177840400.0
2022-12-16,21.5,21.93,22.01,20.99,11384000.0,0.0154,248473600.0
2022-12-19,21.7,21.65,22.03,21.29,4879500.0,0.0066,106927800.0
2022-12-20,21.65,20.97,21.89,20.88,5546000.0,0.0075,119170400.00000001
2022-12-21,20.96,20.77,21.15,20.55,4402600.0,0.006,92733700.00000001
2022-12-22,20.79,20.68,21.11,20.49,5568600.0,0.0076,117294000.0
2022-12-23,20.66,20.64,20.84,20.27,4159000.0,0.005600000000000001,86676600.0
2022-12-26,20.46,21.34,21.55,20.46,5825200.0,0.0079,125065900.0
2022-12-27,21.29,21.43,21.55,21.15,3884800.0,0.0053,83981100.0
2022-12-28,21.36,21.27,21.83,21.14,3542300.0,0.0048,76559600.0
2022-12-29,21.27,21.16,21.51,20.98,3410000.0,0.0046,73234000.0
2022-12-30,21.25,21.04,21.7,20.73,6319800.0,0.0086,135001500.0
2023-01-03,21.09,21.51,21.79,20.64,7722500.0,0.0105,166807100.0
2023-01-04,21.52,21.24,22.19,20.73,10377600.0,0.0141,222347200.0
2023-01-05,21.15,21.27,21.5,20.91,5361500.0,0.0073,115161900.0
2023-01-06,21.25,21.5,21.95,21.07,8655100.0,0.011699999999999999,188581200.0
2023-01-09,21.61,21.3,21.9,21.13,6364700.0,0.0086,137741800.0
2023-01-10,21.31,21.41,21.71,21.1,5604300.0,0.0076,121574700.0
2023-01-11,21.4,21.71,22.54,21.39,12756000.0,0.0173,283623500.0
2023-01-12,21.45,21.6,21.7,21.26,3859600.0,0.0052,84013500.0
2023-01-13,21.6,21.7,21.74,21.43,3258100.0,0.0044,71239500.0
2023-01-16,21.7,21.98,22.18,21.59,5863300.0,0.008,130079599.99999999
2023-01-17,21.98,22.35,22.63,21.9,5853200.0,0.0079,132272200.0
2023-01-18,22.65,22.25,22.75,21.95,6887500.0,0.009300000000000001,155502300.0
2023-01-19,22.46,22.75,22.82,22.11,7227400.0,0.0098,165428900.0
2023-01-20,22.76,22.64,23.03,22.59,4134800.0,0.005600000000000001,94949200.0
2023-01-30,22.75,22.44,23.17,22.26,7881900.0,0.010700000000000001,179723400.0
2023-01-31,22.52,22.63,22.79,22.35,4643000.0,0.0063,106159900.0
2023-02-01,22.61,22.85,23.14,22.58,5781100.0,0.0078000000000000005,133302700.0
2023-02-02,22.91,23.19,23.77,22.75,11312300.0,0.015300000000000001,266072100.0
2023-02-03,23.21,23.03,23.42,22.65,5884600.0,0.008,136746600.0
2023-02-06,22.86,22.63,23.1,22.53,4474500.0,0.0060999999999999995,102837800.0
2023-02-07,22.68,22.43,22.75,22.31,5093300.0,0.0069,115592000.0
2023-02-08,22.52,22.38,22.85,22.34,3458200.0,0.004699999999999999,78831700.0
2023-02-09,22.35,23.03,23.07,22.29,6155000.0,0.0084,141952700.0
2023-02-10,22.9,22.23,23.13,22.01,11735600.0,0.0159,265752300.0
2023-02-13,22.18,22.98,23.15,21.91,12624400.0,0.0171,290539400.0
2023-02-14,23.14,22.95,23.16,22.71,5997900.0,0.008100000000000001,138826500.0
2023-02-15,22.97,23.11,23.41,22.85,5310200.0,0.0072,124096200.00000001
2023-02-16,23.05,22.87,23.54,22.73,8223600.0,0.011200000000000002,192779100.0
2023-02-17,22.75,22.33,22.83,22.25,8120900.0,0.011000000000000001,184246699.99999997
2023-02-20,22.27,22.25,22.39,21.85,6246300.0,0.0085,139519800.0
2023-02-21,22.25,22.24,22.43,22.07,4312000.0,0.0058,96954200.0
2023-02-22,22.25,22.14,22.49,22.08,3712100.0,0.005,83511900.0
2023-02-23,22.15,22.21,22.31,21.97,3839300.0,0.0052,85960500.0
2023-02-24,22.23,21.9,22.35,21.8,6012900.0,0.008199999999999999,133579400.0
2023-02-27,21.9,21.88,22.08,21.75,3720600.0,0.005,82384500.0
2023-02-28,21.63,21.81,21.99,21.55,4039600.0,0.0055000000000000005,88771600.0
2023-03-01,21.84,22.07,22.19,21.58,5568000.0,0.0076,123565400.00000001
2023-03-02,22.08,22.56,23.21,22.08,11034300.0,0.015,254042800.0
2023-03-03,22.91,23.3,23.55,22.74,12470000.0,0.0169,292463200.0
2023-03-06,23.19,24.07,24.22,23.01,12910700.0,0.0175,308975800.0
2023-03-07,24.1,23.63,24.13,23.57,6806200.0,0.0092,163580200.0
2023-03-08,23.47,23.64,23.93,23.21,6649200.0,0.009000000000000001,158172900.0
2023-03-09,23.65,24.28,24.93,23.65,14236500.0,0.019299999999999998,351404800.00000006
2023-03-10,24.23,24.03,24.63,23.95,7512500.0,0.0102,184028700.0
2023-03-13,23.9,24.18,24.35,23.66,7174400.0,0.0097,174313200.0
2023-03-14,24.3,24.95,25.35,24.11,13566400.0,0.0184,341471900.0
2023-03-15,25.25,24.78,25.78,24.71,11042600.0,0.015,281563200.0
2023-03-16,24.74,24.45,25.25,24.35,8231400.0,0.011200000000000002,205028300.00000003
2023-03-17,24.75,24.64,24.99,24.35,7836200.0,0.0106,195501699.99999997
2023-03-20,24.55,24.6,24.99,24.15,6075700.0,0.008199999999999999,151265900.0
2023-03-21,24.6,24.29,24.73,23.98,7525900.0,0.0102,184413600.0
2023-03-22,24.38,24.11,24.41,23.68,7540500.0,0.0102,183205300.0
2023-03-23,24.11,24.26,24.38,23.95,4988500.0,0.0068000000000000005,122147600.0
2023-03-24,24.2,24.04,24.63,23.9,4437300.0,0.006,108049599.99999999
2023-03-27,24.17,23.89,24.93,23.81,9866200.0,0.0134,242441000.0
2023-03-28,23.66,23.42,24.01,23.34,7498000.0,0.0102,178763000.0
2023-03-29,23.45,24.13,24.41,23.45,9344700.0,0.0127,227321600.0
2023-03-30,24.17,24.12,24.75,23.95,7406700.0,0.01,182021100.0
2023-03-31,24.0,24.25,24.5,23.95,5869600.0,0.008,144042400.0
2023-04-03,24.9,25.37,25.67,24.45,15650700.0,0.0212,396740400.0
2023-04-04,25.16,25.77,26.2,25.12,16509200.0,0.022400000000000003,429213399.99999994
2023-04-06,25.54,26.59,26.91,25.45,19163400.0,0.026000000000000002,511985199.99999994
2023-04-07,26.6,26.75,27.71,26.05,16132200.0,0.0219,434076200.0
2023-04-10,26.45,26.19,26.59,25.85,13303100.0,0.018000000000000002,351961700.0
2023-04-11,26.0,26.14,27.15,25.78,11945600.0,0.016200000000000003,319398100.0
2023-04-12,26.31,25.83,26.31,25.53,11838000.0,0.016,308214500.0
2023-04-13,25.71,25.16,25.95,25.04,11262900.0,0.015300000000000001,288491000.0
2023-04-14,25.34,27.5,27.75,25.17,28506800.0,0.038599999999999995,770245600.0
2023-04-17,27.66,26.95,28.35,26.53,27757800.0,0.037599999999999995,769032000.0
2023-04-18,26.45,26.54,26.84,25.93,16783200.0,0.022799999999999997,447845800.0
2023-04-19,26.55,26.69,27.7,26.3,18440700.0,0.025,501306500.0
2023-04-20,26.64,29.65,29.85,26.46,42419200.0,0.0575,1207713500.0
2023-04-21,29.25,28.81,29.92,28.1,31553700.0,0.042800000000000005,919603500.0
2023-04-24,28.65,28.82,29.31,28.16,22872300.0,0.031,663656500.0
2023-04-25,28.68,28.02,28.91,27.34,21461400.0,0.0291,605648000.0
2023-04-26,27.75,26.52,27.94,25.95,21343900.0,0.028900000000000002,576997900.0
2023-04-27,24.64,24.85,26.35,24.35,26704500.0,0.0362,682744299.9999999
2023-04-28,24.9,26.27,27.61,24.9,23715800.0,0.0322,630091900.0
2023-05-04,26.13,25.12,26.44,25.0,13825500.0,0.0187,355144200.0
2023-05-05,25.04,24.95,25.65,24.6,12142300.0,0.0165,307147000.0
2023-05-08,24.99,24.59,25.34,24.17,11569500.0,0.015700000000000002,288543200.0
2023-05-09,24.44,24.4,25.13,24.26,10458900.0,0.014199999999999999,260241900.0
2023-05-10,24.38,24.43,24.66,23.64,11618500.0,0.0158,283565600.0
2023-05-11,24.72,23.95,25.42,23.87,8839600.0,0.012,216783500.0
2023-05-12,24.14,23.5,24.73,23.4,12644500.0,0.0171,304543900.0
2023-05-15,23.14,24.05,24.25,23.05,10053300.0,0.013600000000000001,241842700.0
2023-05-16,23.97,24.46,24.71,23.66,9965500.0,0.013500000000000002,245404300.0
2023-05-17,24.53,25.27,25.58,24.42,11375100.0,0.0154,289430600.0
2023-05-18,25.18,25.6,25.75,24.9,9485800.0,0.0128,243882900.0
2023-05-19,25.63,26.48,27.15,25.51,16750100.0,0.0226,446100700.0
2023-05-22,26.7,26.42,27.09,26.06,10222600.0,0.0138,272446800.0
2023-05-23,26.36,26.09,26.58,25.79,7067500.0,0.0095,187239100.0
2023-05-24,26.23,27.09,27.47,25.79,12888900.0,0.0174,348766400.0
2023-05-25,27.11,26.9,27.55,26.54,6216700.0,0.0084,168074800.0
2023-05-26,26.75,26.9,27.24,26.51,8244100.0,0.0111,223386400.0
2023-05-29,26.97,26.34,27.1,25.86,11648000.0,0.015700000000000002,309652400.0
2023-05-30,26.45,26.15,26.53,25.65,6884000.0,0.009300000000000001,181083100.0
2023-05-31,26.05,26.34,26.5,25.8,5600500.0,0.0076,147717000.0
2023-06-01,26.25,25.95,26.37,25.81,5034700.0,0.0068000000000000005,132452000.0
2023-06-02,25.94,25.86,26.27,25.77,5281800.0,0.0070999999999999995,138764200.0
2023-06-05,25.94,25.96,27.07,25.94,12634100.0,0.017,335592400.0
2023-06-06,25.83,25.54,26.1,25.48,6484600.0,0.0089,168536500.0
2023-06-07,25.35,25.47,25.84,25.11,6286600.0,0.0086,161799800.0
2023-06-08,25.47,25.6,25.91,25.02,6691800.0,0.0092,172593400.0
2023-06-09,25.61,25.14,25.73,24.72,9900300.0,0.013600000000000001,250328400.0
2023-06-12,25.31,25.48,26.2,25.28,8226800.0,0.0113,213676699.99999997
2023-06-13,25.48,25.85,25.96,25.05,7567600.0,0.0104,195565000.0
2023-06-14,25.77,25.95,26.17,25.62,5037000.0,0.0069,131815100.0
2023-06-15,25.97,25.56,26.32,25.45,6298600.0,0.0086,163676500.0
2023-06-16,25.56,25.28,25.7,24.83,8387600.0,0.0115,212747700.0
2023-06-19,25.23,25.29,25.53,24.86,6612200.0,0.0091,168287000.0
2023-06-20,25.25,25.21,25.45,25.11,6711000.0,0.0092,171078200.0
2023-06-21,24.96,24.55,25.2,24.2,11557400.0,0.0158,286609100.0
2023-06-26,24.52,24.53,24.93,24.0,8402600.0,0.0115,206585500.0
2023-06-27,24.41,24.08,24.73,24.04,7134100.0,0.0098,174825300.0
2023-06-28,24.23,24.15,24.56,23.74,7650000.0,0.0105,186074400.0
2023-06-29,24.1,24.33,24.46,23.9,5243100.0,0.0072,127760100.0
2023-06-30,24.25,24.53,25.03,24.05,6346200.0,0.0087,157674800.0
2023-07-03,24.75,24.1,25.18,24.0,7998700.0,0.011000000000000001,196412800.0
2023-07-04,23.98,23.7,24.08,23.25,11458500.0,0.015700000000000002,272021400.0
2023-07-05,23.62,23.16,23.75,23.04,10855800.0,0.0149,254895400.0
2023-07-06,23.3,23.52,23.63,23.16,7402500.0,0.0101,175013200.0
2023-07-07,23.41,23.27,23.49,23.14,6095500.0,0.0083,143111700.0
2023-07-10,23.32,22.76,23.33,22.6,8098900.0,0.0111,186569700.0
2023-07-11,22.86,23.41,23.52,22.66,7492300.0,0.0103,175198500.0
2023-07-12,23.36,22.68,23.4,22.57,6432800.0,0.0088,147996600.0
2023-07-13,22.85,23.22,23.44,22.58,6444500.0,0.0088,150257600.0
2023-07-14,23.22,23.49,23.7,23.05,6379300.0,0.0087,150391300.0
2023-07-17,23.48,23.31,24.01,23.11,6078500.0,0.0083,143960000.0
2023-07-18,23.78,23.11,23.83,23.04,5648400.0,0.0077,133404599.99999999
2023-07-19,23.0,23.03,23.29,22.7,3823200.0,0.0052,88413100.0
2023-07-20,23.1,22.53,23.18,22.45,5159000.0,0.0070999999999999995,118473500.0
2023-07-21,22.44,22.42,22.6,22.25,5046300.0,0.0069,113971000.0
2023-07-24,22.29,22.75,22.85,22.22,4786200.0,0.0066,109568700.00000001
2023-07-25,22.88,22.75,23.07,22.73,3321000.0,0.0045000000000000005,76724800.0
2023-07-26,22.76,23.06,23.39,22.57,6328300.0,0.0087,147552000.0
2023-07-27,22.99,22.36,22.99,22.01,8664500.0,0.011899999999999999,195506100.0
2023-07-28,22.36,22.19,22.4,22.05,3739200.0,0.0051,83653600.0
2023-07-31,22.16,22.35,22.69,22.01,4745900.0,0.006500000000000001,107185200.0
2023-08-01,22.25,22.83,22.88,22.1,4547000.0,0.0062,103763200.0
2023-08-02,22.73,23.5,23.56,22.73,6934900.0,0.0095,162993100.0
2023-08-03,23.4,23.22,23.54,23.08,3317700.0,0.0045000000000000005,77746800.0
2023-08-04,23.18,22.75,23.42,22.7,5228200.0,0.0072,121025800.0
2023-08-07,22.78,23.12,23.2,22.3,5604700.0,0.0077,129538600.0
2023-08-08,23.1,23.07,23.19,22.73,3480300.0,0.0048,80700900.0
2023-08-09,23.0,23.18,23.32,22.88,3456900.0,0.004699999999999999,80643200.0
2023-08-10,23.19,23.41,23.6,23.15,3690400.0,0.0051,87158300.0
2023-08-11,23.42,22.9,23.6,22.8,2597600.0,0.0036,60525900.0
2023-08-14,22.64,22.79,22.97,22.56,3259200.0,0.0045000000000000005,74789700.0
2023-08-15,22.8,22.15,22.93,21.59,7028600.0,0.0096,156510600.0
2023-08-16,22.05,21.86,22.23,21.7,2274300.0,0.0031,50326500.0
2023-08-17,21.76,21.78,21.92,21.53,2612300.0,0.0036,57310400.0
2023-08-18,21.67,21.23,21.79,21.21,3118500.0,0.0043,67605600.0
2023-08-21,21.15,21.45,21.84,20.95,3092600.0,0.0042,66948800.0
2023-08-22,21.61,21.35,21.61,20.93,2536600.0,0.0034999999999999996,54565900.0
2023-08-23,21.13,20.59,21.78,20.31,3830800.0,0.0052,80615300.0
2023-08-24,20.85,20.64,20.93,20.36,6094600.0,0.0083,127152000.0
2023-08-25,20.68,20.26,20.82,20.1,3736100.0,0.0051,76921300.0
2023-08-28,21.59,19.65,21.73,19.62,8802000.0,0.012,180022800.0
2023-08-29,19.6,20.57,20.77,19.6,5948800.0,0.008100000000000001,122116400.0
2023-08-30,20.8,20.82,21.49,20.71,5756900.0,0.0079,122293799.99999999
2023-08-31,20.92,21.07,21.72,20.71,8209200.0,0.011200000000000002,175889800.0
2023-09-01,20.94,20.75,21.68,20.45,8002600.0,0.0109,169451900.0
2023-09-04,20.75,20.84,21.1,20.32,6233600.0,0.0085,129834000.0
2023-09-05,21.08,21.12,21.74,20.86,11172000.0,0.015300000000000001,240342100.0
2023-09-06,21.0,22.34,22.6,20.82,17179700.0,0.0235,380163700.0
2023-09-07,22.06,21.32,22.4,21.21,11838500.0,0.016200000000000003,257777100.0
2023-09-08,20.98,21.52,21.84,20.86,8981500.0,0.0123,195558700.0
2023-09-11,21.52,21.66,22.28,21.21,11690700.0,0.016,255934199.99999997
2023-09-12,21.67,21.48,21.74,21.33,5003400.0,0.0068000000000000005,108677700.0
2023-09-13,21.37,21.56,21.92,21.3,6547000.0,0.009000000000000001,142431800.0
2023-09-14,21.4,21.0,21.6,20.8,7889000.0,0.0108,167669900.00000003
2023-09-15,21.0,20.98,21.36,20.81,5809100.0,0.0079,123159400.0
2023-09-18,20.81,20.76,20.9,20.51,5079900.0,0.006999999999999999,106226900.0
2023-09-19,20.77,20.39,20.8,20.21,5391900.0,0.0074,110991600.0
2023-09-20,20.31,20.5,20.55,20.16,3274300.0,0.0045000000000000005,67497400.0
2023-09-21,20.43,20.09,20.61,19.95,6510500.0,0.0089,132581200.00000001
2023-09-22,20.01,20.75,20.75,20.01,5462700.0,0.0075,112502600.0
2023-09-25,20.73,20.42,20.75,20.27,3689800.0,0.005,76102700.0
2023-09-26,20.43,20.32,20.49,20.29,2209900.0,0.003,45437900.0
2023-09-27,20.31,20.45,20.78,20.31,2942400.0,0.004,61002400.0
2023-09-28,20.45,20.76,21.11,20.13,7281400.0,0.01,151922800.0
2023-10-09,20.66,20.65,20.93,20.45,2983800.0,0.0040999999999999995,62183200.0
2023-10-10,20.64,20.63,20.93,20.5,3249400.0,0.0044,67953400.0
2023-10-11,20.75,20.59,20.91,20.31,5486400.0,0.0075,114094400.0
2023-10-12,20.7,21.59,21.7,20.47,11276400.0,0.015300000000000001,241351100.0
2023-10-13,21.62,23.18,23.18,21.4,23365600.0,0.0318,532969300.0
2023-10-16,22.8,22.81,23.15,22.41,11442300.0,0.015600000000000001,262693100.0
2023-10-17,22.76,23.22,23.66,22.51,12677100.0,0.0173,295373900.0
2023-10-18,23.13,22.3,23.55,22.2,9519500.0,0.013000000000000001,217223300.00000003
2023-10-19,22.39,22.28,22.81,22.03,13508400.0,0.0184,305705300.0
2023-10-20,22.08,21.55,22.3,21.5,9429700.0,0.0128,207942800.0
2023-10-23,21.33,20.99,21.53,20.71,5988700.0,0.008100000000000001,127117300.0
2023-10-24,21.08,21.3,21.8,20.83,7511200.0,0.0102,161589400.0
2023-10-25,21.55,21.13,21.8,21.07,7751000.0,0.0105,167182500.0
2023-10-26,21.18,22.06,22.48,20.95,12250500.0,0.0167,270448200.0
2023-10-27,21.84,22.97,23.3,21.81,15850300.0,0.0216,364295100.0
2023-10-30,22.76,23.47,23.69,22.65,14425200.0,0.0196,338562400.0
2023-10-31,24.58,23.8,25.0,23.32,14735500.0,0.020099999999999996,356333900.0
2023-11-01,24.28,23.7,24.52,23.59,13584200.0,0.018500000000000003,329348600.0
2023-11-02,23.66,23.88,24.3,23.35,12442600.0,0.0169,298566500.0
2023-11-03,23.68,24.19,24.32,23.18,14052300.0,0.0191,338812300.00000006
2023-11-06,24.2,24.64,24.65,23.93,13018600.0,0.0177,319592800.0
2023-11-07,24.33,24.68,24.85,24.15,11605700.0,0.0158,286103700.0
2023-11-08,24.4,24.19,24.78,23.97,11551800.0,0.015700000000000002,282991800.0
2023-11-09,24.15,24.02,24.52,23.97,7171100.0,0.0098,174781600.0
2023-11-10,24.87,24.57,25.8,24.45,25405300.0,0.0346,641387600.0
2023-11-13,24.21,24.38,24.66,23.65,15112800.0,0.0206,367070500.0
2023-11-14,24.15,24.6,24.82,24.11,8891700.0,0.0121,220092700.0
2023-11-15,24.75,24.4,24.79,24.1,9087300.0,0.0124,223651200.0
2023-11-16,24.18,23.8,24.38,23.76,7141000.0,0.0097,173286300.0
2023-11-17,23.8,24.18,24.3,23.76,7425700.0,0.0101,180181000.0
2023-11-20,24.81,24.55,25.0,24.22,9263300.0,0.0126,229114100.0
2023-11-21,24.55,24.22,24.75,24.06,6116500.0,0.0083,149829800.0
2023-11-22,24.13,24.0,24.44,23.92,5400200.0,0.0073,131562500.0
2023-11-23,23.97,24.34,24.56,23.94,5648300.0,0.0077,138426700.0
2023-11-24,24.25,23.9,24.42,23.78,5453500.0,0.0074,131945400.00000001
2023-11-27,23.6,24.35,24.48,23.59,6830800.0,0.009300000000000001,167069199.99999997
2023-11-28,24.27,24.35,24.48,24.13,4187700.0,0.005699999999999999,102517700.0
2023-11-29,24.35,24.55,25.1,24.35,8323200.0,0.0113,207618300.00000003
2023-11-30,24.35,24.29,24.52,23.96,4664700.0,0.0063,113603400.0
2023-12-01,24.35,24.5,24.51,23.87,4504300.0,0.0060999999999999995,109838000.0
2023-12-04,24.5,24.03,24.65,23.9,4488100.0,0.0060999999999999995,109841299.99999999
2023-12-05,24.0,23.78,24.0,23.61,4221500.0,0.005699999999999999,101088300.0
2023-12-06,23.61,23.7,23.9,23.47,3613300.0,0.0049,86453799.99999999
2023-12-07,23.63,23.37,23.76,23.24,3757800.0,0.0051,88690200.0
2023-12-08,23.37,23.26,23.65,23.2,4321700.0,0.0059,101912000.0
2023-12-11,23.3,24.2,24.23,23.03,6772300.0,0.0092,162303800.0
2023-12-12,24.28,24.3,24.43,23.96,3965500.0,0.0054,97111800.0
2023-12-13,24.15,24.03,24.23,23.91,2428800.0,0.0033,58938600.0
2023-12-14,23.92,23.61,24.14,23.61,3729500.0,0.0051,89586000.0
2023-12-15,23.92,23.22,23.92,23.03,4761000.0,0.006500000000000001,111918799.99999999
2023-12-18,22.98,22.77,23.13,22.68,6188800.0,0.0084,142659400.0
2023-12-19,22.8,22.49,22.98,22.31,8094900.0,0.011000000000000001,184073000.0
2023-12-20,22.55,22.3,22.66,22.25,4163000.0,0.005699999999999999,94274800.0
2023-12-21,22.57,22.54,22.62,22.0,3761200.0,0.0051,84724200.0
2023-12-22,22.53,22.41,22.79,22.3,4095500.0,0.005600000000000001,92893700.00000001
2023-12-25,22.39,22.57,22.7,22.15,2676800.0,0.0036,60834500.0
2023-12-26,22.85,22.82,23.15,22.53,5657300.0,0.0077,130236100.0
2023-12-27,22.76,23.71,23.95,22.51,10453900.0,0.014199999999999999,246338900.0
2023-12-28,23.71,23.48,23.77,23.35,6832200.0,0.009300000000000001,162020200.0
2023-12-29,23.48,24.0,24.11,23.4,8309200.0,0.0113,199724100.0
2024-01-02,23.92,23.12,23.99,23.12,6326500.0,0.0086,149637300.0
2024-01-03,23.0,22.05,23.03,21.7,11295400.0,0.0154,253062599.99999997
2024-01-04,22.08,22.24,22.5,22.04,5109200.0,0.0069,114694599.99999999
2024-01-05,22.24,21.62,22.24,21.47,6145800.0,0.0084,134930400.0
2024-01-08,21.7,21.01,21.75,20.95,5960600.0,0.008100000000000001,127265000.0
2024-01-09,21.04,20.69,21.17,20.32,6773400.0,0.0092,141376400.0
2024-01-10,20.69,20.38,20.78,20.2,3938000.0,0.0054,81432100.0
2024-01-11,20.37,20.67,20.8,20.3,5889300.0,0.008,122509300.0
2024-01-12,20.63,20.5,20.88,20.3,4180000.0,0.005699999999999999,86735100.0
2024-01-15,20.46,20.55,20.88,20.3,6071500.0,0.0083,126357700.0
2024-01-16,20.61,20.2,20.65,19.89,5441100.0,0.0074,110912099.99999999
2024-01-17,20.25,19.4,20.25,19.38,5835800.0,0.0079,116294000.0
2024-01-18,19.31,19.54,19.61,18.76,9135500.0,0.0124,176306400.0
2024-01-19,19.59,19.32,19.65,19.22,3650800.0,0.005,71617400.0
2024-01-22,19.29,18.0,19.4,17.86,11766600.0,0.016,220689400.0
2024-01-23,17.99,18.46,18.62,17.72,8977200.0,0.012199999999999999,165204500.0
2024-01-24,18.58,18.56,18.88,17.82,6585200.0,0.009000000000000001,121881000.0
2024-01-25,18.63,19.06,19.25,18.43,5964100.0,0.008100000000000001,113994300.0
2024-01-26,18.95,18.93,19.3,18.8,6373700.0,0.0087,122845500.0
2024-01-29,19.15,18.72,19.27,18.61,5198800.0,0.0070999999999999995,99133600.0
2024-01-30,18.65,17.56,18.65,17.49,11189000.0,0.0152,203513700.0
2024-01-31,17.68,17.11,17.73,17.09,7090000.0,0.0096,125035400.00000001
2024-02-01,16.95,17.19,17.48,16.55,8931800.0,0.0121,154018800.0
2024-02-02,17.08,16.41,17.37,15.61,10685600.0,0.014499999999999999,177452000.0
2024-02-05,16.22,16.16,16.84,15.16,19113500.0,0.026000000000000002,308344000.0
2024-02-06,16.09,18.15,18.22,15.93,13466500.0,0.0183,235124300.0
2024-02-07,18.52,19.38,19.78,18.17,13885900.0,0.0189,270058000.0
2024-02-08,19.54,20.22,21.42,19.26,14280400.0,0.0194,299430600.0
2024-02-19,20.22,19.51,20.58,19.16,15703600.0,0.0213,309803300.0
2024-02-20,19.32,19.52,19.88,19.21,9678800.0,0.0132,190524300.0
2024-02-21,19.31,19.58,20.15,19.22,7786300.0,0.0106,155105500.0
2024-02-22,19.67,19.81,20.06,19.4,7954700.0,0.0108,159056300.0
2024-02-23,20.03,19.81,20.09,19.32,8836400.0,0.012,175225800.00000003
2024-02-26,19.69,19.81,20.14,19.6,6995800.0,0.0095,140360000.0
2024-02-27,19.81,20.48,20.49,19.62,9425400.0,0.0128,191403300.00000003
2024-02-28,20.75,19.64,20.76,19.61,11266800.0,0.015300000000000001,229820800.00000003
2024-02-29,19.36,20.95,21.09,19.36,13445800.0,0.0183,280157500.0
2024-03-01,20.9,20.79,21.09,20.61,7218200.0,0.0098,151508900.0
2024-03-04,20.86,21.22,21.5,20.52,10557800.0,0.0144,224611699.99999997
2024-03-05,20.99,20.95,21.3,20.71,7805300.0,0.0106,165246000.0
2024-03-06,20.81,20.4,20.9,20.17,8655000.0,0.0118,178897400.00000003
2024-03-07,20.48,20.15,20.99,20.13,6414700.0,0.0087,132965600.0
2024-03-08,20.14,20.55,20.72,20.14,4484600.0,0.0060999999999999995,92381100.0
2024-03-11,20.44,20.55,20.56,20.05,5420200.0,0.0074,111108799.99999999
2024-03-12,20.78,20.49,20.98,20.22,6603100.0,0.009000000000000001,136816800.0
2024-03-13,20.55,20.72,20.9,20.36,6679300.0,0.0091,139340600.0
2024-03-14,20.69,20.89,21.2,20.55,7620900.0,0.0104,160129500.0
2024-03-15,20.91,21.2,21.26,20.69,7106200.0,0.0097,150339000.0
2024-03-18,21.3,21.7,21.71,21.1,11258900.0,0.015300000000000001,243470400.0
2024-03-19,21.45,21.68,22.1,21.45,8201400.0,0.0111,180235900.0
2024-03-20,21.65,21.77,21.99,21.46,6186000.0,0.0084,135336100.0
2024-03-21,21.91,21.86,22.04,21.68,6612600.0,0.009000000000000001,145797200.0
2024-03-22,21.89,22.0,22.3,21.76,7881000.0,0.010700000000000001,175411200.0
2024-03-25,21.56,21.95,22.57,21.55,9528700.0,0.013000000000000001,212810700.0
2024-03-26,21.71,21.31,21.94,21.1,8200000.0,0.0111,177389199.99999997
2024-03-27,21.1,20.7,21.27,20.7,6569300.0,0.0089,138784300.0
2024-03-28,21.01,20.96,21.38,20.74,7007800.0,0.0095,148855100.0
2024-03-29,21.02,21.12,21.22,20.71,4433500.0,0.006,93977900.00000001
2024-04-01,21.32,21.63,21.67,21.07,5184300.0,0.006999999999999999,112379300.0
2024-04-02,21.68,21.36,21.68,21.05,4745600.0,0.006500000000000001,101923000.0
2024-04-03,21.34,21.39,21.75,21.03,7761300.0,0.0106,167391300.0
2024-04-08,21.11,20.79,21.44,20.78,4832600.0,0.0066,102516500.0
2024-04-09,20.61,21.37,21.37,20.61,5425300.0,0.0074,115471700.0
2024-04-10,21.15,20.68,21.18,20.2,9939500.0,0.013500000000000002,206497200.0
2024-04-11,20.7,20.35,20.97,20.28,6752600.0,0.0092,139486300.0
2024-04-12,20.43,20.23,20.58,20.17,3668700.0,0.005,75310100.0
2024-04-15,20.2,20.27,20.65,19.9,5485000.0,0.0075,112330700.0
2024-04-16,20.28,19.92,20.55,19.88,5864700.0,0.008,119999700.0
2024-04-17,20.11,20.35,20.4,19.9,4882100.0,0.0066,99523300.0
2024-04-18,20.2,20.51,20.89,20.04,5609700.0,0.0076,116385200.0
2024-04-19,20.4,20.45,20.86,20.13,5171600.0,0.006999999999999999,106770400.00000001
2024-04-22,20.4,20.63,21.06,20.0,7234100.0,0.0098,151184900.0
2024-04-23,20.72,20.33,20.88,20.26,4328200.0,0.0059,89438300.0
2024-04-24,20.4,20.5,20.64,20.29,4499300.0,0.0060999999999999995,93063000.0
2024-04-25,20.5,20.95,21.23,20.34,8548900.0,0.0116,180719300.0
2024-04-26,21.3,22.08,22.26,21.3,14830500.0,0.0202,326023000.0
2024-04-29,22.13,23.0,23.38,22.03,15975400.0,0.0217,368509500.0
2024-04-30,23.0,23.49,23.77,22.92,13082800.0,0.0178,309348100.0
2024-05-06,23.8,23.54,23.99,23.21,11745300.0,0.016,278282700.0
2024-05-07,23.52,23.63,24.05,23.48,8966100.0,0.012199999999999999,214549800.0
2024-05-08,23.45,23.09,23.63,23.06,8725700.0,0.011899999999999999,204838700.0
2024-05-09,23.1,23.22,23.32,23.02,6841000.0,0.009300000000000001,159717800.0
2024-05-10,23.19,22.99,23.3,22.83,5991700.0,0.008100000000000001,138993800.0
2024-05-13,23.0,22.97,23.18,22.71,5868200.0,0.008,135875400.0
2024-05-14,22.96,22.62,23.19,22.62,5911800.0,0.008,135988800.0
2024-05-15,22.64,22.6,22.98,22.38,4128400.0,0.005600000000000001,94528600.0
2024-05-16,22.6,22.45,22.78,22.35,4939500.0,0.0067,112397500.0
2024-05-17,22.4,22.79,22.8,22.26,4940800.0,0.0067,112427200.0
2024-05-20,22.79,22.75,23.06,22.6,7053600.0,0.0096,162476800.0
2024-05-21,22.69,22.32,22.73,22.23,6698100.0,0.0091,151420200.0
2024-05-22,22.24,22.32,22.45,21.87,6380800.0,0.0087,142703600.0
2024-05-23,22.15,22.18,22.42,22.06,5309400.0,0.0072,119232500.0
2024-05-24,21.96,21.87,22.34,21.84,5232900.0,0.0070999999999999995,116216000.0
2024-05-27,21.89,22.69,22.76,21.5,12208700.0,0.0166,273625900.0
2024-05-28,22.69,22.06,22.97,21.96,15521600.0,0.021099999999999997,349697200.0
2024-05-29,21.71,21.68,22.18,21.57,9151300.0,0.0124,201265300.0
2024-05-30,21.7,22.2,22.38,21.46,7968600.0,0.0109,177500500.0
2024-05-31,22.29,22.29,22.59,22.13,5757700.0,0.0079,130003300.0
2024-06-03,22.64,22.37,22.9,22.15,11723400.0,0.0161,266674000.0
2024-06-04,22.17,22.91,22.96,22.13,9865700.0,0.013500000000000002,225071900.0
2024-06-05,22.8,22.85,23.2,22.8,7998900.0,0.011000000000000001,185702800.0
2024-06-06,23.3,23.21,23.69,23.01,11563500.0,0.0159,271675700.0
2024-06-07,23.15,22.92,23.7,22.65,11055900.0,0.0152,257363600.0
2024-06-11,22.91,23.53,23.6,22.76,14026000.0,0.019299999999999998,329459800.00000006
2024-06-12,23.44,23.2,23.47,23.11,10201600.0,0.013999999999999999,239334100.0
2024-06-13,23.22,23.2,23.5,23.06,12311900.0,0.0169,288946200.0
2024-06-14,23.08,22.88,23.28,22.54,26352100.0,0.0362,607277500.0
2024-06-17,22.48,22.91,23.1,22.15,14116000.0,0.0194,323925700.0
2024-06-18,23.0,22.74,23.27,22.55,10794600.0,0.0148,248624900.00000003
2024-06-19,22.87,22.96,23.16,22.57,10823200.0,0.0149,249595000.0
2024-06-20,22.82,22.57,23.26,22.56,10298100.0,0.0141,237975900.0
2024-06-21,22.23,22.64,22.86,22.2,6874500.0,0.009399999999999999,156875800.0
2024-06-24,22.68,22.15,23.05,22.04,10594200.0,0.014499999999999999,240826200.0
2024-06-25,22.15,21.75,22.4,21.45,9411700.0,0.0129,207560500.0
2024-06-26,22.84,23.61,23.68,22.25,29052200.0,0.039900000000000005,674693700.0
2024-06-27,23.32,22.64,23.52,22.47,22642000.0,0.0311,522628399.99999994
2024-06-28,22.48,22.48,22.77,22.33,16498600.0,0.0227,375302699.99999994
2024-07-01,22.56,22.71,22.77,22.25,13134200.0,0.018000000000000002,298707600.0
2024-07-02,22.73,22.14,22.76,22.03,12821200.0,0.0176,287948600.0
2024-07-03,21.93,22.3,22.59,21.79,10672800.0,0.0147,239108900.0
2024-07-04,22.27,21.9,22.4,21.86,6924900.0,0.0095,154479200.0
2024-07-05,21.83,22.12,22.23,21.51,7111400.0,0.0098,157001200.0
2024-07-08,21.98,21.94,22.8,21.83,10266500.0,0.0141,231678400.0
2024-07-09,21.94,22.67,22.86,21.86,13660300.0,0.018799999999999997,309893700.0
2024-07-10,22.65,22.6,22.87,22.53,8677700.0,0.011899999999999999,198562400.00000003
2024-07-11,22.93,22.84,23.03,22.34,13470000.0,0.018500000000000003,309192800.0
2024-07-12,22.6,22.79,22.91,22.34,10344400.0,0.014199999999999999,236079000.0
2024-07-15,22.7,22.65,23.1,22.58,8388400.0,0.0115,193138800.0
2024-07-16,22.57,22.5,22.59,21.86,12532800.0,0.0172,281599400.0
2024-07-17,22.4,22.11,22.59,22.04,7244800.0,0.009899999999999999,162920800.0
2024-07-18,21.88,22.42,22.52,21.55,9793300.0,0.0134,217709700.0
2024-07-19,22.2,22.5,22.86,22.13,12149000.0,0.0167,276149200.0
2024-07-22,22.63,22.51,22.94,22.4,9331500.0,0.0128,213049500.0
2024-07-23,22.48,20.99,22.48,20.96,16532100.0,0.0227,359165199.99999994
2024-07-24,20.87,20.67,21.18,20.59,8843600.0,0.0121,186372500.0
2024-07-25,20.6,20.43,20.79,20.34,7986900.0,0.011000000000000001,165191699.99999997
2024-07-26,20.34,20.43,20.6,20.16,7229400.0,0.009899999999999999,148630100.0
2024-07-29,20.45,20.65,21.29,20.39,10329100.0,0.014199999999999999,217840000.0
2024-07-30,20.65,20.65,20.78,20.17,6412700.0,0.0088,132592700.0
2024-07-31,20.6,21.38,21.39,20.4,8885300.0,0.012199999999999999,189259199.99999997
2024-08-01,21.53,21.56,21.75,21.18,7823800.0,0.010700000000000001,169934500.0
2024-08-02,21.37,20.99,21.72,20.86,6178100.0,0.0085,132536299.99999999
2024-08-05,20.99,20.11,21.16,20.11,7178200.0,0.009899999999999999,148851800.0
2024-08-06,20.43,20.42,20.55,20.0,6136100.0,0.0084,125379599.99999999
2024-08-07,20.35,20.28,20.45,20.17,4293700.0,0.0059,88028700.00000001
2024-08-08,20.12,20.35,20.62,19.95,4315800.0,0.0059,88362000.0
2024-08-09,20.7,20.26,20.82,20.23,4319000.0,0.0059,89408300.0
2024-08-12,20.27,20.26,20.43,19.84,4970500.0,0.0068000000000000005,101321700.0
2024-08-13,20.26,20.31,20.46,20.07,3541900.0,0.0049,72505700.0
2024-08-14,20.4,19.55,20.41,19.51,8096600.0,0.0111,161740900.0
2024-08-15,19.4,19.67,20.02,19.32,7154500.0,0.0098,142553500.0
2024-08-16,19.68,19.65,19.84,19.51,4274700.0,0.0059,84879500.0
2024-08-19,19.58,19.68,20.02,19.45,4449600.0,0.0060999999999999995,88851800.0
2024-08-20,19.62,19.31,19.78,19.06,7764800.0,0.010700000000000001,151384200.0
2024-08-21,19.39,19.31,19.48,19.2,4388100.0,0.006,85664500.0
2024-08-22,19.4,19.0,19.47,18.9,7490100.0,0.0103,144376000.0
2024-08-23,19.0,18.98,19.1,18.85,3951400.0,0.0054,75711300.0
2024-08-26,19.15,18.98,19.35,18.9,4574500.0,0.0063,88339100.0
2024-08-27,19.08,18.6,19.1,18.56,5787000.0,0.0079,109182700.0
2024-08-28,18.61,18.85,19.06,18.6,4131800.0,0.005699999999999999,78587100.0
2024-08-29,18.84,19.11,19.31,18.77,5083100.0,0.006999999999999999,98078200.0
2024-08-30,19.21,19.4,19.75,19.12,9292400.0,0.0128,183300300.0
2024-09-02,19.51,19.01,19.51,19.0,7000700.0,0.0096,135504800.0
2024-09-03,19.21,19.23,19.52,19.0,5387100.0,0.0074,104825800.0
2024-09-04,19.0,19.25,19.34,18.91,4098600.0,0.005600000000000001,79400700.0
2024-09-05,19.17,19.27,19.37,19.08,4219600.0,0.0058,81920100.0
2024-09-06,19.27,18.74,19.34,18.63,5163000.0,0.0070999999999999995,98696200.00000001
2024-09-09,18.68,18.66,19.05,18.52,4744300.0,0.006500000000000001,89951000.0
2024-09-10,18.62,19.02,19.19,18.51,6091600.0,0.0084,115727099.99999999
2024-09-11,18.92,18.97,19.09,18.77,3613500.0,0.005,69143300.0
2024-09-12,19.08,18.72,19.35,18.7,5538800.0,0.0076,105966800.0
2024-09-13,18.71,18.47,18.83,18.47,3621800.0,0.005,68299500.0
2024-09-18,18.84,18.56,18.9,18.3,4396900.0,0.006,82371800.0
2024-09-19,18.57,18.66,18.98,18.27,5136900.0,0.0070999999999999995,96900700.0
2024-09-20,18.65,18.3,18.65,18.15,5813500.0,0.008,107773400.0
2024-09-23,18.21,18.18,18.64,18.11,4409700.0,0.0060999999999999995,81682700.0
2024-09-24,18.18,19.12,19.14,18.15,10952500.0,0.015,207779400.0
2024-09-25,19.22,19.05,19.6,19.03,8145500.0,0.011200000000000002,159076200.0
2024-09-26,19.11,19.91,19.91,19.0,9264500.0,0.0127,181621900.0
2024-09-27,20.28,20.8,21.2,19.93,16435400.0,0.0226,341401000.0
2024-09-30,21.69,23.65,23.8,21.44,27331000.0,0.0375,625474100.0
2024-10-08,28.3,27.37,28.3,25.32,58532800.0,0.08039999999999999,1584639500.0
2024-10-09,27.68,28.72,31.24,26.25,99017500.0,0.136,2832606000.0
2024-10-10,29.16,26.66,29.48,26.63,51086300.0,0.0702,1429703299.9999998
2024-10-11,26.65,26.33,27.7,25.8,32963700.0,0.0453,886781100.0
2024-10-14,26.34,26.86,27.08,25.13,34556600.0,0.0475,910681100.0
2024-10-15,26.31,25.71,27.05,25.7,26572400.0,0.0365,705336700.0
2024-10-16,24.98,25.4,26.19,24.93,23108400.0,0.0317,598109700.0
2024-10-17,25.6,25.32,26.05,25.27,21839400.0,0.03,564341300.0
2024-10-18,25.4,27.53,28.45,25.19,46894400.0,0.0644,1277703900.0
2024-10-21,28.03,27.83,29.26,27.4,47728800.0,0.0655,1354192200.0
2024-10-22,27.49,27.53,28.1,27.14,26059400.0,0.0358,723469200.0
2024-10-23,27.43,27.19,27.66,27.03,18867500.0,0.0259,519122100.0
2024-10-24,27.05,27.39,27.85,26.97,17584600.0,0.0241,484871500.0
2024-10-25,27.48,27.63,27.94,26.88,24256600.0,0.0333,670678900.0
2024-10-28,27.48,27.14,27.6,26.9,19801900.0,0.027200000000000002,542087100.0
2024-10-29,27.11,26.78,27.69,26.72,20712400.0,0.028399999999999998,567359900.0
2024-10-30,26.65,26.61,27.08,26.4,13997200.0,0.0192,377158300.0
2024-10-31,26.63,26.86,27.2,26.2,23556600.0,0.032400000000000005,633577500.0
2024-11-01,26.8,25.82,27.14,25.72,19490400.0,0.0268,516792000.0
2024-11-04,25.8,26.7,27.09,25.65,17407700.0,0.0239,466351700.0
2024-11-05,26.8,27.59,27.86,26.56,27580000.0,0.0379,762798200.0000001
2024-11-06,27.93,27.67,28.35,27.31,27349500.0,0.037599999999999995,767524700.0
2024-11-07,27.5,27.94,28.36,27.41,19003500.0,0.026099999999999998,533026400.0
2024-11-08,28.41,28.8,29.38,28.17,35221900.0,0.0484,1022926700.0
2024-11-11,29.21,30.45,31.07,29.01,47309600.0,0.065,1443616000.0
2024-11-12,30.4,30.11,31.05,29.73,31942500.0,0.043899999999999995,975721799.9999999
2024-11-13,29.91,29.78,30.34,29.27,18789800.0,0.0258,560889400.0
2024-11-14,29.81,28.29,30.06,28.12,23966500.0,0.0329,697736600.0
2024-11-15,28.18,26.92,28.4,26.81,23338800.0,0.0321,648138800.0
2024-11-18,27.1,26.19,27.38,25.9,19113300.0,0.0262,511152900.0
2024-11-19,26.31,27.37,27.63,26.31,19862800.0,0.0273,542117800.0
2024-11-20,27.7,27.6,28.45,27.41,26881100.0,0.0369,754443600.0
2024-11-21,27.1,27.52,27.79,26.8,17223800.0,0.023700000000000002,474226800.0
2024-11-22,27.45,26.59,27.91,26.53,16899600.0,0.0232,464254200.0
2024-11-25,26.62,26.91,27.49,26.6,15024800.0,0.0206,409137500.0
2024-11-26,27.01,26.39,27.5,26.3,13356400.0,0.0183,360770000.0
2024-11-27,26.21,27.11,27.15,25.93,10937600.0,0.015,293036600.0
2024-11-28,27.0,26.62,27.14,26.53,10833000.0,0.0149,293030600.0
2024-11-29,26.48,27.7,28.07,26.46,20080400.0,0.0276,555636100.0
2024-12-02,27.73,27.35,28.29,27.16,20567400.0,0.0282,573432900.0
2024-12-03,27.6,27.23,27.85,26.92,17441000.0,0.024,481275100.0
2024-12-04,27.54,26.82,27.72,26.63,15521300.0,0.0213,424417300.00000006
2024-12-05,26.5,26.83,27.55,26.4,14666700.0,0.020099999999999996,398781800.0
2024-12-06,26.82,26.99,27.38,26.64,10285300.0,0.0141,279577800.0
2024-12-09,27.05,26.73,27.3,26.48,9910200.0,0.013600000000000001,267706699.99999997
2024-12-10,28.55,27.34,28.77,27.28,30516700.0,0.04190000000000001,859030500.0
2024-12-11,27.12,27.1,27.9,26.97,19719000.0,0.0271,541673300.0
2024-12-12,27.1,27.16,27.36,26.72,11473500.0,0.0158,312317500.0
2024-12-13,26.9,26.73,27.1,26.5,14958700.0,0.020499999999999997,402486700.0
2024-12-16,26.57,25.91,26.73,25.7,15540500.0,0.0213,408379200.0
2024-12-17,25.76,25.93,26.34,25.76,9993100.0,0.0137,262151900.0
2024-12-18,25.98,26.16,26.4,25.96,8117900.0,0.0111,214340400.0
2024-12-19,25.8,26.53,26.66,25.68,8880900.0,0.012199999999999999,235574500.0
2024-12-20,26.53,27.41,28.13,26.38,22539000.0,0.031,620771800.0
2024-12-23,27.56,26.61,27.71,26.53,14314800.0,0.0197,388477300.00000006
2024-12-24,26.61,26.79,26.86,26.32,9278600.0,0.0127,248790200.0
2024-12-25,26.79,26.68,26.84,26.41,7127700.0,0.0098,191424700.0
2024-12-26,26.74,27.14,27.22,26.65,10946100.0,0.015,297561700.0
2024-12-27,27.13,26.73,27.39,26.55,13023100.0,0.0179,353895100.0
2024-12-30,26.7,26.95,27.28,26.66,11373100.0,0.015600000000000001,309234900.0
2024-12-31,27.08,25.82,27.1,25.79,14189600.0,0.0195,374765199.99999994
2025-01-02,25.69,25.15,25.88,24.79,14689900.0,0.0202,376124200.0
2025-01-03,25.16,24.82,25.36,24.75,10367000.0,0.014199999999999999,262255000.0
2025-01-06,24.8,24.49,25.09,24.18,9548400.0,0.0131,236492200.0
2025-01-07,24.69,24.94,25.0,24.46,9621200.0,0.0132,240066900.0
2025-01-08,24.85,24.6,24.88,23.78,13079200.0,0.018000000000000002,321254000.0
2025-01-09,24.47,25.2,25.4,24.42,12685300.0,0.0174,322723700.0
2025-01-10,25.11,25.16,26.06,25.0,13981200.0,0.0192,361094600.0
2025-01-13,24.8,24.8,25.38,24.57,9313700.0,0.0128,233958000.0
2025-01-14,24.75,25.66,25.74,24.45,13891300.0,0.0191,354490700.0
2025-01-15,25.52,25.6,25.96,25.25,10985100.0,0.0151,283458200.0
2025-01-16,26.06,25.3,26.2,25.18,18799000.0,0.0258,486363000.0
2025-01-17,25.28,25.85,26.16,25.04,16930400.0,0.0233,437625300.0
2025-01-20,26.18,26.19,26.52,26.04,14310600.0,0.0197,379438300.0
2025-01-21,26.19,26.58,26.65,25.91,15390400.0,0.021099999999999997,407762300.00000006
2025-01-22,26.47,26.68,27.08,26.4,15128300.0,0.0208,406939600.0
2025-01-23,27.1,26.52,27.43,26.48,14511000.0,0.0199,393876900.0
2025-01-24,26.45,26.24,26.75,26.19,14543800.0,0.02,387677699.99999994
2025-01-27,26.57,25.63,26.59,25.62,11059300.0,0.0152,289324300.0
2025-02-05,25.93,25.83,26.24,25.66,11367900.0,0.015600000000000001,297300700.0
2025-02-06,25.81,26.49,26.62,25.71,14381700.0,0.019799999999999998,381855000.0
2025-02-07,26.5,26.78,27.1,25.95,17502100.0,0.024,469375100.0
2025-02-10,26.87,26.68,27.12,26.5,10408600.0,0.0143,279730300.0
2025-02-11,26.7,26.23,26.71,26.18,10345100.0,0.014199999999999999,274323000.0
2025-02-12,26.31,27.03,27.05,26.05,17144000.0,0.0235,458825199.99999994
2025-02-13,26.85,26.14,26.9,26.13,13525500.0,0.018600000000000002,360068100.0
2025-02-14,26.14,26.29,26.34,25.85,9594500.0,0.0132,252508800.0
2025-02-17,25.93,26.69,27.0,25.93,15740800.0,0.0216,422656700.0
2025-02-18,26.66,26.76,27.9,26.61,25576300.0,0.0351,704166000.0
2025-02-19,26.88,28.26,28.43,26.8,32417700.0,0.044500000000000005,904536400.0
2025-02-20,29.8,30.18,30.74,29.3,59346700.0,0.0815,1796456200.0
2025-02-21,30.36,31.35,32.2,29.95,52575500.0,0.0722,1640650900.0
2025-02-24,31.45,31.21,32.06,30.78,36932300.0,0.0507,1161087300.0
2025-02-25,30.61,30.6,31.2,29.94,29509400.0,0.0405,906417400.0
2025-02-26,30.87,30.61,31.16,30.11,23562800.0,0.032400000000000005,727649299.9999999
2025-02-27,30.63,29.77,30.72,29.18,30749200.0,0.042199999999999994,921318500.0
2025-02-28,29.51,28.42,29.7,28.26,20857000.0,0.0286,605032100.0
2025-03-03,28.48,28.44,28.81,27.99,17517800.0,0.0241,502195899.99999994
2025-03-04,28.23,28.75,29.08,28.1,17311100.0,0.023799999999999998,499628500.0
2025-03-05,29.2,29.04,29.69,28.79,18546600.0,0.0255,544313300.0
2025-03-06,29.15,29.3,29.94,29.12,20881200.0,0.0287,619287500.0
2025-03-07,29.19,28.97,29.36,28.69,13148500.0,0.0181,384063399.99999994
2025-03-10,28.7,28.62,29.3,28.3,16891900.0,0.0232,488779000.0
2025-03-11,28.05,28.23,28.59,28.0,11361000.0,0.015600000000000001,323007500.0
2025-03-12,28.36,27.85,28.55,27.71,15158900.0,0.0208,427205000.0
2025-03-13,27.75,27.47,27.84,27.16,13627300.0,0.0187,376171400.0
2025-03-14,27.47,27.66,27.83,27.26,14556500.0,0.02,404965600.0
2025-03-17,27.7,28.29,28.68,27.43,20530000.0,0.0282,583884600.0
2025-03-18,28.29,28.31,28.64,28.02,11694300.0,0.0161,333086100.0
2025-03-19,28.3,27.93,28.33,27.75,9706900.0,0.013300000000000001,273149900.0
2025-03-20,27.75,27.63,28.03,27.55,7273000.0,0.01,203448800.0
2025-03-21,27.55,27.16,27.86,27.06,10804300.0,0.0148,297956400.0
2025-03-24,27.16,28.12,28.44,27.11,18740800.0,0.025699999999999997,528093399.99999994
2025-03-25,28.03,27.88,28.15,27.45,10765300.0,0.0148,301049600.0
2025-03-26,27.81,27.6,28.28,27.52,9226800.0,0.0127,257934600.0
2025-03-27,27.52,28.56,29.08,27.37,22125600.0,0.0304,634782700.0
2025-03-28,28.86,28.25,29.03,28.22,14297900.0,0.0196,410045800.0
2025-03-31,28.2,28.37,29.02,27.96,18079800.0,0.0248,516191800.0
2025-04-01,28.39,28.87,29.16,28.02,27873700.0,0.0383,806643700.0
2025-04-02,28.59,28.26,28.95,27.95,21136900.0,0.028999999999999998,602481700.0
2025-04-03,27.91,27.75,28.55,27.55,15150000.0,0.0208,427341000.0
2025-04-07,26.28,25.76,27.68,24.28,34104200.0,0.046799999999999994,903484600.0000001
2025-04-08,26.01,25.84,27.05,25.47,24270600.0,0.0333,639756700.0
2025-04-09,25.32,26.7,27.35,24.69,25159400.0,0.0346,670234200.0
2025-04-10,27.3,26.95,27.52,26.7,21699600.0,0.0298,591160900.0
2025-04-11,26.69,29.3,29.94,26.6,49114700.0,0.0674,1421286500.0
2025-04-14,29.78,29.25,29.85,28.7,24535900.0,0.0337,720509200.0
2025-04-15,29.06,29.27,29.42,28.76,13679600.0,0.018799999999999997,400162100.0
2025-04-16,29.16,29.33,29.5,28.83,16848900.0,0.0231,495392100.0
2025-04-17,29.11,29.8,30.49,29.01,28419400.0,0.039,858758900.0
2025-04-18,29.59,29.56,29.83,29.09,12626100.0,0.0173,374368300.0
2025-04-21,29.5,29.72,29.9,29.21,12786400.0,0.0176,380731600.00000006
2025-04-22,29.5,30.4,30.7,29.33,21658600.0,0.0297,658354000.0
2025-04-23,30.21,30.07,30.31,29.63,16169500.0,0.0222,487378900.0
2025-04-24,29.96,30.1,30.29,29.81,11953000.0,0.016399999999999998,362040000.0
2025-04-25,29.99,29.68,30.13,29.37,14321800.0,0.0197,427905600.0
2025-04-28,29.66,29.66,30.07,29.42,10207900.0,0.013999999999999999,305417500.0
2025-04-29,29.71,29.16,29.73,28.76,17565800.0,0.0241,515344100.00000006
2025-04-30,29.16,29.6,29.95,28.91,15895400.0,0.0218,470977699.99999994
2025-05-06,29.6,30.45,30.48,29.5,19671600.0,0.027000000000000003,594190800.0
2025-05-07,30.52,30.07,30.8,29.77,17167200.0,0.0236,522318300.0
2025-05-08,30.06,29.48,30.2,28.91,17466400.0,0.024,521069800.00000006
2025-05-09,29.3,29.02,29.48,28.59,14027700.0,0.019299999999999998,408701300.0
2025-05-12,29.18,28.38,29.24,28.36,18170200.0,0.025,524952600.0
2025-05-13,28.62,28.4,28.8,28.34,11198300.0,0.0154,321898000.0
2025-05-14,28.39,28.45,28.72,28.31,10377800.0,0.0143,297898600.0
2025-05-15,28.33,27.95,28.45,27.87,9200300.0,0.0126,260144400.0
2025-05-16,27.96,28.02,28.19,27.87,5680900.0,0.0078000000000000005,160555500.0
2025-05-19,28.01,28.24,28.31,27.76,7567700.0,0.0104,214094100.0
2025-05-20,28.26,28.13,28.28,27.91,5844900.0,0.008,165375099.99999997
2025-05-21,28.09,28.18,28.38,27.93,7707400.0,0.0106,218641200.0
2025-05-22,28.18,27.59,28.25,27.55,10177200.0,0.013999999999999999,285202700.0
2025-05-23,27.52,27.82,28.14,27.51,10710200.0,0.0147,300303800.0
2025-05-26,27.88,28.07,28.34,27.81,9550600.0,0.0131,270062000.0
2025-05-27,28.04,27.71,28.04,27.65,7154100.0,0.0098,200455800.00000003
2025-05-28,27.75,27.31,27.9,27.31,6609500.0,0.0091,183098900.0
2025-05-29,27.55,28.03,28.22,27.52,9017200.0,0.0124,253354600.0
2025-05-30,27.9,27.57,27.91,27.47,5624100.0,0.0077,156583700.0
2025-06-03,27.3,27.68,28.16,27.29,9842200.0,0.013500000000000002,275553800.0
2025-06-04,27.68,27.79,27.94,27.56,6036000.0,0.0083,168865600.0
2025-06-05,27.8,28.44,28.51,27.71,9966700.0,0.0137,283293600.0
2025-06-06,28.45,28.52,28.7,28.24,7535200.0,0.0103,216418400.0
2025-06-09,28.39,27.95,28.59,27.89,10766200.0,0.0147,304088100.0
2025-06-10,27.95,27.49,28.0,27.42,8817300.0,0.012,245745000.0
2025-06-11,27.59,27.63,28.0,27.46,7240100.0,0.009899999999999999,202481200.0
2025-06-12,27.57,27.11,27.57,27.02,8721300.0,0.011899999999999999,239526300.0
2025-06-13,27.0,26.85,27.44,26.7,13028100.0,0.0178,354088000.0
2025-06-16,26.72,26.72,27.05,26.63,7392900.0,0.0101,199279800.0
2025-06-17,26.7,26.66,26.8,26.6,5147800.0,0.006999999999999999,138431900.0
2025-06-18,26.52,26.88,27.13,26.43,6388500.0,0.0087,172262400.00000003
2025-06-19,26.9,27.05,27.54,26.78,9213500.0,0.0126,252609100.0
2025-06-20,26.88,27.08,27.73,26.88,7155500.0,0.0098,196756800.0
2025-06-23,27.04,27.41,27.7,26.74,9860400.0,0.0134,272883300.0
2025-06-24,27.65,27.98,28.2,27.43,9849300.0,0.0134,277205600.0
2025-06-25,27.99,28.31,28.45,27.82,11649500.0,0.0159,330252000.0
2025-06-26,28.22,27.8,28.64,27.77,9531200.0,0.013000000000000001,269437600.0
2025-06-27,27.8,27.76,28.03,27.67,6767000.0,0.0092,189590500.0
2025-06-30,27.79,28.48,28.7,27.79,11161800.0,0.0152,319950800.0
2025-07-01,29.18,29.89,30.1,29.13,30569100.0,0.0417,916816900.0
2025-07-02,29.6,28.99,29.66,28.76,18848300.0,0.025699999999999997,555073400.0
2025-07-03,28.81,28.4,29.04,28.27,13852200.0,0.0189,397184200.0
2025-07-04,28.41,28.39,29.03,27.95,14793600.0,0.0202,423615800.0
2025-07-07,28.29,28.43,28.65,28.13,6842600.0,0.009300000000000001,195758600.0
2025-07-08,28.43,28.9,29.39,28.4,13291100.0,0.0181,387831900.0
2025-07-09,29.05,28.14,29.18,28.08,15252300.0,0.0208,437077400.0
2025-07-10,28.19,28.22,28.39,27.92,8979500.0,0.012199999999999999,254048900.0
2025-07-11,28.1,28.34,28.6,27.98,9154700.0,0.0125,261099400.0
2025-07-14,28.25,28.22,28.4,28.0,7174000.0,0.0098,204160200.0
2025-07-15,28.21,27.81,28.32,27.5,11992800.0,0.0163,336968300.0
2025-07-16,27.8,28.11,28.47,27.65,9852300.0,0.0134,279039100.0
2025-07-17,28.11,28.3,28.4,28.02,9077400.0,0.0124,256881200.0
2025-07-18,28.36,28.89,28.99,28.03,15808100.0,0.0215,452000800.0
2025-07-21,28.48,28.36,28.58,28.07,14255600.0,0.0194,404524000.0
2025-07-22,28.3,28.18,28.42,28.11,10983400.0,0.015,311209100.0
2025-07-23,28.11,28.18,28.67,28.03,10266600.0,0.013999999999999999,291532500.0
2025-07-24,28.19,28.49,28.75,28.13,11723200.0,0.016,335194200.0
2025-07-25,28.7,29.3,29.42,28.54,17667400.0,0.0241,513247000.0
2025-07-28,29.43,29.15,29.44,29.04,9900300.0,0.013500000000000002,290043900.0
2025-07-29,29.1,29.08,29.27,28.7,11189800.0,0.0152,324965500.0
2025-07-30,29.1,28.86,29.31,28.66,10306900.0,0.013999999999999999,299842700.0
2025-07-31,28.81,28.29,29.13,28.22,12553300.0,0.0171,359732500.0
2025-08-01,28.4,28.01,28.64,27.9,10527500.0,0.0143,297533500.0
2025-08-04,27.98,27.9,28.28,27.8,12929800.0,0.0176,363203800.0
2025-08-05,28.01,28.23,28.3,27.83,11025000.0,0.015,310773700.0
2025-08-06,28.18,28.71,28.74,28.16,14715200.0,0.02,420815700.0
2025-08-07,28.73,28.53,28.93,28.48,11749300.0,0.016,338243700.0
2025-08-08,28.53,28.06,28.58,28.05,9664900.0,0.0132,273304100.0
2025-08-11,28.07,28.31,28.4,27.98,8529600.0,0.0116,241395700.0
2025-08-12,28.38,28.79,28.88,28.22,17790500.0,0.0242,510959100.00000006
2025-08-13,28.7,29.28,29.36,28.67,22112500.0,0.0301,647643200.0
2025-08-14,29.25,28.6,29.46,28.6,16161400.0,0.022000000000000002,471133000.0
2025-08-15,28.45,28.85,29.14,28.45,17604600.0,0.024,510296100.0
2025-08-18,29.1,29.87,30.24,28.88,27651400.0,0.037599999999999995,824382200.0
2025-08-19,30.15,30.5,31.02,29.86,30280300.0,0.0412,928183100.0
2025-08-20,30.29,31.4,31.4,29.92,31036500.0,0.042300000000000004,958436500.0
2025-08-21,31.72,31.14,32.4,30.81,34515000.0,0.047,1090399500.0
2025-08-22,31.05,32.41,32.63,30.99,42649700.0,0.057999999999999996,1364259700.0
2025-08-25,32.78,31.46,32.8,30.73,56777800.0,0.07730000000000001,1795944600.0
2025-08-26,31.27,31.07,31.65,30.89,25537600.0,0.0348,799501600.0
2025-08-27,31.18,30.63,32.0,30.63,30727800.0,0.0418,968479600.0000001
2025-08-28,30.87,31.85,31.85,30.72,33118800.0,0.0451,1043133900.0
2025-08-29,32.01,31.32,32.02,30.93,23644000.0,0.0322,742576900.0
2025-09-01,31.58,32.02,32.21,31.14,26570200.0,0.0362,845219700.0
2025-09-02,31.9,30.38,31.92,30.2,27813600.0,0.0379,862005800.0
2025-09-03,30.66,30.47,31.55,30.3,21382500.0,0.0291,660388800.0
2025-09-04,30.65,29.16,30.85,28.7,24113000.0,0.032799999999999996,716024299.9999999
2025-09-05,29.29,29.75,29.76,29.16,15640300.0,0.0213,462770100.0
2025-09-08,29.76,29.9,29.99,29.21,18153500.0,0.024700000000000003,539880900.0
2025-09-09,29.73,29.11,30.1,28.92,13033100.0,0.0177,383820899.99999994
2025-09-10,29.14,30.04,30.43,29.14,26816200.0,0.0365,803304400.0
2025-09-11,29.9,30.76,30.89,29.55,20788100.0,0.028300000000000002,631971400.0
2025-09-12,30.9,31.21,31.96,30.41,27620400.0,0.037599999999999995,869283700.0
2025-09-15,31.49,30.77,31.6,30.64,15688900.0,0.021400000000000002,487102400.0
2025-09-16,30.76,30.55,30.9,30.21,14581800.0,0.019799999999999998,445872000.0
2025-09-17,30.57,31.87,32.35,30.46,31510600.0,0.0429,998736400.0
2025-09-18,31.97,32.9,33.89,31.97,47999400.0,0.0653,1594679100.0
2025-09-19,33.1,33.11,34.36,32.96,33485800.0,0.045599999999999995,1126382100.0
2025-09-22,33.59,35.0,35.7,32.87,49400800.0,0.0672,1700266099.9999998
2025-09-23,35.39,34.55,35.39,33.47,35094000.0,0.0478,1201704200.0
2025-09-24,34.45,36.9,37.95,34.22,67005000.0,0.09119999999999999,2431545300.0
2025-09-25,36.48,36.72,37.19,35.9,36307900.0,0.049400000000000006,1327082300.0
2025-09-26,36.49,35.46,36.8,35.35,29016200.0,0.0394,1047470500.0
2025-09-29,35.65,35.81,36.04,35.0,23189200.0,0.0315,826903500.0
2025-09-30,36.28,36.19,36.81,35.79,24097100.0,0.0327,877063100.0
2025-10-09,36.78,36.74,37.77,36.15,30987000.0,0.0421,1149141300.0
2025-10-10,36.79,36.42,37.49,35.77,24818600.0,0.0337,905574900.0
2025-10-13,35.05,38.44,38.49,34.9,46664900.0,0.0634,1744540700.0
2025-10-14,38.17,34.7,38.21,34.36,52330200.0,0.0711,1889410700.0
2025-10-15,34.77,34.96,35.07,33.93,22944000.0,0.031200000000000002,794879400.0
2025-10-16,34.6,33.97,34.9,33.68,19154400.0,0.026000000000000002,658120800.0
2025-10-17,33.86,33.11,34.24,33.02,17726300.0,0.0241,594733600.0
2025-10-20,33.65,33.5,33.93,32.99,15089400.0,0.020499999999999997,507512500.0
2025-10-21,33.63,33.84,34.27,33.51,14102500.0,0.0192,479553200.0
2025-10-22,33.55,33.4,33.7,32.94,11441400.0,0.0155,381940800.0
2025-10-23,33.0,32.86,33.35,32.13,17580900.0,0.0239,573142500.0
2025-10-24,33.1,34.5,34.61,33.1,21573600.0,0.029300000000000003,735271700.0
2025-10-27,35.86,35.4,36.85,34.9,31398100.0,0.0426,1124278200.0
2025-10-28,35.25,36.26,36.43,34.92,25637700.0,0.0348,922348100.0
2025-10-29,36.41,37.2,38.08,36.35,31514400.0,0.042800000000000005,1181145100.0
2025-10-30,37.02,36.75,37.55,36.6,20595800.0,0.027999999999999997,764399900.0
2025-10-31,36.89,35.36,37.05,35.33,18781300.0,0.0255,675093700.0
2025-11-03,35.35,35.17,35.39,33.64,20054600.0,0.027200000000000002,693559700.0
2025-11-04,35.0,34.25,35.2,33.93,10729400.0,0.0146,370871100.0
2025-11-05,33.82,34.62,34.8,33.6,11795500.0,0.016,403805199.99999994
2025-11-06,34.68,35.2,35.54,34.43,14580200.0,0.019799999999999998,513239300.0
2025-11-07,34.9,34.72,35.2,34.48,8533800.0,0.0116,297935900.0
2025-11-10,34.66,34.4,35.52,34.2,13337200.0,0.0181,466091200.0
2025-11-11,34.62,35.08,36.6,34.48,21947700.0,0.0298,784076700.0
2025-11-12,35.0,34.81,35.15,33.78,13874500.0,0.018799999999999997,478783900.0
2025-11-13,34.84,34.82,35.57,34.48,14724400.0,0.02,517802500.0
2025-11-14,34.41,34.3,35.55,33.5,16973200.0,0.023,589291200.0
2025-11-17,36.47,33.9,36.76,33.83,26455000.0,0.0359,932461500.0
2025-11-18,34.22,34.13,35.1,33.76,15976600.0,0.0217,549675800.0
2025-11-19,33.93,34.96,35.67,33.93,23554100.0,0.032,829215700.0000001
2025-11-20,35.56,34.5,35.88,34.39,16512800.0,0.022400000000000003,581447300.0
2025-11-21,33.95,33.2,34.93,33.2,19793000.0,0.0269,674587300.0
2025-11-24,33.31,33.85,34.35,33.05,18735200.0,0.0254,634188300.0
2025-11-25,33.8,33.12,33.96,32.71,22946600.0,0.0311,768076000.0
2025-11-26,33.02,32.95,33.55,32.3,12635800.0,0.0172,418525700.0
2025-11-27,33.03,33.17,34.33,33.03,17687800.0,0.024,598871800.0
2025-11-28,33.19,34.8,35.48,32.78,23349100.0,0.0317,803315500.0
2025-12-01,34.74,35.64,35.88,34.42,22540600.0,0.030600000000000002,794566700.0
2025-12-02,35.27,35.24,36.15,35.02,16495500.0,0.022400000000000003,587530300.0
2025-12-03,35.23,35.02,35.5,34.92,9067600.0,0.0123,319444300.0
2025-12-04,34.97,35.14,35.62,34.26,10158100.0,0.0138,355928000.0
2025-12-05,35.11,35.02,35.4,34.56,10117200.0,0.0137,353411000.0
2025-12-08,34.94,35.31,35.58,34.72,12301300.0,0.0167,434290000.0
2025-12-09,35.33,35.4,35.66,34.9,11945200.0,0.016200000000000003,421987100.0
2025-12-10,35.46,35.65,36.27,34.7,17699500.0,0.024,628721000.0
2025-12-11,35.67,35.73,36.73,35.53,18880800.0,0.0256,684712500.0
2025-12-12,35.84,37.25,37.4,35.41,27304400.0,0.0371,1002638000.0
2025-12-15,37.09,38.82,39.26,36.9,36455400.0,0.0495,1395111300.0
2025-12-16,38.2,37.4,38.44,36.53,26939700.0,0.0366,1007834900.0
2025-12-17,37.17,38.06,38.3,36.54,19564000.0,0.026600000000000002,734538300.0
2025-12-18,37.7,36.66,38.0,36.61,19714400.0,0.0268,732897200.0
2025-12-19,36.89,36.33,37.11,36.0,14829200.0,0.020099999999999996,541849500.0
2025-12-22,36.3,38.53,38.76,36.22,28943500.0,0.0393,1104239800.0
2025-12-23,38.5,39.1,40.13,38.31,30912800.0,0.042,1216856100.0
2025-12-24,38.95,38.74,39.2,37.94,23620300.0,0.0321,915084100.0
2025-12-25,38.59,38.71,38.95,38.26,17056200.0,0.0231,660539200.0
2025-12-26,38.84,38.27,38.91,37.83,16845100.0,0.0229,646551800.0
2025-12-29,38.05,37.61,38.15,37.22,14917900.0,0.0202,562541600.0
2025-12-30,37.5,37.82,38.14,37.21,16131200.0,0.0219,608146900.0
2025-12-31,37.95,37.5,38.79,37.21,15804100.0,0.021400000000000002,597967000.0
2026-01-05,37.51,38.96,39.1,37.51,26082200.0,0.0354,1008677400.0
2026-01-06,38.92,40.19,41.48,38.71,38978300.0,0.0529,1583656200.0
2026-01-07,41.8,44.73,46.36,41.76,73695400.0,0.1,3287492400.0
2026-01-08,45.35,45.44,46.05,44.2,49627600.0,0.0673,2248686200.0
2026-01-09,44.68,44.91,45.17,43.6,37043300.0,0.050300000000000004,1652237600.0
2026-01-12,44.9,44.89,45.1,43.98,30473900.0,0.041299999999999996,1357658299.9999998
2026-01-13,44.61,43.37,46.02,43.21,29697700.0,0.0403,1322209700.0
2026-01-14,43.23,43.8,45.18,42.85,30180500.0,0.0409,1325445700.0
2026-01-15,43.21,46.58,46.89,42.91,50344900.0,0.0683,2278758800.0
2026-01-16,46.38,48.04,48.4,46.1,51889000.0,0.0704,2458425300.0
2026-01-19,47.69,47.3,49.1,47.23,35963100.0,0.048799999999999996,1727684100.0
2026-01-20,47.7,46.89,47.72,45.61,31423100.0,0.0426,1463603800.0
2026-01-21,46.1,46.35,47.05,45.3,25039600.0,0.034,1163401500.0
2026-01-22,47.29,46.21,47.99,45.82,25129900.0,0.0341,1174905700.0
2026-01-23,46.09,47.29,47.37,45.71,24889800.0,0.0338,1162102400.0
2026-01-26,46.66,44.9,46.8,44.5,27087600.0,0.036699999999999997,1229648100.0
2026-01-27,45.4,46.67,47.25,44.61,29101300.0,0.0395,1343906700.0000002
2026-01-28,46.97,46.52,47.84,45.62,23531100.0,0.0319,1094465000.0
2026-01-29,46.21,43.7,46.9,43.58,28676300.0,0.038900000000000004,1287444700.0
2026-01-30,43.28,44.43,44.98,41.9,30552800.0,0.0415,1328344800.0
2026-02-02,44.16,42.15,44.46,42.1,21267600.0,0.028900000000000002,916880200.0
2026-02-03,42.9,43.62,44.01,42.71,15993600.0,0.0217,695456799.9999999
2026-02-04,43.26,43.65,44.46,42.85,13687800.0,0.018600000000000002,598833100.0
2026-02-05,42.98,43.33,43.68,41.81,16660300.0,0.0226,712252500.0
2026-02-06,42.85,43.34,44.23,42.51,15145400.0,0.020499999999999997,663598000.0
2026-02-09,44.29,44.85,45.05,43.98,17622800.0,0.0239,787183400.0
2026-02-10,44.85,44.37,45.1,44.12,11332400.0,0.0154,505737699.99999994
2026-02-11,43.93,44.48,45.48,43.9,11448600.0,0.0155,514663500.0
2026-02-12,44.68,45.89,45.9,44.41,17920800.0,0.024300000000000002,813368200.0000001
2026-02-13,45.38,45.45,46.39,45.12,16388000.0,0.0222,753153300.0
2026-02-24,45.99,45.6,46.39,44.77,16502200.0,0.022400000000000003,754108200.0000001
2026-02-25,45.6,47.21,47.81,44.75,25243400.0,0.0342,1175130800.0
2026-02-26,46.97,47.0,47.38,45.6,22948100.0,0.0311,1072534900.0
2026-02-27,46.41,45.88,46.72,45.29,20412000.0,0.0277,936994400.0
2026-03-02,44.93,45.09,46.34,44.9,19609700.0,0.026600000000000002,890221300.0
2026-03-03,45.06,42.3,45.59,42.02,26912800.0,0.0365,1166509800.0
2026-03-04,41.4,42.1,43.2,41.3,14964600.0,0.0203,632602600.0
2026-03-05,42.93,42.43,44.0,41.98,15275700.0,0.0207,657419500.0
2026-03-06,42.24,42.61,43.0,42.1,12710000.0,0.0172,542957900.0
2026-03-09,41.5,41.5,41.79,40.14,20007800.0,0.0271,820359100.0
2026-03-10,42.3,43.97,44.55,42.24,21480000.0,0.0291,935669200.0
2026-03-11,44.01,44.27,45.3,43.68,17794600.0,0.0241,793794100.0
2026-03-12,44.14,45.02,45.45,43.82,16428000.0,0.0223,739030600.0
2026-03-13,44.57,46.12,47.39,44.46,30960700.0,0.042,1435335799.9999998
2026-03-16,46.04,46.71,46.92,44.85,22716900.0,0.0308,1048086000.0
2026-03-17,46.8,45.7,46.91,45.6,16340000.0,0.022099999999999998,755851300.0
2026-03-18,46.04,47.3,47.35,45.82,23197400.0,0.031400000000000004,1085204600.0
2026-03-19,46.49,45.85,47.1,45.58,17849700.0,0.0242,823864400.0
2026-03-20,47.37,45.47,48.38,45.46,41176600.0,0.0558,1928379500.0
2026-03-23,44.31,42.01,44.76,41.73,31946900.0,0.0433,1378827100.0
2026-03-24,42.75,43.36,43.47,41.36,20279700.0,0.0275,862277200.0
2026-03-25,43.9,46.5,48.18,43.9,30441200.0,0.041299999999999996,1419324300.0
2026-03-26,46.11,45.13,46.99,44.84,20469000.0,0.0277,935674900.0
2026-03-27,47.82,52.97,54.18,47.82,117260400.0,0.1589,6073085400.0
2026-03-30,52.17,51.9,52.3,50.55,67613700.0,0.0916,3496500200.0
2026-03-31,51.92,49.2,52.34,49.19,51867900.0,0.0703,2599235600.0
2026-04-01,50.34,48.6,50.54,47.66,54641800.0,0.07400000000000001,2663934699.9999995
2026-04-02,48.9,47.43,48.9,46.92,37805600.0,0.0512,1803673400.0
2026-04-03,47.86,49.65,50.68,47.78,52659300.0,0.0713,2608041000.0
2026-04-07,50.4,49.4,51.39,49.08,33976100.0,0.046,1697485500.0
2026-04-08,51.17,51.67,51.84,49.84,50730900.0,0.0687,2591021000.0
2026-04-09,51.39,52.25,53.46,50.81,43765600.0,0.0593,2294609100.0
2026-04-10,52.65,51.91,53.55,51.62,37592200.0,0.0509,1977014400.0
2026-04-13,51.9,51.58,53.1,51.31,27009500.0,0.0366,1401367600.0
2026-04-14,52.2,52.95,54.71,51.8,40213700.0,0.0545,2150149300.0
2026-04-15,53.39,51.73,54.08,51.54,28559900.0,0.0387,1496761300.0
2026-04-16,52.01,51.68,52.25,51.17,25029600.0,0.0339,1293598300.0
2026-04-17,51.22,52.9,53.77,50.51,30742800.0,0.0416,1619645700.0
2026-04-20,53.16,52.42,53.82,51.7,27860900.0,0.0377,1469396700.0000002
2026-04-21,52.63,52.2,53.24,51.48,24462800.0,0.0331,1280790200.0
2026-04-22,52.1,54.47,54.5,51.91,37922300.0,0.051399999999999994,2035550400.0
2026-04-23,55.42,55.85,56.75,53.53,48819500.0,0.0661,2697931300.0
2026-04-24,55.1,56.9,57.9,55.1,41130600.0,0.0557,2340007600.0
2026-04-27,57.1,56.21,59.89,55.18,56368300.0,0.0764,3270152900.0
2026-04-28,57.89,59.1,61.6,57.41,54529800.0,0.0739,3230872000.0
2026-04-29,58.38,58.87,59.13,56.68,35762900.0,0.0484,2090145700.0
2026-04-30,59.7,62.26,63.08,59.2,42779100.0,0.057999999999999996,2649707700.0
2026-05-06,63.9,64.58,67.59,63.26,52796900.0,0.07150000000000001,3461529400.0
2026-05-07,67.16,68.7,69.89,65.6,48528700.0,0.06570000000000001,3305217700.0
2026-05-08,65.9,64.09,66.9,63.7,53443900.0,0.0724,3474820600.0
2026-05-11,65.35,67.87,67.9,62.94,53428300.0,0.0724,3502251900.0
2026-05-12,66.9,64.79,66.9,63.9,40626600.0,0.055,2648685400.0
2026-05-13,63.9,73.29,73.89,63.6,54370600.0,0.0737,3781409699.9999995
2026-05-14,73.44,69.38,73.8,69.33,42607700.0,0.057699999999999994,3044239300.0
2026-05-15,70.49,69.58,73.48,68.8,50698900.0,0.0687,3593030400.0
2026-05-18,70.74,72.55,74.7,69.36,42637600.0,0.057800000000000004,3083497500.0
2026-05-19,71.5,76.91,77.9,69.69,47254700.0,0.064,3514328800.0
2026-05-20,76.52,76.74,80.23,75.4,48930200.0,0.0663,3790188300.0
2026-05-21,77.58,72.88,79.73,72.35,52195400.0,0.0707,3994282300.0
2026-05-22,73.9,72.9,75.35,70.0,46667800.0,0.0632,3383247100.0
2026-05-25,72.98,76.9,78.4,69.86,52687500.0,0.07139999999999999,3891080400.0
2026-05-26,80.9,79.45,81.48,75.9,55922000.0,0.0758,4414983700.0
2026-05-27,78.92,73.3,79.14,73.28,48529600.0,0.06570000000000001,3708450100.0
2026-05-28,73.23,74.46,75.3,70.9,36083700.0,0.0489,2660674099.9999995
2026-05-29,74.4,67.04,74.9,66.4,56032000.0,0.0759,3884304400.0
2026-06-01,67.91,65.72,68.94,64.9,36963700.0,0.0501,2485457100.0
2026-06-02,65.82,67.34,68.31,65.82,29268600.0,0.0397,1970031500.0
2026-06-03,67.59,70.3,72.05,67.35,43134900.0,0.0584,3024025200.0
2026-06-04,68.89,73.29,74.75,68.7,38870400.0,0.0527,2819207600.0
2026-06-05,71.61,69.65,72.85,69.11,36989500.0,0.0501,2627297400.0
2026-06-08,64.9,64.81,67.23,63.98,38334900.0,0.051699999999999996,2519605500.0
2026-06-09,66.88,69.0,69.46,65.93,32637500.0,0.043899999999999995,2218523900.0
2026-06-10,67.9,70.94,71.8,67.43,37866700.0,0.051,2657944000.0
2026-06-11,71.1,75.38,76.3,71.1,50247900.0,0.0676,3731327300.0
2026-06-12,84.9,78.89,88.45,78.4,89443600.0,0.1204,7486898800.0
2026-06-15,81.9,85.47,86.23,77.32,68631700.0,0.0924,5652721700.0
2026-06-16,84.89,84.4,85.98,82.78,49298600.0,0.0664,4155856100.0
2026-06-17,84.88,91.13,93.0,84.5,66937900.0,0.0901,5976785400.0
2026-06-18,90.6,92.18,92.69,89.57,49273400.0,0.0663,4492993200.0
2026-06-22,93.25,91.4,95.33,88.91,59204200.0,0.0797,5438367700.0
2026-06-23,94.86,91.3,95.79,89.07,54457700.0,0.0733,5032776000.0
2026-06-24,89.47,96.7,97.65,88.08,62228700.0,0.08380000000000001,5855819500.0
2026-06-25,97.2,95.45,97.58,92.42,51543100.0,0.0694,4894598900.0
2026-06-26,95.45,95.07,98.98,93.1,57683100.0,0.0776,5575224600.0
2026-06-29,97.91,104.0,104.6,93.25,75090000.0,0.1011,7475339300.000001
2026-06-30,100.29,105.97,106.55,97.5,67779100.0,0.09119999999999999,6932132600.0
2026-07-01,105.0,100.3,111.03,98.5,68871600.0,0.09269999999999999,7262015200.0
2026-07-02,95.68,93.37,98.37,90.85,58809500.0,0.0791,5564015200.0
2026-07-03,92.99,89.88,93.71,88.21,47089700.0,0.0634,4265565300.0000005
2026-07-06,91.67,90.56,92.96,86.88,42593700.0,0.057300000000000004,3835882500.0
2026-07-07,89.0,91.26,92.55,87.51,36747600.0,0.049400000000000006,3340085500.0
2026-07-08,91.26,89.36,92.38,83.0,51749300.0,0.0696,4561736300.0
2026-07-09,91.59,95.99,96.18,90.01,56647200.0,0.0762,5285896700.0
2026-07-10,96.0,83.1,98.0,82.88,98034200.0,0.1319,8889697800.0
2026-07-13,83.85,79.92,84.84,79.27,53948500.0,0.0726,4435714300.0
2026-07-14,81.35,82.6,83.65,77.01,45170600.0,0.0608,3645363100.0
2026-07-15,83.85,77.92,84.56,77.33,36976100.0,0.049800000000000004,2951033700.0
2026-07-16,75.55,72.5,78.2,71.95,44959700.0,0.0605,3360706800.0
2026-07-17,72.88,69.41,74.49,69.33,51151700.0,0.0688,3689291900.0
2026-07-20,71.43,65.88,72.01,63.79,53582300.0,0.0721,3639387700.0
2026-07-21,67.05,77.32,77.9,64.11,67500400.0,0.0908,4817718100.0
2026-07-22,76.56,75.55,79.32,74.91,46389400.0,0.062400000000000004,3589247900.0
2026-07-23,76.1,72.42,76.55,71.5,34210800.0,0.046,2507189100.0
2026-07-24,71.79,73.79,75.5,70.11,36410800.0,0.049,2671508100.0
2026-07-27,73.02,74.17,75.69,71.18,40943100.0,0.055099999999999996,3004812600.0
2026-07-28,72.0,71.31,76.38,70.48,49199600.0,0.0662,3635001599.9999995
2026-07-29,70.91,69.6,71.49,66.3,44028200.0,0.0592,3017162000.0
2026-07-30,69.6,65.53,69.87,63.9,43110900.0,0.057999999999999996,2874048900.0
2026-07-31,70.98,68.68,73.33,68.57,46405300.0,0.062400000000000004,3293259500.0
2026-08-03,68.0,62.9,68.59,62.62,40550100.0,0.0545,2618421700.0
2026-08-04,64.48,70.05,70.81,63.15,51045100.0,0.06860000000000001,3454524099.9999995
2026-08-05,70.48,74.02,75.34,70.06,47807000.0,0.0642,3510050000.0
2026-08-06,73.0,76.8,77.82,72.0,43216400.0,0.0581,3278088800.0
2026-08-07,76.7,77.74,79.17,76.19,42957600.0,0.057699999999999994,3342084400.0
2026-08-10,78.98,78.65,79.65,76.85,34007900.0,0.045700000000000005,2657177400.0
2026-08-11,77.3,76.52,79.0,76.22,27916200.0,0.0375,2161364800.0
2026-08-12,77.01,77.58,78.5,76.33,24912100.0,0.0335,1934337800.0
2026-08-13,78.99,74.92,78.99,74.8,31564200.0,0.0424,2439208500.0
2026-08-14,76.02,76.14,76.85,74.75,20147300.0,0.0271,1528131300.0
2026-08-17,76.43,81.3,82.3,76.18,42358600.0,0.056900000000000006,3389763200.0
2026-08-18,81.62,81.48,82.99,79.85,31010800.0,0.0417,2523423000.0
2026-08-19,78.13,74.54,80.4,74.0,38361100.0,0.051500000000000004,2948278500.0
2026-08-20,75.6,74.46,75.98,72.6,24799200.0,0.0333,1843494800.0
2026-08-21,74.0,73.84,75.3,73.0,18820300.0,0.0253,1394117500.0
2026-08-24,73.96,73.62,74.39,71.6,27997000.0,0.037599999999999995,2044657300.0
2026-08-25,72.69,72.19,72.75,69.36,24361400.0,0.0327,1735258000.0
2026-08-26,72.2,72.19,73.17,70.74,19779400.0,0.026600000000000002,1427309100.0
2026-08-27,73.0,75.0,75.46,72.07,27890300.0,0.0375,2070802400.0
2026-08-28,74.2,72.5,75.68,72.5,24051100.0,0.0323,1778721000.0
2026-08-31,71.89,72.72,73.79,69.62,28392400.0,0.0381,2035357100.0
2026-09-01,72.96,69.37,73.67,69.21,21081500.0,0.028300000000000002,1482109100.0
2026-09-02,67.82,68.73,69.66,67.5,14889800.0,0.02,1023648100.0
2026-09-03,69.37,68.51,70.0,67.6,14880300.0,0.02,1017701100.0
2026-09-04,69.01,66.2,70.15,65.54,22461800.0,0.0302,1515898900.0000002
2026-09-07,67.39,68.45,69.45,66.82,21475100.0,0.0288,1465486000.0
2026-09-08,68.82,67.55,69.35,67.08,18201900.0,0.0245,1238769400.0
2026-09-09,68.25,67.72,69.24,67.17,14849300.0,0.0199,1010003800.0
2026-09-10,67.5,67.32,68.45,66.31,11471800.0,0.0154,774902400.0
2026-09-11,66.36,66.64,67.12,64.56,16220000.0,0.0218,1069399900.0
2026-09-14,65.57,66.94,67.65,64.64,13254600.0,0.0178,880067000.0
2026-09-15,66.45,68.02,69.38,66.44,18982500.0,0.0255,1292490000.0
2026-09-16,68.33,70.39,70.76,67.67,28670700.0,0.0385,1997702600.0
2026-09-17,70.51,71.15,71.82,69.94,25938100.0,0.0348,1839312400.0
2026-09-18,72.48,72.58,73.28,70.39,30053700.0,0.0404,2163790500.0
2026-09-21,73.65,72.11,73.93,71.7,20155100.0,0.0271,1463835799.9999998
2026-09-22,73.16,71.07,73.44,70.85,20250100.0,0.027200000000000002,1462604100.0
2026-09-23,71.8,71.13,72.18,70.82,12426700.0,0.0167,886216400.0
2026-09-24,70.32,70.11,71.02,69.53,13367400.0,0.018000000000000002,939543700.0
2026-09-28,70.38,67.5,71.1,67.1,19200900.0,0.0258,1315933400.0
